compound_id,method_id,rt_min,rsd_source,retention_factor_source,source_file,source_row
1,M01,1.27,0.0079,0,Dataset 01.xlsx,2
1,M02,0.92,0.0232,0,Dataset 02.xlsx,2
1,M03,1.36,0.003,0,Dataset 03.xlsx,2
1,M04,1.38,0.019,0,Dataset 04.xlsx,2
1,M05,1.31,0,0,Dataset 05.xlsx,2
1,M06,1.4,0,0,Dataset 06.xlsx,2
1,M07,1.37,0.0103,0,Dataset 07.xlsx,2
1,M08,0.91,0.0072,0,Dataset 08.xlsx,2
1,M09,0.93,0.0188,0,Dataset 09.xlsx,2
1,M10,1.35,0.0035,0,Dataset 10.xlsx,2
1,M11,1.33,0.0053,0,Dataset 11.xlsx,2
1,M12,0.94,0.0061,0,Dataset 12.xlsx,2
1,M13,1.27,0.0063,0,Dataset 13.xlsx,2
1,M14,0.75,0.0075,0,Dataset 14.xlsx,2
1,M15,1.6,0.0221,0,Dataset 15.xlsx,2
1,M16,1.25,0.0095,0,Dataset 16.xlsx,2
1,M17,0.92,0.0107,0,Dataset 17.xlsx,2
1,M18,1.44,0.0246,0,Dataset 18.xlsx,2
1,M19,1.37,0.0042,0,Dataset 19.xlsx,2
1,M20,0.63,0.0194,0,Dataset 20.xlsx,2
1,M21,1.41,0.005,0,Dataset 21.xlsx,2
1,M22,1.21,0.0043,0,Dataset 22.xlsx,2
1,M23,0.75,0.0094,0,Dataset 23.xlsx,2
1,M24,1.56,0.0194,0,Dataset 24.xlsx,2
1,M25,1.3,0.0068,0,Dataset 25.xlsx,2
1,M26,0.78,0.0059,0,Dataset 26.xlsx,2
1,M27,1.29,0.0152,0,Dataset 27.xlsx,2
1,M28,0.78,0.0106,0,Dataset 28.xlsx,2
1,M29,1.67,0.0197,0,Dataset 29.xlsx,2
1,M30,1.35,0.0197,0,Dataset 30.xlsx,2
2,M01,1.41,0.005,0.11,Dataset 01.xlsx,3
2,M02,1.03,0.0049,0.13,Dataset 02.xlsx,3
2,M03,1.57,0.0096,0.15,Dataset 03.xlsx,3
2,M04,1.44,0.0057,0.04,Dataset 04.xlsx,3
2,M05,1.32,0.0107,0.01,Dataset 05.xlsx,3
2,M06,1.66,0.0185,0.19,Dataset 06.xlsx,3
2,M07,1.58,0.0045,0.15,Dataset 07.xlsx,3
2,M08,1.05,0.0065,0.15,Dataset 08.xlsx,3
2,M09,0.98,0,0.05,Dataset 09.xlsx,3
2,M10,1.55,0.0112,0.15,Dataset 10.xlsx,3
2,M11,1.6,0,0.2,Dataset 11.xlsx,3
2,M12,1.13,0.0072,0.2,Dataset 12.xlsx,3
2,M13,1.45,0,0.14,Dataset 13.xlsx,3
2,M14,0.82,0.026,0.09,Dataset 14.xlsx,3
2,M15,2.01,0,0.26,Dataset 15.xlsx,3
2,M16,1.43,0.0036,0.14,Dataset 16.xlsx,3
2,M17,0.96,0.0215,0.04,Dataset 17.xlsx,3
2,M18,1.63,0,0.13,Dataset 18.xlsx,3
2,M19,1.55,0.0134,0.14,Dataset 19.xlsx,3
2,M20,0.87,0,0.39,Dataset 20.xlsx,3
2,M21,1.63,0.0087,0.16,Dataset 21.xlsx,3
2,M22,1.62,0.0123,0.34,Dataset 22.xlsx,3
2,M23,0.85,0,0.13,Dataset 23.xlsx,3
2,M24,2.13,0,0.37,Dataset 24.xlsx,3
2,M25,1.44,0.011,0.11,Dataset 25.xlsx,3
2,M26,0.85,0.0206,0.09,Dataset 26.xlsx,3
2,M27,1.46,0,0.13,Dataset 27.xlsx,3
2,M28,0.83,0.0199,0.06,Dataset 28.xlsx,3
2,M29,2.17,0.0033,0.3,Dataset 29.xlsx,3
2,M30,1.34,0.0049,0,Dataset 30.xlsx,3
3,M01,1.4,0.0143,0.1,Dataset 01.xlsx,4
3,M02,0.9,0.0106,0,Dataset 02.xlsx,4
3,M03,1.4,0.0109,0.03,Dataset 03.xlsx,4
3,M04,1.43,0.0107,0.03,Dataset 04.xlsx,4
3,M05,1.35,0,0.03,Dataset 05.xlsx,4
3,M06,1.48,0,0.06,Dataset 06.xlsx,4
3,M07,1.4,0.0051,0.02,Dataset 07.xlsx,4
3,M08,0.95,0.0069,0.04,Dataset 08.xlsx,4
3,M09,0.97,0.0053,0.04,Dataset 09.xlsx,4
3,M10,1.4,0.0125,0.04,Dataset 10.xlsx,4
3,M11,1.44,0.0214,0.08,Dataset 11.xlsx,4
3,M12,0.93,0.0088,0,Dataset 12.xlsx,4
3,M13,1.4,0.0247,0.1,Dataset 13.xlsx,4
3,M14,0.83,0.0095,0.11,Dataset 14.xlsx,4
3,M15,1.7,0.0042,0.06,Dataset 15.xlsx,4
3,M16,1.43,0,0.14,Dataset 16.xlsx,4
3,M17,0.96,0.0103,0.04,Dataset 17.xlsx,4
3,M18,1.43,0.0049,0,Dataset 18.xlsx,4
3,M19,1.41,0.0071,0.03,Dataset 19.xlsx,4
3,M20,0.69,0.0035,0.1,Dataset 20.xlsx,4
3,M21,1.4,0.0101,0,Dataset 21.xlsx,4
3,M22,1.52,0.0049,0.26,Dataset 22.xlsx,4
3,M23,0.85,0.0294,0.13,Dataset 23.xlsx,4
3,M24,1.97,0.0031,0.26,Dataset 24.xlsx,4
3,M25,1.3,0.0129,0,Dataset 25.xlsx,4
3,M26,0.78,0.0084,0,Dataset 26.xlsx,4
3,M27,1.29,0.0216,0,Dataset 27.xlsx,4
3,M28,0.77,0.0214,0,Dataset 28.xlsx,4
3,M29,1.66,0.0043,0,Dataset 29.xlsx,4
3,M30,1.41,0.0226,0.04,Dataset 30.xlsx,4
4,M01,5.06,0.0044,2.98,Dataset 01.xlsx,5
4,M02,6.32,0.0008,5.9,Dataset 02.xlsx,5
4,M03,5.61,0.0009,3.13,Dataset 03.xlsx,5
4,M04,5.29,0.0024,2.82,Dataset 04.xlsx,5
4,M05,5.11,0,2.9,Dataset 05.xlsx,5
4,M06,7.07,0.001,4.05,Dataset 06.xlsx,5
4,M07,7.05,0.002,4.15,Dataset 07.xlsx,5
4,M08,8.27,0.0008,8.08,Dataset 08.xlsx,5
4,M09,7.05,0.0039,6.56,Dataset 09.xlsx,5
4,M10,10.19,0.0006,6.55,Dataset 10.xlsx,5
4,M11,9.08,0.0008,5.85,Dataset 11.xlsx,5
4,M12,9.36,0.0021,8.94,Dataset 12.xlsx,5
4,M13,10.46,0.0008,7.24,Dataset 13.xlsx,5
4,M14,7.3,0.002,8.73,Dataset 14.xlsx,5
4,M15,10.88,0.0007,5.8,Dataset 15.xlsx,5
4,M16,15.77,0.0011,11.62,Dataset 16.xlsx,5
4,M17,3.5,0.0048,2.8,Dataset 17.xlsx,5
4,M18,5.76,0.0012,3,Dataset 18.xlsx,5
4,M19,4.89,0.0012,2.58,Dataset 19.xlsx,5
4,M20,5.68,0.0004,8.09,Dataset 20.xlsx,5
4,M21,4.88,0.0044,2.46,Dataset 21.xlsx,5
4,M22,8.49,0.0016,6.02,Dataset 22.xlsx,5
4,M23,6.48,0.0044,7.64,Dataset 23.xlsx,5
4,M24,8.68,0.0007,4.56,Dataset 24.xlsx,5
4,M25,9.4,0.0027,6.23,Dataset 25.xlsx,5
4,M26,7.2,0.0016,8.23,Dataset 26.xlsx,5
4,M27,9.08,0.0017,6.04,Dataset 27.xlsx,5
4,M28,7.31,0.0034,8.37,Dataset 28.xlsx,5
4,M29,9.04,0.0008,4.41,Dataset 29.xlsx,5
4,M30,5.55,0.0037,3.11,Dataset 30.xlsx,5
5,M01,1.85,0.0108,0.46,Dataset 01.xlsx,6
5,M02,1.48,0.0034,0.62,Dataset 02.xlsx,6
5,M03,2.03,0.0075,0.49,Dataset 03.xlsx,6
5,M04,1.62,0.0162,0.17,Dataset 04.xlsx,6
5,M05,1.78,0.004,0.36,Dataset 05.xlsx,6
5,M06,2.07,0.0034,0.48,Dataset 06.xlsx,6
5,M07,1.99,0.0107,0.45,Dataset 07.xlsx,6
5,M08,1.37,0.0048,0.51,Dataset 08.xlsx,6
5,M09,1.24,0.0074,0.33,Dataset 09.xlsx,6
5,M10,1.97,0.0089,0.46,Dataset 10.xlsx,6
5,M11,1.76,0.004,0.33,Dataset 11.xlsx,6
5,M12,1.43,0.0151,0.52,Dataset 12.xlsx,6
5,M13,2.02,0.0039,0.59,Dataset 13.xlsx,6
5,M14,1.12,0.0056,0.49,Dataset 14.xlsx,6
5,M15,2.59,0,0.62,Dataset 15.xlsx,6
5,M16,2.03,0.0078,0.62,Dataset 16.xlsx,6
5,M17,1.21,0.014,0.32,Dataset 17.xlsx,6
5,M18,1.81,0,0.26,Dataset 18.xlsx,6
5,M19,2.13,0.0155,0.56,Dataset 19.xlsx,6
5,M20,1.35,0,1.16,Dataset 20.xlsx,6
5,M21,2,0.0176,0.42,Dataset 21.xlsx,6
5,M22,1.96,0.003,0.62,Dataset 22.xlsx,6
5,M23,1.17,0.0227,0.56,Dataset 23.xlsx,6
5,M24,2.38,0,0.53,Dataset 24.xlsx,6
5,M25,2.11,0.0176,0.62,Dataset 25.xlsx,6
5,M26,1.01,0.0043,0.29,Dataset 26.xlsx,6
5,M27,2.17,0.013,0.68,Dataset 27.xlsx,6
5,M28,0.96,0.034,0.23,Dataset 28.xlsx,6
5,M29,2.58,0.0082,0.54,Dataset 29.xlsx,6
5,M30,1.78,0.0065,0.32,Dataset 30.xlsx,6
6,M01,1.36,0.0043,0.07,Dataset 01.xlsx,7
6,M02,0.92,0.0074,0,Dataset 02.xlsx,7
6,M03,1.36,0.0066,0,Dataset 03.xlsx,7
6,M04,1.38,0.0105,0,Dataset 04.xlsx,7
6,M05,1.33,0.0227,0.01,Dataset 05.xlsx,7
6,M06,1.42,0,0.01,Dataset 06.xlsx,7
6,M07,1.36,0.006,0,Dataset 07.xlsx,7
6,M08,0.93,0.0071,0.02,Dataset 08.xlsx,7
6,M09,0.93,0.0128,0,Dataset 09.xlsx,7
6,M10,1.37,0.0076,0.01,Dataset 10.xlsx,7
6,M11,1.32,0.0114,0,Dataset 11.xlsx,7
6,M12,0.92,0.0085,0,Dataset 12.xlsx,7
6,M13,1.38,0.0122,0.09,Dataset 13.xlsx,7
6,M14,0.8,0.0099,0.07,Dataset 14.xlsx,7
6,M15,1.78,0.0079,0.11,Dataset 15.xlsx,7
6,M16,1.39,0.0057,0.11,Dataset 16.xlsx,7
6,M17,0.9,0.011,0,Dataset 17.xlsx,7
6,M18,1.48,0.0096,0.02,Dataset 18.xlsx,7
6,M19,1.38,0.0042,0.01,Dataset 19.xlsx,7
6,M20,0.65,0.0075,0.03,Dataset 20.xlsx,7
6,M21,1.46,0.0097,0.03,Dataset 21.xlsx,7
6,M22,1.27,0.0058,0.05,Dataset 22.xlsx,7
6,M23,0.81,0.0539,0.08,Dataset 23.xlsx,7
6,M24,1.58,0.0077,0.01,Dataset 24.xlsx,7
6,M25,1.52,0.0099,0.17,Dataset 25.xlsx,7
6,M26,0.87,0.0075,0.12,Dataset 26.xlsx,7
6,M27,1.53,0,0.19,Dataset 27.xlsx,7
6,M28,0.84,0.0196,0.08,Dataset 28.xlsx,7
6,M29,2.49,0.0057,0.49,Dataset 29.xlsx,7
6,M30,1.44,0.0097,0.07,Dataset 30.xlsx,7
7,M01,1.37,0.0158,0.08,Dataset 01.xlsx,8
7,M02,0.92,0.0054,0.01,Dataset 02.xlsx,8
7,M03,1.38,0.0071,0.02,Dataset 03.xlsx,8
7,M04,1.4,0.0109,0.01,Dataset 04.xlsx,8
7,M05,1.31,0,0,Dataset 05.xlsx,8
7,M06,1.43,0.0099,0.02,Dataset 06.xlsx,8
7,M07,1.37,0.0052,0,Dataset 07.xlsx,8
7,M08,0.93,0.0072,0.02,Dataset 08.xlsx,8
7,M09,0.94,0.0055,0,Dataset 09.xlsx,8
7,M10,1.38,0.0082,0.02,Dataset 10.xlsx,8
7,M11,1.32,0,0,Dataset 11.xlsx,8
7,M12,0.93,0.005,0,Dataset 12.xlsx,8
7,M13,1.38,0,0.09,Dataset 13.xlsx,8
7,M14,0.8,0.0121,0.07,Dataset 14.xlsx,8
7,M15,1.79,0,0.12,Dataset 15.xlsx,8
7,M16,1.39,0.0047,0.11,Dataset 16.xlsx,8
7,M17,0.93,0.0259,0.01,Dataset 17.xlsx,8
7,M18,1.48,0,0.02,Dataset 18.xlsx,8
7,M19,1.38,0.0042,0.01,Dataset 19.xlsx,8
7,M20,0.64,0,0.02,Dataset 20.xlsx,8
7,M21,1.46,0.0048,0.04,Dataset 21.xlsx,8
7,M22,1.27,0.0071,0.05,Dataset 22.xlsx,8
7,M23,0.8,0.0313,0.06,Dataset 23.xlsx,8
7,M24,1.63,0,0.04,Dataset 24.xlsx,8
7,M25,1.47,0.0054,0.13,Dataset 25.xlsx,8
7,M26,0.84,0.0095,0.08,Dataset 26.xlsx,8
7,M27,1.48,0.0048,0.14,Dataset 27.xlsx,8
7,M28,0.84,0.0098,0.08,Dataset 28.xlsx,8
7,M29,2.56,0.0045,0.53,Dataset 29.xlsx,8
7,M30,1.79,0.0052,0.32,Dataset 30.xlsx,8
8,M01,6.18,0.0032,3.87,Dataset 01.xlsx,9
8,M02,8.18,0,7.94,Dataset 02.xlsx,9
8,M03,7.53,0.0011,4.54,Dataset 03.xlsx,9
8,M04,6.85,0.0012,3.95,Dataset 04.xlsx,9
8,M05,6.63,0.0011,4.06,Dataset 05.xlsx,9
8,M06,9.24,0.0008,5.6,Dataset 06.xlsx,9
8,M07,9.79,0,6.15,Dataset 07.xlsx,9
8,M08,13.13,0.0005,13.42,Dataset 08.xlsx,9
8,M09,11.77,0.0014,11.62,Dataset 09.xlsx,9
8,M10,15.1,0.0006,10.19,Dataset 10.xlsx,9
8,M11,13.68,0.0005,9.32,Dataset 11.xlsx,9
8,M12,16.87,0.0013,16.91,Dataset 12.xlsx,9
8,M13,16,0.0005,11.6,Dataset 13.xlsx,9
8,M14,12.63,0.0017,15.84,Dataset 14.xlsx,9
8,M15,16.74,0.0021,9.46,Dataset 15.xlsx,9
8,M16,32.21,0.0003,24.77,Dataset 16.xlsx,9
8,M17,5.37,0.0031,4.83,Dataset 17.xlsx,9
8,M18,7.44,0.0048,4.17,Dataset 18.xlsx,9
8,M19,6.26,0,3.59,Dataset 19.xlsx,9
8,M20,7.91,0.0015,11.65,Dataset 20.xlsx,9
8,M21,6.07,0.0012,3.3,Dataset 21.xlsx,9
8,M22,12.46,0.0016,9.3,Dataset 22.xlsx,9
8,M23,10.15,0.0007,12.53,Dataset 23.xlsx,9
8,M24,13.01,0.0023,7.34,Dataset 24.xlsx,9
8,M25,11.99,0.0007,8.22,Dataset 25.xlsx,9
8,M26,10.21,0.0017,12.09,Dataset 26.xlsx,9
8,M27,12.15,0.0017,8.41,Dataset 27.xlsx,9
8,M28,9.88,0.0008,11.67,Dataset 28.xlsx,9
8,M29,12.38,0.0006,6.41,Dataset 29.xlsx,9
8,M30,7.55,0.0094,4.59,Dataset 30.xlsx,9
9,M01,4.05,0.0052,2.19,Dataset 01.xlsx,10
9,M02,4.38,0.0058,3.79,Dataset 02.xlsx,10
9,M03,4.52,0.0013,2.33,Dataset 03.xlsx,10
9,M04,4.21,0.0012,2.05,Dataset 04.xlsx,10
9,M05,3.93,0.0018,2,Dataset 05.xlsx,10
9,M06,5.73,0.0025,3.09,Dataset 06.xlsx,10
9,M07,5.03,0.0186,2.67,Dataset 07.xlsx,10
9,M08,4.49,0.0015,3.93,Dataset 08.xlsx,10
9,M09,3.4,0.0065,2.64,Dataset 09.xlsx,10
9,M10,6.2,0.0011,3.59,Dataset 10.xlsx,10
9,M11,4.6,0.011,2.47,Dataset 11.xlsx,10
9,M12,4.44,0.0011,3.71,Dataset 12.xlsx,10
9,M13,5.97,0.0095,3.7,Dataset 13.xlsx,10
9,M14,3.58,0.0119,3.77,Dataset 14.xlsx,10
9,M15,6.45,0.0011,3.03,Dataset 15.xlsx,10
9,M16,6.89,0.0021,4.51,Dataset 16.xlsx,10
9,M17,2.33,0.0103,1.53,Dataset 17.xlsx,10
9,M18,4.86,0.0015,2.37,Dataset 18.xlsx,10
9,M19,4.37,0.0032,2.2,Dataset 19.xlsx,10
9,M20,4.38,0.0006,6.01,Dataset 20.xlsx,10
9,M21,4.43,0.0016,2.14,Dataset 21.xlsx,10
9,M22,6.05,0.0066,4,Dataset 22.xlsx,10
9,M23,3.5,0.006,3.66,Dataset 23.xlsx,10
9,M24,6.49,0.0009,3.16,Dataset 24.xlsx,10
9,M25,6.49,0.0015,3.99,Dataset 25.xlsx,10
9,M26,4.54,0.0077,4.82,Dataset 26.xlsx,10
9,M27,6.93,0.002,4.37,Dataset 27.xlsx,10
9,M28,5.16,0.0016,5.62,Dataset 28.xlsx,10
9,M29,6.93,0.001,3.15,Dataset 29.xlsx,10
9,M30,4.53,0.0062,2.35,Dataset 30.xlsx,10
10,M01,1.36,0.0221,0.07,Dataset 01.xlsx,11
10,M02,0.87,0.0057,0,Dataset 02.xlsx,11
10,M03,1.32,0.008,0,Dataset 03.xlsx,11
10,M04,1.38,0.0036,0,Dataset 04.xlsx,11
10,M05,1.29,0,0,Dataset 05.xlsx,11
10,M06,1.38,0.0051,0,Dataset 06.xlsx,11
10,M07,1.3,0.0259,0,Dataset 07.xlsx,11
10,M08,0.87,0.0076,0,Dataset 08.xlsx,11
10,M09,0.92,0.005,0,Dataset 09.xlsx,11
10,M10,1.31,0.0092,0,Dataset 10.xlsx,11
10,M11,1.29,0,0,Dataset 11.xlsx,11
10,M12,0.87,0.0058,0,Dataset 12.xlsx,11
10,M13,1.38,0,0.09,Dataset 13.xlsx,11
10,M14,0.78,0.0081,0.04,Dataset 14.xlsx,11
10,M15,1.78,0.0119,0.11,Dataset 15.xlsx,11
10,M16,1.39,0.0251,0.11,Dataset 16.xlsx,11
10,M17,0.89,0.0191,0,Dataset 17.xlsx,11
10,M18,1.45,0.0146,0.01,Dataset 18.xlsx,11
10,M19,1.34,0.0097,0,Dataset 19.xlsx,11
10,M20,0.59,0.0123,0,Dataset 20.xlsx,11
10,M21,1.41,0.0151,0,Dataset 21.xlsx,11
10,M22,1.25,0.0047,0.03,Dataset 22.xlsx,11
10,M23,0.88,0.0081,0.17,Dataset 23.xlsx,11
10,M24,1.58,0.0115,0.01,Dataset 24.xlsx,11
10,M25,1.32,0.0145,0.02,Dataset 25.xlsx,11
10,M26,0.87,0.0059,0.12,Dataset 26.xlsx,11
10,M27,1.36,0.0049,0.05,Dataset 27.xlsx,11
10,M28,0.85,0.0291,0.09,Dataset 28.xlsx,11
10,M29,2.51,0.0085,0.5,Dataset 29.xlsx,11
10,M30,1.45,0.0028,0.07,Dataset 30.xlsx,11
11,M01,2.6,0.0054,1.05,Dataset 01.xlsx,12
11,M02,1.95,0.0145,1.13,Dataset 02.xlsx,12
11,M03,2.88,0.0041,1.12,Dataset 03.xlsx,12
11,M04,2.42,0.0034,0.75,Dataset 04.xlsx,12
11,M05,2.32,0.0031,0.77,Dataset 05.xlsx,12
11,M06,3.19,0.0044,1.28,Dataset 06.xlsx,12
11,M07,2.86,0.0025,1.08,Dataset 07.xlsx,12
11,M08,1.96,0.0034,1.15,Dataset 08.xlsx,12
11,M09,1.64,0.014,0.76,Dataset 09.xlsx,12
11,M10,2.85,0.0047,1.11,Dataset 10.xlsx,12
11,M11,2.4,0.0089,0.81,Dataset 11.xlsx,12
11,M12,1.96,0,1.08,Dataset 12.xlsx,12
11,M13,3.22,0.0074,1.54,Dataset 13.xlsx,12
11,M14,1.72,0,1.29,Dataset 14.xlsx,12
11,M15,3.93,0.0018,1.45,Dataset 15.xlsx,12
11,M16,3.19,0.0072,1.55,Dataset 16.xlsx,12
11,M17,1.48,0.0163,0.6,Dataset 17.xlsx,12
11,M18,4.09,0.0017,1.84,Dataset 18.xlsx,12
11,M19,2.75,0.0063,1.01,Dataset 19.xlsx,12
11,M20,2.06,0.0012,2.3,Dataset 20.xlsx,12
11,M21,3.71,0.0019,1.63,Dataset 21.xlsx,12
11,M22,2.95,0,1.44,Dataset 22.xlsx,12
11,M23,1.61,0.0044,1.14,Dataset 23.xlsx,12
11,M24,4.12,0.0015,1.64,Dataset 24.xlsx,12
11,M25,4.12,0.0026,2.17,Dataset 25.xlsx,12
11,M26,2.17,0,1.78,Dataset 26.xlsx,12
11,M27,4.33,0,2.36,Dataset 27.xlsx,12
11,M28,2.32,0.0036,1.97,Dataset 28.xlsx,12
11,M29,5.26,0.004,2.15,Dataset 29.xlsx,12
11,M30,2.89,0.0041,1.14,Dataset 30.xlsx,12
12,M01,3.73,0.0076,1.94,Dataset 01.xlsx,13
12,M02,3.19,0.0018,2.48,Dataset 02.xlsx,13
12,M03,4.13,0.0036,2.04,Dataset 03.xlsx,13
12,M04,3.31,0.0053,1.4,Dataset 04.xlsx,13
12,M05,3.05,0.0016,1.33,Dataset 05.xlsx,13
12,M06,5.25,0.0013,2.75,Dataset 06.xlsx,13
12,M07,4.34,0,2.16,Dataset 07.xlsx,13
12,M08,3.2,0.0021,2.52,Dataset 08.xlsx,13
12,M09,2.27,0.0102,1.43,Dataset 09.xlsx,13
12,M10,4.62,0.0037,2.42,Dataset 10.xlsx,13
12,M11,3.4,0.007,1.56,Dataset 11.xlsx,13
12,M12,3.21,0.0088,2.4,Dataset 12.xlsx,13
12,M13,4.85,0.0055,2.82,Dataset 13.xlsx,13
12,M14,2.66,0.0042,2.55,Dataset 14.xlsx,13
12,M15,5.46,0.0039,2.41,Dataset 15.xlsx,13
12,M16,5.09,0.0045,3.07,Dataset 16.xlsx,13
12,M17,1.82,0.0093,0.97,Dataset 17.xlsx,13
12,M18,4.55,0.0047,2.16,Dataset 18.xlsx,13
12,M19,4.18,0.003,2.06,Dataset 19.xlsx,13
12,M20,4.9,0.0015,6.84,Dataset 20.xlsx,13
12,M21,4.37,0.0065,2.1,Dataset 21.xlsx,13
12,M22,5.85,0.0018,3.83,Dataset 22.xlsx,13
12,M23,3.2,0.0044,3.27,Dataset 23.xlsx,13
12,M24,6.39,0.0028,3.1,Dataset 24.xlsx,13
12,M25,5.63,0.0052,3.33,Dataset 25.xlsx,13
12,M26,3.68,0.0025,3.72,Dataset 26.xlsx,13
12,M27,6.23,0,3.83,Dataset 27.xlsx,13
12,M28,4.18,0.0079,4.36,Dataset 28.xlsx,13
12,M29,6.37,0.0011,2.81,Dataset 29.xlsx,13
12,M30,4.11,0.0081,2.04,Dataset 30.xlsx,13
13,M01,1.27,0,0,Dataset 01.xlsx,14
13,M02,0.91,0.0105,0,Dataset 02.xlsx,14
13,M03,1.4,0.0039,0.03,Dataset 03.xlsx,14
13,M04,1.33,0.0044,0,Dataset 04.xlsx,14
13,M05,1.44,0.0196,0.1,Dataset 05.xlsx,14
13,M06,1.42,0.01,0.01,Dataset 06.xlsx,14
13,M07,1.37,0.0052,0,Dataset 07.xlsx,14
13,M08,0.91,0.0073,0,Dataset 08.xlsx,14
13,M09,0.9,0.0073,0,Dataset 09.xlsx,14
13,M10,1.35,0.0047,0,Dataset 10.xlsx,14
13,M11,1.32,0.0098,0,Dataset 11.xlsx,14
13,M12,0.85,0.0059,0,Dataset 12.xlsx,14
13,M13,1.27,0.0114,0,Dataset 13.xlsx,14
13,M14,0.75,0.0256,0,Dataset 14.xlsx,14
13,M15,1.68,0.0211,0.05,Dataset 15.xlsx,14
13,M16,1.25,0.014,0,Dataset 16.xlsx,14
13,M17,0.9,0.0266,0,Dataset 17.xlsx,14
13,M18,1.45,0.0244,0.01,Dataset 18.xlsx,14
13,M19,1.28,0.0075,0,Dataset 19.xlsx,14
13,M20,0.65,0.0186,0.04,Dataset 20.xlsx,14
13,M21,1.43,0.0049,0.01,Dataset 21.xlsx,14
13,M22,1.21,0.0148,0,Dataset 22.xlsx,14
13,M23,0.77,0.0169,0.02,Dataset 23.xlsx,14
13,M24,1.56,0.0194,0,Dataset 24.xlsx,14
13,M25,1.3,0.0068,0,Dataset 25.xlsx,14
13,M26,0.78,0.0203,0,Dataset 26.xlsx,14
13,M27,1.29,0.0219,0,Dataset 27.xlsx,14
13,M28,0.77,0.0107,0,Dataset 28.xlsx,14
13,M29,1.64,0.0172,0,Dataset 29.xlsx,14
13,M30,1.43,0.0039,0.06,Dataset 30.xlsx,14
14,M01,4.07,0.0028,2.2,Dataset 01.xlsx,15
14,M02,4.8,0.0046,4.25,Dataset 02.xlsx,15
14,M03,4.55,0.0027,2.35,Dataset 03.xlsx,15
14,M04,4.19,0.0023,2.03,Dataset 04.xlsx,15
14,M05,3.9,0.0018,1.97,Dataset 05.xlsx,15
14,M06,5.81,0.0012,3.15,Dataset 06.xlsx,15
14,M07,5.21,0.0041,2.8,Dataset 07.xlsx,15
14,M08,5.4,0.0012,4.93,Dataset 08.xlsx,15
14,M09,3.64,0.006,2.9,Dataset 09.xlsx,15
14,M10,6.89,0.002,4.1,Dataset 10.xlsx,15
14,M11,5.14,0.0028,2.88,Dataset 11.xlsx,15
14,M12,5.62,0.005,4.97,Dataset 12.xlsx,15
14,M13,6.56,0.0024,4.17,Dataset 13.xlsx,15
14,M14,4.31,0.004,4.75,Dataset 14.xlsx,15
14,M15,6.68,0.0011,3.17,Dataset 15.xlsx,15
14,M16,8.32,0.0026,5.66,Dataset 16.xlsx,15
14,M17,2.17,0.0078,1.36,Dataset 17.xlsx,15
14,M18,4.82,0.0015,2.34,Dataset 18.xlsx,15
14,M19,4.44,0.0029,2.26,Dataset 19.xlsx,15
14,M20,4.88,0.0005,6.8,Dataset 20.xlsx,15
14,M21,4.51,0.0031,2.2,Dataset 21.xlsx,15
14,M22,6.96,0.0023,4.75,Dataset 22.xlsx,15
14,M23,5.03,0.0014,5.7,Dataset 23.xlsx,15
14,M24,7.08,0.0009,3.54,Dataset 24.xlsx,15
14,M25,6.86,0.0024,4.28,Dataset 25.xlsx,15
14,M26,5.19,0.0027,5.65,Dataset 26.xlsx,15
14,M27,7.14,0.0008,4.54,Dataset 27.xlsx,15
14,M28,5.76,0.0029,6.38,Dataset 28.xlsx,15
14,M29,6.92,0.001,3.14,Dataset 29.xlsx,15
14,M30,4.56,0.0046,2.37,Dataset 30.xlsx,15
15,M01,1.9,0.0169,0.5,Dataset 01.xlsx,16
15,M02,1.75,0.0127,0.91,Dataset 02.xlsx,16
15,M03,2.14,0.0026,0.58,Dataset 03.xlsx,16
15,M04,1.75,0.0101,0.27,Dataset 04.xlsx,16
15,M05,1.85,0.0153,0.41,Dataset 05.xlsx,16
15,M06,2.32,0.0061,0.66,Dataset 06.xlsx,16
15,M07,2.13,0.0033,0.55,Dataset 07.xlsx,16
15,M08,1.55,0.0043,0.7,Dataset 08.xlsx,16
15,M09,1.22,0.013,0.31,Dataset 09.xlsx,16
15,M10,2.01,0.0031,0.49,Dataset 10.xlsx,16
15,M11,1.81,0.0131,0.36,Dataset 11.xlsx,16
15,M12,1.67,0.0035,0.77,Dataset 12.xlsx,16
15,M13,2.26,0.0118,0.78,Dataset 13.xlsx,16
15,M14,1.29,0.0216,0.72,Dataset 14.xlsx,16
15,M15,2.81,0.0025,0.75,Dataset 15.xlsx,16
15,M16,2.24,0.0063,0.79,Dataset 16.xlsx,16
15,M17,1.34,0.0179,0.46,Dataset 17.xlsx,16
15,M18,1.83,0.0039,0.27,Dataset 18.xlsx,16
15,M19,2.24,0.018,0.64,Dataset 19.xlsx,16
15,M20,1.43,0.0017,1.29,Dataset 20.xlsx,16
15,M21,1.54,0.0138,0.09,Dataset 21.xlsx,16
15,M22,1.96,0.0132,0.62,Dataset 22.xlsx,16
15,M23,0.88,0.0169,0.17,Dataset 23.xlsx,16
15,M24,2.41,0.0025,0.54,Dataset 24.xlsx,16
15,M25,4.22,0.0057,2.25,Dataset 25.xlsx,16
15,M26,2.32,0.0099,1.97,Dataset 26.xlsx,16
15,M27,4.87,0.0044,2.77,Dataset 27.xlsx,16
15,M28,2.59,0.0095,2.32,Dataset 28.xlsx,16
15,M29,5.42,0.0013,2.24,Dataset 29.xlsx,16
15,M30,2.98,0.0015,1.21,Dataset 30.xlsx,16
16,M01,4.92,0.0014,2.87,Dataset 01.xlsx,17
16,M02,6.27,0.0008,5.85,Dataset 02.xlsx,17
16,M03,5.49,0.0007,3.04,Dataset 03.xlsx,17
16,M04,5.24,0.001,2.79,Dataset 04.xlsx,17
16,M05,5.12,0,2.91,Dataset 05.xlsx,17
16,M06,6.95,0,3.96,Dataset 06.xlsx,17
16,M07,6.92,0.001,4.05,Dataset 07.xlsx,17
16,M08,8.38,0.0008,8.2,Dataset 08.xlsx,17
16,M09,7.44,0.0021,6.98,Dataset 09.xlsx,17
16,M10,10.19,0.0005,6.54,Dataset 10.xlsx,17
16,M11,9.36,0.0005,6.06,Dataset 11.xlsx,17
16,M12,9.7,0.0028,9.3,Dataset 12.xlsx,17
16,M13,10.44,0.0005,7.22,Dataset 13.xlsx,17
16,M14,7.63,0.0036,9.17,Dataset 14.xlsx,17
16,M15,10.7,0.0007,5.68,Dataset 15.xlsx,17
16,M16,17.04,0.0006,12.63,Dataset 16.xlsx,17
16,M17,3.58,0.0027,2.89,Dataset 17.xlsx,17
16,M18,5.71,0.0012,2.97,Dataset 18.xlsx,17
16,M19,5.07,0.0011,2.71,Dataset 19.xlsx,17
16,M20,6.2,0.0004,8.92,Dataset 20.xlsx,17
16,M21,5.07,0.0042,2.6,Dataset 21.xlsx,17
16,M22,9.38,0.0028,6.75,Dataset 22.xlsx,17
16,M23,7.4,0.0034,8.86,Dataset 23.xlsx,17
16,M24,9.56,0.0006,5.13,Dataset 24.xlsx,17
16,M25,7.16,0.0031,4.51,Dataset 25.xlsx,17
16,M26,4.9,0.0047,5.28,Dataset 26.xlsx,17
16,M27,7.72,0.0018,4.98,Dataset 27.xlsx,17
16,M28,5.69,0.0043,6.29,Dataset 28.xlsx,17
16,M29,7.79,0.0009,3.66,Dataset 29.xlsx,17
16,M30,4.27,0.0015,2.16,Dataset 30.xlsx,17
17,M01,4.13,0.0034,2.25,Dataset 01.xlsx,18
17,M02,4.55,0.0043,3.97,Dataset 02.xlsx,18
17,M03,4.59,0.0009,2.38,Dataset 03.xlsx,18
17,M04,4.15,0.0029,2,Dataset 04.xlsx,18
17,M05,3.82,0.0019,1.91,Dataset 05.xlsx,18
17,M06,5.84,0.0036,3.17,Dataset 06.xlsx,18
17,M07,5.18,0.0076,2.78,Dataset 07.xlsx,18
17,M08,4.85,0.0014,4.32,Dataset 08.xlsx,18
17,M09,3.27,0.0015,2.5,Dataset 09.xlsx,18
17,M10,6.48,0.0007,3.8,Dataset 10.xlsx,18
17,M11,4.59,0,2.46,Dataset 11.xlsx,18
17,M12,4.81,0.001,4.1,Dataset 12.xlsx,18
17,M13,6.23,0,3.91,Dataset 13.xlsx,18
17,M14,3.78,0.0139,4.04,Dataset 14.xlsx,18
17,M15,6.68,0.0011,3.17,Dataset 15.xlsx,18
17,M16,7.32,0.003,4.86,Dataset 16.xlsx,18
17,M17,2.08,0.015,1.26,Dataset 17.xlsx,18
17,M18,4.76,0.0015,2.3,Dataset 18.xlsx,18
17,M19,4.45,0.0028,2.26,Dataset 19.xlsx,18
17,M20,4.29,0.0006,5.86,Dataset 20.xlsx,18
17,M21,4.35,0.0016,2.08,Dataset 21.xlsx,18
17,M22,5.93,0.0083,3.9,Dataset 22.xlsx,18
17,M23,3.36,0.0126,3.48,Dataset 23.xlsx,18
17,M24,6.38,0.0009,3.09,Dataset 24.xlsx,18
17,M25,6.67,0.0013,4.13,Dataset 25.xlsx,18
17,M26,4.7,0.0092,5.03,Dataset 26.xlsx,18
17,M27,7.09,0.001,4.49,Dataset 27.xlsx,18
17,M28,5.29,0.0016,5.78,Dataset 28.xlsx,18
17,M29,7.06,0.001,3.22,Dataset 29.xlsx,18
17,M30,4.59,0.0042,2.4,Dataset 30.xlsx,18
18,M01,5.92,0.0028,3.66,Dataset 01.xlsx,19
18,M02,7.72,0.0013,7.44,Dataset 02.xlsx,19
18,M03,6.89,0.0007,4.07,Dataset 03.xlsx,19
18,M04,6.43,0.0006,3.65,Dataset 04.xlsx,19
18,M05,6.33,0.0011,3.83,Dataset 05.xlsx,19
18,M06,8.77,0,5.26,Dataset 06.xlsx,19
18,M07,8.98,0.0017,5.55,Dataset 07.xlsx,19
18,M08,12.2,0.0005,12.41,Dataset 08.xlsx,19
18,M09,11.16,0.0015,10.96,Dataset 09.xlsx,19
18,M10,14.08,0.0004,9.43,Dataset 10.xlsx,19
18,M11,13.12,0.0026,8.9,Dataset 11.xlsx,19
18,M12,15.64,0.0004,15.6,Dataset 12.xlsx,19
18,M13,15.35,0.0025,11.09,Dataset 13.xlsx,19
18,M14,12.37,0.0023,15.49,Dataset 14.xlsx,19
18,M15,15.34,0.0009,8.59,Dataset 15.xlsx,19
18,M16,32.02,0,24.62,Dataset 16.xlsx,19
18,M17,5.12,0.0019,4.57,Dataset 17.xlsx,19
18,M18,6.98,0.002,3.84,Dataset 18.xlsx,19
18,M19,5.56,0.0011,3.07,Dataset 19.xlsx,19
18,M20,7.19,0.0007,10.5,Dataset 20.xlsx,19
18,M21,5.49,0.0026,2.89,Dataset 21.xlsx,19
18,M22,11.04,0.0024,8.12,Dataset 22.xlsx,19
18,M23,9.18,0.0011,11.24,Dataset 23.xlsx,19
18,M24,11.21,0.0011,6.19,Dataset 24.xlsx,19
18,M25,11.62,0.0013,7.94,Dataset 25.xlsx,19
18,M26,10,0.0023,11.82,Dataset 26.xlsx,19
18,M27,11.66,0.0018,8.03,Dataset 27.xlsx,19
18,M28,9.59,0.0017,11.29,Dataset 28.xlsx,19
18,M29,11.46,0.0006,5.86,Dataset 29.xlsx,19
18,M30,6.93,0,4.13,Dataset 30.xlsx,19
19,M01,3.36,0.0181,1.65,Dataset 01.xlsx,20
19,M02,2.79,0.0018,2.05,Dataset 02.xlsx,20
19,M03,3.88,0.0014,1.86,Dataset 03.xlsx,20
19,M04,3.15,0.0018,1.27,Dataset 04.xlsx,20
19,M05,2.97,0.0024,1.26,Dataset 05.xlsx,20
19,M06,4.73,0.0015,2.38,Dataset 06.xlsx,20
19,M07,3.95,0.0036,1.88,Dataset 07.xlsx,20
19,M08,2.79,0.0024,2.07,Dataset 08.xlsx,20
19,M09,2.17,0.0199,1.33,Dataset 09.xlsx,20
19,M10,4.01,0.0016,1.97,Dataset 10.xlsx,20
19,M11,3.18,0,1.4,Dataset 11.xlsx,20
19,M12,2.79,0.0029,1.96,Dataset 12.xlsx,20
19,M13,4.47,0,2.52,Dataset 13.xlsx,20
19,M14,2.43,0.0094,2.24,Dataset 14.xlsx,20
19,M15,4.96,0.0023,2.1,Dataset 15.xlsx,20
19,M16,4.61,0.005,2.69,Dataset 16.xlsx,20
19,M17,1.78,0.0095,0.93,Dataset 17.xlsx,20
19,M18,4.5,0.0026,2.13,Dataset 18.xlsx,20
19,M19,3.79,0.0055,1.78,Dataset 19.xlsx,20
19,M20,3.8,0.001,5.07,Dataset 20.xlsx,20
19,M21,4.17,0.0017,1.96,Dataset 21.xlsx,20
19,M22,4.32,0.0049,2.57,Dataset 22.xlsx,20
19,M23,2.19,0.0032,1.91,Dataset 23.xlsx,20
19,M24,5.36,0.0018,2.44,Dataset 24.xlsx,20
19,M25,5.27,0.0018,3.05,Dataset 25.xlsx,20
19,M26,3.39,0.0056,3.35,Dataset 26.xlsx,20
19,M27,5.97,0.0036,3.62,Dataset 27.xlsx,20
19,M28,3.95,0.0021,4.06,Dataset 28.xlsx,20
19,M29,6.06,0,2.63,Dataset 29.xlsx,20
19,M30,3.2,0,1.37,Dataset 30.xlsx,20
20,M01,1.36,0.0236,0.07,Dataset 01.xlsx,21
20,M02,0.93,0.0054,0.01,Dataset 02.xlsx,21
20,M03,1.38,0.0061,0.01,Dataset 03.xlsx,21
20,M04,1.38,0.0069,0,Dataset 04.xlsx,21
20,M05,1.32,0.0107,0.01,Dataset 05.xlsx,21
20,M06,1.44,0.0049,0.03,Dataset 06.xlsx,21
20,M07,1.38,0.0245,0,Dataset 07.xlsx,21
20,M08,0.92,0.0072,0.01,Dataset 08.xlsx,21
20,M09,0.93,0.0377,0,Dataset 09.xlsx,21
20,M10,1.37,0.007,0.01,Dataset 10.xlsx,21
20,M11,1.33,0,0,Dataset 11.xlsx,21
20,M12,0.93,0.0062,0,Dataset 12.xlsx,21
20,M13,1.27,0,0,Dataset 13.xlsx,21
20,M14,0.75,0.0081,0,Dataset 14.xlsx,21
20,M15,1.6,0.0044,0,Dataset 15.xlsx,21
20,M16,1.25,0.0041,0,Dataset 16.xlsx,21
20,M17,0.92,0.0184,0,Dataset 17.xlsx,21
20,M18,1.48,0.0048,0.03,Dataset 18.xlsx,21
20,M19,1.39,0.0059,0.02,Dataset 19.xlsx,21
20,M20,0.68,0.0036,0.08,Dataset 20.xlsx,21
20,M21,1.47,0.0144,0.04,Dataset 21.xlsx,21
20,M22,1.27,0.0045,0.05,Dataset 22.xlsx,21
20,M23,0.77,0.0184,0.03,Dataset 23.xlsx,21
20,M24,1.63,0.0037,0.04,Dataset 24.xlsx,21
20,M25,5.16,0.0068,2.97,Dataset 25.xlsx,21
20,M26,3.17,0.0023,3.06,Dataset 26.xlsx,21
20,M27,5.88,0.005,3.56,Dataset 27.xlsx,21
20,M28,3.83,0.0116,3.91,Dataset 28.xlsx,21
20,M29,4.89,0.007,1.93,Dataset 29.xlsx,21
20,M30,2.44,0.0013,0.81,Dataset 30.xlsx,21
21,M01,7.56,0.0009,4.95,Dataset 01.xlsx,22
21,M02,9.96,0.0006,9.88,Dataset 02.xlsx,22
21,M03,10.42,0.0007,6.67,Dataset 03.xlsx,22
21,M04,9.41,0.0006,5.8,Dataset 04.xlsx,22
21,M05,9.45,0,6.21,Dataset 05.xlsx,22
21,M06,13,0,8.29,Dataset 06.xlsx,22
21,M07,14.14,0,9.32,Dataset 07.xlsx,22
21,M08,18.44,0.0004,19.26,Dataset 08.xlsx,22
21,M09,16.96,0.0005,17.18,Dataset 09.xlsx,22
21,M10,20.28,0.0004,14.02,Dataset 10.xlsx,22
21,M11,19.12,0,13.43,Dataset 11.xlsx,22
21,M12,25.84,0.0005,26.43,Dataset 12.xlsx,22
21,M13,26.01,0,19.48,Dataset 13.xlsx,22
21,M14,21.9,0.0003,28.2,Dataset 14.xlsx,22
21,M15,26.48,0.0011,15.55,Dataset 15.xlsx,22
21,M16,53.73,0.0005,41.98,Dataset 16.xlsx,22
21,M17,7.33,0.0013,6.97,Dataset 17.xlsx,22
21,M18,9.98,0.0028,5.93,Dataset 18.xlsx,22
21,M19,8.69,0.0007,5.36,Dataset 19.xlsx,22
21,M20,10.71,0.0009,16.13,Dataset 20.xlsx,22
21,M21,8,0.0009,4.68,Dataset 21.xlsx,22
21,M22,19.09,0.0003,14.78,Dataset 22.xlsx,22
21,M23,15.69,0.0009,19.92,Dataset 23.xlsx,22
21,M24,19.99,0.0012,11.81,Dataset 24.xlsx,22
21,M25,14.48,0.0005,10.14,Dataset 25.xlsx,22
21,M26,12.99,0.0004,15.65,Dataset 26.xlsx,22
21,M27,16.89,0.0004,12.09,Dataset 27.xlsx,22
21,M28,14.59,0.0006,17.71,Dataset 28.xlsx,22
21,M29,16.97,0.0004,9.16,Dataset 29.xlsx,22
21,M30,10.46,0.0013,6.75,Dataset 30.xlsx,22
22,M01,5.7,0.0025,3.49,Dataset 01.xlsx,23
22,M02,7.35,0.0008,7.03,Dataset 02.xlsx,23
22,M03,6.51,0.0016,3.8,Dataset 03.xlsx,23
22,M04,5.99,0.0017,3.33,Dataset 04.xlsx,23
22,M05,5.93,0,3.53,Dataset 05.xlsx,23
22,M06,8.26,0,4.9,Dataset 06.xlsx,23
22,M07,8.36,0.0025,5.1,Dataset 07.xlsx,23
22,M08,10.96,0.0006,11.04,Dataset 08.xlsx,23
22,M09,9.62,0.0015,9.32,Dataset 09.xlsx,23
22,M10,12.91,0.0009,8.56,Dataset 10.xlsx,23
22,M11,11.8,0.0045,7.91,Dataset 11.xlsx,23
22,M12,13.48,0.0009,13.31,Dataset 12.xlsx,23
22,M13,13.72,0.0043,9.8,Dataset 13.xlsx,23
22,M14,10.53,0.0016,13.04,Dataset 14.xlsx,23
22,M15,14.02,0.0036,7.76,Dataset 15.xlsx,23
22,M16,25.64,0.0004,19.51,Dataset 16.xlsx,23
22,M17,4.57,0.0022,3.97,Dataset 17.xlsx,23
22,M18,6.54,0.0076,3.54,Dataset 18.xlsx,23
22,M19,5.31,0.0019,2.89,Dataset 19.xlsx,23
22,M20,6.65,0.0026,9.63,Dataset 20.xlsx,23
22,M21,5.23,0.0014,2.71,Dataset 21.xlsx,23
22,M22,10.12,0.0016,7.36,Dataset 22.xlsx,23
22,M23,8.2,0.0032,9.93,Dataset 23.xlsx,23
22,M24,10.3,0.0041,5.6,Dataset 24.xlsx,23
22,M25,11.07,0.0007,7.52,Dataset 25.xlsx,23
22,M26,9.19,0.0015,10.78,Dataset 26.xlsx,23
22,M27,10.83,0.0009,7.4,Dataset 27.xlsx,23
22,M28,8.77,0.0009,10.24,Dataset 28.xlsx,23
22,M29,10.8,0,5.47,Dataset 29.xlsx,23
22,M30,6.52,0.0012,3.83,Dataset 30.xlsx,23
23,M01,6.74,0.0021,4.31,Dataset 01.xlsx,24
23,M02,8.97,0.0006,8.8,Dataset 02.xlsx,24
23,M03,8.72,0.0009,5.42,Dataset 03.xlsx,24
23,M04,8.05,0.0007,4.82,Dataset 04.xlsx,24
23,M05,7.99,0,5.1,Dataset 05.xlsx,24
23,M06,10.99,0.0013,6.85,Dataset 06.xlsx,24
23,M07,11.69,0,7.53,Dataset 07.xlsx,24
23,M08,15.81,0.0004,16.37,Dataset 08.xlsx,24
23,M09,14.69,0.0011,14.75,Dataset 09.xlsx,24
23,M10,17.59,0.0005,12.03,Dataset 10.xlsx,24
23,M11,16.76,0.0004,11.65,Dataset 11.xlsx,24
23,M12,21.59,0.0008,21.92,Dataset 12.xlsx,24
23,M13,21.04,0.0004,15.57,Dataset 13.xlsx,24
23,M14,17.33,0.0004,22.11,Dataset 14.xlsx,24
23,M15,21.47,0,12.42,Dataset 15.xlsx,24
23,M16,46.65,0.0003,36.32,Dataset 16.xlsx,24
23,M17,6.41,0.0037,5.96,Dataset 17.xlsx,24
23,M18,8.66,0,5.01,Dataset 18.xlsx,24
23,M19,7.26,0.0008,4.32,Dataset 19.xlsx,24
23,M20,9.53,0,14.24,Dataset 20.xlsx,24
23,M21,7.02,0.001,3.98,Dataset 21.xlsx,24
23,M22,15.98,0.0004,12.21,Dataset 22.xlsx,24
23,M23,13.25,0.0005,16.66,Dataset 23.xlsx,24
23,M24,16.5,0,9.58,Dataset 24.xlsx,24
23,M25,13.2,0.0007,9.15,Dataset 25.xlsx,24
23,M26,11.77,0.0004,14.09,Dataset 26.xlsx,24
23,M27,14.5,0.001,10.24,Dataset 27.xlsx,24
23,M28,12.31,0.0007,14.78,Dataset 28.xlsx,24
23,M29,14.54,0.001,7.71,Dataset 29.xlsx,24
23,M30,8.75,0.0012,5.48,Dataset 30.xlsx,24
24,M25,12.53,0.0018,8.64,Dataset 25.xlsx,25
24,M26,11.11,0.002,13.24,Dataset 26.xlsx,25
24,M27,13.27,0,9.29,Dataset 27.xlsx,25
24,M28,11.26,0.0022,13.44,Dataset 28.xlsx,25
24,M29,13.1,0.0025,6.84,Dataset 29.xlsx,25
24,M30,7.87,0.0097,4.83,Dataset 30.xlsx,25
25,M01,1.27,0.0111,0,Dataset 01.xlsx,25
25,M02,0.9,0.0055,0,Dataset 02.xlsx,25
25,M03,1.35,0.0041,0,Dataset 03.xlsx,25
25,M04,1.36,0.0092,0,Dataset 04.xlsx,25
25,M05,1.35,0.0053,0.03,Dataset 05.xlsx,25
25,M06,1.43,0.005,0.02,Dataset 06.xlsx,25
25,M07,1.35,0.0052,0,Dataset 07.xlsx,25
25,M08,0.9,0.0073,0,Dataset 08.xlsx,25
25,M09,0.91,0.0087,0,Dataset 09.xlsx,25
25,M10,1.35,0.0047,0,Dataset 10.xlsx,25
25,M11,1.32,0.0107,0,Dataset 11.xlsx,25
25,M12,0.9,0.0056,0,Dataset 12.xlsx,25
25,M13,1.27,0.0125,0,Dataset 13.xlsx,25
25,M14,0.75,0.0081,0,Dataset 14.xlsx,25
25,M15,1.6,0.0354,0,Dataset 15.xlsx,25
25,M16,1.25,0.0052,0,Dataset 16.xlsx,25
25,M17,0.9,0.0188,0,Dataset 17.xlsx,25
25,M18,1.44,0.0098,0,Dataset 18.xlsx,25
25,M19,1.36,0.006,0,Dataset 19.xlsx,25
25,M20,0.59,0.0328,0,Dataset 20.xlsx,25
25,M21,1.4,0.0101,0,Dataset 21.xlsx,25
25,M22,1.23,0.0046,0.02,Dataset 22.xlsx,25
25,M23,0.75,0.0094,0,Dataset 23.xlsx,25
25,M24,1.56,0.031,0,Dataset 24.xlsx,25
25,M25,3.54,0.0042,1.72,Dataset 25.xlsx,26
25,M26,2.02,0.0023,1.59,Dataset 26.xlsx,26
25,M27,3.76,0.0043,1.91,Dataset 27.xlsx,26
25,M28,2.17,0.0076,1.78,Dataset 28.xlsx,26
25,M29,4.98,0.0034,1.98,Dataset 29.xlsx,26
25,M30,2.55,0,0.89,Dataset 30.xlsx,26
26,M01,6.01,0.0019,3.73,Dataset 01.xlsx,26
26,M02,7.68,0.0014,7.39,Dataset 02.xlsx,26
26,M03,6.93,0.0015,4.1,Dataset 03.xlsx,26
26,M04,6.17,0.0016,3.46,Dataset 04.xlsx,26
26,M05,6.13,0,3.68,Dataset 05.xlsx,26
26,M06,8.8,0,5.29,Dataset 06.xlsx,26
26,M07,8.87,0,5.47,Dataset 07.xlsx,26
26,M08,11.64,0.0006,11.79,Dataset 08.xlsx,26
26,M09,9.77,0.0016,9.47,Dataset 09.xlsx,26
26,M10,13.65,0.0009,9.11,Dataset 10.xlsx,26
26,M11,12.19,0.0006,8.2,Dataset 11.xlsx,26
26,M12,14.43,0.0017,14.31,Dataset 12.xlsx,26
26,M13,14.56,0.0005,10.46,Dataset 13.xlsx,26
26,M14,11.23,0.0024,13.97,Dataset 14.xlsx,26
26,M15,14.69,0.001,8.18,Dataset 15.xlsx,26
26,M16,27.4,0.0003,20.92,Dataset 16.xlsx,26
26,M17,3.25,0.003,2.53,Dataset 17.xlsx,26
26,M18,5.6,0.0101,2.89,Dataset 18.xlsx,26
26,M19,5.33,0.0076,2.91,Dataset 19.xlsx,26
26,M20,5.24,0.0009,7.38,Dataset 20.xlsx,26
26,M21,4.48,0.0016,2.18,Dataset 21.xlsx,26
26,M22,7.46,0.0033,5.17,Dataset 22.xlsx,26
26,M23,6.34,0.0081,7.46,Dataset 23.xlsx,26
26,M24,7.26,0.0017,3.65,Dataset 24.xlsx,26
26,M25,12.08,0.0008,8.29,Dataset 25.xlsx,27
26,M26,10.36,0.0021,12.28,Dataset 26.xlsx,27
26,M27,12.32,0.0007,8.55,Dataset 27.xlsx,27
26,M28,10.07,0.0008,11.91,Dataset 28.xlsx,27
26,M29,12.16,0.0013,6.28,Dataset 29.xlsx,27
26,M30,7.37,0,4.46,Dataset 30.xlsx,27
27,M25,15.65,0.002,11.04,Dataset 25.xlsx,28
27,M26,14.42,0.002,17.49,Dataset 26.xlsx,28
27,M27,19.69,0.0005,14.26,Dataset 27.xlsx,28
27,M28,17.86,0.0014,21.9,Dataset 28.xlsx,28
27,M29,19.79,0.0004,10.85,Dataset 29.xlsx,28
27,M30,12.54,0.0012,8.29,Dataset 30.xlsx,28
28,M01,5.49,0.0039,3.32,Dataset 01.xlsx,27
28,M02,7.2,0.0007,6.87,Dataset 02.xlsx,27
28,M03,6.27,0.0012,3.62,Dataset 03.xlsx,27
28,M04,5.8,0.0021,3.19,Dataset 04.xlsx,27
28,M05,5.65,0,3.31,Dataset 05.xlsx,27
28,M06,7.93,0.0009,4.66,Dataset 06.xlsx,27
28,M07,8.08,0,4.9,Dataset 07.xlsx,27
28,M08,10.85,0.0006,10.92,Dataset 08.xlsx,27
28,M09,9.55,0.0016,9.25,Dataset 09.xlsx,27
28,M10,12.65,0.0007,8.37,Dataset 10.xlsx,27
28,M11,11.52,0.0006,7.69,Dataset 11.xlsx,27
28,M12,13.51,0.0006,13.34,Dataset 12.xlsx,27
28,M13,13.34,0.0006,9.5,Dataset 13.xlsx,27
28,M14,10.44,0.0027,12.92,Dataset 14.xlsx,27
28,M15,13.56,0.001,7.48,Dataset 15.xlsx,27
28,M16,25.79,0.0003,19.63,Dataset 16.xlsx,27
28,M17,4.31,0.0039,3.68,Dataset 17.xlsx,27
28,M18,6.32,0.0022,3.39,Dataset 18.xlsx,27
28,M19,5.31,0.0019,2.89,Dataset 19.xlsx,27
28,M20,7.01,0.0007,10.22,Dataset 20.xlsx,27
28,M21,5.29,0.0145,2.75,Dataset 21.xlsx,27
28,M22,10.68,0.0025,7.83,Dataset 22.xlsx,27
28,M23,8.87,0,10.83,Dataset 23.xlsx,27
28,M24,10.75,0.0011,5.89,Dataset 24.xlsx,27
28,M25,10.8,0.0071,7.31,Dataset 25.xlsx,29
28,M26,9.05,0.0026,10.6,Dataset 26.xlsx,29
28,M27,10.46,0,7.11,Dataset 27.xlsx,29
28,M28,8.58,0.0104,10,Dataset 28.xlsx,29
28,M29,10.34,0.0027,5.19,Dataset 29.xlsx,29
28,M30,6.28,0.0012,3.65,Dataset 30.xlsx,29
29,M01,6.27,0.0034,3.94,Dataset 01.xlsx,28
29,M02,8.27,0.0006,8.04,Dataset 02.xlsx,28
29,M03,7.64,0.0007,4.62,Dataset 03.xlsx,28
29,M04,7,0.0007,4.07,Dataset 04.xlsx,28
29,M05,6.97,0,4.32,Dataset 05.xlsx,28
29,M06,9.69,0,5.92,Dataset 06.xlsx,28
29,M07,10.05,0.0007,6.34,Dataset 07.xlsx,28
29,M08,13.78,0.0005,14.14,Dataset 08.xlsx,28
29,M09,12.58,0.0021,12.49,Dataset 09.xlsx,28
29,M10,15.62,0.0004,10.57,Dataset 10.xlsx,28
29,M11,14.68,0,10.08,Dataset 11.xlsx,28
29,M12,18.26,0.0008,18.39,Dataset 12.xlsx,28
29,M13,17.68,0,12.92,Dataset 13.xlsx,28
29,M14,14.34,0.0004,18.12,Dataset 14.xlsx,28
29,M15,17.83,0,10.14,Dataset 15.xlsx,28
29,M16,38.9,0.0008,30.12,Dataset 16.xlsx,28
29,M17,5.63,0.0017,5.12,Dataset 17.xlsx,28
29,M18,7.61,0.0037,4.28,Dataset 18.xlsx,28
29,M19,6.5,0.0009,3.76,Dataset 19.xlsx,28
29,M20,8.66,0,12.86,Dataset 20.xlsx,28
29,M21,6.35,0,3.5,Dataset 21.xlsx,28
29,M22,13.9,0.0004,10.49,Dataset 22.xlsx,28
29,M23,11.55,0.0005,14.4,Dataset 23.xlsx,28
29,M24,14.28,0,8.15,Dataset 24.xlsx,28
29,M25,12.36,0.0002,8.51,Dataset 25.xlsx,30
29,M26,10.8,0.0005,12.85,Dataset 26.xlsx,30
29,M27,12.88,0.0009,8.98,Dataset 27.xlsx,30
29,M28,10.71,0,12.73,Dataset 28.xlsx,30
29,M29,12.75,0.0006,6.63,Dataset 29.xlsx,30
29,M30,7.66,0.0012,4.67,Dataset 30.xlsx,30
30,M01,6.77,0.0017,4.33,Dataset 01.xlsx,29
30,M02,8.81,0,8.63,Dataset 02.xlsx,29
30,M03,8.45,0.0006,5.22,Dataset 03.xlsx,29
30,M04,7.62,0.0023,4.51,Dataset 04.xlsx,29
30,M05,7.99,0.0009,5.1,Dataset 05.xlsx,29
30,M06,10.77,0.0013,6.69,Dataset 06.xlsx,29
30,M07,11.12,0,7.12,Dataset 07.xlsx,29
30,M08,14.83,0.0004,15.3,Dataset 08.xlsx,29
30,M09,13.35,0.0011,13.32,Dataset 09.xlsx,29
30,M10,16.9,0.0004,11.52,Dataset 10.xlsx,29
30,M11,16.37,0.0004,11.35,Dataset 11.xlsx,29
30,M12,19.62,0.0005,19.83,Dataset 12.xlsx,29
30,M13,19.61,0.0004,14.44,Dataset 13.xlsx,29
30,M14,15.94,0.0022,20.25,Dataset 14.xlsx,29
30,M15,20.15,0.001,11.59,Dataset 15.xlsx,29
30,M16,41.7,0.0001,32.36,Dataset 16.xlsx,29
30,M17,4.98,0.0048,4.41,Dataset 17.xlsx,29
30,M18,6.82,0.0021,3.73,Dataset 18.xlsx,29
30,M19,5.59,0.0018,3.1,Dataset 19.xlsx,29
30,M20,6.13,0.0011,8.81,Dataset 20.xlsx,29
30,M21,4.88,0.0043,2.46,Dataset 21.xlsx,29
30,M22,9.12,0.0036,6.54,Dataset 22.xlsx,29
30,M23,9.03,0.0045,11.04,Dataset 23.xlsx,29
30,M24,8.97,0.0019,4.75,Dataset 24.xlsx,29
30,M25,13.49,0.0016,9.38,Dataset 25.xlsx,31
30,M26,12.02,0.0024,14.41,Dataset 26.xlsx,31
30,M27,14.98,0.0005,10.61,Dataset 27.xlsx,31
30,M28,12.73,0.0019,15.32,Dataset 28.xlsx,31
30,M29,15.02,0.0024,7.99,Dataset 29.xlsx,31
30,M30,9.04,0.0023,5.7,Dataset 30.xlsx,31
31,M01,5.14,0.0048,3.05,Dataset 01.xlsx,30
31,M02,6.63,0.0015,6.24,Dataset 02.xlsx,30
31,M03,6.09,0.0018,3.48,Dataset 03.xlsx,30
31,M04,5.48,0.0025,2.96,Dataset 04.xlsx,30
31,M05,5.27,0.0013,3.02,Dataset 05.xlsx,30
31,M06,7.11,0.001,4.08,Dataset 06.xlsx,30
31,M07,7.64,0.0019,4.57,Dataset 07.xlsx,30
31,M08,8.38,0.0008,8.2,Dataset 08.xlsx,30
31,M09,6.26,0.0015,5.71,Dataset 09.xlsx,30
31,M10,10.92,0.0012,7.09,Dataset 10.xlsx,30
31,M11,8.62,0.0016,5.51,Dataset 11.xlsx,30
31,M12,9.09,0.0011,8.65,Dataset 12.xlsx,30
31,M13,7.9,0.002,5.22,Dataset 13.xlsx,30
31,M14,7.85,0.0026,9.47,Dataset 14.xlsx,30
31,M15,6.17,0.0032,2.86,Dataset 15.xlsx,30
31,M16,12.51,0.001,9.01,Dataset 16.xlsx,30
31,M17,3.87,0.0044,3.21,Dataset 17.xlsx,30
31,M18,6.03,0,3.19,Dataset 18.xlsx,30
31,M19,5.01,0.0066,2.67,Dataset 19.xlsx,30
31,M20,6.06,0.0011,8.7,Dataset 20.xlsx,30
31,M21,5.05,0.0014,2.58,Dataset 21.xlsx,30
31,M22,9.31,0.0021,6.69,Dataset 22.xlsx,30
31,M23,6.95,0.0041,8.27,Dataset 23.xlsx,30
31,M24,9.92,0.0017,5.36,Dataset 24.xlsx,30
31,M25,8.81,0.0011,5.78,Dataset 25.xlsx,32
31,M26,6.03,0.0028,6.73,Dataset 26.xlsx,32
31,M27,8.64,0.0035,5.7,Dataset 27.xlsx,32
31,M28,6.37,0.0013,7.17,Dataset 28.xlsx,32
31,M29,9.51,0.0007,4.69,Dataset 29.xlsx,32
31,M30,5.4,0.0023,3,Dataset 30.xlsx,32
32,M01,3.62,0.0039,1.85,Dataset 01.xlsx,31
32,M02,3.04,0.0043,2.32,Dataset 02.xlsx,31
32,M03,4.02,0.0016,1.96,Dataset 03.xlsx,31
32,M04,3.21,0.0055,1.32,Dataset 04.xlsx,31
32,M05,2.76,0.0026,1.1,Dataset 05.xlsx,31
32,M06,5.05,0.0028,2.61,Dataset 06.xlsx,31
32,M07,4.19,0.0152,2.05,Dataset 07.xlsx,31
32,M08,3.05,0.0022,2.35,Dataset 08.xlsx,31
32,M09,2.21,0.0103,1.37,Dataset 09.xlsx,31
32,M10,4.38,0.0017,2.24,Dataset 10.xlsx,31
32,M11,3.12,0.0045,1.35,Dataset 11.xlsx,31
32,M12,3,0.0178,2.18,Dataset 12.xlsx,31
32,M13,4.75,0.0033,2.74,Dataset 13.xlsx,31
32,M14,2.61,0.0057,2.48,Dataset 14.xlsx,31
32,M15,5.23,0.0014,2.27,Dataset 15.xlsx,31
32,M16,5.02,0.0086,3.02,Dataset 16.xlsx,31
32,M17,1.72,0.014,0.86,Dataset 17.xlsx,31
32,M18,4.5,0.0044,2.13,Dataset 18.xlsx,31
32,M19,4.23,0.0052,2.1,Dataset 19.xlsx,31
32,M20,4.49,0.0005,6.18,Dataset 20.xlsx,31
32,M21,4.45,0.0048,2.16,Dataset 21.xlsx,31
32,M22,6.56,0.0021,4.42,Dataset 22.xlsx,31
32,M23,3.92,0.0018,4.22,Dataset 23.xlsx,31
32,M24,6.98,0.0009,3.47,Dataset 24.xlsx,31
32,M25,1.43,0.0161,0.1,Dataset 25.xlsx,33
32,M26,0.84,0.0147,0.08,Dataset 26.xlsx,33
32,M27,1.74,0.0041,0.34,Dataset 27.xlsx,33
32,M28,0.85,0.0291,0.09,Dataset 28.xlsx,33
32,M29,2.62,0.0054,0.57,Dataset 29.xlsx,33
32,M30,1.46,0.0011,0.08,Dataset 30.xlsx,33
33,M01,1.74,0.0041,0.37,Dataset 01.xlsx,32
33,M02,1.33,0.0072,0.46,Dataset 02.xlsx,32
33,M03,1.96,0.0032,0.44,Dataset 03.xlsx,32
33,M04,1.46,0.0056,0.06,Dataset 04.xlsx,32
33,M05,1.73,0.0041,0.32,Dataset 05.xlsx,32
33,M06,2.11,0.0067,0.51,Dataset 06.xlsx,32
33,M07,1.97,0.0036,0.43,Dataset 07.xlsx,32
33,M08,1.34,0.005,0.47,Dataset 08.xlsx,32
33,M09,1.21,0.0116,0.3,Dataset 09.xlsx,32
33,M10,1.97,0.0037,0.46,Dataset 10.xlsx,32
33,M11,1.84,0,0.39,Dataset 11.xlsx,32
33,M12,1.33,0.0061,0.41,Dataset 12.xlsx,32
33,M13,1.93,0,0.52,Dataset 13.xlsx,32
33,M14,0.98,0.0068,0.31,Dataset 14.xlsx,32
33,M15,2.67,0,0.67,Dataset 15.xlsx,32
33,M16,1.91,0.0048,0.53,Dataset 16.xlsx,32
33,M17,0.94,0.0256,0.02,Dataset 17.xlsx,32
33,M18,1.7,0.0118,0.18,Dataset 18.xlsx,32
33,M19,2.04,0.0073,0.5,Dataset 19.xlsx,32
33,M20,1.24,0,0.98,Dataset 20.xlsx,32
33,M21,1.6,0.0088,0.14,Dataset 21.xlsx,32
33,M22,1.75,0.0035,0.45,Dataset 22.xlsx,32
33,M23,0.95,0,0.27,Dataset 23.xlsx,32
33,M24,3.22,0,1.06,Dataset 24.xlsx,32
33,M25,2.36,0.0064,0.82,Dataset 25.xlsx,34
33,M26,1.06,0.0052,0.36,Dataset 26.xlsx,34
33,M27,2.51,0.0056,0.95,Dataset 27.xlsx,34
33,M28,1.03,0.016,0.32,Dataset 28.xlsx,34
33,M29,3.92,0.0036,1.35,Dataset 29.xlsx,34
33,M30,1.98,0.0011,0.46,Dataset 30.xlsx,34
34,M01,6.42,0.0022,4.06,Dataset 01.xlsx,33
34,M02,8.38,0.0007,8.15,Dataset 02.xlsx,33
34,M03,7.8,0.0013,4.74,Dataset 03.xlsx,33
34,M04,7.03,0.0017,4.08,Dataset 04.xlsx,33
34,M05,6.99,0,4.34,Dataset 05.xlsx,33
34,M06,9.95,0,6.11,Dataset 06.xlsx,33
34,M07,10.21,0,6.45,Dataset 07.xlsx,33
34,M08,13.69,0.0005,14.04,Dataset 08.xlsx,33
34,M09,12.17,0.0008,12.05,Dataset 09.xlsx,33
34,M10,15.68,0.0007,10.61,Dataset 10.xlsx,33
34,M11,14.53,0.001,9.97,Dataset 11.xlsx,33
34,M12,17.81,0.0013,17.9,Dataset 12.xlsx,33
34,M13,17.66,0.0009,12.91,Dataset 13.xlsx,33
34,M14,14.02,0.0011,17.69,Dataset 14.xlsx,33
34,M15,17.95,0,10.22,Dataset 15.xlsx,33
34,M16,37.06,0.0004,28.65,Dataset 16.xlsx,33
34,M17,5.56,0.0018,5.04,Dataset 17.xlsx,33
34,M18,7.62,0.0009,4.29,Dataset 18.xlsx,33
34,M19,6.43,0.0009,3.71,Dataset 19.xlsx,33
34,M20,8.4,0,12.44,Dataset 20.xlsx,33
34,M21,6.19,0.0011,3.39,Dataset 21.xlsx,33
34,M22,13.42,0.0011,10.09,Dataset 22.xlsx,33
34,M23,11.06,0.0005,13.74,Dataset 23.xlsx,33
34,M24,13.78,0,7.83,Dataset 24.xlsx,33
34,M25,12.52,0.0008,8.63,Dataset 25.xlsx,35
34,M26,10.8,0.0012,12.85,Dataset 26.xlsx,35
34,M27,13.05,0.0019,9.12,Dataset 27.xlsx,35
34,M28,10.71,0.0008,12.73,Dataset 28.xlsx,35
34,M29,13.04,0.0005,6.81,Dataset 29.xlsx,35
34,M30,7.81,0.0035,4.79,Dataset 30.xlsx,35
35,M01,8.18,0.0017,5.44,Dataset 01.xlsx,34
35,M02,10.78,0.0005,10.78,Dataset 02.xlsx,34
35,M03,12.1,0.0004,7.91,Dataset 03.xlsx,34
35,M04,11.04,0.0007,6.99,Dataset 04.xlsx,34
35,M05,11.19,0.0006,7.54,Dataset 05.xlsx,34
35,M06,14.89,0.0005,9.63,Dataset 06.xlsx,34
35,M07,16.75,0.0013,11.22,Dataset 07.xlsx,34
35,M08,21.09,0.0003,22.18,Dataset 08.xlsx,34
35,M09,19.61,0.0011,20.03,Dataset 09.xlsx,34
35,M10,22.78,0.0003,15.87,Dataset 10.xlsx,34
35,M11,21.73,0,15.4,Dataset 11.xlsx,34
35,M12,30.42,0.0003,31.3,Dataset 12.xlsx,34
35,M13,31.54,0,23.83,Dataset 13.xlsx,34
35,M14,27.74,0.0002,35.99,Dataset 14.xlsx,34
35,M15,31.95,0.0016,18.97,Dataset 15.xlsx,34
35,M16,60.35,0.0001,47.28,Dataset 16.xlsx,34
35,M17,8.28,0.002,8,Dataset 17.xlsx,34
35,M18,11.5,0,6.99,Dataset 18.xlsx,34
35,M19,10.73,0.0005,6.86,Dataset 19.xlsx,34
35,M20,12.57,0.0014,19.11,Dataset 20.xlsx,34
35,M21,9.05,0.0023,5.41,Dataset 21.xlsx,34
35,M22,24.68,0.0002,19.4,Dataset 22.xlsx,34
35,M23,19.35,0,24.8,Dataset 23.xlsx,34
35,M24,25.7,0.0017,15.47,Dataset 24.xlsx,34
35,M25,15.5,0.0015,10.92,Dataset 25.xlsx,36
35,M26,14.14,0.0004,17.13,Dataset 26.xlsx,36
35,M27,19.16,0.0004,13.85,Dataset 27.xlsx,36
35,M28,17.06,0.0014,20.87,Dataset 28.xlsx,36
35,M29,17.93,0,9.74,Dataset 29.xlsx,36
35,M30,12.15,0,8,Dataset 30.xlsx,36
36,M01,4.96,0.0043,2.91,Dataset 01.xlsx,35
36,M02,6.34,0.0022,5.93,Dataset 02.xlsx,35
36,M03,5.53,0.0011,3.07,Dataset 03.xlsx,35
36,M04,5.12,0.003,2.7,Dataset 04.xlsx,35
36,M05,5,0.0014,2.81,Dataset 05.xlsx,35
36,M06,7.01,0.001,4,Dataset 06.xlsx,35
36,M07,6.99,0.001,4.1,Dataset 07.xlsx,35
36,M08,8.62,0.0008,8.47,Dataset 08.xlsx,35
36,M09,7.18,0.0038,6.7,Dataset 09.xlsx,35
36,M10,10.36,0.0007,6.67,Dataset 10.xlsx,35
36,M11,8.98,0.0008,5.77,Dataset 11.xlsx,35
36,M12,10.12,0.0032,9.75,Dataset 12.xlsx,35
36,M13,10.54,0.0008,7.3,Dataset 13.xlsx,35
36,M14,7.77,0.0036,9.36,Dataset 14.xlsx,35
36,M15,10.57,0.0007,5.6,Dataset 15.xlsx,35
36,M16,17.72,0.0016,13.18,Dataset 16.xlsx,35
36,M17,3.36,0.005,2.65,Dataset 17.xlsx,35
36,M18,5.57,0,2.86,Dataset 18.xlsx,35
36,M19,4.96,0,2.63,Dataset 19.xlsx,35
36,M20,6.05,0.0004,8.67,Dataset 20.xlsx,35
36,M21,4.89,0.0043,2.47,Dataset 21.xlsx,35
36,M22,8.95,0.0029,6.4,Dataset 22.xlsx,35
36,M23,7.1,0.006,8.47,Dataset 23.xlsx,35
36,M24,8.97,0.0007,4.75,Dataset 24.xlsx,35
36,M25,9.39,0.0023,6.22,Dataset 25.xlsx,37
36,M26,7.42,0.0031,8.51,Dataset 26.xlsx,37
36,M27,9.02,0.0028,5.99,Dataset 27.xlsx,37
36,M28,7.4,0.0033,8.49,Dataset 28.xlsx,37
36,M29,8.78,0,4.26,Dataset 29.xlsx,37
36,M30,5.54,0,3.1,Dataset 30.xlsx,37
37,M01,3.7,0.0041,1.91,Dataset 01.xlsx,36
37,M02,3.63,0.003,2.97,Dataset 02.xlsx,36
37,M03,4.22,0.0188,2.11,Dataset 03.xlsx,36
37,M04,3.74,0.0046,1.71,Dataset 04.xlsx,36
37,M05,3.49,0.002,1.66,Dataset 05.xlsx,36
37,M06,5.33,0,2.81,Dataset 06.xlsx,36
37,M07,4.42,0,2.23,Dataset 07.xlsx,36
37,M08,3.68,0.0018,3.04,Dataset 08.xlsx,36
37,M09,2.42,0.0078,1.6,Dataset 09.xlsx,36
37,M10,4.87,0.0187,2.61,Dataset 10.xlsx,36
37,M11,3.6,0.002,1.71,Dataset 11.xlsx,36
37,M12,3.48,0.0153,2.69,Dataset 12.xlsx,36
37,M13,5.14,0.0015,3.05,Dataset 13.xlsx,36
37,M14,3,0.0033,3,Dataset 14.xlsx,36
37,M15,5.55,0.0013,2.47,Dataset 15.xlsx,36
37,M16,5.64,0.0033,3.51,Dataset 16.xlsx,36
37,M17,1.83,0.0054,0.99,Dataset 17.xlsx,36
37,M18,4.55,0.011,2.16,Dataset 18.xlsx,36
37,M19,4.17,0.0024,2.05,Dataset 19.xlsx,36
37,M20,4.17,0.0006,5.67,Dataset 20.xlsx,36
37,M21,4.22,0,1.99,Dataset 21.xlsx,36
37,M22,5.28,0.0018,3.36,Dataset 22.xlsx,36
37,M23,2.76,0.0026,2.67,Dataset 23.xlsx,36
37,M24,5.74,0.0011,2.68,Dataset 24.xlsx,36
37,M25,2.69,0.0003,1.07,Dataset 25.xlsx,38
37,M26,1.53,0.0053,0.96,Dataset 26.xlsx,38
37,M27,2.92,0.0073,1.26,Dataset 27.xlsx,38
37,M28,1.66,0,1.13,Dataset 28.xlsx,38
37,M29,4.44,0.0025,1.66,Dataset 29.xlsx,38
37,M30,2.17,0,0.61,Dataset 30.xlsx,38
38,M25,16.44,0.0005,11.65,Dataset 25.xlsx,39
38,M26,15.17,0.0011,18.45,Dataset 26.xlsx,39
38,M27,21.16,0,15.4,Dataset 27.xlsx,39
38,M28,19.39,0.0004,23.86,Dataset 28.xlsx,39
38,M29,20.03,0.0012,10.99,Dataset 29.xlsx,39
38,M30,13.74,0,9.18,Dataset 30.xlsx,39
39,M01,6.22,0.0023,3.9,Dataset 01.xlsx,37
39,M02,8.27,0.0007,8.03,Dataset 02.xlsx,37
39,M03,7.65,0.001,4.63,Dataset 03.xlsx,37
39,M04,7.08,0.0012,4.12,Dataset 04.xlsx,37
39,M05,6.96,0,4.31,Dataset 05.xlsx,37
39,M06,9.58,0.0015,5.84,Dataset 06.xlsx,37
39,M07,10.06,0.0007,6.34,Dataset 07.xlsx,37
39,M08,13.73,0.0005,14.09,Dataset 08.xlsx,37
39,M09,12.64,0.0006,12.56,Dataset 09.xlsx,37
39,M10,15.6,0.0006,10.56,Dataset 10.xlsx,37
39,M11,14.67,0,10.07,Dataset 11.xlsx,37
39,M12,18.07,0.0014,18.19,Dataset 12.xlsx,37
39,M13,17.28,0,12.61,Dataset 13.xlsx,37
39,M14,13.98,0.0004,17.64,Dataset 14.xlsx,37
39,M15,17.79,0.0032,10.12,Dataset 15.xlsx,37
39,M16,37.17,0.0003,28.74,Dataset 16.xlsx,37
39,M17,5.66,0.0042,5.15,Dataset 17.xlsx,37
39,M18,7.69,0.0009,4.34,Dataset 18.xlsx,37
39,M19,6.25,0.0018,3.58,Dataset 19.xlsx,37
39,M20,8.27,0.0023,12.22,Dataset 20.xlsx,37
39,M21,6.14,0.0012,3.35,Dataset 21.xlsx,37
39,M22,13.09,0.0004,9.82,Dataset 22.xlsx,37
39,M23,10.93,0.0013,13.57,Dataset 23.xlsx,37
39,M24,13.48,0.0036,7.64,Dataset 24.xlsx,37
39,M25,12.25,0.0006,8.42,Dataset 25.xlsx,40
39,M26,10.71,0.0005,12.73,Dataset 26.xlsx,40
39,M27,12.7,0.0009,8.85,Dataset 27.xlsx,40
39,M28,10.54,0.0008,12.51,Dataset 28.xlsx,40
39,M29,12.77,0,6.65,Dataset 29.xlsx,40
39,M30,7.67,0.0011,4.68,Dataset 30.xlsx,40
40,M01,4.65,0,2.66,Dataset 01.xlsx,38
40,M02,6.02,0.0014,5.58,Dataset 02.xlsx,38
40,M03,5.23,0.0014,2.85,Dataset 03.xlsx,38
40,M04,5.01,0.0025,2.62,Dataset 04.xlsx,38
40,M05,4.88,0,2.73,Dataset 05.xlsx,38
40,M06,6.63,0,3.74,Dataset 06.xlsx,38
40,M07,6.58,0.0032,3.8,Dataset 07.xlsx,38
40,M08,8.1,0.0008,7.9,Dataset 08.xlsx,38
40,M09,7.15,0.0014,6.66,Dataset 09.xlsx,38
40,M10,9.7,0.0009,6.18,Dataset 10.xlsx,38
40,M11,8.77,0.0008,5.62,Dataset 11.xlsx,38
40,M12,9.47,0.0022,9.06,Dataset 12.xlsx,38
40,M13,9.89,0.0008,6.79,Dataset 13.xlsx,38
40,M14,7.11,0.003,8.48,Dataset 14.xlsx,38
40,M15,9.8,0.0007,5.12,Dataset 15.xlsx,38
40,M16,16.73,0.0003,12.38,Dataset 16.xlsx,38
40,M17,3.29,0.003,2.58,Dataset 17.xlsx,38
40,M18,5.42,0.0013,2.76,Dataset 18.xlsx,38
40,M19,4.65,0.0036,2.41,Dataset 19.xlsx,38
40,M20,5.5,0.0004,7.79,Dataset 20.xlsx,38
40,M21,4.66,0.0015,2.3,Dataset 21.xlsx,38
40,M22,7.9,0.0025,5.53,Dataset 22.xlsx,38
40,M23,6.24,0.0023,7.32,Dataset 23.xlsx,38
40,M24,7.89,0.0008,4.06,Dataset 24.xlsx,38
40,M25,8.87,0.0008,5.82,Dataset 25.xlsx,41
40,M26,7.02,0.0025,8,Dataset 26.xlsx,41
40,M27,8.55,0.0031,5.63,Dataset 27.xlsx,41
40,M28,7.07,0.0012,8.06,Dataset 28.xlsx,41
40,M29,8.23,0.0007,3.93,Dataset 29.xlsx,41
40,M30,5.24,0.0011,2.88,Dataset 30.xlsx,41
41,M01,7.51,0.0009,4.91,Dataset 01.xlsx,39
41,M02,10.03,0.0005,9.96,Dataset 02.xlsx,39
41,M03,10.66,0.0005,6.84,Dataset 03.xlsx,39
41,M04,9.64,0.0008,5.97,Dataset 04.xlsx,39
41,M05,9.67,0,6.38,Dataset 05.xlsx,39
41,M06,13.2,0,8.43,Dataset 06.xlsx,39
41,M07,14.59,0.0019,9.65,Dataset 07.xlsx,39
41,M08,18.95,0.0003,19.82,Dataset 08.xlsx,39
41,M09,17.49,0.0009,17.76,Dataset 09.xlsx,39
41,M10,20.66,0.0003,14.3,Dataset 10.xlsx,39
41,M11,19.58,0.0003,13.78,Dataset 11.xlsx,39
41,M12,26.89,0.0006,27.54,Dataset 12.xlsx,39
41,M13,27,0.0002,20.26,Dataset 13.xlsx,39
41,M14,23.14,0.0004,29.85,Dataset 14.xlsx,39
41,M15,27.62,0.0003,16.26,Dataset 15.xlsx,39
41,M16,55.2,0.0003,43.16,Dataset 16.xlsx,39
41,M17,7.4,0.0013,7.04,Dataset 17.xlsx,39
41,M18,10.17,0.0035,6.06,Dataset 18.xlsx,39
41,M19,8.89,0,5.51,Dataset 19.xlsx,39
41,M20,10.96,0.0002,16.54,Dataset 20.xlsx,39
41,M21,8.2,0,4.81,Dataset 21.xlsx,39
41,M22,19.91,0.0005,15.45,Dataset 22.xlsx,39
41,M23,16.87,0.0008,21.49,Dataset 23.xlsx,39
41,M24,20.69,0.0003,12.26,Dataset 24.xlsx,39
41,M25,14.5,0.0001,10.15,Dataset 25.xlsx,42
41,M26,13.15,0.0006,15.86,Dataset 26.xlsx,42
41,M27,17.15,0.0006,12.29,Dataset 27.xlsx,42
41,M28,15.01,0,18.24,Dataset 28.xlsx,42
41,M29,17.28,0.0008,9.35,Dataset 29.xlsx,42
41,M30,10.69,0.0011,6.91,Dataset 30.xlsx,42
42,M01,5.27,0.0029,3.15,Dataset 01.xlsx,40
42,M02,6.89,0.0015,6.52,Dataset 02.xlsx,40
42,M03,5.93,0.0007,3.37,Dataset 03.xlsx,40
42,M04,5.58,0.0009,3.03,Dataset 04.xlsx,40
42,M05,5.47,0.0026,3.18,Dataset 05.xlsx,40
42,M06,7.51,0.0009,4.36,Dataset 06.xlsx,40
42,M07,7.63,0.0037,4.57,Dataset 07.xlsx,40
42,M08,10.16,0.0006,10.16,Dataset 08.xlsx,40
42,M09,9.11,0.0009,8.77,Dataset 09.xlsx,40
42,M10,11.87,0.0004,7.79,Dataset 10.xlsx,40
42,M11,10.9,0,7.23,Dataset 11.xlsx,40
42,M12,12.56,0.001,12.34,Dataset 12.xlsx,40
42,M13,12.56,0,8.89,Dataset 13.xlsx,40
42,M14,9.87,0.0006,12.16,Dataset 14.xlsx,40
42,M15,12.44,0,6.78,Dataset 15.xlsx,40
42,M16,24.3,0.0004,18.44,Dataset 16.xlsx,40
42,M17,4.17,0.0041,3.53,Dataset 17.xlsx,40
42,M18,6.06,0.0093,3.21,Dataset 18.xlsx,40
42,M19,5.16,0,2.78,Dataset 19.xlsx,40
42,M20,6.55,0,9.48,Dataset 20.xlsx,40
42,M21,5.14,0.0014,2.64,Dataset 21.xlsx,40
42,M22,9.89,0.0006,7.17,Dataset 22.xlsx,40
42,M23,8.1,0.0009,9.79,Dataset 23.xlsx,40
42,M24,9.94,0,5.37,Dataset 24.xlsx,40
42,M25,10.37,0.0009,6.98,Dataset 25.xlsx,43
42,M26,8.62,0.0006,10.05,Dataset 26.xlsx,43
42,M27,9.9,0.001,6.67,Dataset 27.xlsx,43
42,M28,8.2,0.001,9.51,Dataset 28.xlsx,43
42,M29,9.63,0.0026,4.77,Dataset 29.xlsx,43
42,M30,5.95,0.0011,3.41,Dataset 30.xlsx,43
43,M01,7.07,0.002,4.57,Dataset 01.xlsx,41
43,M02,9.37,0.0053,9.24,Dataset 02.xlsx,41
43,M03,9.46,0.0005,5.97,Dataset 03.xlsx,41
43,M04,8.74,0.0006,5.32,Dataset 04.xlsx,41
43,M05,8.76,0.004,5.68,Dataset 05.xlsx,41
43,M06,12.02,0.0006,7.58,Dataset 06.xlsx,41
43,M07,12.85,0.0022,8.38,Dataset 07.xlsx,41
43,M08,17.14,0.0004,17.83,Dataset 08.xlsx,41
43,M09,16.03,0.0007,16.19,Dataset 09.xlsx,41
43,M10,18.89,0.0003,12.99,Dataset 10.xlsx,41
43,M11,18.02,0.0006,12.6,Dataset 11.xlsx,41
43,M12,23.91,0.0002,24.38,Dataset 12.xlsx,41
43,M13,24.02,0.0005,17.91,Dataset 13.xlsx,41
43,M14,20.36,0.0006,26.15,Dataset 14.xlsx,41
43,M15,23.9,0,13.94,Dataset 15.xlsx,41
43,M16,51.58,0.0001,40.26,Dataset 16.xlsx,41
43,M17,6.94,0.0024,6.54,Dataset 17.xlsx,41
43,M18,9.32,0.0008,5.47,Dataset 18.xlsx,41
43,M19,7.2,0.0007,4.28,Dataset 19.xlsx,41
43,M20,9.35,0,13.96,Dataset 20.xlsx,41
43,M21,6.9,0.0031,3.89,Dataset 21.xlsx,41
43,M22,15.49,0.0007,11.8,Dataset 22.xlsx,41
43,M23,13.01,0.0005,16.34,Dataset 23.xlsx,41
43,M24,15.88,0,9.18,Dataset 24.xlsx,41
43,M25,13.81,0.0015,9.62,Dataset 25.xlsx,44
43,M26,12.47,0.0008,14.99,Dataset 26.xlsx,44
43,M27,15.78,0.0004,11.23,Dataset 27.xlsx,44
43,M28,13.69,0.0018,16.55,Dataset 28.xlsx,44
43,M29,15.58,0.0009,8.33,Dataset 29.xlsx,44
43,M30,9.53,0.0032,6.06,Dataset 30.xlsx,44
44,M01,7.2,0.0078,4.67,Dataset 01.xlsx,42
44,M02,9.6,0,9.49,Dataset 02.xlsx,42
44,M03,9.89,0.0006,6.28,Dataset 03.xlsx,42
44,M04,9.16,0,5.63,Dataset 04.xlsx,42
44,M05,9.19,0.0008,6.01,Dataset 05.xlsx,42
44,M06,12.47,0,7.91,Dataset 06.xlsx,42
44,M07,13.48,0.0006,8.84,Dataset 07.xlsx,42
44,M08,17.82,0.0004,18.58,Dataset 08.xlsx,42
44,M09,16.75,0.0003,16.96,Dataset 09.xlsx,42
44,M10,19.55,0.0003,13.48,Dataset 10.xlsx,42
44,M11,18.72,0.0004,13.12,Dataset 11.xlsx,42
44,M12,25.09,0.0002,25.63,Dataset 12.xlsx,42
44,M13,25.23,0.0003,18.87,Dataset 13.xlsx,42
44,M14,21.55,0.0006,27.73,Dataset 14.xlsx,42
44,M15,25.32,0.0008,14.82,Dataset 15.xlsx,42
44,M16,53.11,0.0002,41.49,Dataset 16.xlsx,42
44,M17,7.19,0.0014,6.81,Dataset 17.xlsx,42
44,M18,9.72,0.0007,5.75,Dataset 18.xlsx,42
44,M19,7.65,0.0011,4.6,Dataset 19.xlsx,42
44,M20,9.83,0.0007,14.72,Dataset 20.xlsx,42
44,M21,7.3,0,4.17,Dataset 21.xlsx,42
44,M22,16.69,0.0007,12.79,Dataset 22.xlsx,42
44,M23,13.99,0.0019,17.65,Dataset 23.xlsx,42
44,M24,17.19,0.0011,10.02,Dataset 24.xlsx,42
44,M25,14.07,0.0002,9.82,Dataset 25.xlsx,45
44,M26,12.72,0.0008,15.31,Dataset 26.xlsx,45
44,M27,16.45,0.0013,11.75,Dataset 27.xlsx,45
44,M28,14.25,0,17.27,Dataset 28.xlsx,45
44,M29,16.19,0,8.69,Dataset 29.xlsx,45
44,M30,9.94,0.0011,6.36,Dataset 30.xlsx,45
45,M25,13.36,0.0017,9.28,Dataset 25.xlsx,46
45,M26,12.03,0.0008,14.42,Dataset 26.xlsx,46
45,M27,14.94,0.0019,10.58,Dataset 27.xlsx,46
45,M28,12.92,0.0019,15.56,Dataset 28.xlsx,46
45,M29,14.89,0.0011,7.92,Dataset 29.xlsx,46
45,M30,8.97,0.0009,5.64,Dataset 30.xlsx,46
46,M01,5.38,0.0039,3.24,Dataset 01.xlsx,43
46,M02,6.94,0,6.58,Dataset 02.xlsx,43
46,M03,6.08,0.0007,3.47,Dataset 03.xlsx,43
46,M04,5.66,0.0016,3.09,Dataset 04.xlsx,43
46,M05,5.51,0,3.21,Dataset 05.xlsx,43
46,M06,7.7,0,4.5,Dataset 06.xlsx,43
46,M07,7.77,0,4.67,Dataset 07.xlsx,43
46,M08,9.98,0.0007,9.97,Dataset 08.xlsx,43
46,M09,8.74,0.0047,8.37,Dataset 09.xlsx,43
46,M10,11.87,0.0004,7.79,Dataset 10.xlsx,43
46,M11,10.79,0.0013,7.14,Dataset 11.xlsx,43
46,M12,12.03,0.0016,11.77,Dataset 12.xlsx,43
46,M13,12.45,0.0013,8.8,Dataset 13.xlsx,43
46,M14,9.41,0.0017,11.55,Dataset 14.xlsx,43
46,M15,12.66,0.0011,6.91,Dataset 15.xlsx,43
46,M16,22.34,0.0002,16.87,Dataset 16.xlsx,43
46,M17,4.1,0.0024,3.46,Dataset 17.xlsx,43
46,M18,6.16,0,3.28,Dataset 18.xlsx,43
46,M19,5.35,0.0019,2.92,Dataset 19.xlsx,43
46,M20,6.91,0.0007,10.06,Dataset 20.xlsx,43
46,M21,5.33,0.0013,2.78,Dataset 21.xlsx,43
46,M22,10.57,0.0014,7.74,Dataset 22.xlsx,43
46,M23,8.58,0.0023,10.44,Dataset 23.xlsx,43
46,M24,10.73,0.0011,5.88,Dataset 24.xlsx,43
46,M25,10.46,0.0007,7.05,Dataset 25.xlsx,47
46,M26,8.5,0.0015,9.9,Dataset 26.xlsx,47
46,M27,10.08,0.0033,6.81,Dataset 27.xlsx,47
46,M28,8.18,0.001,9.49,Dataset 28.xlsx,47
46,M29,9.97,0.0035,4.97,Dataset 29.xlsx,47
46,M30,6.08,0.001,3.5,Dataset 30.xlsx,47
47,M01,7.23,0.002,4.69,Dataset 01.xlsx,44
47,M02,9.54,0.0005,9.43,Dataset 02.xlsx,44
47,M03,9.71,0.0005,6.15,Dataset 03.xlsx,44
47,M04,8.88,0.0009,5.42,Dataset 04.xlsx,44
47,M05,8.92,0,5.81,Dataset 05.xlsx,44
47,M06,12.33,0.0006,7.8,Dataset 06.xlsx,44
47,M07,13.14,0.0016,8.59,Dataset 07.xlsx,44
47,M08,17.42,0.0004,18.14,Dataset 08.xlsx,44
47,M09,16.16,0.0007,16.33,Dataset 09.xlsx,44
47,M10,19.22,0.0003,13.23,Dataset 10.xlsx,44
47,M11,18.29,0.0004,12.8,Dataset 11.xlsx,44
47,M12,24.22,0.0007,24.71,Dataset 12.xlsx,44
47,M13,24.43,0.0003,18.24,Dataset 13.xlsx,44
47,M14,20.46,0.0009,26.28,Dataset 14.xlsx,44
47,M15,24.59,0,14.37,Dataset 15.xlsx,44
47,M16,51.76,0.0002,40.41,Dataset 16.xlsx,44
47,M17,6.99,0.0024,6.6,Dataset 17.xlsx,44
47,M18,9.47,0,5.58,Dataset 18.xlsx,44
47,M19,7.81,0,4.72,Dataset 19.xlsx,44
47,M20,9.99,0,14.98,Dataset 20.xlsx,44
47,M21,7.39,0,4.24,Dataset 21.xlsx,44
47,M22,17.17,0.001,13.19,Dataset 22.xlsx,44
47,M23,14.37,0.0012,18.16,Dataset 23.xlsx,44
47,M24,17.82,0,10.42,Dataset 24.xlsx,44
47,M25,14.03,0.0006,9.79,Dataset 25.xlsx,48
47,M26,12.58,0.0012,15.13,Dataset 26.xlsx,48
47,M27,16.08,0.0014,11.47,Dataset 27.xlsx,48
47,M28,13.84,0,16.74,Dataset 28.xlsx,48
47,M29,16.04,0.0013,8.6,Dataset 29.xlsx,48
47,M30,9.74,0.001,6.21,Dataset 30.xlsx,48
48,M01,5.47,0.0039,3.31,Dataset 01.xlsx,45
48,M02,6.73,0.0015,6.36,Dataset 02.xlsx,45
48,M03,6.17,0.001,3.54,Dataset 03.xlsx,45
48,M04,5.53,0.0031,3,Dataset 04.xlsx,45
48,M05,5.32,0,3.06,Dataset 05.xlsx,45
48,M06,7.86,0,4.61,Dataset 06.xlsx,45
48,M07,7.65,0.0008,4.58,Dataset 07.xlsx,45
48,M08,10.47,0.0006,10.51,Dataset 08.xlsx,45
48,M09,9.16,0.0014,8.82,Dataset 09.xlsx,45
48,M10,11.04,0.0007,7.18,Dataset 10.xlsx,45
48,M11,10.9,0.0026,7.22,Dataset 11.xlsx,45
48,M12,14.13,0.0012,14,Dataset 12.xlsx,45
48,M13,12.5,0.0025,8.84,Dataset 13.xlsx,45
48,M14,10.64,0.0032,13.19,Dataset 14.xlsx,45
48,M15,14.12,0.0005,7.82,Dataset 15.xlsx,45
48,M16,19.18,0.0007,14.34,Dataset 16.xlsx,45
48,M17,4.52,0.0022,3.91,Dataset 17.xlsx,45
48,M18,6.65,0.0032,3.62,Dataset 18.xlsx,45
48,M19,5.17,0.0029,2.79,Dataset 19.xlsx,45
48,M20,6.66,0.0004,9.65,Dataset 20.xlsx,45
48,M21,5.16,0.0135,2.66,Dataset 21.xlsx,45
48,M22,10.33,0.003,7.54,Dataset 22.xlsx,45
48,M23,8.2,0.0019,9.94,Dataset 23.xlsx,45
48,M24,10.93,0.0006,6.01,Dataset 24.xlsx,45
48,M25,10.28,0.0069,6.91,Dataset 25.xlsx,49
48,M26,7.9,0.0035,9.13,Dataset 26.xlsx,49
48,M27,9.9,0.0005,6.67,Dataset 27.xlsx,49
48,M28,7.8,0.0104,9,Dataset 28.xlsx,49
48,M29,10.67,0,5.39,Dataset 29.xlsx,49
48,M30,5.78,0.001,3.28,Dataset 30.xlsx,49
49,M01,6.39,0.0028,4.03,Dataset 01.xlsx,46
49,M02,8.42,0.0025,8.21,Dataset 02.xlsx,46
49,M03,7.8,0.0008,4.74,Dataset 03.xlsx,46
49,M04,7.05,0.0014,4.1,Dataset 04.xlsx,46
49,M05,6.9,0.001,4.26,Dataset 05.xlsx,46
49,M06,9.91,0,6.08,Dataset 06.xlsx,46
49,M07,10.32,0,6.53,Dataset 07.xlsx,46
49,M08,14.27,0.0005,14.68,Dataset 08.xlsx,46
49,M09,12.95,0.001,12.89,Dataset 09.xlsx,46
49,M10,16.07,0.0005,10.9,Dataset 10.xlsx,46
49,M11,14.78,0.001,10.15,Dataset 11.xlsx,46
49,M12,19.15,0.0011,19.33,Dataset 12.xlsx,46
49,M13,18.31,0.0009,13.42,Dataset 13.xlsx,46
49,M14,15,0.0022,19,Dataset 14.xlsx,46
49,M15,18.5,0.0011,10.56,Dataset 15.xlsx,46
49,M16,41.29,0.0008,32.03,Dataset 16.xlsx,46
49,M17,5.62,0.0018,5.1,Dataset 17.xlsx,46
49,M18,7.65,0.0018,4.31,Dataset 18.xlsx,46
49,M19,6.42,0.0015,3.71,Dataset 19.xlsx,46
49,M20,8.49,0.0009,12.58,Dataset 20.xlsx,46
49,M21,6.14,0.0012,3.35,Dataset 21.xlsx,46
49,M22,13.47,0.0023,10.13,Dataset 22.xlsx,46
49,M23,11.3,0.0033,14.07,Dataset 23.xlsx,46
49,M24,13.91,0.0013,7.92,Dataset 24.xlsx,46
49,M25,11.93,0.0007,8.18,Dataset 25.xlsx,50
49,M26,10.36,0.0027,12.28,Dataset 26.xlsx,50
49,M27,12.11,0.0005,8.39,Dataset 27.xlsx,50
49,M28,10.05,0.0008,11.88,Dataset 28.xlsx,50
49,M29,12,0.0006,6.18,Dataset 29.xlsx,50
49,M30,7.07,0.001,4.23,Dataset 30.xlsx,50
50,M01,5.46,0.0057,3.3,Dataset 01.xlsx,47
50,M02,7.13,0,6.79,Dataset 02.xlsx,47
50,M03,6.19,0.0013,3.55,Dataset 03.xlsx,47
50,M04,5.65,0.0014,3.09,Dataset 04.xlsx,47
50,M05,5.55,0,3.24,Dataset 05.xlsx,47
50,M06,7.84,0,4.6,Dataset 06.xlsx,47
50,M07,7.96,0.0027,4.81,Dataset 07.xlsx,47
50,M08,10.69,0.0006,10.74,Dataset 08.xlsx,47
50,M09,9.19,0.0146,8.85,Dataset 09.xlsx,47
50,M10,12.44,0.0008,8.21,Dataset 10.xlsx,47
50,M11,11.15,0.0006,7.41,Dataset 11.xlsx,47
50,M12,13.31,0.0019,13.13,Dataset 12.xlsx,47
50,M13,13.14,0.0006,9.35,Dataset 13.xlsx,47
50,M14,10.3,0.0012,12.73,Dataset 14.xlsx,47
50,M15,13.16,0.002,7.23,Dataset 15.xlsx,47
50,M16,25.49,0.0004,19.39,Dataset 16.xlsx,47
50,M17,4.18,0.0024,3.54,Dataset 17.xlsx,47
50,M18,6.16,0.0023,3.27,Dataset 18.xlsx,47
50,M19,5.74,0.003,3.21,Dataset 19.xlsx,47
50,M20,7.68,0.0012,11.28,Dataset 20.xlsx,47
50,M21,5.66,0.0013,3.01,Dataset 21.xlsx,47
50,M22,11.94,0.001,8.87,Dataset 22.xlsx,47
50,M23,9.85,0.0014,12.13,Dataset 23.xlsx,47
50,M24,12.09,0.0019,6.75,Dataset 24.xlsx,47
50,M25,10.7,0.0007,7.23,Dataset 25.xlsx,51
50,M26,8.95,0.0012,10.47,Dataset 26.xlsx,51
50,M27,10.33,0.0016,7.01,Dataset 27.xlsx,51
50,M28,8.47,0.001,9.86,Dataset 28.xlsx,51
50,M29,10.1,0.0014,5.05,Dataset 29.xlsx,51
50,M30,6.2,0.0008,3.59,Dataset 30.xlsx,51
51,M01,6.49,0.0026,4.11,Dataset 01.xlsx,48
51,M02,8.62,0.001,8.42,Dataset 02.xlsx,48
51,M03,8.17,0.0011,5.01,Dataset 03.xlsx,48
51,M04,7.47,0.0007,4.4,Dataset 04.xlsx,48
51,M05,7.43,0.001,4.67,Dataset 05.xlsx,48
51,M06,10.34,0.0007,6.38,Dataset 06.xlsx,48
51,M07,10.9,0,6.96,Dataset 07.xlsx,48
51,M08,15.02,0.0004,15.51,Dataset 08.xlsx,48
51,M09,13.93,0.0007,13.94,Dataset 09.xlsx,48
51,M10,16.73,0.0006,11.39,Dataset 10.xlsx,48
51,M11,15.89,0.0006,10.99,Dataset 11.xlsx,48
51,M12,20.5,0.0011,20.76,Dataset 12.xlsx,48
51,M13,19.62,0.0005,14.45,Dataset 13.xlsx,48
51,M14,16.25,0.0009,20.67,Dataset 14.xlsx,48
51,M15,19.84,0.0012,11.4,Dataset 15.xlsx,48
51,M16,44.74,0.0001,34.79,Dataset 16.xlsx,48
51,M17,6.01,0.0028,5.53,Dataset 17.xlsx,48
51,M18,8.09,0,4.62,Dataset 18.xlsx,48
51,M19,6.21,0.0008,3.55,Dataset 19.xlsx,48
51,M20,8.43,0.0009,12.48,Dataset 20.xlsx,48
51,M21,6,0,3.25,Dataset 21.xlsx,48
51,M22,13.12,0.001,9.84,Dataset 22.xlsx,48
51,M23,11.27,0.0015,14.02,Dataset 23.xlsx,48
51,M24,13.25,0.0015,7.49,Dataset 24.xlsx,48
51,M25,12.78,0.0001,8.83,Dataset 25.xlsx,52
51,M26,11.36,0.0011,13.56,Dataset 26.xlsx,52
51,M27,13.72,0.0009,9.63,Dataset 27.xlsx,52
51,M28,11.6,0,13.87,Dataset 28.xlsx,52
51,M29,13.62,0.001,7.16,Dataset 29.xlsx,52
51,M30,8.19,0.002,5.07,Dataset 30.xlsx,52
52,M01,6.69,0.0011,4.27,Dataset 01.xlsx,49
52,M02,8.79,0.0016,8.61,Dataset 02.xlsx,49
52,M03,8.41,0.001,5.19,Dataset 03.xlsx,49
52,M04,7.56,0.0008,4.46,Dataset 04.xlsx,49
52,M05,7.7,0.0009,4.87,Dataset 05.xlsx,49
52,M06,10.72,0.0007,6.65,Dataset 06.xlsx,49
52,M07,11.15,0,7.14,Dataset 07.xlsx,49
52,M08,15.1,0.0004,15.59,Dataset 08.xlsx,49
52,M09,13.63,0.0004,13.61,Dataset 09.xlsx,49
52,M10,16.98,0.0006,11.57,Dataset 10.xlsx,49
52,M11,16,0,11.08,Dataset 11.xlsx,49
52,M12,20.32,0.0007,20.57,Dataset 12.xlsx,49
52,M13,19.97,0,14.72,Dataset 13.xlsx,49
52,M14,16.21,0.0007,20.61,Dataset 14.xlsx,49
52,M15,19.94,0.0005,11.46,Dataset 15.xlsx,49
52,M16,44.2,0.0001,34.36,Dataset 16.xlsx,49
52,M17,5.08,0.0033,4.52,Dataset 17.xlsx,49
52,M18,6.82,0.001,3.74,Dataset 18.xlsx,49
52,M19,6.76,0.0009,3.95,Dataset 19.xlsx,49
52,M20,6.09,0.0006,8.74,Dataset 20.xlsx,49
52,M21,4.86,0.0015,2.45,Dataset 21.xlsx,49
52,M22,9.02,0.0012,6.45,Dataset 22.xlsx,49
52,M23,7.56,0.0035,9.08,Dataset 23.xlsx,49
52,M24,8.92,0.001,4.72,Dataset 24.xlsx,49
52,M25,13.18,0.0006,9.14,Dataset 25.xlsx,53
52,M26,11.69,0.0008,13.99,Dataset 26.xlsx,53
52,M27,14.35,0.0007,10.12,Dataset 27.xlsx,53
52,M28,12.15,0.0007,14.58,Dataset 28.xlsx,53
52,M29,14.21,0.0005,7.51,Dataset 29.xlsx,53
52,M30,8.61,0.0019,5.38,Dataset 30.xlsx,53
53,M01,3.38,0.0021,1.66,Dataset 01.xlsx,50
53,M02,3.93,0.0105,3.29,Dataset 02.xlsx,50
53,M03,4.11,0.0024,2.02,Dataset 03.xlsx,50
53,M04,3.84,0.0045,1.78,Dataset 04.xlsx,50
53,M05,3.52,0.006,1.68,Dataset 05.xlsx,50
53,M06,5.49,0.0039,2.92,Dataset 06.xlsx,50
53,M07,4.46,0,2.25,Dataset 07.xlsx,50
53,M08,3.94,0.0017,3.33,Dataset 08.xlsx,50
53,M09,2.9,0.002,2.11,Dataset 09.xlsx,50
53,M10,5.54,0.002,3.1,Dataset 10.xlsx,50
53,M11,4.28,0.0066,2.23,Dataset 11.xlsx,50
53,M12,3.97,0.0115,3.21,Dataset 12.xlsx,50
53,M13,5.59,0.0057,3.4,Dataset 13.xlsx,50
53,M14,3.67,0.0017,3.89,Dataset 14.xlsx,50
53,M15,5.59,0.0013,2.49,Dataset 15.xlsx,50
53,M16,6.85,0.0008,4.48,Dataset 16.xlsx,50
53,M17,1.84,0.0169,0.99,Dataset 17.xlsx,50
53,M18,4.51,0.0047,2.13,Dataset 18.xlsx,50
53,M19,4.16,0.0064,2.04,Dataset 19.xlsx,50
53,M20,4.24,0.0006,5.78,Dataset 20.xlsx,50
53,M21,4.14,0.0017,1.93,Dataset 21.xlsx,50
53,M22,5.41,0.001,3.47,Dataset 22.xlsx,50
53,M23,3.14,0.0158,3.18,Dataset 23.xlsx,50
53,M24,5.54,0.0011,2.55,Dataset 24.xlsx,50
53,M25,6.3,0.0015,3.85,Dataset 25.xlsx,54
53,M26,4.76,0.0011,5.1,Dataset 26.xlsx,54
53,M27,6.72,0.0055,4.21,Dataset 27.xlsx,54
53,M28,5.26,0.0016,5.74,Dataset 28.xlsx,54
53,M29,6.49,0.0011,2.88,Dataset 29.xlsx,54
53,M30,4.69,0.001,2.47,Dataset 30.xlsx,54
54,M01,6.95,0.0041,4.47,Dataset 01.xlsx,51
54,M02,9.32,0.0006,9.18,Dataset 02.xlsx,51
54,M03,9.36,0.0006,5.89,Dataset 03.xlsx,51
54,M04,8.58,0.001,5.21,Dataset 04.xlsx,51
54,M05,8.47,0,5.47,Dataset 05.xlsx,51
54,M06,11.66,0.0006,7.33,Dataset 06.xlsx,51
54,M07,12.67,0.0006,8.24,Dataset 07.xlsx,51
54,M08,16.97,0.0004,17.65,Dataset 08.xlsx,51
54,M09,15.81,0.0009,15.95,Dataset 09.xlsx,51
54,M10,18.69,0.0003,12.84,Dataset 10.xlsx,51
54,M11,17.71,0,12.37,Dataset 11.xlsx,51
54,M12,23.66,0.0009,24.12,Dataset 12.xlsx,51
54,M13,23.09,0,17.18,Dataset 13.xlsx,51
54,M14,19.41,0.0004,24.88,Dataset 14.xlsx,51
54,M15,23.49,0,13.68,Dataset 15.xlsx,51
54,M16,50.35,0.0001,39.28,Dataset 16.xlsx,51
54,M17,6.73,0.0025,6.32,Dataset 17.xlsx,51
54,M18,9.19,0.0029,5.38,Dataset 18.xlsx,51
54,M19,5.99,0.0017,3.39,Dataset 19.xlsx,51
54,M20,10.45,0,15.72,Dataset 20.xlsx,51
54,M21,7.65,0.0027,4.43,Dataset 21.xlsx,51
54,M22,18.33,0.0004,14.15,Dataset 22.xlsx,51
54,M23,15.35,0.0005,19.46,Dataset 23.xlsx,51
54,M24,18.65,0,10.96,Dataset 24.xlsx,51
54,M25,13.62,0.0017,9.48,Dataset 25.xlsx,55
54,M26,12.21,0.0005,14.65,Dataset 26.xlsx,55
54,M27,15.35,0.0014,10.9,Dataset 27.xlsx,55
54,M28,13.22,0.0018,15.95,Dataset 28.xlsx,55
54,M29,15.38,0.0005,8.21,Dataset 29.xlsx,55
54,M30,9.38,0.0009,5.95,Dataset 30.xlsx,55
55,M01,5.39,0.0011,3.24,Dataset 01.xlsx,52
55,M02,7.21,0.0008,6.87,Dataset 02.xlsx,52
55,M03,6.3,0.001,3.64,Dataset 03.xlsx,52
55,M04,5.76,0.0011,3.17,Dataset 04.xlsx,52
55,M05,5.45,0.0013,3.16,Dataset 05.xlsx,52
55,M06,7.76,0,4.54,Dataset 06.xlsx,52
55,M07,8.11,0,4.92,Dataset 07.xlsx,52
55,M08,10.91,0.0006,10.98,Dataset 08.xlsx,52
55,M09,9.45,0.0009,9.13,Dataset 09.xlsx,52
55,M10,12.73,0.0006,8.43,Dataset 10.xlsx,52
55,M11,11.12,0,7.39,Dataset 11.xlsx,52
55,M12,13.56,0.0021,13.4,Dataset 12.xlsx,52
55,M13,13.3,0,9.47,Dataset 13.xlsx,52
55,M14,10.39,0.0022,12.85,Dataset 14.xlsx,52
55,M15,13.5,0.001,7.44,Dataset 15.xlsx,52
55,M16,25.91,0.0052,19.73,Dataset 16.xlsx,52
55,M17,5.47,0.0018,4.95,Dataset 17.xlsx,52
55,M18,7.59,0.003,4.27,Dataset 18.xlsx,52
55,M19,5.28,0.0024,2.87,Dataset 19.xlsx,52
55,M20,9.12,0.0005,13.59,Dataset 20.xlsx,52
55,M21,6.59,0.0032,3.67,Dataset 21.xlsx,52
55,M22,14.79,0.0014,11.22,Dataset 22.xlsx,52
55,M23,12.29,0.0012,15.39,Dataset 23.xlsx,52
55,M24,15.29,0.0008,8.8,Dataset 24.xlsx,52
55,M25,8.83,0.0027,5.79,Dataset 25.xlsx,56
55,M26,6.8,0.0027,7.72,Dataset 26.xlsx,56
55,M27,8.55,0.0041,5.62,Dataset 27.xlsx,56
55,M28,6.99,0.0035,7.96,Dataset 28.xlsx,56
55,M29,8.71,0.0024,4.21,Dataset 29.xlsx,56
55,M30,5.17,0.0022,2.83,Dataset 30.xlsx,56
56,M25,13.86,0.0015,9.66,Dataset 25.xlsx,57
56,M26,12.55,0.0012,15.09,Dataset 26.xlsx,57
56,M27,15.99,0.0009,11.4,Dataset 27.xlsx,57
56,M28,13.99,0.0018,16.94,Dataset 28.xlsx,57
56,M29,15.68,0.0014,8.39,Dataset 29.xlsx,57
56,M30,9.82,0.0028,6.27,Dataset 30.xlsx,57
57,M01,7.56,0.0009,4.95,Dataset 01.xlsx,53
57,M02,10.02,0,9.95,Dataset 02.xlsx,53
57,M03,10.68,0.0007,6.86,Dataset 03.xlsx,53
57,M04,9.82,0.0005,6.1,Dataset 04.xlsx,53
57,M05,9.89,0,6.55,Dataset 05.xlsx,53
57,M06,13.36,0.0005,8.54,Dataset 06.xlsx,53
57,M07,14.66,0.0005,9.7,Dataset 07.xlsx,53
57,M08,19.03,0.0003,19.91,Dataset 08.xlsx,53
57,M09,17.81,0.0022,18.09,Dataset 09.xlsx,53
57,M10,20.72,0.0004,14.35,Dataset 10.xlsx,53
57,M11,19.83,0.0004,13.96,Dataset 11.xlsx,53
57,M12,27.09,0.0003,27.76,Dataset 12.xlsx,53
57,M13,27.6,0.0003,20.73,Dataset 13.xlsx,53
57,M14,23.89,0.0007,30.85,Dataset 14.xlsx,53
57,M15,27.74,0.0005,16.34,Dataset 15.xlsx,53
57,M16,55.96,0.0001,43.77,Dataset 16.xlsx,53
57,M17,7.57,0.0022,7.23,Dataset 17.xlsx,53
57,M18,10.37,0.001,6.2,Dataset 18.xlsx,53
57,M19,8.67,0,5.35,Dataset 19.xlsx,53
57,M20,10.83,0.0004,16.32,Dataset 20.xlsx,53
57,M21,8.12,0,4.76,Dataset 21.xlsx,53
57,M22,19.44,0.0008,15.07,Dataset 22.xlsx,53
57,M23,16.26,0.0011,20.68,Dataset 23.xlsx,53
57,M24,20.07,0.0006,11.87,Dataset 24.xlsx,53
57,M25,14.56,0.0001,10.2,Dataset 25.xlsx,58
57,M26,13.27,0.001,16.01,Dataset 26.xlsx,58
57,M27,17.35,0.0008,12.45,Dataset 27.xlsx,58
57,M28,15.28,0,18.59,Dataset 28.xlsx,58
57,M29,17.28,0.0008,9.35,Dataset 29.xlsx,58
57,M30,10.73,0.0009,6.95,Dataset 30.xlsx,58
58,M01,4.78,0.0021,2.76,Dataset 01.xlsx,54
58,M02,6.23,0.0066,5.81,Dataset 02.xlsx,54
58,M03,5.37,0.0015,2.95,Dataset 03.xlsx,54
58,M04,5.04,0.003,2.65,Dataset 04.xlsx,54
58,M05,5.03,0.0042,2.84,Dataset 05.xlsx,54
58,M06,7.02,0.001,4.01,Dataset 06.xlsx,54
58,M07,6.97,0.002,4.09,Dataset 07.xlsx,54
58,M08,8.64,0.0008,8.49,Dataset 08.xlsx,54
58,M09,7.23,0.0021,6.75,Dataset 09.xlsx,54
58,M10,10.16,0.0009,6.53,Dataset 10.xlsx,54
58,M11,8.93,0.0032,5.74,Dataset 11.xlsx,54
58,M12,9.94,0.0029,9.55,Dataset 12.xlsx,54
58,M13,10.37,0.0031,7.17,Dataset 13.xlsx,54
58,M14,7.81,0.0024,9.41,Dataset 14.xlsx,54
58,M15,10.46,0.0007,5.53,Dataset 15.xlsx,54
58,M16,17.83,0.0016,13.26,Dataset 16.xlsx,54
58,M17,3.39,0.005,2.68,Dataset 17.xlsx,54
58,M18,5.52,0.0013,2.83,Dataset 18.xlsx,54
58,M19,4.86,0.0054,2.56,Dataset 19.xlsx,54
58,M20,6.25,0.0004,9,Dataset 20.xlsx,54
58,M21,4.66,0.0015,2.31,Dataset 21.xlsx,54
58,M22,8.35,0.0021,5.9,Dataset 22.xlsx,54
58,M23,6.87,0.0031,8.15,Dataset 23.xlsx,54
58,M24,8.21,0.0007,4.26,Dataset 24.xlsx,54
58,M25,5.36,0.0018,3.12,Dataset 25.xlsx,59
58,M26,3.59,0.0043,3.6,Dataset 26.xlsx,59
58,M27,6.01,0.0047,3.66,Dataset 27.xlsx,59
58,M28,4.42,0.0019,4.67,Dataset 28.xlsx,59
58,M29,5.85,0.0036,2.5,Dataset 29.xlsx,59
58,M30,3.62,0,1.68,Dataset 30.xlsx,59
59,M01,7.84,0,5.17,Dataset 01.xlsx,55
59,M02,10.45,0,10.42,Dataset 02.xlsx,55
59,M03,11.51,0.0004,7.47,Dataset 03.xlsx,55
59,M04,10.47,0.001,6.57,Dataset 04.xlsx,55
59,M05,10.59,0,7.08,Dataset 05.xlsx,55
59,M06,14.16,0.0005,9.11,Dataset 06.xlsx,55
59,M07,15.91,0,10.61,Dataset 07.xlsx,55
59,M08,20.27,0.0003,21.27,Dataset 08.xlsx,55
59,M09,18.77,0.0003,19.13,Dataset 09.xlsx,55
59,M10,21.92,0.0003,15.24,Dataset 10.xlsx,55
59,M11,20.9,0.0003,14.77,Dataset 11.xlsx,55
59,M12,29.15,0.0006,29.94,Dataset 12.xlsx,55
59,M13,29.78,0.0003,22.45,Dataset 13.xlsx,55
59,M14,26.13,0,33.84,Dataset 14.xlsx,55
59,M15,30.31,0,17.94,Dataset 15.xlsx,55
59,M16,58.44,0.0001,45.75,Dataset 16.xlsx,55
59,M17,7.92,0.0021,7.61,Dataset 17.xlsx,55
59,M18,10.98,0,6.62,Dataset 18.xlsx,55
59,M19,10.32,0.0006,6.56,Dataset 19.xlsx,55
59,M20,12.4,0,18.84,Dataset 20.xlsx,55
59,M21,9.58,0.0022,5.79,Dataset 21.xlsx,55
59,M22,24.22,0,19.02,Dataset 22.xlsx,55
59,M23,20.71,0.0003,26.61,Dataset 23.xlsx,55
59,M24,24.05,0,14.42,Dataset 24.xlsx,55
59,M25,15.04,0.0015,10.57,Dataset 25.xlsx,60
59,M26,13.74,0,16.62,Dataset 26.xlsx,60
59,M27,18.29,0.0012,13.17,Dataset 27.xlsx,60
59,M28,16.27,0.0015,19.86,Dataset 28.xlsx,60
59,M29,18.41,0,10.02,Dataset 29.xlsx,60
59,M30,11.55,0.0024,7.56,Dataset 30.xlsx,60
60,M01,5.95,0.0012,3.69,Dataset 01.xlsx,56
60,M02,7.92,0.0007,7.65,Dataset 02.xlsx,56
60,M03,7.13,0.0007,4.25,Dataset 03.xlsx,56
60,M04,6.55,0.0015,3.73,Dataset 04.xlsx,56
60,M05,6.38,0,3.87,Dataset 05.xlsx,56
60,M06,8.95,0.0016,5.39,Dataset 06.xlsx,56
60,M07,9.34,0.0008,5.82,Dataset 07.xlsx,56
60,M08,12.93,0.0005,13.21,Dataset 08.xlsx,56
60,M09,11.72,0.0007,11.57,Dataset 09.xlsx,56
60,M10,14.69,0.0004,9.88,Dataset 10.xlsx,56
60,M11,13.63,0.001,9.29,Dataset 11.xlsx,56
60,M12,16.96,0.0013,17,Dataset 12.xlsx,56
60,M13,16,0.001,11.6,Dataset 13.xlsx,56
60,M14,13.09,0,16.45,Dataset 14.xlsx,56
60,M15,16.22,0.0017,9.14,Dataset 15.xlsx,56
60,M16,34.78,0.0002,26.82,Dataset 16.xlsx,56
60,M17,5.17,0.0046,4.61,Dataset 17.xlsx,56
60,M18,7.12,0.002,3.94,Dataset 18.xlsx,56
60,M19,6.09,0.0009,3.46,Dataset 19.xlsx,56
60,M20,8.45,0.0011,12.52,Dataset 20.xlsx,56
60,M21,5.99,0.0012,3.24,Dataset 21.xlsx,56
60,M22,12.87,0,9.64,Dataset 22.xlsx,56
60,M23,10.87,0.002,13.49,Dataset 23.xlsx,56
60,M24,12.67,0.0019,7.12,Dataset 24.xlsx,56
60,M25,11.78,0.0007,8.06,Dataset 25.xlsx,61
60,M26,10.26,0,12.15,Dataset 26.xlsx,61
60,M27,11.93,0.0005,8.25,Dataset 27.xlsx,61
60,M28,9.89,0.0008,11.68,Dataset 28.xlsx,61
60,M29,11.82,0.0024,6.08,Dataset 29.xlsx,61
60,M30,7.13,0.0018,4.28,Dataset 30.xlsx,61
61,M01,5.38,0.0039,3.24,Dataset 01.xlsx,57
61,M02,7.08,0.0018,6.74,Dataset 02.xlsx,57
61,M03,6.14,0.0007,3.52,Dataset 03.xlsx,57
61,M04,5.58,0.0009,3.03,Dataset 04.xlsx,57
61,M05,5.49,0.0013,3.19,Dataset 05.xlsx,57
61,M06,7.77,0.0009,4.55,Dataset 06.xlsx,57
61,M07,7.9,0,4.76,Dataset 07.xlsx,57
61,M08,10.6,0.0006,10.65,Dataset 08.xlsx,57
61,M09,8.97,0.0011,8.62,Dataset 09.xlsx,57
61,M10,12.37,0.0004,8.16,Dataset 10.xlsx,57
61,M11,11.07,0.0013,7.35,Dataset 11.xlsx,57
61,M12,13.23,0.0008,13.04,Dataset 12.xlsx,57
61,M13,12.98,0.0012,9.22,Dataset 13.xlsx,57
61,M14,10.19,0.0017,12.59,Dataset 14.xlsx,57
61,M15,13.09,0,7.18,Dataset 15.xlsx,57
61,M16,25.09,0.0003,19.07,Dataset 16.xlsx,57
61,M17,4.05,0.0042,3.4,Dataset 17.xlsx,57
61,M18,6.07,0,3.21,Dataset 18.xlsx,57
61,M19,5.43,0.0043,2.98,Dataset 19.xlsx,57
61,M20,7.6,0,11.16,Dataset 20.xlsx,57
61,M21,5.35,0.0013,2.79,Dataset 21.xlsx,57
61,M22,11.16,0.0014,8.22,Dataset 22.xlsx,57
61,M23,9.11,0.0016,11.15,Dataset 23.xlsx,57
61,M24,11.73,0,6.52,Dataset 24.xlsx,57
61,M25,10.51,0.0008,7.08,Dataset 25.xlsx,62
61,M26,8.73,0.0016,10.19,Dataset 26.xlsx,62
61,M27,10.11,0.0021,6.83,Dataset 27.xlsx,62
61,M28,8.33,0.001,9.68,Dataset 28.xlsx,62
61,M29,9.93,0.0036,4.94,Dataset 29.xlsx,62
61,M30,5.97,0.0027,3.42,Dataset 30.xlsx,62
62,M01,4.2,0.0097,2.31,Dataset 01.xlsx,58
62,M02,4.93,0.0042,4.38,Dataset 02.xlsx,58
62,M03,4.71,0.0062,2.47,Dataset 03.xlsx,58
62,M04,4.42,0.0018,2.2,Dataset 04.xlsx,58
62,M05,4.17,0.0017,2.18,Dataset 05.xlsx,58
62,M06,5.94,0.0024,3.24,Dataset 06.xlsx,58
62,M07,5.53,0.0038,3.04,Dataset 07.xlsx,58
62,M08,5.81,0.0011,5.38,Dataset 08.xlsx,58
62,M09,4.44,0.0052,3.76,Dataset 09.xlsx,58
62,M10,7.41,0.0045,4.49,Dataset 10.xlsx,58
62,M11,5.81,0.0024,3.38,Dataset 11.xlsx,58
62,M12,5.86,0.0035,5.22,Dataset 12.xlsx,58
62,M13,7.14,0.0022,4.62,Dataset 13.xlsx,58
62,M14,4.56,0.0013,5.08,Dataset 14.xlsx,58
62,M15,7.46,0.0009,3.66,Dataset 15.xlsx,58
62,M16,9.4,0.0005,6.52,Dataset 16.xlsx,58
62,M17,2.48,0.0097,1.7,Dataset 17.xlsx,58
62,M18,4.94,0.0029,2.43,Dataset 18.xlsx,58
62,M19,4.66,0.0021,2.41,Dataset 19.xlsx,58
62,M20,5.35,0.0005,7.56,Dataset 20.xlsx,58
62,M21,4.65,0.0015,2.3,Dataset 21.xlsx,58
62,M22,7.61,0.0007,5.29,Dataset 22.xlsx,58
62,M23,5.29,0.0053,6.05,Dataset 23.xlsx,58
62,M24,7.95,0.0008,4.1,Dataset 24.xlsx,58
62,M25,7.23,0.0013,4.56,Dataset 25.xlsx,63
62,M26,5.26,0.001,5.74,Dataset 26.xlsx,63
62,M27,7.53,0.0041,4.83,Dataset 27.xlsx,63
62,M28,5.9,0.0014,6.56,Dataset 28.xlsx,63
62,M29,7.26,0,3.35,Dataset 29.xlsx,63
62,M30,4.68,0.01,2.46,Dataset 30.xlsx,63
63,M01,5.33,0.0053,3.2,Dataset 01.xlsx,59
63,M02,6.62,0.0019,6.23,Dataset 02.xlsx,59
63,M03,6.21,0.0032,3.57,Dataset 03.xlsx,59
63,M04,5.48,0.0028,2.96,Dataset 04.xlsx,59
63,M05,5.21,0.0027,2.98,Dataset 05.xlsx,59
63,M06,7.66,0.0018,4.47,Dataset 06.xlsx,59
63,M07,7.47,0.0013,4.45,Dataset 07.xlsx,59
63,M08,10.31,0.0006,10.33,Dataset 08.xlsx,59
63,M09,8.97,0.0006,8.62,Dataset 09.xlsx,59
63,M10,11.75,0.0019,7.7,Dataset 10.xlsx,59
63,M11,10.82,0.0026,7.17,Dataset 11.xlsx,59
63,M12,13.93,0.0022,13.79,Dataset 12.xlsx,59
63,M13,12.3,0.0026,8.69,Dataset 13.xlsx,59
63,M14,10.31,0.0018,12.75,Dataset 14.xlsx,59
63,M15,13.73,0.0021,7.58,Dataset 15.xlsx,59
63,M16,19.75,0.0007,14.8,Dataset 16.xlsx,59
63,M17,4.43,0.0054,3.82,Dataset 17.xlsx,59
63,M18,6.43,0.0011,3.47,Dataset 18.xlsx,59
63,M19,5.57,0.0041,3.08,Dataset 19.xlsx,59
63,M20,7.69,0.0013,11.3,Dataset 20.xlsx,59
63,M21,5.68,0.0036,3.03,Dataset 21.xlsx,59
63,M22,11.85,0.0015,8.79,Dataset 22.xlsx,59
63,M23,9.44,0.0007,11.58,Dataset 23.xlsx,59
63,M24,13.24,0.0018,7.49,Dataset 24.xlsx,59
63,M25,10.13,0.0022,6.79,Dataset 25.xlsx,64
63,M26,7.99,0.0019,9.24,Dataset 26.xlsx,64
63,M27,9.74,0.0015,6.55,Dataset 27.xlsx,64
63,M28,7.85,0.003,9.06,Dataset 28.xlsx,64
63,M29,10.36,0.0014,5.2,Dataset 29.xlsx,64
63,M30,5.68,0.0009,3.21,Dataset 30.xlsx,64
64,M01,6.21,0.0201,3.89,Dataset 01.xlsx,60
64,M02,8.62,0.0005,8.42,Dataset 02.xlsx,60
64,M03,8.17,0.0008,5.02,Dataset 03.xlsx,60
64,M04,7.32,0.0007,4.3,Dataset 04.xlsx,60
64,M05,7.13,0.0007,4.44,Dataset 05.xlsx,60
64,M06,9.79,0.0017,5.99,Dataset 06.xlsx,60
64,M07,10.93,0,6.98,Dataset 07.xlsx,60
64,M08,15.1,0.0004,15.59,Dataset 08.xlsx,60
64,M09,13.69,0.0024,13.68,Dataset 09.xlsx,60
64,M10,16.77,0.0004,11.42,Dataset 10.xlsx,60
64,M11,15.54,0.0011,10.72,Dataset 11.xlsx,60
64,M12,20.64,0.0014,20.91,Dataset 12.xlsx,60
64,M13,18.42,0.0011,13.5,Dataset 13.xlsx,60
64,M14,15.22,0.0011,19.29,Dataset 14.xlsx,60
64,M15,19.54,0,11.21,Dataset 15.xlsx,60
64,M16,42.23,0.001,32.78,Dataset 16.xlsx,60
64,M17,5.87,0.0046,5.38,Dataset 17.xlsx,60
64,M18,8.07,0,4.6,Dataset 18.xlsx,60
64,M19,5.7,0.0027,3.17,Dataset 19.xlsx,60
64,M20,9.32,0,13.91,Dataset 20.xlsx,60
64,M21,6.79,0.0021,3.81,Dataset 21.xlsx,60
64,M22,14.82,0.001,11.25,Dataset 22.xlsx,60
64,M23,14.21,0.002,17.95,Dataset 23.xlsx,60
64,M24,14.78,0,8.47,Dataset 24.xlsx,60
64,M25,12.25,0.0012,8.42,Dataset 25.xlsx,65
64,M26,10.86,0.0012,12.92,Dataset 26.xlsx,65
64,M27,12.84,0.0017,8.95,Dataset 27.xlsx,65
64,M28,10.83,0.0015,12.88,Dataset 28.xlsx,65
64,M29,13.29,0.0011,6.96,Dataset 29.xlsx,65
64,M30,7.63,0.0009,4.65,Dataset 30.xlsx,65
65,M01,5.39,0.0011,3.24,Dataset 01.xlsx,61
65,M02,7.29,0.0029,6.97,Dataset 02.xlsx,61
65,M03,6.24,0.0047,3.59,Dataset 03.xlsx,61
65,M04,5.73,0.001,3.14,Dataset 04.xlsx,61
65,M05,5.55,0.0027,3.24,Dataset 05.xlsx,61
65,M06,7.84,0.0027,4.6,Dataset 06.xlsx,61
65,M07,8.05,0.0016,4.88,Dataset 07.xlsx,61
65,M08,11.12,0.0006,11.22,Dataset 08.xlsx,61
65,M09,9.93,0.0015,9.65,Dataset 09.xlsx,61
65,M10,12.72,0.0026,8.42,Dataset 10.xlsx,61
65,M11,11.72,0.0018,7.84,Dataset 11.xlsx,61
65,M12,14.35,0.0013,14.23,Dataset 12.xlsx,61
65,M13,13.7,0.0017,9.79,Dataset 13.xlsx,61
65,M14,11.02,0.0014,13.69,Dataset 14.xlsx,61
65,M15,13.76,0.0021,7.6,Dataset 15.xlsx,61
65,M16,28.23,0.0006,21.58,Dataset 16.xlsx,61
65,M17,4.47,0.0069,3.86,Dataset 17.xlsx,61
65,M18,6.44,0.0044,3.47,Dataset 18.xlsx,61
65,M19,4.93,0.0012,2.61,Dataset 19.xlsx,61
65,M20,7.15,0.0014,10.44,Dataset 20.xlsx,61
65,M21,5.11,0.0014,2.62,Dataset 21.xlsx,61
65,M22,11.26,0.0013,8.31,Dataset 22.xlsx,61
65,M23,9.45,0.0006,11.6,Dataset 23.xlsx,61
65,M24,11.29,0.0021,6.24,Dataset 24.xlsx,61
65,M25,10.73,0.0007,7.25,Dataset 25.xlsx,66
65,M26,9.1,0.0014,10.67,Dataset 26.xlsx,66
65,M27,10.32,0.0034,7,Dataset 27.xlsx,66
65,M28,8.58,0.001,10,Dataset 28.xlsx,66
65,M29,10.08,0.0007,5.03,Dataset 29.xlsx,66
65,M30,6.16,0.0018,3.56,Dataset 30.xlsx,66
66,M01,3.99,0.0053,2.14,Dataset 01.xlsx,62
66,M02,4.44,0.0058,3.85,Dataset 02.xlsx,62
66,M03,4.42,0.0023,2.26,Dataset 03.xlsx,62
66,M04,4.1,0.0012,1.96,Dataset 04.xlsx,62
66,M05,3.67,0.0039,1.8,Dataset 05.xlsx,62
66,M06,5.7,0.0025,3.07,Dataset 06.xlsx,62
66,M07,4.95,0.0076,2.61,Dataset 07.xlsx,62
66,M08,4.7,0.0014,4.16,Dataset 08.xlsx,62
66,M09,3.35,0.0042,2.59,Dataset 09.xlsx,62
66,M10,6.27,0.0019,3.64,Dataset 10.xlsx,62
66,M11,4.36,0,2.29,Dataset 11.xlsx,62
66,M12,4.64,0.0018,3.93,Dataset 12.xlsx,62
66,M13,6.06,0,3.77,Dataset 13.xlsx,62
66,M14,3.74,0.014,3.99,Dataset 14.xlsx,62
66,M15,6.27,0.0011,2.92,Dataset 15.xlsx,62
66,M16,7.3,0.0007,4.84,Dataset 16.xlsx,62
66,M17,2.09,0.0115,1.27,Dataset 17.xlsx,62
66,M18,4.72,0,2.28,Dataset 18.xlsx,62
66,M19,4.5,0.0029,2.29,Dataset 19.xlsx,62
66,M20,4.83,0.0005,6.72,Dataset 20.xlsx,62
66,M21,4.55,0.0016,2.22,Dataset 21.xlsx,62
66,M22,7.06,0.0069,4.83,Dataset 22.xlsx,62
66,M23,4.76,0.003,5.35,Dataset 23.xlsx,62
66,M24,7.4,0.0008,3.74,Dataset 24.xlsx,62
66,M25,4.05,0.0022,2.12,Dataset 25.xlsx,67
66,M26,2.99,0.0144,2.83,Dataset 26.xlsx,67
66,M27,5.63,0.0038,3.36,Dataset 27.xlsx,67
66,M28,3.19,0.0026,3.09,Dataset 28.xlsx,67
66,M29,6.01,0,2.6,Dataset 29.xlsx,67
66,M30,2.23,0,0.65,Dataset 30.xlsx,67
67,M01,6.4,0.0022,4.04,Dataset 01.xlsx,63
67,M02,8.41,0.0006,8.19,Dataset 02.xlsx,63
67,M03,7.83,0.0005,4.76,Dataset 03.xlsx,63
67,M04,7.16,0.0007,4.18,Dataset 04.xlsx,63
67,M05,7.06,0,4.39,Dataset 05.xlsx,63
67,M06,9.9,0,6.07,Dataset 06.xlsx,63
67,M07,10.32,0.0021,6.53,Dataset 07.xlsx,63
67,M08,14.12,0.0005,14.52,Dataset 08.xlsx,63
67,M09,12.92,0.0009,12.86,Dataset 09.xlsx,63
67,M10,15.95,0.0003,10.81,Dataset 10.xlsx,63
67,M11,14.91,0.0005,10.25,Dataset 11.xlsx,63
67,M12,18.78,0.0012,18.94,Dataset 12.xlsx,63
67,M13,18.02,0.0004,13.19,Dataset 13.xlsx,63
67,M14,14.57,0.0007,18.43,Dataset 14.xlsx,63
67,M15,18.21,0.0005,10.38,Dataset 15.xlsx,63
67,M16,39.6,0.0002,30.68,Dataset 16.xlsx,63
67,M17,5.72,0.0017,5.22,Dataset 17.xlsx,63
67,M18,7.76,0.0009,4.39,Dataset 18.xlsx,63
67,M19,5.85,0.001,3.28,Dataset 19.xlsx,63
67,M20,7.78,0.0004,11.45,Dataset 20.xlsx,63
67,M21,5.69,0.0025,3.03,Dataset 21.xlsx,63
67,M22,11.99,0.0008,8.91,Dataset 22.xlsx,63
67,M23,10.13,0,12.51,Dataset 23.xlsx,63
67,M24,12.07,0.0007,6.74,Dataset 24.xlsx,63
67,M25,12.5,0.0011,8.62,Dataset 25.xlsx,68
67,M26,10.92,0.0007,13,Dataset 26.xlsx,68
67,M27,13.08,0.0017,9.14,Dataset 27.xlsx,68
67,M28,10.83,0.0015,12.88,Dataset 28.xlsx,68
67,M29,13.01,0.0005,6.79,Dataset 29.xlsx,68
67,M30,7.84,0.0014,4.81,Dataset 30.xlsx,68
68,M01,4.85,0.0015,2.82,Dataset 01.xlsx,64
68,M02,6.36,0.0008,5.95,Dataset 02.xlsx,64
68,M03,5.45,0.0015,3.01,Dataset 03.xlsx,64
68,M04,5.22,0.0019,2.77,Dataset 04.xlsx,64
68,M05,5.07,0.003,2.87,Dataset 05.xlsx,64
68,M06,6.89,0,3.92,Dataset 06.xlsx,64
68,M07,6.96,0.001,4.08,Dataset 07.xlsx,64
68,M08,8.9,0.0007,8.77,Dataset 08.xlsx,64
68,M09,7.94,0.0019,7.51,Dataset 09.xlsx,64
68,M10,10.53,0.0009,6.8,Dataset 10.xlsx,64
68,M11,9.65,0.0014,6.28,Dataset 11.xlsx,64
68,M12,10.62,0.0018,10.27,Dataset 12.xlsx,64
68,M13,10.86,0.0013,7.55,Dataset 13.xlsx,64
68,M14,8.24,0.0021,9.99,Dataset 14.xlsx,64
68,M15,10.91,0.0016,5.82,Dataset 15.xlsx,64
68,M16,19.24,0.0008,14.39,Dataset 16.xlsx,64
68,M17,3.57,0.0028,2.88,Dataset 17.xlsx,64
68,M18,5.64,0.005,2.91,Dataset 18.xlsx,64
68,M19,5.34,0.0028,2.91,Dataset 19.xlsx,64
68,M20,7.1,0.0008,10.36,Dataset 20.xlsx,64
68,M21,5.39,0,2.82,Dataset 21.xlsx,64
68,M22,10.94,0.0015,8.04,Dataset 22.xlsx,64
68,M23,8.87,0.0007,10.83,Dataset 23.xlsx,64
68,M24,11.07,0.0013,6.1,Dataset 24.xlsx,64
68,M25,6.88,0.0004,4.29,Dataset 25.xlsx,69
68,M26,4.45,0.0032,4.71,Dataset 26.xlsx,69
68,M27,7.3,0.001,4.66,Dataset 27.xlsx,69
68,M28,5.78,0,6.41,Dataset 28.xlsx,69
68,M29,7.24,0,3.34,Dataset 29.xlsx,69
68,M30,3.62,0.0009,1.68,Dataset 30.xlsx,69
69,M01,7.69,0.0018,5.06,Dataset 01.xlsx,65
69,M02,10.29,0.0005,10.24,Dataset 02.xlsx,65
69,M03,11.18,0.0007,7.23,Dataset 03.xlsx,65
69,M04,10.17,0.0006,6.35,Dataset 04.xlsx,65
69,M05,10.23,0,6.81,Dataset 05.xlsx,65
69,M06,13.75,0,8.82,Dataset 06.xlsx,65
69,M07,15.41,0,10.24,Dataset 07.xlsx,65
69,M08,19.78,0.0003,20.74,Dataset 08.xlsx,65
69,M09,18.36,0.0008,18.69,Dataset 09.xlsx,65
69,M10,21.45,0.0004,14.89,Dataset 10.xlsx,65
69,M11,20.4,0,14.4,Dataset 11.xlsx,65
69,M12,28.35,0.0003,29.1,Dataset 12.xlsx,65
69,M13,28.65,0,21.56,Dataset 13.xlsx,65
69,M14,24.95,0.0002,32.27,Dataset 14.xlsx,65
69,M15,29.32,0.0002,17.32,Dataset 15.xlsx,65
69,M16,57.18,0.0002,44.74,Dataset 16.xlsx,65
69,M17,7.72,0.0013,7.39,Dataset 17.xlsx,65
69,M18,10.7,0,6.43,Dataset 18.xlsx,65
69,M19,9.31,0.0006,5.82,Dataset 19.xlsx,65
69,M20,11.44,0.0002,17.3,Dataset 20.xlsx,65
69,M21,8.64,0.0025,5.12,Dataset 21.xlsx,65
69,M22,21.28,0.0003,16.59,Dataset 22.xlsx,65
69,M23,17.99,0.0004,22.98,Dataset 23.xlsx,65
69,M24,22.08,0.0003,13.15,Dataset 24.xlsx,65
69,M25,14.81,0.0015,10.39,Dataset 25.xlsx,70
69,M26,13.47,0.0004,16.27,Dataset 26.xlsx,70
69,M27,17.82,0.0007,12.81,Dataset 27.xlsx,70
69,M28,15.75,0.0016,19.19,Dataset 28.xlsx,70
69,M29,17.95,0,9.75,Dataset 29.xlsx,70
69,M30,11.22,0.0009,7.31,Dataset 30.xlsx,70
70,M01,4.09,0.0052,2.22,Dataset 01.xlsx,66
70,M02,4.83,0.0043,4.28,Dataset 02.xlsx,66
70,M03,4.57,0.0011,2.37,Dataset 03.xlsx,66
70,M04,4.33,0.0019,2.13,Dataset 04.xlsx,66
70,M05,4.02,0.0018,2.06,Dataset 05.xlsx,66
70,M06,5.84,0.0036,3.17,Dataset 06.xlsx,66
70,M07,5.3,0.0053,2.87,Dataset 07.xlsx,66
70,M08,5.62,0.0012,5.18,Dataset 08.xlsx,66
70,M09,4.31,0.0068,3.62,Dataset 09.xlsx,66
70,M10,7.12,0.0008,4.27,Dataset 10.xlsx,66
70,M11,5.62,0.0063,3.24,Dataset 11.xlsx,66
70,M12,5.71,0.0061,5.06,Dataset 12.xlsx,66
70,M13,6.78,0.0059,4.34,Dataset 13.xlsx,66
70,M14,4.38,0.027,4.84,Dataset 14.xlsx,66
70,M15,6.99,0.001,3.37,Dataset 15.xlsx,66
70,M16,8.87,0.0033,6.1,Dataset 16.xlsx,66
70,M17,2.3,0.0135,1.49,Dataset 17.xlsx,66
70,M18,4.86,0.0058,2.37,Dataset 18.xlsx,66
70,M19,4.57,0.0022,2.35,Dataset 19.xlsx,66
70,M20,5.31,0.0005,7.5,Dataset 20.xlsx,66
70,M21,4.63,0.0015,2.28,Dataset 21.xlsx,66
70,M22,7.53,0.0146,5.22,Dataset 22.xlsx,66
70,M23,5.29,0,6.05,Dataset 23.xlsx,66
70,M24,7.8,0.0008,4,Dataset 24.xlsx,66
70,M25,6.67,0.0012,4.13,Dataset 25.xlsx,71
70,M26,4.85,0.02,5.22,Dataset 26.xlsx,71
70,M27,7.06,0.003,4.47,Dataset 27.xlsx,71
70,M28,5.43,0.0015,5.96,Dataset 28.xlsx,71
70,M29,6.93,0.001,3.15,Dataset 29.xlsx,71
70,M30,4.27,0.003,2.16,Dataset 30.xlsx,71
71,M01,6.07,0.0012,3.78,Dataset 01.xlsx,67
71,M02,7.98,0.0007,7.72,Dataset 02.xlsx,67
71,M03,7.21,0.0014,4.31,Dataset 03.xlsx,67
71,M04,6.57,0.0015,3.75,Dataset 04.xlsx,67
71,M05,6.48,0,3.95,Dataset 05.xlsx,67
71,M06,9.13,0,5.52,Dataset 06.xlsx,67
71,M07,9.45,0.0007,5.9,Dataset 07.xlsx,67
71,M08,12.95,0.0005,13.23,Dataset 08.xlsx,67
71,M09,11.84,0.0025,11.7,Dataset 09.xlsx,67
71,M10,14.77,0.0008,9.94,Dataset 10.xlsx,67
71,M11,13.79,0.0015,9.4,Dataset 11.xlsx,67
71,M12,16.87,0.0013,16.91,Dataset 12.xlsx,67
71,M13,16.27,0.0015,11.81,Dataset 13.xlsx,67
71,M14,13.17,0.004,16.56,Dataset 14.xlsx,67
71,M15,16.47,0.0009,9.29,Dataset 15.xlsx,67
71,M16,34.83,0.0002,26.86,Dataset 16.xlsx,67
71,M17,5.22,0.0019,4.67,Dataset 17.xlsx,67
71,M18,7.13,0.001,3.95,Dataset 18.xlsx,67
71,M19,5.87,0.0034,3.3,Dataset 19.xlsx,67
71,M20,8.79,0.0006,13.06,Dataset 20.xlsx,67
71,M21,6.4,0.0011,3.54,Dataset 21.xlsx,67
71,M22,14.49,0.0034,10.98,Dataset 22.xlsx,67
71,M23,12.01,0.0012,15.01,Dataset 23.xlsx,67
71,M24,14.36,0.0008,8.21,Dataset 24.xlsx,67
71,M25,11.91,0.0007,8.16,Dataset 25.xlsx,72
71,M26,10.34,0.0042,12.26,Dataset 26.xlsx,72
71,M27,12.12,0.0012,8.4,Dataset 27.xlsx,72
71,M28,10,0.0008,11.82,Dataset 28.xlsx,72
71,M29,12.05,0.0006,6.21,Dataset 29.xlsx,72
71,M30,7.21,0.0008,4.34,Dataset 30.xlsx,72
72,M01,7.96,0.0018,5.27,Dataset 01.xlsx,68
72,M02,10.6,0.0005,10.58,Dataset 02.xlsx,68
72,M03,11.83,0.0004,7.71,Dataset 03.xlsx,68
72,M04,10.85,0,6.85,Dataset 04.xlsx,68
72,M05,11.01,0,7.4,Dataset 05.xlsx,68
72,M06,14.48,0,9.34,Dataset 06.xlsx,68
72,M07,16.41,0.0017,10.97,Dataset 07.xlsx,68
72,M08,20.75,0.0003,21.8,Dataset 08.xlsx,68
72,M09,19.38,0.0016,19.79,Dataset 09.xlsx,68
72,M10,22.37,0.0003,15.57,Dataset 10.xlsx,68
72,M11,21.47,0.0003,15.2,Dataset 11.xlsx,68
72,M12,30,0.0003,30.85,Dataset 12.xlsx,68
72,M13,30.76,0.0003,23.22,Dataset 13.xlsx,68
72,M14,27.22,0.0002,35.29,Dataset 14.xlsx,68
72,M15,31.43,0.0002,18.64,Dataset 15.xlsx,68
72,M16,59.54,0.0001,46.63,Dataset 16.xlsx,68
72,M17,8.15,0.0012,7.86,Dataset 17.xlsx,68
72,M18,11.32,0.0009,6.86,Dataset 18.xlsx,68
72,M19,10.34,0,6.58,Dataset 19.xlsx,68
72,M20,12.33,0.0002,18.72,Dataset 20.xlsx,68
72,M21,9.5,0.0007,5.74,Dataset 21.xlsx,68
72,M22,24.07,0.0002,18.89,Dataset 22.xlsx,68
72,M23,20.52,0.0007,26.36,Dataset 23.xlsx,68
72,M24,24.93,0.0002,14.98,Dataset 24.xlsx,68
72,M25,15.22,0.0005,10.71,Dataset 25.xlsx,73
72,M26,13.94,0.0004,16.87,Dataset 26.xlsx,73
72,M27,18.69,0.0003,13.49,Dataset 27.xlsx,73
72,M28,16.73,0.0005,20.45,Dataset 28.xlsx,73
72,M29,18.84,0.0004,10.28,Dataset 29.xlsx,73
72,M30,11.87,0.0025,7.79,Dataset 30.xlsx,73
73,M01,6.93,0.002,4.46,Dataset 01.xlsx,69
73,M02,9.25,0.001,9.11,Dataset 02.xlsx,69
73,M03,9.36,0.0008,5.89,Dataset 03.xlsx,69
73,M04,8.16,0.0012,4.9,Dataset 04.xlsx,69
73,M05,8.46,0.0006,5.46,Dataset 05.xlsx,69
73,M06,11.62,0.0016,7.3,Dataset 06.xlsx,69
73,M07,12.66,0,8.24,Dataset 07.xlsx,69
73,M08,16.96,0.0004,17.64,Dataset 08.xlsx,69
73,M09,15.81,0.0005,15.95,Dataset 09.xlsx,69
73,M10,18.68,0.0005,12.84,Dataset 10.xlsx,69
73,M11,17.14,0.0004,11.94,Dataset 11.xlsx,69
73,M12,23.51,0.0013,23.95,Dataset 12.xlsx,69
73,M13,22.73,0.0003,16.9,Dataset 13.xlsx,69
73,M14,19.02,0.0026,24.36,Dataset 14.xlsx,69
73,M15,22.98,0.0003,13.36,Dataset 15.xlsx,69
73,M16,49.87,0.0002,38.9,Dataset 16.xlsx,69
73,M17,6.73,0.0042,6.31,Dataset 17.xlsx,69
73,M18,9.21,0.0019,5.39,Dataset 18.xlsx,69
73,M19,7.16,0.0007,4.24,Dataset 19.xlsx,69
73,M20,8.78,0.0003,13.05,Dataset 20.xlsx,69
73,M21,6.18,0.0011,3.38,Dataset 21.xlsx,69
73,M22,13.98,0.0033,10.55,Dataset 22.xlsx,69
73,M23,11.93,0.0015,14.91,Dataset 23.xlsx,69
73,M24,14.14,0.0004,8.06,Dataset 24.xlsx,69
73,M25,13.44,0.0006,9.34,Dataset 25.xlsx,74
73,M26,12.02,0.0034,14.41,Dataset 26.xlsx,74
73,M27,14.97,0.0014,10.6,Dataset 27.xlsx,74
73,M28,12.78,0.0006,15.38,Dataset 28.xlsx,74
73,M29,14.8,0.001,7.86,Dataset 29.xlsx,74
73,M30,9.39,0.0008,5.96,Dataset 30.xlsx,74
74,M01,6.8,0.0022,4.35,Dataset 01.xlsx,70
74,M02,8.99,0.0006,8.83,Dataset 02.xlsx,70
74,M03,8.76,0.0005,5.45,Dataset 03.xlsx,70
74,M04,7.92,0.0015,4.73,Dataset 04.xlsx,70
74,M05,7.87,0,5.01,Dataset 05.xlsx,70
74,M06,11,0.0019,6.85,Dataset 06.xlsx,70
74,M07,11.7,0,7.54,Dataset 07.xlsx,70
74,M08,15.77,0.0004,16.32,Dataset 08.xlsx,70
74,M09,14.37,0.0007,14.4,Dataset 09.xlsx,70
74,M10,17.59,0.0003,12.03,Dataset 10.xlsx,70
74,M11,16.6,0.0009,11.52,Dataset 11.xlsx,70
74,M12,21.43,0.001,21.75,Dataset 12.xlsx,70
74,M13,20.78,0.0008,15.36,Dataset 13.xlsx,70
74,M14,16.97,0.0004,21.63,Dataset 14.xlsx,70
74,M15,21.41,0.0003,12.38,Dataset 15.xlsx,70
74,M16,45.77,0.0002,35.62,Dataset 16.xlsx,70
74,M17,6.27,0.005,5.82,Dataset 17.xlsx,70
74,M18,8.55,0.0008,4.94,Dataset 18.xlsx,70
74,M19,7.34,0.0008,4.37,Dataset 19.xlsx,70
74,M20,9.58,0.0003,14.33,Dataset 20.xlsx,70
74,M21,7.04,0.001,3.99,Dataset 21.xlsx,70
74,M22,16.08,0.0004,12.29,Dataset 22.xlsx,70
74,M23,13.35,0.0005,16.79,Dataset 23.xlsx,70
74,M24,16.66,0.0004,9.68,Dataset 24.xlsx,70
74,M25,13.23,0.0007,9.18,Dataset 25.xlsx,75
74,M26,11.71,0.0005,14.01,Dataset 26.xlsx,75
74,M27,14.45,0.0005,10.2,Dataset 27.xlsx,75
74,M28,12.18,0.0007,14.62,Dataset 28.xlsx,75
74,M29,14.58,0.0024,7.73,Dataset 29.xlsx,75
74,M30,8.76,0.0041,5.49,Dataset 30.xlsx,75
75,M01,6.41,0.0044,4.05,Dataset 01.xlsx,71
75,M02,8.39,0.001,8.17,Dataset 02.xlsx,71
75,M03,7.8,0.0011,4.74,Dataset 03.xlsx,71
75,M04,7.11,0.0014,4.14,Dataset 04.xlsx,71
75,M05,7.01,0,4.35,Dataset 05.xlsx,71
75,M06,9.91,0,6.08,Dataset 06.xlsx,71
75,M07,10.22,0.0021,6.46,Dataset 07.xlsx,71
75,M08,13.89,0.0005,14.26,Dataset 08.xlsx,71
75,M09,12.64,0.0003,12.55,Dataset 09.xlsx,71
75,M10,15.8,0.0006,10.7,Dataset 10.xlsx,71
75,M11,14.78,0,10.15,Dataset 11.xlsx,71
75,M12,18.29,0.0013,18.41,Dataset 12.xlsx,71
75,M13,17.83,0,13.04,Dataset 13.xlsx,71
75,M14,14.3,0.0008,18.07,Dataset 14.xlsx,71
75,M15,18.14,0.0016,10.34,Dataset 15.xlsx,71
75,M16,38.33,0.0002,29.66,Dataset 16.xlsx,71
75,M17,5.64,0.0017,5.13,Dataset 17.xlsx,71
75,M18,7.71,0.0009,4.35,Dataset 18.xlsx,71
75,M19,6.02,0,3.41,Dataset 19.xlsx,71
75,M20,8.02,0.0012,11.83,Dataset 20.xlsx,71
75,M21,5.75,0.0037,3.08,Dataset 21.xlsx,71
75,M22,12.48,0.0009,9.31,Dataset 22.xlsx,71
75,M23,10.42,0,12.89,Dataset 23.xlsx,71
75,M24,12.65,0.0019,7.11,Dataset 24.xlsx,71
75,M25,12.5,0.0018,8.62,Dataset 25.xlsx,76
75,M26,10.86,0.0009,12.92,Dataset 26.xlsx,76
75,M27,13.06,0.0011,9.12,Dataset 27.xlsx,76
75,M28,10.77,0.0023,12.81,Dataset 28.xlsx,76
75,M29,13.03,0.0016,6.8,Dataset 29.xlsx,76
75,M30,7.8,0.0041,4.78,Dataset 30.xlsx,76
76,M01,5.84,0.0039,3.6,Dataset 01.xlsx,72
76,M02,7.74,0.0016,7.45,Dataset 02.xlsx,72
76,M03,6.84,0.0024,4.04,Dataset 03.xlsx,72
76,M04,6.18,0.0017,3.47,Dataset 04.xlsx,72
76,M05,5.97,0.0024,3.56,Dataset 05.xlsx,72
76,M06,8.63,0,5.16,Dataset 06.xlsx,72
76,M07,8.96,0.0008,5.54,Dataset 07.xlsx,72
76,M08,12.5,0.0005,12.74,Dataset 08.xlsx,72
76,M09,11.06,0.0009,10.86,Dataset 09.xlsx,72
76,M10,14.2,0.0013,9.51,Dataset 10.xlsx,72
76,M11,12.79,0.0094,8.65,Dataset 11.xlsx,72
76,M12,16.31,0.0009,16.31,Dataset 12.xlsx,72
76,M13,15.35,0.0088,11.09,Dataset 13.xlsx,72
76,M14,12.58,0.0012,15.77,Dataset 14.xlsx,72
76,M15,15.38,0.0009,8.61,Dataset 15.xlsx,72
76,M16,33.62,0.0005,25.9,Dataset 16.xlsx,72
76,M17,4.78,0.0021,4.19,Dataset 17.xlsx,72
76,M18,6.72,0.0021,3.67,Dataset 18.xlsx,72
76,M19,5.6,0.0015,3.1,Dataset 19.xlsx,72
76,M20,7.54,0.0006,11.06,Dataset 20.xlsx,72
76,M21,5.49,0.0013,2.89,Dataset 21.xlsx,72
76,M22,11.6,0.0012,8.59,Dataset 22.xlsx,72
76,M23,9.89,0,12.19,Dataset 23.xlsx,72
76,M24,11.61,0.001,6.44,Dataset 24.xlsx,72
76,M25,11.37,0.0016,7.75,Dataset 25.xlsx,77
76,M26,9.85,0.0013,11.63,Dataset 26.xlsx,77
76,M27,11.32,0.0025,7.78,Dataset 27.xlsx,77
76,M28,9.37,0.0009,11.01,Dataset 28.xlsx,77
76,M29,11.18,0.0038,5.69,Dataset 29.xlsx,77
76,M30,6.62,0.003,3.9,Dataset 30.xlsx,77
77,M01,6.49,0.0026,4.11,Dataset 01.xlsx,73
77,M02,8.61,0.0023,8.41,Dataset 02.xlsx,73
77,M03,8.12,0.0022,4.98,Dataset 03.xlsx,73
77,M04,7.32,0.0015,4.3,Dataset 04.xlsx,73
77,M05,7.17,0.0011,4.47,Dataset 05.xlsx,73
77,M06,10.23,0,6.31,Dataset 06.xlsx,73
77,M07,10.8,0.002,6.88,Dataset 07.xlsx,73
77,M08,14.84,0.0004,15.31,Dataset 08.xlsx,73
77,M09,13.48,0.0004,13.46,Dataset 09.xlsx,73
77,M10,16.58,0.0013,11.28,Dataset 10.xlsx,73
77,M11,15.42,0.0013,10.64,Dataset 11.xlsx,73
77,M12,20.06,0.0006,20.29,Dataset 12.xlsx,73
77,M13,19.03,0.0012,13.98,Dataset 13.xlsx,73
77,M14,15.62,0.0006,19.83,Dataset 14.xlsx,73
77,M15,19.52,0.0011,11.2,Dataset 15.xlsx,73
77,M16,42.92,0.0001,33.34,Dataset 16.xlsx,73
77,M17,5.79,0.0017,5.29,Dataset 17.xlsx,73
77,M18,7.94,0.0009,4.51,Dataset 18.xlsx,73
77,M19,6.51,0.0015,3.77,Dataset 19.xlsx,73
77,M20,8.72,0.0008,12.94,Dataset 20.xlsx,73
77,M21,6.25,0.0136,3.43,Dataset 21.xlsx,73
77,M22,13.86,0.0007,10.45,Dataset 22.xlsx,73
77,M23,11.68,0.0006,14.57,Dataset 23.xlsx,73
77,M24,14.22,0.0013,8.12,Dataset 24.xlsx,73
77,M25,12.43,0.007,8.56,Dataset 25.xlsx,78
77,M26,10.92,0.0007,13,Dataset 26.xlsx,78
77,M27,12.97,0.0024,9.05,Dataset 27.xlsx,78
77,M28,10.83,0.0091,12.88,Dataset 28.xlsx,78
77,M29,12.95,0.0033,6.75,Dataset 29.xlsx,78
77,M30,7.8,0.0008,4.77,Dataset 30.xlsx,78
78,M01,5.54,0.006,3.36,Dataset 01.xlsx,74
78,M02,7.41,0.0017,7.1,Dataset 02.xlsx,74
78,M03,6.42,0.002,3.73,Dataset 03.xlsx,74
78,M04,5.81,0.0029,3.2,Dataset 04.xlsx,74
78,M05,5.57,0,3.25,Dataset 05.xlsx,74
78,M06,8.12,0.0009,4.8,Dataset 06.xlsx,74
78,M07,8.33,0.0025,5.08,Dataset 07.xlsx,74
78,M08,11.48,0.0006,11.61,Dataset 08.xlsx,74
78,M09,9.88,0.0005,9.59,Dataset 09.xlsx,74
78,M10,13.24,0.0011,8.8,Dataset 10.xlsx,74
78,M11,11.56,0.0006,7.72,Dataset 11.xlsx,74
78,M12,14.76,0.0026,14.67,Dataset 12.xlsx,74
78,M13,14.02,0.0006,10.04,Dataset 13.xlsx,74
78,M14,11.34,0.0011,14.12,Dataset 14.xlsx,74
78,M15,14.1,0.0015,7.81,Dataset 15.xlsx,74
78,M16,29.16,0.0008,22.33,Dataset 16.xlsx,74
78,M17,4.43,0.0038,3.82,Dataset 17.xlsx,74
78,M18,6.37,0.0011,3.42,Dataset 18.xlsx,74
78,M19,5.38,0.0037,2.94,Dataset 19.xlsx,74
78,M20,7.13,0.001,10.4,Dataset 20.xlsx,74
78,M21,5.28,0.0039,2.74,Dataset 21.xlsx,74
78,M22,10.86,0.001,7.98,Dataset 22.xlsx,74
78,M23,9.06,0.0008,11.07,Dataset 23.xlsx,74
78,M24,10.88,0.0017,5.97,Dataset 24.xlsx,74
78,M25,6.42,0.0036,3.94,Dataset 25.xlsx,79
78,M26,4.7,0.0021,5.03,Dataset 26.xlsx,79
78,M27,6.96,0.0041,4.4,Dataset 27.xlsx,79
78,M28,5.39,0.0044,5.91,Dataset 28.xlsx,79
78,M29,6.98,0.002,3.18,Dataset 29.xlsx,79
78,M30,4.24,0.0016,2.14,Dataset 30.xlsx,79
79,M01,5.08,0.0028,3,Dataset 01.xlsx,75
79,M02,6.75,0.0009,6.38,Dataset 02.xlsx,75
79,M03,5.75,0.002,3.23,Dataset 03.xlsx,75
79,M04,5.2,0.0025,2.76,Dataset 04.xlsx,75
79,M05,5.01,0.0042,2.82,Dataset 05.xlsx,75
79,M06,7.27,0.001,4.19,Dataset 06.xlsx,75
79,M07,7.41,0.001,4.41,Dataset 07.xlsx,75
79,M08,10.03,0.0007,10.02,Dataset 08.xlsx,75
79,M09,8.16,0.0016,7.75,Dataset 09.xlsx,75
79,M10,11.6,0.0011,7.59,Dataset 10.xlsx,75
79,M11,10.01,0.0021,6.55,Dataset 11.xlsx,75
79,M12,12.52,0.0015,12.29,Dataset 12.xlsx,75
79,M13,12.01,0.002,8.46,Dataset 13.xlsx,75
79,M14,9.49,0.0012,11.65,Dataset 14.xlsx,75
79,M15,11.84,0.0006,6.4,Dataset 15.xlsx,75
79,M16,23.53,0.0002,17.82,Dataset 16.xlsx,75
79,M17,3.54,0.0048,2.84,Dataset 17.xlsx,75
79,M18,5.61,0.0013,2.9,Dataset 18.xlsx,75
79,M19,4.73,0.0012,2.46,Dataset 19.xlsx,75
79,M20,5.76,0.0004,8.21,Dataset 20.xlsx,75
79,M21,4.63,0.0046,2.28,Dataset 21.xlsx,75
79,M22,8.31,0.0013,5.87,Dataset 22.xlsx,75
79,M23,6.85,0.0041,8.13,Dataset 23.xlsx,75
79,M24,8.13,0.0007,4.21,Dataset 24.xlsx,75
79,M25,10.04,0.0022,6.72,Dataset 25.xlsx,80
79,M26,8.32,0.0012,9.67,Dataset 26.xlsx,80
79,M27,9.52,0.0022,6.38,Dataset 27.xlsx,80
79,M28,7.92,0.0031,9.15,Dataset 28.xlsx,80
79,M29,9.15,0,4.48,Dataset 29.xlsx,80
79,M30,5.75,0,3.26,Dataset 30.xlsx,80
80,M01,5.92,0.0012,3.66,Dataset 01.xlsx,76
80,M02,8.17,0.0006,7.93,Dataset 02.xlsx,76
80,M03,7.57,0.0012,4.57,Dataset 03.xlsx,76
80,M04,6.93,0.0013,4.01,Dataset 04.xlsx,76
80,M05,6.63,0.0011,4.06,Dataset 05.xlsx,76
80,M06,8.99,0.0008,5.42,Dataset 06.xlsx,76
80,M07,9.99,0.0014,6.29,Dataset 07.xlsx,76
80,M08,13.46,0.0005,13.79,Dataset 08.xlsx,76
80,M09,11.95,0.0009,11.81,Dataset 09.xlsx,76
80,M10,15.46,0.0007,10.45,Dataset 10.xlsx,76
80,M11,13.99,0,9.56,Dataset 11.xlsx,76
80,M12,17.53,0.0003,17.61,Dataset 12.xlsx,76
80,M13,15.88,0,11.5,Dataset 13.xlsx,76
80,M14,12.66,0.0008,15.88,Dataset 14.xlsx,76
80,M15,17.46,0.0008,9.91,Dataset 15.xlsx,76
80,M16,31.36,0.0003,24.09,Dataset 16.xlsx,76
80,M17,5.49,0.0031,4.96,Dataset 17.xlsx,76
80,M18,7.6,0.0037,4.27,Dataset 18.xlsx,76
80,M19,5.46,0.0018,3,Dataset 19.xlsx,76
80,M20,7.57,0.0006,11.11,Dataset 20.xlsx,76
80,M21,5.59,0.0013,2.96,Dataset 21.xlsx,76
80,M22,11.67,0.0008,8.64,Dataset 22.xlsx,76
80,M23,9.6,0,11.8,Dataset 23.xlsx,76
80,M24,12.44,0.001,6.97,Dataset 24.xlsx,76
80,M25,11.58,0.0007,7.91,Dataset 25.xlsx,81
80,M26,9.99,0.0008,11.81,Dataset 26.xlsx,81
80,M27,11.65,0.0006,8.03,Dataset 27.xlsx,81
80,M28,9.58,0.0009,11.28,Dataset 28.xlsx,81
80,M29,12.32,0.0017,6.37,Dataset 29.xlsx,81
80,M30,6.93,0.0016,4.13,Dataset 30.xlsx,81
81,M01,4.3,0.0102,2.39,Dataset 01.xlsx,77
81,M02,5.09,0.0034,4.56,Dataset 02.xlsx,77
81,M03,4.8,0.0016,2.53,Dataset 03.xlsx,77
81,M04,4.49,0.0142,2.25,Dataset 04.xlsx,77
81,M05,4.24,0.0017,2.23,Dataset 05.xlsx,77
81,M06,6.11,0,3.36,Dataset 06.xlsx,77
81,M07,5.71,0,3.17,Dataset 07.xlsx,77
81,M08,6.22,0.0011,5.84,Dataset 08.xlsx,77
81,M09,4.53,0.0011,3.85,Dataset 09.xlsx,77
81,M10,7.71,0.0011,4.71,Dataset 10.xlsx,77
81,M11,5.84,0.0036,3.4,Dataset 11.xlsx,77
81,M12,6.25,0.003,5.63,Dataset 12.xlsx,77
81,M13,7.66,0.0031,5.03,Dataset 13.xlsx,77
81,M14,4.84,0.0337,5.45,Dataset 14.xlsx,77
81,M15,7.92,0.0018,3.95,Dataset 15.xlsx,77
81,M16,11.53,0.0011,8.22,Dataset 16.xlsx,77
81,M17,2.62,0.0038,1.85,Dataset 17.xlsx,77
81,M18,5.05,0.0028,2.5,Dataset 18.xlsx,77
81,M19,4.77,0.0044,2.5,Dataset 19.xlsx,77
81,M20,5.55,0.0009,7.88,Dataset 20.xlsx,77
81,M21,4.76,0.0015,2.38,Dataset 21.xlsx,77
81,M22,8.16,0.0186,5.74,Dataset 22.xlsx,77
81,M23,5.9,0.0024,6.87,Dataset 23.xlsx,77
81,M24,8.33,0.0015,4.34,Dataset 24.xlsx,77
81,M25,6.93,0.0011,4.33,Dataset 25.xlsx,82
81,M26,4.96,0.027,5.36,Dataset 26.xlsx,82
81,M27,7.32,0,4.67,Dataset 27.xlsx,82
81,M28,5.58,0.0015,6.15,Dataset 28.xlsx,82
81,M29,7.24,0,3.34,Dataset 29.xlsx,82
81,M30,4.08,0,2.02,Dataset 30.xlsx,82
82,M01,7.73,0.0046,5.09,Dataset 01.xlsx,78
82,M02,10.25,0.0035,10.2,Dataset 02.xlsx,78
82,M03,11.43,0.001,7.41,Dataset 03.xlsx,78
82,M04,10.31,0.0005,6.46,Dataset 04.xlsx,78
82,M05,10.39,0.002,6.93,Dataset 05.xlsx,78
82,M06,13.88,0.0015,8.91,Dataset 06.xlsx,78
82,M07,15.51,0.0196,10.32,Dataset 07.xlsx,78
82,M08,19.92,0.0003,20.89,Dataset 08.xlsx,78
82,M09,18.41,0.0014,18.74,Dataset 09.xlsx,78
82,M10,21.64,0.0006,15.03,Dataset 10.xlsx,78
82,M11,20.64,0.0007,14.58,Dataset 11.xlsx,78
82,M12,28.62,0.0013,29.38,Dataset 12.xlsx,78
82,M13,28.87,0.0006,21.73,Dataset 13.xlsx,78
82,M14,25.21,0.0006,32.61,Dataset 14.xlsx,78
82,M15,29.79,0,17.62,Dataset 15.xlsx,78
82,M16,57.44,0.0002,44.95,Dataset 16.xlsx,78
82,M17,7.68,0.004,7.35,Dataset 17.xlsx,78
82,M18,10.97,0.0019,6.62,Dataset 18.xlsx,78
82,M19,9.69,0.0005,6.1,Dataset 19.xlsx,78
82,M20,11.73,0,17.77,Dataset 20.xlsx,78
82,M21,8.83,0.0008,5.26,Dataset 21.xlsx,78
82,M22,22.22,0.0007,17.36,Dataset 22.xlsx,78
82,M23,18.95,0.0004,24.26,Dataset 23.xlsx,78
82,M24,22.56,0,13.46,Dataset 24.xlsx,78
82,M25,14.83,0.0007,10.41,Dataset 25.xlsx,83
82,M26,13.55,0.001,16.37,Dataset 26.xlsx,83
82,M27,17.94,0.0008,12.91,Dataset 27.xlsx,83
82,M28,15.88,0.0005,19.36,Dataset 28.xlsx,83
82,M29,18.13,0.0011,9.86,Dataset 29.xlsx,83
82,M30,11.23,0.0031,7.32,Dataset 30.xlsx,83
83,M01,7.16,0.0021,4.64,Dataset 01.xlsx,79
83,M02,9.78,0.0015,9.69,Dataset 02.xlsx,79
83,M03,10.28,0.0016,6.57,Dataset 03.xlsx,79
83,M04,9.86,0.0031,6.13,Dataset 04.xlsx,79
83,M05,9.96,0.0007,6.6,Dataset 05.xlsx,79
83,M06,12.78,0.0013,8.13,Dataset 06.xlsx,79
83,M07,14.01,0.0004,9.23,Dataset 07.xlsx,79
83,M08,18.42,0.0004,19.24,Dataset 08.xlsx,79
83,M09,17.23,0.0006,17.48,Dataset 09.xlsx,79
83,M10,20.03,0.0009,13.84,Dataset 10.xlsx,79
83,M11,19.11,0.0018,13.42,Dataset 11.xlsx,79
83,M12,26.13,0.0007,26.74,Dataset 12.xlsx,79
83,M13,26.18,0.0015,19.61,Dataset 13.xlsx,79
83,M14,22.85,0.0008,29.47,Dataset 14.xlsx,79
83,M15,26.21,0.0016,15.38,Dataset 15.xlsx,79
83,M16,54.56,0.0001,42.65,Dataset 16.xlsx,79
83,M17,7.19,0.0037,6.82,Dataset 17.xlsx,79
83,M18,10.05,0.0021,5.98,Dataset 18.xlsx,79
83,M19,8.96,0.0006,5.56,Dataset 19.xlsx,79
83,M25,14.05,0.0015,9.81,Dataset 25.xlsx,84
83,M26,12.8,0.0012,15.41,Dataset 26.xlsx,84
83,M27,16.54,0.004,11.82,Dataset 27.xlsx,84
83,M28,14.61,0.0017,17.73,Dataset 28.xlsx,84
83,M29,16.51,0.0017,8.89,Dataset 29.xlsx,84
83,M30,10.09,0.0016,6.47,Dataset 30.xlsx,84
84,M01,8.01,0.0015,5.31,Dataset 01.xlsx,80
84,M02,10.59,0.0005,10.57,Dataset 02.xlsx,80
84,M03,11.93,0.0005,7.78,Dataset 03.xlsx,80
84,M04,11.14,0.0004,7.06,Dataset 04.xlsx,80
84,M05,11.25,0.0013,7.59,Dataset 05.xlsx,80
84,M06,14.75,0.0005,9.53,Dataset 06.xlsx,80
84,M07,16.62,0,11.13,Dataset 07.xlsx,80
84,M08,20.92,0.0003,21.99,Dataset 08.xlsx,80
84,M09,19.84,0.0005,20.27,Dataset 09.xlsx,80
84,M10,22.5,0.0003,15.67,Dataset 10.xlsx,80
84,M11,21.77,0.0003,15.43,Dataset 11.xlsx,80
84,M12,30.47,0.0003,31.34,Dataset 12.xlsx,80
84,M13,31.84,0.0002,24.07,Dataset 13.xlsx,80
84,M14,28.53,0.0002,37.04,Dataset 14.xlsx,80
84,M15,31.83,0.0002,18.89,Dataset 15.xlsx,80
84,M16,60.78,0.0003,47.62,Dataset 16.xlsx,80
84,M17,8.3,0.002,8.02,Dataset 17.xlsx,80
84,M18,11.56,0.0006,7.03,Dataset 18.xlsx,80
84,M19,9.93,0.0006,6.27,Dataset 19.xlsx,80
84,M20,11.96,0.0002,18.14,Dataset 20.xlsx,79
84,M21,9.28,0,5.58,Dataset 21.xlsx,79
84,M22,22.96,0.0002,17.98,Dataset 22.xlsx,79
84,M23,19.57,0,25.09,Dataset 23.xlsx,79
84,M24,23.54,0.0002,14.09,Dataset 24.xlsx,79
84,M25,15.35,0,10.81,Dataset 25.xlsx,85
84,M26,14.14,0.0004,17.13,Dataset 26.xlsx,85
84,M27,19.12,0.0005,13.82,Dataset 27.xlsx,85
84,M28,17.19,0,21.04,Dataset 28.xlsx,85
84,M29,18.84,0.0004,10.28,Dataset 29.xlsx,85
84,M30,11.99,0,7.88,Dataset 30.xlsx,85
85,M01,8.01,0.0015,5.31,Dataset 01.xlsx,81
85,M02,10.65,0.0008,10.64,Dataset 02.xlsx,81
85,M03,12.06,0.0004,7.88,Dataset 03.xlsx,81
85,M04,11.26,0.0004,7.14,Dataset 04.xlsx,81
85,M05,11.38,0.0006,7.68,Dataset 05.xlsx,81
85,M06,14.82,0,9.59,Dataset 06.xlsx,81
85,M07,16.82,0,11.28,Dataset 07.xlsx,81
85,M08,21.13,0.0003,22.21,Dataset 08.xlsx,81
85,M09,20.03,0.0002,20.48,Dataset 09.xlsx,81
85,M10,22.69,0.0003,15.8,Dataset 10.xlsx,81
85,M11,21.97,0.0003,15.58,Dataset 11.xlsx,81
85,M12,30.8,0.0002,31.69,Dataset 12.xlsx,81
85,M13,32.1,0.0002,24.28,Dataset 13.xlsx,81
85,M14,28.82,0.0004,37.43,Dataset 14.xlsx,81
85,M15,32.24,0.0007,19.15,Dataset 15.xlsx,81
85,M16,61.02,0.0003,47.82,Dataset 16.xlsx,81
85,M17,8.36,0.0012,8.08,Dataset 17.xlsx,81
85,M18,11.68,0.0012,7.11,Dataset 18.xlsx,81
85,M19,10.05,0.0006,6.37,Dataset 19.xlsx,81
85,M20,12.04,0.0006,18.26,Dataset 20.xlsx,80
85,M21,9.4,0,5.66,Dataset 21.xlsx,80
85,M22,23.2,0.0005,18.17,Dataset 22.xlsx,80
85,M23,19.79,0.0007,25.39,Dataset 23.xlsx,80
85,M24,23.89,0.0008,14.31,Dataset 24.xlsx,80
85,M25,15.35,0.0001,10.81,Dataset 25.xlsx,86
85,M26,14.14,0.0007,17.13,Dataset 26.xlsx,86
85,M27,19.12,0.0005,13.82,Dataset 27.xlsx,86
85,M28,17.31,0,21.19,Dataset 28.xlsx,86
85,M29,19.02,0.0011,10.39,Dataset 29.xlsx,86
85,M30,12.12,0,7.97,Dataset 30.xlsx,86
86,M01,4.92,0.0014,2.87,Dataset 01.xlsx,82
86,M02,6.54,0.002,6.14,Dataset 02.xlsx,82
86,M03,5.55,0.0015,3.09,Dataset 03.xlsx,82
86,M04,5.3,0.0009,2.84,Dataset 04.xlsx,82
86,M05,5.14,0.0014,2.92,Dataset 05.xlsx,82
86,M06,7.04,0.002,4.03,Dataset 06.xlsx,82
86,M07,7.16,0.001,4.22,Dataset 07.xlsx,82
86,M08,9.46,0.0007,9.4,Dataset 08.xlsx,82
86,M09,8.51,0.0017,8.13,Dataset 09.xlsx,82
86,M10,11.08,0.0008,7.21,Dataset 10.xlsx,82
86,M11,10.17,0.0007,6.67,Dataset 11.xlsx,82
86,M12,11.56,0.0011,11.27,Dataset 12.xlsx,82
86,M13,11.52,0.0007,8.07,Dataset 13.xlsx,82
86,M14,8.96,0.002,10.95,Dataset 14.xlsx,82
86,M15,11.48,0.0006,6.17,Dataset 15.xlsx,82
86,M16,21.7,0.0007,16.36,Dataset 16.xlsx,82
86,M17,3.82,0.0063,3.15,Dataset 17.xlsx,82
86,M18,5.78,0.0024,3.01,Dataset 18.xlsx,82
86,M19,5.39,0.0009,2.95,Dataset 19.xlsx,82
86,M20,7.36,0.0003,10.77,Dataset 20.xlsx,81
86,M21,5.47,0.0013,2.88,Dataset 21.xlsx,81
86,M22,11.32,0.0015,8.36,Dataset 22.xlsx,81
86,M23,9.34,0,11.45,Dataset 23.xlsx,81
86,M24,11.44,0.0005,6.33,Dataset 24.xlsx,81
86,M25,6.26,0.0013,3.82,Dataset 25.xlsx,87
86,M26,4.26,0.0035,4.46,Dataset 26.xlsx,87
86,M27,6.81,0.001,4.28,Dataset 27.xlsx,87
86,M28,5.24,0.0016,5.72,Dataset 28.xlsx,87
86,M29,6.82,0,3.08,Dataset 29.xlsx,87
86,M30,4.19,0.0037,2.1,Dataset 30.xlsx,87
87,M25,13.99,0.0007,9.76,Dataset 25.xlsx,88
87,M26,12.73,0.0008,15.32,Dataset 26.xlsx,88
87,M27,16.32,0.0004,11.65,Dataset 27.xlsx,88
87,M28,14.41,0.0006,17.47,Dataset 28.xlsx,88
87,M29,16.31,0.0009,8.77,Dataset 29.xlsx,88
87,M30,9.93,0.0007,6.36,Dataset 30.xlsx,88
88,M01,6.15,0.0023,3.84,Dataset 01.xlsx,83
88,M02,8.16,0.001,7.92,Dataset 02.xlsx,83
88,M03,7.46,0.0008,4.49,Dataset 03.xlsx,83
88,M04,6.9,0.0008,3.99,Dataset 04.xlsx,83
88,M05,6.84,0,4.22,Dataset 05.xlsx,83
88,M06,9.48,0.0007,5.77,Dataset 06.xlsx,83
88,M07,9.85,0.0309,6.19,Dataset 07.xlsx,83
88,M08,13.68,0.0005,14.03,Dataset 08.xlsx,83
88,M09,12.67,0.0025,12.59,Dataset 09.xlsx,83
88,M10,15.41,0.0005,10.41,Dataset 10.xlsx,83
88,M11,14.59,0.0015,10.01,Dataset 11.xlsx,83
88,M12,18.23,0.0012,18.35,Dataset 12.xlsx,83
88,M13,17.43,0.0014,12.72,Dataset 13.xlsx,83
88,M14,14.34,0.0012,18.12,Dataset 14.xlsx,83
88,M15,17.43,0.0007,9.89,Dataset 15.xlsx,83
88,M16,39.31,0.0007,30.45,Dataset 16.xlsx,83
88,M17,5.59,0.003,5.08,Dataset 17.xlsx,83
88,M18,7.5,0,4.21,Dataset 18.xlsx,83
88,M19,5.97,0.001,3.37,Dataset 19.xlsx,83
88,M20,8,0.0005,11.79,Dataset 20.xlsx,82
88,M21,5.83,0.0036,3.13,Dataset 21.xlsx,82
88,M22,12.41,0.0013,9.26,Dataset 22.xlsx,82
88,M23,10.52,0.0005,13.03,Dataset 23.xlsx,82
88,M24,12.53,0.0008,7.03,Dataset 24.xlsx,82
88,M25,12.23,0.0017,8.41,Dataset 25.xlsx,89
88,M26,10.73,0.0013,12.76,Dataset 26.xlsx,89
88,M27,12.64,0.0008,8.8,Dataset 27.xlsx,89
88,M28,10.61,0.0023,12.6,Dataset 28.xlsx,89
88,M29,12.45,0.0006,6.45,Dataset 29.xlsx,89
88,M30,7.49,0.0043,4.55,Dataset 30.xlsx,89
89,M01,7.62,0.0019,5,Dataset 01.xlsx,84
89,M02,10.11,0.0014,10.05,Dataset 02.xlsx,84
89,M03,10.79,0.0009,6.94,Dataset 03.xlsx,84
89,M04,9.86,0.0015,6.13,Dataset 04.xlsx,84
89,M05,9.96,0,6.6,Dataset 05.xlsx,84
89,M06,13.5,0.001,8.64,Dataset 06.xlsx,84
89,M07,14.8,0.0014,9.8,Dataset 07.xlsx,84
89,M08,19.19,0.0003,20.09,Dataset 08.xlsx,84
89,M09,17.82,0.0007,18.1,Dataset 09.xlsx,84
89,M10,20.85,0.0005,14.44,Dataset 10.xlsx,84
89,M11,19.94,0.0014,14.05,Dataset 11.xlsx,84
89,M12,27.24,0.0002,27.91,Dataset 12.xlsx,84
89,M13,27.89,0.0011,20.96,Dataset 13.xlsx,84
89,M14,24.04,0.0009,31.05,Dataset 14.xlsx,84
89,M15,27.95,0.001,16.47,Dataset 15.xlsx,84
89,M16,56.27,0.0001,44.02,Dataset 16.xlsx,84
89,M17,7.59,0.0032,7.25,Dataset 17.xlsx,84
89,M18,10.41,0.0041,6.23,Dataset 18.xlsx,84
89,M19,9.2,0.0006,5.74,Dataset 19.xlsx,84
89,M20,11.4,0.0008,17.24,Dataset 20.xlsx,83
89,M21,8.6,0,5.1,Dataset 21.xlsx,83
89,M22,21.26,0.0009,16.57,Dataset 22.xlsx,83
89,M23,17.84,0.0017,22.79,Dataset 23.xlsx,83
89,M24,21.76,0.0011,12.95,Dataset 24.xlsx,83
89,M25,14.7,0,10.31,Dataset 25.xlsx,90
89,M26,13.35,0.0013,16.12,Dataset 26.xlsx,90
89,M27,17.56,0.0016,12.61,Dataset 27.xlsx,90
89,M28,15.45,0,18.81,Dataset 28.xlsx,90
89,M29,17.43,0.0008,9.44,Dataset 29.xlsx,90
89,M30,10.85,0.0022,7.04,Dataset 30.xlsx,90
90,M01,4.51,0.0016,2.55,Dataset 01.xlsx,85
90,M02,5.82,0.0014,5.36,Dataset 02.xlsx,85
90,M03,5.09,0.0011,2.74,Dataset 03.xlsx,85
90,M04,4.88,0.0017,2.53,Dataset 04.xlsx,85
90,M05,4.69,0.003,2.58,Dataset 05.xlsx,85
90,M06,6.44,0,3.6,Dataset 06.xlsx,85
90,M07,6.33,0.0034,3.62,Dataset 07.xlsx,85
90,M08,7.69,0.0009,7.45,Dataset 08.xlsx,85
90,M09,6.82,0.0025,6.31,Dataset 09.xlsx,85
90,M10,9.24,0.0007,5.84,Dataset 10.xlsx,85
90,M11,8.27,0.0009,5.24,Dataset 11.xlsx,85
90,M12,8.82,0.0046,8.36,Dataset 12.xlsx,85
90,M13,9.31,0.0009,6.33,Dataset 13.xlsx,85
90,M14,6.87,0.004,8.16,Dataset 14.xlsx,85
90,M15,9.29,0.0023,4.8,Dataset 15.xlsx,85
90,M16,15.27,0.0003,11.22,Dataset 16.xlsx,85
90,M17,2.93,0.0034,2.18,Dataset 17.xlsx,85
90,M18,5.29,0.0011,2.67,Dataset 18.xlsx,85
90,M19,4.91,0.0013,2.6,Dataset 19.xlsx,85
90,M20,6.15,0.0012,8.83,Dataset 20.xlsx,84
90,M21,4.95,0,2.51,Dataset 21.xlsx,84
90,M22,9.16,0.0028,6.57,Dataset 22.xlsx,84
90,M23,7.33,0.001,8.77,Dataset 23.xlsx,84
90,M24,9.24,0.002,4.92,Dataset 24.xlsx,84
90,M25,5.93,0.0004,3.56,Dataset 25.xlsx,91
90,M26,4.04,0.0056,4.18,Dataset 26.xlsx,91
90,M27,6.61,0,4.12,Dataset 27.xlsx,91
90,M28,5.14,0,5.59,Dataset 28.xlsx,91
90,M29,6.58,0.0011,2.94,Dataset 29.xlsx,91
90,M30,4.08,0.0023,2.02,Dataset 30.xlsx,91
91,M25,14.15,0.0022,9.88,Dataset 25.xlsx,92
91,M26,12.9,0.0012,15.54,Dataset 26.xlsx,92
91,M27,16.68,0.0004,11.93,Dataset 27.xlsx,92
91,M28,14.79,0.0017,17.96,Dataset 28.xlsx,92
91,M29,16.71,0.0004,9,Dataset 29.xlsx,92
91,M30,10.23,0,6.58,Dataset 30.xlsx,92
92,M01,6.67,0.0011,4.25,Dataset 01.xlsx,86
92,M02,8.9,0,8.73,Dataset 02.xlsx,86
92,M03,8.66,0.0006,5.37,Dataset 03.xlsx,86
92,M04,7.92,0.0006,4.73,Dataset 04.xlsx,86
92,M05,7.85,0,4.99,Dataset 05.xlsx,86
92,M06,10.89,0.0013,6.78,Dataset 06.xlsx,86
92,M07,11.64,0.0018,7.5,Dataset 07.xlsx,86
92,M08,15.88,0.0004,16.45,Dataset 08.xlsx,86
92,M09,14.72,0.0035,14.78,Dataset 09.xlsx,86
92,M10,17.56,0.0003,12.01,Dataset 10.xlsx,86
92,M11,16.65,0.006,11.57,Dataset 11.xlsx,86
92,M12,21.91,0.001,22.25,Dataset 12.xlsx,86
92,M13,21.18,0.0053,15.68,Dataset 13.xlsx,86
92,M14,17.75,0.0003,22.67,Dataset 14.xlsx,86
92,M15,21.33,0.0007,12.33,Dataset 15.xlsx,86
92,M16,47.62,0.0002,37.1,Dataset 16.xlsx,86
92,M17,6.33,0.0038,5.88,Dataset 17.xlsx,86
92,M18,8.55,0.0025,4.94,Dataset 18.xlsx,86
92,M19,7.16,0.0008,4.25,Dataset 19.xlsx,86
92,M20,9.5,0.0005,14.2,Dataset 20.xlsx,85
92,M21,6.92,0.0123,3.9,Dataset 21.xlsx,85
92,M22,15.84,0.0004,12.09,Dataset 22.xlsx,85
92,M23,13.31,0.0005,16.74,Dataset 23.xlsx,85
92,M24,16.25,0.0007,9.42,Dataset 24.xlsx,85
92,M25,13.14,0.0065,9.11,Dataset 25.xlsx,93
92,M26,11.77,0.0004,14.09,Dataset 26.xlsx,93
92,M27,14.43,0.0004,10.18,Dataset 27.xlsx,93
92,M28,12.35,0.008,14.83,Dataset 28.xlsx,93
92,M29,14.35,0.0015,7.59,Dataset 29.xlsx,93
92,M30,8.68,0.0014,5.43,Dataset 30.xlsx,93
93,M01,5.81,0.0037,3.57,Dataset 01.xlsx,87
93,M02,7.77,0,7.49,Dataset 02.xlsx,87
93,M03,6.88,0.0012,4.07,Dataset 03.xlsx,87
93,M04,6,0.0036,3.34,Dataset 04.xlsx,87
93,M05,5.89,0.0012,3.49,Dataset 05.xlsx,87
93,M06,8.68,0.0016,5.2,Dataset 06.xlsx,87
93,M07,9.05,0.002,5.6,Dataset 07.xlsx,87
93,M08,12.75,0.0005,13.01,Dataset 08.xlsx,87
93,M09,10.62,0.0009,10.39,Dataset 09.xlsx,87
93,M10,14.39,0.0007,9.66,Dataset 10.xlsx,87
93,M11,12.84,0.0011,8.69,Dataset 11.xlsx,87
93,M12,16.81,0.003,16.85,Dataset 12.xlsx,87
93,M13,15.57,0.001,11.26,Dataset 13.xlsx,87
93,M14,12.8,0.0009,16.07,Dataset 14.xlsx,87
93,M15,15.57,0.0014,8.73,Dataset 15.xlsx,87
93,M16,34.22,0.0005,26.38,Dataset 16.xlsx,87
93,M17,4.55,0.0053,3.95,Dataset 17.xlsx,87
93,M18,6.56,0.0011,3.56,Dataset 18.xlsx,87
93,M19,5.45,0.0009,2.99,Dataset 19.xlsx,87
93,M20,7.4,0.001,10.84,Dataset 20.xlsx,86
93,M21,5.28,0.0013,2.75,Dataset 21.xlsx,86
93,M22,11.32,0.001,8.36,Dataset 22.xlsx,86
93,M23,9.55,0.0007,11.73,Dataset 23.xlsx,86
93,M24,11.32,0.0016,6.26,Dataset 24.xlsx,86
93,M25,11.54,0.0006,7.88,Dataset 25.xlsx,94
93,M26,10.06,0.001,11.9,Dataset 26.xlsx,94
93,M27,11.58,0.0012,7.98,Dataset 27.xlsx,94
93,M28,9.61,0.0009,11.32,Dataset 28.xlsx,94
93,M29,11.31,0,5.77,Dataset 29.xlsx,94
93,M30,6.86,0,4.08,Dataset 30.xlsx,94
94,M01,8.15,0.0116,5.42,Dataset 01.xlsx,88
94,M02,12.81,0.0004,13,Dataset 02.xlsx,88
94,M03,15.04,0.0003,10.07,Dataset 03.xlsx,88
94,M04,13.57,0.0005,8.82,Dataset 04.xlsx,88
94,M05,13.87,0,9.59,Dataset 05.xlsx,88
94,M06,17.93,0,11.81,Dataset 06.xlsx,88
94,M07,21.16,0,14.45,Dataset 07.xlsx,88
94,M08,25.32,0.0003,26.82,Dataset 08.xlsx,88
94,M09,23.28,0.0002,23.96,Dataset 09.xlsx,88
94,M10,27.14,0.0002,19.1,Dataset 10.xlsx,88
94,M11,25.76,0.0005,18.44,Dataset 11.xlsx,88
94,M12,37.41,0.0005,38.71,Dataset 12.xlsx,88
94,M13,39.3,0.0004,29.94,Dataset 13.xlsx,88
94,M14,40.87,0.0002,53.49,Dataset 14.xlsx,88
94,M15,35.93,0.0008,21.46,Dataset 15.xlsx,88
94,M16,68.78,0.0001,54.02,Dataset 16.xlsx,88
94,M17,9.65,0.001,9.49,Dataset 17.xlsx,88
94,M18,13.83,0.0011,8.6,Dataset 18.xlsx,88
94,M19,13.66,0.0004,9.01,Dataset 19.xlsx,88
94,M20,14.77,0.0007,22.62,Dataset 20.xlsx,87
94,M21,11.94,0,7.47,Dataset 21.xlsx,87
94,M22,31.74,0.0002,25.23,Dataset 22.xlsx,87
94,M23,27.75,0.0006,36,Dataset 23.xlsx,87
94,M24,33.45,0.0007,20.44,Dataset 24.xlsx,87
94,M25,17.81,0,12.7,Dataset 25.xlsx,95
94,M26,16.03,0.0004,19.55,Dataset 26.xlsx,95
94,M27,22.64,0.0005,16.55,Dataset 27.xlsx,95
94,M28,20.58,0,25.38,Dataset 28.xlsx,95
94,M29,23.43,0.0003,13.03,Dataset 29.xlsx,95
94,M30,15.11,0.0021,10.19,Dataset 30.xlsx,95
95,M01,6.67,0.0011,4.25,Dataset 01.xlsx,89
95,M02,8.85,0.0007,8.67,Dataset 02.xlsx,89
95,M03,8.53,0.0009,5.28,Dataset 03.xlsx,89
95,M04,7.84,0.0008,4.67,Dataset 04.xlsx,89
95,M05,7.78,0,4.94,Dataset 05.xlsx,89
95,M06,10.79,0.0013,6.71,Dataset 06.xlsx,89
95,M07,11.43,0,7.34,Dataset 07.xlsx,89
95,M08,15.58,0.0004,16.12,Dataset 08.xlsx,89
95,M09,14.47,0.0009,14.52,Dataset 09.xlsx,89
95,M10,17.33,0.0005,11.83,Dataset 10.xlsx,89
95,M11,16.44,0,11.41,Dataset 11.xlsx,89
95,M12,21.33,0.0009,21.64,Dataset 12.xlsx,89
95,M13,20.74,0,15.33,Dataset 13.xlsx,89
95,M14,17.16,0,21.88,Dataset 14.xlsx,89
95,M15,20.84,0.001,12.03,Dataset 15.xlsx,89
95,M16,46.57,0.0004,36.26,Dataset 16.xlsx,89
95,M17,6.26,0.0038,5.8,Dataset 17.xlsx,89
95,M18,8.46,0.0014,4.88,Dataset 18.xlsx,89
95,M19,6.78,0,3.97,Dataset 19.xlsx,89
95,M20,9.02,0.0008,13.43,Dataset 20.xlsx,88
95,M21,6.56,0,3.65,Dataset 21.xlsx,88
95,M22,14.6,0,11.07,Dataset 22.xlsx,88
95,M23,12.3,0.0005,15.4,Dataset 23.xlsx,88
95,M24,14.89,0.0011,8.54,Dataset 24.xlsx,88
95,M25,13.07,0.0001,9.05,Dataset 25.xlsx,96
95,M26,11.67,0,13.96,Dataset 26.xlsx,96
95,M27,14.28,0.0012,10.07,Dataset 27.xlsx,96
95,M28,12.15,0,14.58,Dataset 28.xlsx,96
95,M29,14.17,0,7.49,Dataset 29.xlsx,96
95,M30,8.55,0.0007,5.33,Dataset 30.xlsx,96
96,M01,4.98,0.0014,2.92,Dataset 01.xlsx,90
96,M02,6.45,0.0008,6.05,Dataset 02.xlsx,90
96,M03,5.51,0.0009,3.05,Dataset 03.xlsx,90
96,M04,5.38,0.0023,2.89,Dataset 04.xlsx,90
96,M05,5.31,0.0013,3.05,Dataset 05.xlsx,90
96,M06,7.14,0,4.1,Dataset 06.xlsx,90
96,M07,7.08,0.0026,4.17,Dataset 07.xlsx,90
96,M08,9.29,0.0007,9.21,Dataset 08.xlsx,90
96,M09,8.78,0.0049,8.41,Dataset 09.xlsx,90
96,M10,10.91,0.0005,7.08,Dataset 10.xlsx,90
96,M11,10.69,0.0007,7.06,Dataset 11.xlsx,90
96,M12,11.35,0.0013,11.05,Dataset 12.xlsx,90
96,M13,11.83,0.0007,8.31,Dataset 13.xlsx,90
96,M14,10.65,0.0011,13.2,Dataset 14.xlsx,90
96,M15,11.78,0.0006,6.36,Dataset 15.xlsx,90
96,M16,22.87,0.0019,17.3,Dataset 16.xlsx,90
96,M17,3.93,0.0025,3.27,Dataset 17.xlsx,90
96,M18,5.78,0.0049,3.01,Dataset 18.xlsx,90
96,M19,4.91,0.002,2.6,Dataset 19.xlsx,90
96,M20,6.24,0.0004,8.98,Dataset 20.xlsx,89
96,M21,4.9,0.0014,2.47,Dataset 21.xlsx,89
96,M22,9.24,0.0012,6.64,Dataset 22.xlsx,89
96,M23,8.36,0.0017,10.15,Dataset 23.xlsx,89
96,M24,9.03,0.0007,4.79,Dataset 24.xlsx,89
96,M25,10.48,0.0009,7.06,Dataset 25.xlsx,97
96,M26,9.65,0.001,11.37,Dataset 26.xlsx,97
96,M27,9.97,0.0007,6.72,Dataset 27.xlsx,97
96,M28,9.03,0.0009,10.58,Dataset 28.xlsx,97
96,M29,9.86,0.0007,4.9,Dataset 29.xlsx,97
96,M30,6.41,0.0007,3.75,Dataset 30.xlsx,97
97,M01,7.76,0.0009,5.11,Dataset 01.xlsx,91
97,M02,10.4,0.0005,10.36,Dataset 02.xlsx,91
97,M03,11.44,0.0005,7.42,Dataset 03.xlsx,91
97,M04,10.45,0.0006,6.56,Dataset 04.xlsx,91
97,M05,10.53,0,7.04,Dataset 05.xlsx,91
97,M06,14.01,0.0005,9,Dataset 06.xlsx,91
97,M07,15.84,0.0013,10.56,Dataset 07.xlsx,91
97,M08,20.21,0.0003,21.21,Dataset 08.xlsx,91
97,M09,18.79,0.001,19.15,Dataset 09.xlsx,91
97,M10,21.82,0.0003,15.16,Dataset 10.xlsx,91
97,M11,20.87,0.0003,14.75,Dataset 11.xlsx,91
97,M12,29.12,0.0006,29.91,Dataset 12.xlsx,91
97,M13,29.56,0.0003,22.28,Dataset 13.xlsx,91
97,M14,25.97,0.0004,33.63,Dataset 14.xlsx,91
97,M15,30.29,0.0002,17.93,Dataset 15.xlsx,91
97,M16,58.23,0.0002,45.58,Dataset 16.xlsx,91
97,M17,7.87,0.0021,7.55,Dataset 17.xlsx,91
97,M18,10.95,0.0019,6.6,Dataset 18.xlsx,91
97,M19,7.91,0,4.79,Dataset 19.xlsx,91
97,M20,10.21,0.0002,15.33,Dataset 20.xlsx,90
97,M21,7.73,0.0027,4.48,Dataset 21.xlsx,90
97,M22,18.56,0.0006,14.34,Dataset 22.xlsx,90
97,M23,14.8,0,18.73,Dataset 23.xlsx,90
97,M24,18.16,0.0003,10.64,Dataset 24.xlsx,90
97,M25,14.95,0.0015,10.5,Dataset 25.xlsx,98
97,M26,13.67,0.0007,16.53,Dataset 26.xlsx,98
97,M27,18.14,0.0004,13.06,Dataset 27.xlsx,98
97,M28,16.16,0.0015,19.72,Dataset 28.xlsx,98
97,M29,18.29,0.0012,9.95,Dataset 29.xlsx,98
97,M30,11.48,0.0007,7.5,Dataset 30.xlsx,98
98,M01,4.03,0.0053,2.17,Dataset 01.xlsx,92
98,M02,4.75,0.0082,4.19,Dataset 02.xlsx,92
98,M03,4.51,0.0011,2.32,Dataset 03.xlsx,92
98,M04,4.23,0.0042,2.06,Dataset 04.xlsx,92
98,M05,3.89,0.0018,1.97,Dataset 05.xlsx,92
98,M06,5.78,0.0012,3.13,Dataset 06.xlsx,92
98,M07,5.16,0.0041,2.76,Dataset 07.xlsx,92
98,M08,5.33,0.0012,4.86,Dataset 08.xlsx,92
98,M09,3.83,0.0013,3.11,Dataset 09.xlsx,92
98,M10,6.79,0.0009,4.03,Dataset 10.xlsx,92
98,M11,5.02,0.0014,2.78,Dataset 11.xlsx,92
98,M12,5.43,0.0064,4.76,Dataset 12.xlsx,92
98,M13,6.48,0.0012,4.1,Dataset 13.xlsx,92
98,M14,4.19,0.0028,4.59,Dataset 14.xlsx,92
98,M15,6.56,0.0011,3.1,Dataset 15.xlsx,92
98,M16,8.31,0.0006,5.65,Dataset 16.xlsx,92
98,M17,2.14,0.0079,1.33,Dataset 17.xlsx,92
98,M18,4.71,0.006,2.27,Dataset 18.xlsx,92
98,M19,4.37,0.0026,2.2,Dataset 19.xlsx,92
98,M20,4.74,0.0005,6.58,Dataset 20.xlsx,91
98,M21,4.37,0.0016,2.1,Dataset 21.xlsx,91
98,M22,6.59,0.0016,4.45,Dataset 22.xlsx,91
98,M23,4.76,0.003,5.35,Dataset 23.xlsx,91
98,M24,6.68,0.0009,3.28,Dataset 24.xlsx,91
98,M25,6.47,0.0012,3.98,Dataset 25.xlsx,99
98,M26,4.74,0.002,5.08,Dataset 26.xlsx,99
98,M27,6.91,0.002,4.36,Dataset 27.xlsx,99
98,M28,5.34,0.0015,5.85,Dataset 28.xlsx,99
98,M29,6.73,0,3.03,Dataset 29.xlsx,99
98,M30,4.14,0.0027,2.06,Dataset 30.xlsx,99
99,M01,6.85,0.0062,4.39,Dataset 01.xlsx,93
99,M02,9.05,0.0018,8.89,Dataset 02.xlsx,93
99,M03,8.88,0.0076,5.53,Dataset 03.xlsx,93
99,M04,8.15,0.0009,4.9,Dataset 04.xlsx,93
99,M05,8.15,0,5.22,Dataset 05.xlsx,93
99,M06,11.32,0,7.09,Dataset 06.xlsx,93
99,M07,11.94,0.0006,7.72,Dataset 07.xlsx,93
99,M08,16.21,0.0004,16.81,Dataset 08.xlsx,93
99,M09,15.14,0.0006,15.23,Dataset 09.xlsx,93
99,M10,17.92,0.0043,12.27,Dataset 10.xlsx,93
99,M11,17.06,0.0012,11.87,Dataset 11.xlsx,93
99,M12,22.43,0.0004,22.81,Dataset 12.xlsx,93
99,M13,22.17,0.0011,16.46,Dataset 13.xlsx,93
99,M14,18.53,0.0005,23.71,Dataset 14.xlsx,93
99,M15,21.94,0.0006,12.71,Dataset 15.xlsx,93
99,M16,49.13,0.0002,38.3,Dataset 16.xlsx,93
99,M17,6.52,0.0015,6.09,Dataset 17.xlsx,93
99,M18,8.77,0.0016,5.09,Dataset 18.xlsx,93
99,M19,7.05,0,4.16,Dataset 19.xlsx,93
99,M20,9.3,0.0005,13.87,Dataset 20.xlsx,92
99,M21,6.71,0.0011,3.76,Dataset 21.xlsx,92
99,M22,15.23,0.0005,11.59,Dataset 22.xlsx,92
99,M23,12.78,0.001,16.03,Dataset 23.xlsx,92
99,M24,15.54,0.0008,8.96,Dataset 24.xlsx,92
99,M25,13.43,0.0007,9.33,Dataset 25.xlsx,100
99,M26,11.98,0.0006,14.36,Dataset 26.xlsx,100
99,M27,14.93,0.0008,10.57,Dataset 27.xlsx,100
99,M28,12.76,0.0006,15.36,Dataset 28.xlsx,100
99,M29,14.68,0,7.79,Dataset 29.xlsx,100
99,M30,8.93,0.0007,5.61,Dataset 30.xlsx,100
100,M01,6.08,0.0012,3.79,Dataset 01.xlsx,94
100,M02,8.45,0.0072,8.23,Dataset 02.xlsx,94
100,M03,7.74,0.0007,4.7,Dataset 03.xlsx,94
100,M04,7.34,0.0027,4.31,Dataset 04.xlsx,94
100,M05,3.49,0.0041,1.66,Dataset 05.xlsx,94
100,M06,9.48,0.0007,5.77,Dataset 06.xlsx,94
100,M07,10.37,0,6.57,Dataset 07.xlsx,94
100,M08,14.27,0.0005,14.68,Dataset 08.xlsx,94
100,M09,13.16,0.0031,13.11,Dataset 09.xlsx,94
100,M10,16.04,0.0004,10.88,Dataset 10.xlsx,94
100,M11,14.84,0,10.2,Dataset 11.xlsx,94
100,M12,19.15,0.0007,19.33,Dataset 12.xlsx,94
100,M13,17.27,0,12.6,Dataset 13.xlsx,94
100,M14,14.07,0.0013,17.76,Dataset 14.xlsx,94
100,M15,18.83,0.0015,10.77,Dataset 15.xlsx,94
100,M16,36.61,0.0008,28.29,Dataset 16.xlsx,94
100,M17,5.6,0.003,5.09,Dataset 17.xlsx,94
100,M18,7.78,0.0027,4.4,Dataset 18.xlsx,94
100,M19,5.57,0.001,3.08,Dataset 19.xlsx,94
100,M20,7.95,0.0012,11.71,Dataset 20.xlsx,93
100,M21,5.87,0.0036,3.17,Dataset 21.xlsx,93
100,M22,12.25,0.0014,9.12,Dataset 22.xlsx,93
100,M23,10.17,0,12.56,Dataset 23.xlsx,93
100,M24,13.16,0.0018,7.44,Dataset 24.xlsx,93
100,M25,11.95,0.0018,8.19,Dataset 25.xlsx,101
100,M26,10.5,0.0015,12.46,Dataset 26.xlsx,101
100,M27,12.32,0.0014,8.55,Dataset 27.xlsx,101
100,M28,10.32,0.0024,12.23,Dataset 28.xlsx,101
100,M29,12.93,0,6.74,Dataset 29.xlsx,101
100,M30,7.58,0.0007,4.61,Dataset 30.xlsx,101
101,M01,4.49,0.0032,2.54,Dataset 01.xlsx,95
101,M02,5.75,0.0017,5.28,Dataset 02.xlsx,95
101,M03,5.06,0.001,2.72,Dataset 03.xlsx,95
101,M04,4.85,0.0031,2.51,Dataset 04.xlsx,95
101,M05,4.64,0.0015,2.54,Dataset 05.xlsx,95
101,M06,6.43,0,3.59,Dataset 06.xlsx,95
101,M07,6.28,0.0034,3.58,Dataset 07.xlsx,95
101,M08,7.46,0.0009,7.19,Dataset 08.xlsx,95
101,M09,6.55,0.0026,6.02,Dataset 09.xlsx,95
101,M10,9.03,0.0007,5.69,Dataset 10.xlsx,95
101,M11,7.96,0.0018,5.01,Dataset 11.xlsx,95
101,M12,8.44,0.002,7.96,Dataset 12.xlsx,95
101,M13,9.05,0.0018,6.13,Dataset 13.xlsx,95
101,M14,6.63,0.0031,7.84,Dataset 14.xlsx,95
101,M15,9.06,0.0029,4.66,Dataset 15.xlsx,95
101,M16,14.49,0.0012,10.59,Dataset 16.xlsx,95
101,M17,2.87,0.0034,2.12,Dataset 17.xlsx,95
101,M18,5.26,0.0054,2.65,Dataset 18.xlsx,95
101,M19,4.96,0.001,2.64,Dataset 19.xlsx,95
101,M20,6.17,0.0015,8.86,Dataset 20.xlsx,94
101,M21,4.95,0.0014,2.51,Dataset 21.xlsx,94
101,M22,9.2,0.0021,6.6,Dataset 22.xlsx,94
101,M23,7.32,0,8.76,Dataset 23.xlsx,94
101,M24,9.3,0.0024,4.96,Dataset 24.xlsx,94
101,M25,7.1,0.0011,4.46,Dataset 25.xlsx,102
101,M26,5.04,0.0034,5.46,Dataset 26.xlsx,102
101,M27,7.86,0.0009,5.09,Dataset 27.xlsx,102
101,M28,6.09,0.0014,6.81,Dataset 28.xlsx,102
101,M29,7.56,0.0009,3.52,Dataset 29.xlsx,102
101,M30,4.08,0.0007,2.02,Dataset 30.xlsx,102
102,M01,4.66,0.003,2.67,Dataset 01.xlsx,96
102,M02,6.08,0.001,5.64,Dataset 02.xlsx,96
102,M03,5.24,0.001,2.85,Dataset 03.xlsx,96
102,M04,5.02,0,2.63,Dataset 04.xlsx,96
102,M05,4.88,0.0044,2.72,Dataset 05.xlsx,96
102,M06,6.64,0,3.74,Dataset 06.xlsx,96
102,M07,6.63,0.0011,3.84,Dataset 07.xlsx,96
102,M08,8.23,0.0008,8.04,Dataset 08.xlsx,96
102,M09,7.3,0.0018,6.83,Dataset 09.xlsx,96
102,M10,9.83,0.0006,6.28,Dataset 10.xlsx,96
102,M11,8.89,0,5.71,Dataset 11.xlsx,96
102,M12,9.68,0.0018,9.27,Dataset 12.xlsx,96
102,M13,10,0,6.87,Dataset 13.xlsx,96
102,M14,7.53,0.0013,9.04,Dataset 14.xlsx,96
102,M15,10,0.0021,5.25,Dataset 15.xlsx,96
102,M16,17.25,0.0009,12.8,Dataset 16.xlsx,96
102,M17,3.27,0.003,2.55,Dataset 17.xlsx,96
102,M18,5.39,0.0037,2.74,Dataset 18.xlsx,96
102,M19,4.96,0.001,2.64,Dataset 19.xlsx,96
102,M20,6.21,0.0011,8.93,Dataset 20.xlsx,95
102,M21,5.01,0.0014,2.55,Dataset 21.xlsx,95
102,M22,9.2,0.001,6.6,Dataset 22.xlsx,95
102,M23,7.36,0,8.81,Dataset 23.xlsx,95
102,M24,9.46,0.0019,5.06,Dataset 24.xlsx,95
102,M25,7.28,0.0011,4.6,Dataset 25.xlsx,103
102,M26,5.14,0.0016,5.59,Dataset 26.xlsx,103
102,M27,7.81,0.0031,5.05,Dataset 27.xlsx,103
102,M28,7.05,0.0012,8.04,Dataset 28.xlsx,103
102,M29,8.14,0.0009,3.87,Dataset 29.xlsx,103
102,M30,4.21,0.0014,2.11,Dataset 30.xlsx,103
103,M01,4.95,0.0014,2.9,Dataset 01.xlsx,97
103,M02,6.51,0.0015,6.11,Dataset 02.xlsx,97
103,M03,5.59,0.0013,3.12,Dataset 03.xlsx,97
103,M04,5.3,0.0038,2.83,Dataset 04.xlsx,97
103,M05,5.13,0.0014,2.91,Dataset 05.xlsx,97
103,M06,7.06,0,4.04,Dataset 06.xlsx,97
103,M07,7.15,0,4.22,Dataset 07.xlsx,97
103,M08,9.24,0.0007,9.15,Dataset 08.xlsx,97
103,M09,8.23,0.0019,7.82,Dataset 09.xlsx,97
103,M10,10.92,0.0008,7.09,Dataset 10.xlsx,97
103,M11,9.9,0.0014,6.47,Dataset 11.xlsx,97
103,M12,11.12,0.0009,10.81,Dataset 12.xlsx,97
103,M13,11.26,0.0014,7.87,Dataset 13.xlsx,97
103,M14,8.56,0.0018,10.41,Dataset 14.xlsx,97
103,M15,11.37,0.0019,6.1,Dataset 15.xlsx,97
103,M16,20.25,0.0008,15.2,Dataset 16.xlsx,97
103,M17,3.67,0.0027,2.98,Dataset 17.xlsx,97
103,M18,5.73,0.0012,2.98,Dataset 18.xlsx,97
103,M19,5.15,0.001,2.77,Dataset 19.xlsx,97
103,M20,6.58,0.0011,9.53,Dataset 20.xlsx,96
103,M21,5.12,0.0014,2.63,Dataset 21.xlsx,96
103,M22,9.95,0.0015,7.22,Dataset 22.xlsx,96
103,M23,8.09,0,9.79,Dataset 23.xlsx,96
103,M24,10.05,0.0018,5.44,Dataset 24.xlsx,96
103,M25,8.66,0.0011,5.66,Dataset 25.xlsx,104
103,M26,6.74,0.0019,7.64,Dataset 26.xlsx,104
103,M27,8.47,0.0031,5.57,Dataset 27.xlsx,104
103,M28,7.05,0.0012,8.04,Dataset 28.xlsx,104
103,M29,8.14,0.0009,3.87,Dataset 29.xlsx,104
103,M30,4.95,0.002,2.67,Dataset 30.xlsx,104
104,M01,7.31,0.001,4.76,Dataset 01.xlsx,98
104,M02,9.78,0.0005,9.69,Dataset 02.xlsx,98
104,M03,10.29,0.0005,6.57,Dataset 03.xlsx,98
104,M04,9.5,0.0009,5.87,Dataset 04.xlsx,98
104,M05,9.54,0,6.28,Dataset 05.xlsx,98
104,M06,12.86,0.0006,8.18,Dataset 06.xlsx,98
104,M07,14.12,0.0012,9.31,Dataset 07.xlsx,98
104,M08,18.5,0.0004,19.33,Dataset 08.xlsx,98
104,M09,17.4,0.0025,17.65,Dataset 09.xlsx,98
104,M10,20.13,0.0003,13.91,Dataset 10.xlsx,98
104,M11,19.36,0.0007,13.61,Dataset 11.xlsx,98
104,M12,26.34,0.0005,26.96,Dataset 12.xlsx,98
104,M13,26.56,0.0006,19.91,Dataset 13.xlsx,98
104,M14,23.05,0.0003,29.73,Dataset 14.xlsx,98
104,M15,26.79,0.0003,15.74,Dataset 15.xlsx,98
104,M16,54.88,0.0008,42.9,Dataset 16.xlsx,98
104,M17,7.33,0.0023,6.97,Dataset 17.xlsx,98
104,M18,10.07,0.0007,5.99,Dataset 18.xlsx,98
104,M19,9.14,0.0011,5.7,Dataset 19.xlsx,98
104,M20,11.44,0.0002,17.3,Dataset 20.xlsx,97
104,M21,8.71,0.0024,5.17,Dataset 21.xlsx,97
104,M22,21.42,0.0003,16.7,Dataset 22.xlsx,97
104,M23,18.23,0.0004,23.3,Dataset 23.xlsx,97
104,M24,21.96,0.0003,13.08,Dataset 24.xlsx,97
104,M25,14.27,0.0017,9.98,Dataset 25.xlsx,105
104,M26,12.95,0.0004,15.6,Dataset 26.xlsx,105
104,M27,16.77,0.0004,12,Dataset 27.xlsx,105
104,M28,14.82,0.0017,18,Dataset 28.xlsx,105
104,M29,16.71,0.0017,9.01,Dataset 29.xlsx,105
104,M30,10.31,0.0026,6.64,Dataset 30.xlsx,105
105,M01,5.45,0.0039,3.29,Dataset 01.xlsx,99
105,M02,7.18,0.0007,6.85,Dataset 02.xlsx,99
105,M03,6.23,0.0009,3.58,Dataset 03.xlsx,99
105,M04,5.79,0.0009,3.19,Dataset 04.xlsx,99
105,M05,5.67,0.0018,3.32,Dataset 05.xlsx,99
105,M06,7.87,0.0019,4.62,Dataset 06.xlsx,99
105,M07,8.03,0.0009,4.86,Dataset 07.xlsx,99
105,M08,10.96,0.0006,11.04,Dataset 08.xlsx,99
105,M09,9.86,0.001,9.58,Dataset 09.xlsx,99
105,M10,12.66,0.0005,8.38,Dataset 10.xlsx,99
105,M11,11.73,0.0004,7.85,Dataset 11.xlsx,99
105,M12,13.82,0.0015,13.67,Dataset 12.xlsx,99
105,M13,13.47,0.0004,9.61,Dataset 13.xlsx,99
105,M14,10.69,0.0009,13.25,Dataset 14.xlsx,99
105,M15,13.5,0.001,7.44,Dataset 15.xlsx,99
105,M16,27.07,0.0004,20.66,Dataset 16.xlsx,99
105,M17,4.38,0.0057,3.76,Dataset 17.xlsx,99
105,M18,6.31,0.0011,3.38,Dataset 18.xlsx,99
105,M19,5.12,0.001,2.75,Dataset 19.xlsx,99
105,M20,6.72,0.0007,9.75,Dataset 20.xlsx,98
105,M21,5.11,0.0042,2.62,Dataset 21.xlsx,98
105,M22,10.07,0.0009,7.32,Dataset 22.xlsx,98
105,M23,8.44,0.0008,10.25,Dataset 23.xlsx,98
105,M24,10.05,0.0012,5.44,Dataset 24.xlsx,98
105,M25,10.8,0.002,7.31,Dataset 25.xlsx,106
105,M26,9.1,0.0009,10.67,Dataset 26.xlsx,106
105,M27,10.42,0,7.08,Dataset 27.xlsx,106
105,M28,8.58,0.0029,10,Dataset 28.xlsx,106
105,M29,10.22,0,5.12,Dataset 29.xlsx,106
105,M30,6.22,0.0007,3.61,Dataset 30.xlsx,106
106,M01,6.6,0.0021,4.2,Dataset 01.xlsx,100
106,M02,8.76,0,8.57,Dataset 02.xlsx,100
106,M03,8.4,0.0006,5.18,Dataset 03.xlsx,100
106,M04,7.68,0.0013,4.55,Dataset 04.xlsx,100
106,M05,7.64,0,4.83,Dataset 05.xlsx,100
106,M06,10.65,0,6.61,Dataset 06.xlsx,100
106,M07,11.22,0,7.19,Dataset 07.xlsx,100
106,M08,15.34,0.0004,15.86,Dataset 08.xlsx,100
106,M09,14.19,0.0007,14.21,Dataset 09.xlsx,100
106,M10,17.09,0.0003,11.66,Dataset 10.xlsx,100
106,M11,16.15,0.0004,11.18,Dataset 11.xlsx,100
106,M12,20.97,0.0008,21.26,Dataset 12.xlsx,100
106,M13,20.37,0.0004,15.04,Dataset 13.xlsx,100
106,M14,16.83,0.0012,21.44,Dataset 14.xlsx,100
106,M15,20.31,0.0009,11.69,Dataset 15.xlsx,100
106,M16,46.05,0,35.84,Dataset 16.xlsx,100
106,M17,6.18,0.0016,5.71,Dataset 17.xlsx,100
106,M18,8.29,0.0017,4.76,Dataset 18.xlsx,100
106,M19,6.85,0.0008,4.02,Dataset 19.xlsx,100
106,M20,9.12,0.0007,13.58,Dataset 20.xlsx,99
106,M21,6.61,0.0011,3.68,Dataset 21.xlsx,99
106,M22,14.87,0.0013,11.29,Dataset 22.xlsx,99
106,M23,12.44,0.0017,15.58,Dataset 23.xlsx,99
106,M24,15.13,0.001,8.7,Dataset 24.xlsx,99
106,M25,12.98,0.001,8.98,Dataset 25.xlsx,107
106,M26,11.57,0.0015,13.83,Dataset 26.xlsx,107
106,M27,14.11,0.0007,9.93,Dataset 27.xlsx,107
106,M28,11.95,0.0007,14.32,Dataset 28.xlsx,107
106,M29,13.91,0.001,7.33,Dataset 29.xlsx,107
106,M30,8.42,0.0007,5.24,Dataset 30.xlsx,107
107,M01,7.64,0.0019,5.02,Dataset 01.xlsx,101
107,M02,10.13,0.0006,10.07,Dataset 02.xlsx,101
107,M03,10.85,0.0007,6.99,Dataset 03.xlsx,101
107,M04,9.91,0.0005,6.17,Dataset 04.xlsx,101
107,M05,10.02,0,6.65,Dataset 05.xlsx,101
107,M06,13.61,0,8.72,Dataset 06.xlsx,101
107,M07,14.88,0.0005,9.86,Dataset 07.xlsx,101
107,M08,19.26,0.0003,20.16,Dataset 08.xlsx,101
107,M09,17.39,0.0013,17.65,Dataset 09.xlsx,101
107,M10,20.96,0.0004,14.53,Dataset 10.xlsx,101
107,M11,20.01,0,14.1,Dataset 11.xlsx,101
107,M12,27.43,0.0005,28.12,Dataset 12.xlsx,101
107,M13,28.21,0,21.21,Dataset 13.xlsx,101
107,M14,24.39,0.0015,31.52,Dataset 14.xlsx,101
107,M15,28.15,0.0015,16.59,Dataset 15.xlsx,101
107,M16,56.68,0.0003,44.34,Dataset 16.xlsx,101
107,M17,7.63,0.0013,7.29,Dataset 17.xlsx,101
107,M18,10.46,0.0027,6.26,Dataset 18.xlsx,101
107,M19,9.18,0.0006,5.72,Dataset 19.xlsx,101
107,M20,11.36,0.0013,17.18,Dataset 20.xlsx,100
107,M21,8.51,0.0058,5.04,Dataset 21.xlsx,100
107,M22,21.01,0.0016,16.36,Dataset 22.xlsx,100
107,M23,17.63,0.0016,22.5,Dataset 23.xlsx,100
107,M24,21.56,0.0017,12.82,Dataset 24.xlsx,100
107,M25,14.75,0.0038,10.35,Dataset 25.xlsx,108
107,M26,13.4,0.0022,16.18,Dataset 26.xlsx,108
107,M27,17.65,0.002,12.68,Dataset 27.xlsx,108
107,M28,15.52,0.0037,18.9,Dataset 28.xlsx,108
107,M29,17.49,0.0004,9.47,Dataset 29.xlsx,108
107,M30,10.9,0,7.07,Dataset 30.xlsx,108
108,M01,7.76,0.0009,5.11,Dataset 01.xlsx,102
108,M02,10.32,0.0008,10.28,Dataset 02.xlsx,102
108,M03,11.29,0.0005,7.31,Dataset 03.xlsx,102
108,M04,10.45,0,6.56,Dataset 04.xlsx,102
108,M05,10.53,0,7.04,Dataset 05.xlsx,102
108,M06,13.92,0,8.94,Dataset 06.xlsx,102
108,M07,15.59,0,10.38,Dataset 07.xlsx,102
108,M08,19.96,0.0003,20.93,Dataset 08.xlsx,102
108,M09,18.81,0.0008,19.17,Dataset 09.xlsx,102
108,M10,21.58,0.0003,14.99,Dataset 10.xlsx,102
108,M11,20.81,0.0003,14.7,Dataset 11.xlsx,102
108,M12,28.69,0.0005,29.46,Dataset 12.xlsx,102
108,M13,29.18,0.0003,21.98,Dataset 13.xlsx,102
108,M14,25.55,0.0005,33.07,Dataset 14.xlsx,102
108,M15,29.83,0.0002,17.64,Dataset 15.xlsx,102
108,M16,57.79,0.0003,45.23,Dataset 16.xlsx,102
108,M17,7.91,0.0012,7.59,Dataset 17.xlsx,102
108,M18,10.96,0.0024,6.61,Dataset 18.xlsx,102
108,M19,9.13,0.0006,5.69,Dataset 19.xlsx,102
108,M20,11.16,0.0002,16.86,Dataset 20.xlsx,101
108,M21,8.54,0.0058,5.06,Dataset 21.xlsx,101
108,M22,20.4,0.0006,15.86,Dataset 22.xlsx,101
108,M23,17.22,0.0009,21.96,Dataset 23.xlsx,101
108,M24,21.2,0.0003,12.59,Dataset 24.xlsx,101
108,M25,14.9,0.0035,10.46,Dataset 25.xlsx,109
108,M26,13.6,0.0008,16.44,Dataset 26.xlsx,109
108,M27,18.02,0.0011,12.97,Dataset 27.xlsx,109
108,M28,16.01,0.0036,19.53,Dataset 28.xlsx,109
108,M29,18.1,0.0004,9.84,Dataset 29.xlsx,109
108,M30,11.3,0.0006,7.37,Dataset 30.xlsx,109
109,M01,4.85,0.0015,2.82,Dataset 01.xlsx,103
109,M02,6.29,0.0011,5.87,Dataset 02.xlsx,103
109,M03,5.43,0.0018,3,Dataset 03.xlsx,103
109,M04,5.15,0.0016,2.73,Dataset 04.xlsx,103
109,M05,5,0.0028,2.82,Dataset 05.xlsx,103
109,M06,6.87,0.0041,3.91,Dataset 06.xlsx,103
109,M07,6.91,0.001,4.04,Dataset 07.xlsx,103
109,M08,8.65,0.0008,8.51,Dataset 08.xlsx,103
109,M09,7.58,0.0008,7.13,Dataset 09.xlsx,103
109,M10,10.33,0.0011,6.65,Dataset 10.xlsx,103
109,M11,9.31,0,6.03,Dataset 11.xlsx,103
109,M12,10.23,0.0025,9.86,Dataset 12.xlsx,103
109,M13,10.62,0,7.36,Dataset 13.xlsx,103
109,M14,7.98,0.0021,9.64,Dataset 14.xlsx,103
109,M15,10.65,0.0007,5.65,Dataset 15.xlsx,103
109,M16,18.33,0.0007,13.66,Dataset 16.xlsx,103
109,M17,3.46,0.011,2.76,Dataset 17.xlsx,103
109,M18,5.57,0.0037,2.87,Dataset 18.xlsx,103
109,M19,5.23,0.001,2.83,Dataset 19.xlsx,103
109,M20,6.8,0.0004,9.87,Dataset 20.xlsx,102
109,M21,5.24,0.004,2.72,Dataset 21.xlsx,102
109,M22,10.37,0.0015,7.57,Dataset 22.xlsx,102
109,M23,8.35,0,10.13,Dataset 23.xlsx,102
109,M24,10.53,0.0006,5.75,Dataset 24.xlsx,102
109,M25,6.82,0.0032,4.25,Dataset 25.xlsx,110
109,M26,4.94,0.0027,5.33,Dataset 26.xlsx,110
109,M27,7.28,0.001,4.64,Dataset 27.xlsx,110
109,M28,5.56,0.0044,6.13,Dataset 28.xlsx,110
109,M29,7.32,0,3.38,Dataset 29.xlsx,110
109,M30,4.39,0.0019,2.25,Dataset 30.xlsx,110
110,M01,6.27,0.0024,3.94,Dataset 01.xlsx,104
110,M02,8.34,0.002,8.11,Dataset 02.xlsx,104
110,M03,7.76,0.002,4.71,Dataset 03.xlsx,104
110,M04,7.17,0.0008,4.18,Dataset 04.xlsx,104
110,M05,7.09,0,4.41,Dataset 05.xlsx,104
110,M06,9.8,0.0014,6,Dataset 06.xlsx,104
110,M07,10.29,0.001,6.51,Dataset 07.xlsx,104
110,M08,14.16,0.0005,14.56,Dataset 08.xlsx,104
110,M09,13.1,0.0031,13.05,Dataset 09.xlsx,104
110,M10,15.95,0.0011,10.81,Dataset 10.xlsx,104
110,M11,15.17,0.002,10.45,Dataset 11.xlsx,104
110,M12,18.96,0.0008,19.13,Dataset 12.xlsx,104
110,M13,18.14,0.0018,13.28,Dataset 13.xlsx,104
110,M14,14.93,0.0025,18.91,Dataset 14.xlsx,104
110,M15,18.46,0.0016,10.54,Dataset 15.xlsx,104
110,M16,40.6,0.001,31.48,Dataset 16.xlsx,104
110,M17,5.74,0.0042,5.24,Dataset 17.xlsx,104
110,M18,7.78,0.0027,4.4,Dataset 18.xlsx,104
110,M19,6.55,0,3.8,Dataset 19.xlsx,104
110,M20,8.86,0.0011,13.17,Dataset 20.xlsx,103
110,M21,6.45,0.0011,3.57,Dataset 21.xlsx,103
110,M22,14.27,0.0025,10.79,Dataset 22.xlsx,103
110,M23,12.05,0.0006,15.06,Dataset 23.xlsx,103
110,M24,14.59,0.0017,8.35,Dataset 24.xlsx,103
110,M25,12.43,0.0006,8.56,Dataset 25.xlsx,111
110,M26,10.97,0.0028,13.06,Dataset 26.xlsx,111
110,M27,13.03,0.001,9.1,Dataset 27.xlsx,111
110,M28,10.97,0.0008,13.06,Dataset 28.xlsx,111
110,M29,12.98,0,6.77,Dataset 29.xlsx,111
110,M30,7.77,0.0006,4.76,Dataset 30.xlsx,111
111,M01,7.89,0.0018,5.21,Dataset 01.xlsx,105
111,M02,10.51,0.0005,10.49,Dataset 02.xlsx,105
111,M03,11.78,0.0004,7.67,Dataset 03.xlsx,105
111,M04,10.95,0.0005,6.92,Dataset 04.xlsx,105
111,M05,11.07,0,7.45,Dataset 05.xlsx,105
111,M06,14.51,0,9.36,Dataset 06.xlsx,105
111,M07,16.41,0.0013,10.97,Dataset 07.xlsx,105
111,M08,20.74,0.0003,21.79,Dataset 08.xlsx,105
111,M09,19.6,0.0003,20.02,Dataset 09.xlsx,105
111,M10,22.28,0.0003,15.5,Dataset 10.xlsx,105
111,M11,21.52,0.0003,15.24,Dataset 11.xlsx,105
111,M12,30.18,0.0008,31.03,Dataset 12.xlsx,105
111,M13,31.25,0.0003,23.61,Dataset 13.xlsx,105
111,M14,27.95,0.0004,36.27,Dataset 14.xlsx,105
111,M15,31.41,0.0007,18.63,Dataset 15.xlsx,105
111,M16,60.13,0.0001,47.1,Dataset 16.xlsx,105
111,M17,8.19,0.0012,7.9,Dataset 17.xlsx,105
111,M18,11.4,0.0006,6.92,Dataset 18.xlsx,105
111,M19,9.95,0.0006,6.29,Dataset 19.xlsx,105
111,M20,12.03,0.0006,18.24,Dataset 20.xlsx,104
111,M21,9.31,0.0008,5.6,Dataset 21.xlsx,104
111,M22,23.18,0.0005,18.16,Dataset 22.xlsx,104
111,M23,19.84,0.0009,25.45,Dataset 23.xlsx,104
111,M24,23.77,0.0007,14.24,Dataset 24.xlsx,104
111,M25,15.15,0.0006,10.65,Dataset 25.xlsx,112
111,M26,13.96,0.0007,16.9,Dataset 26.xlsx,112
111,M27,18.76,0.0011,13.54,Dataset 27.xlsx,112
111,M28,16.89,0.0005,20.65,Dataset 28.xlsx,112
111,M29,18.63,0.0008,10.16,Dataset 29.xlsx,112
111,M30,11.83,0.0051,7.76,Dataset 30.xlsx,112
112,M01,7.31,0.0008,4.76,Dataset 01.xlsx,106
112,M02,9.67,0,9.57,Dataset 02.xlsx,106
112,M03,9.96,0.0008,6.33,Dataset 03.xlsx,106
112,M04,9.12,0.0009,5.6,Dataset 04.xlsx,106
112,M05,8.92,0,5.81,Dataset 05.xlsx,106
112,M06,12.55,0.0011,7.96,Dataset 06.xlsx,106
112,M07,13.56,0,8.9,Dataset 07.xlsx,106
112,M08,17.95,0.0004,18.73,Dataset 08.xlsx,106
112,M09,16.78,0.0004,16.99,Dataset 09.xlsx,106
112,M10,19.62,0.0004,13.53,Dataset 10.xlsx,106
112,M11,18.41,0.0004,12.89,Dataset 11.xlsx,106
112,M12,25.3,0.0006,25.86,Dataset 12.xlsx,106
112,M13,25.36,0.0003,18.97,Dataset 13.xlsx,106
112,M14,21.52,0.0003,27.69,Dataset 14.xlsx,106
112,M15,24.91,0.0009,14.57,Dataset 15.xlsx,106
112,M16,53.42,0.0002,41.74,Dataset 16.xlsx,106
112,M17,7.1,0.0034,6.71,Dataset 17.xlsx,106
112,M18,9.73,0.0015,5.75,Dataset 18.xlsx,106
112,M19,8.01,0,4.87,Dataset 19.xlsx,106
112,M20,10.26,0.0007,15.42,Dataset 20.xlsx,105
112,M21,7.59,0.0028,4.38,Dataset 21.xlsx,105
112,M22,17.72,0.0004,13.64,Dataset 22.xlsx,105
112,M23,14.73,0.0005,18.63,Dataset 23.xlsx,105
112,M24,17.98,0.001,10.53,Dataset 24.xlsx,105
112,M25,14.14,0.0016,9.88,Dataset 25.xlsx,113
112,M26,12.74,0.0005,15.33,Dataset 26.xlsx,113
112,M27,16.38,0.0009,11.7,Dataset 27.xlsx,113
112,M28,14.2,0.0017,17.21,Dataset 28.xlsx,113
112,M29,16.02,0.0004,8.59,Dataset 29.xlsx,113
112,M30,10,0.0038,6.41,Dataset 30.xlsx,113
113,M01,7.67,0.0028,5.04,Dataset 01.xlsx,107
113,M02,10.2,0.0005,10.14,Dataset 02.xlsx,107
113,M03,11.09,0.0005,7.16,Dataset 03.xlsx,107
113,M04,10.24,0.0034,6.4,Dataset 04.xlsx,107
113,M05,10.34,0,6.89,Dataset 05.xlsx,107
113,M06,13.81,0,8.86,Dataset 06.xlsx,107
113,M07,15.34,0.0005,10.19,Dataset 07.xlsx,107
113,M08,19.71,0.0003,20.66,Dataset 08.xlsx,107
113,M09,18.51,0.0003,18.85,Dataset 09.xlsx,107
113,M10,21.32,0.0003,14.79,Dataset 10.xlsx,107
113,M11,20.47,0,14.45,Dataset 11.xlsx,107
113,M12,28.37,0.0005,29.11,Dataset 12.xlsx,107
113,M13,29.16,0,21.96,Dataset 13.xlsx,107
113,M14,25.7,0.0005,33.27,Dataset 14.xlsx,107
113,M15,29.18,0.0004,17.24,Dataset 15.xlsx,107
113,M16,57.83,0.0003,45.26,Dataset 16.xlsx,107
113,M17,7.79,0.0013,7.47,Dataset 17.xlsx,107
113,M18,10.75,0.0016,6.47,Dataset 18.xlsx,107
113,M19,8.97,0,5.57,Dataset 19.xlsx,107
113,M20,11.18,0.0004,16.89,Dataset 20.xlsx,106
113,M21,8.42,0.0008,4.97,Dataset 21.xlsx,106
113,M22,20.57,0.0005,16,Dataset 22.xlsx,106
113,M23,17.42,0.0003,22.23,Dataset 23.xlsx,106
113,M24,21.04,0.0005,12.49,Dataset 24.xlsx,106
113,M25,14.81,0.0009,10.39,Dataset 25.xlsx,114
113,M26,13.53,0.0007,16.35,Dataset 26.xlsx,114
113,M27,17.93,0.001,12.9,Dataset 27.xlsx,114
113,M28,15.96,0.0005,19.46,Dataset 28.xlsx,114
113,M29,17.76,0,9.63,Dataset 29.xlsx,114
113,M30,11.15,0.0006,7.26,Dataset 30.xlsx,114
114,M25,12.55,0.0042,8.65,Dataset 25.xlsx,115
114,M26,10.81,0.0029,12.86,Dataset 26.xlsx,115
114,M27,12.79,0,8.91,Dataset 27.xlsx,115
114,M28,10.79,0.0053,12.83,Dataset 28.xlsx,115
114,M29,13.25,0.0011,6.93,Dataset 29.xlsx,115
114,M30,7.75,0,4.74,Dataset 30.xlsx,115
115,M01,8.27,0.0017,5.51,Dataset 01.xlsx,108
115,M02,10.96,0.0005,10.97,Dataset 02.xlsx,108
115,M03,12.64,0.0004,8.31,Dataset 03.xlsx,108
115,M04,11.59,0.0005,7.38,Dataset 04.xlsx,108
115,M05,11.77,0,7.98,Dataset 05.xlsx,108
115,M06,15.4,0,10,Dataset 06.xlsx,108
115,M07,17.69,0.0004,11.91,Dataset 07.xlsx,108
115,M08,21.96,0.0003,23.13,Dataset 08.xlsx,108
115,M09,20.48,0.0005,20.96,Dataset 09.xlsx,108
115,M10,23.52,0.0003,16.42,Dataset 10.xlsx,108
115,M11,22.59,0.0003,16.05,Dataset 11.xlsx,108
115,M12,32.12,0.0003,33.1,Dataset 12.xlsx,108
115,M13,33.58,0.0002,25.44,Dataset 13.xlsx,108
115,M14,30.28,0.0003,39.37,Dataset 14.xlsx,108
115,M15,33.96,0.0006,20.22,Dataset 15.xlsx,108
115,M16,62.65,0.0002,49.12,Dataset 16.xlsx,108
115,M17,8.54,0.0012,8.28,Dataset 17.xlsx,108
115,M18,12,0.0036,7.33,Dataset 18.xlsx,108
115,M19,11.5,0.0005,7.43,Dataset 19.xlsx,108
115,M20,13.3,0.0005,20.28,Dataset 20.xlsx,107
115,M21,10.62,0.0027,6.53,Dataset 21.xlsx,107
115,M22,27.56,0.0003,21.78,Dataset 22.xlsx,107
115,M23,23.99,0.0015,30.98,Dataset 23.xlsx,107
115,M24,27.94,0.0006,16.91,Dataset 24.xlsx,107
115,M25,15.74,0.0019,11.11,Dataset 25.xlsx,116
115,M26,14.48,0.0006,17.56,Dataset 26.xlsx,116
115,M27,19.83,0.0004,14.37,Dataset 27.xlsx,116
115,M28,17.98,0.0018,22.05,Dataset 28.xlsx,116
115,M29,19.79,0,10.85,Dataset 29.xlsx,116
115,M30,12.69,0.0006,8.4,Dataset 30.xlsx,116
116,M01,4.4,0.0052,2.46,Dataset 01.xlsx,109
116,M02,5.58,0.0068,5.09,Dataset 02.xlsx,109
116,M03,4.9,0.0037,2.61,Dataset 03.xlsx,109
116,M04,4.78,0.002,2.46,Dataset 04.xlsx,109
116,M05,4.38,0,2.34,Dataset 05.xlsx,109
116,M06,6.3,0,3.5,Dataset 06.xlsx,109
116,M07,6.04,0.0021,3.41,Dataset 07.xlsx,109
116,M08,7.49,0.0009,7.23,Dataset 08.xlsx,109
116,M09,6.88,0.0007,6.38,Dataset 09.xlsx,109
116,M10,8.89,0.0023,5.58,Dataset 10.xlsx,109
116,M11,8.59,0,5.48,Dataset 11.xlsx,109
116,M12,8.51,0.002,8.03,Dataset 12.xlsx,109
116,M13,9.25,0,6.28,Dataset 13.xlsx,109
116,M14,7.26,0.0044,8.68,Dataset 14.xlsx,109
116,M15,9.04,0.0017,4.65,Dataset 15.xlsx,109
116,M16,16.16,0.0005,11.93,Dataset 16.xlsx,109
116,M17,2.8,0.0035,2.04,Dataset 17.xlsx,109
116,M18,5.16,0.0014,2.58,Dataset 18.xlsx,109
116,M19,4.56,0.0024,2.34,Dataset 19.xlsx,109
116,M20,5.48,0.001,7.76,Dataset 20.xlsx,108
116,M21,4.59,0.0015,2.25,Dataset 21.xlsx,108
116,M22,7.9,0.0038,5.53,Dataset 22.xlsx,108
116,M23,6.57,0.0097,7.75,Dataset 23.xlsx,108
116,M24,7.67,0.0017,3.92,Dataset 24.xlsx,108
116,M25,10.22,0.001,6.86,Dataset 25.xlsx,117
116,M26,8.66,0.003,10.1,Dataset 26.xlsx,117
116,M27,9.64,0.0036,6.47,Dataset 27.xlsx,117
116,M28,8.09,0.001,9.37,Dataset 28.xlsx,117
116,M29,9.34,0.0012,4.59,Dataset 29.xlsx,117
116,M30,5.93,0,3.39,Dataset 30.xlsx,117
117,M01,6.69,0.0011,4.27,Dataset 01.xlsx,110
117,M02,8.94,0.0006,8.77,Dataset 02.xlsx,110
117,M03,8.7,0.0007,5.4,Dataset 03.xlsx,110
117,M04,7.98,0.0006,4.77,Dataset 04.xlsx,110
117,M05,7.93,0,5.05,Dataset 05.xlsx,110
117,M06,11,0,6.86,Dataset 06.xlsx,110
117,M07,11.69,0,7.53,Dataset 07.xlsx,110
117,M08,15.9,0.0004,16.47,Dataset 08.xlsx,110
117,M09,14.76,0.0005,14.82,Dataset 09.xlsx,110
117,M10,17.62,0.0004,12.05,Dataset 10.xlsx,110
117,M11,16.79,0.0004,11.67,Dataset 11.xlsx,110
117,M12,21.88,0.001,22.23,Dataset 12.xlsx,110
117,M13,21.35,0.0004,15.81,Dataset 13.xlsx,110
117,M14,17.75,0.0006,22.67,Dataset 14.xlsx,110
117,M15,21.51,0.001,12.44,Dataset 15.xlsx,110
117,M16,47.77,0.0002,37.22,Dataset 16.xlsx,110
117,M17,6.33,0.0016,5.88,Dataset 17.xlsx,110
117,M18,8.61,0.0008,4.98,Dataset 18.xlsx,110
117,M19,7.82,0.0007,4.73,Dataset 19.xlsx,110
117,M20,10.33,0.0007,15.53,Dataset 20.xlsx,109
117,M21,7.55,0.0028,4.35,Dataset 21.xlsx,109
117,M22,17.81,0.0006,13.72,Dataset 22.xlsx,109
117,M23,14.9,0.0009,18.87,Dataset 23.xlsx,109
117,M24,18.31,0.001,10.74,Dataset 24.xlsx,109
117,M25,13.2,0.0017,9.15,Dataset 25.xlsx,118
117,M26,11.79,0.0008,14.12,Dataset 26.xlsx,118
117,M27,14.51,0.0011,10.25,Dataset 27.xlsx,118
117,M28,12.41,0.002,14.91,Dataset 28.xlsx,118
117,M29,14.46,0.001,7.66,Dataset 29.xlsx,118
117,M30,8.72,0.0013,5.46,Dataset 30.xlsx,118
118,M01,7.31,0.001,4.76,Dataset 01.xlsx,111
118,M02,9.78,0.0006,9.68,Dataset 02.xlsx,111
118,M03,10.25,0.0006,6.55,Dataset 03.xlsx,111
118,M04,9.43,0.0017,5.82,Dataset 04.xlsx,111
118,M05,9.45,0,6.21,Dataset 05.xlsx,111
118,M06,12.8,0.0006,8.14,Dataset 06.xlsx,111
118,M07,14.05,0.0005,9.26,Dataset 07.xlsx,111
118,M08,18.42,0.0004,19.24,Dataset 08.xlsx,111
118,M09,17.25,0.0003,17.5,Dataset 09.xlsx,111
118,M10,20.08,0.0004,13.87,Dataset 10.xlsx,111
118,M11,19.19,0,13.48,Dataset 11.xlsx,111
118,M12,26.19,0.0007,26.8,Dataset 12.xlsx,111
118,M13,26.3,0,19.71,Dataset 13.xlsx,111
118,M14,22.71,0.0007,29.28,Dataset 14.xlsx,111
118,M15,26.4,0.0014,15.5,Dataset 15.xlsx,111
118,M16,54.54,0.0001,42.63,Dataset 16.xlsx,111
118,M17,7.29,0.0023,6.92,Dataset 17.xlsx,111
118,M18,10.01,0.0029,5.95,Dataset 18.xlsx,111
118,M19,8.5,0.0007,5.22,Dataset 19.xlsx,111
118,M20,10.77,0.0011,16.23,Dataset 20.xlsx,110
118,M21,8.08,0.0009,4.73,Dataset 21.xlsx,110
118,M22,19.4,0.0007,15.03,Dataset 22.xlsx,110
118,M23,16.41,0.002,20.88,Dataset 23.xlsx,110
118,M24,19.86,0.0016,11.73,Dataset 24.xlsx,110
118,M25,14.23,0.0006,9.95,Dataset 25.xlsx,119
118,M26,12.93,0.001,15.58,Dataset 26.xlsx,119
118,M27,16.7,0,11.95,Dataset 27.xlsx,119
118,M28,14.7,0.0006,17.85,Dataset 28.xlsx,119
118,M29,16.62,0.0004,8.95,Dataset 29.xlsx,119
118,M30,10.29,0.0038,6.62,Dataset 30.xlsx,119
119,M01,7.43,0.001,4.85,Dataset 01.xlsx,112
119,M02,9.87,0.0006,9.78,Dataset 02.xlsx,112
119,M03,10.42,0.0005,6.67,Dataset 03.xlsx,112
119,M04,9.63,0.0018,5.97,Dataset 04.xlsx,112
119,M05,9.69,0,6.4,Dataset 05.xlsx,112
119,M06,13,0,8.29,Dataset 06.xlsx,112
119,M07,14.3,0,9.43,Dataset 07.xlsx,112
119,M08,18.67,0.0004,19.52,Dataset 08.xlsx,112
119,M09,17.57,0.0008,17.84,Dataset 09.xlsx,112
119,M10,20.32,0.0003,14.05,Dataset 10.xlsx,112
119,M11,19.62,0,13.81,Dataset 11.xlsx,112
119,M12,26.58,0.0008,27.21,Dataset 12.xlsx,112
119,M13,26.82,0,20.12,Dataset 13.xlsx,112
119,M14,23.22,0.0002,29.96,Dataset 14.xlsx,112
119,M15,27.27,0.0008,16.04,Dataset 15.xlsx,112
119,M16,55.11,0.0004,43.09,Dataset 16.xlsx,112
119,M17,7.41,0.0013,7.05,Dataset 17.xlsx,112
119,M18,10.2,0.002,6.08,Dataset 18.xlsx,112
119,M19,7.81,0.0007,4.72,Dataset 19.xlsx,112
119,M20,10.04,0.0007,15.06,Dataset 20.xlsx,111
119,M21,7.41,0.001,4.25,Dataset 21.xlsx,111
119,M22,17.21,0.0002,13.22,Dataset 22.xlsx,111
119,M23,14.51,0,18.35,Dataset 23.xlsx,111
119,M24,17.67,0.001,10.33,Dataset 24.xlsx,111
119,M25,14.36,0.0007,10.05,Dataset 25.xlsx,120
119,M26,13.06,0.0003,15.74,Dataset 26.xlsx,120
119,M27,16.95,0,12.14,Dataset 27.xlsx,120
119,M28,14.95,0.0006,18.17,Dataset 28.xlsx,120
119,M29,16.97,0.0004,9.16,Dataset 29.xlsx,120
119,M30,10.45,0,6.74,Dataset 30.xlsx,120
120,M01,6.32,0.0022,3.98,Dataset 01.xlsx,113
120,M02,8.71,0.0011,8.52,Dataset 02.xlsx,113
120,M03,8.58,0.0021,5.32,Dataset 03.xlsx,113
120,M04,7.87,0.0045,4.69,Dataset 04.xlsx,113
120,M05,7.54,0.0019,4.76,Dataset 05.xlsx,113
120,M06,10.71,0.0013,6.65,Dataset 06.xlsx,113
120,M07,11.58,0.0015,7.45,Dataset 07.xlsx,113
120,M08,15.75,0.0004,16.31,Dataset 08.xlsx,113
120,M09,14.65,0.0004,14.71,Dataset 09.xlsx,113
120,M10,17.28,0.0012,11.8,Dataset 10.xlsx,113
120,M11,16.2,0.0009,11.23,Dataset 11.xlsx,113
120,M12,21.51,0.0008,21.83,Dataset 12.xlsx,113
120,M13,19.5,0.0008,14.35,Dataset 13.xlsx,113
120,M14,16.24,0.0031,20.65,Dataset 14.xlsx,113
120,M15,21.04,0.0007,12.15,Dataset 15.xlsx,113
120,M16,43.87,0.0008,34.1,Dataset 16.xlsx,113
120,M17,6.12,0.0039,5.65,Dataset 17.xlsx,113
120,M18,8.41,0.0025,4.84,Dataset 18.xlsx,113
120,M19,5.88,0.0038,3.31,Dataset 19.xlsx,113
120,M20,8.65,0.0006,12.85,Dataset 20.xlsx,112
120,M21,6.11,0.0046,3.33,Dataset 21.xlsx,112
120,M22,13.34,0.0035,10.02,Dataset 22.xlsx,112
120,M23,11.1,0.0006,13.79,Dataset 23.xlsx,112
120,M24,14.66,0.0008,8.4,Dataset 24.xlsx,112
120,M25,12.48,0.0025,8.6,Dataset 25.xlsx,121
120,M26,11.17,0.0037,13.32,Dataset 26.xlsx,121
120,M27,13.32,0.0005,9.32,Dataset 27.xlsx,121
120,M28,11.43,0.0029,13.65,Dataset 28.xlsx,121
120,M29,13.9,0.0005,7.32,Dataset 29.xlsx,121
120,M30,7.84,0.0006,4.81,Dataset 30.xlsx,121
121,M01,4.39,0.0048,2.46,Dataset 01.xlsx,114
121,M02,5.3,0.0019,4.79,Dataset 02.xlsx,114
121,M03,4.92,0.002,2.62,Dataset 03.xlsx,114
121,M04,4.58,0.0022,2.31,Dataset 04.xlsx,114
121,M05,4.49,0.0028,2.43,Dataset 05.xlsx,114
121,M06,6.27,0.0011,3.48,Dataset 06.xlsx,114
121,M07,5.86,0.0036,3.28,Dataset 07.xlsx,114
121,M08,6.24,0.0011,5.86,Dataset 08.xlsx,114
121,M09,5.01,0.0034,4.38,Dataset 09.xlsx,114
121,M10,7.9,0.0015,4.85,Dataset 10.xlsx,114
121,M11,6.83,0.0067,4.15,Dataset 11.xlsx,114
121,M12,6.73,0.0086,6.15,Dataset 12.xlsx,114
121,M13,7.48,0.0069,4.89,Dataset 13.xlsx,114
121,M14,4.62,0.0109,5.16,Dataset 14.xlsx,114
121,M15,7.97,0.0027,3.98,Dataset 15.xlsx,114
121,M16,9.69,0.0017,6.75,Dataset 16.xlsx,114
121,M17,2.65,0.0064,1.88,Dataset 17.xlsx,114
121,M18,5.08,0.0023,2.53,Dataset 18.xlsx,114
121,M19,4.49,0.0031,2.29,Dataset 19.xlsx,114
121,M20,5.01,0.0014,7.02,Dataset 20.xlsx,113
121,M21,4.45,0.0048,2.16,Dataset 21.xlsx,113
121,M22,6.88,0.0068,4.69,Dataset 22.xlsx,113
121,M23,4.89,0.0014,5.51,Dataset 23.xlsx,113
121,M24,6.75,0.0027,3.33,Dataset 24.xlsx,113
121,M25,7.53,0.0029,4.79,Dataset 25.xlsx,122
121,M26,5.34,0.0077,5.85,Dataset 26.xlsx,122
121,M27,7.76,0.0046,5.02,Dataset 27.xlsx,122
121,M28,5.94,0.0042,6.62,Dataset 28.xlsx,122
121,M29,7.63,0.0028,3.57,Dataset 29.xlsx,122
121,M30,4.91,0.0019,2.64,Dataset 30.xlsx,122
122,M01,7.17,0.001,4.65,Dataset 01.xlsx,115
122,M02,9.34,0.0005,9.21,Dataset 02.xlsx,115
122,M03,9.27,0.0007,5.82,Dataset 03.xlsx,115
122,M04,8.55,0.0009,5.18,Dataset 04.xlsx,115
122,M05,9.39,0,6.17,Dataset 05.xlsx,115
122,M06,11.85,0.0006,7.46,Dataset 06.xlsx,115
122,M07,12.41,0.0006,8.06,Dataset 07.xlsx,115
122,M08,16.58,0.0004,17.22,Dataset 08.xlsx,115
122,M09,15.65,0.0016,15.78,Dataset 09.xlsx,115
122,M10,18.48,0.0004,12.69,Dataset 10.xlsx,115
122,M11,18.79,0,13.18,Dataset 11.xlsx,115
122,M12,22.82,0.0012,23.22,Dataset 12.xlsx,115
122,M13,22.89,0,17.02,Dataset 13.xlsx,115
122,M14,19.25,0.0022,24.67,Dataset 14.xlsx,115
122,M15,23.46,0.0014,13.66,Dataset 15.xlsx,115
122,M16,49.59,0.0001,38.67,Dataset 16.xlsx,115
122,M17,6.3,0.0027,5.85,Dataset 17.xlsx,115
122,M18,8.53,0.0017,4.92,Dataset 18.xlsx,115
122,M19,6.92,0.0008,4.07,Dataset 19.xlsx,115
122,M20,8.24,0.0013,12.18,Dataset 20.xlsx,114
122,M21,5.97,0.0012,3.23,Dataset 21.xlsx,114
122,M22,12.73,0.003,9.52,Dataset 22.xlsx,114
122,M23,11.76,0,14.68,Dataset 23.xlsx,114
122,M24,12.63,0.0022,7.1,Dataset 24.xlsx,114
122,M25,14.95,0.0005,10.5,Dataset 25.xlsx,123
122,M26,13.67,0.0025,16.53,Dataset 26.xlsx,123
122,M27,18.17,0.0005,13.09,Dataset 27.xlsx,123
122,M28,16.2,0.0005,19.77,Dataset 28.xlsx,123
122,M29,18.15,0.0008,9.87,Dataset 29.xlsx,123
122,M30,11.43,0.0006,7.47,Dataset 30.xlsx,123
123,M01,7.75,0.014,5.1,Dataset 01.xlsx,116
123,M02,10.33,0.0005,10.29,Dataset 02.xlsx,116
123,M03,11.27,0.0005,7.29,Dataset 03.xlsx,116
123,M04,10.24,0.0005,6.41,Dataset 04.xlsx,116
123,M05,10.29,0,6.85,Dataset 05.xlsx,116
123,M06,13.91,0.0005,8.93,Dataset 06.xlsx,116
123,M07,15.55,0,10.35,Dataset 07.xlsx,116
123,M08,19.91,0.0003,20.88,Dataset 08.xlsx,116
123,M09,18.56,0.0011,18.9,Dataset 09.xlsx,116
123,M10,21.57,0.0003,14.98,Dataset 10.xlsx,116
123,M11,20.48,0.0007,14.46,Dataset 11.xlsx,116
123,M12,28.58,0.0007,29.34,Dataset 12.xlsx,116
123,M13,29.11,0.0005,21.92,Dataset 13.xlsx,116
123,M14,25.48,0.0006,32.97,Dataset 14.xlsx,116
123,M15,29.52,0.0008,17.45,Dataset 15.xlsx,116
123,M16,57.77,0.0003,45.22,Dataset 16.xlsx,116
123,M17,7.77,0.0022,7.44,Dataset 17.xlsx,116
123,M18,10.77,0.002,6.48,Dataset 18.xlsx,116
123,M19,9.73,0.0006,6.13,Dataset 19.xlsx,116
123,M20,11.85,0.0007,17.96,Dataset 20.xlsx,115
123,M21,9.03,0.0008,5.4,Dataset 21.xlsx,115
123,M22,22.6,0.0006,17.68,Dataset 22.xlsx,115
123,M23,19.22,0.0016,24.63,Dataset 23.xlsx,115
123,M24,23.28,0.0008,13.92,Dataset 24.xlsx,115
123,M25,14.9,0.0005,10.46,Dataset 25.xlsx,124
123,M26,13.55,0.0009,16.37,Dataset 26.xlsx,124
123,M27,18,0.0012,12.95,Dataset 27.xlsx,124
123,M28,15.96,0.0005,19.46,Dataset 28.xlsx,124
123,M29,18.02,0,9.79,Dataset 29.xlsx,124
123,M30,11.3,0.0029,7.37,Dataset 30.xlsx,124
124,M01,6.74,0.001,4.31,Dataset 01.xlsx,117
124,M02,9.34,0.004,9.21,Dataset 02.xlsx,117
124,M03,9.26,0.0015,5.82,Dataset 03.xlsx,117
124,M04,8.53,0.0018,5.17,Dataset 04.xlsx,117
124,M05,8.37,0,5.39,Dataset 05.xlsx,117
124,M06,11.77,0.0006,7.41,Dataset 06.xlsx,117
124,M07,12.81,0.0004,8.35,Dataset 07.xlsx,117
124,M08,16.93,0.0004,17.6,Dataset 08.xlsx,117
124,M09,16.18,0.0017,16.35,Dataset 09.xlsx,117
124,M10,18.71,0.0009,12.86,Dataset 10.xlsx,117
124,M11,17.63,0.002,12.3,Dataset 11.xlsx,117
124,M12,24.05,0.0016,24.53,Dataset 12.xlsx,117
124,M13,22.31,0.0018,16.57,Dataset 13.xlsx,117
124,M14,18.86,0.0004,24.15,Dataset 14.xlsx,117
124,M15,23.1,0.0006,13.44,Dataset 15.xlsx,117
124,M16,49.03,0.0002,38.22,Dataset 16.xlsx,117
124,M17,6.98,0.0024,6.59,Dataset 17.xlsx,117
124,M18,9.46,0.0016,5.57,Dataset 18.xlsx,117
124,M19,7.64,0.0013,4.6,Dataset 19.xlsx,117
124,M20,9.15,0.0005,13.64,Dataset 20.xlsx,116
124,M21,7.32,0,4.19,Dataset 21.xlsx,116
124,M22,16.84,0.0004,12.92,Dataset 22.xlsx,116
124,M23,14.19,0.0007,17.92,Dataset 23.xlsx,116
124,M24,17.4,0.0007,10.15,Dataset 24.xlsx,116
124,M25,12.94,0,8.95,Dataset 25.xlsx,125
124,M26,11.56,0.0005,13.82,Dataset 26.xlsx,125
124,M27,14.09,0.0022,9.93,Dataset 27.xlsx,125
124,M28,12.07,0,14.47,Dataset 28.xlsx,125
124,M29,14.21,0,7.51,Dataset 29.xlsx,125
124,M30,8.65,0.0012,5.41,Dataset 30.xlsx,125
125,M01,7.53,0.0038,4.93,Dataset 01.xlsx,118
125,M02,10.04,0.0005,9.98,Dataset 02.xlsx,118
125,M03,10.7,0,6.88,Dataset 03.xlsx,118
125,M04,9.69,0.001,6.01,Dataset 04.xlsx,118
125,M05,9.69,0,6.4,Dataset 05.xlsx,118
125,M06,13.29,0.0005,8.49,Dataset 06.xlsx,118
125,M07,14.67,0.0005,9.7,Dataset 07.xlsx,118
125,M08,19.03,0.0003,19.91,Dataset 08.xlsx,118
125,M09,17.58,0.0005,17.85,Dataset 09.xlsx,118
125,M10,20.75,0,14.37,Dataset 10.xlsx,118
125,M11,19.66,0,13.84,Dataset 11.xlsx,118
125,M12,27.06,0.0008,27.73,Dataset 12.xlsx,118
125,M13,27.35,0,20.54,Dataset 13.xlsx,118
125,M14,23.54,0.0003,30.39,Dataset 14.xlsx,118
125,M15,27.79,0.0003,16.37,Dataset 15.xlsx,118
125,M16,55.66,0.0002,43.53,Dataset 16.xlsx,118
125,M17,7.42,0.0023,7.06,Dataset 17.xlsx,118
125,M18,10.25,0.0021,6.12,Dataset 18.xlsx,118
125,M19,9.13,0.0006,5.69,Dataset 19.xlsx,118
125,M20,11.38,0.0002,17.21,Dataset 20.xlsx,117
125,M21,8.58,0,5.09,Dataset 21.xlsx,117
125,M22,21.17,0.0003,16.5,Dataset 22.xlsx,117
125,M23,17.92,0.002,22.89,Dataset 23.xlsx,117
125,M24,21.78,0.0003,12.96,Dataset 24.xlsx,117
125,M25,14.55,0,10.19,Dataset 25.xlsx,126
125,M26,13.21,0.0004,15.94,Dataset 26.xlsx,126
125,M27,17.25,0.0008,12.37,Dataset 27.xlsx,126
125,M28,15.15,0,18.42,Dataset 28.xlsx,126
125,M29,17.32,0.0004,9.37,Dataset 29.xlsx,126
125,M30,10.73,0.0013,6.95,Dataset 30.xlsx,126
126,M01,4,0.0058,2.15,Dataset 01.xlsx,119
126,M02,4.76,0.0047,4.2,Dataset 02.xlsx,119
126,M03,4.41,0.0014,2.25,Dataset 03.xlsx,119
126,M04,4.3,0.0012,2.11,Dataset 04.xlsx,119
126,M05,4.14,0,2.16,Dataset 05.xlsx,119
126,M06,5.77,0.0012,3.12,Dataset 06.xlsx,119
126,M07,5.02,0.01,2.66,Dataset 07.xlsx,119
126,M08,5.46,0.0012,4.99,Dataset 08.xlsx,119
126,M09,4.82,0.0061,4.17,Dataset 09.xlsx,119
126,M10,6.83,0.0011,4.06,Dataset 10.xlsx,119
126,M11,6.27,0.0023,3.73,Dataset 11.xlsx,119
126,M12,5.76,0.0066,5.12,Dataset 12.xlsx,119
126,M13,6.75,0.0024,4.31,Dataset 13.xlsx,119
126,M14,4.94,0.0145,5.59,Dataset 14.xlsx,119
126,M15,6.64,0.0011,3.15,Dataset 15.xlsx,119
126,M16,9.29,0.0025,6.43,Dataset 16.xlsx,119
126,M17,2.27,0.0074,1.47,Dataset 17.xlsx,119
126,M18,4.79,0.0075,2.33,Dataset 18.xlsx,119
126,M19,4.32,0.0013,2.17,Dataset 19.xlsx,119
126,M20,4.9,0.0005,6.83,Dataset 20.xlsx,118
126,M21,4.37,0,2.1,Dataset 21.xlsx,118
126,M22,6.83,0.0098,4.64,Dataset 22.xlsx,118
126,M23,5.52,0.0058,6.36,Dataset 23.xlsx,118
126,M24,6.69,0.0009,3.29,Dataset 24.xlsx,118
126,M25,10.24,0,6.88,Dataset 25.xlsx,127
126,M26,8.71,0.0068,10.17,Dataset 26.xlsx,127
126,M27,9.85,0.0029,6.64,Dataset 27.xlsx,127
126,M28,8.11,0,9.4,Dataset 28.xlsx,127
126,M29,9.65,0.0007,4.78,Dataset 29.xlsx,127
126,M30,6.84,0.0012,4.07,Dataset 30.xlsx,127
127,M01,4.2,0,2.31,Dataset 01.xlsx,120
127,M02,5.2,0.0025,4.68,Dataset 02.xlsx,120
127,M03,4.67,0.0017,2.44,Dataset 03.xlsx,120
127,M04,4.57,0.0018,2.31,Dataset 04.xlsx,120
127,M05,4.44,0.0016,2.39,Dataset 05.xlsx,120
127,M06,6.02,0,3.3,Dataset 06.xlsx,120
127,M07,5.55,0.0031,3.05,Dataset 07.xlsx,120
127,M08,6.42,0.001,6.05,Dataset 08.xlsx,120
127,M09,5.95,0.0039,5.38,Dataset 09.xlsx,120
127,M10,7.82,0.0012,4.79,Dataset 10.xlsx,120
127,M11,7.33,0,4.53,Dataset 11.xlsx,120
127,M12,7.12,0.0016,6.56,Dataset 12.xlsx,120
127,M13,7.88,0,5.2,Dataset 13.xlsx,120
127,M14,6.2,0.008,7.27,Dataset 14.xlsx,120
127,M15,7.85,0.0009,3.9,Dataset 15.xlsx,120
127,M16,12.09,0.0005,8.67,Dataset 16.xlsx,120
127,M17,2.62,0.0038,1.84,Dataset 17.xlsx,120
127,M18,4.99,0.0043,2.47,Dataset 18.xlsx,120
127,M19,4.52,0.0022,2.31,Dataset 19.xlsx,120
127,M20,5.38,0.0004,7.61,Dataset 20.xlsx,119
127,M21,4.56,0,2.23,Dataset 21.xlsx,119
127,M22,7.74,0.006,5.4,Dataset 22.xlsx,119
127,M23,6.42,0.0011,7.55,Dataset 23.xlsx,119
127,M24,7.57,0.0008,3.85,Dataset 24.xlsx,119
127,M25,10.9,0.0003,7.38,Dataset 25.xlsx,128
127,M26,9.42,0.0043,11.08,Dataset 26.xlsx,128
127,M27,10.88,0.0007,7.43,Dataset 27.xlsx,128
127,M28,8.74,0,10.21,Dataset 28.xlsx,128
127,M29,10.17,0,5.09,Dataset 29.xlsx,128
127,M30,7.17,0.0006,4.31,Dataset 30.xlsx,128
128,M01,5.95,0.0023,3.69,Dataset 01.xlsx,121
128,M02,8.3,0.0012,8.07,Dataset 02.xlsx,121
128,M03,7.73,0.0012,4.69,Dataset 03.xlsx,121
128,M04,7.15,0.0011,4.17,Dataset 04.xlsx,121
128,M05,6.86,0.0019,4.23,Dataset 05.xlsx,121
128,M06,9.21,0,5.58,Dataset 06.xlsx,121
128,M07,10.28,0.0015,6.5,Dataset 07.xlsx,121
128,M08,14.16,0.0005,14.56,Dataset 08.xlsx,121
128,M09,13.03,0.0031,12.98,Dataset 09.xlsx,121
128,M10,15.96,0.0007,10.82,Dataset 10.xlsx,121
128,M11,14.8,0,10.17,Dataset 11.xlsx,121
128,M12,18.97,0.0003,19.14,Dataset 12.xlsx,121
128,M13,16.91,0,12.31,Dataset 13.xlsx,121
128,M14,13.89,0.0011,17.52,Dataset 14.xlsx,121
128,M15,18.36,0.0008,10.48,Dataset 15.xlsx,121
128,M16,36.61,0.0003,28.29,Dataset 16.xlsx,121
128,M17,5.69,0.0017,5.18,Dataset 17.xlsx,121
128,M18,7.84,0.0018,4.44,Dataset 18.xlsx,121
128,M19,6.19,0,3.53,Dataset 19.xlsx,121
128,M20,8.87,0.0005,13.19,Dataset 20.xlsx,120
128,M21,6.34,0.0045,3.5,Dataset 21.xlsx,120
128,M22,14.12,0.001,10.67,Dataset 22.xlsx,120
128,M23,11.47,0.0025,14.29,Dataset 23.xlsx,120
128,M24,16.53,0.0007,9.6,Dataset 24.xlsx,120
128,M25,11.81,0.0025,8.08,Dataset 25.xlsx,129
128,M26,10.43,0.0012,12.37,Dataset 26.xlsx,129
128,M27,12.1,0.0017,8.38,Dataset 27.xlsx,129
128,M28,10.19,0.0032,12.06,Dataset 28.xlsx,129
128,M29,12.62,0.0017,6.55,Dataset 29.xlsx,129
128,M30,7.15,0.0012,4.3,Dataset 30.xlsx,129
129,M01,5.63,0.0038,3.43,Dataset 01.xlsx,122
129,M02,7.52,0,7.22,Dataset 02.xlsx,122
129,M03,6.57,0.0006,3.84,Dataset 03.xlsx,122
129,M04,6.13,0.0019,3.43,Dataset 04.xlsx,122
129,M05,5.94,0.0024,3.53,Dataset 05.xlsx,122
129,M06,8.28,0,4.91,Dataset 06.xlsx,122
129,M07,8.6,0.0008,5.27,Dataset 07.xlsx,122
129,M08,12.11,0.0005,12.31,Dataset 08.xlsx,122
129,M09,11.18,0.0014,10.99,Dataset 09.xlsx,122
129,M10,13.75,0.0003,9.19,Dataset 10.xlsx,122
129,M11,12.87,0.0005,8.71,Dataset 11.xlsx,122
129,M12,15.82,0.0004,15.79,Dataset 12.xlsx,122
129,M13,14.8,0.0005,10.65,Dataset 13.xlsx,122
129,M14,12.18,0.0012,15.24,Dataset 14.xlsx,122
129,M15,14.87,0.0005,8.29,Dataset 15.xlsx,122
129,M16,32.4,0.0003,24.92,Dataset 16.xlsx,122
129,M17,4.81,0.002,4.23,Dataset 17.xlsx,122
129,M18,6.7,0.0032,3.65,Dataset 18.xlsx,122
129,M19,5.72,0.001,3.19,Dataset 19.xlsx,122
129,M20,7.85,0.0003,11.55,Dataset 20.xlsx,121
129,M21,5.66,0.0013,3.01,Dataset 21.xlsx,121
129,M22,12.12,0.0012,9.02,Dataset 22.xlsx,121
129,M23,10.25,0.0014,12.67,Dataset 23.xlsx,121
129,M24,12.23,0.0005,6.84,Dataset 24.xlsx,121
129,M25,9.73,0.001,6.48,Dataset 25.xlsx,130
129,M26,7.86,0.0016,9.08,Dataset 26.xlsx,130
129,M27,9.38,0.0012,6.27,Dataset 27.xlsx,130
129,M28,7.84,0.0011,9.05,Dataset 28.xlsx,130
129,M29,9.01,0.0008,4.39,Dataset 29.xlsx,130
129,M30,5.27,0.0024,2.9,Dataset 30.xlsx,130
130,M01,8.29,0.0017,5.53,Dataset 01.xlsx,123
130,M02,10.9,0.0005,10.91,Dataset 02.xlsx,123
130,M03,12.56,0.0004,8.24,Dataset 03.xlsx,123
130,M04,11.64,0.0005,7.42,Dataset 04.xlsx,123
130,M05,11.79,0.0006,8,Dataset 05.xlsx,123
130,M06,15.53,0.0005,10.09,Dataset 06.xlsx,123
130,M07,17.57,0.0004,11.82,Dataset 07.xlsx,123
130,M08,21.84,0.0003,23,Dataset 08.xlsx,123
130,M09,20.58,0,21.06,Dataset 09.xlsx,123
130,M10,23.37,0.0003,16.31,Dataset 10.xlsx,123
130,M11,22.57,0.0006,16.03,Dataset 11.xlsx,123
130,M12,31.94,0.0005,32.91,Dataset 12.xlsx,123
130,M13,33.54,0.0005,25.41,Dataset 13.xlsx,123
130,M14,30.32,0.0002,39.43,Dataset 14.xlsx,123
130,M15,33.68,0.0002,20.05,Dataset 15.xlsx,123
130,M16,62.65,0.0001,49.12,Dataset 16.xlsx,123
130,M17,8.55,0.002,8.29,Dataset 17.xlsx,123
130,M18,12.05,0.0027,7.37,Dataset 18.xlsx,123
130,M19,11.45,0.0005,7.39,Dataset 19.xlsx,123
130,M20,13.29,0.0002,20.26,Dataset 20.xlsx,122
130,M21,10.47,0.002,6.43,Dataset 21.xlsx,122
130,M22,27.07,0.0002,21.37,Dataset 22.xlsx,122
130,M23,23.76,0.0015,30.67,Dataset 23.xlsx,122
130,M24,27.59,0.0002,16.69,Dataset 24.xlsx,122
130,M25,15.76,0.0015,11.12,Dataset 25.xlsx,131
130,M26,14.53,0.0003,17.63,Dataset 26.xlsx,131
130,M27,19.94,0.0014,14.46,Dataset 27.xlsx,131
130,M28,17.94,0.0014,22,Dataset 28.xlsx,131
130,M29,19.85,0.0004,10.88,Dataset 29.xlsx,131
130,M30,12.61,0.0023,8.34,Dataset 30.xlsx,131
131,M01,4.24,0.0032,2.34,Dataset 01.xlsx,124
131,M02,5.72,0.0047,5.25,Dataset 02.xlsx,124
131,M03,4.94,0.0024,2.64,Dataset 03.xlsx,124
131,M04,4.57,0.0033,2.3,Dataset 04.xlsx,124
131,M05,4.24,0,2.24,Dataset 05.xlsx,124
131,M06,6.28,0,3.49,Dataset 06.xlsx,124
131,M07,6.14,0.0012,3.48,Dataset 07.xlsx,124
131,M08,7.71,0.0008,7.47,Dataset 08.xlsx,124
131,M09,6.25,0.0021,5.71,Dataset 09.xlsx,124
131,M10,9.15,0.0015,5.77,Dataset 10.xlsx,124
131,M11,7.19,0.0049,4.42,Dataset 11.xlsx,124
131,M12,8.87,0.0024,8.42,Dataset 12.xlsx,124
131,M13,9.15,0.0043,6.2,Dataset 13.xlsx,124
131,M14,7.34,0.0055,8.79,Dataset 14.xlsx,124
131,M15,9.42,0.0008,4.89,Dataset 15.xlsx,124
131,M16,17.11,0.0008,12.69,Dataset 16.xlsx,124
131,M17,2.62,0.0038,1.85,Dataset 17.xlsx,124
131,M18,5.06,0.0046,2.51,Dataset 18.xlsx,124
131,M19,4.43,0.005,2.25,Dataset 19.xlsx,124
131,M20,5.22,0.0005,7.35,Dataset 20.xlsx,123
131,M21,4.4,0.0048,2.12,Dataset 21.xlsx,123
131,M22,7.35,0.0051,5.07,Dataset 22.xlsx,123
131,M23,6.31,0.0048,7.41,Dataset 23.xlsx,123
131,M24,7.15,0.0008,3.58,Dataset 24.xlsx,123
131,M25,6.82,0.0034,4.25,Dataset 25.xlsx,132
131,M26,5.07,0.0065,5.5,Dataset 26.xlsx,132
131,M27,7.13,0.002,4.53,Dataset 27.xlsx,132
131,M28,5.56,0.0044,6.13,Dataset 28.xlsx,132
131,M29,6.94,0.002,3.16,Dataset 29.xlsx,132
131,M30,4.39,0.0052,2.25,Dataset 30.xlsx,132
132,M01,8.55,0.0017,5.73,Dataset 01.xlsx,125
132,M02,11.22,0.0005,11.26,Dataset 02.xlsx,125
132,M03,13.08,0.0006,8.63,Dataset 03.xlsx,125
132,M04,12.01,0.0004,7.69,Dataset 04.xlsx,125
132,M05,12.27,0,8.37,Dataset 05.xlsx,125
132,M06,15.88,0.0004,10.34,Dataset 06.xlsx,125
132,M07,18.32,0.0004,12.37,Dataset 07.xlsx,125
132,M08,22.56,0.0003,23.79,Dataset 08.xlsx,125
132,M09,21.08,0.0003,21.6,Dataset 09.xlsx,125
132,M10,24.13,0.0004,16.87,Dataset 10.xlsx,125
132,M11,23.24,0.0003,16.54,Dataset 11.xlsx,125
132,M12,33.07,0.0003,34.1,Dataset 12.xlsx,125
132,M13,34.67,0.0002,26.3,Dataset 13.xlsx,125
132,M14,31.36,0.0002,40.81,Dataset 14.xlsx,125
132,M15,35.32,0.0012,21.08,Dataset 15.xlsx,125
132,M16,63.82,0.0001,50.06,Dataset 16.xlsx,125
132,M17,8.81,0.0019,8.57,Dataset 17.xlsx,125
132,M18,12.4,0.0011,7.61,Dataset 18.xlsx,125
132,M19,12.19,0.0009,7.93,Dataset 19.xlsx,125
132,M20,13.89,0.001,21.22,Dataset 20.xlsx,124
132,M21,11.08,0.0013,6.86,Dataset 21.xlsx,124
132,M22,29.02,0.0002,22.98,Dataset 22.xlsx,124
132,M23,25.24,0.0017,32.65,Dataset 23.xlsx,124
132,M24,29.94,0.0012,18.19,Dataset 24.xlsx,124
132,M25,16.08,0.0009,11.37,Dataset 25.xlsx,133
132,M26,14.75,0.0004,17.91,Dataset 26.xlsx,133
132,M27,20.35,0.0007,14.78,Dataset 27.xlsx,133
132,M28,18.47,0.0009,22.68,Dataset 28.xlsx,133
132,M29,20.41,0.0021,11.22,Dataset 29.xlsx,133
132,M30,13.13,0.0006,8.72,Dataset 30.xlsx,133
133,M01,7.95,0.0009,5.26,Dataset 01.xlsx,126
133,M02,10.59,0.0005,10.57,Dataset 02.xlsx,126
133,M03,11.79,0.0004,7.68,Dataset 03.xlsx,126
133,M04,10.74,0.0015,6.77,Dataset 04.xlsx,126
133,M05,10.93,0.0007,7.34,Dataset 05.xlsx,126
133,M06,14.54,0.0005,9.39,Dataset 06.xlsx,126
133,M07,16.36,0,10.94,Dataset 07.xlsx,126
133,M08,20.71,0.0003,21.76,Dataset 08.xlsx,126
133,M09,19.28,0.0003,19.67,Dataset 09.xlsx,126
133,M10,22.34,0.0002,15.55,Dataset 10.xlsx,126
133,M11,21.37,0.0007,15.13,Dataset 11.xlsx,126
133,M12,29.95,0.0004,30.79,Dataset 12.xlsx,126
133,M13,30.98,0.0005,23.39,Dataset 13.xlsx,126
133,M14,27.48,0.0002,35.64,Dataset 14.xlsx,126
133,M15,31.25,0.0016,18.53,Dataset 15.xlsx,126
133,M16,59.82,0.0001,46.86,Dataset 16.xlsx,126
133,M17,8.03,0.0012,7.72,Dataset 17.xlsx,126
133,M18,11.08,0.0006,6.69,Dataset 18.xlsx,126
133,M19,10.69,0.0005,6.83,Dataset 19.xlsx,126
133,M20,11.99,0.0014,18.18,Dataset 20.xlsx,125
133,M21,9.1,0,5.45,Dataset 21.xlsx,125
133,M22,23.18,0.0005,18.16,Dataset 22.xlsx,125
133,M23,19.42,0,24.89,Dataset 23.xlsx,125
133,M24,23.82,0.0018,14.27,Dataset 24.xlsx,125
133,M25,15.24,0,10.72,Dataset 25.xlsx,134
133,M26,13.96,0.0007,16.9,Dataset 26.xlsx,134
133,M27,18.77,0.0003,13.55,Dataset 27.xlsx,134
133,M28,16.83,0,20.58,Dataset 28.xlsx,134
133,M29,18.78,0.0008,10.18,Dataset 29.xlsx,134
133,M30,11.85,0.0012,7.78,Dataset 30.xlsx,134
134,M01,7.77,0.0018,5.12,Dataset 01.xlsx,127
134,M02,10.39,0.0005,10.36,Dataset 02.xlsx,127
134,M03,11.57,0.0003,7.52,Dataset 03.xlsx,127
134,M04,10.75,0.0005,6.77,Dataset 04.xlsx,127
134,M05,10.84,0.0013,7.27,Dataset 05.xlsx,127
134,M06,14.25,0,9.18,Dataset 06.xlsx,127
134,M07,16.09,0,10.74,Dataset 07.xlsx,127
134,M08,20.44,0.0003,21.46,Dataset 08.xlsx,127
134,M09,19.23,0.0003,19.62,Dataset 09.xlsx,127
134,M10,21.97,0.0002,15.27,Dataset 10.xlsx,127
134,M11,21.19,0.005,14.99,Dataset 11.xlsx,127
134,M12,29.69,0.0002,30.52,Dataset 12.xlsx,127
134,M13,30.56,0.0039,23.06,Dataset 13.xlsx,127
134,M14,27.32,0.0004,35.43,Dataset 14.xlsx,127
134,M15,30.77,0.0009,18.41,Dataset 15.xlsx,127
134,M16,59.4,0.0001,46.52,Dataset 16.xlsx,127
134,M17,8.05,0.0021,7.75,Dataset 17.xlsx,127
134,M18,11.2,0.0006,6.77,Dataset 18.xlsx,127
134,M19,9.88,0,6.24,Dataset 19.xlsx,127
134,M20,12.04,0.0008,18.26,Dataset 20.xlsx,126
134,M21,9.26,0,5.57,Dataset 21.xlsx,126
134,M22,23.22,0.0002,18.19,Dataset 22.xlsx,126
134,M23,19.93,0,25.57,Dataset 23.xlsx,126
134,M24,23.95,0.001,14.35,Dataset 24.xlsx,126
134,M25,15.02,0,10.55,Dataset 25.xlsx,135
134,M26,13.8,0.0004,16.69,Dataset 26.xlsx,135
134,M27,18.45,0.0014,13.3,Dataset 27.xlsx,135
134,M28,16.59,0,20.27,Dataset 28.xlsx,135
134,M29,18.34,0.0393,9.98,Dataset 29.xlsx,135
134,M30,11.62,0.0012,7.61,Dataset 30.xlsx,135
135,M01,7.74,0.0027,5.09,Dataset 01.xlsx,128
135,M02,10.31,0.0005,10.27,Dataset 02.xlsx,128
135,M03,11.32,0.0005,7.34,Dataset 03.xlsx,128
135,M04,10.46,0.0006,6.56,Dataset 04.xlsx,128
135,M05,10.57,0,7.07,Dataset 05.xlsx,128
135,M06,13.99,0.0005,8.99,Dataset 06.xlsx,128
135,M07,15.68,0.0005,10.45,Dataset 07.xlsx,128
135,M08,20.04,0.0003,21.02,Dataset 08.xlsx,128
135,M09,18.85,0.0005,19.21,Dataset 09.xlsx,128
135,M10,21.65,0.0003,15.03,Dataset 10.xlsx,128
135,M11,20.88,0,14.76,Dataset 11.xlsx,128
135,M12,28.91,0.0006,29.68,Dataset 12.xlsx,128
135,M13,29.56,0,22.28,Dataset 13.xlsx,128
135,M14,26.07,0.0004,33.76,Dataset 14.xlsx,128
135,M15,30.1,0.0002,17.81,Dataset 15.xlsx,128
135,M16,58.24,0.0001,45.59,Dataset 16.xlsx,128
135,M17,7.89,0.0021,7.57,Dataset 17.xlsx,128
135,M18,10.96,0.0006,6.61,Dataset 18.xlsx,128
135,M19,8.8,0.0007,5.44,Dataset 19.xlsx,128
135,M20,10.92,0.0002,16.46,Dataset 20.xlsx,127
135,M21,8.22,0,4.83,Dataset 21.xlsx,127
135,M22,19.73,0.0005,15.31,Dataset 22.xlsx,127
135,M23,16.75,0.0003,21.33,Dataset 23.xlsx,127
135,M24,20.34,0.0003,12.04,Dataset 24.xlsx,127
135,M25,14.9,0.0001,10.46,Dataset 25.xlsx,136
135,M26,13.62,0.0007,16.46,Dataset 26.xlsx,136
135,M27,18.11,0.0004,13.03,Dataset 27.xlsx,136
135,M28,16.16,0,19.72,Dataset 28.xlsx,136
135,M29,18.15,0.0008,9.87,Dataset 29.xlsx,136
135,M30,11.35,0.0006,7.41,Dataset 30.xlsx,136
136,M01,8.55,0.0017,5.73,Dataset 01.xlsx,129
136,M02,11.25,0.0004,11.3,Dataset 02.xlsx,129
136,M03,13.12,0.0004,8.66,Dataset 03.xlsx,129
136,M04,12.01,0.0007,7.68,Dataset 04.xlsx,129
136,M05,12.15,0,8.27,Dataset 05.xlsx,129
136,M06,15.81,0.0003,10.29,Dataset 06.xlsx,129
136,M07,18.36,0.0004,12.4,Dataset 07.xlsx,129
136,M08,22.6,0.0003,23.84,Dataset 08.xlsx,129
136,M09,21.06,0.0004,21.58,Dataset 09.xlsx,129
136,M10,24.18,0.0002,16.91,Dataset 10.xlsx,129
136,M11,23.14,0.001,16.46,Dataset 11.xlsx,129
136,M12,33.13,0.0007,34.17,Dataset 12.xlsx,129
136,M13,34.35,0.0008,26.05,Dataset 13.xlsx,129
136,M14,30.92,0.0002,40.23,Dataset 14.xlsx,129
136,M15,35.21,0,21.01,Dataset 15.xlsx,129
136,M16,63.44,0.0001,49.75,Dataset 16.xlsx,129
136,M17,8.75,0.0017,8.51,Dataset 17.xlsx,129
136,M18,12.34,0.0011,7.57,Dataset 18.xlsx,129
136,M19,11.4,0,7.35,Dataset 19.xlsx,129
136,M20,12.71,0,19.34,Dataset 20.xlsx,128
136,M21,9.93,0.0014,6.04,Dataset 21.xlsx,128
136,M22,25.18,0.0003,19.81,Dataset 22.xlsx,128
136,M23,21.44,0.0015,27.59,Dataset 23.xlsx,128
136,M24,26.56,0,16.03,Dataset 24.xlsx,128
136,M25,16.03,0.0009,11.33,Dataset 25.xlsx,137
136,M26,14.68,0.0004,17.82,Dataset 26.xlsx,137
136,M27,20.24,0.0008,14.69,Dataset 27.xlsx,137
136,M28,18.33,0.0009,22.5,Dataset 28.xlsx,137
136,M29,20.42,0.0014,11.23,Dataset 29.xlsx,137
136,M30,13.16,0,8.75,Dataset 30.xlsx,137
137,M01,6.74,0.0021,4.31,Dataset 01.xlsx,130
137,M02,9.04,0,8.88,Dataset 02.xlsx,130
137,M03,8.9,0.0005,5.55,Dataset 03.xlsx,130
137,M04,8.26,0.0006,4.97,Dataset 04.xlsx,130
137,M05,8.12,0,5.2,Dataset 05.xlsx,130
137,M06,11.15,0.0006,6.96,Dataset 06.xlsx,130
137,M07,12.04,0,7.78,Dataset 07.xlsx,130
137,M08,16.37,0.0004,16.99,Dataset 08.xlsx,130
137,M09,15.42,0.0008,15.53,Dataset 09.xlsx,130
137,M10,18,0.0003,12.33,Dataset 10.xlsx,130
137,M11,17.16,0.0008,11.95,Dataset 11.xlsx,130
137,M12,22.81,0.0007,23.22,Dataset 12.xlsx,130
137,M13,22.06,0.0007,16.37,Dataset 13.xlsx,130
137,M14,18.63,0.0007,23.84,Dataset 14.xlsx,130
137,M15,22.19,0.0005,12.87,Dataset 15.xlsx,130
137,M16,49.2,0.0001,38.36,Dataset 16.xlsx,130
137,M17,6.53,0.0026,6.1,Dataset 17.xlsx,130
137,M18,8.88,0.0008,5.17,Dataset 18.xlsx,130
137,M19,7.15,0.0008,4.24,Dataset 19.xlsx,130
137,M20,9.5,0.0004,14.2,Dataset 20.xlsx,129
137,M21,6.99,0.001,3.95,Dataset 21.xlsx,129
137,M22,15.76,0.0008,12.02,Dataset 22.xlsx,129
137,M23,13.35,0.0005,16.79,Dataset 23.xlsx,129
137,M24,16.09,0.0005,9.31,Dataset 24.xlsx,129
137,M25,13.26,0.0007,9.2,Dataset 25.xlsx,138
137,M26,11.93,0.0009,14.29,Dataset 26.xlsx,138
137,M27,14.77,0.002,10.45,Dataset 27.xlsx,138
137,M28,12.74,0.0006,15.33,Dataset 28.xlsx,138
137,M29,14.68,0,7.79,Dataset 29.xlsx,138
137,M30,8.93,0.0023,5.61,Dataset 30.xlsx,138
138,M01,8.66,0.0016,5.82,Dataset 01.xlsx,131
138,M02,11.32,0.0007,11.37,Dataset 02.xlsx,131
138,M03,13.49,0.0003,8.93,Dataset 03.xlsx,131
138,M04,12.67,0,8.16,Dataset 04.xlsx,131
138,M05,12.85,0,8.81,Dataset 05.xlsx,131
138,M06,16.33,0,10.66,Dataset 06.xlsx,131
138,M07,19.05,0,12.91,Dataset 07.xlsx,131
138,M08,23.17,0.0003,24.46,Dataset 08.xlsx,131
138,M09,22.06,0.0003,22.66,Dataset 09.xlsx,131
138,M10,24.61,0.0002,17.23,Dataset 10.xlsx,131
138,M11,23.94,0,17.07,Dataset 11.xlsx,131
138,M12,34.37,0.0003,35.49,Dataset 12.xlsx,131
138,M13,36.42,0,27.68,Dataset 13.xlsx,131
138,M14,33.55,0,43.73,Dataset 14.xlsx,131
138,M15,36.6,0.0006,21.87,Dataset 15.xlsx,131
138,M16,65.77,0.0001,51.62,Dataset 16.xlsx,131
138,M17,9.09,0.0011,8.88,Dataset 17.xlsx,131
138,M18,12.97,0.0005,8,Dataset 18.xlsx,131
138,M19,12.28,0,8,Dataset 19.xlsx,131
138,M20,13.91,0.0005,21.26,Dataset 20.xlsx,130
138,M21,11.32,0.0019,7.02,Dataset 21.xlsx,130
138,M22,29.16,0,23.1,Dataset 22.xlsx,130
138,M23,25.5,0.0012,33,Dataset 23.xlsx,130
138,M24,29.94,0.0006,18.19,Dataset 24.xlsx,130
138,M25,16.27,0.0014,11.52,Dataset 25.xlsx,139
138,M26,15.01,0,18.24,Dataset 26.xlsx,139
138,M27,20.92,0.0006,15.21,Dataset 27.xlsx,139
138,M28,19.21,0.0013,23.63,Dataset 28.xlsx,139
138,M29,20.72,0.0007,11.41,Dataset 29.xlsx,139
138,M30,13.55,0.0011,9.04,Dataset 30.xlsx,139
139,M01,5,0.0039,2.94,Dataset 01.xlsx,132
139,M02,6.54,0.0014,6.15,Dataset 02.xlsx,132
139,M03,5.6,0.002,3.12,Dataset 03.xlsx,132
139,M04,5.31,0.0018,2.84,Dataset 04.xlsx,132
139,M05,5.21,0.0014,2.97,Dataset 05.xlsx,132
139,M06,7.1,0.001,4.07,Dataset 06.xlsx,132
139,M07,7.18,0.002,4.24,Dataset 07.xlsx,132
139,M08,9.39,0.0007,9.32,Dataset 08.xlsx,132
139,M09,8.44,0.001,8.05,Dataset 09.xlsx,132
139,M10,11.02,0.0012,7.16,Dataset 10.xlsx,132
139,M11,10.09,0.003,6.61,Dataset 11.xlsx,132
139,M12,11.43,0.0014,11.14,Dataset 12.xlsx,132
139,M13,11.49,0.0029,8.05,Dataset 13.xlsx,132
139,M14,8.89,0.0024,10.85,Dataset 14.xlsx,132
139,M15,11.4,0.0009,6.13,Dataset 15.xlsx,132
139,M16,21.41,0.0006,16.13,Dataset 16.xlsx,132
139,M17,3.82,0.0044,3.15,Dataset 17.xlsx,132
139,M18,5.76,0.0012,3,Dataset 18.xlsx,132
139,M19,5.31,0.0018,2.89,Dataset 19.xlsx,132
139,M20,6.99,0.0005,10.18,Dataset 20.xlsx,131
139,M21,5.3,0.0013,2.76,Dataset 21.xlsx,131
139,M22,10.69,0.0019,7.83,Dataset 22.xlsx,131
139,M23,8.73,0.0007,10.64,Dataset 23.xlsx,131
139,M24,10.79,0.0008,5.92,Dataset 24.xlsx,131
139,M25,7.99,0.0012,5.15,Dataset 25.xlsx,140
139,M26,5.75,0.0031,6.37,Dataset 26.xlsx,140
139,M27,8.02,0.0025,5.22,Dataset 27.xlsx,140
139,M28,6.6,0.0012,7.46,Dataset 28.xlsx,140
139,M29,7.65,0.0009,3.58,Dataset 29.xlsx,140
139,M30,4.18,0.0006,2.1,Dataset 30.xlsx,140
140,M01,5.49,0.0039,3.32,Dataset 01.xlsx,133
140,M02,7.35,0.0009,7.04,Dataset 02.xlsx,133
140,M03,6.36,0.0015,3.68,Dataset 03.xlsx,133
140,M04,5.94,0.001,3.29,Dataset 04.xlsx,133
140,M05,5.78,0.0012,3.41,Dataset 05.xlsx,133
140,M06,8.05,0,4.75,Dataset 06.xlsx,133
140,M07,8.32,0.0009,5.07,Dataset 07.xlsx,133
140,M08,11.66,0.0006,11.81,Dataset 08.xlsx,133
140,M09,10.68,0.0009,10.45,Dataset 09.xlsx,133
140,M10,13.3,0.0009,8.85,Dataset 10.xlsx,133
140,M11,12.41,0.0019,8.37,Dataset 11.xlsx,133
140,M12,15.09,0.0013,15.02,Dataset 12.xlsx,133
140,M13,14.27,0.0018,10.24,Dataset 13.xlsx,133
140,M14,11.65,0.0016,14.53,Dataset 14.xlsx,133
140,M15,14.24,0.001,7.9,Dataset 15.xlsx,133
140,M16,30.66,0.0005,23.53,Dataset 16.xlsx,133
140,M17,4.6,0.0021,4,Dataset 17.xlsx,133
140,M18,6.49,0.0065,3.51,Dataset 18.xlsx,133
140,M19,5.72,0.0009,3.19,Dataset 19.xlsx,133
140,M20,7.83,0.0006,11.53,Dataset 20.xlsx,132
140,M21,5.68,0.004,3.02,Dataset 21.xlsx,132
140,M22,12.14,0.0014,9.03,Dataset 22.xlsx,132
140,M23,10.22,0,12.63,Dataset 23.xlsx,132
140,M24,12.28,0.001,6.87,Dataset 24.xlsx,132
140,M25,9.9,0.0025,6.62,Dataset 25.xlsx,141
140,M26,7.94,0.0019,9.18,Dataset 26.xlsx,141
140,M27,9.63,0,6.47,Dataset 27.xlsx,141
140,M28,8,0.0033,9.26,Dataset 28.xlsx,141
140,M29,9.11,0.0016,4.46,Dataset 29.xlsx,141
140,M30,5.29,0,2.91,Dataset 30.xlsx,141
141,M01,7.74,0.0027,5.09,Dataset 01.xlsx,134
141,M02,10.31,0.0006,10.26,Dataset 02.xlsx,134
141,M03,11.3,0.0008,7.32,Dataset 03.xlsx,134
141,M04,10.4,0.0005,6.52,Dataset 04.xlsx,134
141,M05,10.49,0,7.01,Dataset 05.xlsx,134
141,M06,13.99,0,8.99,Dataset 06.xlsx,134
141,M07,15.65,0.0005,10.42,Dataset 07.xlsx,134
141,M08,20.02,0.0003,21,Dataset 08.xlsx,134
141,M09,18.78,0.0007,19.14,Dataset 09.xlsx,134
141,M10,21.61,0.0005,15,Dataset 10.xlsx,134
141,M11,20.7,0,14.62,Dataset 11.xlsx,134
141,M12,28.9,0.0003,29.67,Dataset 12.xlsx,134
141,M13,29.67,0,22.36,Dataset 13.xlsx,134
141,M14,26.17,0.0006,33.89,Dataset 14.xlsx,134
141,M15,29.78,0.0005,17.61,Dataset 15.xlsx,134
141,M16,58.37,0.0004,45.7,Dataset 16.xlsx,134
141,M17,7.87,0.0012,7.55,Dataset 17.xlsx,134
141,M18,10.92,0.0045,6.58,Dataset 18.xlsx,134
141,M19,9.45,0.0006,5.93,Dataset 19.xlsx,134
141,M20,11.64,0.0004,17.62,Dataset 20.xlsx,133
141,M21,8.78,0.0016,5.23,Dataset 21.xlsx,133
141,M22,21.89,0.0007,17.09,Dataset 22.xlsx,133
141,M23,18.59,0.0008,23.79,Dataset 23.xlsx,133
141,M24,22.42,0.0005,13.37,Dataset 24.xlsx,133
141,M25,14.9,0.0011,10.46,Dataset 25.xlsx,142
141,M26,13.62,0.0009,16.46,Dataset 26.xlsx,142
141,M27,18.13,0.0003,13.06,Dataset 27.xlsx,142
141,M28,16.2,0.001,19.77,Dataset 28.xlsx,142
141,M29,18.02,0,9.79,Dataset 29.xlsx,142
141,M30,11.35,0.0006,7.41,Dataset 30.xlsx,142
142,M01,7.1,0.002,4.59,Dataset 01.xlsx,135
142,M02,9.5,0.0005,9.38,Dataset 02.xlsx,135
142,M03,9.74,0.0005,6.17,Dataset 03.xlsx,135
142,M04,8.98,0,5.5,Dataset 04.xlsx,135
142,M05,9.07,0,5.92,Dataset 05.xlsx,135
142,M06,12.24,0,7.74,Dataset 06.xlsx,135
142,M07,13.31,0.0005,8.71,Dataset 07.xlsx,135
142,M08,17.67,0.0004,18.42,Dataset 08.xlsx,135
142,M09,16.6,0.0003,16.8,Dataset 09.xlsx,135
142,M10,19.32,0.0003,13.31,Dataset 10.xlsx,135
142,M11,18.61,0.0004,13.04,Dataset 11.xlsx,135
142,M12,24.98,0.0003,25.52,Dataset 12.xlsx,135
142,M13,24.93,0.0003,18.63,Dataset 13.xlsx,135
142,M14,21.41,0.0006,27.55,Dataset 14.xlsx,135
142,M15,25.05,0.0003,14.65,Dataset 15.xlsx,135
142,M16,52.94,0.0003,41.35,Dataset 16.xlsx,135
142,M17,7.05,0.0014,6.66,Dataset 17.xlsx,135
142,M18,9.58,0.003,5.65,Dataset 18.xlsx,135
142,M19,8.33,0.0007,5.11,Dataset 19.xlsx,135
142,M20,10.72,0.0002,16.14,Dataset 20.xlsx,134
142,M21,7.96,0.0027,4.65,Dataset 21.xlsx,134
142,M22,19.2,0.0006,14.87,Dataset 22.xlsx,134
142,M23,16.22,0.0018,20.62,Dataset 23.xlsx,134
142,M24,19.65,0.0003,11.6,Dataset 24.xlsx,134
142,M25,13.93,0.0016,9.72,Dataset 25.xlsx,143
142,M26,12.6,0.0008,15.15,Dataset 26.xlsx,143
142,M27,16.05,0.0004,11.44,Dataset 27.xlsx,143
142,M28,14.07,0.0018,17.04,Dataset 28.xlsx,143
142,M29,15.98,0.0013,8.57,Dataset 29.xlsx,143
142,M30,9.77,0.0017,6.24,Dataset 30.xlsx,143
143,M01,8.41,0.003,5.62,Dataset 01.xlsx,136
143,M02,11.06,0.0014,11.09,Dataset 02.xlsx,136
143,M03,12.93,0.0006,8.52,Dataset 03.xlsx,136
143,M04,11.72,0.0004,7.48,Dataset 04.xlsx,136
143,M05,12.03,0.0012,8.18,Dataset 05.xlsx,136
143,M06,15.68,0.0005,10.2,Dataset 06.xlsx,136
143,M07,18.02,0.0004,12.15,Dataset 07.xlsx,136
143,M08,22.34,0.0003,23.55,Dataset 08.xlsx,136
143,M09,20.67,0.0005,21.17,Dataset 09.xlsx,136
143,M10,23.76,0.0004,16.6,Dataset 10.xlsx,136
143,M11,22.82,0.0025,16.22,Dataset 11.xlsx,136
143,M12,32.46,0.0016,33.46,Dataset 12.xlsx,136
143,M13,34.12,0.0019,25.87,Dataset 13.xlsx,136
143,M14,31.03,0.0004,40.37,Dataset 14.xlsx,136
143,M15,34.26,0.0004,20.41,Dataset 15.xlsx,136
143,M16,63.34,0.0002,49.67,Dataset 16.xlsx,136
143,M17,8.75,0.0019,8.51,Dataset 17.xlsx,136
143,M18,12.58,0.0006,7.74,Dataset 18.xlsx,136
143,M19,11.59,0.001,7.49,Dataset 19.xlsx,136
143,M20,14.21,0.0003,21.74,Dataset 20.xlsx,135
143,M21,10.6,0.0007,6.52,Dataset 21.xlsx,135
143,M22,27.74,0.0004,21.93,Dataset 22.xlsx,135
143,M23,24.03,0.0003,31.03,Dataset 23.xlsx,135
143,M24,28.2,0.0004,17.08,Dataset 24.xlsx,135
143,M25,15.9,0.0006,11.23,Dataset 25.xlsx,144
143,M26,14.62,0.0007,17.74,Dataset 26.xlsx,144
143,M27,20.05,0,14.54,Dataset 27.xlsx,144
143,M28,18.26,0.0005,22.41,Dataset 28.xlsx,144
143,M29,19.94,0.0018,10.94,Dataset 29.xlsx,144
143,M30,13.07,0.0034,8.68,Dataset 30.xlsx,144
144,M01,8.18,0.0017,5.44,Dataset 01.xlsx,137
144,M02,10.78,0.0005,10.78,Dataset 02.xlsx,137
144,M03,12.23,0.0005,8,Dataset 03.xlsx,137
144,M04,11.27,0.0005,7.15,Dataset 04.xlsx,137
144,M05,11.45,0,7.74,Dataset 05.xlsx,137
144,M06,15.1,0,9.79,Dataset 06.xlsx,137
144,M07,17.04,0,11.43,Dataset 07.xlsx,137
144,M08,21.36,0.0003,22.47,Dataset 08.xlsx,137
144,M09,20.04,0.0005,20.49,Dataset 09.xlsx,137
144,M10,22.94,0.0003,15.99,Dataset 10.xlsx,137
144,M11,22.07,0.0003,15.65,Dataset 11.xlsx,137
144,M12,31.05,0.0003,31.96,Dataset 12.xlsx,137
144,M13,32.57,0.0002,24.65,Dataset 13.xlsx,137
144,M14,29.1,0.0021,37.8,Dataset 14.xlsx,137
144,M15,32.58,0.0007,19.36,Dataset 15.xlsx,137
144,M16,61.59,0.0001,48.27,Dataset 16.xlsx,137
144,M17,8.39,0.0012,8.11,Dataset 17.xlsx,137
144,M18,11.7,0,7.13,Dataset 18.xlsx,137
144,M19,10.8,0.0005,6.91,Dataset 19.xlsx,137
144,M20,12.8,0.0006,19.48,Dataset 20.xlsx,136
144,M21,9.9,0.0014,6.02,Dataset 21.xlsx,136
144,M22,25.48,0.0023,20.06,Dataset 22.xlsx,136
144,M23,21.78,0.0006,28.04,Dataset 23.xlsx,136
144,M24,26.02,0.0007,15.68,Dataset 24.xlsx,136
144,M25,15.57,0.001,10.98,Dataset 25.xlsx,145
144,M26,14.28,0.0036,17.31,Dataset 26.xlsx,145
144,M27,19.43,0.0008,14.06,Dataset 27.xlsx,145
144,M28,17.52,0.0009,21.46,Dataset 28.xlsx,145
144,M29,19.28,0.0004,10.54,Dataset 29.xlsx,145
144,M30,12.28,0.0028,8.1,Dataset 30.xlsx,145
145,M01,6.2,0.0023,3.88,Dataset 01.xlsx,138
145,M02,8.26,0.0006,8.02,Dataset 02.xlsx,138
145,M03,7.58,0.001,4.58,Dataset 03.xlsx,138
145,M04,6.82,0.001,3.93,Dataset 04.xlsx,138
145,M05,6.71,0.0009,4.12,Dataset 05.xlsx,138
145,M06,9.62,0.0019,5.87,Dataset 06.xlsx,138
145,M07,10.09,0,6.36,Dataset 07.xlsx,138
145,M08,14.2,0.0005,14.6,Dataset 08.xlsx,138
145,M09,12.9,0.0007,12.84,Dataset 09.xlsx,138
145,M10,15.77,0.0005,10.68,Dataset 10.xlsx,138
145,M11,14.7,0.0006,10.09,Dataset 11.xlsx,138
145,M12,19.29,0.001,19.48,Dataset 12.xlsx,138
145,M13,18.14,0.0005,13.28,Dataset 13.xlsx,138
145,M14,15.09,0.0009,19.12,Dataset 14.xlsx,138
145,M15,17.93,0.0016,10.2,Dataset 15.xlsx,138
145,M16,42.23,0.0003,32.78,Dataset 16.xlsx,138
145,M17,5.46,0.0051,4.93,Dataset 17.xlsx,138
145,M18,7.44,0.0013,4.17,Dataset 18.xlsx,138
145,M19,6.16,0.0009,3.51,Dataset 19.xlsx,138
145,M20,8.45,0.0012,12.52,Dataset 20.xlsx,137
145,M21,5.99,0.0012,3.24,Dataset 21.xlsx,137
145,M22,13.22,0.001,9.93,Dataset 22.xlsx,137
145,M23,11.27,0.0014,14.03,Dataset 23.xlsx,137
145,M24,13.3,0.0019,7.53,Dataset 24.xlsx,137
145,M25,12.31,0.0006,8.47,Dataset 25.xlsx,146
145,M26,10.92,0.0011,13,Dataset 26.xlsx,146
145,M27,12.89,0,8.99,Dataset 27.xlsx,146
145,M28,10.89,0.0008,12.96,Dataset 28.xlsx,146
145,M29,12.52,0,6.5,Dataset 29.xlsx,146
145,M30,7.62,0.0011,4.64,Dataset 30.xlsx,146
146,M01,3.76,0.0075,1.96,Dataset 01.xlsx,139
146,M02,3.74,0.0086,3.08,Dataset 02.xlsx,139
146,M03,4.24,0.0026,2.12,Dataset 03.xlsx,139
146,M04,3.64,0.0065,1.63,Dataset 04.xlsx,139
146,M05,3.56,0.0036,1.71,Dataset 05.xlsx,139
146,M06,5.5,0.0037,2.93,Dataset 06.xlsx,139
146,M07,4.56,0.0016,2.33,Dataset 07.xlsx,139
146,M08,3.74,0.0018,3.11,Dataset 08.xlsx,139
146,M09,2.55,0.002,1.73,Dataset 09.xlsx,139
146,M10,5.1,0.0024,2.77,Dataset 10.xlsx,139
146,M11,3.92,0.0096,1.96,Dataset 11.xlsx,139
146,M12,3.77,0.011,3,Dataset 12.xlsx,139
146,M13,5.35,0.0079,3.21,Dataset 13.xlsx,139
146,M14,2.51,0.0077,2.35,Dataset 14.xlsx,139
146,M15,5.69,0.0025,2.56,Dataset 15.xlsx,139
146,M16,6.07,0.0008,3.86,Dataset 16.xlsx,139
146,M17,1.93,0.0158,1.1,Dataset 17.xlsx,139
146,M18,4.6,0.0046,2.19,Dataset 18.xlsx,139
146,M19,3.71,0.0095,1.72,Dataset 19.xlsx,139
146,M20,4.7,0.001,6.52,Dataset 20.xlsx,138
146,M21,4.2,0.0017,1.98,Dataset 21.xlsx,138
146,M22,5.51,0.0033,3.55,Dataset 22.xlsx,138
146,M23,2.96,0.0048,2.95,Dataset 23.xlsx,138
146,M24,5.64,0.0021,2.62,Dataset 24.xlsx,138
146,M25,6.02,0.0015,3.63,Dataset 25.xlsx,147
146,M26,4.28,0.0037,4.49,Dataset 26.xlsx,147
146,M27,6.57,0.0011,4.09,Dataset 27.xlsx,147
146,M28,4.96,0.0017,5.36,Dataset 28.xlsx,147
146,M29,6.48,0.0011,2.88,Dataset 29.xlsx,147
146,M30,4.25,0.0006,2.15,Dataset 30.xlsx,147
147,M01,7.83,0.0018,5.17,Dataset 01.xlsx,140
147,M02,10.45,0.0005,10.42,Dataset 02.xlsx,140
147,M03,11.66,0.0004,7.59,Dataset 03.xlsx,140
147,M04,10.73,0.0005,6.76,Dataset 04.xlsx,140
147,M05,10.84,0.0009,7.27,Dataset 05.xlsx,140
147,M06,14.28,0.0005,9.2,Dataset 06.xlsx,140
147,M07,16.23,0.0013,10.85,Dataset 07.xlsx,140
147,M08,20.57,0.0003,21.6,Dataset 08.xlsx,140
147,M09,19.27,0.0003,19.66,Dataset 09.xlsx,140
147,M10,22.11,0.0003,15.37,Dataset 10.xlsx,140
147,M11,21.24,0.0005,15.03,Dataset 11.xlsx,140
147,M12,29.88,0.0006,30.71,Dataset 12.xlsx,140
147,M13,30.65,0.0004,23.13,Dataset 13.xlsx,140
147,M14,27.34,0.0003,35.45,Dataset 14.xlsx,140
147,M15,31.03,0.0017,18.39,Dataset 15.xlsx,140
147,M16,59.54,0.0007,46.63,Dataset 16.xlsx,140
147,M17,8.03,0.0021,7.72,Dataset 17.xlsx,140
147,M18,11.21,0.0009,6.78,Dataset 18.xlsx,140
147,M19,10.53,0.0005,6.71,Dataset 19.xlsx,140
147,M20,12.61,0.0014,19.17,Dataset 20.xlsx,139
147,M21,9.85,0.0014,5.98,Dataset 21.xlsx,139
147,M22,25.08,0.0003,19.73,Dataset 22.xlsx,139
147,M23,21.77,0.0012,28.02,Dataset 23.xlsx,139
147,M24,25.64,0.0017,15.44,Dataset 24.xlsx,139
147,M25,15.04,0.0011,10.57,Dataset 25.xlsx,148
147,M26,13.82,0.0005,16.72,Dataset 26.xlsx,148
147,M27,18.49,0.0009,13.33,Dataset 27.xlsx,148
147,M28,16.64,0.001,20.33,Dataset 28.xlsx,148
147,M29,18.51,0.0008,10.08,Dataset 29.xlsx,148
147,M30,11.7,0.0011,7.67,Dataset 30.xlsx,148
148,M01,7.35,0.0019,4.79,Dataset 01.xlsx,141
148,M02,9.84,0.0005,9.75,Dataset 02.xlsx,141
148,M03,10.4,0.0007,6.66,Dataset 03.xlsx,141
148,M04,9.58,0.001,5.93,Dataset 04.xlsx,141
148,M05,9.6,0,6.33,Dataset 05.xlsx,141
148,M06,12.95,0,8.25,Dataset 06.xlsx,141
148,M07,14.31,0.0005,9.45,Dataset 07.xlsx,141
148,M08,18.7,0.0003,19.55,Dataset 08.xlsx,141
148,M09,17.56,0.0025,17.83,Dataset 09.xlsx,141
148,M10,20.3,0.0004,14.04,Dataset 10.xlsx,141
148,M11,19.49,0.0004,13.71,Dataset 11.xlsx,141
148,M12,26.72,0.0006,27.36,Dataset 12.xlsx,141
148,M13,26.91,0.0003,20.19,Dataset 13.xlsx,141
148,M14,23.41,0.0004,30.21,Dataset 14.xlsx,141
148,M15,27.11,0.0008,15.94,Dataset 15.xlsx,141
148,M16,55.33,0.0008,43.26,Dataset 16.xlsx,141
148,M17,7.35,0.0013,6.98,Dataset 17.xlsx,141
148,M18,10.15,0.0014,6.05,Dataset 18.xlsx,141
148,M19,9,0,5.59,Dataset 19.xlsx,141
148,M20,11.32,0.0007,17.11,Dataset 20.xlsx,140
148,M21,8.54,0.0025,5.06,Dataset 21.xlsx,140
148,M22,21.01,0.0005,16.36,Dataset 22.xlsx,140
148,M23,17.89,0.0017,22.85,Dataset 23.xlsx,140
148,M24,21.52,0.0009,12.79,Dataset 24.xlsx,140
148,M25,14.29,0.0015,9.99,Dataset 25.xlsx,149
148,M26,13.01,0.0006,15.68,Dataset 26.xlsx,149
148,M27,16.91,0.0006,12.11,Dataset 27.xlsx,149
148,M28,14.95,0.0017,18.17,Dataset 28.xlsx,149
148,M29,16.84,0.0004,9.08,Dataset 29.xlsx,149
148,M30,10.44,0.0028,6.73,Dataset 30.xlsx,149
149,M01,7.69,0.0018,5.06,Dataset 01.xlsx,142
149,M02,10.27,0.0005,10.22,Dataset 02.xlsx,142
149,M03,11.22,0,7.26,Dataset 03.xlsx,142
149,M04,10.24,0.0008,6.41,Dataset 04.xlsx,142
149,M05,10.39,0.0007,6.93,Dataset 05.xlsx,142
149,M06,13.81,0.0005,8.86,Dataset 06.xlsx,142
149,M07,15.5,0,10.31,Dataset 07.xlsx,142
149,M08,19.88,0.0003,20.85,Dataset 08.xlsx,142
149,M09,18.5,0.0005,18.84,Dataset 09.xlsx,142
149,M10,21.51,0,14.93,Dataset 10.xlsx,142
149,M11,20.56,0,14.52,Dataset 11.xlsx,142
149,M12,28.59,0.0005,29.35,Dataset 12.xlsx,142
149,M13,29.09,0,21.91,Dataset 13.xlsx,142
149,M14,25.6,0.0002,33.13,Dataset 14.xlsx,142
149,M15,29.51,0.0015,17.44,Dataset 15.xlsx,142
149,M16,57.72,0,45.18,Dataset 16.xlsx,142
149,M17,7.79,0.0022,7.47,Dataset 17.xlsx,142
149,M18,10.77,0.0013,6.48,Dataset 18.xlsx,142
149,M19,9.6,0,6.03,Dataset 19.xlsx,142
149,M20,11.82,0.0013,17.91,Dataset 20.xlsx,141
149,M21,9.04,0.0008,5.41,Dataset 21.xlsx,141
149,M22,22.58,0.0003,17.66,Dataset 22.xlsx,141
149,M23,19.38,0.0006,24.84,Dataset 23.xlsx,141
149,M24,23.1,0.0016,13.81,Dataset 24.xlsx,141
149,M25,14.81,0.0007,10.39,Dataset 25.xlsx,150
149,M26,13.53,0.0004,16.35,Dataset 26.xlsx,150
149,M27,17.89,0.0012,12.87,Dataset 27.xlsx,150
149,M28,15.94,0.0005,19.44,Dataset 28.xlsx,150
149,M29,17.95,0,9.75,Dataset 29.xlsx,150
149,M30,11.26,0.0011,7.34,Dataset 30.xlsx,150
150,M01,6.41,0.003,4.05,Dataset 01.xlsx,143
150,M02,8.91,0.0006,8.74,Dataset 02.xlsx,143
150,M03,8.73,0.0013,5.43,Dataset 03.xlsx,143
150,M04,8.09,0.0008,4.85,Dataset 04.xlsx,143
150,M05,7.8,0.0012,4.95,Dataset 05.xlsx,143
150,M06,10.41,0.0007,6.43,Dataset 06.xlsx,143
150,M07,11.81,0,7.62,Dataset 07.xlsx,143
150,M08,16.04,0.0004,16.62,Dataset 08.xlsx,143
150,M09,14.96,0.0008,15.04,Dataset 09.xlsx,143
150,M10,17.74,0.0007,12.14,Dataset 10.xlsx,143
150,M11,16.66,0.0004,11.57,Dataset 11.xlsx,143
150,M12,22.21,0.0009,22.58,Dataset 12.xlsx,143
150,M13,20.15,0.0004,14.87,Dataset 13.xlsx,143
150,M14,16.91,0.0008,21.55,Dataset 14.xlsx,143
150,M15,21.69,0.0003,12.55,Dataset 15.xlsx,143
150,M16,45.47,0.0001,35.38,Dataset 16.xlsx,143
150,M17,6.41,0.0026,5.96,Dataset 17.xlsx,143
150,M18,8.78,0.0008,5.1,Dataset 18.xlsx,143
150,M19,5.99,0.0016,3.39,Dataset 19.xlsx,143
150,M20,8.64,0.0003,12.82,Dataset 20.xlsx,142
150,M21,6.19,0.0046,3.39,Dataset 21.xlsx,142
150,M22,13.6,0.0009,10.24,Dataset 22.xlsx,142
150,M23,11.29,0.0019,14.05,Dataset 23.xlsx,142
150,M24,14.92,0.0004,8.56,Dataset 24.xlsx,142
150,M25,12.6,0.0023,8.69,Dataset 25.xlsx,151
150,M26,11.34,0.001,13.54,Dataset 26.xlsx,151
150,M27,13.63,0.0009,9.56,Dataset 27.xlsx,151
150,M28,11.7,0.0028,14,Dataset 28.xlsx,151
150,M29,14.2,0.001,7.5,Dataset 29.xlsx,151
150,M30,8.17,0.0018,5.05,Dataset 30.xlsx,151
151,M01,6.08,0.0027,3.79,Dataset 01.xlsx,144
151,M02,8.06,0,7.81,Dataset 02.xlsx,144
151,M03,7.27,0,4.35,Dataset 03.xlsx,144
151,M04,6.55,0.0008,3.74,Dataset 04.xlsx,144
151,M05,6.43,0.0013,3.91,Dataset 05.xlsx,144
151,M06,9.26,0.001,5.61,Dataset 06.xlsx,144
151,M07,9.63,0.0007,6.03,Dataset 07.xlsx,144
151,M08,13.63,0.0005,13.98,Dataset 08.xlsx,144
151,M09,12.33,0.0025,12.22,Dataset 09.xlsx,144
151,M10,15.19,0,10.25,Dataset 10.xlsx,144
151,M11,14.1,0.0012,9.64,Dataset 11.xlsx,144
151,M12,18.37,0.001,18.5,Dataset 12.xlsx,144
151,M13,17.19,0.0011,12.54,Dataset 13.xlsx,144
151,M14,14.24,0.0007,17.99,Dataset 14.xlsx,144
151,M15,16.91,0.0004,9.57,Dataset 15.xlsx,144
151,M16,39.71,0.0003,30.77,Dataset 16.xlsx,144
151,M17,5.24,0.0037,4.69,Dataset 17.xlsx,144
151,M18,7.15,0.002,3.97,Dataset 18.xlsx,144
151,M19,5.92,0,3.34,Dataset 19.xlsx,144
151,M20,8.12,0.0003,11.98,Dataset 20.xlsx,143
151,M21,5.75,0.0012,3.08,Dataset 21.xlsx,143
151,M22,12.55,0.0008,9.37,Dataset 22.xlsx,143
151,M23,10.67,0.0009,13.23,Dataset 23.xlsx,143
151,M24,12.51,0.0005,7.02,Dataset 24.xlsx,143
151,M25,12.05,0.0007,8.27,Dataset 25.xlsx,152
151,M26,10.61,0.0008,12.6,Dataset 26.xlsx,152
151,M27,12.41,0.0015,8.62,Dataset 27.xlsx,152
151,M28,10.41,0.0008,12.35,Dataset 28.xlsx,152
151,M29,12.01,0.0006,6.19,Dataset 29.xlsx,152
151,M30,7.3,0.0011,4.41,Dataset 30.xlsx,152
152,M01,5.29,0.004,3.17,Dataset 01.xlsx,145
152,M02,7.08,0.0013,6.74,Dataset 02.xlsx,145
152,M03,6.06,0.0023,3.46,Dataset 03.xlsx,145
152,M04,5.69,0.0018,3.11,Dataset 04.xlsx,145
152,M05,5.53,0.0026,3.22,Dataset 05.xlsx,145
152,M06,7.67,0.0009,4.48,Dataset 06.xlsx,145
152,M07,7.87,0,4.74,Dataset 07.xlsx,145
152,M08,10.98,0.0006,11.06,Dataset 08.xlsx,145
152,M09,9.95,0.001,9.67,Dataset 09.xlsx,145
152,M10,12.57,0.0013,8.31,Dataset 10.xlsx,145
152,M11,11.63,0.0014,7.78,Dataset 11.xlsx,145
152,M12,14,0.0012,13.86,Dataset 12.xlsx,145
152,M13,13.4,0.0014,9.55,Dataset 13.xlsx,145
152,M14,10.83,0.0007,13.44,Dataset 14.xlsx,145
152,M15,13.26,0,7.29,Dataset 15.xlsx,145
152,M16,27.98,0.0005,21.38,Dataset 16.xlsx,145
152,M17,4.33,0.0039,3.7,Dataset 17.xlsx,145
152,M18,6.21,0.0034,3.31,Dataset 18.xlsx,145
152,M19,5.77,0.001,3.22,Dataset 19.xlsx,145
152,M20,7.99,0,11.78,Dataset 20.xlsx,144
152,M21,5.77,0.0012,3.09,Dataset 21.xlsx,144
152,M22,12.41,0.0006,9.26,Dataset 22.xlsx,144
152,M23,10.42,0.0006,12.9,Dataset 23.xlsx,144
152,M24,12.59,0,7.07,Dataset 24.xlsx,144
152,M25,9.1,0.0008,6,Dataset 25.xlsx,153
152,M26,6.91,0.0009,7.86,Dataset 26.xlsx,153
152,M27,8.99,0.0024,5.97,Dataset 27.xlsx,153
152,M28,7.45,0.0011,8.55,Dataset 28.xlsx,153
152,M29,8.51,0.0008,4.09,Dataset 29.xlsx,153
152,M30,4.89,0,2.62,Dataset 30.xlsx,153
153,M01,8.95,0.0016,6.05,Dataset 01.xlsx,146
153,M02,11.53,0.0007,11.6,Dataset 02.xlsx,146
153,M03,13.76,0,9.13,Dataset 03.xlsx,146
153,M04,12.75,0.0004,8.22,Dataset 04.xlsx,146
153,M05,12.98,0,8.91,Dataset 05.xlsx,146
153,M06,16.68,0,10.91,Dataset 06.xlsx,146
153,M07,19.41,0.0051,13.16,Dataset 07.xlsx,146
153,M08,23.51,0.0003,24.84,Dataset 08.xlsx,146
153,M09,22.16,0.0002,22.76,Dataset 09.xlsx,146
153,M10,25.04,0,17.54,Dataset 10.xlsx,146
153,M11,24.16,0,17.23,Dataset 11.xlsx,146
153,M12,34.85,0.0002,36,Dataset 12.xlsx,146
153,M13,37.07,0,28.19,Dataset 13.xlsx,146
153,M14,34.06,0.0002,44.41,Dataset 14.xlsx,146
153,M15,37.26,0.0007,22.29,Dataset 15.xlsx,146
153,M16,66.41,0,52.13,Dataset 16.xlsx,146
153,M17,9.14,0.0011,8.93,Dataset 17.xlsx,146
153,M18,13.05,0.0022,8.06,Dataset 18.xlsx,146
153,M19,12.93,0.0004,8.47,Dataset 19.xlsx,146
153,M20,14.51,0.0006,22.22,Dataset 20.xlsx,145
153,M21,11.65,0,7.26,Dataset 21.xlsx,145
153,M22,31.02,0.0002,24.64,Dataset 22.xlsx,145
153,M23,27.15,0.0011,35.2,Dataset 23.xlsx,145
153,M24,31.78,0.0007,19.37,Dataset 24.xlsx,145
153,M25,16.54,0.0002,11.72,Dataset 25.xlsx,154
153,M26,15.2,0.0004,18.49,Dataset 26.xlsx,154
153,M27,21.29,0.0004,15.51,Dataset 27.xlsx,154
153,M28,19.49,0,23.99,Dataset 28.xlsx,154
153,M29,21.08,0.0007,11.62,Dataset 29.xlsx,154
153,M30,13.82,0,9.24,Dataset 30.xlsx,154
154,M01,8.35,0.001,5.57,Dataset 01.xlsx,147
154,M02,11.09,0,11.11,Dataset 02.xlsx,147
154,M03,12.89,0.0004,8.49,Dataset 03.xlsx,147
154,M04,11.84,0.0005,7.56,Dataset 04.xlsx,147
154,M05,12.05,0.0008,8.2,Dataset 05.xlsx,147
154,M06,15.58,0.0013,10.13,Dataset 06.xlsx,147
154,M07,18.06,0.0012,12.18,Dataset 07.xlsx,147
154,M08,22.3,0.0003,23.51,Dataset 08.xlsx,147
154,M09,20.84,0.0005,21.34,Dataset 09.xlsx,147
154,M10,23.86,0.0002,16.67,Dataset 10.xlsx,147
154,M11,23.07,0.0025,16.41,Dataset 11.xlsx,147
154,M12,32.72,0.0018,33.73,Dataset 12.xlsx,147
154,M13,34.01,0.0019,25.78,Dataset 13.xlsx,147
154,M14,30.82,0.0007,40.09,Dataset 14.xlsx,147
154,M15,34.8,0.0008,20.75,Dataset 15.xlsx,147
154,M16,63.16,0.0002,49.53,Dataset 16.xlsx,147
154,M17,8.68,0.0035,8.43,Dataset 17.xlsx,147
154,M18,12.22,0.0012,7.49,Dataset 18.xlsx,147
154,M19,11.65,0.003,7.53,Dataset 19.xlsx,147
154,M20,13.36,0.0007,20.38,Dataset 20.xlsx,146
154,M21,10.59,0.002,6.51,Dataset 21.xlsx,146
154,M22,27.86,0.0008,22.02,Dataset 22.xlsx,146
154,M23,24.31,0.0009,31.41,Dataset 23.xlsx,146
154,M24,27.94,0.0009,16.91,Dataset 24.xlsx,146
154,M25,15.83,0.0016,11.18,Dataset 25.xlsx,155
154,M26,14.59,0.0013,17.71,Dataset 26.xlsx,155
154,M27,20,0.0005,14.5,Dataset 27.xlsx,155
154,M28,18.18,0.0014,22.31,Dataset 28.xlsx,155
154,M29,20.12,0.0016,11.05,Dataset 29.xlsx,155
154,M30,12.93,0.0011,8.58,Dataset 30.xlsx,155
155,M01,6.14,0.0023,3.83,Dataset 01.xlsx,148
155,M02,8.67,0.0019,8.48,Dataset 02.xlsx,148
155,M03,7.79,0.0018,4.73,Dataset 03.xlsx,148
155,M04,7.65,0,4.53,Dataset 04.xlsx,148
155,M05,7.19,0,4.49,Dataset 05.xlsx,148
155,M06,9.86,0,6.04,Dataset 06.xlsx,148
155,M07,11.24,0.0009,7.2,Dataset 07.xlsx,148
155,M08,15.24,0.0004,15.75,Dataset 08.xlsx,148
155,M09,13.77,0.0004,13.77,Dataset 09.xlsx,148
155,M10,16.85,0.0009,11.48,Dataset 10.xlsx,148
155,M11,15.61,0.0023,10.78,Dataset 11.xlsx,148
155,M12,20.33,0.0006,20.58,Dataset 12.xlsx,148
155,M13,18.57,0.0021,13.62,Dataset 13.xlsx,148
155,M14,15.5,0.0006,19.67,Dataset 14.xlsx,148
155,M15,20,0.0007,11.5,Dataset 15.xlsx,148
155,M16,42.03,0.0014,32.62,Dataset 16.xlsx,148
155,M17,5.85,0.0017,5.36,Dataset 17.xlsx,148
155,M18,7.91,0.0065,4.49,Dataset 18.xlsx,148
155,M19,6.43,0.002,3.71,Dataset 19.xlsx,148
155,M20,9.56,0.0005,14.3,Dataset 20.xlsx,147
155,M21,6.67,0.0042,3.73,Dataset 21.xlsx,147
155,M22,15.22,0.0006,11.58,Dataset 22.xlsx,147
155,M23,12.26,0.0038,15.34,Dataset 23.xlsx,147
155,M24,18.18,0.0007,10.65,Dataset 24.xlsx,147
155,M25,12.21,0.0024,8.39,Dataset 25.xlsx,156
155,M26,10.93,0.0007,13.01,Dataset 26.xlsx,156
155,M27,12.87,0.0017,8.98,Dataset 27.xlsx,156
155,M28,11.02,0.003,13.13,Dataset 28.xlsx,156
155,M29,13.37,0.0005,7,Dataset 29.xlsx,156
155,M30,7.66,0.0013,4.68,Dataset 30.xlsx,156
156,M01,7.63,0,5.01,Dataset 01.xlsx,149
156,M02,10.16,0.0006,10.1,Dataset 02.xlsx,149
156,M03,10.98,0.0004,7.08,Dataset 03.xlsx,149
156,M04,10.1,0.0005,6.31,Dataset 04.xlsx,149
156,M05,10.2,0,6.79,Dataset 05.xlsx,149
156,M06,13.68,0.0005,8.77,Dataset 06.xlsx,149
156,M07,15.16,0.0014,10.07,Dataset 07.xlsx,149
156,M08,19.53,0.0003,20.46,Dataset 08.xlsx,149
156,M09,18.29,0.0012,18.62,Dataset 09.xlsx,149
156,M10,21.14,0.0002,14.66,Dataset 10.xlsx,149
156,M11,20.3,0.0003,14.32,Dataset 11.xlsx,149
156,M12,28.01,0.0005,28.73,Dataset 12.xlsx,149
156,M13,28.67,0.0003,21.57,Dataset 13.xlsx,149
156,M14,25.1,0.0006,32.47,Dataset 14.xlsx,149
156,M15,28.78,0.0008,16.99,Dataset 15.xlsx,149
156,M16,57.3,0.0001,44.84,Dataset 16.xlsx,149
156,M17,7.49,0.0023,7.14,Dataset 17.xlsx,149
156,M18,10.16,0.0021,6.06,Dataset 18.xlsx,149
156,M19,9.5,0.0006,5.96,Dataset 19.xlsx,149
156,M20,9.76,0.0008,14.62,Dataset 20.xlsx,148
156,M21,7.1,0.001,4.04,Dataset 21.xlsx,148
156,M22,16.62,0.0008,12.74,Dataset 22.xlsx,148
156,M23,17.25,0.0021,21.99,Dataset 23.xlsx,148
156,M24,17.13,0.0011,9.98,Dataset 24.xlsx,148
156,M25,14.75,0.0005,10.35,Dataset 25.xlsx,157
156,M26,13.47,0.0009,16.27,Dataset 26.xlsx,157
156,M27,17.78,0,12.78,Dataset 27.xlsx,157
156,M28,15.82,0.0005,19.28,Dataset 28.xlsx,157
156,M29,17.69,0.0004,9.59,Dataset 29.xlsx,157
156,M30,11.07,0.0005,7.2,Dataset 30.xlsx,157
157,M01,7.44,0.001,4.86,Dataset 01.xlsx,150
157,M02,9.88,0.0022,9.8,Dataset 02.xlsx,150
157,M03,10.44,0.0005,6.68,Dataset 03.xlsx,150
157,M04,9.54,0.0006,5.9,Dataset 04.xlsx,150
157,M05,9.47,0.0007,6.23,Dataset 05.xlsx,150
157,M06,13.03,0.001,8.3,Dataset 06.xlsx,150
157,M07,14.31,0.001,9.44,Dataset 07.xlsx,150
157,M08,18.7,0.0004,19.54,Dataset 08.xlsx,150
157,M09,17.44,0.0014,17.7,Dataset 09.xlsx,150
157,M10,20.34,0.0003,14.06,Dataset 10.xlsx,150
157,M11,19.35,0,13.6,Dataset 11.xlsx,150
157,M12,26.64,0.0005,27.27,Dataset 12.xlsx,150
157,M13,26.81,0,20.11,Dataset 13.xlsx,150
157,M14,23.06,0.0006,29.75,Dataset 14.xlsx,150
157,M15,27.07,0.0003,15.92,Dataset 15.xlsx,150
157,M16,55.15,0.0002,43.12,Dataset 16.xlsx,150
157,M17,7.28,0.0031,6.91,Dataset 17.xlsx,150
157,M18,10.1,0.0043,6.01,Dataset 18.xlsx,150
157,M19,8.11,0.0031,4.94,Dataset 19.xlsx,150
157,M20,10.53,0.0002,15.85,Dataset 20.xlsx,149
157,M21,7.59,0.0009,4.38,Dataset 21.xlsx,149
157,M22,18.39,0.0007,14.2,Dataset 22.xlsx,149
157,M23,15.53,0,19.71,Dataset 23.xlsx,149
157,M24,18.86,0.0003,11.09,Dataset 24.xlsx,149
157,M25,14.35,0.0006,10.04,Dataset 25.xlsx,158
157,M26,13,0.0008,15.67,Dataset 26.xlsx,158
157,M27,16.94,0.0008,12.13,Dataset 27.xlsx,158
157,M28,14.83,0.0006,18.01,Dataset 28.xlsx,158
157,M29,16.87,0.0004,9.1,Dataset 29.xlsx,158
157,M30,10.42,0.0027,6.71,Dataset 30.xlsx,158
158,M01,8.32,0.0034,5.55,Dataset 01.xlsx,151
158,M02,10.99,0,11.01,Dataset 02.xlsx,151
158,M03,12.7,0.0006,8.35,Dataset 03.xlsx,151
158,M04,11.65,0.0004,7.43,Dataset 04.xlsx,151
158,M05,11.86,0.0084,8.05,Dataset 05.xlsx,151
158,M06,15.67,0,10.19,Dataset 06.xlsx,151
158,M07,17.75,0.0028,11.96,Dataset 07.xlsx,151
158,M08,22.02,0.0003,23.2,Dataset 08.xlsx,151
158,M09,20.58,0.0021,21.06,Dataset 09.xlsx,151
158,M10,23.59,0.0004,16.47,Dataset 10.xlsx,151
158,M11,22.87,0.0006,16.26,Dataset 11.xlsx,151
158,M12,32.47,0.0007,33.47,Dataset 12.xlsx,151
158,M13,33.88,0.0005,25.68,Dataset 13.xlsx,151
158,M14,30.62,0.0002,39.83,Dataset 14.xlsx,151
158,M15,34.33,0.0006,20.45,Dataset 15.xlsx,151
158,M16,63,0.0002,49.4,Dataset 16.xlsx,151
158,M17,8.59,0.0011,8.34,Dataset 17.xlsx,151
158,M18,12.06,0.0006,7.38,Dataset 18.xlsx,151
158,M19,11.55,0.0013,7.46,Dataset 19.xlsx,151
158,M20,13.52,0.0005,20.62,Dataset 20.xlsx,150
158,M21,10.65,0.0007,6.55,Dataset 21.xlsx,150
158,M22,27.95,0.0002,22.1,Dataset 22.xlsx,150
158,M23,24.2,0,31.27,Dataset 23.xlsx,150
158,M24,28.58,0.0006,17.32,Dataset 24.xlsx,150
158,M25,15.81,0.0005,11.16,Dataset 25.xlsx,159
158,M26,14.55,0.0004,17.65,Dataset 26.xlsx,159
158,M27,19.79,0.0011,14.34,Dataset 27.xlsx,159
158,M28,18.1,0.0005,22.21,Dataset 28.xlsx,159
158,M29,19.97,0.0018,10.96,Dataset 29.xlsx,159
158,M30,12.74,0.0027,8.44,Dataset 30.xlsx,159
159,M01,5.16,0.0041,3.06,Dataset 01.xlsx,152
159,M02,6.25,0.0026,5.83,Dataset 02.xlsx,152
159,M03,5.25,0.001,2.87,Dataset 03.xlsx,152
159,M04,5.04,0.0019,2.64,Dataset 04.xlsx,152
159,M05,4.89,0.0014,2.73,Dataset 05.xlsx,152
159,M06,6.71,0,3.79,Dataset 06.xlsx,152
159,M07,6.78,0.0021,3.95,Dataset 07.xlsx,152
159,M08,9.04,0.0007,8.93,Dataset 08.xlsx,152
159,M09,7.99,0.0016,7.57,Dataset 09.xlsx,152
159,M10,10.48,0.0006,6.76,Dataset 10.xlsx,152
159,M11,9.55,0,6.21,Dataset 11.xlsx,152
159,M12,11.15,0.0009,10.83,Dataset 12.xlsx,152
159,M13,12.88,0,9.14,Dataset 13.xlsx,152
159,M14,10.86,0.0009,13.48,Dataset 14.xlsx,152
159,M15,12.73,0.0017,6.96,Dataset 15.xlsx,152
159,M16,26.84,0.0006,20.47,Dataset 16.xlsx,152
159,M17,3.28,0.003,2.57,Dataset 17.xlsx,152
159,M18,5.38,0.0013,2.73,Dataset 18.xlsx,152
159,M19,4.59,0,2.36,Dataset 19.xlsx,152
159,M20,5.68,0.0013,8.08,Dataset 20.xlsx,151
159,M21,4.56,0.0016,2.23,Dataset 21.xlsx,151
159,M22,8.58,0.0011,6.09,Dataset 22.xlsx,151
159,M23,7.12,0.001,8.49,Dataset 23.xlsx,151
159,M24,8.05,0.0024,4.16,Dataset 24.xlsx,151
159,M25,12.43,0.0008,8.56,Dataset 25.xlsx,160
159,M26,10.98,0.0007,13.08,Dataset 26.xlsx,160
159,M27,12.95,0.0008,9.04,Dataset 27.xlsx,160
159,M28,10.91,0.0008,12.99,Dataset 28.xlsx,160
159,M29,12.93,0.0011,6.74,Dataset 29.xlsx,160
159,M30,7.82,0.0011,4.79,Dataset 30.xlsx,160
160,M01,4.87,0.0029,2.83,Dataset 01.xlsx,153
160,M02,6.15,0.0027,5.72,Dataset 02.xlsx,153
160,M03,5.16,0.0008,2.8,Dataset 03.xlsx,153
160,M04,4.94,0.001,2.57,Dataset 04.xlsx,153
160,M05,4.8,0,2.66,Dataset 05.xlsx,153
160,M06,6.58,0.0021,3.7,Dataset 06.xlsx,153
160,M07,6.67,0.0021,3.86,Dataset 07.xlsx,153
160,M08,8.81,0.0008,8.68,Dataset 08.xlsx,153
160,M09,7.65,0.0013,7.21,Dataset 09.xlsx,153
160,M10,10.24,0.0005,6.59,Dataset 10.xlsx,153
160,M11,9.26,0.0015,5.99,Dataset 11.xlsx,153
160,M12,10.82,0.0015,10.49,Dataset 12.xlsx,153
160,M13,10.61,0.0015,7.35,Dataset 13.xlsx,153
160,M14,10.47,0.0022,12.96,Dataset 14.xlsx,153
160,M15,8.54,0.0214,4.34,Dataset 15.xlsx,153
160,M16,18.83,0.001,14.06,Dataset 16.xlsx,153
160,M17,3.03,0.0079,2.29,Dataset 17.xlsx,153
160,M18,5.26,0,2.65,Dataset 18.xlsx,153
160,M19,4.55,0.0011,2.33,Dataset 19.xlsx,153
160,M20,5.56,0.0065,7.9,Dataset 20.xlsx,152
160,M21,4.52,0.0047,2.21,Dataset 21.xlsx,152
160,M22,8.71,0.0025,6.2,Dataset 22.xlsx,152
160,M23,7.46,0.002,8.95,Dataset 23.xlsx,152
160,M24,8.52,0.0024,4.46,Dataset 24.xlsx,152
160,M25,9.75,0.0022,6.5,Dataset 25.xlsx,161
160,M26,8.16,0.0024,9.47,Dataset 26.xlsx,161
160,M27,8.94,0.0038,5.93,Dataset 27.xlsx,161
160,M28,7.63,0.0032,8.78,Dataset 28.xlsx,161
160,M29,8.84,0.0021,4.29,Dataset 29.xlsx,161
160,M30,5.68,0.0005,3.21,Dataset 30.xlsx,161
161,M01,6.99,0.002,4.5,Dataset 01.xlsx,154
161,M02,9.35,0.0006,9.21,Dataset 02.xlsx,154
161,M03,9.44,0.0006,5.95,Dataset 03.xlsx,154
161,M04,8.57,0.0006,5.2,Dataset 04.xlsx,154
161,M05,8.45,0,5.45,Dataset 05.xlsx,154
161,M06,11.86,0.0007,7.47,Dataset 06.xlsx,154
161,M07,12.83,0.0017,8.36,Dataset 07.xlsx,154
161,M08,17.21,0.0004,17.91,Dataset 08.xlsx,154
161,M09,15.96,0.0009,16.12,Dataset 09.xlsx,154
161,M10,18.82,0.0003,12.94,Dataset 10.xlsx,154
161,M11,17.84,0,12.46,Dataset 11.xlsx,154
161,M12,24.23,0.0003,24.72,Dataset 12.xlsx,154
161,M13,23.8,0,17.74,Dataset 13.xlsx,154
161,M14,20.18,0.0015,25.91,Dataset 14.xlsx,154
161,M15,23.97,0.0003,13.98,Dataset 15.xlsx,154
161,M16,51.53,0.0003,40.22,Dataset 16.xlsx,154
161,M17,6.67,0.0027,6.25,Dataset 17.xlsx,154
161,M18,9.19,0.0027,5.38,Dataset 18.xlsx,154
161,M19,6.67,0.0007,3.88,Dataset 19.xlsx,154
161,M20,9.11,0.0003,13.58,Dataset 20.xlsx,153
161,M21,6.42,0,3.55,Dataset 21.xlsx,153
161,M22,14.55,0.0019,11.02,Dataset 22.xlsx,153
161,M23,12.41,0.0006,15.54,Dataset 23.xlsx,153
161,M24,14.74,0.0004,8.45,Dataset 24.xlsx,153
161,M25,13.66,0.0001,9.51,Dataset 25.xlsx,162
161,M26,12.34,0.002,14.82,Dataset 26.xlsx,162
161,M27,15.57,0.0013,11.07,Dataset 27.xlsx,162
161,M28,13.51,0,16.32,Dataset 28.xlsx,162
161,M29,15.46,0.0021,8.26,Dataset 29.xlsx,162
161,M30,9.42,0.0005,5.98,Dataset 30.xlsx,162
162,M01,7.34,0.0019,4.78,Dataset 01.xlsx,155
162,M02,9.73,0.0006,9.63,Dataset 02.xlsx,155
162,M03,10.16,0.0004,6.48,Dataset 03.xlsx,155
162,M04,9.35,0.0009,5.76,Dataset 04.xlsx,155
162,M05,9.19,0,6.02,Dataset 05.xlsx,155
162,M06,12.73,0.0005,8.09,Dataset 06.xlsx,155
162,M07,13.91,0.0071,9.15,Dataset 07.xlsx,155
162,M08,18.31,0.0004,19.12,Dataset 08.xlsx,155
162,M09,17.24,0,17.49,Dataset 09.xlsx,155
162,M10,19.92,0.0002,13.75,Dataset 10.xlsx,155
162,M11,18.99,0.0007,13.33,Dataset 11.xlsx,155
162,M12,26.21,0.0004,26.83,Dataset 12.xlsx,155
162,M13,26.08,0.0006,19.54,Dataset 13.xlsx,155
162,M14,22.57,0.0015,29.09,Dataset 14.xlsx,155
162,M15,26.51,0,15.57,Dataset 15.xlsx,155
162,M16,54.3,0.0002,42.44,Dataset 16.xlsx,155
162,M17,7.13,0.0022,6.74,Dataset 17.xlsx,155
162,M18,9.97,0.0029,5.92,Dataset 18.xlsx,155
162,M19,7.21,0.0008,4.28,Dataset 19.xlsx,155
162,M20,9.66,0,14.46,Dataset 20.xlsx,154
162,M21,6.9,0.001,3.89,Dataset 21.xlsx,154
162,M22,15.93,0.002,12.17,Dataset 22.xlsx,154
162,M23,13.56,0.0005,17.07,Dataset 23.xlsx,154
162,M24,16.19,0,9.38,Dataset 24.xlsx,154
162,M25,14.26,0.0039,9.97,Dataset 25.xlsx,163
162,M26,12.91,0.0022,15.55,Dataset 26.xlsx,163
162,M27,16.69,0.0003,11.94,Dataset 27.xlsx,163
162,M28,14.58,0.0006,17.69,Dataset 28.xlsx,163
162,M29,16.51,0.0013,8.88,Dataset 29.xlsx,163
162,M30,10.14,0.0024,6.51,Dataset 30.xlsx,163
163,M01,7.34,0.0019,4.78,Dataset 01.xlsx,156
163,M02,9.79,0.0006,9.69,Dataset 02.xlsx,156
163,M03,10.25,0.0004,6.55,Dataset 03.xlsx,156
163,M04,9.4,0.0009,5.8,Dataset 04.xlsx,156
163,M05,9.31,0.0008,6.1,Dataset 05.xlsx,156
163,M06,12.81,0.0006,8.15,Dataset 06.xlsx,156
163,M07,14.04,0.007,9.24,Dataset 07.xlsx,156
163,M08,18.44,0.0004,19.26,Dataset 08.xlsx,156
163,M09,17.24,0.0005,17.49,Dataset 09.xlsx,156
163,M10,20.06,0.0002,13.86,Dataset 10.xlsx,156
163,M11,19.12,0.0004,13.43,Dataset 11.xlsx,156
163,M12,26.21,0.0004,26.83,Dataset 12.xlsx,156
163,M13,26.31,0.0003,19.72,Dataset 13.xlsx,156
163,M14,22.57,0.0008,29.09,Dataset 14.xlsx,156
163,M15,26.51,0,15.57,Dataset 15.xlsx,156
163,M16,54.55,0.0003,42.64,Dataset 16.xlsx,156
163,M17,7.19,0.0025,6.82,Dataset 17.xlsx,156
163,M18,9.98,0.0014,5.93,Dataset 18.xlsx,156
163,M19,8.04,0.0012,4.89,Dataset 19.xlsx,156
163,M20,10.46,0,15.74,Dataset 20.xlsx,155
163,M21,7.6,0.0135,4.39,Dataset 21.xlsx,155
163,M22,18.19,0.0009,14.03,Dataset 22.xlsx,155
163,M23,15.37,0.0005,19.49,Dataset 23.xlsx,155
163,M24,18.66,0,10.96,Dataset 24.xlsx,155
163,M25,14.26,0.0025,9.97,Dataset 25.xlsx,164
163,M26,12.91,0.0011,15.55,Dataset 26.xlsx,164
163,M27,16.69,0.0003,11.94,Dataset 27.xlsx,164
163,M28,14.58,0.0042,17.69,Dataset 28.xlsx,164
163,M29,16.66,0.003,8.97,Dataset 29.xlsx,164
163,M30,10.25,0.0004,6.59,Dataset 30.xlsx,164
164,M01,7.08,0.002,4.57,Dataset 01.xlsx,157
164,M02,9.44,0.001,9.31,Dataset 02.xlsx,157
164,M03,9.6,0.0005,6.07,Dataset 03.xlsx,157
164,M04,8.77,0.0007,5.34,Dataset 04.xlsx,157
164,M05,8.8,0,5.72,Dataset 05.xlsx,157
164,M06,12.11,0,7.65,Dataset 06.xlsx,157
164,M07,13.06,0.0016,8.53,Dataset 07.xlsx,157
164,M08,17.41,0.0004,18.13,Dataset 08.xlsx,157
164,M09,16.18,0.0007,16.35,Dataset 09.xlsx,157
164,M10,19.08,0.0003,13.13,Dataset 10.xlsx,157
164,M11,18.2,0,12.74,Dataset 11.xlsx,157
164,M12,24.47,0.0008,24.97,Dataset 12.xlsx,157
164,M13,24.45,0,18.25,Dataset 13.xlsx,157
164,M14,20.81,0.0009,26.75,Dataset 14.xlsx,157
164,M15,24.37,0.0006,14.23,Dataset 15.xlsx,157
164,M16,52.34,0.0002,40.87,Dataset 16.xlsx,157
164,M17,6.89,0.0014,6.48,Dataset 17.xlsx,157
164,M18,9.37,0.0024,5.51,Dataset 18.xlsx,157
164,M19,8.64,0.0007,5.33,Dataset 19.xlsx,157
164,M20,11.02,0.0004,16.63,Dataset 20.xlsx,156
164,M21,8.25,0.0009,4.85,Dataset 21.xlsx,156
164,M22,20.14,0.0008,15.64,Dataset 22.xlsx,156
164,M23,17.03,0.0012,21.71,Dataset 23.xlsx,156
164,M24,20.58,0.0006,12.19,Dataset 24.xlsx,156
164,M25,13.86,0.0006,9.66,Dataset 25.xlsx,165
164,M26,12.51,0.0012,15.04,Dataset 26.xlsx,165
164,M27,15.91,0.0004,11.33,Dataset 27.xlsx,165
164,M28,13.84,0.0006,16.74,Dataset 28.xlsx,165
164,M29,15.74,0,8.43,Dataset 29.xlsx,165
164,M30,9.62,0.001,6.13,Dataset 30.xlsx,165
165,M01,8.36,0.0017,5.58,Dataset 01.xlsx,158
165,M02,11.08,0,11.11,Dataset 02.xlsx,158
165,M03,12.92,0.0004,8.51,Dataset 03.xlsx,158
165,M04,11.78,0.0009,7.52,Dataset 04.xlsx,158
165,M05,12.01,0,8.17,Dataset 05.xlsx,158
165,M06,15.59,0,10.14,Dataset 06.xlsx,158
165,M07,18.11,0,12.22,Dataset 07.xlsx,158
165,M08,22.35,0.0003,23.56,Dataset 08.xlsx,158
165,M09,20.77,0.0004,21.27,Dataset 09.xlsx,158
165,M10,23.88,0.0003,16.69,Dataset 10.xlsx,158
165,M11,22.89,0.0008,16.28,Dataset 11.xlsx,158
165,M12,32.81,0.0002,33.83,Dataset 12.xlsx,158
165,M13,34.12,0.0006,25.87,Dataset 13.xlsx,158
165,M14,30.96,0.0006,40.28,Dataset 14.xlsx,158
165,M15,34.84,0.0003,20.78,Dataset 15.xlsx,158
165,M16,63.27,0.0001,49.62,Dataset 16.xlsx,158
165,M17,8.61,0.0011,8.36,Dataset 17.xlsx,158
165,M18,12.15,0.0006,7.44,Dataset 18.xlsx,158
165,M19,11.54,0,7.45,Dataset 19.xlsx,158
165,M20,13.31,0.0003,20.29,Dataset 20.xlsx,157
165,M21,10.48,0.0014,6.43,Dataset 21.xlsx,157
165,M22,27.28,0.0006,21.55,Dataset 22.xlsx,157
165,M23,23.75,0.0009,30.66,Dataset 23.xlsx,157
165,M24,28.12,0.0004,17.03,Dataset 24.xlsx,157
165,M25,15.83,0.001,11.18,Dataset 25.xlsx,166
165,M26,14.59,0.001,17.71,Dataset 26.xlsx,166
165,M27,20.02,0.0007,14.52,Dataset 27.xlsx,166
165,M28,18.23,0.0009,22.37,Dataset 28.xlsx,166
165,M29,20.15,0.0014,11.07,Dataset 29.xlsx,166
165,M30,12.96,0.0005,8.6,Dataset 30.xlsx,166
166,M01,7.64,0.0019,5.02,Dataset 01.xlsx,159
166,M02,10.25,0.0005,10.2,Dataset 02.xlsx,159
166,M03,11.25,0.0005,7.28,Dataset 03.xlsx,159
166,M04,10.33,0.0005,6.47,Dataset 04.xlsx,159
166,M05,10.44,0,6.97,Dataset 05.xlsx,159
166,M06,13.91,0.0005,8.93,Dataset 06.xlsx,159
166,M07,15.59,0,10.38,Dataset 07.xlsx,159
166,M08,19.95,0.0003,20.92,Dataset 08.xlsx,159
166,M09,18.67,0.0004,19.02,Dataset 09.xlsx,159
166,M10,21.54,0.0003,14.95,Dataset 10.xlsx,159
166,M11,20.68,0.0003,14.6,Dataset 11.xlsx,159
166,M12,28.8,0.0003,29.57,Dataset 12.xlsx,159
166,M13,29.56,0.0003,22.28,Dataset 13.xlsx,159
166,M14,26.23,0.0002,33.97,Dataset 14.xlsx,159
166,M15,29.69,0.0002,17.55,Dataset 15.xlsx,159
166,M16,58.33,0.0002,45.66,Dataset 16.xlsx,159
166,M17,7.82,0.0022,7.5,Dataset 17.xlsx,159
166,M18,10.85,0.002,6.53,Dataset 18.xlsx,159
166,M19,10.24,0.0006,6.5,Dataset 19.xlsx,159
166,M20,12.43,0.0002,18.88,Dataset 20.xlsx,158
166,M21,9.69,0.0015,5.87,Dataset 21.xlsx,158
166,M22,24.53,0.0002,19.27,Dataset 22.xlsx,158
166,M23,21.23,0.0007,27.31,Dataset 23.xlsx,158
166,M24,24.95,0.0002,14.99,Dataset 24.xlsx,158
166,M25,14.83,0.001,10.41,Dataset 25.xlsx,167
166,M26,13.6,0.0004,16.44,Dataset 26.xlsx,167
166,M27,18.05,0.0007,12.99,Dataset 27.xlsx,167
166,M28,16.16,0.001,19.72,Dataset 28.xlsx,167
166,M29,17.94,0.0008,9.74,Dataset 29.xlsx,167
166,M30,11.28,0.0031,7.35,Dataset 30.xlsx,167
167,M01,6.82,0.001,4.37,Dataset 01.xlsx,160
167,M02,9.16,0.0006,9.01,Dataset 02.xlsx,160
167,M03,9.11,0.0007,5.71,Dataset 03.xlsx,160
167,M04,8.3,0.0006,5,Dataset 04.xlsx,160
167,M05,8.16,0,5.23,Dataset 05.xlsx,160
167,M06,11.47,0.0009,7.19,Dataset 06.xlsx,160
167,M07,12.35,0.0006,8.01,Dataset 07.xlsx,160
167,M08,16.71,0.0004,17.36,Dataset 08.xlsx,160
167,M09,15.55,0.0004,15.68,Dataset 09.xlsx,160
167,M10,18.32,0.0004,12.57,Dataset 10.xlsx,160
167,M11,17.33,0.0004,12.08,Dataset 11.xlsx,160
167,M12,23.43,0.0006,23.87,Dataset 12.xlsx,160
167,M13,22.83,0.0003,16.98,Dataset 13.xlsx,160
167,M14,19.31,0.0007,24.75,Dataset 14.xlsx,160
167,M15,22.94,0.0003,13.33,Dataset 15.xlsx,160
167,M16,50.34,0.0002,39.27,Dataset 16.xlsx,160
167,M17,6.52,0.003,6.08,Dataset 17.xlsx,160
167,M18,8.94,0.0025,5.2,Dataset 18.xlsx,160
167,M19,6.58,0.0008,3.82,Dataset 19.xlsx,160
167,M20,9.01,0.0003,13.42,Dataset 20.xlsx,159
167,M21,6.36,0.0011,3.51,Dataset 21.xlsx,159
167,M22,14.32,0.0009,10.83,Dataset 22.xlsx,159
167,M23,12.23,0,15.31,Dataset 23.xlsx,159
167,M24,14.5,0.0004,8.29,Dataset 24.xlsx,159
167,M25,13.44,0.0006,9.34,Dataset 25.xlsx,168
167,M26,12.08,0.001,14.49,Dataset 26.xlsx,168
167,M27,15.1,0.0011,10.71,Dataset 27.xlsx,168
167,M28,13.02,0.0006,15.69,Dataset 28.xlsx,168
167,M29,14.99,0.0005,7.97,Dataset 29.xlsx,168
167,M30,9.1,0.0041,5.74,Dataset 30.xlsx,168
168,M01,7.18,0.0059,4.65,Dataset 01.xlsx,161
168,M02,9.6,0.0006,9.49,Dataset 02.xlsx,161
168,M03,9.92,0.0005,6.31,Dataset 03.xlsx,161
168,M04,9.11,0.0011,5.59,Dataset 04.xlsx,161
168,M05,8.97,0,5.85,Dataset 05.xlsx,161
168,M06,12.45,0.0007,7.89,Dataset 06.xlsx,161
168,M07,13.58,0.0014,8.91,Dataset 07.xlsx,161
168,M08,17.98,0.0004,18.76,Dataset 08.xlsx,161
168,M09,16.84,0.0016,17.06,Dataset 09.xlsx,161
168,M10,19.57,0.0003,13.5,Dataset 10.xlsx,161
168,M11,18.65,0.0004,13.07,Dataset 11.xlsx,161
168,M12,25.53,0.0006,26.1,Dataset 12.xlsx,161
168,M13,25.43,0.0003,19.02,Dataset 13.xlsx,161
168,M14,21.83,0.0006,28.11,Dataset 14.xlsx,161
168,M15,25.63,0.0014,15.02,Dataset 15.xlsx,161
168,M16,53.57,0.0002,41.86,Dataset 16.xlsx,161
168,M17,6.99,0.0026,6.6,Dataset 17.xlsx,161
168,M18,9.71,0.0026,5.74,Dataset 18.xlsx,161
168,M19,7.09,0.0007,4.19,Dataset 19.xlsx,161
168,M20,9.55,0.0013,14.28,Dataset 20.xlsx,160
168,M21,6.8,0.001,3.82,Dataset 21.xlsx,160
168,M22,15.64,0.0008,11.93,Dataset 22.xlsx,160
168,M23,13.3,0.0005,16.73,Dataset 23.xlsx,160
168,M24,15.85,0.0019,9.16,Dataset 24.xlsx,160
168,M25,14,0.0007,9.77,Dataset 25.xlsx,169
168,M26,12.71,0.0009,15.29,Dataset 26.xlsx,169
168,M27,16.28,0.0012,11.62,Dataset 27.xlsx,169
168,M28,14.24,0.0006,17.26,Dataset 28.xlsx,169
168,M29,16.18,0.0014,8.69,Dataset 29.xlsx,169
168,M30,9.91,0.0005,6.34,Dataset 30.xlsx,169
169,M01,5.64,0.0038,3.44,Dataset 01.xlsx,162
169,M02,7.41,0,7.09,Dataset 02.xlsx,162
169,M03,6.54,0.0012,3.82,Dataset 03.xlsx,162
169,M04,6.04,0.0015,3.37,Dataset 04.xlsx,162
169,M05,5.93,0,3.53,Dataset 05.xlsx,162
169,M06,8.24,0,4.89,Dataset 06.xlsx,162
169,M07,8.43,0.0008,5.15,Dataset 07.xlsx,162
169,M08,11.15,0.0006,11.25,Dataset 08.xlsx,162
169,M09,9.83,0.0023,9.54,Dataset 09.xlsx,162
169,M10,13.12,0.0007,8.71,Dataset 10.xlsx,162
169,M11,12.03,0.0018,8.08,Dataset 11.xlsx,162
169,M12,13.75,0.0015,13.59,Dataset 12.xlsx,162
169,M13,13.55,0.0018,9.67,Dataset 13.xlsx,162
169,M14,10.81,0.0012,13.41,Dataset 14.xlsx,162
169,M15,13.68,0.001,7.55,Dataset 15.xlsx,162
169,M16,26.46,0.0005,20.17,Dataset 16.xlsx,162
169,M17,4.57,0.0022,3.96,Dataset 17.xlsx,162
169,M18,6.62,0.0011,3.59,Dataset 18.xlsx,162
169,M19,5.52,0.0016,3.05,Dataset 19.xlsx,162
169,M20,7.46,0.0006,10.94,Dataset 20.xlsx,161
169,M21,5.35,0.004,2.8,Dataset 21.xlsx,161
169,M22,10.75,0.0011,7.88,Dataset 22.xlsx,161
169,M23,8.97,0.0047,10.96,Dataset 23.xlsx,161
169,M24,10.94,0.0011,6.01,Dataset 24.xlsx,161
169,M25,11.12,0.0021,7.55,Dataset 25.xlsx,170
169,M26,9.28,0.0011,10.9,Dataset 26.xlsx,170
169,M27,10.85,0,7.41,Dataset 27.xlsx,170
169,M28,8.94,0.0028,10.46,Dataset 28.xlsx,170
169,M29,10.81,0.0033,5.47,Dataset 29.xlsx,170
169,M30,6.52,0.0005,3.83,Dataset 30.xlsx,170
170,M01,7.17,0.001,4.65,Dataset 01.xlsx,163
170,M02,9.62,0.0008,9.51,Dataset 02.xlsx,163
170,M03,10.03,0,6.38,Dataset 03.xlsx,163
170,M04,9.28,0.0011,5.71,Dataset 04.xlsx,163
170,M05,9.32,0,6.11,Dataset 05.xlsx,163
170,M06,12.56,0.0006,7.97,Dataset 06.xlsx,163
170,M07,13.77,0,9.05,Dataset 07.xlsx,163
170,M08,18.15,0.0004,18.95,Dataset 08.xlsx,163
170,M09,17.08,0.0006,17.32,Dataset 09.xlsx,163
170,M10,19.75,0,13.63,Dataset 10.xlsx,163
170,M11,19.04,0.0004,13.37,Dataset 11.xlsx,163
170,M12,25.83,0.0005,26.42,Dataset 12.xlsx,163
170,M13,25.95,0.0003,19.43,Dataset 13.xlsx,163
170,M14,22.49,0.0006,28.99,Dataset 14.xlsx,163
170,M15,26.09,0.0011,15.31,Dataset 15.xlsx,163
170,M16,54.2,0.0002,42.36,Dataset 16.xlsx,163
170,M17,7.19,0.0024,6.81,Dataset 17.xlsx,163
170,M18,9.87,0,5.85,Dataset 18.xlsx,163
170,M19,8.92,0.0006,5.53,Dataset 19.xlsx,163
170,M20,11.29,0.0009,17.06,Dataset 20.xlsx,162
170,M21,8.57,0.0025,5.07,Dataset 21.xlsx,162
170,M22,21.01,0.0006,16.36,Dataset 22.xlsx,162
170,M23,17.99,0.002,22.99,Dataset 23.xlsx,162
170,M24,21.47,0.0011,12.76,Dataset 24.xlsx,162
170,M25,14.07,0.0015,9.82,Dataset 25.xlsx,171
170,M26,12.81,0.0008,15.42,Dataset 26.xlsx,171
170,M27,16.45,0.0011,11.75,Dataset 27.xlsx,171
170,M28,14.49,0.0017,17.58,Dataset 28.xlsx,171
170,M29,16.35,0.0004,8.79,Dataset 29.xlsx,171
170,M30,10.05,0.0015,6.44,Dataset 30.xlsx,171
171,M01,7.62,0.0019,5,Dataset 01.xlsx,164
171,M02,10.14,0.0005,10.09,Dataset 02.xlsx,164
171,M03,10.85,0.0009,6.99,Dataset 03.xlsx,164
171,M04,9.76,0.0005,6.06,Dataset 04.xlsx,164
171,M05,9.73,0,6.43,Dataset 05.xlsx,164
171,M06,13.45,0.0009,8.61,Dataset 06.xlsx,164
171,M07,14.88,0,9.86,Dataset 07.xlsx,164
171,M08,19.27,0.0003,20.18,Dataset 08.xlsx,164
171,M09,17.76,0.0009,18.04,Dataset 09.xlsx,164
171,M10,20.94,0.0005,14.51,Dataset 10.xlsx,164
171,M11,19.72,0.0003,13.88,Dataset 11.xlsx,164
171,M12,27.46,0.0007,28.15,Dataset 12.xlsx,164
171,M13,27.7,0.0002,20.81,Dataset 13.xlsx,164
171,M14,23.85,0.0005,30.8,Dataset 14.xlsx,164
171,M15,28.02,0.0012,16.51,Dataset 15.xlsx,164
171,M16,56.08,0.0003,43.86,Dataset 16.xlsx,164
171,M17,7.45,0.003,7.09,Dataset 17.xlsx,164
171,M18,10.34,0,6.18,Dataset 18.xlsx,164
171,M19,8.55,0.0006,5.27,Dataset 19.xlsx,164
171,M20,10.81,0.001,16.3,Dataset 20.xlsx,163
171,M21,7.92,0,4.62,Dataset 21.xlsx,163
171,M22,19.36,0.0005,15,Dataset 22.xlsx,163
171,M23,16.3,0.002,20.74,Dataset 23.xlsx,163
171,M24,19.93,0.0014,11.78,Dataset 24.xlsx,163
171,M25,14.68,0.0002,10.29,Dataset 25.xlsx,172
171,M26,13.29,0.0007,16.04,Dataset 26.xlsx,172
171,M27,17.44,0.0005,12.52,Dataset 27.xlsx,172
171,M28,15.28,0,18.59,Dataset 28.xlsx,172
171,M29,17.43,0.0008,9.44,Dataset 29.xlsx,172
171,M30,10.89,0,7.06,Dataset 30.xlsx,172
172,M01,7.72,0.0019,5.08,Dataset 01.xlsx,165
172,M02,10.34,0.0007,10.3,Dataset 02.xlsx,165
172,M03,11.45,0.0008,7.43,Dataset 03.xlsx,165
172,M04,10.61,0.0006,6.67,Dataset 04.xlsx,165
172,M05,10.7,0.0013,7.17,Dataset 05.xlsx,165
172,M06,14.09,0,9.06,Dataset 06.xlsx,165
172,M07,15.93,0.0003,10.63,Dataset 07.xlsx,165
172,M08,20.29,0.0003,21.29,Dataset 08.xlsx,165
172,M09,19.12,0.0003,19.5,Dataset 09.xlsx,165
172,M10,21.81,0.0005,15.15,Dataset 10.xlsx,165
172,M11,20.99,0.0006,14.84,Dataset 11.xlsx,165
172,M12,29.44,0.0004,30.25,Dataset 12.xlsx,165
172,M13,30.18,0.0005,22.76,Dataset 13.xlsx,165
172,M14,26.93,0.0004,34.91,Dataset 14.xlsx,165
172,M15,30.4,0.0002,18,Dataset 15.xlsx,165
172,M16,59.01,0.0002,46.21,Dataset 16.xlsx,165
172,M17,7.98,0.0012,7.67,Dataset 17.xlsx,165
172,M18,11.08,0.0013,6.69,Dataset 18.xlsx,165
172,M19,9.92,0.0008,6.26,Dataset 19.xlsx,165
172,M20,12.09,0.0001,18.34,Dataset 20.xlsx,164
172,M21,9.29,0.0023,5.59,Dataset 21.xlsx,164
172,M22,23.37,0.0004,18.31,Dataset 22.xlsx,164
172,M23,20.1,0.0003,25.8,Dataset 23.xlsx,164
172,M24,23.9,0.0002,14.32,Dataset 24.xlsx,164
172,M25,14.93,0.0014,10.48,Dataset 25.xlsx,173
172,M26,13.7,0.0006,16.56,Dataset 26.xlsx,173
172,M27,18.24,0.0005,13.14,Dataset 27.xlsx,173
172,M28,16.41,0.0015,20.04,Dataset 28.xlsx,173
172,M29,18.17,0.0003,9.88,Dataset 29.xlsx,173
172,M30,11.51,0.0011,7.52,Dataset 30.xlsx,173
173,M01,6.29,0.0034,3.95,Dataset 01.xlsx,166
173,M02,8.33,0.0007,8.1,Dataset 02.xlsx,166
173,M03,7.69,0.001,4.66,Dataset 03.xlsx,166
173,M04,6.95,0.0011,4.03,Dataset 04.xlsx,166
173,M05,6.89,0.0021,4.26,Dataset 05.xlsx,166
173,M06,9.78,0.0005,5.98,Dataset 06.xlsx,166
173,M07,10.19,0.0021,6.43,Dataset 07.xlsx,166
173,M08,14.2,0.0005,14.6,Dataset 08.xlsx,166
173,M09,12.95,0.0004,12.89,Dataset 09.xlsx,166
173,M10,15.89,0.0005,10.77,Dataset 10.xlsx,166
173,M11,14.93,0.0008,10.27,Dataset 11.xlsx,166
173,M12,19.16,0.0013,19.34,Dataset 12.xlsx,166
173,M13,18.21,0.0008,13.34,Dataset 13.xlsx,166
173,M14,15,0.0005,19,Dataset 14.xlsx,166
173,M15,18.24,0.0027,10.4,Dataset 15.xlsx,166
173,M16,41.68,0.0003,32.34,Dataset 16.xlsx,166
173,M17,5.55,0.0027,5.03,Dataset 17.xlsx,166
173,M18,7.56,0.0015,4.25,Dataset 18.xlsx,166
173,M19,5.92,0.0016,3.33,Dataset 19.xlsx,166
173,M20,8.02,0.0021,11.82,Dataset 20.xlsx,165
173,M21,5.71,0,3.05,Dataset 21.xlsx,165
173,M22,12.39,0.0006,9.24,Dataset 22.xlsx,165
173,M23,10.52,0.0007,13.02,Dataset 23.xlsx,165
173,M24,12.41,0.0034,6.96,Dataset 24.xlsx,165
173,M25,12.43,0.0002,8.56,Dataset 25.xlsx,174
173,M26,10.94,0.0006,13.03,Dataset 26.xlsx,174
173,M27,13.02,0.0016,9.09,Dataset 27.xlsx,174
173,M28,10.91,0,12.99,Dataset 28.xlsx,174
173,M29,12.82,0.0006,6.67,Dataset 29.xlsx,174
173,M30,7.7,0.0008,4.7,Dataset 30.xlsx,174
174,M01,7.08,0.002,4.57,Dataset 01.xlsx,167
174,M02,9.49,0.0025,9.37,Dataset 02.xlsx,167
174,M03,9.73,0.0004,6.16,Dataset 03.xlsx,167
174,M04,9.02,0.0006,5.52,Dataset 04.xlsx,167
174,M05,9.03,0,5.89,Dataset 05.xlsx,167
174,M06,12.21,0,7.72,Dataset 06.xlsx,167
174,M07,13.3,0.0005,8.7,Dataset 07.xlsx,167
174,M08,17.67,0.0004,18.41,Dataset 08.xlsx,167
174,M09,16.64,0.0007,16.84,Dataset 09.xlsx,167
174,M10,19.29,0.0002,13.29,Dataset 10.xlsx,167
174,M11,18.58,0.008,13.02,Dataset 11.xlsx,167
174,M12,24.98,0.0002,25.52,Dataset 12.xlsx,167
174,M13,24.82,0.0067,18.54,Dataset 13.xlsx,167
174,M14,21.36,0.0008,27.48,Dataset 14.xlsx,167
174,M15,25.09,0.0006,14.68,Dataset 15.xlsx,167
174,M16,52.83,0.0002,41.26,Dataset 16.xlsx,167
174,M17,7.03,0.0014,6.64,Dataset 17.xlsx,167
174,M18,9.6,0.0007,5.66,Dataset 18.xlsx,167
174,M19,7.85,0,4.75,Dataset 19.xlsx,167
174,M20,10.24,0.0005,15.38,Dataset 20.xlsx,166
174,M21,7.59,0.0028,4.38,Dataset 21.xlsx,166
174,M22,17.81,0.0009,13.72,Dataset 22.xlsx,166
174,M23,15.12,0.0005,19.15,Dataset 23.xlsx,166
174,M24,18.26,0.0007,10.71,Dataset 24.xlsx,166
174,M25,13.86,0.0017,9.66,Dataset 25.xlsx,175
174,M26,12.58,0.0011,15.13,Dataset 26.xlsx,175
174,M27,15.98,0.0009,11.39,Dataset 27.xlsx,175
174,M28,14.02,0.0018,16.97,Dataset 28.xlsx,175
174,M29,15.95,0.0007,8.55,Dataset 29.xlsx,175
174,M30,9.75,0.0015,6.22,Dataset 30.xlsx,175
175,M01,7.2,0.0021,4.67,Dataset 01.xlsx,168
175,M02,9.61,0.0008,9.5,Dataset 02.xlsx,168
175,M03,9.97,0.0004,6.34,Dataset 03.xlsx,168
175,M04,9.22,0.0015,5.67,Dataset 04.xlsx,168
175,M05,9.26,0,6.07,Dataset 05.xlsx,168
175,M06,12.55,0.0011,7.96,Dataset 06.xlsx,168
175,M07,13.65,0.0004,8.96,Dataset 07.xlsx,168
175,M08,18.03,0.0004,18.81,Dataset 08.xlsx,168
175,M09,16.95,0.0012,17.17,Dataset 09.xlsx,168
175,M10,19.68,0.0002,13.58,Dataset 10.xlsx,168
175,M11,18.91,0.0009,13.27,Dataset 11.xlsx,168
175,M12,25.56,0.0006,26.14,Dataset 12.xlsx,168
175,M13,25.7,0.0008,19.24,Dataset 13.xlsx,168
175,M14,22.23,0.0005,28.64,Dataset 14.xlsx,168
175,M15,25.84,0.0007,15.15,Dataset 15.xlsx,168
175,M16,53.82,0.0001,42.06,Dataset 16.xlsx,168
175,M17,7.18,0.0033,6.8,Dataset 17.xlsx,168
175,M18,9.79,0.0007,5.8,Dataset 18.xlsx,168
175,M19,8.09,0.0019,4.93,Dataset 19.xlsx,168
175,M20,10.42,0.0006,15.67,Dataset 20.xlsx,167
175,M21,7.72,0.0027,4.48,Dataset 21.xlsx,167
175,M22,18.38,0.0006,14.19,Dataset 22.xlsx,167
175,M23,15.57,0.0005,19.75,Dataset 23.xlsx,167
175,M24,18.75,0.0008,11.02,Dataset 24.xlsx,167
175,M25,14.07,0.0016,9.82,Dataset 25.xlsx,176
175,M26,12.79,0.0008,15.4,Dataset 26.xlsx,176
175,M27,16.39,0,11.71,Dataset 27.xlsx,176
175,M28,14.43,0.0017,17.5,Dataset 28.xlsx,176
175,M29,16.29,0.0006,8.76,Dataset 29.xlsx,176
175,M30,10.01,0.0005,6.41,Dataset 30.xlsx,176
176,M01,6.35,0.0011,4,Dataset 01.xlsx,169
176,M02,8.72,0.0027,8.53,Dataset 02.xlsx,169
176,M03,8.65,0.0009,5.37,Dataset 03.xlsx,169
176,M04,7.93,0.003,4.74,Dataset 04.xlsx,169
176,M05,7.64,0,4.83,Dataset 05.xlsx,169
176,M06,10.36,0.0008,6.4,Dataset 06.xlsx,169
176,M07,11.73,0.0009,7.56,Dataset 07.xlsx,169
176,M08,15.88,0.0004,16.45,Dataset 08.xlsx,169
176,M09,14.76,0.0012,14.83,Dataset 09.xlsx,169
176,M10,17.32,0.0005,11.83,Dataset 10.xlsx,169
176,M11,16.34,0.0035,11.33,Dataset 11.xlsx,169
176,M12,21.63,0.0012,21.96,Dataset 12.xlsx,169
176,M13,19.7,0.0032,14.51,Dataset 13.xlsx,169
176,M14,16.44,0.0019,20.92,Dataset 14.xlsx,169
176,M15,21.32,0.002,12.33,Dataset 15.xlsx,169
176,M16,44.53,0.0002,34.62,Dataset 16.xlsx,169
176,M17,6.17,0.0029,5.71,Dataset 17.xlsx,169
176,M18,8.52,0.0041,4.92,Dataset 18.xlsx,169
176,M19,5.93,0.0026,3.34,Dataset 19.xlsx,169
176,M20,8.11,0.0018,11.98,Dataset 20.xlsx,168
176,M21,5.83,0.0012,3.14,Dataset 21.xlsx,168
176,M22,12.51,0.0024,9.34,Dataset 22.xlsx,168
176,M23,10.59,0.0007,13.11,Dataset 23.xlsx,168
176,M24,13.63,0.0027,7.74,Dataset 24.xlsx,168
176,M25,12.51,0.0006,8.62,Dataset 25.xlsx,177
176,M26,11.24,0.0023,13.41,Dataset 26.xlsx,177
176,M27,13.43,0.0005,9.41,Dataset 27.xlsx,177
176,M28,11.51,0.0007,13.76,Dataset 28.xlsx,177
176,M29,14.06,0.001,7.42,Dataset 29.xlsx,177
176,M30,7.91,0.003,4.86,Dataset 30.xlsx,177
177,M01,5.82,0.0012,3.58,Dataset 01.xlsx,170
177,M02,7.78,0,7.5,Dataset 02.xlsx,170
177,M03,6.89,0.0011,4.07,Dataset 03.xlsx,170
177,M04,6.28,0.0012,3.54,Dataset 04.xlsx,170
177,M05,6.16,0,3.7,Dataset 05.xlsx,170
177,M06,8.77,0.002,5.26,Dataset 06.xlsx,170
177,M07,9.09,0.0008,5.64,Dataset 07.xlsx,170
177,M08,12.96,0.0005,13.24,Dataset 08.xlsx,170
177,M09,11.77,0.0005,11.62,Dataset 09.xlsx,170
177,M10,14.52,0.0006,9.75,Dataset 10.xlsx,170
177,M11,13.53,0.0012,9.21,Dataset 11.xlsx,170
177,M12,17.32,0.0011,17.38,Dataset 12.xlsx,170
177,M13,16.15,0.0011,11.72,Dataset 13.xlsx,170
177,M14,13.49,0.0008,16.99,Dataset 14.xlsx,170
177,M15,15.87,0.0019,8.92,Dataset 15.xlsx,170
177,M16,37.12,0.0008,28.7,Dataset 16.xlsx,170
177,M17,5.01,0.0054,4.44,Dataset 17.xlsx,170
177,M18,6.87,0.0021,3.77,Dataset 18.xlsx,170
177,M19,5.88,0.0014,3.31,Dataset 19.xlsx,170
177,M20,8.12,0.0013,11.99,Dataset 20.xlsx,169
177,M21,5.77,0.0012,3.09,Dataset 21.xlsx,169
177,M22,12.58,0.0008,9.4,Dataset 22.xlsx,169
177,M23,10.7,0.0007,13.26,Dataset 23.xlsx,169
177,M24,12.59,0.0021,7.07,Dataset 24.xlsx,169
177,M25,11.68,0.0007,7.98,Dataset 25.xlsx,178
177,M26,10.28,0.0009,12.18,Dataset 26.xlsx,178
177,M27,11.8,0.001,8.15,Dataset 27.xlsx,178
177,M28,9.89,0.0008,11.68,Dataset 28.xlsx,178
177,M29,11.41,0,5.83,Dataset 29.xlsx,178
177,M30,6.91,0.0015,4.12,Dataset 30.xlsx,178
178,M01,6.48,0.0022,4.1,Dataset 01.xlsx,171
178,M02,9.16,0.0026,9.01,Dataset 02.xlsx,171
178,M03,8.91,0.0013,5.56,Dataset 03.xlsx,171
178,M04,8.34,0.0018,5.03,Dataset 04.xlsx,171
178,M05,7.95,0.0009,5.07,Dataset 05.xlsx,171
178,M06,10.86,0.0013,6.76,Dataset 06.xlsx,171
178,M07,12.47,0.0006,8.1,Dataset 07.xlsx,171
178,M08,16.68,0.0004,17.33,Dataset 08.xlsx,171
178,M09,15.37,0.0012,15.48,Dataset 09.xlsx,171
178,M10,18.25,0.0007,12.52,Dataset 10.xlsx,171
178,M11,17.12,0.0011,11.92,Dataset 11.xlsx,171
178,M12,23.12,0.001,23.54,Dataset 12.xlsx,171
178,M13,21.28,0.001,15.76,Dataset 13.xlsx,171
178,M14,18.07,0.0005,23.09,Dataset 14.xlsx,171
178,M15,22.7,0.0003,13.18,Dataset 15.xlsx,171
178,M16,47.76,0.0011,37.21,Dataset 16.xlsx,171
178,M17,6.53,0.0037,6.1,Dataset 17.xlsx,171
178,M18,8.95,0.0032,5.22,Dataset 18.xlsx,171
178,M19,6.1,0.0025,3.47,Dataset 19.xlsx,171
178,M20,9.13,0.0003,13.61,Dataset 20.xlsx,170
178,M21,6.4,0.0011,3.54,Dataset 21.xlsx,170
178,M22,14.37,0.0006,10.88,Dataset 22.xlsx,170
178,M23,11.87,0.0036,14.83,Dataset 23.xlsx,170
178,M24,16.04,0.0004,9.28,Dataset 24.xlsx,170
178,M25,12.86,0.0006,8.89,Dataset 25.xlsx,179
178,M26,11.62,0.0007,13.9,Dataset 26.xlsx,179
178,M27,14.09,0.0005,9.92,Dataset 27.xlsx,179
178,M28,12.24,0.0007,14.69,Dataset 28.xlsx,179
178,M29,14.61,0.001,7.75,Dataset 29.xlsx,179
178,M30,8.33,0,5.17,Dataset 30.xlsx,179
179,M01,5.67,0.0051,3.46,Dataset 01.xlsx,172
179,M02,7.78,0,7.5,Dataset 02.xlsx,172
179,M03,6.59,0.001,3.85,Dataset 03.xlsx,172
179,M04,6.02,0.0011,3.35,Dataset 04.xlsx,172
179,M05,5.9,0,3.5,Dataset 05.xlsx,172
179,M06,8.39,0.0021,4.99,Dataset 06.xlsx,172
179,M07,8.65,0.0008,5.31,Dataset 07.xlsx,172
179,M08,12.35,0.0005,12.57,Dataset 08.xlsx,172
179,M09,11.14,0.0006,10.94,Dataset 09.xlsx,172
179,M10,13.88,0.0006,9.28,Dataset 10.xlsx,172
179,M11,12.85,0,8.7,Dataset 11.xlsx,172
179,M12,16.3,0.0012,16.31,Dataset 12.xlsx,172
179,M13,15.2,0,10.97,Dataset 13.xlsx,172
179,M14,12.67,0.0012,15.89,Dataset 14.xlsx,172
179,M15,14.92,0.0017,8.33,Dataset 15.xlsx,172
179,M16,34.4,0.0002,26.52,Dataset 16.xlsx,172
179,M17,4.75,0.0057,4.16,Dataset 17.xlsx,172
179,M18,6.57,0.005,3.56,Dataset 18.xlsx,172
179,M19,5.66,0.0009,3.14,Dataset 19.xlsx,172
179,M20,7.78,0.0011,11.44,Dataset 20.xlsx,171
179,M21,5.55,0.0013,2.94,Dataset 21.xlsx,171
179,M22,11.89,0.0012,8.83,Dataset 22.xlsx,171
179,M23,10.07,0,12.43,Dataset 23.xlsx,171
179,M24,11.87,0.0018,6.61,Dataset 24.xlsx,171
179,M25,11.37,0.0006,7.75,Dataset 25.xlsx,180
179,M26,9.93,0.0012,11.73,Dataset 26.xlsx,180
179,M27,11.27,0.0013,7.74,Dataset 27.xlsx,180
179,M28,9.41,0.0009,11.06,Dataset 28.xlsx,180
179,M29,10.86,0.0007,5.5,Dataset 29.xlsx,180
179,M30,6.61,0.0016,3.9,Dataset 30.xlsx,180
180,M01,7.49,0.0019,4.9,Dataset 01.xlsx,173
180,M02,10,0.001,9.93,Dataset 02.xlsx,173
180,M03,10.66,0.0004,6.85,Dataset 03.xlsx,173
180,M04,9.86,0.0013,6.13,Dataset 04.xlsx,173
180,M05,9.87,0,6.53,Dataset 05.xlsx,173
180,M06,13.19,0.0011,8.42,Dataset 06.xlsx,173
180,M07,14.67,0.0019,9.7,Dataset 07.xlsx,173
180,M08,19.05,0.0003,19.93,Dataset 08.xlsx,173
180,M09,17.92,0.0007,18.22,Dataset 09.xlsx,173
180,M10,20.68,0.0002,14.32,Dataset 10.xlsx,173
180,M11,19.86,0,13.99,Dataset 11.xlsx,173
180,M12,27.21,0.0005,27.89,Dataset 12.xlsx,173
180,M13,27.29,0,20.49,Dataset 13.xlsx,173
180,M14,23.63,0.0003,30.51,Dataset 14.xlsx,173
180,M15,27.79,0.0003,16.37,Dataset 15.xlsx,173
180,M16,55.7,0.0003,43.56,Dataset 16.xlsx,173
180,M17,7.53,0.0032,7.18,Dataset 17.xlsx,173
180,M18,10.4,0.0005,6.22,Dataset 18.xlsx,173
180,M19,8.29,0,5.07,Dataset 19.xlsx,173
180,M20,10.49,0.0002,15.78,Dataset 20.xlsx,172
180,M21,7.83,0,4.55,Dataset 21.xlsx,172
180,M22,18.43,0.0003,14.23,Dataset 22.xlsx,172
180,M23,15.52,0,19.69,Dataset 23.xlsx,172
180,M24,18.95,0.0003,11.15,Dataset 24.xlsx,172
180,M25,14.48,0.0001,10.14,Dataset 25.xlsx,181
180,M26,13.15,0.0004,15.86,Dataset 26.xlsx,181
180,M27,17.15,0.0009,12.3,Dataset 27.xlsx,181
180,M28,15.13,0,18.4,Dataset 28.xlsx,181
180,M29,17.21,0.0008,9.31,Dataset 29.xlsx,181
180,M30,10.68,0,6.91,Dataset 30.xlsx,181
181,M01,4.96,0.0015,2.91,Dataset 01.xlsx,174
181,M02,6.36,0.0033,5.96,Dataset 02.xlsx,174
181,M03,5.31,0.0023,2.91,Dataset 03.xlsx,174
181,M04,5.1,0.0016,2.69,Dataset 04.xlsx,174
181,M05,4.95,0.0014,2.77,Dataset 05.xlsx,174
181,M06,6.78,0,3.84,Dataset 06.xlsx,174
181,M07,6.91,0,4.04,Dataset 07.xlsx,174
181,M08,9.32,0.0007,9.24,Dataset 08.xlsx,174
181,M09,8.26,0.0017,7.86,Dataset 09.xlsx,174
181,M10,10.79,0.0013,6.99,Dataset 10.xlsx,174
181,M11,9.81,0.0014,6.4,Dataset 11.xlsx,174
181,M12,11.64,0.0007,11.36,Dataset 12.xlsx,174
181,M13,10.81,0.0015,7.51,Dataset 13.xlsx,174
181,M14,8.06,0.004,9.75,Dataset 14.xlsx,174
181,M15,10.73,0.0023,5.71,Dataset 15.xlsx,174
181,M16,19.14,0.0008,14.31,Dataset 16.xlsx,174
181,M17,3.41,0.0029,2.7,Dataset 17.xlsx,174
181,M18,5.44,0.0091,2.78,Dataset 18.xlsx,174
181,M19,4.63,0.0011,2.39,Dataset 19.xlsx,174
181,M20,5.78,0.0015,8.25,Dataset 20.xlsx,173
181,M21,4.6,0.0015,2.26,Dataset 21.xlsx,173
181,M22,8.53,0.0035,6.05,Dataset 22.xlsx,173
181,M23,7.04,0.001,8.39,Dataset 23.xlsx,173
181,M24,8.45,0.0025,4.42,Dataset 24.xlsx,173
181,M25,9.65,0.001,6.42,Dataset 25.xlsx,182
181,M26,8.21,0.0033,9.52,Dataset 26.xlsx,182
181,M27,9.16,0.0018,6.1,Dataset 27.xlsx,182
181,M28,7.84,0.0011,9.05,Dataset 28.xlsx,182
181,M29,8.92,0.0024,4.34,Dataset 29.xlsx,182
181,M30,5.71,0.0005,3.23,Dataset 30.xlsx,182
182,M01,7.68,0.0019,5.05,Dataset 01.xlsx,175
182,M02,10.23,0.0005,10.18,Dataset 02.xlsx,175
182,M03,11.17,0.0005,7.23,Dataset 03.xlsx,175
182,M04,10.27,0.0008,6.43,Dataset 04.xlsx,175
182,M05,10.4,0.0007,6.94,Dataset 05.xlsx,175
182,M06,13.91,0,8.94,Dataset 06.xlsx,175
182,M07,15.48,0.0005,10.3,Dataset 07.xlsx,175
182,M08,19.85,0.0003,20.81,Dataset 08.xlsx,175
182,M09,18.56,0.0003,18.91,Dataset 09.xlsx,175
182,M10,21.45,0.0003,14.89,Dataset 10.xlsx,175
182,M11,20.59,0,14.54,Dataset 11.xlsx,175
182,M12,28.64,0.0003,29.41,Dataset 12.xlsx,175
182,M13,29.56,0,22.28,Dataset 13.xlsx,175
182,M14,26.17,0.0002,33.89,Dataset 14.xlsx,175
182,M15,29.5,0.0005,17.44,Dataset 15.xlsx,175
182,M16,58.29,0.0006,45.63,Dataset 16.xlsx,175
182,M17,7.79,0.0013,7.47,Dataset 17.xlsx,175
182,M18,10.78,0.0013,6.49,Dataset 18.xlsx,175
182,M19,10.09,0,6.39,Dataset 19.xlsx,175
182,M20,12.29,0.0004,18.66,Dataset 20.xlsx,174
182,M21,9.46,0.0022,5.71,Dataset 21.xlsx,174
182,M22,24.04,0.0002,18.87,Dataset 22.xlsx,174
182,M23,20.7,0.0008,26.6,Dataset 23.xlsx,174
182,M24,24.45,0.0005,14.67,Dataset 24.xlsx,174
182,M25,14.83,0.0016,10.41,Dataset 25.xlsx,183
182,M26,13.6,0.0004,16.44,Dataset 26.xlsx,183
182,M27,18.03,0.0012,12.97,Dataset 27.xlsx,183
182,M28,16.14,0.0015,19.69,Dataset 28.xlsx,183
182,M29,17.87,0,9.7,Dataset 29.xlsx,183
182,M30,11.22,0.0005,7.31,Dataset 30.xlsx,183
183,M01,8.23,0.0017,5.48,Dataset 01.xlsx,176
183,M02,10.89,0.0005,10.9,Dataset 02.xlsx,176
183,M03,12.35,0.0003,8.09,Dataset 03.xlsx,176
183,M04,11.38,0.0005,7.23,Dataset 04.xlsx,176
183,M05,11.57,0.0006,7.83,Dataset 05.xlsx,176
183,M06,15.3,0.0009,9.93,Dataset 06.xlsx,176
183,M07,17.25,0.0016,11.59,Dataset 07.xlsx,176
183,M08,21.54,0.0003,22.67,Dataset 08.xlsx,176
183,M09,20.21,0.0005,20.67,Dataset 09.xlsx,176
183,M10,23.23,0.0002,16.2,Dataset 10.xlsx,176
183,M11,22.28,0.0003,15.82,Dataset 11.xlsx,176
183,M12,31.47,0.0006,32.4,Dataset 12.xlsx,176
183,M13,32.84,0.0002,24.86,Dataset 13.xlsx,176
183,M14,29.53,0.0002,38.37,Dataset 14.xlsx,176
183,M15,33.17,0.0026,19.73,Dataset 15.xlsx,176
183,M16,61.88,0.0002,48.5,Dataset 16.xlsx,176
183,M17,8.4,0.0029,8.13,Dataset 17.xlsx,176
183,M18,11.81,0.0015,7.2,Dataset 18.xlsx,176
183,M19,11.27,0.0005,7.26,Dataset 19.xlsx,176
183,M20,13.21,0.0022,20.13,Dataset 20.xlsx,175
183,M21,10.29,0.0021,6.3,Dataset 21.xlsx,175
183,M22,26.64,0.0002,21.02,Dataset 22.xlsx,175
183,M23,23.41,0.0009,30.21,Dataset 23.xlsx,175
183,M24,27.14,0.0027,16.4,Dataset 24.xlsx,175
183,M25,15.64,0.0014,11.03,Dataset 25.xlsx,184
183,M26,14.32,0.0003,17.36,Dataset 26.xlsx,184
183,M27,19.7,0.0006,14.27,Dataset 27.xlsx,184
183,M28,17.62,0.0014,21.59,Dataset 28.xlsx,184
183,M29,19.65,0,10.77,Dataset 29.xlsx,184
183,M30,12.41,0.0007,8.19,Dataset 30.xlsx,184
184,M01,1.27,0.0111,0,Dataset 01.xlsx,177
184,M02,0.93,0,0.02,Dataset 02.xlsx,177
184,M03,1.39,0.0059,0.02,Dataset 03.xlsx,177
184,M04,1.39,0.0042,0,Dataset 04.xlsx,177
184,M05,1.28,0.011,0,Dataset 05.xlsx,177
184,M06,1.44,0.0049,0.03,Dataset 06.xlsx,177
184,M07,1.39,0.0051,0.01,Dataset 07.xlsx,177
184,M08,0.93,0.0071,0.02,Dataset 08.xlsx,177
184,M09,0.93,0.0188,0,Dataset 09.xlsx,177
184,M10,1.37,0.0069,0.01,Dataset 10.xlsx,177
184,M11,1.31,0.0054,0,Dataset 11.xlsx,177
184,M12,0.93,0,0,Dataset 12.xlsx,177
184,M13,1.27,0.0063,0,Dataset 13.xlsx,177
184,M14,0.75,0.0132,0,Dataset 14.xlsx,177
184,M15,1.6,0.0107,0,Dataset 15.xlsx,177
184,M16,1.25,0.0037,0,Dataset 16.xlsx,177
184,M17,0.9,0.0188,0,Dataset 17.xlsx,177
184,M18,1.5,0.0284,0.04,Dataset 18.xlsx,177
184,M19,1.39,0.0093,0.01,Dataset 19.xlsx,177
184,M20,0.67,0.0088,0.06,Dataset 20.xlsx,176
184,M21,1.48,0.0048,0.05,Dataset 21.xlsx,176
184,M22,1.21,0.0077,0,Dataset 22.xlsx,176
184,M23,0.75,0.0154,0,Dataset 23.xlsx,176
184,M24,1.56,0.0094,0,Dataset 24.xlsx,176
184,M25,6.71,0.0015,4.16,Dataset 25.xlsx,185
184,M26,4.94,0.0019,5.33,Dataset 26.xlsx,185
184,M27,7.12,0.0034,4.52,Dataset 27.xlsx,185
184,M28,5.48,0.0016,6.03,Dataset 28.xlsx,185
184,M29,6.65,0.0085,2.98,Dataset 29.xlsx,185
184,M30,4.19,0.001,2.1,Dataset 30.xlsx,185
185,M01,8.23,0.0017,5.48,Dataset 01.xlsx,178
185,M02,10.9,0.0005,10.92,Dataset 02.xlsx,178
185,M03,12.56,0.0003,8.25,Dataset 03.xlsx,178
185,M04,11.62,0.0004,7.41,Dataset 04.xlsx,178
185,M05,11.8,0,8.01,Dataset 05.xlsx,178
185,M06,15.3,0.0033,9.93,Dataset 06.xlsx,178
185,M07,17.6,0.0004,11.84,Dataset 07.xlsx,178
185,M08,21.86,0.0003,23.02,Dataset 08.xlsx,178
185,M09,20.57,0.0005,21.06,Dataset 09.xlsx,178
185,M10,23.37,0.0002,16.31,Dataset 10.xlsx,178
185,M11,22.55,0.0003,16.02,Dataset 11.xlsx,178
185,M12,32.04,0.0005,33.01,Dataset 12.xlsx,178
185,M13,33.42,0.0002,25.31,Dataset 13.xlsx,178
185,M14,30.19,0.0002,39.25,Dataset 14.xlsx,178
185,M15,33.76,0,20.1,Dataset 15.xlsx,178
185,M16,62.47,0.0001,48.98,Dataset 16.xlsx,178
185,M17,8.54,0.007,8.28,Dataset 17.xlsx,178
185,M18,12.03,0.0025,7.35,Dataset 18.xlsx,178
185,M19,10.94,0,7.01,Dataset 19.xlsx,178
185,M20,12.86,0,19.58,Dataset 20.xlsx,177
185,M21,10.01,0.0014,6.1,Dataset 21.xlsx,177
185,M22,25.68,0.0002,20.22,Dataset 22.xlsx,177
185,M23,22.13,0.0017,28.5,Dataset 23.xlsx,177
185,M24,26.41,0,15.93,Dataset 24.xlsx,177
185,M25,15.68,0.001,11.06,Dataset 25.xlsx,186
185,M26,14.41,0.0003,17.47,Dataset 26.xlsx,186
185,M27,19.72,0.0015,14.28,Dataset 27.xlsx,186
185,M28,17.87,0.0009,21.91,Dataset 28.xlsx,186
185,M29,19.66,0.0004,10.77,Dataset 29.xlsx,186
185,M30,12.62,0.0005,8.34,Dataset 30.xlsx,186
186,M01,5.38,0.0039,3.24,Dataset 01.xlsx,179
186,M02,6.93,0.0008,6.57,Dataset 02.xlsx,179
186,M03,6.03,0.0016,3.44,Dataset 03.xlsx,179
186,M04,5.44,0.0028,2.93,Dataset 04.xlsx,179
186,M05,5.65,0,3.31,Dataset 05.xlsx,179
186,M06,7.73,0.0027,4.52,Dataset 06.xlsx,179
186,M07,7.7,0.0009,4.62,Dataset 07.xlsx,179
186,M08,10.1,0.0007,10.1,Dataset 08.xlsx,179
186,M09,8.4,0.0006,8,Dataset 09.xlsx,179
186,M10,11.91,0.0009,7.82,Dataset 10.xlsx,179
186,M11,10.76,0.0007,7.12,Dataset 11.xlsx,179
186,M12,12.46,0.002,12.22,Dataset 12.xlsx,179
186,M13,12.45,0.0006,8.8,Dataset 13.xlsx,179
186,M14,9.77,0.0031,12.03,Dataset 14.xlsx,179
186,M15,12.33,0.0006,6.7,Dataset 15.xlsx,179
186,M16,23.53,0.0017,17.82,Dataset 16.xlsx,179
186,M17,2.78,0.0112,2.02,Dataset 17.xlsx,179
186,M18,5.17,0.0014,2.59,Dataset 18.xlsx,179
186,M19,5.29,0.002,2.88,Dataset 19.xlsx,179
186,M20,5.67,0.0004,8.06,Dataset 20.xlsx,178
186,M21,4.7,0.0015,2.33,Dataset 21.xlsx,178
186,M22,8.28,0.0034,5.84,Dataset 22.xlsx,178
186,M23,6.83,0,8.11,Dataset 23.xlsx,178
186,M24,8.13,0.0007,4.21,Dataset 24.xlsx,178
186,M25,11.62,0.0008,7.94,Dataset 25.xlsx,187
186,M26,10.16,0.0025,12.03,Dataset 26.xlsx,187
186,M27,11.66,0.0012,8.04,Dataset 27.xlsx,187
186,M28,9.71,0.0008,11.45,Dataset 28.xlsx,187
186,M29,11.36,0.0012,5.8,Dataset 29.xlsx,187
186,M30,6.88,0.001,4.1,Dataset 30.xlsx,187
187,M01,7.47,0,4.88,Dataset 01.xlsx,180
187,M02,10.05,0.001,9.98,Dataset 02.xlsx,180
187,M03,10.87,0.0005,7,Dataset 03.xlsx,180
187,M04,10.05,0.0009,6.27,Dataset 04.xlsx,180
187,M05,10.13,0.0007,6.73,Dataset 05.xlsx,180
187,M06,13.39,0.0011,8.56,Dataset 06.xlsx,180
187,M07,15.03,0.0009,9.97,Dataset 07.xlsx,180
187,M08,19.42,0.0003,20.34,Dataset 08.xlsx,180
187,M09,18.31,0.0005,18.64,Dataset 09.xlsx,180
187,M10,20.96,0.0003,14.53,Dataset 10.xlsx,180
187,M11,20.25,0.0007,14.28,Dataset 11.xlsx,180
187,M12,27.96,0.0008,28.68,Dataset 12.xlsx,180
187,M13,28.22,0.0006,21.22,Dataset 13.xlsx,180
187,M14,24.86,0.001,32.15,Dataset 14.xlsx,180
187,M15,28.75,0,16.97,Dataset 15.xlsx,180
187,M16,56.81,0.0007,44.45,Dataset 16.xlsx,180
187,M17,7.62,0.0031,7.28,Dataset 17.xlsx,180
187,M18,10.6,0.0024,6.36,Dataset 18.xlsx,180
187,M19,8.9,0.0006,5.52,Dataset 19.xlsx,180
187,M20,11.13,0,16.81,Dataset 20.xlsx,179
187,M21,8.42,0.0017,4.97,Dataset 21.xlsx,179
187,M22,20.4,0.0011,15.86,Dataset 22.xlsx,179
187,M23,17.45,0.0004,22.26,Dataset 23.xlsx,179
187,M24,20.96,0,12.44,Dataset 24.xlsx,179
187,M25,14.53,0.001,10.18,Dataset 25.xlsx,188
187,M26,13.29,0.0016,16.04,Dataset 26.xlsx,188
187,M27,17.44,0.0004,12.52,Dataset 27.xlsx,188
187,M28,15.54,0.0011,18.92,Dataset 28.xlsx,188
187,M29,17.48,0,9.47,Dataset 29.xlsx,188
187,M30,10.89,0.0005,7.06,Dataset 30.xlsx,188
188,M01,9.1,0.0016,6.17,Dataset 01.xlsx,181
188,M02,13.17,0.0009,13.39,Dataset 02.xlsx,181
188,M03,15.7,0.0003,10.55,Dataset 03.xlsx,181
188,M04,14.66,0.0005,9.6,Dataset 04.xlsx,181
188,M05,14.94,0.0005,10.41,Dataset 05.xlsx,181
188,M06,18.9,0.0011,12.5,Dataset 06.xlsx,181
188,M07,22.3,0.0002,15.28,Dataset 07.xlsx,181
188,M08,26.22,0.0003,27.81,Dataset 08.xlsx,181
188,M09,24.81,0.003,25.61,Dataset 09.xlsx,181
188,M10,27.92,0.0002,19.68,Dataset 10.xlsx,181
188,M11,27.01,0.0004,19.38,Dataset 11.xlsx,181
188,M12,39.21,0.0001,40.63,Dataset 12.xlsx,181
188,M13,42.05,0.0003,32.11,Dataset 13.xlsx,181
188,M14,39.43,0.0003,51.57,Dataset 14.xlsx,181
188,M15,42.52,0.0004,25.58,Dataset 15.xlsx,181
188,M16,71.79,0.0001,56.43,Dataset 16.xlsx,181
188,M17,10.27,0.0029,10.16,Dataset 17.xlsx,181
188,M18,14.84,0.0005,9.3,Dataset 18.xlsx,181
188,M19,16.12,0.0006,10.81,Dataset 19.xlsx,181
188,M20,17.03,0.0003,26.24,Dataset 20.xlsx,180
188,M21,14.78,0.0005,9.48,Dataset 21.xlsx,180
188,M22,38.48,0.0003,30.8,Dataset 22.xlsx,180
188,M23,34.48,0.0006,44.97,Dataset 23.xlsx,180
188,M24,39.98,0.0004,24.63,Dataset 24.xlsx,180
188,M25,18.65,0.0004,13.35,Dataset 25.xlsx,189
188,M26,16.78,0.0006,20.51,Dataset 26.xlsx,189
188,M27,23.86,0.0009,17.5,Dataset 27.xlsx,189
188,M28,21.94,0.0004,27.13,Dataset 28.xlsx,189
188,M29,23.92,0.0005,13.32,Dataset 29.xlsx,189
188,M30,15.8,0.0017,10.7,Dataset 30.xlsx,189
189,M01,5.5,0.0013,3.33,Dataset 01.xlsx,182
189,M02,7.16,0.0008,6.82,Dataset 02.xlsx,182
189,M03,6.24,0.0051,3.6,Dataset 03.xlsx,182
189,M04,5.72,0.0011,3.14,Dataset 04.xlsx,182
189,M05,5.67,0.0009,3.33,Dataset 05.xlsx,182
189,M06,7.96,0.0007,4.68,Dataset 06.xlsx,182
189,M07,8.03,0.0009,4.86,Dataset 07.xlsx,182
189,M08,10.79,0.0006,10.86,Dataset 08.xlsx,182
189,M09,9.46,0.0014,9.14,Dataset 09.xlsx,182
189,M10,12.56,0.0029,8.3,Dataset 10.xlsx,182
189,M11,11.44,0,7.63,Dataset 11.xlsx,182
189,M12,13.47,0.0016,13.3,Dataset 12.xlsx,182
189,M13,13.51,0,9.64,Dataset 13.xlsx,182
189,M14,10.65,0,13.2,Dataset 14.xlsx,182
189,M15,13.31,0.0011,7.32,Dataset 15.xlsx,182
189,M16,27,0.0002,20.6,Dataset 16.xlsx,182
189,M17,4.32,0.0036,3.7,Dataset 17.xlsx,182
189,M18,6.22,0.004,3.32,Dataset 18.xlsx,182
189,M19,5.23,0.0034,2.83,Dataset 19.xlsx,182
189,M20,6.75,0.0007,9.8,Dataset 20.xlsx,181
189,M21,5.15,0.0014,2.65,Dataset 21.xlsx,181
189,M22,10.17,0,7.4,Dataset 22.xlsx,181
189,M23,8.39,0.0025,10.18,Dataset 23.xlsx,181
189,M24,10.06,0.0012,5.45,Dataset 24.xlsx,181
189,M25,10.84,0.0008,7.34,Dataset 25.xlsx,190
189,M26,9.1,0,10.67,Dataset 26.xlsx,190
189,M27,10.48,0,7.12,Dataset 27.xlsx,190
189,M28,8.62,0.001,10.05,Dataset 28.xlsx,190
189,M29,10.21,0.0014,5.11,Dataset 29.xlsx,190
189,M30,6.23,0.0015,3.61,Dataset 30.xlsx,190
190,M01,8.38,0.0017,5.6,Dataset 01.xlsx,183
190,M02,11.03,0.0007,11.05,Dataset 02.xlsx,183
190,M03,12.78,0.0009,8.41,Dataset 03.xlsx,183
190,M04,11.69,0,7.46,Dataset 04.xlsx,183
190,M05,11.93,0,8.11,Dataset 05.xlsx,183
190,M06,15.62,0.0005,10.15,Dataset 06.xlsx,183
190,M07,17.89,0.0004,12.06,Dataset 07.xlsx,183
190,M08,22.15,0.0003,23.34,Dataset 08.xlsx,183
190,M09,20.65,0.0003,21.14,Dataset 09.xlsx,183
190,M10,23.7,0.0005,16.55,Dataset 10.xlsx,183
190,M11,22.73,0.0008,16.15,Dataset 11.xlsx,183
190,M12,32.45,0.0004,33.45,Dataset 12.xlsx,183
190,M13,34.14,0.0006,25.88,Dataset 13.xlsx,183
190,M14,30.92,0.0002,40.23,Dataset 14.xlsx,183
190,M15,34.31,0.0004,20.44,Dataset 15.xlsx,183
190,M16,63.27,0.0001,49.62,Dataset 16.xlsx,183
190,M17,8.61,0.002,8.35,Dataset 17.xlsx,183
190,M18,12.09,0.0012,7.4,Dataset 18.xlsx,183
190,M19,11.24,0.0009,7.23,Dataset 19.xlsx,183
190,M20,13.16,0.0004,20.06,Dataset 20.xlsx,182
190,M21,10.22,0.0014,6.24,Dataset 21.xlsx,182
190,M22,26.76,0.0002,21.12,Dataset 22.xlsx,182
190,M23,23.13,0.0012,29.84,Dataset 23.xlsx,182
190,M24,27.32,0.0004,16.51,Dataset 24.xlsx,182
190,M25,15.88,0.001,11.22,Dataset 25.xlsx,191
190,M26,14.59,0.0003,17.71,Dataset 26.xlsx,191
190,M27,20.06,0.0007,14.55,Dataset 27.xlsx,191
190,M28,18.23,0.0009,22.37,Dataset 28.xlsx,191
190,M29,19.96,0,10.95,Dataset 29.xlsx,191
190,M30,12.83,0.0025,8.5,Dataset 30.xlsx,191
191,M01,7.96,0.0018,5.27,Dataset 01.xlsx,184
191,M02,10.62,0.0005,10.61,Dataset 02.xlsx,184
191,M03,12.06,0.0005,7.87,Dataset 03.xlsx,184
191,M04,11.17,0.0007,7.08,Dataset 04.xlsx,184
191,M05,11.3,0,7.63,Dataset 05.xlsx,184
191,M06,14.73,0.0005,9.52,Dataset 06.xlsx,184
191,M07,16.85,0,11.3,Dataset 07.xlsx,184
191,M08,21.15,0.0003,22.24,Dataset 08.xlsx,184
191,M09,19.94,0.0004,20.39,Dataset 09.xlsx,184
191,M10,22.65,0.0003,15.78,Dataset 10.xlsx,184
191,M11,21.84,0.0003,15.48,Dataset 11.xlsx,184
191,M12,30.91,0.0007,31.81,Dataset 12.xlsx,184
191,M13,31.99,0.0002,24.19,Dataset 13.xlsx,184
191,M14,28.82,0.0004,37.43,Dataset 14.xlsx,184
191,M15,32.24,0.0003,19.15,Dataset 15.xlsx,184
191,M16,60.96,0.0001,47.77,Dataset 16.xlsx,184
191,M17,8.28,0.002,8,Dataset 17.xlsx,184
191,M18,11.6,0.0073,7.06,Dataset 18.xlsx,184
191,M19,10.57,0.0005,6.74,Dataset 19.xlsx,184
191,M20,12.63,0.0003,19.21,Dataset 20.xlsx,183
191,M21,9.81,0.0014,5.96,Dataset 21.xlsx,183
191,M22,25.08,0.0004,19.73,Dataset 22.xlsx,183
191,M23,21.69,0.0005,27.92,Dataset 23.xlsx,183
191,M24,25.64,0.0003,15.44,Dataset 24.xlsx,183
191,M25,15.29,0.001,10.76,Dataset 25.xlsx,192
191,M26,14.07,0.0007,17.04,Dataset 26.xlsx,192
191,M27,19.02,0.0009,13.75,Dataset 27.xlsx,192
191,M28,17.23,0.001,21.09,Dataset 28.xlsx,192
191,M29,18.95,0.0013,10.35,Dataset 29.xlsx,192
191,M30,12.11,0.001,7.97,Dataset 30.xlsx,192
192,M01,6.23,0.0016,3.91,Dataset 01.xlsx,185
192,M02,8.31,0.001,8.08,Dataset 02.xlsx,185
192,M03,7.68,0.0009,4.65,Dataset 03.xlsx,185
192,M04,6.92,0.0008,4,Dataset 04.xlsx,185
192,M05,6.88,0,4.25,Dataset 05.xlsx,185
192,M06,9.68,0.0015,5.91,Dataset 06.xlsx,185
192,M07,10.17,0.0007,6.42,Dataset 07.xlsx,185
192,M08,14.13,0.0005,14.52,Dataset 08.xlsx,185
192,M09,12.75,0.0027,12.67,Dataset 09.xlsx,185
192,M10,15.81,0.0005,10.71,Dataset 10.xlsx,185
192,M11,14.87,0.0005,10.22,Dataset 11.xlsx,185
192,M12,18.99,0.0009,19.15,Dataset 12.xlsx,185
192,M13,18.04,0.0004,13.2,Dataset 13.xlsx,185
192,M14,14.82,0.0007,18.76,Dataset 14.xlsx,185
192,M15,18.2,0.0004,10.37,Dataset 15.xlsx,185
192,M16,40.94,0.001,31.75,Dataset 16.xlsx,185
192,M17,5.5,0.0044,4.98,Dataset 17.xlsx,185
192,M18,7.53,0.0023,4.23,Dataset 18.xlsx,185
192,M19,6.29,0,3.61,Dataset 19.xlsx,185
192,M20,8.57,0.0003,12.71,Dataset 20.xlsx,184
192,M21,6.12,0.0023,3.34,Dataset 21.xlsx,184
192,M22,13.62,0.0007,10.26,Dataset 22.xlsx,184
192,M23,11.49,0.0006,14.31,Dataset 23.xlsx,184
192,M24,13.75,0.0004,7.81,Dataset 24.xlsx,184
192,M25,12.34,0.0016,8.49,Dataset 25.xlsx,193
192,M26,10.91,0.0007,12.99,Dataset 26.xlsx,193
192,M27,12.92,0.0011,9.02,Dataset 27.xlsx,193
192,M28,10.84,0.0015,12.9,Dataset 28.xlsx,193
192,M29,12.73,0.0044,6.62,Dataset 29.xlsx,193
192,M30,7.68,0.0015,4.69,Dataset 30.xlsx,193
193,M01,8.49,0.0017,5.69,Dataset 01.xlsx,186
193,M02,11.22,0.0004,11.27,Dataset 02.xlsx,186
193,M03,13.23,0,8.74,Dataset 03.xlsx,186
193,M04,12.16,0.0004,7.8,Dataset 04.xlsx,186
193,M05,12.41,0,8.47,Dataset 05.xlsx,186
193,M06,15.94,0.0009,10.39,Dataset 06.xlsx,186
193,M07,18.6,0.0004,12.58,Dataset 07.xlsx,186
193,M08,22.79,0.0003,24.04,Dataset 08.xlsx,186
193,M09,21.34,0.0003,21.88,Dataset 09.xlsx,186
193,M10,24.27,0,16.98,Dataset 10.xlsx,186
193,M11,23.44,0.0006,16.69,Dataset 11.xlsx,186
193,M12,33.68,0.0006,34.75,Dataset 12.xlsx,186
193,M13,35.2,0.0005,26.72,Dataset 13.xlsx,186
193,M14,32.14,0.0003,41.85,Dataset 14.xlsx,186
193,M15,35.08,0.0006,20.92,Dataset 15.xlsx,186
193,M16,64.4,0.0002,50.52,Dataset 16.xlsx,186
193,M17,8.83,0.0027,8.6,Dataset 17.xlsx,186
193,M18,12.54,0,7.71,Dataset 18.xlsx,186
193,M19,12.33,0.0014,8.03,Dataset 19.xlsx,186
193,M20,13.85,0.0005,21.16,Dataset 20.xlsx,185
193,M21,11.22,0.0038,6.96,Dataset 21.xlsx,185
193,M22,28.99,0.0003,22.96,Dataset 22.xlsx,185
193,M23,25.58,0.0011,33.11,Dataset 23.xlsx,185
193,M24,29.64,0.0006,18,Dataset 24.xlsx,185
193,M25,16.03,0.0026,11.33,Dataset 25.xlsx,194
193,M26,14.8,0.0006,17.97,Dataset 26.xlsx,194
193,M27,20.44,0,14.84,Dataset 27.xlsx,194
193,M28,18.69,0.0026,22.96,Dataset 28.xlsx,194
193,M29,20.31,0.0026,11.16,Dataset 29.xlsx,194
193,M30,13.02,0.002,8.64,Dataset 30.xlsx,194
194,M01,7.17,0.001,4.65,Dataset 01.xlsx,187
194,M02,9.6,0.0005,9.49,Dataset 02.xlsx,187
194,M03,9.95,0.0007,6.32,Dataset 03.xlsx,187
194,M04,9.11,0.0005,5.59,Dataset 04.xlsx,187
194,M05,9.17,0,6,Dataset 05.xlsx,187
194,M06,12.41,0,7.86,Dataset 06.xlsx,187
194,M07,13.62,0.001,8.94,Dataset 07.xlsx,187
194,M08,18,0.0004,18.78,Dataset 08.xlsx,187
194,M09,16.78,0.0005,17,Dataset 09.xlsx,187
194,M10,19.62,0.0004,13.53,Dataset 10.xlsx,187
194,M11,18.78,0.0004,13.17,Dataset 11.xlsx,187
194,M12,25.5,0.0008,26.07,Dataset 12.xlsx,187
194,M13,25.36,0.0003,18.97,Dataset 13.xlsx,187
194,M14,21.76,0.0008,28.01,Dataset 14.xlsx,187
194,M15,25.68,0.0003,15.05,Dataset 15.xlsx,187
194,M16,53.45,0.0002,41.76,Dataset 16.xlsx,187
194,M17,7.09,0.0014,6.7,Dataset 17.xlsx,187
194,M18,9.7,0.0007,5.74,Dataset 18.xlsx,187
194,M19,8.51,0.0007,5.24,Dataset 19.xlsx,187
194,M20,10.88,0.0002,16.4,Dataset 20.xlsx,186
194,M21,8.04,0,4.7,Dataset 21.xlsx,186
194,M22,19.57,0.0008,15.17,Dataset 22.xlsx,186
194,M23,16.53,0.0006,21.04,Dataset 23.xlsx,186
194,M24,20.07,0.0003,11.87,Dataset 24.xlsx,186
194,M25,13.99,0.0001,9.76,Dataset 25.xlsx,195
194,M26,12.67,0.0012,15.24,Dataset 26.xlsx,195
194,M27,16.27,0.0004,11.61,Dataset 27.xlsx,195
194,M28,14.25,0,17.27,Dataset 28.xlsx,195
194,M29,16.25,0.0004,8.73,Dataset 29.xlsx,195
194,M30,9.97,0.0005,6.39,Dataset 30.xlsx,195
195,M01,8.29,0.0017,5.53,Dataset 01.xlsx,188
195,M02,10.96,0.0005,10.97,Dataset 02.xlsx,188
195,M03,12.71,0.0006,8.35,Dataset 03.xlsx,188
195,M04,11.75,0.0005,7.5,Dataset 04.xlsx,188
195,M05,11.98,0,8.15,Dataset 05.xlsx,188
195,M06,15.51,0,10.08,Dataset 06.xlsx,188
195,M07,17.81,0.0004,12,Dataset 07.xlsx,188
195,M08,22.07,0.0003,23.25,Dataset 08.xlsx,188
195,M09,20.74,0.0005,21.24,Dataset 09.xlsx,188
195,M10,23.57,0.0003,16.46,Dataset 10.xlsx,188
195,M11,22.81,0.0003,16.21,Dataset 11.xlsx,188
195,M12,32.37,0.0002,33.37,Dataset 12.xlsx,188
195,M13,34.01,0.0002,25.78,Dataset 13.xlsx,188
195,M14,30.82,0.0002,40.09,Dataset 14.xlsx,188
195,M15,34.3,0,20.44,Dataset 15.xlsx,188
195,M16,63.09,0,49.47,Dataset 16.xlsx,188
195,M17,8.63,0.0011,8.38,Dataset 17.xlsx,188
195,M18,12.14,0,7.43,Dataset 18.xlsx,188
195,M19,11.55,0.0008,7.46,Dataset 19.xlsx,188
195,M20,13.4,0,20.44,Dataset 20.xlsx,187
195,M21,10.71,0.0007,6.6,Dataset 21.xlsx,187
195,M22,27.92,0.0002,22.07,Dataset 22.xlsx,187
195,M23,24.38,0.0009,31.5,Dataset 23.xlsx,187
195,M24,28.54,0,17.29,Dataset 24.xlsx,187
195,M25,15.76,0.0005,11.12,Dataset 25.xlsx,196
195,M26,14.55,0.0003,17.65,Dataset 26.xlsx,196
195,M27,19.93,0.0007,14.45,Dataset 27.xlsx,196
195,M28,18.16,0.0005,22.28,Dataset 28.xlsx,196
195,M29,19.88,0.0004,10.9,Dataset 29.xlsx,196
195,M30,12.75,0.0005,8.44,Dataset 30.xlsx,196
196,M01,7.85,0.0018,5.18,Dataset 01.xlsx,189
196,M02,10.46,0.0005,10.43,Dataset 02.xlsx,189
196,M03,11.69,0.0005,7.61,Dataset 03.xlsx,189
196,M04,10.75,0.0005,6.77,Dataset 04.xlsx,189
196,M05,10.93,0,7.34,Dataset 05.xlsx,189
196,M06,14.46,0.0005,9.33,Dataset 06.xlsx,189
196,M07,16.27,0,10.88,Dataset 07.xlsx,189
196,M08,20.61,0.0003,21.65,Dataset 08.xlsx,189
196,M09,19.32,0,19.71,Dataset 09.xlsx,189
196,M10,22.17,0.0003,15.42,Dataset 10.xlsx,189
196,M11,21.32,0.0003,15.09,Dataset 11.xlsx,189
196,M12,29.95,0.0003,30.8,Dataset 12.xlsx,189
196,M13,31.18,0.0003,23.55,Dataset 13.xlsx,189
196,M14,27.93,0.0011,36.24,Dataset 14.xlsx,189
196,M15,31.1,0.0007,18.43,Dataset 15.xlsx,189
196,M16,60.08,0.0001,47.06,Dataset 16.xlsx,189
196,M17,8.07,0.0021,7.77,Dataset 17.xlsx,189
196,M18,11.22,0.0015,6.79,Dataset 18.xlsx,189
196,M19,10.69,0,6.83,Dataset 19.xlsx,189
196,M20,12.8,0.0006,19.48,Dataset 20.xlsx,188
196,M21,9.97,0.0007,6.07,Dataset 21.xlsx,188
196,M22,25.72,0.0011,20.26,Dataset 22.xlsx,188
196,M23,22.29,0.0011,28.72,Dataset 23.xlsx,188
196,M24,26.08,0.0007,15.72,Dataset 24.xlsx,188
196,M25,15.15,0.0006,10.65,Dataset 25.xlsx,197
196,M26,13.94,0.0018,16.87,Dataset 26.xlsx,197
196,M27,18.7,0.0004,13.49,Dataset 27.xlsx,197
196,M28,16.87,0.0005,20.63,Dataset 28.xlsx,197
196,M29,18.51,0.0008,10.08,Dataset 29.xlsx,197
196,M30,11.73,0.001,7.69,Dataset 30.xlsx,197
197,M01,4.34,0.0016,2.42,Dataset 01.xlsx,190
197,M02,5.44,0.0015,4.95,Dataset 02.xlsx,190
197,M03,4.87,0.0008,2.59,Dataset 03.xlsx,190
197,M04,4.61,0.0013,2.33,Dataset 04.xlsx,190
197,M05,4.32,0,2.3,Dataset 05.xlsx,190
197,M06,6.19,0.0034,3.42,Dataset 06.xlsx,190
197,M07,6,0.0012,3.38,Dataset 07.xlsx,190
197,M08,7.23,0.0009,6.94,Dataset 08.xlsx,190
197,M09,6.04,0.0008,5.48,Dataset 09.xlsx,190
197,M10,8.68,0.0005,5.43,Dataset 10.xlsx,190
197,M11,8.23,0,5.21,Dataset 11.xlsx,190
197,M12,7.76,0.0011,7.24,Dataset 12.xlsx,190
197,M13,10.04,0,6.91,Dataset 13.xlsx,190
197,M14,7.23,0.0073,8.64,Dataset 14.xlsx,190
197,M15,9.96,0.0007,5.23,Dataset 15.xlsx,190
197,M16,16.89,0.0006,12.51,Dataset 16.xlsx,190
197,M17,3.16,0.0098,2.43,Dataset 17.xlsx,190
197,M18,5.36,0.0026,2.72,Dataset 18.xlsx,190
197,M19,4.34,0.0022,2.18,Dataset 19.xlsx,190
197,M20,5.42,0.0004,7.67,Dataset 20.xlsx,189
197,M21,4.53,0.0047,2.21,Dataset 21.xlsx,189
197,M22,8.14,0.0061,5.73,Dataset 22.xlsx,189
197,M23,6.87,0.0015,8.16,Dataset 23.xlsx,189
197,M24,7.97,0.0008,4.11,Dataset 24.xlsx,189
197,M25,7.66,0.0026,4.89,Dataset 25.xlsx,198
197,M26,7.17,0.0061,8.19,Dataset 26.xlsx,198
197,M27,7.72,0.0018,4.98,Dataset 27.xlsx,198
197,M28,7.15,0.0035,8.17,Dataset 28.xlsx,198
197,M29,7.62,0.0009,3.56,Dataset 29.xlsx,198
197,M30,5.13,0.002,2.8,Dataset 30.xlsx,198
198,M01,4.47,0.0059,2.52,Dataset 01.xlsx,191
198,M02,6.01,0.0016,5.57,Dataset 02.xlsx,191
198,M03,5.2,0.0014,2.83,Dataset 03.xlsx,191
198,M04,5.02,0.002,2.63,Dataset 04.xlsx,191
198,M05,4.53,0.0016,2.45,Dataset 05.xlsx,191
198,M06,6.58,0.0021,3.7,Dataset 06.xlsx,191
198,M07,6.61,0.0043,3.82,Dataset 07.xlsx,191
198,M08,8.3,0.0008,8.12,Dataset 08.xlsx,191
198,M09,7.39,0.0007,6.92,Dataset 09.xlsx,191
198,M10,9.9,0.0009,6.33,Dataset 10.xlsx,191
198,M11,9.29,0.0008,6.01,Dataset 11.xlsx,191
198,M12,9.62,0.001,9.21,Dataset 12.xlsx,191
198,M13,9.96,0.0008,6.84,Dataset 13.xlsx,191
198,M14,7.11,0.0036,8.48,Dataset 14.xlsx,191
198,M15,9.85,0.001,5.16,Dataset 15.xlsx,191
198,M16,16.84,0.0006,12.47,Dataset 16.xlsx,191
198,M17,3.67,0.0065,2.98,Dataset 17.xlsx,191
198,M18,5.64,0.0025,2.91,Dataset 18.xlsx,191
198,M19,4.4,0.0022,2.23,Dataset 19.xlsx,191
198,M20,5.64,0.0006,8.02,Dataset 20.xlsx,190
198,M21,4.59,0.0015,2.26,Dataset 21.xlsx,190
198,M22,8.01,0.0029,5.62,Dataset 22.xlsx,190
198,M23,6.73,0.0023,7.97,Dataset 23.xlsx,190
198,M24,7.85,0.001,4.03,Dataset 24.xlsx,190
198,M25,8.51,0.0009,5.55,Dataset 25.xlsx,199
198,M26,7.23,0.0029,8.27,Dataset 26.xlsx,199
198,M27,8.35,0.0042,5.47,Dataset 27.xlsx,199
198,M28,7.21,0.0011,8.24,Dataset 28.xlsx,199
198,M29,8.31,0.0017,3.98,Dataset 29.xlsx,199
198,M30,5.4,0.0034,3,Dataset 30.xlsx,199
199,M01,6.4,0.0024,4.04,Dataset 01.xlsx,192
199,M02,8.98,0,8.81,Dataset 02.xlsx,192
199,M03,8.83,0.0011,5.5,Dataset 03.xlsx,192
199,M04,8.22,0.001,4.95,Dataset 04.xlsx,192
199,M05,7.93,0,5.05,Dataset 05.xlsx,192
199,M06,10.73,0.0007,6.66,Dataset 06.xlsx,192
199,M07,12.34,0.0004,8.01,Dataset 07.xlsx,192
199,M08,16.56,0.0004,17.2,Dataset 08.xlsx,192
199,M09,15.35,0.0003,15.46,Dataset 09.xlsx,192
199,M10,18.19,0.0006,12.47,Dataset 10.xlsx,192
199,M11,16.99,0,11.82,Dataset 11.xlsx,192
199,M12,22.72,0.0004,23.12,Dataset 12.xlsx,192
199,M13,20.65,0,15.26,Dataset 13.xlsx,192
199,M14,17.56,0.0007,22.41,Dataset 14.xlsx,192
199,M15,22.1,0.0006,12.81,Dataset 15.xlsx,192
199,M16,47,0.0003,36.6,Dataset 16.xlsx,192
199,M17,6.64,0.0025,6.21,Dataset 17.xlsx,192
199,M18,8.88,0.0011,5.17,Dataset 18.xlsx,192
199,M19,6.87,0.0012,4.03,Dataset 19.xlsx,192
199,M20,10.33,0.0005,15.53,Dataset 20.xlsx,191
199,M21,7.04,0.001,3.99,Dataset 21.xlsx,191
199,M22,16.45,0.0007,12.6,Dataset 22.xlsx,191
199,M23,13.17,0.0016,16.55,Dataset 23.xlsx,191
199,M24,20.03,0.0006,11.84,Dataset 24.xlsx,191
199,M25,12.68,0.0006,8.75,Dataset 25.xlsx,200
199,M26,11.44,0.0008,13.67,Dataset 26.xlsx,200
199,M27,13.79,0.0013,9.69,Dataset 27.xlsx,200
199,M28,11.94,0.0007,14.31,Dataset 28.xlsx,200
199,M29,14.3,0.0005,7.56,Dataset 29.xlsx,200
199,M30,8.35,0.0034,5.18,Dataset 30.xlsx,200
200,M01,4.74,0.0031,2.73,Dataset 01.xlsx,193
200,M02,6.47,0.0027,6.07,Dataset 02.xlsx,193
200,M03,5.4,0.005,2.97,Dataset 03.xlsx,193
200,M04,5.17,0.0016,2.74,Dataset 04.xlsx,193
200,M05,5.05,0.0014,2.85,Dataset 05.xlsx,193
200,M06,6.93,0,3.95,Dataset 06.xlsx,193
200,M07,7.04,0.001,4.14,Dataset 07.xlsx,193
200,M08,9.63,0.0007,9.58,Dataset 08.xlsx,193
200,M09,8.62,0.0006,8.24,Dataset 09.xlsx,193
200,M10,11.14,0.0028,7.25,Dataset 10.xlsx,193
200,M11,10.24,0.0007,6.72,Dataset 11.xlsx,193
200,M12,12.17,0.0042,11.92,Dataset 12.xlsx,193
200,M13,11.56,0.0007,8.1,Dataset 13.xlsx,193
200,M14,9.23,0.0022,11.31,Dataset 14.xlsx,193
200,M15,11.53,0.0031,6.21,Dataset 15.xlsx,193
200,M16,22.81,0.0043,17.25,Dataset 16.xlsx,193
200,M17,3.61,0.0027,2.92,Dataset 17.xlsx,193
200,M18,5.52,0.0013,2.83,Dataset 18.xlsx,193
200,M19,4.69,0.0011,2.43,Dataset 19.xlsx,193
200,M20,5.9,0.0021,8.43,Dataset 20.xlsx,192
200,M21,4.66,0.0015,2.3,Dataset 21.xlsx,192
200,M22,8.57,0.0023,6.08,Dataset 22.xlsx,192
200,M23,7.23,0.001,8.64,Dataset 23.xlsx,192
200,M24,8.31,0.0036,4.33,Dataset 24.xlsx,192
200,M25,8.23,0.0009,5.33,Dataset 25.xlsx,201
200,M26,7.63,0.0022,8.78,Dataset 26.xlsx,201
200,M27,8.29,0.0015,5.43,Dataset 27.xlsx,201
200,M28,7.68,0.0011,8.85,Dataset 28.xlsx,201
200,M29,8.65,0.002,4.18,Dataset 29.xlsx,201
200,M30,5.39,0.0005,2.99,Dataset 30.xlsx,201
201,M01,6.74,0.0024,4.31,Dataset 01.xlsx,194
201,M02,9.03,0.0009,8.87,Dataset 02.xlsx,194
201,M03,8.85,0.0036,5.51,Dataset 03.xlsx,194
201,M04,7.72,0.002,4.58,Dataset 04.xlsx,194
201,M05,7.71,0.0064,4.89,Dataset 05.xlsx,194
201,M06,11.05,0.0019,6.89,Dataset 06.xlsx,194
201,M07,11.89,0.0037,7.68,Dataset 07.xlsx,194
201,M08,16.17,0.0004,16.77,Dataset 08.xlsx,194
201,M09,14.42,0.0007,14.46,Dataset 09.xlsx,194
201,M10,17.85,0.002,12.22,Dataset 10.xlsx,194
201,M11,16.59,0,11.52,Dataset 11.xlsx,194
201,M12,22.44,0.0011,22.82,Dataset 12.xlsx,194
201,M13,21.46,0,15.9,Dataset 13.xlsx,194
201,M14,17.83,0.003,22.77,Dataset 14.xlsx,194
201,M15,21.83,0.0016,12.64,Dataset 15.xlsx,194
201,M16,48.01,0.0003,37.41,Dataset 16.xlsx,194
201,M17,6.07,0.0051,5.59,Dataset 17.xlsx,194
201,M18,8.36,0.0025,4.8,Dataset 18.xlsx,194
201,M19,6.36,0.003,3.66,Dataset 19.xlsx,194
201,M20,8.64,0.0014,12.82,Dataset 20.xlsx,193
201,M21,5.99,0.0012,3.25,Dataset 21.xlsx,193
201,M22,13.5,0.0037,10.16,Dataset 22.xlsx,193
201,M23,11.51,0.0012,14.35,Dataset 23.xlsx,193
201,M24,13.61,0.0022,7.72,Dataset 24.xlsx,193
201,M25,13.24,0.0006,9.18,Dataset 25.xlsx,202
201,M26,11.83,0.0037,14.17,Dataset 26.xlsx,202
201,M27,14.57,0.0012,10.29,Dataset 27.xlsx,202
201,M28,12.44,0.0007,14.95,Dataset 28.xlsx,202
201,M29,14.17,0.002,7.49,Dataset 29.xlsx,202
201,M30,8.83,0.0015,5.54,Dataset 30.xlsx,202
202,M01,8.03,0.0009,5.32,Dataset 01.xlsx,195
202,M02,10.63,0.0005,10.62,Dataset 02.xlsx,195
202,M03,12.03,0.0006,7.85,Dataset 03.xlsx,195
202,M04,11.09,0,7.02,Dataset 04.xlsx,195
202,M05,11.24,0,7.58,Dataset 05.xlsx,195
202,M06,14.84,0.001,9.6,Dataset 06.xlsx,195
202,M07,16.78,0.0004,11.24,Dataset 07.xlsx,195
202,M08,21.09,0.0003,22.18,Dataset 08.xlsx,195
202,M09,19.8,0.001,20.23,Dataset 09.xlsx,195
202,M10,22.62,0.0004,15.75,Dataset 10.xlsx,195
202,M11,21.78,0.0006,15.44,Dataset 11.xlsx,195
202,M12,30.72,0.0005,31.61,Dataset 12.xlsx,195
202,M13,32.12,0.0005,24.29,Dataset 13.xlsx,195
202,M14,28.82,0.0006,37.43,Dataset 14.xlsx,195
202,M15,32.04,0.0003,19.03,Dataset 15.xlsx,195
202,M16,61.1,0.0007,47.88,Dataset 16.xlsx,195
202,M17,8.25,0.0029,7.97,Dataset 17.xlsx,195
202,M18,11.54,0.0006,7.01,Dataset 18.xlsx,195
202,M19,10.59,0,6.76,Dataset 19.xlsx,195
202,M20,12.69,0.0003,19.3,Dataset 20.xlsx,194
202,M21,9.82,0.0007,5.96,Dataset 21.xlsx,194
202,M22,25.22,0.0007,19.84,Dataset 22.xlsx,194
202,M23,21.73,0.0005,27.98,Dataset 23.xlsx,194
202,M24,25.6,0.0003,15.41,Dataset 24.xlsx,194
202,M25,15.37,0.0006,10.82,Dataset 25.xlsx,203
202,M26,14.14,0.0011,17.13,Dataset 26.xlsx,203
202,M27,19.14,0.0014,13.84,Dataset 27.xlsx,203
202,M28,17.29,0.0005,21.17,Dataset 28.xlsx,203
202,M29,18.94,0.0004,10.34,Dataset 29.xlsx,203
202,M30,12.07,0.0005,7.94,Dataset 30.xlsx,203
203,M01,4.82,0.0059,2.8,Dataset 01.xlsx,196
203,M02,6.23,0.0008,5.81,Dataset 02.xlsx,196
203,M03,5.39,0.0013,2.96,Dataset 03.xlsx,196
203,M04,5.09,0.0011,2.68,Dataset 04.xlsx,196
203,M05,4.98,0.0014,2.8,Dataset 05.xlsx,196
203,M06,6.87,0.001,3.9,Dataset 06.xlsx,196
203,M07,6.84,0.001,3.99,Dataset 07.xlsx,196
203,M08,8.53,0.0008,8.37,Dataset 08.xlsx,196
203,M09,7.33,0.0014,6.86,Dataset 09.xlsx,196
203,M10,10.19,0.0008,6.54,Dataset 10.xlsx,196
203,M11,9.15,0.0015,5.91,Dataset 11.xlsx,196
203,M12,10.07,0.0025,9.69,Dataset 12.xlsx,196
203,M13,10.54,0.0015,7.3,Dataset 13.xlsx,196
203,M14,7.82,0.0015,9.43,Dataset 14.xlsx,196
203,M15,10.4,0.0007,5.5,Dataset 15.xlsx,196
203,M16,18.47,0.0005,13.78,Dataset 16.xlsx,196
203,M17,3.41,0.005,2.71,Dataset 17.xlsx,196
203,M18,5.51,0,2.83,Dataset 18.xlsx,196
203,M19,4.75,0.0026,2.48,Dataset 19.xlsx,196
203,M20,6.39,0.0004,9.22,Dataset 20.xlsx,195
203,M21,4.88,0.0043,2.46,Dataset 21.xlsx,195
203,M22,8.42,0.0013,5.96,Dataset 22.xlsx,195
203,M23,6.78,0,8.04,Dataset 23.xlsx,195
203,M24,8.35,0.0007,4.35,Dataset 24.xlsx,195
203,M25,9.29,0.0024,6.15,Dataset 25.xlsx,204
203,M26,7.49,0.0013,8.6,Dataset 26.xlsx,204
203,M27,8.9,0,5.9,Dataset 27.xlsx,204
203,M28,7.38,0.0033,8.46,Dataset 28.xlsx,204
203,M29,8.56,0.0008,4.12,Dataset 29.xlsx,204
203,M30,5.39,0.0019,2.99,Dataset 30.xlsx,204
204,M01,4.83,0.0029,2.8,Dataset 01.xlsx,197
204,M02,5.54,0.0023,5.05,Dataset 02.xlsx,197
204,M03,5.02,0.0028,2.7,Dataset 03.xlsx,197
204,M04,4.62,0.0023,2.34,Dataset 04.xlsx,197
204,M05,4.59,0.0015,2.5,Dataset 05.xlsx,197
204,M06,6.36,0.0011,3.54,Dataset 06.xlsx,197
204,M07,6.15,0.0035,3.49,Dataset 07.xlsx,197
204,M08,6.96,0.0009,6.64,Dataset 08.xlsx,197
204,M09,5.84,0.0014,5.26,Dataset 09.xlsx,197
204,M10,8.56,0.0019,5.34,Dataset 10.xlsx,197
204,M11,7.52,0,4.68,Dataset 11.xlsx,197
204,M12,7.68,0.0027,7.15,Dataset 12.xlsx,197
204,M13,7.96,0,5.27,Dataset 13.xlsx,197
204,M14,5.23,0.0101,5.97,Dataset 14.xlsx,197
204,M15,7.83,0.0009,3.89,Dataset 15.xlsx,197
204,M16,9.54,0.0031,6.63,Dataset 16.xlsx,197
204,M17,2.85,0.0059,2.1,Dataset 17.xlsx,197
204,M18,5.19,0.0041,2.6,Dataset 18.xlsx,197
204,M19,4.81,0,2.52,Dataset 19.xlsx,197
204,M20,5.93,0.0004,8.49,Dataset 20.xlsx,196
204,M21,4.85,0.0015,2.44,Dataset 21.xlsx,196
204,M22,8.53,0.0058,6.05,Dataset 22.xlsx,196
204,M23,5.86,0.0017,6.81,Dataset 23.xlsx,196
204,M24,8.95,0.0007,4.74,Dataset 24.xlsx,196
204,M25,8.63,0.001,5.64,Dataset 25.xlsx,205
204,M26,6.85,0.0064,7.78,Dataset 26.xlsx,205
204,M27,8.46,0.001,5.56,Dataset 27.xlsx,205
204,M28,6.94,0.0012,7.9,Dataset 28.xlsx,205
204,M29,8.23,0.0009,3.93,Dataset 29.xlsx,205
204,M30,5.03,0.0019,2.73,Dataset 30.xlsx,205
205,M01,4.74,0.006,2.73,Dataset 01.xlsx,198
205,M02,6.42,0.0009,6.01,Dataset 02.xlsx,198
205,M03,5.35,0.0026,2.94,Dataset 03.xlsx,198
205,M04,5.11,0.0019,2.7,Dataset 04.xlsx,198
205,M05,4.95,0,2.78,Dataset 05.xlsx,198
205,M06,6.78,0,3.84,Dataset 06.xlsx,198
205,M07,6.97,0.001,4.08,Dataset 07.xlsx,198
205,M08,9.62,0.0007,9.57,Dataset 08.xlsx,198
205,M09,8.56,0.005,8.18,Dataset 09.xlsx,198
205,M10,11.03,0.0014,7.17,Dataset 10.xlsx,198
205,M11,10.08,0,6.61,Dataset 11.xlsx,198
205,M12,12.16,0.0014,11.91,Dataset 12.xlsx,198
205,M13,11.54,0,8.09,Dataset 13.xlsx,198
205,M14,9.65,0.0019,11.87,Dataset 14.xlsx,198
205,M15,11.38,0.0031,6.11,Dataset 15.xlsx,198
205,M16,24.02,0.0002,18.22,Dataset 16.xlsx,198
205,M17,3.49,0.0028,2.79,Dataset 17.xlsx,198
205,M18,5.44,0.0013,2.78,Dataset 18.xlsx,198
205,M19,4.67,0.0021,2.42,Dataset 19.xlsx,198
205,M20,5.93,0.002,8.48,Dataset 20.xlsx,197
205,M21,4.63,0.0015,2.28,Dataset 21.xlsx,197
205,M22,8.56,0.002,6.07,Dataset 22.xlsx,197
205,M23,7.51,0.0013,9.01,Dataset 23.xlsx,197
205,M24,8.24,0.0037,4.28,Dataset 24.xlsx,197
205,M25,11.52,0.0007,7.86,Dataset 25.xlsx,206
205,M26,10.36,0.0014,12.28,Dataset 26.xlsx,206
205,M27,11.5,0.0018,7.91,Dataset 27.xlsx,206
205,M28,10.06,0.0008,11.9,Dataset 28.xlsx,206
205,M29,11.23,0.002,5.72,Dataset 29.xlsx,206
205,M30,7.25,0.0024,4.37,Dataset 30.xlsx,206
206,M01,5.02,0.003,2.95,Dataset 01.xlsx,199
206,M02,6.46,0.0009,6.05,Dataset 02.xlsx,199
206,M03,5.59,0.0013,3.11,Dataset 03.xlsx,199
206,M04,5.25,0.0013,2.8,Dataset 04.xlsx,199
206,M05,5.17,0,2.95,Dataset 05.xlsx,199
206,M06,7.07,0,4.05,Dataset 06.xlsx,199
206,M07,7.11,0.0018,4.19,Dataset 07.xlsx,199
206,M08,9,0.0007,8.89,Dataset 08.xlsx,199
206,M09,7.78,0,7.34,Dataset 09.xlsx,199
206,M10,10.77,0.0008,6.97,Dataset 10.xlsx,199
206,M11,9.69,0,6.31,Dataset 11.xlsx,199
206,M12,10.7,0.0013,10.36,Dataset 12.xlsx,199
206,M13,11.2,0,7.82,Dataset 13.xlsx,199
206,M14,8.45,0.0013,10.27,Dataset 14.xlsx,199
206,M15,11.17,0.0032,5.98,Dataset 15.xlsx,199
206,M16,19.67,0,14.74,Dataset 16.xlsx,199
206,M17,3.63,0.0027,2.95,Dataset 17.xlsx,199
206,M18,5.7,0.0017,2.96,Dataset 18.xlsx,199
206,M19,5.36,0.0036,2.92,Dataset 19.xlsx,199
206,M20,7.18,0.0017,10.48,Dataset 20.xlsx,198
206,M21,5.4,0.0013,2.83,Dataset 21.xlsx,198
206,M22,10.99,0.0009,8.08,Dataset 22.xlsx,198
206,M23,8.98,0.0017,10.98,Dataset 23.xlsx,198
206,M24,11.08,0.0027,6.1,Dataset 24.xlsx,198
206,M25,9.7,0.0013,6.46,Dataset 25.xlsx,207
206,M26,7.86,0.0011,9.08,Dataset 26.xlsx,207
206,M27,9.24,0.0015,6.16,Dataset 27.xlsx,207
206,M28,7.68,0.0011,8.85,Dataset 28.xlsx,207
206,M29,8.93,0.0087,4.34,Dataset 29.xlsx,207
206,M30,5.58,0.0015,3.13,Dataset 30.xlsx,207
207,M01,4.84,0.0059,2.81,Dataset 01.xlsx,200
207,M02,6.52,0.0023,6.13,Dataset 02.xlsx,200
207,M03,5.47,0.0021,3.03,Dataset 03.xlsx,200
207,M04,5.19,0.0025,2.75,Dataset 04.xlsx,200
207,M05,5.11,0.0014,2.9,Dataset 05.xlsx,200
207,M06,6.95,0.0031,3.96,Dataset 06.xlsx,200
207,M07,7.13,0.0062,4.2,Dataset 07.xlsx,200
207,M08,9.82,0.0007,9.79,Dataset 08.xlsx,200
207,M09,8.79,0.011,8.43,Dataset 09.xlsx,200
207,M10,11.27,0.0012,7.35,Dataset 10.xlsx,200
207,M11,10.31,0.0007,6.78,Dataset 11.xlsx,200
207,M12,12.39,0.0008,12.15,Dataset 12.xlsx,200
207,M13,11.81,0.0007,8.3,Dataset 13.xlsx,200
207,M14,9.96,0.0017,12.28,Dataset 14.xlsx,200
207,M15,11.77,0.0052,6.35,Dataset 15.xlsx,200
207,M16,24.53,0.0005,18.62,Dataset 16.xlsx,200
207,M17,3.54,0.0088,2.85,Dataset 17.xlsx,200
207,M18,5.49,0.0026,2.81,Dataset 18.xlsx,200
207,M19,4.75,0.0012,2.48,Dataset 19.xlsx,200
207,M20,6.02,0.0035,8.63,Dataset 20.xlsx,199
207,M21,4.72,0.009,2.35,Dataset 21.xlsx,199
207,M22,8.83,0.0018,6.3,Dataset 22.xlsx,199
207,M23,7.78,0.0041,9.38,Dataset 23.xlsx,199
207,M24,8.47,0.0062,4.43,Dataset 24.xlsx,199
207,M25,13.61,0.0034,9.47,Dataset 25.xlsx,208
207,M26,12.14,0.0012,14.56,Dataset 26.xlsx,208
207,M27,15.17,0.0008,10.76,Dataset 27.xlsx,208
207,M28,13.02,0.0038,15.69,Dataset 28.xlsx,208
207,M29,15.6,0.0027,8.34,Dataset 29.xlsx,208
207,M30,9.32,0.001,5.9,Dataset 30.xlsx,208
208,M01,8.55,0.0017,5.73,Dataset 01.xlsx,201
208,M02,11.25,0.0004,11.29,Dataset 02.xlsx,201
208,M03,13.28,0.0005,8.77,Dataset 03.xlsx,201
208,M04,12.21,0,7.83,Dataset 04.xlsx,201
208,M05,12.42,0,8.48,Dataset 05.xlsx,201
208,M06,15.99,0.0009,10.42,Dataset 06.xlsx,201
208,M07,18.67,0.0011,12.63,Dataset 07.xlsx,201
208,M08,22.86,0.0003,24.12,Dataset 08.xlsx,201
208,M09,21.4,0.0005,21.95,Dataset 09.xlsx,201
208,M10,24.34,0.0003,17.03,Dataset 10.xlsx,201
208,M11,23.35,0.0003,16.62,Dataset 11.xlsx,201
208,M12,33.7,0.0004,34.77,Dataset 12.xlsx,201
208,M13,35.29,0.0002,26.79,Dataset 13.xlsx,201
208,M14,32.2,0.0002,41.93,Dataset 14.xlsx,201
208,M15,35.95,0.0002,21.47,Dataset 15.xlsx,201
208,M16,64.53,0.0001,50.62,Dataset 16.xlsx,201
208,M17,8.85,0.0027,8.62,Dataset 17.xlsx,201
208,M18,12.58,0.0028,7.74,Dataset 18.xlsx,201
208,M19,12.35,0.0005,8.05,Dataset 19.xlsx,201
208,M20,13.74,0.0002,20.98,Dataset 20.xlsx,200
208,M21,10.87,0.0026,6.71,Dataset 21.xlsx,200
208,M22,28.99,0.0002,22.96,Dataset 22.xlsx,200
208,M23,25.5,0.0003,32.99,Dataset 23.xlsx,200
208,M24,29.43,0.0002,17.87,Dataset 24.xlsx,200
208,M25,16.1,0.0019,11.38,Dataset 25.xlsx,209
208,M26,14.86,0.0003,18.05,Dataset 26.xlsx,209
208,M27,20.51,0.001,14.9,Dataset 27.xlsx,209
208,M28,18.75,0.0018,23.04,Dataset 28.xlsx,209
208,M29,20.14,0.0011,11.06,Dataset 29.xlsx,209
208,M30,13.33,0.0005,8.87,Dataset 30.xlsx,209
209,M01,4.61,0.0042,2.63,Dataset 01.xlsx,202
209,M02,6.12,0.0035,5.69,Dataset 02.xlsx,202
209,M03,5.16,0.0011,2.8,Dataset 03.xlsx,202
209,M04,4.97,0.0016,2.59,Dataset 04.xlsx,202
209,M05,4.82,0.0015,2.68,Dataset 05.xlsx,202
209,M06,6.57,0,3.69,Dataset 06.xlsx,202
209,M07,6.58,0.0011,3.8,Dataset 07.xlsx,202
209,M08,8.71,0.0008,8.57,Dataset 08.xlsx,202
209,M09,7.8,0.0015,7.36,Dataset 09.xlsx,202
209,M10,10.15,0.0006,6.51,Dataset 10.xlsx,202
209,M11,9.23,0.0015,5.97,Dataset 11.xlsx,202
209,M12,10.67,0.002,10.32,Dataset 12.xlsx,202
209,M13,10.54,0.0015,7.3,Dataset 13.xlsx,202
209,M14,8.54,0.0027,10.39,Dataset 14.xlsx,202
209,M15,10.42,0.0034,5.51,Dataset 15.xlsx,202
209,M16,20.19,0.0002,15.15,Dataset 16.xlsx,202
209,M17,3.11,0.0032,2.38,Dataset 17.xlsx,202
209,M18,5.29,0.0067,2.67,Dataset 18.xlsx,202
209,M19,4.6,0.0021,2.37,Dataset 19.xlsx,202
209,M20,5.7,0.0021,8.11,Dataset 20.xlsx,201
209,M21,4.57,0.0046,2.24,Dataset 21.xlsx,201
209,M22,8.47,0.0026,6,Dataset 22.xlsx,201
209,M23,7.13,0.001,8.5,Dataset 23.xlsx,201
209,M24,7.91,0.0038,4.07,Dataset 24.xlsx,201
209,M25,11.76,0.0021,8.05,Dataset 25.xlsx,210
209,M26,10.1,0.0019,11.95,Dataset 26.xlsx,210
209,M27,11.71,0.0012,8.08,Dataset 27.xlsx,210
209,M28,9.67,0.0026,11.4,Dataset 28.xlsx,210
209,M29,12.36,0.0023,6.4,Dataset 29.xlsx,210
209,M30,7.13,0.0005,4.28,Dataset 30.xlsx,210
210,M01,8.08,0.002,5.36,Dataset 01.xlsx,203
210,M02,10.81,0.0005,10.81,Dataset 02.xlsx,203
210,M03,12.48,0.001,8.18,Dataset 03.xlsx,203
210,M04,11.6,0.0007,7.39,Dataset 04.xlsx,203
210,M05,11.79,0,8,Dataset 05.xlsx,203
210,M06,15.15,0.0005,9.82,Dataset 06.xlsx,203
210,M07,17.51,0.0004,11.78,Dataset 07.xlsx,203
210,M08,21.76,0.0003,22.91,Dataset 08.xlsx,203
210,M09,20.55,0.0003,21.04,Dataset 09.xlsx,203
210,M10,23.21,0.0006,16.19,Dataset 10.xlsx,203
210,M11,22.53,0.0003,16,Dataset 11.xlsx,203
210,M12,31.96,0.0005,32.93,Dataset 12.xlsx,203
210,M13,33.19,0.0002,25.13,Dataset 13.xlsx,203
210,M14,30.16,0.0004,39.21,Dataset 14.xlsx,203
210,M15,33.71,0.0006,20.07,Dataset 15.xlsx,203
210,M16,62.29,0.0001,48.83,Dataset 16.xlsx,203
210,M17,8.51,0.002,8.24,Dataset 17.xlsx,203
210,M18,11.99,0.0008,7.33,Dataset 18.xlsx,203
210,M19,10.97,0.0021,7.04,Dataset 19.xlsx,203
210,M20,13.16,0.0006,20.06,Dataset 20.xlsx,202
210,M21,10.59,0.0027,6.51,Dataset 21.xlsx,202
210,M22,27.2,0.0004,21.48,Dataset 22.xlsx,202
210,M23,23.96,0.0009,30.94,Dataset 23.xlsx,202
210,M24,27.1,0.0007,16.37,Dataset 24.xlsx,202
210,M25,15.51,0.0019,10.93,Dataset 25.xlsx,211
210,M26,14.33,0.0007,17.37,Dataset 26.xlsx,211
210,M27,19.51,0.0007,14.12,Dataset 27.xlsx,211
210,M28,17.79,0.0019,21.81,Dataset 28.xlsx,211
210,M29,19.51,0,10.68,Dataset 29.xlsx,211
210,M30,12.52,0,8.27,Dataset 30.xlsx,211
211,M01,6.91,0.0017,4.44,Dataset 01.xlsx,204
211,M02,9.36,0.0009,9.23,Dataset 02.xlsx,204
211,M03,9.52,0.0007,6,Dataset 03.xlsx,204
211,M04,8.63,0,5.24,Dataset 04.xlsx,204
211,M05,8.26,0,5.31,Dataset 05.xlsx,204
211,M06,11.82,0.0012,7.44,Dataset 06.xlsx,204
211,M07,13,0,8.49,Dataset 07.xlsx,204
211,M08,17.42,0.0004,18.14,Dataset 08.xlsx,204
211,M09,16.12,0.0015,16.29,Dataset 09.xlsx,204
211,M10,18.98,0.0004,13.06,Dataset 10.xlsx,204
211,M11,17.54,0.0004,12.23,Dataset 11.xlsx,204
211,M12,24.62,0.0007,25.13,Dataset 12.xlsx,204
211,M13,24.03,0.0003,17.92,Dataset 13.xlsx,204
211,M14,20.69,0.0003,26.59,Dataset 14.xlsx,204
211,M15,24.26,0.0012,14.16,Dataset 15.xlsx,204
211,M16,51.99,0.0002,40.59,Dataset 16.xlsx,204
211,M17,6.98,0.0034,6.58,Dataset 17.xlsx,204
211,M18,9.65,0.0007,5.7,Dataset 18.xlsx,204
211,M19,6.81,0.0008,3.99,Dataset 19.xlsx,204
211,M20,9.78,0.001,14.64,Dataset 20.xlsx,203
211,M21,7.07,0.001,4.01,Dataset 21.xlsx,203
211,M22,16.52,0.0003,12.65,Dataset 22.xlsx,203
211,M23,14.06,0.0014,17.75,Dataset 23.xlsx,203
211,M24,16.82,0.0014,9.78,Dataset 24.xlsx,203
211,M25,12.66,0.0008,8.74,Dataset 25.xlsx,212
211,M26,11.36,0.0004,13.56,Dataset 26.xlsx,212
211,M27,13.65,0,9.58,Dataset 27.xlsx,212
211,M28,11.75,0.0007,14.06,Dataset 28.xlsx,212
211,M29,13.89,0.0046,7.31,Dataset 29.xlsx,212
211,M30,8.12,0.0005,5.01,Dataset 30.xlsx,212
212,M01,8.57,0.0017,5.75,Dataset 01.xlsx,205
212,M02,11.27,0.0009,11.32,Dataset 02.xlsx,205
212,M03,13.41,0.0006,8.87,Dataset 03.xlsx,205
212,M04,12.53,0.0007,8.06,Dataset 04.xlsx,205
212,M05,12.72,0.0006,8.71,Dataset 05.xlsx,205
212,M06,16.23,0.0004,10.59,Dataset 06.xlsx,205
212,M07,18.94,0.0003,12.82,Dataset 07.xlsx,205
212,M08,23.06,0.0003,24.34,Dataset 08.xlsx,205
212,M09,21.87,0.0004,22.45,Dataset 09.xlsx,205
212,M10,24.48,0.0003,17.13,Dataset 10.xlsx,205
212,M11,23.77,0,16.94,Dataset 11.xlsx,205
212,M12,34.2,0.0003,35.31,Dataset 12.xlsx,205
212,M13,36.18,0,27.49,Dataset 13.xlsx,205
212,M14,33.34,0.0003,43.45,Dataset 14.xlsx,205
212,M15,36.34,0.0003,21.71,Dataset 15.xlsx,205
212,M16,65.49,0.0001,51.39,Dataset 16.xlsx,205
212,M17,9.01,0.0019,8.79,Dataset 17.xlsx,205
212,M18,12.84,0.0006,7.92,Dataset 18.xlsx,205
212,M19,12.49,0,8.15,Dataset 19.xlsx,205
212,M20,14.21,0.0003,21.74,Dataset 20.xlsx,204
212,M21,11.48,0.0018,7.14,Dataset 21.xlsx,204
212,M22,30.18,0.0003,23.94,Dataset 22.xlsx,204
212,M23,26.59,0.0004,34.45,Dataset 23.xlsx,204
212,M24,30.73,0.0003,18.7,Dataset 24.xlsx,204
212,M25,16.17,0.0016,11.44,Dataset 25.xlsx,213
212,M26,14.94,0.0005,18.15,Dataset 26.xlsx,213
212,M27,20.79,0.0007,15.12,Dataset 27.xlsx,213
212,M28,19.1,0.0013,23.49,Dataset 28.xlsx,213
212,M29,20.6,0.0003,11.33,Dataset 29.xlsx,213
212,M30,13.47,0.0005,8.97,Dataset 30.xlsx,213
213,M01,6.66,0.0017,4.24,Dataset 01.xlsx,206
213,M02,8.83,0,8.65,Dataset 02.xlsx,206
213,M03,8.5,0.0005,5.26,Dataset 03.xlsx,206
213,M04,7.69,0.001,4.57,Dataset 04.xlsx,206
213,M05,7.6,0.0009,4.8,Dataset 05.xlsx,206
213,M06,10.78,0.0007,6.7,Dataset 06.xlsx,206
213,M07,11.41,0,7.33,Dataset 07.xlsx,206
213,M08,15.67,0.0004,16.21,Dataset 08.xlsx,206
213,M09,14.44,0,14.48,Dataset 09.xlsx,206
213,M10,17.3,0.0003,11.81,Dataset 10.xlsx,206
213,M11,16.33,0,11.32,Dataset 11.xlsx,206
213,M12,21.58,0.0011,21.9,Dataset 12.xlsx,206
213,M13,20.85,0,15.42,Dataset 13.xlsx,206
213,M14,17.33,0.0011,22.11,Dataset 14.xlsx,206
213,M15,20.83,0.001,12.02,Dataset 15.xlsx,206
213,M16,47.11,0.0002,36.69,Dataset 16.xlsx,206
213,M17,6.11,0.0028,5.64,Dataset 17.xlsx,206
213,M18,8.33,0.0042,4.78,Dataset 18.xlsx,206
213,M19,5.78,0.001,3.24,Dataset 19.xlsx,206
213,M20,7.93,0.0009,11.68,Dataset 20.xlsx,205
213,M21,5.57,0.0076,2.95,Dataset 21.xlsx,205
213,M22,12.13,0.0015,9.02,Dataset 22.xlsx,205
213,M23,10.45,0.0029,12.93,Dataset 23.xlsx,205
213,M24,11.98,0.0015,6.68,Dataset 24.xlsx,205
213,M25,13.07,0.0033,9.05,Dataset 25.xlsx,214
213,M26,11.67,0.0013,13.96,Dataset 26.xlsx,214
213,M27,14.29,0.0015,10.07,Dataset 27.xlsx,214
213,M28,12.18,0.0041,14.62,Dataset 28.xlsx,214
213,M29,16.64,0.0004,8.96,Dataset 29.xlsx,214
213,M30,8.52,0.0005,5.31,Dataset 30.xlsx,214
214,M01,6.75,0.0021,4.31,Dataset 01.xlsx,207
214,M02,9.41,0.0005,9.28,Dataset 02.xlsx,207
214,M03,9.67,0.0004,6.12,Dataset 03.xlsx,207
214,M04,9.06,0.0008,5.56,Dataset 04.xlsx,207
214,M05,8.8,0,5.72,Dataset 05.xlsx,207
214,M06,11.53,0,7.24,Dataset 06.xlsx,207
214,M07,13.28,0.0006,8.69,Dataset 07.xlsx,207
214,M08,17.66,0.0004,18.41,Dataset 08.xlsx,207
214,M09,16.76,0.0005,16.97,Dataset 09.xlsx,207
214,M10,19.23,0.0002,13.24,Dataset 10.xlsx,207
214,M11,18.33,0.0004,12.83,Dataset 11.xlsx,207
214,M12,25.13,0.0002,25.67,Dataset 12.xlsx,207
214,M13,23.48,0.0003,17.49,Dataset 13.xlsx,207
214,M14,20.35,0.0003,26.13,Dataset 14.xlsx,207
214,M15,24.93,0.0014,14.58,Dataset 15.xlsx,207
214,M16,51.18,0.0006,39.94,Dataset 16.xlsx,207
214,M17,7.02,0.0014,6.63,Dataset 17.xlsx,207
214,M18,9.71,0.0036,5.74,Dataset 18.xlsx,207
214,M19,6.6,0.0015,3.83,Dataset 19.xlsx,207
214,M20,9.57,0.0013,14.31,Dataset 20.xlsx,206
214,M21,6.86,0.001,3.86,Dataset 21.xlsx,206
214,M22,15.66,0.0004,11.94,Dataset 22.xlsx,206
214,M23,12.8,0.0011,16.07,Dataset 23.xlsx,206
214,M24,17.69,0.0017,10.34,Dataset 24.xlsx,206
214,M25,13.32,0.0007,9.25,Dataset 25.xlsx,215
214,M26,12.12,0.0004,14.54,Dataset 26.xlsx,215
214,M27,15.03,0.001,10.65,Dataset 27.xlsx,215
214,M28,13.23,0.0006,15.96,Dataset 28.xlsx,215
214,M29,15.57,0.0004,8.32,Dataset 29.xlsx,215
214,M30,9.16,0.0014,5.78,Dataset 30.xlsx,215
215,M01,8.84,0.0016,5.96,Dataset 01.xlsx,208
215,M02,11.51,0.0005,11.57,Dataset 02.xlsx,208
215,M03,13.75,0.0005,9.12,Dataset 03.xlsx,208
215,M04,12.73,0.0004,8.21,Dataset 04.xlsx,208
215,M05,12.96,0,8.89,Dataset 05.xlsx,208
215,M06,16.59,0,10.85,Dataset 06.xlsx,208
215,M07,19.41,0,13.17,Dataset 07.xlsx,208
215,M08,23.51,0.0003,24.84,Dataset 08.xlsx,208
215,M09,22.16,0.0003,22.77,Dataset 09.xlsx,208
215,M10,24.99,0.0003,17.51,Dataset 10.xlsx,208
215,M11,24.12,0.0003,17.2,Dataset 11.xlsx,208
215,M12,34.89,0.0003,36.03,Dataset 12.xlsx,208
215,M13,36.94,0.0002,28.09,Dataset 13.xlsx,208
215,M14,33.95,0.0014,44.27,Dataset 14.xlsx,208
215,M15,37.25,0.0004,22.28,Dataset 15.xlsx,208
215,M16,66.34,0.0001,52.07,Dataset 16.xlsx,208
215,M17,9.12,0.0011,8.91,Dataset 17.xlsx,208
215,M18,13.05,0.0047,8.06,Dataset 18.xlsx,208
215,M19,12.67,0.0005,8.28,Dataset 19.xlsx,208
215,M20,14.33,0.0003,21.92,Dataset 20.xlsx,207
215,M21,11.5,0.0018,7.16,Dataset 21.xlsx,207
215,M22,30.51,0.0014,24.21,Dataset 22.xlsx,207
215,M23,26.92,0.0011,34.89,Dataset 23.xlsx,207
215,M24,31.14,0.0004,18.96,Dataset 24.xlsx,207
215,M25,16.47,0.0013,11.67,Dataset 25.xlsx,216
215,M26,15.18,0.0025,18.46,Dataset 26.xlsx,216
215,M27,21.21,0.0006,15.44,Dataset 27.xlsx,216
215,M28,19.46,0.0013,23.95,Dataset 28.xlsx,216
215,M29,21.07,0.0003,11.61,Dataset 29.xlsx,216
215,M30,13.8,0,9.22,Dataset 30.xlsx,216
216,M01,6.22,0.0016,3.9,Dataset 01.xlsx,209
216,M02,8.23,0.0007,7.99,Dataset 02.xlsx,209
216,M03,7.55,0.0012,4.56,Dataset 03.xlsx,209
216,M04,6.97,0.0012,4.04,Dataset 04.xlsx,209
216,M05,6.95,0,4.31,Dataset 05.xlsx,209
216,M06,9.7,0.0044,5.93,Dataset 06.xlsx,209
216,M07,10.03,0.0021,6.32,Dataset 07.xlsx,209
216,M08,14.06,0.0005,14.45,Dataset 08.xlsx,209
216,M09,13.1,0.0004,13.04,Dataset 09.xlsx,209
216,M10,15.71,0.0007,10.63,Dataset 10.xlsx,209
216,M11,14.94,0.0003,10.27,Dataset 11.xlsx,209
216,M12,19.05,0.001,19.22,Dataset 12.xlsx,209
216,M13,18.27,0.0003,13.39,Dataset 13.xlsx,209
216,M14,15.15,0.001,19.2,Dataset 14.xlsx,209
216,M15,17.91,0,10.19,Dataset 15.xlsx,209
216,M16,42.44,0.0003,32.95,Dataset 16.xlsx,209
216,M17,5.67,0.0092,5.16,Dataset 17.xlsx,209
216,M18,7.59,0.0009,4.27,Dataset 18.xlsx,209
216,M19,6.06,0.0015,3.44,Dataset 19.xlsx,209
216,M20,8.23,0,12.17,Dataset 20.xlsx,208
216,M21,5.87,0.0012,3.17,Dataset 21.xlsx,208
216,M22,12.8,0.0011,9.58,Dataset 22.xlsx,208
216,M23,10.93,0.0011,13.58,Dataset 23.xlsx,208
216,M24,12.85,0,7.24,Dataset 24.xlsx,208
216,M25,12.36,0.0006,8.51,Dataset 25.xlsx,217
216,M26,10.94,0.0011,13.03,Dataset 26.xlsx,217
216,M27,12.94,0.0018,9.03,Dataset 27.xlsx,217
216,M28,10.97,0.0008,13.06,Dataset 28.xlsx,217
216,M29,12.59,0.0006,6.54,Dataset 29.xlsx,217
216,M30,7.59,0.0009,4.62,Dataset 30.xlsx,217
217,M01,7.69,0.0018,5.06,Dataset 01.xlsx,210
217,M02,10.28,0.0006,10.23,Dataset 02.xlsx,210
217,M03,11.3,0.0006,7.32,Dataset 03.xlsx,210
217,M04,10.46,0.0005,6.56,Dataset 04.xlsx,210
217,M05,10.57,0,7.07,Dataset 05.xlsx,210
217,M06,13.99,0.0005,8.99,Dataset 06.xlsx,210
217,M07,15.68,0.0005,10.45,Dataset 07.xlsx,210
217,M08,20.04,0.0003,21.02,Dataset 08.xlsx,210
217,M09,18.9,0,19.26,Dataset 09.xlsx,210
217,M10,21.6,0.0004,15,Dataset 10.xlsx,210
217,M11,20.86,0,14.74,Dataset 11.xlsx,210
217,M12,28.99,0.0005,29.78,Dataset 12.xlsx,210
217,M13,29.83,0,22.49,Dataset 13.xlsx,210
217,M14,26.45,0.0005,34.27,Dataset 14.xlsx,210
217,M15,29.97,0.0002,17.73,Dataset 15.xlsx,210
217,M16,58.56,0.0002,45.85,Dataset 16.xlsx,210
217,M17,7.87,0.0021,7.55,Dataset 17.xlsx,210
217,M18,10.96,0.0032,6.61,Dataset 18.xlsx,210
217,M19,9.88,0.0006,6.24,Dataset 19.xlsx,210
217,M20,12.07,0.0002,18.31,Dataset 20.xlsx,209
217,M21,9.28,0.0008,5.58,Dataset 21.xlsx,209
217,M22,23.3,0.0006,18.26,Dataset 22.xlsx,209
217,M23,20.02,0.0015,25.69,Dataset 23.xlsx,209
217,M24,23.82,0.0003,14.27,Dataset 24.xlsx,209
217,M25,14.88,0.0005,10.45,Dataset 25.xlsx,218
217,M26,13.62,0.0009,16.46,Dataset 26.xlsx,218
217,M27,18.16,0.0021,13.07,Dataset 27.xlsx,218
217,M28,16.22,0.0005,19.79,Dataset 28.xlsx,218
217,M29,18.02,0,9.79,Dataset 29.xlsx,218
217,M30,11.35,0.0009,7.4,Dataset 30.xlsx,218
218,M01,8.38,0.0017,5.6,Dataset 01.xlsx,211
218,M02,11.1,0.0005,11.13,Dataset 02.xlsx,211
218,M03,13.06,0.0003,8.62,Dataset 03.xlsx,211
218,M04,12.13,0.0005,7.77,Dataset 04.xlsx,211
218,M05,12.24,0,8.34,Dataset 05.xlsx,211
218,M06,15.8,0,10.29,Dataset 06.xlsx,211
218,M07,18.42,0.003,12.44,Dataset 07.xlsx,211
218,M08,22.59,0.0003,23.82,Dataset 08.xlsx,211
218,M09,21.2,0.0007,21.73,Dataset 09.xlsx,211
218,M10,24.01,0.0002,16.79,Dataset 10.xlsx,211
218,M11,23.23,0,16.53,Dataset 11.xlsx,211
218,M12,33.36,0.0008,34.41,Dataset 12.xlsx,211
218,M13,35,0,26.56,Dataset 13.xlsx,211
218,M14,31.88,0.0004,41.51,Dataset 14.xlsx,211
218,M15,35.31,0,21.07,Dataset 15.xlsx,211
218,M16,64.22,0.0002,50.38,Dataset 16.xlsx,211
218,M17,8.79,0.0011,8.55,Dataset 17.xlsx,211
218,M18,12.48,0.0017,7.66,Dataset 18.xlsx,211
218,M19,11.82,0.002,7.66,Dataset 19.xlsx,211
218,M20,13.63,0,20.81,Dataset 20.xlsx,210
218,M21,10.84,0.0007,6.69,Dataset 21.xlsx,210
218,M22,28.32,0.0004,22.4,Dataset 22.xlsx,210
218,M23,24.9,0.0017,32.2,Dataset 23.xlsx,210
218,M24,28.93,0,17.54,Dataset 24.xlsx,210
218,M25,15.94,0.0006,11.26,Dataset 25.xlsx,219
218,M26,14.73,0.0006,17.88,Dataset 26.xlsx,219
218,M27,20.3,0.0004,14.74,Dataset 27.xlsx,219
218,M28,18.6,0.0004,22.85,Dataset 28.xlsx,219
218,M29,20.19,0,11.09,Dataset 29.xlsx,219
218,M30,13.13,0.0009,8.73,Dataset 30.xlsx,219
219,M01,4.51,0.0081,2.55,Dataset 01.xlsx,212
219,M02,6.01,0.0039,5.56,Dataset 02.xlsx,212
219,M03,5.13,0.005,2.78,Dataset 03.xlsx,212
219,M04,4.91,0.002,2.55,Dataset 04.xlsx,212
219,M05,4.75,0,2.63,Dataset 05.xlsx,212
219,M06,6.5,0,3.64,Dataset 06.xlsx,212
219,M07,6.49,0.0011,3.74,Dataset 07.xlsx,212
219,M08,8.33,0.0008,8.15,Dataset 08.xlsx,212
219,M09,7.35,0.0014,6.88,Dataset 09.xlsx,212
219,M10,9.82,0.003,6.27,Dataset 10.xlsx,212
219,M11,8.82,0.0008,5.65,Dataset 11.xlsx,212
219,M12,10.05,0.0031,9.66,Dataset 12.xlsx,212
219,M13,10.04,0.0008,6.91,Dataset 13.xlsx,212
219,M14,8.07,0.0033,9.76,Dataset 14.xlsx,212
219,M15,10.05,0.0014,5.28,Dataset 15.xlsx,212
219,M16,18.55,0.0003,13.84,Dataset 16.xlsx,212
219,M17,2.84,0.0035,2.08,Dataset 17.xlsx,212
219,M18,5.22,0.0054,2.62,Dataset 18.xlsx,212
219,M19,4.62,0.0034,2.39,Dataset 19.xlsx,212
219,M20,5.7,0.0008,8.12,Dataset 20.xlsx,211
219,M21,4.6,0.0046,2.26,Dataset 21.xlsx,211
219,M22,8.26,0.003,5.83,Dataset 22.xlsx,211
219,M23,7.13,0.0014,8.51,Dataset 23.xlsx,211
219,M24,7.97,0.0015,4.11,Dataset 24.xlsx,211
219,M25,7.28,0.0033,4.6,Dataset 25.xlsx,220
219,M26,5.14,0.0043,5.59,Dataset 26.xlsx,220
219,M27,8,0.0009,5.2,Dataset 27.xlsx,220
219,M28,6.32,0.0039,7.1,Dataset 28.xlsx,220
219,M29,7.65,0.0008,3.58,Dataset 29.xlsx,220
219,M30,4.78,0.0005,2.54,Dataset 30.xlsx,220
220,M01,6.53,0.0022,4.14,Dataset 01.xlsx,213
220,M02,8.9,0,8.73,Dataset 02.xlsx,213
220,M03,8.7,0.0007,5.41,Dataset 03.xlsx,213
220,M04,7.9,0.0006,4.72,Dataset 04.xlsx,213
220,M05,7.47,0.0007,4.7,Dataset 05.xlsx,213
220,M06,10.8,0.0009,6.71,Dataset 06.xlsx,213
220,M07,11.81,0,7.62,Dataset 07.xlsx,213
220,M08,16.19,0.0004,16.79,Dataset 08.xlsx,213
220,M09,14.99,0.0007,15.08,Dataset 09.xlsx,213
220,M10,17.72,0.0004,12.12,Dataset 10.xlsx,213
220,M11,16.26,0.0006,11.27,Dataset 11.xlsx,213
220,M12,22.67,0.0006,23.06,Dataset 12.xlsx,213
220,M13,21.49,0.0005,15.92,Dataset 13.xlsx,213
220,M14,18.32,0.0006,23.43,Dataset 14.xlsx,213
220,M15,21.77,0.0006,12.61,Dataset 15.xlsx,213
220,M16,48.78,0.0001,38.02,Dataset 16.xlsx,213
220,M17,6.64,0.003,6.22,Dataset 17.xlsx,213
220,M18,9.14,0.0013,5.34,Dataset 18.xlsx,213
220,M19,6.3,0.0012,3.61,Dataset 19.xlsx,213
220,M20,9.47,0.0005,14.15,Dataset 20.xlsx,212
220,M21,6.77,0.0031,3.8,Dataset 21.xlsx,212
220,M22,15.65,0.0007,11.93,Dataset 22.xlsx,212
220,M23,13.35,0.0011,16.8,Dataset 23.xlsx,212
220,M24,15.92,0.0008,9.21,Dataset 24.xlsx,212
220,M25,11.99,0.002,8.22,Dataset 25.xlsx,221
220,M26,10.73,0.0008,12.76,Dataset 26.xlsx,221
220,M27,12.49,0.0024,8.68,Dataset 27.xlsx,221
220,M28,10.69,0.0023,12.71,Dataset 28.xlsx,221
220,M29,12.63,0.0006,6.56,Dataset 29.xlsx,221
220,M30,7.33,0.0009,4.43,Dataset 30.xlsx,221
221,M01,8.23,0.0094,5.48,Dataset 01.xlsx,214
221,M02,12.58,0.0006,12.75,Dataset 02.xlsx,214
221,M03,15.18,0.0004,10.18,Dataset 03.xlsx,214
221,M04,14.13,0.0004,9.22,Dataset 04.xlsx,214
221,M05,14.43,0.0005,10.01,Dataset 05.xlsx,214
221,M06,18.39,0.0015,12.14,Dataset 06.xlsx,214
221,M07,21.58,0.0002,14.75,Dataset 07.xlsx,214
221,M08,25.52,0.0003,27.04,Dataset 08.xlsx,214
221,M09,24.08,0.002,24.82,Dataset 09.xlsx,214
221,M10,27.07,0.0003,19.05,Dataset 10.xlsx,214
221,M11,26.18,0.0006,18.76,Dataset 11.xlsx,214
221,M12,38.21,0.0001,39.57,Dataset 12.xlsx,214
221,M13,41.21,0.0004,31.45,Dataset 13.xlsx,214
221,M14,38.54,0.0002,50.39,Dataset 14.xlsx,214
221,M15,41.18,0.0003,24.74,Dataset 15.xlsx,214
221,M16,70.9,0.0002,55.72,Dataset 16.xlsx,214
221,M17,9.95,0.0038,9.81,Dataset 17.xlsx,214
221,M18,14.33,0.0015,8.95,Dataset 18.xlsx,214
221,M19,15.5,0.0006,10.36,Dataset 19.xlsx,214
221,M20,16.69,0.0003,25.7,Dataset 20.xlsx,213
221,M21,14.11,0.0015,9,Dataset 21.xlsx,213
221,M22,37.84,0.0002,30.27,Dataset 22.xlsx,213
221,M23,34.66,0.0006,45.22,Dataset 23.xlsx,213
221,M24,37.86,0.0003,23.27,Dataset 24.xlsx,213
221,M25,18.11,0.0013,12.93,Dataset 25.xlsx,222
221,M26,16.42,0.0004,20.05,Dataset 26.xlsx,222
221,M27,23.28,0.0006,17.04,Dataset 27.xlsx,222
221,M28,21.47,0.0012,26.53,Dataset 28.xlsx,222
221,M29,22.92,0.0004,12.72,Dataset 29.xlsx,222
221,M30,15.26,0.0009,10.3,Dataset 30.xlsx,222
222,M01,7.96,0.0018,5.27,Dataset 01.xlsx,215
222,M02,10.59,0,10.57,Dataset 02.xlsx,215
222,M03,11.86,0.0005,7.73,Dataset 03.xlsx,215
222,M04,10.75,0.0005,6.77,Dataset 04.xlsx,215
222,M05,10.87,0,7.3,Dataset 05.xlsx,215
222,M06,14.61,0,9.44,Dataset 06.xlsx,215
222,M07,16.49,0.0033,11.03,Dataset 07.xlsx,215
222,M08,20.82,0.0003,21.88,Dataset 08.xlsx,215
222,M09,19.27,0,19.67,Dataset 09.xlsx,215
222,M10,22.41,0.0003,15.6,Dataset 10.xlsx,215
222,M11,21.32,0.0003,15.09,Dataset 11.xlsx,215
222,M12,30.21,0.0005,31.07,Dataset 12.xlsx,215
222,M13,31.29,0.0003,23.64,Dataset 13.xlsx,215
222,M14,27.83,0.0004,36.11,Dataset 14.xlsx,215
222,M15,31.47,0.0002,18.67,Dataset 15.xlsx,215
222,M16,60.2,0.0001,47.16,Dataset 16.xlsx,215
222,M17,8.04,0.0012,7.74,Dataset 17.xlsx,215
222,M18,11.22,0.0032,6.79,Dataset 18.xlsx,215
222,M19,10.09,0,6.39,Dataset 19.xlsx,215
222,M20,12.22,0.0002,18.55,Dataset 20.xlsx,214
222,M21,9.31,0.0023,5.6,Dataset 21.xlsx,214
222,M22,23.81,0.0005,18.68,Dataset 22.xlsx,214
222,M23,20.46,0.0013,26.28,Dataset 23.xlsx,214
222,M24,24.33,0.0002,14.6,Dataset 24.xlsx,214
222,M25,15.24,0.0014,10.72,Dataset 25.xlsx,223
222,M26,14.01,0.0007,16.96,Dataset 26.xlsx,223
222,M27,18.85,0.001,13.61,Dataset 27.xlsx,223
222,M28,16.89,0.0015,20.65,Dataset 28.xlsx,223
222,M29,18.77,0.0008,10.24,Dataset 29.xlsx,223
222,M30,11.9,0.0009,7.81,Dataset 30.xlsx,223
223,M01,9.36,0.0011,6.37,Dataset 01.xlsx,216
223,M02,11.93,0,12.04,Dataset 02.xlsx,216
223,M03,14.39,0.0004,9.59,Dataset 03.xlsx,216
223,M04,13.22,0.0004,8.56,Dataset 04.xlsx,216
223,M05,13.55,0,9.34,Dataset 05.xlsx,216
223,M06,17.28,0.0007,11.34,Dataset 06.xlsx,216
223,M07,20.4,0.001,13.89,Dataset 07.xlsx,216
223,M08,24.41,0.0003,25.82,Dataset 08.xlsx,216
223,M09,22.82,0.0006,23.47,Dataset 09.xlsx,216
223,M10,25.94,0.0002,18.21,Dataset 10.xlsx,216
223,M11,24.95,0.0004,17.83,Dataset 11.xlsx,216
223,M12,36.41,0.0002,37.65,Dataset 12.xlsx,216
223,M13,38.74,0.0003,29.5,Dataset 13.xlsx,216
223,M14,35.97,0,46.96,Dataset 14.xlsx,216
223,M15,39.2,0.0004,23.5,Dataset 15.xlsx,216
223,M16,68.24,0.0001,53.59,Dataset 16.xlsx,216
223,M17,9.39,0.0024,9.2,Dataset 17.xlsx,216
223,M18,13.48,0.001,8.36,Dataset 18.xlsx,216
223,M19,13.48,0.0004,8.88,Dataset 19.xlsx,216
223,M20,15.05,0.0003,23.08,Dataset 20.xlsx,215
223,M21,12.32,0,7.74,Dataset 21.xlsx,215
223,M22,32.82,0,26.12,Dataset 22.xlsx,215
223,M23,29.64,0.0012,38.51,Dataset 23.xlsx,215
223,M24,33.25,0.0004,20.31,Dataset 24.xlsx,215
223,M25,17.01,0.0001,12.08,Dataset 25.xlsx,224
223,M26,15.63,0,19.04,Dataset 26.xlsx,224
223,M27,21.98,0.0005,16.04,Dataset 27.xlsx,224
223,M28,20.28,0,25,Dataset 28.xlsx,224
223,M29,21.86,0.0006,12.09,Dataset 29.xlsx,224
223,M30,14.45,0.0011,9.7,Dataset 30.xlsx,224
224,M01,6.75,0.0021,4.31,Dataset 01.xlsx,217
224,M02,9.41,0.0025,9.28,Dataset 02.xlsx,217
224,M03,9.65,0.0033,6.1,Dataset 03.xlsx,217
224,M04,9.04,0.0006,5.54,Dataset 04.xlsx,217
224,M05,8.81,0.0008,5.73,Dataset 05.xlsx,217
224,M06,11.54,0.0006,7.24,Dataset 06.xlsx,217
224,M07,13.26,0.0004,8.68,Dataset 07.xlsx,217
224,M08,17.69,0.0004,18.44,Dataset 08.xlsx,217
224,M09,16.81,0.0005,17.03,Dataset 09.xlsx,217
224,M10,19.32,0.0019,13.31,Dataset 10.xlsx,217
224,M11,18.38,0.0009,12.87,Dataset 11.xlsx,217
224,M12,25.36,0.001,25.92,Dataset 12.xlsx,217
224,M13,23.82,0.0008,17.76,Dataset 13.xlsx,217
224,M14,20.77,0.0013,26.69,Dataset 14.xlsx,217
224,M15,25.23,0.0008,14.77,Dataset 15.xlsx,217
224,M16,51.7,0.0002,40.36,Dataset 16.xlsx,217
224,M17,7.25,0.0023,6.88,Dataset 17.xlsx,217
224,M18,9.87,0,5.85,Dataset 18.xlsx,217
224,M19,7.73,0.0013,4.66,Dataset 19.xlsx,217
224,M20,10.37,0.0007,15.58,Dataset 20.xlsx,216
224,M21,7.1,0.002,4.04,Dataset 21.xlsx,216
224,M22,16.5,0.0015,12.64,Dataset 22.xlsx,216
224,M23,13.48,0.0021,16.97,Dataset 23.xlsx,216
224,M24,18.89,0.001,11.11,Dataset 24.xlsx,216
224,M25,13.34,0.0011,9.26,Dataset 25.xlsx,225
224,M26,12.18,0.0018,14.62,Dataset 26.xlsx,225
224,M27,15.15,0.0009,10.74,Dataset 27.xlsx,225
224,M28,13.44,0.0012,16.23,Dataset 28.xlsx,225
224,M29,15.67,0.0005,8.38,Dataset 29.xlsx,225
224,M30,9.12,0,5.76,Dataset 30.xlsx,225
225,M01,4.88,0.0087,2.84,Dataset 01.xlsx,218
225,M02,6.39,0.0008,5.99,Dataset 02.xlsx,218
225,M03,5.45,0.0017,3.01,Dataset 03.xlsx,218
225,M04,5.2,0.0022,2.76,Dataset 04.xlsx,218
225,M05,5.13,0.0028,2.92,Dataset 05.xlsx,218
225,M06,6.95,0.0008,3.96,Dataset 06.xlsx,218
225,M07,6.98,0.001,4.09,Dataset 07.xlsx,218
225,M08,9.12,0.0007,9.02,Dataset 08.xlsx,218
225,M09,8.25,0.0006,7.85,Dataset 09.xlsx,218
225,M10,10.7,0.001,6.92,Dataset 10.xlsx,218
225,M11,9.9,0.0013,6.47,Dataset 11.xlsx,218
225,M12,11.12,0.0023,10.81,Dataset 12.xlsx,218
225,M13,11.22,0.0013,7.83,Dataset 13.xlsx,218
225,M14,8.79,0.0021,10.72,Dataset 14.xlsx,218
225,M15,10.95,0.0009,5.84,Dataset 15.xlsx,218
225,M16,21.44,0.002,16.15,Dataset 16.xlsx,218
225,M17,3.72,0.0042,3.04,Dataset 17.xlsx,218
225,M18,5.61,0.0013,2.9,Dataset 18.xlsx,218
225,M19,4.87,0.0027,2.57,Dataset 19.xlsx,218
225,M20,6.12,0.0006,8.78,Dataset 20.xlsx,217
225,M21,4.86,0.0015,2.44,Dataset 21.xlsx,217
225,M22,9,0.0019,6.44,Dataset 22.xlsx,217
225,M23,7.42,0.0059,8.89,Dataset 23.xlsx,217
225,M24,8.92,0.001,4.72,Dataset 24.xlsx,217
225,M25,9.59,0.0008,6.38,Dataset 25.xlsx,226
225,M26,7.89,0.0019,9.12,Dataset 26.xlsx,226
225,M27,9.08,0.0023,6.03,Dataset 27.xlsx,226
225,M28,7.64,0.0011,8.79,Dataset 28.xlsx,226
225,M29,8.71,0.0008,4.21,Dataset 29.xlsx,226
225,M30,5.45,0.0005,3.04,Dataset 30.xlsx,226
226,M01,8.24,0.0012,5.49,Dataset 01.xlsx,219
226,M02,10.87,0.0016,10.87,Dataset 02.xlsx,219
226,M03,12.59,0.002,8.27,Dataset 03.xlsx,219
226,M04,11.57,0.0005,7.37,Dataset 04.xlsx,219
226,M05,11.76,0.0006,7.98,Dataset 05.xlsx,219
226,M06,15.34,0.0028,9.96,Dataset 06.xlsx,219
226,M07,17.66,0,11.89,Dataset 07.xlsx,219
226,M08,21.85,0.0003,23.01,Dataset 08.xlsx,219
226,M09,20.55,0.0004,21.03,Dataset 09.xlsx,219
226,M10,23.32,0.0013,16.27,Dataset 10.xlsx,219
226,M11,22.49,0.0007,15.97,Dataset 11.xlsx,219
226,M12,32.13,0.0003,33.11,Dataset 12.xlsx,219
226,M13,33.64,0.0005,25.49,Dataset 13.xlsx,219
226,M14,30.45,0.0002,39.6,Dataset 14.xlsx,219
226,M15,33.56,0.0019,19.98,Dataset 15.xlsx,219
226,M16,62.71,0.0001,49.17,Dataset 16.xlsx,219
226,M17,8.55,0.0061,8.29,Dataset 17.xlsx,219
226,M18,12.07,0,7.38,Dataset 18.xlsx,219
226,M19,11.45,0.0014,7.39,Dataset 19.xlsx,219
226,M20,13.26,0.0016,20.22,Dataset 20.xlsx,218
226,M21,10.42,0.0007,6.39,Dataset 21.xlsx,218
226,M22,27.12,0.0002,21.41,Dataset 22.xlsx,218
226,M23,23.56,0.0018,30.41,Dataset 23.xlsx,218
226,M24,27.52,0.002,16.64,Dataset 24.xlsx,218
226,M25,15.69,0.0007,11.07,Dataset 25.xlsx,227
226,M26,14.43,0.0003,17.5,Dataset 26.xlsx,227
226,M27,19.76,0.0009,14.31,Dataset 27.xlsx,227
226,M28,17.94,0.0005,22,Dataset 28.xlsx,227
226,M29,19.56,0.001,10.71,Dataset 29.xlsx,227
226,M30,12.63,0.0019,8.36,Dataset 30.xlsx,227
227,M01,4.78,0.0058,2.76,Dataset 01.xlsx,220
227,M02,6.68,0.0034,6.3,Dataset 02.xlsx,220
227,M03,5.59,0.004,3.11,Dataset 03.xlsx,220
227,M04,5.37,0.0009,2.88,Dataset 04.xlsx,220
227,M05,5.2,0.0027,2.97,Dataset 05.xlsx,220
227,M06,7.17,0.002,4.12,Dataset 06.xlsx,220
227,M07,7.28,0.001,4.31,Dataset 07.xlsx,220
227,M08,10.17,0.0007,10.18,Dataset 08.xlsx,220
227,M09,9.31,0.001,8.99,Dataset 09.xlsx,220
227,M10,11.66,0.0022,7.64,Dataset 10.xlsx,220
227,M11,10.84,0.0007,7.18,Dataset 11.xlsx,220
227,M12,12.98,0.0008,12.77,Dataset 12.xlsx,220
227,M13,10.54,0.0008,7.3,Dataset 13.xlsx,220
227,M14,7.82,0.0027,9.43,Dataset 14.xlsx,220
227,M15,10.41,0.0014,5.51,Dataset 15.xlsx,220
227,M16,18.47,0.0003,13.78,Dataset 16.xlsx,220
227,M17,3.88,0.0062,3.22,Dataset 17.xlsx,220
227,M18,5.77,0.0025,3,Dataset 18.xlsx,220
227,M19,4.88,0.001,2.57,Dataset 19.xlsx,220
227,M20,6.37,0.0008,9.19,Dataset 20.xlsx,219
227,M21,4.85,0.0058,2.44,Dataset 21.xlsx,219
227,M22,8.42,0.0023,5.96,Dataset 22.xlsx,219
227,M23,6.78,0.0009,8.04,Dataset 23.xlsx,219
227,M24,8.35,0.0014,4.35,Dataset 24.xlsx,219
227,M25,9.69,0.0031,6.45,Dataset 25.xlsx,228
227,M26,8.38,0.0023,9.74,Dataset 26.xlsx,228
227,M27,9.2,0.0026,6.13,Dataset 27.xlsx,228
227,M28,7.38,0.0045,8.46,Dataset 28.xlsx,228
227,M29,7.54,0.0009,3.51,Dataset 29.xlsx,228
227,M30,5.8,0.0005,3.3,Dataset 30.xlsx,228
228,M01,7.1,0.002,4.59,Dataset 01.xlsx,221
228,M02,9.32,0,9.19,Dataset 02.xlsx,221
228,M03,9.31,0.0008,5.85,Dataset 03.xlsx,221
228,M04,8.59,0.0007,5.21,Dataset 04.xlsx,221
228,M05,8.98,0,5.85,Dataset 05.xlsx,221
228,M06,11.87,0.001,7.48,Dataset 06.xlsx,221
228,M07,12.53,0.0006,8.15,Dataset 07.xlsx,221
228,M08,16.79,0.0004,17.45,Dataset 08.xlsx,221
228,M09,15.84,0.0006,15.99,Dataset 09.xlsx,221
228,M10,18.56,0.0004,12.75,Dataset 10.xlsx,221
228,M11,18.47,0.0008,12.94,Dataset 11.xlsx,221
228,M12,23.29,0.0003,23.72,Dataset 12.xlsx,221
228,M13,23.34,0.0007,17.38,Dataset 13.xlsx,221
228,M14,19.7,0.0012,25.27,Dataset 14.xlsx,221
228,M15,23.65,0.0002,13.78,Dataset 15.xlsx,221
228,M16,50.53,0.0004,39.42,Dataset 16.xlsx,221
228,M17,6.43,0.0033,5.98,Dataset 17.xlsx,221
228,M18,8.79,0.0016,5.1,Dataset 18.xlsx,221
228,M19,6.37,0.0012,3.67,Dataset 19.xlsx,221
228,M20,8.06,0.0002,11.9,Dataset 20.xlsx,220
228,M21,5.71,0.0012,3.05,Dataset 21.xlsx,220
228,M22,12.32,0.0018,9.18,Dataset 22.xlsx,220
228,M23,11.2,0.0013,13.93,Dataset 23.xlsx,220
228,M24,11.91,0.0004,6.63,Dataset 24.xlsx,220
228,M25,14.29,0.0007,9.99,Dataset 25.xlsx,229
228,M26,12.99,0.0015,15.65,Dataset 26.xlsx,229
228,M27,16.84,0.0004,12.05,Dataset 27.xlsx,229
228,M28,14.77,0.0006,17.94,Dataset 28.xlsx,229
228,M29,16.77,0.0008,9.04,Dataset 29.xlsx,229
228,M30,10.35,0.0005,6.67,Dataset 30.xlsx,229
229,M01,9.03,0.0024,6.11,Dataset 01.xlsx,222
229,M02,11.64,0.0007,11.72,Dataset 02.xlsx,222
229,M03,14.06,0.0008,9.35,Dataset 03.xlsx,222
229,M04,13.19,0.0004,8.54,Dataset 04.xlsx,222
229,M05,13.41,0.0005,9.23,Dataset 05.xlsx,222
229,M06,16.94,0.0004,11.1,Dataset 06.xlsx,222
229,M07,19.97,0.0007,13.58,Dataset 07.xlsx,222
229,M08,23.96,0.0003,25.32,Dataset 08.xlsx,222
229,M09,22.78,0.0004,23.43,Dataset 09.xlsx,222
229,M10,25.41,0.0005,17.82,Dataset 10.xlsx,222
229,M11,24.67,0.0003,17.62,Dataset 11.xlsx,222
229,M12,35.78,0.0002,36.98,Dataset 12.xlsx,222
229,M13,38.13,0.0002,29.02,Dataset 13.xlsx,222
229,M14,35.4,0.0005,46.2,Dataset 14.xlsx,222
229,M15,38.27,0.0004,22.92,Dataset 15.xlsx,222
229,M16,67.58,0.002,53.06,Dataset 16.xlsx,222
229,M17,9.34,0.0018,9.15,Dataset 17.xlsx,222
229,M18,13.43,0.0009,8.33,Dataset 18.xlsx,222
229,M19,13.56,0.0007,8.93,Dataset 19.xlsx,222
229,M20,15.03,0.0003,23.04,Dataset 20.xlsx,221
229,M21,12.44,0.0017,7.82,Dataset 21.xlsx,221
229,M22,32.88,0.0005,26.17,Dataset 22.xlsx,221
229,M23,29.4,0.0007,38.19,Dataset 23.xlsx,221
229,M24,33.41,0.0004,20.42,Dataset 24.xlsx,221
229,M25,16.69,0.0014,11.84,Dataset 25.xlsx,230
229,M26,15.39,0.0009,18.73,Dataset 26.xlsx,230
229,M27,21.61,0,15.75,Dataset 27.xlsx,230
229,M28,19.95,0.0012,24.58,Dataset 28.xlsx,230
229,M29,21.35,0.0003,11.78,Dataset 29.xlsx,230
229,M30,14.14,0,9.47,Dataset 30.xlsx,230
230,M01,8.61,0.0103,5.78,Dataset 01.xlsx,223
230,M02,12.52,0.0007,12.68,Dataset 02.xlsx,223
230,M03,15.13,0.0004,10.14,Dataset 03.xlsx,223
230,M04,14.3,0,9.34,Dataset 04.xlsx,223
230,M05,14.62,0,10.16,Dataset 05.xlsx,223
230,M06,18.29,0.0003,12.06,Dataset 06.xlsx,223
230,M07,21.5,0.0082,14.69,Dataset 07.xlsx,223
230,M08,25.44,0.0003,26.95,Dataset 08.xlsx,223
230,M09,24.31,0.0003,25.06,Dataset 09.xlsx,223
230,M10,26.98,0.0002,18.98,Dataset 10.xlsx,223
230,M11,26.47,0.0005,18.98,Dataset 11.xlsx,223
230,M12,38.1,0,39.45,Dataset 12.xlsx,223
230,M13,41.59,0.0004,31.75,Dataset 13.xlsx,223
230,M14,39,0.0003,51,Dataset 14.xlsx,223
230,M15,41.74,0.0002,25.08,Dataset 15.xlsx,223
230,M16,71.33,0,56.06,Dataset 16.xlsx,223
230,M17,10.04,0.0016,9.91,Dataset 17.xlsx,223
230,M18,14.5,0.0005,9.07,Dataset 18.xlsx,223
230,M19,15.77,0.0004,10.55,Dataset 19.xlsx,223
230,M20,16.63,0.0001,25.61,Dataset 20.xlsx,222
230,M21,14.34,0.0015,9.17,Dataset 21.xlsx,222
230,M22,38.25,0.0003,30.61,Dataset 22.xlsx,222
230,M23,35.15,0.0004,45.87,Dataset 23.xlsx,222
230,M24,38.45,0.0002,23.65,Dataset 24.xlsx,222
230,M25,18.32,0.0013,13.09,Dataset 25.xlsx,231
230,M26,16.58,0.0006,20.26,Dataset 26.xlsx,231
230,M27,23.53,0.0003,17.24,Dataset 27.xlsx,231
230,M28,21.68,0.0011,26.79,Dataset 28.xlsx,231
230,M29,23.32,0.0003,12.96,Dataset 29.xlsx,231
230,M30,15.49,0,10.47,Dataset 30.xlsx,231
231,M01,9.14,0.0016,6.2,Dataset 01.xlsx,224
231,M02,11.79,0.0005,11.88,Dataset 02.xlsx,224
231,M03,14.23,0.0005,9.47,Dataset 03.xlsx,224
231,M04,13.19,0,8.54,Dataset 04.xlsx,224
231,M05,13.49,0,9.3,Dataset 05.xlsx,224
231,M06,17.07,0.0004,11.19,Dataset 06.xlsx,224
231,M07,20.18,0,13.73,Dataset 07.xlsx,224
231,M08,24.19,0.0003,25.58,Dataset 08.xlsx,224
231,M09,22.8,0.0033,23.45,Dataset 09.xlsx,224
231,M10,25.68,0.0003,18.02,Dataset 10.xlsx,224
231,M11,24.94,0.0003,17.82,Dataset 11.xlsx,224
231,M12,36.1,0.0003,37.32,Dataset 12.xlsx,224
231,M13,38.31,0.0002,29.17,Dataset 13.xlsx,224
231,M14,35.62,0.0002,46.49,Dataset 14.xlsx,224
231,M15,38.81,0.0005,23.25,Dataset 15.xlsx,224
231,M16,67.79,0.0001,53.23,Dataset 16.xlsx,224
231,M17,9.36,0.0018,9.17,Dataset 17.xlsx,224
231,M18,13.46,0.0011,8.35,Dataset 18.xlsx,224
231,M19,13.35,0.0009,8.78,Dataset 19.xlsx,224
231,M25,16.8,0.0014,11.92,Dataset 25.xlsx,232
231,M26,15.5,0.0003,18.87,Dataset 26.xlsx,232
231,M27,21.43,0.0003,15.61,Dataset 27.xlsx,232
231,M28,20.07,0.0012,24.73,Dataset 28.xlsx,232
231,M29,21.62,0.0015,11.95,Dataset 29.xlsx,232
231,M30,14.28,0,9.57,Dataset 30.xlsx,232
232,M01,5.21,0.0027,3.1,Dataset 01.xlsx,225
232,M02,7.03,0.0018,6.69,Dataset 02.xlsx,225
232,M03,5.93,0.0029,3.37,Dataset 03.xlsx,225
232,M04,5.58,0.001,3.03,Dataset 04.xlsx,225
232,M05,5.43,0.0013,3.14,Dataset 05.xlsx,225
232,M06,7.6,0.0019,4.43,Dataset 06.xlsx,225
232,M07,7.78,0.0027,4.68,Dataset 07.xlsx,225
232,M08,11.23,0.0006,11.34,Dataset 08.xlsx,225
232,M09,10.26,0.0017,10,Dataset 09.xlsx,225
232,M10,12.69,0.0015,8.4,Dataset 10.xlsx,225
232,M11,11.83,0.0006,7.92,Dataset 11.xlsx,225
232,M12,14.68,0.0006,14.58,Dataset 12.xlsx,225
232,M13,13.85,0.0006,9.91,Dataset 13.xlsx,225
232,M14,11.79,0.0034,14.72,Dataset 14.xlsx,225
232,M15,13.47,0,7.42,Dataset 15.xlsx,225
232,M16,31.18,0.0002,23.94,Dataset 16.xlsx,225
232,M17,4.25,0.0056,3.61,Dataset 17.xlsx,225
232,M18,6.03,0.0035,3.19,Dataset 18.xlsx,225
232,M19,4.89,0.0019,2.58,Dataset 19.xlsx,225
232,M20,6.42,0,9.27,Dataset 20.xlsx,223
232,M21,4.85,0.0044,2.44,Dataset 21.xlsx,223
232,M22,9.44,0.004,6.8,Dataset 22.xlsx,223
232,M23,8.38,0.0021,10.17,Dataset 23.xlsx,223
232,M24,9.1,0,4.83,Dataset 24.xlsx,223
232,M25,11.22,0.002,7.63,Dataset 25.xlsx,233
232,M26,9.89,0.0033,11.68,Dataset 26.xlsx,233
232,M27,11.05,0.0026,7.56,Dataset 27.xlsx,233
232,M28,9.37,0.0026,11.01,Dataset 28.xlsx,233
232,M29,11.41,0.0019,5.83,Dataset 29.xlsx,233
232,M30,6.64,0,3.91,Dataset 30.xlsx,233
233,M01,6.88,0.003,4.42,Dataset 01.xlsx,226
233,M02,9.18,0,9.03,Dataset 02.xlsx,226
233,M03,9.17,0.0008,5.75,Dataset 03.xlsx,226
233,M04,8.34,0.0014,5.03,Dataset 04.xlsx,226
233,M05,8.26,0,5.31,Dataset 05.xlsx,226
233,M06,11.58,0.0006,7.27,Dataset 06.xlsx,226
233,M07,12.45,0.0017,8.09,Dataset 07.xlsx,226
233,M08,16.82,0.0004,17.48,Dataset 08.xlsx,226
233,M09,15.64,0.0012,15.77,Dataset 09.xlsx,226
233,M10,18.4,0.0004,12.63,Dataset 10.xlsx,226
233,M11,17.52,0.0008,12.22,Dataset 11.xlsx,226
233,M12,23.6,0.0011,24.05,Dataset 12.xlsx,226
233,M13,23.17,0.0007,17.24,Dataset 13.xlsx,226
233,M14,19.68,0.0006,25.24,Dataset 14.xlsx,226
233,M15,23.14,0.0003,13.46,Dataset 15.xlsx,226
233,M16,50.75,0.0005,39.6,Dataset 16.xlsx,226
233,M17,6.54,0.0026,6.11,Dataset 17.xlsx,226
233,M18,8.98,0.0011,5.24,Dataset 18.xlsx,226
233,M19,6.29,0,3.61,Dataset 19.xlsx,226
233,M20,8.61,0.0003,12.77,Dataset 20.xlsx,224
233,M21,6.02,0.0012,3.27,Dataset 21.xlsx,224
233,M22,13.48,0.0008,10.14,Dataset 22.xlsx,224
233,M23,11.63,0.0005,14.5,Dataset 23.xlsx,224
233,M24,13.44,0.0004,7.62,Dataset 24.xlsx,224
233,M25,13.5,0.0008,9.38,Dataset 25.xlsx,234
233,M26,12.19,0.0008,14.63,Dataset 26.xlsx,234
233,M27,15.28,0.0007,10.84,Dataset 27.xlsx,234
233,M28,13.24,0.0006,15.97,Dataset 28.xlsx,234
233,M29,15.04,0.0024,8,Dataset 29.xlsx,234
233,M30,9.19,0,5.81,Dataset 30.xlsx,234
234,M01,9.97,0.0053,6.85,Dataset 01.xlsx,227
234,M02,14.42,0.0021,14.76,Dataset 02.xlsx,227
234,M03,17.03,0.0013,11.54,Dataset 03.xlsx,227
234,M04,15.29,0.0018,10.06,Dataset 04.xlsx,227
234,M05,15.62,0.0005,10.92,Dataset 05.xlsx,227
234,M06,20.38,0.0008,13.56,Dataset 06.xlsx,227
234,M07,23.17,0,15.91,Dataset 07.xlsx,227
234,M08,27.22,0.0002,28.91,Dataset 08.xlsx,227
234,M09,25.81,0.0019,26.68,Dataset 09.xlsx,227
234,M10,29.31,0.0009,20.71,Dataset 10.xlsx,227
234,M11,27.83,0.0004,20,Dataset 11.xlsx,227
234,M12,41.17,0.0002,42.7,Dataset 12.xlsx,227
234,M13,44.31,0.0003,33.89,Dataset 13.xlsx,227
234,M14,41.45,0.0006,54.27,Dataset 14.xlsx,227
234,M15,44.94,0.0006,27.09,Dataset 15.xlsx,227
234,M16,74.09,0.0001,58.27,Dataset 16.xlsx,227
234,M17,10.68,0.0025,10.61,Dataset 17.xlsx,227
234,M18,15.23,0.0042,9.58,Dataset 18.xlsx,227
234,M19,16.69,0.0009,11.23,Dataset 19.xlsx,227
234,M20,17.68,0.0005,27.29,Dataset 20.xlsx,225
234,M21,15.45,0.0018,9.95,Dataset 21.xlsx,225
234,M22,32.95,0.0007,26.23,Dataset 22.xlsx,225
234,M23,38.55,0.0009,50.39,Dataset 23.xlsx,225
234,M24,32.54,0.0007,19.86,Dataset 24.xlsx,225
234,M25,16.59,0.0017,11.76,Dataset 25.xlsx,235
234,M26,18.03,0.0011,22.12,Dataset 26.xlsx,235
234,M27,25.9,0.0003,19.07,Dataset 27.xlsx,235
234,M28,23.28,0.0014,28.85,Dataset 28.xlsx,235
234,M29,26.1,0.0003,14.63,Dataset 29.xlsx,235
234,M30,17.03,0.0009,11.61,Dataset 30.xlsx,235
235,M01,4.95,0.002,2.9,Dataset 01.xlsx,228
235,M02,6.39,0.0009,5.98,Dataset 02.xlsx,228
235,M03,5.54,0.0038,3.07,Dataset 03.xlsx,228
235,M04,5.14,0.0041,2.72,Dataset 04.xlsx,228
235,M05,5.06,0.0042,2.86,Dataset 05.xlsx,228
235,M06,6.99,0.001,3.99,Dataset 06.xlsx,228
235,M07,7.03,0.0047,4.13,Dataset 07.xlsx,228
235,M08,8.79,0.0007,8.65,Dataset 08.xlsx,228
235,M09,7.18,0.0026,6.7,Dataset 09.xlsx,228
235,M10,10.56,0.0023,6.82,Dataset 10.xlsx,228
235,M11,9.35,0.0015,6.06,Dataset 11.xlsx,228
235,M12,10.39,0.0014,10.03,Dataset 12.xlsx,228
235,M13,10.76,0.0015,7.47,Dataset 13.xlsx,228
235,M14,7.99,0.0038,9.65,Dataset 14.xlsx,228
235,M15,10.97,0,5.86,Dataset 15.xlsx,228
235,M16,18.18,0.0006,13.54,Dataset 16.xlsx,228
235,M17,3.36,0.005,2.65,Dataset 17.xlsx,228
235,M18,5.57,0.0025,2.86,Dataset 18.xlsx,228
235,M19,4.77,0,2.49,Dataset 19.xlsx,228
235,M20,5.84,0,8.34,Dataset 20.xlsx,226
235,M21,4.73,0.0045,2.35,Dataset 21.xlsx,226
235,M22,8.55,0.0033,6.07,Dataset 22.xlsx,226
235,M23,6.98,0.0008,8.31,Dataset 23.xlsx,226
235,M24,8.46,0,4.42,Dataset 24.xlsx,226
235,M25,9.5,0.0024,6.31,Dataset 25.xlsx,236
235,M26,7.6,0.0033,8.74,Dataset 26.xlsx,236
235,M27,9.07,0.0016,6.03,Dataset 27.xlsx,236
235,M28,7.52,0.0033,8.64,Dataset 28.xlsx,236
235,M29,8.9,0.0016,4.33,Dataset 29.xlsx,236
235,M30,5.55,0,3.11,Dataset 30.xlsx,236
236,M01,8.15,0.0014,5.42,Dataset 01.xlsx,229
236,M02,10.79,0.0005,10.79,Dataset 02.xlsx,229
236,M03,12.39,0.0008,8.12,Dataset 03.xlsx,229
236,M04,11.54,0.0013,7.35,Dataset 04.xlsx,229
236,M05,11.73,0.0006,7.95,Dataset 05.xlsx,229
236,M06,15.22,0.0011,9.87,Dataset 06.xlsx,229
236,M07,17.36,0.0003,11.67,Dataset 07.xlsx,229
236,M08,21.62,0.0003,22.75,Dataset 08.xlsx,229
236,M09,20.46,0.0002,20.94,Dataset 09.xlsx,229
236,M10,23.13,0.0005,16.13,Dataset 10.xlsx,229
236,M11,22.41,0.0005,15.91,Dataset 11.xlsx,229
236,M12,31.7,0.0003,32.66,Dataset 12.xlsx,229
236,M13,33.31,0.0004,25.23,Dataset 13.xlsx,229
236,M14,30.22,0.0003,39.29,Dataset 14.xlsx,229
236,M15,33.32,0.0004,19.82,Dataset 15.xlsx,229
236,M16,62.4,0.0002,48.92,Dataset 16.xlsx,229
236,M17,8.51,0.0032,8.25,Dataset 17.xlsx,229
236,M18,11.92,0.0005,7.28,Dataset 18.xlsx,229
236,M19,10.66,0,6.81,Dataset 19.xlsx,229
236,M20,12.6,0.0004,19.16,Dataset 20.xlsx,227
236,M21,9.88,0.0014,6,Dataset 21.xlsx,227
236,M22,24.98,0.0004,19.64,Dataset 22.xlsx,227
236,M23,21.53,0.0015,27.71,Dataset 23.xlsx,227
236,M24,25.58,0.0004,15.4,Dataset 24.xlsx,227
236,M25,15.57,0.0011,10.98,Dataset 25.xlsx,237
236,M26,14.34,0.0005,17.38,Dataset 26.xlsx,237
236,M27,19.59,0.0004,14.18,Dataset 27.xlsx,237
236,M28,17.82,0.0009,21.85,Dataset 28.xlsx,237
236,M29,19.41,0.0004,10.62,Dataset 29.xlsx,237
236,M30,12.45,0,8.22,Dataset 30.xlsx,237
237,M01,7.34,0.0019,4.78,Dataset 01.xlsx,230
237,M02,10.1,0.0008,10.04,Dataset 02.xlsx,230
237,M03,11.19,0.0011,7.24,Dataset 03.xlsx,230
237,M04,10.32,0.0006,6.46,Dataset 04.xlsx,230
237,M05,10.26,0.0021,6.83,Dataset 05.xlsx,230
237,M06,13.89,0.0004,8.92,Dataset 06.xlsx,230
237,M07,15.11,0.0005,10.03,Dataset 07.xlsx,230
237,M08,19.86,0.0003,20.82,Dataset 08.xlsx,230
237,M09,18.7,0.0009,19.06,Dataset 09.xlsx,230
237,M10,21.22,0.0007,14.72,Dataset 10.xlsx,230
237,M11,20.47,0.001,14.45,Dataset 11.xlsx,230
237,M12,28.47,0.0003,29.22,Dataset 12.xlsx,230
237,M13,28.16,0.0008,21.17,Dataset 13.xlsx,230
237,M14,25.05,0.0006,32.4,Dataset 14.xlsx,230
237,M15,28.89,0.0005,17.06,Dataset 15.xlsx,230
237,M16,56.78,0.0001,44.42,Dataset 16.xlsx,230
237,M17,8.16,0.0018,7.87,Dataset 17.xlsx,230
237,M18,10.71,0.0014,6.44,Dataset 18.xlsx,230
237,M19,8.96,0.0027,5.56,Dataset 19.xlsx,230
237,M20,11.38,0.0004,17.2,Dataset 20.xlsx,228
237,M21,8.75,0.0024,5.21,Dataset 21.xlsx,228
237,M22,20.94,0.0007,16.31,Dataset 22.xlsx,228
237,M23,18.11,0.0004,23.14,Dataset 23.xlsx,228
237,M24,21.6,0.0006,12.85,Dataset 24.xlsx,228
237,M25,14.19,0.0016,9.92,Dataset 25.xlsx,238
237,M26,13.04,0.001,15.72,Dataset 26.xlsx,238
237,M27,16.82,0.0004,12.03,Dataset 27.xlsx,238
237,M28,15.05,0.0016,18.29,Dataset 28.xlsx,238
237,M29,16.92,0,9.13,Dataset 29.xlsx,238
237,M30,10.37,0,6.68,Dataset 30.xlsx,238
238,M01,5.06,0.0051,2.98,Dataset 01.xlsx,231
238,M02,6.77,0.0026,6.4,Dataset 02.xlsx,231
238,M03,5.71,0.0033,3.2,Dataset 03.xlsx,231
238,M04,5.41,0.0009,2.91,Dataset 04.xlsx,231
238,M05,5.34,0,3.08,Dataset 05.xlsx,231
238,M06,7.31,0.0019,4.22,Dataset 06.xlsx,231
238,M07,7.41,0,4.41,Dataset 07.xlsx,231
238,M08,10.31,0.0006,10.33,Dataset 08.xlsx,231
238,M09,9.36,0.0011,9.04,Dataset 09.xlsx,231
238,M10,11.84,0.0018,7.77,Dataset 10.xlsx,231
238,M11,10.96,0.0006,7.27,Dataset 11.xlsx,231
238,M12,13.2,0.001,13.01,Dataset 12.xlsx,231
238,M13,12.72,0.0006,9.02,Dataset 13.xlsx,231
238,M14,10.74,0.0016,13.32,Dataset 14.xlsx,231
238,M15,12.66,0.005,6.91,Dataset 15.xlsx,231
238,M16,27.18,0.0006,20.74,Dataset 16.xlsx,231
238,M17,3.77,0.0064,3.1,Dataset 17.xlsx,231
238,M18,5.68,0.0012,2.94,Dataset 18.xlsx,231
238,M19,4.93,0.001,2.61,Dataset 19.xlsx,231
238,M20,6.45,0.0034,9.31,Dataset 20.xlsx,229
238,M21,4.89,0.0014,2.46,Dataset 21.xlsx,229
238,M22,9.53,0.0017,6.88,Dataset 22.xlsx,229
238,M23,8.49,0,10.32,Dataset 23.xlsx,229
238,M24,9.21,0.0059,4.9,Dataset 24.xlsx,229
238,M25,13.35,0.0005,9.27,Dataset 25.xlsx,239
238,M26,11.93,0.0012,14.29,Dataset 26.xlsx,239
238,M27,14.73,0.0031,10.42,Dataset 27.xlsx,239
238,M28,12.68,0.0006,15.26,Dataset 28.xlsx,239
238,M29,14.54,0.0005,7.7,Dataset 29.xlsx,239
238,M30,8.87,0,5.57,Dataset 30.xlsx,239
239,M01,6.72,0.0021,4.29,Dataset 01.xlsx,232
239,M02,9.4,0.0009,9.27,Dataset 02.xlsx,232
239,M03,9.69,0.0011,6.13,Dataset 03.xlsx,232
239,M04,9.13,0.0006,5.6,Dataset 04.xlsx,232
239,M05,8.87,0,5.77,Dataset 05.xlsx,232
239,M06,11.53,0,7.24,Dataset 06.xlsx,232
239,M07,13.31,0.0004,8.72,Dataset 07.xlsx,232
239,M08,17.73,0.0004,18.48,Dataset 08.xlsx,232
239,M09,16.92,0.0008,17.14,Dataset 09.xlsx,232
239,M10,19.27,0.0006,13.27,Dataset 10.xlsx,232
239,M11,18.44,0,12.92,Dataset 11.xlsx,232
239,M12,25.3,0.0006,25.86,Dataset 12.xlsx,232
239,M13,26.39,0,19.78,Dataset 13.xlsx,232
239,M14,20.65,0.0007,26.53,Dataset 14.xlsx,232
239,M15,25.07,0.0005,14.67,Dataset 15.xlsx,232
239,M16,51.57,0.0003,40.26,Dataset 16.xlsx,232
239,M17,7.06,0.0014,6.67,Dataset 17.xlsx,232
239,M18,9.77,0.0022,5.78,Dataset 18.xlsx,232
239,M19,7.55,0.0011,4.53,Dataset 19.xlsx,232
239,M20,10.81,0.0004,16.3,Dataset 20.xlsx,230
239,M21,7.9,0,4.6,Dataset 21.xlsx,230
239,M22,18.78,0.0007,14.52,Dataset 22.xlsx,230
239,M23,14.97,0,18.96,Dataset 23.xlsx,230
239,M24,23.71,0.0005,14.2,Dataset 24.xlsx,230
239,M25,13.27,0.0001,9.21,Dataset 25.xlsx,240
239,M26,12.15,0.001,14.58,Dataset 26.xlsx,240
239,M27,15.06,0.0004,10.67,Dataset 27.xlsx,240
239,M28,13.34,0,16.1,Dataset 28.xlsx,240
239,M29,15.6,0.0005,8.34,Dataset 29.xlsx,240
239,M30,9.2,0,5.81,Dataset 30.xlsx,240
240,M01,5.63,0.0021,3.43,Dataset 01.xlsx,233
240,M02,7.14,0.0018,6.8,Dataset 02.xlsx,233
240,M03,6.03,0.0019,3.44,Dataset 03.xlsx,233
240,M04,5.66,0.0023,3.09,Dataset 04.xlsx,233
240,M05,5.54,0.0013,3.23,Dataset 05.xlsx,233
240,M06,7.71,0,4.51,Dataset 06.xlsx,233
240,M07,7.94,0.0009,4.79,Dataset 07.xlsx,233
240,M08,11.57,0.0006,11.71,Dataset 08.xlsx,233
240,M09,10.66,0.0005,10.43,Dataset 09.xlsx,233
240,M10,13,0.001,8.63,Dataset 10.xlsx,233
240,M11,12.27,0.0012,8.26,Dataset 11.xlsx,233
240,M12,15.34,0.0006,15.29,Dataset 12.xlsx,233
240,M13,14.58,0.0011,10.48,Dataset 13.xlsx,233
240,M14,12.37,0.0012,15.49,Dataset 14.xlsx,233
240,M15,14.19,0.0011,7.87,Dataset 15.xlsx,233
240,M16,32.85,0.0002,25.28,Dataset 16.xlsx,233
240,M17,4.4,0.0022,3.78,Dataset 17.xlsx,233
240,M18,6.14,0,3.26,Dataset 18.xlsx,233
240,M19,4.95,0.0035,2.62,Dataset 19.xlsx,233
240,M20,6.64,0.0008,9.62,Dataset 20.xlsx,231
240,M21,4.89,0.0014,2.46,Dataset 21.xlsx,231
240,M22,10.97,0.0013,8.07,Dataset 22.xlsx,231
240,M23,9.17,0.0033,11.23,Dataset 23.xlsx,231
240,M24,11.12,0.0012,6.13,Dataset 24.xlsx,231
240,M25,11.97,0.0007,8.21,Dataset 25.xlsx,241
240,M26,10.66,0.0012,12.67,Dataset 26.xlsx,241
240,M27,11.4,0.0025,7.84,Dataset 27.xlsx,241
240,M28,9.89,0.0008,11.68,Dataset 28.xlsx,241
240,M29,11.67,0.0006,5.99,Dataset 29.xlsx,241
240,M30,7.1,0,4.26,Dataset 30.xlsx,241
241,M01,6.39,0.0018,4.03,Dataset 01.xlsx,234
241,M02,8.52,0.0006,8.31,Dataset 02.xlsx,234
241,M03,7.87,0,4.79,Dataset 03.xlsx,234
241,M04,7.08,0.0007,4.12,Dataset 04.xlsx,234
241,M05,6.81,0.001,4.19,Dataset 05.xlsx,234
241,M06,9.94,0.0014,6.1,Dataset 06.xlsx,234
241,M07,10.63,0.0166,6.76,Dataset 07.xlsx,234
241,M08,14.79,0.0004,15.25,Dataset 08.xlsx,234
241,M09,13.45,0.0044,13.42,Dataset 09.xlsx,234
241,M10,16.37,0,11.13,Dataset 10.xlsx,234
241,M11,15.01,0.0005,10.32,Dataset 11.xlsx,234
241,M12,20.29,0.0003,20.53,Dataset 12.xlsx,234
241,M13,18.35,0.0004,13.45,Dataset 13.xlsx,234
241,M14,15.14,0,19.19,Dataset 14.xlsx,234
241,M15,19.01,0.0011,10.88,Dataset 15.xlsx,234
241,M16,41.75,0.0001,32.4,Dataset 16.xlsx,234
241,M17,6.14,0.0039,5.67,Dataset 17.xlsx,234
241,M18,8.33,0.0008,4.78,Dataset 18.xlsx,234
241,M19,6.87,0.0017,4.03,Dataset 19.xlsx,234
241,M20,9.06,0.0008,13.49,Dataset 20.xlsx,232
241,M21,6.45,0.0011,3.57,Dataset 21.xlsx,232
241,M22,14.51,0,10.99,Dataset 22.xlsx,232
241,M23,12.13,0.0027,15.17,Dataset 23.xlsx,232
241,M24,14.74,0.0012,8.45,Dataset 24.xlsx,232
241,M25,11.57,0.0008,7.9,Dataset 25.xlsx,242
241,M26,10.56,0,12.54,Dataset 26.xlsx,242
241,M27,11.63,0.0007,8.02,Dataset 27.xlsx,242
241,M28,10.73,0.0008,12.76,Dataset 28.xlsx,242
241,M29,12.74,0.0033,6.63,Dataset 29.xlsx,242
241,M30,7.17,0.0009,4.31,Dataset 30.xlsx,242
242,M01,7.3,0.001,4.75,Dataset 01.xlsx,235
242,M02,9.81,0.0005,9.72,Dataset 02.xlsx,235
242,M03,10.47,0.0004,6.71,Dataset 03.xlsx,235
242,M04,9.56,0.0008,5.92,Dataset 04.xlsx,235
242,M05,9.58,0,6.31,Dataset 05.xlsx,235
242,M06,13.01,0.0004,8.29,Dataset 06.xlsx,235
242,M07,14.5,0.0015,9.58,Dataset 07.xlsx,235
242,M08,18.92,0.0003,19.79,Dataset 08.xlsx,235
242,M09,17.66,0.0012,17.94,Dataset 09.xlsx,235
242,M10,20.36,0.0002,14.08,Dataset 10.xlsx,235
242,M11,19.37,0,13.62,Dataset 11.xlsx,235
242,M12,27.27,0.0004,27.95,Dataset 12.xlsx,235
242,M13,27.49,0,20.65,Dataset 13.xlsx,235
242,M14,24.29,0.001,31.39,Dataset 14.xlsx,235
242,M15,27.4,0.0003,16.12,Dataset 15.xlsx,235
242,M16,56.08,0.0002,43.86,Dataset 16.xlsx,235
242,M17,7.31,0.0021,6.94,Dataset 17.xlsx,235
242,M18,10.14,0.0028,6.04,Dataset 18.xlsx,235
242,M19,7.44,0.0007,4.45,Dataset 19.xlsx,235
242,M20,9.81,0.0002,14.7,Dataset 20.xlsx,233
242,M21,6.95,0.0031,3.93,Dataset 21.xlsx,233
242,M22,16.46,0.0013,12.6,Dataset 22.xlsx,233
242,M23,14.08,0,17.77,Dataset 23.xlsx,233
242,M24,16.61,0.0004,9.65,Dataset 24.xlsx,233
242,M25,14.29,0.0015,9.99,Dataset 25.xlsx,243
242,M26,13.08,0.0015,15.77,Dataset 26.xlsx,243
242,M27,17.02,0.0004,12.19,Dataset 27.xlsx,243
242,M28,15.2,0.0016,18.49,Dataset 28.xlsx,243
242,M29,16.75,0.0013,9.03,Dataset 29.xlsx,243
242,M30,10.52,0.0004,6.79,Dataset 30.xlsx,243
243,M01,6.95,0.0041,4.47,Dataset 01.xlsx,236
243,M02,9.48,0.0005,9.36,Dataset 02.xlsx,236
243,M03,9.78,0,6.2,Dataset 03.xlsx,236
243,M04,8.86,0,5.41,Dataset 04.xlsx,236
243,M05,8.47,0.0008,5.46,Dataset 05.xlsx,236
243,M06,12.04,0.0004,7.6,Dataset 06.xlsx,236
243,M07,13.42,0.0005,8.79,Dataset 07.xlsx,236
243,M08,17.83,0.0004,18.59,Dataset 08.xlsx,236
243,M09,16.53,0.0003,16.73,Dataset 09.xlsx,236
243,M10,19.37,0,13.35,Dataset 10.xlsx,236
243,M11,17.85,0.0006,12.47,Dataset 11.xlsx,236
243,M12,25.37,0.0007,25.93,Dataset 12.xlsx,236
243,M13,24.76,0.0005,18.5,Dataset 13.xlsx,236
243,M14,21.46,0.0006,27.61,Dataset 14.xlsx,236
243,M15,25.1,0,14.69,Dataset 15.xlsx,236
243,M16,52.9,0.0001,41.32,Dataset 16.xlsx,236
243,M17,7.24,0.002,6.86,Dataset 17.xlsx,236
243,M18,10.05,0,5.98,Dataset 18.xlsx,236
243,M19,7.09,0.001,4.19,Dataset 19.xlsx,236
243,M20,10.39,0,15.62,Dataset 20.xlsx,234
243,M21,7.6,0,4.39,Dataset 21.xlsx,234
243,M22,18.28,0.0006,14.11,Dataset 22.xlsx,234
243,M23,15.58,0.0004,19.77,Dataset 23.xlsx,234
243,M24,18.62,0,10.94,Dataset 24.xlsx,234
243,M25,12.89,0.0002,8.92,Dataset 25.xlsx,244
243,M26,11.69,0.0008,13.99,Dataset 26.xlsx,244
243,M27,14.2,0,10.01,Dataset 27.xlsx,244
243,M28,12.37,0,14.86,Dataset 28.xlsx,244
243,M29,14.45,0.0024,7.65,Dataset 29.xlsx,244
243,M30,8.54,0.0013,5.32,Dataset 30.xlsx,244
244,M01,7.83,0.0018,5.17,Dataset 01.xlsx,237
244,M02,10.41,0.0006,10.37,Dataset 02.xlsx,237
244,M03,11.55,0.0009,7.5,Dataset 03.xlsx,237
244,M04,10.69,0.0004,6.73,Dataset 04.xlsx,237
244,M05,10.85,0,7.28,Dataset 05.xlsx,237
244,M06,14.27,0,9.19,Dataset 06.xlsx,237
244,M07,16.06,0.0103,10.72,Dataset 07.xlsx,237
244,M08,20.42,0.0003,21.44,Dataset 08.xlsx,237
244,M09,19.2,0.0003,19.59,Dataset 09.xlsx,237
244,M10,21.97,0.0005,15.27,Dataset 10.xlsx,237
244,M11,21.2,0,15,Dataset 11.xlsx,237
244,M12,29.59,0.0007,30.41,Dataset 12.xlsx,237
244,M13,30.56,0,23.06,Dataset 13.xlsx,237
244,M14,27.22,0.0002,35.29,Dataset 14.xlsx,237
244,M15,30.76,0.0005,18.23,Dataset 15.xlsx,237
244,M16,59.36,0.0005,46.49,Dataset 16.xlsx,237
244,M17,8.04,0.0012,7.74,Dataset 17.xlsx,237
244,M18,11.17,0.0012,6.76,Dataset 18.xlsx,237
244,M19,9.66,0,6.08,Dataset 19.xlsx,237
244,M20,11.82,0.0004,17.9,Dataset 20.xlsx,235
244,M21,9,0.0024,5.38,Dataset 21.xlsx,235
244,M22,22.5,0.0003,17.6,Dataset 22.xlsx,235
244,M23,19.22,0.0007,24.63,Dataset 23.xlsx,235
244,M24,23.03,0.0005,13.76,Dataset 24.xlsx,235
244,M25,15.04,0.0016,10.57,Dataset 25.xlsx,245
244,M26,13.82,0.0004,16.72,Dataset 26.xlsx,245
244,M27,18.48,0.0004,13.32,Dataset 27.xlsx,245
244,M28,16.59,0.0015,20.27,Dataset 28.xlsx,245
244,M29,18.38,0.0012,10,Dataset 29.xlsx,245
244,M30,11.61,0.0013,7.6,Dataset 30.xlsx,245
245,M01,7.44,0.0016,4.86,Dataset 01.xlsx,238
245,M02,9.96,0.0006,9.88,Dataset 02.xlsx,238
245,M03,10.84,0.0005,6.98,Dataset 03.xlsx,238
245,M04,10.48,0,6.58,Dataset 04.xlsx,238
245,M05,10.57,0,7.07,Dataset 05.xlsx,238
245,M06,13.48,0.0005,8.63,Dataset 06.xlsx,238
245,M07,15.07,0,10,Dataset 07.xlsx,238
245,M08,19.44,0.0003,20.36,Dataset 08.xlsx,238
245,M09,19.03,0.0007,19.41,Dataset 09.xlsx,238
245,M10,20.89,0.0003,14.47,Dataset 10.xlsx,238
245,M11,20.83,0,14.72,Dataset 11.xlsx,238
245,M12,28.18,0.0005,28.92,Dataset 12.xlsx,238
245,M13,29.01,0,21.84,Dataset 13.xlsx,238
245,M14,26.38,0.0013,34.17,Dataset 14.xlsx,238
245,M15,29.61,0,17.51,Dataset 15.xlsx,238
245,M16,57.74,0.0004,45.19,Dataset 16.xlsx,238
245,M17,7.76,0.0022,7.43,Dataset 17.xlsx,238
245,M18,10.91,0.0013,6.58,Dataset 18.xlsx,238
245,M19,8.29,0.0007,5.07,Dataset 19.xlsx,238
245,M20,10.03,0,15.04,Dataset 20.xlsx,236
245,M21,7.75,0.0027,4.49,Dataset 21.xlsx,236
245,M22,17.56,0.0019,13.51,Dataset 22.xlsx,236
245,M23,17.05,0.0004,21.73,Dataset 23.xlsx,236
245,M24,17.82,0,10.42,Dataset 24.xlsx,236
245,M25,16.26,0.0015,11.51,Dataset 25.xlsx,246
245,M26,15.03,0.0019,18.27,Dataset 26.xlsx,246
245,M27,20.99,0.0007,15.27,Dataset 27.xlsx,246
245,M28,19.15,0.0013,23.55,Dataset 28.xlsx,246
245,M29,20.01,0.0007,10.98,Dataset 29.xlsx,246
245,M30,13.15,0.0013,8.74,Dataset 30.xlsx,246
246,M01,7.92,0.0026,5.24,Dataset 01.xlsx,239
246,M02,10.6,0.0009,10.59,Dataset 02.xlsx,239
246,M03,11.95,0.0003,7.8,Dataset 03.xlsx,239
246,M04,11.04,0.0025,6.99,Dataset 04.xlsx,239
246,M05,11.18,0,7.53,Dataset 05.xlsx,239
246,M06,14.58,0,9.41,Dataset 06.xlsx,239
246,M07,16.66,0.0042,11.16,Dataset 07.xlsx,239
246,M08,20.99,0.0003,22.06,Dataset 08.xlsx,239
246,M09,19.74,0.0005,20.16,Dataset 09.xlsx,239
246,M10,22.51,0.0002,15.67,Dataset 10.xlsx,239
246,M11,21.69,0.0003,15.37,Dataset 11.xlsx,239
246,M12,30.57,0.0005,31.45,Dataset 12.xlsx,239
246,M13,31.36,0.0003,23.69,Dataset 13.xlsx,239
246,M14,28.08,0.0002,36.44,Dataset 14.xlsx,239
246,M15,31.9,0.0002,18.93,Dataset 15.xlsx,239
246,M16,60.24,0,47.19,Dataset 16.xlsx,239
246,M17,8.21,0.0012,7.92,Dataset 17.xlsx,239
246,M18,11.51,0.0055,6.99,Dataset 18.xlsx,239
246,M19,9.83,0,6.2,Dataset 19.xlsx,239
246,M20,11.83,0.0002,17.93,Dataset 20.xlsx,237
246,M21,9.15,0.0023,5.49,Dataset 21.xlsx,237
246,M22,22.51,0.0003,17.6,Dataset 22.xlsx,237
246,M23,19.31,0.0008,24.75,Dataset 23.xlsx,237
246,M24,23.22,0.0003,13.88,Dataset 24.xlsx,237
246,M25,15.2,0.0016,10.69,Dataset 25.xlsx,247
246,M26,13.96,0.0004,16.9,Dataset 26.xlsx,247
246,M27,18.8,0.0004,13.57,Dataset 27.xlsx,247
246,M28,16.98,0.0015,20.77,Dataset 28.xlsx,247
246,M29,18.85,0.0008,10.29,Dataset 29.xlsx,247
246,M30,11.99,0.0009,7.88,Dataset 30.xlsx,247
247,M01,4.35,0.0033,2.43,Dataset 01.xlsx,240
247,M02,5.23,0.0036,4.72,Dataset 02.xlsx,240
247,M03,4.82,0.0103,2.55,Dataset 03.xlsx,240
247,M04,4.63,0.0011,2.35,Dataset 04.xlsx,240
247,M05,4.38,0.0016,2.34,Dataset 05.xlsx,240
247,M06,6.22,0,3.44,Dataset 06.xlsx,240
247,M07,5.83,0.0036,3.26,Dataset 07.xlsx,240
247,M08,6.91,0.0009,6.59,Dataset 08.xlsx,240
247,M09,6.1,0.0009,5.54,Dataset 09.xlsx,240
247,M10,8.28,0.0069,5.13,Dataset 10.xlsx,240
247,M11,7.02,0.0101,4.29,Dataset 11.xlsx,240
247,M12,7.22,0.0024,6.66,Dataset 12.xlsx,240
247,M13,8.69,0.0091,5.84,Dataset 13.xlsx,240
247,M14,6.18,0.0078,7.24,Dataset 14.xlsx,240
247,M15,8.8,0.0008,4.5,Dataset 15.xlsx,240
247,M16,13.83,0.0017,10.06,Dataset 16.xlsx,240
247,M17,2.83,0.0035,2.07,Dataset 17.xlsx,240
247,M18,5.15,0.0025,2.57,Dataset 18.xlsx,240
247,M19,4.4,0.0063,2.22,Dataset 19.xlsx,240
247,M20,5.05,0.0005,7.07,Dataset 20.xlsx,238
247,M21,4.39,0.0048,2.11,Dataset 21.xlsx,238
247,M22,6.9,0.0065,4.7,Dataset 22.xlsx,238
247,M23,5.29,0.0053,6.05,Dataset 23.xlsx,238
247,M24,6.87,0.0009,3.4,Dataset 24.xlsx,238
247,M25,12.31,0.0019,8.47,Dataset 25.xlsx,248
247,M26,10.73,0.0037,12.76,Dataset 26.xlsx,248
247,M27,12.71,0,8.85,Dataset 27.xlsx,248
247,M28,10.52,0.0023,12.49,Dataset 28.xlsx,248
247,M29,13.1,0.0011,6.84,Dataset 29.xlsx,248
247,M30,7.71,0.0009,4.71,Dataset 30.xlsx,248
248,M01,7.89,0.0018,5.21,Dataset 01.xlsx,241
248,M02,10.57,0.0005,10.55,Dataset 02.xlsx,241
248,M03,12,0.0004,7.84,Dataset 03.xlsx,241
248,M04,11.16,0.0004,7.07,Dataset 04.xlsx,241
248,M05,11.33,0.0006,7.65,Dataset 05.xlsx,241
248,M06,14.67,0.0012,9.48,Dataset 06.xlsx,241
248,M07,16.8,0,11.26,Dataset 07.xlsx,241
248,M08,21.09,0.0003,22.18,Dataset 08.xlsx,241
248,M09,19.93,0.0003,20.37,Dataset 09.xlsx,241
248,M10,22.57,0.0003,15.72,Dataset 10.xlsx,241
248,M11,21.84,0.0008,15.48,Dataset 11.xlsx,241
248,M12,30.86,0.0002,31.76,Dataset 12.xlsx,241
248,M13,31.99,0.0006,24.19,Dataset 13.xlsx,241
248,M14,28.92,0.0002,37.56,Dataset 14.xlsx,241
248,M15,32.18,0.0002,19.11,Dataset 15.xlsx,241
248,M16,60.96,0.0004,47.77,Dataset 16.xlsx,241
248,M17,8.28,0.0033,8,Dataset 17.xlsx,241
248,M18,11.6,0.0013,7.06,Dataset 18.xlsx,241
248,M19,10.65,0,6.8,Dataset 19.xlsx,241
248,M20,12.77,0.0002,19.43,Dataset 20.xlsx,239
248,M21,10.01,0.0014,6.1,Dataset 21.xlsx,239
248,M22,25.58,0.0002,20.14,Dataset 22.xlsx,239
248,M23,22.38,0.0005,28.84,Dataset 23.xlsx,239
248,M24,25.99,0.0002,15.66,Dataset 24.xlsx,239
248,M25,15.22,0.001,10.71,Dataset 25.xlsx,249
248,M26,14.07,0.0004,17.04,Dataset 26.xlsx,249
248,M27,18.97,0.0006,13.7,Dataset 27.xlsx,249
248,M28,17.23,0.001,21.09,Dataset 28.xlsx,249
248,M29,18.87,0.0007,10.3,Dataset 29.xlsx,249
248,M30,12.04,0.0004,7.92,Dataset 30.xlsx,249
249,M01,6.14,0.0009,3.83,Dataset 01.xlsx,242
249,M02,8.19,0.0012,7.95,Dataset 02.xlsx,242
249,M03,7.5,0.0013,4.52,Dataset 03.xlsx,242
249,M04,6.78,0.0015,3.9,Dataset 04.xlsx,242
249,M05,6.5,0,3.96,Dataset 05.xlsx,242
249,M06,9.46,0,5.76,Dataset 06.xlsx,242
249,M07,9.94,0.0021,6.26,Dataset 07.xlsx,242
249,M08,13.93,0.0005,14.3,Dataset 08.xlsx,242
249,M09,12.64,0.0008,12.56,Dataset 09.xlsx,242
249,M10,15.58,0.0007,10.54,Dataset 10.xlsx,242
249,M11,14.34,0,9.82,Dataset 11.xlsx,242
249,M12,18.74,0.0011,18.89,Dataset 12.xlsx,242
249,M13,17.67,0,12.91,Dataset 13.xlsx,242
249,M14,14.66,0.0007,18.55,Dataset 14.xlsx,242
249,M15,17.72,0.0004,10.07,Dataset 15.xlsx,242
249,M16,40.54,0.0001,31.43,Dataset 16.xlsx,242
249,M17,5.53,0.0018,5.01,Dataset 17.xlsx,242
249,M18,7.56,0.0028,4.25,Dataset 18.xlsx,242
249,M19,5.65,0.0026,3.14,Dataset 19.xlsx,242
249,M20,7.92,0.0003,11.67,Dataset 20.xlsx,240
249,M21,5.62,0.0013,2.98,Dataset 21.xlsx,240
249,M22,12.22,0.0007,9.1,Dataset 22.xlsx,240
249,M23,10.47,0.0029,12.96,Dataset 23.xlsx,240
249,M24,12.17,0.0005,6.8,Dataset 24.xlsx,240
249,M25,8.84,0.0008,5.8,Dataset 25.xlsx,250
249,M26,7.09,0.0011,8.09,Dataset 26.xlsx,250
249,M27,8.51,0.0017,5.6,Dataset 27.xlsx,250
249,M28,7.2,0.0011,8.23,Dataset 28.xlsx,250
249,M29,8.27,0.0017,3.95,Dataset 29.xlsx,250
249,M30,4.98,0.0018,2.69,Dataset 30.xlsx,250
250,M01,9.28,0.0015,6.31,Dataset 01.xlsx,243
250,M02,11.82,0,11.92,Dataset 02.xlsx,243
250,M03,14.3,0.0035,9.53,Dataset 03.xlsx,243
250,M04,13.29,0.0004,8.61,Dataset 04.xlsx,243
250,M05,13.55,0,9.34,Dataset 05.xlsx,243
250,M06,17.19,0.0004,11.28,Dataset 06.xlsx,243
250,M07,20.25,0.0081,13.78,Dataset 07.xlsx,243
250,M08,24.25,0.0003,25.64,Dataset 08.xlsx,243
250,M09,22.92,0.0059,23.58,Dataset 09.xlsx,243
250,M10,25.75,0.0022,18.07,Dataset 10.xlsx,243
250,M11,24.9,0,17.79,Dataset 11.xlsx,243
250,M12,36.22,0.0002,37.44,Dataset 12.xlsx,243
250,M13,38.6,0,29.39,Dataset 13.xlsx,243
250,M14,35.86,0.0003,46.81,Dataset 14.xlsx,243
250,M15,38.85,0.0002,23.28,Dataset 15.xlsx,243
250,M16,68.13,0.0001,53.5,Dataset 16.xlsx,243
250,M17,9.41,0.0018,9.23,Dataset 17.xlsx,243
250,M18,13.53,0.0005,8.39,Dataset 18.xlsx,243
250,M19,13.47,0.0006,8.87,Dataset 19.xlsx,243
250,M20,14.98,0.0002,22.97,Dataset 20.xlsx,241
250,M21,12.28,0,7.71,Dataset 21.xlsx,241
250,M22,32.72,0.0003,26.04,Dataset 22.xlsx,241
250,M23,29.36,0.0032,38.14,Dataset 23.xlsx,241
250,M24,33.22,0.0002,20.29,Dataset 24.xlsx,241
250,M25,16.93,0.0001,12.02,Dataset 25.xlsx,251
250,M26,15.56,0.0005,18.95,Dataset 26.xlsx,251
250,M27,21.9,0.0008,15.98,Dataset 27.xlsx,251
250,M28,20.18,0,24.87,Dataset 28.xlsx,251
250,M29,21.66,0.001,11.97,Dataset 29.xlsx,251
250,M30,14.35,0.0014,9.63,Dataset 30.xlsx,251
251,M01,7.71,0.0018,5.07,Dataset 01.xlsx,244
251,M02,10.34,0,10.3,Dataset 02.xlsx,244
251,M03,11.55,0.0024,7.5,Dataset 03.xlsx,244
251,M04,10.73,0.0009,6.76,Dataset 04.xlsx,244
251,M05,10.9,0,7.32,Dataset 05.xlsx,244
251,M06,14.21,0,9.15,Dataset 06.xlsx,244
251,M07,16.12,0.0004,10.76,Dataset 07.xlsx,244
251,M08,20.43,0.0003,21.45,Dataset 08.xlsx,244
251,M09,19.32,0.0003,19.72,Dataset 09.xlsx,244
251,M10,21.92,0.0015,15.24,Dataset 10.xlsx,244
251,M11,21.21,0,15.01,Dataset 11.xlsx,244
251,M12,29.78,0.0003,30.62,Dataset 12.xlsx,244
251,M13,30.82,0,23.27,Dataset 13.xlsx,244
251,M14,27.77,0.0002,36.03,Dataset 14.xlsx,244
251,M15,30.84,0.0005,18.28,Dataset 15.xlsx,244
251,M16,59.72,0.0001,46.78,Dataset 16.xlsx,244
251,M17,8.06,0.0012,7.76,Dataset 17.xlsx,244
251,M18,11.2,0,6.78,Dataset 18.xlsx,244
251,M19,10.48,0,6.68,Dataset 19.xlsx,244
251,M20,12.69,0.0004,19.3,Dataset 20.xlsx,242
251,M21,9.91,0.0007,6.03,Dataset 21.xlsx,242
251,M22,25.29,0.0002,19.9,Dataset 22.xlsx,242
251,M23,22.16,0.0008,28.55,Dataset 23.xlsx,242
251,M24,25.6,0.0005,15.41,Dataset 24.xlsx,242
251,M25,14.95,0.0007,10.5,Dataset 25.xlsx,252
251,M26,13.8,0.0004,16.69,Dataset 26.xlsx,252
251,M27,18.43,0.0008,13.29,Dataset 27.xlsx,252
251,M28,16.71,0.0005,20.42,Dataset 28.xlsx,252
251,M29,18.28,0.0004,9.94,Dataset 29.xlsx,252
251,M30,11.57,0.0009,7.57,Dataset 30.xlsx,252
252,M01,7.04,0.0023,4.54,Dataset 01.xlsx,245
252,M02,9.79,0.0005,9.7,Dataset 02.xlsx,245
252,M03,10.47,0.0009,6.71,Dataset 03.xlsx,245
252,M04,9.87,0,6.14,Dataset 04.xlsx,245
252,M05,9.67,0.0007,6.38,Dataset 05.xlsx,245
252,M06,12.45,0.0006,7.89,Dataset 06.xlsx,245
252,M07,14.52,0.0006,9.6,Dataset 07.xlsx,245
252,M08,18.91,0.0003,19.77,Dataset 08.xlsx,245
252,M09,18.06,0.0005,18.36,Dataset 09.xlsx,245
252,M10,20.4,0.0006,14.11,Dataset 10.xlsx,245
252,M11,19.6,0.0004,13.79,Dataset 11.xlsx,245
252,M12,27.28,0.0002,27.96,Dataset 12.xlsx,245
252,M13,26.13,0.0003,19.57,Dataset 13.xlsx,245
252,M14,23.13,0.0003,29.84,Dataset 14.xlsx,245
252,M15,27.57,0.0008,16.23,Dataset 15.xlsx,245
252,M16,54.55,0.0001,42.64,Dataset 16.xlsx,245
252,M17,7.5,0.0023,7.15,Dataset 17.xlsx,245
252,M18,10.46,0.0014,6.26,Dataset 18.xlsx,245
252,M19,7.25,0.0015,4.31,Dataset 19.xlsx,245
252,M20,10.46,0.0007,15.74,Dataset 20.xlsx,243
252,M21,7.58,0.0028,4.37,Dataset 21.xlsx,243
252,M22,17.94,0.0003,13.83,Dataset 22.xlsx,243
252,M23,14.54,0.006,18.39,Dataset 23.xlsx,243
252,M24,20.87,0.0009,12.38,Dataset 24.xlsx,243
252,M25,13.8,0.0017,9.62,Dataset 25.xlsx,253
252,M26,12.71,0.0004,15.29,Dataset 26.xlsx,253
252,M27,16.16,0.0004,11.52,Dataset 27.xlsx,253
252,M28,14.46,0.0017,17.54,Dataset 28.xlsx,253
252,M29,16.65,0.0017,8.97,Dataset 29.xlsx,253
252,M30,10,0.0004,6.41,Dataset 30.xlsx,253
253,M01,8.4,0.002,5.61,Dataset 01.xlsx,246
253,M02,11.03,0.0008,11.05,Dataset 02.xlsx,246
253,M03,12.67,0.0007,8.32,Dataset 03.xlsx,246
253,M04,11.56,0.0006,7.36,Dataset 04.xlsx,246
253,M05,12.44,0,8.5,Dataset 05.xlsx,246
253,M06,15.51,0.0005,10.08,Dataset 06.xlsx,246
253,M07,17.61,0.0004,11.85,Dataset 07.xlsx,246
253,M08,21.91,0.0003,23.08,Dataset 08.xlsx,246
253,M09,20.39,0.0003,20.87,Dataset 09.xlsx,246
253,M10,23.59,0.0004,16.47,Dataset 10.xlsx,246
253,M11,23.46,0.0003,16.7,Dataset 11.xlsx,246
253,M12,31.8,0.0004,32.76,Dataset 12.xlsx,246
253,M13,33.41,0.0003,25.31,Dataset 13.xlsx,246
253,M14,29.76,0.0002,38.68,Dataset 14.xlsx,246
253,M15,34.16,0.0003,20.35,Dataset 15.xlsx,246
253,M16,62.37,0.0001,48.9,Dataset 16.xlsx,246
253,M17,7.93,0.0021,7.61,Dataset 17.xlsx,246
253,M18,11.03,0,6.66,Dataset 18.xlsx,246
253,M19,10.37,0.0012,6.6,Dataset 19.xlsx,246
253,M20,9.96,0.0004,14.94,Dataset 20.xlsx,244
253,M21,7.57,0.0028,4.37,Dataset 21.xlsx,244
253,M22,17.32,0.0003,13.31,Dataset 22.xlsx,244
253,M23,16.69,0.0068,21.25,Dataset 23.xlsx,244
253,M24,17.31,0.0006,10.1,Dataset 24.xlsx,244
253,M25,16.2,0.0015,11.46,Dataset 25.xlsx,254
253,M26,14.97,0.0003,18.19,Dataset 26.xlsx,254
253,M27,20.77,0.0007,15.1,Dataset 27.xlsx,254
253,M28,19.01,0.0013,23.37,Dataset 28.xlsx,254
253,M29,20.72,0.0007,11.41,Dataset 29.xlsx,254
253,M30,13.5,0.0013,9,Dataset 30.xlsx,254
254,M01,8.5,0.0033,5.69,Dataset 01.xlsx,247
254,M02,11.28,0.0027,11.33,Dataset 02.xlsx,247
254,M03,13.53,0.0005,8.96,Dataset 03.xlsx,247
254,M04,12.67,0.0004,8.17,Dataset 04.xlsx,247
254,M05,12.9,0,8.85,Dataset 05.xlsx,247
254,M06,16.26,0.0004,10.61,Dataset 06.xlsx,247
254,M07,19.17,0.0004,12.99,Dataset 07.xlsx,247
254,M08,23.25,0.0003,24.55,Dataset 08.xlsx,247
254,M09,22.08,0.0002,22.67,Dataset 09.xlsx,247
254,M10,24.63,0.0003,17.24,Dataset 10.xlsx,247
254,M11,23.98,0.0003,17.09,Dataset 11.xlsx,247
254,M12,34.6,0.0003,35.73,Dataset 12.xlsx,247
254,M13,36.48,0.0002,27.72,Dataset 13.xlsx,247
254,M14,33.83,0.0002,44.11,Dataset 14.xlsx,247
254,M15,36.58,0.0008,21.86,Dataset 15.xlsx,247
254,M16,65.88,0.0001,51.7,Dataset 16.xlsx,247
254,M17,9.05,0.0019,8.84,Dataset 17.xlsx,247
254,M18,12.98,0.0005,8.01,Dataset 18.xlsx,247
254,M19,12.7,0.0028,8.3,Dataset 19.xlsx,247
254,M20,14.17,0.0007,21.67,Dataset 20.xlsx,245
254,M21,11.76,0.0024,7.34,Dataset 21.xlsx,245
254,M22,30.18,0.0002,23.94,Dataset 22.xlsx,245
254,M23,26.72,0.0005,34.63,Dataset 23.xlsx,245
254,M24,30.74,0.0008,18.71,Dataset 24.xlsx,245
254,M25,16.17,0.0018,11.44,Dataset 25.xlsx,255
254,M26,14.99,0.0004,18.22,Dataset 26.xlsx,255
254,M27,20.85,0,15.16,Dataset 27.xlsx,255
254,M28,19.23,0.0017,23.65,Dataset 28.xlsx,255
254,M29,20.61,0.0003,11.34,Dataset 29.xlsx,255
254,M30,13.59,0.0013,9.06,Dataset 30.xlsx,255
255,M01,7.69,0.0027,5.06,Dataset 01.xlsx,248
255,M02,10.41,0.0009,10.38,Dataset 02.xlsx,248
255,M03,11.32,0.0081,7.33,Dataset 03.xlsx,248
255,M04,10.47,0.002,6.57,Dataset 04.xlsx,248
255,M05,10.54,0.0007,7.05,Dataset 05.xlsx,248
255,M06,14.13,0.0014,9.09,Dataset 06.xlsx,248
255,M07,15.64,0.0005,10.42,Dataset 07.xlsx,248
255,M08,20.05,0.0003,21.03,Dataset 08.xlsx,248
255,M09,18.97,0.0006,19.34,Dataset 09.xlsx,248
255,M10,21.57,0.0049,14.98,Dataset 10.xlsx,248
255,M11,20.83,0.0003,14.72,Dataset 11.xlsx,248
255,M12,28.86,0.0007,29.64,Dataset 12.xlsx,248
255,M13,29.76,0.0003,22.43,Dataset 13.xlsx,248
255,M14,26.38,0.0003,34.17,Dataset 14.xlsx,248
255,M15,30.1,0.0007,17.81,Dataset 15.xlsx,248
255,M16,58.48,0.0002,45.78,Dataset 16.xlsx,248
255,M17,7.83,0.0037,7.51,Dataset 17.xlsx,248
255,M18,11.14,0.0006,6.74,Dataset 18.xlsx,248
255,M19,8.52,0.0033,5.24,Dataset 19.xlsx,248
255,M20,10.57,0.0007,15.91,Dataset 20.xlsx,246
255,M21,8.11,0.0009,4.75,Dataset 21.xlsx,246
255,M22,19.08,0.0004,14.77,Dataset 22.xlsx,246
255,M23,16.01,0.0016,20.35,Dataset 23.xlsx,246
255,M24,19.17,0.0009,11.29,Dataset 24.xlsx,246
255,M25,14.91,0.0006,10.47,Dataset 25.xlsx,256
255,M26,13.66,0.0005,16.51,Dataset 26.xlsx,256
255,M27,18.15,0.0018,13.07,Dataset 27.xlsx,256
255,M28,16.28,0.0005,19.87,Dataset 28.xlsx,256
255,M29,18.1,0.0012,9.84,Dataset 29.xlsx,256
255,M30,11.35,0.0013,7.41,Dataset 30.xlsx,256
256,M01,8.6,0.0025,5.77,Dataset 01.xlsx,249
256,M02,11.34,0.0005,11.39,Dataset 02.xlsx,249
256,M03,13.62,0.0004,9.02,Dataset 03.xlsx,249
256,M04,12.73,0.0004,8.21,Dataset 04.xlsx,249
256,M05,12.98,0,8.91,Dataset 05.xlsx,249
256,M06,16.38,0,10.7,Dataset 06.xlsx,249
256,M07,19.31,0.0011,13.09,Dataset 07.xlsx,249
256,M08,23.35,0.0003,24.66,Dataset 08.xlsx,249
256,M09,22.18,0.0003,22.79,Dataset 09.xlsx,249
256,M10,24.74,0.0002,17.32,Dataset 10.xlsx,249
256,M11,24.09,0.0003,17.18,Dataset 11.xlsx,249
256,M12,34.82,0.0002,35.96,Dataset 12.xlsx,249
256,M13,36.91,0.0002,28.06,Dataset 13.xlsx,249
256,M14,34.22,0,44.63,Dataset 14.xlsx,249
256,M15,37.1,0.0002,22.18,Dataset 15.xlsx,249
256,M16,66.34,0,52.07,Dataset 16.xlsx,249
256,M17,9.08,0.0011,8.87,Dataset 17.xlsx,249
256,M18,13.03,0.0004,8.05,Dataset 18.xlsx,249
256,M19,12.45,0.0016,8.12,Dataset 19.xlsx,249
256,M20,14.12,0.0002,21.59,Dataset 20.xlsx,247
256,M21,11.38,0.0017,7.07,Dataset 21.xlsx,247
256,M22,29.56,0,23.43,Dataset 22.xlsx,247
256,M23,25.74,0.0007,33.32,Dataset 23.xlsx,247
256,M24,30.09,0.0002,18.29,Dataset 24.xlsx,247
256,M25,16.23,0.0013,11.48,Dataset 25.xlsx,257
256,M26,15.06,0,18.31,Dataset 26.xlsx,257
256,M27,20.99,0,15.27,Dataset 27.xlsx,257
256,M28,19.4,0.0011,23.87,Dataset 28.xlsx,257
256,M29,20.84,0.0024,11.48,Dataset 29.xlsx,257
256,M30,13.66,0.005,9.12,Dataset 30.xlsx,257
257,M01,9.21,0.0015,6.25,Dataset 01.xlsx,250
257,M02,11.81,0.0008,11.91,Dataset 02.xlsx,250
257,M03,14.34,0.0007,9.56,Dataset 03.xlsx,250
257,M04,13.41,0.0006,8.7,Dataset 04.xlsx,250
257,M05,13.7,0,9.46,Dataset 05.xlsx,250
257,M06,17.2,0.0008,11.29,Dataset 06.xlsx,250
257,M07,20.41,0.0003,13.9,Dataset 07.xlsx,250
257,M08,24.37,0.0003,25.78,Dataset 08.xlsx,250
257,M09,23.11,0.0002,23.78,Dataset 09.xlsx,250
257,M10,25.83,0.0004,18.13,Dataset 10.xlsx,250
257,M11,25.08,0.0006,17.93,Dataset 11.xlsx,250
257,M12,36.78,0.0003,38.04,Dataset 12.xlsx,250
257,M13,38.91,0.0004,29.64,Dataset 13.xlsx,250
257,M14,36.35,0,47.47,Dataset 14.xlsx,250
257,M15,39.18,0.0005,23.49,Dataset 15.xlsx,250
257,M16,68.45,0.002,53.76,Dataset 16.xlsx,250
257,M17,9.48,0.0025,9.3,Dataset 17.xlsx,250
257,M18,13.66,0.0005,8.49,Dataset 18.xlsx,250
257,M19,13.42,0.0015,8.83,Dataset 19.xlsx,250
257,M25,16.91,0.0013,12.01,Dataset 25.xlsx,258
257,M26,15.62,0,19.03,Dataset 26.xlsx,258
257,M27,21.92,0.0006,15.99,Dataset 27.xlsx,258
257,M28,20.3,0.0012,25.03,Dataset 28.xlsx,258
257,M29,21.67,0.0015,11.98,Dataset 29.xlsx,258
257,M30,14.4,0.0013,9.66,Dataset 30.xlsx,258
258,M01,6.69,0.0011,4.27,Dataset 01.xlsx,251
258,M02,8.95,0.0007,8.78,Dataset 02.xlsx,251
258,M03,8.75,0.0123,5.44,Dataset 03.xlsx,251
258,M04,8.09,0,4.85,Dataset 04.xlsx,251
258,M05,8.12,0.0006,5.2,Dataset 05.xlsx,251
258,M06,11.07,0.0009,6.91,Dataset 06.xlsx,251
258,M07,11.82,0.0006,7.62,Dataset 07.xlsx,251
258,M08,16.13,0.0004,16.72,Dataset 08.xlsx,251
258,M09,15.16,0.0004,15.25,Dataset 09.xlsx,251
258,M10,17.76,0.0069,12.15,Dataset 10.xlsx,251
258,M11,17.11,0,11.91,Dataset 11.xlsx,251
258,M12,22.4,0.0005,22.77,Dataset 12.xlsx,251
258,M13,21.83,0,16.19,Dataset 13.xlsx,251
258,M14,18.42,0.0004,23.56,Dataset 14.xlsx,251
258,M15,21.99,0.0013,12.74,Dataset 15.xlsx,251
258,M16,48.91,0.0001,38.13,Dataset 16.xlsx,251
258,M17,6.46,0.003,6.02,Dataset 17.xlsx,251
258,M18,8.73,0.0008,5.06,Dataset 18.xlsx,251
258,M19,6.39,0,3.68,Dataset 19.xlsx,251
258,M20,8.5,0.0011,12.6,Dataset 20.xlsx,248
258,M21,6.19,0.0011,3.39,Dataset 21.xlsx,248
258,M22,13.25,0.0006,9.95,Dataset 22.xlsx,248
258,M23,11.77,0.0012,14.69,Dataset 23.xlsx,248
258,M24,13.31,0.0018,7.53,Dataset 24.xlsx,248
258,M25,13.26,0.0005,9.2,Dataset 25.xlsx,259
258,M26,11.86,0.0006,14.21,Dataset 26.xlsx,259
258,M27,14.67,0.001,10.37,Dataset 27.xlsx,259
258,M28,12.64,0.0007,15.21,Dataset 28.xlsx,259
258,M29,14.58,0.001,7.73,Dataset 29.xlsx,259
258,M30,8.76,0,5.49,Dataset 30.xlsx,259
259,M01,8.24,0.0034,5.49,Dataset 01.xlsx,252
259,M02,11,0.0009,11.02,Dataset 02.xlsx,252
259,M03,12.83,0.0057,8.44,Dataset 03.xlsx,252
259,M04,11.96,0.0008,7.65,Dataset 04.xlsx,252
259,M05,12.19,0.0006,8.3,Dataset 05.xlsx,252
259,M06,15.5,0.0012,10.07,Dataset 06.xlsx,252
259,M07,18.03,0.0031,12.16,Dataset 07.xlsx,252
259,M08,22.24,0.0003,23.44,Dataset 08.xlsx,252
259,M09,20.89,0.0003,21.4,Dataset 09.xlsx,252
259,M10,23.73,0.0035,16.57,Dataset 10.xlsx,252
259,M11,23.28,0.0014,16.57,Dataset 11.xlsx,252
259,M12,32.71,0.0005,33.72,Dataset 12.xlsx,252
259,M13,34.12,0.0011,25.87,Dataset 13.xlsx,252
259,M14,31.03,0.0017,40.37,Dataset 14.xlsx,252
259,M15,34.26,0.0006,20.41,Dataset 15.xlsx,252
259,M16,63.27,0.0002,49.62,Dataset 16.xlsx,252
259,M17,8.72,0.0033,8.47,Dataset 17.xlsx,252
259,M18,12.34,0.0011,7.57,Dataset 18.xlsx,252
259,M19,11.74,0.0005,7.6,Dataset 19.xlsx,252
259,M25,15.76,0.0002,11.12,Dataset 25.xlsx,260
259,M26,14.55,0.003,17.65,Dataset 26.xlsx,260
259,M27,19.94,0.0007,14.46,Dataset 27.xlsx,260
259,M28,18.23,0,22.37,Dataset 28.xlsx,260
259,M29,20.13,0.0009,11.05,Dataset 29.xlsx,260
259,M30,12.87,0.0009,8.53,Dataset 30.xlsx,260
260,M01,7.03,0.002,4.54,Dataset 01.xlsx,253
260,M02,9.88,0.0005,9.8,Dataset 02.xlsx,253
260,M03,10.38,0.0028,6.64,Dataset 03.xlsx,253
260,M04,9.84,0.0021,6.12,Dataset 04.xlsx,253
260,M05,9.89,0,6.55,Dataset 05.xlsx,253
260,M06,12.58,0.0006,7.99,Dataset 06.xlsx,253
260,M07,14.37,0.001,9.49,Dataset 07.xlsx,253
260,M08,19.04,0.0003,19.92,Dataset 08.xlsx,253
260,M09,17.93,0.0024,18.23,Dataset 09.xlsx,253
260,M10,20.02,0.0016,13.83,Dataset 10.xlsx,253
260,M11,19.45,0.0065,13.68,Dataset 11.xlsx,253
260,M12,27.11,0.0016,27.78,Dataset 12.xlsx,253
260,M13,25.94,0.0055,19.43,Dataset 13.xlsx,253
260,M14,22.91,0.0009,29.55,Dataset 14.xlsx,253
260,M15,27.84,0.001,16.4,Dataset 15.xlsx,253
260,M16,54.28,0,42.42,Dataset 16.xlsx,253
260,M17,7.54,0.0022,7.19,Dataset 17.xlsx,253
260,M18,10.02,0.0021,5.96,Dataset 18.xlsx,253
260,M19,6.93,0.0022,4.08,Dataset 19.xlsx,253
260,M20,9.85,0.001,14.76,Dataset 20.xlsx,249
260,M21,7.1,0.003,4.04,Dataset 21.xlsx,249
260,M22,16.12,0.0012,12.32,Dataset 22.xlsx,249
260,M23,13.32,0.0027,16.75,Dataset 23.xlsx,249
260,M24,18.86,0.0013,11.09,Dataset 24.xlsx,249
260,M25,13.78,0.0018,9.6,Dataset 25.xlsx,261
260,M26,12.66,0.0014,15.23,Dataset 26.xlsx,261
260,M27,16.08,0,11.47,Dataset 27.xlsx,261
260,M28,14.37,0.0017,17.42,Dataset 28.xlsx,261
260,M29,16.66,0.003,8.97,Dataset 29.xlsx,261
260,M30,9.83,0.0009,6.28,Dataset 30.xlsx,261
261,M01,6.77,0.0017,4.33,Dataset 01.xlsx,254
261,M02,9.14,0.0005,8.99,Dataset 02.xlsx,254
261,M03,9.19,0.0008,5.76,Dataset 03.xlsx,254
261,M04,8.54,0.0011,5.17,Dataset 04.xlsx,254
261,M05,8.46,0,5.46,Dataset 05.xlsx,254
261,M06,11.5,0.0006,7.21,Dataset 06.xlsx,254
261,M07,12.56,0.0006,8.17,Dataset 07.xlsx,254
261,M08,16.97,0.0004,17.65,Dataset 08.xlsx,254
261,M09,16.05,0.0009,16.21,Dataset 09.xlsx,254
261,M10,18.5,0.0005,12.7,Dataset 10.xlsx,254
261,M11,17.82,0,12.45,Dataset 11.xlsx,254
261,M12,24,0.0009,24.48,Dataset 12.xlsx,254
261,M13,23.43,0,17.45,Dataset 13.xlsx,254
261,M14,20.22,0.0019,25.96,Dataset 14.xlsx,254
261,M15,23.56,0.0009,13.72,Dataset 15.xlsx,254
261,M16,51.31,0.0003,40.05,Dataset 16.xlsx,254
261,M17,6.67,0.0025,6.25,Dataset 17.xlsx,254
261,M18,9.17,0.0013,5.37,Dataset 18.xlsx,254
261,M19,7.71,0,4.64,Dataset 19.xlsx,254
261,M20,10.26,0.0007,15.42,Dataset 20.xlsx,250
261,M21,7.53,0.0038,4.34,Dataset 21.xlsx,250
261,M22,17.81,0.002,13.72,Dataset 22.xlsx,250
261,M23,15.26,0.001,19.35,Dataset 23.xlsx,250
261,M24,17.96,0.001,10.51,Dataset 24.xlsx,250
261,M25,13.44,0.0021,9.34,Dataset 25.xlsx,262
261,M26,12.17,0.0026,14.6,Dataset 26.xlsx,262
261,M27,15.22,0.0009,10.8,Dataset 27.xlsx,262
261,M28,13.39,0.0025,16.17,Dataset 28.xlsx,262
261,M29,15.64,0.0036,8.37,Dataset 29.xlsx,262
261,M30,9.18,0,5.8,Dataset 30.xlsx,262
262,M01,7.68,0.0019,5.05,Dataset 01.xlsx,255
262,M02,10.26,0.0005,10.21,Dataset 02.xlsx,255
262,M03,11.32,0.0004,7.33,Dataset 03.xlsx,255
262,M04,10.48,0.0006,6.58,Dataset 04.xlsx,255
262,M05,10.61,0.0007,7.1,Dataset 05.xlsx,255
262,M06,14.01,0,9.01,Dataset 06.xlsx,255
262,M07,15.74,0.0003,10.49,Dataset 07.xlsx,255
262,M08,20.08,0.0003,21.07,Dataset 08.xlsx,255
262,M09,18.93,0.0015,19.3,Dataset 09.xlsx,255
262,M10,21.63,0.0003,15.02,Dataset 10.xlsx,255
262,M11,20.92,0.0007,14.79,Dataset 11.xlsx,255
262,M12,29.12,0.0002,29.91,Dataset 12.xlsx,255
262,M13,30.01,0.0006,22.63,Dataset 13.xlsx,255
262,M14,26.78,0.0008,34.71,Dataset 14.xlsx,255
262,M15,30.24,0.0008,17.9,Dataset 15.xlsx,255
262,M16,58.8,0.0002,46.04,Dataset 16.xlsx,255
262,M17,7.87,0.0012,7.55,Dataset 17.xlsx,255
262,M18,10.96,0.0026,6.61,Dataset 18.xlsx,255
262,M19,9.5,0,5.96,Dataset 19.xlsx,255
262,M20,11.76,0.0007,17.82,Dataset 20.xlsx,251
262,M21,9.02,0,5.39,Dataset 21.xlsx,251
262,M22,22.52,0.0009,17.61,Dataset 22.xlsx,251
262,M23,19.45,0.0019,24.93,Dataset 23.xlsx,251
262,M24,22.76,0.0009,13.59,Dataset 24.xlsx,251
262,M25,14.88,0,10.45,Dataset 25.xlsx,263
262,M26,13.69,0.0013,16.55,Dataset 26.xlsx,263
262,M27,18.17,0.0008,13.09,Dataset 27.xlsx,263
262,M28,16.36,0,19.97,Dataset 28.xlsx,263
262,M29,18.08,0.0008,9.83,Dataset 29.xlsx,263
262,M30,11.34,0,7.4,Dataset 30.xlsx,263
263,M01,7.89,0.0018,5.21,Dataset 01.xlsx,256
263,M02,10.52,0.0008,10.5,Dataset 02.xlsx,256
263,M03,11.83,0.0006,7.71,Dataset 03.xlsx,256
263,M04,10.77,0.0003,6.79,Dataset 04.xlsx,256
263,M05,10.91,0.0006,7.32,Dataset 05.xlsx,256
263,M06,14.56,0.0006,9.4,Dataset 06.xlsx,256
263,M07,16.49,0.0009,11.03,Dataset 07.xlsx,256
263,M08,20.82,0.0003,21.88,Dataset 08.xlsx,256
263,M09,19.36,0.0003,19.76,Dataset 09.xlsx,256
263,M10,22.33,0.0004,15.54,Dataset 10.xlsx,256
263,M11,21.31,0.0006,15.08,Dataset 11.xlsx,256
263,M12,30.31,0.0004,31.18,Dataset 12.xlsx,256
263,M13,31.47,0.0005,23.78,Dataset 13.xlsx,256
263,M14,28.16,0.0003,36.55,Dataset 14.xlsx,256
263,M15,31.47,0.0004,18.67,Dataset 15.xlsx,256
263,M16,60.42,0.0007,47.34,Dataset 16.xlsx,256
263,M17,8.04,0.0022,7.73,Dataset 17.xlsx,256
263,M18,11.25,0.0019,6.81,Dataset 18.xlsx,256
263,M19,10.2,0.0004,6.47,Dataset 19.xlsx,256
263,M20,12.35,0.0004,18.76,Dataset 20.xlsx,252
263,M21,9.41,0,5.67,Dataset 21.xlsx,252
263,M22,24.26,0.0003,19.05,Dataset 22.xlsx,252
263,M23,20.99,0.0008,26.99,Dataset 23.xlsx,252
263,M24,24.63,0.0004,14.79,Dataset 24.xlsx,252
263,M25,14.9,0,10.46,Dataset 25.xlsx,264
263,M26,13.69,0.0005,16.55,Dataset 26.xlsx,264
263,M27,18.21,0.0006,13.11,Dataset 27.xlsx,264
263,M28,16.41,0,20.04,Dataset 28.xlsx,264
263,M29,17.95,0,9.75,Dataset 29.xlsx,264
263,M30,11.48,0.0009,7.5,Dataset 30.xlsx,264
264,M01,8.09,0.0035,5.37,Dataset 01.xlsx,257
264,M02,13.33,0.0013,13.57,Dataset 02.xlsx,257
264,M03,15.84,0.0046,10.66,Dataset 03.xlsx,257
264,M04,14.78,0.0022,9.69,Dataset 04.xlsx,257
264,M05,15.11,0.0005,10.53,Dataset 05.xlsx,257
264,M06,19.66,0.001,13.04,Dataset 06.xlsx,257
264,M07,22.51,0.0002,15.43,Dataset 07.xlsx,257
264,M08,26.43,0.0003,28.04,Dataset 08.xlsx,257
264,M09,24.93,0.0012,25.73,Dataset 09.xlsx,257
264,M10,28.2,0.003,19.89,Dataset 10.xlsx,257
264,M11,27.17,0.0005,19.51,Dataset 11.xlsx,257
264,M12,39.53,0.0003,40.96,Dataset 12.xlsx,257
264,M13,43.12,0.0004,32.95,Dataset 13.xlsx,257
264,M14,40.61,0.0029,53.15,Dataset 14.xlsx,257
264,M15,42.69,0.0004,25.68,Dataset 15.xlsx,257
264,M16,72.91,0.0001,57.33,Dataset 16.xlsx,257
264,M17,10.4,0.0028,10.3,Dataset 17.xlsx,257
264,M18,14.92,0.0005,9.36,Dataset 18.xlsx,257
264,M19,13.21,0.0015,8.68,Dataset 19.xlsx,257
264,M20,15.52,0.0004,23.83,Dataset 20.xlsx,253
264,M21,15.12,0,9.73,Dataset 21.xlsx,253
264,M22,34.15,0.0032,27.22,Dataset 22.xlsx,253
264,M23,37.84,0.0003,49.46,Dataset 23.xlsx,253
264,M24,33.69,0.0004,20.6,Dataset 24.xlsx,253
264,M25,19.47,0.0001,13.98,Dataset 25.xlsx,265
264,M26,17.32,0.0055,21.21,Dataset 26.xlsx,265
264,M27,24.7,0.0009,18.15,Dataset 27.xlsx,265
264,M28,22.54,0,27.9,Dataset 28.xlsx,265
264,M29,24.02,0.0006,13.38,Dataset 29.xlsx,265
264,M30,15.99,0.0018,10.84,Dataset 30.xlsx,265
265,M01,8.11,0.0017,5.39,Dataset 01.xlsx,258
265,M02,10.82,0.0005,10.82,Dataset 02.xlsx,258
265,M03,12.44,0.0005,8.16,Dataset 03.xlsx,258
265,M04,11.38,0.001,7.23,Dataset 04.xlsx,258
265,M05,11.56,0.0004,7.82,Dataset 05.xlsx,258
265,M06,15.18,0.0005,9.84,Dataset 06.xlsx,258
265,M07,17.43,0,11.72,Dataset 07.xlsx,258
265,M08,21.7,0.0003,22.85,Dataset 08.xlsx,258
265,M09,20.24,0.0002,20.7,Dataset 09.xlsx,258
265,M10,23.18,0.0003,16.17,Dataset 10.xlsx,258
265,M11,22.35,0.0003,15.86,Dataset 11.xlsx,258
265,M12,31.79,0.0004,32.75,Dataset 12.xlsx,258
265,M13,33.13,0.0002,25.09,Dataset 13.xlsx,258
265,M14,29.92,0.0004,38.89,Dataset 14.xlsx,258
265,M15,33.57,0.0006,19.98,Dataset 15.xlsx,258
265,M16,62.16,0.0001,48.73,Dataset 16.xlsx,258
265,M17,8.32,0.002,8.04,Dataset 17.xlsx,258
265,M18,11.82,0.0018,7.21,Dataset 18.xlsx,258
265,M19,10.24,0.0008,6.5,Dataset 19.xlsx,258
265,M20,12.29,0.0006,18.66,Dataset 20.xlsx,254
265,M21,9.41,0.002,5.67,Dataset 21.xlsx,254
265,M22,23.94,0.0004,18.79,Dataset 22.xlsx,254
265,M23,20.66,0.0007,26.55,Dataset 23.xlsx,254
265,M24,24.56,0.0007,14.74,Dataset 24.xlsx,254
265,M25,15.57,0.0013,10.98,Dataset 25.xlsx,266
265,M26,14.34,0.0006,17.38,Dataset 26.xlsx,266
265,M27,19.54,0.0007,14.15,Dataset 27.xlsx,266
265,M28,17.74,0.0013,21.74,Dataset 28.xlsx,266
265,M29,19.48,0.0015,10.66,Dataset 29.xlsx,266
265,M30,12.47,0.0013,8.24,Dataset 30.xlsx,266
266,M01,7.24,0,4.7,Dataset 01.xlsx,259
266,M02,9.58,0.0006,9.46,Dataset 02.xlsx,259
266,M03,9.89,0.0008,6.28,Dataset 03.xlsx,259
266,M04,8.99,0.0009,5.5,Dataset 04.xlsx,259
266,M05,9,0,5.87,Dataset 05.xlsx,259
266,M06,12.51,0.0006,7.93,Dataset 06.xlsx,259
266,M07,13.54,0.001,8.88,Dataset 07.xlsx,259
266,M08,17.96,0.0004,18.73,Dataset 08.xlsx,259
266,M09,16.71,0.0005,16.92,Dataset 09.xlsx,259
266,M10,19.52,0.0005,13.46,Dataset 10.xlsx,259
266,M11,18.55,0,13,Dataset 11.xlsx,259
266,M12,25.5,0.0006,26.07,Dataset 12.xlsx,259
266,M13,25.67,0,19.21,Dataset 13.xlsx,259
266,M14,22.1,0.0012,28.47,Dataset 14.xlsx,259
266,M15,25.31,0.0003,14.82,Dataset 15.xlsx,259
266,M16,53.93,0.0002,42.14,Dataset 16.xlsx,259
266,M17,6.99,0.0024,6.59,Dataset 17.xlsx,259
266,M18,9.61,0.0029,5.67,Dataset 18.xlsx,259
266,M19,7.04,0.0008,4.16,Dataset 19.xlsx,259
266,M20,9.37,0.0003,13.98,Dataset 20.xlsx,255
266,M21,6.6,0.0011,3.68,Dataset 21.xlsx,255
266,M22,15.31,0.0016,11.65,Dataset 22.xlsx,255
266,M23,13.01,0.0013,16.35,Dataset 23.xlsx,255
266,M24,15.3,0.0004,8.81,Dataset 24.xlsx,255
266,M25,14.06,0.0007,9.82,Dataset 25.xlsx,267
266,M26,12.74,0.0017,15.33,Dataset 26.xlsx,267
266,M27,16.38,0.0009,11.7,Dataset 27.xlsx,267
266,M28,14.36,0.0006,17.41,Dataset 28.xlsx,267
266,M29,16.03,0.0026,8.6,Dataset 29.xlsx,267
266,M30,9.92,0.0009,6.35,Dataset 30.xlsx,267
267,M01,4.93,0.0043,2.88,Dataset 01.xlsx,260
267,M02,6.42,0.002,6.02,Dataset 02.xlsx,260
267,M03,5.54,0.0068,3.08,Dataset 03.xlsx,260
267,M04,5.21,0.0024,2.77,Dataset 04.xlsx,260
267,M05,5.12,0.0014,2.9,Dataset 05.xlsx,260
267,M06,7,0.001,4,Dataset 06.xlsx,260
267,M07,7.02,0.0027,4.12,Dataset 07.xlsx,260
267,M08,9.23,0.0007,9.14,Dataset 08.xlsx,260
267,M09,7.93,0,7.51,Dataset 09.xlsx,260
267,M10,10.74,0.0041,6.96,Dataset 10.xlsx,260
267,M11,9.74,0.0007,6.35,Dataset 11.xlsx,260
267,M12,11.11,0.0004,10.8,Dataset 12.xlsx,260
267,M13,11.08,0.0007,7.72,Dataset 13.xlsx,260
267,M14,11.32,0.001,14.09,Dataset 14.xlsx,260
267,M15,8.72,0.0011,4.45,Dataset 15.xlsx,260
267,M16,20.42,0.0006,15.34,Dataset 16.xlsx,260
267,M17,3.43,0.0049,2.72,Dataset 17.xlsx,260
267,M18,5.49,0.0039,2.81,Dataset 18.xlsx,260
267,M19,4.77,0.001,2.5,Dataset 19.xlsx,260
267,M20,5.92,0.0006,8.47,Dataset 20.xlsx,256
267,M21,4.74,0.004,2.36,Dataset 21.xlsx,256
267,M22,8.65,0.0013,6.15,Dataset 22.xlsx,256
267,M23,7.38,0.0034,8.84,Dataset 23.xlsx,256
267,M24,8.43,0.001,4.4,Dataset 24.xlsx,256
267,M25,10.08,0.002,6.75,Dataset 25.xlsx,268
267,M26,8.43,0.0011,9.81,Dataset 26.xlsx,268
267,M27,9.5,0.0028,6.37,Dataset 27.xlsx,268
267,M28,8.02,0.0028,9.28,Dataset 28.xlsx,268
267,M29,9.65,0.0022,4.78,Dataset 29.xlsx,268
267,M30,5.89,0,3.36,Dataset 30.xlsx,268
268,M01,5.91,0.0096,3.65,Dataset 01.xlsx,261
268,M02,7.8,0.0006,7.52,Dataset 02.xlsx,261
268,M03,7.08,0.0105,4.22,Dataset 03.xlsx,261
268,M04,6.43,0.0016,3.65,Dataset 04.xlsx,261
268,M05,6.27,0,3.79,Dataset 05.xlsx,261
268,M06,8.7,0,5.21,Dataset 06.xlsx,261
268,M07,9.1,0.0023,5.64,Dataset 07.xlsx,261
268,M08,12.69,0.0005,12.95,Dataset 08.xlsx,261
268,M09,11.61,0.0011,11.45,Dataset 09.xlsx,261
268,M10,14.43,0.006,9.69,Dataset 10.xlsx,261
268,M11,13.51,0.0005,9.2,Dataset 11.xlsx,261
268,M12,16.32,0.0006,16.33,Dataset 12.xlsx,261
268,M13,15.65,0.0005,11.32,Dataset 13.xlsx,261
268,M14,15.74,0.0015,19.99,Dataset 14.xlsx,261
268,M15,12.9,0.0016,7.06,Dataset 15.xlsx,261
268,M16,34.55,0.0004,26.64,Dataset 16.xlsx,261
268,M17,5.2,0.0019,4.65,Dataset 17.xlsx,261
268,M18,7.21,0.0039,4,Dataset 18.xlsx,261
268,M19,5.13,0.0011,2.76,Dataset 19.xlsx,261
268,M20,6.96,0.001,10.13,Dataset 20.xlsx,257
268,M21,5.11,0.0014,2.62,Dataset 21.xlsx,257
268,M22,10.41,0.0021,7.6,Dataset 22.xlsx,257
268,M23,9.27,0.0018,11.36,Dataset 23.xlsx,257
268,M24,10.34,0.0018,5.63,Dataset 24.xlsx,257
268,M25,11.54,0.0008,7.88,Dataset 25.xlsx,269
268,M26,10.06,0.0019,11.9,Dataset 26.xlsx,269
268,M27,11.62,0.0013,8.01,Dataset 27.xlsx,269
268,M28,9.91,0.0008,11.71,Dataset 28.xlsx,269
268,M29,11.77,0.0006,6.04,Dataset 29.xlsx,269
268,M30,6.83,0.0004,4.06,Dataset 30.xlsx,269
269,M01,8.06,0.0026,5.35,Dataset 01.xlsx,262
269,M02,10.97,0,10.99,Dataset 02.xlsx,262
269,M03,12.91,0.0012,8.5,Dataset 03.xlsx,262
269,M04,11.94,0.0005,7.64,Dataset 04.xlsx,262
269,M05,11.47,0,7.75,Dataset 05.xlsx,262
269,M06,15.4,0.0005,10,Dataset 06.xlsx,262
269,M07,18.23,0.0004,12.31,Dataset 07.xlsx,262
269,M08,22.4,0.0003,23.62,Dataset 08.xlsx,262
269,M09,21.09,0.0005,21.61,Dataset 09.xlsx,262
269,M10,23.76,0.0007,16.6,Dataset 10.xlsx,262
269,M11,22.09,0.0015,15.67,Dataset 11.xlsx,262
269,M12,32.86,0.0005,33.88,Dataset 12.xlsx,262
269,M13,34.28,0.0011,25.99,Dataset 13.xlsx,262
269,M14,31.51,0.0017,41.01,Dataset 14.xlsx,262
269,M15,34.45,0.0002,20.53,Dataset 15.xlsx,262
269,M16,63.48,0.0001,49.78,Dataset 16.xlsx,262
269,M17,8.92,0.0019,8.69,Dataset 17.xlsx,262
269,M18,12.82,0.0017,7.9,Dataset 18.xlsx,262
269,M19,11.12,0,7.15,Dataset 19.xlsx,262
269,M20,13.69,0.0002,20.9,Dataset 20.xlsx,258
269,M21,10.82,0.002,6.67,Dataset 21.xlsx,258
269,M22,28.43,0.0018,22.5,Dataset 22.xlsx,258
269,M23,24.85,0.0031,32.13,Dataset 23.xlsx,258
269,M24,29.02,0.0002,17.6,Dataset 24.xlsx,258
269,M25,14.67,0.0017,10.28,Dataset 25.xlsx,270
269,M26,13.54,0.0033,16.36,Dataset 26.xlsx,270
269,M27,17.91,0.0012,12.88,Dataset 27.xlsx,270
269,M28,16.2,0.0015,19.77,Dataset 28.xlsx,270
269,M29,18.29,0.0012,9.95,Dataset 29.xlsx,270
269,M30,11.38,0.0004,7.43,Dataset 30.xlsx,270
270,M01,6.99,0.002,4.5,Dataset 01.xlsx,263
270,M02,9.81,0,9.72,Dataset 02.xlsx,263
270,M03,10.49,0.0006,6.72,Dataset 03.xlsx,263
270,M04,9.85,0.0005,6.12,Dataset 04.xlsx,263
270,M05,9.69,0,6.4,Dataset 05.xlsx,263
270,M06,12.46,0.0006,7.9,Dataset 06.xlsx,263
270,M07,14.58,0.001,9.64,Dataset 07.xlsx,263
270,M08,18.92,0.0003,19.79,Dataset 08.xlsx,263
270,M09,18.05,0.0003,18.36,Dataset 09.xlsx,263
270,M10,20.37,0.0003,14.09,Dataset 10.xlsx,263
270,M11,19.62,0.0007,13.81,Dataset 11.xlsx,263
270,M12,27.34,0.0006,28.03,Dataset 12.xlsx,263
270,M13,26.18,0.0006,19.61,Dataset 13.xlsx,263
270,M14,23.28,0.0004,30.04,Dataset 14.xlsx,263
270,M15,27.59,0.0005,16.24,Dataset 15.xlsx,263
270,M16,54.65,0.0005,42.72,Dataset 16.xlsx,263
270,M17,7.41,0.0023,7.06,Dataset 17.xlsx,263
270,M18,10.19,0.0025,6.08,Dataset 18.xlsx,263
270,M19,8.25,0.0007,5.04,Dataset 19.xlsx,263
270,M20,11.78,0.0004,17.85,Dataset 20.xlsx,259
270,M21,8.63,0.0033,5.12,Dataset 21.xlsx,259
270,M22,21.16,0.0004,16.49,Dataset 22.xlsx,259
270,M23,16.86,0.0025,21.48,Dataset 23.xlsx,259
270,M24,28.22,0.0004,17.09,Dataset 24.xlsx,259
270,M25,13.78,0.0021,9.6,Dataset 25.xlsx,271
270,M26,12.66,0.0006,15.23,Dataset 26.xlsx,271
270,M27,16.15,0.0004,11.52,Dataset 27.xlsx,271
270,M28,14.48,0.0023,17.56,Dataset 28.xlsx,271
270,M29,16.69,0.0004,8.99,Dataset 29.xlsx,271
270,M30,10.07,0.0009,6.46,Dataset 30.xlsx,271
271,M01,9.42,0,6.42,Dataset 01.xlsx,264
271,M02,11.84,0.0005,11.93,Dataset 02.xlsx,264
271,M03,14.36,0.0003,9.57,Dataset 03.xlsx,264
271,M04,13.43,0.0004,8.71,Dataset 04.xlsx,264
271,M05,13.68,0.0005,9.44,Dataset 05.xlsx,264
271,M06,17.4,0.0008,11.43,Dataset 06.xlsx,264
271,M07,20.41,0.0027,13.89,Dataset 07.xlsx,264
271,M08,24.36,0.0003,25.77,Dataset 08.xlsx,264
271,M09,23.11,0,23.79,Dataset 09.xlsx,264
271,M10,25.85,0.0002,18.15,Dataset 10.xlsx,264
271,M11,25.02,0.0003,17.88,Dataset 11.xlsx,264
271,M12,36.46,0.0002,37.7,Dataset 12.xlsx,264
271,M13,39.26,0.0002,29.91,Dataset 13.xlsx,264
271,M14,36.62,0.0002,47.83,Dataset 14.xlsx,264
271,M15,38.98,0.0005,23.36,Dataset 15.xlsx,264
271,M16,68.84,0.0001,54.07,Dataset 16.xlsx,264
271,M17,9.5,0.0025,9.32,Dataset 17.xlsx,264
271,M18,13.65,0.0009,8.48,Dataset 18.xlsx,264
271,M19,14.35,0.0004,9.51,Dataset 19.xlsx,264
271,M20,15.84,0.0005,24.34,Dataset 20.xlsx,260
271,M21,13.14,0,8.32,Dataset 21.xlsx,260
271,M22,35.49,0.0002,28.33,Dataset 22.xlsx,260
271,M23,32.24,0.0005,41.99,Dataset 23.xlsx,260
271,M24,35.27,0.0005,21.61,Dataset 24.xlsx,260
271,M25,17.1,0.0001,12.15,Dataset 25.xlsx,272
271,M26,15.71,0.0003,19.14,Dataset 26.xlsx,272
271,M27,22.14,0.0006,16.16,Dataset 27.xlsx,272
271,M28,20.47,0,25.24,Dataset 28.xlsx,272
271,M29,21.66,0.001,11.97,Dataset 29.xlsx,272
271,M30,14.43,0.0009,9.69,Dataset 30.xlsx,272
272,M01,8.17,0.0017,5.43,Dataset 01.xlsx,265
272,M02,10.83,0.0008,10.84,Dataset 02.xlsx,265
272,M03,12.52,0.0008,8.22,Dataset 03.xlsx,265
272,M04,11.56,0.0013,7.36,Dataset 04.xlsx,265
272,M05,11.72,0.0006,7.94,Dataset 05.xlsx,265
272,M06,15.25,0.0005,9.89,Dataset 06.xlsx,265
272,M07,17.58,0.0125,11.83,Dataset 07.xlsx,265
272,M08,21.82,0.0003,22.98,Dataset 08.xlsx,265
272,M09,20.51,0.0005,20.99,Dataset 09.xlsx,265
272,M10,23.27,0.0005,16.23,Dataset 10.xlsx,265
272,M11,22.47,0,15.96,Dataset 11.xlsx,265
272,M12,32.08,0.0004,33.06,Dataset 12.xlsx,265
272,M13,33.65,0,25.5,Dataset 13.xlsx,265
272,M14,30.61,0.0002,39.81,Dataset 14.xlsx,265
272,M15,33.67,0.0002,20.04,Dataset 15.xlsx,265
272,M16,62.76,0.0001,49.21,Dataset 16.xlsx,265
272,M17,8.45,0.002,8.18,Dataset 17.xlsx,265
272,M18,11.97,0.0014,7.31,Dataset 18.xlsx,265
272,M19,11.46,0.001,7.4,Dataset 19.xlsx,265
272,M20,13.4,0.0002,20.44,Dataset 20.xlsx,261
272,M21,10.61,0.0007,6.52,Dataset 21.xlsx,261
272,M22,27.86,0.0002,22.02,Dataset 22.xlsx,261
272,M23,24.49,0.0017,31.65,Dataset 23.xlsx,261
272,M24,27.95,0.0002,16.92,Dataset 24.xlsx,261
272,M25,15.64,0.0005,11.03,Dataset 25.xlsx,273
272,M26,14.39,0.0003,17.45,Dataset 26.xlsx,273
272,M27,19.65,0.0007,14.23,Dataset 27.xlsx,273
272,M28,17.94,0.0005,22,Dataset 28.xlsx,273
272,M29,19.51,0.0018,10.68,Dataset 29.xlsx,273
272,M30,12.55,0.0013,8.3,Dataset 30.xlsx,273
273,M01,7.69,0.0018,5.06,Dataset 01.xlsx,266
273,M02,10.28,0.0005,10.23,Dataset 02.xlsx,266
273,M03,11.4,0.0005,7.4,Dataset 03.xlsx,266
273,M04,10.48,0.0003,6.58,Dataset 04.xlsx,266
273,M05,10.37,0.0006,6.91,Dataset 05.xlsx,266
273,M06,14.07,0.0004,9.05,Dataset 06.xlsx,266
273,M07,15.91,0,10.61,Dataset 07.xlsx,266
273,M08,20.26,0.0003,21.26,Dataset 08.xlsx,266
273,M09,19,0.0007,19.37,Dataset 09.xlsx,266
273,M10,21.71,0.0003,15.08,Dataset 10.xlsx,266
273,M11,20.55,0.0048,14.51,Dataset 11.xlsx,266
273,M12,29.5,0.0004,30.32,Dataset 12.xlsx,266
273,M13,30.39,0.0037,22.93,Dataset 13.xlsx,266
273,M14,27.26,0.0005,35.35,Dataset 14.xlsx,266
273,M15,30.41,0.0002,18,Dataset 15.xlsx,266
273,M16,59.23,0.0001,46.38,Dataset 16.xlsx,266
273,M17,7.9,0.002,7.58,Dataset 17.xlsx,266
273,M18,11.09,0.0019,6.7,Dataset 18.xlsx,266
273,M19,8.96,0,5.56,Dataset 19.xlsx,266
273,M20,11.38,0.0002,17.2,Dataset 20.xlsx,262
273,M21,8.54,0,5.06,Dataset 21.xlsx,262
273,M22,21.21,0.0006,16.53,Dataset 22.xlsx,262
273,M23,18.37,0.0004,23.49,Dataset 23.xlsx,262
273,M24,21.66,0.0003,12.88,Dataset 24.xlsx,262
273,M25,13.93,0.0002,9.72,Dataset 25.xlsx,274
273,M26,12.72,0.0009,15.31,Dataset 26.xlsx,274
273,M27,16.27,0.0004,11.61,Dataset 27.xlsx,274
273,M28,14.47,0,17.55,Dataset 28.xlsx,274
273,M29,16.5,0.0009,8.88,Dataset 29.xlsx,274
273,M30,10.02,0.0004,6.42,Dataset 30.xlsx,274
274,M01,5,0.0057,2.94,Dataset 01.xlsx,267
274,M02,6.55,0.0009,6.15,Dataset 02.xlsx,267
274,M03,5.62,0.0072,3.13,Dataset 03.xlsx,267
274,M04,5.27,0.0011,2.81,Dataset 04.xlsx,267
274,M05,5.18,0,2.95,Dataset 05.xlsx,267
274,M06,7.1,0.001,4.07,Dataset 06.xlsx,267
274,M07,7.18,0.0027,4.24,Dataset 07.xlsx,267
274,M08,9.43,0.0007,9.36,Dataset 08.xlsx,267
274,M09,8.17,0.0015,7.76,Dataset 09.xlsx,267
274,M10,11.08,0.0042,7.21,Dataset 10.xlsx,267
274,M11,10.07,0.0125,6.6,Dataset 11.xlsx,267
274,M12,11.55,0.0008,11.26,Dataset 12.xlsx,267
274,M13,11.47,0.0124,8.03,Dataset 13.xlsx,267
274,M14,8.92,0.0013,10.89,Dataset 14.xlsx,267
274,M15,11.8,0.0028,6.38,Dataset 15.xlsx,267
274,M16,21.46,0.0004,16.17,Dataset 16.xlsx,267
274,M17,3.49,0.0048,2.79,Dataset 17.xlsx,267
274,M18,5.55,0.0013,2.85,Dataset 18.xlsx,267
274,M19,4.7,0,2.44,Dataset 19.xlsx,267
274,M20,5.67,0.0024,8.06,Dataset 20.xlsx,263
274,M21,4.62,0.0046,2.28,Dataset 21.xlsx,263
274,M22,8.18,0.0013,5.76,Dataset 22.xlsx,263
274,M23,6.95,0.0046,8.27,Dataset 23.xlsx,263
274,M24,8.01,0.0011,4.13,Dataset 24.xlsx,263
274,M25,9.85,0.0024,6.58,Dataset 25.xlsx,275
274,M26,8.23,0.0012,9.55,Dataset 26.xlsx,275
274,M27,9.35,0.0025,6.25,Dataset 27.xlsx,275
274,M28,7.95,0.0031,9.19,Dataset 28.xlsx,275
274,M29,9.46,0.0007,4.66,Dataset 29.xlsx,275
274,M30,5.59,0.0004,3.14,Dataset 30.xlsx,275
275,M01,6.95,0.002,4.47,Dataset 01.xlsx,268
275,M02,9.83,0,9.74,Dataset 02.xlsx,268
275,M03,10.29,0.0008,6.58,Dataset 03.xlsx,268
275,M04,9.75,0.0006,6.05,Dataset 04.xlsx,268
275,M05,9.82,0,6.5,Dataset 05.xlsx,268
275,M06,12.38,0.0006,7.84,Dataset 06.xlsx,268
275,M07,14.46,0.0007,9.55,Dataset 07.xlsx,268
275,M08,18.76,0.0004,19.62,Dataset 08.xlsx,268
275,M09,17.87,0.0005,18.16,Dataset 09.xlsx,268
275,M10,20.01,0.0005,13.82,Dataset 10.xlsx,268
275,M11,19.45,0.0004,13.68,Dataset 11.xlsx,268
275,M12,27.14,0.0002,27.81,Dataset 12.xlsx,268
275,M13,25.8,0.0003,19.31,Dataset 13.xlsx,268
275,M14,22.84,0.0005,29.45,Dataset 14.xlsx,268
275,M15,27.24,0.0008,16.02,Dataset 15.xlsx,268
275,M16,54.19,0.0004,42.35,Dataset 16.xlsx,268
275,M17,7.27,0.0023,6.9,Dataset 17.xlsx,268
275,M18,9.96,0.001,5.92,Dataset 18.xlsx,268
275,M19,8.16,0.0007,4.97,Dataset 19.xlsx,268
275,M20,11.73,0.0006,17.77,Dataset 20.xlsx,264
275,M21,8.59,0.0025,5.09,Dataset 21.xlsx,264
275,M22,21.07,0.0005,16.41,Dataset 22.xlsx,264
275,M23,16.71,0.0047,21.27,Dataset 23.xlsx,264
275,M24,28.11,0.0006,17.02,Dataset 24.xlsx,264
275,M25,13.72,0.0016,9.55,Dataset 25.xlsx,276
275,M26,12.59,0.0008,15.14,Dataset 26.xlsx,276
275,M27,15.97,0.0009,11.38,Dataset 27.xlsx,276
275,M28,14.32,0.0017,17.36,Dataset 28.xlsx,276
275,M29,16.45,0.0004,8.85,Dataset 29.xlsx,276
275,M30,9.88,0.0015,6.32,Dataset 30.xlsx,276
276,M01,7.27,0.0021,4.72,Dataset 01.xlsx,269
276,M02,10.11,0,10.05,Dataset 02.xlsx,269
276,M03,11.16,0.0006,7.22,Dataset 03.xlsx,269
276,M04,10.57,0.0009,6.65,Dataset 04.xlsx,269
276,M05,10.41,0.0007,6.94,Dataset 05.xlsx,269
276,M06,13.22,0.0005,8.44,Dataset 06.xlsx,269
276,M07,15.58,0.0003,10.37,Dataset 07.xlsx,269
276,M08,19.93,0.0003,20.9,Dataset 08.xlsx,269
276,M09,19.11,0.001,19.49,Dataset 09.xlsx,269
276,M10,21.37,0.0004,14.83,Dataset 10.xlsx,269
276,M11,20.61,0.0003,14.55,Dataset 11.xlsx,269
276,M12,29.05,0.0002,29.84,Dataset 12.xlsx,269
276,M13,28.41,0.0003,21.37,Dataset 13.xlsx,269
276,M14,25.54,0.0002,33.05,Dataset 14.xlsx,269
276,M15,29.71,0.0003,17.57,Dataset 15.xlsx,269
276,M16,57.07,0.0004,44.66,Dataset 16.xlsx,269
276,M17,7.89,0.0021,7.58,Dataset 17.xlsx,269
276,M18,11.09,0.0019,6.7,Dataset 18.xlsx,269
276,M19,7.92,0.0011,4.8,Dataset 19.xlsx,269
276,M20,11.38,0.0003,17.21,Dataset 20.xlsx,265
276,M21,8.34,0.0008,4.91,Dataset 21.xlsx,265
276,M22,20.44,0.0003,15.89,Dataset 22.xlsx,265
276,M23,16.38,0.0004,20.83,Dataset 23.xlsx,265
276,M24,24.49,0.0003,14.7,Dataset 24.xlsx,265
276,M25,14.22,0.0006,9.94,Dataset 25.xlsx,277
276,M26,13.14,0.0004,15.85,Dataset 26.xlsx,277
276,M27,17.08,0.0008,12.24,Dataset 27.xlsx,277
276,M28,15.47,0.0005,18.83,Dataset 28.xlsx,277
276,M29,17.5,0.0016,9.48,Dataset 29.xlsx,277
276,M30,10.72,0.0013,6.94,Dataset 30.xlsx,277
277,M01,7.03,0.003,4.54,Dataset 01.xlsx,270
277,M02,9.38,0.0009,9.25,Dataset 02.xlsx,270
277,M03,9.55,0.0009,6.03,Dataset 03.xlsx,270
277,M04,8.81,0.0008,5.37,Dataset 04.xlsx,270
277,M05,8.87,0.0006,5.77,Dataset 05.xlsx,270
277,M06,12.07,0.0008,7.62,Dataset 06.xlsx,270
277,M07,13.04,0.0022,8.51,Dataset 07.xlsx,270
277,M08,17.44,0.0004,18.16,Dataset 08.xlsx,270
277,M09,16.41,0.0006,16.6,Dataset 09.xlsx,270
277,M10,19.03,0.0005,13.09,Dataset 10.xlsx,270
277,M11,18.31,0.0003,12.82,Dataset 11.xlsx,270
277,M12,24.67,0.0005,25.18,Dataset 12.xlsx,270
277,M13,24.67,0.0003,18.43,Dataset 13.xlsx,270
277,M14,21.24,0.0003,27.32,Dataset 14.xlsx,270
277,M15,24.48,0.0009,14.3,Dataset 15.xlsx,270
277,M16,52.79,0.0002,41.23,Dataset 16.xlsx,270
277,M17,6.93,0.0028,6.53,Dataset 17.xlsx,270
277,M18,9.43,0.0007,5.55,Dataset 18.xlsx,270
277,M19,7.55,0.0013,4.53,Dataset 19.xlsx,270
277,M20,9.93,0.0007,14.89,Dataset 20.xlsx,266
277,M21,7.23,0.002,4.13,Dataset 21.xlsx,266
277,M22,16.88,0.0003,12.95,Dataset 22.xlsx,266
277,M23,14.29,0,18.05,Dataset 23.xlsx,266
277,M24,17.19,0.0011,10.02,Dataset 24.xlsx,266
277,M25,13.81,0.0013,9.62,Dataset 25.xlsx,278
277,M26,12.51,0.0004,15.04,Dataset 26.xlsx,278
277,M27,15.86,0.0006,11.29,Dataset 27.xlsx,278
277,M28,13.91,0.0012,16.83,Dataset 28.xlsx,278
277,M29,15.68,0.0005,8.39,Dataset 29.xlsx,278
277,M30,9.58,0.0009,6.1,Dataset 30.xlsx,278
278,M01,9.48,0.0028,6.46,Dataset 01.xlsx,271
278,M02,12.01,0.0005,12.12,Dataset 02.xlsx,271
278,M03,14.6,0.0005,9.74,Dataset 03.xlsx,271
278,M04,13.58,0.0003,8.82,Dataset 04.xlsx,271
278,M05,13.91,0.0004,9.61,Dataset 05.xlsx,271
278,M06,17.48,0.0003,11.48,Dataset 06.xlsx,271
278,M07,20.77,0.0003,14.16,Dataset 07.xlsx,271
278,M08,24.71,0.0003,26.15,Dataset 08.xlsx,271
278,M09,23.32,0.0004,24.01,Dataset 09.xlsx,271
278,M10,26.17,0.0003,18.38,Dataset 10.xlsx,271
278,M11,25.37,0.0007,18.14,Dataset 11.xlsx,271
278,M12,37.02,0.0003,38.29,Dataset 12.xlsx,271
278,M13,39.55,0.0005,30.14,Dataset 13.xlsx,271
278,M14,37.02,0.0002,48.36,Dataset 14.xlsx,271
278,M15,39.81,0,23.88,Dataset 15.xlsx,271
278,M16,69.16,0.0011,54.33,Dataset 16.xlsx,271
278,M17,9.58,0.0016,9.41,Dataset 17.xlsx,271
278,M18,13.81,0.001,8.59,Dataset 18.xlsx,271
278,M19,15.17,0.0007,10.11,Dataset 19.xlsx,271
278,M25,17.16,0.0017,12.2,Dataset 25.xlsx,279
278,M26,15.83,0.0005,19.29,Dataset 26.xlsx,279
278,M27,22.25,0,16.25,Dataset 27.xlsx,279
278,M28,20.64,0.0016,25.46,Dataset 28.xlsx,279
278,M29,22.01,0.0003,12.18,Dataset 29.xlsx,279
278,M30,14.65,0.0004,9.85,Dataset 30.xlsx,279
279,M01,5.76,0.005,3.54,Dataset 01.xlsx,272
279,M02,7.52,0.0007,7.22,Dataset 02.xlsx,272
279,M03,6.6,0.0044,3.86,Dataset 03.xlsx,272
279,M04,6.06,0.0049,3.38,Dataset 04.xlsx,272
279,M05,5.99,0,3.57,Dataset 05.xlsx,272
279,M06,8.29,0.0022,4.92,Dataset 06.xlsx,272
279,M07,8.58,0.0012,5.26,Dataset 07.xlsx,272
279,M08,11.83,0.0006,12,Dataset 08.xlsx,272
279,M09,10.66,0.0009,10.43,Dataset 09.xlsx,272
279,M10,13.75,0.0024,9.19,Dataset 10.xlsx,272
279,M11,12.67,0.0006,8.56,Dataset 11.xlsx,272
279,M12,15.3,0.001,15.24,Dataset 12.xlsx,272
279,M13,14.87,0.0005,10.71,Dataset 13.xlsx,272
279,M14,12.18,0.0008,15.24,Dataset 14.xlsx,272
279,M15,14.84,0.0012,8.28,Dataset 15.xlsx,272
279,M16,31.65,0.0002,24.32,Dataset 16.xlsx,272
279,M17,4.56,0.0062,3.95,Dataset 17.xlsx,272
279,M18,6.42,0.0033,3.46,Dataset 18.xlsx,272
279,M19,5.14,0.0011,2.76,Dataset 19.xlsx,272
279,M20,6.74,0.0009,9.78,Dataset 20.xlsx,267
279,M21,5.04,0.0014,2.57,Dataset 21.xlsx,267
279,M22,11.21,0.0008,8.26,Dataset 22.xlsx,267
279,M23,8.83,0,10.77,Dataset 23.xlsx,267
279,M24,11.25,0.0013,6.21,Dataset 24.xlsx,267
279,M25,11.32,0.0006,7.71,Dataset 25.xlsx,280
279,M26,9.94,0.0008,11.74,Dataset 26.xlsx,280
279,M27,11.45,0.0043,7.87,Dataset 27.xlsx,280
279,M28,9.39,0.0009,11.04,Dataset 28.xlsx,280
279,M29,11.19,0.0019,5.7,Dataset 29.xlsx,280
279,M30,6.83,0.0004,4.06,Dataset 30.xlsx,280
280,M01,7.02,0.002,4.53,Dataset 01.xlsx,273
280,M02,9.87,0.0006,9.79,Dataset 02.xlsx,273
280,M03,10.86,0.0017,7,Dataset 03.xlsx,273
280,M04,9.91,0.001,6.17,Dataset 04.xlsx,273
280,M05,9.62,0.0007,6.34,Dataset 05.xlsx,273
280,M06,13.49,0.0005,8.64,Dataset 06.xlsx,273
280,M07,14.35,0,9.47,Dataset 07.xlsx,273
280,M08,19.01,0.0003,19.89,Dataset 08.xlsx,273
280,M09,17.88,0.0004,18.17,Dataset 09.xlsx,273
280,M10,20.96,0.001,14.53,Dataset 10.xlsx,273
280,M11,19.7,0.0004,13.87,Dataset 11.xlsx,273
280,M12,26.94,0.0006,27.6,Dataset 12.xlsx,273
280,M13,25.8,0.0003,19.31,Dataset 13.xlsx,273
280,M14,23.22,0.0005,29.96,Dataset 14.xlsx,273
280,M15,26.77,0.0011,15.73,Dataset 15.xlsx,273
280,M16,54.17,0.0005,42.34,Dataset 16.xlsx,273
280,M17,7.16,0.0024,6.78,Dataset 17.xlsx,273
280,M18,10.13,0.0007,6.03,Dataset 18.xlsx,273
280,M19,7.68,0.0027,4.63,Dataset 19.xlsx,273
280,M20,8.44,0.0011,12.5,Dataset 20.xlsx,268
280,M21,6.94,0,3.92,Dataset 21.xlsx,268
280,M22,14.79,0.0008,11.22,Dataset 22.xlsx,268
280,M23,14.22,0.002,17.96,Dataset 23.xlsx,268
280,M24,14.63,0.0017,8.38,Dataset 24.xlsx,268
280,M25,14.36,0.0001,10.05,Dataset 25.xlsx,281
280,M26,13.21,0.0008,15.94,Dataset 26.xlsx,281
280,M27,17.15,0.0004,12.29,Dataset 27.xlsx,281
280,M28,15.33,0,18.65,Dataset 28.xlsx,281
280,M29,17.09,0,9.23,Dataset 29.xlsx,281
280,M30,10.85,0,7.04,Dataset 30.xlsx,281
281,M01,6.65,0,4.24,Dataset 01.xlsx,274
281,M02,8.79,0.0006,8.61,Dataset 02.xlsx,274
281,M03,8.5,0.0006,5.26,Dataset 03.xlsx,274
281,M04,7.79,0.0017,4.63,Dataset 04.xlsx,274
281,M05,8.11,0,5.19,Dataset 05.xlsx,274
281,M06,10.84,0,6.74,Dataset 06.xlsx,274
281,M07,11.47,0.0018,7.37,Dataset 07.xlsx,274
281,M08,15.85,0.0004,16.42,Dataset 08.xlsx,274
281,M09,14.89,0.0004,14.97,Dataset 09.xlsx,274
281,M10,17.38,0.0003,11.87,Dataset 10.xlsx,274
281,M11,17.09,0.001,11.9,Dataset 11.xlsx,274
281,M12,22.13,0.0015,22.49,Dataset 12.xlsx,274
281,M13,21.52,0.0009,15.94,Dataset 13.xlsx,274
281,M14,18.48,0.0003,23.64,Dataset 14.xlsx,274
281,M15,21.34,0.0003,12.33,Dataset 15.xlsx,274
281,M16,48.83,0.0002,38.06,Dataset 16.xlsx,274
281,M17,5.88,0.0017,5.39,Dataset 17.xlsx,274
281,M18,8,0.0009,4.56,Dataset 18.xlsx,274
281,M19,5.52,0.0018,3.04,Dataset 19.xlsx,274
281,M20,6.98,0.0003,10.17,Dataset 20.xlsx,269
281,M21,5.01,0.0014,2.55,Dataset 21.xlsx,269
281,M22,10.44,0.0004,7.63,Dataset 22.xlsx,269
281,M23,9.6,0.0029,11.8,Dataset 23.xlsx,269
281,M24,10.17,0.0006,5.52,Dataset 24.xlsx,269
281,M25,14.32,0.0006,10.02,Dataset 25.xlsx,282
281,M26,13.04,0.0003,15.72,Dataset 26.xlsx,282
281,M27,16.98,0.0016,12.16,Dataset 27.xlsx,282
281,M28,15.06,0.0005,18.31,Dataset 28.xlsx,282
281,M29,16.73,0.0021,9.01,Dataset 29.xlsx,282
281,M30,10.45,0.0004,6.74,Dataset 30.xlsx,282
282,M01,8.28,0.0024,5.52,Dataset 01.xlsx,275
282,M02,11.06,0.0005,11.08,Dataset 02.xlsx,275
282,M03,13.15,0.0004,8.68,Dataset 03.xlsx,275
282,M04,12.3,0.0004,7.9,Dataset 04.xlsx,275
282,M05,12.52,0,8.56,Dataset 05.xlsx,275
282,M06,15.77,0.0003,10.27,Dataset 06.xlsx,275
282,M07,18.62,0.0003,12.59,Dataset 07.xlsx,275
282,M08,22.73,0.0003,23.98,Dataset 08.xlsx,275
282,M09,21.57,0,22.13,Dataset 09.xlsx,275
282,M10,24.08,0.0003,16.83,Dataset 10.xlsx,275
282,M11,23.51,0.0004,16.74,Dataset 11.xlsx,275
282,M12,33.77,0.0003,34.85,Dataset 12.xlsx,275
282,M13,35.36,0.0003,26.84,Dataset 13.xlsx,275
282,M14,32.72,0,42.63,Dataset 14.xlsx,275
282,M15,35.87,0,21.42,Dataset 15.xlsx,275
282,M16,64.63,0,50.7,Dataset 16.xlsx,275
282,M17,8.81,0.0017,8.57,Dataset 17.xlsx,275
282,M18,12.65,0.0008,7.78,Dataset 18.xlsx,275
282,M19,11.6,0.0005,7.5,Dataset 19.xlsx,275
282,M20,13.43,0,20.49,Dataset 20.xlsx,270
282,M21,10.79,0.0007,6.65,Dataset 21.xlsx,270
282,M22,27.87,0,22.03,Dataset 22.xlsx,270
282,M23,24.74,0.0006,31.99,Dataset 23.xlsx,270
282,M24,28.52,0,17.28,Dataset 24.xlsx,270
282,M25,15.84,0.0004,11.18,Dataset 25.xlsx,283
282,M26,14.73,0,17.88,Dataset 26.xlsx,283
282,M27,20.3,0.0007,14.74,Dataset 27.xlsx,283
282,M28,18.73,0.0004,23.01,Dataset 28.xlsx,283
282,M29,20.25,0.0014,11.13,Dataset 29.xlsx,283
282,M30,13.18,0.0004,8.76,Dataset 30.xlsx,283
283,M01,7.36,0.0021,4.8,Dataset 01.xlsx,276
283,M02,9.89,0.0006,9.8,Dataset 02.xlsx,276
283,M03,10.61,0.0005,6.81,Dataset 03.xlsx,276
283,M04,9.82,0.0007,6.1,Dataset 04.xlsx,276
283,M05,9.82,0,6.5,Dataset 05.xlsx,276
283,M06,13.16,0,8.4,Dataset 06.xlsx,276
283,M07,14.72,0.0005,9.74,Dataset 07.xlsx,276
283,M08,19.13,0.0003,20.02,Dataset 08.xlsx,276
283,M09,18.03,0.0003,18.34,Dataset 09.xlsx,276
283,M10,20.58,0.0003,14.24,Dataset 10.xlsx,276
283,M11,19.78,0,13.93,Dataset 11.xlsx,276
283,M12,27.63,0.0005,28.33,Dataset 12.xlsx,276
283,M13,27.96,0,21.02,Dataset 13.xlsx,276
283,M14,24.84,0.0004,32.12,Dataset 14.xlsx,276
283,M15,27.99,0.001,16.49,Dataset 15.xlsx,276
283,M16,56.63,0.0001,44.3,Dataset 16.xlsx,276
283,M17,7.46,0.0013,7.11,Dataset 17.xlsx,276
283,M18,10.4,0.002,6.22,Dataset 18.xlsx,276
283,M19,8.51,0,5.23,Dataset 19.xlsx,276
283,M20,10.93,0.0009,16.48,Dataset 20.xlsx,271
283,M21,8.11,0,4.75,Dataset 21.xlsx,271
283,M22,19.81,0.0004,15.37,Dataset 22.xlsx,271
283,M23,17.07,0.0174,21.76,Dataset 23.xlsx,271
283,M24,20.15,0.0012,11.92,Dataset 24.xlsx,271
283,M25,13.82,0.0003,9.63,Dataset 25.xlsx,284
283,M26,12.6,0.0006,15.15,Dataset 26.xlsx,284
283,M27,16.01,0.0004,11.41,Dataset 27.xlsx,284
283,M28,14.22,0,17.23,Dataset 28.xlsx,284
283,M29,16.06,0,8.62,Dataset 29.xlsx,284
283,M30,9.85,0.0004,6.3,Dataset 30.xlsx,284
284,M01,8.11,0.0009,5.39,Dataset 01.xlsx,277
284,M02,12.48,0.0008,12.63,Dataset 02.xlsx,277
284,M03,15.18,0.0005,10.17,Dataset 03.xlsx,277
284,M04,14.18,0.0006,9.26,Dataset 04.xlsx,277
284,M05,14.5,0,10.07,Dataset 05.xlsx,277
284,M06,18.3,0.0008,12.07,Dataset 06.xlsx,277
284,M07,21.63,0.0051,14.79,Dataset 07.xlsx,277
284,M08,25.51,0.0003,27.03,Dataset 08.xlsx,277
284,M09,24.15,0.0004,24.9,Dataset 09.xlsx,277
284,M10,26.99,0.0003,18.99,Dataset 10.xlsx,277
284,M11,26.18,0.0003,18.75,Dataset 11.xlsx,277
284,M12,38.34,0.0002,39.7,Dataset 12.xlsx,277
284,M13,41.36,0.0002,31.57,Dataset 13.xlsx,277
284,M14,38.95,0.0002,50.93,Dataset 14.xlsx,277
284,M15,41.18,0.0001,24.74,Dataset 15.xlsx,277
284,M16,71.11,0.0005,55.89,Dataset 16.xlsx,277
284,M17,9.96,0.0024,9.83,Dataset 17.xlsx,277
284,M18,14.35,0.0007,8.97,Dataset 18.xlsx,277
284,M19,15.22,0.0005,10.15,Dataset 19.xlsx,277
284,M20,16.47,0.0001,25.34,Dataset 20.xlsx,272
284,M21,13.94,0.002,8.89,Dataset 21.xlsx,272
284,M22,37.38,0.0002,29.89,Dataset 22.xlsx,272
284,M23,34.54,0.0006,45.05,Dataset 23.xlsx,272
284,M24,37.14,0.0001,22.81,Dataset 24.xlsx,272
284,M25,18.01,0.0016,12.85,Dataset 25.xlsx,285
284,M26,16.43,0.0003,20.06,Dataset 26.xlsx,285
284,M27,23.21,0.0005,16.99,Dataset 27.xlsx,285
284,M28,21.56,0.0015,26.64,Dataset 28.xlsx,285
284,M29,22.75,0.0003,12.62,Dataset 29.xlsx,285
284,M30,15.27,0.0008,10.31,Dataset 30.xlsx,285
285,M01,7.29,0.001,4.74,Dataset 01.xlsx,278
285,M02,9.7,0,9.6,Dataset 02.xlsx,278
285,M03,10.2,0.0007,6.51,Dataset 03.xlsx,278
285,M04,9.13,0.0009,5.61,Dataset 04.xlsx,278
285,M05,9.3,0.0015,6.1,Dataset 05.xlsx,278
285,M06,12.86,0.0004,8.18,Dataset 06.xlsx,278
285,M07,14.05,0.0005,9.25,Dataset 07.xlsx,278
285,M08,18.47,0.0004,19.29,Dataset 08.xlsx,278
285,M09,16.98,0.0006,17.21,Dataset 09.xlsx,278
285,M10,19.99,0.0004,13.8,Dataset 10.xlsx,278
285,M11,18.99,0.001,13.33,Dataset 11.xlsx,278
285,M12,26.44,0.0005,27.06,Dataset 12.xlsx,278
285,M13,26.93,0.0008,20.2,Dataset 13.xlsx,278
285,M14,23.54,0.0005,30.39,Dataset 14.xlsx,278
285,M15,26.37,0,15.48,Dataset 15.xlsx,278
285,M16,55.47,0.0003,43.38,Dataset 16.xlsx,278
285,M17,7.1,0.0021,6.71,Dataset 17.xlsx,278
285,M18,9.74,0.0022,5.76,Dataset 18.xlsx,278
285,M19,7.94,0.0026,4.82,Dataset 19.xlsx,278
285,M20,10.34,0,15.54,Dataset 20.xlsx,273
285,M21,7.42,0.001,4.26,Dataset 21.xlsx,273
285,M22,17.98,0.0006,13.86,Dataset 22.xlsx,273
285,M23,15.32,0.0018,19.43,Dataset 23.xlsx,273
285,M24,18.14,0,10.63,Dataset 24.xlsx,273
285,M25,14.23,0.0007,9.95,Dataset 25.xlsx,286
285,M26,12.95,0.0008,15.6,Dataset 26.xlsx,286
285,M27,16.81,0.0009,12.03,Dataset 27.xlsx,286
285,M28,14.9,0.0006,18.1,Dataset 28.xlsx,286
285,M29,16.41,0.0009,8.83,Dataset 29.xlsx,286
285,M30,10.23,0.0017,6.57,Dataset 30.xlsx,286
286,M01,6.95,0.0041,4.47,Dataset 01.xlsx,279
286,M02,9.95,0.001,9.87,Dataset 02.xlsx,279
286,M03,10.71,0.0012,6.89,Dataset 03.xlsx,279
286,M04,9.75,0.0019,6.05,Dataset 04.xlsx,279
286,M05,9.71,0.0015,6.41,Dataset 05.xlsx,279
286,M06,13.13,0.0011,8.38,Dataset 06.xlsx,279
286,M07,14.29,0,9.43,Dataset 07.xlsx,279
286,M08,18.87,0.0004,19.74,Dataset 08.xlsx,279
286,M09,17.73,0.0011,18.01,Dataset 09.xlsx,279
286,M10,20.45,0.0007,14.15,Dataset 10.xlsx,279
286,M11,19.62,0.001,13.81,Dataset 11.xlsx,279
286,M12,26.84,0.0004,27.49,Dataset 12.xlsx,279
286,M13,25.55,0.0008,19.12,Dataset 13.xlsx,279
286,M14,22.85,0.0004,29.47,Dataset 14.xlsx,279
286,M15,26.37,0,15.48,Dataset 15.xlsx,279
286,M16,53.86,0.0001,42.09,Dataset 16.xlsx,279
286,M17,7.03,0.0035,6.65,Dataset 17.xlsx,279
286,M18,9.88,0,5.86,Dataset 18.xlsx,279
286,M19,6.34,0.0009,3.64,Dataset 19.xlsx,279
286,M20,8.54,0,12.66,Dataset 20.xlsx,274
286,M21,6.99,0.003,3.96,Dataset 21.xlsx,274
286,M22,14.97,0.0006,11.37,Dataset 22.xlsx,274
286,M23,14.04,0.004,17.72,Dataset 23.xlsx,274
286,M24,14.7,0,8.42,Dataset 24.xlsx,274
286,M25,13.81,0.0017,9.62,Dataset 25.xlsx,287
286,M26,12.67,0.0006,15.24,Dataset 26.xlsx,287
286,M27,16.11,0.0013,11.48,Dataset 27.xlsx,287
286,M28,14.38,0.0017,17.44,Dataset 28.xlsx,287
286,M29,16.24,0.0004,8.72,Dataset 29.xlsx,287
286,M30,10.11,0.0021,6.49,Dataset 30.xlsx,287
287,M01,7.77,0.0009,5.12,Dataset 01.xlsx,280
287,M02,10.52,0,10.5,Dataset 02.xlsx,280
287,M03,12.04,0.0004,7.86,Dataset 03.xlsx,280
287,M04,11.57,0.0006,7.37,Dataset 04.xlsx,280
287,M05,11.57,0,7.83,Dataset 05.xlsx,280
287,M06,14.59,0.001,9.42,Dataset 06.xlsx,280
287,M07,16.93,0.0004,11.36,Dataset 07.xlsx,280
287,M08,21.19,0.0003,22.28,Dataset 08.xlsx,280
287,M09,20.54,0.0004,21.03,Dataset 09.xlsx,280
287,M10,22.59,0.0002,15.73,Dataset 10.xlsx,280
287,M11,22.23,0.0003,15.77,Dataset 11.xlsx,280
287,M12,31.19,0.0005,32.11,Dataset 12.xlsx,280
287,M13,32.13,0.0002,24.3,Dataset 13.xlsx,280
287,M14,29.36,0.0003,38.15,Dataset 14.xlsx,280
287,M15,32.72,0.0002,19.45,Dataset 15.xlsx,280
287,M16,61.15,0.0001,47.92,Dataset 16.xlsx,280
287,M17,8.43,0.0028,8.16,Dataset 17.xlsx,280
287,M18,11.98,0.0014,7.32,Dataset 18.xlsx,280
287,M19,10.39,0.0005,6.61,Dataset 19.xlsx,280
287,M20,12.47,0.0002,18.95,Dataset 20.xlsx,275
287,M21,10.08,0.0021,6.15,Dataset 21.xlsx,275
287,M22,24.73,0.0003,19.44,Dataset 22.xlsx,275
287,M23,21.75,0.0007,28,Dataset 23.xlsx,275
287,M24,25.47,0.0002,15.33,Dataset 24.xlsx,275
287,M25,14.96,0.0017,10.51,Dataset 25.xlsx,288
287,M26,13.89,0.0005,16.81,Dataset 26.xlsx,288
287,M27,18.57,0.0008,13.39,Dataset 27.xlsx,288
287,M28,16.95,0.0015,20.73,Dataset 28.xlsx,288
287,M29,18.6,0,10.14,Dataset 29.xlsx,288
287,M30,11.85,0,7.78,Dataset 30.xlsx,288
288,M01,7.23,0.002,4.69,Dataset 01.xlsx,281
288,M02,10.08,0.0005,10.01,Dataset 02.xlsx,281
288,M03,11.12,0.0004,7.19,Dataset 03.xlsx,281
288,M04,10.58,0.0007,6.65,Dataset 04.xlsx,281
288,M05,10.41,0.0007,6.94,Dataset 05.xlsx,281
288,M06,13.16,0,8.4,Dataset 06.xlsx,281
288,M07,15.54,0.001,10.34,Dataset 07.xlsx,281
288,M08,19.89,0.0003,20.86,Dataset 08.xlsx,281
288,M09,19.14,0.0005,19.53,Dataset 09.xlsx,281
288,M10,21.31,0.0002,14.79,Dataset 10.xlsx,281
288,M11,20.6,0,14.55,Dataset 11.xlsx,281
288,M12,29.01,0.0008,29.8,Dataset 12.xlsx,281
288,M13,28.32,0,21.3,Dataset 13.xlsx,281
288,M14,25.54,0.0005,33.05,Dataset 14.xlsx,281
288,M15,29.67,0.0006,17.54,Dataset 15.xlsx,281
288,M16,57.05,0.0002,44.64,Dataset 16.xlsx,281
288,M17,7.87,0.0012,7.55,Dataset 17.xlsx,281
288,M18,11.09,0.0026,6.7,Dataset 18.xlsx,281
288,M19,8.92,0.0006,5.53,Dataset 19.xlsx,281
288,M20,12.59,0.0005,19.14,Dataset 20.xlsx,276
288,M21,9.44,0.003,5.69,Dataset 21.xlsx,276
288,M22,23.58,0.0005,18.49,Dataset 22.xlsx,276
288,M23,18.75,0.0019,23.99,Dataset 23.xlsx,276
288,M24,23.94,0.0006,14.35,Dataset 24.xlsx,276
288,M25,14.19,0.0021,9.92,Dataset 25.xlsx,289
288,M26,13.12,0.0008,15.82,Dataset 26.xlsx,289
288,M27,17.03,0.0005,12.2,Dataset 27.xlsx,289
288,M28,15.44,0.0021,18.79,Dataset 28.xlsx,289
288,M29,17.45,0.0009,9.45,Dataset 29.xlsx,289
288,M30,10.69,0.0012,6.92,Dataset 30.xlsx,289
289,M01,8.54,0.0032,5.72,Dataset 01.xlsx,282
289,M02,11.27,0.0004,11.31,Dataset 02.xlsx,282
289,M03,13.51,0,8.95,Dataset 03.xlsx,282
289,M04,12.65,0.0005,8.15,Dataset 04.xlsx,282
289,M05,12.88,0,8.83,Dataset 05.xlsx,282
289,M06,16.25,0.0006,10.61,Dataset 06.xlsx,282
289,M07,19.14,0,12.97,Dataset 07.xlsx,282
289,M08,23.21,0.0003,24.51,Dataset 08.xlsx,282
289,M09,22.05,0.0061,22.65,Dataset 09.xlsx,282
289,M10,24.59,0,17.21,Dataset 10.xlsx,282
289,M11,23.95,0.0003,17.07,Dataset 11.xlsx,282
289,M12,34.53,0.0009,35.66,Dataset 12.xlsx,282
289,M13,36.48,0.0002,27.72,Dataset 13.xlsx,282
289,M14,33.83,0,44.11,Dataset 14.xlsx,282
289,M15,36.78,0.0003,21.99,Dataset 15.xlsx,282
289,M16,65.84,0,51.67,Dataset 16.xlsx,282
289,M17,9.04,0.0021,8.83,Dataset 17.xlsx,282
289,M18,12.96,0.0005,8,Dataset 18.xlsx,282
289,M19,12.57,0.0009,8.21,Dataset 19.xlsx,282
289,M20,14.55,0.0003,22.28,Dataset 20.xlsx,277
289,M21,11.24,0.0006,6.97,Dataset 21.xlsx,277
289,M22,30.09,0,23.87,Dataset 22.xlsx,277
289,M23,26.54,0.0009,34.39,Dataset 23.xlsx,277
289,M24,30.93,0.0003,18.83,Dataset 24.xlsx,277
289,M25,16.17,0.0004,11.44,Dataset 25.xlsx,290
289,M26,14.99,0,18.22,Dataset 26.xlsx,290
289,M27,20.83,0.0002,15.15,Dataset 27.xlsx,290
289,M28,19.23,0.0004,23.65,Dataset 28.xlsx,290
289,M29,20.68,0.0003,11.38,Dataset 29.xlsx,290
289,M30,13.55,0,9.04,Dataset 30.xlsx,290
290,M01,7.64,0.0019,5.02,Dataset 01.xlsx,283
290,M02,10.22,0.0005,10.17,Dataset 02.xlsx,283
290,M03,11.19,0.0006,7.24,Dataset 03.xlsx,283
290,M04,10.22,0.0008,6.39,Dataset 04.xlsx,283
290,M05,10.41,0.0007,6.94,Dataset 05.xlsx,283
290,M06,13.84,0.001,8.89,Dataset 06.xlsx,283
290,M07,15.54,0,10.34,Dataset 07.xlsx,283
290,M08,19.91,0.0003,20.88,Dataset 08.xlsx,283
290,M09,18.58,0.0018,18.92,Dataset 09.xlsx,283
290,M10,21.43,0.0003,14.87,Dataset 10.xlsx,283
290,M11,20.59,0.0006,14.54,Dataset 11.xlsx,283
290,M12,28.78,0.0005,29.55,Dataset 12.xlsx,283
290,M13,29.45,0.0005,22.19,Dataset 13.xlsx,283
290,M14,26.07,0.0005,33.76,Dataset 14.xlsx,283
290,M15,29.65,0.0007,17.53,Dataset 15.xlsx,283
290,M16,58.21,0.0002,45.57,Dataset 16.xlsx,283
290,M17,7.74,0.0031,7.41,Dataset 17.xlsx,283
290,M18,10.76,0,6.47,Dataset 18.xlsx,283
290,M19,8.62,0.0016,5.32,Dataset 19.xlsx,283
290,M20,10.94,0.0007,16.5,Dataset 20.xlsx,278
290,M21,8.06,0,4.71,Dataset 21.xlsx,278
290,M22,19.82,0.0006,15.38,Dataset 22.xlsx,278
290,M23,16.45,0.0004,20.93,Dataset 23.xlsx,278
290,M24,20.17,0.0009,11.93,Dataset 24.xlsx,278
290,M25,14.81,0.0002,10.39,Dataset 25.xlsx,291
290,M26,13.53,0.0007,16.35,Dataset 26.xlsx,291
290,M27,17.98,0.0004,12.93,Dataset 27.xlsx,291
290,M28,16.07,0,19.6,Dataset 28.xlsx,291
290,M29,17.87,0,9.7,Dataset 29.xlsx,291
290,M30,11.24,0.0004,7.33,Dataset 30.xlsx,291
291,M01,7.5,0.0019,4.91,Dataset 01.xlsx,284
291,M02,10.37,0,10.33,Dataset 02.xlsx,284
291,M03,11.74,0.0004,7.64,Dataset 03.xlsx,284
291,M04,11.16,0.0005,7.07,Dataset 04.xlsx,284
291,M05,11.02,0,7.41,Dataset 05.xlsx,284
291,M06,13.87,0.0005,8.9,Dataset 06.xlsx,284
291,M07,16.5,0.0003,11.04,Dataset 07.xlsx,284
291,M08,20.79,0.0003,21.84,Dataset 08.xlsx,284
291,M09,19.97,0.0009,20.42,Dataset 09.xlsx,284
291,M10,22.16,0.0002,15.41,Dataset 10.xlsx,284
291,M11,21.47,0,15.2,Dataset 11.xlsx,284
291,M12,30.55,0.0009,31.43,Dataset 12.xlsx,284
291,M13,30.32,0,22.87,Dataset 13.xlsx,284
291,M14,27.57,0.0002,35.76,Dataset 14.xlsx,284
291,M15,31.54,0.0007,18.71,Dataset 15.xlsx,284
291,M16,59.22,0.0002,46.38,Dataset 16.xlsx,284
291,M17,8.19,0.0021,7.9,Dataset 17.xlsx,284
291,M18,11.64,0.0024,7.08,Dataset 18.xlsx,284
291,M19,8.61,0.0013,5.31,Dataset 19.xlsx,284
291,M20,12.35,0.0006,18.76,Dataset 20.xlsx,279
291,M21,9.14,0.0031,5.48,Dataset 21.xlsx,279
291,M22,23.08,0.0003,18.07,Dataset 22.xlsx,279
291,M23,18.43,0.0004,23.57,Dataset 23.xlsx,279
291,M24,29.56,0.0006,17.95,Dataset 24.xlsx,279
291,M25,14.6,0.0028,10.23,Dataset 25.xlsx,292
291,M26,13.54,0.0004,16.36,Dataset 26.xlsx,292
291,M27,17.87,0.0007,12.85,Dataset 27.xlsx,292
291,M28,16.32,0.002,19.92,Dataset 28.xlsx,292
291,M29,18.25,0.0012,9.93,Dataset 29.xlsx,292
291,M30,11.34,0.004,7.4,Dataset 30.xlsx,292
292,M01,8.33,0.0021,5.56,Dataset 01.xlsx,285
292,M02,11.26,0.001,11.31,Dataset 02.xlsx,285
292,M03,13.47,0.0007,8.92,Dataset 03.xlsx,285
292,M04,12.45,0.0005,8.01,Dataset 04.xlsx,285
292,M05,12.12,0,8.25,Dataset 05.xlsx,285
292,M06,15.89,0.0006,10.35,Dataset 06.xlsx,285
292,M07,19.08,0.0007,12.93,Dataset 07.xlsx,285
292,M08,23.16,0.0003,24.45,Dataset 08.xlsx,285
292,M09,21.78,0.0003,22.35,Dataset 09.xlsx,285
292,M10,24.51,0.0005,17.15,Dataset 10.xlsx,285
292,M11,23.04,0,16.39,Dataset 11.xlsx,285
292,M12,34.46,0.0003,35.58,Dataset 12.xlsx,285
292,M13,35.58,0,27.02,Dataset 13.xlsx,285
292,M14,32.92,0.0002,42.89,Dataset 14.xlsx,285
292,M15,36.45,0.0002,21.78,Dataset 15.xlsx,285
292,M16,64.87,0.0001,50.9,Dataset 16.xlsx,285
292,M17,9.2,0.0022,8.99,Dataset 17.xlsx,285
292,M18,13.3,0.0004,8.24,Dataset 18.xlsx,285
292,M19,11.65,0.0005,7.53,Dataset 19.xlsx,285
292,M20,14.14,0.0001,21.62,Dataset 20.xlsx,280
292,M21,11.46,0.0086,7.12,Dataset 21.xlsx,280
292,M22,29.99,0.0002,23.79,Dataset 22.xlsx,280
292,M23,26.78,0.0008,34.7,Dataset 23.xlsx,280
292,M24,30.87,0.0002,18.79,Dataset 24.xlsx,280
292,M25,15.2,0.0067,10.69,Dataset 25.xlsx,293
292,M26,14.1,0.0004,17.08,Dataset 26.xlsx,293
292,M27,19.04,0.0004,13.76,Dataset 27.xlsx,293
292,M28,17.41,0.0066,21.32,Dataset 28.xlsx,293
292,M29,19.45,0.0004,10.64,Dataset 29.xlsx,293
292,M30,12.32,0.0004,8.13,Dataset 30.xlsx,293
293,M01,5.28,0.0019,3.16,Dataset 01.xlsx,286
293,M02,7.37,0.0007,7.05,Dataset 02.xlsx,286
293,M03,6.31,0.0013,3.64,Dataset 03.xlsx,286
293,M04,5.84,0.0009,3.22,Dataset 04.xlsx,286
293,M05,5.61,0.0021,3.28,Dataset 05.xlsx,286
293,M06,7.72,0.0019,4.51,Dataset 06.xlsx,286
293,M07,8.33,0.0008,5.08,Dataset 07.xlsx,286
293,M08,12.1,0.0005,12.3,Dataset 08.xlsx,286
293,M09,11.04,0.0005,10.84,Dataset 09.xlsx,286
293,M10,13.55,0.0007,9.03,Dataset 10.xlsx,286
293,M11,12.48,0.0004,8.42,Dataset 11.xlsx,286
293,M12,16.12,0.0009,16.11,Dataset 12.xlsx,286
293,M13,14.23,0.0004,10.2,Dataset 13.xlsx,286
293,M14,12.06,0.001,15.08,Dataset 14.xlsx,286
293,M15,14.35,0.0005,7.97,Dataset 15.xlsx,286
293,M16,32.7,0.0003,25.16,Dataset 16.xlsx,286
293,M17,4.94,0.005,4.37,Dataset 17.xlsx,286
293,M18,6.77,0,3.7,Dataset 18.xlsx,286
293,M19,5.02,0.002,2.68,Dataset 19.xlsx,286
293,M20,7.44,0.0003,10.9,Dataset 20.xlsx,281
293,M21,5.33,0.004,2.78,Dataset 21.xlsx,281
293,M22,11.34,0.001,8.37,Dataset 22.xlsx,281
293,M23,9.82,0.0026,12.09,Dataset 23.xlsx,281
293,M24,11.2,0.0005,6.18,Dataset 24.xlsx,281
293,M25,10.58,0.0023,7.14,Dataset 25.xlsx,294
293,M26,9.24,0.0011,10.85,Dataset 26.xlsx,294
293,M27,10.1,0,6.83,Dataset 27.xlsx,294
293,M28,8.63,0.0029,10.06,Dataset 28.xlsx,294
293,M29,10.03,0.0026,5.01,Dataset 29.xlsx,294
293,M30,5.84,0.0004,3.32,Dataset 30.xlsx,294
294,M01,7.2,0.0021,4.67,Dataset 01.xlsx,287
294,M02,9.69,0.001,9.59,Dataset 02.xlsx,287
294,M03,10.41,0.0012,6.67,Dataset 03.xlsx,287
294,M04,9.98,0.0008,6.22,Dataset 04.xlsx,287
294,M05,10.17,0,6.76,Dataset 05.xlsx,287
294,M06,13.04,0.0005,8.31,Dataset 06.xlsx,287
294,M07,14.5,0,9.58,Dataset 07.xlsx,287
294,M08,18.9,0.0003,19.76,Dataset 08.xlsx,287
294,M09,18.36,0,18.69,Dataset 09.xlsx,287
294,M10,20.27,0.0007,14.01,Dataset 10.xlsx,287
294,M11,20.26,0.0004,14.29,Dataset 11.xlsx,287
294,M12,27.48,0.0004,28.17,Dataset 12.xlsx,287
294,M13,28.16,0.0004,21.17,Dataset 13.xlsx,287
294,M14,26.19,0.0005,33.92,Dataset 14.xlsx,287
294,M15,28.1,0,16.56,Dataset 15.xlsx,287
294,M16,56.9,0.0002,44.52,Dataset 16.xlsx,287
294,M17,7.45,0.0023,7.09,Dataset 17.xlsx,287
294,M18,10.45,0,6.26,Dataset 18.xlsx,287
294,M19,8.12,0.0024,4.95,Dataset 19.xlsx,287
294,M20,10.11,0,15.17,Dataset 20.xlsx,282
294,M21,7.8,0.0027,4.53,Dataset 21.xlsx,282
294,M22,17.94,0.0006,13.83,Dataset 22.xlsx,282
294,M23,18.6,0.0004,23.8,Dataset 23.xlsx,282
294,M24,17.1,0,9.96,Dataset 24.xlsx,282
294,M25,15.46,0.0015,10.89,Dataset 25.xlsx,295
294,M26,14.33,0.0007,17.37,Dataset 26.xlsx,295
294,M27,19.54,0,14.15,Dataset 27.xlsx,295
294,M28,17.94,0.0014,22,Dataset 28.xlsx,295
294,M29,19.44,0.0004,10.64,Dataset 29.xlsx,295
294,M30,12.36,0.0004,8.15,Dataset 30.xlsx,295
295,M01,7.81,0.002,5.15,Dataset 01.xlsx,288
295,M02,10.51,0,10.49,Dataset 02.xlsx,288
295,M03,11.94,0.0005,7.79,Dataset 03.xlsx,288
295,M04,11.13,0.0009,7.05,Dataset 04.xlsx,288
295,M05,11.31,0.0006,7.63,Dataset 05.xlsx,288
295,M06,14.53,0,9.38,Dataset 06.xlsx,288
295,M07,16.76,0.0003,11.23,Dataset 07.xlsx,288
295,M08,21.02,0.0003,22.1,Dataset 08.xlsx,288
295,M09,19.93,0.0022,20.37,Dataset 09.xlsx,288
295,M10,22.47,0.0003,15.64,Dataset 10.xlsx,288
295,M11,21.82,0.0003,15.46,Dataset 11.xlsx,288
295,M12,30.87,0.0003,31.77,Dataset 12.xlsx,288
295,M13,31.83,0.0002,24.06,Dataset 13.xlsx,288
295,M14,28.94,0.0004,37.59,Dataset 14.xlsx,288
295,M15,32.16,0.0004,19.1,Dataset 15.xlsx,288
295,M16,60.84,0.0016,47.67,Dataset 16.xlsx,288
295,M17,8.23,0.0012,7.94,Dataset 17.xlsx,288
295,M18,11.59,0.0006,7.05,Dataset 18.xlsx,288
295,M19,10.53,0,6.71,Dataset 19.xlsx,288
295,M20,12.62,0.0004,19.19,Dataset 20.xlsx,283
295,M21,9.95,0.0021,6.05,Dataset 21.xlsx,283
295,M22,25.27,0.0004,19.88,Dataset 22.xlsx,283
295,M23,22.19,0.0011,28.59,Dataset 23.xlsx,283
295,M24,25.76,0.0005,15.51,Dataset 24.xlsx,283
295,M25,15.13,0.0015,10.64,Dataset 25.xlsx,296
295,M26,13.98,0.0006,16.92,Dataset 26.xlsx,296
295,M27,18.8,0.0004,13.57,Dataset 27.xlsx,296
295,M28,17.18,0.0014,21.03,Dataset 28.xlsx,296
295,M29,18.75,0.0011,10.22,Dataset 29.xlsx,296
295,M30,11.98,0,7.87,Dataset 30.xlsx,296
296,M01,7.49,0.0019,4.9,Dataset 01.xlsx,289
296,M02,10.34,0.0023,10.3,Dataset 02.xlsx,289
296,M03,11.67,0.0025,7.59,Dataset 03.xlsx,289
296,M04,10.88,0.0017,6.87,Dataset 04.xlsx,289
296,M05,11.01,0.0013,7.4,Dataset 05.xlsx,289
296,M06,13.91,0.0015,8.94,Dataset 06.xlsx,289
296,M07,16.45,0.0013,11.01,Dataset 07.xlsx,289
296,M08,20.91,0.0003,21.98,Dataset 08.xlsx,289
296,M09,19.85,0.0009,20.29,Dataset 09.xlsx,289
296,M10,22.01,0.0015,15.3,Dataset 10.xlsx,289
296,M11,21.43,0.0003,15.18,Dataset 11.xlsx,289
296,M12,30.47,0.0036,31.35,Dataset 12.xlsx,289
296,M13,30.22,0.0003,22.8,Dataset 13.xlsx,289
296,M14,27.4,0.0003,35.53,Dataset 14.xlsx,289
296,M15,31.59,0.0004,18.74,Dataset 15.xlsx,289
296,M16,59.11,0.0003,46.29,Dataset 16.xlsx,289
296,M17,8.51,0.0036,8.25,Dataset 17.xlsx,289
296,M18,11.27,0.0015,6.83,Dataset 18.xlsx,289
296,M19,9.11,0.0022,5.67,Dataset 19.xlsx,289
296,M20,11.78,0.0004,17.84,Dataset 20.xlsx,284
296,M21,8.58,0.0008,5.08,Dataset 21.xlsx,284
296,M22,20.46,0.0004,15.91,Dataset 22.xlsx,284
296,M23,16.59,0.0013,21.12,Dataset 23.xlsx,284
296,M24,26.25,0.0005,15.83,Dataset 24.xlsx,284
296,M25,14.6,0.0007,10.23,Dataset 25.xlsx,297
296,M26,13.54,0.0005,16.36,Dataset 26.xlsx,297
296,M27,17.51,0.0004,12.57,Dataset 27.xlsx,297
296,M28,16.28,0.0005,19.87,Dataset 28.xlsx,297
296,M29,18.29,0.0012,9.95,Dataset 29.xlsx,297
296,M30,11.3,0.0004,7.37,Dataset 30.xlsx,297
297,M01,7.36,0.0019,4.8,Dataset 01.xlsx,290
297,M02,10.27,0.0042,10.22,Dataset 02.xlsx,290
297,M03,11.44,0.0007,7.42,Dataset 03.xlsx,290
297,M04,10.49,0.0005,6.59,Dataset 04.xlsx,290
297,M05,10.63,0.0007,7.11,Dataset 05.xlsx,290
297,M06,14.26,0.001,9.19,Dataset 06.xlsx,290
297,M07,15.71,0.0003,10.47,Dataset 07.xlsx,290
297,M08,20.16,0.0003,21.15,Dataset 08.xlsx,290
297,M09,18.79,0.0021,19.15,Dataset 09.xlsx,290
297,M10,21.74,0.0004,15.1,Dataset 10.xlsx,290
297,M11,20.99,0.0009,14.84,Dataset 11.xlsx,290
297,M12,29.16,0.0084,29.96,Dataset 12.xlsx,290
297,M13,29.53,0.0007,22.25,Dataset 13.xlsx,290
297,M14,26.81,0.002,34.75,Dataset 14.xlsx,290
297,M15,30.64,0.0005,18.15,Dataset 15.xlsx,290
297,M16,58.36,0.0003,45.69,Dataset 16.xlsx,290
297,M17,8.26,0.0029,7.98,Dataset 17.xlsx,290
297,M18,11.56,0.0011,7.03,Dataset 18.xlsx,290
297,M19,9.17,0.0006,5.72,Dataset 19.xlsx,290
297,M20,13.71,0.0004,20.93,Dataset 20.xlsx,285
297,M21,9.85,0.0022,5.99,Dataset 21.xlsx,285
297,M22,25.62,0.002,20.17,Dataset 22.xlsx,285
297,M23,20.33,0.0007,26.11,Dataset 23.xlsx,285
297,M24,20.89,0.0006,12.39,Dataset 24.xlsx,285
297,M25,14.39,0.0015,10.07,Dataset 25.xlsx,298
297,M26,13.34,0.0033,16.1,Dataset 26.xlsx,298
297,M27,17.48,0.0004,12.55,Dataset 27.xlsx,298
297,M28,16,0.0015,19.51,Dataset 28.xlsx,298
297,M29,17.82,0,9.67,Dataset 29.xlsx,298
297,M30,11.14,0.0004,7.25,Dataset 30.xlsx,298
298,M01,8.46,0.0018,5.66,Dataset 01.xlsx,291
298,M02,11.21,0.0004,11.25,Dataset 02.xlsx,291
298,M03,13.45,0.0005,8.9,Dataset 03.xlsx,291
298,M04,12.58,0,8.1,Dataset 04.xlsx,291
298,M05,12.84,0,8.8,Dataset 05.xlsx,291
298,M06,16.12,0.0004,10.51,Dataset 06.xlsx,291
298,M07,19.05,0.0011,12.9,Dataset 07.xlsx,291
298,M08,23.12,0.0003,24.41,Dataset 08.xlsx,291
298,M09,21.96,0.0003,22.55,Dataset 09.xlsx,291
298,M10,24.48,0.0003,17.13,Dataset 10.xlsx,291
298,M11,23.94,0.0003,17.06,Dataset 11.xlsx,291
298,M12,34.42,0.0002,35.54,Dataset 12.xlsx,291
298,M13,36.24,0.0002,27.54,Dataset 13.xlsx,291
298,M14,33.55,0.0003,43.73,Dataset 14.xlsx,291
298,M15,36.75,0.0004,21.97,Dataset 15.xlsx,291
298,M16,65.57,0.0001,51.46,Dataset 16.xlsx,291
298,M17,8.98,0.0019,8.76,Dataset 17.xlsx,291
298,M18,12.9,0.0016,7.96,Dataset 18.xlsx,291
298,M19,11.96,0.0005,7.76,Dataset 19.xlsx,291
298,M20,13.73,0.0004,20.96,Dataset 20.xlsx,286
298,M21,11.11,0.0006,6.88,Dataset 21.xlsx,286
298,M22,28.8,0.0004,22.8,Dataset 22.xlsx,286
298,M23,25.68,0.0003,33.23,Dataset 23.xlsx,286
298,M24,29.49,0.0004,17.9,Dataset 24.xlsx,286
298,M25,16.07,0.0005,11.36,Dataset 25.xlsx,299
298,M26,14.94,0.0006,18.15,Dataset 26.xlsx,299
298,M27,20.7,0,15.05,Dataset 27.xlsx,299
298,M28,19.14,0.0004,23.54,Dataset 28.xlsx,299
298,M29,20.63,0.0003,11.35,Dataset 29.xlsx,299
298,M30,13.47,0.0004,8.98,Dataset 30.xlsx,299
299,M01,7.43,0.001,4.85,Dataset 01.xlsx,292
299,M02,10.03,0.0009,9.96,Dataset 02.xlsx,292
299,M03,10.85,0.0006,6.99,Dataset 03.xlsx,292
299,M04,9.91,0.0006,6.16,Dataset 04.xlsx,292
299,M05,9.87,0.0007,6.53,Dataset 05.xlsx,292
299,M06,13.34,0.0007,8.53,Dataset 06.xlsx,292
299,M07,15.06,0.0006,9.99,Dataset 07.xlsx,292
299,M08,19.45,0.0003,20.37,Dataset 08.xlsx,292
299,M09,18.13,0.0005,18.45,Dataset 09.xlsx,292
299,M10,20.95,0.0004,14.51,Dataset 10.xlsx,292
299,M11,19.96,0.0005,14.06,Dataset 11.xlsx,292
299,M12,28.09,0.0007,28.82,Dataset 12.xlsx,292
299,M13,28.2,0.0004,21.2,Dataset 13.xlsx,292
299,M14,24.97,0.0004,32.29,Dataset 14.xlsx,292
299,M15,28.8,0.0017,17,Dataset 15.xlsx,292
299,M16,56.85,0.0002,44.48,Dataset 16.xlsx,292
299,M17,7.49,0.0026,7.14,Dataset 17.xlsx,292
299,M18,10.49,0.002,6.28,Dataset 18.xlsx,292
299,M19,8.53,0.0015,5.25,Dataset 19.xlsx,292
299,M20,10.87,0.0016,16.39,Dataset 20.xlsx,287
299,M21,7.98,0.0009,4.66,Dataset 21.xlsx,287
299,M22,19.62,0.0004,15.21,Dataset 22.xlsx,287
299,M23,16.78,0.0009,21.38,Dataset 23.xlsx,287
299,M24,20.1,0.0021,11.88,Dataset 24.xlsx,287
299,M25,12.97,0.0007,8.98,Dataset 25.xlsx,300
299,M26,11.76,0.0006,14.08,Dataset 26.xlsx,300
299,M27,14.21,0.0008,10.01,Dataset 27.xlsx,300
299,M28,12.4,0.0007,14.9,Dataset 28.xlsx,300
299,M29,14.06,0.0005,7.42,Dataset 29.xlsx,300
299,M30,8.73,0.002,5.46,Dataset 30.xlsx,300
300,M01,8.08,0.0007,5.36,Dataset 01.xlsx,293
300,M02,10.76,0.0005,10.76,Dataset 02.xlsx,293
300,M03,12.31,0.0004,8.06,Dataset 03.xlsx,293
300,M04,11.51,0.0004,7.33,Dataset 04.xlsx,293
300,M05,11.66,0.0006,7.9,Dataset 05.xlsx,293
300,M06,15.02,0,9.73,Dataset 06.xlsx,293
300,M07,17.21,0.0003,11.56,Dataset 07.xlsx,293
300,M08,21.5,0.0003,22.62,Dataset 08.xlsx,293
300,M09,20.41,0.0004,20.89,Dataset 09.xlsx,293
300,M10,23.01,0.0003,16.04,Dataset 10.xlsx,293
300,M11,22.4,0.0003,15.91,Dataset 11.xlsx,293
300,M12,31.43,0.0004,32.37,Dataset 12.xlsx,293
300,M13,32.63,0.0002,24.69,Dataset 13.xlsx,293
300,M14,29.36,0.0004,38.15,Dataset 14.xlsx,293
300,M15,33.34,0.0002,19.83,Dataset 15.xlsx,293
300,M16,61.64,0.0002,48.31,Dataset 16.xlsx,293
300,M17,8.44,0.0012,8.17,Dataset 17.xlsx,293
300,M18,11.93,0.0005,7.28,Dataset 18.xlsx,293
300,M19,10.45,0.0005,6.65,Dataset 19.xlsx,293
300,M20,12.59,0.0002,19.14,Dataset 20.xlsx,288
300,M21,9.75,0.0022,5.91,Dataset 21.xlsx,288
300,M22,24.73,0.0005,19.44,Dataset 22.xlsx,288
300,M23,21.47,0.0007,27.63,Dataset 23.xlsx,288
300,M24,25.42,0.0002,15.29,Dataset 24.xlsx,288
300,M25,15.34,0.0014,10.8,Dataset 25.xlsx,301
300,M26,14.11,0.0008,17.09,Dataset 26.xlsx,301
300,M27,19.05,0.0014,13.77,Dataset 27.xlsx,301
300,M28,17.19,0.0014,21.04,Dataset 28.xlsx,301
300,M29,19.1,0.0004,10.43,Dataset 29.xlsx,301
300,M30,12.13,0.0004,7.99,Dataset 30.xlsx,301
301,M01,7.44,0.001,4.86,Dataset 01.xlsx,294
301,M02,10.31,0.0005,10.27,Dataset 02.xlsx,294
301,M03,11.53,0.0011,7.49,Dataset 03.xlsx,294
301,M04,10.89,0.0013,6.88,Dataset 04.xlsx,294
301,M05,10.89,0,7.31,Dataset 05.xlsx,294
301,M06,13.78,0.0015,8.84,Dataset 06.xlsx,294
301,M07,16.42,0.0004,10.99,Dataset 07.xlsx,294
301,M08,20.88,0.0003,21.95,Dataset 08.xlsx,294
301,M09,19.83,0.0022,20.27,Dataset 09.xlsx,294
301,M10,22.04,0.0007,15.33,Dataset 10.xlsx,294
301,M11,21.4,0.0007,15.15,Dataset 11.xlsx,294
301,M12,30.48,0.0003,31.35,Dataset 12.xlsx,294
301,M13,30.18,0.0005,22.76,Dataset 13.xlsx,294
301,M14,27.49,0.0004,35.65,Dataset 14.xlsx,294
301,M15,31.45,0.0016,18.65,Dataset 15.xlsx,294
301,M16,59.09,0,46.27,Dataset 16.xlsx,294
301,M17,8.04,0.0039,7.74,Dataset 17.xlsx,294
301,M18,11.25,0.0006,6.81,Dataset 18.xlsx,294
301,M19,9.11,0.0032,5.67,Dataset 19.xlsx,294
301,M20,13.98,0.0012,21.36,Dataset 20.xlsx,289
301,M21,10.09,0.0007,6.16,Dataset 21.xlsx,289
301,M22,26.12,0.0004,20.59,Dataset 22.xlsx,289
301,M23,20.66,0.0021,26.55,Dataset 23.xlsx,289
301,M24,23.45,0.0018,14.03,Dataset 24.xlsx,289
301,M25,14.53,0.0005,10.18,Dataset 25.xlsx,302
301,M26,13.52,0.0006,16.33,Dataset 26.xlsx,302
301,M27,17.8,0.0008,12.8,Dataset 27.xlsx,302
301,M28,16.28,0.0005,19.87,Dataset 28.xlsx,302
301,M29,18.17,0.0016,9.88,Dataset 29.xlsx,302
301,M30,11.14,0,7.25,Dataset 30.xlsx,302
302,M01,6.84,0.0008,4.39,Dataset 01.xlsx,295
302,M02,9.17,0.0008,9.02,Dataset 02.xlsx,295
302,M03,9.35,0.0008,5.88,Dataset 03.xlsx,295
302,M04,8.83,0.0008,5.39,Dataset 04.xlsx,295
302,M05,8.92,0,5.81,Dataset 05.xlsx,295
302,M06,11.89,0.0006,7.49,Dataset 06.xlsx,295
302,M07,12.87,0.0004,8.39,Dataset 07.xlsx,295
302,M08,17.3,0.0004,18.01,Dataset 08.xlsx,295
302,M09,16.63,0.0016,16.83,Dataset 09.xlsx,295
302,M10,18.74,0.0004,12.88,Dataset 10.xlsx,295
302,M11,18.48,0,12.95,Dataset 11.xlsx,295
302,M12,24.73,0.0008,25.26,Dataset 12.xlsx,295
302,M13,24.85,0,18.57,Dataset 13.xlsx,295
302,M14,22.08,0.0008,28.44,Dataset 14.xlsx,295
302,M15,24.56,0.0003,14.35,Dataset 15.xlsx,295
302,M16,53.18,0.0005,41.54,Dataset 16.xlsx,295
302,M17,6.83,0.0025,6.42,Dataset 17.xlsx,295
302,M18,9.41,0,5.53,Dataset 18.xlsx,295
302,M19,5.81,0.0021,3.26,Dataset 19.xlsx,295
302,M20,8.03,0.0003,11.85,Dataset 20.xlsx,290
302,M21,5.58,0.0013,2.95,Dataset 21.xlsx,290
302,M22,12.24,0.0014,9.12,Dataset 22.xlsx,290
302,M23,11.2,0.0019,13.93,Dataset 23.xlsx,290
302,M24,11.72,0.0005,6.51,Dataset 24.xlsx,290
302,M25,13.75,0.0008,9.58,Dataset 25.xlsx,303
302,M26,12.62,0.0012,15.18,Dataset 26.xlsx,303
302,M27,16.09,0.0009,11.47,Dataset 27.xlsx,303
302,M28,14.42,0.0006,17.49,Dataset 28.xlsx,303
302,M29,15.76,0.001,8.44,Dataset 29.xlsx,303
302,M30,9.85,0.002,6.3,Dataset 30.xlsx,303
303,M01,7.67,0.0018,5.04,Dataset 01.xlsx,296
303,M02,10.6,0.0005,10.58,Dataset 02.xlsx,296
303,M03,12.26,0.0004,8.02,Dataset 03.xlsx,296
303,M04,11.67,0.0005,7.44,Dataset 04.xlsx,296
303,M05,11.57,0.0006,7.83,Dataset 05.xlsx,296
303,M06,14.43,0.0005,9.3,Dataset 06.xlsx,296
303,M07,17.3,0.0007,11.63,Dataset 07.xlsx,296
303,M08,21.51,0.0003,22.64,Dataset 08.xlsx,296
303,M09,20.71,0.0004,21.21,Dataset 09.xlsx,296
303,M10,22.85,0.0003,15.93,Dataset 10.xlsx,296
303,M11,22.21,0.0003,15.76,Dataset 11.xlsx,296
303,M12,31.83,0.0009,32.78,Dataset 12.xlsx,296
303,M13,31.94,0.0002,24.15,Dataset 13.xlsx,296
303,M14,29.36,0.0003,38.15,Dataset 14.xlsx,296
303,M15,33.08,0.0004,19.68,Dataset 15.xlsx,296
303,M16,60.97,0.0002,47.78,Dataset 16.xlsx,296
303,M17,8.46,0.002,8.2,Dataset 17.xlsx,296
303,M18,12.1,0.0012,7.4,Dataset 18.xlsx,296
303,M19,9.29,0.0008,5.81,Dataset 19.xlsx,296
303,M20,13.46,0.0004,20.54,Dataset 20.xlsx,291
303,M21,9.9,0.0029,6.02,Dataset 21.xlsx,291
303,M22,25.92,0.0003,20.42,Dataset 22.xlsx,291
303,M23,20.55,0.0007,26.4,Dataset 23.xlsx,291
303,M24,26.45,0.0005,15.96,Dataset 24.xlsx,291
303,M25,14.89,0.002,10.45,Dataset 25.xlsx,304
303,M26,13.89,0.0005,16.81,Dataset 26.xlsx,304
303,M27,18.55,0.0011,13.38,Dataset 27.xlsx,304
303,M28,17.05,0.0019,20.86,Dataset 28.xlsx,304
303,M29,18.87,0.0011,10.3,Dataset 29.xlsx,304
303,M30,11.89,0.0008,7.8,Dataset 30.xlsx,304
304,M01,7.71,0.0018,5.07,Dataset 01.xlsx,297
304,M02,10.37,0.0009,10.33,Dataset 02.xlsx,297
304,M03,11.66,0.0004,7.58,Dataset 03.xlsx,297
304,M04,10.87,0.001,6.86,Dataset 04.xlsx,297
304,M05,10.78,0.0009,7.23,Dataset 05.xlsx,297
304,M06,14.31,0.0005,9.22,Dataset 06.xlsx,297
304,M07,16.33,0.0004,10.92,Dataset 07.xlsx,297
304,M08,20.64,0.0003,21.68,Dataset 08.xlsx,297
304,M09,19.58,0.0003,20,Dataset 09.xlsx,297
304,M10,22.03,0.0003,15.32,Dataset 10.xlsx,297
304,M11,21.07,0.0002,14.9,Dataset 11.xlsx,297
304,M12,30.19,0.0005,31.05,Dataset 12.xlsx,297
304,M13,31.25,0.0002,23.61,Dataset 13.xlsx,297
304,M14,28.26,0,36.68,Dataset 14.xlsx,297
304,M15,31.16,0.0002,18.47,Dataset 15.xlsx,297
304,M16,60.2,0.0001,47.16,Dataset 16.xlsx,297
304,M17,8.08,0.0021,7.78,Dataset 17.xlsx,297
304,M18,11.4,0.0012,6.92,Dataset 18.xlsx,297
304,M19,9.56,0.0004,6,Dataset 19.xlsx,297
304,M20,11.81,0.0002,17.9,Dataset 20.xlsx,292
304,M21,9,0.0016,5.38,Dataset 21.xlsx,292
304,M22,22.5,0,17.6,Dataset 22.xlsx,292
304,M23,19.6,0,25.13,Dataset 23.xlsx,292
304,M24,22.77,0.0003,13.6,Dataset 24.xlsx,292
304,M25,14.07,0.0011,9.82,Dataset 25.xlsx,305
304,M26,12.87,0,15.5,Dataset 26.xlsx,305
304,M27,16.62,0.0004,11.88,Dataset 27.xlsx,305
304,M28,14.88,0.0011,18.08,Dataset 28.xlsx,305
304,M29,16.65,0.0008,8.97,Dataset 29.xlsx,305
304,M30,10.3,0.0013,6.63,Dataset 30.xlsx,305
305,M01,7.21,0.002,4.68,Dataset 01.xlsx,298
305,M02,10.02,0.0009,9.95,Dataset 02.xlsx,298
305,M03,10.78,0.0006,6.94,Dataset 03.xlsx,298
305,M04,9.97,0.0014,6.21,Dataset 04.xlsx,298
305,M05,9.97,0.0014,6.61,Dataset 05.xlsx,298
305,M06,13.28,0.0005,8.49,Dataset 06.xlsx,298
305,M07,14.93,0,9.9,Dataset 07.xlsx,298
305,M08,19.34,0.0003,20.25,Dataset 08.xlsx,298
305,M09,17.57,0.0005,17.84,Dataset 09.xlsx,298
305,M10,20.65,0.0004,14.3,Dataset 10.xlsx,298
305,M11,20.05,0.0007,14.13,Dataset 11.xlsx,298
305,M12,27.62,0.0011,28.32,Dataset 12.xlsx,298
305,M13,27.05,0.0006,20.3,Dataset 13.xlsx,298
305,M14,23.95,0.0003,30.93,Dataset 14.xlsx,298
305,M15,27.99,0,16.49,Dataset 15.xlsx,298
305,M16,55.49,0.0002,43.39,Dataset 16.xlsx,298
305,M17,7.37,0.0023,7.01,Dataset 17.xlsx,298
305,M18,10.32,0.0014,6.17,Dataset 18.xlsx,298
305,M19,8.38,0.0034,5.14,Dataset 19.xlsx,298
305,M20,8.74,0,12.99,Dataset 20.xlsx,293
305,M21,7.06,0.001,4.01,Dataset 21.xlsx,293
305,M22,15.33,0.0005,11.67,Dataset 22.xlsx,293
305,M23,13.57,0.001,17.09,Dataset 23.xlsx,293
305,M24,15.56,0,8.97,Dataset 24.xlsx,293
305,M25,14.21,0.0007,9.93,Dataset 25.xlsx,306
305,M26,13.01,0.0005,15.68,Dataset 26.xlsx,306
305,M27,16.84,0.0004,12.05,Dataset 27.xlsx,306
305,M28,15.08,0.0005,18.33,Dataset 28.xlsx,306
305,M29,17.02,0.0012,9.19,Dataset 29.xlsx,306
305,M30,10.45,0.0018,6.74,Dataset 30.xlsx,306
306,M01,7.75,0.0009,5.1,Dataset 01.xlsx,299
306,M02,10.8,0.0005,10.8,Dataset 02.xlsx,299
306,M03,12.17,0.0005,7.96,Dataset 03.xlsx,299
306,M04,11.78,0.0004,7.52,Dataset 04.xlsx,299
306,M05,11.5,0,7.77,Dataset 05.xlsx,299
306,M06,14.46,0,9.33,Dataset 06.xlsx,299
306,M07,17.38,0.0004,11.69,Dataset 07.xlsx,299
306,M08,21.54,0.0003,22.67,Dataset 08.xlsx,299
306,M09,20.75,0.0002,21.25,Dataset 09.xlsx,299
306,M10,22.85,0.0003,15.93,Dataset 10.xlsx,299
306,M11,22.18,0.0003,15.74,Dataset 11.xlsx,299
306,M12,32.21,0.0003,33.19,Dataset 12.xlsx,299
306,M13,32.11,0.0002,24.28,Dataset 13.xlsx,299
306,M14,29.38,0.0002,38.17,Dataset 14.xlsx,299
306,M15,32.96,0.0002,19.6,Dataset 15.xlsx,299
306,M16,61.15,0.0001,47.92,Dataset 16.xlsx,299
306,M17,8.35,0.0012,8.07,Dataset 17.xlsx,299
306,M18,11.73,0.0012,7.15,Dataset 18.xlsx,299
306,M19,9.96,0.001,6.29,Dataset 19.xlsx,299
306,M20,13.77,0.0002,21.03,Dataset 20.xlsx,294
306,M21,10.73,0.0026,6.61,Dataset 21.xlsx,294
306,M22,26.52,0.0002,20.92,Dataset 22.xlsx,294
306,M23,23.45,0.0009,30.26,Dataset 23.xlsx,294
306,M24,27.37,0.0002,16.54,Dataset 24.xlsx,294
306,M25,14.76,0.002,10.35,Dataset 25.xlsx,307
306,M26,13.72,0.0004,16.59,Dataset 26.xlsx,307
306,M27,18.27,0.0004,13.16,Dataset 27.xlsx,307
306,M28,16.72,0.002,20.44,Dataset 28.xlsx,307
306,M29,18.63,0,10.16,Dataset 29.xlsx,307
306,M30,11.42,0.001,7.46,Dataset 30.xlsx,307
307,M01,7.15,0.001,4.63,Dataset 01.xlsx,300
307,M02,9.65,0.0005,9.55,Dataset 02.xlsx,300
307,M03,10.21,0.0006,6.52,Dataset 03.xlsx,300
307,M04,9.53,0.0009,5.89,Dataset 04.xlsx,300
307,M05,9.57,0.0007,6.3,Dataset 05.xlsx,300
307,M06,12.73,0.0017,8.09,Dataset 06.xlsx,300
307,M07,14.16,0.0007,9.33,Dataset 07.xlsx,300
307,M08,18.58,0.0004,19.41,Dataset 08.xlsx,300
307,M09,17.62,0.001,17.89,Dataset 09.xlsx,300
307,M10,20.03,0.0004,13.83,Dataset 10.xlsx,300
307,M11,19.41,0.0004,13.65,Dataset 11.xlsx,300
307,M12,26.77,0.0005,27.42,Dataset 12.xlsx,300
307,M13,26.98,0.0003,20.24,Dataset 13.xlsx,300
307,M14,23.95,0.0005,30.93,Dataset 14.xlsx,300
307,M15,26.96,0.001,15.85,Dataset 15.xlsx,300
307,M16,55.49,0.0008,43.39,Dataset 16.xlsx,300
307,M17,7.31,0.0042,6.94,Dataset 17.xlsx,300
307,M18,10.08,0.0049,6,Dataset 18.xlsx,300
307,M19,8.23,0,5.03,Dataset 19.xlsx,300
307,M20,10.68,0.0009,16.09,Dataset 20.xlsx,295
307,M21,7.97,0.0009,4.65,Dataset 21.xlsx,295
307,M22,19.2,0.0006,14.87,Dataset 22.xlsx,295
307,M23,16.59,0.0009,21.12,Dataset 23.xlsx,295
307,M24,19.45,0.0012,11.47,Dataset 24.xlsx,295
307,M25,14.07,0.0006,9.82,Dataset 25.xlsx,308
307,M26,12.93,0.0007,15.58,Dataset 26.xlsx,308
307,M27,16.68,0,11.93,Dataset 27.xlsx,308
307,M28,14.97,0.0006,18.19,Dataset 28.xlsx,308
307,M29,16.48,0.0013,8.87,Dataset 29.xlsx,308
307,M30,10.24,0.0012,6.59,Dataset 30.xlsx,308
308,M01,7.84,0.0018,5.17,Dataset 01.xlsx,301
308,M02,10.83,0.0005,10.84,Dataset 02.xlsx,301
308,M03,12.51,0.001,8.21,Dataset 03.xlsx,301
308,M04,11.53,0.0016,7.34,Dataset 04.xlsx,301
308,M05,11.86,0.0012,8.05,Dataset 05.xlsx,301
308,M06,15.21,0.0005,9.86,Dataset 06.xlsx,301
308,M07,17.42,0.001,11.72,Dataset 07.xlsx,301
308,M08,21.75,0.0003,22.9,Dataset 08.xlsx,301
308,M09,20.65,0.0003,21.14,Dataset 09.xlsx,301
308,M10,23.38,0.0006,16.32,Dataset 10.xlsx,301
308,M11,22.6,0.0003,16.05,Dataset 11.xlsx,301
308,M12,32.26,0.0008,33.24,Dataset 12.xlsx,301
308,M13,33.14,0.0002,25.09,Dataset 13.xlsx,301
308,M14,30.5,0.0002,39.67,Dataset 14.xlsx,301
308,M15,33.87,0.0002,20.17,Dataset 15.xlsx,301
308,M16,62.25,0.0001,48.8,Dataset 16.xlsx,301
308,M17,8.64,0.002,8.39,Dataset 17.xlsx,301
308,M18,12.22,0.0006,7.49,Dataset 18.xlsx,301
308,M19,9.64,0.0006,6.06,Dataset 19.xlsx,301
308,M20,14.36,0.0002,21.97,Dataset 20.xlsx,296
308,M21,11.04,0.0006,6.83,Dataset 21.xlsx,296
308,M22,27.65,0.0002,21.85,Dataset 22.xlsx,296
308,M23,24.53,0.0003,31.7,Dataset 23.xlsx,296
308,M24,28.45,0.0002,17.24,Dataset 24.xlsx,296
308,M25,14.93,0.0005,10.48,Dataset 25.xlsx,309
308,M26,13.89,0.0004,16.81,Dataset 26.xlsx,309
308,M27,18.61,0,13.43,Dataset 27.xlsx,309
308,M28,17.09,0.0005,20.91,Dataset 28.xlsx,309
308,M29,18.93,0.0004,10.33,Dataset 29.xlsx,309
308,M30,12.13,0.0016,7.99,Dataset 30.xlsx,309
309,M01,7.56,0.0009,4.95,Dataset 01.xlsx,302
309,M02,9.96,0.0006,9.88,Dataset 02.xlsx,302
309,M03,10.7,0.0008,6.87,Dataset 03.xlsx,302
309,M04,9.74,0.0005,6.05,Dataset 04.xlsx,302
309,M05,9.85,0,6.52,Dataset 05.xlsx,302
309,M06,13.59,0.0004,8.71,Dataset 06.xlsx,302
309,M07,14.81,0,9.81,Dataset 07.xlsx,302
309,M08,19.22,0.0003,20.12,Dataset 08.xlsx,302
309,M09,17.88,0.0003,18.18,Dataset 09.xlsx,302
309,M10,20.72,0.0005,14.35,Dataset 10.xlsx,302
309,M11,19.67,0.0009,13.85,Dataset 11.xlsx,302
309,M12,27.73,0.0004,28.44,Dataset 12.xlsx,302
309,M13,29.01,0.0007,21.84,Dataset 13.xlsx,302
309,M14,25.7,0.0003,33.27,Dataset 14.xlsx,302
309,M15,27.63,0.0008,16.27,Dataset 15.xlsx,302
309,M16,57.77,0.0001,45.22,Dataset 16.xlsx,302
309,M17,7.5,0.002,7.15,Dataset 17.xlsx,302
309,M18,10.31,0.0048,6.16,Dataset 18.xlsx,302
309,M19,7.91,0.001,4.79,Dataset 19.xlsx,302
309,M20,10.31,0.0007,15.5,Dataset 20.xlsx,297
309,M21,7.4,0.001,4.25,Dataset 21.xlsx,297
309,M22,17.87,0.0004,13.77,Dataset 22.xlsx,297
309,M23,15.26,0.0005,19.34,Dataset 23.xlsx,297
309,M24,17.84,0.001,10.44,Dataset 24.xlsx,297
309,M25,14.63,0.0007,10.25,Dataset 25.xlsx,310
309,M26,13.4,0.0005,16.18,Dataset 26.xlsx,310
309,M27,17.7,0.0008,12.72,Dataset 27.xlsx,310
309,M28,15.82,0.0005,19.28,Dataset 28.xlsx,310
309,M29,16.97,0.0004,9.16,Dataset 29.xlsx,310
309,M30,10.75,0,6.96,Dataset 30.xlsx,310
310,M01,8.1,0.0017,5.38,Dataset 01.xlsx,303
310,M02,11.18,0.0004,11.22,Dataset 02.xlsx,303
310,M03,13.11,0.0008,8.65,Dataset 03.xlsx,303
310,M04,12.22,0.0005,7.84,Dataset 04.xlsx,303
310,M05,12.28,0,8.37,Dataset 05.xlsx,303
310,M06,15.87,0.0009,10.34,Dataset 06.xlsx,303
310,M07,18.64,0.0004,12.61,Dataset 07.xlsx,303
310,M08,22.67,0.0003,23.91,Dataset 08.xlsx,303
310,M09,21.54,0.0003,22.1,Dataset 09.xlsx,303
310,M10,24.02,0.0005,16.79,Dataset 10.xlsx,303
310,M11,23.53,0,16.76,Dataset 11.xlsx,303
310,M12,33.96,0.0009,35.05,Dataset 12.xlsx,303
310,M13,34.99,0,26.55,Dataset 13.xlsx,303
310,M14,32.49,0,42.32,Dataset 14.xlsx,303
310,M15,35.44,0.0004,21.15,Dataset 15.xlsx,303
310,M16,64.28,0.0001,50.42,Dataset 16.xlsx,303
310,M17,9.04,0.0027,8.82,Dataset 17.xlsx,303
310,M18,12.85,0.0006,7.92,Dataset 18.xlsx,303
310,M19,11.95,0.0005,7.75,Dataset 19.xlsx,303
310,M20,14.65,0.0003,22.45,Dataset 20.xlsx,298
310,M21,10.87,0.002,6.71,Dataset 21.xlsx,298
310,M22,28.22,0,22.32,Dataset 22.xlsx,298
310,M23,25.17,0.0006,32.56,Dataset 23.xlsx,298
310,M24,29.02,0.0004,17.6,Dataset 24.xlsx,298
310,M25,15.56,0.0018,10.97,Dataset 25.xlsx,311
310,M26,14.47,0,17.55,Dataset 26.xlsx,311
310,M27,19.81,0.0006,14.35,Dataset 27.xlsx,311
310,M28,18.31,0.0013,22.47,Dataset 28.xlsx,311
310,M29,19.76,0.0004,10.83,Dataset 29.xlsx,311
310,M30,12.69,0.0004,8.4,Dataset 30.xlsx,311
311,M01,7.63,0.0019,5.01,Dataset 01.xlsx,304
311,M02,10.6,0.0005,10.58,Dataset 02.xlsx,304
311,M03,12.27,0.0017,8.03,Dataset 03.xlsx,304
311,M04,11.53,0.0005,7.34,Dataset 04.xlsx,304
311,M05,11.43,0.0012,7.73,Dataset 05.xlsx,304
311,M06,14.38,0.0005,9.27,Dataset 06.xlsx,304
311,M07,17.36,0,11.67,Dataset 07.xlsx,304
311,M08,21.54,0.0003,22.67,Dataset 08.xlsx,304
311,M09,20.73,0.0002,21.23,Dataset 09.xlsx,304
311,M10,22.89,0.001,15.96,Dataset 10.xlsx,304
311,M11,22.12,0.0008,15.69,Dataset 11.xlsx,304
311,M12,31.74,0.0007,32.69,Dataset 12.xlsx,304
311,M13,31.77,0.0007,24.02,Dataset 13.xlsx,304
311,M14,29.2,0.0002,37.93,Dataset 14.xlsx,304
311,M15,32.96,0.0011,19.6,Dataset 15.xlsx,304
311,M16,60.8,0.0001,47.64,Dataset 16.xlsx,304
311,M17,8.56,0.002,8.3,Dataset 17.xlsx,304
311,M18,12.03,0.0012,7.35,Dataset 18.xlsx,304
311,M19,9.01,0.0006,5.6,Dataset 19.xlsx,304
311,M20,15.42,0.0008,23.67,Dataset 20.xlsx,299
311,M21,10.91,0.0052,6.73,Dataset 21.xlsx,299
311,M22,28.82,0.0002,22.82,Dataset 22.xlsx,299
311,M23,22.77,0,29.36,Dataset 23.xlsx,299
311,M24,35.32,0.0009,21.64,Dataset 24.xlsx,299
311,M25,14.82,0.0039,10.4,Dataset 25.xlsx,312
311,M26,13.81,0.0004,16.71,Dataset 26.xlsx,312
311,M27,18.47,0.0003,13.32,Dataset 27.xlsx,312
311,M28,17.02,0.0039,20.82,Dataset 28.xlsx,312
311,M29,18.79,0,10.25,Dataset 29.xlsx,312
311,M30,11.65,0.0016,7.63,Dataset 30.xlsx,312
312,M01,7.6,0.0013,4.98,Dataset 01.xlsx,305
312,M02,10.35,0,10.31,Dataset 02.xlsx,305
312,M03,11.7,0.0006,7.61,Dataset 03.xlsx,305
312,M04,10.63,0.0005,6.69,Dataset 04.xlsx,305
312,M05,10.02,0,6.65,Dataset 05.xlsx,305
312,M06,14.16,0.0005,9.11,Dataset 06.xlsx,305
312,M07,16.46,0,11.01,Dataset 07.xlsx,305
312,M08,20.74,0.0003,21.79,Dataset 08.xlsx,305
312,M09,19.27,0.0003,19.66,Dataset 09.xlsx,305
312,M10,22.1,0.0004,15.37,Dataset 10.xlsx,305
312,M11,20.09,0,14.16,Dataset 11.xlsx,305
312,M12,30.45,0.0007,31.32,Dataset 12.xlsx,305
312,M13,31.01,0,23.42,Dataset 13.xlsx,305
312,M14,28.3,0.0004,36.73,Dataset 14.xlsx,305
312,M15,31.41,0,18.63,Dataset 15.xlsx,305
312,M16,59.95,0.0001,46.96,Dataset 16.xlsx,305
312,M17,8.23,0.0021,7.94,Dataset 17.xlsx,305
312,M18,11.75,0.0006,7.16,Dataset 18.xlsx,305
312,M19,9,0,5.59,Dataset 19.xlsx,305
312,M20,11.65,0,17.63,Dataset 20.xlsx,300
312,M21,8.63,0.0008,5.12,Dataset 21.xlsx,300
312,M22,21.97,0.0004,17.16,Dataset 22.xlsx,300
312,M23,19.17,0.0007,24.56,Dataset 23.xlsx,300
312,M24,22.37,0,13.34,Dataset 24.xlsx,300
312,M25,12.66,0.0008,8.74,Dataset 25.xlsx,313
312,M26,11.54,0.0007,13.79,Dataset 26.xlsx,313
312,M27,13.85,0.002,9.74,Dataset 27.xlsx,313
312,M28,12.27,0.0007,14.73,Dataset 28.xlsx,313
312,M29,13.75,0.0021,7.23,Dataset 29.xlsx,313
312,M30,8.29,0.003,5.14,Dataset 30.xlsx,313
313,M01,7.84,0.0018,5.17,Dataset 01.xlsx,306
313,M02,10.8,0.0005,10.8,Dataset 02.xlsx,306
313,M03,12.7,0.0004,8.35,Dataset 03.xlsx,306
313,M04,12.1,0.0004,7.75,Dataset 04.xlsx,306
313,M05,12.03,0,8.18,Dataset 05.xlsx,306
313,M06,14.9,0.0005,9.64,Dataset 06.xlsx,306
313,M07,17.99,0.0003,12.13,Dataset 07.xlsx,306
313,M08,22.13,0.0003,23.32,Dataset 08.xlsx,306
313,M09,21.31,0.0004,21.85,Dataset 09.xlsx,306
313,M10,23.42,0.0003,16.35,Dataset 10.xlsx,306
313,M11,22.83,0.0003,16.23,Dataset 11.xlsx,306
313,M12,32.89,0.0004,33.92,Dataset 12.xlsx,306
313,M13,33.34,0.0002,25.25,Dataset 13.xlsx,306
313,M14,30.81,0,40.08,Dataset 14.xlsx,306
313,M15,34.41,0,20.51,Dataset 15.xlsx,306
313,M16,62.51,0,49.01,Dataset 16.xlsx,306
313,M17,8.68,0.0019,8.43,Dataset 17.xlsx,306
313,M18,12.49,0,7.67,Dataset 18.xlsx,306
313,M19,9.95,0.0009,6.29,Dataset 19.xlsx,306
313,M20,15.08,0,23.13,Dataset 20.xlsx,301
313,M21,10.86,0.0026,6.7,Dataset 21.xlsx,301
313,M22,29.15,0,23.09,Dataset 22.xlsx,301
313,M23,22.76,0.0009,29.34,Dataset 23.xlsx,301
313,M24,26.86,0,16.22,Dataset 24.xlsx,301
313,M25,15.16,0.0019,10.66,Dataset 25.xlsx,314
313,M26,14.15,0,17.14,Dataset 26.xlsx,314
313,M27,19.12,0.0015,13.82,Dataset 27.xlsx,314
313,M28,17.69,0.0019,21.68,Dataset 28.xlsx,314
313,M29,19.39,0,10.61,Dataset 29.xlsx,314
313,M30,12.35,0.0024,8.15,Dataset 30.xlsx,314
314,M01,5.02,0.0023,2.95,Dataset 01.xlsx,307
314,M02,6.99,0.0008,6.63,Dataset 02.xlsx,307
314,M03,5.88,0.0022,3.33,Dataset 03.xlsx,307
314,M04,5.53,0.0017,3,Dataset 04.xlsx,307
314,M05,5.52,0.0013,3.21,Dataset 05.xlsx,307
314,M06,7.32,0.001,4.23,Dataset 06.xlsx,307
314,M07,7.73,0.0009,4.64,Dataset 07.xlsx,307
314,M08,11.67,0.0006,11.82,Dataset 08.xlsx,307
314,M09,11.08,0,10.88,Dataset 09.xlsx,307
314,M10,12.9,0.0012,8.56,Dataset 10.xlsx,307
314,M11,12.5,0.0006,8.43,Dataset 11.xlsx,307
314,M12,15.79,0.0014,15.76,Dataset 12.xlsx,307
314,M13,14.19,0.0006,10.17,Dataset 13.xlsx,307
314,M14,12.82,0,16.09,Dataset 14.xlsx,307
314,M15,13.8,0.0015,7.62,Dataset 15.xlsx,307
314,M16,35,0.0005,27,Dataset 16.xlsx,307
314,M17,4.34,0.0039,3.71,Dataset 17.xlsx,307
314,M18,5.92,0.0012,3.11,Dataset 18.xlsx,307
314,M19,5.02,0.0012,2.68,Dataset 19.xlsx,307
314,M20,6.62,0.0011,9.59,Dataset 20.xlsx,302
314,M21,4.83,0.0015,2.43,Dataset 21.xlsx,302
314,M22,9.74,0,7.05,Dataset 22.xlsx,302
314,M23,9.14,0.0019,11.19,Dataset 23.xlsx,302
314,M24,10.5,0.0017,5.73,Dataset 24.xlsx,302
314,M25,14.91,0.0005,10.47,Dataset 25.xlsx,315
314,M26,13.6,0,16.44,Dataset 26.xlsx,315
314,M27,18.2,0.0023,13.11,Dataset 27.xlsx,315
314,M28,16.15,0.0005,19.71,Dataset 28.xlsx,315
314,M29,17.43,0.0008,9.44,Dataset 29.xlsx,315
314,M30,10.88,0.0016,7.06,Dataset 30.xlsx,315
315,M01,8.88,0.0023,5.99,Dataset 01.xlsx,308
315,M02,11.73,0.0004,11.82,Dataset 02.xlsx,308
315,M03,14.24,0.0006,9.48,Dataset 03.xlsx,308
315,M04,13.16,0,8.52,Dataset 04.xlsx,308
315,M05,12.71,0,8.7,Dataset 05.xlsx,308
315,M06,16.88,0.0004,11.05,Dataset 06.xlsx,308
315,M07,20.25,0.0003,13.78,Dataset 07.xlsx,308
315,M08,24.2,0.0003,25.59,Dataset 08.xlsx,308
315,M09,22.77,0,23.42,Dataset 09.xlsx,308
315,M10,25.64,0.0004,17.99,Dataset 10.xlsx,308
315,M11,23.78,0.0003,16.94,Dataset 11.xlsx,308
315,M12,36.26,0.0005,37.49,Dataset 12.xlsx,308
315,M13,38.05,0.0002,28.96,Dataset 13.xlsx,308
315,M14,35.54,0.0002,46.39,Dataset 14.xlsx,308
315,M15,38.72,0.0009,23.2,Dataset 15.xlsx,308
315,M16,67.55,0.0001,53.04,Dataset 16.xlsx,308
315,M17,9.62,0.0018,9.46,Dataset 17.xlsx,308
315,M18,14,0.002,8.72,Dataset 18.xlsx,308
315,M19,13.3,0,8.74,Dataset 19.xlsx,308
315,M20,15.46,0.0008,23.74,Dataset 20.xlsx,303
315,M21,12.88,0,8.13,Dataset 21.xlsx,303
315,M22,34.31,0.0002,27.36,Dataset 22.xlsx,303
315,M23,31.26,0.0009,40.68,Dataset 23.xlsx,303
315,M24,35.12,0.0009,21.51,Dataset 24.xlsx,303
315,M25,15.43,0.0001,10.87,Dataset 25.xlsx,316
315,M26,14.32,0.0003,17.36,Dataset 26.xlsx,316
315,M27,19.46,0.0007,14.09,Dataset 27.xlsx,316
315,M28,17.89,0,21.94,Dataset 28.xlsx,316
315,M29,19.74,0.0035,10.82,Dataset 29.xlsx,316
315,M30,12.61,0.0004,8.34,Dataset 30.xlsx,316
316,M01,6.96,0.003,4.48,Dataset 01.xlsx,309
316,M02,9.32,0.0009,9.19,Dataset 02.xlsx,309
316,M03,9.61,0.0004,6.07,Dataset 03.xlsx,309
316,M04,9.14,0.0005,5.61,Dataset 04.xlsx,309
316,M05,9.44,0,6.21,Dataset 05.xlsx,309
316,M06,12.12,0.0006,7.65,Dataset 06.xlsx,309
316,M07,13.26,0.0005,8.68,Dataset 07.xlsx,309
316,M08,17.7,0.0004,18.45,Dataset 08.xlsx,309
316,M09,17.11,0.0009,17.34,Dataset 09.xlsx,309
316,M10,19.11,0.0002,13.15,Dataset 10.xlsx,309
316,M11,19.13,0.0004,13.43,Dataset 11.xlsx,309
316,M12,25.42,0.0005,25.99,Dataset 12.xlsx,309
316,M13,25.53,0.0003,19.1,Dataset 13.xlsx,309
316,M14,22.71,0.0003,29.28,Dataset 14.xlsx,309
316,M15,25.41,0.0006,14.88,Dataset 15.xlsx,309
316,M16,53.99,0.0001,42.19,Dataset 16.xlsx,309
316,M17,6.93,0.0024,6.53,Dataset 17.xlsx,309
316,M18,9.55,0.0007,5.63,Dataset 18.xlsx,309
316,M19,6.9,0,4.05,Dataset 19.xlsx,309
316,M20,8.58,0.0006,12.72,Dataset 20.xlsx,304
316,M21,6.11,0.0012,3.33,Dataset 21.xlsx,304
316,M22,13.48,0.0005,10.14,Dataset 22.xlsx,304
316,M23,12.44,0,15.59,Dataset 23.xlsx,304
316,M24,13.51,0.0009,7.66,Dataset 24.xlsx,304
316,M25,14.61,0.0007,10.24,Dataset 25.xlsx,317
316,M26,13.42,0.0004,16.21,Dataset 26.xlsx,317
316,M27,17.7,0.0004,12.72,Dataset 27.xlsx,317
316,M28,15.97,0.0005,19.47,Dataset 28.xlsx,317
316,M29,17.63,0.0004,9.55,Dataset 29.xlsx,317
316,M30,11.07,0.0004,7.2,Dataset 30.xlsx,317
317,M01,7.84,0.0018,5.17,Dataset 01.xlsx,310
317,M02,10.75,0.0023,10.75,Dataset 02.xlsx,310
317,M03,12.71,0.0014,8.36,Dataset 03.xlsx,310
317,M04,12.01,0.0014,7.69,Dataset 04.xlsx,310
317,M05,12.13,0.0017,8.26,Dataset 05.xlsx,310
317,M06,15.02,0.0005,9.73,Dataset 06.xlsx,310
317,M07,17.96,0.0004,12.11,Dataset 07.xlsx,310
317,M08,22.14,0.0003,23.33,Dataset 08.xlsx,310
317,M09,21.34,0.0003,21.88,Dataset 09.xlsx,310
317,M10,23.51,0.0009,16.41,Dataset 10.xlsx,310
317,M11,22.87,0.0009,16.26,Dataset 11.xlsx,310
317,M12,32.87,0,33.89,Dataset 12.xlsx,310
317,M13,33.37,0.0007,25.28,Dataset 13.xlsx,310
317,M14,30.81,0.0003,40.08,Dataset 14.xlsx,310
317,M15,34.52,0,20.58,Dataset 15.xlsx,310
317,M16,62.51,0.0001,49.01,Dataset 16.xlsx,310
317,M17,8.87,0.0019,8.64,Dataset 17.xlsx,310
317,M18,12.44,0.0017,7.64,Dataset 18.xlsx,310
317,M19,9.81,0.0008,6.19,Dataset 19.xlsx,310
317,M20,13.67,0,20.87,Dataset 20.xlsx,305
317,M21,10.16,0.0028,6.21,Dataset 21.xlsx,305
317,M22,25.55,0.0003,20.12,Dataset 22.xlsx,305
317,M23,20.4,0.001,26.19,Dataset 23.xlsx,305
317,M24,21.72,0,12.92,Dataset 24.xlsx,305
317,M25,15.21,0.0023,10.7,Dataset 25.xlsx,318
317,M26,14.19,0.0005,17.19,Dataset 26.xlsx,318
317,M27,19.17,0,13.86,Dataset 27.xlsx,318
317,M28,17.7,0.0019,21.69,Dataset 28.xlsx,318
317,M29,19.48,0.0007,10.66,Dataset 29.xlsx,318
317,M30,12.28,0.0004,8.09,Dataset 30.xlsx,318
318,M01,7.7,0.0018,5.06,Dataset 01.xlsx,311
318,M02,10.82,0.0023,10.83,Dataset 02.xlsx,311
318,M03,12.33,0.0017,8.08,Dataset 03.xlsx,311
318,M04,11.43,0.0005,7.27,Dataset 04.xlsx,311
318,M05,11.61,0.0008,7.86,Dataset 05.xlsx,311
318,M06,15.09,0.0009,9.78,Dataset 06.xlsx,311
318,M07,17.22,0.0003,11.57,Dataset 07.xlsx,311
318,M08,21.52,0.0003,22.65,Dataset 08.xlsx,311
318,M09,20.32,0,20.79,Dataset 09.xlsx,311
318,M10,23.11,0.001,16.12,Dataset 10.xlsx,311
318,M11,22.37,0.0006,15.88,Dataset 11.xlsx,311
318,M12,31.68,0.0007,32.63,Dataset 12.xlsx,311
318,M13,32.65,0.0005,24.71,Dataset 13.xlsx,311
318,M14,30.14,0.0055,39.19,Dataset 14.xlsx,311
318,M15,33.62,0.0005,20.01,Dataset 15.xlsx,311
318,M16,61.76,0.0002,48.41,Dataset 16.xlsx,311
318,M17,8.43,0.0028,8.16,Dataset 17.xlsx,311
318,M18,12.31,0.0011,7.55,Dataset 18.xlsx,311
318,M19,10.32,0.0028,6.56,Dataset 19.xlsx,311
318,M20,15.84,0.0003,24.34,Dataset 20.xlsx,306
318,M21,11.49,0.0049,7.15,Dataset 21.xlsx,306
318,M22,31.44,0.0049,24.98,Dataset 22.xlsx,306
318,M23,24.34,0.0009,31.45,Dataset 23.xlsx,306
318,M24,32.79,0.0004,20.02,Dataset 24.xlsx,306
318,M25,15.01,0.0039,10.55,Dataset 25.xlsx,319
318,M26,13.99,0.0097,16.94,Dataset 26.xlsx,319
318,M27,18.81,0.0015,13.58,Dataset 27.xlsx,319
318,M28,17.38,0.0038,21.28,Dataset 28.xlsx,319
318,M29,19.04,0.0007,10.4,Dataset 29.xlsx,319
318,M30,11.99,0.0004,7.89,Dataset 30.xlsx,319
319,M01,1.36,0.0043,0.07,Dataset 01.xlsx,312
319,M02,0.92,0,0.01,Dataset 02.xlsx,312
319,M03,1.38,0,0.02,Dataset 03.xlsx,312
319,M04,1.38,0,0,Dataset 04.xlsx,312
319,M05,1.3,0,0,Dataset 05.xlsx,312
319,M06,1.44,0.0049,0.03,Dataset 06.xlsx,312
319,M07,1.38,0.0124,0.01,Dataset 07.xlsx,312
319,M08,0.92,0.0072,0.01,Dataset 08.xlsx,312
319,M09,0.93,0.007,0,Dataset 09.xlsx,312
319,M10,1.38,0,0.02,Dataset 10.xlsx,312
319,M11,1.31,0,0,Dataset 11.xlsx,312
319,M12,0.92,0.0089,0,Dataset 12.xlsx,312
319,M13,1.38,0,0.09,Dataset 13.xlsx,312
319,M14,0.8,0.0076,0.07,Dataset 14.xlsx,312
319,M15,1.77,0.016,0.11,Dataset 15.xlsx,312
319,M16,1.39,0.0126,0.11,Dataset 16.xlsx,312
319,M17,0.88,0.0192,0,Dataset 17.xlsx,312
319,M18,1.46,0.0242,0.01,Dataset 18.xlsx,312
319,M19,1.38,0,0.01,Dataset 19.xlsx,312
319,M20,0.67,0.0144,0.07,Dataset 20.xlsx,307
319,M21,1.46,0.0145,0.04,Dataset 21.xlsx,307
319,M22,1.25,0.0045,0.03,Dataset 22.xlsx,307
319,M23,0.8,0.053,0.07,Dataset 23.xlsx,307
319,M24,1.58,0.0153,0.01,Dataset 24.xlsx,307
319,M25,1.58,0.0054,0.22,Dataset 25.xlsx,320
319,M26,0.84,0.0013,0.08,Dataset 26.xlsx,320
319,M27,1.57,0.0037,0.22,Dataset 27.xlsx,320
319,M28,0.85,0.0053,0.09,Dataset 28.xlsx,320
319,M29,5.47,0.0013,2.28,Dataset 29.xlsx,320
319,M30,1.44,0.0008,0.07,Dataset 30.xlsx,320
320,M01,7.97,0.0018,5.28,Dataset 01.xlsx,313
320,M02,10.96,0.0007,10.98,Dataset 02.xlsx,313
320,M03,13.09,0.0003,8.64,Dataset 03.xlsx,313
320,M04,12.48,0.0004,8.02,Dataset 04.xlsx,313
320,M05,12.44,0.0011,8.49,Dataset 05.xlsx,313
320,M06,15.3,0.0005,9.93,Dataset 06.xlsx,313
320,M07,18.6,0.0004,12.57,Dataset 07.xlsx,313
320,M08,22.66,0.0003,23.9,Dataset 08.xlsx,313
320,M09,21.84,0.0002,22.42,Dataset 09.xlsx,313
320,M10,23.92,0.0002,16.71,Dataset 10.xlsx,313
320,M11,23.34,0,16.62,Dataset 11.xlsx,313
320,M12,33.83,0.0003,34.91,Dataset 12.xlsx,313
320,M13,34.57,0,26.22,Dataset 13.xlsx,313
320,M14,32.17,0.0003,41.89,Dataset 14.xlsx,313
320,M15,35.54,0.0004,21.21,Dataset 15.xlsx,313
320,M16,63.83,0.0001,50.06,Dataset 16.xlsx,313
320,M17,8.86,0.0019,8.63,Dataset 17.xlsx,313
320,M18,12.83,0,7.91,Dataset 18.xlsx,313
320,M19,10.6,0.0012,6.77,Dataset 19.xlsx,313
320,M20,16.7,0.0003,25.72,Dataset 20.xlsx,308
320,M21,11.78,0.0042,7.35,Dataset 21.xlsx,308
320,M22,33.42,0.0003,26.62,Dataset 22.xlsx,308
320,M23,25.19,0,32.59,Dataset 23.xlsx,308
320,M24,33.65,0.0004,20.57,Dataset 24.xlsx,308
320,M25,15.41,0.0036,10.85,Dataset 25.xlsx,321
320,M26,14.4,0.0005,17.46,Dataset 26.xlsx,321
320,M27,19.64,0.0007,14.22,Dataset 27.xlsx,321
320,M28,18.24,0.0032,22.38,Dataset 28.xlsx,321
320,M29,19.84,0.0004,10.88,Dataset 29.xlsx,321
320,M30,12.77,0.0008,8.46,Dataset 30.xlsx,321
321,M01,8.85,0.0023,5.97,Dataset 01.xlsx,314
321,M02,11.53,0.0013,11.6,Dataset 02.xlsx,314
321,M03,13.96,0.0009,9.27,Dataset 03.xlsx,314
321,M04,13.05,0.0015,8.44,Dataset 04.xlsx,314
321,M05,13.33,0.0016,9.17,Dataset 05.xlsx,314
321,M06,16.77,0.0008,10.98,Dataset 06.xlsx,314
321,M07,19.83,0,13.47,Dataset 07.xlsx,314
321,M08,23.83,0.0003,25.19,Dataset 08.xlsx,314
321,M09,22.61,0.006,23.25,Dataset 09.xlsx,314
321,M10,25.24,0.0006,17.69,Dataset 10.xlsx,314
321,M11,24.52,0.0012,17.5,Dataset 11.xlsx,314
321,M12,35.64,0.0007,36.83,Dataset 12.xlsx,314
321,M13,37.86,0.0008,28.81,Dataset 13.xlsx,314
321,M14,35.35,0.0002,46.13,Dataset 14.xlsx,314
321,M15,38.02,0.0004,22.76,Dataset 15.xlsx,314
321,M16,67.31,0.0001,52.85,Dataset 16.xlsx,314
321,M17,9.26,0.0026,9.06,Dataset 17.xlsx,314
321,M18,13.32,0,8.25,Dataset 18.xlsx,314
321,M19,12.75,0.001,8.34,Dataset 19.xlsx,314
321,M20,10.68,0.0005,16.08,Dataset 20.xlsx,309
321,M21,12.01,0.0035,7.52,Dataset 21.xlsx,309
321,M22,30.84,0.0002,24.49,Dataset 22.xlsx,309
321,M23,27.45,0.0006,35.6,Dataset 23.xlsx,309
321,M24,31.15,0.0004,18.97,Dataset 24.xlsx,309
321,M25,16.49,0.0026,11.68,Dataset 25.xlsx,322
321,M26,15.32,0.0004,18.64,Dataset 26.xlsx,322
321,M27,21.41,0.0015,15.6,Dataset 27.xlsx,322
321,M28,19.86,0.0025,24.46,Dataset 28.xlsx,322
321,M29,21.19,0.0014,11.69,Dataset 29.xlsx,322
321,M30,14.01,0.0012,9.38,Dataset 30.xlsx,322
322,M01,6.54,0,4.15,Dataset 01.xlsx,315
322,M02,8.91,0.0006,8.73,Dataset 02.xlsx,315
322,M03,8.79,0,5.47,Dataset 03.xlsx,315
322,M04,8.08,0.0007,4.84,Dataset 04.xlsx,315
322,M05,8.01,0,5.11,Dataset 05.xlsx,315
322,M06,10.99,0.0006,6.85,Dataset 06.xlsx,315
322,M07,12.04,0.0006,7.79,Dataset 07.xlsx,315
322,M08,16.53,0.0004,17.16,Dataset 08.xlsx,315
322,M09,15.51,0.0007,15.63,Dataset 09.xlsx,315
322,M10,17.9,0,12.26,Dataset 10.xlsx,315
322,M11,17.18,0.0004,11.96,Dataset 11.xlsx,315
322,M12,23.47,0.0012,23.92,Dataset 12.xlsx,315
322,M13,22.53,0.0004,16.74,Dataset 13.xlsx,315
322,M14,19.55,0.0003,25.07,Dataset 14.xlsx,315
322,M15,22.54,0,13.09,Dataset 15.xlsx,315
322,M16,50.5,0.0002,39.4,Dataset 16.xlsx,315
322,M17,6.37,0.0027,5.92,Dataset 17.xlsx,315
322,M18,8.73,0.0024,5.06,Dataset 18.xlsx,315
322,M19,5.38,0.0019,2.94,Dataset 19.xlsx,315
322,M20,7.74,0,11.38,Dataset 20.xlsx,310
322,M21,5.28,0,2.74,Dataset 21.xlsx,310
322,M22,11.66,0.0005,8.64,Dataset 22.xlsx,310
322,M23,10.39,0.0014,12.85,Dataset 23.xlsx,310
322,M24,11.4,0,6.31,Dataset 24.xlsx,310
322,M25,13.07,0.0002,9.05,Dataset 25.xlsx,323
322,M26,11.89,0.0004,14.24,Dataset 26.xlsx,323
322,M27,14.66,0.0021,10.36,Dataset 27.xlsx,323
322,M28,12.93,0,15.58,Dataset 28.xlsx,323
322,M29,14.42,0.0029,7.63,Dataset 29.xlsx,323
322,M30,8.82,0.0027,5.53,Dataset 30.xlsx,323
323,M01,7.85,0.0023,5.18,Dataset 01.xlsx,316
323,M02,10.48,0,10.45,Dataset 02.xlsx,316
323,M03,11.81,0.0007,7.69,Dataset 03.xlsx,316
323,M04,10.91,0.0005,6.89,Dataset 04.xlsx,316
323,M05,11.11,0.0006,7.48,Dataset 05.xlsx,316
323,M06,14.52,0,9.37,Dataset 06.xlsx,316
323,M07,16.49,0.0003,11.04,Dataset 07.xlsx,316
323,M08,20.8,0.0003,21.86,Dataset 08.xlsx,316
323,M09,19.58,0.0049,20,Dataset 09.xlsx,316
323,M10,22.3,0.0004,15.52,Dataset 10.xlsx,316
323,M11,21.59,0,15.29,Dataset 11.xlsx,316
323,M12,30.35,0.0003,31.22,Dataset 12.xlsx,316
323,M13,31.5,0,23.8,Dataset 13.xlsx,316
323,M14,28.36,0,36.81,Dataset 14.xlsx,316
323,M15,31.69,0.0003,18.81,Dataset 15.xlsx,316
323,M16,60.44,0.0003,47.35,Dataset 16.xlsx,316
323,M17,8.12,0.0012,7.83,Dataset 17.xlsx,316
323,M18,11.37,0.0031,6.9,Dataset 18.xlsx,316
323,M19,9.97,0.0006,6.3,Dataset 19.xlsx,316
323,M20,12.16,0.0003,18.45,Dataset 20.xlsx,311
323,M21,9.38,0.0023,5.65,Dataset 21.xlsx,311
323,M22,23.71,0,18.6,Dataset 22.xlsx,311
323,M23,20.64,0.0008,26.52,Dataset 23.xlsx,311
323,M24,24.06,0.0003,14.42,Dataset 24.xlsx,311
323,M25,15.15,0.0018,10.65,Dataset 25.xlsx,324
323,M26,13.96,0,16.9,Dataset 26.xlsx,324
323,M27,18.78,0.0007,13.55,Dataset 27.xlsx,324
323,M28,17.02,0.0015,20.82,Dataset 28.xlsx,324
323,M29,18.66,0.0015,10.17,Dataset 29.xlsx,324
323,M30,11.84,0.0004,7.77,Dataset 30.xlsx,324
324,M01,7.95,0.0009,5.26,Dataset 01.xlsx,317
324,M02,11.11,0.0023,11.14,Dataset 02.xlsx,317
324,M03,13.17,0.0013,8.7,Dataset 03.xlsx,317
324,M04,12.32,0.0004,7.91,Dataset 04.xlsx,317
324,M05,12.36,0.0023,8.44,Dataset 05.xlsx,317
324,M06,15.46,0.0023,10.04,Dataset 06.xlsx,317
324,M07,18.35,0.0003,12.39,Dataset 07.xlsx,317
324,M08,22.63,0.0003,23.87,Dataset 08.xlsx,317
324,M09,21.43,0,21.98,Dataset 09.xlsx,317
324,M10,24.38,0.0008,17.06,Dataset 10.xlsx,317
324,M11,23.27,0.0011,16.56,Dataset 11.xlsx,317
324,M12,33.51,0.0005,34.57,Dataset 12.xlsx,317
324,M13,34.39,0.0009,26.08,Dataset 13.xlsx,317
324,M14,31.98,0.0051,41.64,Dataset 14.xlsx,317
324,M15,35.4,0.0002,21.12,Dataset 15.xlsx,317
324,M16,63.62,0.0007,49.9,Dataset 16.xlsx,317
324,M17,9,0.005,8.78,Dataset 17.xlsx,317
324,M18,12.82,0.0011,7.9,Dataset 18.xlsx,317
324,M19,10.75,0.0015,6.88,Dataset 19.xlsx,317
324,M20,17.93,0.0001,27.69,Dataset 20.xlsx,312
324,M21,12.5,0.0034,7.86,Dataset 21.xlsx,312
324,M22,35.59,0.0043,28.41,Dataset 22.xlsx,312
324,M23,26.77,0.0008,34.69,Dataset 23.xlsx,312
324,M24,36.69,0.0002,22.52,Dataset 24.xlsx,312
324,M25,15.34,0.0033,10.8,Dataset 25.xlsx,325
324,M26,14.38,0.0094,17.44,Dataset 26.xlsx,325
324,M27,19.53,0.0007,14.14,Dataset 27.xlsx,325
324,M28,18.15,0.0027,22.27,Dataset 28.xlsx,325
324,M29,19.76,0.0004,10.83,Dataset 29.xlsx,325
324,M30,12.51,0.0008,8.27,Dataset 30.xlsx,325
325,M01,8.1,0.0017,5.38,Dataset 01.xlsx,318
325,M02,11.11,0.0007,11.14,Dataset 02.xlsx,318
325,M03,13.43,0.0006,8.88,Dataset 03.xlsx,318
325,M04,12.79,0.0003,8.25,Dataset 04.xlsx,318
325,M05,12.8,0.0006,8.77,Dataset 05.xlsx,318
325,M06,15.66,0,10.19,Dataset 06.xlsx,318
325,M07,19.12,0.0008,12.96,Dataset 07.xlsx,318
325,M08,23.12,0.0003,24.41,Dataset 08.xlsx,318
325,M09,22.28,0,22.89,Dataset 09.xlsx,318
325,M10,24.35,0.0004,17.03,Dataset 10.xlsx,318
325,M11,23.79,0,16.95,Dataset 11.xlsx,318
325,M12,34.63,0.0002,35.76,Dataset 12.xlsx,318
325,M13,35.64,0,27.06,Dataset 13.xlsx,318
325,M14,33.33,0.0002,43.44,Dataset 14.xlsx,318
325,M15,36.52,0.0004,21.83,Dataset 15.xlsx,318
325,M16,64.96,0.0001,50.97,Dataset 16.xlsx,318
325,M17,9.03,0.0011,8.82,Dataset 17.xlsx,318
325,M18,13.12,0,8.11,Dataset 18.xlsx,318
325,M19,11.22,0.001,7.22,Dataset 19.xlsx,318
325,M20,17.89,0.0003,27.62,Dataset 20.xlsx,313
325,M21,12.73,0.005,8.03,Dataset 21.xlsx,313
325,M22,37.83,0.0002,30.26,Dataset 22.xlsx,313
325,M23,27.5,0.0015,35.67,Dataset 23.xlsx,313
325,M24,38.24,0.0003,23.51,Dataset 24.xlsx,313
325,M25,15.63,0.0041,11.02,Dataset 25.xlsx,326
325,M26,14.6,0.0004,17.72,Dataset 26.xlsx,326
325,M27,20.08,0.0011,14.56,Dataset 27.xlsx,326
325,M28,18.7,0.004,22.97,Dataset 28.xlsx,326
325,M29,20.23,0.0003,11.11,Dataset 29.xlsx,326
325,M30,13.13,0.0016,8.73,Dataset 30.xlsx,326
326,M01,7.75,0.003,5.1,Dataset 01.xlsx,319
326,M02,10.31,0.0005,10.27,Dataset 02.xlsx,319
326,M03,11.54,0.0004,7.5,Dataset 03.xlsx,319
326,M04,10.66,0.0006,6.71,Dataset 04.xlsx,319
326,M05,10.84,0,7.27,Dataset 05.xlsx,319
326,M06,14.32,0.0015,9.23,Dataset 06.xlsx,319
326,M07,16.17,0.0004,10.8,Dataset 07.xlsx,319
326,M08,20.48,0.0003,21.5,Dataset 08.xlsx,319
326,M09,19.29,0.0004,19.68,Dataset 09.xlsx,319
326,M10,21.89,0.0003,15.21,Dataset 10.xlsx,319
326,M11,21.07,0,14.9,Dataset 11.xlsx,319
326,M12,29.98,0.0003,30.83,Dataset 12.xlsx,319
326,M13,31.36,0,23.69,Dataset 13.xlsx,319
326,M14,28.46,0.0004,36.95,Dataset 14.xlsx,319
326,M15,30.72,0.0002,18.2,Dataset 15.xlsx,319
326,M16,60.34,0,47.27,Dataset 16.xlsx,319
326,M17,7.97,0.0039,7.66,Dataset 17.xlsx,319
326,M18,11.15,0.0014,6.74,Dataset 18.xlsx,319
326,M19,8.72,0.0009,5.39,Dataset 19.xlsx,319
326,M20,11.03,0.0002,16.65,Dataset 20.xlsx,314
326,M21,8.18,0.0009,4.8,Dataset 21.xlsx,314
326,M22,20.14,0.0006,15.64,Dataset 22.xlsx,314
326,M23,17.5,0.0024,22.33,Dataset 23.xlsx,314
326,M24,20.22,0.0003,11.96,Dataset 24.xlsx,314
326,M25,14.99,0.0006,10.53,Dataset 25.xlsx,327
326,M26,13.86,0.0007,16.77,Dataset 26.xlsx,327
326,M27,18.57,0,13.4,Dataset 27.xlsx,327
326,M28,16.9,0.0005,20.67,Dataset 28.xlsx,327
326,M29,18.14,0.0012,9.86,Dataset 29.xlsx,327
326,M30,11.6,0.0011,7.59,Dataset 30.xlsx,327
327,M01,7.92,0.0026,5.24,Dataset 01.xlsx,320
327,M02,10.4,0.0008,10.37,Dataset 02.xlsx,320
327,M03,11.66,0.0005,7.58,Dataset 03.xlsx,320
327,M04,11.03,0.0005,6.97,Dataset 04.xlsx,320
327,M05,11.5,0,7.78,Dataset 05.xlsx,320
327,M06,14.57,0.0005,9.4,Dataset 06.xlsx,320
327,M07,16.27,0.0004,10.88,Dataset 07.xlsx,320
327,M08,20.59,0.0003,21.63,Dataset 08.xlsx,320
327,M09,19.77,0.0006,20.2,Dataset 09.xlsx,320
327,M10,22.05,0.0003,15.33,Dataset 10.xlsx,320
327,M11,21.98,0,15.59,Dataset 11.xlsx,320
327,M12,30.08,0.0004,30.94,Dataset 12.xlsx,320
327,M13,31.73,0,23.98,Dataset 13.xlsx,320
327,M14,28.96,0.0057,37.61,Dataset 14.xlsx,320
327,M15,31.67,0.0004,18.79,Dataset 15.xlsx,320
327,M16,60.7,0.0005,47.56,Dataset 16.xlsx,320
327,M17,8.05,0.0021,7.75,Dataset 17.xlsx,320
327,M18,11.37,0.0025,6.9,Dataset 18.xlsx,320
327,M19,8.64,0.0007,5.33,Dataset 19.xlsx,320
327,M20,10.09,0.0005,15.14,Dataset 20.xlsx,315
327,M21,7.67,0.0028,4.44,Dataset 21.xlsx,315
327,M22,17.69,0.0087,13.62,Dataset 22.xlsx,315
327,M23,17.2,0.0008,21.93,Dataset 23.xlsx,315
327,M24,17.24,0.0007,10.05,Dataset 24.xlsx,315
327,M25,17.34,0.0013,12.34,Dataset 25.xlsx,328
327,M26,15.81,0.0086,19.27,Dataset 26.xlsx,328
327,M27,22.32,0,16.3,Dataset 27.xlsx,328
327,M28,20.45,0.0012,25.22,Dataset 28.xlsx,328
327,M29,21.72,0.0007,12.01,Dataset 29.xlsx,328
327,M30,14.32,0.0004,9.6,Dataset 30.xlsx,328
328,M01,6.54,0,4.15,Dataset 01.xlsx,321
328,M02,8.7,0.0011,8.51,Dataset 02.xlsx,321
328,M03,8.42,0.0013,5.2,Dataset 03.xlsx,321
328,M04,7.97,0.0021,4.77,Dataset 04.xlsx,321
328,M05,7.96,0,5.08,Dataset 05.xlsx,321
328,M06,10.86,0,6.76,Dataset 06.xlsx,321
328,M07,11.42,0.0012,7.34,Dataset 07.xlsx,321
328,M08,15.78,0.0004,16.34,Dataset 08.xlsx,321
328,M09,15.18,0.0007,15.28,Dataset 09.xlsx,321
328,M10,17.29,0.0007,11.81,Dataset 10.xlsx,321
328,M11,17,0.0015,11.83,Dataset 11.xlsx,321
328,M12,22.11,0.0007,22.47,Dataset 12.xlsx,321
328,M13,21.93,0.0013,16.27,Dataset 13.xlsx,321
328,M14,19.32,0.0047,24.76,Dataset 14.xlsx,321
328,M15,21.59,0.0003,12.49,Dataset 15.xlsx,321
328,M16,49.67,0.0004,38.74,Dataset 16.xlsx,321
328,M17,6.34,0.0016,5.89,Dataset 17.xlsx,321
328,M18,8.54,0.0017,4.93,Dataset 18.xlsx,321
328,M19,5.51,0.0029,3.04,Dataset 19.xlsx,321
328,M20,7.68,0.0003,11.29,Dataset 20.xlsx,316
328,M21,5.35,0.0013,2.79,Dataset 21.xlsx,316
328,M22,11.56,0.0074,8.55,Dataset 22.xlsx,316
328,M23,10.65,0.0027,13.2,Dataset 23.xlsx,316
328,M24,11.16,0.0005,6.15,Dataset 24.xlsx,316
328,M25,13.62,0.0006,9.48,Dataset 25.xlsx,329
328,M26,12.43,0.0061,14.94,Dataset 26.xlsx,329
328,M27,15.73,0.0009,11.19,Dataset 27.xlsx,329
328,M28,13.93,0.0006,16.86,Dataset 28.xlsx,329
328,M29,15.04,0.0009,8.01,Dataset 29.xlsx,329
328,M30,9.25,0.0017,5.85,Dataset 30.xlsx,329
329,M01,6.95,0.003,4.47,Dataset 01.xlsx,322
329,M02,9.28,0.0005,9.14,Dataset 02.xlsx,322
329,M03,9.51,0.0008,6,Dataset 03.xlsx,322
329,M04,8.89,0.0009,5.43,Dataset 04.xlsx,322
329,M05,9.01,0.0011,5.88,Dataset 05.xlsx,322
329,M06,12.12,0.0005,7.65,Dataset 06.xlsx,322
329,M07,13.07,0.0005,8.54,Dataset 07.xlsx,322
329,M08,17.49,0.0004,18.22,Dataset 08.xlsx,322
329,M09,16.66,0.0006,16.87,Dataset 09.xlsx,322
329,M10,18.97,0.0005,13.05,Dataset 10.xlsx,322
329,M11,18.54,0.0007,12.99,Dataset 11.xlsx,322
329,M12,24.94,0.0005,25.47,Dataset 12.xlsx,322
329,M13,25.29,0.0005,18.91,Dataset 13.xlsx,322
329,M14,22.69,0.0007,29.25,Dataset 14.xlsx,322
329,M15,24.98,0.0007,14.61,Dataset 15.xlsx,322
329,M16,53.65,0.0001,41.92,Dataset 16.xlsx,322
329,M17,6.9,0.0023,6.5,Dataset 17.xlsx,322
329,M18,9.45,0.0015,5.56,Dataset 18.xlsx,322
329,M19,6.34,0.0024,3.64,Dataset 19.xlsx,322
329,M20,8.49,0.0007,12.58,Dataset 20.xlsx,317
329,M21,5.94,0.0012,3.21,Dataset 21.xlsx,317
329,M22,13.23,0.0011,9.93,Dataset 22.xlsx,317
329,M23,12.38,0.0012,15.51,Dataset 23.xlsx,317
329,M24,12.7,0.0011,7.14,Dataset 24.xlsx,317
329,M25,14.32,0.0006,10.02,Dataset 25.xlsx,330
329,M26,13.17,0.001,15.88,Dataset 26.xlsx,330
329,M27,17.23,0.0006,12.35,Dataset 27.xlsx,330
329,M28,15.49,0.0005,18.86,Dataset 28.xlsx,330
329,M29,16.45,0.0015,8.85,Dataset 29.xlsx,330
329,M30,10.32,0.0011,6.64,Dataset 30.xlsx,330
330,M01,5.56,0.0023,3.38,Dataset 01.xlsx,323
330,M02,7.49,0.0015,7.19,Dataset 02.xlsx,323
330,M03,6.54,0.0027,3.81,Dataset 03.xlsx,323
330,M04,6.35,0.0014,3.6,Dataset 04.xlsx,323
330,M05,6.3,0.0029,3.81,Dataset 05.xlsx,323
330,M06,8.44,0.0014,5.03,Dataset 06.xlsx,323
330,M07,8.67,0.002,5.33,Dataset 07.xlsx,323
330,M08,12.67,0.0005,12.92,Dataset 08.xlsx,323
330,M09,12.47,0.0011,12.37,Dataset 09.xlsx,323
330,M10,14.1,0.0014,9.44,Dataset 10.xlsx,323
330,M11,14.08,0.002,9.63,Dataset 11.xlsx,323
330,M12,17.14,0.0014,17.19,Dataset 12.xlsx,323
330,M13,16.12,0.0019,11.69,Dataset 13.xlsx,323
330,M14,14.14,0.003,17.85,Dataset 14.xlsx,323
330,M15,15.83,0.0015,8.89,Dataset 15.xlsx,323
330,M16,38.91,0.0002,30.13,Dataset 16.xlsx,323
330,M17,5.13,0.0042,4.58,Dataset 17.xlsx,323
330,M18,6.89,0,3.78,Dataset 18.xlsx,323
330,M19,4.91,0.0062,2.6,Dataset 19.xlsx,323
330,M20,6.51,0.0012,9.42,Dataset 20.xlsx,318
330,M21,4.82,0.0015,2.42,Dataset 21.xlsx,318
330,M22,9.57,0.0041,6.91,Dataset 22.xlsx,318
330,M23,8.75,0.0017,10.67,Dataset 23.xlsx,318
330,M24,9.67,0.002,5.2,Dataset 24.xlsx,318
330,M25,13.46,0.0005,9.35,Dataset 25.xlsx,331
330,M26,12.34,0.0028,14.82,Dataset 26.xlsx,331
330,M27,15.67,0.002,11.15,Dataset 27.xlsx,331
330,M28,13.9,0.0006,16.82,Dataset 28.xlsx,331
330,M29,14.58,0.0016,7.73,Dataset 29.xlsx,331
330,M30,8.88,0.0011,5.58,Dataset 30.xlsx,331
331,M01,8.98,0.0023,6.07,Dataset 01.xlsx,324
331,M02,12.49,0.0008,12.65,Dataset 02.xlsx,324
331,M03,15.08,0.0005,10.1,Dataset 03.xlsx,324
331,M04,13.74,0.0006,8.94,Dataset 04.xlsx,324
331,M05,14.12,0,9.78,Dataset 05.xlsx,324
331,M06,18.93,0.0019,12.52,Dataset 06.xlsx,324
331,M07,21.43,0.0003,14.64,Dataset 07.xlsx,324
331,M08,25.43,0.0003,26.95,Dataset 08.xlsx,324
331,M09,23.34,0.0006,24.03,Dataset 09.xlsx,324
331,M10,26.93,0.0003,18.94,Dataset 10.xlsx,324
331,M11,25.8,0.0005,18.47,Dataset 11.xlsx,324
331,M12,36.72,0.0001,37.98,Dataset 12.xlsx,324
331,M13,38.35,0.0004,29.2,Dataset 13.xlsx,324
331,M14,35.83,0,46.77,Dataset 14.xlsx,324
331,M15,37.64,0.0006,22.52,Dataset 15.xlsx,324
331,M16,67.88,0.0001,53.3,Dataset 16.xlsx,324
331,M17,10.21,0.0044,10.1,Dataset 17.xlsx,324
331,M18,13.95,0.0007,8.69,Dataset 18.xlsx,324
331,M19,15.64,0.0007,10.46,Dataset 19.xlsx,324
331,M20,14.56,0.0005,22.3,Dataset 20.xlsx,319
331,M21,13.39,0,8.49,Dataset 21.xlsx,319
331,M22,31.47,0,25.01,Dataset 22.xlsx,319
331,M23,27.73,0,35.97,Dataset 23.xlsx,319
331,M24,31.16,0.0006,18.97,Dataset 24.xlsx,319
331,M25,15.85,0.0007,11.19,Dataset 25.xlsx,332
331,M26,14.72,0,17.87,Dataset 26.xlsx,332
331,M27,20.27,0,14.71,Dataset 27.xlsx,332
331,M28,18.72,0,23,Dataset 28.xlsx,332
331,M29,19.94,0.0004,10.94,Dataset 29.xlsx,332
331,M30,15.28,0.0011,10.32,Dataset 30.xlsx,332
332,M01,8.37,0.0017,5.59,Dataset 01.xlsx,325
332,M02,11.52,0.0013,11.59,Dataset 02.xlsx,325
332,M03,13.86,0.0007,9.2,Dataset 03.xlsx,325
332,M04,12.83,0.0005,8.28,Dataset 04.xlsx,325
332,M05,13.15,0.0022,9.04,Dataset 05.xlsx,325
332,M06,16.71,0.0008,10.94,Dataset 06.xlsx,325
332,M07,19.45,0.0003,13.2,Dataset 07.xlsx,325
332,M08,23.63,0.0003,24.97,Dataset 08.xlsx,325
332,M09,22.43,0.0003,23.05,Dataset 09.xlsx,325
332,M10,25.15,0.0005,17.63,Dataset 10.xlsx,325
332,M11,24.52,0.0006,17.51,Dataset 11.xlsx,325
332,M12,35.96,0.0007,37.17,Dataset 12.xlsx,325
332,M13,37.38,0.0004,28.43,Dataset 13.xlsx,325
332,M14,35.22,0.0002,45.96,Dataset 14.xlsx,325
332,M15,38.07,0.0002,22.79,Dataset 15.xlsx,325
332,M16,66.88,0.0001,52.5,Dataset 16.xlsx,325
332,M17,8.92,0.0027,8.7,Dataset 17.xlsx,325
332,M18,13.12,0.0005,8.11,Dataset 18.xlsx,325
332,M19,12.34,0.0008,8.04,Dataset 19.xlsx,325
332,M20,14.69,0.0002,22.51,Dataset 20.xlsx,320
332,M21,14.25,0.0064,9.11,Dataset 21.xlsx,320
332,M22,29.4,0.0002,23.3,Dataset 22.xlsx,320
332,M23,33.45,0.0002,43.59,Dataset 23.xlsx,320
332,M24,30.56,0.0002,18.59,Dataset 24.xlsx,320
332,M25,16,0.0058,11.31,Dataset 25.xlsx,333
332,M26,14.98,0.0003,18.21,Dataset 26.xlsx,333
332,M27,20.81,0.0003,15.13,Dataset 27.xlsx,333
332,M28,19.48,0.0055,23.97,Dataset 28.xlsx,333
332,M29,20.83,0.001,11.47,Dataset 29.xlsx,333
332,M30,13.53,0.0017,9.02,Dataset 30.xlsx,333
333,M01,7.04,0.0025,4.54,Dataset 01.xlsx,326
333,M02,9.76,0.0015,9.66,Dataset 02.xlsx,326
333,M03,10.47,0.0011,6.71,Dataset 03.xlsx,326
333,M04,9.98,0.0019,6.22,Dataset 04.xlsx,326
333,M05,9.28,0,6.08,Dataset 05.xlsx,326
333,M06,12.62,0.0006,8.01,Dataset 06.xlsx,326
333,M07,14.59,0.001,9.65,Dataset 07.xlsx,326
333,M08,19.01,0.0003,19.89,Dataset 08.xlsx,326
333,M09,18.08,0.0003,18.39,Dataset 09.xlsx,326
333,M10,20.34,0.0007,14.07,Dataset 10.xlsx,326
333,M11,19.03,0.0004,13.36,Dataset 11.xlsx,326
333,M12,27.6,0.0007,28.3,Dataset 12.xlsx,326
333,M13,27,0.0003,20.26,Dataset 13.xlsx,326
333,M14,24.22,0.0006,31.29,Dataset 14.xlsx,326
333,M15,27.64,0.0003,16.27,Dataset 15.xlsx,326
333,M16,55.63,0.0003,43.5,Dataset 16.xlsx,326
333,M17,7.56,0.0022,7.21,Dataset 17.xlsx,326
333,M18,10.68,0.0013,6.42,Dataset 18.xlsx,326
333,M19,5.89,0,3.32,Dataset 19.xlsx,326
333,M20,8.99,0.0003,13.38,Dataset 20.xlsx,321
333,M21,6.18,0.0011,3.38,Dataset 21.xlsx,321
333,M22,14.19,0.001,10.73,Dataset 22.xlsx,321
333,M23,12.59,0.0006,15.78,Dataset 23.xlsx,321
333,M24,14.09,0.0004,8.03,Dataset 24.xlsx,321
333,M25,12.75,0.0008,8.81,Dataset 25.xlsx,334
333,M26,11.62,0.0011,13.9,Dataset 26.xlsx,334
333,M27,13.97,0.001,9.83,Dataset 27.xlsx,334
333,M28,12.4,0.0007,14.9,Dataset 28.xlsx,334
333,M29,13.86,0.002,7.3,Dataset 29.xlsx,334
333,M30,8.38,0.0007,5.21,Dataset 30.xlsx,334
334,M01,7.01,0.0016,4.52,Dataset 01.xlsx,327
334,M02,9.32,0.001,9.18,Dataset 02.xlsx,327
334,M03,9.59,0.0009,6.06,Dataset 03.xlsx,327
334,M04,9.08,0.0013,5.57,Dataset 04.xlsx,327
334,M05,9.15,0.0013,5.98,Dataset 05.xlsx,327
334,M06,12.27,0.0008,7.76,Dataset 06.xlsx,327
334,M07,13.19,0.0006,8.63,Dataset 07.xlsx,327
334,M08,17.62,0.0004,18.36,Dataset 08.xlsx,327
334,M09,16.98,0.0003,17.2,Dataset 09.xlsx,327
334,M10,19.09,0.0005,13.14,Dataset 10.xlsx,327
334,M11,18.78,0.0007,13.17,Dataset 11.xlsx,327
334,M12,25.2,0.0004,25.75,Dataset 12.xlsx,327
334,M13,25.81,0.0006,19.32,Dataset 13.xlsx,327
334,M14,23.31,0.0005,30.08,Dataset 14.xlsx,327
334,M15,25.39,0.0008,14.87,Dataset 15.xlsx,327
334,M16,54.29,0.0001,42.43,Dataset 16.xlsx,327
334,M17,7.01,0.0028,6.61,Dataset 17.xlsx,327
334,M18,9.62,0.0007,5.68,Dataset 18.xlsx,327
334,M19,6.37,0.0027,3.67,Dataset 19.xlsx,327
334,M20,8.57,0.0008,12.71,Dataset 20.xlsx,322
334,M21,6.02,0.0035,3.27,Dataset 21.xlsx,322
334,M22,13.38,0.0008,10.06,Dataset 22.xlsx,322
334,M23,12.56,0.0011,15.75,Dataset 23.xlsx,322
334,M24,12.83,0.0013,7.22,Dataset 24.xlsx,322
334,M25,14.47,0.0015,10.13,Dataset 25.xlsx,335
334,M26,13.35,0.0007,16.12,Dataset 26.xlsx,335
334,M27,17.58,0.0003,12.63,Dataset 27.xlsx,335
334,M28,15.91,0.0016,19.4,Dataset 28.xlsx,335
334,M29,16.72,0.0016,9.01,Dataset 29.xlsx,335
334,M30,10.54,0.0007,6.81,Dataset 30.xlsx,335
335,M01,5.3,0.0067,3.17,Dataset 01.xlsx,328
335,M02,7.24,0.0017,6.91,Dataset 02.xlsx,328
335,M03,6.19,0.0151,3.55,Dataset 03.xlsx,328
335,M04,5.99,0.0017,3.33,Dataset 04.xlsx,328
335,M05,5.99,0,3.57,Dataset 05.xlsx,328
335,M06,7.91,0,4.65,Dataset 06.xlsx,328
335,M07,8.3,0,5.05,Dataset 07.xlsx,328
335,M08,12.11,0.0005,12.31,Dataset 08.xlsx,328
335,M09,11.83,0.0007,11.69,Dataset 09.xlsx,328
335,M10,13.61,0.0079,9.08,Dataset 10.xlsx,328
335,M11,13.46,0.0006,9.15,Dataset 11.xlsx,328
335,M12,16.45,0.0013,16.46,Dataset 12.xlsx,328
335,M13,17.31,0.0005,12.63,Dataset 13.xlsx,328
335,M14,13.51,0.0005,17.01,Dataset 14.xlsx,328
335,M15,16.58,0.0026,9.36,Dataset 15.xlsx,328
335,M16,37.5,0.0002,29,Dataset 16.xlsx,328
335,M17,4.84,0.002,4.26,Dataset 17.xlsx,328
335,M18,6.48,0.0022,3.5,Dataset 18.xlsx,328
335,M19,4.89,0.0065,2.58,Dataset 19.xlsx,328
335,M20,6.47,0.0022,9.34,Dataset 20.xlsx,323
335,M21,4.77,0.0015,2.38,Dataset 21.xlsx,323
335,M22,9.42,0.0006,6.79,Dataset 22.xlsx,323
335,M23,8.65,0.0008,10.53,Dataset 23.xlsx,323
335,M24,9.19,0.0039,4.89,Dataset 24.xlsx,323
335,M25,14.56,0.0005,10.2,Dataset 25.xlsx,336
335,M26,13.35,0.0004,16.12,Dataset 26.xlsx,336
335,M27,17.73,0.0008,12.74,Dataset 27.xlsx,336
335,M28,15.84,0.0005,19.31,Dataset 28.xlsx,336
335,M29,16.7,0.0013,9,Dataset 29.xlsx,336
335,M30,10.21,0.0004,6.56,Dataset 30.xlsx,336
336,M01,5.79,0.0019,3.56,Dataset 01.xlsx,329
336,M02,7.86,0.001,7.59,Dataset 02.xlsx,329
336,M03,7.1,0.0022,4.22,Dataset 03.xlsx,329
336,M04,6.84,0.0014,3.95,Dataset 04.xlsx,329
336,M05,6.89,0,4.26,Dataset 05.xlsx,329
336,M06,9.15,0.0008,5.53,Dataset 06.xlsx,329
336,M07,9.55,0.002,5.97,Dataset 07.xlsx,329
336,M08,13.9,0.0005,14.27,Dataset 08.xlsx,329
336,M09,13.61,0.001,13.59,Dataset 09.xlsx,329
336,M10,15.24,0.0012,10.29,Dataset 10.xlsx,329
336,M11,15.22,0.0017,10.48,Dataset 11.xlsx,329
336,M12,19.35,0.0009,19.54,Dataset 12.xlsx,329
336,M13,18.28,0.0016,13.39,Dataset 13.xlsx,329
336,M14,16.47,0.0011,20.96,Dataset 14.xlsx,329
336,M15,17.8,0.0022,10.12,Dataset 15.xlsx,329
336,M16,45,0.0002,35,Dataset 16.xlsx,329
336,M17,5.57,0.003,5.05,Dataset 17.xlsx,329
336,M18,7.42,0.001,4.15,Dataset 18.xlsx,329
336,M19,5.12,0.0047,2.75,Dataset 19.xlsx,329
336,M20,7.09,0.0019,10.34,Dataset 20.xlsx,324
336,M21,5.03,0.0014,2.56,Dataset 21.xlsx,324
336,M22,10.55,0.0016,7.72,Dataset 22.xlsx,324
336,M23,9.98,0.0043,12.31,Dataset 23.xlsx,324
336,M24,10.5,0.0032,5.73,Dataset 24.xlsx,324
336,M25,13.57,0.0006,9.44,Dataset 25.xlsx,337
336,M26,12.54,0.0012,15.08,Dataset 26.xlsx,337
336,M27,15.91,0.0018,11.33,Dataset 27.xlsx,337
336,M28,14.36,0.0006,17.41,Dataset 28.xlsx,337
336,M29,15.31,0.0005,8.16,Dataset 29.xlsx,337
336,M30,9.32,0,5.9,Dataset 30.xlsx,337
337,M01,8.7,0.0016,5.85,Dataset 01.xlsx,330
337,M02,11.67,0.0011,11.76,Dataset 02.xlsx,330
337,M03,14.42,0.001,9.61,Dataset 03.xlsx,330
337,M04,13.21,0.0004,8.56,Dataset 04.xlsx,330
337,M05,13.67,0.001,9.44,Dataset 05.xlsx,330
337,M06,17.25,0.0016,11.32,Dataset 06.xlsx,330
337,M07,20.32,0.0003,13.83,Dataset 07.xlsx,330
337,M08,24.17,0.0003,25.56,Dataset 08.xlsx,330
337,M09,23.01,0.0005,23.68,Dataset 09.xlsx,330
337,M10,25.74,0.0007,18.07,Dataset 10.xlsx,330
337,M11,25.14,0.0003,17.97,Dataset 11.xlsx,330
337,M12,37.13,0.0002,38.42,Dataset 12.xlsx,330
337,M13,38.8,0.0002,29.55,Dataset 13.xlsx,330
337,M14,36.75,0.0012,48,Dataset 14.xlsx,330
337,M15,39.24,0,23.53,Dataset 15.xlsx,330
337,M16,68.44,0,53.75,Dataset 16.xlsx,330
337,M17,8.87,0.0043,8.64,Dataset 17.xlsx,330
337,M18,13.53,0.0012,8.4,Dataset 18.xlsx,330
337,M19,13.24,0.0004,8.7,Dataset 19.xlsx,330
337,M20,15.19,0,23.3,Dataset 20.xlsx,325
337,M21,11.78,0.0006,7.35,Dataset 21.xlsx,325
337,M22,30.57,0.0013,24.26,Dataset 22.xlsx,325
337,M23,34.81,0.0002,45.41,Dataset 23.xlsx,325
337,M24,31.27,0,19.04,Dataset 24.xlsx,325
337,M25,16.34,0.0005,11.57,Dataset 25.xlsx,338
337,M26,15.32,0.0023,18.64,Dataset 26.xlsx,338
337,M27,21.46,0.0015,15.64,Dataset 27.xlsx,338
337,M28,20.12,0.0004,24.79,Dataset 28.xlsx,338
337,M29,21.3,0.001,11.75,Dataset 29.xlsx,338
337,M30,13.08,0.0004,8.69,Dataset 30.xlsx,338
338,M01,6.41,0.0016,4.05,Dataset 01.xlsx,331
338,M02,8.6,0,8.4,Dataset 02.xlsx,331
338,M03,8.32,0.0011,5.13,Dataset 03.xlsx,331
338,M04,7.81,0.0007,4.65,Dataset 04.xlsx,331
338,M05,7.99,0,5.1,Dataset 05.xlsx,331
338,M06,10.73,0.0013,6.66,Dataset 06.xlsx,331
338,M07,11.39,0.0004,7.31,Dataset 07.xlsx,331
338,M08,15.85,0.0004,16.41,Dataset 08.xlsx,331
338,M09,15.16,0.0006,15.26,Dataset 09.xlsx,331
338,M10,17.21,0.0006,11.74,Dataset 10.xlsx,331
338,M11,16.92,0.0031,11.77,Dataset 11.xlsx,331
338,M12,22.28,0.0004,22.65,Dataset 12.xlsx,331
338,M13,22.06,0.0027,16.37,Dataset 13.xlsx,331
338,M14,19.62,0.0006,25.16,Dataset 14.xlsx,331
338,M15,21.33,0.001,12.33,Dataset 15.xlsx,331
338,M16,50.1,0.0002,39.08,Dataset 16.xlsx,331
338,M17,6.24,0.0038,5.78,Dataset 17.xlsx,331
338,M18,8.37,0.0028,4.81,Dataset 18.xlsx,331
338,M19,5.66,0,3.15,Dataset 19.xlsx,331
338,M20,7.96,0.0009,11.74,Dataset 20.xlsx,326
338,M21,5.45,0.0013,2.87,Dataset 21.xlsx,326
338,M22,12.06,0.0009,8.97,Dataset 22.xlsx,326
338,M23,11.07,0.0014,13.76,Dataset 23.xlsx,326
338,M24,11.47,0.0016,6.35,Dataset 24.xlsx,326
338,M25,14.16,0.0007,9.89,Dataset 25.xlsx,339
338,M26,13,0.0007,15.67,Dataset 26.xlsx,339
338,M27,16.95,0.0004,12.14,Dataset 27.xlsx,339
338,M28,15.24,0.0005,18.54,Dataset 28.xlsx,339
338,M29,16.48,0.0021,8.87,Dataset 29.xlsx,339
338,M30,10.21,0.0005,6.56,Dataset 30.xlsx,339
339,M01,9.32,0.0034,6.34,Dataset 01.xlsx,332
339,M02,11.81,0.0013,11.91,Dataset 02.xlsx,332
339,M03,14.34,0.0005,9.56,Dataset 03.xlsx,332
339,M04,13.34,0.0004,8.65,Dataset 04.xlsx,332
339,M05,13.67,0.0005,9.43,Dataset 05.xlsx,332
339,M06,17.36,0.0012,11.4,Dataset 06.xlsx,332
339,M07,20.41,0.0009,13.89,Dataset 07.xlsx,332
339,M08,24.37,0.0003,25.78,Dataset 08.xlsx,332
339,M09,23.14,0.0015,23.82,Dataset 09.xlsx,332
339,M10,25.79,0.0003,18.1,Dataset 10.xlsx,332
339,M11,25,0.0003,17.86,Dataset 11.xlsx,332
339,M12,36.48,0.0006,37.73,Dataset 12.xlsx,332
339,M13,39.32,0.0002,29.96,Dataset 13.xlsx,332
339,M14,36.79,0.0016,48.05,Dataset 14.xlsx,332
339,M15,39.1,0.0003,23.43,Dataset 15.xlsx,332
339,M16,68.91,0.002,54.13,Dataset 16.xlsx,332
339,M17,9.47,0.0033,9.29,Dataset 17.xlsx,332
339,M18,13.57,0.0016,8.42,Dataset 18.xlsx,332
339,M19,13.37,0.0006,8.79,Dataset 19.xlsx,332
339,M20,14.87,0.0003,22.79,Dataset 20.xlsx,327
339,M21,12.22,0.0017,7.67,Dataset 21.xlsx,327
339,M22,32.95,0.0017,26.23,Dataset 22.xlsx,327
339,M23,29.86,0.0004,38.82,Dataset 23.xlsx,327
339,M24,33.15,0.0003,20.25,Dataset 24.xlsx,327
339,M25,17.03,0.0015,12.1,Dataset 25.xlsx,340
339,M26,15.72,0.0031,19.15,Dataset 26.xlsx,340
339,M27,22.11,0.0008,16.14,Dataset 27.xlsx,340
339,M28,20.51,0.0012,25.29,Dataset 28.xlsx,340
339,M29,21.63,0.001,11.95,Dataset 29.xlsx,340
339,M30,14.39,0.0003,9.66,Dataset 30.xlsx,340
340,M01,9.64,0.0099,6.59,Dataset 01.xlsx,333
340,M02,12.68,0.0007,12.86,Dataset 02.xlsx,333
340,M03,15.13,0.0003,10.14,Dataset 03.xlsx,333
340,M04,14.16,0.0004,9.24,Dataset 04.xlsx,333
340,M05,14.35,0,9.95,Dataset 05.xlsx,333
340,M06,19.17,0.0007,12.69,Dataset 06.xlsx,333
340,M07,21.63,0.0009,14.79,Dataset 07.xlsx,333
340,M08,24.32,0.0003,25.73,Dataset 08.xlsx,333
340,M09,24.13,0.0014,24.88,Dataset 09.xlsx,333
340,M10,26.84,0.0002,18.88,Dataset 10.xlsx,333
340,M11,25.97,0.0005,18.6,Dataset 11.xlsx,333
340,M12,39.23,0.0005,40.65,Dataset 12.xlsx,333
340,M13,42.86,0.0004,32.75,Dataset 13.xlsx,333
340,M14,40.69,0.0002,53.25,Dataset 14.xlsx,333
340,M15,40.83,0.0003,24.52,Dataset 15.xlsx,333
340,M16,72.65,0.0002,57.12,Dataset 16.xlsx,333
340,M17,9.88,0.0024,9.74,Dataset 17.xlsx,333
340,M18,14.13,0.0005,8.81,Dataset 18.xlsx,333
340,M19,14.54,0.0004,9.65,Dataset 19.xlsx,333
340,M20,17.21,0.0003,26.54,Dataset 20.xlsx,328
340,M21,14.38,0.002,9.2,Dataset 21.xlsx,328
340,M22,39.38,0.0002,31.55,Dataset 22.xlsx,328
340,M23,34.68,0.0012,45.24,Dataset 23.xlsx,328
340,M24,37.81,0.0003,23.24,Dataset 24.xlsx,328
340,M25,19.07,0.0015,13.67,Dataset 25.xlsx,341
340,M26,17.16,0.0005,21,Dataset 26.xlsx,341
340,M27,24.4,0.0003,17.91,Dataset 27.xlsx,341
340,M28,22.49,0.0015,27.83,Dataset 28.xlsx,341
340,M29,22.39,0,12.41,Dataset 29.xlsx,341
340,M30,15.24,0.0003,10.29,Dataset 30.xlsx,341
341,M01,4.2,0,2.31,Dataset 01.xlsx,334
341,M02,5.62,0.0015,5.14,Dataset 02.xlsx,334
341,M03,5.03,0.0014,2.7,Dataset 03.xlsx,334
341,M04,4.86,0.0012,2.51,Dataset 04.xlsx,334
341,M05,4.58,0.0031,2.5,Dataset 05.xlsx,334
341,M06,6.47,0.0044,3.62,Dataset 06.xlsx,334
341,M07,6.11,0.0023,3.46,Dataset 07.xlsx,334
341,M08,7.75,0.0009,7.52,Dataset 08.xlsx,334
341,M09,6.88,0.0012,6.37,Dataset 09.xlsx,334
341,M10,8.73,0.0009,5.47,Dataset 10.xlsx,334
341,M11,8.42,0.0008,5.36,Dataset 11.xlsx,334
341,M12,8.76,0.0018,8.29,Dataset 12.xlsx,334
341,M13,9.48,0.0008,6.46,Dataset 13.xlsx,334
341,M14,7.85,0.0117,9.47,Dataset 14.xlsx,334
341,M15,8.95,0.0016,4.59,Dataset 15.xlsx,334
341,M16,19.62,0,14.7,Dataset 16.xlsx,334
341,M17,2.89,0.0132,2.14,Dataset 17.xlsx,334
341,M18,5.14,0.0014,2.57,Dataset 18.xlsx,334
341,M19,4.27,0.0056,2.13,Dataset 19.xlsx,334
341,M20,5.35,0.0009,7.56,Dataset 20.xlsx,329
341,M21,4.37,0.0016,2.1,Dataset 21.xlsx,329
341,M22,7.3,0.0117,5.03,Dataset 22.xlsx,329
341,M23,6.29,0.0045,7.39,Dataset 23.xlsx,329
341,M24,6.95,0.0017,3.46,Dataset 24.xlsx,329
341,M25,8.2,0.001,5.31,Dataset 25.xlsx,342
341,M26,6.98,0.0108,7.95,Dataset 26.xlsx,342
341,M27,7.86,0.0027,5.09,Dataset 27.xlsx,342
341,M28,6.89,0.0012,7.83,Dataset 28.xlsx,342
341,M29,7.36,0.001,3.4,Dataset 29.xlsx,342
341,M30,5.03,0.0006,2.73,Dataset 30.xlsx,342
342,M01,3.81,0.003,2,Dataset 01.xlsx,335
342,M02,4.94,0.001,4.4,Dataset 02.xlsx,335
342,M03,4.28,0,2.15,Dataset 03.xlsx,335
342,M04,4.21,0.0014,2.04,Dataset 04.xlsx,335
342,M05,4.06,0,2.1,Dataset 05.xlsx,335
342,M06,5.57,0,2.98,Dataset 06.xlsx,335
342,M07,5.05,0.0042,2.69,Dataset 07.xlsx,335
342,M08,6.39,0.001,6.02,Dataset 08.xlsx,335
342,M09,5.92,0.0021,5.34,Dataset 09.xlsx,335
342,M10,7.47,0,4.53,Dataset 10.xlsx,335
342,M11,6.86,0.0021,4.18,Dataset 11.xlsx,335
342,M12,7.5,0.0027,6.96,Dataset 12.xlsx,335
342,M13,7.22,0.0022,4.69,Dataset 13.xlsx,335
342,M14,5.86,0.006,6.81,Dataset 14.xlsx,335
342,M15,6.67,0,3.17,Dataset 15.xlsx,335
342,M16,12.97,0.0004,9.38,Dataset 16.xlsx,335
342,M17,2.32,0.0042,1.52,Dataset 17.xlsx,335
342,M18,4.62,0.0041,2.21,Dataset 18.xlsx,335
342,M19,4.12,0.0037,2.02,Dataset 19.xlsx,335
342,M20,4.76,0,6.62,Dataset 20.xlsx,330
342,M21,4.16,0.0017,1.95,Dataset 21.xlsx,330
342,M22,6.55,0.005,4.41,Dataset 22.xlsx,330
342,M23,5.67,0.0012,6.55,Dataset 23.xlsx,330
342,M24,6.1,0,2.91,Dataset 24.xlsx,330
342,M25,7.65,0.0009,4.88,Dataset 25.xlsx,343
342,M26,6.62,0.0044,7.49,Dataset 26.xlsx,343
342,M27,7.57,0.0028,4.86,Dataset 27.xlsx,343
342,M28,6.58,0.0013,7.44,Dataset 28.xlsx,343
342,M29,7.1,0.001,3.25,Dataset 29.xlsx,343
342,M30,4.94,0.0007,2.66,Dataset 30.xlsx,343
343,M01,4.1,0.0014,2.23,Dataset 01.xlsx,336
343,M02,5.28,0.0047,4.77,Dataset 02.xlsx,336
343,M03,4.54,0.0038,2.34,Dataset 03.xlsx,336
343,M04,4.45,0.0135,2.22,Dataset 04.xlsx,336
343,M05,4.23,0.0017,2.23,Dataset 05.xlsx,336
343,M06,5.79,0.0073,3.14,Dataset 06.xlsx,336
343,M07,5.42,0.0039,2.95,Dataset 07.xlsx,336
343,M08,6.88,0.001,6.56,Dataset 08.xlsx,336
343,M09,6.33,0.0008,5.79,Dataset 09.xlsx,336
343,M10,7.96,0.0025,4.9,Dataset 10.xlsx,336
343,M11,7.25,0,4.47,Dataset 11.xlsx,336
343,M12,7.94,0.0012,7.43,Dataset 12.xlsx,336
343,M13,7.88,0,5.2,Dataset 13.xlsx,336
343,M14,6.2,0.0094,7.27,Dataset 14.xlsx,336
343,M15,7.44,0.0017,3.65,Dataset 15.xlsx,336
343,M16,13.9,0.0006,10.12,Dataset 16.xlsx,336
343,M17,2.11,0.0248,1.29,Dataset 17.xlsx,336
343,M18,4.75,0.0089,2.3,Dataset 18.xlsx,336
343,M19,4.18,0.0038,2.06,Dataset 19.xlsx,336
343,M20,4.63,0.001,6.41,Dataset 20.xlsx,331
343,M21,4.21,0,1.99,Dataset 21.xlsx,331
343,M22,6.49,0.0084,4.36,Dataset 22.xlsx,331
343,M23,5.66,0,6.55,Dataset 23.xlsx,331
343,M24,6.17,0.0018,2.96,Dataset 24.xlsx,331
343,M25,7.31,0.0001,4.62,Dataset 25.xlsx,344
343,M26,6.08,0.0079,6.79,Dataset 26.xlsx,344
343,M27,7.25,0.0039,4.62,Dataset 27.xlsx,344
343,M28,6.3,0,7.08,Dataset 28.xlsx,344
343,M29,7.12,0.003,3.26,Dataset 29.xlsx,344
343,M30,4.55,0.0003,2.37,Dataset 30.xlsx,344
