compound_id,compound_group,method_id,cv_fold,rt_min,prediction_min
1,63590c74120e85ecd05c0c08,M01,0,1.27,6.91
1,63590c74120e85ecd05c0c08,M02,0,0.92,9.32
1,63590c74120e85ecd05c0c08,M03,0,1.36,9.36
1,63590c74120e85ecd05c0c08,M04,0,1.38,8.59
1,63590c74120e85ecd05c0c08,M05,0,1.31,8.47
1,63590c74120e85ecd05c0c08,M06,0,1.4,11.77
1,63590c74120e85ecd05c0c08,M07,0,1.37,12.83
1,63590c74120e85ecd05c0c08,M08,0,0.91,17.14
1,63590c74120e85ecd05c0c08,M09,0,0.93,16.05
1,63590c74120e85ecd05c0c08,M10,0,1.35,18.74
1,63590c74120e85ecd05c0c08,M11,0,1.33,17.84
1,63590c74120e85ecd05c0c08,M12,0,0.94,24.05
1,63590c74120e85ecd05c0c08,M13,0,1.27,23.48
1,63590c74120e85ecd05c0c08,M14,0,0.75,20.22
1,63590c74120e85ecd05c0c08,M15,0,1.6,23.9
1,63590c74120e85ecd05c0c08,M16,0,1.25,51.31
1,63590c74120e85ecd05c0c08,M17,0,0.92,6.83
1,63590c74120e85ecd05c0c08,M18,0,1.44,9.32
1,63590c74120e85ecd05c0c08,M19,0,1.37,7.09
1,63590c74120e85ecd05c0c08,M20,0,0.63,9.53
1,63590c74120e85ecd05c0c08,M21,0,1.41,6.95
1,63590c74120e85ecd05c0c08,M22,0,1.21,15.84
1,63590c74120e85ecd05c0c08,M23,0,0.75,13.31
1,63590c74120e85ecd05c0c08,M24,0,1.56,16.53
1,63590c74120e85ecd05c0c08,M25,0,1.3,13.62
1,63590c74120e85ecd05c0c08,M26,0,0.78,12.385
1,63590c74120e85ecd05c0c08,M27,0,1.29,15.7
1,63590c74120e85ecd05c0c08,M28,0,0.78,13.765
1,63590c74120e85ecd05c0c08,M29,0,1.67,15.575
1,63590c74120e85ecd05c0c08,M30,0,1.35,9.385
2,73c4545b8949e668c76a03b2,M01,0,1.41,6.91
2,73c4545b8949e668c76a03b2,M02,0,1.03,9.32
2,73c4545b8949e668c76a03b2,M03,0,1.57,9.36
2,73c4545b8949e668c76a03b2,M04,0,1.44,8.59
2,73c4545b8949e668c76a03b2,M05,0,1.32,8.47
2,73c4545b8949e668c76a03b2,M06,0,1.66,11.77
2,73c4545b8949e668c76a03b2,M07,0,1.58,12.83
2,73c4545b8949e668c76a03b2,M08,0,1.05,17.14
2,73c4545b8949e668c76a03b2,M09,0,0.98,16.05
2,73c4545b8949e668c76a03b2,M10,0,1.55,18.74
2,73c4545b8949e668c76a03b2,M11,0,1.6,17.84
2,73c4545b8949e668c76a03b2,M12,0,1.13,24.05
2,73c4545b8949e668c76a03b2,M13,0,1.45,23.48
2,73c4545b8949e668c76a03b2,M14,0,0.82,20.22
2,73c4545b8949e668c76a03b2,M15,0,2.01,23.9
2,73c4545b8949e668c76a03b2,M16,0,1.43,51.31
2,73c4545b8949e668c76a03b2,M17,0,0.96,6.83
2,73c4545b8949e668c76a03b2,M18,0,1.63,9.32
2,73c4545b8949e668c76a03b2,M19,0,1.55,7.09
2,73c4545b8949e668c76a03b2,M20,0,0.87,9.53
2,73c4545b8949e668c76a03b2,M21,0,1.63,6.95
2,73c4545b8949e668c76a03b2,M22,0,1.62,15.84
2,73c4545b8949e668c76a03b2,M23,0,0.85,13.31
2,73c4545b8949e668c76a03b2,M24,0,2.13,16.53
2,73c4545b8949e668c76a03b2,M25,0,1.44,13.62
2,73c4545b8949e668c76a03b2,M26,0,0.85,12.385
2,73c4545b8949e668c76a03b2,M27,0,1.46,15.7
2,73c4545b8949e668c76a03b2,M28,0,0.83,13.765
2,73c4545b8949e668c76a03b2,M29,0,2.17,15.575
2,73c4545b8949e668c76a03b2,M30,0,1.34,9.385
3,c7bcada0b8e888971aefc4c3,M01,0,1.4,6.91
3,c7bcada0b8e888971aefc4c3,M02,0,0.9,9.32
3,c7bcada0b8e888971aefc4c3,M03,0,1.4,9.36
3,c7bcada0b8e888971aefc4c3,M04,0,1.43,8.59
3,c7bcada0b8e888971aefc4c3,M05,0,1.35,8.47
3,c7bcada0b8e888971aefc4c3,M06,0,1.48,11.77
3,c7bcada0b8e888971aefc4c3,M07,0,1.4,12.83
3,c7bcada0b8e888971aefc4c3,M08,0,0.95,17.14
3,c7bcada0b8e888971aefc4c3,M09,0,0.97,16.05
3,c7bcada0b8e888971aefc4c3,M10,0,1.4,18.74
3,c7bcada0b8e888971aefc4c3,M11,0,1.44,17.84
3,c7bcada0b8e888971aefc4c3,M12,0,0.93,24.05
3,c7bcada0b8e888971aefc4c3,M13,0,1.4,23.48
3,c7bcada0b8e888971aefc4c3,M14,0,0.83,20.22
3,c7bcada0b8e888971aefc4c3,M15,0,1.7,23.9
3,c7bcada0b8e888971aefc4c3,M16,0,1.43,51.31
3,c7bcada0b8e888971aefc4c3,M17,0,0.96,6.83
3,c7bcada0b8e888971aefc4c3,M18,0,1.43,9.32
3,c7bcada0b8e888971aefc4c3,M19,0,1.41,7.09
3,c7bcada0b8e888971aefc4c3,M20,0,0.69,9.53
3,c7bcada0b8e888971aefc4c3,M21,0,1.4,6.95
3,c7bcada0b8e888971aefc4c3,M22,0,1.52,15.84
3,c7bcada0b8e888971aefc4c3,M23,0,0.85,13.31
3,c7bcada0b8e888971aefc4c3,M24,0,1.97,16.53
3,c7bcada0b8e888971aefc4c3,M25,0,1.3,13.62
3,c7bcada0b8e888971aefc4c3,M26,0,0.78,12.385
3,c7bcada0b8e888971aefc4c3,M27,0,1.29,15.7
3,c7bcada0b8e888971aefc4c3,M28,0,0.77,13.765
3,c7bcada0b8e888971aefc4c3,M29,0,1.66,15.575
3,c7bcada0b8e888971aefc4c3,M30,0,1.41,9.385
4,91876cd96b4863b74f62ede1,M01,4,5.06,6.845
4,91876cd96b4863b74f62ede1,M02,4,6.32,9.175
4,91876cd96b4863b74f62ede1,M03,4,5.61,9.25
4,91876cd96b4863b74f62ede1,M04,4,5.29,8.44
4,91876cd96b4863b74f62ede1,M05,4,5.11,8.46
4,91876cd96b4863b74f62ede1,M06,4,7.07,11.555
4,91876cd96b4863b74f62ede1,M07,4,7.05,12.545
4,91876cd96b4863b74f62ede1,M08,4,8.27,16.89
4,91876cd96b4863b74f62ede1,M09,4,7.05,15.81
4,91876cd96b4863b74f62ede1,M10,4,10.19,18.53
4,91876cd96b4863b74f62ede1,M11,4,9.08,17.615
4,91876cd96b4863b74f62ede1,M12,4,9.36,23.555
4,91876cd96b4863b74f62ede1,M13,4,10.46,23.13
4,91876cd96b4863b74f62ede1,M14,4,7.3,19.65
4,91876cd96b4863b74f62ede1,M15,4,10.88,23.315
4,91876cd96b4863b74f62ede1,M16,4,15.77,50.515
4,91876cd96b4863b74f62ede1,M17,4,3.5,6.655
4,91876cd96b4863b74f62ede1,M18,4,5.76,9.155
4,91876cd96b4863b74f62ede1,M19,4,4.89,6.985
4,91876cd96b4863b74f62ede1,M20,4,5.68,9.35
4,91876cd96b4863b74f62ede1,M21,4,4.88,6.77
4,91876cd96b4863b74f62ede1,M22,4,8.49,15.23
4,91876cd96b4863b74f62ede1,M23,4,6.48,13.01
4,91876cd96b4863b74f62ede1,M24,4,8.68,15.92
4,91876cd96b4863b74f62ede1,M25,4,9.4,13.5
4,91876cd96b4863b74f62ede1,M26,4,7.2,12.19
4,91876cd96b4863b74f62ede1,M27,4,9.08,15.28
4,91876cd96b4863b74f62ede1,M28,4,7.31,13.34
4,91876cd96b4863b74f62ede1,M29,4,9.04,15.58
4,91876cd96b4863b74f62ede1,M30,4,5.55,9.25
5,f388de2f1532bd2d15000e9e,M01,1,1.85,6.95
5,f388de2f1532bd2d15000e9e,M02,1,1.48,9.36
5,f388de2f1532bd2d15000e9e,M03,1,2.03,9.52
5,f388de2f1532bd2d15000e9e,M04,1,1.62,8.81
5,f388de2f1532bd2d15000e9e,M05,1,1.78,8.8
5,f388de2f1532bd2d15000e9e,M06,1,2.07,11.89
5,f388de2f1532bd2d15000e9e,M07,1,1.99,13
5,f388de2f1532bd2d15000e9e,M08,1,1.37,17.42
5,f388de2f1532bd2d15000e9e,M09,1,1.24,16.18
5,f388de2f1532bd2d15000e9e,M10,1,1.97,18.98
5,f388de2f1532bd2d15000e9e,M11,1,1.76,18.29
5,f388de2f1532bd2d15000e9e,M12,1,1.43,24.62
5,f388de2f1532bd2d15000e9e,M13,1,2.02,24.03
5,f388de2f1532bd2d15000e9e,M14,1,1.12,20.46
5,f388de2f1532bd2d15000e9e,M15,1,2.59,24.48
5,f388de2f1532bd2d15000e9e,M16,1,2.03,51.76
5,f388de2f1532bd2d15000e9e,M17,1,1.21,6.94
5,f388de2f1532bd2d15000e9e,M18,1,1.81,9.46
5,f388de2f1532bd2d15000e9e,M19,1,2.13,7.16
5,f388de2f1532bd2d15000e9e,M20,1,1.35,9.5
5,f388de2f1532bd2d15000e9e,M21,1,2,6.99
5,f388de2f1532bd2d15000e9e,M22,1,1.96,15.84
5,f388de2f1532bd2d15000e9e,M23,1,1.17,13.35
5,f388de2f1532bd2d15000e9e,M24,1,2.38,16.5
5,f388de2f1532bd2d15000e9e,M25,1,2.11,13.75
5,f388de2f1532bd2d15000e9e,M26,1,1.01,12.54
5,f388de2f1532bd2d15000e9e,M27,1,2.17,15.91
5,f388de2f1532bd2d15000e9e,M28,1,0.96,13.91
5,f388de2f1532bd2d15000e9e,M29,1,2.58,15.68
5,f388de2f1532bd2d15000e9e,M30,1,1.78,9.58
6,903e67b4c2f9750d37336ae2,M01,2,1.36,6.88
6,903e67b4c2f9750d37336ae2,M02,2,0.92,9.32
6,903e67b4c2f9750d37336ae2,M03,2,1.36,9.36
6,903e67b4c2f9750d37336ae2,M04,2,1.38,8.58
6,903e67b4c2f9750d37336ae2,M05,2,1.33,8.46
6,903e67b4c2f9750d37336ae2,M06,2,1.42,11.66
6,903e67b4c2f9750d37336ae2,M07,2,1.36,12.81
6,903e67b4c2f9750d37336ae2,M08,2,0.93,16.97
6,903e67b4c2f9750d37336ae2,M09,2,0.93,16.03
6,903e67b4c2f9750d37336ae2,M10,2,1.37,18.71
6,903e67b4c2f9750d37336ae2,M11,2,1.32,17.82
6,903e67b4c2f9750d37336ae2,M12,2,0.92,24
6,903e67b4c2f9750d37336ae2,M13,2,1.38,23.43
6,903e67b4c2f9750d37336ae2,M14,2,0.8,20.18
6,903e67b4c2f9750d37336ae2,M15,2,1.78,23.65
6,903e67b4c2f9750d37336ae2,M16,2,1.39,51.18
6,903e67b4c2f9750d37336ae2,M17,2,0.9,6.73
6,903e67b4c2f9750d37336ae2,M18,2,1.48,9.21
6,903e67b4c2f9750d37336ae2,M19,2,1.38,6.87
6,903e67b4c2f9750d37336ae2,M20,2,0.65,9.15
6,903e67b4c2f9750d37336ae2,M21,2,1.46,6.77
6,903e67b4c2f9750d37336ae2,M22,2,1.27,15.22
6,903e67b4c2f9750d37336ae2,M23,2,0.81,13.01
6,903e67b4c2f9750d37336ae2,M24,2,1.58,15.92
6,903e67b4c2f9750d37336ae2,M25,2,1.52,13.62
6,903e67b4c2f9750d37336ae2,M26,2,0.87,12.34
6,903e67b4c2f9750d37336ae2,M27,2,1.53,15.67
6,903e67b4c2f9750d37336ae2,M28,2,0.84,13.69
6,903e67b4c2f9750d37336ae2,M29,2,2.49,15.58
6,903e67b4c2f9750d37336ae2,M30,2,1.44,9.38
8,d8974ef08904a88379044d8b,M01,1,6.18,6.95
8,d8974ef08904a88379044d8b,M02,1,8.18,9.36
8,d8974ef08904a88379044d8b,M03,1,7.53,9.52
8,d8974ef08904a88379044d8b,M04,1,6.85,8.81
8,d8974ef08904a88379044d8b,M05,1,6.63,8.8
8,d8974ef08904a88379044d8b,M06,1,9.24,11.89
8,d8974ef08904a88379044d8b,M07,1,9.79,13
8,d8974ef08904a88379044d8b,M08,1,13.13,17.42
8,d8974ef08904a88379044d8b,M09,1,11.77,16.18
8,d8974ef08904a88379044d8b,M10,1,15.1,18.98
8,d8974ef08904a88379044d8b,M11,1,13.68,18.29
8,d8974ef08904a88379044d8b,M12,1,16.87,24.62
8,d8974ef08904a88379044d8b,M13,1,16,24.03
8,d8974ef08904a88379044d8b,M14,1,12.63,20.46
8,d8974ef08904a88379044d8b,M15,1,16.74,24.48
8,d8974ef08904a88379044d8b,M16,1,32.21,51.76
8,d8974ef08904a88379044d8b,M17,1,5.37,6.94
8,d8974ef08904a88379044d8b,M18,1,7.44,9.46
8,d8974ef08904a88379044d8b,M19,1,6.26,7.16
8,d8974ef08904a88379044d8b,M20,1,7.91,9.5
8,d8974ef08904a88379044d8b,M21,1,6.07,6.99
8,d8974ef08904a88379044d8b,M22,1,12.46,15.84
8,d8974ef08904a88379044d8b,M23,1,10.15,13.35
8,d8974ef08904a88379044d8b,M24,1,13.01,16.5
8,d8974ef08904a88379044d8b,M25,1,11.99,13.75
8,d8974ef08904a88379044d8b,M26,1,10.21,12.54
8,d8974ef08904a88379044d8b,M27,1,12.15,15.91
8,d8974ef08904a88379044d8b,M28,1,9.88,13.91
8,d8974ef08904a88379044d8b,M29,1,12.38,15.68
8,d8974ef08904a88379044d8b,M30,1,7.55,9.58
12,f924f42d31e9b2b1918efd30,M01,1,3.73,6.95
12,f924f42d31e9b2b1918efd30,M02,1,3.19,9.36
12,f924f42d31e9b2b1918efd30,M03,1,4.13,9.52
12,f924f42d31e9b2b1918efd30,M04,1,3.31,8.81
12,f924f42d31e9b2b1918efd30,M05,1,3.05,8.8
12,f924f42d31e9b2b1918efd30,M06,1,5.25,11.89
12,f924f42d31e9b2b1918efd30,M07,1,4.34,13
12,f924f42d31e9b2b1918efd30,M08,1,3.2,17.42
12,f924f42d31e9b2b1918efd30,M09,1,2.27,16.18
12,f924f42d31e9b2b1918efd30,M10,1,4.62,18.98
12,f924f42d31e9b2b1918efd30,M11,1,3.4,18.29
12,f924f42d31e9b2b1918efd30,M12,1,3.21,24.62
12,f924f42d31e9b2b1918efd30,M13,1,4.85,24.03
12,f924f42d31e9b2b1918efd30,M14,1,2.66,20.46
12,f924f42d31e9b2b1918efd30,M15,1,5.46,24.48
12,f924f42d31e9b2b1918efd30,M16,1,5.09,51.76
12,f924f42d31e9b2b1918efd30,M17,1,1.82,6.94
12,f924f42d31e9b2b1918efd30,M18,1,4.55,9.46
12,f924f42d31e9b2b1918efd30,M19,1,4.18,7.16
12,f924f42d31e9b2b1918efd30,M20,1,4.9,9.5
12,f924f42d31e9b2b1918efd30,M21,1,4.37,6.99
12,f924f42d31e9b2b1918efd30,M22,1,5.85,15.84
12,f924f42d31e9b2b1918efd30,M23,1,3.2,13.35
12,f924f42d31e9b2b1918efd30,M24,1,6.39,16.5
12,f924f42d31e9b2b1918efd30,M25,1,5.63,13.75
12,f924f42d31e9b2b1918efd30,M26,1,3.68,12.54
12,f924f42d31e9b2b1918efd30,M27,1,6.23,15.91
12,f924f42d31e9b2b1918efd30,M28,1,4.18,13.91
12,f924f42d31e9b2b1918efd30,M29,1,6.37,15.68
12,f924f42d31e9b2b1918efd30,M30,1,4.11,9.58
13,cf7268b4f8767d681615d5ad,M01,1,1.27,6.95
13,cf7268b4f8767d681615d5ad,M02,1,0.91,9.36
13,cf7268b4f8767d681615d5ad,M03,1,1.4,9.52
13,cf7268b4f8767d681615d5ad,M04,1,1.33,8.81
13,cf7268b4f8767d681615d5ad,M05,1,1.44,8.8
13,cf7268b4f8767d681615d5ad,M06,1,1.42,11.89
13,cf7268b4f8767d681615d5ad,M07,1,1.37,13
13,cf7268b4f8767d681615d5ad,M08,1,0.91,17.42
13,cf7268b4f8767d681615d5ad,M09,1,0.9,16.18
13,cf7268b4f8767d681615d5ad,M10,1,1.35,18.98
13,cf7268b4f8767d681615d5ad,M11,1,1.32,18.29
13,cf7268b4f8767d681615d5ad,M12,1,0.85,24.62
13,cf7268b4f8767d681615d5ad,M13,1,1.27,24.03
13,cf7268b4f8767d681615d5ad,M14,1,0.75,20.46
13,cf7268b4f8767d681615d5ad,M15,1,1.68,24.48
13,cf7268b4f8767d681615d5ad,M16,1,1.25,51.76
13,cf7268b4f8767d681615d5ad,M17,1,0.9,6.94
13,cf7268b4f8767d681615d5ad,M18,1,1.45,9.46
13,cf7268b4f8767d681615d5ad,M19,1,1.28,7.16
13,cf7268b4f8767d681615d5ad,M20,1,0.65,9.5
13,cf7268b4f8767d681615d5ad,M21,1,1.43,6.99
13,cf7268b4f8767d681615d5ad,M22,1,1.21,15.84
13,cf7268b4f8767d681615d5ad,M23,1,0.77,13.35
13,cf7268b4f8767d681615d5ad,M24,1,1.56,16.5
13,cf7268b4f8767d681615d5ad,M25,1,1.3,13.75
13,cf7268b4f8767d681615d5ad,M26,1,0.78,12.54
13,cf7268b4f8767d681615d5ad,M27,1,1.29,15.91
13,cf7268b4f8767d681615d5ad,M28,1,0.77,13.91
13,cf7268b4f8767d681615d5ad,M29,1,1.64,15.68
13,cf7268b4f8767d681615d5ad,M30,1,1.43,9.58
14,37db2b79f652ee6c5f897d99,M01,3,4.07,6.99
14,37db2b79f652ee6c5f897d99,M02,3,4.8,9.41
14,37db2b79f652ee6c5f897d99,M03,3,4.55,9.67
14,37db2b79f652ee6c5f897d99,M04,3,4.19,8.99
14,37db2b79f652ee6c5f897d99,M05,3,3.9,8.87
14,37db2b79f652ee6c5f897d99,M06,3,5.81,12.11
14,37db2b79f652ee6c5f897d99,M07,3,5.21,13.26
14,37db2b79f652ee6c5f897d99,M08,3,5.4,17.66
14,37db2b79f652ee6c5f897d99,M09,3,3.64,16.64
14,37db2b79f652ee6c5f897d99,M10,3,6.89,19.22
14,37db2b79f652ee6c5f897d99,M11,3,5.14,18.33
14,37db2b79f652ee6c5f897d99,M12,3,5.62,24.98
14,37db2b79f652ee6c5f897d99,M13,3,6.56,24.67
14,37db2b79f652ee6c5f897d99,M14,3,4.31,20.81
14,37db2b79f652ee6c5f897d99,M15,3,6.68,24.93
14,37db2b79f652ee6c5f897d99,M16,3,8.32,52.34
14,37db2b79f652ee6c5f897d99,M17,3,2.17,6.99
14,37db2b79f652ee6c5f897d99,M18,3,4.82,9.6
14,37db2b79f652ee6c5f897d99,M19,3,4.44,7.26
14,37db2b79f652ee6c5f897d99,M20,3,4.88,9.575
14,37db2b79f652ee6c5f897d99,M21,3,4.51,6.985
14,37db2b79f652ee6c5f897d99,M22,3,6.96,16.03
14,37db2b79f652ee6c5f897d99,M23,3,5.03,13.455
14,37db2b79f652ee6c5f897d99,M24,3,7.08,16.74
14,37db2b79f652ee6c5f897d99,M25,3,6.86,13.8
14,37db2b79f652ee6c5f897d99,M26,3,5.19,12.58
14,37db2b79f652ee6c5f897d99,M27,3,7.14,15.98
14,37db2b79f652ee6c5f897d99,M28,3,5.76,14.22
14,37db2b79f652ee6c5f897d99,M29,3,6.92,16.04
14,37db2b79f652ee6c5f897d99,M30,3,4.56,9.75
15,dc48fc379a6c61beca713ed3,M01,3,1.9,6.99
15,dc48fc379a6c61beca713ed3,M02,3,1.75,9.41
15,dc48fc379a6c61beca713ed3,M03,3,2.14,9.67
15,dc48fc379a6c61beca713ed3,M04,3,1.75,8.99
15,dc48fc379a6c61beca713ed3,M05,3,1.85,8.87
15,dc48fc379a6c61beca713ed3,M06,3,2.32,12.11
15,dc48fc379a6c61beca713ed3,M07,3,2.13,13.26
15,dc48fc379a6c61beca713ed3,M08,3,1.55,17.66
15,dc48fc379a6c61beca713ed3,M09,3,1.22,16.64
15,dc48fc379a6c61beca713ed3,M10,3,2.01,19.22
15,dc48fc379a6c61beca713ed3,M11,3,1.81,18.33
15,dc48fc379a6c61beca713ed3,M12,3,1.67,24.98
15,dc48fc379a6c61beca713ed3,M13,3,2.26,24.67
15,dc48fc379a6c61beca713ed3,M14,3,1.29,20.81
15,dc48fc379a6c61beca713ed3,M15,3,2.81,24.93
15,dc48fc379a6c61beca713ed3,M16,3,2.24,52.34
15,dc48fc379a6c61beca713ed3,M17,3,1.34,6.99
15,dc48fc379a6c61beca713ed3,M18,3,1.83,9.6
15,dc48fc379a6c61beca713ed3,M19,3,2.24,7.26
15,dc48fc379a6c61beca713ed3,M20,3,1.43,9.575
15,dc48fc379a6c61beca713ed3,M21,3,1.54,6.985
15,dc48fc379a6c61beca713ed3,M22,3,1.96,16.03
15,dc48fc379a6c61beca713ed3,M23,3,0.88,13.455
15,dc48fc379a6c61beca713ed3,M24,3,2.41,16.74
15,dc48fc379a6c61beca713ed3,M25,3,4.22,13.8
15,dc48fc379a6c61beca713ed3,M26,3,2.32,12.58
15,dc48fc379a6c61beca713ed3,M27,3,4.87,15.98
15,dc48fc379a6c61beca713ed3,M28,3,2.59,14.22
15,dc48fc379a6c61beca713ed3,M29,3,5.42,16.04
15,dc48fc379a6c61beca713ed3,M30,3,2.98,9.75
16,6983229a0e0fe5fb5d401dcc,M01,4,4.92,6.845
16,6983229a0e0fe5fb5d401dcc,M02,4,6.27,9.175
16,6983229a0e0fe5fb5d401dcc,M03,4,5.49,9.25
16,6983229a0e0fe5fb5d401dcc,M04,4,5.24,8.44
16,6983229a0e0fe5fb5d401dcc,M05,4,5.12,8.46
16,6983229a0e0fe5fb5d401dcc,M06,4,6.95,11.555
16,6983229a0e0fe5fb5d401dcc,M07,4,6.92,12.545
16,6983229a0e0fe5fb5d401dcc,M08,4,8.38,16.89
16,6983229a0e0fe5fb5d401dcc,M09,4,7.44,15.81
16,6983229a0e0fe5fb5d401dcc,M10,4,10.19,18.53
16,6983229a0e0fe5fb5d401dcc,M11,4,9.36,17.615
16,6983229a0e0fe5fb5d401dcc,M12,4,9.7,23.555
16,6983229a0e0fe5fb5d401dcc,M13,4,10.44,23.13
16,6983229a0e0fe5fb5d401dcc,M14,4,7.63,19.65
16,6983229a0e0fe5fb5d401dcc,M15,4,10.7,23.315
16,6983229a0e0fe5fb5d401dcc,M16,4,17.04,50.515
16,6983229a0e0fe5fb5d401dcc,M17,4,3.58,6.655
16,6983229a0e0fe5fb5d401dcc,M18,4,5.71,9.155
16,6983229a0e0fe5fb5d401dcc,M19,4,5.07,6.985
16,6983229a0e0fe5fb5d401dcc,M20,4,6.2,9.35
16,6983229a0e0fe5fb5d401dcc,M21,4,5.07,6.77
16,6983229a0e0fe5fb5d401dcc,M22,4,9.38,15.23
16,6983229a0e0fe5fb5d401dcc,M23,4,7.4,13.01
16,6983229a0e0fe5fb5d401dcc,M24,4,9.56,15.92
16,6983229a0e0fe5fb5d401dcc,M25,4,7.16,13.5
16,6983229a0e0fe5fb5d401dcc,M26,4,4.9,12.19
16,6983229a0e0fe5fb5d401dcc,M27,4,7.72,15.28
16,6983229a0e0fe5fb5d401dcc,M28,4,5.69,13.34
16,6983229a0e0fe5fb5d401dcc,M29,4,7.79,15.58
16,6983229a0e0fe5fb5d401dcc,M30,4,4.27,9.25
17,e23aae84b93938a0352fa862,M01,0,4.13,6.91
17,e23aae84b93938a0352fa862,M02,0,4.55,9.32
17,e23aae84b93938a0352fa862,M03,0,4.59,9.36
17,e23aae84b93938a0352fa862,M04,0,4.15,8.59
17,e23aae84b93938a0352fa862,M05,0,3.82,8.47
17,e23aae84b93938a0352fa862,M06,0,5.84,11.77
17,e23aae84b93938a0352fa862,M07,0,5.18,12.83
17,e23aae84b93938a0352fa862,M08,0,4.85,17.14
17,e23aae84b93938a0352fa862,M09,0,3.27,16.05
17,e23aae84b93938a0352fa862,M10,0,6.48,18.74
17,e23aae84b93938a0352fa862,M11,0,4.59,17.84
17,e23aae84b93938a0352fa862,M12,0,4.81,24.05
17,e23aae84b93938a0352fa862,M13,0,6.23,23.48
17,e23aae84b93938a0352fa862,M14,0,3.78,20.22
17,e23aae84b93938a0352fa862,M15,0,6.68,23.9
17,e23aae84b93938a0352fa862,M16,0,7.32,51.31
17,e23aae84b93938a0352fa862,M17,0,2.08,6.83
17,e23aae84b93938a0352fa862,M18,0,4.76,9.32
17,e23aae84b93938a0352fa862,M19,0,4.45,7.09
17,e23aae84b93938a0352fa862,M20,0,4.29,9.53
17,e23aae84b93938a0352fa862,M21,0,4.35,6.95
17,e23aae84b93938a0352fa862,M22,0,5.93,15.84
17,e23aae84b93938a0352fa862,M23,0,3.36,13.31
17,e23aae84b93938a0352fa862,M24,0,6.38,16.53
17,e23aae84b93938a0352fa862,M25,0,6.67,13.62
17,e23aae84b93938a0352fa862,M26,0,4.7,12.385
17,e23aae84b93938a0352fa862,M27,0,7.09,15.7
17,e23aae84b93938a0352fa862,M28,0,5.29,13.765
17,e23aae84b93938a0352fa862,M29,0,7.06,15.575
17,e23aae84b93938a0352fa862,M30,0,4.59,9.385
18,b4fed703cda493a4827fa37b,M01,0,5.92,6.91
18,b4fed703cda493a4827fa37b,M02,0,7.72,9.32
18,b4fed703cda493a4827fa37b,M03,0,6.89,9.36
18,b4fed703cda493a4827fa37b,M04,0,6.43,8.59
18,b4fed703cda493a4827fa37b,M05,0,6.33,8.47
18,b4fed703cda493a4827fa37b,M06,0,8.77,11.77
18,b4fed703cda493a4827fa37b,M07,0,8.98,12.83
18,b4fed703cda493a4827fa37b,M08,0,12.2,17.14
18,b4fed703cda493a4827fa37b,M09,0,11.16,16.05
18,b4fed703cda493a4827fa37b,M10,0,14.08,18.74
18,b4fed703cda493a4827fa37b,M11,0,13.12,17.84
18,b4fed703cda493a4827fa37b,M12,0,15.64,24.05
18,b4fed703cda493a4827fa37b,M13,0,15.35,23.48
18,b4fed703cda493a4827fa37b,M14,0,12.37,20.22
18,b4fed703cda493a4827fa37b,M15,0,15.34,23.9
18,b4fed703cda493a4827fa37b,M16,0,32.02,51.31
18,b4fed703cda493a4827fa37b,M17,0,5.12,6.83
18,b4fed703cda493a4827fa37b,M18,0,6.98,9.32
18,b4fed703cda493a4827fa37b,M19,0,5.56,7.09
18,b4fed703cda493a4827fa37b,M20,0,7.19,9.53
18,b4fed703cda493a4827fa37b,M21,0,5.49,6.95
18,b4fed703cda493a4827fa37b,M22,0,11.04,15.84
18,b4fed703cda493a4827fa37b,M23,0,9.18,13.31
18,b4fed703cda493a4827fa37b,M24,0,11.21,16.53
18,b4fed703cda493a4827fa37b,M25,0,11.62,13.62
18,b4fed703cda493a4827fa37b,M26,0,10,12.385
18,b4fed703cda493a4827fa37b,M27,0,11.66,15.7
18,b4fed703cda493a4827fa37b,M28,0,9.59,13.765
18,b4fed703cda493a4827fa37b,M29,0,11.46,15.575
18,b4fed703cda493a4827fa37b,M30,0,6.93,9.385
19,ac149acd23b05351f726234b,M01,1,3.36,6.95
19,ac149acd23b05351f726234b,M02,1,2.79,9.36
19,ac149acd23b05351f726234b,M03,1,3.88,9.52
19,ac149acd23b05351f726234b,M04,1,3.15,8.81
19,ac149acd23b05351f726234b,M05,1,2.97,8.8
19,ac149acd23b05351f726234b,M06,1,4.73,11.89
19,ac149acd23b05351f726234b,M07,1,3.95,13
19,ac149acd23b05351f726234b,M08,1,2.79,17.42
19,ac149acd23b05351f726234b,M09,1,2.17,16.18
19,ac149acd23b05351f726234b,M10,1,4.01,18.98
19,ac149acd23b05351f726234b,M11,1,3.18,18.29
19,ac149acd23b05351f726234b,M12,1,2.79,24.62
19,ac149acd23b05351f726234b,M13,1,4.47,24.03
19,ac149acd23b05351f726234b,M14,1,2.43,20.46
19,ac149acd23b05351f726234b,M15,1,4.96,24.48
19,ac149acd23b05351f726234b,M16,1,4.61,51.76
19,ac149acd23b05351f726234b,M17,1,1.78,6.94
19,ac149acd23b05351f726234b,M18,1,4.5,9.46
19,ac149acd23b05351f726234b,M19,1,3.79,7.16
19,ac149acd23b05351f726234b,M20,1,3.8,9.5
19,ac149acd23b05351f726234b,M21,1,4.17,6.99
19,ac149acd23b05351f726234b,M22,1,4.32,15.84
19,ac149acd23b05351f726234b,M23,1,2.19,13.35
19,ac149acd23b05351f726234b,M24,1,5.36,16.5
19,ac149acd23b05351f726234b,M25,1,5.27,13.75
19,ac149acd23b05351f726234b,M26,1,3.39,12.54
19,ac149acd23b05351f726234b,M27,1,5.97,15.91
19,ac149acd23b05351f726234b,M28,1,3.95,13.91
19,ac149acd23b05351f726234b,M29,1,6.06,15.68
19,ac149acd23b05351f726234b,M30,1,3.2,9.58
20,2e969e332007bc99ca627155,M01,4,1.36,6.845
20,2e969e332007bc99ca627155,M02,4,0.93,9.175
20,2e969e332007bc99ca627155,M03,4,1.38,9.25
20,2e969e332007bc99ca627155,M04,4,1.38,8.44
20,2e969e332007bc99ca627155,M05,4,1.32,8.46
20,2e969e332007bc99ca627155,M06,4,1.44,11.555
20,2e969e332007bc99ca627155,M07,4,1.38,12.545
20,2e969e332007bc99ca627155,M08,4,0.92,16.89
20,2e969e332007bc99ca627155,M09,4,0.93,15.81
20,2e969e332007bc99ca627155,M10,4,1.37,18.53
20,2e969e332007bc99ca627155,M11,4,1.33,17.615
20,2e969e332007bc99ca627155,M12,4,0.93,23.555
20,2e969e332007bc99ca627155,M13,4,1.27,23.13
20,2e969e332007bc99ca627155,M14,4,0.75,19.65
20,2e969e332007bc99ca627155,M15,4,1.6,23.315
20,2e969e332007bc99ca627155,M16,4,1.25,50.515
20,2e969e332007bc99ca627155,M17,4,0.92,6.655
20,2e969e332007bc99ca627155,M18,4,1.48,9.155
20,2e969e332007bc99ca627155,M19,4,1.39,6.985
20,2e969e332007bc99ca627155,M20,4,0.68,9.35
20,2e969e332007bc99ca627155,M21,4,1.47,6.77
20,2e969e332007bc99ca627155,M22,4,1.27,15.23
20,2e969e332007bc99ca627155,M23,4,0.77,13.01
20,2e969e332007bc99ca627155,M24,4,1.63,15.92
20,2e969e332007bc99ca627155,M25,4,5.16,13.5
20,2e969e332007bc99ca627155,M26,4,3.17,12.19
20,2e969e332007bc99ca627155,M27,4,5.88,15.28
20,2e969e332007bc99ca627155,M28,4,3.83,13.34
20,2e969e332007bc99ca627155,M29,4,4.89,15.58
20,2e969e332007bc99ca627155,M30,4,2.44,9.25
21,f3235c534d97f6bc0f007674,M01,4,7.56,6.845
21,f3235c534d97f6bc0f007674,M02,4,9.96,9.175
21,f3235c534d97f6bc0f007674,M03,4,10.42,9.25
21,f3235c534d97f6bc0f007674,M04,4,9.41,8.44
21,f3235c534d97f6bc0f007674,M05,4,9.45,8.46
21,f3235c534d97f6bc0f007674,M06,4,13,11.555
21,f3235c534d97f6bc0f007674,M07,4,14.14,12.545
21,f3235c534d97f6bc0f007674,M08,4,18.44,16.89
21,f3235c534d97f6bc0f007674,M09,4,16.96,15.81
21,f3235c534d97f6bc0f007674,M10,4,20.28,18.53
21,f3235c534d97f6bc0f007674,M11,4,19.12,17.615
21,f3235c534d97f6bc0f007674,M12,4,25.84,23.555
21,f3235c534d97f6bc0f007674,M13,4,26.01,23.13
21,f3235c534d97f6bc0f007674,M14,4,21.9,19.65
21,f3235c534d97f6bc0f007674,M15,4,26.48,23.315
21,f3235c534d97f6bc0f007674,M16,4,53.73,50.515
21,f3235c534d97f6bc0f007674,M17,4,7.33,6.655
21,f3235c534d97f6bc0f007674,M18,4,9.98,9.155
21,f3235c534d97f6bc0f007674,M19,4,8.69,6.985
21,f3235c534d97f6bc0f007674,M20,4,10.71,9.35
21,f3235c534d97f6bc0f007674,M21,4,8,6.77
21,f3235c534d97f6bc0f007674,M22,4,19.09,15.23
21,f3235c534d97f6bc0f007674,M23,4,15.69,13.01
21,f3235c534d97f6bc0f007674,M24,4,19.99,15.92
21,f3235c534d97f6bc0f007674,M25,4,14.48,13.5
21,f3235c534d97f6bc0f007674,M26,4,12.99,12.19
21,f3235c534d97f6bc0f007674,M27,4,16.89,15.28
21,f3235c534d97f6bc0f007674,M28,4,14.59,13.34
21,f3235c534d97f6bc0f007674,M29,4,16.97,15.58
21,f3235c534d97f6bc0f007674,M30,4,10.46,9.25
23,8742336b8c952dfbe6485e45,M01,4,6.74,6.845
23,8742336b8c952dfbe6485e45,M02,4,8.97,9.175
23,8742336b8c952dfbe6485e45,M03,4,8.72,9.25
23,8742336b8c952dfbe6485e45,M04,4,8.05,8.44
23,8742336b8c952dfbe6485e45,M05,4,7.99,8.46
23,8742336b8c952dfbe6485e45,M06,4,10.99,11.555
23,8742336b8c952dfbe6485e45,M07,4,11.69,12.545
23,8742336b8c952dfbe6485e45,M08,4,15.81,16.89
23,8742336b8c952dfbe6485e45,M09,4,14.69,15.81
23,8742336b8c952dfbe6485e45,M10,4,17.59,18.53
23,8742336b8c952dfbe6485e45,M11,4,16.76,17.615
23,8742336b8c952dfbe6485e45,M12,4,21.59,23.555
23,8742336b8c952dfbe6485e45,M13,4,21.04,23.13
23,8742336b8c952dfbe6485e45,M14,4,17.33,19.65
23,8742336b8c952dfbe6485e45,M15,4,21.47,23.315
23,8742336b8c952dfbe6485e45,M16,4,46.65,50.515
23,8742336b8c952dfbe6485e45,M17,4,6.41,6.655
23,8742336b8c952dfbe6485e45,M18,4,8.66,9.155
23,8742336b8c952dfbe6485e45,M19,4,7.26,6.985
23,8742336b8c952dfbe6485e45,M20,4,9.53,9.35
23,8742336b8c952dfbe6485e45,M21,4,7.02,6.77
23,8742336b8c952dfbe6485e45,M22,4,15.98,15.23
23,8742336b8c952dfbe6485e45,M23,4,13.25,13.01
23,8742336b8c952dfbe6485e45,M24,4,16.5,15.92
23,8742336b8c952dfbe6485e45,M25,4,13.2,13.5
23,8742336b8c952dfbe6485e45,M26,4,11.77,12.19
23,8742336b8c952dfbe6485e45,M27,4,14.5,15.28
23,8742336b8c952dfbe6485e45,M28,4,12.31,13.34
23,8742336b8c952dfbe6485e45,M29,4,14.54,15.58
23,8742336b8c952dfbe6485e45,M30,4,8.75,9.25
24,e7732197de6d851c1ed1bd48,M25,4,12.53,13.5
24,e7732197de6d851c1ed1bd48,M26,4,11.11,12.19
24,e7732197de6d851c1ed1bd48,M27,4,13.27,15.28
24,e7732197de6d851c1ed1bd48,M28,4,11.26,13.34
24,e7732197de6d851c1ed1bd48,M29,4,13.1,15.58
24,e7732197de6d851c1ed1bd48,M30,4,7.87,9.25
25,a36f54566b3e72a686c53426,M01,2,1.27,6.88
25,a36f54566b3e72a686c53426,M02,2,0.9,9.32
25,a36f54566b3e72a686c53426,M03,2,1.35,9.36
25,a36f54566b3e72a686c53426,M04,2,1.36,8.58
25,a36f54566b3e72a686c53426,M05,2,1.35,8.46
25,a36f54566b3e72a686c53426,M06,2,1.43,11.66
25,a36f54566b3e72a686c53426,M07,2,1.35,12.81
25,a36f54566b3e72a686c53426,M08,2,0.9,16.97
25,a36f54566b3e72a686c53426,M09,2,0.91,16.03
25,a36f54566b3e72a686c53426,M10,2,1.35,18.71
25,a36f54566b3e72a686c53426,M11,2,1.32,17.82
25,a36f54566b3e72a686c53426,M12,2,0.9,24
25,a36f54566b3e72a686c53426,M13,2,1.27,23.43
25,a36f54566b3e72a686c53426,M14,2,0.75,20.18
25,a36f54566b3e72a686c53426,M15,2,1.6,23.65
25,a36f54566b3e72a686c53426,M16,2,1.25,51.18
25,a36f54566b3e72a686c53426,M17,2,0.9,6.73
25,a36f54566b3e72a686c53426,M18,2,1.44,9.21
25,a36f54566b3e72a686c53426,M19,2,1.36,6.87
25,a36f54566b3e72a686c53426,M20,2,0.59,9.15
25,a36f54566b3e72a686c53426,M21,2,1.4,6.77
25,a36f54566b3e72a686c53426,M22,2,1.23,15.22
25,a36f54566b3e72a686c53426,M23,2,0.75,13.01
25,a36f54566b3e72a686c53426,M24,2,1.56,15.92
25,a36f54566b3e72a686c53426,M25,2,3.54,13.62
25,a36f54566b3e72a686c53426,M26,2,2.02,12.34
25,a36f54566b3e72a686c53426,M27,2,3.76,15.67
25,a36f54566b3e72a686c53426,M28,2,2.17,13.69
25,a36f54566b3e72a686c53426,M29,2,4.98,15.58
25,a36f54566b3e72a686c53426,M30,2,2.55,9.38
26,27c58396e87680d42d13063f,M01,1,6.01,6.95
26,27c58396e87680d42d13063f,M02,1,7.68,9.36
26,27c58396e87680d42d13063f,M03,1,6.93,9.52
26,27c58396e87680d42d13063f,M04,1,6.17,8.81
26,27c58396e87680d42d13063f,M05,1,6.13,8.8
26,27c58396e87680d42d13063f,M06,1,8.8,11.89
26,27c58396e87680d42d13063f,M07,1,8.87,13
26,27c58396e87680d42d13063f,M08,1,11.64,17.42
26,27c58396e87680d42d13063f,M09,1,9.77,16.18
26,27c58396e87680d42d13063f,M10,1,13.65,18.98
26,27c58396e87680d42d13063f,M11,1,12.19,18.29
26,27c58396e87680d42d13063f,M12,1,14.43,24.62
26,27c58396e87680d42d13063f,M13,1,14.56,24.03
26,27c58396e87680d42d13063f,M14,1,11.23,20.46
26,27c58396e87680d42d13063f,M15,1,14.69,24.48
26,27c58396e87680d42d13063f,M16,1,27.4,51.76
26,27c58396e87680d42d13063f,M17,1,3.25,6.94
26,27c58396e87680d42d13063f,M18,1,5.6,9.46
26,27c58396e87680d42d13063f,M19,1,5.33,7.16
26,27c58396e87680d42d13063f,M20,1,5.24,9.5
26,27c58396e87680d42d13063f,M21,1,4.48,6.99
26,27c58396e87680d42d13063f,M22,1,7.46,15.84
26,27c58396e87680d42d13063f,M23,1,6.34,13.35
26,27c58396e87680d42d13063f,M24,1,7.26,16.5
26,27c58396e87680d42d13063f,M25,1,12.08,13.75
26,27c58396e87680d42d13063f,M26,1,10.36,12.54
26,27c58396e87680d42d13063f,M27,1,12.32,15.91
26,27c58396e87680d42d13063f,M28,1,10.07,13.91
26,27c58396e87680d42d13063f,M29,1,12.16,15.68
26,27c58396e87680d42d13063f,M30,1,7.37,9.58
27,76c4529644e0b71c67b057ff,M25,0,15.65,13.62
27,76c4529644e0b71c67b057ff,M26,0,14.42,12.385
27,76c4529644e0b71c67b057ff,M27,0,19.69,15.7
27,76c4529644e0b71c67b057ff,M28,0,17.86,13.765
27,76c4529644e0b71c67b057ff,M29,0,19.79,15.575
27,76c4529644e0b71c67b057ff,M30,0,12.54,9.385
28,8efe873c7ea952bb6b580341,M01,1,5.49,6.95
28,8efe873c7ea952bb6b580341,M02,1,7.2,9.36
28,8efe873c7ea952bb6b580341,M03,1,6.27,9.52
28,8efe873c7ea952bb6b580341,M04,1,5.8,8.81
28,8efe873c7ea952bb6b580341,M05,1,5.65,8.8
28,8efe873c7ea952bb6b580341,M06,1,7.93,11.89
28,8efe873c7ea952bb6b580341,M07,1,8.08,13
28,8efe873c7ea952bb6b580341,M08,1,10.85,17.42
28,8efe873c7ea952bb6b580341,M09,1,9.55,16.18
28,8efe873c7ea952bb6b580341,M10,1,12.65,18.98
28,8efe873c7ea952bb6b580341,M11,1,11.52,18.29
28,8efe873c7ea952bb6b580341,M12,1,13.51,24.62
28,8efe873c7ea952bb6b580341,M13,1,13.34,24.03
28,8efe873c7ea952bb6b580341,M14,1,10.44,20.46
28,8efe873c7ea952bb6b580341,M15,1,13.56,24.48
28,8efe873c7ea952bb6b580341,M16,1,25.79,51.76
28,8efe873c7ea952bb6b580341,M17,1,4.31,6.94
28,8efe873c7ea952bb6b580341,M18,1,6.32,9.46
28,8efe873c7ea952bb6b580341,M19,1,5.31,7.16
28,8efe873c7ea952bb6b580341,M20,1,7.01,9.5
28,8efe873c7ea952bb6b580341,M21,1,5.29,6.99
28,8efe873c7ea952bb6b580341,M22,1,10.68,15.84
28,8efe873c7ea952bb6b580341,M23,1,8.87,13.35
28,8efe873c7ea952bb6b580341,M24,1,10.75,16.5
28,8efe873c7ea952bb6b580341,M25,1,10.8,13.75
28,8efe873c7ea952bb6b580341,M26,1,9.05,12.54
28,8efe873c7ea952bb6b580341,M27,1,10.46,15.91
28,8efe873c7ea952bb6b580341,M28,1,8.58,13.91
28,8efe873c7ea952bb6b580341,M29,1,10.34,15.68
28,8efe873c7ea952bb6b580341,M30,1,6.28,9.58
29,e863ae07267316f831b4c0a3,M01,0,6.27,6.91
29,e863ae07267316f831b4c0a3,M02,0,8.27,9.32
29,e863ae07267316f831b4c0a3,M03,0,7.64,9.36
29,e863ae07267316f831b4c0a3,M04,0,7,8.59
29,e863ae07267316f831b4c0a3,M05,0,6.97,8.47
29,e863ae07267316f831b4c0a3,M06,0,9.69,11.77
29,e863ae07267316f831b4c0a3,M07,0,10.05,12.83
29,e863ae07267316f831b4c0a3,M08,0,13.78,17.14
29,e863ae07267316f831b4c0a3,M09,0,12.58,16.05
29,e863ae07267316f831b4c0a3,M10,0,15.62,18.74
29,e863ae07267316f831b4c0a3,M11,0,14.68,17.84
29,e863ae07267316f831b4c0a3,M12,0,18.26,24.05
29,e863ae07267316f831b4c0a3,M13,0,17.68,23.48
29,e863ae07267316f831b4c0a3,M14,0,14.34,20.22
29,e863ae07267316f831b4c0a3,M15,0,17.83,23.9
29,e863ae07267316f831b4c0a3,M16,0,38.9,51.31
29,e863ae07267316f831b4c0a3,M17,0,5.63,6.83
29,e863ae07267316f831b4c0a3,M18,0,7.61,9.32
29,e863ae07267316f831b4c0a3,M19,0,6.5,7.09
29,e863ae07267316f831b4c0a3,M20,0,8.66,9.53
29,e863ae07267316f831b4c0a3,M21,0,6.35,6.95
29,e863ae07267316f831b4c0a3,M22,0,13.9,15.84
29,e863ae07267316f831b4c0a3,M23,0,11.55,13.31
29,e863ae07267316f831b4c0a3,M24,0,14.28,16.53
29,e863ae07267316f831b4c0a3,M25,0,12.36,13.62
29,e863ae07267316f831b4c0a3,M26,0,10.8,12.385
29,e863ae07267316f831b4c0a3,M27,0,12.88,15.7
29,e863ae07267316f831b4c0a3,M28,0,10.71,13.765
29,e863ae07267316f831b4c0a3,M29,0,12.75,15.575
29,e863ae07267316f831b4c0a3,M30,0,7.66,9.385
31,87bd4c8586b4b78f83e43895,M01,0,5.14,6.91
31,87bd4c8586b4b78f83e43895,M02,0,6.63,9.32
31,87bd4c8586b4b78f83e43895,M03,0,6.09,9.36
31,87bd4c8586b4b78f83e43895,M04,0,5.48,8.59
31,87bd4c8586b4b78f83e43895,M05,0,5.27,8.47
31,87bd4c8586b4b78f83e43895,M06,0,7.11,11.77
31,87bd4c8586b4b78f83e43895,M07,0,7.64,12.83
31,87bd4c8586b4b78f83e43895,M08,0,8.38,17.14
31,87bd4c8586b4b78f83e43895,M09,0,6.26,16.05
31,87bd4c8586b4b78f83e43895,M10,0,10.92,18.74
31,87bd4c8586b4b78f83e43895,M11,0,8.62,17.84
31,87bd4c8586b4b78f83e43895,M12,0,9.09,24.05
31,87bd4c8586b4b78f83e43895,M13,0,7.9,23.48
31,87bd4c8586b4b78f83e43895,M14,0,7.85,20.22
31,87bd4c8586b4b78f83e43895,M15,0,6.17,23.9
31,87bd4c8586b4b78f83e43895,M16,0,12.51,51.31
31,87bd4c8586b4b78f83e43895,M17,0,3.87,6.83
31,87bd4c8586b4b78f83e43895,M18,0,6.03,9.32
31,87bd4c8586b4b78f83e43895,M19,0,5.01,7.09
31,87bd4c8586b4b78f83e43895,M20,0,6.06,9.53
31,87bd4c8586b4b78f83e43895,M21,0,5.05,6.95
31,87bd4c8586b4b78f83e43895,M22,0,9.31,15.84
31,87bd4c8586b4b78f83e43895,M23,0,6.95,13.31
31,87bd4c8586b4b78f83e43895,M24,0,9.92,16.53
31,87bd4c8586b4b78f83e43895,M25,0,8.81,13.62
31,87bd4c8586b4b78f83e43895,M26,0,6.03,12.385
31,87bd4c8586b4b78f83e43895,M27,0,8.64,15.7
31,87bd4c8586b4b78f83e43895,M28,0,6.37,13.765
31,87bd4c8586b4b78f83e43895,M29,0,9.51,15.575
31,87bd4c8586b4b78f83e43895,M30,0,5.4,9.385
32,1db51764879da07a9a804f89,M01,3,3.62,6.99
32,1db51764879da07a9a804f89,M02,3,3.04,9.41
32,1db51764879da07a9a804f89,M03,3,4.02,9.67
32,1db51764879da07a9a804f89,M04,3,3.21,8.99
32,1db51764879da07a9a804f89,M05,3,2.76,8.87
32,1db51764879da07a9a804f89,M06,3,5.05,12.11
32,1db51764879da07a9a804f89,M07,3,4.19,13.26
32,1db51764879da07a9a804f89,M08,3,3.05,17.66
32,1db51764879da07a9a804f89,M09,3,2.21,16.64
32,1db51764879da07a9a804f89,M10,3,4.38,19.22
32,1db51764879da07a9a804f89,M11,3,3.12,18.33
32,1db51764879da07a9a804f89,M12,3,3,24.98
32,1db51764879da07a9a804f89,M13,3,4.75,24.67
32,1db51764879da07a9a804f89,M14,3,2.61,20.81
32,1db51764879da07a9a804f89,M15,3,5.23,24.93
32,1db51764879da07a9a804f89,M16,3,5.02,52.34
32,1db51764879da07a9a804f89,M17,3,1.72,6.99
32,1db51764879da07a9a804f89,M18,3,4.5,9.6
32,1db51764879da07a9a804f89,M19,3,4.23,7.26
32,1db51764879da07a9a804f89,M20,3,4.49,9.575
32,1db51764879da07a9a804f89,M21,3,4.45,6.985
32,1db51764879da07a9a804f89,M22,3,6.56,16.03
32,1db51764879da07a9a804f89,M23,3,3.92,13.455
32,1db51764879da07a9a804f89,M24,3,6.98,16.74
32,1db51764879da07a9a804f89,M25,3,1.43,13.8
32,1db51764879da07a9a804f89,M26,3,0.84,12.58
32,1db51764879da07a9a804f89,M27,3,1.74,15.98
32,1db51764879da07a9a804f89,M28,3,0.85,14.22
32,1db51764879da07a9a804f89,M29,3,2.62,16.04
32,1db51764879da07a9a804f89,M30,3,1.46,9.75
33,267de3c8ac980a5b10b9c703,M01,2,1.74,6.88
33,267de3c8ac980a5b10b9c703,M02,2,1.33,9.32
33,267de3c8ac980a5b10b9c703,M03,2,1.96,9.36
33,267de3c8ac980a5b10b9c703,M04,2,1.46,8.58
33,267de3c8ac980a5b10b9c703,M05,2,1.73,8.46
33,267de3c8ac980a5b10b9c703,M06,2,2.11,11.66
33,267de3c8ac980a5b10b9c703,M07,2,1.97,12.81
33,267de3c8ac980a5b10b9c703,M08,2,1.34,16.97
33,267de3c8ac980a5b10b9c703,M09,2,1.21,16.03
33,267de3c8ac980a5b10b9c703,M10,2,1.97,18.71
33,267de3c8ac980a5b10b9c703,M11,2,1.84,17.82
33,267de3c8ac980a5b10b9c703,M12,2,1.33,24
33,267de3c8ac980a5b10b9c703,M13,2,1.93,23.43
33,267de3c8ac980a5b10b9c703,M14,2,0.98,20.18
33,267de3c8ac980a5b10b9c703,M15,2,2.67,23.65
33,267de3c8ac980a5b10b9c703,M16,2,1.91,51.18
33,267de3c8ac980a5b10b9c703,M17,2,0.94,6.73
33,267de3c8ac980a5b10b9c703,M18,2,1.7,9.21
33,267de3c8ac980a5b10b9c703,M19,2,2.04,6.87
33,267de3c8ac980a5b10b9c703,M20,2,1.24,9.15
33,267de3c8ac980a5b10b9c703,M21,2,1.6,6.77
33,267de3c8ac980a5b10b9c703,M22,2,1.75,15.22
33,267de3c8ac980a5b10b9c703,M23,2,0.95,13.01
33,267de3c8ac980a5b10b9c703,M24,2,3.22,15.92
33,267de3c8ac980a5b10b9c703,M25,2,2.36,13.62
33,267de3c8ac980a5b10b9c703,M26,2,1.06,12.34
33,267de3c8ac980a5b10b9c703,M27,2,2.51,15.67
33,267de3c8ac980a5b10b9c703,M28,2,1.03,13.69
33,267de3c8ac980a5b10b9c703,M29,2,3.92,15.58
33,267de3c8ac980a5b10b9c703,M30,2,1.98,9.38
34,3577ec1a80f55e1baa422693,M01,4,6.42,6.845
34,3577ec1a80f55e1baa422693,M02,4,8.38,9.175
34,3577ec1a80f55e1baa422693,M03,4,7.8,9.25
34,3577ec1a80f55e1baa422693,M04,4,7.03,8.44
34,3577ec1a80f55e1baa422693,M05,4,6.99,8.46
34,3577ec1a80f55e1baa422693,M06,4,9.95,11.555
34,3577ec1a80f55e1baa422693,M07,4,10.21,12.545
34,3577ec1a80f55e1baa422693,M08,4,13.69,16.89
34,3577ec1a80f55e1baa422693,M09,4,12.17,15.81
34,3577ec1a80f55e1baa422693,M10,4,15.68,18.53
34,3577ec1a80f55e1baa422693,M11,4,14.53,17.615
34,3577ec1a80f55e1baa422693,M12,4,17.81,23.555
34,3577ec1a80f55e1baa422693,M13,4,17.66,23.13
34,3577ec1a80f55e1baa422693,M14,4,14.02,19.65
34,3577ec1a80f55e1baa422693,M15,4,17.95,23.315
34,3577ec1a80f55e1baa422693,M16,4,37.06,50.515
34,3577ec1a80f55e1baa422693,M17,4,5.56,6.655
34,3577ec1a80f55e1baa422693,M18,4,7.62,9.155
34,3577ec1a80f55e1baa422693,M19,4,6.43,6.985
34,3577ec1a80f55e1baa422693,M20,4,8.4,9.35
34,3577ec1a80f55e1baa422693,M21,4,6.19,6.77
34,3577ec1a80f55e1baa422693,M22,4,13.42,15.23
34,3577ec1a80f55e1baa422693,M23,4,11.06,13.01
34,3577ec1a80f55e1baa422693,M24,4,13.78,15.92
34,3577ec1a80f55e1baa422693,M25,4,12.52,13.5
34,3577ec1a80f55e1baa422693,M26,4,10.8,12.19
34,3577ec1a80f55e1baa422693,M27,4,13.05,15.28
34,3577ec1a80f55e1baa422693,M28,4,10.71,13.34
34,3577ec1a80f55e1baa422693,M29,4,13.04,15.58
34,3577ec1a80f55e1baa422693,M30,4,7.81,9.25
35,81b5b6388a6be51a7a64d27f,M01,2,8.18,6.88
35,81b5b6388a6be51a7a64d27f,M02,2,10.78,9.32
35,81b5b6388a6be51a7a64d27f,M03,2,12.1,9.36
35,81b5b6388a6be51a7a64d27f,M04,2,11.04,8.58
35,81b5b6388a6be51a7a64d27f,M05,2,11.19,8.46
35,81b5b6388a6be51a7a64d27f,M06,2,14.89,11.66
35,81b5b6388a6be51a7a64d27f,M07,2,16.75,12.81
35,81b5b6388a6be51a7a64d27f,M08,2,21.09,16.97
35,81b5b6388a6be51a7a64d27f,M09,2,19.61,16.03
35,81b5b6388a6be51a7a64d27f,M10,2,22.78,18.71
35,81b5b6388a6be51a7a64d27f,M11,2,21.73,17.82
35,81b5b6388a6be51a7a64d27f,M12,2,30.42,24
35,81b5b6388a6be51a7a64d27f,M13,2,31.54,23.43
35,81b5b6388a6be51a7a64d27f,M14,2,27.74,20.18
35,81b5b6388a6be51a7a64d27f,M15,2,31.95,23.65
35,81b5b6388a6be51a7a64d27f,M16,2,60.35,51.18
35,81b5b6388a6be51a7a64d27f,M17,2,8.28,6.73
35,81b5b6388a6be51a7a64d27f,M18,2,11.5,9.21
35,81b5b6388a6be51a7a64d27f,M19,2,10.73,6.87
35,81b5b6388a6be51a7a64d27f,M20,2,12.57,9.15
35,81b5b6388a6be51a7a64d27f,M21,2,9.05,6.77
35,81b5b6388a6be51a7a64d27f,M22,2,24.68,15.22
35,81b5b6388a6be51a7a64d27f,M23,2,19.35,13.01
35,81b5b6388a6be51a7a64d27f,M24,2,25.7,15.92
35,81b5b6388a6be51a7a64d27f,M25,2,15.5,13.62
35,81b5b6388a6be51a7a64d27f,M26,2,14.14,12.34
35,81b5b6388a6be51a7a64d27f,M27,2,19.16,15.67
35,81b5b6388a6be51a7a64d27f,M28,2,17.06,13.69
35,81b5b6388a6be51a7a64d27f,M29,2,17.93,15.58
35,81b5b6388a6be51a7a64d27f,M30,2,12.15,9.38
37,7e22cb18273d1125b6e9f516,M01,4,3.7,6.845
37,7e22cb18273d1125b6e9f516,M02,4,3.63,9.175
37,7e22cb18273d1125b6e9f516,M03,4,4.22,9.25
37,7e22cb18273d1125b6e9f516,M04,4,3.74,8.44
37,7e22cb18273d1125b6e9f516,M05,4,3.49,8.46
37,7e22cb18273d1125b6e9f516,M06,4,5.33,11.555
37,7e22cb18273d1125b6e9f516,M07,4,4.42,12.545
37,7e22cb18273d1125b6e9f516,M08,4,3.68,16.89
37,7e22cb18273d1125b6e9f516,M09,4,2.42,15.81
37,7e22cb18273d1125b6e9f516,M10,4,4.87,18.53
37,7e22cb18273d1125b6e9f516,M11,4,3.6,17.615
37,7e22cb18273d1125b6e9f516,M12,4,3.48,23.555
37,7e22cb18273d1125b6e9f516,M13,4,5.14,23.13
37,7e22cb18273d1125b6e9f516,M14,4,3,19.65
37,7e22cb18273d1125b6e9f516,M15,4,5.55,23.315
37,7e22cb18273d1125b6e9f516,M16,4,5.64,50.515
37,7e22cb18273d1125b6e9f516,M17,4,1.83,6.655
37,7e22cb18273d1125b6e9f516,M18,4,4.55,9.155
37,7e22cb18273d1125b6e9f516,M19,4,4.17,6.985
37,7e22cb18273d1125b6e9f516,M20,4,4.17,9.35
37,7e22cb18273d1125b6e9f516,M21,4,4.22,6.77
37,7e22cb18273d1125b6e9f516,M22,4,5.28,15.23
37,7e22cb18273d1125b6e9f516,M23,4,2.76,13.01
37,7e22cb18273d1125b6e9f516,M24,4,5.74,15.92
37,7e22cb18273d1125b6e9f516,M25,4,2.69,13.5
37,7e22cb18273d1125b6e9f516,M26,4,1.53,12.19
37,7e22cb18273d1125b6e9f516,M27,4,2.92,15.28
37,7e22cb18273d1125b6e9f516,M28,4,1.66,13.34
37,7e22cb18273d1125b6e9f516,M29,4,4.44,15.58
37,7e22cb18273d1125b6e9f516,M30,4,2.17,9.25
38,025d82d93173ecb6ae20cb79,M25,4,16.44,13.5
38,025d82d93173ecb6ae20cb79,M26,4,15.17,12.19
38,025d82d93173ecb6ae20cb79,M27,4,21.16,15.28
38,025d82d93173ecb6ae20cb79,M28,4,19.39,13.34
38,025d82d93173ecb6ae20cb79,M29,4,20.03,15.58
38,025d82d93173ecb6ae20cb79,M30,4,13.74,9.25
39,32b4a6a7cbc6bc4e42d3e216,M01,2,6.22,6.88
39,32b4a6a7cbc6bc4e42d3e216,M02,2,8.27,9.32
39,32b4a6a7cbc6bc4e42d3e216,M03,2,7.65,9.36
39,32b4a6a7cbc6bc4e42d3e216,M04,2,7.08,8.58
39,32b4a6a7cbc6bc4e42d3e216,M05,2,6.96,8.46
39,32b4a6a7cbc6bc4e42d3e216,M06,2,9.58,11.66
39,32b4a6a7cbc6bc4e42d3e216,M07,2,10.06,12.81
39,32b4a6a7cbc6bc4e42d3e216,M08,2,13.73,16.97
39,32b4a6a7cbc6bc4e42d3e216,M09,2,12.64,16.03
39,32b4a6a7cbc6bc4e42d3e216,M10,2,15.6,18.71
39,32b4a6a7cbc6bc4e42d3e216,M11,2,14.67,17.82
39,32b4a6a7cbc6bc4e42d3e216,M12,2,18.07,24
39,32b4a6a7cbc6bc4e42d3e216,M13,2,17.28,23.43
39,32b4a6a7cbc6bc4e42d3e216,M14,2,13.98,20.18
39,32b4a6a7cbc6bc4e42d3e216,M15,2,17.79,23.65
39,32b4a6a7cbc6bc4e42d3e216,M16,2,37.17,51.18
39,32b4a6a7cbc6bc4e42d3e216,M17,2,5.66,6.73
39,32b4a6a7cbc6bc4e42d3e216,M18,2,7.69,9.21
39,32b4a6a7cbc6bc4e42d3e216,M19,2,6.25,6.87
39,32b4a6a7cbc6bc4e42d3e216,M20,2,8.27,9.15
39,32b4a6a7cbc6bc4e42d3e216,M21,2,6.14,6.77
39,32b4a6a7cbc6bc4e42d3e216,M22,2,13.09,15.22
39,32b4a6a7cbc6bc4e42d3e216,M23,2,10.93,13.01
39,32b4a6a7cbc6bc4e42d3e216,M24,2,13.48,15.92
39,32b4a6a7cbc6bc4e42d3e216,M25,2,12.25,13.62
39,32b4a6a7cbc6bc4e42d3e216,M26,2,10.71,12.34
39,32b4a6a7cbc6bc4e42d3e216,M27,2,12.7,15.67
39,32b4a6a7cbc6bc4e42d3e216,M28,2,10.54,13.69
39,32b4a6a7cbc6bc4e42d3e216,M29,2,12.77,15.58
39,32b4a6a7cbc6bc4e42d3e216,M30,2,7.67,9.38
40,be488e74b9d5fd8fc60a7d96,M01,2,4.65,6.88
40,be488e74b9d5fd8fc60a7d96,M02,2,6.02,9.32
40,be488e74b9d5fd8fc60a7d96,M03,2,5.23,9.36
40,be488e74b9d5fd8fc60a7d96,M04,2,5.01,8.58
40,be488e74b9d5fd8fc60a7d96,M05,2,4.88,8.46
40,be488e74b9d5fd8fc60a7d96,M06,2,6.63,11.66
40,be488e74b9d5fd8fc60a7d96,M07,2,6.58,12.81
40,be488e74b9d5fd8fc60a7d96,M08,2,8.1,16.97
40,be488e74b9d5fd8fc60a7d96,M09,2,7.15,16.03
40,be488e74b9d5fd8fc60a7d96,M10,2,9.7,18.71
40,be488e74b9d5fd8fc60a7d96,M11,2,8.77,17.82
40,be488e74b9d5fd8fc60a7d96,M12,2,9.47,24
40,be488e74b9d5fd8fc60a7d96,M13,2,9.89,23.43
40,be488e74b9d5fd8fc60a7d96,M14,2,7.11,20.18
40,be488e74b9d5fd8fc60a7d96,M15,2,9.8,23.65
40,be488e74b9d5fd8fc60a7d96,M16,2,16.73,51.18
40,be488e74b9d5fd8fc60a7d96,M17,2,3.29,6.73
40,be488e74b9d5fd8fc60a7d96,M18,2,5.42,9.21
40,be488e74b9d5fd8fc60a7d96,M19,2,4.65,6.87
40,be488e74b9d5fd8fc60a7d96,M20,2,5.5,9.15
40,be488e74b9d5fd8fc60a7d96,M21,2,4.66,6.77
40,be488e74b9d5fd8fc60a7d96,M22,2,7.9,15.22
40,be488e74b9d5fd8fc60a7d96,M23,2,6.24,13.01
40,be488e74b9d5fd8fc60a7d96,M24,2,7.89,15.92
40,be488e74b9d5fd8fc60a7d96,M25,2,8.87,13.62
40,be488e74b9d5fd8fc60a7d96,M26,2,7.02,12.34
40,be488e74b9d5fd8fc60a7d96,M27,2,8.55,15.67
40,be488e74b9d5fd8fc60a7d96,M28,2,7.07,13.69
40,be488e74b9d5fd8fc60a7d96,M29,2,8.23,15.58
40,be488e74b9d5fd8fc60a7d96,M30,2,5.24,9.38
42,f1ade222212d6fb05f2db5bc,M01,4,5.27,6.845
42,f1ade222212d6fb05f2db5bc,M02,4,6.89,9.175
42,f1ade222212d6fb05f2db5bc,M03,4,5.93,9.25
42,f1ade222212d6fb05f2db5bc,M04,4,5.58,8.44
42,f1ade222212d6fb05f2db5bc,M05,4,5.47,8.46
42,f1ade222212d6fb05f2db5bc,M06,4,7.51,11.555
42,f1ade222212d6fb05f2db5bc,M07,4,7.63,12.545
42,f1ade222212d6fb05f2db5bc,M08,4,10.16,16.89
42,f1ade222212d6fb05f2db5bc,M09,4,9.11,15.81
42,f1ade222212d6fb05f2db5bc,M10,4,11.87,18.53
42,f1ade222212d6fb05f2db5bc,M11,4,10.9,17.615
42,f1ade222212d6fb05f2db5bc,M12,4,12.56,23.555
42,f1ade222212d6fb05f2db5bc,M13,4,12.56,23.13
42,f1ade222212d6fb05f2db5bc,M14,4,9.87,19.65
42,f1ade222212d6fb05f2db5bc,M15,4,12.44,23.315
42,f1ade222212d6fb05f2db5bc,M16,4,24.3,50.515
42,f1ade222212d6fb05f2db5bc,M17,4,4.17,6.655
42,f1ade222212d6fb05f2db5bc,M18,4,6.06,9.155
42,f1ade222212d6fb05f2db5bc,M19,4,5.16,6.985
42,f1ade222212d6fb05f2db5bc,M20,4,6.55,9.35
42,f1ade222212d6fb05f2db5bc,M21,4,5.14,6.77
42,f1ade222212d6fb05f2db5bc,M22,4,9.89,15.23
42,f1ade222212d6fb05f2db5bc,M23,4,8.1,13.01
42,f1ade222212d6fb05f2db5bc,M24,4,9.94,15.92
42,f1ade222212d6fb05f2db5bc,M25,4,10.37,13.5
42,f1ade222212d6fb05f2db5bc,M26,4,8.62,12.19
42,f1ade222212d6fb05f2db5bc,M27,4,9.9,15.28
42,f1ade222212d6fb05f2db5bc,M28,4,8.2,13.34
42,f1ade222212d6fb05f2db5bc,M29,4,9.63,15.58
42,f1ade222212d6fb05f2db5bc,M30,4,5.95,9.25
43,7f4d6eb0a9092987a5326f08,M01,3,7.07,6.99
43,7f4d6eb0a9092987a5326f08,M02,3,9.37,9.41
43,7f4d6eb0a9092987a5326f08,M03,3,9.46,9.67
43,7f4d6eb0a9092987a5326f08,M04,3,8.74,8.99
43,7f4d6eb0a9092987a5326f08,M05,3,8.76,8.87
43,7f4d6eb0a9092987a5326f08,M06,3,12.02,12.11
43,7f4d6eb0a9092987a5326f08,M07,3,12.85,13.26
43,7f4d6eb0a9092987a5326f08,M08,3,17.14,17.66
43,7f4d6eb0a9092987a5326f08,M09,3,16.03,16.64
43,7f4d6eb0a9092987a5326f08,M10,3,18.89,19.22
43,7f4d6eb0a9092987a5326f08,M11,3,18.02,18.33
43,7f4d6eb0a9092987a5326f08,M12,3,23.91,24.98
43,7f4d6eb0a9092987a5326f08,M13,3,24.02,24.67
43,7f4d6eb0a9092987a5326f08,M14,3,20.36,20.81
43,7f4d6eb0a9092987a5326f08,M15,3,23.9,24.93
43,7f4d6eb0a9092987a5326f08,M16,3,51.58,52.34
43,7f4d6eb0a9092987a5326f08,M17,3,6.94,6.99
43,7f4d6eb0a9092987a5326f08,M18,3,9.32,9.6
43,7f4d6eb0a9092987a5326f08,M19,3,7.2,7.26
43,7f4d6eb0a9092987a5326f08,M20,3,9.35,9.575
43,7f4d6eb0a9092987a5326f08,M21,3,6.9,6.985
43,7f4d6eb0a9092987a5326f08,M22,3,15.49,16.03
43,7f4d6eb0a9092987a5326f08,M23,3,13.01,13.455
43,7f4d6eb0a9092987a5326f08,M24,3,15.88,16.74
43,7f4d6eb0a9092987a5326f08,M25,3,13.81,13.8
43,7f4d6eb0a9092987a5326f08,M26,3,12.47,12.58
43,7f4d6eb0a9092987a5326f08,M27,3,15.78,15.98
43,7f4d6eb0a9092987a5326f08,M28,3,13.69,14.22
43,7f4d6eb0a9092987a5326f08,M29,3,15.58,16.04
43,7f4d6eb0a9092987a5326f08,M30,3,9.53,9.75
47,56fa096b85beceab80fd1c4e,M01,4,7.23,6.845
47,56fa096b85beceab80fd1c4e,M02,4,9.54,9.175
47,56fa096b85beceab80fd1c4e,M03,4,9.71,9.25
47,56fa096b85beceab80fd1c4e,M04,4,8.88,8.44
47,56fa096b85beceab80fd1c4e,M05,4,8.92,8.46
47,56fa096b85beceab80fd1c4e,M06,4,12.33,11.555
47,56fa096b85beceab80fd1c4e,M07,4,13.14,12.545
47,56fa096b85beceab80fd1c4e,M08,4,17.42,16.89
47,56fa096b85beceab80fd1c4e,M09,4,16.16,15.81
47,56fa096b85beceab80fd1c4e,M10,4,19.22,18.53
47,56fa096b85beceab80fd1c4e,M11,4,18.29,17.615
47,56fa096b85beceab80fd1c4e,M12,4,24.22,23.555
47,56fa096b85beceab80fd1c4e,M13,4,24.43,23.13
47,56fa096b85beceab80fd1c4e,M14,4,20.46,19.65
47,56fa096b85beceab80fd1c4e,M15,4,24.59,23.315
47,56fa096b85beceab80fd1c4e,M16,4,51.76,50.515
47,56fa096b85beceab80fd1c4e,M17,4,6.99,6.655
47,56fa096b85beceab80fd1c4e,M18,4,9.47,9.155
47,56fa096b85beceab80fd1c4e,M19,4,7.81,6.985
47,56fa096b85beceab80fd1c4e,M20,4,9.99,9.35
47,56fa096b85beceab80fd1c4e,M21,4,7.39,6.77
47,56fa096b85beceab80fd1c4e,M22,4,17.17,15.23
47,56fa096b85beceab80fd1c4e,M23,4,14.37,13.01
47,56fa096b85beceab80fd1c4e,M24,4,17.82,15.92
47,56fa096b85beceab80fd1c4e,M25,4,14.03,13.5
47,56fa096b85beceab80fd1c4e,M26,4,12.58,12.19
47,56fa096b85beceab80fd1c4e,M27,4,16.08,15.28
47,56fa096b85beceab80fd1c4e,M28,4,13.84,13.34
47,56fa096b85beceab80fd1c4e,M29,4,16.04,15.58
47,56fa096b85beceab80fd1c4e,M30,4,9.74,9.25
48,abc7a286c25bfc8ab683f22c,M01,1,5.47,6.95
48,abc7a286c25bfc8ab683f22c,M02,1,6.73,9.36
48,abc7a286c25bfc8ab683f22c,M03,1,6.17,9.52
48,abc7a286c25bfc8ab683f22c,M04,1,5.53,8.81
48,abc7a286c25bfc8ab683f22c,M05,1,5.32,8.8
48,abc7a286c25bfc8ab683f22c,M06,1,7.86,11.89
48,abc7a286c25bfc8ab683f22c,M07,1,7.65,13
48,abc7a286c25bfc8ab683f22c,M08,1,10.47,17.42
48,abc7a286c25bfc8ab683f22c,M09,1,9.16,16.18
48,abc7a286c25bfc8ab683f22c,M10,1,11.04,18.98
48,abc7a286c25bfc8ab683f22c,M11,1,10.9,18.29
48,abc7a286c25bfc8ab683f22c,M12,1,14.13,24.62
48,abc7a286c25bfc8ab683f22c,M13,1,12.5,24.03
48,abc7a286c25bfc8ab683f22c,M14,1,10.64,20.46
48,abc7a286c25bfc8ab683f22c,M15,1,14.12,24.48
48,abc7a286c25bfc8ab683f22c,M16,1,19.18,51.76
48,abc7a286c25bfc8ab683f22c,M17,1,4.52,6.94
48,abc7a286c25bfc8ab683f22c,M18,1,6.65,9.46
48,abc7a286c25bfc8ab683f22c,M19,1,5.17,7.16
48,abc7a286c25bfc8ab683f22c,M20,1,6.66,9.5
48,abc7a286c25bfc8ab683f22c,M21,1,5.16,6.99
48,abc7a286c25bfc8ab683f22c,M22,1,10.33,15.84
48,abc7a286c25bfc8ab683f22c,M23,1,8.2,13.35
48,abc7a286c25bfc8ab683f22c,M24,1,10.93,16.5
48,abc7a286c25bfc8ab683f22c,M25,1,10.28,13.75
48,abc7a286c25bfc8ab683f22c,M26,1,7.9,12.54
48,abc7a286c25bfc8ab683f22c,M27,1,9.9,15.91
48,abc7a286c25bfc8ab683f22c,M28,1,7.8,13.91
48,abc7a286c25bfc8ab683f22c,M29,1,10.67,15.68
48,abc7a286c25bfc8ab683f22c,M30,1,5.78,9.58
49,dddb83856cd5a1813573467f,M01,0,6.39,6.91
49,dddb83856cd5a1813573467f,M02,0,8.42,9.32
49,dddb83856cd5a1813573467f,M03,0,7.8,9.36
49,dddb83856cd5a1813573467f,M04,0,7.05,8.59
49,dddb83856cd5a1813573467f,M05,0,6.9,8.47
49,dddb83856cd5a1813573467f,M06,0,9.91,11.77
49,dddb83856cd5a1813573467f,M07,0,10.32,12.83
49,dddb83856cd5a1813573467f,M08,0,14.27,17.14
49,dddb83856cd5a1813573467f,M09,0,12.95,16.05
49,dddb83856cd5a1813573467f,M10,0,16.07,18.74
49,dddb83856cd5a1813573467f,M11,0,14.78,17.84
49,dddb83856cd5a1813573467f,M12,0,19.15,24.05
49,dddb83856cd5a1813573467f,M13,0,18.31,23.48
49,dddb83856cd5a1813573467f,M14,0,15,20.22
49,dddb83856cd5a1813573467f,M15,0,18.5,23.9
49,dddb83856cd5a1813573467f,M16,0,41.29,51.31
49,dddb83856cd5a1813573467f,M17,0,5.62,6.83
49,dddb83856cd5a1813573467f,M18,0,7.65,9.32
49,dddb83856cd5a1813573467f,M19,0,6.42,7.09
49,dddb83856cd5a1813573467f,M20,0,8.49,9.53
49,dddb83856cd5a1813573467f,M21,0,6.14,6.95
49,dddb83856cd5a1813573467f,M22,0,13.47,15.84
49,dddb83856cd5a1813573467f,M23,0,11.3,13.31
49,dddb83856cd5a1813573467f,M24,0,13.91,16.53
49,dddb83856cd5a1813573467f,M25,0,11.93,13.62
49,dddb83856cd5a1813573467f,M26,0,10.36,12.385
49,dddb83856cd5a1813573467f,M27,0,12.11,15.7
49,dddb83856cd5a1813573467f,M28,0,10.05,13.765
49,dddb83856cd5a1813573467f,M29,0,12,15.575
49,dddb83856cd5a1813573467f,M30,0,7.07,9.385
51,8462267483bc8dc0c5eb0740,M01,0,6.49,6.91
51,8462267483bc8dc0c5eb0740,M02,0,8.62,9.32
51,8462267483bc8dc0c5eb0740,M03,0,8.17,9.36
51,8462267483bc8dc0c5eb0740,M04,0,7.47,8.59
51,8462267483bc8dc0c5eb0740,M05,0,7.43,8.47
51,8462267483bc8dc0c5eb0740,M06,0,10.34,11.77
51,8462267483bc8dc0c5eb0740,M07,0,10.9,12.83
51,8462267483bc8dc0c5eb0740,M08,0,15.02,17.14
51,8462267483bc8dc0c5eb0740,M09,0,13.93,16.05
51,8462267483bc8dc0c5eb0740,M10,0,16.73,18.74
51,8462267483bc8dc0c5eb0740,M11,0,15.89,17.84
51,8462267483bc8dc0c5eb0740,M12,0,20.5,24.05
51,8462267483bc8dc0c5eb0740,M13,0,19.62,23.48
51,8462267483bc8dc0c5eb0740,M14,0,16.25,20.22
51,8462267483bc8dc0c5eb0740,M15,0,19.84,23.9
51,8462267483bc8dc0c5eb0740,M16,0,44.74,51.31
51,8462267483bc8dc0c5eb0740,M17,0,6.01,6.83
51,8462267483bc8dc0c5eb0740,M18,0,8.09,9.32
51,8462267483bc8dc0c5eb0740,M19,0,6.21,7.09
51,8462267483bc8dc0c5eb0740,M20,0,8.43,9.53
51,8462267483bc8dc0c5eb0740,M21,0,6,6.95
51,8462267483bc8dc0c5eb0740,M22,0,13.12,15.84
51,8462267483bc8dc0c5eb0740,M23,0,11.27,13.31
51,8462267483bc8dc0c5eb0740,M24,0,13.25,16.53
51,8462267483bc8dc0c5eb0740,M25,0,12.78,13.62
51,8462267483bc8dc0c5eb0740,M26,0,11.36,12.385
51,8462267483bc8dc0c5eb0740,M27,0,13.72,15.7
51,8462267483bc8dc0c5eb0740,M28,0,11.6,13.765
51,8462267483bc8dc0c5eb0740,M29,0,13.62,15.575
51,8462267483bc8dc0c5eb0740,M30,0,8.19,9.385
53,de76339ba27df16100871511,M01,0,3.38,6.91
53,de76339ba27df16100871511,M02,0,3.93,9.32
53,de76339ba27df16100871511,M03,0,4.11,9.36
53,de76339ba27df16100871511,M04,0,3.84,8.59
53,de76339ba27df16100871511,M05,0,3.52,8.47
53,de76339ba27df16100871511,M06,0,5.49,11.77
53,de76339ba27df16100871511,M07,0,4.46,12.83
53,de76339ba27df16100871511,M08,0,3.94,17.14
53,de76339ba27df16100871511,M09,0,2.9,16.05
53,de76339ba27df16100871511,M10,0,5.54,18.74
53,de76339ba27df16100871511,M11,0,4.28,17.84
53,de76339ba27df16100871511,M12,0,3.97,24.05
53,de76339ba27df16100871511,M13,0,5.59,23.48
53,de76339ba27df16100871511,M14,0,3.67,20.22
53,de76339ba27df16100871511,M15,0,5.59,23.9
53,de76339ba27df16100871511,M16,0,6.85,51.31
53,de76339ba27df16100871511,M17,0,1.84,6.83
53,de76339ba27df16100871511,M18,0,4.51,9.32
53,de76339ba27df16100871511,M19,0,4.16,7.09
53,de76339ba27df16100871511,M20,0,4.24,9.53
53,de76339ba27df16100871511,M21,0,4.14,6.95
53,de76339ba27df16100871511,M22,0,5.41,15.84
53,de76339ba27df16100871511,M23,0,3.14,13.31
53,de76339ba27df16100871511,M24,0,5.54,16.53
53,de76339ba27df16100871511,M25,0,6.3,13.62
53,de76339ba27df16100871511,M26,0,4.76,12.385
53,de76339ba27df16100871511,M27,0,6.72,15.7
53,de76339ba27df16100871511,M28,0,5.26,13.765
53,de76339ba27df16100871511,M29,0,6.49,15.575
53,de76339ba27df16100871511,M30,0,4.69,9.385
54,1fbd74bab3e102b26979a15d,M01,3,6.95,6.99
54,1fbd74bab3e102b26979a15d,M02,3,9.32,9.41
54,1fbd74bab3e102b26979a15d,M03,3,9.36,9.67
54,1fbd74bab3e102b26979a15d,M04,3,8.58,8.99
54,1fbd74bab3e102b26979a15d,M05,3,8.47,8.87
54,1fbd74bab3e102b26979a15d,M06,3,11.66,12.11
54,1fbd74bab3e102b26979a15d,M07,3,12.67,13.26
54,1fbd74bab3e102b26979a15d,M08,3,16.97,17.66
54,1fbd74bab3e102b26979a15d,M09,3,15.81,16.64
54,1fbd74bab3e102b26979a15d,M10,3,18.69,19.22
54,1fbd74bab3e102b26979a15d,M11,3,17.71,18.33
54,1fbd74bab3e102b26979a15d,M12,3,23.66,24.98
54,1fbd74bab3e102b26979a15d,M13,3,23.09,24.67
54,1fbd74bab3e102b26979a15d,M14,3,19.41,20.81
54,1fbd74bab3e102b26979a15d,M15,3,23.49,24.93
54,1fbd74bab3e102b26979a15d,M16,3,50.35,52.34
54,1fbd74bab3e102b26979a15d,M17,3,6.73,6.99
54,1fbd74bab3e102b26979a15d,M18,3,9.19,9.6
54,1fbd74bab3e102b26979a15d,M19,3,5.99,7.26
54,1fbd74bab3e102b26979a15d,M20,3,10.45,9.575
54,1fbd74bab3e102b26979a15d,M21,3,7.65,6.985
54,1fbd74bab3e102b26979a15d,M22,3,18.33,16.03
54,1fbd74bab3e102b26979a15d,M23,3,15.35,13.455
54,1fbd74bab3e102b26979a15d,M24,3,18.65,16.74
54,1fbd74bab3e102b26979a15d,M25,3,13.62,13.8
54,1fbd74bab3e102b26979a15d,M26,3,12.21,12.58
54,1fbd74bab3e102b26979a15d,M27,3,15.35,15.98
54,1fbd74bab3e102b26979a15d,M28,3,13.22,14.22
54,1fbd74bab3e102b26979a15d,M29,3,15.38,16.04
54,1fbd74bab3e102b26979a15d,M30,3,9.38,9.75
55,d9401cbf16b2cebc83fd68dc,M01,2,5.39,6.88
55,d9401cbf16b2cebc83fd68dc,M02,2,7.21,9.32
55,d9401cbf16b2cebc83fd68dc,M03,2,6.3,9.36
55,d9401cbf16b2cebc83fd68dc,M04,2,5.76,8.58
55,d9401cbf16b2cebc83fd68dc,M05,2,5.45,8.46
55,d9401cbf16b2cebc83fd68dc,M06,2,7.76,11.66
55,d9401cbf16b2cebc83fd68dc,M07,2,8.11,12.81
55,d9401cbf16b2cebc83fd68dc,M08,2,10.91,16.97
55,d9401cbf16b2cebc83fd68dc,M09,2,9.45,16.03
55,d9401cbf16b2cebc83fd68dc,M10,2,12.73,18.71
55,d9401cbf16b2cebc83fd68dc,M11,2,11.12,17.82
55,d9401cbf16b2cebc83fd68dc,M12,2,13.56,24
55,d9401cbf16b2cebc83fd68dc,M13,2,13.3,23.43
55,d9401cbf16b2cebc83fd68dc,M14,2,10.39,20.18
55,d9401cbf16b2cebc83fd68dc,M15,2,13.5,23.65
55,d9401cbf16b2cebc83fd68dc,M16,2,25.91,51.18
55,d9401cbf16b2cebc83fd68dc,M17,2,5.47,6.73
55,d9401cbf16b2cebc83fd68dc,M18,2,7.59,9.21
55,d9401cbf16b2cebc83fd68dc,M19,2,5.28,6.87
55,d9401cbf16b2cebc83fd68dc,M20,2,9.12,9.15
55,d9401cbf16b2cebc83fd68dc,M21,2,6.59,6.77
55,d9401cbf16b2cebc83fd68dc,M22,2,14.79,15.22
55,d9401cbf16b2cebc83fd68dc,M23,2,12.29,13.01
55,d9401cbf16b2cebc83fd68dc,M24,2,15.29,15.92
55,d9401cbf16b2cebc83fd68dc,M25,2,8.83,13.62
55,d9401cbf16b2cebc83fd68dc,M26,2,6.8,12.34
55,d9401cbf16b2cebc83fd68dc,M27,2,8.55,15.67
55,d9401cbf16b2cebc83fd68dc,M28,2,6.99,13.69
55,d9401cbf16b2cebc83fd68dc,M29,2,8.71,15.58
55,d9401cbf16b2cebc83fd68dc,M30,2,5.17,9.38
56,780c412e404e2d3c20298ba1,M25,3,13.86,13.8
56,780c412e404e2d3c20298ba1,M26,3,12.55,12.58
56,780c412e404e2d3c20298ba1,M27,3,15.99,15.98
56,780c412e404e2d3c20298ba1,M28,3,13.99,14.22
56,780c412e404e2d3c20298ba1,M29,3,15.68,16.04
56,780c412e404e2d3c20298ba1,M30,3,9.82,9.75
57,7b782a00d24f8ce3c9b9fbce,M01,2,7.56,6.88
57,7b782a00d24f8ce3c9b9fbce,M02,2,10.02,9.32
57,7b782a00d24f8ce3c9b9fbce,M03,2,10.68,9.36
57,7b782a00d24f8ce3c9b9fbce,M04,2,9.82,8.58
57,7b782a00d24f8ce3c9b9fbce,M05,2,9.89,8.46
57,7b782a00d24f8ce3c9b9fbce,M06,2,13.36,11.66
57,7b782a00d24f8ce3c9b9fbce,M07,2,14.66,12.81
57,7b782a00d24f8ce3c9b9fbce,M08,2,19.03,16.97
57,7b782a00d24f8ce3c9b9fbce,M09,2,17.81,16.03
57,7b782a00d24f8ce3c9b9fbce,M10,2,20.72,18.71
57,7b782a00d24f8ce3c9b9fbce,M11,2,19.83,17.82
57,7b782a00d24f8ce3c9b9fbce,M12,2,27.09,24
57,7b782a00d24f8ce3c9b9fbce,M13,2,27.6,23.43
57,7b782a00d24f8ce3c9b9fbce,M14,2,23.89,20.18
57,7b782a00d24f8ce3c9b9fbce,M15,2,27.74,23.65
57,7b782a00d24f8ce3c9b9fbce,M16,2,55.96,51.18
57,7b782a00d24f8ce3c9b9fbce,M17,2,7.57,6.73
57,7b782a00d24f8ce3c9b9fbce,M18,2,10.37,9.21
57,7b782a00d24f8ce3c9b9fbce,M19,2,8.67,6.87
57,7b782a00d24f8ce3c9b9fbce,M20,2,10.83,9.15
57,7b782a00d24f8ce3c9b9fbce,M21,2,8.12,6.77
57,7b782a00d24f8ce3c9b9fbce,M22,2,19.44,15.22
57,7b782a00d24f8ce3c9b9fbce,M23,2,16.26,13.01
57,7b782a00d24f8ce3c9b9fbce,M24,2,20.07,15.92
57,7b782a00d24f8ce3c9b9fbce,M25,2,14.56,13.62
57,7b782a00d24f8ce3c9b9fbce,M26,2,13.27,12.34
57,7b782a00d24f8ce3c9b9fbce,M27,2,17.35,15.67
57,7b782a00d24f8ce3c9b9fbce,M28,2,15.28,13.69
57,7b782a00d24f8ce3c9b9fbce,M29,2,17.28,15.58
57,7b782a00d24f8ce3c9b9fbce,M30,2,10.73,9.38
58,4b6408684e7ec1b4fb4f8f15,M01,3,4.78,6.99
58,4b6408684e7ec1b4fb4f8f15,M02,3,6.23,9.41
58,4b6408684e7ec1b4fb4f8f15,M03,3,5.37,9.67
58,4b6408684e7ec1b4fb4f8f15,M04,3,5.04,8.99
58,4b6408684e7ec1b4fb4f8f15,M05,3,5.03,8.87
58,4b6408684e7ec1b4fb4f8f15,M06,3,7.02,12.11
58,4b6408684e7ec1b4fb4f8f15,M07,3,6.97,13.26
58,4b6408684e7ec1b4fb4f8f15,M08,3,8.64,17.66
58,4b6408684e7ec1b4fb4f8f15,M09,3,7.23,16.64
58,4b6408684e7ec1b4fb4f8f15,M10,3,10.16,19.22
58,4b6408684e7ec1b4fb4f8f15,M11,3,8.93,18.33
58,4b6408684e7ec1b4fb4f8f15,M12,3,9.94,24.98
58,4b6408684e7ec1b4fb4f8f15,M13,3,10.37,24.67
58,4b6408684e7ec1b4fb4f8f15,M14,3,7.81,20.81
58,4b6408684e7ec1b4fb4f8f15,M15,3,10.46,24.93
58,4b6408684e7ec1b4fb4f8f15,M16,3,17.83,52.34
58,4b6408684e7ec1b4fb4f8f15,M17,3,3.39,6.99
58,4b6408684e7ec1b4fb4f8f15,M18,3,5.52,9.6
58,4b6408684e7ec1b4fb4f8f15,M19,3,4.86,7.26
58,4b6408684e7ec1b4fb4f8f15,M20,3,6.25,9.575
58,4b6408684e7ec1b4fb4f8f15,M21,3,4.66,6.985
58,4b6408684e7ec1b4fb4f8f15,M22,3,8.35,16.03
58,4b6408684e7ec1b4fb4f8f15,M23,3,6.87,13.455
58,4b6408684e7ec1b4fb4f8f15,M24,3,8.21,16.74
58,4b6408684e7ec1b4fb4f8f15,M25,3,5.36,13.8
58,4b6408684e7ec1b4fb4f8f15,M26,3,3.59,12.58
58,4b6408684e7ec1b4fb4f8f15,M27,3,6.01,15.98
58,4b6408684e7ec1b4fb4f8f15,M28,3,4.42,14.22
58,4b6408684e7ec1b4fb4f8f15,M29,3,5.85,16.04
58,4b6408684e7ec1b4fb4f8f15,M30,3,3.62,9.75
60,6a754101c77952c9f22727f1,M01,4,5.95,6.845
60,6a754101c77952c9f22727f1,M02,4,7.92,9.175
60,6a754101c77952c9f22727f1,M03,4,7.13,9.25
60,6a754101c77952c9f22727f1,M04,4,6.55,8.44
60,6a754101c77952c9f22727f1,M05,4,6.38,8.46
60,6a754101c77952c9f22727f1,M06,4,8.95,11.555
60,6a754101c77952c9f22727f1,M07,4,9.34,12.545
60,6a754101c77952c9f22727f1,M08,4,12.93,16.89
60,6a754101c77952c9f22727f1,M09,4,11.72,15.81
60,6a754101c77952c9f22727f1,M10,4,14.69,18.53
60,6a754101c77952c9f22727f1,M11,4,13.63,17.615
60,6a754101c77952c9f22727f1,M12,4,16.96,23.555
60,6a754101c77952c9f22727f1,M13,4,16,23.13
60,6a754101c77952c9f22727f1,M14,4,13.09,19.65
60,6a754101c77952c9f22727f1,M15,4,16.22,23.315
60,6a754101c77952c9f22727f1,M16,4,34.78,50.515
60,6a754101c77952c9f22727f1,M17,4,5.17,6.655
60,6a754101c77952c9f22727f1,M18,4,7.12,9.155
60,6a754101c77952c9f22727f1,M19,4,6.09,6.985
60,6a754101c77952c9f22727f1,M20,4,8.45,9.35
60,6a754101c77952c9f22727f1,M21,4,5.99,6.77
60,6a754101c77952c9f22727f1,M22,4,12.87,15.23
60,6a754101c77952c9f22727f1,M23,4,10.87,13.01
60,6a754101c77952c9f22727f1,M24,4,12.67,15.92
60,6a754101c77952c9f22727f1,M25,4,11.78,13.5
60,6a754101c77952c9f22727f1,M26,4,10.26,12.19
60,6a754101c77952c9f22727f1,M27,4,11.93,15.28
60,6a754101c77952c9f22727f1,M28,4,9.89,13.34
60,6a754101c77952c9f22727f1,M29,4,11.82,15.58
60,6a754101c77952c9f22727f1,M30,4,7.13,9.25
61,b727aabe5a35f85d668e9b3f,M01,3,5.38,6.99
61,b727aabe5a35f85d668e9b3f,M02,3,7.08,9.41
61,b727aabe5a35f85d668e9b3f,M03,3,6.14,9.67
61,b727aabe5a35f85d668e9b3f,M04,3,5.58,8.99
61,b727aabe5a35f85d668e9b3f,M05,3,5.49,8.87
61,b727aabe5a35f85d668e9b3f,M06,3,7.77,12.11
61,b727aabe5a35f85d668e9b3f,M07,3,7.9,13.26
61,b727aabe5a35f85d668e9b3f,M08,3,10.6,17.66
61,b727aabe5a35f85d668e9b3f,M09,3,8.97,16.64
61,b727aabe5a35f85d668e9b3f,M10,3,12.37,19.22
61,b727aabe5a35f85d668e9b3f,M11,3,11.07,18.33
61,b727aabe5a35f85d668e9b3f,M12,3,13.23,24.98
61,b727aabe5a35f85d668e9b3f,M13,3,12.98,24.67
61,b727aabe5a35f85d668e9b3f,M14,3,10.19,20.81
61,b727aabe5a35f85d668e9b3f,M15,3,13.09,24.93
61,b727aabe5a35f85d668e9b3f,M16,3,25.09,52.34
61,b727aabe5a35f85d668e9b3f,M17,3,4.05,6.99
61,b727aabe5a35f85d668e9b3f,M18,3,6.07,9.6
61,b727aabe5a35f85d668e9b3f,M19,3,5.43,7.26
61,b727aabe5a35f85d668e9b3f,M20,3,7.6,9.575
61,b727aabe5a35f85d668e9b3f,M21,3,5.35,6.985
61,b727aabe5a35f85d668e9b3f,M22,3,11.16,16.03
61,b727aabe5a35f85d668e9b3f,M23,3,9.11,13.455
61,b727aabe5a35f85d668e9b3f,M24,3,11.73,16.74
61,b727aabe5a35f85d668e9b3f,M25,3,10.51,13.8
61,b727aabe5a35f85d668e9b3f,M26,3,8.73,12.58
61,b727aabe5a35f85d668e9b3f,M27,3,10.11,15.98
61,b727aabe5a35f85d668e9b3f,M28,3,8.33,14.22
61,b727aabe5a35f85d668e9b3f,M29,3,9.93,16.04
61,b727aabe5a35f85d668e9b3f,M30,3,5.97,9.75
63,35a15bff1177570ab88c7499,M01,1,5.33,6.95
63,35a15bff1177570ab88c7499,M02,1,6.62,9.36
63,35a15bff1177570ab88c7499,M03,1,6.21,9.52
63,35a15bff1177570ab88c7499,M04,1,5.48,8.81
63,35a15bff1177570ab88c7499,M05,1,5.21,8.8
63,35a15bff1177570ab88c7499,M06,1,7.66,11.89
63,35a15bff1177570ab88c7499,M07,1,7.47,13
63,35a15bff1177570ab88c7499,M08,1,10.31,17.42
63,35a15bff1177570ab88c7499,M09,1,8.97,16.18
63,35a15bff1177570ab88c7499,M10,1,11.75,18.98
63,35a15bff1177570ab88c7499,M11,1,10.82,18.29
63,35a15bff1177570ab88c7499,M12,1,13.93,24.62
63,35a15bff1177570ab88c7499,M13,1,12.3,24.03
63,35a15bff1177570ab88c7499,M14,1,10.31,20.46
63,35a15bff1177570ab88c7499,M15,1,13.73,24.48
63,35a15bff1177570ab88c7499,M16,1,19.75,51.76
63,35a15bff1177570ab88c7499,M17,1,4.43,6.94
63,35a15bff1177570ab88c7499,M18,1,6.43,9.46
63,35a15bff1177570ab88c7499,M19,1,5.57,7.16
63,35a15bff1177570ab88c7499,M20,1,7.69,9.5
63,35a15bff1177570ab88c7499,M21,1,5.68,6.99
63,35a15bff1177570ab88c7499,M22,1,11.85,15.84
63,35a15bff1177570ab88c7499,M23,1,9.44,13.35
63,35a15bff1177570ab88c7499,M24,1,13.24,16.5
63,35a15bff1177570ab88c7499,M25,1,10.13,13.75
63,35a15bff1177570ab88c7499,M26,1,7.99,12.54
63,35a15bff1177570ab88c7499,M27,1,9.74,15.91
63,35a15bff1177570ab88c7499,M28,1,7.85,13.91
63,35a15bff1177570ab88c7499,M29,1,10.36,15.68
63,35a15bff1177570ab88c7499,M30,1,5.68,9.58
65,d03f670f1f126e5f040b4224,M01,1,5.39,6.95
65,d03f670f1f126e5f040b4224,M02,1,7.29,9.36
65,d03f670f1f126e5f040b4224,M03,1,6.24,9.52
65,d03f670f1f126e5f040b4224,M04,1,5.73,8.81
65,d03f670f1f126e5f040b4224,M05,1,5.55,8.8
65,d03f670f1f126e5f040b4224,M06,1,7.84,11.89
65,d03f670f1f126e5f040b4224,M07,1,8.05,13
65,d03f670f1f126e5f040b4224,M08,1,11.12,17.42
65,d03f670f1f126e5f040b4224,M09,1,9.93,16.18
65,d03f670f1f126e5f040b4224,M10,1,12.72,18.98
65,d03f670f1f126e5f040b4224,M11,1,11.72,18.29
65,d03f670f1f126e5f040b4224,M12,1,14.35,24.62
65,d03f670f1f126e5f040b4224,M13,1,13.7,24.03
65,d03f670f1f126e5f040b4224,M14,1,11.02,20.46
65,d03f670f1f126e5f040b4224,M15,1,13.76,24.48
65,d03f670f1f126e5f040b4224,M16,1,28.23,51.76
65,d03f670f1f126e5f040b4224,M17,1,4.47,6.94
65,d03f670f1f126e5f040b4224,M18,1,6.44,9.46
65,d03f670f1f126e5f040b4224,M19,1,4.93,7.16
65,d03f670f1f126e5f040b4224,M20,1,7.15,9.5
65,d03f670f1f126e5f040b4224,M21,1,5.11,6.99
65,d03f670f1f126e5f040b4224,M22,1,11.26,15.84
65,d03f670f1f126e5f040b4224,M23,1,9.45,13.35
65,d03f670f1f126e5f040b4224,M24,1,11.29,16.5
65,d03f670f1f126e5f040b4224,M25,1,10.73,13.75
65,d03f670f1f126e5f040b4224,M26,1,9.1,12.54
65,d03f670f1f126e5f040b4224,M27,1,10.32,15.91
65,d03f670f1f126e5f040b4224,M28,1,8.58,13.91
65,d03f670f1f126e5f040b4224,M29,1,10.08,15.68
65,d03f670f1f126e5f040b4224,M30,1,6.16,9.58
66,6337f9636fede46bcc35391b,M01,3,3.99,6.99
66,6337f9636fede46bcc35391b,M02,3,4.44,9.41
66,6337f9636fede46bcc35391b,M03,3,4.42,9.67
66,6337f9636fede46bcc35391b,M04,3,4.1,8.99
66,6337f9636fede46bcc35391b,M05,3,3.67,8.87
66,6337f9636fede46bcc35391b,M06,3,5.7,12.11
66,6337f9636fede46bcc35391b,M07,3,4.95,13.26
66,6337f9636fede46bcc35391b,M08,3,4.7,17.66
66,6337f9636fede46bcc35391b,M09,3,3.35,16.64
66,6337f9636fede46bcc35391b,M10,3,6.27,19.22
66,6337f9636fede46bcc35391b,M11,3,4.36,18.33
66,6337f9636fede46bcc35391b,M12,3,4.64,24.98
66,6337f9636fede46bcc35391b,M13,3,6.06,24.67
66,6337f9636fede46bcc35391b,M14,3,3.74,20.81
66,6337f9636fede46bcc35391b,M15,3,6.27,24.93
66,6337f9636fede46bcc35391b,M16,3,7.3,52.34
66,6337f9636fede46bcc35391b,M17,3,2.09,6.99
66,6337f9636fede46bcc35391b,M18,3,4.72,9.6
66,6337f9636fede46bcc35391b,M19,3,4.5,7.26
66,6337f9636fede46bcc35391b,M20,3,4.83,9.575
66,6337f9636fede46bcc35391b,M21,3,4.55,6.985
66,6337f9636fede46bcc35391b,M22,3,7.06,16.03
66,6337f9636fede46bcc35391b,M23,3,4.76,13.455
66,6337f9636fede46bcc35391b,M24,3,7.4,16.74
66,6337f9636fede46bcc35391b,M25,3,4.05,13.8
66,6337f9636fede46bcc35391b,M26,3,2.99,12.58
66,6337f9636fede46bcc35391b,M27,3,5.63,15.98
66,6337f9636fede46bcc35391b,M28,3,3.19,14.22
66,6337f9636fede46bcc35391b,M29,3,6.01,16.04
66,6337f9636fede46bcc35391b,M30,3,2.23,9.75
67,9699e16c8071621d55aa20c2,M01,0,6.4,6.91
67,9699e16c8071621d55aa20c2,M02,0,8.41,9.32
67,9699e16c8071621d55aa20c2,M03,0,7.83,9.36
67,9699e16c8071621d55aa20c2,M04,0,7.16,8.59
67,9699e16c8071621d55aa20c2,M05,0,7.06,8.47
67,9699e16c8071621d55aa20c2,M06,0,9.9,11.77
67,9699e16c8071621d55aa20c2,M07,0,10.32,12.83
67,9699e16c8071621d55aa20c2,M08,0,14.12,17.14
67,9699e16c8071621d55aa20c2,M09,0,12.92,16.05
67,9699e16c8071621d55aa20c2,M10,0,15.95,18.74
67,9699e16c8071621d55aa20c2,M11,0,14.91,17.84
67,9699e16c8071621d55aa20c2,M12,0,18.78,24.05
67,9699e16c8071621d55aa20c2,M13,0,18.02,23.48
67,9699e16c8071621d55aa20c2,M14,0,14.57,20.22
67,9699e16c8071621d55aa20c2,M15,0,18.21,23.9
67,9699e16c8071621d55aa20c2,M16,0,39.6,51.31
67,9699e16c8071621d55aa20c2,M17,0,5.72,6.83
67,9699e16c8071621d55aa20c2,M18,0,7.76,9.32
67,9699e16c8071621d55aa20c2,M19,0,5.85,7.09
67,9699e16c8071621d55aa20c2,M20,0,7.78,9.53
67,9699e16c8071621d55aa20c2,M21,0,5.69,6.95
67,9699e16c8071621d55aa20c2,M22,0,11.99,15.84
67,9699e16c8071621d55aa20c2,M23,0,10.13,13.31
67,9699e16c8071621d55aa20c2,M24,0,12.07,16.53
67,9699e16c8071621d55aa20c2,M25,0,12.5,13.62
67,9699e16c8071621d55aa20c2,M26,0,10.92,12.385
67,9699e16c8071621d55aa20c2,M27,0,13.08,15.7
67,9699e16c8071621d55aa20c2,M28,0,10.83,13.765
67,9699e16c8071621d55aa20c2,M29,0,13.01,15.575
67,9699e16c8071621d55aa20c2,M30,0,7.84,9.385
68,37927413d1b2c33fd4f48fe4,M01,1,4.85,6.95
68,37927413d1b2c33fd4f48fe4,M02,1,6.36,9.36
68,37927413d1b2c33fd4f48fe4,M03,1,5.45,9.52
68,37927413d1b2c33fd4f48fe4,M04,1,5.22,8.81
68,37927413d1b2c33fd4f48fe4,M05,1,5.07,8.8
68,37927413d1b2c33fd4f48fe4,M06,1,6.89,11.89
68,37927413d1b2c33fd4f48fe4,M07,1,6.96,13
68,37927413d1b2c33fd4f48fe4,M08,1,8.9,17.42
68,37927413d1b2c33fd4f48fe4,M09,1,7.94,16.18
68,37927413d1b2c33fd4f48fe4,M10,1,10.53,18.98
68,37927413d1b2c33fd4f48fe4,M11,1,9.65,18.29
68,37927413d1b2c33fd4f48fe4,M12,1,10.62,24.62
68,37927413d1b2c33fd4f48fe4,M13,1,10.86,24.03
68,37927413d1b2c33fd4f48fe4,M14,1,8.24,20.46
68,37927413d1b2c33fd4f48fe4,M15,1,10.91,24.48
68,37927413d1b2c33fd4f48fe4,M16,1,19.24,51.76
68,37927413d1b2c33fd4f48fe4,M17,1,3.57,6.94
68,37927413d1b2c33fd4f48fe4,M18,1,5.64,9.46
68,37927413d1b2c33fd4f48fe4,M19,1,5.34,7.16
68,37927413d1b2c33fd4f48fe4,M20,1,7.1,9.5
68,37927413d1b2c33fd4f48fe4,M21,1,5.39,6.99
68,37927413d1b2c33fd4f48fe4,M22,1,10.94,15.84
68,37927413d1b2c33fd4f48fe4,M23,1,8.87,13.35
68,37927413d1b2c33fd4f48fe4,M24,1,11.07,16.5
68,37927413d1b2c33fd4f48fe4,M25,1,6.88,13.75
68,37927413d1b2c33fd4f48fe4,M26,1,4.45,12.54
68,37927413d1b2c33fd4f48fe4,M27,1,7.3,15.91
68,37927413d1b2c33fd4f48fe4,M28,1,5.78,13.91
68,37927413d1b2c33fd4f48fe4,M29,1,7.24,15.68
68,37927413d1b2c33fd4f48fe4,M30,1,3.62,9.58
69,80a0d3bab064158ae690ad6a,M01,3,7.69,6.99
69,80a0d3bab064158ae690ad6a,M02,3,10.29,9.41
69,80a0d3bab064158ae690ad6a,M03,3,11.18,9.67
69,80a0d3bab064158ae690ad6a,M04,3,10.17,8.99
69,80a0d3bab064158ae690ad6a,M05,3,10.23,8.87
69,80a0d3bab064158ae690ad6a,M06,3,13.75,12.11
69,80a0d3bab064158ae690ad6a,M07,3,15.41,13.26
69,80a0d3bab064158ae690ad6a,M08,3,19.78,17.66
69,80a0d3bab064158ae690ad6a,M09,3,18.36,16.64
69,80a0d3bab064158ae690ad6a,M10,3,21.45,19.22
69,80a0d3bab064158ae690ad6a,M11,3,20.4,18.33
69,80a0d3bab064158ae690ad6a,M12,3,28.35,24.98
69,80a0d3bab064158ae690ad6a,M13,3,28.65,24.67
69,80a0d3bab064158ae690ad6a,M14,3,24.95,20.81
69,80a0d3bab064158ae690ad6a,M15,3,29.32,24.93
69,80a0d3bab064158ae690ad6a,M16,3,57.18,52.34
69,80a0d3bab064158ae690ad6a,M17,3,7.72,6.99
69,80a0d3bab064158ae690ad6a,M18,3,10.7,9.6
69,80a0d3bab064158ae690ad6a,M19,3,9.31,7.26
69,80a0d3bab064158ae690ad6a,M20,3,11.44,9.575
69,80a0d3bab064158ae690ad6a,M21,3,8.64,6.985
69,80a0d3bab064158ae690ad6a,M22,3,21.28,16.03
69,80a0d3bab064158ae690ad6a,M23,3,17.99,13.455
69,80a0d3bab064158ae690ad6a,M24,3,22.08,16.74
69,80a0d3bab064158ae690ad6a,M25,3,14.81,13.8
69,80a0d3bab064158ae690ad6a,M26,3,13.47,12.58
69,80a0d3bab064158ae690ad6a,M27,3,17.82,15.98
69,80a0d3bab064158ae690ad6a,M28,3,15.75,14.22
69,80a0d3bab064158ae690ad6a,M29,3,17.95,16.04
69,80a0d3bab064158ae690ad6a,M30,3,11.22,9.75
70,6edd2232ed1ec668311aa339,M01,1,4.09,6.95
70,6edd2232ed1ec668311aa339,M02,1,4.83,9.36
70,6edd2232ed1ec668311aa339,M03,1,4.57,9.52
70,6edd2232ed1ec668311aa339,M04,1,4.33,8.81
70,6edd2232ed1ec668311aa339,M05,1,4.02,8.8
70,6edd2232ed1ec668311aa339,M06,1,5.84,11.89
70,6edd2232ed1ec668311aa339,M07,1,5.3,13
70,6edd2232ed1ec668311aa339,M08,1,5.62,17.42
70,6edd2232ed1ec668311aa339,M09,1,4.31,16.18
70,6edd2232ed1ec668311aa339,M10,1,7.12,18.98
70,6edd2232ed1ec668311aa339,M11,1,5.62,18.29
70,6edd2232ed1ec668311aa339,M12,1,5.71,24.62
70,6edd2232ed1ec668311aa339,M13,1,6.78,24.03
70,6edd2232ed1ec668311aa339,M14,1,4.38,20.46
70,6edd2232ed1ec668311aa339,M15,1,6.99,24.48
70,6edd2232ed1ec668311aa339,M16,1,8.87,51.76
70,6edd2232ed1ec668311aa339,M17,1,2.3,6.94
70,6edd2232ed1ec668311aa339,M18,1,4.86,9.46
70,6edd2232ed1ec668311aa339,M19,1,4.57,7.16
70,6edd2232ed1ec668311aa339,M20,1,5.31,9.5
70,6edd2232ed1ec668311aa339,M21,1,4.63,6.99
70,6edd2232ed1ec668311aa339,M22,1,7.53,15.84
70,6edd2232ed1ec668311aa339,M23,1,5.29,13.35
70,6edd2232ed1ec668311aa339,M24,1,7.8,16.5
70,6edd2232ed1ec668311aa339,M25,1,6.67,13.75
70,6edd2232ed1ec668311aa339,M26,1,4.85,12.54
70,6edd2232ed1ec668311aa339,M27,1,7.06,15.91
70,6edd2232ed1ec668311aa339,M28,1,5.43,13.91
70,6edd2232ed1ec668311aa339,M29,1,6.93,15.68
70,6edd2232ed1ec668311aa339,M30,1,4.27,9.58
71,577bf2cb81f94acf50f2db0f,M01,0,6.07,6.91
71,577bf2cb81f94acf50f2db0f,M02,0,7.98,9.32
71,577bf2cb81f94acf50f2db0f,M03,0,7.21,9.36
71,577bf2cb81f94acf50f2db0f,M04,0,6.57,8.59
71,577bf2cb81f94acf50f2db0f,M05,0,6.48,8.47
71,577bf2cb81f94acf50f2db0f,M06,0,9.13,11.77
71,577bf2cb81f94acf50f2db0f,M07,0,9.45,12.83
71,577bf2cb81f94acf50f2db0f,M08,0,12.95,17.14
71,577bf2cb81f94acf50f2db0f,M09,0,11.84,16.05
71,577bf2cb81f94acf50f2db0f,M10,0,14.77,18.74
71,577bf2cb81f94acf50f2db0f,M11,0,13.79,17.84
71,577bf2cb81f94acf50f2db0f,M12,0,16.87,24.05
71,577bf2cb81f94acf50f2db0f,M13,0,16.27,23.48
71,577bf2cb81f94acf50f2db0f,M14,0,13.17,20.22
71,577bf2cb81f94acf50f2db0f,M15,0,16.47,23.9
71,577bf2cb81f94acf50f2db0f,M16,0,34.83,51.31
71,577bf2cb81f94acf50f2db0f,M17,0,5.22,6.83
71,577bf2cb81f94acf50f2db0f,M18,0,7.13,9.32
71,577bf2cb81f94acf50f2db0f,M19,0,5.87,7.09
71,577bf2cb81f94acf50f2db0f,M20,0,8.79,9.53
71,577bf2cb81f94acf50f2db0f,M21,0,6.4,6.95
71,577bf2cb81f94acf50f2db0f,M22,0,14.49,15.84
71,577bf2cb81f94acf50f2db0f,M23,0,12.01,13.31
71,577bf2cb81f94acf50f2db0f,M24,0,14.36,16.53
71,577bf2cb81f94acf50f2db0f,M25,0,11.91,13.62
71,577bf2cb81f94acf50f2db0f,M26,0,10.34,12.385
71,577bf2cb81f94acf50f2db0f,M27,0,12.12,15.7
71,577bf2cb81f94acf50f2db0f,M28,0,10,13.765
71,577bf2cb81f94acf50f2db0f,M29,0,12.05,15.575
71,577bf2cb81f94acf50f2db0f,M30,0,7.21,9.385
72,199be8c56e73e5eb81a7e6f0,M01,4,7.96,6.845
72,199be8c56e73e5eb81a7e6f0,M02,4,10.6,9.175
72,199be8c56e73e5eb81a7e6f0,M03,4,11.83,9.25
72,199be8c56e73e5eb81a7e6f0,M04,4,10.85,8.44
72,199be8c56e73e5eb81a7e6f0,M05,4,11.01,8.46
72,199be8c56e73e5eb81a7e6f0,M06,4,14.48,11.555
72,199be8c56e73e5eb81a7e6f0,M07,4,16.41,12.545
72,199be8c56e73e5eb81a7e6f0,M08,4,20.75,16.89
72,199be8c56e73e5eb81a7e6f0,M09,4,19.38,15.81
72,199be8c56e73e5eb81a7e6f0,M10,4,22.37,18.53
72,199be8c56e73e5eb81a7e6f0,M11,4,21.47,17.615
72,199be8c56e73e5eb81a7e6f0,M12,4,30,23.555
72,199be8c56e73e5eb81a7e6f0,M13,4,30.76,23.13
72,199be8c56e73e5eb81a7e6f0,M14,4,27.22,19.65
72,199be8c56e73e5eb81a7e6f0,M15,4,31.43,23.315
72,199be8c56e73e5eb81a7e6f0,M16,4,59.54,50.515
72,199be8c56e73e5eb81a7e6f0,M17,4,8.15,6.655
72,199be8c56e73e5eb81a7e6f0,M18,4,11.32,9.155
72,199be8c56e73e5eb81a7e6f0,M19,4,10.34,6.985
72,199be8c56e73e5eb81a7e6f0,M20,4,12.33,9.35
72,199be8c56e73e5eb81a7e6f0,M21,4,9.5,6.77
72,199be8c56e73e5eb81a7e6f0,M22,4,24.07,15.23
72,199be8c56e73e5eb81a7e6f0,M23,4,20.52,13.01
72,199be8c56e73e5eb81a7e6f0,M24,4,24.93,15.92
72,199be8c56e73e5eb81a7e6f0,M25,4,15.22,13.5
72,199be8c56e73e5eb81a7e6f0,M26,4,13.94,12.19
72,199be8c56e73e5eb81a7e6f0,M27,4,18.69,15.28
72,199be8c56e73e5eb81a7e6f0,M28,4,16.73,13.34
72,199be8c56e73e5eb81a7e6f0,M29,4,18.84,15.58
72,199be8c56e73e5eb81a7e6f0,M30,4,11.87,9.25
73,e7d3343ab01cc92f9746bd90,M01,1,6.93,6.95
73,e7d3343ab01cc92f9746bd90,M02,1,9.25,9.36
73,e7d3343ab01cc92f9746bd90,M03,1,9.36,9.52
73,e7d3343ab01cc92f9746bd90,M04,1,8.16,8.81
73,e7d3343ab01cc92f9746bd90,M05,1,8.46,8.8
73,e7d3343ab01cc92f9746bd90,M06,1,11.62,11.89
73,e7d3343ab01cc92f9746bd90,M07,1,12.66,13
73,e7d3343ab01cc92f9746bd90,M08,1,16.96,17.42
73,e7d3343ab01cc92f9746bd90,M09,1,15.81,16.18
73,e7d3343ab01cc92f9746bd90,M10,1,18.68,18.98
73,e7d3343ab01cc92f9746bd90,M11,1,17.14,18.29
73,e7d3343ab01cc92f9746bd90,M12,1,23.51,24.62
73,e7d3343ab01cc92f9746bd90,M13,1,22.73,24.03
73,e7d3343ab01cc92f9746bd90,M14,1,19.02,20.46
73,e7d3343ab01cc92f9746bd90,M15,1,22.98,24.48
73,e7d3343ab01cc92f9746bd90,M16,1,49.87,51.76
73,e7d3343ab01cc92f9746bd90,M17,1,6.73,6.94
73,e7d3343ab01cc92f9746bd90,M18,1,9.21,9.46
73,e7d3343ab01cc92f9746bd90,M19,1,7.16,7.16
73,e7d3343ab01cc92f9746bd90,M20,1,8.78,9.5
73,e7d3343ab01cc92f9746bd90,M21,1,6.18,6.99
73,e7d3343ab01cc92f9746bd90,M22,1,13.98,15.84
73,e7d3343ab01cc92f9746bd90,M23,1,11.93,13.35
73,e7d3343ab01cc92f9746bd90,M24,1,14.14,16.5
73,e7d3343ab01cc92f9746bd90,M25,1,13.44,13.75
73,e7d3343ab01cc92f9746bd90,M26,1,12.02,12.54
73,e7d3343ab01cc92f9746bd90,M27,1,14.97,15.91
73,e7d3343ab01cc92f9746bd90,M28,1,12.78,13.91
73,e7d3343ab01cc92f9746bd90,M29,1,14.8,15.68
73,e7d3343ab01cc92f9746bd90,M30,1,9.39,9.58
74,685253186b7c8d8473d65ffa,M01,2,6.8,6.88
74,685253186b7c8d8473d65ffa,M02,2,8.99,9.32
74,685253186b7c8d8473d65ffa,M03,2,8.76,9.36
74,685253186b7c8d8473d65ffa,M04,2,7.92,8.58
74,685253186b7c8d8473d65ffa,M05,2,7.87,8.46
74,685253186b7c8d8473d65ffa,M06,2,11,11.66
74,685253186b7c8d8473d65ffa,M07,2,11.7,12.81
74,685253186b7c8d8473d65ffa,M08,2,15.77,16.97
74,685253186b7c8d8473d65ffa,M09,2,14.37,16.03
74,685253186b7c8d8473d65ffa,M10,2,17.59,18.71
74,685253186b7c8d8473d65ffa,M11,2,16.6,17.82
74,685253186b7c8d8473d65ffa,M12,2,21.43,24
74,685253186b7c8d8473d65ffa,M13,2,20.78,23.43
74,685253186b7c8d8473d65ffa,M14,2,16.97,20.18
74,685253186b7c8d8473d65ffa,M15,2,21.41,23.65
74,685253186b7c8d8473d65ffa,M16,2,45.77,51.18
74,685253186b7c8d8473d65ffa,M17,2,6.27,6.73
74,685253186b7c8d8473d65ffa,M18,2,8.55,9.21
74,685253186b7c8d8473d65ffa,M19,2,7.34,6.87
74,685253186b7c8d8473d65ffa,M20,2,9.58,9.15
74,685253186b7c8d8473d65ffa,M21,2,7.04,6.77
74,685253186b7c8d8473d65ffa,M22,2,16.08,15.22
74,685253186b7c8d8473d65ffa,M23,2,13.35,13.01
74,685253186b7c8d8473d65ffa,M24,2,16.66,15.92
74,685253186b7c8d8473d65ffa,M25,2,13.23,13.62
74,685253186b7c8d8473d65ffa,M26,2,11.71,12.34
74,685253186b7c8d8473d65ffa,M27,2,14.45,15.67
74,685253186b7c8d8473d65ffa,M28,2,12.18,13.69
74,685253186b7c8d8473d65ffa,M29,2,14.58,15.58
74,685253186b7c8d8473d65ffa,M30,2,8.76,9.38
75,1fcbc4f3ec49fb735c0f7d56,M01,3,6.41,6.99
75,1fcbc4f3ec49fb735c0f7d56,M02,3,8.39,9.41
75,1fcbc4f3ec49fb735c0f7d56,M03,3,7.8,9.67
75,1fcbc4f3ec49fb735c0f7d56,M04,3,7.11,8.99
75,1fcbc4f3ec49fb735c0f7d56,M05,3,7.01,8.87
75,1fcbc4f3ec49fb735c0f7d56,M06,3,9.91,12.11
75,1fcbc4f3ec49fb735c0f7d56,M07,3,10.22,13.26
75,1fcbc4f3ec49fb735c0f7d56,M08,3,13.89,17.66
75,1fcbc4f3ec49fb735c0f7d56,M09,3,12.64,16.64
75,1fcbc4f3ec49fb735c0f7d56,M10,3,15.8,19.22
75,1fcbc4f3ec49fb735c0f7d56,M11,3,14.78,18.33
75,1fcbc4f3ec49fb735c0f7d56,M12,3,18.29,24.98
75,1fcbc4f3ec49fb735c0f7d56,M13,3,17.83,24.67
75,1fcbc4f3ec49fb735c0f7d56,M14,3,14.3,20.81
75,1fcbc4f3ec49fb735c0f7d56,M15,3,18.14,24.93
75,1fcbc4f3ec49fb735c0f7d56,M16,3,38.33,52.34
75,1fcbc4f3ec49fb735c0f7d56,M17,3,5.64,6.99
75,1fcbc4f3ec49fb735c0f7d56,M18,3,7.71,9.6
75,1fcbc4f3ec49fb735c0f7d56,M19,3,6.02,7.26
75,1fcbc4f3ec49fb735c0f7d56,M20,3,8.02,9.575
75,1fcbc4f3ec49fb735c0f7d56,M21,3,5.75,6.985
75,1fcbc4f3ec49fb735c0f7d56,M22,3,12.48,16.03
75,1fcbc4f3ec49fb735c0f7d56,M23,3,10.42,13.455
75,1fcbc4f3ec49fb735c0f7d56,M24,3,12.65,16.74
75,1fcbc4f3ec49fb735c0f7d56,M25,3,12.5,13.8
75,1fcbc4f3ec49fb735c0f7d56,M26,3,10.86,12.58
75,1fcbc4f3ec49fb735c0f7d56,M27,3,13.06,15.98
75,1fcbc4f3ec49fb735c0f7d56,M28,3,10.77,14.22
75,1fcbc4f3ec49fb735c0f7d56,M29,3,13.03,16.04
75,1fcbc4f3ec49fb735c0f7d56,M30,3,7.8,9.75
76,1879f3c5daf4cf8a36454c58,M01,0,5.84,6.91
76,1879f3c5daf4cf8a36454c58,M02,0,7.74,9.32
76,1879f3c5daf4cf8a36454c58,M03,0,6.84,9.36
76,1879f3c5daf4cf8a36454c58,M04,0,6.18,8.59
76,1879f3c5daf4cf8a36454c58,M05,0,5.97,8.47
76,1879f3c5daf4cf8a36454c58,M06,0,8.63,11.77
76,1879f3c5daf4cf8a36454c58,M07,0,8.96,12.83
76,1879f3c5daf4cf8a36454c58,M08,0,12.5,17.14
76,1879f3c5daf4cf8a36454c58,M09,0,11.06,16.05
76,1879f3c5daf4cf8a36454c58,M10,0,14.2,18.74
76,1879f3c5daf4cf8a36454c58,M11,0,12.79,17.84
76,1879f3c5daf4cf8a36454c58,M12,0,16.31,24.05
76,1879f3c5daf4cf8a36454c58,M13,0,15.35,23.48
76,1879f3c5daf4cf8a36454c58,M14,0,12.58,20.22
76,1879f3c5daf4cf8a36454c58,M15,0,15.38,23.9
76,1879f3c5daf4cf8a36454c58,M16,0,33.62,51.31
76,1879f3c5daf4cf8a36454c58,M17,0,4.78,6.83
76,1879f3c5daf4cf8a36454c58,M18,0,6.72,9.32
76,1879f3c5daf4cf8a36454c58,M19,0,5.6,7.09
76,1879f3c5daf4cf8a36454c58,M20,0,7.54,9.53
76,1879f3c5daf4cf8a36454c58,M21,0,5.49,6.95
76,1879f3c5daf4cf8a36454c58,M22,0,11.6,15.84
76,1879f3c5daf4cf8a36454c58,M23,0,9.89,13.31
76,1879f3c5daf4cf8a36454c58,M24,0,11.61,16.53
76,1879f3c5daf4cf8a36454c58,M25,0,11.37,13.62
76,1879f3c5daf4cf8a36454c58,M26,0,9.85,12.385
76,1879f3c5daf4cf8a36454c58,M27,0,11.32,15.7
76,1879f3c5daf4cf8a36454c58,M28,0,9.37,13.765
76,1879f3c5daf4cf8a36454c58,M29,0,11.18,15.575
76,1879f3c5daf4cf8a36454c58,M30,0,6.62,9.385
77,047b8df66ebc85fef8294a83,M01,3,6.49,6.99
77,047b8df66ebc85fef8294a83,M02,3,8.61,9.41
77,047b8df66ebc85fef8294a83,M03,3,8.12,9.67
77,047b8df66ebc85fef8294a83,M04,3,7.32,8.99
77,047b8df66ebc85fef8294a83,M05,3,7.17,8.87
77,047b8df66ebc85fef8294a83,M06,3,10.23,12.11
77,047b8df66ebc85fef8294a83,M07,3,10.8,13.26
77,047b8df66ebc85fef8294a83,M08,3,14.84,17.66
77,047b8df66ebc85fef8294a83,M09,3,13.48,16.64
77,047b8df66ebc85fef8294a83,M10,3,16.58,19.22
77,047b8df66ebc85fef8294a83,M11,3,15.42,18.33
77,047b8df66ebc85fef8294a83,M12,3,20.06,24.98
77,047b8df66ebc85fef8294a83,M13,3,19.03,24.67
77,047b8df66ebc85fef8294a83,M14,3,15.62,20.81
77,047b8df66ebc85fef8294a83,M15,3,19.52,24.93
77,047b8df66ebc85fef8294a83,M16,3,42.92,52.34
77,047b8df66ebc85fef8294a83,M17,3,5.79,6.99
77,047b8df66ebc85fef8294a83,M18,3,7.94,9.6
77,047b8df66ebc85fef8294a83,M19,3,6.51,7.26
77,047b8df66ebc85fef8294a83,M20,3,8.72,9.575
77,047b8df66ebc85fef8294a83,M21,3,6.25,6.985
77,047b8df66ebc85fef8294a83,M22,3,13.86,16.03
77,047b8df66ebc85fef8294a83,M23,3,11.68,13.455
77,047b8df66ebc85fef8294a83,M24,3,14.22,16.74
77,047b8df66ebc85fef8294a83,M25,3,12.43,13.8
77,047b8df66ebc85fef8294a83,M26,3,10.92,12.58
77,047b8df66ebc85fef8294a83,M27,3,12.97,15.98
77,047b8df66ebc85fef8294a83,M28,3,10.83,14.22
77,047b8df66ebc85fef8294a83,M29,3,12.95,16.04
77,047b8df66ebc85fef8294a83,M30,3,7.8,9.75
78,cdebdfe424c1e2de4b6e80f5,M01,3,5.54,6.99
78,cdebdfe424c1e2de4b6e80f5,M02,3,7.41,9.41
78,cdebdfe424c1e2de4b6e80f5,M03,3,6.42,9.67
78,cdebdfe424c1e2de4b6e80f5,M04,3,5.81,8.99
78,cdebdfe424c1e2de4b6e80f5,M05,3,5.57,8.87
78,cdebdfe424c1e2de4b6e80f5,M06,3,8.12,12.11
78,cdebdfe424c1e2de4b6e80f5,M07,3,8.33,13.26
78,cdebdfe424c1e2de4b6e80f5,M08,3,11.48,17.66
78,cdebdfe424c1e2de4b6e80f5,M09,3,9.88,16.64
78,cdebdfe424c1e2de4b6e80f5,M10,3,13.24,19.22
78,cdebdfe424c1e2de4b6e80f5,M11,3,11.56,18.33
78,cdebdfe424c1e2de4b6e80f5,M12,3,14.76,24.98
78,cdebdfe424c1e2de4b6e80f5,M13,3,14.02,24.67
78,cdebdfe424c1e2de4b6e80f5,M14,3,11.34,20.81
78,cdebdfe424c1e2de4b6e80f5,M15,3,14.1,24.93
78,cdebdfe424c1e2de4b6e80f5,M16,3,29.16,52.34
78,cdebdfe424c1e2de4b6e80f5,M17,3,4.43,6.99
78,cdebdfe424c1e2de4b6e80f5,M18,3,6.37,9.6
78,cdebdfe424c1e2de4b6e80f5,M19,3,5.38,7.26
78,cdebdfe424c1e2de4b6e80f5,M20,3,7.13,9.575
78,cdebdfe424c1e2de4b6e80f5,M21,3,5.28,6.985
78,cdebdfe424c1e2de4b6e80f5,M22,3,10.86,16.03
78,cdebdfe424c1e2de4b6e80f5,M23,3,9.06,13.455
78,cdebdfe424c1e2de4b6e80f5,M24,3,10.88,16.74
78,cdebdfe424c1e2de4b6e80f5,M25,3,6.42,13.8
78,cdebdfe424c1e2de4b6e80f5,M26,3,4.7,12.58
78,cdebdfe424c1e2de4b6e80f5,M27,3,6.96,15.98
78,cdebdfe424c1e2de4b6e80f5,M28,3,5.39,14.22
78,cdebdfe424c1e2de4b6e80f5,M29,3,6.98,16.04
78,cdebdfe424c1e2de4b6e80f5,M30,3,4.24,9.75
79,c4ac567011a027981340b36b,M01,4,5.08,6.845
79,c4ac567011a027981340b36b,M02,4,6.75,9.175
79,c4ac567011a027981340b36b,M03,4,5.75,9.25
79,c4ac567011a027981340b36b,M04,4,5.2,8.44
79,c4ac567011a027981340b36b,M05,4,5.01,8.46
79,c4ac567011a027981340b36b,M06,4,7.27,11.555
79,c4ac567011a027981340b36b,M07,4,7.41,12.545
79,c4ac567011a027981340b36b,M08,4,10.03,16.89
79,c4ac567011a027981340b36b,M09,4,8.16,15.81
79,c4ac567011a027981340b36b,M10,4,11.6,18.53
79,c4ac567011a027981340b36b,M11,4,10.01,17.615
79,c4ac567011a027981340b36b,M12,4,12.52,23.555
79,c4ac567011a027981340b36b,M13,4,12.01,23.13
79,c4ac567011a027981340b36b,M14,4,9.49,19.65
79,c4ac567011a027981340b36b,M15,4,11.84,23.315
79,c4ac567011a027981340b36b,M16,4,23.53,50.515
79,c4ac567011a027981340b36b,M17,4,3.54,6.655
79,c4ac567011a027981340b36b,M18,4,5.61,9.155
79,c4ac567011a027981340b36b,M19,4,4.73,6.985
79,c4ac567011a027981340b36b,M20,4,5.76,9.35
79,c4ac567011a027981340b36b,M21,4,4.63,6.77
79,c4ac567011a027981340b36b,M22,4,8.31,15.23
79,c4ac567011a027981340b36b,M23,4,6.85,13.01
79,c4ac567011a027981340b36b,M24,4,8.13,15.92
79,c4ac567011a027981340b36b,M25,4,10.04,13.5
79,c4ac567011a027981340b36b,M26,4,8.32,12.19
79,c4ac567011a027981340b36b,M27,4,9.52,15.28
79,c4ac567011a027981340b36b,M28,4,7.92,13.34
79,c4ac567011a027981340b36b,M29,4,9.15,15.58
79,c4ac567011a027981340b36b,M30,4,5.75,9.25
80,3f3242254ca882caa3780cd4,M01,3,5.92,6.99
80,3f3242254ca882caa3780cd4,M02,3,8.17,9.41
80,3f3242254ca882caa3780cd4,M03,3,7.57,9.67
80,3f3242254ca882caa3780cd4,M04,3,6.93,8.99
80,3f3242254ca882caa3780cd4,M05,3,6.63,8.87
80,3f3242254ca882caa3780cd4,M06,3,8.99,12.11
80,3f3242254ca882caa3780cd4,M07,3,9.99,13.26
80,3f3242254ca882caa3780cd4,M08,3,13.46,17.66
80,3f3242254ca882caa3780cd4,M09,3,11.95,16.64
80,3f3242254ca882caa3780cd4,M10,3,15.46,19.22
80,3f3242254ca882caa3780cd4,M11,3,13.99,18.33
80,3f3242254ca882caa3780cd4,M12,3,17.53,24.98
80,3f3242254ca882caa3780cd4,M13,3,15.88,24.67
80,3f3242254ca882caa3780cd4,M14,3,12.66,20.81
80,3f3242254ca882caa3780cd4,M15,3,17.46,24.93
80,3f3242254ca882caa3780cd4,M16,3,31.36,52.34
80,3f3242254ca882caa3780cd4,M17,3,5.49,6.99
80,3f3242254ca882caa3780cd4,M18,3,7.6,9.6
80,3f3242254ca882caa3780cd4,M19,3,5.46,7.26
80,3f3242254ca882caa3780cd4,M20,3,7.57,9.575
80,3f3242254ca882caa3780cd4,M21,3,5.59,6.985
80,3f3242254ca882caa3780cd4,M22,3,11.67,16.03
80,3f3242254ca882caa3780cd4,M23,3,9.6,13.455
80,3f3242254ca882caa3780cd4,M24,3,12.44,16.74
80,3f3242254ca882caa3780cd4,M25,3,11.58,13.8
80,3f3242254ca882caa3780cd4,M26,3,9.99,12.58
80,3f3242254ca882caa3780cd4,M27,3,11.65,15.98
80,3f3242254ca882caa3780cd4,M28,3,9.58,14.22
80,3f3242254ca882caa3780cd4,M29,3,12.32,16.04
80,3f3242254ca882caa3780cd4,M30,3,6.93,9.75
81,8f5373ae3303e9a701bc0449,M01,2,4.3,6.88
81,8f5373ae3303e9a701bc0449,M02,2,5.09,9.32
81,8f5373ae3303e9a701bc0449,M03,2,4.8,9.36
81,8f5373ae3303e9a701bc0449,M04,2,4.49,8.58
81,8f5373ae3303e9a701bc0449,M05,2,4.24,8.46
81,8f5373ae3303e9a701bc0449,M06,2,6.11,11.66
81,8f5373ae3303e9a701bc0449,M07,2,5.71,12.81
81,8f5373ae3303e9a701bc0449,M08,2,6.22,16.97
81,8f5373ae3303e9a701bc0449,M09,2,4.53,16.03
81,8f5373ae3303e9a701bc0449,M10,2,7.71,18.71
81,8f5373ae3303e9a701bc0449,M11,2,5.84,17.82
81,8f5373ae3303e9a701bc0449,M12,2,6.25,24
81,8f5373ae3303e9a701bc0449,M13,2,7.66,23.43
81,8f5373ae3303e9a701bc0449,M14,2,4.84,20.18
81,8f5373ae3303e9a701bc0449,M15,2,7.92,23.65
81,8f5373ae3303e9a701bc0449,M16,2,11.53,51.18
81,8f5373ae3303e9a701bc0449,M17,2,2.62,6.73
81,8f5373ae3303e9a701bc0449,M18,2,5.05,9.21
81,8f5373ae3303e9a701bc0449,M19,2,4.77,6.87
81,8f5373ae3303e9a701bc0449,M20,2,5.55,9.15
81,8f5373ae3303e9a701bc0449,M21,2,4.76,6.77
81,8f5373ae3303e9a701bc0449,M22,2,8.16,15.22
81,8f5373ae3303e9a701bc0449,M23,2,5.9,13.01
81,8f5373ae3303e9a701bc0449,M24,2,8.33,15.92
81,8f5373ae3303e9a701bc0449,M25,2,6.93,13.62
81,8f5373ae3303e9a701bc0449,M26,2,4.96,12.34
81,8f5373ae3303e9a701bc0449,M27,2,7.32,15.67
81,8f5373ae3303e9a701bc0449,M28,2,5.58,13.69
81,8f5373ae3303e9a701bc0449,M29,2,7.24,15.58
81,8f5373ae3303e9a701bc0449,M30,2,4.08,9.38
86,db6ca16feb506f12191f9ced,M01,3,4.92,6.99
86,db6ca16feb506f12191f9ced,M02,3,6.54,9.41
86,db6ca16feb506f12191f9ced,M03,3,5.55,9.67
86,db6ca16feb506f12191f9ced,M04,3,5.3,8.99
86,db6ca16feb506f12191f9ced,M05,3,5.14,8.87
86,db6ca16feb506f12191f9ced,M06,3,7.04,12.11
86,db6ca16feb506f12191f9ced,M07,3,7.16,13.26
86,db6ca16feb506f12191f9ced,M08,3,9.46,17.66
86,db6ca16feb506f12191f9ced,M09,3,8.51,16.64
86,db6ca16feb506f12191f9ced,M10,3,11.08,19.22
86,db6ca16feb506f12191f9ced,M11,3,10.17,18.33
86,db6ca16feb506f12191f9ced,M12,3,11.56,24.98
86,db6ca16feb506f12191f9ced,M13,3,11.52,24.67
86,db6ca16feb506f12191f9ced,M14,3,8.96,20.81
86,db6ca16feb506f12191f9ced,M15,3,11.48,24.93
86,db6ca16feb506f12191f9ced,M16,3,21.7,52.34
86,db6ca16feb506f12191f9ced,M17,3,3.82,6.99
86,db6ca16feb506f12191f9ced,M18,3,5.78,9.6
86,db6ca16feb506f12191f9ced,M19,3,5.39,7.26
86,db6ca16feb506f12191f9ced,M20,3,7.36,9.575
86,db6ca16feb506f12191f9ced,M21,3,5.47,6.985
86,db6ca16feb506f12191f9ced,M22,3,11.32,16.03
86,db6ca16feb506f12191f9ced,M23,3,9.34,13.455
86,db6ca16feb506f12191f9ced,M24,3,11.44,16.74
86,db6ca16feb506f12191f9ced,M25,3,6.26,13.8
86,db6ca16feb506f12191f9ced,M26,3,4.26,12.58
86,db6ca16feb506f12191f9ced,M27,3,6.81,15.98
86,db6ca16feb506f12191f9ced,M28,3,5.24,14.22
86,db6ca16feb506f12191f9ced,M29,3,6.82,16.04
86,db6ca16feb506f12191f9ced,M30,3,4.19,9.75
88,7c5d2caf2182c8f80629097e,M01,1,6.15,6.95
88,7c5d2caf2182c8f80629097e,M02,1,8.16,9.36
88,7c5d2caf2182c8f80629097e,M03,1,7.46,9.52
88,7c5d2caf2182c8f80629097e,M04,1,6.9,8.81
88,7c5d2caf2182c8f80629097e,M05,1,6.84,8.8
88,7c5d2caf2182c8f80629097e,M06,1,9.48,11.89
88,7c5d2caf2182c8f80629097e,M07,1,9.85,13
88,7c5d2caf2182c8f80629097e,M08,1,13.68,17.42
88,7c5d2caf2182c8f80629097e,M09,1,12.67,16.18
88,7c5d2caf2182c8f80629097e,M10,1,15.41,18.98
88,7c5d2caf2182c8f80629097e,M11,1,14.59,18.29
88,7c5d2caf2182c8f80629097e,M12,1,18.23,24.62
88,7c5d2caf2182c8f80629097e,M13,1,17.43,24.03
88,7c5d2caf2182c8f80629097e,M14,1,14.34,20.46
88,7c5d2caf2182c8f80629097e,M15,1,17.43,24.48
88,7c5d2caf2182c8f80629097e,M16,1,39.31,51.76
88,7c5d2caf2182c8f80629097e,M17,1,5.59,6.94
88,7c5d2caf2182c8f80629097e,M18,1,7.5,9.46
88,7c5d2caf2182c8f80629097e,M19,1,5.97,7.16
88,7c5d2caf2182c8f80629097e,M20,1,8,9.5
88,7c5d2caf2182c8f80629097e,M21,1,5.83,6.99
88,7c5d2caf2182c8f80629097e,M22,1,12.41,15.84
88,7c5d2caf2182c8f80629097e,M23,1,10.52,13.35
88,7c5d2caf2182c8f80629097e,M24,1,12.53,16.5
88,7c5d2caf2182c8f80629097e,M25,1,12.23,13.75
88,7c5d2caf2182c8f80629097e,M26,1,10.73,12.54
88,7c5d2caf2182c8f80629097e,M27,1,12.64,15.91
88,7c5d2caf2182c8f80629097e,M28,1,10.61,13.91
88,7c5d2caf2182c8f80629097e,M29,1,12.45,15.68
88,7c5d2caf2182c8f80629097e,M30,1,7.49,9.58
91,6d9f9870f4d44ecb43c6008e,M25,4,14.15,13.5
91,6d9f9870f4d44ecb43c6008e,M26,4,12.9,12.19
91,6d9f9870f4d44ecb43c6008e,M27,4,16.68,15.28
91,6d9f9870f4d44ecb43c6008e,M28,4,14.79,13.34
91,6d9f9870f4d44ecb43c6008e,M29,4,16.71,15.58
91,6d9f9870f4d44ecb43c6008e,M30,4,10.23,9.25
92,ad6b380a8fe0471ba1141477,M01,2,6.67,6.88
92,ad6b380a8fe0471ba1141477,M02,2,8.9,9.32
92,ad6b380a8fe0471ba1141477,M03,2,8.66,9.36
92,ad6b380a8fe0471ba1141477,M04,2,7.92,8.58
92,ad6b380a8fe0471ba1141477,M05,2,7.85,8.46
92,ad6b380a8fe0471ba1141477,M06,2,10.89,11.66
92,ad6b380a8fe0471ba1141477,M07,2,11.64,12.81
92,ad6b380a8fe0471ba1141477,M08,2,15.88,16.97
92,ad6b380a8fe0471ba1141477,M09,2,14.72,16.03
92,ad6b380a8fe0471ba1141477,M10,2,17.56,18.71
92,ad6b380a8fe0471ba1141477,M11,2,16.65,17.82
92,ad6b380a8fe0471ba1141477,M12,2,21.91,24
92,ad6b380a8fe0471ba1141477,M13,2,21.18,23.43
92,ad6b380a8fe0471ba1141477,M14,2,17.75,20.18
92,ad6b380a8fe0471ba1141477,M15,2,21.33,23.65
92,ad6b380a8fe0471ba1141477,M16,2,47.62,51.18
92,ad6b380a8fe0471ba1141477,M17,2,6.33,6.73
92,ad6b380a8fe0471ba1141477,M18,2,8.55,9.21
92,ad6b380a8fe0471ba1141477,M19,2,7.16,6.87
92,ad6b380a8fe0471ba1141477,M20,2,9.5,9.15
92,ad6b380a8fe0471ba1141477,M21,2,6.92,6.77
92,ad6b380a8fe0471ba1141477,M22,2,15.84,15.22
92,ad6b380a8fe0471ba1141477,M23,2,13.31,13.01
92,ad6b380a8fe0471ba1141477,M24,2,16.25,15.92
92,ad6b380a8fe0471ba1141477,M25,2,13.14,13.62
92,ad6b380a8fe0471ba1141477,M26,2,11.77,12.34
92,ad6b380a8fe0471ba1141477,M27,2,14.43,15.67
92,ad6b380a8fe0471ba1141477,M28,2,12.35,13.69
92,ad6b380a8fe0471ba1141477,M29,2,14.35,15.58
92,ad6b380a8fe0471ba1141477,M30,2,8.68,9.38
93,90e4bc93a64c5319da7b3c19,M01,3,5.81,6.99
93,90e4bc93a64c5319da7b3c19,M02,3,7.77,9.41
93,90e4bc93a64c5319da7b3c19,M03,3,6.88,9.67
93,90e4bc93a64c5319da7b3c19,M04,3,6,8.99
93,90e4bc93a64c5319da7b3c19,M05,3,5.89,8.87
93,90e4bc93a64c5319da7b3c19,M06,3,8.68,12.11
93,90e4bc93a64c5319da7b3c19,M07,3,9.05,13.26
93,90e4bc93a64c5319da7b3c19,M08,3,12.75,17.66
93,90e4bc93a64c5319da7b3c19,M09,3,10.62,16.64
93,90e4bc93a64c5319da7b3c19,M10,3,14.39,19.22
93,90e4bc93a64c5319da7b3c19,M11,3,12.84,18.33
93,90e4bc93a64c5319da7b3c19,M12,3,16.81,24.98
93,90e4bc93a64c5319da7b3c19,M13,3,15.57,24.67
93,90e4bc93a64c5319da7b3c19,M14,3,12.8,20.81
93,90e4bc93a64c5319da7b3c19,M15,3,15.57,24.93
93,90e4bc93a64c5319da7b3c19,M16,3,34.22,52.34
93,90e4bc93a64c5319da7b3c19,M17,3,4.55,6.99
93,90e4bc93a64c5319da7b3c19,M18,3,6.56,9.6
93,90e4bc93a64c5319da7b3c19,M19,3,5.45,7.26
93,90e4bc93a64c5319da7b3c19,M20,3,7.4,9.575
93,90e4bc93a64c5319da7b3c19,M21,3,5.28,6.985
93,90e4bc93a64c5319da7b3c19,M22,3,11.32,16.03
93,90e4bc93a64c5319da7b3c19,M23,3,9.55,13.455
93,90e4bc93a64c5319da7b3c19,M24,3,11.32,16.74
93,90e4bc93a64c5319da7b3c19,M25,3,11.54,13.8
93,90e4bc93a64c5319da7b3c19,M26,3,10.06,12.58
93,90e4bc93a64c5319da7b3c19,M27,3,11.58,15.98
93,90e4bc93a64c5319da7b3c19,M28,3,9.61,14.22
93,90e4bc93a64c5319da7b3c19,M29,3,11.31,16.04
93,90e4bc93a64c5319da7b3c19,M30,3,6.86,9.75
95,74e84ef329ad1064a1b82a83,M01,4,6.67,6.845
95,74e84ef329ad1064a1b82a83,M02,4,8.85,9.175
95,74e84ef329ad1064a1b82a83,M03,4,8.53,9.25
95,74e84ef329ad1064a1b82a83,M04,4,7.84,8.44
95,74e84ef329ad1064a1b82a83,M05,4,7.78,8.46
95,74e84ef329ad1064a1b82a83,M06,4,10.79,11.555
95,74e84ef329ad1064a1b82a83,M07,4,11.43,12.545
95,74e84ef329ad1064a1b82a83,M08,4,15.58,16.89
95,74e84ef329ad1064a1b82a83,M09,4,14.47,15.81
95,74e84ef329ad1064a1b82a83,M10,4,17.33,18.53
95,74e84ef329ad1064a1b82a83,M11,4,16.44,17.615
95,74e84ef329ad1064a1b82a83,M12,4,21.33,23.555
95,74e84ef329ad1064a1b82a83,M13,4,20.74,23.13
95,74e84ef329ad1064a1b82a83,M14,4,17.16,19.65
95,74e84ef329ad1064a1b82a83,M15,4,20.84,23.315
95,74e84ef329ad1064a1b82a83,M16,4,46.57,50.515
95,74e84ef329ad1064a1b82a83,M17,4,6.26,6.655
95,74e84ef329ad1064a1b82a83,M18,4,8.46,9.155
95,74e84ef329ad1064a1b82a83,M19,4,6.78,6.985
95,74e84ef329ad1064a1b82a83,M20,4,9.02,9.35
95,74e84ef329ad1064a1b82a83,M21,4,6.56,6.77
95,74e84ef329ad1064a1b82a83,M22,4,14.6,15.23
95,74e84ef329ad1064a1b82a83,M23,4,12.3,13.01
95,74e84ef329ad1064a1b82a83,M24,4,14.89,15.92
95,74e84ef329ad1064a1b82a83,M25,4,13.07,13.5
95,74e84ef329ad1064a1b82a83,M26,4,11.67,12.19
95,74e84ef329ad1064a1b82a83,M27,4,14.28,15.28
95,74e84ef329ad1064a1b82a83,M28,4,12.15,13.34
95,74e84ef329ad1064a1b82a83,M29,4,14.17,15.58
95,74e84ef329ad1064a1b82a83,M30,4,8.55,9.25
96,3cf78d38643a00824f675671,M01,3,4.98,6.99
96,3cf78d38643a00824f675671,M02,3,6.45,9.41
96,3cf78d38643a00824f675671,M03,3,5.51,9.67
96,3cf78d38643a00824f675671,M04,3,5.38,8.99
96,3cf78d38643a00824f675671,M05,3,5.31,8.87
96,3cf78d38643a00824f675671,M06,3,7.14,12.11
96,3cf78d38643a00824f675671,M07,3,7.08,13.26
96,3cf78d38643a00824f675671,M08,3,9.29,17.66
96,3cf78d38643a00824f675671,M09,3,8.78,16.64
96,3cf78d38643a00824f675671,M10,3,10.91,19.22
96,3cf78d38643a00824f675671,M11,3,10.69,18.33
96,3cf78d38643a00824f675671,M12,3,11.35,24.98
96,3cf78d38643a00824f675671,M13,3,11.83,24.67
96,3cf78d38643a00824f675671,M14,3,10.65,20.81
96,3cf78d38643a00824f675671,M15,3,11.78,24.93
96,3cf78d38643a00824f675671,M16,3,22.87,52.34
96,3cf78d38643a00824f675671,M17,3,3.93,6.99
96,3cf78d38643a00824f675671,M18,3,5.78,9.6
96,3cf78d38643a00824f675671,M19,3,4.91,7.26
96,3cf78d38643a00824f675671,M20,3,6.24,9.575
96,3cf78d38643a00824f675671,M21,3,4.9,6.985
96,3cf78d38643a00824f675671,M22,3,9.24,16.03
96,3cf78d38643a00824f675671,M23,3,8.36,13.455
96,3cf78d38643a00824f675671,M24,3,9.03,16.74
96,3cf78d38643a00824f675671,M25,3,10.48,13.8
96,3cf78d38643a00824f675671,M26,3,9.65,12.58
96,3cf78d38643a00824f675671,M27,3,9.97,15.98
96,3cf78d38643a00824f675671,M28,3,9.03,14.22
96,3cf78d38643a00824f675671,M29,3,9.86,16.04
96,3cf78d38643a00824f675671,M30,3,6.41,9.75
98,b98d74e7b8c54efd1aed9d66,M01,4,4.03,6.845
98,b98d74e7b8c54efd1aed9d66,M02,4,4.75,9.175
98,b98d74e7b8c54efd1aed9d66,M03,4,4.51,9.25
98,b98d74e7b8c54efd1aed9d66,M04,4,4.23,8.44
98,b98d74e7b8c54efd1aed9d66,M05,4,3.89,8.46
98,b98d74e7b8c54efd1aed9d66,M06,4,5.78,11.555
98,b98d74e7b8c54efd1aed9d66,M07,4,5.16,12.545
98,b98d74e7b8c54efd1aed9d66,M08,4,5.33,16.89
98,b98d74e7b8c54efd1aed9d66,M09,4,3.83,15.81
98,b98d74e7b8c54efd1aed9d66,M10,4,6.79,18.53
98,b98d74e7b8c54efd1aed9d66,M11,4,5.02,17.615
98,b98d74e7b8c54efd1aed9d66,M12,4,5.43,23.555
98,b98d74e7b8c54efd1aed9d66,M13,4,6.48,23.13
98,b98d74e7b8c54efd1aed9d66,M14,4,4.19,19.65
98,b98d74e7b8c54efd1aed9d66,M15,4,6.56,23.315
98,b98d74e7b8c54efd1aed9d66,M16,4,8.31,50.515
98,b98d74e7b8c54efd1aed9d66,M17,4,2.14,6.655
98,b98d74e7b8c54efd1aed9d66,M18,4,4.71,9.155
98,b98d74e7b8c54efd1aed9d66,M19,4,4.37,6.985
98,b98d74e7b8c54efd1aed9d66,M20,4,4.74,9.35
98,b98d74e7b8c54efd1aed9d66,M21,4,4.37,6.77
98,b98d74e7b8c54efd1aed9d66,M22,4,6.59,15.23
98,b98d74e7b8c54efd1aed9d66,M23,4,4.76,13.01
98,b98d74e7b8c54efd1aed9d66,M24,4,6.68,15.92
98,b98d74e7b8c54efd1aed9d66,M25,4,6.47,13.5
98,b98d74e7b8c54efd1aed9d66,M26,4,4.74,12.19
98,b98d74e7b8c54efd1aed9d66,M27,4,6.91,15.28
98,b98d74e7b8c54efd1aed9d66,M28,4,5.34,13.34
98,b98d74e7b8c54efd1aed9d66,M29,4,6.73,15.58
98,b98d74e7b8c54efd1aed9d66,M30,4,4.14,9.25
99,8b9b7a85e43384ce9dc9d4e5,M01,2,6.85,6.88
99,8b9b7a85e43384ce9dc9d4e5,M02,2,9.05,9.32
99,8b9b7a85e43384ce9dc9d4e5,M03,2,8.88,9.36
99,8b9b7a85e43384ce9dc9d4e5,M04,2,8.15,8.58
99,8b9b7a85e43384ce9dc9d4e5,M05,2,8.15,8.46
99,8b9b7a85e43384ce9dc9d4e5,M06,2,11.32,11.66
99,8b9b7a85e43384ce9dc9d4e5,M07,2,11.94,12.81
99,8b9b7a85e43384ce9dc9d4e5,M08,2,16.21,16.97
99,8b9b7a85e43384ce9dc9d4e5,M09,2,15.14,16.03
99,8b9b7a85e43384ce9dc9d4e5,M10,2,17.92,18.71
99,8b9b7a85e43384ce9dc9d4e5,M11,2,17.06,17.82
99,8b9b7a85e43384ce9dc9d4e5,M12,2,22.43,24
99,8b9b7a85e43384ce9dc9d4e5,M13,2,22.17,23.43
99,8b9b7a85e43384ce9dc9d4e5,M14,2,18.53,20.18
99,8b9b7a85e43384ce9dc9d4e5,M15,2,21.94,23.65
99,8b9b7a85e43384ce9dc9d4e5,M16,2,49.13,51.18
99,8b9b7a85e43384ce9dc9d4e5,M17,2,6.52,6.73
99,8b9b7a85e43384ce9dc9d4e5,M18,2,8.77,9.21
99,8b9b7a85e43384ce9dc9d4e5,M19,2,7.05,6.87
99,8b9b7a85e43384ce9dc9d4e5,M20,2,9.3,9.15
99,8b9b7a85e43384ce9dc9d4e5,M21,2,6.71,6.77
99,8b9b7a85e43384ce9dc9d4e5,M22,2,15.23,15.22
99,8b9b7a85e43384ce9dc9d4e5,M23,2,12.78,13.01
99,8b9b7a85e43384ce9dc9d4e5,M24,2,15.54,15.92
99,8b9b7a85e43384ce9dc9d4e5,M25,2,13.43,13.62
99,8b9b7a85e43384ce9dc9d4e5,M26,2,11.98,12.34
99,8b9b7a85e43384ce9dc9d4e5,M27,2,14.93,15.67
99,8b9b7a85e43384ce9dc9d4e5,M28,2,12.76,13.69
99,8b9b7a85e43384ce9dc9d4e5,M29,2,14.68,15.58
99,8b9b7a85e43384ce9dc9d4e5,M30,2,8.93,9.38
100,7a9ff14e405dc4decdd4dd4f,M01,0,6.08,6.91
100,7a9ff14e405dc4decdd4dd4f,M02,0,8.45,9.32
100,7a9ff14e405dc4decdd4dd4f,M03,0,7.74,9.36
100,7a9ff14e405dc4decdd4dd4f,M04,0,7.34,8.59
100,7a9ff14e405dc4decdd4dd4f,M05,0,3.49,8.47
100,7a9ff14e405dc4decdd4dd4f,M06,0,9.48,11.77
100,7a9ff14e405dc4decdd4dd4f,M07,0,10.37,12.83
100,7a9ff14e405dc4decdd4dd4f,M08,0,14.27,17.14
100,7a9ff14e405dc4decdd4dd4f,M09,0,13.16,16.05
100,7a9ff14e405dc4decdd4dd4f,M10,0,16.04,18.74
100,7a9ff14e405dc4decdd4dd4f,M11,0,14.84,17.84
100,7a9ff14e405dc4decdd4dd4f,M12,0,19.15,24.05
100,7a9ff14e405dc4decdd4dd4f,M13,0,17.27,23.48
100,7a9ff14e405dc4decdd4dd4f,M14,0,14.07,20.22
100,7a9ff14e405dc4decdd4dd4f,M15,0,18.83,23.9
100,7a9ff14e405dc4decdd4dd4f,M16,0,36.61,51.31
100,7a9ff14e405dc4decdd4dd4f,M17,0,5.6,6.83
100,7a9ff14e405dc4decdd4dd4f,M18,0,7.78,9.32
100,7a9ff14e405dc4decdd4dd4f,M19,0,5.57,7.09
100,7a9ff14e405dc4decdd4dd4f,M20,0,7.95,9.53
100,7a9ff14e405dc4decdd4dd4f,M21,0,5.87,6.95
100,7a9ff14e405dc4decdd4dd4f,M22,0,12.25,15.84
100,7a9ff14e405dc4decdd4dd4f,M23,0,10.17,13.31
100,7a9ff14e405dc4decdd4dd4f,M24,0,13.16,16.53
100,7a9ff14e405dc4decdd4dd4f,M25,0,11.95,13.62
100,7a9ff14e405dc4decdd4dd4f,M26,0,10.5,12.385
100,7a9ff14e405dc4decdd4dd4f,M27,0,12.32,15.7
100,7a9ff14e405dc4decdd4dd4f,M28,0,10.32,13.765
100,7a9ff14e405dc4decdd4dd4f,M29,0,12.93,15.575
100,7a9ff14e405dc4decdd4dd4f,M30,0,7.58,9.385
101,3a06738b335793103289ffb6,M01,3,4.49,6.99
101,3a06738b335793103289ffb6,M02,3,5.75,9.41
101,3a06738b335793103289ffb6,M03,3,5.06,9.67
101,3a06738b335793103289ffb6,M04,3,4.85,8.99
101,3a06738b335793103289ffb6,M05,3,4.64,8.87
101,3a06738b335793103289ffb6,M06,3,6.43,12.11
101,3a06738b335793103289ffb6,M07,3,6.28,13.26
101,3a06738b335793103289ffb6,M08,3,7.46,17.66
101,3a06738b335793103289ffb6,M09,3,6.55,16.64
101,3a06738b335793103289ffb6,M10,3,9.03,19.22
101,3a06738b335793103289ffb6,M11,3,7.96,18.33
101,3a06738b335793103289ffb6,M12,3,8.44,24.98
101,3a06738b335793103289ffb6,M13,3,9.05,24.67
101,3a06738b335793103289ffb6,M14,3,6.63,20.81
101,3a06738b335793103289ffb6,M15,3,9.06,24.93
101,3a06738b335793103289ffb6,M16,3,14.49,52.34
101,3a06738b335793103289ffb6,M17,3,2.87,6.99
101,3a06738b335793103289ffb6,M18,3,5.26,9.6
101,3a06738b335793103289ffb6,M19,3,4.96,7.26
101,3a06738b335793103289ffb6,M20,3,6.17,9.575
101,3a06738b335793103289ffb6,M21,3,4.95,6.985
101,3a06738b335793103289ffb6,M22,3,9.2,16.03
101,3a06738b335793103289ffb6,M23,3,7.32,13.455
101,3a06738b335793103289ffb6,M24,3,9.3,16.74
101,3a06738b335793103289ffb6,M25,3,7.1,13.8
101,3a06738b335793103289ffb6,M26,3,5.04,12.58
101,3a06738b335793103289ffb6,M27,3,7.86,15.98
101,3a06738b335793103289ffb6,M28,3,6.09,14.22
101,3a06738b335793103289ffb6,M29,3,7.56,16.04
101,3a06738b335793103289ffb6,M30,3,4.08,9.75
102,aff25fa1ec688ab41c7f5099,M01,2,4.66,6.88
102,aff25fa1ec688ab41c7f5099,M02,2,6.08,9.32
102,aff25fa1ec688ab41c7f5099,M03,2,5.24,9.36
102,aff25fa1ec688ab41c7f5099,M04,2,5.02,8.58
102,aff25fa1ec688ab41c7f5099,M05,2,4.88,8.46
102,aff25fa1ec688ab41c7f5099,M06,2,6.64,11.66
102,aff25fa1ec688ab41c7f5099,M07,2,6.63,12.81
102,aff25fa1ec688ab41c7f5099,M08,2,8.23,16.97
102,aff25fa1ec688ab41c7f5099,M09,2,7.3,16.03
102,aff25fa1ec688ab41c7f5099,M10,2,9.83,18.71
102,aff25fa1ec688ab41c7f5099,M11,2,8.89,17.82
102,aff25fa1ec688ab41c7f5099,M12,2,9.68,24
102,aff25fa1ec688ab41c7f5099,M13,2,10,23.43
102,aff25fa1ec688ab41c7f5099,M14,2,7.53,20.18
102,aff25fa1ec688ab41c7f5099,M15,2,10,23.65
102,aff25fa1ec688ab41c7f5099,M16,2,17.25,51.18
102,aff25fa1ec688ab41c7f5099,M17,2,3.27,6.73
102,aff25fa1ec688ab41c7f5099,M18,2,5.39,9.21
102,aff25fa1ec688ab41c7f5099,M19,2,4.96,6.87
102,aff25fa1ec688ab41c7f5099,M20,2,6.21,9.15
102,aff25fa1ec688ab41c7f5099,M21,2,5.01,6.77
102,aff25fa1ec688ab41c7f5099,M22,2,9.2,15.22
102,aff25fa1ec688ab41c7f5099,M23,2,7.36,13.01
102,aff25fa1ec688ab41c7f5099,M24,2,9.46,15.92
102,aff25fa1ec688ab41c7f5099,M25,2,7.28,13.62
102,aff25fa1ec688ab41c7f5099,M26,2,5.14,12.34
102,aff25fa1ec688ab41c7f5099,M27,2,7.81,15.67
102,aff25fa1ec688ab41c7f5099,M28,2,7.05,13.69
102,aff25fa1ec688ab41c7f5099,M29,2,8.14,15.58
102,aff25fa1ec688ab41c7f5099,M30,2,4.21,9.38
103,fafa20a4901e87c3d213e2c4,M01,0,4.95,6.91
103,fafa20a4901e87c3d213e2c4,M02,0,6.51,9.32
103,fafa20a4901e87c3d213e2c4,M03,0,5.59,9.36
103,fafa20a4901e87c3d213e2c4,M04,0,5.3,8.59
103,fafa20a4901e87c3d213e2c4,M05,0,5.13,8.47
103,fafa20a4901e87c3d213e2c4,M06,0,7.06,11.77
103,fafa20a4901e87c3d213e2c4,M07,0,7.15,12.83
103,fafa20a4901e87c3d213e2c4,M08,0,9.24,17.14
103,fafa20a4901e87c3d213e2c4,M09,0,8.23,16.05
103,fafa20a4901e87c3d213e2c4,M10,0,10.92,18.74
103,fafa20a4901e87c3d213e2c4,M11,0,9.9,17.84
103,fafa20a4901e87c3d213e2c4,M12,0,11.12,24.05
103,fafa20a4901e87c3d213e2c4,M13,0,11.26,23.48
103,fafa20a4901e87c3d213e2c4,M14,0,8.56,20.22
103,fafa20a4901e87c3d213e2c4,M15,0,11.37,23.9
103,fafa20a4901e87c3d213e2c4,M16,0,20.25,51.31
103,fafa20a4901e87c3d213e2c4,M17,0,3.67,6.83
103,fafa20a4901e87c3d213e2c4,M18,0,5.73,9.32
103,fafa20a4901e87c3d213e2c4,M19,0,5.15,7.09
103,fafa20a4901e87c3d213e2c4,M20,0,6.58,9.53
103,fafa20a4901e87c3d213e2c4,M21,0,5.12,6.95
103,fafa20a4901e87c3d213e2c4,M22,0,9.95,15.84
103,fafa20a4901e87c3d213e2c4,M23,0,8.09,13.31
103,fafa20a4901e87c3d213e2c4,M24,0,10.05,16.53
103,fafa20a4901e87c3d213e2c4,M25,0,8.66,13.62
103,fafa20a4901e87c3d213e2c4,M26,0,6.74,12.385
103,fafa20a4901e87c3d213e2c4,M27,0,8.47,15.7
103,fafa20a4901e87c3d213e2c4,M28,0,7.05,13.765
103,fafa20a4901e87c3d213e2c4,M29,0,8.14,15.575
103,fafa20a4901e87c3d213e2c4,M30,0,4.95,9.385
104,3a7529da11b98d32d37eb9b2,M01,1,7.31,6.95
104,3a7529da11b98d32d37eb9b2,M02,1,9.78,9.36
104,3a7529da11b98d32d37eb9b2,M03,1,10.29,9.52
104,3a7529da11b98d32d37eb9b2,M04,1,9.5,8.81
104,3a7529da11b98d32d37eb9b2,M05,1,9.54,8.8
104,3a7529da11b98d32d37eb9b2,M06,1,12.86,11.89
104,3a7529da11b98d32d37eb9b2,M07,1,14.12,13
104,3a7529da11b98d32d37eb9b2,M08,1,18.5,17.42
104,3a7529da11b98d32d37eb9b2,M09,1,17.4,16.18
104,3a7529da11b98d32d37eb9b2,M10,1,20.13,18.98
104,3a7529da11b98d32d37eb9b2,M11,1,19.36,18.29
104,3a7529da11b98d32d37eb9b2,M12,1,26.34,24.62
104,3a7529da11b98d32d37eb9b2,M13,1,26.56,24.03
104,3a7529da11b98d32d37eb9b2,M14,1,23.05,20.46
104,3a7529da11b98d32d37eb9b2,M15,1,26.79,24.48
104,3a7529da11b98d32d37eb9b2,M16,1,54.88,51.76
104,3a7529da11b98d32d37eb9b2,M17,1,7.33,6.94
104,3a7529da11b98d32d37eb9b2,M18,1,10.07,9.46
104,3a7529da11b98d32d37eb9b2,M19,1,9.14,7.16
104,3a7529da11b98d32d37eb9b2,M20,1,11.44,9.5
104,3a7529da11b98d32d37eb9b2,M21,1,8.71,6.99
104,3a7529da11b98d32d37eb9b2,M22,1,21.42,15.84
104,3a7529da11b98d32d37eb9b2,M23,1,18.23,13.35
104,3a7529da11b98d32d37eb9b2,M24,1,21.96,16.5
104,3a7529da11b98d32d37eb9b2,M25,1,14.27,13.75
104,3a7529da11b98d32d37eb9b2,M26,1,12.95,12.54
104,3a7529da11b98d32d37eb9b2,M27,1,16.77,15.91
104,3a7529da11b98d32d37eb9b2,M28,1,14.82,13.91
104,3a7529da11b98d32d37eb9b2,M29,1,16.71,15.68
104,3a7529da11b98d32d37eb9b2,M30,1,10.31,9.58
106,6a14fc3ef083f99a0815d5c0,M01,1,6.6,6.95
106,6a14fc3ef083f99a0815d5c0,M02,1,8.76,9.36
106,6a14fc3ef083f99a0815d5c0,M03,1,8.4,9.52
106,6a14fc3ef083f99a0815d5c0,M04,1,7.68,8.81
106,6a14fc3ef083f99a0815d5c0,M05,1,7.64,8.8
106,6a14fc3ef083f99a0815d5c0,M06,1,10.65,11.89
106,6a14fc3ef083f99a0815d5c0,M07,1,11.22,13
106,6a14fc3ef083f99a0815d5c0,M08,1,15.34,17.42
106,6a14fc3ef083f99a0815d5c0,M09,1,14.19,16.18
106,6a14fc3ef083f99a0815d5c0,M10,1,17.09,18.98
106,6a14fc3ef083f99a0815d5c0,M11,1,16.15,18.29
106,6a14fc3ef083f99a0815d5c0,M12,1,20.97,24.62
106,6a14fc3ef083f99a0815d5c0,M13,1,20.37,24.03
106,6a14fc3ef083f99a0815d5c0,M14,1,16.83,20.46
106,6a14fc3ef083f99a0815d5c0,M15,1,20.31,24.48
106,6a14fc3ef083f99a0815d5c0,M16,1,46.05,51.76
106,6a14fc3ef083f99a0815d5c0,M17,1,6.18,6.94
106,6a14fc3ef083f99a0815d5c0,M18,1,8.29,9.46
106,6a14fc3ef083f99a0815d5c0,M19,1,6.85,7.16
106,6a14fc3ef083f99a0815d5c0,M20,1,9.12,9.5
106,6a14fc3ef083f99a0815d5c0,M21,1,6.61,6.99
106,6a14fc3ef083f99a0815d5c0,M22,1,14.87,15.84
106,6a14fc3ef083f99a0815d5c0,M23,1,12.44,13.35
106,6a14fc3ef083f99a0815d5c0,M24,1,15.13,16.5
106,6a14fc3ef083f99a0815d5c0,M25,1,12.98,13.75
106,6a14fc3ef083f99a0815d5c0,M26,1,11.57,12.54
106,6a14fc3ef083f99a0815d5c0,M27,1,14.11,15.91
106,6a14fc3ef083f99a0815d5c0,M28,1,11.95,13.91
106,6a14fc3ef083f99a0815d5c0,M29,1,13.91,15.68
106,6a14fc3ef083f99a0815d5c0,M30,1,8.42,9.58
107,2ca218591068dc3467fc728a,M01,1,7.64,6.95
107,2ca218591068dc3467fc728a,M02,1,10.13,9.36
107,2ca218591068dc3467fc728a,M03,1,10.85,9.52
107,2ca218591068dc3467fc728a,M04,1,9.91,8.81
107,2ca218591068dc3467fc728a,M05,1,10.02,8.8
107,2ca218591068dc3467fc728a,M06,1,13.61,11.89
107,2ca218591068dc3467fc728a,M07,1,14.88,13
107,2ca218591068dc3467fc728a,M08,1,19.26,17.42
107,2ca218591068dc3467fc728a,M09,1,17.39,16.18
107,2ca218591068dc3467fc728a,M10,1,20.96,18.98
107,2ca218591068dc3467fc728a,M11,1,20.01,18.29
107,2ca218591068dc3467fc728a,M12,1,27.43,24.62
107,2ca218591068dc3467fc728a,M13,1,28.21,24.03
107,2ca218591068dc3467fc728a,M14,1,24.39,20.46
107,2ca218591068dc3467fc728a,M15,1,28.15,24.48
107,2ca218591068dc3467fc728a,M16,1,56.68,51.76
107,2ca218591068dc3467fc728a,M17,1,7.63,6.94
107,2ca218591068dc3467fc728a,M18,1,10.46,9.46
107,2ca218591068dc3467fc728a,M19,1,9.18,7.16
107,2ca218591068dc3467fc728a,M20,1,11.36,9.5
107,2ca218591068dc3467fc728a,M21,1,8.51,6.99
107,2ca218591068dc3467fc728a,M22,1,21.01,15.84
107,2ca218591068dc3467fc728a,M23,1,17.63,13.35
107,2ca218591068dc3467fc728a,M24,1,21.56,16.5
107,2ca218591068dc3467fc728a,M25,1,14.75,13.75
107,2ca218591068dc3467fc728a,M26,1,13.4,12.54
107,2ca218591068dc3467fc728a,M27,1,17.65,15.91
107,2ca218591068dc3467fc728a,M28,1,15.52,13.91
107,2ca218591068dc3467fc728a,M29,1,17.49,15.68
107,2ca218591068dc3467fc728a,M30,1,10.9,9.58
108,87974590a2f5c545466b7087,M01,2,7.76,6.88
108,87974590a2f5c545466b7087,M02,2,10.32,9.32
108,87974590a2f5c545466b7087,M03,2,11.29,9.36
108,87974590a2f5c545466b7087,M04,2,10.45,8.58
108,87974590a2f5c545466b7087,M05,2,10.53,8.46
108,87974590a2f5c545466b7087,M06,2,13.92,11.66
108,87974590a2f5c545466b7087,M07,2,15.59,12.81
108,87974590a2f5c545466b7087,M08,2,19.96,16.97
108,87974590a2f5c545466b7087,M09,2,18.81,16.03
108,87974590a2f5c545466b7087,M10,2,21.58,18.71
108,87974590a2f5c545466b7087,M11,2,20.81,17.82
108,87974590a2f5c545466b7087,M12,2,28.69,24
108,87974590a2f5c545466b7087,M13,2,29.18,23.43
108,87974590a2f5c545466b7087,M14,2,25.55,20.18
108,87974590a2f5c545466b7087,M15,2,29.83,23.65
108,87974590a2f5c545466b7087,M16,2,57.79,51.18
108,87974590a2f5c545466b7087,M17,2,7.91,6.73
108,87974590a2f5c545466b7087,M18,2,10.96,9.21
108,87974590a2f5c545466b7087,M19,2,9.13,6.87
108,87974590a2f5c545466b7087,M20,2,11.16,9.15
108,87974590a2f5c545466b7087,M21,2,8.54,6.77
108,87974590a2f5c545466b7087,M22,2,20.4,15.22
108,87974590a2f5c545466b7087,M23,2,17.22,13.01
108,87974590a2f5c545466b7087,M24,2,21.2,15.92
108,87974590a2f5c545466b7087,M25,2,14.9,13.62
108,87974590a2f5c545466b7087,M26,2,13.6,12.34
108,87974590a2f5c545466b7087,M27,2,18.02,15.67
108,87974590a2f5c545466b7087,M28,2,16.01,13.69
108,87974590a2f5c545466b7087,M29,2,18.1,15.58
108,87974590a2f5c545466b7087,M30,2,11.3,9.38
109,0481944a4fdf636307259eff,M01,2,4.85,6.88
109,0481944a4fdf636307259eff,M02,2,6.29,9.32
109,0481944a4fdf636307259eff,M03,2,5.43,9.36
109,0481944a4fdf636307259eff,M04,2,5.15,8.58
109,0481944a4fdf636307259eff,M05,2,5,8.46
109,0481944a4fdf636307259eff,M06,2,6.87,11.66
109,0481944a4fdf636307259eff,M07,2,6.91,12.81
109,0481944a4fdf636307259eff,M08,2,8.65,16.97
109,0481944a4fdf636307259eff,M09,2,7.58,16.03
109,0481944a4fdf636307259eff,M10,2,10.33,18.71
109,0481944a4fdf636307259eff,M11,2,9.31,17.82
109,0481944a4fdf636307259eff,M12,2,10.23,24
109,0481944a4fdf636307259eff,M13,2,10.62,23.43
109,0481944a4fdf636307259eff,M14,2,7.98,20.18
109,0481944a4fdf636307259eff,M15,2,10.65,23.65
109,0481944a4fdf636307259eff,M16,2,18.33,51.18
109,0481944a4fdf636307259eff,M17,2,3.46,6.73
109,0481944a4fdf636307259eff,M18,2,5.57,9.21
109,0481944a4fdf636307259eff,M19,2,5.23,6.87
109,0481944a4fdf636307259eff,M20,2,6.8,9.15
109,0481944a4fdf636307259eff,M21,2,5.24,6.77
109,0481944a4fdf636307259eff,M22,2,10.37,15.22
109,0481944a4fdf636307259eff,M23,2,8.35,13.01
109,0481944a4fdf636307259eff,M24,2,10.53,15.92
109,0481944a4fdf636307259eff,M25,2,6.82,13.62
109,0481944a4fdf636307259eff,M26,2,4.94,12.34
109,0481944a4fdf636307259eff,M27,2,7.28,15.67
109,0481944a4fdf636307259eff,M28,2,5.56,13.69
109,0481944a4fdf636307259eff,M29,2,7.32,15.58
109,0481944a4fdf636307259eff,M30,2,4.39,9.38
113,c135fd0963573003df9035bb,M01,3,7.67,6.99
113,c135fd0963573003df9035bb,M02,3,10.2,9.41
113,c135fd0963573003df9035bb,M03,3,11.09,9.67
113,c135fd0963573003df9035bb,M04,3,10.24,8.99
113,c135fd0963573003df9035bb,M05,3,10.34,8.87
113,c135fd0963573003df9035bb,M06,3,13.81,12.11
113,c135fd0963573003df9035bb,M07,3,15.34,13.26
113,c135fd0963573003df9035bb,M08,3,19.71,17.66
113,c135fd0963573003df9035bb,M09,3,18.51,16.64
113,c135fd0963573003df9035bb,M10,3,21.32,19.22
113,c135fd0963573003df9035bb,M11,3,20.47,18.33
113,c135fd0963573003df9035bb,M12,3,28.37,24.98
113,c135fd0963573003df9035bb,M13,3,29.16,24.67
113,c135fd0963573003df9035bb,M14,3,25.7,20.81
113,c135fd0963573003df9035bb,M15,3,29.18,24.93
113,c135fd0963573003df9035bb,M16,3,57.83,52.34
113,c135fd0963573003df9035bb,M17,3,7.79,6.99
113,c135fd0963573003df9035bb,M18,3,10.75,9.6
113,c135fd0963573003df9035bb,M19,3,8.97,7.26
113,c135fd0963573003df9035bb,M20,3,11.18,9.575
113,c135fd0963573003df9035bb,M21,3,8.42,6.985
113,c135fd0963573003df9035bb,M22,3,20.57,16.03
113,c135fd0963573003df9035bb,M23,3,17.42,13.455
113,c135fd0963573003df9035bb,M24,3,21.04,16.74
113,c135fd0963573003df9035bb,M25,3,14.81,13.8
113,c135fd0963573003df9035bb,M26,3,13.53,12.58
113,c135fd0963573003df9035bb,M27,3,17.93,15.98
113,c135fd0963573003df9035bb,M28,3,15.96,14.22
113,c135fd0963573003df9035bb,M29,3,17.76,16.04
113,c135fd0963573003df9035bb,M30,3,11.15,9.75
114,5ab6d54df37caa459c1a457e,M25,3,12.55,13.8
114,5ab6d54df37caa459c1a457e,M26,3,10.81,12.58
114,5ab6d54df37caa459c1a457e,M27,3,12.79,15.98
114,5ab6d54df37caa459c1a457e,M28,3,10.79,14.22
114,5ab6d54df37caa459c1a457e,M29,3,13.25,16.04
114,5ab6d54df37caa459c1a457e,M30,3,7.75,9.75
115,1ab7eba89cafc88387549334,M01,3,8.27,6.99
115,1ab7eba89cafc88387549334,M02,3,10.96,9.41
115,1ab7eba89cafc88387549334,M03,3,12.64,9.67
115,1ab7eba89cafc88387549334,M04,3,11.59,8.99
115,1ab7eba89cafc88387549334,M05,3,11.77,8.87
115,1ab7eba89cafc88387549334,M06,3,15.4,12.11
115,1ab7eba89cafc88387549334,M07,3,17.69,13.26
115,1ab7eba89cafc88387549334,M08,3,21.96,17.66
115,1ab7eba89cafc88387549334,M09,3,20.48,16.64
115,1ab7eba89cafc88387549334,M10,3,23.52,19.22
115,1ab7eba89cafc88387549334,M11,3,22.59,18.33
115,1ab7eba89cafc88387549334,M12,3,32.12,24.98
115,1ab7eba89cafc88387549334,M13,3,33.58,24.67
115,1ab7eba89cafc88387549334,M14,3,30.28,20.81
115,1ab7eba89cafc88387549334,M15,3,33.96,24.93
115,1ab7eba89cafc88387549334,M16,3,62.65,52.34
115,1ab7eba89cafc88387549334,M17,3,8.54,6.99
115,1ab7eba89cafc88387549334,M18,3,12,9.6
115,1ab7eba89cafc88387549334,M19,3,11.5,7.26
115,1ab7eba89cafc88387549334,M20,3,13.3,9.575
115,1ab7eba89cafc88387549334,M21,3,10.62,6.985
115,1ab7eba89cafc88387549334,M22,3,27.56,16.03
115,1ab7eba89cafc88387549334,M23,3,23.99,13.455
115,1ab7eba89cafc88387549334,M24,3,27.94,16.74
115,1ab7eba89cafc88387549334,M25,3,15.74,13.8
115,1ab7eba89cafc88387549334,M26,3,14.48,12.58
115,1ab7eba89cafc88387549334,M27,3,19.83,15.98
115,1ab7eba89cafc88387549334,M28,3,17.98,14.22
115,1ab7eba89cafc88387549334,M29,3,19.79,16.04
115,1ab7eba89cafc88387549334,M30,3,12.69,9.75
116,9a9b3db558991f39668b2741,M01,2,4.4,6.88
116,9a9b3db558991f39668b2741,M02,2,5.58,9.32
116,9a9b3db558991f39668b2741,M03,2,4.9,9.36
116,9a9b3db558991f39668b2741,M04,2,4.78,8.58
116,9a9b3db558991f39668b2741,M05,2,4.38,8.46
116,9a9b3db558991f39668b2741,M06,2,6.3,11.66
116,9a9b3db558991f39668b2741,M07,2,6.04,12.81
116,9a9b3db558991f39668b2741,M08,2,7.49,16.97
116,9a9b3db558991f39668b2741,M09,2,6.88,16.03
116,9a9b3db558991f39668b2741,M10,2,8.89,18.71
116,9a9b3db558991f39668b2741,M11,2,8.59,17.82
116,9a9b3db558991f39668b2741,M12,2,8.51,24
116,9a9b3db558991f39668b2741,M13,2,9.25,23.43
116,9a9b3db558991f39668b2741,M14,2,7.26,20.18
116,9a9b3db558991f39668b2741,M15,2,9.04,23.65
116,9a9b3db558991f39668b2741,M16,2,16.16,51.18
116,9a9b3db558991f39668b2741,M17,2,2.8,6.73
116,9a9b3db558991f39668b2741,M18,2,5.16,9.21
116,9a9b3db558991f39668b2741,M19,2,4.56,6.87
116,9a9b3db558991f39668b2741,M20,2,5.48,9.15
116,9a9b3db558991f39668b2741,M21,2,4.59,6.77
116,9a9b3db558991f39668b2741,M22,2,7.9,15.22
116,9a9b3db558991f39668b2741,M23,2,6.57,13.01
116,9a9b3db558991f39668b2741,M24,2,7.67,15.92
116,9a9b3db558991f39668b2741,M25,2,10.22,13.62
116,9a9b3db558991f39668b2741,M26,2,8.66,12.34
116,9a9b3db558991f39668b2741,M27,2,9.64,15.67
116,9a9b3db558991f39668b2741,M28,2,8.09,13.69
116,9a9b3db558991f39668b2741,M29,2,9.34,15.58
116,9a9b3db558991f39668b2741,M30,2,5.93,9.38
117,1012fb46ebf465147816dc29,M01,3,6.69,6.99
117,1012fb46ebf465147816dc29,M02,3,8.94,9.41
117,1012fb46ebf465147816dc29,M03,3,8.7,9.67
117,1012fb46ebf465147816dc29,M04,3,7.98,8.99
117,1012fb46ebf465147816dc29,M05,3,7.93,8.87
117,1012fb46ebf465147816dc29,M06,3,11,12.11
117,1012fb46ebf465147816dc29,M07,3,11.69,13.26
117,1012fb46ebf465147816dc29,M08,3,15.9,17.66
117,1012fb46ebf465147816dc29,M09,3,14.76,16.64
117,1012fb46ebf465147816dc29,M10,3,17.62,19.22
117,1012fb46ebf465147816dc29,M11,3,16.79,18.33
117,1012fb46ebf465147816dc29,M12,3,21.88,24.98
117,1012fb46ebf465147816dc29,M13,3,21.35,24.67
117,1012fb46ebf465147816dc29,M14,3,17.75,20.81
117,1012fb46ebf465147816dc29,M15,3,21.51,24.93
117,1012fb46ebf465147816dc29,M16,3,47.77,52.34
117,1012fb46ebf465147816dc29,M17,3,6.33,6.99
117,1012fb46ebf465147816dc29,M18,3,8.61,9.6
117,1012fb46ebf465147816dc29,M19,3,7.82,7.26
117,1012fb46ebf465147816dc29,M20,3,10.33,9.575
117,1012fb46ebf465147816dc29,M21,3,7.55,6.985
117,1012fb46ebf465147816dc29,M22,3,17.81,16.03
117,1012fb46ebf465147816dc29,M23,3,14.9,13.455
117,1012fb46ebf465147816dc29,M24,3,18.31,16.74
117,1012fb46ebf465147816dc29,M25,3,13.2,13.8
117,1012fb46ebf465147816dc29,M26,3,11.79,12.58
117,1012fb46ebf465147816dc29,M27,3,14.51,15.98
117,1012fb46ebf465147816dc29,M28,3,12.41,14.22
117,1012fb46ebf465147816dc29,M29,3,14.46,16.04
117,1012fb46ebf465147816dc29,M30,3,8.72,9.75
118,6382e37f456a6099a172d19e,M01,2,7.31,6.88
118,6382e37f456a6099a172d19e,M02,2,9.78,9.32
118,6382e37f456a6099a172d19e,M03,2,10.25,9.36
118,6382e37f456a6099a172d19e,M04,2,9.43,8.58
118,6382e37f456a6099a172d19e,M05,2,9.45,8.46
118,6382e37f456a6099a172d19e,M06,2,12.8,11.66
118,6382e37f456a6099a172d19e,M07,2,14.05,12.81
118,6382e37f456a6099a172d19e,M08,2,18.42,16.97
118,6382e37f456a6099a172d19e,M09,2,17.25,16.03
118,6382e37f456a6099a172d19e,M10,2,20.08,18.71
118,6382e37f456a6099a172d19e,M11,2,19.19,17.82
118,6382e37f456a6099a172d19e,M12,2,26.19,24
118,6382e37f456a6099a172d19e,M13,2,26.3,23.43
118,6382e37f456a6099a172d19e,M14,2,22.71,20.18
118,6382e37f456a6099a172d19e,M15,2,26.4,23.65
118,6382e37f456a6099a172d19e,M16,2,54.54,51.18
118,6382e37f456a6099a172d19e,M17,2,7.29,6.73
118,6382e37f456a6099a172d19e,M18,2,10.01,9.21
118,6382e37f456a6099a172d19e,M19,2,8.5,6.87
118,6382e37f456a6099a172d19e,M20,2,10.77,9.15
118,6382e37f456a6099a172d19e,M21,2,8.08,6.77
118,6382e37f456a6099a172d19e,M22,2,19.4,15.22
118,6382e37f456a6099a172d19e,M23,2,16.41,13.01
118,6382e37f456a6099a172d19e,M24,2,19.86,15.92
118,6382e37f456a6099a172d19e,M25,2,14.23,13.62
118,6382e37f456a6099a172d19e,M26,2,12.93,12.34
118,6382e37f456a6099a172d19e,M27,2,16.7,15.67
118,6382e37f456a6099a172d19e,M28,2,14.7,13.69
118,6382e37f456a6099a172d19e,M29,2,16.62,15.58
118,6382e37f456a6099a172d19e,M30,2,10.29,9.38
119,c488d0a9a839e2a349774985,M01,0,7.43,6.91
119,c488d0a9a839e2a349774985,M02,0,9.87,9.32
119,c488d0a9a839e2a349774985,M03,0,10.42,9.36
119,c488d0a9a839e2a349774985,M04,0,9.63,8.59
119,c488d0a9a839e2a349774985,M05,0,9.69,8.47
119,c488d0a9a839e2a349774985,M06,0,13,11.77
119,c488d0a9a839e2a349774985,M07,0,14.3,12.83
119,c488d0a9a839e2a349774985,M08,0,18.67,17.14
119,c488d0a9a839e2a349774985,M09,0,17.57,16.05
119,c488d0a9a839e2a349774985,M10,0,20.32,18.74
119,c488d0a9a839e2a349774985,M11,0,19.62,17.84
119,c488d0a9a839e2a349774985,M12,0,26.58,24.05
119,c488d0a9a839e2a349774985,M13,0,26.82,23.48
119,c488d0a9a839e2a349774985,M14,0,23.22,20.22
119,c488d0a9a839e2a349774985,M15,0,27.27,23.9
119,c488d0a9a839e2a349774985,M16,0,55.11,51.31
119,c488d0a9a839e2a349774985,M17,0,7.41,6.83
119,c488d0a9a839e2a349774985,M18,0,10.2,9.32
119,c488d0a9a839e2a349774985,M19,0,7.81,7.09
119,c488d0a9a839e2a349774985,M20,0,10.04,9.53
119,c488d0a9a839e2a349774985,M21,0,7.41,6.95
119,c488d0a9a839e2a349774985,M22,0,17.21,15.84
119,c488d0a9a839e2a349774985,M23,0,14.51,13.31
119,c488d0a9a839e2a349774985,M24,0,17.67,16.53
119,c488d0a9a839e2a349774985,M25,0,14.36,13.62
119,c488d0a9a839e2a349774985,M26,0,13.06,12.385
119,c488d0a9a839e2a349774985,M27,0,16.95,15.7
119,c488d0a9a839e2a349774985,M28,0,14.95,13.765
119,c488d0a9a839e2a349774985,M29,0,16.97,15.575
119,c488d0a9a839e2a349774985,M30,0,10.45,9.385
121,4ed737567275c0296b371cfd,M01,4,4.39,6.845
121,4ed737567275c0296b371cfd,M02,4,5.3,9.175
121,4ed737567275c0296b371cfd,M03,4,4.92,9.25
121,4ed737567275c0296b371cfd,M04,4,4.58,8.44
121,4ed737567275c0296b371cfd,M05,4,4.49,8.46
121,4ed737567275c0296b371cfd,M06,4,6.27,11.555
121,4ed737567275c0296b371cfd,M07,4,5.86,12.545
121,4ed737567275c0296b371cfd,M08,4,6.24,16.89
121,4ed737567275c0296b371cfd,M09,4,5.01,15.81
121,4ed737567275c0296b371cfd,M10,4,7.9,18.53
121,4ed737567275c0296b371cfd,M11,4,6.83,17.615
121,4ed737567275c0296b371cfd,M12,4,6.73,23.555
121,4ed737567275c0296b371cfd,M13,4,7.48,23.13
121,4ed737567275c0296b371cfd,M14,4,4.62,19.65
121,4ed737567275c0296b371cfd,M15,4,7.97,23.315
121,4ed737567275c0296b371cfd,M16,4,9.69,50.515
121,4ed737567275c0296b371cfd,M17,4,2.65,6.655
121,4ed737567275c0296b371cfd,M18,4,5.08,9.155
121,4ed737567275c0296b371cfd,M19,4,4.49,6.985
121,4ed737567275c0296b371cfd,M20,4,5.01,9.35
121,4ed737567275c0296b371cfd,M21,4,4.45,6.77
121,4ed737567275c0296b371cfd,M22,4,6.88,15.23
121,4ed737567275c0296b371cfd,M23,4,4.89,13.01
121,4ed737567275c0296b371cfd,M24,4,6.75,15.92
121,4ed737567275c0296b371cfd,M25,4,7.53,13.5
121,4ed737567275c0296b371cfd,M26,4,5.34,12.19
121,4ed737567275c0296b371cfd,M27,4,7.76,15.28
121,4ed737567275c0296b371cfd,M28,4,5.94,13.34
121,4ed737567275c0296b371cfd,M29,4,7.63,15.58
121,4ed737567275c0296b371cfd,M30,4,4.91,9.25
124,aa29578ed01a37d051f2f8b7,M01,4,6.74,6.845
124,aa29578ed01a37d051f2f8b7,M02,4,9.34,9.175
124,aa29578ed01a37d051f2f8b7,M03,4,9.26,9.25
124,aa29578ed01a37d051f2f8b7,M04,4,8.53,8.44
124,aa29578ed01a37d051f2f8b7,M05,4,8.37,8.46
124,aa29578ed01a37d051f2f8b7,M06,4,11.77,11.555
124,aa29578ed01a37d051f2f8b7,M07,4,12.81,12.545
124,aa29578ed01a37d051f2f8b7,M08,4,16.93,16.89
124,aa29578ed01a37d051f2f8b7,M09,4,16.18,15.81
124,aa29578ed01a37d051f2f8b7,M10,4,18.71,18.53
124,aa29578ed01a37d051f2f8b7,M11,4,17.63,17.615
124,aa29578ed01a37d051f2f8b7,M12,4,24.05,23.555
124,aa29578ed01a37d051f2f8b7,M13,4,22.31,23.13
124,aa29578ed01a37d051f2f8b7,M14,4,18.86,19.65
124,aa29578ed01a37d051f2f8b7,M15,4,23.1,23.315
124,aa29578ed01a37d051f2f8b7,M16,4,49.03,50.515
124,aa29578ed01a37d051f2f8b7,M17,4,6.98,6.655
124,aa29578ed01a37d051f2f8b7,M18,4,9.46,9.155
124,aa29578ed01a37d051f2f8b7,M19,4,7.64,6.985
124,aa29578ed01a37d051f2f8b7,M20,4,9.15,9.35
124,aa29578ed01a37d051f2f8b7,M21,4,7.32,6.77
124,aa29578ed01a37d051f2f8b7,M22,4,16.84,15.23
124,aa29578ed01a37d051f2f8b7,M23,4,14.19,13.01
124,aa29578ed01a37d051f2f8b7,M24,4,17.4,15.92
124,aa29578ed01a37d051f2f8b7,M25,4,12.94,13.5
124,aa29578ed01a37d051f2f8b7,M26,4,11.56,12.19
124,aa29578ed01a37d051f2f8b7,M27,4,14.09,15.28
124,aa29578ed01a37d051f2f8b7,M28,4,12.07,13.34
124,aa29578ed01a37d051f2f8b7,M29,4,14.21,15.58
124,aa29578ed01a37d051f2f8b7,M30,4,8.65,9.25
128,ad3b009f5c46951acff42651,M01,1,5.95,6.95
128,ad3b009f5c46951acff42651,M02,1,8.3,9.36
128,ad3b009f5c46951acff42651,M03,1,7.73,9.52
128,ad3b009f5c46951acff42651,M04,1,7.15,8.81
128,ad3b009f5c46951acff42651,M05,1,6.86,8.8
128,ad3b009f5c46951acff42651,M06,1,9.21,11.89
128,ad3b009f5c46951acff42651,M07,1,10.28,13
128,ad3b009f5c46951acff42651,M08,1,14.16,17.42
128,ad3b009f5c46951acff42651,M09,1,13.03,16.18
128,ad3b009f5c46951acff42651,M10,1,15.96,18.98
128,ad3b009f5c46951acff42651,M11,1,14.8,18.29
128,ad3b009f5c46951acff42651,M12,1,18.97,24.62
128,ad3b009f5c46951acff42651,M13,1,16.91,24.03
128,ad3b009f5c46951acff42651,M14,1,13.89,20.46
128,ad3b009f5c46951acff42651,M15,1,18.36,24.48
128,ad3b009f5c46951acff42651,M16,1,36.61,51.76
128,ad3b009f5c46951acff42651,M17,1,5.69,6.94
128,ad3b009f5c46951acff42651,M18,1,7.84,9.46
128,ad3b009f5c46951acff42651,M19,1,6.19,7.16
128,ad3b009f5c46951acff42651,M20,1,8.87,9.5
128,ad3b009f5c46951acff42651,M21,1,6.34,6.99
128,ad3b009f5c46951acff42651,M22,1,14.12,15.84
128,ad3b009f5c46951acff42651,M23,1,11.47,13.35
128,ad3b009f5c46951acff42651,M24,1,16.53,16.5
128,ad3b009f5c46951acff42651,M25,1,11.81,13.75
128,ad3b009f5c46951acff42651,M26,1,10.43,12.54
128,ad3b009f5c46951acff42651,M27,1,12.1,15.91
128,ad3b009f5c46951acff42651,M28,1,10.19,13.91
128,ad3b009f5c46951acff42651,M29,1,12.62,15.68
128,ad3b009f5c46951acff42651,M30,1,7.15,9.58
129,1de3e41098dfdbdb2adf0ebb,M01,1,5.63,6.95
129,1de3e41098dfdbdb2adf0ebb,M02,1,7.52,9.36
129,1de3e41098dfdbdb2adf0ebb,M03,1,6.57,9.52
129,1de3e41098dfdbdb2adf0ebb,M04,1,6.13,8.81
129,1de3e41098dfdbdb2adf0ebb,M05,1,5.94,8.8
129,1de3e41098dfdbdb2adf0ebb,M06,1,8.28,11.89
129,1de3e41098dfdbdb2adf0ebb,M07,1,8.6,13
129,1de3e41098dfdbdb2adf0ebb,M08,1,12.11,17.42
129,1de3e41098dfdbdb2adf0ebb,M09,1,11.18,16.18
129,1de3e41098dfdbdb2adf0ebb,M10,1,13.75,18.98
129,1de3e41098dfdbdb2adf0ebb,M11,1,12.87,18.29
129,1de3e41098dfdbdb2adf0ebb,M12,1,15.82,24.62
129,1de3e41098dfdbdb2adf0ebb,M13,1,14.8,24.03
129,1de3e41098dfdbdb2adf0ebb,M14,1,12.18,20.46
129,1de3e41098dfdbdb2adf0ebb,M15,1,14.87,24.48
129,1de3e41098dfdbdb2adf0ebb,M16,1,32.4,51.76
129,1de3e41098dfdbdb2adf0ebb,M17,1,4.81,6.94
129,1de3e41098dfdbdb2adf0ebb,M18,1,6.7,9.46
129,1de3e41098dfdbdb2adf0ebb,M19,1,5.72,7.16
129,1de3e41098dfdbdb2adf0ebb,M20,1,7.85,9.5
129,1de3e41098dfdbdb2adf0ebb,M21,1,5.66,6.99
129,1de3e41098dfdbdb2adf0ebb,M22,1,12.12,15.84
129,1de3e41098dfdbdb2adf0ebb,M23,1,10.25,13.35
129,1de3e41098dfdbdb2adf0ebb,M24,1,12.23,16.5
129,1de3e41098dfdbdb2adf0ebb,M25,1,9.73,13.75
129,1de3e41098dfdbdb2adf0ebb,M26,1,7.86,12.54
129,1de3e41098dfdbdb2adf0ebb,M27,1,9.38,15.91
129,1de3e41098dfdbdb2adf0ebb,M28,1,7.84,13.91
129,1de3e41098dfdbdb2adf0ebb,M29,1,9.01,15.68
129,1de3e41098dfdbdb2adf0ebb,M30,1,5.27,9.58
130,cb76c9dc3ae475d3cc15b169,M01,1,8.29,6.95
130,cb76c9dc3ae475d3cc15b169,M02,1,10.9,9.36
130,cb76c9dc3ae475d3cc15b169,M03,1,12.56,9.52
130,cb76c9dc3ae475d3cc15b169,M04,1,11.64,8.81
130,cb76c9dc3ae475d3cc15b169,M05,1,11.79,8.8
130,cb76c9dc3ae475d3cc15b169,M06,1,15.53,11.89
130,cb76c9dc3ae475d3cc15b169,M07,1,17.57,13
130,cb76c9dc3ae475d3cc15b169,M08,1,21.84,17.42
130,cb76c9dc3ae475d3cc15b169,M09,1,20.58,16.18
130,cb76c9dc3ae475d3cc15b169,M10,1,23.37,18.98
130,cb76c9dc3ae475d3cc15b169,M11,1,22.57,18.29
130,cb76c9dc3ae475d3cc15b169,M12,1,31.94,24.62
130,cb76c9dc3ae475d3cc15b169,M13,1,33.54,24.03
130,cb76c9dc3ae475d3cc15b169,M14,1,30.32,20.46
130,cb76c9dc3ae475d3cc15b169,M15,1,33.68,24.48
130,cb76c9dc3ae475d3cc15b169,M16,1,62.65,51.76
130,cb76c9dc3ae475d3cc15b169,M17,1,8.55,6.94
130,cb76c9dc3ae475d3cc15b169,M18,1,12.05,9.46
130,cb76c9dc3ae475d3cc15b169,M19,1,11.45,7.16
130,cb76c9dc3ae475d3cc15b169,M20,1,13.29,9.5
130,cb76c9dc3ae475d3cc15b169,M21,1,10.47,6.99
130,cb76c9dc3ae475d3cc15b169,M22,1,27.07,15.84
130,cb76c9dc3ae475d3cc15b169,M23,1,23.76,13.35
130,cb76c9dc3ae475d3cc15b169,M24,1,27.59,16.5
130,cb76c9dc3ae475d3cc15b169,M25,1,15.76,13.75
130,cb76c9dc3ae475d3cc15b169,M26,1,14.53,12.54
130,cb76c9dc3ae475d3cc15b169,M27,1,19.94,15.91
130,cb76c9dc3ae475d3cc15b169,M28,1,17.94,13.91
130,cb76c9dc3ae475d3cc15b169,M29,1,19.85,15.68
130,cb76c9dc3ae475d3cc15b169,M30,1,12.61,9.58
131,cb8f65e269eb26164eb899ea,M01,1,4.24,6.95
131,cb8f65e269eb26164eb899ea,M02,1,5.72,9.36
131,cb8f65e269eb26164eb899ea,M03,1,4.94,9.52
131,cb8f65e269eb26164eb899ea,M04,1,4.57,8.81
131,cb8f65e269eb26164eb899ea,M05,1,4.24,8.8
131,cb8f65e269eb26164eb899ea,M06,1,6.28,11.89
131,cb8f65e269eb26164eb899ea,M07,1,6.14,13
131,cb8f65e269eb26164eb899ea,M08,1,7.71,17.42
131,cb8f65e269eb26164eb899ea,M09,1,6.25,16.18
131,cb8f65e269eb26164eb899ea,M10,1,9.15,18.98
131,cb8f65e269eb26164eb899ea,M11,1,7.19,18.29
131,cb8f65e269eb26164eb899ea,M12,1,8.87,24.62
131,cb8f65e269eb26164eb899ea,M13,1,9.15,24.03
131,cb8f65e269eb26164eb899ea,M14,1,7.34,20.46
131,cb8f65e269eb26164eb899ea,M15,1,9.42,24.48
131,cb8f65e269eb26164eb899ea,M16,1,17.11,51.76
131,cb8f65e269eb26164eb899ea,M17,1,2.62,6.94
131,cb8f65e269eb26164eb899ea,M18,1,5.06,9.46
131,cb8f65e269eb26164eb899ea,M19,1,4.43,7.16
131,cb8f65e269eb26164eb899ea,M20,1,5.22,9.5
131,cb8f65e269eb26164eb899ea,M21,1,4.4,6.99
131,cb8f65e269eb26164eb899ea,M22,1,7.35,15.84
131,cb8f65e269eb26164eb899ea,M23,1,6.31,13.35
131,cb8f65e269eb26164eb899ea,M24,1,7.15,16.5
131,cb8f65e269eb26164eb899ea,M25,1,6.82,13.75
131,cb8f65e269eb26164eb899ea,M26,1,5.07,12.54
131,cb8f65e269eb26164eb899ea,M27,1,7.13,15.91
131,cb8f65e269eb26164eb899ea,M28,1,5.56,13.91
131,cb8f65e269eb26164eb899ea,M29,1,6.94,15.68
131,cb8f65e269eb26164eb899ea,M30,1,4.39,9.58
132,76675cb970506f4cb7f9b3ef,M01,4,8.55,6.845
132,76675cb970506f4cb7f9b3ef,M02,4,11.22,9.175
132,76675cb970506f4cb7f9b3ef,M03,4,13.08,9.25
132,76675cb970506f4cb7f9b3ef,M04,4,12.01,8.44
132,76675cb970506f4cb7f9b3ef,M05,4,12.27,8.46
132,76675cb970506f4cb7f9b3ef,M06,4,15.88,11.555
132,76675cb970506f4cb7f9b3ef,M07,4,18.32,12.545
132,76675cb970506f4cb7f9b3ef,M08,4,22.56,16.89
132,76675cb970506f4cb7f9b3ef,M09,4,21.08,15.81
132,76675cb970506f4cb7f9b3ef,M10,4,24.13,18.53
132,76675cb970506f4cb7f9b3ef,M11,4,23.24,17.615
132,76675cb970506f4cb7f9b3ef,M12,4,33.07,23.555
132,76675cb970506f4cb7f9b3ef,M13,4,34.67,23.13
132,76675cb970506f4cb7f9b3ef,M14,4,31.36,19.65
132,76675cb970506f4cb7f9b3ef,M15,4,35.32,23.315
132,76675cb970506f4cb7f9b3ef,M16,4,63.82,50.515
132,76675cb970506f4cb7f9b3ef,M17,4,8.81,6.655
132,76675cb970506f4cb7f9b3ef,M18,4,12.4,9.155
132,76675cb970506f4cb7f9b3ef,M19,4,12.19,6.985
132,76675cb970506f4cb7f9b3ef,M20,4,13.89,9.35
132,76675cb970506f4cb7f9b3ef,M21,4,11.08,6.77
132,76675cb970506f4cb7f9b3ef,M22,4,29.02,15.23
132,76675cb970506f4cb7f9b3ef,M23,4,25.24,13.01
132,76675cb970506f4cb7f9b3ef,M24,4,29.94,15.92
132,76675cb970506f4cb7f9b3ef,M25,4,16.08,13.5
132,76675cb970506f4cb7f9b3ef,M26,4,14.75,12.19
132,76675cb970506f4cb7f9b3ef,M27,4,20.35,15.28
132,76675cb970506f4cb7f9b3ef,M28,4,18.47,13.34
132,76675cb970506f4cb7f9b3ef,M29,4,20.41,15.58
132,76675cb970506f4cb7f9b3ef,M30,4,13.13,9.25
133,bcd4d25e30d0907c8a1680f0,M01,4,7.95,6.845
133,bcd4d25e30d0907c8a1680f0,M02,4,10.59,9.175
133,bcd4d25e30d0907c8a1680f0,M03,4,11.79,9.25
133,bcd4d25e30d0907c8a1680f0,M04,4,10.74,8.44
133,bcd4d25e30d0907c8a1680f0,M05,4,10.93,8.46
133,bcd4d25e30d0907c8a1680f0,M06,4,14.54,11.555
133,bcd4d25e30d0907c8a1680f0,M07,4,16.36,12.545
133,bcd4d25e30d0907c8a1680f0,M08,4,20.71,16.89
133,bcd4d25e30d0907c8a1680f0,M09,4,19.28,15.81
133,bcd4d25e30d0907c8a1680f0,M10,4,22.34,18.53
133,bcd4d25e30d0907c8a1680f0,M11,4,21.37,17.615
133,bcd4d25e30d0907c8a1680f0,M12,4,29.95,23.555
133,bcd4d25e30d0907c8a1680f0,M13,4,30.98,23.13
133,bcd4d25e30d0907c8a1680f0,M14,4,27.48,19.65
133,bcd4d25e30d0907c8a1680f0,M15,4,31.25,23.315
133,bcd4d25e30d0907c8a1680f0,M16,4,59.82,50.515
133,bcd4d25e30d0907c8a1680f0,M17,4,8.03,6.655
133,bcd4d25e30d0907c8a1680f0,M18,4,11.08,9.155
133,bcd4d25e30d0907c8a1680f0,M19,4,10.69,6.985
133,bcd4d25e30d0907c8a1680f0,M20,4,11.99,9.35
133,bcd4d25e30d0907c8a1680f0,M21,4,9.1,6.77
133,bcd4d25e30d0907c8a1680f0,M22,4,23.18,15.23
133,bcd4d25e30d0907c8a1680f0,M23,4,19.42,13.01
133,bcd4d25e30d0907c8a1680f0,M24,4,23.82,15.92
133,bcd4d25e30d0907c8a1680f0,M25,4,15.24,13.5
133,bcd4d25e30d0907c8a1680f0,M26,4,13.96,12.19
133,bcd4d25e30d0907c8a1680f0,M27,4,18.77,15.28
133,bcd4d25e30d0907c8a1680f0,M28,4,16.83,13.34
133,bcd4d25e30d0907c8a1680f0,M29,4,18.78,15.58
133,bcd4d25e30d0907c8a1680f0,M30,4,11.85,9.25
134,a8b1cb2553507696b13260d8,M01,4,7.77,6.845
134,a8b1cb2553507696b13260d8,M02,4,10.39,9.175
134,a8b1cb2553507696b13260d8,M03,4,11.57,9.25
134,a8b1cb2553507696b13260d8,M04,4,10.75,8.44
134,a8b1cb2553507696b13260d8,M05,4,10.84,8.46
134,a8b1cb2553507696b13260d8,M06,4,14.25,11.555
134,a8b1cb2553507696b13260d8,M07,4,16.09,12.545
134,a8b1cb2553507696b13260d8,M08,4,20.44,16.89
134,a8b1cb2553507696b13260d8,M09,4,19.23,15.81
134,a8b1cb2553507696b13260d8,M10,4,21.97,18.53
134,a8b1cb2553507696b13260d8,M11,4,21.19,17.615
134,a8b1cb2553507696b13260d8,M12,4,29.69,23.555
134,a8b1cb2553507696b13260d8,M13,4,30.56,23.13
134,a8b1cb2553507696b13260d8,M14,4,27.32,19.65
134,a8b1cb2553507696b13260d8,M15,4,30.77,23.315
134,a8b1cb2553507696b13260d8,M16,4,59.4,50.515
134,a8b1cb2553507696b13260d8,M17,4,8.05,6.655
134,a8b1cb2553507696b13260d8,M18,4,11.2,9.155
134,a8b1cb2553507696b13260d8,M19,4,9.88,6.985
134,a8b1cb2553507696b13260d8,M20,4,12.04,9.35
134,a8b1cb2553507696b13260d8,M21,4,9.26,6.77
134,a8b1cb2553507696b13260d8,M22,4,23.22,15.23
134,a8b1cb2553507696b13260d8,M23,4,19.93,13.01
134,a8b1cb2553507696b13260d8,M24,4,23.95,15.92
134,a8b1cb2553507696b13260d8,M25,4,15.02,13.5
134,a8b1cb2553507696b13260d8,M26,4,13.8,12.19
134,a8b1cb2553507696b13260d8,M27,4,18.45,15.28
134,a8b1cb2553507696b13260d8,M28,4,16.59,13.34
134,a8b1cb2553507696b13260d8,M29,4,18.34,15.58
134,a8b1cb2553507696b13260d8,M30,4,11.62,9.25
135,2dbcd2c21100a96deb0fc79b,M01,0,7.74,6.91
135,2dbcd2c21100a96deb0fc79b,M02,0,10.31,9.32
135,2dbcd2c21100a96deb0fc79b,M03,0,11.32,9.36
135,2dbcd2c21100a96deb0fc79b,M04,0,10.46,8.59
135,2dbcd2c21100a96deb0fc79b,M05,0,10.57,8.47
135,2dbcd2c21100a96deb0fc79b,M06,0,13.99,11.77
135,2dbcd2c21100a96deb0fc79b,M07,0,15.68,12.83
135,2dbcd2c21100a96deb0fc79b,M08,0,20.04,17.14
135,2dbcd2c21100a96deb0fc79b,M09,0,18.85,16.05
135,2dbcd2c21100a96deb0fc79b,M10,0,21.65,18.74
135,2dbcd2c21100a96deb0fc79b,M11,0,20.88,17.84
135,2dbcd2c21100a96deb0fc79b,M12,0,28.91,24.05
135,2dbcd2c21100a96deb0fc79b,M13,0,29.56,23.48
135,2dbcd2c21100a96deb0fc79b,M14,0,26.07,20.22
135,2dbcd2c21100a96deb0fc79b,M15,0,30.1,23.9
135,2dbcd2c21100a96deb0fc79b,M16,0,58.24,51.31
135,2dbcd2c21100a96deb0fc79b,M17,0,7.89,6.83
135,2dbcd2c21100a96deb0fc79b,M18,0,10.96,9.32
135,2dbcd2c21100a96deb0fc79b,M19,0,8.8,7.09
135,2dbcd2c21100a96deb0fc79b,M20,0,10.92,9.53
135,2dbcd2c21100a96deb0fc79b,M21,0,8.22,6.95
135,2dbcd2c21100a96deb0fc79b,M22,0,19.73,15.84
135,2dbcd2c21100a96deb0fc79b,M23,0,16.75,13.31
135,2dbcd2c21100a96deb0fc79b,M24,0,20.34,16.53
135,2dbcd2c21100a96deb0fc79b,M25,0,14.9,13.62
135,2dbcd2c21100a96deb0fc79b,M26,0,13.62,12.385
135,2dbcd2c21100a96deb0fc79b,M27,0,18.11,15.7
135,2dbcd2c21100a96deb0fc79b,M28,0,16.16,13.765
135,2dbcd2c21100a96deb0fc79b,M29,0,18.15,15.575
135,2dbcd2c21100a96deb0fc79b,M30,0,11.35,9.385
137,4d08869f6c27483a6a997511,M01,3,6.74,6.99
137,4d08869f6c27483a6a997511,M02,3,9.04,9.41
137,4d08869f6c27483a6a997511,M03,3,8.9,9.67
137,4d08869f6c27483a6a997511,M04,3,8.26,8.99
137,4d08869f6c27483a6a997511,M05,3,8.12,8.87
137,4d08869f6c27483a6a997511,M06,3,11.15,12.11
137,4d08869f6c27483a6a997511,M07,3,12.04,13.26
137,4d08869f6c27483a6a997511,M08,3,16.37,17.66
137,4d08869f6c27483a6a997511,M09,3,15.42,16.64
137,4d08869f6c27483a6a997511,M10,3,18,19.22
137,4d08869f6c27483a6a997511,M11,3,17.16,18.33
137,4d08869f6c27483a6a997511,M12,3,22.81,24.98
137,4d08869f6c27483a6a997511,M13,3,22.06,24.67
137,4d08869f6c27483a6a997511,M14,3,18.63,20.81
137,4d08869f6c27483a6a997511,M15,3,22.19,24.93
137,4d08869f6c27483a6a997511,M16,3,49.2,52.34
137,4d08869f6c27483a6a997511,M17,3,6.53,6.99
137,4d08869f6c27483a6a997511,M18,3,8.88,9.6
137,4d08869f6c27483a6a997511,M19,3,7.15,7.26
137,4d08869f6c27483a6a997511,M20,3,9.5,9.575
137,4d08869f6c27483a6a997511,M21,3,6.99,6.985
137,4d08869f6c27483a6a997511,M22,3,15.76,16.03
137,4d08869f6c27483a6a997511,M23,3,13.35,13.455
137,4d08869f6c27483a6a997511,M24,3,16.09,16.74
137,4d08869f6c27483a6a997511,M25,3,13.26,13.8
137,4d08869f6c27483a6a997511,M26,3,11.93,12.58
137,4d08869f6c27483a6a997511,M27,3,14.77,15.98
137,4d08869f6c27483a6a997511,M28,3,12.74,14.22
137,4d08869f6c27483a6a997511,M29,3,14.68,16.04
137,4d08869f6c27483a6a997511,M30,3,8.93,9.75
138,fbb6ef4dd8eafc9c107d4009,M01,0,8.66,6.91
138,fbb6ef4dd8eafc9c107d4009,M02,0,11.32,9.32
138,fbb6ef4dd8eafc9c107d4009,M03,0,13.49,9.36
138,fbb6ef4dd8eafc9c107d4009,M04,0,12.67,8.59
138,fbb6ef4dd8eafc9c107d4009,M05,0,12.85,8.47
138,fbb6ef4dd8eafc9c107d4009,M06,0,16.33,11.77
138,fbb6ef4dd8eafc9c107d4009,M07,0,19.05,12.83
138,fbb6ef4dd8eafc9c107d4009,M08,0,23.17,17.14
138,fbb6ef4dd8eafc9c107d4009,M09,0,22.06,16.05
138,fbb6ef4dd8eafc9c107d4009,M10,0,24.61,18.74
138,fbb6ef4dd8eafc9c107d4009,M11,0,23.94,17.84
138,fbb6ef4dd8eafc9c107d4009,M12,0,34.37,24.05
138,fbb6ef4dd8eafc9c107d4009,M13,0,36.42,23.48
138,fbb6ef4dd8eafc9c107d4009,M14,0,33.55,20.22
138,fbb6ef4dd8eafc9c107d4009,M15,0,36.6,23.9
138,fbb6ef4dd8eafc9c107d4009,M16,0,65.77,51.31
138,fbb6ef4dd8eafc9c107d4009,M17,0,9.09,6.83
138,fbb6ef4dd8eafc9c107d4009,M18,0,12.97,9.32
138,fbb6ef4dd8eafc9c107d4009,M19,0,12.28,7.09
138,fbb6ef4dd8eafc9c107d4009,M20,0,13.91,9.53
138,fbb6ef4dd8eafc9c107d4009,M21,0,11.32,6.95
138,fbb6ef4dd8eafc9c107d4009,M22,0,29.16,15.84
138,fbb6ef4dd8eafc9c107d4009,M23,0,25.5,13.31
138,fbb6ef4dd8eafc9c107d4009,M24,0,29.94,16.53
138,fbb6ef4dd8eafc9c107d4009,M25,0,16.27,13.62
138,fbb6ef4dd8eafc9c107d4009,M26,0,15.01,12.385
138,fbb6ef4dd8eafc9c107d4009,M27,0,20.92,15.7
138,fbb6ef4dd8eafc9c107d4009,M28,0,19.21,13.765
138,fbb6ef4dd8eafc9c107d4009,M29,0,20.72,15.575
138,fbb6ef4dd8eafc9c107d4009,M30,0,13.55,9.385
139,2cf7f8352a953b94c74c8f49,M01,1,5,6.95
139,2cf7f8352a953b94c74c8f49,M02,1,6.54,9.36
139,2cf7f8352a953b94c74c8f49,M03,1,5.6,9.52
139,2cf7f8352a953b94c74c8f49,M04,1,5.31,8.81
139,2cf7f8352a953b94c74c8f49,M05,1,5.21,8.8
139,2cf7f8352a953b94c74c8f49,M06,1,7.1,11.89
139,2cf7f8352a953b94c74c8f49,M07,1,7.18,13
139,2cf7f8352a953b94c74c8f49,M08,1,9.39,17.42
139,2cf7f8352a953b94c74c8f49,M09,1,8.44,16.18
139,2cf7f8352a953b94c74c8f49,M10,1,11.02,18.98
139,2cf7f8352a953b94c74c8f49,M11,1,10.09,18.29
139,2cf7f8352a953b94c74c8f49,M12,1,11.43,24.62
139,2cf7f8352a953b94c74c8f49,M13,1,11.49,24.03
139,2cf7f8352a953b94c74c8f49,M14,1,8.89,20.46
139,2cf7f8352a953b94c74c8f49,M15,1,11.4,24.48
139,2cf7f8352a953b94c74c8f49,M16,1,21.41,51.76
139,2cf7f8352a953b94c74c8f49,M17,1,3.82,6.94
139,2cf7f8352a953b94c74c8f49,M18,1,5.76,9.46
139,2cf7f8352a953b94c74c8f49,M19,1,5.31,7.16
139,2cf7f8352a953b94c74c8f49,M20,1,6.99,9.5
139,2cf7f8352a953b94c74c8f49,M21,1,5.3,6.99
139,2cf7f8352a953b94c74c8f49,M22,1,10.69,15.84
139,2cf7f8352a953b94c74c8f49,M23,1,8.73,13.35
139,2cf7f8352a953b94c74c8f49,M24,1,10.79,16.5
139,2cf7f8352a953b94c74c8f49,M25,1,7.99,13.75
139,2cf7f8352a953b94c74c8f49,M26,1,5.75,12.54
139,2cf7f8352a953b94c74c8f49,M27,1,8.02,15.91
139,2cf7f8352a953b94c74c8f49,M28,1,6.6,13.91
139,2cf7f8352a953b94c74c8f49,M29,1,7.65,15.68
139,2cf7f8352a953b94c74c8f49,M30,1,4.18,9.58
140,4dc9a1238a5c5e15ddab6051,M01,3,5.49,6.99
140,4dc9a1238a5c5e15ddab6051,M02,3,7.35,9.41
140,4dc9a1238a5c5e15ddab6051,M03,3,6.36,9.67
140,4dc9a1238a5c5e15ddab6051,M04,3,5.94,8.99
140,4dc9a1238a5c5e15ddab6051,M05,3,5.78,8.87
140,4dc9a1238a5c5e15ddab6051,M06,3,8.05,12.11
140,4dc9a1238a5c5e15ddab6051,M07,3,8.32,13.26
140,4dc9a1238a5c5e15ddab6051,M08,3,11.66,17.66
140,4dc9a1238a5c5e15ddab6051,M09,3,10.68,16.64
140,4dc9a1238a5c5e15ddab6051,M10,3,13.3,19.22
140,4dc9a1238a5c5e15ddab6051,M11,3,12.41,18.33
140,4dc9a1238a5c5e15ddab6051,M12,3,15.09,24.98
140,4dc9a1238a5c5e15ddab6051,M13,3,14.27,24.67
140,4dc9a1238a5c5e15ddab6051,M14,3,11.65,20.81
140,4dc9a1238a5c5e15ddab6051,M15,3,14.24,24.93
140,4dc9a1238a5c5e15ddab6051,M16,3,30.66,52.34
140,4dc9a1238a5c5e15ddab6051,M17,3,4.6,6.99
140,4dc9a1238a5c5e15ddab6051,M18,3,6.49,9.6
140,4dc9a1238a5c5e15ddab6051,M19,3,5.72,7.26
140,4dc9a1238a5c5e15ddab6051,M20,3,7.83,9.575
140,4dc9a1238a5c5e15ddab6051,M21,3,5.68,6.985
140,4dc9a1238a5c5e15ddab6051,M22,3,12.14,16.03
140,4dc9a1238a5c5e15ddab6051,M23,3,10.22,13.455
140,4dc9a1238a5c5e15ddab6051,M24,3,12.28,16.74
140,4dc9a1238a5c5e15ddab6051,M25,3,9.9,13.8
140,4dc9a1238a5c5e15ddab6051,M26,3,7.94,12.58
140,4dc9a1238a5c5e15ddab6051,M27,3,9.63,15.98
140,4dc9a1238a5c5e15ddab6051,M28,3,8,14.22
140,4dc9a1238a5c5e15ddab6051,M29,3,9.11,16.04
140,4dc9a1238a5c5e15ddab6051,M30,3,5.29,9.75
141,0d0b0a46ce9ecd81eed45455,M01,4,7.74,6.845
141,0d0b0a46ce9ecd81eed45455,M02,4,10.31,9.175
141,0d0b0a46ce9ecd81eed45455,M03,4,11.3,9.25
141,0d0b0a46ce9ecd81eed45455,M04,4,10.4,8.44
141,0d0b0a46ce9ecd81eed45455,M05,4,10.49,8.46
141,0d0b0a46ce9ecd81eed45455,M06,4,13.99,11.555
141,0d0b0a46ce9ecd81eed45455,M07,4,15.65,12.545
141,0d0b0a46ce9ecd81eed45455,M08,4,20.02,16.89
141,0d0b0a46ce9ecd81eed45455,M09,4,18.78,15.81
141,0d0b0a46ce9ecd81eed45455,M10,4,21.61,18.53
141,0d0b0a46ce9ecd81eed45455,M11,4,20.7,17.615
141,0d0b0a46ce9ecd81eed45455,M12,4,28.9,23.555
141,0d0b0a46ce9ecd81eed45455,M13,4,29.67,23.13
141,0d0b0a46ce9ecd81eed45455,M14,4,26.17,19.65
141,0d0b0a46ce9ecd81eed45455,M15,4,29.78,23.315
141,0d0b0a46ce9ecd81eed45455,M16,4,58.37,50.515
141,0d0b0a46ce9ecd81eed45455,M17,4,7.87,6.655
141,0d0b0a46ce9ecd81eed45455,M18,4,10.92,9.155
141,0d0b0a46ce9ecd81eed45455,M19,4,9.45,6.985
141,0d0b0a46ce9ecd81eed45455,M20,4,11.64,9.35
141,0d0b0a46ce9ecd81eed45455,M21,4,8.78,6.77
141,0d0b0a46ce9ecd81eed45455,M22,4,21.89,15.23
141,0d0b0a46ce9ecd81eed45455,M23,4,18.59,13.01
141,0d0b0a46ce9ecd81eed45455,M24,4,22.42,15.92
141,0d0b0a46ce9ecd81eed45455,M25,4,14.9,13.5
141,0d0b0a46ce9ecd81eed45455,M26,4,13.62,12.19
141,0d0b0a46ce9ecd81eed45455,M27,4,18.13,15.28
141,0d0b0a46ce9ecd81eed45455,M28,4,16.2,13.34
141,0d0b0a46ce9ecd81eed45455,M29,4,18.02,15.58
141,0d0b0a46ce9ecd81eed45455,M30,4,11.35,9.25
143,8911f3588631f37c7617db17,M01,2,8.41,6.88
143,8911f3588631f37c7617db17,M02,2,11.06,9.32
143,8911f3588631f37c7617db17,M03,2,12.93,9.36
143,8911f3588631f37c7617db17,M04,2,11.72,8.58
143,8911f3588631f37c7617db17,M05,2,12.03,8.46
143,8911f3588631f37c7617db17,M06,2,15.68,11.66
143,8911f3588631f37c7617db17,M07,2,18.02,12.81
143,8911f3588631f37c7617db17,M08,2,22.34,16.97
143,8911f3588631f37c7617db17,M09,2,20.67,16.03
143,8911f3588631f37c7617db17,M10,2,23.76,18.71
143,8911f3588631f37c7617db17,M11,2,22.82,17.82
143,8911f3588631f37c7617db17,M12,2,32.46,24
143,8911f3588631f37c7617db17,M13,2,34.12,23.43
143,8911f3588631f37c7617db17,M14,2,31.03,20.18
143,8911f3588631f37c7617db17,M15,2,34.26,23.65
143,8911f3588631f37c7617db17,M16,2,63.34,51.18
143,8911f3588631f37c7617db17,M17,2,8.75,6.73
143,8911f3588631f37c7617db17,M18,2,12.58,9.21
143,8911f3588631f37c7617db17,M19,2,11.59,6.87
143,8911f3588631f37c7617db17,M20,2,14.21,9.15
143,8911f3588631f37c7617db17,M21,2,10.6,6.77
143,8911f3588631f37c7617db17,M22,2,27.74,15.22
143,8911f3588631f37c7617db17,M23,2,24.03,13.01
143,8911f3588631f37c7617db17,M24,2,28.2,15.92
143,8911f3588631f37c7617db17,M25,2,15.9,13.62
143,8911f3588631f37c7617db17,M26,2,14.62,12.34
143,8911f3588631f37c7617db17,M27,2,20.05,15.67
143,8911f3588631f37c7617db17,M28,2,18.26,13.69
143,8911f3588631f37c7617db17,M29,2,19.94,15.58
143,8911f3588631f37c7617db17,M30,2,13.07,9.38
144,2c5d43f76182fb5235fb9b35,M01,3,8.18,6.99
144,2c5d43f76182fb5235fb9b35,M02,3,10.78,9.41
144,2c5d43f76182fb5235fb9b35,M03,3,12.23,9.67
144,2c5d43f76182fb5235fb9b35,M04,3,11.27,8.99
144,2c5d43f76182fb5235fb9b35,M05,3,11.45,8.87
144,2c5d43f76182fb5235fb9b35,M06,3,15.1,12.11
144,2c5d43f76182fb5235fb9b35,M07,3,17.04,13.26
144,2c5d43f76182fb5235fb9b35,M08,3,21.36,17.66
144,2c5d43f76182fb5235fb9b35,M09,3,20.04,16.64
144,2c5d43f76182fb5235fb9b35,M10,3,22.94,19.22
144,2c5d43f76182fb5235fb9b35,M11,3,22.07,18.33
144,2c5d43f76182fb5235fb9b35,M12,3,31.05,24.98
144,2c5d43f76182fb5235fb9b35,M13,3,32.57,24.67
144,2c5d43f76182fb5235fb9b35,M14,3,29.1,20.81
144,2c5d43f76182fb5235fb9b35,M15,3,32.58,24.93
144,2c5d43f76182fb5235fb9b35,M16,3,61.59,52.34
144,2c5d43f76182fb5235fb9b35,M17,3,8.39,6.99
144,2c5d43f76182fb5235fb9b35,M18,3,11.7,9.6
144,2c5d43f76182fb5235fb9b35,M19,3,10.8,7.26
144,2c5d43f76182fb5235fb9b35,M20,3,12.8,9.575
144,2c5d43f76182fb5235fb9b35,M21,3,9.9,6.985
144,2c5d43f76182fb5235fb9b35,M22,3,25.48,16.03
144,2c5d43f76182fb5235fb9b35,M23,3,21.78,13.455
144,2c5d43f76182fb5235fb9b35,M24,3,26.02,16.74
144,2c5d43f76182fb5235fb9b35,M25,3,15.57,13.8
144,2c5d43f76182fb5235fb9b35,M26,3,14.28,12.58
144,2c5d43f76182fb5235fb9b35,M27,3,19.43,15.98
144,2c5d43f76182fb5235fb9b35,M28,3,17.52,14.22
144,2c5d43f76182fb5235fb9b35,M29,3,19.28,16.04
144,2c5d43f76182fb5235fb9b35,M30,3,12.28,9.75
145,b059278e30a9ae7d8bf4fd90,M01,2,6.2,6.88
145,b059278e30a9ae7d8bf4fd90,M02,2,8.26,9.32
145,b059278e30a9ae7d8bf4fd90,M03,2,7.58,9.36
145,b059278e30a9ae7d8bf4fd90,M04,2,6.82,8.58
145,b059278e30a9ae7d8bf4fd90,M05,2,6.71,8.46
145,b059278e30a9ae7d8bf4fd90,M06,2,9.62,11.66
145,b059278e30a9ae7d8bf4fd90,M07,2,10.09,12.81
145,b059278e30a9ae7d8bf4fd90,M08,2,14.2,16.97
145,b059278e30a9ae7d8bf4fd90,M09,2,12.9,16.03
145,b059278e30a9ae7d8bf4fd90,M10,2,15.77,18.71
145,b059278e30a9ae7d8bf4fd90,M11,2,14.7,17.82
145,b059278e30a9ae7d8bf4fd90,M12,2,19.29,24
145,b059278e30a9ae7d8bf4fd90,M13,2,18.14,23.43
145,b059278e30a9ae7d8bf4fd90,M14,2,15.09,20.18
145,b059278e30a9ae7d8bf4fd90,M15,2,17.93,23.65
145,b059278e30a9ae7d8bf4fd90,M16,2,42.23,51.18
145,b059278e30a9ae7d8bf4fd90,M17,2,5.46,6.73
145,b059278e30a9ae7d8bf4fd90,M18,2,7.44,9.21
145,b059278e30a9ae7d8bf4fd90,M19,2,6.16,6.87
145,b059278e30a9ae7d8bf4fd90,M20,2,8.45,9.15
145,b059278e30a9ae7d8bf4fd90,M21,2,5.99,6.77
145,b059278e30a9ae7d8bf4fd90,M22,2,13.22,15.22
145,b059278e30a9ae7d8bf4fd90,M23,2,11.27,13.01
145,b059278e30a9ae7d8bf4fd90,M24,2,13.3,15.92
145,b059278e30a9ae7d8bf4fd90,M25,2,12.31,13.62
145,b059278e30a9ae7d8bf4fd90,M26,2,10.92,12.34
145,b059278e30a9ae7d8bf4fd90,M27,2,12.89,15.67
145,b059278e30a9ae7d8bf4fd90,M28,2,10.89,13.69
145,b059278e30a9ae7d8bf4fd90,M29,2,12.52,15.58
145,b059278e30a9ae7d8bf4fd90,M30,2,7.62,9.38
146,58130070690af2c368385354,M01,0,3.76,6.91
146,58130070690af2c368385354,M02,0,3.74,9.32
146,58130070690af2c368385354,M03,0,4.24,9.36
146,58130070690af2c368385354,M04,0,3.64,8.59
146,58130070690af2c368385354,M05,0,3.56,8.47
146,58130070690af2c368385354,M06,0,5.5,11.77
146,58130070690af2c368385354,M07,0,4.56,12.83
146,58130070690af2c368385354,M08,0,3.74,17.14
146,58130070690af2c368385354,M09,0,2.55,16.05
146,58130070690af2c368385354,M10,0,5.1,18.74
146,58130070690af2c368385354,M11,0,3.92,17.84
146,58130070690af2c368385354,M12,0,3.77,24.05
146,58130070690af2c368385354,M13,0,5.35,23.48
146,58130070690af2c368385354,M14,0,2.51,20.22
146,58130070690af2c368385354,M15,0,5.69,23.9
146,58130070690af2c368385354,M16,0,6.07,51.31
146,58130070690af2c368385354,M17,0,1.93,6.83
146,58130070690af2c368385354,M18,0,4.6,9.32
146,58130070690af2c368385354,M19,0,3.71,7.09
146,58130070690af2c368385354,M20,0,4.7,9.53
146,58130070690af2c368385354,M21,0,4.2,6.95
146,58130070690af2c368385354,M22,0,5.51,15.84
146,58130070690af2c368385354,M23,0,2.96,13.31
146,58130070690af2c368385354,M24,0,5.64,16.53
146,58130070690af2c368385354,M25,0,6.02,13.62
146,58130070690af2c368385354,M26,0,4.28,12.385
146,58130070690af2c368385354,M27,0,6.57,15.7
146,58130070690af2c368385354,M28,0,4.96,13.765
146,58130070690af2c368385354,M29,0,6.48,15.575
146,58130070690af2c368385354,M30,0,4.25,9.385
147,1d7746b0a53dab9391e34d68,M01,4,7.83,6.845
147,1d7746b0a53dab9391e34d68,M02,4,10.45,9.175
147,1d7746b0a53dab9391e34d68,M03,4,11.66,9.25
147,1d7746b0a53dab9391e34d68,M04,4,10.73,8.44
147,1d7746b0a53dab9391e34d68,M05,4,10.84,8.46
147,1d7746b0a53dab9391e34d68,M06,4,14.28,11.555
147,1d7746b0a53dab9391e34d68,M07,4,16.23,12.545
147,1d7746b0a53dab9391e34d68,M08,4,20.57,16.89
147,1d7746b0a53dab9391e34d68,M09,4,19.27,15.81
147,1d7746b0a53dab9391e34d68,M10,4,22.11,18.53
147,1d7746b0a53dab9391e34d68,M11,4,21.24,17.615
147,1d7746b0a53dab9391e34d68,M12,4,29.88,23.555
147,1d7746b0a53dab9391e34d68,M13,4,30.65,23.13
147,1d7746b0a53dab9391e34d68,M14,4,27.34,19.65
147,1d7746b0a53dab9391e34d68,M15,4,31.03,23.315
147,1d7746b0a53dab9391e34d68,M16,4,59.54,50.515
147,1d7746b0a53dab9391e34d68,M17,4,8.03,6.655
147,1d7746b0a53dab9391e34d68,M18,4,11.21,9.155
147,1d7746b0a53dab9391e34d68,M19,4,10.53,6.985
147,1d7746b0a53dab9391e34d68,M20,4,12.61,9.35
147,1d7746b0a53dab9391e34d68,M21,4,9.85,6.77
147,1d7746b0a53dab9391e34d68,M22,4,25.08,15.23
147,1d7746b0a53dab9391e34d68,M23,4,21.77,13.01
147,1d7746b0a53dab9391e34d68,M24,4,25.64,15.92
147,1d7746b0a53dab9391e34d68,M25,4,15.04,13.5
147,1d7746b0a53dab9391e34d68,M26,4,13.82,12.19
147,1d7746b0a53dab9391e34d68,M27,4,18.49,15.28
147,1d7746b0a53dab9391e34d68,M28,4,16.64,13.34
147,1d7746b0a53dab9391e34d68,M29,4,18.51,15.58
147,1d7746b0a53dab9391e34d68,M30,4,11.7,9.25
148,1b9952df1d11d663488fce0b,M01,2,7.35,6.88
148,1b9952df1d11d663488fce0b,M02,2,9.84,9.32
148,1b9952df1d11d663488fce0b,M03,2,10.4,9.36
148,1b9952df1d11d663488fce0b,M04,2,9.58,8.58
148,1b9952df1d11d663488fce0b,M05,2,9.6,8.46
148,1b9952df1d11d663488fce0b,M06,2,12.95,11.66
148,1b9952df1d11d663488fce0b,M07,2,14.31,12.81
148,1b9952df1d11d663488fce0b,M08,2,18.7,16.97
148,1b9952df1d11d663488fce0b,M09,2,17.56,16.03
148,1b9952df1d11d663488fce0b,M10,2,20.3,18.71
148,1b9952df1d11d663488fce0b,M11,2,19.49,17.82
148,1b9952df1d11d663488fce0b,M12,2,26.72,24
148,1b9952df1d11d663488fce0b,M13,2,26.91,23.43
148,1b9952df1d11d663488fce0b,M14,2,23.41,20.18
148,1b9952df1d11d663488fce0b,M15,2,27.11,23.65
148,1b9952df1d11d663488fce0b,M16,2,55.33,51.18
148,1b9952df1d11d663488fce0b,M17,2,7.35,6.73
148,1b9952df1d11d663488fce0b,M18,2,10.15,9.21
148,1b9952df1d11d663488fce0b,M19,2,9,6.87
148,1b9952df1d11d663488fce0b,M20,2,11.32,9.15
148,1b9952df1d11d663488fce0b,M21,2,8.54,6.77
148,1b9952df1d11d663488fce0b,M22,2,21.01,15.22
148,1b9952df1d11d663488fce0b,M23,2,17.89,13.01
148,1b9952df1d11d663488fce0b,M24,2,21.52,15.92
148,1b9952df1d11d663488fce0b,M25,2,14.29,13.62
148,1b9952df1d11d663488fce0b,M26,2,13.01,12.34
148,1b9952df1d11d663488fce0b,M27,2,16.91,15.67
148,1b9952df1d11d663488fce0b,M28,2,14.95,13.69
148,1b9952df1d11d663488fce0b,M29,2,16.84,15.58
148,1b9952df1d11d663488fce0b,M30,2,10.44,9.38
149,a93b32339ed8311dd7a541ef,M01,2,7.69,6.88
149,a93b32339ed8311dd7a541ef,M02,2,10.27,9.32
149,a93b32339ed8311dd7a541ef,M03,2,11.22,9.36
149,a93b32339ed8311dd7a541ef,M04,2,10.24,8.58
149,a93b32339ed8311dd7a541ef,M05,2,10.39,8.46
149,a93b32339ed8311dd7a541ef,M06,2,13.81,11.66
149,a93b32339ed8311dd7a541ef,M07,2,15.5,12.81
149,a93b32339ed8311dd7a541ef,M08,2,19.88,16.97
149,a93b32339ed8311dd7a541ef,M09,2,18.5,16.03
149,a93b32339ed8311dd7a541ef,M10,2,21.51,18.71
149,a93b32339ed8311dd7a541ef,M11,2,20.56,17.82
149,a93b32339ed8311dd7a541ef,M12,2,28.59,24
149,a93b32339ed8311dd7a541ef,M13,2,29.09,23.43
149,a93b32339ed8311dd7a541ef,M14,2,25.6,20.18
149,a93b32339ed8311dd7a541ef,M15,2,29.51,23.65
149,a93b32339ed8311dd7a541ef,M16,2,57.72,51.18
149,a93b32339ed8311dd7a541ef,M17,2,7.79,6.73
149,a93b32339ed8311dd7a541ef,M18,2,10.77,9.21
149,a93b32339ed8311dd7a541ef,M19,2,9.6,6.87
149,a93b32339ed8311dd7a541ef,M20,2,11.82,9.15
149,a93b32339ed8311dd7a541ef,M21,2,9.04,6.77
149,a93b32339ed8311dd7a541ef,M22,2,22.58,15.22
149,a93b32339ed8311dd7a541ef,M23,2,19.38,13.01
149,a93b32339ed8311dd7a541ef,M24,2,23.1,15.92
149,a93b32339ed8311dd7a541ef,M25,2,14.81,13.62
149,a93b32339ed8311dd7a541ef,M26,2,13.53,12.34
149,a93b32339ed8311dd7a541ef,M27,2,17.89,15.67
149,a93b32339ed8311dd7a541ef,M28,2,15.94,13.69
149,a93b32339ed8311dd7a541ef,M29,2,17.95,15.58
149,a93b32339ed8311dd7a541ef,M30,2,11.26,9.38
150,47a0e982a5cc29d0694317d1,M01,1,6.41,6.95
150,47a0e982a5cc29d0694317d1,M02,1,8.91,9.36
150,47a0e982a5cc29d0694317d1,M03,1,8.73,9.52
150,47a0e982a5cc29d0694317d1,M04,1,8.09,8.81
150,47a0e982a5cc29d0694317d1,M05,1,7.8,8.8
150,47a0e982a5cc29d0694317d1,M06,1,10.41,11.89
150,47a0e982a5cc29d0694317d1,M07,1,11.81,13
150,47a0e982a5cc29d0694317d1,M08,1,16.04,17.42
150,47a0e982a5cc29d0694317d1,M09,1,14.96,16.18
150,47a0e982a5cc29d0694317d1,M10,1,17.74,18.98
150,47a0e982a5cc29d0694317d1,M11,1,16.66,18.29
150,47a0e982a5cc29d0694317d1,M12,1,22.21,24.62
150,47a0e982a5cc29d0694317d1,M13,1,20.15,24.03
150,47a0e982a5cc29d0694317d1,M14,1,16.91,20.46
150,47a0e982a5cc29d0694317d1,M15,1,21.69,24.48
150,47a0e982a5cc29d0694317d1,M16,1,45.47,51.76
150,47a0e982a5cc29d0694317d1,M17,1,6.41,6.94
150,47a0e982a5cc29d0694317d1,M18,1,8.78,9.46
150,47a0e982a5cc29d0694317d1,M19,1,5.99,7.16
150,47a0e982a5cc29d0694317d1,M20,1,8.64,9.5
150,47a0e982a5cc29d0694317d1,M21,1,6.19,6.99
150,47a0e982a5cc29d0694317d1,M22,1,13.6,15.84
150,47a0e982a5cc29d0694317d1,M23,1,11.29,13.35
150,47a0e982a5cc29d0694317d1,M24,1,14.92,16.5
150,47a0e982a5cc29d0694317d1,M25,1,12.6,13.75
150,47a0e982a5cc29d0694317d1,M26,1,11.34,12.54
150,47a0e982a5cc29d0694317d1,M27,1,13.63,15.91
150,47a0e982a5cc29d0694317d1,M28,1,11.7,13.91
150,47a0e982a5cc29d0694317d1,M29,1,14.2,15.68
150,47a0e982a5cc29d0694317d1,M30,1,8.17,9.58
151,6b4c549deadd4454deb332d3,M01,1,6.08,6.95
151,6b4c549deadd4454deb332d3,M02,1,8.06,9.36
151,6b4c549deadd4454deb332d3,M03,1,7.27,9.52
151,6b4c549deadd4454deb332d3,M04,1,6.55,8.81
151,6b4c549deadd4454deb332d3,M05,1,6.43,8.8
151,6b4c549deadd4454deb332d3,M06,1,9.26,11.89
151,6b4c549deadd4454deb332d3,M07,1,9.63,13
151,6b4c549deadd4454deb332d3,M08,1,13.63,17.42
151,6b4c549deadd4454deb332d3,M09,1,12.33,16.18
151,6b4c549deadd4454deb332d3,M10,1,15.19,18.98
151,6b4c549deadd4454deb332d3,M11,1,14.1,18.29
151,6b4c549deadd4454deb332d3,M12,1,18.37,24.62
151,6b4c549deadd4454deb332d3,M13,1,17.19,24.03
151,6b4c549deadd4454deb332d3,M14,1,14.24,20.46
151,6b4c549deadd4454deb332d3,M15,1,16.91,24.48
151,6b4c549deadd4454deb332d3,M16,1,39.71,51.76
151,6b4c549deadd4454deb332d3,M17,1,5.24,6.94
151,6b4c549deadd4454deb332d3,M18,1,7.15,9.46
151,6b4c549deadd4454deb332d3,M19,1,5.92,7.16
151,6b4c549deadd4454deb332d3,M20,1,8.12,9.5
151,6b4c549deadd4454deb332d3,M21,1,5.75,6.99
151,6b4c549deadd4454deb332d3,M22,1,12.55,15.84
151,6b4c549deadd4454deb332d3,M23,1,10.67,13.35
151,6b4c549deadd4454deb332d3,M24,1,12.51,16.5
151,6b4c549deadd4454deb332d3,M25,1,12.05,13.75
151,6b4c549deadd4454deb332d3,M26,1,10.61,12.54
151,6b4c549deadd4454deb332d3,M27,1,12.41,15.91
151,6b4c549deadd4454deb332d3,M28,1,10.41,13.91
151,6b4c549deadd4454deb332d3,M29,1,12.01,15.68
151,6b4c549deadd4454deb332d3,M30,1,7.3,9.58
152,bc994c242eeac5db55f81cd1,M01,0,5.29,6.91
152,bc994c242eeac5db55f81cd1,M02,0,7.08,9.32
152,bc994c242eeac5db55f81cd1,M03,0,6.06,9.36
152,bc994c242eeac5db55f81cd1,M04,0,5.69,8.59
152,bc994c242eeac5db55f81cd1,M05,0,5.53,8.47
152,bc994c242eeac5db55f81cd1,M06,0,7.67,11.77
152,bc994c242eeac5db55f81cd1,M07,0,7.87,12.83
152,bc994c242eeac5db55f81cd1,M08,0,10.98,17.14
152,bc994c242eeac5db55f81cd1,M09,0,9.95,16.05
152,bc994c242eeac5db55f81cd1,M10,0,12.57,18.74
152,bc994c242eeac5db55f81cd1,M11,0,11.63,17.84
152,bc994c242eeac5db55f81cd1,M12,0,14,24.05
152,bc994c242eeac5db55f81cd1,M13,0,13.4,23.48
152,bc994c242eeac5db55f81cd1,M14,0,10.83,20.22
152,bc994c242eeac5db55f81cd1,M15,0,13.26,23.9
152,bc994c242eeac5db55f81cd1,M16,0,27.98,51.31
152,bc994c242eeac5db55f81cd1,M17,0,4.33,6.83
152,bc994c242eeac5db55f81cd1,M18,0,6.21,9.32
152,bc994c242eeac5db55f81cd1,M19,0,5.77,7.09
152,bc994c242eeac5db55f81cd1,M20,0,7.99,9.53
152,bc994c242eeac5db55f81cd1,M21,0,5.77,6.95
152,bc994c242eeac5db55f81cd1,M22,0,12.41,15.84
152,bc994c242eeac5db55f81cd1,M23,0,10.42,13.31
152,bc994c242eeac5db55f81cd1,M24,0,12.59,16.53
152,bc994c242eeac5db55f81cd1,M25,0,9.1,13.62
152,bc994c242eeac5db55f81cd1,M26,0,6.91,12.385
152,bc994c242eeac5db55f81cd1,M27,0,8.99,15.7
152,bc994c242eeac5db55f81cd1,M28,0,7.45,13.765
152,bc994c242eeac5db55f81cd1,M29,0,8.51,15.575
152,bc994c242eeac5db55f81cd1,M30,0,4.89,9.385
153,dd846ae5b622e8b2e6c71cac,M01,2,8.95,6.88
153,dd846ae5b622e8b2e6c71cac,M02,2,11.53,9.32
153,dd846ae5b622e8b2e6c71cac,M03,2,13.76,9.36
153,dd846ae5b622e8b2e6c71cac,M04,2,12.75,8.58
153,dd846ae5b622e8b2e6c71cac,M05,2,12.98,8.46
153,dd846ae5b622e8b2e6c71cac,M06,2,16.68,11.66
153,dd846ae5b622e8b2e6c71cac,M07,2,19.41,12.81
153,dd846ae5b622e8b2e6c71cac,M08,2,23.51,16.97
153,dd846ae5b622e8b2e6c71cac,M09,2,22.16,16.03
153,dd846ae5b622e8b2e6c71cac,M10,2,25.04,18.71
153,dd846ae5b622e8b2e6c71cac,M11,2,24.16,17.82
153,dd846ae5b622e8b2e6c71cac,M12,2,34.85,24
153,dd846ae5b622e8b2e6c71cac,M13,2,37.07,23.43
153,dd846ae5b622e8b2e6c71cac,M14,2,34.06,20.18
153,dd846ae5b622e8b2e6c71cac,M15,2,37.26,23.65
153,dd846ae5b622e8b2e6c71cac,M16,2,66.41,51.18
153,dd846ae5b622e8b2e6c71cac,M17,2,9.14,6.73
153,dd846ae5b622e8b2e6c71cac,M18,2,13.05,9.21
153,dd846ae5b622e8b2e6c71cac,M19,2,12.93,6.87
153,dd846ae5b622e8b2e6c71cac,M20,2,14.51,9.15
153,dd846ae5b622e8b2e6c71cac,M21,2,11.65,6.77
153,dd846ae5b622e8b2e6c71cac,M22,2,31.02,15.22
153,dd846ae5b622e8b2e6c71cac,M23,2,27.15,13.01
153,dd846ae5b622e8b2e6c71cac,M24,2,31.78,15.92
153,dd846ae5b622e8b2e6c71cac,M25,2,16.54,13.62
153,dd846ae5b622e8b2e6c71cac,M26,2,15.2,12.34
153,dd846ae5b622e8b2e6c71cac,M27,2,21.29,15.67
153,dd846ae5b622e8b2e6c71cac,M28,2,19.49,13.69
153,dd846ae5b622e8b2e6c71cac,M29,2,21.08,15.58
153,dd846ae5b622e8b2e6c71cac,M30,2,13.82,9.38
154,f3706234c543da48bc5c0106,M01,0,8.35,6.91
154,f3706234c543da48bc5c0106,M02,0,11.09,9.32
154,f3706234c543da48bc5c0106,M03,0,12.89,9.36
154,f3706234c543da48bc5c0106,M04,0,11.84,8.59
154,f3706234c543da48bc5c0106,M05,0,12.05,8.47
154,f3706234c543da48bc5c0106,M06,0,15.58,11.77
154,f3706234c543da48bc5c0106,M07,0,18.06,12.83
154,f3706234c543da48bc5c0106,M08,0,22.3,17.14
154,f3706234c543da48bc5c0106,M09,0,20.84,16.05
154,f3706234c543da48bc5c0106,M10,0,23.86,18.74
154,f3706234c543da48bc5c0106,M11,0,23.07,17.84
154,f3706234c543da48bc5c0106,M12,0,32.72,24.05
154,f3706234c543da48bc5c0106,M13,0,34.01,23.48
154,f3706234c543da48bc5c0106,M14,0,30.82,20.22
154,f3706234c543da48bc5c0106,M15,0,34.8,23.9
154,f3706234c543da48bc5c0106,M16,0,63.16,51.31
154,f3706234c543da48bc5c0106,M17,0,8.68,6.83
154,f3706234c543da48bc5c0106,M18,0,12.22,9.32
154,f3706234c543da48bc5c0106,M19,0,11.65,7.09
154,f3706234c543da48bc5c0106,M20,0,13.36,9.53
154,f3706234c543da48bc5c0106,M21,0,10.59,6.95
154,f3706234c543da48bc5c0106,M22,0,27.86,15.84
154,f3706234c543da48bc5c0106,M23,0,24.31,13.31
154,f3706234c543da48bc5c0106,M24,0,27.94,16.53
154,f3706234c543da48bc5c0106,M25,0,15.83,13.62
154,f3706234c543da48bc5c0106,M26,0,14.59,12.385
154,f3706234c543da48bc5c0106,M27,0,20,15.7
154,f3706234c543da48bc5c0106,M28,0,18.18,13.765
154,f3706234c543da48bc5c0106,M29,0,20.12,15.575
154,f3706234c543da48bc5c0106,M30,0,12.93,9.385
155,8109b130d7942e795d77baa7,M01,1,6.14,6.95
155,8109b130d7942e795d77baa7,M02,1,8.67,9.36
155,8109b130d7942e795d77baa7,M03,1,7.79,9.52
155,8109b130d7942e795d77baa7,M04,1,7.65,8.81
155,8109b130d7942e795d77baa7,M05,1,7.19,8.8
155,8109b130d7942e795d77baa7,M06,1,9.86,11.89
155,8109b130d7942e795d77baa7,M07,1,11.24,13
155,8109b130d7942e795d77baa7,M08,1,15.24,17.42
155,8109b130d7942e795d77baa7,M09,1,13.77,16.18
155,8109b130d7942e795d77baa7,M10,1,16.85,18.98
155,8109b130d7942e795d77baa7,M11,1,15.61,18.29
155,8109b130d7942e795d77baa7,M12,1,20.33,24.62
155,8109b130d7942e795d77baa7,M13,1,18.57,24.03
155,8109b130d7942e795d77baa7,M14,1,15.5,20.46
155,8109b130d7942e795d77baa7,M15,1,20,24.48
155,8109b130d7942e795d77baa7,M16,1,42.03,51.76
155,8109b130d7942e795d77baa7,M17,1,5.85,6.94
155,8109b130d7942e795d77baa7,M18,1,7.91,9.46
155,8109b130d7942e795d77baa7,M19,1,6.43,7.16
155,8109b130d7942e795d77baa7,M20,1,9.56,9.5
155,8109b130d7942e795d77baa7,M21,1,6.67,6.99
155,8109b130d7942e795d77baa7,M22,1,15.22,15.84
155,8109b130d7942e795d77baa7,M23,1,12.26,13.35
155,8109b130d7942e795d77baa7,M24,1,18.18,16.5
155,8109b130d7942e795d77baa7,M25,1,12.21,13.75
155,8109b130d7942e795d77baa7,M26,1,10.93,12.54
155,8109b130d7942e795d77baa7,M27,1,12.87,15.91
155,8109b130d7942e795d77baa7,M28,1,11.02,13.91
155,8109b130d7942e795d77baa7,M29,1,13.37,15.68
155,8109b130d7942e795d77baa7,M30,1,7.66,9.58
156,3104d8d880d3cd06ac46bd0b,M01,0,7.63,6.91
156,3104d8d880d3cd06ac46bd0b,M02,0,10.16,9.32
156,3104d8d880d3cd06ac46bd0b,M03,0,10.98,9.36
156,3104d8d880d3cd06ac46bd0b,M04,0,10.1,8.59
156,3104d8d880d3cd06ac46bd0b,M05,0,10.2,8.47
156,3104d8d880d3cd06ac46bd0b,M06,0,13.68,11.77
156,3104d8d880d3cd06ac46bd0b,M07,0,15.16,12.83
156,3104d8d880d3cd06ac46bd0b,M08,0,19.53,17.14
156,3104d8d880d3cd06ac46bd0b,M09,0,18.29,16.05
156,3104d8d880d3cd06ac46bd0b,M10,0,21.14,18.74
156,3104d8d880d3cd06ac46bd0b,M11,0,20.3,17.84
156,3104d8d880d3cd06ac46bd0b,M12,0,28.01,24.05
156,3104d8d880d3cd06ac46bd0b,M13,0,28.67,23.48
156,3104d8d880d3cd06ac46bd0b,M14,0,25.1,20.22
156,3104d8d880d3cd06ac46bd0b,M15,0,28.78,23.9
156,3104d8d880d3cd06ac46bd0b,M16,0,57.3,51.31
156,3104d8d880d3cd06ac46bd0b,M17,0,7.49,6.83
156,3104d8d880d3cd06ac46bd0b,M18,0,10.16,9.32
156,3104d8d880d3cd06ac46bd0b,M19,0,9.5,7.09
156,3104d8d880d3cd06ac46bd0b,M20,0,9.76,9.53
156,3104d8d880d3cd06ac46bd0b,M21,0,7.1,6.95
156,3104d8d880d3cd06ac46bd0b,M22,0,16.62,15.84
156,3104d8d880d3cd06ac46bd0b,M23,0,17.25,13.31
156,3104d8d880d3cd06ac46bd0b,M24,0,17.13,16.53
156,3104d8d880d3cd06ac46bd0b,M25,0,14.75,13.62
156,3104d8d880d3cd06ac46bd0b,M26,0,13.47,12.385
156,3104d8d880d3cd06ac46bd0b,M27,0,17.78,15.7
156,3104d8d880d3cd06ac46bd0b,M28,0,15.82,13.765
156,3104d8d880d3cd06ac46bd0b,M29,0,17.69,15.575
156,3104d8d880d3cd06ac46bd0b,M30,0,11.07,9.385
157,bd2b46e5d8d336def30a4873,M01,1,7.44,6.95
157,bd2b46e5d8d336def30a4873,M02,1,9.88,9.36
157,bd2b46e5d8d336def30a4873,M03,1,10.44,9.52
157,bd2b46e5d8d336def30a4873,M04,1,9.54,8.81
157,bd2b46e5d8d336def30a4873,M05,1,9.47,8.8
157,bd2b46e5d8d336def30a4873,M06,1,13.03,11.89
157,bd2b46e5d8d336def30a4873,M07,1,14.31,13
157,bd2b46e5d8d336def30a4873,M08,1,18.7,17.42
157,bd2b46e5d8d336def30a4873,M09,1,17.44,16.18
157,bd2b46e5d8d336def30a4873,M10,1,20.34,18.98
157,bd2b46e5d8d336def30a4873,M11,1,19.35,18.29
157,bd2b46e5d8d336def30a4873,M12,1,26.64,24.62
157,bd2b46e5d8d336def30a4873,M13,1,26.81,24.03
157,bd2b46e5d8d336def30a4873,M14,1,23.06,20.46
157,bd2b46e5d8d336def30a4873,M15,1,27.07,24.48
157,bd2b46e5d8d336def30a4873,M16,1,55.15,51.76
157,bd2b46e5d8d336def30a4873,M17,1,7.28,6.94
157,bd2b46e5d8d336def30a4873,M18,1,10.1,9.46
157,bd2b46e5d8d336def30a4873,M19,1,8.11,7.16
157,bd2b46e5d8d336def30a4873,M20,1,10.53,9.5
157,bd2b46e5d8d336def30a4873,M21,1,7.59,6.99
157,bd2b46e5d8d336def30a4873,M22,1,18.39,15.84
157,bd2b46e5d8d336def30a4873,M23,1,15.53,13.35
157,bd2b46e5d8d336def30a4873,M24,1,18.86,16.5
157,bd2b46e5d8d336def30a4873,M25,1,14.35,13.75
157,bd2b46e5d8d336def30a4873,M26,1,13,12.54
157,bd2b46e5d8d336def30a4873,M27,1,16.94,15.91
157,bd2b46e5d8d336def30a4873,M28,1,14.83,13.91
157,bd2b46e5d8d336def30a4873,M29,1,16.87,15.68
157,bd2b46e5d8d336def30a4873,M30,1,10.42,9.58
158,3fd88639055c4f90157ae592,M01,4,8.32,6.845
158,3fd88639055c4f90157ae592,M02,4,10.99,9.175
158,3fd88639055c4f90157ae592,M03,4,12.7,9.25
158,3fd88639055c4f90157ae592,M04,4,11.65,8.44
158,3fd88639055c4f90157ae592,M05,4,11.86,8.46
158,3fd88639055c4f90157ae592,M06,4,15.67,11.555
158,3fd88639055c4f90157ae592,M07,4,17.75,12.545
158,3fd88639055c4f90157ae592,M08,4,22.02,16.89
158,3fd88639055c4f90157ae592,M09,4,20.58,15.81
158,3fd88639055c4f90157ae592,M10,4,23.59,18.53
158,3fd88639055c4f90157ae592,M11,4,22.87,17.615
158,3fd88639055c4f90157ae592,M12,4,32.47,23.555
158,3fd88639055c4f90157ae592,M13,4,33.88,23.13
158,3fd88639055c4f90157ae592,M14,4,30.62,19.65
158,3fd88639055c4f90157ae592,M15,4,34.33,23.315
158,3fd88639055c4f90157ae592,M16,4,63,50.515
158,3fd88639055c4f90157ae592,M17,4,8.59,6.655
158,3fd88639055c4f90157ae592,M18,4,12.06,9.155
158,3fd88639055c4f90157ae592,M19,4,11.55,6.985
158,3fd88639055c4f90157ae592,M20,4,13.52,9.35
158,3fd88639055c4f90157ae592,M21,4,10.65,6.77
158,3fd88639055c4f90157ae592,M22,4,27.95,15.23
158,3fd88639055c4f90157ae592,M23,4,24.2,13.01
158,3fd88639055c4f90157ae592,M24,4,28.58,15.92
158,3fd88639055c4f90157ae592,M25,4,15.81,13.5
158,3fd88639055c4f90157ae592,M26,4,14.55,12.19
158,3fd88639055c4f90157ae592,M27,4,19.79,15.28
158,3fd88639055c4f90157ae592,M28,4,18.1,13.34
158,3fd88639055c4f90157ae592,M29,4,19.97,15.58
158,3fd88639055c4f90157ae592,M30,4,12.74,9.25
159,7953ee787848eada3b125164,M01,3,5.16,6.99
159,7953ee787848eada3b125164,M02,3,6.25,9.41
159,7953ee787848eada3b125164,M03,3,5.25,9.67
159,7953ee787848eada3b125164,M04,3,5.04,8.99
159,7953ee787848eada3b125164,M05,3,4.89,8.87
159,7953ee787848eada3b125164,M06,3,6.71,12.11
159,7953ee787848eada3b125164,M07,3,6.78,13.26
159,7953ee787848eada3b125164,M08,3,9.04,17.66
159,7953ee787848eada3b125164,M09,3,7.99,16.64
159,7953ee787848eada3b125164,M10,3,10.48,19.22
159,7953ee787848eada3b125164,M11,3,9.55,18.33
159,7953ee787848eada3b125164,M12,3,11.15,24.98
159,7953ee787848eada3b125164,M13,3,12.88,24.67
159,7953ee787848eada3b125164,M14,3,10.86,20.81
159,7953ee787848eada3b125164,M15,3,12.73,24.93
159,7953ee787848eada3b125164,M16,3,26.84,52.34
159,7953ee787848eada3b125164,M17,3,3.28,6.99
159,7953ee787848eada3b125164,M18,3,5.38,9.6
159,7953ee787848eada3b125164,M19,3,4.59,7.26
159,7953ee787848eada3b125164,M20,3,5.68,9.575
159,7953ee787848eada3b125164,M21,3,4.56,6.985
159,7953ee787848eada3b125164,M22,3,8.58,16.03
159,7953ee787848eada3b125164,M23,3,7.12,13.455
159,7953ee787848eada3b125164,M24,3,8.05,16.74
159,7953ee787848eada3b125164,M25,3,12.43,13.8
159,7953ee787848eada3b125164,M26,3,10.98,12.58
159,7953ee787848eada3b125164,M27,3,12.95,15.98
159,7953ee787848eada3b125164,M28,3,10.91,14.22
159,7953ee787848eada3b125164,M29,3,12.93,16.04
159,7953ee787848eada3b125164,M30,3,7.82,9.75
160,2673245c3e0a30a5c3e96d57,M01,0,4.87,6.91
160,2673245c3e0a30a5c3e96d57,M02,0,6.15,9.32
160,2673245c3e0a30a5c3e96d57,M03,0,5.16,9.36
160,2673245c3e0a30a5c3e96d57,M04,0,4.94,8.59
160,2673245c3e0a30a5c3e96d57,M05,0,4.8,8.47
160,2673245c3e0a30a5c3e96d57,M06,0,6.58,11.77
160,2673245c3e0a30a5c3e96d57,M07,0,6.67,12.83
160,2673245c3e0a30a5c3e96d57,M08,0,8.81,17.14
160,2673245c3e0a30a5c3e96d57,M09,0,7.65,16.05
160,2673245c3e0a30a5c3e96d57,M10,0,10.24,18.74
160,2673245c3e0a30a5c3e96d57,M11,0,9.26,17.84
160,2673245c3e0a30a5c3e96d57,M12,0,10.82,24.05
160,2673245c3e0a30a5c3e96d57,M13,0,10.61,23.48
160,2673245c3e0a30a5c3e96d57,M14,0,10.47,20.22
160,2673245c3e0a30a5c3e96d57,M15,0,8.54,23.9
160,2673245c3e0a30a5c3e96d57,M16,0,18.83,51.31
160,2673245c3e0a30a5c3e96d57,M17,0,3.03,6.83
160,2673245c3e0a30a5c3e96d57,M18,0,5.26,9.32
160,2673245c3e0a30a5c3e96d57,M19,0,4.55,7.09
160,2673245c3e0a30a5c3e96d57,M20,0,5.56,9.53
160,2673245c3e0a30a5c3e96d57,M21,0,4.52,6.95
160,2673245c3e0a30a5c3e96d57,M22,0,8.71,15.84
160,2673245c3e0a30a5c3e96d57,M23,0,7.46,13.31
160,2673245c3e0a30a5c3e96d57,M24,0,8.52,16.53
160,2673245c3e0a30a5c3e96d57,M25,0,9.75,13.62
160,2673245c3e0a30a5c3e96d57,M26,0,8.16,12.385
160,2673245c3e0a30a5c3e96d57,M27,0,8.94,15.7
160,2673245c3e0a30a5c3e96d57,M28,0,7.63,13.765
160,2673245c3e0a30a5c3e96d57,M29,0,8.84,15.575
160,2673245c3e0a30a5c3e96d57,M30,0,5.68,9.385
161,cf53cfefe4d6fe2f0d464145,M01,4,6.99,6.845
161,cf53cfefe4d6fe2f0d464145,M02,4,9.35,9.175
161,cf53cfefe4d6fe2f0d464145,M03,4,9.44,9.25
161,cf53cfefe4d6fe2f0d464145,M04,4,8.57,8.44
161,cf53cfefe4d6fe2f0d464145,M05,4,8.45,8.46
161,cf53cfefe4d6fe2f0d464145,M06,4,11.86,11.555
161,cf53cfefe4d6fe2f0d464145,M07,4,12.83,12.545
161,cf53cfefe4d6fe2f0d464145,M08,4,17.21,16.89
161,cf53cfefe4d6fe2f0d464145,M09,4,15.96,15.81
161,cf53cfefe4d6fe2f0d464145,M10,4,18.82,18.53
161,cf53cfefe4d6fe2f0d464145,M11,4,17.84,17.615
161,cf53cfefe4d6fe2f0d464145,M12,4,24.23,23.555
161,cf53cfefe4d6fe2f0d464145,M13,4,23.8,23.13
161,cf53cfefe4d6fe2f0d464145,M14,4,20.18,19.65
161,cf53cfefe4d6fe2f0d464145,M15,4,23.97,23.315
161,cf53cfefe4d6fe2f0d464145,M16,4,51.53,50.515
161,cf53cfefe4d6fe2f0d464145,M17,4,6.67,6.655
161,cf53cfefe4d6fe2f0d464145,M18,4,9.19,9.155
161,cf53cfefe4d6fe2f0d464145,M19,4,6.67,6.985
161,cf53cfefe4d6fe2f0d464145,M20,4,9.11,9.35
161,cf53cfefe4d6fe2f0d464145,M21,4,6.42,6.77
161,cf53cfefe4d6fe2f0d464145,M22,4,14.55,15.23
161,cf53cfefe4d6fe2f0d464145,M23,4,12.41,13.01
161,cf53cfefe4d6fe2f0d464145,M24,4,14.74,15.92
161,cf53cfefe4d6fe2f0d464145,M25,4,13.66,13.5
161,cf53cfefe4d6fe2f0d464145,M26,4,12.34,12.19
161,cf53cfefe4d6fe2f0d464145,M27,4,15.57,15.28
161,cf53cfefe4d6fe2f0d464145,M28,4,13.51,13.34
161,cf53cfefe4d6fe2f0d464145,M29,4,15.46,15.58
161,cf53cfefe4d6fe2f0d464145,M30,4,9.42,9.25
162,bbde6b2455ce1854559c6709,M01,1,7.34,6.95
162,bbde6b2455ce1854559c6709,M02,1,9.73,9.36
162,bbde6b2455ce1854559c6709,M03,1,10.16,9.52
162,bbde6b2455ce1854559c6709,M04,1,9.35,8.81
162,bbde6b2455ce1854559c6709,M05,1,9.19,8.8
162,bbde6b2455ce1854559c6709,M06,1,12.73,11.89
162,bbde6b2455ce1854559c6709,M07,1,13.91,13
162,bbde6b2455ce1854559c6709,M08,1,18.31,17.42
162,bbde6b2455ce1854559c6709,M09,1,17.24,16.18
162,bbde6b2455ce1854559c6709,M10,1,19.92,18.98
162,bbde6b2455ce1854559c6709,M11,1,18.99,18.29
162,bbde6b2455ce1854559c6709,M12,1,26.21,24.62
162,bbde6b2455ce1854559c6709,M13,1,26.08,24.03
162,bbde6b2455ce1854559c6709,M14,1,22.57,20.46
162,bbde6b2455ce1854559c6709,M15,1,26.51,24.48
162,bbde6b2455ce1854559c6709,M16,1,54.3,51.76
162,bbde6b2455ce1854559c6709,M17,1,7.13,6.94
162,bbde6b2455ce1854559c6709,M18,1,9.97,9.46
162,bbde6b2455ce1854559c6709,M19,1,7.21,7.16
162,bbde6b2455ce1854559c6709,M20,1,9.66,9.5
162,bbde6b2455ce1854559c6709,M21,1,6.9,6.99
162,bbde6b2455ce1854559c6709,M22,1,15.93,15.84
162,bbde6b2455ce1854559c6709,M23,1,13.56,13.35
162,bbde6b2455ce1854559c6709,M24,1,16.19,16.5
162,bbde6b2455ce1854559c6709,M25,1,14.26,13.75
162,bbde6b2455ce1854559c6709,M26,1,12.91,12.54
162,bbde6b2455ce1854559c6709,M27,1,16.69,15.91
162,bbde6b2455ce1854559c6709,M28,1,14.58,13.91
162,bbde6b2455ce1854559c6709,M29,1,16.51,15.68
162,bbde6b2455ce1854559c6709,M30,1,10.14,9.58
163,bbde6b2455ce1854559c6709,M01,1,7.34,6.95
163,bbde6b2455ce1854559c6709,M02,1,9.79,9.36
163,bbde6b2455ce1854559c6709,M03,1,10.25,9.52
163,bbde6b2455ce1854559c6709,M04,1,9.4,8.81
163,bbde6b2455ce1854559c6709,M05,1,9.31,8.8
163,bbde6b2455ce1854559c6709,M06,1,12.81,11.89
163,bbde6b2455ce1854559c6709,M07,1,14.04,13
163,bbde6b2455ce1854559c6709,M08,1,18.44,17.42
163,bbde6b2455ce1854559c6709,M09,1,17.24,16.18
163,bbde6b2455ce1854559c6709,M10,1,20.06,18.98
163,bbde6b2455ce1854559c6709,M11,1,19.12,18.29
163,bbde6b2455ce1854559c6709,M12,1,26.21,24.62
163,bbde6b2455ce1854559c6709,M13,1,26.31,24.03
163,bbde6b2455ce1854559c6709,M14,1,22.57,20.46
163,bbde6b2455ce1854559c6709,M15,1,26.51,24.48
163,bbde6b2455ce1854559c6709,M16,1,54.55,51.76
163,bbde6b2455ce1854559c6709,M17,1,7.19,6.94
163,bbde6b2455ce1854559c6709,M18,1,9.98,9.46
163,bbde6b2455ce1854559c6709,M19,1,8.04,7.16
163,bbde6b2455ce1854559c6709,M20,1,10.46,9.5
163,bbde6b2455ce1854559c6709,M21,1,7.6,6.99
163,bbde6b2455ce1854559c6709,M22,1,18.19,15.84
163,bbde6b2455ce1854559c6709,M23,1,15.37,13.35
163,bbde6b2455ce1854559c6709,M24,1,18.66,16.5
163,bbde6b2455ce1854559c6709,M25,1,14.26,13.75
163,bbde6b2455ce1854559c6709,M26,1,12.91,12.54
163,bbde6b2455ce1854559c6709,M27,1,16.69,15.91
163,bbde6b2455ce1854559c6709,M28,1,14.58,13.91
163,bbde6b2455ce1854559c6709,M29,1,16.66,15.68
163,bbde6b2455ce1854559c6709,M30,1,10.25,9.58
164,2f5f0ba7541c2228903defab,M01,1,7.08,6.95
164,2f5f0ba7541c2228903defab,M02,1,9.44,9.36
164,2f5f0ba7541c2228903defab,M03,1,9.6,9.52
164,2f5f0ba7541c2228903defab,M04,1,8.77,8.81
164,2f5f0ba7541c2228903defab,M05,1,8.8,8.8
164,2f5f0ba7541c2228903defab,M06,1,12.11,11.89
164,2f5f0ba7541c2228903defab,M07,1,13.06,13
164,2f5f0ba7541c2228903defab,M08,1,17.41,17.42
164,2f5f0ba7541c2228903defab,M09,1,16.18,16.18
164,2f5f0ba7541c2228903defab,M10,1,19.08,18.98
164,2f5f0ba7541c2228903defab,M11,1,18.2,18.29
164,2f5f0ba7541c2228903defab,M12,1,24.47,24.62
164,2f5f0ba7541c2228903defab,M13,1,24.45,24.03
164,2f5f0ba7541c2228903defab,M14,1,20.81,20.46
164,2f5f0ba7541c2228903defab,M15,1,24.37,24.48
164,2f5f0ba7541c2228903defab,M16,1,52.34,51.76
164,2f5f0ba7541c2228903defab,M17,1,6.89,6.94
164,2f5f0ba7541c2228903defab,M18,1,9.37,9.46
164,2f5f0ba7541c2228903defab,M19,1,8.64,7.16
164,2f5f0ba7541c2228903defab,M20,1,11.02,9.5
164,2f5f0ba7541c2228903defab,M21,1,8.25,6.99
164,2f5f0ba7541c2228903defab,M22,1,20.14,15.84
164,2f5f0ba7541c2228903defab,M23,1,17.03,13.35
164,2f5f0ba7541c2228903defab,M24,1,20.58,16.5
164,2f5f0ba7541c2228903defab,M25,1,13.86,13.75
164,2f5f0ba7541c2228903defab,M26,1,12.51,12.54
164,2f5f0ba7541c2228903defab,M27,1,15.91,15.91
164,2f5f0ba7541c2228903defab,M28,1,13.84,13.91
164,2f5f0ba7541c2228903defab,M29,1,15.74,15.68
164,2f5f0ba7541c2228903defab,M30,1,9.62,9.58
165,ea2b62de5e4c4a4dd0b95da6,M01,1,8.36,6.95
165,ea2b62de5e4c4a4dd0b95da6,M02,1,11.08,9.36
165,ea2b62de5e4c4a4dd0b95da6,M03,1,12.92,9.52
165,ea2b62de5e4c4a4dd0b95da6,M04,1,11.78,8.81
165,ea2b62de5e4c4a4dd0b95da6,M05,1,12.01,8.8
165,ea2b62de5e4c4a4dd0b95da6,M06,1,15.59,11.89
165,ea2b62de5e4c4a4dd0b95da6,M07,1,18.11,13
165,ea2b62de5e4c4a4dd0b95da6,M08,1,22.35,17.42
165,ea2b62de5e4c4a4dd0b95da6,M09,1,20.77,16.18
165,ea2b62de5e4c4a4dd0b95da6,M10,1,23.88,18.98
165,ea2b62de5e4c4a4dd0b95da6,M11,1,22.89,18.29
165,ea2b62de5e4c4a4dd0b95da6,M12,1,32.81,24.62
165,ea2b62de5e4c4a4dd0b95da6,M13,1,34.12,24.03
165,ea2b62de5e4c4a4dd0b95da6,M14,1,30.96,20.46
165,ea2b62de5e4c4a4dd0b95da6,M15,1,34.84,24.48
165,ea2b62de5e4c4a4dd0b95da6,M16,1,63.27,51.76
165,ea2b62de5e4c4a4dd0b95da6,M17,1,8.61,6.94
165,ea2b62de5e4c4a4dd0b95da6,M18,1,12.15,9.46
165,ea2b62de5e4c4a4dd0b95da6,M19,1,11.54,7.16
165,ea2b62de5e4c4a4dd0b95da6,M20,1,13.31,9.5
165,ea2b62de5e4c4a4dd0b95da6,M21,1,10.48,6.99
165,ea2b62de5e4c4a4dd0b95da6,M22,1,27.28,15.84
165,ea2b62de5e4c4a4dd0b95da6,M23,1,23.75,13.35
165,ea2b62de5e4c4a4dd0b95da6,M24,1,28.12,16.5
165,ea2b62de5e4c4a4dd0b95da6,M25,1,15.83,13.75
165,ea2b62de5e4c4a4dd0b95da6,M26,1,14.59,12.54
165,ea2b62de5e4c4a4dd0b95da6,M27,1,20.02,15.91
165,ea2b62de5e4c4a4dd0b95da6,M28,1,18.23,13.91
165,ea2b62de5e4c4a4dd0b95da6,M29,1,20.15,15.68
165,ea2b62de5e4c4a4dd0b95da6,M30,1,12.96,9.58
166,85cf5990e92211843a2bfe23,M01,1,7.64,6.95
166,85cf5990e92211843a2bfe23,M02,1,10.25,9.36
166,85cf5990e92211843a2bfe23,M03,1,11.25,9.52
166,85cf5990e92211843a2bfe23,M04,1,10.33,8.81
166,85cf5990e92211843a2bfe23,M05,1,10.44,8.8
166,85cf5990e92211843a2bfe23,M06,1,13.91,11.89
166,85cf5990e92211843a2bfe23,M07,1,15.59,13
166,85cf5990e92211843a2bfe23,M08,1,19.95,17.42
166,85cf5990e92211843a2bfe23,M09,1,18.67,16.18
166,85cf5990e92211843a2bfe23,M10,1,21.54,18.98
166,85cf5990e92211843a2bfe23,M11,1,20.68,18.29
166,85cf5990e92211843a2bfe23,M12,1,28.8,24.62
166,85cf5990e92211843a2bfe23,M13,1,29.56,24.03
166,85cf5990e92211843a2bfe23,M14,1,26.23,20.46
166,85cf5990e92211843a2bfe23,M15,1,29.69,24.48
166,85cf5990e92211843a2bfe23,M16,1,58.33,51.76
166,85cf5990e92211843a2bfe23,M17,1,7.82,6.94
166,85cf5990e92211843a2bfe23,M18,1,10.85,9.46
166,85cf5990e92211843a2bfe23,M19,1,10.24,7.16
166,85cf5990e92211843a2bfe23,M20,1,12.43,9.5
166,85cf5990e92211843a2bfe23,M21,1,9.69,6.99
166,85cf5990e92211843a2bfe23,M22,1,24.53,15.84
166,85cf5990e92211843a2bfe23,M23,1,21.23,13.35
166,85cf5990e92211843a2bfe23,M24,1,24.95,16.5
166,85cf5990e92211843a2bfe23,M25,1,14.83,13.75
166,85cf5990e92211843a2bfe23,M26,1,13.6,12.54
166,85cf5990e92211843a2bfe23,M27,1,18.05,15.91
166,85cf5990e92211843a2bfe23,M28,1,16.16,13.91
166,85cf5990e92211843a2bfe23,M29,1,17.94,15.68
166,85cf5990e92211843a2bfe23,M30,1,11.28,9.58
169,38aad91045bd921bbb9277ed,M01,2,5.64,6.88
169,38aad91045bd921bbb9277ed,M02,2,7.41,9.32
169,38aad91045bd921bbb9277ed,M03,2,6.54,9.36
169,38aad91045bd921bbb9277ed,M04,2,6.04,8.58
169,38aad91045bd921bbb9277ed,M05,2,5.93,8.46
169,38aad91045bd921bbb9277ed,M06,2,8.24,11.66
169,38aad91045bd921bbb9277ed,M07,2,8.43,12.81
169,38aad91045bd921bbb9277ed,M08,2,11.15,16.97
169,38aad91045bd921bbb9277ed,M09,2,9.83,16.03
169,38aad91045bd921bbb9277ed,M10,2,13.12,18.71
169,38aad91045bd921bbb9277ed,M11,2,12.03,17.82
169,38aad91045bd921bbb9277ed,M12,2,13.75,24
169,38aad91045bd921bbb9277ed,M13,2,13.55,23.43
169,38aad91045bd921bbb9277ed,M14,2,10.81,20.18
169,38aad91045bd921bbb9277ed,M15,2,13.68,23.65
169,38aad91045bd921bbb9277ed,M16,2,26.46,51.18
169,38aad91045bd921bbb9277ed,M17,2,4.57,6.73
169,38aad91045bd921bbb9277ed,M18,2,6.62,9.21
169,38aad91045bd921bbb9277ed,M19,2,5.52,6.87
169,38aad91045bd921bbb9277ed,M20,2,7.46,9.15
169,38aad91045bd921bbb9277ed,M21,2,5.35,6.77
169,38aad91045bd921bbb9277ed,M22,2,10.75,15.22
169,38aad91045bd921bbb9277ed,M23,2,8.97,13.01
169,38aad91045bd921bbb9277ed,M24,2,10.94,15.92
169,38aad91045bd921bbb9277ed,M25,2,11.12,13.62
169,38aad91045bd921bbb9277ed,M26,2,9.28,12.34
169,38aad91045bd921bbb9277ed,M27,2,10.85,15.67
169,38aad91045bd921bbb9277ed,M28,2,8.94,13.69
169,38aad91045bd921bbb9277ed,M29,2,10.81,15.58
169,38aad91045bd921bbb9277ed,M30,2,6.52,9.38
170,17c5451c41ce50a5b92f91d5,M01,0,7.17,6.91
170,17c5451c41ce50a5b92f91d5,M02,0,9.62,9.32
170,17c5451c41ce50a5b92f91d5,M03,0,10.03,9.36
170,17c5451c41ce50a5b92f91d5,M04,0,9.28,8.59
170,17c5451c41ce50a5b92f91d5,M05,0,9.32,8.47
170,17c5451c41ce50a5b92f91d5,M06,0,12.56,11.77
170,17c5451c41ce50a5b92f91d5,M07,0,13.77,12.83
170,17c5451c41ce50a5b92f91d5,M08,0,18.15,17.14
170,17c5451c41ce50a5b92f91d5,M09,0,17.08,16.05
170,17c5451c41ce50a5b92f91d5,M10,0,19.75,18.74
170,17c5451c41ce50a5b92f91d5,M11,0,19.04,17.84
170,17c5451c41ce50a5b92f91d5,M12,0,25.83,24.05
170,17c5451c41ce50a5b92f91d5,M13,0,25.95,23.48
170,17c5451c41ce50a5b92f91d5,M14,0,22.49,20.22
170,17c5451c41ce50a5b92f91d5,M15,0,26.09,23.9
170,17c5451c41ce50a5b92f91d5,M16,0,54.2,51.31
170,17c5451c41ce50a5b92f91d5,M17,0,7.19,6.83
170,17c5451c41ce50a5b92f91d5,M18,0,9.87,9.32
170,17c5451c41ce50a5b92f91d5,M19,0,8.92,7.09
170,17c5451c41ce50a5b92f91d5,M20,0,11.29,9.53
170,17c5451c41ce50a5b92f91d5,M21,0,8.57,6.95
170,17c5451c41ce50a5b92f91d5,M22,0,21.01,15.84
170,17c5451c41ce50a5b92f91d5,M23,0,17.99,13.31
170,17c5451c41ce50a5b92f91d5,M24,0,21.47,16.53
170,17c5451c41ce50a5b92f91d5,M25,0,14.07,13.62
170,17c5451c41ce50a5b92f91d5,M26,0,12.81,12.385
170,17c5451c41ce50a5b92f91d5,M27,0,16.45,15.7
170,17c5451c41ce50a5b92f91d5,M28,0,14.49,13.765
170,17c5451c41ce50a5b92f91d5,M29,0,16.35,15.575
170,17c5451c41ce50a5b92f91d5,M30,0,10.05,9.385
171,198e5fddcc2aa9ebc444b3a6,M01,4,7.62,6.845
171,198e5fddcc2aa9ebc444b3a6,M02,4,10.14,9.175
171,198e5fddcc2aa9ebc444b3a6,M03,4,10.85,9.25
171,198e5fddcc2aa9ebc444b3a6,M04,4,9.76,8.44
171,198e5fddcc2aa9ebc444b3a6,M05,4,9.73,8.46
171,198e5fddcc2aa9ebc444b3a6,M06,4,13.45,11.555
171,198e5fddcc2aa9ebc444b3a6,M07,4,14.88,12.545
171,198e5fddcc2aa9ebc444b3a6,M08,4,19.27,16.89
171,198e5fddcc2aa9ebc444b3a6,M09,4,17.76,15.81
171,198e5fddcc2aa9ebc444b3a6,M10,4,20.94,18.53
171,198e5fddcc2aa9ebc444b3a6,M11,4,19.72,17.615
171,198e5fddcc2aa9ebc444b3a6,M12,4,27.46,23.555
171,198e5fddcc2aa9ebc444b3a6,M13,4,27.7,23.13
171,198e5fddcc2aa9ebc444b3a6,M14,4,23.85,19.65
171,198e5fddcc2aa9ebc444b3a6,M15,4,28.02,23.315
171,198e5fddcc2aa9ebc444b3a6,M16,4,56.08,50.515
171,198e5fddcc2aa9ebc444b3a6,M17,4,7.45,6.655
171,198e5fddcc2aa9ebc444b3a6,M18,4,10.34,9.155
171,198e5fddcc2aa9ebc444b3a6,M19,4,8.55,6.985
171,198e5fddcc2aa9ebc444b3a6,M20,4,10.81,9.35
171,198e5fddcc2aa9ebc444b3a6,M21,4,7.92,6.77
171,198e5fddcc2aa9ebc444b3a6,M22,4,19.36,15.23
171,198e5fddcc2aa9ebc444b3a6,M23,4,16.3,13.01
171,198e5fddcc2aa9ebc444b3a6,M24,4,19.93,15.92
171,198e5fddcc2aa9ebc444b3a6,M25,4,14.68,13.5
171,198e5fddcc2aa9ebc444b3a6,M26,4,13.29,12.19
171,198e5fddcc2aa9ebc444b3a6,M27,4,17.44,15.28
171,198e5fddcc2aa9ebc444b3a6,M28,4,15.28,13.34
171,198e5fddcc2aa9ebc444b3a6,M29,4,17.43,15.58
171,198e5fddcc2aa9ebc444b3a6,M30,4,10.89,9.25
172,7f5e8df8b8eb711b7b25801c,M01,2,7.72,6.88
172,7f5e8df8b8eb711b7b25801c,M02,2,10.34,9.32
172,7f5e8df8b8eb711b7b25801c,M03,2,11.45,9.36
172,7f5e8df8b8eb711b7b25801c,M04,2,10.61,8.58
172,7f5e8df8b8eb711b7b25801c,M05,2,10.7,8.46
172,7f5e8df8b8eb711b7b25801c,M06,2,14.09,11.66
172,7f5e8df8b8eb711b7b25801c,M07,2,15.93,12.81
172,7f5e8df8b8eb711b7b25801c,M08,2,20.29,16.97
172,7f5e8df8b8eb711b7b25801c,M09,2,19.12,16.03
172,7f5e8df8b8eb711b7b25801c,M10,2,21.81,18.71
172,7f5e8df8b8eb711b7b25801c,M11,2,20.99,17.82
172,7f5e8df8b8eb711b7b25801c,M12,2,29.44,24
172,7f5e8df8b8eb711b7b25801c,M13,2,30.18,23.43
172,7f5e8df8b8eb711b7b25801c,M14,2,26.93,20.18
172,7f5e8df8b8eb711b7b25801c,M15,2,30.4,23.65
172,7f5e8df8b8eb711b7b25801c,M16,2,59.01,51.18
172,7f5e8df8b8eb711b7b25801c,M17,2,7.98,6.73
172,7f5e8df8b8eb711b7b25801c,M18,2,11.08,9.21
172,7f5e8df8b8eb711b7b25801c,M19,2,9.92,6.87
172,7f5e8df8b8eb711b7b25801c,M20,2,12.09,9.15
172,7f5e8df8b8eb711b7b25801c,M21,2,9.29,6.77
172,7f5e8df8b8eb711b7b25801c,M22,2,23.37,15.22
172,7f5e8df8b8eb711b7b25801c,M23,2,20.1,13.01
172,7f5e8df8b8eb711b7b25801c,M24,2,23.9,15.92
172,7f5e8df8b8eb711b7b25801c,M25,2,14.93,13.62
172,7f5e8df8b8eb711b7b25801c,M26,2,13.7,12.34
172,7f5e8df8b8eb711b7b25801c,M27,2,18.24,15.67
172,7f5e8df8b8eb711b7b25801c,M28,2,16.41,13.69
172,7f5e8df8b8eb711b7b25801c,M29,2,18.17,15.58
172,7f5e8df8b8eb711b7b25801c,M30,2,11.51,9.38
173,ad9f97620dab23d56e68f899,M01,2,6.29,6.88
173,ad9f97620dab23d56e68f899,M02,2,8.33,9.32
173,ad9f97620dab23d56e68f899,M03,2,7.69,9.36
173,ad9f97620dab23d56e68f899,M04,2,6.95,8.58
173,ad9f97620dab23d56e68f899,M05,2,6.89,8.46
173,ad9f97620dab23d56e68f899,M06,2,9.78,11.66
173,ad9f97620dab23d56e68f899,M07,2,10.19,12.81
173,ad9f97620dab23d56e68f899,M08,2,14.2,16.97
173,ad9f97620dab23d56e68f899,M09,2,12.95,16.03
173,ad9f97620dab23d56e68f899,M10,2,15.89,18.71
173,ad9f97620dab23d56e68f899,M11,2,14.93,17.82
173,ad9f97620dab23d56e68f899,M12,2,19.16,24
173,ad9f97620dab23d56e68f899,M13,2,18.21,23.43
173,ad9f97620dab23d56e68f899,M14,2,15,20.18
173,ad9f97620dab23d56e68f899,M15,2,18.24,23.65
173,ad9f97620dab23d56e68f899,M16,2,41.68,51.18
173,ad9f97620dab23d56e68f899,M17,2,5.55,6.73
173,ad9f97620dab23d56e68f899,M18,2,7.56,9.21
173,ad9f97620dab23d56e68f899,M19,2,5.92,6.87
173,ad9f97620dab23d56e68f899,M20,2,8.02,9.15
173,ad9f97620dab23d56e68f899,M21,2,5.71,6.77
173,ad9f97620dab23d56e68f899,M22,2,12.39,15.22
173,ad9f97620dab23d56e68f899,M23,2,10.52,13.01
173,ad9f97620dab23d56e68f899,M24,2,12.41,15.92
173,ad9f97620dab23d56e68f899,M25,2,12.43,13.62
173,ad9f97620dab23d56e68f899,M26,2,10.94,12.34
173,ad9f97620dab23d56e68f899,M27,2,13.02,15.67
173,ad9f97620dab23d56e68f899,M28,2,10.91,13.69
173,ad9f97620dab23d56e68f899,M29,2,12.82,15.58
173,ad9f97620dab23d56e68f899,M30,2,7.7,9.38
174,a0df11ab37c188b3740160a6,M01,4,7.08,6.845
174,a0df11ab37c188b3740160a6,M02,4,9.49,9.175
174,a0df11ab37c188b3740160a6,M03,4,9.73,9.25
174,a0df11ab37c188b3740160a6,M04,4,9.02,8.44
174,a0df11ab37c188b3740160a6,M05,4,9.03,8.46
174,a0df11ab37c188b3740160a6,M06,4,12.21,11.555
174,a0df11ab37c188b3740160a6,M07,4,13.3,12.545
174,a0df11ab37c188b3740160a6,M08,4,17.67,16.89
174,a0df11ab37c188b3740160a6,M09,4,16.64,15.81
174,a0df11ab37c188b3740160a6,M10,4,19.29,18.53
174,a0df11ab37c188b3740160a6,M11,4,18.58,17.615
174,a0df11ab37c188b3740160a6,M12,4,24.98,23.555
174,a0df11ab37c188b3740160a6,M13,4,24.82,23.13
174,a0df11ab37c188b3740160a6,M14,4,21.36,19.65
174,a0df11ab37c188b3740160a6,M15,4,25.09,23.315
174,a0df11ab37c188b3740160a6,M16,4,52.83,50.515
174,a0df11ab37c188b3740160a6,M17,4,7.03,6.655
174,a0df11ab37c188b3740160a6,M18,4,9.6,9.155
174,a0df11ab37c188b3740160a6,M19,4,7.85,6.985
174,a0df11ab37c188b3740160a6,M20,4,10.24,9.35
174,a0df11ab37c188b3740160a6,M21,4,7.59,6.77
174,a0df11ab37c188b3740160a6,M22,4,17.81,15.23
174,a0df11ab37c188b3740160a6,M23,4,15.12,13.01
174,a0df11ab37c188b3740160a6,M24,4,18.26,15.92
174,a0df11ab37c188b3740160a6,M25,4,13.86,13.5
174,a0df11ab37c188b3740160a6,M26,4,12.58,12.19
174,a0df11ab37c188b3740160a6,M27,4,15.98,15.28
174,a0df11ab37c188b3740160a6,M28,4,14.02,13.34
174,a0df11ab37c188b3740160a6,M29,4,15.95,15.58
174,a0df11ab37c188b3740160a6,M30,4,9.75,9.25
175,c910d74e6c15a5b3205df411,M01,0,7.2,6.91
175,c910d74e6c15a5b3205df411,M02,0,9.61,9.32
175,c910d74e6c15a5b3205df411,M03,0,9.97,9.36
175,c910d74e6c15a5b3205df411,M04,0,9.22,8.59
175,c910d74e6c15a5b3205df411,M05,0,9.26,8.47
175,c910d74e6c15a5b3205df411,M06,0,12.55,11.77
175,c910d74e6c15a5b3205df411,M07,0,13.65,12.83
175,c910d74e6c15a5b3205df411,M08,0,18.03,17.14
175,c910d74e6c15a5b3205df411,M09,0,16.95,16.05
175,c910d74e6c15a5b3205df411,M10,0,19.68,18.74
175,c910d74e6c15a5b3205df411,M11,0,18.91,17.84
175,c910d74e6c15a5b3205df411,M12,0,25.56,24.05
175,c910d74e6c15a5b3205df411,M13,0,25.7,23.48
175,c910d74e6c15a5b3205df411,M14,0,22.23,20.22
175,c910d74e6c15a5b3205df411,M15,0,25.84,23.9
175,c910d74e6c15a5b3205df411,M16,0,53.82,51.31
175,c910d74e6c15a5b3205df411,M17,0,7.18,6.83
175,c910d74e6c15a5b3205df411,M18,0,9.79,9.32
175,c910d74e6c15a5b3205df411,M19,0,8.09,7.09
175,c910d74e6c15a5b3205df411,M20,0,10.42,9.53
175,c910d74e6c15a5b3205df411,M21,0,7.72,6.95
175,c910d74e6c15a5b3205df411,M22,0,18.38,15.84
175,c910d74e6c15a5b3205df411,M23,0,15.57,13.31
175,c910d74e6c15a5b3205df411,M24,0,18.75,16.53
175,c910d74e6c15a5b3205df411,M25,0,14.07,13.62
175,c910d74e6c15a5b3205df411,M26,0,12.79,12.385
175,c910d74e6c15a5b3205df411,M27,0,16.39,15.7
175,c910d74e6c15a5b3205df411,M28,0,14.43,13.765
175,c910d74e6c15a5b3205df411,M29,0,16.29,15.575
175,c910d74e6c15a5b3205df411,M30,0,10.01,9.385
176,e1b34eb9479ceb03b50a90a5,M01,0,6.35,6.91
176,e1b34eb9479ceb03b50a90a5,M02,0,8.72,9.32
176,e1b34eb9479ceb03b50a90a5,M03,0,8.65,9.36
176,e1b34eb9479ceb03b50a90a5,M04,0,7.93,8.59
176,e1b34eb9479ceb03b50a90a5,M05,0,7.64,8.47
176,e1b34eb9479ceb03b50a90a5,M06,0,10.36,11.77
176,e1b34eb9479ceb03b50a90a5,M07,0,11.73,12.83
176,e1b34eb9479ceb03b50a90a5,M08,0,15.88,17.14
176,e1b34eb9479ceb03b50a90a5,M09,0,14.76,16.05
176,e1b34eb9479ceb03b50a90a5,M10,0,17.32,18.74
176,e1b34eb9479ceb03b50a90a5,M11,0,16.34,17.84
176,e1b34eb9479ceb03b50a90a5,M12,0,21.63,24.05
176,e1b34eb9479ceb03b50a90a5,M13,0,19.7,23.48
176,e1b34eb9479ceb03b50a90a5,M14,0,16.44,20.22
176,e1b34eb9479ceb03b50a90a5,M15,0,21.32,23.9
176,e1b34eb9479ceb03b50a90a5,M16,0,44.53,51.31
176,e1b34eb9479ceb03b50a90a5,M17,0,6.17,6.83
176,e1b34eb9479ceb03b50a90a5,M18,0,8.52,9.32
176,e1b34eb9479ceb03b50a90a5,M19,0,5.93,7.09
176,e1b34eb9479ceb03b50a90a5,M20,0,8.11,9.53
176,e1b34eb9479ceb03b50a90a5,M21,0,5.83,6.95
176,e1b34eb9479ceb03b50a90a5,M22,0,12.51,15.84
176,e1b34eb9479ceb03b50a90a5,M23,0,10.59,13.31
176,e1b34eb9479ceb03b50a90a5,M24,0,13.63,16.53
176,e1b34eb9479ceb03b50a90a5,M25,0,12.51,13.62
176,e1b34eb9479ceb03b50a90a5,M26,0,11.24,12.385
176,e1b34eb9479ceb03b50a90a5,M27,0,13.43,15.7
176,e1b34eb9479ceb03b50a90a5,M28,0,11.51,13.765
176,e1b34eb9479ceb03b50a90a5,M29,0,14.06,15.575
176,e1b34eb9479ceb03b50a90a5,M30,0,7.91,9.385
177,3314004f55d768b9102a7c53,M01,0,5.82,6.91
177,3314004f55d768b9102a7c53,M02,0,7.78,9.32
177,3314004f55d768b9102a7c53,M03,0,6.89,9.36
177,3314004f55d768b9102a7c53,M04,0,6.28,8.59
177,3314004f55d768b9102a7c53,M05,0,6.16,8.47
177,3314004f55d768b9102a7c53,M06,0,8.77,11.77
177,3314004f55d768b9102a7c53,M07,0,9.09,12.83
177,3314004f55d768b9102a7c53,M08,0,12.96,17.14
177,3314004f55d768b9102a7c53,M09,0,11.77,16.05
177,3314004f55d768b9102a7c53,M10,0,14.52,18.74
177,3314004f55d768b9102a7c53,M11,0,13.53,17.84
177,3314004f55d768b9102a7c53,M12,0,17.32,24.05
177,3314004f55d768b9102a7c53,M13,0,16.15,23.48
177,3314004f55d768b9102a7c53,M14,0,13.49,20.22
177,3314004f55d768b9102a7c53,M15,0,15.87,23.9
177,3314004f55d768b9102a7c53,M16,0,37.12,51.31
177,3314004f55d768b9102a7c53,M17,0,5.01,6.83
177,3314004f55d768b9102a7c53,M18,0,6.87,9.32
177,3314004f55d768b9102a7c53,M19,0,5.88,7.09
177,3314004f55d768b9102a7c53,M20,0,8.12,9.53
177,3314004f55d768b9102a7c53,M21,0,5.77,6.95
177,3314004f55d768b9102a7c53,M22,0,12.58,15.84
177,3314004f55d768b9102a7c53,M23,0,10.7,13.31
177,3314004f55d768b9102a7c53,M24,0,12.59,16.53
177,3314004f55d768b9102a7c53,M25,0,11.68,13.62
177,3314004f55d768b9102a7c53,M26,0,10.28,12.385
177,3314004f55d768b9102a7c53,M27,0,11.8,15.7
177,3314004f55d768b9102a7c53,M28,0,9.89,13.765
177,3314004f55d768b9102a7c53,M29,0,11.41,15.575
177,3314004f55d768b9102a7c53,M30,0,6.91,9.385
178,0b4808d603cff090ae6e7e2c,M01,0,6.48,6.91
178,0b4808d603cff090ae6e7e2c,M02,0,9.16,9.32
178,0b4808d603cff090ae6e7e2c,M03,0,8.91,9.36
178,0b4808d603cff090ae6e7e2c,M04,0,8.34,8.59
178,0b4808d603cff090ae6e7e2c,M05,0,7.95,8.47
178,0b4808d603cff090ae6e7e2c,M06,0,10.86,11.77
178,0b4808d603cff090ae6e7e2c,M07,0,12.47,12.83
178,0b4808d603cff090ae6e7e2c,M08,0,16.68,17.14
178,0b4808d603cff090ae6e7e2c,M09,0,15.37,16.05
178,0b4808d603cff090ae6e7e2c,M10,0,18.25,18.74
178,0b4808d603cff090ae6e7e2c,M11,0,17.12,17.84
178,0b4808d603cff090ae6e7e2c,M12,0,23.12,24.05
178,0b4808d603cff090ae6e7e2c,M13,0,21.28,23.48
178,0b4808d603cff090ae6e7e2c,M14,0,18.07,20.22
178,0b4808d603cff090ae6e7e2c,M15,0,22.7,23.9
178,0b4808d603cff090ae6e7e2c,M16,0,47.76,51.31
178,0b4808d603cff090ae6e7e2c,M17,0,6.53,6.83
178,0b4808d603cff090ae6e7e2c,M18,0,8.95,9.32
178,0b4808d603cff090ae6e7e2c,M19,0,6.1,7.09
178,0b4808d603cff090ae6e7e2c,M20,0,9.13,9.53
178,0b4808d603cff090ae6e7e2c,M21,0,6.4,6.95
178,0b4808d603cff090ae6e7e2c,M22,0,14.37,15.84
178,0b4808d603cff090ae6e7e2c,M23,0,11.87,13.31
178,0b4808d603cff090ae6e7e2c,M24,0,16.04,16.53
178,0b4808d603cff090ae6e7e2c,M25,0,12.86,13.62
178,0b4808d603cff090ae6e7e2c,M26,0,11.62,12.385
178,0b4808d603cff090ae6e7e2c,M27,0,14.09,15.7
178,0b4808d603cff090ae6e7e2c,M28,0,12.24,13.765
178,0b4808d603cff090ae6e7e2c,M29,0,14.61,15.575
178,0b4808d603cff090ae6e7e2c,M30,0,8.33,9.385
179,c51c3841863676f35f94e5d9,M01,1,5.67,6.95
179,c51c3841863676f35f94e5d9,M02,1,7.78,9.36
179,c51c3841863676f35f94e5d9,M03,1,6.59,9.52
179,c51c3841863676f35f94e5d9,M04,1,6.02,8.81
179,c51c3841863676f35f94e5d9,M05,1,5.9,8.8
179,c51c3841863676f35f94e5d9,M06,1,8.39,11.89
179,c51c3841863676f35f94e5d9,M07,1,8.65,13
179,c51c3841863676f35f94e5d9,M08,1,12.35,17.42
179,c51c3841863676f35f94e5d9,M09,1,11.14,16.18
179,c51c3841863676f35f94e5d9,M10,1,13.88,18.98
179,c51c3841863676f35f94e5d9,M11,1,12.85,18.29
179,c51c3841863676f35f94e5d9,M12,1,16.3,24.62
179,c51c3841863676f35f94e5d9,M13,1,15.2,24.03
179,c51c3841863676f35f94e5d9,M14,1,12.67,20.46
179,c51c3841863676f35f94e5d9,M15,1,14.92,24.48
179,c51c3841863676f35f94e5d9,M16,1,34.4,51.76
179,c51c3841863676f35f94e5d9,M17,1,4.75,6.94
179,c51c3841863676f35f94e5d9,M18,1,6.57,9.46
179,c51c3841863676f35f94e5d9,M19,1,5.66,7.16
179,c51c3841863676f35f94e5d9,M20,1,7.78,9.5
179,c51c3841863676f35f94e5d9,M21,1,5.55,6.99
179,c51c3841863676f35f94e5d9,M22,1,11.89,15.84
179,c51c3841863676f35f94e5d9,M23,1,10.07,13.35
179,c51c3841863676f35f94e5d9,M24,1,11.87,16.5
179,c51c3841863676f35f94e5d9,M25,1,11.37,13.75
179,c51c3841863676f35f94e5d9,M26,1,9.93,12.54
179,c51c3841863676f35f94e5d9,M27,1,11.27,15.91
179,c51c3841863676f35f94e5d9,M28,1,9.41,13.91
179,c51c3841863676f35f94e5d9,M29,1,10.86,15.68
179,c51c3841863676f35f94e5d9,M30,1,6.61,9.58
180,ecfd08db10e5477f190376da,M01,0,7.49,6.91
180,ecfd08db10e5477f190376da,M02,0,10,9.32
180,ecfd08db10e5477f190376da,M03,0,10.66,9.36
180,ecfd08db10e5477f190376da,M04,0,9.86,8.59
180,ecfd08db10e5477f190376da,M05,0,9.87,8.47
180,ecfd08db10e5477f190376da,M06,0,13.19,11.77
180,ecfd08db10e5477f190376da,M07,0,14.67,12.83
180,ecfd08db10e5477f190376da,M08,0,19.05,17.14
180,ecfd08db10e5477f190376da,M09,0,17.92,16.05
180,ecfd08db10e5477f190376da,M10,0,20.68,18.74
180,ecfd08db10e5477f190376da,M11,0,19.86,17.84
180,ecfd08db10e5477f190376da,M12,0,27.21,24.05
180,ecfd08db10e5477f190376da,M13,0,27.29,23.48
180,ecfd08db10e5477f190376da,M14,0,23.63,20.22
180,ecfd08db10e5477f190376da,M15,0,27.79,23.9
180,ecfd08db10e5477f190376da,M16,0,55.7,51.31
180,ecfd08db10e5477f190376da,M17,0,7.53,6.83
180,ecfd08db10e5477f190376da,M18,0,10.4,9.32
180,ecfd08db10e5477f190376da,M19,0,8.29,7.09
180,ecfd08db10e5477f190376da,M20,0,10.49,9.53
180,ecfd08db10e5477f190376da,M21,0,7.83,6.95
180,ecfd08db10e5477f190376da,M22,0,18.43,15.84
180,ecfd08db10e5477f190376da,M23,0,15.52,13.31
180,ecfd08db10e5477f190376da,M24,0,18.95,16.53
180,ecfd08db10e5477f190376da,M25,0,14.48,13.62
180,ecfd08db10e5477f190376da,M26,0,13.15,12.385
180,ecfd08db10e5477f190376da,M27,0,17.15,15.7
180,ecfd08db10e5477f190376da,M28,0,15.13,13.765
180,ecfd08db10e5477f190376da,M29,0,17.21,15.575
180,ecfd08db10e5477f190376da,M30,0,10.68,9.385
181,ae549a3bb89eeba0509b46d1,M01,0,4.96,6.91
181,ae549a3bb89eeba0509b46d1,M02,0,6.36,9.32
181,ae549a3bb89eeba0509b46d1,M03,0,5.31,9.36
181,ae549a3bb89eeba0509b46d1,M04,0,5.1,8.59
181,ae549a3bb89eeba0509b46d1,M05,0,4.95,8.47
181,ae549a3bb89eeba0509b46d1,M06,0,6.78,11.77
181,ae549a3bb89eeba0509b46d1,M07,0,6.91,12.83
181,ae549a3bb89eeba0509b46d1,M08,0,9.32,17.14
181,ae549a3bb89eeba0509b46d1,M09,0,8.26,16.05
181,ae549a3bb89eeba0509b46d1,M10,0,10.79,18.74
181,ae549a3bb89eeba0509b46d1,M11,0,9.81,17.84
181,ae549a3bb89eeba0509b46d1,M12,0,11.64,24.05
181,ae549a3bb89eeba0509b46d1,M13,0,10.81,23.48
181,ae549a3bb89eeba0509b46d1,M14,0,8.06,20.22
181,ae549a3bb89eeba0509b46d1,M15,0,10.73,23.9
181,ae549a3bb89eeba0509b46d1,M16,0,19.14,51.31
181,ae549a3bb89eeba0509b46d1,M17,0,3.41,6.83
181,ae549a3bb89eeba0509b46d1,M18,0,5.44,9.32
181,ae549a3bb89eeba0509b46d1,M19,0,4.63,7.09
181,ae549a3bb89eeba0509b46d1,M20,0,5.78,9.53
181,ae549a3bb89eeba0509b46d1,M21,0,4.6,6.95
181,ae549a3bb89eeba0509b46d1,M22,0,8.53,15.84
181,ae549a3bb89eeba0509b46d1,M23,0,7.04,13.31
181,ae549a3bb89eeba0509b46d1,M24,0,8.45,16.53
181,ae549a3bb89eeba0509b46d1,M25,0,9.65,13.62
181,ae549a3bb89eeba0509b46d1,M26,0,8.21,12.385
181,ae549a3bb89eeba0509b46d1,M27,0,9.16,15.7
181,ae549a3bb89eeba0509b46d1,M28,0,7.84,13.765
181,ae549a3bb89eeba0509b46d1,M29,0,8.92,15.575
181,ae549a3bb89eeba0509b46d1,M30,0,5.71,9.385
182,cde92d2cbf5ae04506b2772e,M01,0,7.68,6.91
182,cde92d2cbf5ae04506b2772e,M02,0,10.23,9.32
182,cde92d2cbf5ae04506b2772e,M03,0,11.17,9.36
182,cde92d2cbf5ae04506b2772e,M04,0,10.27,8.59
182,cde92d2cbf5ae04506b2772e,M05,0,10.4,8.47
182,cde92d2cbf5ae04506b2772e,M06,0,13.91,11.77
182,cde92d2cbf5ae04506b2772e,M07,0,15.48,12.83
182,cde92d2cbf5ae04506b2772e,M08,0,19.85,17.14
182,cde92d2cbf5ae04506b2772e,M09,0,18.56,16.05
182,cde92d2cbf5ae04506b2772e,M10,0,21.45,18.74
182,cde92d2cbf5ae04506b2772e,M11,0,20.59,17.84
182,cde92d2cbf5ae04506b2772e,M12,0,28.64,24.05
182,cde92d2cbf5ae04506b2772e,M13,0,29.56,23.48
182,cde92d2cbf5ae04506b2772e,M14,0,26.17,20.22
182,cde92d2cbf5ae04506b2772e,M15,0,29.5,23.9
182,cde92d2cbf5ae04506b2772e,M16,0,58.29,51.31
182,cde92d2cbf5ae04506b2772e,M17,0,7.79,6.83
182,cde92d2cbf5ae04506b2772e,M18,0,10.78,9.32
182,cde92d2cbf5ae04506b2772e,M19,0,10.09,7.09
182,cde92d2cbf5ae04506b2772e,M20,0,12.29,9.53
182,cde92d2cbf5ae04506b2772e,M21,0,9.46,6.95
182,cde92d2cbf5ae04506b2772e,M22,0,24.04,15.84
182,cde92d2cbf5ae04506b2772e,M23,0,20.7,13.31
182,cde92d2cbf5ae04506b2772e,M24,0,24.45,16.53
182,cde92d2cbf5ae04506b2772e,M25,0,14.83,13.62
182,cde92d2cbf5ae04506b2772e,M26,0,13.6,12.385
182,cde92d2cbf5ae04506b2772e,M27,0,18.03,15.7
182,cde92d2cbf5ae04506b2772e,M28,0,16.14,13.765
182,cde92d2cbf5ae04506b2772e,M29,0,17.87,15.575
182,cde92d2cbf5ae04506b2772e,M30,0,11.22,9.385
183,fc0ff7763485986307ce7100,M01,1,8.23,6.95
183,fc0ff7763485986307ce7100,M02,1,10.89,9.36
183,fc0ff7763485986307ce7100,M03,1,12.35,9.52
183,fc0ff7763485986307ce7100,M04,1,11.38,8.81
183,fc0ff7763485986307ce7100,M05,1,11.57,8.8
183,fc0ff7763485986307ce7100,M06,1,15.3,11.89
183,fc0ff7763485986307ce7100,M07,1,17.25,13
183,fc0ff7763485986307ce7100,M08,1,21.54,17.42
183,fc0ff7763485986307ce7100,M09,1,20.21,16.18
183,fc0ff7763485986307ce7100,M10,1,23.23,18.98
183,fc0ff7763485986307ce7100,M11,1,22.28,18.29
183,fc0ff7763485986307ce7100,M12,1,31.47,24.62
183,fc0ff7763485986307ce7100,M13,1,32.84,24.03
183,fc0ff7763485986307ce7100,M14,1,29.53,20.46
183,fc0ff7763485986307ce7100,M15,1,33.17,24.48
183,fc0ff7763485986307ce7100,M16,1,61.88,51.76
183,fc0ff7763485986307ce7100,M17,1,8.4,6.94
183,fc0ff7763485986307ce7100,M18,1,11.81,9.46
183,fc0ff7763485986307ce7100,M19,1,11.27,7.16
183,fc0ff7763485986307ce7100,M20,1,13.21,9.5
183,fc0ff7763485986307ce7100,M21,1,10.29,6.99
183,fc0ff7763485986307ce7100,M22,1,26.64,15.84
183,fc0ff7763485986307ce7100,M23,1,23.41,13.35
183,fc0ff7763485986307ce7100,M24,1,27.14,16.5
183,fc0ff7763485986307ce7100,M25,1,15.64,13.75
183,fc0ff7763485986307ce7100,M26,1,14.32,12.54
183,fc0ff7763485986307ce7100,M27,1,19.7,15.91
183,fc0ff7763485986307ce7100,M28,1,17.62,13.91
183,fc0ff7763485986307ce7100,M29,1,19.65,15.68
183,fc0ff7763485986307ce7100,M30,1,12.41,9.58
184,378e1b4037b2208a390730ed,M01,0,1.27,6.91
184,378e1b4037b2208a390730ed,M02,0,0.93,9.32
184,378e1b4037b2208a390730ed,M03,0,1.39,9.36
184,378e1b4037b2208a390730ed,M04,0,1.39,8.59
184,378e1b4037b2208a390730ed,M05,0,1.28,8.47
184,378e1b4037b2208a390730ed,M06,0,1.44,11.77
184,378e1b4037b2208a390730ed,M07,0,1.39,12.83
184,378e1b4037b2208a390730ed,M08,0,0.93,17.14
184,378e1b4037b2208a390730ed,M09,0,0.93,16.05
184,378e1b4037b2208a390730ed,M10,0,1.37,18.74
184,378e1b4037b2208a390730ed,M11,0,1.31,17.84
184,378e1b4037b2208a390730ed,M12,0,0.93,24.05
184,378e1b4037b2208a390730ed,M13,0,1.27,23.48
184,378e1b4037b2208a390730ed,M14,0,0.75,20.22
184,378e1b4037b2208a390730ed,M15,0,1.6,23.9
184,378e1b4037b2208a390730ed,M16,0,1.25,51.31
184,378e1b4037b2208a390730ed,M17,0,0.9,6.83
184,378e1b4037b2208a390730ed,M18,0,1.5,9.32
184,378e1b4037b2208a390730ed,M19,0,1.39,7.09
184,378e1b4037b2208a390730ed,M20,0,0.67,9.53
184,378e1b4037b2208a390730ed,M21,0,1.48,6.95
184,378e1b4037b2208a390730ed,M22,0,1.21,15.84
184,378e1b4037b2208a390730ed,M23,0,0.75,13.31
184,378e1b4037b2208a390730ed,M24,0,1.56,16.53
184,378e1b4037b2208a390730ed,M25,0,6.71,13.62
184,378e1b4037b2208a390730ed,M26,0,4.94,12.385
184,378e1b4037b2208a390730ed,M27,0,7.12,15.7
184,378e1b4037b2208a390730ed,M28,0,5.48,13.765
184,378e1b4037b2208a390730ed,M29,0,6.65,15.575
184,378e1b4037b2208a390730ed,M30,0,4.19,9.385
185,3d1756396565a85b0e5bfd75,M01,3,8.23,6.99
185,3d1756396565a85b0e5bfd75,M02,3,10.9,9.41
185,3d1756396565a85b0e5bfd75,M03,3,12.56,9.67
185,3d1756396565a85b0e5bfd75,M04,3,11.62,8.99
185,3d1756396565a85b0e5bfd75,M05,3,11.8,8.87
185,3d1756396565a85b0e5bfd75,M06,3,15.3,12.11
185,3d1756396565a85b0e5bfd75,M07,3,17.6,13.26
185,3d1756396565a85b0e5bfd75,M08,3,21.86,17.66
185,3d1756396565a85b0e5bfd75,M09,3,20.57,16.64
185,3d1756396565a85b0e5bfd75,M10,3,23.37,19.22
185,3d1756396565a85b0e5bfd75,M11,3,22.55,18.33
185,3d1756396565a85b0e5bfd75,M12,3,32.04,24.98
185,3d1756396565a85b0e5bfd75,M13,3,33.42,24.67
185,3d1756396565a85b0e5bfd75,M14,3,30.19,20.81
185,3d1756396565a85b0e5bfd75,M15,3,33.76,24.93
185,3d1756396565a85b0e5bfd75,M16,3,62.47,52.34
185,3d1756396565a85b0e5bfd75,M17,3,8.54,6.99
185,3d1756396565a85b0e5bfd75,M18,3,12.03,9.6
185,3d1756396565a85b0e5bfd75,M19,3,10.94,7.26
185,3d1756396565a85b0e5bfd75,M20,3,12.86,9.575
185,3d1756396565a85b0e5bfd75,M21,3,10.01,6.985
185,3d1756396565a85b0e5bfd75,M22,3,25.68,16.03
185,3d1756396565a85b0e5bfd75,M23,3,22.13,13.455
185,3d1756396565a85b0e5bfd75,M24,3,26.41,16.74
185,3d1756396565a85b0e5bfd75,M25,3,15.68,13.8
185,3d1756396565a85b0e5bfd75,M26,3,14.41,12.58
185,3d1756396565a85b0e5bfd75,M27,3,19.72,15.98
185,3d1756396565a85b0e5bfd75,M28,3,17.87,14.22
185,3d1756396565a85b0e5bfd75,M29,3,19.66,16.04
185,3d1756396565a85b0e5bfd75,M30,3,12.62,9.75
186,231bee3016cdac10154eb865,M01,2,5.38,6.88
186,231bee3016cdac10154eb865,M02,2,6.93,9.32
186,231bee3016cdac10154eb865,M03,2,6.03,9.36
186,231bee3016cdac10154eb865,M04,2,5.44,8.58
186,231bee3016cdac10154eb865,M05,2,5.65,8.46
186,231bee3016cdac10154eb865,M06,2,7.73,11.66
186,231bee3016cdac10154eb865,M07,2,7.7,12.81
186,231bee3016cdac10154eb865,M08,2,10.1,16.97
186,231bee3016cdac10154eb865,M09,2,8.4,16.03
186,231bee3016cdac10154eb865,M10,2,11.91,18.71
186,231bee3016cdac10154eb865,M11,2,10.76,17.82
186,231bee3016cdac10154eb865,M12,2,12.46,24
186,231bee3016cdac10154eb865,M13,2,12.45,23.43
186,231bee3016cdac10154eb865,M14,2,9.77,20.18
186,231bee3016cdac10154eb865,M15,2,12.33,23.65
186,231bee3016cdac10154eb865,M16,2,23.53,51.18
186,231bee3016cdac10154eb865,M17,2,2.78,6.73
186,231bee3016cdac10154eb865,M18,2,5.17,9.21
186,231bee3016cdac10154eb865,M19,2,5.29,6.87
186,231bee3016cdac10154eb865,M20,2,5.67,9.15
186,231bee3016cdac10154eb865,M21,2,4.7,6.77
186,231bee3016cdac10154eb865,M22,2,8.28,15.22
186,231bee3016cdac10154eb865,M23,2,6.83,13.01
186,231bee3016cdac10154eb865,M24,2,8.13,15.92
186,231bee3016cdac10154eb865,M25,2,11.62,13.62
186,231bee3016cdac10154eb865,M26,2,10.16,12.34
186,231bee3016cdac10154eb865,M27,2,11.66,15.67
186,231bee3016cdac10154eb865,M28,2,9.71,13.69
186,231bee3016cdac10154eb865,M29,2,11.36,15.58
186,231bee3016cdac10154eb865,M30,2,6.88,9.38
187,ceff63dc913a8d929452b72a,M01,0,7.47,6.91
187,ceff63dc913a8d929452b72a,M02,0,10.05,9.32
187,ceff63dc913a8d929452b72a,M03,0,10.87,9.36
187,ceff63dc913a8d929452b72a,M04,0,10.05,8.59
187,ceff63dc913a8d929452b72a,M05,0,10.13,8.47
187,ceff63dc913a8d929452b72a,M06,0,13.39,11.77
187,ceff63dc913a8d929452b72a,M07,0,15.03,12.83
187,ceff63dc913a8d929452b72a,M08,0,19.42,17.14
187,ceff63dc913a8d929452b72a,M09,0,18.31,16.05
187,ceff63dc913a8d929452b72a,M10,0,20.96,18.74
187,ceff63dc913a8d929452b72a,M11,0,20.25,17.84
187,ceff63dc913a8d929452b72a,M12,0,27.96,24.05
187,ceff63dc913a8d929452b72a,M13,0,28.22,23.48
187,ceff63dc913a8d929452b72a,M14,0,24.86,20.22
187,ceff63dc913a8d929452b72a,M15,0,28.75,23.9
187,ceff63dc913a8d929452b72a,M16,0,56.81,51.31
187,ceff63dc913a8d929452b72a,M17,0,7.62,6.83
187,ceff63dc913a8d929452b72a,M18,0,10.6,9.32
187,ceff63dc913a8d929452b72a,M19,0,8.9,7.09
187,ceff63dc913a8d929452b72a,M20,0,11.13,9.53
187,ceff63dc913a8d929452b72a,M21,0,8.42,6.95
187,ceff63dc913a8d929452b72a,M22,0,20.4,15.84
187,ceff63dc913a8d929452b72a,M23,0,17.45,13.31
187,ceff63dc913a8d929452b72a,M24,0,20.96,16.53
187,ceff63dc913a8d929452b72a,M25,0,14.53,13.62
187,ceff63dc913a8d929452b72a,M26,0,13.29,12.385
187,ceff63dc913a8d929452b72a,M27,0,17.44,15.7
187,ceff63dc913a8d929452b72a,M28,0,15.54,13.765
187,ceff63dc913a8d929452b72a,M29,0,17.48,15.575
187,ceff63dc913a8d929452b72a,M30,0,10.89,9.385
188,c815242a0e123343d6e3302a,M01,2,9.1,6.88
188,c815242a0e123343d6e3302a,M02,2,13.17,9.32
188,c815242a0e123343d6e3302a,M03,2,15.7,9.36
188,c815242a0e123343d6e3302a,M04,2,14.66,8.58
188,c815242a0e123343d6e3302a,M05,2,14.94,8.46
188,c815242a0e123343d6e3302a,M06,2,18.9,11.66
188,c815242a0e123343d6e3302a,M07,2,22.3,12.81
188,c815242a0e123343d6e3302a,M08,2,26.22,16.97
188,c815242a0e123343d6e3302a,M09,2,24.81,16.03
188,c815242a0e123343d6e3302a,M10,2,27.92,18.71
188,c815242a0e123343d6e3302a,M11,2,27.01,17.82
188,c815242a0e123343d6e3302a,M12,2,39.21,24
188,c815242a0e123343d6e3302a,M13,2,42.05,23.43
188,c815242a0e123343d6e3302a,M14,2,39.43,20.18
188,c815242a0e123343d6e3302a,M15,2,42.52,23.65
188,c815242a0e123343d6e3302a,M16,2,71.79,51.18
188,c815242a0e123343d6e3302a,M17,2,10.27,6.73
188,c815242a0e123343d6e3302a,M18,2,14.84,9.21
188,c815242a0e123343d6e3302a,M19,2,16.12,6.87
188,c815242a0e123343d6e3302a,M20,2,17.03,9.15
188,c815242a0e123343d6e3302a,M21,2,14.78,6.77
188,c815242a0e123343d6e3302a,M22,2,38.48,15.22
188,c815242a0e123343d6e3302a,M23,2,34.48,13.01
188,c815242a0e123343d6e3302a,M24,2,39.98,15.92
188,c815242a0e123343d6e3302a,M25,2,18.65,13.62
188,c815242a0e123343d6e3302a,M26,2,16.78,12.34
188,c815242a0e123343d6e3302a,M27,2,23.86,15.67
188,c815242a0e123343d6e3302a,M28,2,21.94,13.69
188,c815242a0e123343d6e3302a,M29,2,23.92,15.58
188,c815242a0e123343d6e3302a,M30,2,15.8,9.38
189,6da8b86316162ba99fec2db6,M01,2,5.5,6.88
189,6da8b86316162ba99fec2db6,M02,2,7.16,9.32
189,6da8b86316162ba99fec2db6,M03,2,6.24,9.36
189,6da8b86316162ba99fec2db6,M04,2,5.72,8.58
189,6da8b86316162ba99fec2db6,M05,2,5.67,8.46
189,6da8b86316162ba99fec2db6,M06,2,7.96,11.66
189,6da8b86316162ba99fec2db6,M07,2,8.03,12.81
189,6da8b86316162ba99fec2db6,M08,2,10.79,16.97
189,6da8b86316162ba99fec2db6,M09,2,9.46,16.03
189,6da8b86316162ba99fec2db6,M10,2,12.56,18.71
189,6da8b86316162ba99fec2db6,M11,2,11.44,17.82
189,6da8b86316162ba99fec2db6,M12,2,13.47,24
189,6da8b86316162ba99fec2db6,M13,2,13.51,23.43
189,6da8b86316162ba99fec2db6,M14,2,10.65,20.18
189,6da8b86316162ba99fec2db6,M15,2,13.31,23.65
189,6da8b86316162ba99fec2db6,M16,2,27,51.18
189,6da8b86316162ba99fec2db6,M17,2,4.32,6.73
189,6da8b86316162ba99fec2db6,M18,2,6.22,9.21
189,6da8b86316162ba99fec2db6,M19,2,5.23,6.87
189,6da8b86316162ba99fec2db6,M20,2,6.75,9.15
189,6da8b86316162ba99fec2db6,M21,2,5.15,6.77
189,6da8b86316162ba99fec2db6,M22,2,10.17,15.22
189,6da8b86316162ba99fec2db6,M23,2,8.39,13.01
189,6da8b86316162ba99fec2db6,M24,2,10.06,15.92
189,6da8b86316162ba99fec2db6,M25,2,10.84,13.62
189,6da8b86316162ba99fec2db6,M26,2,9.1,12.34
189,6da8b86316162ba99fec2db6,M27,2,10.48,15.67
189,6da8b86316162ba99fec2db6,M28,2,8.62,13.69
189,6da8b86316162ba99fec2db6,M29,2,10.21,15.58
189,6da8b86316162ba99fec2db6,M30,2,6.23,9.38
190,9f40631b794965aff4da7b4a,M01,4,8.38,6.845
190,9f40631b794965aff4da7b4a,M02,4,11.03,9.175
190,9f40631b794965aff4da7b4a,M03,4,12.78,9.25
190,9f40631b794965aff4da7b4a,M04,4,11.69,8.44
190,9f40631b794965aff4da7b4a,M05,4,11.93,8.46
190,9f40631b794965aff4da7b4a,M06,4,15.62,11.555
190,9f40631b794965aff4da7b4a,M07,4,17.89,12.545
190,9f40631b794965aff4da7b4a,M08,4,22.15,16.89
190,9f40631b794965aff4da7b4a,M09,4,20.65,15.81
190,9f40631b794965aff4da7b4a,M10,4,23.7,18.53
190,9f40631b794965aff4da7b4a,M11,4,22.73,17.615
190,9f40631b794965aff4da7b4a,M12,4,32.45,23.555
190,9f40631b794965aff4da7b4a,M13,4,34.14,23.13
190,9f40631b794965aff4da7b4a,M14,4,30.92,19.65
190,9f40631b794965aff4da7b4a,M15,4,34.31,23.315
190,9f40631b794965aff4da7b4a,M16,4,63.27,50.515
190,9f40631b794965aff4da7b4a,M17,4,8.61,6.655
190,9f40631b794965aff4da7b4a,M18,4,12.09,9.155
190,9f40631b794965aff4da7b4a,M19,4,11.24,6.985
190,9f40631b794965aff4da7b4a,M20,4,13.16,9.35
190,9f40631b794965aff4da7b4a,M21,4,10.22,6.77
190,9f40631b794965aff4da7b4a,M22,4,26.76,15.23
190,9f40631b794965aff4da7b4a,M23,4,23.13,13.01
190,9f40631b794965aff4da7b4a,M24,4,27.32,15.92
190,9f40631b794965aff4da7b4a,M25,4,15.88,13.5
190,9f40631b794965aff4da7b4a,M26,4,14.59,12.19
190,9f40631b794965aff4da7b4a,M27,4,20.06,15.28
190,9f40631b794965aff4da7b4a,M28,4,18.23,13.34
190,9f40631b794965aff4da7b4a,M29,4,19.96,15.58
190,9f40631b794965aff4da7b4a,M30,4,12.83,9.25
191,133b391bd1d233ca3265cf1b,M01,3,7.96,6.99
191,133b391bd1d233ca3265cf1b,M02,3,10.62,9.41
191,133b391bd1d233ca3265cf1b,M03,3,12.06,9.67
191,133b391bd1d233ca3265cf1b,M04,3,11.17,8.99
191,133b391bd1d233ca3265cf1b,M05,3,11.3,8.87
191,133b391bd1d233ca3265cf1b,M06,3,14.73,12.11
191,133b391bd1d233ca3265cf1b,M07,3,16.85,13.26
191,133b391bd1d233ca3265cf1b,M08,3,21.15,17.66
191,133b391bd1d233ca3265cf1b,M09,3,19.94,16.64
191,133b391bd1d233ca3265cf1b,M10,3,22.65,19.22
191,133b391bd1d233ca3265cf1b,M11,3,21.84,18.33
191,133b391bd1d233ca3265cf1b,M12,3,30.91,24.98
191,133b391bd1d233ca3265cf1b,M13,3,31.99,24.67
191,133b391bd1d233ca3265cf1b,M14,3,28.82,20.81
191,133b391bd1d233ca3265cf1b,M15,3,32.24,24.93
191,133b391bd1d233ca3265cf1b,M16,3,60.96,52.34
191,133b391bd1d233ca3265cf1b,M17,3,8.28,6.99
191,133b391bd1d233ca3265cf1b,M18,3,11.6,9.6
191,133b391bd1d233ca3265cf1b,M19,3,10.57,7.26
191,133b391bd1d233ca3265cf1b,M20,3,12.63,9.575
191,133b391bd1d233ca3265cf1b,M21,3,9.81,6.985
191,133b391bd1d233ca3265cf1b,M22,3,25.08,16.03
191,133b391bd1d233ca3265cf1b,M23,3,21.69,13.455
191,133b391bd1d233ca3265cf1b,M24,3,25.64,16.74
191,133b391bd1d233ca3265cf1b,M25,3,15.29,13.8
191,133b391bd1d233ca3265cf1b,M26,3,14.07,12.58
191,133b391bd1d233ca3265cf1b,M27,3,19.02,15.98
191,133b391bd1d233ca3265cf1b,M28,3,17.23,14.22
191,133b391bd1d233ca3265cf1b,M29,3,18.95,16.04
191,133b391bd1d233ca3265cf1b,M30,3,12.11,9.75
193,2f9d6a91601860eeae150557,M01,2,8.49,6.88
193,2f9d6a91601860eeae150557,M02,2,11.22,9.32
193,2f9d6a91601860eeae150557,M03,2,13.23,9.36
193,2f9d6a91601860eeae150557,M04,2,12.16,8.58
193,2f9d6a91601860eeae150557,M05,2,12.41,8.46
193,2f9d6a91601860eeae150557,M06,2,15.94,11.66
193,2f9d6a91601860eeae150557,M07,2,18.6,12.81
193,2f9d6a91601860eeae150557,M08,2,22.79,16.97
193,2f9d6a91601860eeae150557,M09,2,21.34,16.03
193,2f9d6a91601860eeae150557,M10,2,24.27,18.71
193,2f9d6a91601860eeae150557,M11,2,23.44,17.82
193,2f9d6a91601860eeae150557,M12,2,33.68,24
193,2f9d6a91601860eeae150557,M13,2,35.2,23.43
193,2f9d6a91601860eeae150557,M14,2,32.14,20.18
193,2f9d6a91601860eeae150557,M15,2,35.08,23.65
193,2f9d6a91601860eeae150557,M16,2,64.4,51.18
193,2f9d6a91601860eeae150557,M17,2,8.83,6.73
193,2f9d6a91601860eeae150557,M18,2,12.54,9.21
193,2f9d6a91601860eeae150557,M19,2,12.33,6.87
193,2f9d6a91601860eeae150557,M20,2,13.85,9.15
193,2f9d6a91601860eeae150557,M21,2,11.22,6.77
193,2f9d6a91601860eeae150557,M22,2,28.99,15.22
193,2f9d6a91601860eeae150557,M23,2,25.58,13.01
193,2f9d6a91601860eeae150557,M24,2,29.64,15.92
193,2f9d6a91601860eeae150557,M25,2,16.03,13.62
193,2f9d6a91601860eeae150557,M26,2,14.8,12.34
193,2f9d6a91601860eeae150557,M27,2,20.44,15.67
193,2f9d6a91601860eeae150557,M28,2,18.69,13.69
193,2f9d6a91601860eeae150557,M29,2,20.31,15.58
193,2f9d6a91601860eeae150557,M30,2,13.02,9.38
194,b8c4be4f866a65acd44b7659,M01,3,7.17,6.99
194,b8c4be4f866a65acd44b7659,M02,3,9.6,9.41
194,b8c4be4f866a65acd44b7659,M03,3,9.95,9.67
194,b8c4be4f866a65acd44b7659,M04,3,9.11,8.99
194,b8c4be4f866a65acd44b7659,M05,3,9.17,8.87
194,b8c4be4f866a65acd44b7659,M06,3,12.41,12.11
194,b8c4be4f866a65acd44b7659,M07,3,13.62,13.26
194,b8c4be4f866a65acd44b7659,M08,3,18,17.66
194,b8c4be4f866a65acd44b7659,M09,3,16.78,16.64
194,b8c4be4f866a65acd44b7659,M10,3,19.62,19.22
194,b8c4be4f866a65acd44b7659,M11,3,18.78,18.33
194,b8c4be4f866a65acd44b7659,M12,3,25.5,24.98
194,b8c4be4f866a65acd44b7659,M13,3,25.36,24.67
194,b8c4be4f866a65acd44b7659,M14,3,21.76,20.81
194,b8c4be4f866a65acd44b7659,M15,3,25.68,24.93
194,b8c4be4f866a65acd44b7659,M16,3,53.45,52.34
194,b8c4be4f866a65acd44b7659,M17,3,7.09,6.99
194,b8c4be4f866a65acd44b7659,M18,3,9.7,9.6
194,b8c4be4f866a65acd44b7659,M19,3,8.51,7.26
194,b8c4be4f866a65acd44b7659,M20,3,10.88,9.575
194,b8c4be4f866a65acd44b7659,M21,3,8.04,6.985
194,b8c4be4f866a65acd44b7659,M22,3,19.57,16.03
194,b8c4be4f866a65acd44b7659,M23,3,16.53,13.455
194,b8c4be4f866a65acd44b7659,M24,3,20.07,16.74
194,b8c4be4f866a65acd44b7659,M25,3,13.99,13.8
194,b8c4be4f866a65acd44b7659,M26,3,12.67,12.58
194,b8c4be4f866a65acd44b7659,M27,3,16.27,15.98
194,b8c4be4f866a65acd44b7659,M28,3,14.25,14.22
194,b8c4be4f866a65acd44b7659,M29,3,16.25,16.04
194,b8c4be4f866a65acd44b7659,M30,3,9.97,9.75
195,2f3df9eedd2906c14ce0e5d6,M01,4,8.29,6.845
195,2f3df9eedd2906c14ce0e5d6,M02,4,10.96,9.175
195,2f3df9eedd2906c14ce0e5d6,M03,4,12.71,9.25
195,2f3df9eedd2906c14ce0e5d6,M04,4,11.75,8.44
195,2f3df9eedd2906c14ce0e5d6,M05,4,11.98,8.46
195,2f3df9eedd2906c14ce0e5d6,M06,4,15.51,11.555
195,2f3df9eedd2906c14ce0e5d6,M07,4,17.81,12.545
195,2f3df9eedd2906c14ce0e5d6,M08,4,22.07,16.89
195,2f3df9eedd2906c14ce0e5d6,M09,4,20.74,15.81
195,2f3df9eedd2906c14ce0e5d6,M10,4,23.57,18.53
195,2f3df9eedd2906c14ce0e5d6,M11,4,22.81,17.615
195,2f3df9eedd2906c14ce0e5d6,M12,4,32.37,23.555
195,2f3df9eedd2906c14ce0e5d6,M13,4,34.01,23.13
195,2f3df9eedd2906c14ce0e5d6,M14,4,30.82,19.65
195,2f3df9eedd2906c14ce0e5d6,M15,4,34.3,23.315
195,2f3df9eedd2906c14ce0e5d6,M16,4,63.09,50.515
195,2f3df9eedd2906c14ce0e5d6,M17,4,8.63,6.655
195,2f3df9eedd2906c14ce0e5d6,M18,4,12.14,9.155
195,2f3df9eedd2906c14ce0e5d6,M19,4,11.55,6.985
195,2f3df9eedd2906c14ce0e5d6,M20,4,13.4,9.35
195,2f3df9eedd2906c14ce0e5d6,M21,4,10.71,6.77
195,2f3df9eedd2906c14ce0e5d6,M22,4,27.92,15.23
195,2f3df9eedd2906c14ce0e5d6,M23,4,24.38,13.01
195,2f3df9eedd2906c14ce0e5d6,M24,4,28.54,15.92
195,2f3df9eedd2906c14ce0e5d6,M25,4,15.76,13.5
195,2f3df9eedd2906c14ce0e5d6,M26,4,14.55,12.19
195,2f3df9eedd2906c14ce0e5d6,M27,4,19.93,15.28
195,2f3df9eedd2906c14ce0e5d6,M28,4,18.16,13.34
195,2f3df9eedd2906c14ce0e5d6,M29,4,19.88,15.58
195,2f3df9eedd2906c14ce0e5d6,M30,4,12.75,9.25
196,2c3353338941a5a1620123ce,M01,0,7.85,6.91
196,2c3353338941a5a1620123ce,M02,0,10.46,9.32
196,2c3353338941a5a1620123ce,M03,0,11.69,9.36
196,2c3353338941a5a1620123ce,M04,0,10.75,8.59
196,2c3353338941a5a1620123ce,M05,0,10.93,8.47
196,2c3353338941a5a1620123ce,M06,0,14.46,11.77
196,2c3353338941a5a1620123ce,M07,0,16.27,12.83
196,2c3353338941a5a1620123ce,M08,0,20.61,17.14
196,2c3353338941a5a1620123ce,M09,0,19.32,16.05
196,2c3353338941a5a1620123ce,M10,0,22.17,18.74
196,2c3353338941a5a1620123ce,M11,0,21.32,17.84
196,2c3353338941a5a1620123ce,M12,0,29.95,24.05
196,2c3353338941a5a1620123ce,M13,0,31.18,23.48
196,2c3353338941a5a1620123ce,M14,0,27.93,20.22
196,2c3353338941a5a1620123ce,M15,0,31.1,23.9
196,2c3353338941a5a1620123ce,M16,0,60.08,51.31
196,2c3353338941a5a1620123ce,M17,0,8.07,6.83
196,2c3353338941a5a1620123ce,M18,0,11.22,9.32
196,2c3353338941a5a1620123ce,M19,0,10.69,7.09
196,2c3353338941a5a1620123ce,M20,0,12.8,9.53
196,2c3353338941a5a1620123ce,M21,0,9.97,6.95
196,2c3353338941a5a1620123ce,M22,0,25.72,15.84
196,2c3353338941a5a1620123ce,M23,0,22.29,13.31
196,2c3353338941a5a1620123ce,M24,0,26.08,16.53
196,2c3353338941a5a1620123ce,M25,0,15.15,13.62
196,2c3353338941a5a1620123ce,M26,0,13.94,12.385
196,2c3353338941a5a1620123ce,M27,0,18.7,15.7
196,2c3353338941a5a1620123ce,M28,0,16.87,13.765
196,2c3353338941a5a1620123ce,M29,0,18.51,15.575
196,2c3353338941a5a1620123ce,M30,0,11.73,9.385
198,21c96a0876123a4a80b11e73,M01,2,4.47,6.88
198,21c96a0876123a4a80b11e73,M02,2,6.01,9.32
198,21c96a0876123a4a80b11e73,M03,2,5.2,9.36
198,21c96a0876123a4a80b11e73,M04,2,5.02,8.58
198,21c96a0876123a4a80b11e73,M05,2,4.53,8.46
198,21c96a0876123a4a80b11e73,M06,2,6.58,11.66
198,21c96a0876123a4a80b11e73,M07,2,6.61,12.81
198,21c96a0876123a4a80b11e73,M08,2,8.3,16.97
198,21c96a0876123a4a80b11e73,M09,2,7.39,16.03
198,21c96a0876123a4a80b11e73,M10,2,9.9,18.71
198,21c96a0876123a4a80b11e73,M11,2,9.29,17.82
198,21c96a0876123a4a80b11e73,M12,2,9.62,24
198,21c96a0876123a4a80b11e73,M13,2,9.96,23.43
198,21c96a0876123a4a80b11e73,M14,2,7.11,20.18
198,21c96a0876123a4a80b11e73,M15,2,9.85,23.65
198,21c96a0876123a4a80b11e73,M16,2,16.84,51.18
198,21c96a0876123a4a80b11e73,M17,2,3.67,6.73
198,21c96a0876123a4a80b11e73,M18,2,5.64,9.21
198,21c96a0876123a4a80b11e73,M19,2,4.4,6.87
198,21c96a0876123a4a80b11e73,M20,2,5.64,9.15
198,21c96a0876123a4a80b11e73,M21,2,4.59,6.77
198,21c96a0876123a4a80b11e73,M22,2,8.01,15.22
198,21c96a0876123a4a80b11e73,M23,2,6.73,13.01
198,21c96a0876123a4a80b11e73,M24,2,7.85,15.92
198,21c96a0876123a4a80b11e73,M25,2,8.51,13.62
198,21c96a0876123a4a80b11e73,M26,2,7.23,12.34
198,21c96a0876123a4a80b11e73,M27,2,8.35,15.67
198,21c96a0876123a4a80b11e73,M28,2,7.21,13.69
198,21c96a0876123a4a80b11e73,M29,2,8.31,15.58
198,21c96a0876123a4a80b11e73,M30,2,5.4,9.38
199,c70e593c2e631310bfe805a0,M01,3,6.4,6.99
199,c70e593c2e631310bfe805a0,M02,3,8.98,9.41
199,c70e593c2e631310bfe805a0,M03,3,8.83,9.67
199,c70e593c2e631310bfe805a0,M04,3,8.22,8.99
199,c70e593c2e631310bfe805a0,M05,3,7.93,8.87
199,c70e593c2e631310bfe805a0,M06,3,10.73,12.11
199,c70e593c2e631310bfe805a0,M07,3,12.34,13.26
199,c70e593c2e631310bfe805a0,M08,3,16.56,17.66
199,c70e593c2e631310bfe805a0,M09,3,15.35,16.64
199,c70e593c2e631310bfe805a0,M10,3,18.19,19.22
199,c70e593c2e631310bfe805a0,M11,3,16.99,18.33
199,c70e593c2e631310bfe805a0,M12,3,22.72,24.98
199,c70e593c2e631310bfe805a0,M13,3,20.65,24.67
199,c70e593c2e631310bfe805a0,M14,3,17.56,20.81
199,c70e593c2e631310bfe805a0,M15,3,22.1,24.93
199,c70e593c2e631310bfe805a0,M16,3,47,52.34
199,c70e593c2e631310bfe805a0,M17,3,6.64,6.99
199,c70e593c2e631310bfe805a0,M18,3,8.88,9.6
199,c70e593c2e631310bfe805a0,M19,3,6.87,7.26
199,c70e593c2e631310bfe805a0,M20,3,10.33,9.575
199,c70e593c2e631310bfe805a0,M21,3,7.04,6.985
199,c70e593c2e631310bfe805a0,M22,3,16.45,16.03
199,c70e593c2e631310bfe805a0,M23,3,13.17,13.455
199,c70e593c2e631310bfe805a0,M24,3,20.03,16.74
199,c70e593c2e631310bfe805a0,M25,3,12.68,13.8
199,c70e593c2e631310bfe805a0,M26,3,11.44,12.58
199,c70e593c2e631310bfe805a0,M27,3,13.79,15.98
199,c70e593c2e631310bfe805a0,M28,3,11.94,14.22
199,c70e593c2e631310bfe805a0,M29,3,14.3,16.04
199,c70e593c2e631310bfe805a0,M30,3,8.35,9.75
200,1157dca77a3505f7c3391cf1,M01,1,4.74,6.95
200,1157dca77a3505f7c3391cf1,M02,1,6.47,9.36
200,1157dca77a3505f7c3391cf1,M03,1,5.4,9.52
200,1157dca77a3505f7c3391cf1,M04,1,5.17,8.81
200,1157dca77a3505f7c3391cf1,M05,1,5.05,8.8
200,1157dca77a3505f7c3391cf1,M06,1,6.93,11.89
200,1157dca77a3505f7c3391cf1,M07,1,7.04,13
200,1157dca77a3505f7c3391cf1,M08,1,9.63,17.42
200,1157dca77a3505f7c3391cf1,M09,1,8.62,16.18
200,1157dca77a3505f7c3391cf1,M10,1,11.14,18.98
200,1157dca77a3505f7c3391cf1,M11,1,10.24,18.29
200,1157dca77a3505f7c3391cf1,M12,1,12.17,24.62
200,1157dca77a3505f7c3391cf1,M13,1,11.56,24.03
200,1157dca77a3505f7c3391cf1,M14,1,9.23,20.46
200,1157dca77a3505f7c3391cf1,M15,1,11.53,24.48
200,1157dca77a3505f7c3391cf1,M16,1,22.81,51.76
200,1157dca77a3505f7c3391cf1,M17,1,3.61,6.94
200,1157dca77a3505f7c3391cf1,M18,1,5.52,9.46
200,1157dca77a3505f7c3391cf1,M19,1,4.69,7.16
200,1157dca77a3505f7c3391cf1,M20,1,5.9,9.5
200,1157dca77a3505f7c3391cf1,M21,1,4.66,6.99
200,1157dca77a3505f7c3391cf1,M22,1,8.57,15.84
200,1157dca77a3505f7c3391cf1,M23,1,7.23,13.35
200,1157dca77a3505f7c3391cf1,M24,1,8.31,16.5
200,1157dca77a3505f7c3391cf1,M25,1,8.23,13.75
200,1157dca77a3505f7c3391cf1,M26,1,7.63,12.54
200,1157dca77a3505f7c3391cf1,M27,1,8.29,15.91
200,1157dca77a3505f7c3391cf1,M28,1,7.68,13.91
200,1157dca77a3505f7c3391cf1,M29,1,8.65,15.68
200,1157dca77a3505f7c3391cf1,M30,1,5.39,9.58
201,a163f7a7711eeffb4a750ec3,M01,3,6.74,6.99
201,a163f7a7711eeffb4a750ec3,M02,3,9.03,9.41
201,a163f7a7711eeffb4a750ec3,M03,3,8.85,9.67
201,a163f7a7711eeffb4a750ec3,M04,3,7.72,8.99
201,a163f7a7711eeffb4a750ec3,M05,3,7.71,8.87
201,a163f7a7711eeffb4a750ec3,M06,3,11.05,12.11
201,a163f7a7711eeffb4a750ec3,M07,3,11.89,13.26
201,a163f7a7711eeffb4a750ec3,M08,3,16.17,17.66
201,a163f7a7711eeffb4a750ec3,M09,3,14.42,16.64
201,a163f7a7711eeffb4a750ec3,M10,3,17.85,19.22
201,a163f7a7711eeffb4a750ec3,M11,3,16.59,18.33
201,a163f7a7711eeffb4a750ec3,M12,3,22.44,24.98
201,a163f7a7711eeffb4a750ec3,M13,3,21.46,24.67
201,a163f7a7711eeffb4a750ec3,M14,3,17.83,20.81
201,a163f7a7711eeffb4a750ec3,M15,3,21.83,24.93
201,a163f7a7711eeffb4a750ec3,M16,3,48.01,52.34
201,a163f7a7711eeffb4a750ec3,M17,3,6.07,6.99
201,a163f7a7711eeffb4a750ec3,M18,3,8.36,9.6
201,a163f7a7711eeffb4a750ec3,M19,3,6.36,7.26
201,a163f7a7711eeffb4a750ec3,M20,3,8.64,9.575
201,a163f7a7711eeffb4a750ec3,M21,3,5.99,6.985
201,a163f7a7711eeffb4a750ec3,M22,3,13.5,16.03
201,a163f7a7711eeffb4a750ec3,M23,3,11.51,13.455
201,a163f7a7711eeffb4a750ec3,M24,3,13.61,16.74
201,a163f7a7711eeffb4a750ec3,M25,3,13.24,13.8
201,a163f7a7711eeffb4a750ec3,M26,3,11.83,12.58
201,a163f7a7711eeffb4a750ec3,M27,3,14.57,15.98
201,a163f7a7711eeffb4a750ec3,M28,3,12.44,14.22
201,a163f7a7711eeffb4a750ec3,M29,3,14.17,16.04
201,a163f7a7711eeffb4a750ec3,M30,3,8.83,9.75
202,f217da90d1070a3bbaec6996,M01,3,8.03,6.99
202,f217da90d1070a3bbaec6996,M02,3,10.63,9.41
202,f217da90d1070a3bbaec6996,M03,3,12.03,9.67
202,f217da90d1070a3bbaec6996,M04,3,11.09,8.99
202,f217da90d1070a3bbaec6996,M05,3,11.24,8.87
202,f217da90d1070a3bbaec6996,M06,3,14.84,12.11
202,f217da90d1070a3bbaec6996,M07,3,16.78,13.26
202,f217da90d1070a3bbaec6996,M08,3,21.09,17.66
202,f217da90d1070a3bbaec6996,M09,3,19.8,16.64
202,f217da90d1070a3bbaec6996,M10,3,22.62,19.22
202,f217da90d1070a3bbaec6996,M11,3,21.78,18.33
202,f217da90d1070a3bbaec6996,M12,3,30.72,24.98
202,f217da90d1070a3bbaec6996,M13,3,32.12,24.67
202,f217da90d1070a3bbaec6996,M14,3,28.82,20.81
202,f217da90d1070a3bbaec6996,M15,3,32.04,24.93
202,f217da90d1070a3bbaec6996,M16,3,61.1,52.34
202,f217da90d1070a3bbaec6996,M17,3,8.25,6.99
202,f217da90d1070a3bbaec6996,M18,3,11.54,9.6
202,f217da90d1070a3bbaec6996,M19,3,10.59,7.26
202,f217da90d1070a3bbaec6996,M20,3,12.69,9.575
202,f217da90d1070a3bbaec6996,M21,3,9.82,6.985
202,f217da90d1070a3bbaec6996,M22,3,25.22,16.03
202,f217da90d1070a3bbaec6996,M23,3,21.73,13.455
202,f217da90d1070a3bbaec6996,M24,3,25.6,16.74
202,f217da90d1070a3bbaec6996,M25,3,15.37,13.8
202,f217da90d1070a3bbaec6996,M26,3,14.14,12.58
202,f217da90d1070a3bbaec6996,M27,3,19.14,15.98
202,f217da90d1070a3bbaec6996,M28,3,17.29,14.22
202,f217da90d1070a3bbaec6996,M29,3,18.94,16.04
202,f217da90d1070a3bbaec6996,M30,3,12.07,9.75
203,cd59d3604f71cc60f2c12594,M01,1,4.82,6.95
203,cd59d3604f71cc60f2c12594,M02,1,6.23,9.36
203,cd59d3604f71cc60f2c12594,M03,1,5.39,9.52
203,cd59d3604f71cc60f2c12594,M04,1,5.09,8.81
203,cd59d3604f71cc60f2c12594,M05,1,4.98,8.8
203,cd59d3604f71cc60f2c12594,M06,1,6.87,11.89
203,cd59d3604f71cc60f2c12594,M07,1,6.84,13
203,cd59d3604f71cc60f2c12594,M08,1,8.53,17.42
203,cd59d3604f71cc60f2c12594,M09,1,7.33,16.18
203,cd59d3604f71cc60f2c12594,M10,1,10.19,18.98
203,cd59d3604f71cc60f2c12594,M11,1,9.15,18.29
203,cd59d3604f71cc60f2c12594,M12,1,10.07,24.62
203,cd59d3604f71cc60f2c12594,M13,1,10.54,24.03
203,cd59d3604f71cc60f2c12594,M14,1,7.82,20.46
203,cd59d3604f71cc60f2c12594,M15,1,10.4,24.48
203,cd59d3604f71cc60f2c12594,M16,1,18.47,51.76
203,cd59d3604f71cc60f2c12594,M17,1,3.41,6.94
203,cd59d3604f71cc60f2c12594,M18,1,5.51,9.46
203,cd59d3604f71cc60f2c12594,M19,1,4.75,7.16
203,cd59d3604f71cc60f2c12594,M20,1,6.39,9.5
203,cd59d3604f71cc60f2c12594,M21,1,4.88,6.99
203,cd59d3604f71cc60f2c12594,M22,1,8.42,15.84
203,cd59d3604f71cc60f2c12594,M23,1,6.78,13.35
203,cd59d3604f71cc60f2c12594,M24,1,8.35,16.5
203,cd59d3604f71cc60f2c12594,M25,1,9.29,13.75
203,cd59d3604f71cc60f2c12594,M26,1,7.49,12.54
203,cd59d3604f71cc60f2c12594,M27,1,8.9,15.91
203,cd59d3604f71cc60f2c12594,M28,1,7.38,13.91
203,cd59d3604f71cc60f2c12594,M29,1,8.56,15.68
203,cd59d3604f71cc60f2c12594,M30,1,5.39,9.58
205,349160f21ef26f3bd10c02df,M01,4,4.74,6.845
205,349160f21ef26f3bd10c02df,M02,4,6.42,9.175
205,349160f21ef26f3bd10c02df,M03,4,5.35,9.25
205,349160f21ef26f3bd10c02df,M04,4,5.11,8.44
205,349160f21ef26f3bd10c02df,M05,4,4.95,8.46
205,349160f21ef26f3bd10c02df,M06,4,6.78,11.555
205,349160f21ef26f3bd10c02df,M07,4,6.97,12.545
205,349160f21ef26f3bd10c02df,M08,4,9.62,16.89
205,349160f21ef26f3bd10c02df,M09,4,8.56,15.81
205,349160f21ef26f3bd10c02df,M10,4,11.03,18.53
205,349160f21ef26f3bd10c02df,M11,4,10.08,17.615
205,349160f21ef26f3bd10c02df,M12,4,12.16,23.555
205,349160f21ef26f3bd10c02df,M13,4,11.54,23.13
205,349160f21ef26f3bd10c02df,M14,4,9.65,19.65
205,349160f21ef26f3bd10c02df,M15,4,11.38,23.315
205,349160f21ef26f3bd10c02df,M16,4,24.02,50.515
205,349160f21ef26f3bd10c02df,M17,4,3.49,6.655
205,349160f21ef26f3bd10c02df,M18,4,5.44,9.155
205,349160f21ef26f3bd10c02df,M19,4,4.67,6.985
205,349160f21ef26f3bd10c02df,M20,4,5.93,9.35
205,349160f21ef26f3bd10c02df,M21,4,4.63,6.77
205,349160f21ef26f3bd10c02df,M22,4,8.56,15.23
205,349160f21ef26f3bd10c02df,M23,4,7.51,13.01
205,349160f21ef26f3bd10c02df,M24,4,8.24,15.92
205,349160f21ef26f3bd10c02df,M25,4,11.52,13.5
205,349160f21ef26f3bd10c02df,M26,4,10.36,12.19
205,349160f21ef26f3bd10c02df,M27,4,11.5,15.28
205,349160f21ef26f3bd10c02df,M28,4,10.06,13.34
205,349160f21ef26f3bd10c02df,M29,4,11.23,15.58
205,349160f21ef26f3bd10c02df,M30,4,7.25,9.25
208,7e8108e8aa1d6afff73a1bc0,M01,2,8.55,6.88
208,7e8108e8aa1d6afff73a1bc0,M02,2,11.25,9.32
208,7e8108e8aa1d6afff73a1bc0,M03,2,13.28,9.36
208,7e8108e8aa1d6afff73a1bc0,M04,2,12.21,8.58
208,7e8108e8aa1d6afff73a1bc0,M05,2,12.42,8.46
208,7e8108e8aa1d6afff73a1bc0,M06,2,15.99,11.66
208,7e8108e8aa1d6afff73a1bc0,M07,2,18.67,12.81
208,7e8108e8aa1d6afff73a1bc0,M08,2,22.86,16.97
208,7e8108e8aa1d6afff73a1bc0,M09,2,21.4,16.03
208,7e8108e8aa1d6afff73a1bc0,M10,2,24.34,18.71
208,7e8108e8aa1d6afff73a1bc0,M11,2,23.35,17.82
208,7e8108e8aa1d6afff73a1bc0,M12,2,33.7,24
208,7e8108e8aa1d6afff73a1bc0,M13,2,35.29,23.43
208,7e8108e8aa1d6afff73a1bc0,M14,2,32.2,20.18
208,7e8108e8aa1d6afff73a1bc0,M15,2,35.95,23.65
208,7e8108e8aa1d6afff73a1bc0,M16,2,64.53,51.18
208,7e8108e8aa1d6afff73a1bc0,M17,2,8.85,6.73
208,7e8108e8aa1d6afff73a1bc0,M18,2,12.58,9.21
208,7e8108e8aa1d6afff73a1bc0,M19,2,12.35,6.87
208,7e8108e8aa1d6afff73a1bc0,M20,2,13.74,9.15
208,7e8108e8aa1d6afff73a1bc0,M21,2,10.87,6.77
208,7e8108e8aa1d6afff73a1bc0,M22,2,28.99,15.22
208,7e8108e8aa1d6afff73a1bc0,M23,2,25.5,13.01
208,7e8108e8aa1d6afff73a1bc0,M24,2,29.43,15.92
208,7e8108e8aa1d6afff73a1bc0,M25,2,16.1,13.62
208,7e8108e8aa1d6afff73a1bc0,M26,2,14.86,12.34
208,7e8108e8aa1d6afff73a1bc0,M27,2,20.51,15.67
208,7e8108e8aa1d6afff73a1bc0,M28,2,18.75,13.69
208,7e8108e8aa1d6afff73a1bc0,M29,2,20.14,15.58
208,7e8108e8aa1d6afff73a1bc0,M30,2,13.33,9.38
209,ae21572dff8704af71227db3,M01,1,4.61,6.95
209,ae21572dff8704af71227db3,M02,1,6.12,9.36
209,ae21572dff8704af71227db3,M03,1,5.16,9.52
209,ae21572dff8704af71227db3,M04,1,4.97,8.81
209,ae21572dff8704af71227db3,M05,1,4.82,8.8
209,ae21572dff8704af71227db3,M06,1,6.57,11.89
209,ae21572dff8704af71227db3,M07,1,6.58,13
209,ae21572dff8704af71227db3,M08,1,8.71,17.42
209,ae21572dff8704af71227db3,M09,1,7.8,16.18
209,ae21572dff8704af71227db3,M10,1,10.15,18.98
209,ae21572dff8704af71227db3,M11,1,9.23,18.29
209,ae21572dff8704af71227db3,M12,1,10.67,24.62
209,ae21572dff8704af71227db3,M13,1,10.54,24.03
209,ae21572dff8704af71227db3,M14,1,8.54,20.46
209,ae21572dff8704af71227db3,M15,1,10.42,24.48
209,ae21572dff8704af71227db3,M16,1,20.19,51.76
209,ae21572dff8704af71227db3,M17,1,3.11,6.94
209,ae21572dff8704af71227db3,M18,1,5.29,9.46
209,ae21572dff8704af71227db3,M19,1,4.6,7.16
209,ae21572dff8704af71227db3,M20,1,5.7,9.5
209,ae21572dff8704af71227db3,M21,1,4.57,6.99
209,ae21572dff8704af71227db3,M22,1,8.47,15.84
209,ae21572dff8704af71227db3,M23,1,7.13,13.35
209,ae21572dff8704af71227db3,M24,1,7.91,16.5
209,ae21572dff8704af71227db3,M25,1,11.76,13.75
209,ae21572dff8704af71227db3,M26,1,10.1,12.54
209,ae21572dff8704af71227db3,M27,1,11.71,15.91
209,ae21572dff8704af71227db3,M28,1,9.67,13.91
209,ae21572dff8704af71227db3,M29,1,12.36,15.68
209,ae21572dff8704af71227db3,M30,1,7.13,9.58
210,f64cb299dc715625ad27bbf2,M01,2,8.08,6.88
210,f64cb299dc715625ad27bbf2,M02,2,10.81,9.32
210,f64cb299dc715625ad27bbf2,M03,2,12.48,9.36
210,f64cb299dc715625ad27bbf2,M04,2,11.6,8.58
210,f64cb299dc715625ad27bbf2,M05,2,11.79,8.46
210,f64cb299dc715625ad27bbf2,M06,2,15.15,11.66
210,f64cb299dc715625ad27bbf2,M07,2,17.51,12.81
210,f64cb299dc715625ad27bbf2,M08,2,21.76,16.97
210,f64cb299dc715625ad27bbf2,M09,2,20.55,16.03
210,f64cb299dc715625ad27bbf2,M10,2,23.21,18.71
210,f64cb299dc715625ad27bbf2,M11,2,22.53,17.82
210,f64cb299dc715625ad27bbf2,M12,2,31.96,24
210,f64cb299dc715625ad27bbf2,M13,2,33.19,23.43
210,f64cb299dc715625ad27bbf2,M14,2,30.16,20.18
210,f64cb299dc715625ad27bbf2,M15,2,33.71,23.65
210,f64cb299dc715625ad27bbf2,M16,2,62.29,51.18
210,f64cb299dc715625ad27bbf2,M17,2,8.51,6.73
210,f64cb299dc715625ad27bbf2,M18,2,11.99,9.21
210,f64cb299dc715625ad27bbf2,M19,2,10.97,6.87
210,f64cb299dc715625ad27bbf2,M20,2,13.16,9.15
210,f64cb299dc715625ad27bbf2,M21,2,10.59,6.77
210,f64cb299dc715625ad27bbf2,M22,2,27.2,15.22
210,f64cb299dc715625ad27bbf2,M23,2,23.96,13.01
210,f64cb299dc715625ad27bbf2,M24,2,27.1,15.92
210,f64cb299dc715625ad27bbf2,M25,2,15.51,13.62
210,f64cb299dc715625ad27bbf2,M26,2,14.33,12.34
210,f64cb299dc715625ad27bbf2,M27,2,19.51,15.67
210,f64cb299dc715625ad27bbf2,M28,2,17.79,13.69
210,f64cb299dc715625ad27bbf2,M29,2,19.51,15.58
210,f64cb299dc715625ad27bbf2,M30,2,12.52,9.38
211,777595a9cfdca90527f5358e,M01,4,6.91,6.845
211,777595a9cfdca90527f5358e,M02,4,9.36,9.175
211,777595a9cfdca90527f5358e,M03,4,9.52,9.25
211,777595a9cfdca90527f5358e,M04,4,8.63,8.44
211,777595a9cfdca90527f5358e,M05,4,8.26,8.46
211,777595a9cfdca90527f5358e,M06,4,11.82,11.555
211,777595a9cfdca90527f5358e,M07,4,13,12.545
211,777595a9cfdca90527f5358e,M08,4,17.42,16.89
211,777595a9cfdca90527f5358e,M09,4,16.12,15.81
211,777595a9cfdca90527f5358e,M10,4,18.98,18.53
211,777595a9cfdca90527f5358e,M11,4,17.54,17.615
211,777595a9cfdca90527f5358e,M12,4,24.62,23.555
211,777595a9cfdca90527f5358e,M13,4,24.03,23.13
211,777595a9cfdca90527f5358e,M14,4,20.69,19.65
211,777595a9cfdca90527f5358e,M15,4,24.26,23.315
211,777595a9cfdca90527f5358e,M16,4,51.99,50.515
211,777595a9cfdca90527f5358e,M17,4,6.98,6.655
211,777595a9cfdca90527f5358e,M18,4,9.65,9.155
211,777595a9cfdca90527f5358e,M19,4,6.81,6.985
211,777595a9cfdca90527f5358e,M20,4,9.78,9.35
211,777595a9cfdca90527f5358e,M21,4,7.07,6.77
211,777595a9cfdca90527f5358e,M22,4,16.52,15.23
211,777595a9cfdca90527f5358e,M23,4,14.06,13.01
211,777595a9cfdca90527f5358e,M24,4,16.82,15.92
211,777595a9cfdca90527f5358e,M25,4,12.66,13.5
211,777595a9cfdca90527f5358e,M26,4,11.36,12.19
211,777595a9cfdca90527f5358e,M27,4,13.65,15.28
211,777595a9cfdca90527f5358e,M28,4,11.75,13.34
211,777595a9cfdca90527f5358e,M29,4,13.89,15.58
211,777595a9cfdca90527f5358e,M30,4,8.12,9.25
212,d69a1a66fdf392a9c7131312,M01,1,8.57,6.95
212,d69a1a66fdf392a9c7131312,M02,1,11.27,9.36
212,d69a1a66fdf392a9c7131312,M03,1,13.41,9.52
212,d69a1a66fdf392a9c7131312,M04,1,12.53,8.81
212,d69a1a66fdf392a9c7131312,M05,1,12.72,8.8
212,d69a1a66fdf392a9c7131312,M06,1,16.23,11.89
212,d69a1a66fdf392a9c7131312,M07,1,18.94,13
212,d69a1a66fdf392a9c7131312,M08,1,23.06,17.42
212,d69a1a66fdf392a9c7131312,M09,1,21.87,16.18
212,d69a1a66fdf392a9c7131312,M10,1,24.48,18.98
212,d69a1a66fdf392a9c7131312,M11,1,23.77,18.29
212,d69a1a66fdf392a9c7131312,M12,1,34.2,24.62
212,d69a1a66fdf392a9c7131312,M13,1,36.18,24.03
212,d69a1a66fdf392a9c7131312,M14,1,33.34,20.46
212,d69a1a66fdf392a9c7131312,M15,1,36.34,24.48
212,d69a1a66fdf392a9c7131312,M16,1,65.49,51.76
212,d69a1a66fdf392a9c7131312,M17,1,9.01,6.94
212,d69a1a66fdf392a9c7131312,M18,1,12.84,9.46
212,d69a1a66fdf392a9c7131312,M19,1,12.49,7.16
212,d69a1a66fdf392a9c7131312,M20,1,14.21,9.5
212,d69a1a66fdf392a9c7131312,M21,1,11.48,6.99
212,d69a1a66fdf392a9c7131312,M22,1,30.18,15.84
212,d69a1a66fdf392a9c7131312,M23,1,26.59,13.35
212,d69a1a66fdf392a9c7131312,M24,1,30.73,16.5
212,d69a1a66fdf392a9c7131312,M25,1,16.17,13.75
212,d69a1a66fdf392a9c7131312,M26,1,14.94,12.54
212,d69a1a66fdf392a9c7131312,M27,1,20.79,15.91
212,d69a1a66fdf392a9c7131312,M28,1,19.1,13.91
212,d69a1a66fdf392a9c7131312,M29,1,20.6,15.68
212,d69a1a66fdf392a9c7131312,M30,1,13.47,9.58
213,a9ddfab67a2904172e0f1116,M01,0,6.66,6.91
213,a9ddfab67a2904172e0f1116,M02,0,8.83,9.32
213,a9ddfab67a2904172e0f1116,M03,0,8.5,9.36
213,a9ddfab67a2904172e0f1116,M04,0,7.69,8.59
213,a9ddfab67a2904172e0f1116,M05,0,7.6,8.47
213,a9ddfab67a2904172e0f1116,M06,0,10.78,11.77
213,a9ddfab67a2904172e0f1116,M07,0,11.41,12.83
213,a9ddfab67a2904172e0f1116,M08,0,15.67,17.14
213,a9ddfab67a2904172e0f1116,M09,0,14.44,16.05
213,a9ddfab67a2904172e0f1116,M10,0,17.3,18.74
213,a9ddfab67a2904172e0f1116,M11,0,16.33,17.84
213,a9ddfab67a2904172e0f1116,M12,0,21.58,24.05
213,a9ddfab67a2904172e0f1116,M13,0,20.85,23.48
213,a9ddfab67a2904172e0f1116,M14,0,17.33,20.22
213,a9ddfab67a2904172e0f1116,M15,0,20.83,23.9
213,a9ddfab67a2904172e0f1116,M16,0,47.11,51.31
213,a9ddfab67a2904172e0f1116,M17,0,6.11,6.83
213,a9ddfab67a2904172e0f1116,M18,0,8.33,9.32
213,a9ddfab67a2904172e0f1116,M19,0,5.78,7.09
213,a9ddfab67a2904172e0f1116,M20,0,7.93,9.53
213,a9ddfab67a2904172e0f1116,M21,0,5.57,6.95
213,a9ddfab67a2904172e0f1116,M22,0,12.13,15.84
213,a9ddfab67a2904172e0f1116,M23,0,10.45,13.31
213,a9ddfab67a2904172e0f1116,M24,0,11.98,16.53
213,a9ddfab67a2904172e0f1116,M25,0,13.07,13.62
213,a9ddfab67a2904172e0f1116,M26,0,11.67,12.385
213,a9ddfab67a2904172e0f1116,M27,0,14.29,15.7
213,a9ddfab67a2904172e0f1116,M28,0,12.18,13.765
213,a9ddfab67a2904172e0f1116,M29,0,16.64,15.575
213,a9ddfab67a2904172e0f1116,M30,0,8.52,9.385
214,c27fe310a5abf32c690a710e,M01,4,6.75,6.845
214,c27fe310a5abf32c690a710e,M02,4,9.41,9.175
214,c27fe310a5abf32c690a710e,M03,4,9.67,9.25
214,c27fe310a5abf32c690a710e,M04,4,9.06,8.44
214,c27fe310a5abf32c690a710e,M05,4,8.8,8.46
214,c27fe310a5abf32c690a710e,M06,4,11.53,11.555
214,c27fe310a5abf32c690a710e,M07,4,13.28,12.545
214,c27fe310a5abf32c690a710e,M08,4,17.66,16.89
214,c27fe310a5abf32c690a710e,M09,4,16.76,15.81
214,c27fe310a5abf32c690a710e,M10,4,19.23,18.53
214,c27fe310a5abf32c690a710e,M11,4,18.33,17.615
214,c27fe310a5abf32c690a710e,M12,4,25.13,23.555
214,c27fe310a5abf32c690a710e,M13,4,23.48,23.13
214,c27fe310a5abf32c690a710e,M14,4,20.35,19.65
214,c27fe310a5abf32c690a710e,M15,4,24.93,23.315
214,c27fe310a5abf32c690a710e,M16,4,51.18,50.515
214,c27fe310a5abf32c690a710e,M17,4,7.02,6.655
214,c27fe310a5abf32c690a710e,M18,4,9.71,9.155
214,c27fe310a5abf32c690a710e,M19,4,6.6,6.985
214,c27fe310a5abf32c690a710e,M20,4,9.57,9.35
214,c27fe310a5abf32c690a710e,M21,4,6.86,6.77
214,c27fe310a5abf32c690a710e,M22,4,15.66,15.23
214,c27fe310a5abf32c690a710e,M23,4,12.8,13.01
214,c27fe310a5abf32c690a710e,M24,4,17.69,15.92
214,c27fe310a5abf32c690a710e,M25,4,13.32,13.5
214,c27fe310a5abf32c690a710e,M26,4,12.12,12.19
214,c27fe310a5abf32c690a710e,M27,4,15.03,15.28
214,c27fe310a5abf32c690a710e,M28,4,13.23,13.34
214,c27fe310a5abf32c690a710e,M29,4,15.57,15.58
214,c27fe310a5abf32c690a710e,M30,4,9.16,9.25
215,4a4758acbcb6cbd3b156ade0,M01,2,8.84,6.88
215,4a4758acbcb6cbd3b156ade0,M02,2,11.51,9.32
215,4a4758acbcb6cbd3b156ade0,M03,2,13.75,9.36
215,4a4758acbcb6cbd3b156ade0,M04,2,12.73,8.58
215,4a4758acbcb6cbd3b156ade0,M05,2,12.96,8.46
215,4a4758acbcb6cbd3b156ade0,M06,2,16.59,11.66
215,4a4758acbcb6cbd3b156ade0,M07,2,19.41,12.81
215,4a4758acbcb6cbd3b156ade0,M08,2,23.51,16.97
215,4a4758acbcb6cbd3b156ade0,M09,2,22.16,16.03
215,4a4758acbcb6cbd3b156ade0,M10,2,24.99,18.71
215,4a4758acbcb6cbd3b156ade0,M11,2,24.12,17.82
215,4a4758acbcb6cbd3b156ade0,M12,2,34.89,24
215,4a4758acbcb6cbd3b156ade0,M13,2,36.94,23.43
215,4a4758acbcb6cbd3b156ade0,M14,2,33.95,20.18
215,4a4758acbcb6cbd3b156ade0,M15,2,37.25,23.65
215,4a4758acbcb6cbd3b156ade0,M16,2,66.34,51.18
215,4a4758acbcb6cbd3b156ade0,M17,2,9.12,6.73
215,4a4758acbcb6cbd3b156ade0,M18,2,13.05,9.21
215,4a4758acbcb6cbd3b156ade0,M19,2,12.67,6.87
215,4a4758acbcb6cbd3b156ade0,M20,2,14.33,9.15
215,4a4758acbcb6cbd3b156ade0,M21,2,11.5,6.77
215,4a4758acbcb6cbd3b156ade0,M22,2,30.51,15.22
215,4a4758acbcb6cbd3b156ade0,M23,2,26.92,13.01
215,4a4758acbcb6cbd3b156ade0,M24,2,31.14,15.92
215,4a4758acbcb6cbd3b156ade0,M25,2,16.47,13.62
215,4a4758acbcb6cbd3b156ade0,M26,2,15.18,12.34
215,4a4758acbcb6cbd3b156ade0,M27,2,21.21,15.67
215,4a4758acbcb6cbd3b156ade0,M28,2,19.46,13.69
215,4a4758acbcb6cbd3b156ade0,M29,2,21.07,15.58
215,4a4758acbcb6cbd3b156ade0,M30,2,13.8,9.38
216,1ccc85fbc14570d427fc4054,M01,1,6.22,6.95
216,1ccc85fbc14570d427fc4054,M02,1,8.23,9.36
216,1ccc85fbc14570d427fc4054,M03,1,7.55,9.52
216,1ccc85fbc14570d427fc4054,M04,1,6.97,8.81
216,1ccc85fbc14570d427fc4054,M05,1,6.95,8.8
216,1ccc85fbc14570d427fc4054,M06,1,9.7,11.89
216,1ccc85fbc14570d427fc4054,M07,1,10.03,13
216,1ccc85fbc14570d427fc4054,M08,1,14.06,17.42
216,1ccc85fbc14570d427fc4054,M09,1,13.1,16.18
216,1ccc85fbc14570d427fc4054,M10,1,15.71,18.98
216,1ccc85fbc14570d427fc4054,M11,1,14.94,18.29
216,1ccc85fbc14570d427fc4054,M12,1,19.05,24.62
216,1ccc85fbc14570d427fc4054,M13,1,18.27,24.03
216,1ccc85fbc14570d427fc4054,M14,1,15.15,20.46
216,1ccc85fbc14570d427fc4054,M15,1,17.91,24.48
216,1ccc85fbc14570d427fc4054,M16,1,42.44,51.76
216,1ccc85fbc14570d427fc4054,M17,1,5.67,6.94
216,1ccc85fbc14570d427fc4054,M18,1,7.59,9.46
216,1ccc85fbc14570d427fc4054,M19,1,6.06,7.16
216,1ccc85fbc14570d427fc4054,M20,1,8.23,9.5
216,1ccc85fbc14570d427fc4054,M21,1,5.87,6.99
216,1ccc85fbc14570d427fc4054,M22,1,12.8,15.84
216,1ccc85fbc14570d427fc4054,M23,1,10.93,13.35
216,1ccc85fbc14570d427fc4054,M24,1,12.85,16.5
216,1ccc85fbc14570d427fc4054,M25,1,12.36,13.75
216,1ccc85fbc14570d427fc4054,M26,1,10.94,12.54
216,1ccc85fbc14570d427fc4054,M27,1,12.94,15.91
216,1ccc85fbc14570d427fc4054,M28,1,10.97,13.91
216,1ccc85fbc14570d427fc4054,M29,1,12.59,15.68
216,1ccc85fbc14570d427fc4054,M30,1,7.59,9.58
217,f0be075ce70bbd3bac1c7259,M01,2,7.69,6.88
217,f0be075ce70bbd3bac1c7259,M02,2,10.28,9.32
217,f0be075ce70bbd3bac1c7259,M03,2,11.3,9.36
217,f0be075ce70bbd3bac1c7259,M04,2,10.46,8.58
217,f0be075ce70bbd3bac1c7259,M05,2,10.57,8.46
217,f0be075ce70bbd3bac1c7259,M06,2,13.99,11.66
217,f0be075ce70bbd3bac1c7259,M07,2,15.68,12.81
217,f0be075ce70bbd3bac1c7259,M08,2,20.04,16.97
217,f0be075ce70bbd3bac1c7259,M09,2,18.9,16.03
217,f0be075ce70bbd3bac1c7259,M10,2,21.6,18.71
217,f0be075ce70bbd3bac1c7259,M11,2,20.86,17.82
217,f0be075ce70bbd3bac1c7259,M12,2,28.99,24
217,f0be075ce70bbd3bac1c7259,M13,2,29.83,23.43
217,f0be075ce70bbd3bac1c7259,M14,2,26.45,20.18
217,f0be075ce70bbd3bac1c7259,M15,2,29.97,23.65
217,f0be075ce70bbd3bac1c7259,M16,2,58.56,51.18
217,f0be075ce70bbd3bac1c7259,M17,2,7.87,6.73
217,f0be075ce70bbd3bac1c7259,M18,2,10.96,9.21
217,f0be075ce70bbd3bac1c7259,M19,2,9.88,6.87
217,f0be075ce70bbd3bac1c7259,M20,2,12.07,9.15
217,f0be075ce70bbd3bac1c7259,M21,2,9.28,6.77
217,f0be075ce70bbd3bac1c7259,M22,2,23.3,15.22
217,f0be075ce70bbd3bac1c7259,M23,2,20.02,13.01
217,f0be075ce70bbd3bac1c7259,M24,2,23.82,15.92
217,f0be075ce70bbd3bac1c7259,M25,2,14.88,13.62
217,f0be075ce70bbd3bac1c7259,M26,2,13.62,12.34
217,f0be075ce70bbd3bac1c7259,M27,2,18.16,15.67
217,f0be075ce70bbd3bac1c7259,M28,2,16.22,13.69
217,f0be075ce70bbd3bac1c7259,M29,2,18.02,15.58
217,f0be075ce70bbd3bac1c7259,M30,2,11.35,9.38
219,0658d6d6c98ecbd57359ccef,M01,0,4.51,6.91
219,0658d6d6c98ecbd57359ccef,M02,0,6.01,9.32
219,0658d6d6c98ecbd57359ccef,M03,0,5.13,9.36
219,0658d6d6c98ecbd57359ccef,M04,0,4.91,8.59
219,0658d6d6c98ecbd57359ccef,M05,0,4.75,8.47
219,0658d6d6c98ecbd57359ccef,M06,0,6.5,11.77
219,0658d6d6c98ecbd57359ccef,M07,0,6.49,12.83
219,0658d6d6c98ecbd57359ccef,M08,0,8.33,17.14
219,0658d6d6c98ecbd57359ccef,M09,0,7.35,16.05
219,0658d6d6c98ecbd57359ccef,M10,0,9.82,18.74
219,0658d6d6c98ecbd57359ccef,M11,0,8.82,17.84
219,0658d6d6c98ecbd57359ccef,M12,0,10.05,24.05
219,0658d6d6c98ecbd57359ccef,M13,0,10.04,23.48
219,0658d6d6c98ecbd57359ccef,M14,0,8.07,20.22
219,0658d6d6c98ecbd57359ccef,M15,0,10.05,23.9
219,0658d6d6c98ecbd57359ccef,M16,0,18.55,51.31
219,0658d6d6c98ecbd57359ccef,M17,0,2.84,6.83
219,0658d6d6c98ecbd57359ccef,M18,0,5.22,9.32
219,0658d6d6c98ecbd57359ccef,M19,0,4.62,7.09
219,0658d6d6c98ecbd57359ccef,M20,0,5.7,9.53
219,0658d6d6c98ecbd57359ccef,M21,0,4.6,6.95
219,0658d6d6c98ecbd57359ccef,M22,0,8.26,15.84
219,0658d6d6c98ecbd57359ccef,M23,0,7.13,13.31
219,0658d6d6c98ecbd57359ccef,M24,0,7.97,16.53
219,0658d6d6c98ecbd57359ccef,M25,0,7.28,13.62
219,0658d6d6c98ecbd57359ccef,M26,0,5.14,12.385
219,0658d6d6c98ecbd57359ccef,M27,0,8,15.7
219,0658d6d6c98ecbd57359ccef,M28,0,6.32,13.765
219,0658d6d6c98ecbd57359ccef,M29,0,7.65,15.575
219,0658d6d6c98ecbd57359ccef,M30,0,4.78,9.385
220,d62a7d47244b4b6f5813dc91,M01,0,6.53,6.91
220,d62a7d47244b4b6f5813dc91,M02,0,8.9,9.32
220,d62a7d47244b4b6f5813dc91,M03,0,8.7,9.36
220,d62a7d47244b4b6f5813dc91,M04,0,7.9,8.59
220,d62a7d47244b4b6f5813dc91,M05,0,7.47,8.47
220,d62a7d47244b4b6f5813dc91,M06,0,10.8,11.77
220,d62a7d47244b4b6f5813dc91,M07,0,11.81,12.83
220,d62a7d47244b4b6f5813dc91,M08,0,16.19,17.14
220,d62a7d47244b4b6f5813dc91,M09,0,14.99,16.05
220,d62a7d47244b4b6f5813dc91,M10,0,17.72,18.74
220,d62a7d47244b4b6f5813dc91,M11,0,16.26,17.84
220,d62a7d47244b4b6f5813dc91,M12,0,22.67,24.05
220,d62a7d47244b4b6f5813dc91,M13,0,21.49,23.48
220,d62a7d47244b4b6f5813dc91,M14,0,18.32,20.22
220,d62a7d47244b4b6f5813dc91,M15,0,21.77,23.9
220,d62a7d47244b4b6f5813dc91,M16,0,48.78,51.31
220,d62a7d47244b4b6f5813dc91,M17,0,6.64,6.83
220,d62a7d47244b4b6f5813dc91,M18,0,9.14,9.32
220,d62a7d47244b4b6f5813dc91,M19,0,6.3,7.09
220,d62a7d47244b4b6f5813dc91,M20,0,9.47,9.53
220,d62a7d47244b4b6f5813dc91,M21,0,6.77,6.95
220,d62a7d47244b4b6f5813dc91,M22,0,15.65,15.84
220,d62a7d47244b4b6f5813dc91,M23,0,13.35,13.31
220,d62a7d47244b4b6f5813dc91,M24,0,15.92,16.53
220,d62a7d47244b4b6f5813dc91,M25,0,11.99,13.62
220,d62a7d47244b4b6f5813dc91,M26,0,10.73,12.385
220,d62a7d47244b4b6f5813dc91,M27,0,12.49,15.7
220,d62a7d47244b4b6f5813dc91,M28,0,10.69,13.765
220,d62a7d47244b4b6f5813dc91,M29,0,12.63,15.575
220,d62a7d47244b4b6f5813dc91,M30,0,7.33,9.385
221,b2055287b28edac3e1fa6789,M01,1,8.23,6.95
221,b2055287b28edac3e1fa6789,M02,1,12.58,9.36
221,b2055287b28edac3e1fa6789,M03,1,15.18,9.52
221,b2055287b28edac3e1fa6789,M04,1,14.13,8.81
221,b2055287b28edac3e1fa6789,M05,1,14.43,8.8
221,b2055287b28edac3e1fa6789,M06,1,18.39,11.89
221,b2055287b28edac3e1fa6789,M07,1,21.58,13
221,b2055287b28edac3e1fa6789,M08,1,25.52,17.42
221,b2055287b28edac3e1fa6789,M09,1,24.08,16.18
221,b2055287b28edac3e1fa6789,M10,1,27.07,18.98
221,b2055287b28edac3e1fa6789,M11,1,26.18,18.29
221,b2055287b28edac3e1fa6789,M12,1,38.21,24.62
221,b2055287b28edac3e1fa6789,M13,1,41.21,24.03
221,b2055287b28edac3e1fa6789,M14,1,38.54,20.46
221,b2055287b28edac3e1fa6789,M15,1,41.18,24.48
221,b2055287b28edac3e1fa6789,M16,1,70.9,51.76
221,b2055287b28edac3e1fa6789,M17,1,9.95,6.94
221,b2055287b28edac3e1fa6789,M18,1,14.33,9.46
221,b2055287b28edac3e1fa6789,M19,1,15.5,7.16
221,b2055287b28edac3e1fa6789,M20,1,16.69,9.5
221,b2055287b28edac3e1fa6789,M21,1,14.11,6.99
221,b2055287b28edac3e1fa6789,M22,1,37.84,15.84
221,b2055287b28edac3e1fa6789,M23,1,34.66,13.35
221,b2055287b28edac3e1fa6789,M24,1,37.86,16.5
221,b2055287b28edac3e1fa6789,M25,1,18.11,13.75
221,b2055287b28edac3e1fa6789,M26,1,16.42,12.54
221,b2055287b28edac3e1fa6789,M27,1,23.28,15.91
221,b2055287b28edac3e1fa6789,M28,1,21.47,13.91
221,b2055287b28edac3e1fa6789,M29,1,22.92,15.68
221,b2055287b28edac3e1fa6789,M30,1,15.26,9.58
222,6031d890eca7dc3190572968,M01,2,7.96,6.88
222,6031d890eca7dc3190572968,M02,2,10.59,9.32
222,6031d890eca7dc3190572968,M03,2,11.86,9.36
222,6031d890eca7dc3190572968,M04,2,10.75,8.58
222,6031d890eca7dc3190572968,M05,2,10.87,8.46
222,6031d890eca7dc3190572968,M06,2,14.61,11.66
222,6031d890eca7dc3190572968,M07,2,16.49,12.81
222,6031d890eca7dc3190572968,M08,2,20.82,16.97
222,6031d890eca7dc3190572968,M09,2,19.27,16.03
222,6031d890eca7dc3190572968,M10,2,22.41,18.71
222,6031d890eca7dc3190572968,M11,2,21.32,17.82
222,6031d890eca7dc3190572968,M12,2,30.21,24
222,6031d890eca7dc3190572968,M13,2,31.29,23.43
222,6031d890eca7dc3190572968,M14,2,27.83,20.18
222,6031d890eca7dc3190572968,M15,2,31.47,23.65
222,6031d890eca7dc3190572968,M16,2,60.2,51.18
222,6031d890eca7dc3190572968,M17,2,8.04,6.73
222,6031d890eca7dc3190572968,M18,2,11.22,9.21
222,6031d890eca7dc3190572968,M19,2,10.09,6.87
222,6031d890eca7dc3190572968,M20,2,12.22,9.15
222,6031d890eca7dc3190572968,M21,2,9.31,6.77
222,6031d890eca7dc3190572968,M22,2,23.81,15.22
222,6031d890eca7dc3190572968,M23,2,20.46,13.01
222,6031d890eca7dc3190572968,M24,2,24.33,15.92
222,6031d890eca7dc3190572968,M25,2,15.24,13.62
222,6031d890eca7dc3190572968,M26,2,14.01,12.34
222,6031d890eca7dc3190572968,M27,2,18.85,15.67
222,6031d890eca7dc3190572968,M28,2,16.89,13.69
222,6031d890eca7dc3190572968,M29,2,18.77,15.58
222,6031d890eca7dc3190572968,M30,2,11.9,9.38
223,a0b2ab35e6b6a3ad3cb8099a,M01,2,9.36,6.88
223,a0b2ab35e6b6a3ad3cb8099a,M02,2,11.93,9.32
223,a0b2ab35e6b6a3ad3cb8099a,M03,2,14.39,9.36
223,a0b2ab35e6b6a3ad3cb8099a,M04,2,13.22,8.58
223,a0b2ab35e6b6a3ad3cb8099a,M05,2,13.55,8.46
223,a0b2ab35e6b6a3ad3cb8099a,M06,2,17.28,11.66
223,a0b2ab35e6b6a3ad3cb8099a,M07,2,20.4,12.81
223,a0b2ab35e6b6a3ad3cb8099a,M08,2,24.41,16.97
223,a0b2ab35e6b6a3ad3cb8099a,M09,2,22.82,16.03
223,a0b2ab35e6b6a3ad3cb8099a,M10,2,25.94,18.71
223,a0b2ab35e6b6a3ad3cb8099a,M11,2,24.95,17.82
223,a0b2ab35e6b6a3ad3cb8099a,M12,2,36.41,24
223,a0b2ab35e6b6a3ad3cb8099a,M13,2,38.74,23.43
223,a0b2ab35e6b6a3ad3cb8099a,M14,2,35.97,20.18
223,a0b2ab35e6b6a3ad3cb8099a,M15,2,39.2,23.65
223,a0b2ab35e6b6a3ad3cb8099a,M16,2,68.24,51.18
223,a0b2ab35e6b6a3ad3cb8099a,M17,2,9.39,6.73
223,a0b2ab35e6b6a3ad3cb8099a,M18,2,13.48,9.21
223,a0b2ab35e6b6a3ad3cb8099a,M19,2,13.48,6.87
223,a0b2ab35e6b6a3ad3cb8099a,M20,2,15.05,9.15
223,a0b2ab35e6b6a3ad3cb8099a,M21,2,12.32,6.77
223,a0b2ab35e6b6a3ad3cb8099a,M22,2,32.82,15.22
223,a0b2ab35e6b6a3ad3cb8099a,M23,2,29.64,13.01
223,a0b2ab35e6b6a3ad3cb8099a,M24,2,33.25,15.92
223,a0b2ab35e6b6a3ad3cb8099a,M25,2,17.01,13.62
223,a0b2ab35e6b6a3ad3cb8099a,M26,2,15.63,12.34
223,a0b2ab35e6b6a3ad3cb8099a,M27,2,21.98,15.67
223,a0b2ab35e6b6a3ad3cb8099a,M28,2,20.28,13.69
223,a0b2ab35e6b6a3ad3cb8099a,M29,2,21.86,15.58
223,a0b2ab35e6b6a3ad3cb8099a,M30,2,14.45,9.38
225,493b94c3c8c4c9bf713f2445,M01,3,4.88,6.99
225,493b94c3c8c4c9bf713f2445,M02,3,6.39,9.41
225,493b94c3c8c4c9bf713f2445,M03,3,5.45,9.67
225,493b94c3c8c4c9bf713f2445,M04,3,5.2,8.99
225,493b94c3c8c4c9bf713f2445,M05,3,5.13,8.87
225,493b94c3c8c4c9bf713f2445,M06,3,6.95,12.11
225,493b94c3c8c4c9bf713f2445,M07,3,6.98,13.26
225,493b94c3c8c4c9bf713f2445,M08,3,9.12,17.66
225,493b94c3c8c4c9bf713f2445,M09,3,8.25,16.64
225,493b94c3c8c4c9bf713f2445,M10,3,10.7,19.22
225,493b94c3c8c4c9bf713f2445,M11,3,9.9,18.33
225,493b94c3c8c4c9bf713f2445,M12,3,11.12,24.98
225,493b94c3c8c4c9bf713f2445,M13,3,11.22,24.67
225,493b94c3c8c4c9bf713f2445,M14,3,8.79,20.81
225,493b94c3c8c4c9bf713f2445,M15,3,10.95,24.93
225,493b94c3c8c4c9bf713f2445,M16,3,21.44,52.34
225,493b94c3c8c4c9bf713f2445,M17,3,3.72,6.99
225,493b94c3c8c4c9bf713f2445,M18,3,5.61,9.6
225,493b94c3c8c4c9bf713f2445,M19,3,4.87,7.26
225,493b94c3c8c4c9bf713f2445,M20,3,6.12,9.575
225,493b94c3c8c4c9bf713f2445,M21,3,4.86,6.985
225,493b94c3c8c4c9bf713f2445,M22,3,9,16.03
225,493b94c3c8c4c9bf713f2445,M23,3,7.42,13.455
225,493b94c3c8c4c9bf713f2445,M24,3,8.92,16.74
225,493b94c3c8c4c9bf713f2445,M25,3,9.59,13.8
225,493b94c3c8c4c9bf713f2445,M26,3,7.89,12.58
225,493b94c3c8c4c9bf713f2445,M27,3,9.08,15.98
225,493b94c3c8c4c9bf713f2445,M28,3,7.64,14.22
225,493b94c3c8c4c9bf713f2445,M29,3,8.71,16.04
225,493b94c3c8c4c9bf713f2445,M30,3,5.45,9.75
226,ae5a55d12ebca06a5f8ce50c,M01,0,8.24,6.91
226,ae5a55d12ebca06a5f8ce50c,M02,0,10.87,9.32
226,ae5a55d12ebca06a5f8ce50c,M03,0,12.59,9.36
226,ae5a55d12ebca06a5f8ce50c,M04,0,11.57,8.59
226,ae5a55d12ebca06a5f8ce50c,M05,0,11.76,8.47
226,ae5a55d12ebca06a5f8ce50c,M06,0,15.34,11.77
226,ae5a55d12ebca06a5f8ce50c,M07,0,17.66,12.83
226,ae5a55d12ebca06a5f8ce50c,M08,0,21.85,17.14
226,ae5a55d12ebca06a5f8ce50c,M09,0,20.55,16.05
226,ae5a55d12ebca06a5f8ce50c,M10,0,23.32,18.74
226,ae5a55d12ebca06a5f8ce50c,M11,0,22.49,17.84
226,ae5a55d12ebca06a5f8ce50c,M12,0,32.13,24.05
226,ae5a55d12ebca06a5f8ce50c,M13,0,33.64,23.48
226,ae5a55d12ebca06a5f8ce50c,M14,0,30.45,20.22
226,ae5a55d12ebca06a5f8ce50c,M15,0,33.56,23.9
226,ae5a55d12ebca06a5f8ce50c,M16,0,62.71,51.31
226,ae5a55d12ebca06a5f8ce50c,M17,0,8.55,6.83
226,ae5a55d12ebca06a5f8ce50c,M18,0,12.07,9.32
226,ae5a55d12ebca06a5f8ce50c,M19,0,11.45,7.09
226,ae5a55d12ebca06a5f8ce50c,M20,0,13.26,9.53
226,ae5a55d12ebca06a5f8ce50c,M21,0,10.42,6.95
226,ae5a55d12ebca06a5f8ce50c,M22,0,27.12,15.84
226,ae5a55d12ebca06a5f8ce50c,M23,0,23.56,13.31
226,ae5a55d12ebca06a5f8ce50c,M24,0,27.52,16.53
226,ae5a55d12ebca06a5f8ce50c,M25,0,15.69,13.62
226,ae5a55d12ebca06a5f8ce50c,M26,0,14.43,12.385
226,ae5a55d12ebca06a5f8ce50c,M27,0,19.76,15.7
226,ae5a55d12ebca06a5f8ce50c,M28,0,17.94,13.765
226,ae5a55d12ebca06a5f8ce50c,M29,0,19.56,15.575
226,ae5a55d12ebca06a5f8ce50c,M30,0,12.63,9.385
227,d13130a6033e47d102f8fa76,M01,3,4.78,6.99
227,d13130a6033e47d102f8fa76,M02,3,6.68,9.41
227,d13130a6033e47d102f8fa76,M03,3,5.59,9.67
227,d13130a6033e47d102f8fa76,M04,3,5.37,8.99
227,d13130a6033e47d102f8fa76,M05,3,5.2,8.87
227,d13130a6033e47d102f8fa76,M06,3,7.17,12.11
227,d13130a6033e47d102f8fa76,M07,3,7.28,13.26
227,d13130a6033e47d102f8fa76,M08,3,10.17,17.66
227,d13130a6033e47d102f8fa76,M09,3,9.31,16.64
227,d13130a6033e47d102f8fa76,M10,3,11.66,19.22
227,d13130a6033e47d102f8fa76,M11,3,10.84,18.33
227,d13130a6033e47d102f8fa76,M12,3,12.98,24.98
227,d13130a6033e47d102f8fa76,M13,3,10.54,24.67
227,d13130a6033e47d102f8fa76,M14,3,7.82,20.81
227,d13130a6033e47d102f8fa76,M15,3,10.41,24.93
227,d13130a6033e47d102f8fa76,M16,3,18.47,52.34
227,d13130a6033e47d102f8fa76,M17,3,3.88,6.99
227,d13130a6033e47d102f8fa76,M18,3,5.77,9.6
227,d13130a6033e47d102f8fa76,M19,3,4.88,7.26
227,d13130a6033e47d102f8fa76,M20,3,6.37,9.575
227,d13130a6033e47d102f8fa76,M21,3,4.85,6.985
227,d13130a6033e47d102f8fa76,M22,3,8.42,16.03
227,d13130a6033e47d102f8fa76,M23,3,6.78,13.455
227,d13130a6033e47d102f8fa76,M24,3,8.35,16.74
227,d13130a6033e47d102f8fa76,M25,3,9.69,13.8
227,d13130a6033e47d102f8fa76,M26,3,8.38,12.58
227,d13130a6033e47d102f8fa76,M27,3,9.2,15.98
227,d13130a6033e47d102f8fa76,M28,3,7.38,14.22
227,d13130a6033e47d102f8fa76,M29,3,7.54,16.04
227,d13130a6033e47d102f8fa76,M30,3,5.8,9.75
228,526db5d548e812e0af002e85,M01,3,7.1,6.99
228,526db5d548e812e0af002e85,M02,3,9.32,9.41
228,526db5d548e812e0af002e85,M03,3,9.31,9.67
228,526db5d548e812e0af002e85,M04,3,8.59,8.99
228,526db5d548e812e0af002e85,M05,3,8.98,8.87
228,526db5d548e812e0af002e85,M06,3,11.87,12.11
228,526db5d548e812e0af002e85,M07,3,12.53,13.26
228,526db5d548e812e0af002e85,M08,3,16.79,17.66
228,526db5d548e812e0af002e85,M09,3,15.84,16.64
228,526db5d548e812e0af002e85,M10,3,18.56,19.22
228,526db5d548e812e0af002e85,M11,3,18.47,18.33
228,526db5d548e812e0af002e85,M12,3,23.29,24.98
228,526db5d548e812e0af002e85,M13,3,23.34,24.67
228,526db5d548e812e0af002e85,M14,3,19.7,20.81
228,526db5d548e812e0af002e85,M15,3,23.65,24.93
228,526db5d548e812e0af002e85,M16,3,50.53,52.34
228,526db5d548e812e0af002e85,M17,3,6.43,6.99
228,526db5d548e812e0af002e85,M18,3,8.79,9.6
228,526db5d548e812e0af002e85,M19,3,6.37,7.26
228,526db5d548e812e0af002e85,M20,3,8.06,9.575
228,526db5d548e812e0af002e85,M21,3,5.71,6.985
228,526db5d548e812e0af002e85,M22,3,12.32,16.03
228,526db5d548e812e0af002e85,M23,3,11.2,13.455
228,526db5d548e812e0af002e85,M24,3,11.91,16.74
228,526db5d548e812e0af002e85,M25,3,14.29,13.8
228,526db5d548e812e0af002e85,M26,3,12.99,12.58
228,526db5d548e812e0af002e85,M27,3,16.84,15.98
228,526db5d548e812e0af002e85,M28,3,14.77,14.22
228,526db5d548e812e0af002e85,M29,3,16.77,16.04
228,526db5d548e812e0af002e85,M30,3,10.35,9.75
229,3b65ef9d92c67daf73ca37e7,M01,4,9.03,6.845
229,3b65ef9d92c67daf73ca37e7,M02,4,11.64,9.175
229,3b65ef9d92c67daf73ca37e7,M03,4,14.06,9.25
229,3b65ef9d92c67daf73ca37e7,M04,4,13.19,8.44
229,3b65ef9d92c67daf73ca37e7,M05,4,13.41,8.46
229,3b65ef9d92c67daf73ca37e7,M06,4,16.94,11.555
229,3b65ef9d92c67daf73ca37e7,M07,4,19.97,12.545
229,3b65ef9d92c67daf73ca37e7,M08,4,23.96,16.89
229,3b65ef9d92c67daf73ca37e7,M09,4,22.78,15.81
229,3b65ef9d92c67daf73ca37e7,M10,4,25.41,18.53
229,3b65ef9d92c67daf73ca37e7,M11,4,24.67,17.615
229,3b65ef9d92c67daf73ca37e7,M12,4,35.78,23.555
229,3b65ef9d92c67daf73ca37e7,M13,4,38.13,23.13
229,3b65ef9d92c67daf73ca37e7,M14,4,35.4,19.65
229,3b65ef9d92c67daf73ca37e7,M15,4,38.27,23.315
229,3b65ef9d92c67daf73ca37e7,M16,4,67.58,50.515
229,3b65ef9d92c67daf73ca37e7,M17,4,9.34,6.655
229,3b65ef9d92c67daf73ca37e7,M18,4,13.43,9.155
229,3b65ef9d92c67daf73ca37e7,M19,4,13.56,6.985
229,3b65ef9d92c67daf73ca37e7,M20,4,15.03,9.35
229,3b65ef9d92c67daf73ca37e7,M21,4,12.44,6.77
229,3b65ef9d92c67daf73ca37e7,M22,4,32.88,15.23
229,3b65ef9d92c67daf73ca37e7,M23,4,29.4,13.01
229,3b65ef9d92c67daf73ca37e7,M24,4,33.41,15.92
229,3b65ef9d92c67daf73ca37e7,M25,4,16.69,13.5
229,3b65ef9d92c67daf73ca37e7,M26,4,15.39,12.19
229,3b65ef9d92c67daf73ca37e7,M27,4,21.61,15.28
229,3b65ef9d92c67daf73ca37e7,M28,4,19.95,13.34
229,3b65ef9d92c67daf73ca37e7,M29,4,21.35,15.58
229,3b65ef9d92c67daf73ca37e7,M30,4,14.14,9.25
230,3d7bd96ca15710fb424119d8,M01,2,8.61,6.88
230,3d7bd96ca15710fb424119d8,M02,2,12.52,9.32
230,3d7bd96ca15710fb424119d8,M03,2,15.13,9.36
230,3d7bd96ca15710fb424119d8,M04,2,14.3,8.58
230,3d7bd96ca15710fb424119d8,M05,2,14.62,8.46
230,3d7bd96ca15710fb424119d8,M06,2,18.29,11.66
230,3d7bd96ca15710fb424119d8,M07,2,21.5,12.81
230,3d7bd96ca15710fb424119d8,M08,2,25.44,16.97
230,3d7bd96ca15710fb424119d8,M09,2,24.31,16.03
230,3d7bd96ca15710fb424119d8,M10,2,26.98,18.71
230,3d7bd96ca15710fb424119d8,M11,2,26.47,17.82
230,3d7bd96ca15710fb424119d8,M12,2,38.1,24
230,3d7bd96ca15710fb424119d8,M13,2,41.59,23.43
230,3d7bd96ca15710fb424119d8,M14,2,39,20.18
230,3d7bd96ca15710fb424119d8,M15,2,41.74,23.65
230,3d7bd96ca15710fb424119d8,M16,2,71.33,51.18
230,3d7bd96ca15710fb424119d8,M17,2,10.04,6.73
230,3d7bd96ca15710fb424119d8,M18,2,14.5,9.21
230,3d7bd96ca15710fb424119d8,M19,2,15.77,6.87
230,3d7bd96ca15710fb424119d8,M20,2,16.63,9.15
230,3d7bd96ca15710fb424119d8,M21,2,14.34,6.77
230,3d7bd96ca15710fb424119d8,M22,2,38.25,15.22
230,3d7bd96ca15710fb424119d8,M23,2,35.15,13.01
230,3d7bd96ca15710fb424119d8,M24,2,38.45,15.92
230,3d7bd96ca15710fb424119d8,M25,2,18.32,13.62
230,3d7bd96ca15710fb424119d8,M26,2,16.58,12.34
230,3d7bd96ca15710fb424119d8,M27,2,23.53,15.67
230,3d7bd96ca15710fb424119d8,M28,2,21.68,13.69
230,3d7bd96ca15710fb424119d8,M29,2,23.32,15.58
230,3d7bd96ca15710fb424119d8,M30,2,15.49,9.38
231,dee02d0f4ba2425984cce9ae,M01,4,9.14,6.845
231,dee02d0f4ba2425984cce9ae,M02,4,11.79,9.175
231,dee02d0f4ba2425984cce9ae,M03,4,14.23,9.25
231,dee02d0f4ba2425984cce9ae,M04,4,13.19,8.44
231,dee02d0f4ba2425984cce9ae,M05,4,13.49,8.46
231,dee02d0f4ba2425984cce9ae,M06,4,17.07,11.555
231,dee02d0f4ba2425984cce9ae,M07,4,20.18,12.545
231,dee02d0f4ba2425984cce9ae,M08,4,24.19,16.89
231,dee02d0f4ba2425984cce9ae,M09,4,22.8,15.81
231,dee02d0f4ba2425984cce9ae,M10,4,25.68,18.53
231,dee02d0f4ba2425984cce9ae,M11,4,24.94,17.615
231,dee02d0f4ba2425984cce9ae,M12,4,36.1,23.555
231,dee02d0f4ba2425984cce9ae,M13,4,38.31,23.13
231,dee02d0f4ba2425984cce9ae,M14,4,35.62,19.65
231,dee02d0f4ba2425984cce9ae,M15,4,38.81,23.315
231,dee02d0f4ba2425984cce9ae,M16,4,67.79,50.515
231,dee02d0f4ba2425984cce9ae,M17,4,9.36,6.655
231,dee02d0f4ba2425984cce9ae,M18,4,13.46,9.155
231,dee02d0f4ba2425984cce9ae,M19,4,13.35,6.985
231,dee02d0f4ba2425984cce9ae,M25,4,16.8,13.5
231,dee02d0f4ba2425984cce9ae,M26,4,15.5,12.19
231,dee02d0f4ba2425984cce9ae,M27,4,21.43,15.28
231,dee02d0f4ba2425984cce9ae,M28,4,20.07,13.34
231,dee02d0f4ba2425984cce9ae,M29,4,21.62,15.58
231,dee02d0f4ba2425984cce9ae,M30,4,14.28,9.25
232,144e67efd6d586547a1449e2,M01,2,5.21,6.88
232,144e67efd6d586547a1449e2,M02,2,7.03,9.32
232,144e67efd6d586547a1449e2,M03,2,5.93,9.36
232,144e67efd6d586547a1449e2,M04,2,5.58,8.58
232,144e67efd6d586547a1449e2,M05,2,5.43,8.46
232,144e67efd6d586547a1449e2,M06,2,7.6,11.66
232,144e67efd6d586547a1449e2,M07,2,7.78,12.81
232,144e67efd6d586547a1449e2,M08,2,11.23,16.97
232,144e67efd6d586547a1449e2,M09,2,10.26,16.03
232,144e67efd6d586547a1449e2,M10,2,12.69,18.71
232,144e67efd6d586547a1449e2,M11,2,11.83,17.82
232,144e67efd6d586547a1449e2,M12,2,14.68,24
232,144e67efd6d586547a1449e2,M13,2,13.85,23.43
232,144e67efd6d586547a1449e2,M14,2,11.79,20.18
232,144e67efd6d586547a1449e2,M15,2,13.47,23.65
232,144e67efd6d586547a1449e2,M16,2,31.18,51.18
232,144e67efd6d586547a1449e2,M17,2,4.25,6.73
232,144e67efd6d586547a1449e2,M18,2,6.03,9.21
232,144e67efd6d586547a1449e2,M19,2,4.89,6.87
232,144e67efd6d586547a1449e2,M20,2,6.42,9.15
232,144e67efd6d586547a1449e2,M21,2,4.85,6.77
232,144e67efd6d586547a1449e2,M22,2,9.44,15.22
232,144e67efd6d586547a1449e2,M23,2,8.38,13.01
232,144e67efd6d586547a1449e2,M24,2,9.1,15.92
232,144e67efd6d586547a1449e2,M25,2,11.22,13.62
232,144e67efd6d586547a1449e2,M26,2,9.89,12.34
232,144e67efd6d586547a1449e2,M27,2,11.05,15.67
232,144e67efd6d586547a1449e2,M28,2,9.37,13.69
232,144e67efd6d586547a1449e2,M29,2,11.41,15.58
232,144e67efd6d586547a1449e2,M30,2,6.64,9.38
233,a047c7c3e85649e0405c3ba7,M01,1,6.88,6.95
233,a047c7c3e85649e0405c3ba7,M02,1,9.18,9.36
233,a047c7c3e85649e0405c3ba7,M03,1,9.17,9.52
233,a047c7c3e85649e0405c3ba7,M04,1,8.34,8.81
233,a047c7c3e85649e0405c3ba7,M05,1,8.26,8.8
233,a047c7c3e85649e0405c3ba7,M06,1,11.58,11.89
233,a047c7c3e85649e0405c3ba7,M07,1,12.45,13
233,a047c7c3e85649e0405c3ba7,M08,1,16.82,17.42
233,a047c7c3e85649e0405c3ba7,M09,1,15.64,16.18
233,a047c7c3e85649e0405c3ba7,M10,1,18.4,18.98
233,a047c7c3e85649e0405c3ba7,M11,1,17.52,18.29
233,a047c7c3e85649e0405c3ba7,M12,1,23.6,24.62
233,a047c7c3e85649e0405c3ba7,M13,1,23.17,24.03
233,a047c7c3e85649e0405c3ba7,M14,1,19.68,20.46
233,a047c7c3e85649e0405c3ba7,M15,1,23.14,24.48
233,a047c7c3e85649e0405c3ba7,M16,1,50.75,51.76
233,a047c7c3e85649e0405c3ba7,M17,1,6.54,6.94
233,a047c7c3e85649e0405c3ba7,M18,1,8.98,9.46
233,a047c7c3e85649e0405c3ba7,M19,1,6.29,7.16
233,a047c7c3e85649e0405c3ba7,M20,1,8.61,9.5
233,a047c7c3e85649e0405c3ba7,M21,1,6.02,6.99
233,a047c7c3e85649e0405c3ba7,M22,1,13.48,15.84
233,a047c7c3e85649e0405c3ba7,M23,1,11.63,13.35
233,a047c7c3e85649e0405c3ba7,M24,1,13.44,16.5
233,a047c7c3e85649e0405c3ba7,M25,1,13.5,13.75
233,a047c7c3e85649e0405c3ba7,M26,1,12.19,12.54
233,a047c7c3e85649e0405c3ba7,M27,1,15.28,15.91
233,a047c7c3e85649e0405c3ba7,M28,1,13.24,13.91
233,a047c7c3e85649e0405c3ba7,M29,1,15.04,15.68
233,a047c7c3e85649e0405c3ba7,M30,1,9.19,9.58
234,21eea0afa313d3769372de02,M01,4,9.97,6.845
234,21eea0afa313d3769372de02,M02,4,14.42,9.175
234,21eea0afa313d3769372de02,M03,4,17.03,9.25
234,21eea0afa313d3769372de02,M04,4,15.29,8.44
234,21eea0afa313d3769372de02,M05,4,15.62,8.46
234,21eea0afa313d3769372de02,M06,4,20.38,11.555
234,21eea0afa313d3769372de02,M07,4,23.17,12.545
234,21eea0afa313d3769372de02,M08,4,27.22,16.89
234,21eea0afa313d3769372de02,M09,4,25.81,15.81
234,21eea0afa313d3769372de02,M10,4,29.31,18.53
234,21eea0afa313d3769372de02,M11,4,27.83,17.615
234,21eea0afa313d3769372de02,M12,4,41.17,23.555
234,21eea0afa313d3769372de02,M13,4,44.31,23.13
234,21eea0afa313d3769372de02,M14,4,41.45,19.65
234,21eea0afa313d3769372de02,M15,4,44.94,23.315
234,21eea0afa313d3769372de02,M16,4,74.09,50.515
234,21eea0afa313d3769372de02,M17,4,10.68,6.655
234,21eea0afa313d3769372de02,M18,4,15.23,9.155
234,21eea0afa313d3769372de02,M19,4,16.69,6.985
234,21eea0afa313d3769372de02,M20,4,17.68,9.35
234,21eea0afa313d3769372de02,M21,4,15.45,6.77
234,21eea0afa313d3769372de02,M22,4,32.95,15.23
234,21eea0afa313d3769372de02,M23,4,38.55,13.01
234,21eea0afa313d3769372de02,M24,4,32.54,15.92
234,21eea0afa313d3769372de02,M25,4,16.59,13.5
234,21eea0afa313d3769372de02,M26,4,18.03,12.19
234,21eea0afa313d3769372de02,M27,4,25.9,15.28
234,21eea0afa313d3769372de02,M28,4,23.28,13.34
234,21eea0afa313d3769372de02,M29,4,26.1,15.58
234,21eea0afa313d3769372de02,M30,4,17.03,9.25
235,6ee9f7ce16b214affda797f4,M01,4,4.95,6.845
235,6ee9f7ce16b214affda797f4,M02,4,6.39,9.175
235,6ee9f7ce16b214affda797f4,M03,4,5.54,9.25
235,6ee9f7ce16b214affda797f4,M04,4,5.14,8.44
235,6ee9f7ce16b214affda797f4,M05,4,5.06,8.46
235,6ee9f7ce16b214affda797f4,M06,4,6.99,11.555
235,6ee9f7ce16b214affda797f4,M07,4,7.03,12.545
235,6ee9f7ce16b214affda797f4,M08,4,8.79,16.89
235,6ee9f7ce16b214affda797f4,M09,4,7.18,15.81
235,6ee9f7ce16b214affda797f4,M10,4,10.56,18.53
235,6ee9f7ce16b214affda797f4,M11,4,9.35,17.615
235,6ee9f7ce16b214affda797f4,M12,4,10.39,23.555
235,6ee9f7ce16b214affda797f4,M13,4,10.76,23.13
235,6ee9f7ce16b214affda797f4,M14,4,7.99,19.65
235,6ee9f7ce16b214affda797f4,M15,4,10.97,23.315
235,6ee9f7ce16b214affda797f4,M16,4,18.18,50.515
235,6ee9f7ce16b214affda797f4,M17,4,3.36,6.655
235,6ee9f7ce16b214affda797f4,M18,4,5.57,9.155
235,6ee9f7ce16b214affda797f4,M19,4,4.77,6.985
235,6ee9f7ce16b214affda797f4,M20,4,5.84,9.35
235,6ee9f7ce16b214affda797f4,M21,4,4.73,6.77
235,6ee9f7ce16b214affda797f4,M22,4,8.55,15.23
235,6ee9f7ce16b214affda797f4,M23,4,6.98,13.01
235,6ee9f7ce16b214affda797f4,M24,4,8.46,15.92
235,6ee9f7ce16b214affda797f4,M25,4,9.5,13.5
235,6ee9f7ce16b214affda797f4,M26,4,7.6,12.19
235,6ee9f7ce16b214affda797f4,M27,4,9.07,15.28
235,6ee9f7ce16b214affda797f4,M28,4,7.52,13.34
235,6ee9f7ce16b214affda797f4,M29,4,8.9,15.58
235,6ee9f7ce16b214affda797f4,M30,4,5.55,9.25
236,ecce04dcbcf0122880ef1bc4,M01,4,8.15,6.845
236,ecce04dcbcf0122880ef1bc4,M02,4,10.79,9.175
236,ecce04dcbcf0122880ef1bc4,M03,4,12.39,9.25
236,ecce04dcbcf0122880ef1bc4,M04,4,11.54,8.44
236,ecce04dcbcf0122880ef1bc4,M05,4,11.73,8.46
236,ecce04dcbcf0122880ef1bc4,M06,4,15.22,11.555
236,ecce04dcbcf0122880ef1bc4,M07,4,17.36,12.545
236,ecce04dcbcf0122880ef1bc4,M08,4,21.62,16.89
236,ecce04dcbcf0122880ef1bc4,M09,4,20.46,15.81
236,ecce04dcbcf0122880ef1bc4,M10,4,23.13,18.53
236,ecce04dcbcf0122880ef1bc4,M11,4,22.41,17.615
236,ecce04dcbcf0122880ef1bc4,M12,4,31.7,23.555
236,ecce04dcbcf0122880ef1bc4,M13,4,33.31,23.13
236,ecce04dcbcf0122880ef1bc4,M14,4,30.22,19.65
236,ecce04dcbcf0122880ef1bc4,M15,4,33.32,23.315
236,ecce04dcbcf0122880ef1bc4,M16,4,62.4,50.515
236,ecce04dcbcf0122880ef1bc4,M17,4,8.51,6.655
236,ecce04dcbcf0122880ef1bc4,M18,4,11.92,9.155
236,ecce04dcbcf0122880ef1bc4,M19,4,10.66,6.985
236,ecce04dcbcf0122880ef1bc4,M20,4,12.6,9.35
236,ecce04dcbcf0122880ef1bc4,M21,4,9.88,6.77
236,ecce04dcbcf0122880ef1bc4,M22,4,24.98,15.23
236,ecce04dcbcf0122880ef1bc4,M23,4,21.53,13.01
236,ecce04dcbcf0122880ef1bc4,M24,4,25.58,15.92
236,ecce04dcbcf0122880ef1bc4,M25,4,15.57,13.5
236,ecce04dcbcf0122880ef1bc4,M26,4,14.34,12.19
236,ecce04dcbcf0122880ef1bc4,M27,4,19.59,15.28
236,ecce04dcbcf0122880ef1bc4,M28,4,17.82,13.34
236,ecce04dcbcf0122880ef1bc4,M29,4,19.41,15.58
236,ecce04dcbcf0122880ef1bc4,M30,4,12.45,9.25
237,fae1b0a30d608d7f0a01c6ee,M01,0,7.34,6.91
237,fae1b0a30d608d7f0a01c6ee,M02,0,10.1,9.32
237,fae1b0a30d608d7f0a01c6ee,M03,0,11.19,9.36
237,fae1b0a30d608d7f0a01c6ee,M04,0,10.32,8.59
237,fae1b0a30d608d7f0a01c6ee,M05,0,10.26,8.47
237,fae1b0a30d608d7f0a01c6ee,M06,0,13.89,11.77
237,fae1b0a30d608d7f0a01c6ee,M07,0,15.11,12.83
237,fae1b0a30d608d7f0a01c6ee,M08,0,19.86,17.14
237,fae1b0a30d608d7f0a01c6ee,M09,0,18.7,16.05
237,fae1b0a30d608d7f0a01c6ee,M10,0,21.22,18.74
237,fae1b0a30d608d7f0a01c6ee,M11,0,20.47,17.84
237,fae1b0a30d608d7f0a01c6ee,M12,0,28.47,24.05
237,fae1b0a30d608d7f0a01c6ee,M13,0,28.16,23.48
237,fae1b0a30d608d7f0a01c6ee,M14,0,25.05,20.22
237,fae1b0a30d608d7f0a01c6ee,M15,0,28.89,23.9
237,fae1b0a30d608d7f0a01c6ee,M16,0,56.78,51.31
237,fae1b0a30d608d7f0a01c6ee,M17,0,8.16,6.83
237,fae1b0a30d608d7f0a01c6ee,M18,0,10.71,9.32
237,fae1b0a30d608d7f0a01c6ee,M19,0,8.96,7.09
237,fae1b0a30d608d7f0a01c6ee,M20,0,11.38,9.53
237,fae1b0a30d608d7f0a01c6ee,M21,0,8.75,6.95
237,fae1b0a30d608d7f0a01c6ee,M22,0,20.94,15.84
237,fae1b0a30d608d7f0a01c6ee,M23,0,18.11,13.31
237,fae1b0a30d608d7f0a01c6ee,M24,0,21.6,16.53
237,fae1b0a30d608d7f0a01c6ee,M25,0,14.19,13.62
237,fae1b0a30d608d7f0a01c6ee,M26,0,13.04,12.385
237,fae1b0a30d608d7f0a01c6ee,M27,0,16.82,15.7
237,fae1b0a30d608d7f0a01c6ee,M28,0,15.05,13.765
237,fae1b0a30d608d7f0a01c6ee,M29,0,16.92,15.575
237,fae1b0a30d608d7f0a01c6ee,M30,0,10.37,9.385
238,4a69088acec0c142b3de9690,M01,3,5.06,6.99
238,4a69088acec0c142b3de9690,M02,3,6.77,9.41
238,4a69088acec0c142b3de9690,M03,3,5.71,9.67
238,4a69088acec0c142b3de9690,M04,3,5.41,8.99
238,4a69088acec0c142b3de9690,M05,3,5.34,8.87
238,4a69088acec0c142b3de9690,M06,3,7.31,12.11
238,4a69088acec0c142b3de9690,M07,3,7.41,13.26
238,4a69088acec0c142b3de9690,M08,3,10.31,17.66
238,4a69088acec0c142b3de9690,M09,3,9.36,16.64
238,4a69088acec0c142b3de9690,M10,3,11.84,19.22
238,4a69088acec0c142b3de9690,M11,3,10.96,18.33
238,4a69088acec0c142b3de9690,M12,3,13.2,24.98
238,4a69088acec0c142b3de9690,M13,3,12.72,24.67
238,4a69088acec0c142b3de9690,M14,3,10.74,20.81
238,4a69088acec0c142b3de9690,M15,3,12.66,24.93
238,4a69088acec0c142b3de9690,M16,3,27.18,52.34
238,4a69088acec0c142b3de9690,M17,3,3.77,6.99
238,4a69088acec0c142b3de9690,M18,3,5.68,9.6
238,4a69088acec0c142b3de9690,M19,3,4.93,7.26
238,4a69088acec0c142b3de9690,M20,3,6.45,9.575
238,4a69088acec0c142b3de9690,M21,3,4.89,6.985
238,4a69088acec0c142b3de9690,M22,3,9.53,16.03
238,4a69088acec0c142b3de9690,M23,3,8.49,13.455
238,4a69088acec0c142b3de9690,M24,3,9.21,16.74
238,4a69088acec0c142b3de9690,M25,3,13.35,13.8
238,4a69088acec0c142b3de9690,M26,3,11.93,12.58
238,4a69088acec0c142b3de9690,M27,3,14.73,15.98
238,4a69088acec0c142b3de9690,M28,3,12.68,14.22
238,4a69088acec0c142b3de9690,M29,3,14.54,16.04
238,4a69088acec0c142b3de9690,M30,3,8.87,9.75
239,f8ac8d48882ea0feea3861c4,M01,1,6.72,6.95
239,f8ac8d48882ea0feea3861c4,M02,1,9.4,9.36
239,f8ac8d48882ea0feea3861c4,M03,1,9.69,9.52
239,f8ac8d48882ea0feea3861c4,M04,1,9.13,8.81
239,f8ac8d48882ea0feea3861c4,M05,1,8.87,8.8
239,f8ac8d48882ea0feea3861c4,M06,1,11.53,11.89
239,f8ac8d48882ea0feea3861c4,M07,1,13.31,13
239,f8ac8d48882ea0feea3861c4,M08,1,17.73,17.42
239,f8ac8d48882ea0feea3861c4,M09,1,16.92,16.18
239,f8ac8d48882ea0feea3861c4,M10,1,19.27,18.98
239,f8ac8d48882ea0feea3861c4,M11,1,18.44,18.29
239,f8ac8d48882ea0feea3861c4,M12,1,25.3,24.62
239,f8ac8d48882ea0feea3861c4,M13,1,26.39,24.03
239,f8ac8d48882ea0feea3861c4,M14,1,20.65,20.46
239,f8ac8d48882ea0feea3861c4,M15,1,25.07,24.48
239,f8ac8d48882ea0feea3861c4,M16,1,51.57,51.76
239,f8ac8d48882ea0feea3861c4,M17,1,7.06,6.94
239,f8ac8d48882ea0feea3861c4,M18,1,9.77,9.46
239,f8ac8d48882ea0feea3861c4,M19,1,7.55,7.16
239,f8ac8d48882ea0feea3861c4,M20,1,10.81,9.5
239,f8ac8d48882ea0feea3861c4,M21,1,7.9,6.99
239,f8ac8d48882ea0feea3861c4,M22,1,18.78,15.84
239,f8ac8d48882ea0feea3861c4,M23,1,14.97,13.35
239,f8ac8d48882ea0feea3861c4,M24,1,23.71,16.5
239,f8ac8d48882ea0feea3861c4,M25,1,13.27,13.75
239,f8ac8d48882ea0feea3861c4,M26,1,12.15,12.54
239,f8ac8d48882ea0feea3861c4,M27,1,15.06,15.91
239,f8ac8d48882ea0feea3861c4,M28,1,13.34,13.91
239,f8ac8d48882ea0feea3861c4,M29,1,15.6,15.68
239,f8ac8d48882ea0feea3861c4,M30,1,9.2,9.58
240,4fc34b6859ebf93e0c16c141,M01,4,5.63,6.845
240,4fc34b6859ebf93e0c16c141,M02,4,7.14,9.175
240,4fc34b6859ebf93e0c16c141,M03,4,6.03,9.25
240,4fc34b6859ebf93e0c16c141,M04,4,5.66,8.44
240,4fc34b6859ebf93e0c16c141,M05,4,5.54,8.46
240,4fc34b6859ebf93e0c16c141,M06,4,7.71,11.555
240,4fc34b6859ebf93e0c16c141,M07,4,7.94,12.545
240,4fc34b6859ebf93e0c16c141,M08,4,11.57,16.89
240,4fc34b6859ebf93e0c16c141,M09,4,10.66,15.81
240,4fc34b6859ebf93e0c16c141,M10,4,13,18.53
240,4fc34b6859ebf93e0c16c141,M11,4,12.27,17.615
240,4fc34b6859ebf93e0c16c141,M12,4,15.34,23.555
240,4fc34b6859ebf93e0c16c141,M13,4,14.58,23.13
240,4fc34b6859ebf93e0c16c141,M14,4,12.37,19.65
240,4fc34b6859ebf93e0c16c141,M15,4,14.19,23.315
240,4fc34b6859ebf93e0c16c141,M16,4,32.85,50.515
240,4fc34b6859ebf93e0c16c141,M17,4,4.4,6.655
240,4fc34b6859ebf93e0c16c141,M18,4,6.14,9.155
240,4fc34b6859ebf93e0c16c141,M19,4,4.95,6.985
240,4fc34b6859ebf93e0c16c141,M20,4,6.64,9.35
240,4fc34b6859ebf93e0c16c141,M21,4,4.89,6.77
240,4fc34b6859ebf93e0c16c141,M22,4,10.97,15.23
240,4fc34b6859ebf93e0c16c141,M23,4,9.17,13.01
240,4fc34b6859ebf93e0c16c141,M24,4,11.12,15.92
240,4fc34b6859ebf93e0c16c141,M25,4,11.97,13.5
240,4fc34b6859ebf93e0c16c141,M26,4,10.66,12.19
240,4fc34b6859ebf93e0c16c141,M27,4,11.4,15.28
240,4fc34b6859ebf93e0c16c141,M28,4,9.89,13.34
240,4fc34b6859ebf93e0c16c141,M29,4,11.67,15.58
240,4fc34b6859ebf93e0c16c141,M30,4,7.1,9.25
241,18623281fc9dce7d70af43e9,M01,3,6.39,6.99
241,18623281fc9dce7d70af43e9,M02,3,8.52,9.41
241,18623281fc9dce7d70af43e9,M03,3,7.87,9.67
241,18623281fc9dce7d70af43e9,M04,3,7.08,8.99
241,18623281fc9dce7d70af43e9,M05,3,6.81,8.87
241,18623281fc9dce7d70af43e9,M06,3,9.94,12.11
241,18623281fc9dce7d70af43e9,M07,3,10.63,13.26
241,18623281fc9dce7d70af43e9,M08,3,14.79,17.66
241,18623281fc9dce7d70af43e9,M09,3,13.45,16.64
241,18623281fc9dce7d70af43e9,M10,3,16.37,19.22
241,18623281fc9dce7d70af43e9,M11,3,15.01,18.33
241,18623281fc9dce7d70af43e9,M12,3,20.29,24.98
241,18623281fc9dce7d70af43e9,M13,3,18.35,24.67
241,18623281fc9dce7d70af43e9,M14,3,15.14,20.81
241,18623281fc9dce7d70af43e9,M15,3,19.01,24.93
241,18623281fc9dce7d70af43e9,M16,3,41.75,52.34
241,18623281fc9dce7d70af43e9,M17,3,6.14,6.99
241,18623281fc9dce7d70af43e9,M18,3,8.33,9.6
241,18623281fc9dce7d70af43e9,M19,3,6.87,7.26
241,18623281fc9dce7d70af43e9,M20,3,9.06,9.575
241,18623281fc9dce7d70af43e9,M21,3,6.45,6.985
241,18623281fc9dce7d70af43e9,M22,3,14.51,16.03
241,18623281fc9dce7d70af43e9,M23,3,12.13,13.455
241,18623281fc9dce7d70af43e9,M24,3,14.74,16.74
241,18623281fc9dce7d70af43e9,M25,3,11.57,13.8
241,18623281fc9dce7d70af43e9,M26,3,10.56,12.58
241,18623281fc9dce7d70af43e9,M27,3,11.63,15.98
241,18623281fc9dce7d70af43e9,M28,3,10.73,14.22
241,18623281fc9dce7d70af43e9,M29,3,12.74,16.04
241,18623281fc9dce7d70af43e9,M30,3,7.17,9.75
242,9e0901bcee50a2c1f9527fb0,M01,2,7.3,6.88
242,9e0901bcee50a2c1f9527fb0,M02,2,9.81,9.32
242,9e0901bcee50a2c1f9527fb0,M03,2,10.47,9.36
242,9e0901bcee50a2c1f9527fb0,M04,2,9.56,8.58
242,9e0901bcee50a2c1f9527fb0,M05,2,9.58,8.46
242,9e0901bcee50a2c1f9527fb0,M06,2,13.01,11.66
242,9e0901bcee50a2c1f9527fb0,M07,2,14.5,12.81
242,9e0901bcee50a2c1f9527fb0,M08,2,18.92,16.97
242,9e0901bcee50a2c1f9527fb0,M09,2,17.66,16.03
242,9e0901bcee50a2c1f9527fb0,M10,2,20.36,18.71
242,9e0901bcee50a2c1f9527fb0,M11,2,19.37,17.82
242,9e0901bcee50a2c1f9527fb0,M12,2,27.27,24
242,9e0901bcee50a2c1f9527fb0,M13,2,27.49,23.43
242,9e0901bcee50a2c1f9527fb0,M14,2,24.29,20.18
242,9e0901bcee50a2c1f9527fb0,M15,2,27.4,23.65
242,9e0901bcee50a2c1f9527fb0,M16,2,56.08,51.18
242,9e0901bcee50a2c1f9527fb0,M17,2,7.31,6.73
242,9e0901bcee50a2c1f9527fb0,M18,2,10.14,9.21
242,9e0901bcee50a2c1f9527fb0,M19,2,7.44,6.87
242,9e0901bcee50a2c1f9527fb0,M20,2,9.81,9.15
242,9e0901bcee50a2c1f9527fb0,M21,2,6.95,6.77
242,9e0901bcee50a2c1f9527fb0,M22,2,16.46,15.22
242,9e0901bcee50a2c1f9527fb0,M23,2,14.08,13.01
242,9e0901bcee50a2c1f9527fb0,M24,2,16.61,15.92
242,9e0901bcee50a2c1f9527fb0,M25,2,14.29,13.62
242,9e0901bcee50a2c1f9527fb0,M26,2,13.08,12.34
242,9e0901bcee50a2c1f9527fb0,M27,2,17.02,15.67
242,9e0901bcee50a2c1f9527fb0,M28,2,15.2,13.69
242,9e0901bcee50a2c1f9527fb0,M29,2,16.75,15.58
242,9e0901bcee50a2c1f9527fb0,M30,2,10.52,9.38
243,25ddcfd00b9d06444330609f,M01,3,6.95,6.99
243,25ddcfd00b9d06444330609f,M02,3,9.48,9.41
243,25ddcfd00b9d06444330609f,M03,3,9.78,9.67
243,25ddcfd00b9d06444330609f,M04,3,8.86,8.99
243,25ddcfd00b9d06444330609f,M05,3,8.47,8.87
243,25ddcfd00b9d06444330609f,M06,3,12.04,12.11
243,25ddcfd00b9d06444330609f,M07,3,13.42,13.26
243,25ddcfd00b9d06444330609f,M08,3,17.83,17.66
243,25ddcfd00b9d06444330609f,M09,3,16.53,16.64
243,25ddcfd00b9d06444330609f,M10,3,19.37,19.22
243,25ddcfd00b9d06444330609f,M11,3,17.85,18.33
243,25ddcfd00b9d06444330609f,M12,3,25.37,24.98
243,25ddcfd00b9d06444330609f,M13,3,24.76,24.67
243,25ddcfd00b9d06444330609f,M14,3,21.46,20.81
243,25ddcfd00b9d06444330609f,M15,3,25.1,24.93
243,25ddcfd00b9d06444330609f,M16,3,52.9,52.34
243,25ddcfd00b9d06444330609f,M17,3,7.24,6.99
243,25ddcfd00b9d06444330609f,M18,3,10.05,9.6
243,25ddcfd00b9d06444330609f,M19,3,7.09,7.26
243,25ddcfd00b9d06444330609f,M20,3,10.39,9.575
243,25ddcfd00b9d06444330609f,M21,3,7.6,6.985
243,25ddcfd00b9d06444330609f,M22,3,18.28,16.03
243,25ddcfd00b9d06444330609f,M23,3,15.58,13.455
243,25ddcfd00b9d06444330609f,M24,3,18.62,16.74
243,25ddcfd00b9d06444330609f,M25,3,12.89,13.8
243,25ddcfd00b9d06444330609f,M26,3,11.69,12.58
243,25ddcfd00b9d06444330609f,M27,3,14.2,15.98
243,25ddcfd00b9d06444330609f,M28,3,12.37,14.22
243,25ddcfd00b9d06444330609f,M29,3,14.45,16.04
243,25ddcfd00b9d06444330609f,M30,3,8.54,9.75
244,670b4048ec51c7fd50fc617b,M01,2,7.83,6.88
244,670b4048ec51c7fd50fc617b,M02,2,10.41,9.32
244,670b4048ec51c7fd50fc617b,M03,2,11.55,9.36
244,670b4048ec51c7fd50fc617b,M04,2,10.69,8.58
244,670b4048ec51c7fd50fc617b,M05,2,10.85,8.46
244,670b4048ec51c7fd50fc617b,M06,2,14.27,11.66
244,670b4048ec51c7fd50fc617b,M07,2,16.06,12.81
244,670b4048ec51c7fd50fc617b,M08,2,20.42,16.97
244,670b4048ec51c7fd50fc617b,M09,2,19.2,16.03
244,670b4048ec51c7fd50fc617b,M10,2,21.97,18.71
244,670b4048ec51c7fd50fc617b,M11,2,21.2,17.82
244,670b4048ec51c7fd50fc617b,M12,2,29.59,24
244,670b4048ec51c7fd50fc617b,M13,2,30.56,23.43
244,670b4048ec51c7fd50fc617b,M14,2,27.22,20.18
244,670b4048ec51c7fd50fc617b,M15,2,30.76,23.65
244,670b4048ec51c7fd50fc617b,M16,2,59.36,51.18
244,670b4048ec51c7fd50fc617b,M17,2,8.04,6.73
244,670b4048ec51c7fd50fc617b,M18,2,11.17,9.21
244,670b4048ec51c7fd50fc617b,M19,2,9.66,6.87
244,670b4048ec51c7fd50fc617b,M20,2,11.82,9.15
244,670b4048ec51c7fd50fc617b,M21,2,9,6.77
244,670b4048ec51c7fd50fc617b,M22,2,22.5,15.22
244,670b4048ec51c7fd50fc617b,M23,2,19.22,13.01
244,670b4048ec51c7fd50fc617b,M24,2,23.03,15.92
244,670b4048ec51c7fd50fc617b,M25,2,15.04,13.62
244,670b4048ec51c7fd50fc617b,M26,2,13.82,12.34
244,670b4048ec51c7fd50fc617b,M27,2,18.48,15.67
244,670b4048ec51c7fd50fc617b,M28,2,16.59,13.69
244,670b4048ec51c7fd50fc617b,M29,2,18.38,15.58
244,670b4048ec51c7fd50fc617b,M30,2,11.61,9.38
245,1a63c784a90e7a00bbc469c8,M01,1,7.44,6.95
245,1a63c784a90e7a00bbc469c8,M02,1,9.96,9.36
245,1a63c784a90e7a00bbc469c8,M03,1,10.84,9.52
245,1a63c784a90e7a00bbc469c8,M04,1,10.48,8.81
245,1a63c784a90e7a00bbc469c8,M05,1,10.57,8.8
245,1a63c784a90e7a00bbc469c8,M06,1,13.48,11.89
245,1a63c784a90e7a00bbc469c8,M07,1,15.07,13
245,1a63c784a90e7a00bbc469c8,M08,1,19.44,17.42
245,1a63c784a90e7a00bbc469c8,M09,1,19.03,16.18
245,1a63c784a90e7a00bbc469c8,M10,1,20.89,18.98
245,1a63c784a90e7a00bbc469c8,M11,1,20.83,18.29
245,1a63c784a90e7a00bbc469c8,M12,1,28.18,24.62
245,1a63c784a90e7a00bbc469c8,M13,1,29.01,24.03
245,1a63c784a90e7a00bbc469c8,M14,1,26.38,20.46
245,1a63c784a90e7a00bbc469c8,M15,1,29.61,24.48
245,1a63c784a90e7a00bbc469c8,M16,1,57.74,51.76
245,1a63c784a90e7a00bbc469c8,M17,1,7.76,6.94
245,1a63c784a90e7a00bbc469c8,M18,1,10.91,9.46
245,1a63c784a90e7a00bbc469c8,M19,1,8.29,7.16
245,1a63c784a90e7a00bbc469c8,M20,1,10.03,9.5
245,1a63c784a90e7a00bbc469c8,M21,1,7.75,6.99
245,1a63c784a90e7a00bbc469c8,M22,1,17.56,15.84
245,1a63c784a90e7a00bbc469c8,M23,1,17.05,13.35
245,1a63c784a90e7a00bbc469c8,M24,1,17.82,16.5
245,1a63c784a90e7a00bbc469c8,M25,1,16.26,13.75
245,1a63c784a90e7a00bbc469c8,M26,1,15.03,12.54
245,1a63c784a90e7a00bbc469c8,M27,1,20.99,15.91
245,1a63c784a90e7a00bbc469c8,M28,1,19.15,13.91
245,1a63c784a90e7a00bbc469c8,M29,1,20.01,15.68
245,1a63c784a90e7a00bbc469c8,M30,1,13.15,9.58
246,dde8b904e95cd1e872f4f7db,M01,2,7.92,6.88
246,dde8b904e95cd1e872f4f7db,M02,2,10.6,9.32
246,dde8b904e95cd1e872f4f7db,M03,2,11.95,9.36
246,dde8b904e95cd1e872f4f7db,M04,2,11.04,8.58
246,dde8b904e95cd1e872f4f7db,M05,2,11.18,8.46
246,dde8b904e95cd1e872f4f7db,M06,2,14.58,11.66
246,dde8b904e95cd1e872f4f7db,M07,2,16.66,12.81
246,dde8b904e95cd1e872f4f7db,M08,2,20.99,16.97
246,dde8b904e95cd1e872f4f7db,M09,2,19.74,16.03
246,dde8b904e95cd1e872f4f7db,M10,2,22.51,18.71
246,dde8b904e95cd1e872f4f7db,M11,2,21.69,17.82
246,dde8b904e95cd1e872f4f7db,M12,2,30.57,24
246,dde8b904e95cd1e872f4f7db,M13,2,31.36,23.43
246,dde8b904e95cd1e872f4f7db,M14,2,28.08,20.18
246,dde8b904e95cd1e872f4f7db,M15,2,31.9,23.65
246,dde8b904e95cd1e872f4f7db,M16,2,60.24,51.18
246,dde8b904e95cd1e872f4f7db,M17,2,8.21,6.73
246,dde8b904e95cd1e872f4f7db,M18,2,11.51,9.21
246,dde8b904e95cd1e872f4f7db,M19,2,9.83,6.87
246,dde8b904e95cd1e872f4f7db,M20,2,11.83,9.15
246,dde8b904e95cd1e872f4f7db,M21,2,9.15,6.77
246,dde8b904e95cd1e872f4f7db,M22,2,22.51,15.22
246,dde8b904e95cd1e872f4f7db,M23,2,19.31,13.01
246,dde8b904e95cd1e872f4f7db,M24,2,23.22,15.92
246,dde8b904e95cd1e872f4f7db,M25,2,15.2,13.62
246,dde8b904e95cd1e872f4f7db,M26,2,13.96,12.34
246,dde8b904e95cd1e872f4f7db,M27,2,18.8,15.67
246,dde8b904e95cd1e872f4f7db,M28,2,16.98,13.69
246,dde8b904e95cd1e872f4f7db,M29,2,18.85,15.58
246,dde8b904e95cd1e872f4f7db,M30,2,11.99,9.38
247,b8b3ad07e5e1039df48e43e6,M01,2,4.35,6.88
247,b8b3ad07e5e1039df48e43e6,M02,2,5.23,9.32
247,b8b3ad07e5e1039df48e43e6,M03,2,4.82,9.36
247,b8b3ad07e5e1039df48e43e6,M04,2,4.63,8.58
247,b8b3ad07e5e1039df48e43e6,M05,2,4.38,8.46
247,b8b3ad07e5e1039df48e43e6,M06,2,6.22,11.66
247,b8b3ad07e5e1039df48e43e6,M07,2,5.83,12.81
247,b8b3ad07e5e1039df48e43e6,M08,2,6.91,16.97
247,b8b3ad07e5e1039df48e43e6,M09,2,6.1,16.03
247,b8b3ad07e5e1039df48e43e6,M10,2,8.28,18.71
247,b8b3ad07e5e1039df48e43e6,M11,2,7.02,17.82
247,b8b3ad07e5e1039df48e43e6,M12,2,7.22,24
247,b8b3ad07e5e1039df48e43e6,M13,2,8.69,23.43
247,b8b3ad07e5e1039df48e43e6,M14,2,6.18,20.18
247,b8b3ad07e5e1039df48e43e6,M15,2,8.8,23.65
247,b8b3ad07e5e1039df48e43e6,M16,2,13.83,51.18
247,b8b3ad07e5e1039df48e43e6,M17,2,2.83,6.73
247,b8b3ad07e5e1039df48e43e6,M18,2,5.15,9.21
247,b8b3ad07e5e1039df48e43e6,M19,2,4.4,6.87
247,b8b3ad07e5e1039df48e43e6,M20,2,5.05,9.15
247,b8b3ad07e5e1039df48e43e6,M21,2,4.39,6.77
247,b8b3ad07e5e1039df48e43e6,M22,2,6.9,15.22
247,b8b3ad07e5e1039df48e43e6,M23,2,5.29,13.01
247,b8b3ad07e5e1039df48e43e6,M24,2,6.87,15.92
247,b8b3ad07e5e1039df48e43e6,M25,2,12.31,13.62
247,b8b3ad07e5e1039df48e43e6,M26,2,10.73,12.34
247,b8b3ad07e5e1039df48e43e6,M27,2,12.71,15.67
247,b8b3ad07e5e1039df48e43e6,M28,2,10.52,13.69
247,b8b3ad07e5e1039df48e43e6,M29,2,13.1,15.58
247,b8b3ad07e5e1039df48e43e6,M30,2,7.71,9.38
248,5a933e414c446e00b391d67e,M01,4,7.89,6.845
248,5a933e414c446e00b391d67e,M02,4,10.57,9.175
248,5a933e414c446e00b391d67e,M03,4,12,9.25
248,5a933e414c446e00b391d67e,M04,4,11.16,8.44
248,5a933e414c446e00b391d67e,M05,4,11.33,8.46
248,5a933e414c446e00b391d67e,M06,4,14.67,11.555
248,5a933e414c446e00b391d67e,M07,4,16.8,12.545
248,5a933e414c446e00b391d67e,M08,4,21.09,16.89
248,5a933e414c446e00b391d67e,M09,4,19.93,15.81
248,5a933e414c446e00b391d67e,M10,4,22.57,18.53
248,5a933e414c446e00b391d67e,M11,4,21.84,17.615
248,5a933e414c446e00b391d67e,M12,4,30.86,23.555
248,5a933e414c446e00b391d67e,M13,4,31.99,23.13
248,5a933e414c446e00b391d67e,M14,4,28.92,19.65
248,5a933e414c446e00b391d67e,M15,4,32.18,23.315
248,5a933e414c446e00b391d67e,M16,4,60.96,50.515
248,5a933e414c446e00b391d67e,M17,4,8.28,6.655
248,5a933e414c446e00b391d67e,M18,4,11.6,9.155
248,5a933e414c446e00b391d67e,M19,4,10.65,6.985
248,5a933e414c446e00b391d67e,M20,4,12.77,9.35
248,5a933e414c446e00b391d67e,M21,4,10.01,6.77
248,5a933e414c446e00b391d67e,M22,4,25.58,15.23
248,5a933e414c446e00b391d67e,M23,4,22.38,13.01
248,5a933e414c446e00b391d67e,M24,4,25.99,15.92
248,5a933e414c446e00b391d67e,M25,4,15.22,13.5
248,5a933e414c446e00b391d67e,M26,4,14.07,12.19
248,5a933e414c446e00b391d67e,M27,4,18.97,15.28
248,5a933e414c446e00b391d67e,M28,4,17.23,13.34
248,5a933e414c446e00b391d67e,M29,4,18.87,15.58
248,5a933e414c446e00b391d67e,M30,4,12.04,9.25
249,6f55438546f57416a8693eb4,M01,3,6.14,6.99
249,6f55438546f57416a8693eb4,M02,3,8.19,9.41
249,6f55438546f57416a8693eb4,M03,3,7.5,9.67
249,6f55438546f57416a8693eb4,M04,3,6.78,8.99
249,6f55438546f57416a8693eb4,M05,3,6.5,8.87
249,6f55438546f57416a8693eb4,M06,3,9.46,12.11
249,6f55438546f57416a8693eb4,M07,3,9.94,13.26
249,6f55438546f57416a8693eb4,M08,3,13.93,17.66
249,6f55438546f57416a8693eb4,M09,3,12.64,16.64
249,6f55438546f57416a8693eb4,M10,3,15.58,19.22
249,6f55438546f57416a8693eb4,M11,3,14.34,18.33
249,6f55438546f57416a8693eb4,M12,3,18.74,24.98
249,6f55438546f57416a8693eb4,M13,3,17.67,24.67
249,6f55438546f57416a8693eb4,M14,3,14.66,20.81
249,6f55438546f57416a8693eb4,M15,3,17.72,24.93
249,6f55438546f57416a8693eb4,M16,3,40.54,52.34
249,6f55438546f57416a8693eb4,M17,3,5.53,6.99
249,6f55438546f57416a8693eb4,M18,3,7.56,9.6
249,6f55438546f57416a8693eb4,M19,3,5.65,7.26
249,6f55438546f57416a8693eb4,M20,3,7.92,9.575
249,6f55438546f57416a8693eb4,M21,3,5.62,6.985
249,6f55438546f57416a8693eb4,M22,3,12.22,16.03
249,6f55438546f57416a8693eb4,M23,3,10.47,13.455
249,6f55438546f57416a8693eb4,M24,3,12.17,16.74
249,6f55438546f57416a8693eb4,M25,3,8.84,13.8
249,6f55438546f57416a8693eb4,M26,3,7.09,12.58
249,6f55438546f57416a8693eb4,M27,3,8.51,15.98
249,6f55438546f57416a8693eb4,M28,3,7.2,14.22
249,6f55438546f57416a8693eb4,M29,3,8.27,16.04
249,6f55438546f57416a8693eb4,M30,3,4.98,9.75
250,c757832b2167519e0ac3b967,M01,4,9.28,6.845
250,c757832b2167519e0ac3b967,M02,4,11.82,9.175
250,c757832b2167519e0ac3b967,M03,4,14.3,9.25
250,c757832b2167519e0ac3b967,M04,4,13.29,8.44
250,c757832b2167519e0ac3b967,M05,4,13.55,8.46
250,c757832b2167519e0ac3b967,M06,4,17.19,11.555
250,c757832b2167519e0ac3b967,M07,4,20.25,12.545
250,c757832b2167519e0ac3b967,M08,4,24.25,16.89
250,c757832b2167519e0ac3b967,M09,4,22.92,15.81
250,c757832b2167519e0ac3b967,M10,4,25.75,18.53
250,c757832b2167519e0ac3b967,M11,4,24.9,17.615
250,c757832b2167519e0ac3b967,M12,4,36.22,23.555
250,c757832b2167519e0ac3b967,M13,4,38.6,23.13
250,c757832b2167519e0ac3b967,M14,4,35.86,19.65
250,c757832b2167519e0ac3b967,M15,4,38.85,23.315
250,c757832b2167519e0ac3b967,M16,4,68.13,50.515
250,c757832b2167519e0ac3b967,M17,4,9.41,6.655
250,c757832b2167519e0ac3b967,M18,4,13.53,9.155
250,c757832b2167519e0ac3b967,M19,4,13.47,6.985
250,c757832b2167519e0ac3b967,M20,4,14.98,9.35
250,c757832b2167519e0ac3b967,M21,4,12.28,6.77
250,c757832b2167519e0ac3b967,M22,4,32.72,15.23
250,c757832b2167519e0ac3b967,M23,4,29.36,13.01
250,c757832b2167519e0ac3b967,M24,4,33.22,15.92
250,c757832b2167519e0ac3b967,M25,4,16.93,13.5
250,c757832b2167519e0ac3b967,M26,4,15.56,12.19
250,c757832b2167519e0ac3b967,M27,4,21.9,15.28
250,c757832b2167519e0ac3b967,M28,4,20.18,13.34
250,c757832b2167519e0ac3b967,M29,4,21.66,15.58
250,c757832b2167519e0ac3b967,M30,4,14.35,9.25
251,fa74b4af76ab2c2bfc0004ba,M01,2,7.71,6.88
251,fa74b4af76ab2c2bfc0004ba,M02,2,10.34,9.32
251,fa74b4af76ab2c2bfc0004ba,M03,2,11.55,9.36
251,fa74b4af76ab2c2bfc0004ba,M04,2,10.73,8.58
251,fa74b4af76ab2c2bfc0004ba,M05,2,10.9,8.46
251,fa74b4af76ab2c2bfc0004ba,M06,2,14.21,11.66
251,fa74b4af76ab2c2bfc0004ba,M07,2,16.12,12.81
251,fa74b4af76ab2c2bfc0004ba,M08,2,20.43,16.97
251,fa74b4af76ab2c2bfc0004ba,M09,2,19.32,16.03
251,fa74b4af76ab2c2bfc0004ba,M10,2,21.92,18.71
251,fa74b4af76ab2c2bfc0004ba,M11,2,21.21,17.82
251,fa74b4af76ab2c2bfc0004ba,M12,2,29.78,24
251,fa74b4af76ab2c2bfc0004ba,M13,2,30.82,23.43
251,fa74b4af76ab2c2bfc0004ba,M14,2,27.77,20.18
251,fa74b4af76ab2c2bfc0004ba,M15,2,30.84,23.65
251,fa74b4af76ab2c2bfc0004ba,M16,2,59.72,51.18
251,fa74b4af76ab2c2bfc0004ba,M17,2,8.06,6.73
251,fa74b4af76ab2c2bfc0004ba,M18,2,11.2,9.21
251,fa74b4af76ab2c2bfc0004ba,M19,2,10.48,6.87
251,fa74b4af76ab2c2bfc0004ba,M20,2,12.69,9.15
251,fa74b4af76ab2c2bfc0004ba,M21,2,9.91,6.77
251,fa74b4af76ab2c2bfc0004ba,M22,2,25.29,15.22
251,fa74b4af76ab2c2bfc0004ba,M23,2,22.16,13.01
251,fa74b4af76ab2c2bfc0004ba,M24,2,25.6,15.92
251,fa74b4af76ab2c2bfc0004ba,M25,2,14.95,13.62
251,fa74b4af76ab2c2bfc0004ba,M26,2,13.8,12.34
251,fa74b4af76ab2c2bfc0004ba,M27,2,18.43,15.67
251,fa74b4af76ab2c2bfc0004ba,M28,2,16.71,13.69
251,fa74b4af76ab2c2bfc0004ba,M29,2,18.28,15.58
251,fa74b4af76ab2c2bfc0004ba,M30,2,11.57,9.38
252,49f72a7b3ba95ce637b7c9ed,M01,4,7.04,6.845
252,49f72a7b3ba95ce637b7c9ed,M02,4,9.79,9.175
252,49f72a7b3ba95ce637b7c9ed,M03,4,10.47,9.25
252,49f72a7b3ba95ce637b7c9ed,M04,4,9.87,8.44
252,49f72a7b3ba95ce637b7c9ed,M05,4,9.67,8.46
252,49f72a7b3ba95ce637b7c9ed,M06,4,12.45,11.555
252,49f72a7b3ba95ce637b7c9ed,M07,4,14.52,12.545
252,49f72a7b3ba95ce637b7c9ed,M08,4,18.91,16.89
252,49f72a7b3ba95ce637b7c9ed,M09,4,18.06,15.81
252,49f72a7b3ba95ce637b7c9ed,M10,4,20.4,18.53
252,49f72a7b3ba95ce637b7c9ed,M11,4,19.6,17.615
252,49f72a7b3ba95ce637b7c9ed,M12,4,27.28,23.555
252,49f72a7b3ba95ce637b7c9ed,M13,4,26.13,23.13
252,49f72a7b3ba95ce637b7c9ed,M14,4,23.13,19.65
252,49f72a7b3ba95ce637b7c9ed,M15,4,27.57,23.315
252,49f72a7b3ba95ce637b7c9ed,M16,4,54.55,50.515
252,49f72a7b3ba95ce637b7c9ed,M17,4,7.5,6.655
252,49f72a7b3ba95ce637b7c9ed,M18,4,10.46,9.155
252,49f72a7b3ba95ce637b7c9ed,M19,4,7.25,6.985
252,49f72a7b3ba95ce637b7c9ed,M20,4,10.46,9.35
252,49f72a7b3ba95ce637b7c9ed,M21,4,7.58,6.77
252,49f72a7b3ba95ce637b7c9ed,M22,4,17.94,15.23
252,49f72a7b3ba95ce637b7c9ed,M23,4,14.54,13.01
252,49f72a7b3ba95ce637b7c9ed,M24,4,20.87,15.92
252,49f72a7b3ba95ce637b7c9ed,M25,4,13.8,13.5
252,49f72a7b3ba95ce637b7c9ed,M26,4,12.71,12.19
252,49f72a7b3ba95ce637b7c9ed,M27,4,16.16,15.28
252,49f72a7b3ba95ce637b7c9ed,M28,4,14.46,13.34
252,49f72a7b3ba95ce637b7c9ed,M29,4,16.65,15.58
252,49f72a7b3ba95ce637b7c9ed,M30,4,10,9.25
253,2e0625b187eb16887bc48f24,M01,3,8.4,6.99
253,2e0625b187eb16887bc48f24,M02,3,11.03,9.41
253,2e0625b187eb16887bc48f24,M03,3,12.67,9.67
253,2e0625b187eb16887bc48f24,M04,3,11.56,8.99
253,2e0625b187eb16887bc48f24,M05,3,12.44,8.87
253,2e0625b187eb16887bc48f24,M06,3,15.51,12.11
253,2e0625b187eb16887bc48f24,M07,3,17.61,13.26
253,2e0625b187eb16887bc48f24,M08,3,21.91,17.66
253,2e0625b187eb16887bc48f24,M09,3,20.39,16.64
253,2e0625b187eb16887bc48f24,M10,3,23.59,19.22
253,2e0625b187eb16887bc48f24,M11,3,23.46,18.33
253,2e0625b187eb16887bc48f24,M12,3,31.8,24.98
253,2e0625b187eb16887bc48f24,M13,3,33.41,24.67
253,2e0625b187eb16887bc48f24,M14,3,29.76,20.81
253,2e0625b187eb16887bc48f24,M15,3,34.16,24.93
253,2e0625b187eb16887bc48f24,M16,3,62.37,52.34
253,2e0625b187eb16887bc48f24,M17,3,7.93,6.99
253,2e0625b187eb16887bc48f24,M18,3,11.03,9.6
253,2e0625b187eb16887bc48f24,M19,3,10.37,7.26
253,2e0625b187eb16887bc48f24,M20,3,9.96,9.575
253,2e0625b187eb16887bc48f24,M21,3,7.57,6.985
253,2e0625b187eb16887bc48f24,M22,3,17.32,16.03
253,2e0625b187eb16887bc48f24,M23,3,16.69,13.455
253,2e0625b187eb16887bc48f24,M24,3,17.31,16.74
253,2e0625b187eb16887bc48f24,M25,3,16.2,13.8
253,2e0625b187eb16887bc48f24,M26,3,14.97,12.58
253,2e0625b187eb16887bc48f24,M27,3,20.77,15.98
253,2e0625b187eb16887bc48f24,M28,3,19.01,14.22
253,2e0625b187eb16887bc48f24,M29,3,20.72,16.04
253,2e0625b187eb16887bc48f24,M30,3,13.5,9.75
254,566ffc41d7edae3a1f739741,M01,2,8.5,6.88
254,566ffc41d7edae3a1f739741,M02,2,11.28,9.32
254,566ffc41d7edae3a1f739741,M03,2,13.53,9.36
254,566ffc41d7edae3a1f739741,M04,2,12.67,8.58
254,566ffc41d7edae3a1f739741,M05,2,12.9,8.46
254,566ffc41d7edae3a1f739741,M06,2,16.26,11.66
254,566ffc41d7edae3a1f739741,M07,2,19.17,12.81
254,566ffc41d7edae3a1f739741,M08,2,23.25,16.97
254,566ffc41d7edae3a1f739741,M09,2,22.08,16.03
254,566ffc41d7edae3a1f739741,M10,2,24.63,18.71
254,566ffc41d7edae3a1f739741,M11,2,23.98,17.82
254,566ffc41d7edae3a1f739741,M12,2,34.6,24
254,566ffc41d7edae3a1f739741,M13,2,36.48,23.43
254,566ffc41d7edae3a1f739741,M14,2,33.83,20.18
254,566ffc41d7edae3a1f739741,M15,2,36.58,23.65
254,566ffc41d7edae3a1f739741,M16,2,65.88,51.18
254,566ffc41d7edae3a1f739741,M17,2,9.05,6.73
254,566ffc41d7edae3a1f739741,M18,2,12.98,9.21
254,566ffc41d7edae3a1f739741,M19,2,12.7,6.87
254,566ffc41d7edae3a1f739741,M20,2,14.17,9.15
254,566ffc41d7edae3a1f739741,M21,2,11.76,6.77
254,566ffc41d7edae3a1f739741,M22,2,30.18,15.22
254,566ffc41d7edae3a1f739741,M23,2,26.72,13.01
254,566ffc41d7edae3a1f739741,M24,2,30.74,15.92
254,566ffc41d7edae3a1f739741,M25,2,16.17,13.62
254,566ffc41d7edae3a1f739741,M26,2,14.99,12.34
254,566ffc41d7edae3a1f739741,M27,2,20.85,15.67
254,566ffc41d7edae3a1f739741,M28,2,19.23,13.69
254,566ffc41d7edae3a1f739741,M29,2,20.61,15.58
254,566ffc41d7edae3a1f739741,M30,2,13.59,9.38
256,7ab835a888675d8492b11826,M01,4,8.6,6.845
256,7ab835a888675d8492b11826,M02,4,11.34,9.175
256,7ab835a888675d8492b11826,M03,4,13.62,9.25
256,7ab835a888675d8492b11826,M04,4,12.73,8.44
256,7ab835a888675d8492b11826,M05,4,12.98,8.46
256,7ab835a888675d8492b11826,M06,4,16.38,11.555
256,7ab835a888675d8492b11826,M07,4,19.31,12.545
256,7ab835a888675d8492b11826,M08,4,23.35,16.89
256,7ab835a888675d8492b11826,M09,4,22.18,15.81
256,7ab835a888675d8492b11826,M10,4,24.74,18.53
256,7ab835a888675d8492b11826,M11,4,24.09,17.615
256,7ab835a888675d8492b11826,M12,4,34.82,23.555
256,7ab835a888675d8492b11826,M13,4,36.91,23.13
256,7ab835a888675d8492b11826,M14,4,34.22,19.65
256,7ab835a888675d8492b11826,M15,4,37.1,23.315
256,7ab835a888675d8492b11826,M16,4,66.34,50.515
256,7ab835a888675d8492b11826,M17,4,9.08,6.655
256,7ab835a888675d8492b11826,M18,4,13.03,9.155
256,7ab835a888675d8492b11826,M19,4,12.45,6.985
256,7ab835a888675d8492b11826,M20,4,14.12,9.35
256,7ab835a888675d8492b11826,M21,4,11.38,6.77
256,7ab835a888675d8492b11826,M22,4,29.56,15.23
256,7ab835a888675d8492b11826,M23,4,25.74,13.01
256,7ab835a888675d8492b11826,M24,4,30.09,15.92
256,7ab835a888675d8492b11826,M25,4,16.23,13.5
256,7ab835a888675d8492b11826,M26,4,15.06,12.19
256,7ab835a888675d8492b11826,M27,4,20.99,15.28
256,7ab835a888675d8492b11826,M28,4,19.4,13.34
256,7ab835a888675d8492b11826,M29,4,20.84,15.58
256,7ab835a888675d8492b11826,M30,4,13.66,9.25
257,6245e73d8777b85805db8d4d,M01,0,9.21,6.91
257,6245e73d8777b85805db8d4d,M02,0,11.81,9.32
257,6245e73d8777b85805db8d4d,M03,0,14.34,9.36
257,6245e73d8777b85805db8d4d,M04,0,13.41,8.59
257,6245e73d8777b85805db8d4d,M05,0,13.7,8.47
257,6245e73d8777b85805db8d4d,M06,0,17.2,11.77
257,6245e73d8777b85805db8d4d,M07,0,20.41,12.83
257,6245e73d8777b85805db8d4d,M08,0,24.37,17.14
257,6245e73d8777b85805db8d4d,M09,0,23.11,16.05
257,6245e73d8777b85805db8d4d,M10,0,25.83,18.74
257,6245e73d8777b85805db8d4d,M11,0,25.08,17.84
257,6245e73d8777b85805db8d4d,M12,0,36.78,24.05
257,6245e73d8777b85805db8d4d,M13,0,38.91,23.48
257,6245e73d8777b85805db8d4d,M14,0,36.35,20.22
257,6245e73d8777b85805db8d4d,M15,0,39.18,23.9
257,6245e73d8777b85805db8d4d,M16,0,68.45,51.31
257,6245e73d8777b85805db8d4d,M17,0,9.48,6.83
257,6245e73d8777b85805db8d4d,M18,0,13.66,9.32
257,6245e73d8777b85805db8d4d,M19,0,13.42,7.09
257,6245e73d8777b85805db8d4d,M25,0,16.91,13.62
257,6245e73d8777b85805db8d4d,M26,0,15.62,12.385
257,6245e73d8777b85805db8d4d,M27,0,21.92,15.7
257,6245e73d8777b85805db8d4d,M28,0,20.3,13.765
257,6245e73d8777b85805db8d4d,M29,0,21.67,15.575
257,6245e73d8777b85805db8d4d,M30,0,14.4,9.385
258,42ba4eb4f3bde44694d1974c,M01,4,6.69,6.845
258,42ba4eb4f3bde44694d1974c,M02,4,8.95,9.175
258,42ba4eb4f3bde44694d1974c,M03,4,8.75,9.25
258,42ba4eb4f3bde44694d1974c,M04,4,8.09,8.44
258,42ba4eb4f3bde44694d1974c,M05,4,8.12,8.46
258,42ba4eb4f3bde44694d1974c,M06,4,11.07,11.555
258,42ba4eb4f3bde44694d1974c,M07,4,11.82,12.545
258,42ba4eb4f3bde44694d1974c,M08,4,16.13,16.89
258,42ba4eb4f3bde44694d1974c,M09,4,15.16,15.81
258,42ba4eb4f3bde44694d1974c,M10,4,17.76,18.53
258,42ba4eb4f3bde44694d1974c,M11,4,17.11,17.615
258,42ba4eb4f3bde44694d1974c,M12,4,22.4,23.555
258,42ba4eb4f3bde44694d1974c,M13,4,21.83,23.13
258,42ba4eb4f3bde44694d1974c,M14,4,18.42,19.65
258,42ba4eb4f3bde44694d1974c,M15,4,21.99,23.315
258,42ba4eb4f3bde44694d1974c,M16,4,48.91,50.515
258,42ba4eb4f3bde44694d1974c,M17,4,6.46,6.655
258,42ba4eb4f3bde44694d1974c,M18,4,8.73,9.155
258,42ba4eb4f3bde44694d1974c,M19,4,6.39,6.985
258,42ba4eb4f3bde44694d1974c,M20,4,8.5,9.35
258,42ba4eb4f3bde44694d1974c,M21,4,6.19,6.77
258,42ba4eb4f3bde44694d1974c,M22,4,13.25,15.23
258,42ba4eb4f3bde44694d1974c,M23,4,11.77,13.01
258,42ba4eb4f3bde44694d1974c,M24,4,13.31,15.92
258,42ba4eb4f3bde44694d1974c,M25,4,13.26,13.5
258,42ba4eb4f3bde44694d1974c,M26,4,11.86,12.19
258,42ba4eb4f3bde44694d1974c,M27,4,14.67,15.28
258,42ba4eb4f3bde44694d1974c,M28,4,12.64,13.34
258,42ba4eb4f3bde44694d1974c,M29,4,14.58,15.58
258,42ba4eb4f3bde44694d1974c,M30,4,8.76,9.25
259,41a0e87121f95316c7969dd8,M01,3,8.24,6.99
259,41a0e87121f95316c7969dd8,M02,3,11,9.41
259,41a0e87121f95316c7969dd8,M03,3,12.83,9.67
259,41a0e87121f95316c7969dd8,M04,3,11.96,8.99
259,41a0e87121f95316c7969dd8,M05,3,12.19,8.87
259,41a0e87121f95316c7969dd8,M06,3,15.5,12.11
259,41a0e87121f95316c7969dd8,M07,3,18.03,13.26
259,41a0e87121f95316c7969dd8,M08,3,22.24,17.66
259,41a0e87121f95316c7969dd8,M09,3,20.89,16.64
259,41a0e87121f95316c7969dd8,M10,3,23.73,19.22
259,41a0e87121f95316c7969dd8,M11,3,23.28,18.33
259,41a0e87121f95316c7969dd8,M12,3,32.71,24.98
259,41a0e87121f95316c7969dd8,M13,3,34.12,24.67
259,41a0e87121f95316c7969dd8,M14,3,31.03,20.81
259,41a0e87121f95316c7969dd8,M15,3,34.26,24.93
259,41a0e87121f95316c7969dd8,M16,3,63.27,52.34
259,41a0e87121f95316c7969dd8,M17,3,8.72,6.99
259,41a0e87121f95316c7969dd8,M18,3,12.34,9.6
259,41a0e87121f95316c7969dd8,M19,3,11.74,7.26
259,41a0e87121f95316c7969dd8,M25,3,15.76,13.8
259,41a0e87121f95316c7969dd8,M26,3,14.55,12.58
259,41a0e87121f95316c7969dd8,M27,3,19.94,15.98
259,41a0e87121f95316c7969dd8,M28,3,18.23,14.22
259,41a0e87121f95316c7969dd8,M29,3,20.13,16.04
259,41a0e87121f95316c7969dd8,M30,3,12.87,9.75
260,bc37928db07519700d608f99,M01,1,7.03,6.95
260,bc37928db07519700d608f99,M02,1,9.88,9.36
260,bc37928db07519700d608f99,M03,1,10.38,9.52
260,bc37928db07519700d608f99,M04,1,9.84,8.81
260,bc37928db07519700d608f99,M05,1,9.89,8.8
260,bc37928db07519700d608f99,M06,1,12.58,11.89
260,bc37928db07519700d608f99,M07,1,14.37,13
260,bc37928db07519700d608f99,M08,1,19.04,17.42
260,bc37928db07519700d608f99,M09,1,17.93,16.18
260,bc37928db07519700d608f99,M10,1,20.02,18.98
260,bc37928db07519700d608f99,M11,1,19.45,18.29
260,bc37928db07519700d608f99,M12,1,27.11,24.62
260,bc37928db07519700d608f99,M13,1,25.94,24.03
260,bc37928db07519700d608f99,M14,1,22.91,20.46
260,bc37928db07519700d608f99,M15,1,27.84,24.48
260,bc37928db07519700d608f99,M16,1,54.28,51.76
260,bc37928db07519700d608f99,M17,1,7.54,6.94
260,bc37928db07519700d608f99,M18,1,10.02,9.46
260,bc37928db07519700d608f99,M19,1,6.93,7.16
260,bc37928db07519700d608f99,M20,1,9.85,9.5
260,bc37928db07519700d608f99,M21,1,7.1,6.99
260,bc37928db07519700d608f99,M22,1,16.12,15.84
260,bc37928db07519700d608f99,M23,1,13.32,13.35
260,bc37928db07519700d608f99,M24,1,18.86,16.5
260,bc37928db07519700d608f99,M25,1,13.78,13.75
260,bc37928db07519700d608f99,M26,1,12.66,12.54
260,bc37928db07519700d608f99,M27,1,16.08,15.91
260,bc37928db07519700d608f99,M28,1,14.37,13.91
260,bc37928db07519700d608f99,M29,1,16.66,15.68
260,bc37928db07519700d608f99,M30,1,9.83,9.58
261,7baf7908c42ba7a02322fcd4,M01,3,6.77,6.99
261,7baf7908c42ba7a02322fcd4,M02,3,9.14,9.41
261,7baf7908c42ba7a02322fcd4,M03,3,9.19,9.67
261,7baf7908c42ba7a02322fcd4,M04,3,8.54,8.99
261,7baf7908c42ba7a02322fcd4,M05,3,8.46,8.87
261,7baf7908c42ba7a02322fcd4,M06,3,11.5,12.11
261,7baf7908c42ba7a02322fcd4,M07,3,12.56,13.26
261,7baf7908c42ba7a02322fcd4,M08,3,16.97,17.66
261,7baf7908c42ba7a02322fcd4,M09,3,16.05,16.64
261,7baf7908c42ba7a02322fcd4,M10,3,18.5,19.22
261,7baf7908c42ba7a02322fcd4,M11,3,17.82,18.33
261,7baf7908c42ba7a02322fcd4,M12,3,24,24.98
261,7baf7908c42ba7a02322fcd4,M13,3,23.43,24.67
261,7baf7908c42ba7a02322fcd4,M14,3,20.22,20.81
261,7baf7908c42ba7a02322fcd4,M15,3,23.56,24.93
261,7baf7908c42ba7a02322fcd4,M16,3,51.31,52.34
261,7baf7908c42ba7a02322fcd4,M17,3,6.67,6.99
261,7baf7908c42ba7a02322fcd4,M18,3,9.17,9.6
261,7baf7908c42ba7a02322fcd4,M19,3,7.71,7.26
261,7baf7908c42ba7a02322fcd4,M20,3,10.26,9.575
261,7baf7908c42ba7a02322fcd4,M21,3,7.53,6.985
261,7baf7908c42ba7a02322fcd4,M22,3,17.81,16.03
261,7baf7908c42ba7a02322fcd4,M23,3,15.26,13.455
261,7baf7908c42ba7a02322fcd4,M24,3,17.96,16.74
261,7baf7908c42ba7a02322fcd4,M25,3,13.44,13.8
261,7baf7908c42ba7a02322fcd4,M26,3,12.17,12.58
261,7baf7908c42ba7a02322fcd4,M27,3,15.22,15.98
261,7baf7908c42ba7a02322fcd4,M28,3,13.39,14.22
261,7baf7908c42ba7a02322fcd4,M29,3,15.64,16.04
261,7baf7908c42ba7a02322fcd4,M30,3,9.18,9.75
262,229504607349828a36f6f03e,M01,1,7.68,6.95
262,229504607349828a36f6f03e,M02,1,10.26,9.36
262,229504607349828a36f6f03e,M03,1,11.32,9.52
262,229504607349828a36f6f03e,M04,1,10.48,8.81
262,229504607349828a36f6f03e,M05,1,10.61,8.8
262,229504607349828a36f6f03e,M06,1,14.01,11.89
262,229504607349828a36f6f03e,M07,1,15.74,13
262,229504607349828a36f6f03e,M08,1,20.08,17.42
262,229504607349828a36f6f03e,M09,1,18.93,16.18
262,229504607349828a36f6f03e,M10,1,21.63,18.98
262,229504607349828a36f6f03e,M11,1,20.92,18.29
262,229504607349828a36f6f03e,M12,1,29.12,24.62
262,229504607349828a36f6f03e,M13,1,30.01,24.03
262,229504607349828a36f6f03e,M14,1,26.78,20.46
262,229504607349828a36f6f03e,M15,1,30.24,24.48
262,229504607349828a36f6f03e,M16,1,58.8,51.76
262,229504607349828a36f6f03e,M17,1,7.87,6.94
262,229504607349828a36f6f03e,M18,1,10.96,9.46
262,229504607349828a36f6f03e,M19,1,9.5,7.16
262,229504607349828a36f6f03e,M20,1,11.76,9.5
262,229504607349828a36f6f03e,M21,1,9.02,6.99
262,229504607349828a36f6f03e,M22,1,22.52,15.84
262,229504607349828a36f6f03e,M23,1,19.45,13.35
262,229504607349828a36f6f03e,M24,1,22.76,16.5
262,229504607349828a36f6f03e,M25,1,14.88,13.75
262,229504607349828a36f6f03e,M26,1,13.69,12.54
262,229504607349828a36f6f03e,M27,1,18.17,15.91
262,229504607349828a36f6f03e,M28,1,16.36,13.91
262,229504607349828a36f6f03e,M29,1,18.08,15.68
262,229504607349828a36f6f03e,M30,1,11.34,9.58
263,7738c55f945d0df2535c994a,M01,2,7.89,6.88
263,7738c55f945d0df2535c994a,M02,2,10.52,9.32
263,7738c55f945d0df2535c994a,M03,2,11.83,9.36
263,7738c55f945d0df2535c994a,M04,2,10.77,8.58
263,7738c55f945d0df2535c994a,M05,2,10.91,8.46
263,7738c55f945d0df2535c994a,M06,2,14.56,11.66
263,7738c55f945d0df2535c994a,M07,2,16.49,12.81
263,7738c55f945d0df2535c994a,M08,2,20.82,16.97
263,7738c55f945d0df2535c994a,M09,2,19.36,16.03
263,7738c55f945d0df2535c994a,M10,2,22.33,18.71
263,7738c55f945d0df2535c994a,M11,2,21.31,17.82
263,7738c55f945d0df2535c994a,M12,2,30.31,24
263,7738c55f945d0df2535c994a,M13,2,31.47,23.43
263,7738c55f945d0df2535c994a,M14,2,28.16,20.18
263,7738c55f945d0df2535c994a,M15,2,31.47,23.65
263,7738c55f945d0df2535c994a,M16,2,60.42,51.18
263,7738c55f945d0df2535c994a,M17,2,8.04,6.73
263,7738c55f945d0df2535c994a,M18,2,11.25,9.21
263,7738c55f945d0df2535c994a,M19,2,10.2,6.87
263,7738c55f945d0df2535c994a,M20,2,12.35,9.15
263,7738c55f945d0df2535c994a,M21,2,9.41,6.77
263,7738c55f945d0df2535c994a,M22,2,24.26,15.22
263,7738c55f945d0df2535c994a,M23,2,20.99,13.01
263,7738c55f945d0df2535c994a,M24,2,24.63,15.92
263,7738c55f945d0df2535c994a,M25,2,14.9,13.62
263,7738c55f945d0df2535c994a,M26,2,13.69,12.34
263,7738c55f945d0df2535c994a,M27,2,18.21,15.67
263,7738c55f945d0df2535c994a,M28,2,16.41,13.69
263,7738c55f945d0df2535c994a,M29,2,17.95,15.58
263,7738c55f945d0df2535c994a,M30,2,11.48,9.38
264,ad56a84d141e631b2b1c6a48,M01,2,8.09,6.88
264,ad56a84d141e631b2b1c6a48,M02,2,13.33,9.32
264,ad56a84d141e631b2b1c6a48,M03,2,15.84,9.36
264,ad56a84d141e631b2b1c6a48,M04,2,14.78,8.58
264,ad56a84d141e631b2b1c6a48,M05,2,15.11,8.46
264,ad56a84d141e631b2b1c6a48,M06,2,19.66,11.66
264,ad56a84d141e631b2b1c6a48,M07,2,22.51,12.81
264,ad56a84d141e631b2b1c6a48,M08,2,26.43,16.97
264,ad56a84d141e631b2b1c6a48,M09,2,24.93,16.03
264,ad56a84d141e631b2b1c6a48,M10,2,28.2,18.71
264,ad56a84d141e631b2b1c6a48,M11,2,27.17,17.82
264,ad56a84d141e631b2b1c6a48,M12,2,39.53,24
264,ad56a84d141e631b2b1c6a48,M13,2,43.12,23.43
264,ad56a84d141e631b2b1c6a48,M14,2,40.61,20.18
264,ad56a84d141e631b2b1c6a48,M15,2,42.69,23.65
264,ad56a84d141e631b2b1c6a48,M16,2,72.91,51.18
264,ad56a84d141e631b2b1c6a48,M17,2,10.4,6.73
264,ad56a84d141e631b2b1c6a48,M18,2,14.92,9.21
264,ad56a84d141e631b2b1c6a48,M19,2,13.21,6.87
264,ad56a84d141e631b2b1c6a48,M20,2,15.52,9.15
264,ad56a84d141e631b2b1c6a48,M21,2,15.12,6.77
264,ad56a84d141e631b2b1c6a48,M22,2,34.15,15.22
264,ad56a84d141e631b2b1c6a48,M23,2,37.84,13.01
264,ad56a84d141e631b2b1c6a48,M24,2,33.69,15.92
264,ad56a84d141e631b2b1c6a48,M25,2,19.47,13.62
264,ad56a84d141e631b2b1c6a48,M26,2,17.32,12.34
264,ad56a84d141e631b2b1c6a48,M27,2,24.7,15.67
264,ad56a84d141e631b2b1c6a48,M28,2,22.54,13.69
264,ad56a84d141e631b2b1c6a48,M29,2,24.02,15.58
264,ad56a84d141e631b2b1c6a48,M30,2,15.99,9.38
265,04831b0ea0bfee04fcc4eb27,M01,4,8.11,6.845
265,04831b0ea0bfee04fcc4eb27,M02,4,10.82,9.175
265,04831b0ea0bfee04fcc4eb27,M03,4,12.44,9.25
265,04831b0ea0bfee04fcc4eb27,M04,4,11.38,8.44
265,04831b0ea0bfee04fcc4eb27,M05,4,11.56,8.46
265,04831b0ea0bfee04fcc4eb27,M06,4,15.18,11.555
265,04831b0ea0bfee04fcc4eb27,M07,4,17.43,12.545
265,04831b0ea0bfee04fcc4eb27,M08,4,21.7,16.89
265,04831b0ea0bfee04fcc4eb27,M09,4,20.24,15.81
265,04831b0ea0bfee04fcc4eb27,M10,4,23.18,18.53
265,04831b0ea0bfee04fcc4eb27,M11,4,22.35,17.615
265,04831b0ea0bfee04fcc4eb27,M12,4,31.79,23.555
265,04831b0ea0bfee04fcc4eb27,M13,4,33.13,23.13
265,04831b0ea0bfee04fcc4eb27,M14,4,29.92,19.65
265,04831b0ea0bfee04fcc4eb27,M15,4,33.57,23.315
265,04831b0ea0bfee04fcc4eb27,M16,4,62.16,50.515
265,04831b0ea0bfee04fcc4eb27,M17,4,8.32,6.655
265,04831b0ea0bfee04fcc4eb27,M18,4,11.82,9.155
265,04831b0ea0bfee04fcc4eb27,M19,4,10.24,6.985
265,04831b0ea0bfee04fcc4eb27,M20,4,12.29,9.35
265,04831b0ea0bfee04fcc4eb27,M21,4,9.41,6.77
265,04831b0ea0bfee04fcc4eb27,M22,4,23.94,15.23
265,04831b0ea0bfee04fcc4eb27,M23,4,20.66,13.01
265,04831b0ea0bfee04fcc4eb27,M24,4,24.56,15.92
265,04831b0ea0bfee04fcc4eb27,M25,4,15.57,13.5
265,04831b0ea0bfee04fcc4eb27,M26,4,14.34,12.19
265,04831b0ea0bfee04fcc4eb27,M27,4,19.54,15.28
265,04831b0ea0bfee04fcc4eb27,M28,4,17.74,13.34
265,04831b0ea0bfee04fcc4eb27,M29,4,19.48,15.58
265,04831b0ea0bfee04fcc4eb27,M30,4,12.47,9.25
266,09fdfb57668810ac2e3b712f,M01,0,7.24,6.91
266,09fdfb57668810ac2e3b712f,M02,0,9.58,9.32
266,09fdfb57668810ac2e3b712f,M03,0,9.89,9.36
266,09fdfb57668810ac2e3b712f,M04,0,8.99,8.59
266,09fdfb57668810ac2e3b712f,M05,0,9,8.47
266,09fdfb57668810ac2e3b712f,M06,0,12.51,11.77
266,09fdfb57668810ac2e3b712f,M07,0,13.54,12.83
266,09fdfb57668810ac2e3b712f,M08,0,17.96,17.14
266,09fdfb57668810ac2e3b712f,M09,0,16.71,16.05
266,09fdfb57668810ac2e3b712f,M10,0,19.52,18.74
266,09fdfb57668810ac2e3b712f,M11,0,18.55,17.84
266,09fdfb57668810ac2e3b712f,M12,0,25.5,24.05
266,09fdfb57668810ac2e3b712f,M13,0,25.67,23.48
266,09fdfb57668810ac2e3b712f,M14,0,22.1,20.22
266,09fdfb57668810ac2e3b712f,M15,0,25.31,23.9
266,09fdfb57668810ac2e3b712f,M16,0,53.93,51.31
266,09fdfb57668810ac2e3b712f,M17,0,6.99,6.83
266,09fdfb57668810ac2e3b712f,M18,0,9.61,9.32
266,09fdfb57668810ac2e3b712f,M19,0,7.04,7.09
266,09fdfb57668810ac2e3b712f,M20,0,9.37,9.53
266,09fdfb57668810ac2e3b712f,M21,0,6.6,6.95
266,09fdfb57668810ac2e3b712f,M22,0,15.31,15.84
266,09fdfb57668810ac2e3b712f,M23,0,13.01,13.31
266,09fdfb57668810ac2e3b712f,M24,0,15.3,16.53
266,09fdfb57668810ac2e3b712f,M25,0,14.06,13.62
266,09fdfb57668810ac2e3b712f,M26,0,12.74,12.385
266,09fdfb57668810ac2e3b712f,M27,0,16.38,15.7
266,09fdfb57668810ac2e3b712f,M28,0,14.36,13.765
266,09fdfb57668810ac2e3b712f,M29,0,16.03,15.575
266,09fdfb57668810ac2e3b712f,M30,0,9.92,9.385
267,d520bf8d91251ecd00cc4b41,M01,4,4.93,6.845
267,d520bf8d91251ecd00cc4b41,M02,4,6.42,9.175
267,d520bf8d91251ecd00cc4b41,M03,4,5.54,9.25
267,d520bf8d91251ecd00cc4b41,M04,4,5.21,8.44
267,d520bf8d91251ecd00cc4b41,M05,4,5.12,8.46
267,d520bf8d91251ecd00cc4b41,M06,4,7,11.555
267,d520bf8d91251ecd00cc4b41,M07,4,7.02,12.545
267,d520bf8d91251ecd00cc4b41,M08,4,9.23,16.89
267,d520bf8d91251ecd00cc4b41,M09,4,7.93,15.81
267,d520bf8d91251ecd00cc4b41,M10,4,10.74,18.53
267,d520bf8d91251ecd00cc4b41,M11,4,9.74,17.615
267,d520bf8d91251ecd00cc4b41,M12,4,11.11,23.555
267,d520bf8d91251ecd00cc4b41,M13,4,11.08,23.13
267,d520bf8d91251ecd00cc4b41,M14,4,11.32,19.65
267,d520bf8d91251ecd00cc4b41,M15,4,8.72,23.315
267,d520bf8d91251ecd00cc4b41,M16,4,20.42,50.515
267,d520bf8d91251ecd00cc4b41,M17,4,3.43,6.655
267,d520bf8d91251ecd00cc4b41,M18,4,5.49,9.155
267,d520bf8d91251ecd00cc4b41,M19,4,4.77,6.985
267,d520bf8d91251ecd00cc4b41,M20,4,5.92,9.35
267,d520bf8d91251ecd00cc4b41,M21,4,4.74,6.77
267,d520bf8d91251ecd00cc4b41,M22,4,8.65,15.23
267,d520bf8d91251ecd00cc4b41,M23,4,7.38,13.01
267,d520bf8d91251ecd00cc4b41,M24,4,8.43,15.92
267,d520bf8d91251ecd00cc4b41,M25,4,10.08,13.5
267,d520bf8d91251ecd00cc4b41,M26,4,8.43,12.19
267,d520bf8d91251ecd00cc4b41,M27,4,9.5,15.28
267,d520bf8d91251ecd00cc4b41,M28,4,8.02,13.34
267,d520bf8d91251ecd00cc4b41,M29,4,9.65,15.58
267,d520bf8d91251ecd00cc4b41,M30,4,5.89,9.25
268,d69eda8667f021413c4a9f83,M01,2,5.91,6.88
268,d69eda8667f021413c4a9f83,M02,2,7.8,9.32
268,d69eda8667f021413c4a9f83,M03,2,7.08,9.36
268,d69eda8667f021413c4a9f83,M04,2,6.43,8.58
268,d69eda8667f021413c4a9f83,M05,2,6.27,8.46
268,d69eda8667f021413c4a9f83,M06,2,8.7,11.66
268,d69eda8667f021413c4a9f83,M07,2,9.1,12.81
268,d69eda8667f021413c4a9f83,M08,2,12.69,16.97
268,d69eda8667f021413c4a9f83,M09,2,11.61,16.03
268,d69eda8667f021413c4a9f83,M10,2,14.43,18.71
268,d69eda8667f021413c4a9f83,M11,2,13.51,17.82
268,d69eda8667f021413c4a9f83,M12,2,16.32,24
268,d69eda8667f021413c4a9f83,M13,2,15.65,23.43
268,d69eda8667f021413c4a9f83,M14,2,15.74,20.18
268,d69eda8667f021413c4a9f83,M15,2,12.9,23.65
268,d69eda8667f021413c4a9f83,M16,2,34.55,51.18
268,d69eda8667f021413c4a9f83,M17,2,5.2,6.73
268,d69eda8667f021413c4a9f83,M18,2,7.21,9.21
268,d69eda8667f021413c4a9f83,M19,2,5.13,6.87
268,d69eda8667f021413c4a9f83,M20,2,6.96,9.15
268,d69eda8667f021413c4a9f83,M21,2,5.11,6.77
268,d69eda8667f021413c4a9f83,M22,2,10.41,15.22
268,d69eda8667f021413c4a9f83,M23,2,9.27,13.01
268,d69eda8667f021413c4a9f83,M24,2,10.34,15.92
268,d69eda8667f021413c4a9f83,M25,2,11.54,13.62
268,d69eda8667f021413c4a9f83,M26,2,10.06,12.34
268,d69eda8667f021413c4a9f83,M27,2,11.62,15.67
268,d69eda8667f021413c4a9f83,M28,2,9.91,13.69
268,d69eda8667f021413c4a9f83,M29,2,11.77,15.58
268,d69eda8667f021413c4a9f83,M30,2,6.83,9.38
270,b8c82d904caebcfae94507d9,M01,2,6.99,6.88
270,b8c82d904caebcfae94507d9,M02,2,9.81,9.32
270,b8c82d904caebcfae94507d9,M03,2,10.49,9.36
270,b8c82d904caebcfae94507d9,M04,2,9.85,8.58
270,b8c82d904caebcfae94507d9,M05,2,9.69,8.46
270,b8c82d904caebcfae94507d9,M06,2,12.46,11.66
270,b8c82d904caebcfae94507d9,M07,2,14.58,12.81
270,b8c82d904caebcfae94507d9,M08,2,18.92,16.97
270,b8c82d904caebcfae94507d9,M09,2,18.05,16.03
270,b8c82d904caebcfae94507d9,M10,2,20.37,18.71
270,b8c82d904caebcfae94507d9,M11,2,19.62,17.82
270,b8c82d904caebcfae94507d9,M12,2,27.34,24
270,b8c82d904caebcfae94507d9,M13,2,26.18,23.43
270,b8c82d904caebcfae94507d9,M14,2,23.28,20.18
270,b8c82d904caebcfae94507d9,M15,2,27.59,23.65
270,b8c82d904caebcfae94507d9,M16,2,54.65,51.18
270,b8c82d904caebcfae94507d9,M17,2,7.41,6.73
270,b8c82d904caebcfae94507d9,M18,2,10.19,9.21
270,b8c82d904caebcfae94507d9,M19,2,8.25,6.87
270,b8c82d904caebcfae94507d9,M20,2,11.78,9.15
270,b8c82d904caebcfae94507d9,M21,2,8.63,6.77
270,b8c82d904caebcfae94507d9,M22,2,21.16,15.22
270,b8c82d904caebcfae94507d9,M23,2,16.86,13.01
270,b8c82d904caebcfae94507d9,M24,2,28.22,15.92
270,b8c82d904caebcfae94507d9,M25,2,13.78,13.62
270,b8c82d904caebcfae94507d9,M26,2,12.66,12.34
270,b8c82d904caebcfae94507d9,M27,2,16.15,15.67
270,b8c82d904caebcfae94507d9,M28,2,14.48,13.69
270,b8c82d904caebcfae94507d9,M29,2,16.69,15.58
270,b8c82d904caebcfae94507d9,M30,2,10.07,9.38
271,648bc1f8679a9275b66f6275,M01,1,9.42,6.95
271,648bc1f8679a9275b66f6275,M02,1,11.84,9.36
271,648bc1f8679a9275b66f6275,M03,1,14.36,9.52
271,648bc1f8679a9275b66f6275,M04,1,13.43,8.81
271,648bc1f8679a9275b66f6275,M05,1,13.68,8.8
271,648bc1f8679a9275b66f6275,M06,1,17.4,11.89
271,648bc1f8679a9275b66f6275,M07,1,20.41,13
271,648bc1f8679a9275b66f6275,M08,1,24.36,17.42
271,648bc1f8679a9275b66f6275,M09,1,23.11,16.18
271,648bc1f8679a9275b66f6275,M10,1,25.85,18.98
271,648bc1f8679a9275b66f6275,M11,1,25.02,18.29
271,648bc1f8679a9275b66f6275,M12,1,36.46,24.62
271,648bc1f8679a9275b66f6275,M13,1,39.26,24.03
271,648bc1f8679a9275b66f6275,M14,1,36.62,20.46
271,648bc1f8679a9275b66f6275,M15,1,38.98,24.48
271,648bc1f8679a9275b66f6275,M16,1,68.84,51.76
271,648bc1f8679a9275b66f6275,M17,1,9.5,6.94
271,648bc1f8679a9275b66f6275,M18,1,13.65,9.46
271,648bc1f8679a9275b66f6275,M19,1,14.35,7.16
271,648bc1f8679a9275b66f6275,M20,1,15.84,9.5
271,648bc1f8679a9275b66f6275,M21,1,13.14,6.99
271,648bc1f8679a9275b66f6275,M22,1,35.49,15.84
271,648bc1f8679a9275b66f6275,M23,1,32.24,13.35
271,648bc1f8679a9275b66f6275,M24,1,35.27,16.5
271,648bc1f8679a9275b66f6275,M25,1,17.1,13.75
271,648bc1f8679a9275b66f6275,M26,1,15.71,12.54
271,648bc1f8679a9275b66f6275,M27,1,22.14,15.91
271,648bc1f8679a9275b66f6275,M28,1,20.47,13.91
271,648bc1f8679a9275b66f6275,M29,1,21.66,15.68
271,648bc1f8679a9275b66f6275,M30,1,14.43,9.58
272,7fb8af142894de9d555b9983,M01,3,8.17,6.99
272,7fb8af142894de9d555b9983,M02,3,10.83,9.41
272,7fb8af142894de9d555b9983,M03,3,12.52,9.67
272,7fb8af142894de9d555b9983,M04,3,11.56,8.99
272,7fb8af142894de9d555b9983,M05,3,11.72,8.87
272,7fb8af142894de9d555b9983,M06,3,15.25,12.11
272,7fb8af142894de9d555b9983,M07,3,17.58,13.26
272,7fb8af142894de9d555b9983,M08,3,21.82,17.66
272,7fb8af142894de9d555b9983,M09,3,20.51,16.64
272,7fb8af142894de9d555b9983,M10,3,23.27,19.22
272,7fb8af142894de9d555b9983,M11,3,22.47,18.33
272,7fb8af142894de9d555b9983,M12,3,32.08,24.98
272,7fb8af142894de9d555b9983,M13,3,33.65,24.67
272,7fb8af142894de9d555b9983,M14,3,30.61,20.81
272,7fb8af142894de9d555b9983,M15,3,33.67,24.93
272,7fb8af142894de9d555b9983,M16,3,62.76,52.34
272,7fb8af142894de9d555b9983,M17,3,8.45,6.99
272,7fb8af142894de9d555b9983,M18,3,11.97,9.6
272,7fb8af142894de9d555b9983,M19,3,11.46,7.26
272,7fb8af142894de9d555b9983,M20,3,13.4,9.575
272,7fb8af142894de9d555b9983,M21,3,10.61,6.985
272,7fb8af142894de9d555b9983,M22,3,27.86,16.03
272,7fb8af142894de9d555b9983,M23,3,24.49,13.455
272,7fb8af142894de9d555b9983,M24,3,27.95,16.74
272,7fb8af142894de9d555b9983,M25,3,15.64,13.8
272,7fb8af142894de9d555b9983,M26,3,14.39,12.58
272,7fb8af142894de9d555b9983,M27,3,19.65,15.98
272,7fb8af142894de9d555b9983,M28,3,17.94,14.22
272,7fb8af142894de9d555b9983,M29,3,19.51,16.04
272,7fb8af142894de9d555b9983,M30,3,12.55,9.75
273,ca6cb56c983e5492cd15a656,M01,3,7.69,6.99
273,ca6cb56c983e5492cd15a656,M02,3,10.28,9.41
273,ca6cb56c983e5492cd15a656,M03,3,11.4,9.67
273,ca6cb56c983e5492cd15a656,M04,3,10.48,8.99
273,ca6cb56c983e5492cd15a656,M05,3,10.37,8.87
273,ca6cb56c983e5492cd15a656,M06,3,14.07,12.11
273,ca6cb56c983e5492cd15a656,M07,3,15.91,13.26
273,ca6cb56c983e5492cd15a656,M08,3,20.26,17.66
273,ca6cb56c983e5492cd15a656,M09,3,19,16.64
273,ca6cb56c983e5492cd15a656,M10,3,21.71,19.22
273,ca6cb56c983e5492cd15a656,M11,3,20.55,18.33
273,ca6cb56c983e5492cd15a656,M12,3,29.5,24.98
273,ca6cb56c983e5492cd15a656,M13,3,30.39,24.67
273,ca6cb56c983e5492cd15a656,M14,3,27.26,20.81
273,ca6cb56c983e5492cd15a656,M15,3,30.41,24.93
273,ca6cb56c983e5492cd15a656,M16,3,59.23,52.34
273,ca6cb56c983e5492cd15a656,M17,3,7.9,6.99
273,ca6cb56c983e5492cd15a656,M18,3,11.09,9.6
273,ca6cb56c983e5492cd15a656,M19,3,8.96,7.26
273,ca6cb56c983e5492cd15a656,M20,3,11.38,9.575
273,ca6cb56c983e5492cd15a656,M21,3,8.54,6.985
273,ca6cb56c983e5492cd15a656,M22,3,21.21,16.03
273,ca6cb56c983e5492cd15a656,M23,3,18.37,13.455
273,ca6cb56c983e5492cd15a656,M24,3,21.66,16.74
273,ca6cb56c983e5492cd15a656,M25,3,13.93,13.8
273,ca6cb56c983e5492cd15a656,M26,3,12.72,12.58
273,ca6cb56c983e5492cd15a656,M27,3,16.27,15.98
273,ca6cb56c983e5492cd15a656,M28,3,14.47,14.22
273,ca6cb56c983e5492cd15a656,M29,3,16.5,16.04
273,ca6cb56c983e5492cd15a656,M30,3,10.02,9.75
274,9b385e5777f6b270736964d8,M01,4,5,6.845
274,9b385e5777f6b270736964d8,M02,4,6.55,9.175
274,9b385e5777f6b270736964d8,M03,4,5.62,9.25
274,9b385e5777f6b270736964d8,M04,4,5.27,8.44
274,9b385e5777f6b270736964d8,M05,4,5.18,8.46
274,9b385e5777f6b270736964d8,M06,4,7.1,11.555
274,9b385e5777f6b270736964d8,M07,4,7.18,12.545
274,9b385e5777f6b270736964d8,M08,4,9.43,16.89
274,9b385e5777f6b270736964d8,M09,4,8.17,15.81
274,9b385e5777f6b270736964d8,M10,4,11.08,18.53
274,9b385e5777f6b270736964d8,M11,4,10.07,17.615
274,9b385e5777f6b270736964d8,M12,4,11.55,23.555
274,9b385e5777f6b270736964d8,M13,4,11.47,23.13
274,9b385e5777f6b270736964d8,M14,4,8.92,19.65
274,9b385e5777f6b270736964d8,M15,4,11.8,23.315
274,9b385e5777f6b270736964d8,M16,4,21.46,50.515
274,9b385e5777f6b270736964d8,M17,4,3.49,6.655
274,9b385e5777f6b270736964d8,M18,4,5.55,9.155
274,9b385e5777f6b270736964d8,M19,4,4.7,6.985
274,9b385e5777f6b270736964d8,M20,4,5.67,9.35
274,9b385e5777f6b270736964d8,M21,4,4.62,6.77
274,9b385e5777f6b270736964d8,M22,4,8.18,15.23
274,9b385e5777f6b270736964d8,M23,4,6.95,13.01
274,9b385e5777f6b270736964d8,M24,4,8.01,15.92
274,9b385e5777f6b270736964d8,M25,4,9.85,13.5
274,9b385e5777f6b270736964d8,M26,4,8.23,12.19
274,9b385e5777f6b270736964d8,M27,4,9.35,15.28
274,9b385e5777f6b270736964d8,M28,4,7.95,13.34
274,9b385e5777f6b270736964d8,M29,4,9.46,15.58
274,9b385e5777f6b270736964d8,M30,4,5.59,9.25
275,a3cc9e6104a657c18f86b132,M01,0,6.95,6.91
275,a3cc9e6104a657c18f86b132,M02,0,9.83,9.32
275,a3cc9e6104a657c18f86b132,M03,0,10.29,9.36
275,a3cc9e6104a657c18f86b132,M04,0,9.75,8.59
275,a3cc9e6104a657c18f86b132,M05,0,9.82,8.47
275,a3cc9e6104a657c18f86b132,M06,0,12.38,11.77
275,a3cc9e6104a657c18f86b132,M07,0,14.46,12.83
275,a3cc9e6104a657c18f86b132,M08,0,18.76,17.14
275,a3cc9e6104a657c18f86b132,M09,0,17.87,16.05
275,a3cc9e6104a657c18f86b132,M10,0,20.01,18.74
275,a3cc9e6104a657c18f86b132,M11,0,19.45,17.84
275,a3cc9e6104a657c18f86b132,M12,0,27.14,24.05
275,a3cc9e6104a657c18f86b132,M13,0,25.8,23.48
275,a3cc9e6104a657c18f86b132,M14,0,22.84,20.22
275,a3cc9e6104a657c18f86b132,M15,0,27.24,23.9
275,a3cc9e6104a657c18f86b132,M16,0,54.19,51.31
275,a3cc9e6104a657c18f86b132,M17,0,7.27,6.83
275,a3cc9e6104a657c18f86b132,M18,0,9.96,9.32
275,a3cc9e6104a657c18f86b132,M19,0,8.16,7.09
275,a3cc9e6104a657c18f86b132,M20,0,11.73,9.53
275,a3cc9e6104a657c18f86b132,M21,0,8.59,6.95
275,a3cc9e6104a657c18f86b132,M22,0,21.07,15.84
275,a3cc9e6104a657c18f86b132,M23,0,16.71,13.31
275,a3cc9e6104a657c18f86b132,M24,0,28.11,16.53
275,a3cc9e6104a657c18f86b132,M25,0,13.72,13.62
275,a3cc9e6104a657c18f86b132,M26,0,12.59,12.385
275,a3cc9e6104a657c18f86b132,M27,0,15.97,15.7
275,a3cc9e6104a657c18f86b132,M28,0,14.32,13.765
275,a3cc9e6104a657c18f86b132,M29,0,16.45,15.575
275,a3cc9e6104a657c18f86b132,M30,0,9.88,9.385
277,1d0a43c80b2575e810c29b2d,M01,0,7.03,6.91
277,1d0a43c80b2575e810c29b2d,M02,0,9.38,9.32
277,1d0a43c80b2575e810c29b2d,M03,0,9.55,9.36
277,1d0a43c80b2575e810c29b2d,M04,0,8.81,8.59
277,1d0a43c80b2575e810c29b2d,M05,0,8.87,8.47
277,1d0a43c80b2575e810c29b2d,M06,0,12.07,11.77
277,1d0a43c80b2575e810c29b2d,M07,0,13.04,12.83
277,1d0a43c80b2575e810c29b2d,M08,0,17.44,17.14
277,1d0a43c80b2575e810c29b2d,M09,0,16.41,16.05
277,1d0a43c80b2575e810c29b2d,M10,0,19.03,18.74
277,1d0a43c80b2575e810c29b2d,M11,0,18.31,17.84
277,1d0a43c80b2575e810c29b2d,M12,0,24.67,24.05
277,1d0a43c80b2575e810c29b2d,M13,0,24.67,23.48
277,1d0a43c80b2575e810c29b2d,M14,0,21.24,20.22
277,1d0a43c80b2575e810c29b2d,M15,0,24.48,23.9
277,1d0a43c80b2575e810c29b2d,M16,0,52.79,51.31
277,1d0a43c80b2575e810c29b2d,M17,0,6.93,6.83
277,1d0a43c80b2575e810c29b2d,M18,0,9.43,9.32
277,1d0a43c80b2575e810c29b2d,M19,0,7.55,7.09
277,1d0a43c80b2575e810c29b2d,M20,0,9.93,9.53
277,1d0a43c80b2575e810c29b2d,M21,0,7.23,6.95
277,1d0a43c80b2575e810c29b2d,M22,0,16.88,15.84
277,1d0a43c80b2575e810c29b2d,M23,0,14.29,13.31
277,1d0a43c80b2575e810c29b2d,M24,0,17.19,16.53
277,1d0a43c80b2575e810c29b2d,M25,0,13.81,13.62
277,1d0a43c80b2575e810c29b2d,M26,0,12.51,12.385
277,1d0a43c80b2575e810c29b2d,M27,0,15.86,15.7
277,1d0a43c80b2575e810c29b2d,M28,0,13.91,13.765
277,1d0a43c80b2575e810c29b2d,M29,0,15.68,15.575
277,1d0a43c80b2575e810c29b2d,M30,0,9.58,9.385
278,7379aff9cd07b6083d7fa843,M01,0,9.48,6.91
278,7379aff9cd07b6083d7fa843,M02,0,12.01,9.32
278,7379aff9cd07b6083d7fa843,M03,0,14.6,9.36
278,7379aff9cd07b6083d7fa843,M04,0,13.58,8.59
278,7379aff9cd07b6083d7fa843,M05,0,13.91,8.47
278,7379aff9cd07b6083d7fa843,M06,0,17.48,11.77
278,7379aff9cd07b6083d7fa843,M07,0,20.77,12.83
278,7379aff9cd07b6083d7fa843,M08,0,24.71,17.14
278,7379aff9cd07b6083d7fa843,M09,0,23.32,16.05
278,7379aff9cd07b6083d7fa843,M10,0,26.17,18.74
278,7379aff9cd07b6083d7fa843,M11,0,25.37,17.84
278,7379aff9cd07b6083d7fa843,M12,0,37.02,24.05
278,7379aff9cd07b6083d7fa843,M13,0,39.55,23.48
278,7379aff9cd07b6083d7fa843,M14,0,37.02,20.22
278,7379aff9cd07b6083d7fa843,M15,0,39.81,23.9
278,7379aff9cd07b6083d7fa843,M16,0,69.16,51.31
278,7379aff9cd07b6083d7fa843,M17,0,9.58,6.83
278,7379aff9cd07b6083d7fa843,M18,0,13.81,9.32
278,7379aff9cd07b6083d7fa843,M19,0,15.17,7.09
278,7379aff9cd07b6083d7fa843,M25,0,17.16,13.62
278,7379aff9cd07b6083d7fa843,M26,0,15.83,12.385
278,7379aff9cd07b6083d7fa843,M27,0,22.25,15.7
278,7379aff9cd07b6083d7fa843,M28,0,20.64,13.765
278,7379aff9cd07b6083d7fa843,M29,0,22.01,15.575
278,7379aff9cd07b6083d7fa843,M30,0,14.65,9.385
280,bed4536832eee8371b3e89bd,M01,0,7.02,6.91
280,bed4536832eee8371b3e89bd,M02,0,9.87,9.32
280,bed4536832eee8371b3e89bd,M03,0,10.86,9.36
280,bed4536832eee8371b3e89bd,M04,0,9.91,8.59
280,bed4536832eee8371b3e89bd,M05,0,9.62,8.47
280,bed4536832eee8371b3e89bd,M06,0,13.49,11.77
280,bed4536832eee8371b3e89bd,M07,0,14.35,12.83
280,bed4536832eee8371b3e89bd,M08,0,19.01,17.14
280,bed4536832eee8371b3e89bd,M09,0,17.88,16.05
280,bed4536832eee8371b3e89bd,M10,0,20.96,18.74
280,bed4536832eee8371b3e89bd,M11,0,19.7,17.84
280,bed4536832eee8371b3e89bd,M12,0,26.94,24.05
280,bed4536832eee8371b3e89bd,M13,0,25.8,23.48
280,bed4536832eee8371b3e89bd,M14,0,23.22,20.22
280,bed4536832eee8371b3e89bd,M15,0,26.77,23.9
280,bed4536832eee8371b3e89bd,M16,0,54.17,51.31
280,bed4536832eee8371b3e89bd,M17,0,7.16,6.83
280,bed4536832eee8371b3e89bd,M18,0,10.13,9.32
280,bed4536832eee8371b3e89bd,M19,0,7.68,7.09
280,bed4536832eee8371b3e89bd,M20,0,8.44,9.53
280,bed4536832eee8371b3e89bd,M21,0,6.94,6.95
280,bed4536832eee8371b3e89bd,M22,0,14.79,15.84
280,bed4536832eee8371b3e89bd,M23,0,14.22,13.31
280,bed4536832eee8371b3e89bd,M24,0,14.63,16.53
280,bed4536832eee8371b3e89bd,M25,0,14.36,13.62
280,bed4536832eee8371b3e89bd,M26,0,13.21,12.385
280,bed4536832eee8371b3e89bd,M27,0,17.15,15.7
280,bed4536832eee8371b3e89bd,M28,0,15.33,13.765
280,bed4536832eee8371b3e89bd,M29,0,17.09,15.575
280,bed4536832eee8371b3e89bd,M30,0,10.85,9.385
281,bbda52a9d99ca097c7cfd477,M01,3,6.65,6.99
281,bbda52a9d99ca097c7cfd477,M02,3,8.79,9.41
281,bbda52a9d99ca097c7cfd477,M03,3,8.5,9.67
281,bbda52a9d99ca097c7cfd477,M04,3,7.79,8.99
281,bbda52a9d99ca097c7cfd477,M05,3,8.11,8.87
281,bbda52a9d99ca097c7cfd477,M06,3,10.84,12.11
281,bbda52a9d99ca097c7cfd477,M07,3,11.47,13.26
281,bbda52a9d99ca097c7cfd477,M08,3,15.85,17.66
281,bbda52a9d99ca097c7cfd477,M09,3,14.89,16.64
281,bbda52a9d99ca097c7cfd477,M10,3,17.38,19.22
281,bbda52a9d99ca097c7cfd477,M11,3,17.09,18.33
281,bbda52a9d99ca097c7cfd477,M12,3,22.13,24.98
281,bbda52a9d99ca097c7cfd477,M13,3,21.52,24.67
281,bbda52a9d99ca097c7cfd477,M14,3,18.48,20.81
281,bbda52a9d99ca097c7cfd477,M15,3,21.34,24.93
281,bbda52a9d99ca097c7cfd477,M16,3,48.83,52.34
281,bbda52a9d99ca097c7cfd477,M17,3,5.88,6.99
281,bbda52a9d99ca097c7cfd477,M18,3,8,9.6
281,bbda52a9d99ca097c7cfd477,M19,3,5.52,7.26
281,bbda52a9d99ca097c7cfd477,M20,3,6.98,9.575
281,bbda52a9d99ca097c7cfd477,M21,3,5.01,6.985
281,bbda52a9d99ca097c7cfd477,M22,3,10.44,16.03
281,bbda52a9d99ca097c7cfd477,M23,3,9.6,13.455
281,bbda52a9d99ca097c7cfd477,M24,3,10.17,16.74
281,bbda52a9d99ca097c7cfd477,M25,3,14.32,13.8
281,bbda52a9d99ca097c7cfd477,M26,3,13.04,12.58
281,bbda52a9d99ca097c7cfd477,M27,3,16.98,15.98
281,bbda52a9d99ca097c7cfd477,M28,3,15.06,14.22
281,bbda52a9d99ca097c7cfd477,M29,3,16.73,16.04
281,bbda52a9d99ca097c7cfd477,M30,3,10.45,9.75
282,c18e77ce74b9a2e4ab1ae59d,M01,1,8.28,6.95
282,c18e77ce74b9a2e4ab1ae59d,M02,1,11.06,9.36
282,c18e77ce74b9a2e4ab1ae59d,M03,1,13.15,9.52
282,c18e77ce74b9a2e4ab1ae59d,M04,1,12.3,8.81
282,c18e77ce74b9a2e4ab1ae59d,M05,1,12.52,8.8
282,c18e77ce74b9a2e4ab1ae59d,M06,1,15.77,11.89
282,c18e77ce74b9a2e4ab1ae59d,M07,1,18.62,13
282,c18e77ce74b9a2e4ab1ae59d,M08,1,22.73,17.42
282,c18e77ce74b9a2e4ab1ae59d,M09,1,21.57,16.18
282,c18e77ce74b9a2e4ab1ae59d,M10,1,24.08,18.98
282,c18e77ce74b9a2e4ab1ae59d,M11,1,23.51,18.29
282,c18e77ce74b9a2e4ab1ae59d,M12,1,33.77,24.62
282,c18e77ce74b9a2e4ab1ae59d,M13,1,35.36,24.03
282,c18e77ce74b9a2e4ab1ae59d,M14,1,32.72,20.46
282,c18e77ce74b9a2e4ab1ae59d,M15,1,35.87,24.48
282,c18e77ce74b9a2e4ab1ae59d,M16,1,64.63,51.76
282,c18e77ce74b9a2e4ab1ae59d,M17,1,8.81,6.94
282,c18e77ce74b9a2e4ab1ae59d,M18,1,12.65,9.46
282,c18e77ce74b9a2e4ab1ae59d,M19,1,11.6,7.16
282,c18e77ce74b9a2e4ab1ae59d,M20,1,13.43,9.5
282,c18e77ce74b9a2e4ab1ae59d,M21,1,10.79,6.99
282,c18e77ce74b9a2e4ab1ae59d,M22,1,27.87,15.84
282,c18e77ce74b9a2e4ab1ae59d,M23,1,24.74,13.35
282,c18e77ce74b9a2e4ab1ae59d,M24,1,28.52,16.5
282,c18e77ce74b9a2e4ab1ae59d,M25,1,15.84,13.75
282,c18e77ce74b9a2e4ab1ae59d,M26,1,14.73,12.54
282,c18e77ce74b9a2e4ab1ae59d,M27,1,20.3,15.91
282,c18e77ce74b9a2e4ab1ae59d,M28,1,18.73,13.91
282,c18e77ce74b9a2e4ab1ae59d,M29,1,20.25,15.68
282,c18e77ce74b9a2e4ab1ae59d,M30,1,13.18,9.58
283,c2eedb24cf5e98af3c88b4c1,M01,1,7.36,6.95
283,c2eedb24cf5e98af3c88b4c1,M02,1,9.89,9.36
283,c2eedb24cf5e98af3c88b4c1,M03,1,10.61,9.52
283,c2eedb24cf5e98af3c88b4c1,M04,1,9.82,8.81
283,c2eedb24cf5e98af3c88b4c1,M05,1,9.82,8.8
283,c2eedb24cf5e98af3c88b4c1,M06,1,13.16,11.89
283,c2eedb24cf5e98af3c88b4c1,M07,1,14.72,13
283,c2eedb24cf5e98af3c88b4c1,M08,1,19.13,17.42
283,c2eedb24cf5e98af3c88b4c1,M09,1,18.03,16.18
283,c2eedb24cf5e98af3c88b4c1,M10,1,20.58,18.98
283,c2eedb24cf5e98af3c88b4c1,M11,1,19.78,18.29
283,c2eedb24cf5e98af3c88b4c1,M12,1,27.63,24.62
283,c2eedb24cf5e98af3c88b4c1,M13,1,27.96,24.03
283,c2eedb24cf5e98af3c88b4c1,M14,1,24.84,20.46
283,c2eedb24cf5e98af3c88b4c1,M15,1,27.99,24.48
283,c2eedb24cf5e98af3c88b4c1,M16,1,56.63,51.76
283,c2eedb24cf5e98af3c88b4c1,M17,1,7.46,6.94
283,c2eedb24cf5e98af3c88b4c1,M18,1,10.4,9.46
283,c2eedb24cf5e98af3c88b4c1,M19,1,8.51,7.16
283,c2eedb24cf5e98af3c88b4c1,M20,1,10.93,9.5
283,c2eedb24cf5e98af3c88b4c1,M21,1,8.11,6.99
283,c2eedb24cf5e98af3c88b4c1,M22,1,19.81,15.84
283,c2eedb24cf5e98af3c88b4c1,M23,1,17.07,13.35
283,c2eedb24cf5e98af3c88b4c1,M24,1,20.15,16.5
283,c2eedb24cf5e98af3c88b4c1,M25,1,13.82,13.75
283,c2eedb24cf5e98af3c88b4c1,M26,1,12.6,12.54
283,c2eedb24cf5e98af3c88b4c1,M27,1,16.01,15.91
283,c2eedb24cf5e98af3c88b4c1,M28,1,14.22,13.91
283,c2eedb24cf5e98af3c88b4c1,M29,1,16.06,15.68
283,c2eedb24cf5e98af3c88b4c1,M30,1,9.85,9.58
284,6c8bd1deff5bdb9e32c6446d,M01,2,8.11,6.88
284,6c8bd1deff5bdb9e32c6446d,M02,2,12.48,9.32
284,6c8bd1deff5bdb9e32c6446d,M03,2,15.18,9.36
284,6c8bd1deff5bdb9e32c6446d,M04,2,14.18,8.58
284,6c8bd1deff5bdb9e32c6446d,M05,2,14.5,8.46
284,6c8bd1deff5bdb9e32c6446d,M06,2,18.3,11.66
284,6c8bd1deff5bdb9e32c6446d,M07,2,21.63,12.81
284,6c8bd1deff5bdb9e32c6446d,M08,2,25.51,16.97
284,6c8bd1deff5bdb9e32c6446d,M09,2,24.15,16.03
284,6c8bd1deff5bdb9e32c6446d,M10,2,26.99,18.71
284,6c8bd1deff5bdb9e32c6446d,M11,2,26.18,17.82
284,6c8bd1deff5bdb9e32c6446d,M12,2,38.34,24
284,6c8bd1deff5bdb9e32c6446d,M13,2,41.36,23.43
284,6c8bd1deff5bdb9e32c6446d,M14,2,38.95,20.18
284,6c8bd1deff5bdb9e32c6446d,M15,2,41.18,23.65
284,6c8bd1deff5bdb9e32c6446d,M16,2,71.11,51.18
284,6c8bd1deff5bdb9e32c6446d,M17,2,9.96,6.73
284,6c8bd1deff5bdb9e32c6446d,M18,2,14.35,9.21
284,6c8bd1deff5bdb9e32c6446d,M19,2,15.22,6.87
284,6c8bd1deff5bdb9e32c6446d,M20,2,16.47,9.15
284,6c8bd1deff5bdb9e32c6446d,M21,2,13.94,6.77
284,6c8bd1deff5bdb9e32c6446d,M22,2,37.38,15.22
284,6c8bd1deff5bdb9e32c6446d,M23,2,34.54,13.01
284,6c8bd1deff5bdb9e32c6446d,M24,2,37.14,15.92
284,6c8bd1deff5bdb9e32c6446d,M25,2,18.01,13.62
284,6c8bd1deff5bdb9e32c6446d,M26,2,16.43,12.34
284,6c8bd1deff5bdb9e32c6446d,M27,2,23.21,15.67
284,6c8bd1deff5bdb9e32c6446d,M28,2,21.56,13.69
284,6c8bd1deff5bdb9e32c6446d,M29,2,22.75,15.58
284,6c8bd1deff5bdb9e32c6446d,M30,2,15.27,9.38
285,13cc0dc0c9b50911e5f7c80a,M01,1,7.29,6.95
285,13cc0dc0c9b50911e5f7c80a,M02,1,9.7,9.36
285,13cc0dc0c9b50911e5f7c80a,M03,1,10.2,9.52
285,13cc0dc0c9b50911e5f7c80a,M04,1,9.13,8.81
285,13cc0dc0c9b50911e5f7c80a,M05,1,9.3,8.8
285,13cc0dc0c9b50911e5f7c80a,M06,1,12.86,11.89
285,13cc0dc0c9b50911e5f7c80a,M07,1,14.05,13
285,13cc0dc0c9b50911e5f7c80a,M08,1,18.47,17.42
285,13cc0dc0c9b50911e5f7c80a,M09,1,16.98,16.18
285,13cc0dc0c9b50911e5f7c80a,M10,1,19.99,18.98
285,13cc0dc0c9b50911e5f7c80a,M11,1,18.99,18.29
285,13cc0dc0c9b50911e5f7c80a,M12,1,26.44,24.62
285,13cc0dc0c9b50911e5f7c80a,M13,1,26.93,24.03
285,13cc0dc0c9b50911e5f7c80a,M14,1,23.54,20.46
285,13cc0dc0c9b50911e5f7c80a,M15,1,26.37,24.48
285,13cc0dc0c9b50911e5f7c80a,M16,1,55.47,51.76
285,13cc0dc0c9b50911e5f7c80a,M17,1,7.1,6.94
285,13cc0dc0c9b50911e5f7c80a,M18,1,9.74,9.46
285,13cc0dc0c9b50911e5f7c80a,M19,1,7.94,7.16
285,13cc0dc0c9b50911e5f7c80a,M20,1,10.34,9.5
285,13cc0dc0c9b50911e5f7c80a,M21,1,7.42,6.99
285,13cc0dc0c9b50911e5f7c80a,M22,1,17.98,15.84
285,13cc0dc0c9b50911e5f7c80a,M23,1,15.32,13.35
285,13cc0dc0c9b50911e5f7c80a,M24,1,18.14,16.5
285,13cc0dc0c9b50911e5f7c80a,M25,1,14.23,13.75
285,13cc0dc0c9b50911e5f7c80a,M26,1,12.95,12.54
285,13cc0dc0c9b50911e5f7c80a,M27,1,16.81,15.91
285,13cc0dc0c9b50911e5f7c80a,M28,1,14.9,13.91
285,13cc0dc0c9b50911e5f7c80a,M29,1,16.41,15.68
285,13cc0dc0c9b50911e5f7c80a,M30,1,10.23,9.58
286,df47194b4bdae24605cf1a6e,M01,3,6.95,6.99
286,df47194b4bdae24605cf1a6e,M02,3,9.95,9.41
286,df47194b4bdae24605cf1a6e,M03,3,10.71,9.67
286,df47194b4bdae24605cf1a6e,M04,3,9.75,8.99
286,df47194b4bdae24605cf1a6e,M05,3,9.71,8.87
286,df47194b4bdae24605cf1a6e,M06,3,13.13,12.11
286,df47194b4bdae24605cf1a6e,M07,3,14.29,13.26
286,df47194b4bdae24605cf1a6e,M08,3,18.87,17.66
286,df47194b4bdae24605cf1a6e,M09,3,17.73,16.64
286,df47194b4bdae24605cf1a6e,M10,3,20.45,19.22
286,df47194b4bdae24605cf1a6e,M11,3,19.62,18.33
286,df47194b4bdae24605cf1a6e,M12,3,26.84,24.98
286,df47194b4bdae24605cf1a6e,M13,3,25.55,24.67
286,df47194b4bdae24605cf1a6e,M14,3,22.85,20.81
286,df47194b4bdae24605cf1a6e,M15,3,26.37,24.93
286,df47194b4bdae24605cf1a6e,M16,3,53.86,52.34
286,df47194b4bdae24605cf1a6e,M17,3,7.03,6.99
286,df47194b4bdae24605cf1a6e,M18,3,9.88,9.6
286,df47194b4bdae24605cf1a6e,M19,3,6.34,7.26
286,df47194b4bdae24605cf1a6e,M20,3,8.54,9.575
286,df47194b4bdae24605cf1a6e,M21,3,6.99,6.985
286,df47194b4bdae24605cf1a6e,M22,3,14.97,16.03
286,df47194b4bdae24605cf1a6e,M23,3,14.04,13.455
286,df47194b4bdae24605cf1a6e,M24,3,14.7,16.74
286,df47194b4bdae24605cf1a6e,M25,3,13.81,13.8
286,df47194b4bdae24605cf1a6e,M26,3,12.67,12.58
286,df47194b4bdae24605cf1a6e,M27,3,16.11,15.98
286,df47194b4bdae24605cf1a6e,M28,3,14.38,14.22
286,df47194b4bdae24605cf1a6e,M29,3,16.24,16.04
286,df47194b4bdae24605cf1a6e,M30,3,10.11,9.75
290,b4432b95902e4e88b42e2066,M01,0,7.64,6.91
290,b4432b95902e4e88b42e2066,M02,0,10.22,9.32
290,b4432b95902e4e88b42e2066,M03,0,11.19,9.36
290,b4432b95902e4e88b42e2066,M04,0,10.22,8.59
290,b4432b95902e4e88b42e2066,M05,0,10.41,8.47
290,b4432b95902e4e88b42e2066,M06,0,13.84,11.77
290,b4432b95902e4e88b42e2066,M07,0,15.54,12.83
290,b4432b95902e4e88b42e2066,M08,0,19.91,17.14
290,b4432b95902e4e88b42e2066,M09,0,18.58,16.05
290,b4432b95902e4e88b42e2066,M10,0,21.43,18.74
290,b4432b95902e4e88b42e2066,M11,0,20.59,17.84
290,b4432b95902e4e88b42e2066,M12,0,28.78,24.05
290,b4432b95902e4e88b42e2066,M13,0,29.45,23.48
290,b4432b95902e4e88b42e2066,M14,0,26.07,20.22
290,b4432b95902e4e88b42e2066,M15,0,29.65,23.9
290,b4432b95902e4e88b42e2066,M16,0,58.21,51.31
290,b4432b95902e4e88b42e2066,M17,0,7.74,6.83
290,b4432b95902e4e88b42e2066,M18,0,10.76,9.32
290,b4432b95902e4e88b42e2066,M19,0,8.62,7.09
290,b4432b95902e4e88b42e2066,M20,0,10.94,9.53
290,b4432b95902e4e88b42e2066,M21,0,8.06,6.95
290,b4432b95902e4e88b42e2066,M22,0,19.82,15.84
290,b4432b95902e4e88b42e2066,M23,0,16.45,13.31
290,b4432b95902e4e88b42e2066,M24,0,20.17,16.53
290,b4432b95902e4e88b42e2066,M25,0,14.81,13.62
290,b4432b95902e4e88b42e2066,M26,0,13.53,12.385
290,b4432b95902e4e88b42e2066,M27,0,17.98,15.7
290,b4432b95902e4e88b42e2066,M28,0,16.07,13.765
290,b4432b95902e4e88b42e2066,M29,0,17.87,15.575
290,b4432b95902e4e88b42e2066,M30,0,11.24,9.385
291,bb6c0863dd45d3f74e17df3e,M01,4,7.5,6.845
291,bb6c0863dd45d3f74e17df3e,M02,4,10.37,9.175
291,bb6c0863dd45d3f74e17df3e,M03,4,11.74,9.25
291,bb6c0863dd45d3f74e17df3e,M04,4,11.16,8.44
291,bb6c0863dd45d3f74e17df3e,M05,4,11.02,8.46
291,bb6c0863dd45d3f74e17df3e,M06,4,13.87,11.555
291,bb6c0863dd45d3f74e17df3e,M07,4,16.5,12.545
291,bb6c0863dd45d3f74e17df3e,M08,4,20.79,16.89
291,bb6c0863dd45d3f74e17df3e,M09,4,19.97,15.81
291,bb6c0863dd45d3f74e17df3e,M10,4,22.16,18.53
291,bb6c0863dd45d3f74e17df3e,M11,4,21.47,17.615
291,bb6c0863dd45d3f74e17df3e,M12,4,30.55,23.555
291,bb6c0863dd45d3f74e17df3e,M13,4,30.32,23.13
291,bb6c0863dd45d3f74e17df3e,M14,4,27.57,19.65
291,bb6c0863dd45d3f74e17df3e,M15,4,31.54,23.315
291,bb6c0863dd45d3f74e17df3e,M16,4,59.22,50.515
291,bb6c0863dd45d3f74e17df3e,M17,4,8.19,6.655
291,bb6c0863dd45d3f74e17df3e,M18,4,11.64,9.155
291,bb6c0863dd45d3f74e17df3e,M19,4,8.61,6.985
291,bb6c0863dd45d3f74e17df3e,M20,4,12.35,9.35
291,bb6c0863dd45d3f74e17df3e,M21,4,9.14,6.77
291,bb6c0863dd45d3f74e17df3e,M22,4,23.08,15.23
291,bb6c0863dd45d3f74e17df3e,M23,4,18.43,13.01
291,bb6c0863dd45d3f74e17df3e,M24,4,29.56,15.92
291,bb6c0863dd45d3f74e17df3e,M25,4,14.6,13.5
291,bb6c0863dd45d3f74e17df3e,M26,4,13.54,12.19
291,bb6c0863dd45d3f74e17df3e,M27,4,17.87,15.28
291,bb6c0863dd45d3f74e17df3e,M28,4,16.32,13.34
291,bb6c0863dd45d3f74e17df3e,M29,4,18.25,15.58
291,bb6c0863dd45d3f74e17df3e,M30,4,11.34,9.25
294,d5d831302cba59032cb7c4e8,M01,0,7.2,6.91
294,d5d831302cba59032cb7c4e8,M02,0,9.69,9.32
294,d5d831302cba59032cb7c4e8,M03,0,10.41,9.36
294,d5d831302cba59032cb7c4e8,M04,0,9.98,8.59
294,d5d831302cba59032cb7c4e8,M05,0,10.17,8.47
294,d5d831302cba59032cb7c4e8,M06,0,13.04,11.77
294,d5d831302cba59032cb7c4e8,M07,0,14.5,12.83
294,d5d831302cba59032cb7c4e8,M08,0,18.9,17.14
294,d5d831302cba59032cb7c4e8,M09,0,18.36,16.05
294,d5d831302cba59032cb7c4e8,M10,0,20.27,18.74
294,d5d831302cba59032cb7c4e8,M11,0,20.26,17.84
294,d5d831302cba59032cb7c4e8,M12,0,27.48,24.05
294,d5d831302cba59032cb7c4e8,M13,0,28.16,23.48
294,d5d831302cba59032cb7c4e8,M14,0,26.19,20.22
294,d5d831302cba59032cb7c4e8,M15,0,28.1,23.9
294,d5d831302cba59032cb7c4e8,M16,0,56.9,51.31
294,d5d831302cba59032cb7c4e8,M17,0,7.45,6.83
294,d5d831302cba59032cb7c4e8,M18,0,10.45,9.32
294,d5d831302cba59032cb7c4e8,M19,0,8.12,7.09
294,d5d831302cba59032cb7c4e8,M20,0,10.11,9.53
294,d5d831302cba59032cb7c4e8,M21,0,7.8,6.95
294,d5d831302cba59032cb7c4e8,M22,0,17.94,15.84
294,d5d831302cba59032cb7c4e8,M23,0,18.6,13.31
294,d5d831302cba59032cb7c4e8,M24,0,17.1,16.53
294,d5d831302cba59032cb7c4e8,M25,0,15.46,13.62
294,d5d831302cba59032cb7c4e8,M26,0,14.33,12.385
294,d5d831302cba59032cb7c4e8,M27,0,19.54,15.7
294,d5d831302cba59032cb7c4e8,M28,0,17.94,13.765
294,d5d831302cba59032cb7c4e8,M29,0,19.44,15.575
294,d5d831302cba59032cb7c4e8,M30,0,12.36,9.385
295,0a411c9b61631bf103bfed61,M01,3,7.81,6.99
295,0a411c9b61631bf103bfed61,M02,3,10.51,9.41
295,0a411c9b61631bf103bfed61,M03,3,11.94,9.67
295,0a411c9b61631bf103bfed61,M04,3,11.13,8.99
295,0a411c9b61631bf103bfed61,M05,3,11.31,8.87
295,0a411c9b61631bf103bfed61,M06,3,14.53,12.11
295,0a411c9b61631bf103bfed61,M07,3,16.76,13.26
295,0a411c9b61631bf103bfed61,M08,3,21.02,17.66
295,0a411c9b61631bf103bfed61,M09,3,19.93,16.64
295,0a411c9b61631bf103bfed61,M10,3,22.47,19.22
295,0a411c9b61631bf103bfed61,M11,3,21.82,18.33
295,0a411c9b61631bf103bfed61,M12,3,30.87,24.98
295,0a411c9b61631bf103bfed61,M13,3,31.83,24.67
295,0a411c9b61631bf103bfed61,M14,3,28.94,20.81
295,0a411c9b61631bf103bfed61,M15,3,32.16,24.93
295,0a411c9b61631bf103bfed61,M16,3,60.84,52.34
295,0a411c9b61631bf103bfed61,M17,3,8.23,6.99
295,0a411c9b61631bf103bfed61,M18,3,11.59,9.6
295,0a411c9b61631bf103bfed61,M19,3,10.53,7.26
295,0a411c9b61631bf103bfed61,M20,3,12.62,9.575
295,0a411c9b61631bf103bfed61,M21,3,9.95,6.985
295,0a411c9b61631bf103bfed61,M22,3,25.27,16.03
295,0a411c9b61631bf103bfed61,M23,3,22.19,13.455
295,0a411c9b61631bf103bfed61,M24,3,25.76,16.74
295,0a411c9b61631bf103bfed61,M25,3,15.13,13.8
295,0a411c9b61631bf103bfed61,M26,3,13.98,12.58
295,0a411c9b61631bf103bfed61,M27,3,18.8,15.98
295,0a411c9b61631bf103bfed61,M28,3,17.18,14.22
295,0a411c9b61631bf103bfed61,M29,3,18.75,16.04
295,0a411c9b61631bf103bfed61,M30,3,11.98,9.75
296,5cc22c63bfc2c970da060ca8,M01,1,7.49,6.95
296,5cc22c63bfc2c970da060ca8,M02,1,10.34,9.36
296,5cc22c63bfc2c970da060ca8,M03,1,11.67,9.52
296,5cc22c63bfc2c970da060ca8,M04,1,10.88,8.81
296,5cc22c63bfc2c970da060ca8,M05,1,11.01,8.8
296,5cc22c63bfc2c970da060ca8,M06,1,13.91,11.89
296,5cc22c63bfc2c970da060ca8,M07,1,16.45,13
296,5cc22c63bfc2c970da060ca8,M08,1,20.91,17.42
296,5cc22c63bfc2c970da060ca8,M09,1,19.85,16.18
296,5cc22c63bfc2c970da060ca8,M10,1,22.01,18.98
296,5cc22c63bfc2c970da060ca8,M11,1,21.43,18.29
296,5cc22c63bfc2c970da060ca8,M12,1,30.47,24.62
296,5cc22c63bfc2c970da060ca8,M13,1,30.22,24.03
296,5cc22c63bfc2c970da060ca8,M14,1,27.4,20.46
296,5cc22c63bfc2c970da060ca8,M15,1,31.59,24.48
296,5cc22c63bfc2c970da060ca8,M16,1,59.11,51.76
296,5cc22c63bfc2c970da060ca8,M17,1,8.51,6.94
296,5cc22c63bfc2c970da060ca8,M18,1,11.27,9.46
296,5cc22c63bfc2c970da060ca8,M19,1,9.11,7.16
296,5cc22c63bfc2c970da060ca8,M20,1,11.78,9.5
296,5cc22c63bfc2c970da060ca8,M21,1,8.58,6.99
296,5cc22c63bfc2c970da060ca8,M22,1,20.46,15.84
296,5cc22c63bfc2c970da060ca8,M23,1,16.59,13.35
296,5cc22c63bfc2c970da060ca8,M24,1,26.25,16.5
296,5cc22c63bfc2c970da060ca8,M25,1,14.6,13.75
296,5cc22c63bfc2c970da060ca8,M26,1,13.54,12.54
296,5cc22c63bfc2c970da060ca8,M27,1,17.51,15.91
296,5cc22c63bfc2c970da060ca8,M28,1,16.28,13.91
296,5cc22c63bfc2c970da060ca8,M29,1,18.29,15.68
296,5cc22c63bfc2c970da060ca8,M30,1,11.3,9.58
297,a4d13ddf9429ac6f4154b0e3,M01,3,7.36,6.99
297,a4d13ddf9429ac6f4154b0e3,M02,3,10.27,9.41
297,a4d13ddf9429ac6f4154b0e3,M03,3,11.44,9.67
297,a4d13ddf9429ac6f4154b0e3,M04,3,10.49,8.99
297,a4d13ddf9429ac6f4154b0e3,M05,3,10.63,8.87
297,a4d13ddf9429ac6f4154b0e3,M06,3,14.26,12.11
297,a4d13ddf9429ac6f4154b0e3,M07,3,15.71,13.26
297,a4d13ddf9429ac6f4154b0e3,M08,3,20.16,17.66
297,a4d13ddf9429ac6f4154b0e3,M09,3,18.79,16.64
297,a4d13ddf9429ac6f4154b0e3,M10,3,21.74,19.22
297,a4d13ddf9429ac6f4154b0e3,M11,3,20.99,18.33
297,a4d13ddf9429ac6f4154b0e3,M12,3,29.16,24.98
297,a4d13ddf9429ac6f4154b0e3,M13,3,29.53,24.67
297,a4d13ddf9429ac6f4154b0e3,M14,3,26.81,20.81
297,a4d13ddf9429ac6f4154b0e3,M15,3,30.64,24.93
297,a4d13ddf9429ac6f4154b0e3,M16,3,58.36,52.34
297,a4d13ddf9429ac6f4154b0e3,M17,3,8.26,6.99
297,a4d13ddf9429ac6f4154b0e3,M18,3,11.56,9.6
297,a4d13ddf9429ac6f4154b0e3,M19,3,9.17,7.26
297,a4d13ddf9429ac6f4154b0e3,M20,3,13.71,9.575
297,a4d13ddf9429ac6f4154b0e3,M21,3,9.85,6.985
297,a4d13ddf9429ac6f4154b0e3,M22,3,25.62,16.03
297,a4d13ddf9429ac6f4154b0e3,M23,3,20.33,13.455
297,a4d13ddf9429ac6f4154b0e3,M24,3,20.89,16.74
297,a4d13ddf9429ac6f4154b0e3,M25,3,14.39,13.8
297,a4d13ddf9429ac6f4154b0e3,M26,3,13.34,12.58
297,a4d13ddf9429ac6f4154b0e3,M27,3,17.48,15.98
297,a4d13ddf9429ac6f4154b0e3,M28,3,16,14.22
297,a4d13ddf9429ac6f4154b0e3,M29,3,17.82,16.04
297,a4d13ddf9429ac6f4154b0e3,M30,3,11.14,9.75
300,98b5399112d2ffc2aa957c86,M01,3,8.08,6.99
300,98b5399112d2ffc2aa957c86,M02,3,10.76,9.41
300,98b5399112d2ffc2aa957c86,M03,3,12.31,9.67
300,98b5399112d2ffc2aa957c86,M04,3,11.51,8.99
300,98b5399112d2ffc2aa957c86,M05,3,11.66,8.87
300,98b5399112d2ffc2aa957c86,M06,3,15.02,12.11
300,98b5399112d2ffc2aa957c86,M07,3,17.21,13.26
300,98b5399112d2ffc2aa957c86,M08,3,21.5,17.66
300,98b5399112d2ffc2aa957c86,M09,3,20.41,16.64
300,98b5399112d2ffc2aa957c86,M10,3,23.01,19.22
300,98b5399112d2ffc2aa957c86,M11,3,22.4,18.33
300,98b5399112d2ffc2aa957c86,M12,3,31.43,24.98
300,98b5399112d2ffc2aa957c86,M13,3,32.63,24.67
300,98b5399112d2ffc2aa957c86,M14,3,29.36,20.81
300,98b5399112d2ffc2aa957c86,M15,3,33.34,24.93
300,98b5399112d2ffc2aa957c86,M16,3,61.64,52.34
300,98b5399112d2ffc2aa957c86,M17,3,8.44,6.99
300,98b5399112d2ffc2aa957c86,M18,3,11.93,9.6
300,98b5399112d2ffc2aa957c86,M19,3,10.45,7.26
300,98b5399112d2ffc2aa957c86,M20,3,12.59,9.575
300,98b5399112d2ffc2aa957c86,M21,3,9.75,6.985
300,98b5399112d2ffc2aa957c86,M22,3,24.73,16.03
300,98b5399112d2ffc2aa957c86,M23,3,21.47,13.455
300,98b5399112d2ffc2aa957c86,M24,3,25.42,16.74
300,98b5399112d2ffc2aa957c86,M25,3,15.34,13.8
300,98b5399112d2ffc2aa957c86,M26,3,14.11,12.58
300,98b5399112d2ffc2aa957c86,M27,3,19.05,15.98
300,98b5399112d2ffc2aa957c86,M28,3,17.19,14.22
300,98b5399112d2ffc2aa957c86,M29,3,19.1,16.04
300,98b5399112d2ffc2aa957c86,M30,3,12.13,9.75
301,a7efe2a12592b5fa953c9862,M01,0,7.44,6.91
301,a7efe2a12592b5fa953c9862,M02,0,10.31,9.32
301,a7efe2a12592b5fa953c9862,M03,0,11.53,9.36
301,a7efe2a12592b5fa953c9862,M04,0,10.89,8.59
301,a7efe2a12592b5fa953c9862,M05,0,10.89,8.47
301,a7efe2a12592b5fa953c9862,M06,0,13.78,11.77
301,a7efe2a12592b5fa953c9862,M07,0,16.42,12.83
301,a7efe2a12592b5fa953c9862,M08,0,20.88,17.14
301,a7efe2a12592b5fa953c9862,M09,0,19.83,16.05
301,a7efe2a12592b5fa953c9862,M10,0,22.04,18.74
301,a7efe2a12592b5fa953c9862,M11,0,21.4,17.84
301,a7efe2a12592b5fa953c9862,M12,0,30.48,24.05
301,a7efe2a12592b5fa953c9862,M13,0,30.18,23.48
301,a7efe2a12592b5fa953c9862,M14,0,27.49,20.22
301,a7efe2a12592b5fa953c9862,M15,0,31.45,23.9
301,a7efe2a12592b5fa953c9862,M16,0,59.09,51.31
301,a7efe2a12592b5fa953c9862,M17,0,8.04,6.83
301,a7efe2a12592b5fa953c9862,M18,0,11.25,9.32
301,a7efe2a12592b5fa953c9862,M19,0,9.11,7.09
301,a7efe2a12592b5fa953c9862,M20,0,13.98,9.53
301,a7efe2a12592b5fa953c9862,M21,0,10.09,6.95
301,a7efe2a12592b5fa953c9862,M22,0,26.12,15.84
301,a7efe2a12592b5fa953c9862,M23,0,20.66,13.31
301,a7efe2a12592b5fa953c9862,M24,0,23.45,16.53
301,a7efe2a12592b5fa953c9862,M25,0,14.53,13.62
301,a7efe2a12592b5fa953c9862,M26,0,13.52,12.385
301,a7efe2a12592b5fa953c9862,M27,0,17.8,15.7
301,a7efe2a12592b5fa953c9862,M28,0,16.28,13.765
301,a7efe2a12592b5fa953c9862,M29,0,18.17,15.575
301,a7efe2a12592b5fa953c9862,M30,0,11.14,9.385
302,0cbfc205af64784e06b727c4,M01,3,6.84,6.99
302,0cbfc205af64784e06b727c4,M02,3,9.17,9.41
302,0cbfc205af64784e06b727c4,M03,3,9.35,9.67
302,0cbfc205af64784e06b727c4,M04,3,8.83,8.99
302,0cbfc205af64784e06b727c4,M05,3,8.92,8.87
302,0cbfc205af64784e06b727c4,M06,3,11.89,12.11
302,0cbfc205af64784e06b727c4,M07,3,12.87,13.26
302,0cbfc205af64784e06b727c4,M08,3,17.3,17.66
302,0cbfc205af64784e06b727c4,M09,3,16.63,16.64
302,0cbfc205af64784e06b727c4,M10,3,18.74,19.22
302,0cbfc205af64784e06b727c4,M11,3,18.48,18.33
302,0cbfc205af64784e06b727c4,M12,3,24.73,24.98
302,0cbfc205af64784e06b727c4,M13,3,24.85,24.67
302,0cbfc205af64784e06b727c4,M14,3,22.08,20.81
302,0cbfc205af64784e06b727c4,M15,3,24.56,24.93
302,0cbfc205af64784e06b727c4,M16,3,53.18,52.34
302,0cbfc205af64784e06b727c4,M17,3,6.83,6.99
302,0cbfc205af64784e06b727c4,M18,3,9.41,9.6
302,0cbfc205af64784e06b727c4,M19,3,5.81,7.26
302,0cbfc205af64784e06b727c4,M20,3,8.03,9.575
302,0cbfc205af64784e06b727c4,M21,3,5.58,6.985
302,0cbfc205af64784e06b727c4,M22,3,12.24,16.03
302,0cbfc205af64784e06b727c4,M23,3,11.2,13.455
302,0cbfc205af64784e06b727c4,M24,3,11.72,16.74
302,0cbfc205af64784e06b727c4,M25,3,13.75,13.8
302,0cbfc205af64784e06b727c4,M26,3,12.62,12.58
302,0cbfc205af64784e06b727c4,M27,3,16.09,15.98
302,0cbfc205af64784e06b727c4,M28,3,14.42,14.22
302,0cbfc205af64784e06b727c4,M29,3,15.76,16.04
302,0cbfc205af64784e06b727c4,M30,3,9.85,9.75
303,fa4fe83161caa77335eb59e7,M01,4,7.67,6.845
303,fa4fe83161caa77335eb59e7,M02,4,10.6,9.175
303,fa4fe83161caa77335eb59e7,M03,4,12.26,9.25
303,fa4fe83161caa77335eb59e7,M04,4,11.67,8.44
303,fa4fe83161caa77335eb59e7,M05,4,11.57,8.46
303,fa4fe83161caa77335eb59e7,M06,4,14.43,11.555
303,fa4fe83161caa77335eb59e7,M07,4,17.3,12.545
303,fa4fe83161caa77335eb59e7,M08,4,21.51,16.89
303,fa4fe83161caa77335eb59e7,M09,4,20.71,15.81
303,fa4fe83161caa77335eb59e7,M10,4,22.85,18.53
303,fa4fe83161caa77335eb59e7,M11,4,22.21,17.615
303,fa4fe83161caa77335eb59e7,M12,4,31.83,23.555
303,fa4fe83161caa77335eb59e7,M13,4,31.94,23.13
303,fa4fe83161caa77335eb59e7,M14,4,29.36,19.65
303,fa4fe83161caa77335eb59e7,M15,4,33.08,23.315
303,fa4fe83161caa77335eb59e7,M16,4,60.97,50.515
303,fa4fe83161caa77335eb59e7,M17,4,8.46,6.655
303,fa4fe83161caa77335eb59e7,M18,4,12.1,9.155
303,fa4fe83161caa77335eb59e7,M19,4,9.29,6.985
303,fa4fe83161caa77335eb59e7,M20,4,13.46,9.35
303,fa4fe83161caa77335eb59e7,M21,4,9.9,6.77
303,fa4fe83161caa77335eb59e7,M22,4,25.92,15.23
303,fa4fe83161caa77335eb59e7,M23,4,20.55,13.01
303,fa4fe83161caa77335eb59e7,M24,4,26.45,15.92
303,fa4fe83161caa77335eb59e7,M25,4,14.89,13.5
303,fa4fe83161caa77335eb59e7,M26,4,13.89,12.19
303,fa4fe83161caa77335eb59e7,M27,4,18.55,15.28
303,fa4fe83161caa77335eb59e7,M28,4,17.05,13.34
303,fa4fe83161caa77335eb59e7,M29,4,18.87,15.58
303,fa4fe83161caa77335eb59e7,M30,4,11.89,9.25
304,18c5d30cfe53fd9b8fe0bc36,M01,0,7.71,6.91
304,18c5d30cfe53fd9b8fe0bc36,M02,0,10.37,9.32
304,18c5d30cfe53fd9b8fe0bc36,M03,0,11.66,9.36
304,18c5d30cfe53fd9b8fe0bc36,M04,0,10.87,8.59
304,18c5d30cfe53fd9b8fe0bc36,M05,0,10.78,8.47
304,18c5d30cfe53fd9b8fe0bc36,M06,0,14.31,11.77
304,18c5d30cfe53fd9b8fe0bc36,M07,0,16.33,12.83
304,18c5d30cfe53fd9b8fe0bc36,M08,0,20.64,17.14
304,18c5d30cfe53fd9b8fe0bc36,M09,0,19.58,16.05
304,18c5d30cfe53fd9b8fe0bc36,M10,0,22.03,18.74
304,18c5d30cfe53fd9b8fe0bc36,M11,0,21.07,17.84
304,18c5d30cfe53fd9b8fe0bc36,M12,0,30.19,24.05
304,18c5d30cfe53fd9b8fe0bc36,M13,0,31.25,23.48
304,18c5d30cfe53fd9b8fe0bc36,M14,0,28.26,20.22
304,18c5d30cfe53fd9b8fe0bc36,M15,0,31.16,23.9
304,18c5d30cfe53fd9b8fe0bc36,M16,0,60.2,51.31
304,18c5d30cfe53fd9b8fe0bc36,M17,0,8.08,6.83
304,18c5d30cfe53fd9b8fe0bc36,M18,0,11.4,9.32
304,18c5d30cfe53fd9b8fe0bc36,M19,0,9.56,7.09
304,18c5d30cfe53fd9b8fe0bc36,M20,0,11.81,9.53
304,18c5d30cfe53fd9b8fe0bc36,M21,0,9,6.95
304,18c5d30cfe53fd9b8fe0bc36,M22,0,22.5,15.84
304,18c5d30cfe53fd9b8fe0bc36,M23,0,19.6,13.31
304,18c5d30cfe53fd9b8fe0bc36,M24,0,22.77,16.53
304,18c5d30cfe53fd9b8fe0bc36,M25,0,14.07,13.62
304,18c5d30cfe53fd9b8fe0bc36,M26,0,12.87,12.385
304,18c5d30cfe53fd9b8fe0bc36,M27,0,16.62,15.7
304,18c5d30cfe53fd9b8fe0bc36,M28,0,14.88,13.765
304,18c5d30cfe53fd9b8fe0bc36,M29,0,16.65,15.575
304,18c5d30cfe53fd9b8fe0bc36,M30,0,10.3,9.385
306,f295586a0be60255fdd0f3df,M01,0,7.75,6.91
306,f295586a0be60255fdd0f3df,M02,0,10.8,9.32
306,f295586a0be60255fdd0f3df,M03,0,12.17,9.36
306,f295586a0be60255fdd0f3df,M04,0,11.78,8.59
306,f295586a0be60255fdd0f3df,M05,0,11.5,8.47
306,f295586a0be60255fdd0f3df,M06,0,14.46,11.77
306,f295586a0be60255fdd0f3df,M07,0,17.38,12.83
306,f295586a0be60255fdd0f3df,M08,0,21.54,17.14
306,f295586a0be60255fdd0f3df,M09,0,20.75,16.05
306,f295586a0be60255fdd0f3df,M10,0,22.85,18.74
306,f295586a0be60255fdd0f3df,M11,0,22.18,17.84
306,f295586a0be60255fdd0f3df,M12,0,32.21,24.05
306,f295586a0be60255fdd0f3df,M13,0,32.11,23.48
306,f295586a0be60255fdd0f3df,M14,0,29.38,20.22
306,f295586a0be60255fdd0f3df,M15,0,32.96,23.9
306,f295586a0be60255fdd0f3df,M16,0,61.15,51.31
306,f295586a0be60255fdd0f3df,M17,0,8.35,6.83
306,f295586a0be60255fdd0f3df,M18,0,11.73,9.32
306,f295586a0be60255fdd0f3df,M19,0,9.96,7.09
306,f295586a0be60255fdd0f3df,M20,0,13.77,9.53
306,f295586a0be60255fdd0f3df,M21,0,10.73,6.95
306,f295586a0be60255fdd0f3df,M22,0,26.52,15.84
306,f295586a0be60255fdd0f3df,M23,0,23.45,13.31
306,f295586a0be60255fdd0f3df,M24,0,27.37,16.53
306,f295586a0be60255fdd0f3df,M25,0,14.76,13.62
306,f295586a0be60255fdd0f3df,M26,0,13.72,12.385
306,f295586a0be60255fdd0f3df,M27,0,18.27,15.7
306,f295586a0be60255fdd0f3df,M28,0,16.72,13.765
306,f295586a0be60255fdd0f3df,M29,0,18.63,15.575
306,f295586a0be60255fdd0f3df,M30,0,11.42,9.385
307,e6de4d7bee014e4d0e9cdaa1,M01,1,7.15,6.95
307,e6de4d7bee014e4d0e9cdaa1,M02,1,9.65,9.36
307,e6de4d7bee014e4d0e9cdaa1,M03,1,10.21,9.52
307,e6de4d7bee014e4d0e9cdaa1,M04,1,9.53,8.81
307,e6de4d7bee014e4d0e9cdaa1,M05,1,9.57,8.8
307,e6de4d7bee014e4d0e9cdaa1,M06,1,12.73,11.89
307,e6de4d7bee014e4d0e9cdaa1,M07,1,14.16,13
307,e6de4d7bee014e4d0e9cdaa1,M08,1,18.58,17.42
307,e6de4d7bee014e4d0e9cdaa1,M09,1,17.62,16.18
307,e6de4d7bee014e4d0e9cdaa1,M10,1,20.03,18.98
307,e6de4d7bee014e4d0e9cdaa1,M11,1,19.41,18.29
307,e6de4d7bee014e4d0e9cdaa1,M12,1,26.77,24.62
307,e6de4d7bee014e4d0e9cdaa1,M13,1,26.98,24.03
307,e6de4d7bee014e4d0e9cdaa1,M14,1,23.95,20.46
307,e6de4d7bee014e4d0e9cdaa1,M15,1,26.96,24.48
307,e6de4d7bee014e4d0e9cdaa1,M16,1,55.49,51.76
307,e6de4d7bee014e4d0e9cdaa1,M17,1,7.31,6.94
307,e6de4d7bee014e4d0e9cdaa1,M18,1,10.08,9.46
307,e6de4d7bee014e4d0e9cdaa1,M19,1,8.23,7.16
307,e6de4d7bee014e4d0e9cdaa1,M20,1,10.68,9.5
307,e6de4d7bee014e4d0e9cdaa1,M21,1,7.97,6.99
307,e6de4d7bee014e4d0e9cdaa1,M22,1,19.2,15.84
307,e6de4d7bee014e4d0e9cdaa1,M23,1,16.59,13.35
307,e6de4d7bee014e4d0e9cdaa1,M24,1,19.45,16.5
307,e6de4d7bee014e4d0e9cdaa1,M25,1,14.07,13.75
307,e6de4d7bee014e4d0e9cdaa1,M26,1,12.93,12.54
307,e6de4d7bee014e4d0e9cdaa1,M27,1,16.68,15.91
307,e6de4d7bee014e4d0e9cdaa1,M28,1,14.97,13.91
307,e6de4d7bee014e4d0e9cdaa1,M29,1,16.48,15.68
307,e6de4d7bee014e4d0e9cdaa1,M30,1,10.24,9.58
309,fdc350f6670042f7c9d6d8fb,M01,0,7.56,6.91
309,fdc350f6670042f7c9d6d8fb,M02,0,9.96,9.32
309,fdc350f6670042f7c9d6d8fb,M03,0,10.7,9.36
309,fdc350f6670042f7c9d6d8fb,M04,0,9.74,8.59
309,fdc350f6670042f7c9d6d8fb,M05,0,9.85,8.47
309,fdc350f6670042f7c9d6d8fb,M06,0,13.59,11.77
309,fdc350f6670042f7c9d6d8fb,M07,0,14.81,12.83
309,fdc350f6670042f7c9d6d8fb,M08,0,19.22,17.14
309,fdc350f6670042f7c9d6d8fb,M09,0,17.88,16.05
309,fdc350f6670042f7c9d6d8fb,M10,0,20.72,18.74
309,fdc350f6670042f7c9d6d8fb,M11,0,19.67,17.84
309,fdc350f6670042f7c9d6d8fb,M12,0,27.73,24.05
309,fdc350f6670042f7c9d6d8fb,M13,0,29.01,23.48
309,fdc350f6670042f7c9d6d8fb,M14,0,25.7,20.22
309,fdc350f6670042f7c9d6d8fb,M15,0,27.63,23.9
309,fdc350f6670042f7c9d6d8fb,M16,0,57.77,51.31
309,fdc350f6670042f7c9d6d8fb,M17,0,7.5,6.83
309,fdc350f6670042f7c9d6d8fb,M18,0,10.31,9.32
309,fdc350f6670042f7c9d6d8fb,M19,0,7.91,7.09
309,fdc350f6670042f7c9d6d8fb,M20,0,10.31,9.53
309,fdc350f6670042f7c9d6d8fb,M21,0,7.4,6.95
309,fdc350f6670042f7c9d6d8fb,M22,0,17.87,15.84
309,fdc350f6670042f7c9d6d8fb,M23,0,15.26,13.31
309,fdc350f6670042f7c9d6d8fb,M24,0,17.84,16.53
309,fdc350f6670042f7c9d6d8fb,M25,0,14.63,13.62
309,fdc350f6670042f7c9d6d8fb,M26,0,13.4,12.385
309,fdc350f6670042f7c9d6d8fb,M27,0,17.7,15.7
309,fdc350f6670042f7c9d6d8fb,M28,0,15.82,13.765
309,fdc350f6670042f7c9d6d8fb,M29,0,16.97,15.575
309,fdc350f6670042f7c9d6d8fb,M30,0,10.75,9.385
312,f6706e821cf953202aa4b547,M01,2,7.6,6.88
312,f6706e821cf953202aa4b547,M02,2,10.35,9.32
312,f6706e821cf953202aa4b547,M03,2,11.7,9.36
312,f6706e821cf953202aa4b547,M04,2,10.63,8.58
312,f6706e821cf953202aa4b547,M05,2,10.02,8.46
312,f6706e821cf953202aa4b547,M06,2,14.16,11.66
312,f6706e821cf953202aa4b547,M07,2,16.46,12.81
312,f6706e821cf953202aa4b547,M08,2,20.74,16.97
312,f6706e821cf953202aa4b547,M09,2,19.27,16.03
312,f6706e821cf953202aa4b547,M10,2,22.1,18.71
312,f6706e821cf953202aa4b547,M11,2,20.09,17.82
312,f6706e821cf953202aa4b547,M12,2,30.45,24
312,f6706e821cf953202aa4b547,M13,2,31.01,23.43
312,f6706e821cf953202aa4b547,M14,2,28.3,20.18
312,f6706e821cf953202aa4b547,M15,2,31.41,23.65
312,f6706e821cf953202aa4b547,M16,2,59.95,51.18
312,f6706e821cf953202aa4b547,M17,2,8.23,6.73
312,f6706e821cf953202aa4b547,M18,2,11.75,9.21
312,f6706e821cf953202aa4b547,M19,2,9,6.87
312,f6706e821cf953202aa4b547,M20,2,11.65,9.15
312,f6706e821cf953202aa4b547,M21,2,8.63,6.77
312,f6706e821cf953202aa4b547,M22,2,21.97,15.22
312,f6706e821cf953202aa4b547,M23,2,19.17,13.01
312,f6706e821cf953202aa4b547,M24,2,22.37,15.92
312,f6706e821cf953202aa4b547,M25,2,12.66,13.62
312,f6706e821cf953202aa4b547,M26,2,11.54,12.34
312,f6706e821cf953202aa4b547,M27,2,13.85,15.67
312,f6706e821cf953202aa4b547,M28,2,12.27,13.69
312,f6706e821cf953202aa4b547,M29,2,13.75,15.58
312,f6706e821cf953202aa4b547,M30,2,8.29,9.38
313,38f5ab75bc43f62a70b6c62f,M01,4,7.84,6.845
313,38f5ab75bc43f62a70b6c62f,M02,4,10.8,9.175
313,38f5ab75bc43f62a70b6c62f,M03,4,12.7,9.25
313,38f5ab75bc43f62a70b6c62f,M04,4,12.1,8.44
313,38f5ab75bc43f62a70b6c62f,M05,4,12.03,8.46
313,38f5ab75bc43f62a70b6c62f,M06,4,14.9,11.555
313,38f5ab75bc43f62a70b6c62f,M07,4,17.99,12.545
313,38f5ab75bc43f62a70b6c62f,M08,4,22.13,16.89
313,38f5ab75bc43f62a70b6c62f,M09,4,21.31,15.81
313,38f5ab75bc43f62a70b6c62f,M10,4,23.42,18.53
313,38f5ab75bc43f62a70b6c62f,M11,4,22.83,17.615
313,38f5ab75bc43f62a70b6c62f,M12,4,32.89,23.555
313,38f5ab75bc43f62a70b6c62f,M13,4,33.34,23.13
313,38f5ab75bc43f62a70b6c62f,M14,4,30.81,19.65
313,38f5ab75bc43f62a70b6c62f,M15,4,34.41,23.315
313,38f5ab75bc43f62a70b6c62f,M16,4,62.51,50.515
313,38f5ab75bc43f62a70b6c62f,M17,4,8.68,6.655
313,38f5ab75bc43f62a70b6c62f,M18,4,12.49,9.155
313,38f5ab75bc43f62a70b6c62f,M19,4,9.95,6.985
313,38f5ab75bc43f62a70b6c62f,M20,4,15.08,9.35
313,38f5ab75bc43f62a70b6c62f,M21,4,10.86,6.77
313,38f5ab75bc43f62a70b6c62f,M22,4,29.15,15.23
313,38f5ab75bc43f62a70b6c62f,M23,4,22.76,13.01
313,38f5ab75bc43f62a70b6c62f,M24,4,26.86,15.92
313,38f5ab75bc43f62a70b6c62f,M25,4,15.16,13.5
313,38f5ab75bc43f62a70b6c62f,M26,4,14.15,12.19
313,38f5ab75bc43f62a70b6c62f,M27,4,19.12,15.28
313,38f5ab75bc43f62a70b6c62f,M28,4,17.69,13.34
313,38f5ab75bc43f62a70b6c62f,M29,4,19.39,15.58
313,38f5ab75bc43f62a70b6c62f,M30,4,12.35,9.25
314,ba56fb1d6cf7f9574ee506e9,M01,1,5.02,6.95
314,ba56fb1d6cf7f9574ee506e9,M02,1,6.99,9.36
314,ba56fb1d6cf7f9574ee506e9,M03,1,5.88,9.52
314,ba56fb1d6cf7f9574ee506e9,M04,1,5.53,8.81
314,ba56fb1d6cf7f9574ee506e9,M05,1,5.52,8.8
314,ba56fb1d6cf7f9574ee506e9,M06,1,7.32,11.89
314,ba56fb1d6cf7f9574ee506e9,M07,1,7.73,13
314,ba56fb1d6cf7f9574ee506e9,M08,1,11.67,17.42
314,ba56fb1d6cf7f9574ee506e9,M09,1,11.08,16.18
314,ba56fb1d6cf7f9574ee506e9,M10,1,12.9,18.98
314,ba56fb1d6cf7f9574ee506e9,M11,1,12.5,18.29
314,ba56fb1d6cf7f9574ee506e9,M12,1,15.79,24.62
314,ba56fb1d6cf7f9574ee506e9,M13,1,14.19,24.03
314,ba56fb1d6cf7f9574ee506e9,M14,1,12.82,20.46
314,ba56fb1d6cf7f9574ee506e9,M15,1,13.8,24.48
314,ba56fb1d6cf7f9574ee506e9,M16,1,35,51.76
314,ba56fb1d6cf7f9574ee506e9,M17,1,4.34,6.94
314,ba56fb1d6cf7f9574ee506e9,M18,1,5.92,9.46
314,ba56fb1d6cf7f9574ee506e9,M19,1,5.02,7.16
314,ba56fb1d6cf7f9574ee506e9,M20,1,6.62,9.5
314,ba56fb1d6cf7f9574ee506e9,M21,1,4.83,6.99
314,ba56fb1d6cf7f9574ee506e9,M22,1,9.74,15.84
314,ba56fb1d6cf7f9574ee506e9,M23,1,9.14,13.35
314,ba56fb1d6cf7f9574ee506e9,M24,1,10.5,16.5
314,ba56fb1d6cf7f9574ee506e9,M25,1,14.91,13.75
314,ba56fb1d6cf7f9574ee506e9,M26,1,13.6,12.54
314,ba56fb1d6cf7f9574ee506e9,M27,1,18.2,15.91
314,ba56fb1d6cf7f9574ee506e9,M28,1,16.15,13.91
314,ba56fb1d6cf7f9574ee506e9,M29,1,17.43,15.68
314,ba56fb1d6cf7f9574ee506e9,M30,1,10.88,9.58
316,7b5da74713d6434883aea4ee,M01,4,6.96,6.845
316,7b5da74713d6434883aea4ee,M02,4,9.32,9.175
316,7b5da74713d6434883aea4ee,M03,4,9.61,9.25
316,7b5da74713d6434883aea4ee,M04,4,9.14,8.44
316,7b5da74713d6434883aea4ee,M05,4,9.44,8.46
316,7b5da74713d6434883aea4ee,M06,4,12.12,11.555
316,7b5da74713d6434883aea4ee,M07,4,13.26,12.545
316,7b5da74713d6434883aea4ee,M08,4,17.7,16.89
316,7b5da74713d6434883aea4ee,M09,4,17.11,15.81
316,7b5da74713d6434883aea4ee,M10,4,19.11,18.53
316,7b5da74713d6434883aea4ee,M11,4,19.13,17.615
316,7b5da74713d6434883aea4ee,M12,4,25.42,23.555
316,7b5da74713d6434883aea4ee,M13,4,25.53,23.13
316,7b5da74713d6434883aea4ee,M14,4,22.71,19.65
316,7b5da74713d6434883aea4ee,M15,4,25.41,23.315
316,7b5da74713d6434883aea4ee,M16,4,53.99,50.515
316,7b5da74713d6434883aea4ee,M17,4,6.93,6.655
316,7b5da74713d6434883aea4ee,M18,4,9.55,9.155
316,7b5da74713d6434883aea4ee,M19,4,6.9,6.985
316,7b5da74713d6434883aea4ee,M20,4,8.58,9.35
316,7b5da74713d6434883aea4ee,M21,4,6.11,6.77
316,7b5da74713d6434883aea4ee,M22,4,13.48,15.23
316,7b5da74713d6434883aea4ee,M23,4,12.44,13.01
316,7b5da74713d6434883aea4ee,M24,4,13.51,15.92
316,7b5da74713d6434883aea4ee,M25,4,14.61,13.5
316,7b5da74713d6434883aea4ee,M26,4,13.42,12.19
316,7b5da74713d6434883aea4ee,M27,4,17.7,15.28
316,7b5da74713d6434883aea4ee,M28,4,15.97,13.34
316,7b5da74713d6434883aea4ee,M29,4,17.63,15.58
316,7b5da74713d6434883aea4ee,M30,4,11.07,9.25
317,31889a52aaae5d9d746527d9,M01,1,7.84,6.95
317,31889a52aaae5d9d746527d9,M02,1,10.75,9.36
317,31889a52aaae5d9d746527d9,M03,1,12.71,9.52
317,31889a52aaae5d9d746527d9,M04,1,12.01,8.81
317,31889a52aaae5d9d746527d9,M05,1,12.13,8.8
317,31889a52aaae5d9d746527d9,M06,1,15.02,11.89
317,31889a52aaae5d9d746527d9,M07,1,17.96,13
317,31889a52aaae5d9d746527d9,M08,1,22.14,17.42
317,31889a52aaae5d9d746527d9,M09,1,21.34,16.18
317,31889a52aaae5d9d746527d9,M10,1,23.51,18.98
317,31889a52aaae5d9d746527d9,M11,1,22.87,18.29
317,31889a52aaae5d9d746527d9,M12,1,32.87,24.62
317,31889a52aaae5d9d746527d9,M13,1,33.37,24.03
317,31889a52aaae5d9d746527d9,M14,1,30.81,20.46
317,31889a52aaae5d9d746527d9,M15,1,34.52,24.48
317,31889a52aaae5d9d746527d9,M16,1,62.51,51.76
317,31889a52aaae5d9d746527d9,M17,1,8.87,6.94
317,31889a52aaae5d9d746527d9,M18,1,12.44,9.46
317,31889a52aaae5d9d746527d9,M19,1,9.81,7.16
317,31889a52aaae5d9d746527d9,M20,1,13.67,9.5
317,31889a52aaae5d9d746527d9,M21,1,10.16,6.99
317,31889a52aaae5d9d746527d9,M22,1,25.55,15.84
317,31889a52aaae5d9d746527d9,M23,1,20.4,13.35
317,31889a52aaae5d9d746527d9,M24,1,21.72,16.5
317,31889a52aaae5d9d746527d9,M25,1,15.21,13.75
317,31889a52aaae5d9d746527d9,M26,1,14.19,12.54
317,31889a52aaae5d9d746527d9,M27,1,19.17,15.91
317,31889a52aaae5d9d746527d9,M28,1,17.7,13.91
317,31889a52aaae5d9d746527d9,M29,1,19.48,15.68
317,31889a52aaae5d9d746527d9,M30,1,12.28,9.58
320,ef8a15c0d2220d2839b1ab33,M01,1,7.97,6.95
320,ef8a15c0d2220d2839b1ab33,M02,1,10.96,9.36
320,ef8a15c0d2220d2839b1ab33,M03,1,13.09,9.52
320,ef8a15c0d2220d2839b1ab33,M04,1,12.48,8.81
320,ef8a15c0d2220d2839b1ab33,M05,1,12.44,8.8
320,ef8a15c0d2220d2839b1ab33,M06,1,15.3,11.89
320,ef8a15c0d2220d2839b1ab33,M07,1,18.6,13
320,ef8a15c0d2220d2839b1ab33,M08,1,22.66,17.42
320,ef8a15c0d2220d2839b1ab33,M09,1,21.84,16.18
320,ef8a15c0d2220d2839b1ab33,M10,1,23.92,18.98
320,ef8a15c0d2220d2839b1ab33,M11,1,23.34,18.29
320,ef8a15c0d2220d2839b1ab33,M12,1,33.83,24.62
320,ef8a15c0d2220d2839b1ab33,M13,1,34.57,24.03
320,ef8a15c0d2220d2839b1ab33,M14,1,32.17,20.46
320,ef8a15c0d2220d2839b1ab33,M15,1,35.54,24.48
320,ef8a15c0d2220d2839b1ab33,M16,1,63.83,51.76
320,ef8a15c0d2220d2839b1ab33,M17,1,8.86,6.94
320,ef8a15c0d2220d2839b1ab33,M18,1,12.83,9.46
320,ef8a15c0d2220d2839b1ab33,M19,1,10.6,7.16
320,ef8a15c0d2220d2839b1ab33,M20,1,16.7,9.5
320,ef8a15c0d2220d2839b1ab33,M21,1,11.78,6.99
320,ef8a15c0d2220d2839b1ab33,M22,1,33.42,15.84
320,ef8a15c0d2220d2839b1ab33,M23,1,25.19,13.35
320,ef8a15c0d2220d2839b1ab33,M24,1,33.65,16.5
320,ef8a15c0d2220d2839b1ab33,M25,1,15.41,13.75
320,ef8a15c0d2220d2839b1ab33,M26,1,14.4,12.54
320,ef8a15c0d2220d2839b1ab33,M27,1,19.64,15.91
320,ef8a15c0d2220d2839b1ab33,M28,1,18.24,13.91
320,ef8a15c0d2220d2839b1ab33,M29,1,19.84,15.68
320,ef8a15c0d2220d2839b1ab33,M30,1,12.77,9.58
321,1380bc3c592cb520da597f09,M01,0,8.85,6.91
321,1380bc3c592cb520da597f09,M02,0,11.53,9.32
321,1380bc3c592cb520da597f09,M03,0,13.96,9.36
321,1380bc3c592cb520da597f09,M04,0,13.05,8.59
321,1380bc3c592cb520da597f09,M05,0,13.33,8.47
321,1380bc3c592cb520da597f09,M06,0,16.77,11.77
321,1380bc3c592cb520da597f09,M07,0,19.83,12.83
321,1380bc3c592cb520da597f09,M08,0,23.83,17.14
321,1380bc3c592cb520da597f09,M09,0,22.61,16.05
321,1380bc3c592cb520da597f09,M10,0,25.24,18.74
321,1380bc3c592cb520da597f09,M11,0,24.52,17.84
321,1380bc3c592cb520da597f09,M12,0,35.64,24.05
321,1380bc3c592cb520da597f09,M13,0,37.86,23.48
321,1380bc3c592cb520da597f09,M14,0,35.35,20.22
321,1380bc3c592cb520da597f09,M15,0,38.02,23.9
321,1380bc3c592cb520da597f09,M16,0,67.31,51.31
321,1380bc3c592cb520da597f09,M17,0,9.26,6.83
321,1380bc3c592cb520da597f09,M18,0,13.32,9.32
321,1380bc3c592cb520da597f09,M19,0,12.75,7.09
321,1380bc3c592cb520da597f09,M20,0,10.68,9.53
321,1380bc3c592cb520da597f09,M21,0,12.01,6.95
321,1380bc3c592cb520da597f09,M22,0,30.84,15.84
321,1380bc3c592cb520da597f09,M23,0,27.45,13.31
321,1380bc3c592cb520da597f09,M24,0,31.15,16.53
321,1380bc3c592cb520da597f09,M25,0,16.49,13.62
321,1380bc3c592cb520da597f09,M26,0,15.32,12.385
321,1380bc3c592cb520da597f09,M27,0,21.41,15.7
321,1380bc3c592cb520da597f09,M28,0,19.86,13.765
321,1380bc3c592cb520da597f09,M29,0,21.19,15.575
321,1380bc3c592cb520da597f09,M30,0,14.01,9.385
322,14812f6f91f22e7ecc6c321a,M01,3,6.54,6.99
322,14812f6f91f22e7ecc6c321a,M02,3,8.91,9.41
322,14812f6f91f22e7ecc6c321a,M03,3,8.79,9.67
322,14812f6f91f22e7ecc6c321a,M04,3,8.08,8.99
322,14812f6f91f22e7ecc6c321a,M05,3,8.01,8.87
322,14812f6f91f22e7ecc6c321a,M06,3,10.99,12.11
322,14812f6f91f22e7ecc6c321a,M07,3,12.04,13.26
322,14812f6f91f22e7ecc6c321a,M08,3,16.53,17.66
322,14812f6f91f22e7ecc6c321a,M09,3,15.51,16.64
322,14812f6f91f22e7ecc6c321a,M10,3,17.9,19.22
322,14812f6f91f22e7ecc6c321a,M11,3,17.18,18.33
322,14812f6f91f22e7ecc6c321a,M12,3,23.47,24.98
322,14812f6f91f22e7ecc6c321a,M13,3,22.53,24.67
322,14812f6f91f22e7ecc6c321a,M14,3,19.55,20.81
322,14812f6f91f22e7ecc6c321a,M15,3,22.54,24.93
322,14812f6f91f22e7ecc6c321a,M16,3,50.5,52.34
322,14812f6f91f22e7ecc6c321a,M17,3,6.37,6.99
322,14812f6f91f22e7ecc6c321a,M18,3,8.73,9.6
322,14812f6f91f22e7ecc6c321a,M19,3,5.38,7.26
322,14812f6f91f22e7ecc6c321a,M20,3,7.74,9.575
322,14812f6f91f22e7ecc6c321a,M21,3,5.28,6.985
322,14812f6f91f22e7ecc6c321a,M22,3,11.66,16.03
322,14812f6f91f22e7ecc6c321a,M23,3,10.39,13.455
322,14812f6f91f22e7ecc6c321a,M24,3,11.4,16.74
322,14812f6f91f22e7ecc6c321a,M25,3,13.07,13.8
322,14812f6f91f22e7ecc6c321a,M26,3,11.89,12.58
322,14812f6f91f22e7ecc6c321a,M27,3,14.66,15.98
322,14812f6f91f22e7ecc6c321a,M28,3,12.93,14.22
322,14812f6f91f22e7ecc6c321a,M29,3,14.42,16.04
322,14812f6f91f22e7ecc6c321a,M30,3,8.82,9.75
323,0875c4610309c2d8522eaa6d,M01,0,7.85,6.91
323,0875c4610309c2d8522eaa6d,M02,0,10.48,9.32
323,0875c4610309c2d8522eaa6d,M03,0,11.81,9.36
323,0875c4610309c2d8522eaa6d,M04,0,10.91,8.59
323,0875c4610309c2d8522eaa6d,M05,0,11.11,8.47
323,0875c4610309c2d8522eaa6d,M06,0,14.52,11.77
323,0875c4610309c2d8522eaa6d,M07,0,16.49,12.83
323,0875c4610309c2d8522eaa6d,M08,0,20.8,17.14
323,0875c4610309c2d8522eaa6d,M09,0,19.58,16.05
323,0875c4610309c2d8522eaa6d,M10,0,22.3,18.74
323,0875c4610309c2d8522eaa6d,M11,0,21.59,17.84
323,0875c4610309c2d8522eaa6d,M12,0,30.35,24.05
323,0875c4610309c2d8522eaa6d,M13,0,31.5,23.48
323,0875c4610309c2d8522eaa6d,M14,0,28.36,20.22
323,0875c4610309c2d8522eaa6d,M15,0,31.69,23.9
323,0875c4610309c2d8522eaa6d,M16,0,60.44,51.31
323,0875c4610309c2d8522eaa6d,M17,0,8.12,6.83
323,0875c4610309c2d8522eaa6d,M18,0,11.37,9.32
323,0875c4610309c2d8522eaa6d,M19,0,9.97,7.09
323,0875c4610309c2d8522eaa6d,M20,0,12.16,9.53
323,0875c4610309c2d8522eaa6d,M21,0,9.38,6.95
323,0875c4610309c2d8522eaa6d,M22,0,23.71,15.84
323,0875c4610309c2d8522eaa6d,M23,0,20.64,13.31
323,0875c4610309c2d8522eaa6d,M24,0,24.06,16.53
323,0875c4610309c2d8522eaa6d,M25,0,15.15,13.62
323,0875c4610309c2d8522eaa6d,M26,0,13.96,12.385
323,0875c4610309c2d8522eaa6d,M27,0,18.78,15.7
323,0875c4610309c2d8522eaa6d,M28,0,17.02,13.765
323,0875c4610309c2d8522eaa6d,M29,0,18.66,15.575
323,0875c4610309c2d8522eaa6d,M30,0,11.84,9.385
325,b8393da9715f408e65c6f2e3,M01,0,8.1,6.91
325,b8393da9715f408e65c6f2e3,M02,0,11.11,9.32
325,b8393da9715f408e65c6f2e3,M03,0,13.43,9.36
325,b8393da9715f408e65c6f2e3,M04,0,12.79,8.59
325,b8393da9715f408e65c6f2e3,M05,0,12.8,8.47
325,b8393da9715f408e65c6f2e3,M06,0,15.66,11.77
325,b8393da9715f408e65c6f2e3,M07,0,19.12,12.83
325,b8393da9715f408e65c6f2e3,M08,0,23.12,17.14
325,b8393da9715f408e65c6f2e3,M09,0,22.28,16.05
325,b8393da9715f408e65c6f2e3,M10,0,24.35,18.74
325,b8393da9715f408e65c6f2e3,M11,0,23.79,17.84
325,b8393da9715f408e65c6f2e3,M12,0,34.63,24.05
325,b8393da9715f408e65c6f2e3,M13,0,35.64,23.48
325,b8393da9715f408e65c6f2e3,M14,0,33.33,20.22
325,b8393da9715f408e65c6f2e3,M15,0,36.52,23.9
325,b8393da9715f408e65c6f2e3,M16,0,64.96,51.31
325,b8393da9715f408e65c6f2e3,M17,0,9.03,6.83
325,b8393da9715f408e65c6f2e3,M18,0,13.12,9.32
325,b8393da9715f408e65c6f2e3,M19,0,11.22,7.09
325,b8393da9715f408e65c6f2e3,M20,0,17.89,9.53
325,b8393da9715f408e65c6f2e3,M21,0,12.73,6.95
325,b8393da9715f408e65c6f2e3,M22,0,37.83,15.84
325,b8393da9715f408e65c6f2e3,M23,0,27.5,13.31
325,b8393da9715f408e65c6f2e3,M24,0,38.24,16.53
325,b8393da9715f408e65c6f2e3,M25,0,15.63,13.62
325,b8393da9715f408e65c6f2e3,M26,0,14.6,12.385
325,b8393da9715f408e65c6f2e3,M27,0,20.08,15.7
325,b8393da9715f408e65c6f2e3,M28,0,18.7,13.765
325,b8393da9715f408e65c6f2e3,M29,0,20.23,15.575
325,b8393da9715f408e65c6f2e3,M30,0,13.13,9.385
326,9140024943d858a024a6c938,M01,4,7.75,6.845
326,9140024943d858a024a6c938,M02,4,10.31,9.175
326,9140024943d858a024a6c938,M03,4,11.54,9.25
326,9140024943d858a024a6c938,M04,4,10.66,8.44
326,9140024943d858a024a6c938,M05,4,10.84,8.46
326,9140024943d858a024a6c938,M06,4,14.32,11.555
326,9140024943d858a024a6c938,M07,4,16.17,12.545
326,9140024943d858a024a6c938,M08,4,20.48,16.89
326,9140024943d858a024a6c938,M09,4,19.29,15.81
326,9140024943d858a024a6c938,M10,4,21.89,18.53
326,9140024943d858a024a6c938,M11,4,21.07,17.615
326,9140024943d858a024a6c938,M12,4,29.98,23.555
326,9140024943d858a024a6c938,M13,4,31.36,23.13
326,9140024943d858a024a6c938,M14,4,28.46,19.65
326,9140024943d858a024a6c938,M15,4,30.72,23.315
326,9140024943d858a024a6c938,M16,4,60.34,50.515
326,9140024943d858a024a6c938,M17,4,7.97,6.655
326,9140024943d858a024a6c938,M18,4,11.15,9.155
326,9140024943d858a024a6c938,M19,4,8.72,6.985
326,9140024943d858a024a6c938,M20,4,11.03,9.35
326,9140024943d858a024a6c938,M21,4,8.18,6.77
326,9140024943d858a024a6c938,M22,4,20.14,15.23
326,9140024943d858a024a6c938,M23,4,17.5,13.01
326,9140024943d858a024a6c938,M24,4,20.22,15.92
326,9140024943d858a024a6c938,M25,4,14.99,13.5
326,9140024943d858a024a6c938,M26,4,13.86,12.19
326,9140024943d858a024a6c938,M27,4,18.57,15.28
326,9140024943d858a024a6c938,M28,4,16.9,13.34
326,9140024943d858a024a6c938,M29,4,18.14,15.58
326,9140024943d858a024a6c938,M30,4,11.6,9.25
328,f23a727fbe1c6f18cb88859c,M01,1,6.54,6.95
328,f23a727fbe1c6f18cb88859c,M02,1,8.7,9.36
328,f23a727fbe1c6f18cb88859c,M03,1,8.42,9.52
328,f23a727fbe1c6f18cb88859c,M04,1,7.97,8.81
328,f23a727fbe1c6f18cb88859c,M05,1,7.96,8.8
328,f23a727fbe1c6f18cb88859c,M06,1,10.86,11.89
328,f23a727fbe1c6f18cb88859c,M07,1,11.42,13
328,f23a727fbe1c6f18cb88859c,M08,1,15.78,17.42
328,f23a727fbe1c6f18cb88859c,M09,1,15.18,16.18
328,f23a727fbe1c6f18cb88859c,M10,1,17.29,18.98
328,f23a727fbe1c6f18cb88859c,M11,1,17,18.29
328,f23a727fbe1c6f18cb88859c,M12,1,22.11,24.62
328,f23a727fbe1c6f18cb88859c,M13,1,21.93,24.03
328,f23a727fbe1c6f18cb88859c,M14,1,19.32,20.46
328,f23a727fbe1c6f18cb88859c,M15,1,21.59,24.48
328,f23a727fbe1c6f18cb88859c,M16,1,49.67,51.76
328,f23a727fbe1c6f18cb88859c,M17,1,6.34,6.94
328,f23a727fbe1c6f18cb88859c,M18,1,8.54,9.46
328,f23a727fbe1c6f18cb88859c,M19,1,5.51,7.16
328,f23a727fbe1c6f18cb88859c,M20,1,7.68,9.5
328,f23a727fbe1c6f18cb88859c,M21,1,5.35,6.99
328,f23a727fbe1c6f18cb88859c,M22,1,11.56,15.84
328,f23a727fbe1c6f18cb88859c,M23,1,10.65,13.35
328,f23a727fbe1c6f18cb88859c,M24,1,11.16,16.5
328,f23a727fbe1c6f18cb88859c,M25,1,13.62,13.75
328,f23a727fbe1c6f18cb88859c,M26,1,12.43,12.54
328,f23a727fbe1c6f18cb88859c,M27,1,15.73,15.91
328,f23a727fbe1c6f18cb88859c,M28,1,13.93,13.91
328,f23a727fbe1c6f18cb88859c,M29,1,15.04,15.68
328,f23a727fbe1c6f18cb88859c,M30,1,9.25,9.58
330,941763538c16ab57ad9d0f47,M01,4,5.56,6.845
330,941763538c16ab57ad9d0f47,M02,4,7.49,9.175
330,941763538c16ab57ad9d0f47,M03,4,6.54,9.25
330,941763538c16ab57ad9d0f47,M04,4,6.35,8.44
330,941763538c16ab57ad9d0f47,M05,4,6.3,8.46
330,941763538c16ab57ad9d0f47,M06,4,8.44,11.555
330,941763538c16ab57ad9d0f47,M07,4,8.67,12.545
330,941763538c16ab57ad9d0f47,M08,4,12.67,16.89
330,941763538c16ab57ad9d0f47,M09,4,12.47,15.81
330,941763538c16ab57ad9d0f47,M10,4,14.1,18.53
330,941763538c16ab57ad9d0f47,M11,4,14.08,17.615
330,941763538c16ab57ad9d0f47,M12,4,17.14,23.555
330,941763538c16ab57ad9d0f47,M13,4,16.12,23.13
330,941763538c16ab57ad9d0f47,M14,4,14.14,19.65
330,941763538c16ab57ad9d0f47,M15,4,15.83,23.315
330,941763538c16ab57ad9d0f47,M16,4,38.91,50.515
330,941763538c16ab57ad9d0f47,M17,4,5.13,6.655
330,941763538c16ab57ad9d0f47,M18,4,6.89,9.155
330,941763538c16ab57ad9d0f47,M19,4,4.91,6.985
330,941763538c16ab57ad9d0f47,M20,4,6.51,9.35
330,941763538c16ab57ad9d0f47,M21,4,4.82,6.77
330,941763538c16ab57ad9d0f47,M22,4,9.57,15.23
330,941763538c16ab57ad9d0f47,M23,4,8.75,13.01
330,941763538c16ab57ad9d0f47,M24,4,9.67,15.92
330,941763538c16ab57ad9d0f47,M25,4,13.46,13.5
330,941763538c16ab57ad9d0f47,M26,4,12.34,12.19
330,941763538c16ab57ad9d0f47,M27,4,15.67,15.28
330,941763538c16ab57ad9d0f47,M28,4,13.9,13.34
330,941763538c16ab57ad9d0f47,M29,4,14.58,15.58
330,941763538c16ab57ad9d0f47,M30,4,8.88,9.25
331,acb7f133587b4d087f763ec9,M01,1,8.98,6.95
331,acb7f133587b4d087f763ec9,M02,1,12.49,9.36
331,acb7f133587b4d087f763ec9,M03,1,15.08,9.52
331,acb7f133587b4d087f763ec9,M04,1,13.74,8.81
331,acb7f133587b4d087f763ec9,M05,1,14.12,8.8
331,acb7f133587b4d087f763ec9,M06,1,18.93,11.89
331,acb7f133587b4d087f763ec9,M07,1,21.43,13
331,acb7f133587b4d087f763ec9,M08,1,25.43,17.42
331,acb7f133587b4d087f763ec9,M09,1,23.34,16.18
331,acb7f133587b4d087f763ec9,M10,1,26.93,18.98
331,acb7f133587b4d087f763ec9,M11,1,25.8,18.29
331,acb7f133587b4d087f763ec9,M12,1,36.72,24.62
331,acb7f133587b4d087f763ec9,M13,1,38.35,24.03
331,acb7f133587b4d087f763ec9,M14,1,35.83,20.46
331,acb7f133587b4d087f763ec9,M15,1,37.64,24.48
331,acb7f133587b4d087f763ec9,M16,1,67.88,51.76
331,acb7f133587b4d087f763ec9,M17,1,10.21,6.94
331,acb7f133587b4d087f763ec9,M18,1,13.95,9.46
331,acb7f133587b4d087f763ec9,M19,1,15.64,7.16
331,acb7f133587b4d087f763ec9,M20,1,14.56,9.5
331,acb7f133587b4d087f763ec9,M21,1,13.39,6.99
331,acb7f133587b4d087f763ec9,M22,1,31.47,15.84
331,acb7f133587b4d087f763ec9,M23,1,27.73,13.35
331,acb7f133587b4d087f763ec9,M24,1,31.16,16.5
331,acb7f133587b4d087f763ec9,M25,1,15.85,13.75
331,acb7f133587b4d087f763ec9,M26,1,14.72,12.54
331,acb7f133587b4d087f763ec9,M27,1,20.27,15.91
331,acb7f133587b4d087f763ec9,M28,1,18.72,13.91
331,acb7f133587b4d087f763ec9,M29,1,19.94,15.68
331,acb7f133587b4d087f763ec9,M30,1,15.28,9.58
332,a8fee72d826a954e87bca6f7,M01,3,8.37,6.99
332,a8fee72d826a954e87bca6f7,M02,3,11.52,9.41
332,a8fee72d826a954e87bca6f7,M03,3,13.86,9.67
332,a8fee72d826a954e87bca6f7,M04,3,12.83,8.99
332,a8fee72d826a954e87bca6f7,M05,3,13.15,8.87
332,a8fee72d826a954e87bca6f7,M06,3,16.71,12.11
332,a8fee72d826a954e87bca6f7,M07,3,19.45,13.26
332,a8fee72d826a954e87bca6f7,M08,3,23.63,17.66
332,a8fee72d826a954e87bca6f7,M09,3,22.43,16.64
332,a8fee72d826a954e87bca6f7,M10,3,25.15,19.22
332,a8fee72d826a954e87bca6f7,M11,3,24.52,18.33
332,a8fee72d826a954e87bca6f7,M12,3,35.96,24.98
332,a8fee72d826a954e87bca6f7,M13,3,37.38,24.67
332,a8fee72d826a954e87bca6f7,M14,3,35.22,20.81
332,a8fee72d826a954e87bca6f7,M15,3,38.07,24.93
332,a8fee72d826a954e87bca6f7,M16,3,66.88,52.34
332,a8fee72d826a954e87bca6f7,M17,3,8.92,6.99
332,a8fee72d826a954e87bca6f7,M18,3,13.12,9.6
332,a8fee72d826a954e87bca6f7,M19,3,12.34,7.26
332,a8fee72d826a954e87bca6f7,M20,3,14.69,9.575
332,a8fee72d826a954e87bca6f7,M21,3,14.25,6.985
332,a8fee72d826a954e87bca6f7,M22,3,29.4,16.03
332,a8fee72d826a954e87bca6f7,M23,3,33.45,13.455
332,a8fee72d826a954e87bca6f7,M24,3,30.56,16.74
332,a8fee72d826a954e87bca6f7,M25,3,16,13.8
332,a8fee72d826a954e87bca6f7,M26,3,14.98,12.58
332,a8fee72d826a954e87bca6f7,M27,3,20.81,15.98
332,a8fee72d826a954e87bca6f7,M28,3,19.48,14.22
332,a8fee72d826a954e87bca6f7,M29,3,20.83,16.04
332,a8fee72d826a954e87bca6f7,M30,3,13.53,9.75
333,14b53177e66a60df70f283c4,M01,3,7.04,6.99
333,14b53177e66a60df70f283c4,M02,3,9.76,9.41
333,14b53177e66a60df70f283c4,M03,3,10.47,9.67
333,14b53177e66a60df70f283c4,M04,3,9.98,8.99
333,14b53177e66a60df70f283c4,M05,3,9.28,8.87
333,14b53177e66a60df70f283c4,M06,3,12.62,12.11
333,14b53177e66a60df70f283c4,M07,3,14.59,13.26
333,14b53177e66a60df70f283c4,M08,3,19.01,17.66
333,14b53177e66a60df70f283c4,M09,3,18.08,16.64
333,14b53177e66a60df70f283c4,M10,3,20.34,19.22
333,14b53177e66a60df70f283c4,M11,3,19.03,18.33
333,14b53177e66a60df70f283c4,M12,3,27.6,24.98
333,14b53177e66a60df70f283c4,M13,3,27,24.67
333,14b53177e66a60df70f283c4,M14,3,24.22,20.81
333,14b53177e66a60df70f283c4,M15,3,27.64,24.93
333,14b53177e66a60df70f283c4,M16,3,55.63,52.34
333,14b53177e66a60df70f283c4,M17,3,7.56,6.99
333,14b53177e66a60df70f283c4,M18,3,10.68,9.6
333,14b53177e66a60df70f283c4,M19,3,5.89,7.26
333,14b53177e66a60df70f283c4,M20,3,8.99,9.575
333,14b53177e66a60df70f283c4,M21,3,6.18,6.985
333,14b53177e66a60df70f283c4,M22,3,14.19,16.03
333,14b53177e66a60df70f283c4,M23,3,12.59,13.455
333,14b53177e66a60df70f283c4,M24,3,14.09,16.74
333,14b53177e66a60df70f283c4,M25,3,12.75,13.8
333,14b53177e66a60df70f283c4,M26,3,11.62,12.58
333,14b53177e66a60df70f283c4,M27,3,13.97,15.98
333,14b53177e66a60df70f283c4,M28,3,12.4,14.22
333,14b53177e66a60df70f283c4,M29,3,13.86,16.04
333,14b53177e66a60df70f283c4,M30,3,8.38,9.75
336,9a7a2dc286dfaeb87974f4bc,M01,4,5.79,6.845
336,9a7a2dc286dfaeb87974f4bc,M02,4,7.86,9.175
336,9a7a2dc286dfaeb87974f4bc,M03,4,7.1,9.25
336,9a7a2dc286dfaeb87974f4bc,M04,4,6.84,8.44
336,9a7a2dc286dfaeb87974f4bc,M05,4,6.89,8.46
336,9a7a2dc286dfaeb87974f4bc,M06,4,9.15,11.555
336,9a7a2dc286dfaeb87974f4bc,M07,4,9.55,12.545
336,9a7a2dc286dfaeb87974f4bc,M08,4,13.9,16.89
336,9a7a2dc286dfaeb87974f4bc,M09,4,13.61,15.81
336,9a7a2dc286dfaeb87974f4bc,M10,4,15.24,18.53
336,9a7a2dc286dfaeb87974f4bc,M11,4,15.22,17.615
336,9a7a2dc286dfaeb87974f4bc,M12,4,19.35,23.555
336,9a7a2dc286dfaeb87974f4bc,M13,4,18.28,23.13
336,9a7a2dc286dfaeb87974f4bc,M14,4,16.47,19.65
336,9a7a2dc286dfaeb87974f4bc,M15,4,17.8,23.315
336,9a7a2dc286dfaeb87974f4bc,M16,4,45,50.515
336,9a7a2dc286dfaeb87974f4bc,M17,4,5.57,6.655
336,9a7a2dc286dfaeb87974f4bc,M18,4,7.42,9.155
336,9a7a2dc286dfaeb87974f4bc,M19,4,5.12,6.985
336,9a7a2dc286dfaeb87974f4bc,M20,4,7.09,9.35
336,9a7a2dc286dfaeb87974f4bc,M21,4,5.03,6.77
336,9a7a2dc286dfaeb87974f4bc,M22,4,10.55,15.23
336,9a7a2dc286dfaeb87974f4bc,M23,4,9.98,13.01
336,9a7a2dc286dfaeb87974f4bc,M24,4,10.5,15.92
336,9a7a2dc286dfaeb87974f4bc,M25,4,13.57,13.5
336,9a7a2dc286dfaeb87974f4bc,M26,4,12.54,12.19
336,9a7a2dc286dfaeb87974f4bc,M27,4,15.91,15.28
336,9a7a2dc286dfaeb87974f4bc,M28,4,14.36,13.34
336,9a7a2dc286dfaeb87974f4bc,M29,4,15.31,15.58
336,9a7a2dc286dfaeb87974f4bc,M30,4,9.32,9.25
337,7774acbf550d6a1275a6d824,M01,3,8.7,6.99
337,7774acbf550d6a1275a6d824,M02,3,11.67,9.41
337,7774acbf550d6a1275a6d824,M03,3,14.42,9.67
337,7774acbf550d6a1275a6d824,M04,3,13.21,8.99
337,7774acbf550d6a1275a6d824,M05,3,13.67,8.87
337,7774acbf550d6a1275a6d824,M06,3,17.25,12.11
337,7774acbf550d6a1275a6d824,M07,3,20.32,13.26
337,7774acbf550d6a1275a6d824,M08,3,24.17,17.66
337,7774acbf550d6a1275a6d824,M09,3,23.01,16.64
337,7774acbf550d6a1275a6d824,M10,3,25.74,19.22
337,7774acbf550d6a1275a6d824,M11,3,25.14,18.33
337,7774acbf550d6a1275a6d824,M12,3,37.13,24.98
337,7774acbf550d6a1275a6d824,M13,3,38.8,24.67
337,7774acbf550d6a1275a6d824,M14,3,36.75,20.81
337,7774acbf550d6a1275a6d824,M15,3,39.24,24.93
337,7774acbf550d6a1275a6d824,M16,3,68.44,52.34
337,7774acbf550d6a1275a6d824,M17,3,8.87,6.99
337,7774acbf550d6a1275a6d824,M18,3,13.53,9.6
337,7774acbf550d6a1275a6d824,M19,3,13.24,7.26
337,7774acbf550d6a1275a6d824,M20,3,15.19,9.575
337,7774acbf550d6a1275a6d824,M21,3,11.78,6.985
337,7774acbf550d6a1275a6d824,M22,3,30.57,16.03
337,7774acbf550d6a1275a6d824,M23,3,34.81,13.455
337,7774acbf550d6a1275a6d824,M24,3,31.27,16.74
337,7774acbf550d6a1275a6d824,M25,3,16.34,13.8
337,7774acbf550d6a1275a6d824,M26,3,15.32,12.58
337,7774acbf550d6a1275a6d824,M27,3,21.46,15.98
337,7774acbf550d6a1275a6d824,M28,3,20.12,14.22
337,7774acbf550d6a1275a6d824,M29,3,21.3,16.04
337,7774acbf550d6a1275a6d824,M30,3,13.08,9.75
338,670fa9eb64d871d2ddb202e3,M01,2,6.41,6.88
338,670fa9eb64d871d2ddb202e3,M02,2,8.6,9.32
338,670fa9eb64d871d2ddb202e3,M03,2,8.32,9.36
338,670fa9eb64d871d2ddb202e3,M04,2,7.81,8.58
338,670fa9eb64d871d2ddb202e3,M05,2,7.99,8.46
338,670fa9eb64d871d2ddb202e3,M06,2,10.73,11.66
338,670fa9eb64d871d2ddb202e3,M07,2,11.39,12.81
338,670fa9eb64d871d2ddb202e3,M08,2,15.85,16.97
338,670fa9eb64d871d2ddb202e3,M09,2,15.16,16.03
338,670fa9eb64d871d2ddb202e3,M10,2,17.21,18.71
338,670fa9eb64d871d2ddb202e3,M11,2,16.92,17.82
338,670fa9eb64d871d2ddb202e3,M12,2,22.28,24
338,670fa9eb64d871d2ddb202e3,M13,2,22.06,23.43
338,670fa9eb64d871d2ddb202e3,M14,2,19.62,20.18
338,670fa9eb64d871d2ddb202e3,M15,2,21.33,23.65
338,670fa9eb64d871d2ddb202e3,M16,2,50.1,51.18
338,670fa9eb64d871d2ddb202e3,M17,2,6.24,6.73
338,670fa9eb64d871d2ddb202e3,M18,2,8.37,9.21
338,670fa9eb64d871d2ddb202e3,M19,2,5.66,6.87
338,670fa9eb64d871d2ddb202e3,M20,2,7.96,9.15
338,670fa9eb64d871d2ddb202e3,M21,2,5.45,6.77
338,670fa9eb64d871d2ddb202e3,M22,2,12.06,15.22
338,670fa9eb64d871d2ddb202e3,M23,2,11.07,13.01
338,670fa9eb64d871d2ddb202e3,M24,2,11.47,15.92
338,670fa9eb64d871d2ddb202e3,M25,2,14.16,13.62
338,670fa9eb64d871d2ddb202e3,M26,2,13,12.34
338,670fa9eb64d871d2ddb202e3,M27,2,16.95,15.67
338,670fa9eb64d871d2ddb202e3,M28,2,15.24,13.69
338,670fa9eb64d871d2ddb202e3,M29,2,16.48,15.58
338,670fa9eb64d871d2ddb202e3,M30,2,10.21,9.38
339,93316b96717ed8f0b461c8fc,M01,2,9.32,6.88
339,93316b96717ed8f0b461c8fc,M02,2,11.81,9.32
339,93316b96717ed8f0b461c8fc,M03,2,14.34,9.36
339,93316b96717ed8f0b461c8fc,M04,2,13.34,8.58
339,93316b96717ed8f0b461c8fc,M05,2,13.67,8.46
339,93316b96717ed8f0b461c8fc,M06,2,17.36,11.66
339,93316b96717ed8f0b461c8fc,M07,2,20.41,12.81
339,93316b96717ed8f0b461c8fc,M08,2,24.37,16.97
339,93316b96717ed8f0b461c8fc,M09,2,23.14,16.03
339,93316b96717ed8f0b461c8fc,M10,2,25.79,18.71
339,93316b96717ed8f0b461c8fc,M11,2,25,17.82
339,93316b96717ed8f0b461c8fc,M12,2,36.48,24
339,93316b96717ed8f0b461c8fc,M13,2,39.32,23.43
339,93316b96717ed8f0b461c8fc,M14,2,36.79,20.18
339,93316b96717ed8f0b461c8fc,M15,2,39.1,23.65
339,93316b96717ed8f0b461c8fc,M16,2,68.91,51.18
339,93316b96717ed8f0b461c8fc,M17,2,9.47,6.73
339,93316b96717ed8f0b461c8fc,M18,2,13.57,9.21
339,93316b96717ed8f0b461c8fc,M19,2,13.37,6.87
339,93316b96717ed8f0b461c8fc,M20,2,14.87,9.15
339,93316b96717ed8f0b461c8fc,M21,2,12.22,6.77
339,93316b96717ed8f0b461c8fc,M22,2,32.95,15.22
339,93316b96717ed8f0b461c8fc,M23,2,29.86,13.01
339,93316b96717ed8f0b461c8fc,M24,2,33.15,15.92
339,93316b96717ed8f0b461c8fc,M25,2,17.03,13.62
339,93316b96717ed8f0b461c8fc,M26,2,15.72,12.34
339,93316b96717ed8f0b461c8fc,M27,2,22.11,15.67
339,93316b96717ed8f0b461c8fc,M28,2,20.51,13.69
339,93316b96717ed8f0b461c8fc,M29,2,21.63,15.58
339,93316b96717ed8f0b461c8fc,M30,2,14.39,9.38
340,252e47c2ee331e80cc378cb2,M01,1,9.64,6.95
340,252e47c2ee331e80cc378cb2,M02,1,12.68,9.36
340,252e47c2ee331e80cc378cb2,M03,1,15.13,9.52
340,252e47c2ee331e80cc378cb2,M04,1,14.16,8.81
340,252e47c2ee331e80cc378cb2,M05,1,14.35,8.8
340,252e47c2ee331e80cc378cb2,M06,1,19.17,11.89
340,252e47c2ee331e80cc378cb2,M07,1,21.63,13
340,252e47c2ee331e80cc378cb2,M08,1,24.32,17.42
340,252e47c2ee331e80cc378cb2,M09,1,24.13,16.18
340,252e47c2ee331e80cc378cb2,M10,1,26.84,18.98
340,252e47c2ee331e80cc378cb2,M11,1,25.97,18.29
340,252e47c2ee331e80cc378cb2,M12,1,39.23,24.62
340,252e47c2ee331e80cc378cb2,M13,1,42.86,24.03
340,252e47c2ee331e80cc378cb2,M14,1,40.69,20.46
340,252e47c2ee331e80cc378cb2,M15,1,40.83,24.48
340,252e47c2ee331e80cc378cb2,M16,1,72.65,51.76
340,252e47c2ee331e80cc378cb2,M17,1,9.88,6.94
340,252e47c2ee331e80cc378cb2,M18,1,14.13,9.46
340,252e47c2ee331e80cc378cb2,M19,1,14.54,7.16
340,252e47c2ee331e80cc378cb2,M20,1,17.21,9.5
340,252e47c2ee331e80cc378cb2,M21,1,14.38,6.99
340,252e47c2ee331e80cc378cb2,M22,1,39.38,15.84
340,252e47c2ee331e80cc378cb2,M23,1,34.68,13.35
340,252e47c2ee331e80cc378cb2,M24,1,37.81,16.5
340,252e47c2ee331e80cc378cb2,M25,1,19.07,13.75
340,252e47c2ee331e80cc378cb2,M26,1,17.16,12.54
340,252e47c2ee331e80cc378cb2,M27,1,24.4,15.91
340,252e47c2ee331e80cc378cb2,M28,1,22.49,13.91
340,252e47c2ee331e80cc378cb2,M29,1,22.39,15.68
340,252e47c2ee331e80cc378cb2,M30,1,15.24,9.58
341,fd86179619e5229f724d31d3,M01,2,4.2,6.88
341,fd86179619e5229f724d31d3,M02,2,5.62,9.32
341,fd86179619e5229f724d31d3,M03,2,5.03,9.36
341,fd86179619e5229f724d31d3,M04,2,4.86,8.58
341,fd86179619e5229f724d31d3,M05,2,4.58,8.46
341,fd86179619e5229f724d31d3,M06,2,6.47,11.66
341,fd86179619e5229f724d31d3,M07,2,6.11,12.81
341,fd86179619e5229f724d31d3,M08,2,7.75,16.97
341,fd86179619e5229f724d31d3,M09,2,6.88,16.03
341,fd86179619e5229f724d31d3,M10,2,8.73,18.71
341,fd86179619e5229f724d31d3,M11,2,8.42,17.82
341,fd86179619e5229f724d31d3,M12,2,8.76,24
341,fd86179619e5229f724d31d3,M13,2,9.48,23.43
341,fd86179619e5229f724d31d3,M14,2,7.85,20.18
341,fd86179619e5229f724d31d3,M15,2,8.95,23.65
341,fd86179619e5229f724d31d3,M16,2,19.62,51.18
341,fd86179619e5229f724d31d3,M17,2,2.89,6.73
341,fd86179619e5229f724d31d3,M18,2,5.14,9.21
341,fd86179619e5229f724d31d3,M19,2,4.27,6.87
341,fd86179619e5229f724d31d3,M20,2,5.35,9.15
341,fd86179619e5229f724d31d3,M21,2,4.37,6.77
341,fd86179619e5229f724d31d3,M22,2,7.3,15.22
341,fd86179619e5229f724d31d3,M23,2,6.29,13.01
341,fd86179619e5229f724d31d3,M24,2,6.95,15.92
341,fd86179619e5229f724d31d3,M25,2,8.2,13.62
341,fd86179619e5229f724d31d3,M26,2,6.98,12.34
341,fd86179619e5229f724d31d3,M27,2,7.86,15.67
341,fd86179619e5229f724d31d3,M28,2,6.89,13.69
341,fd86179619e5229f724d31d3,M29,2,7.36,15.58
341,fd86179619e5229f724d31d3,M30,2,5.03,9.38
342,6b29c617174b313bf63cc277,M01,2,3.81,6.88
342,6b29c617174b313bf63cc277,M02,2,4.94,9.32
342,6b29c617174b313bf63cc277,M03,2,4.28,9.36
342,6b29c617174b313bf63cc277,M04,2,4.21,8.58
342,6b29c617174b313bf63cc277,M05,2,4.06,8.46
342,6b29c617174b313bf63cc277,M06,2,5.57,11.66
342,6b29c617174b313bf63cc277,M07,2,5.05,12.81
342,6b29c617174b313bf63cc277,M08,2,6.39,16.97
342,6b29c617174b313bf63cc277,M09,2,5.92,16.03
342,6b29c617174b313bf63cc277,M10,2,7.47,18.71
342,6b29c617174b313bf63cc277,M11,2,6.86,17.82
342,6b29c617174b313bf63cc277,M12,2,7.5,24
342,6b29c617174b313bf63cc277,M13,2,7.22,23.43
342,6b29c617174b313bf63cc277,M14,2,5.86,20.18
342,6b29c617174b313bf63cc277,M15,2,6.67,23.65
342,6b29c617174b313bf63cc277,M16,2,12.97,51.18
342,6b29c617174b313bf63cc277,M17,2,2.32,6.73
342,6b29c617174b313bf63cc277,M18,2,4.62,9.21
342,6b29c617174b313bf63cc277,M19,2,4.12,6.87
342,6b29c617174b313bf63cc277,M20,2,4.76,9.15
342,6b29c617174b313bf63cc277,M21,2,4.16,6.77
342,6b29c617174b313bf63cc277,M22,2,6.55,15.22
342,6b29c617174b313bf63cc277,M23,2,5.67,13.01
342,6b29c617174b313bf63cc277,M24,2,6.1,15.92
342,6b29c617174b313bf63cc277,M25,2,7.65,13.62
342,6b29c617174b313bf63cc277,M26,2,6.62,12.34
342,6b29c617174b313bf63cc277,M27,2,7.57,15.67
342,6b29c617174b313bf63cc277,M28,2,6.58,13.69
342,6b29c617174b313bf63cc277,M29,2,7.1,15.58
342,6b29c617174b313bf63cc277,M30,2,4.94,9.38
