compound_id,compound_group,method_id,cv_fold,rt_min,prediction_min,run_time_min
1,63590c74120e85ecd05c0c08,M01,0,1.27,6.91,10
1,63590c74120e85ecd05c0c08,M02,0,0.92,9.32,15
1,63590c74120e85ecd05c0c08,M03,0,1.36,9.36,21
1,63590c74120e85ecd05c0c08,M04,0,1.38,8.59,21
1,63590c74120e85ecd05c0c08,M05,0,1.31,8.47,21
1,63590c74120e85ecd05c0c08,M06,0,1.4,11.77,21
1,63590c74120e85ecd05c0c08,M07,0,1.37,12.83,30
1,63590c74120e85ecd05c0c08,M08,0,0.91,17.14,30
1,63590c74120e85ecd05c0c08,M09,0,0.93,16.05,30
1,63590c74120e85ecd05c0c08,M10,0,1.35,18.74,30
1,63590c74120e85ecd05c0c08,M11,0,1.33,17.84,30
1,63590c74120e85ecd05c0c08,M12,0,0.94,24.05,45
1,63590c74120e85ecd05c0c08,M13,0,1.27,23.48,60
1,63590c74120e85ecd05c0c08,M14,0,0.75,20.22,60
1,63590c74120e85ecd05c0c08,M15,0,1.6,23.9,60
1,63590c74120e85ecd05c0c08,M16,0,1.25,51.31,100
1,63590c74120e85ecd05c0c08,M17,0,0.92,6.83,14
1,63590c74120e85ecd05c0c08,M18,0,1.44,9.32,21
1,63590c74120e85ecd05c0c08,M19,0,1.37,7.09,21
1,63590c74120e85ecd05c0c08,M20,0,0.63,9.53,20
1,63590c74120e85ecd05c0c08,M21,0,1.41,6.95,21
1,63590c74120e85ecd05c0c08,M22,0,1.21,15.84,45
1,63590c74120e85ecd05c0c08,M23,0,0.75,13.31,45
1,63590c74120e85ecd05c0c08,M24,0,1.56,16.53,45
1,63590c74120e85ecd05c0c08,M25,0,1.3,13.62,20
1,63590c74120e85ecd05c0c08,M26,0,0.78,12.385,20
1,63590c74120e85ecd05c0c08,M27,0,1.29,15.7,30
1,63590c74120e85ecd05c0c08,M28,0,0.78,13.765,30
1,63590c74120e85ecd05c0c08,M29,0,1.67,15.575,30
1,63590c74120e85ecd05c0c08,M30,0,1.35,9.385,21
2,73c4545b8949e668c76a03b2,M01,0,1.41,6.91,10
2,73c4545b8949e668c76a03b2,M02,0,1.03,9.32,15
2,73c4545b8949e668c76a03b2,M03,0,1.57,9.36,21
2,73c4545b8949e668c76a03b2,M04,0,1.44,8.59,21
2,73c4545b8949e668c76a03b2,M05,0,1.32,8.47,21
2,73c4545b8949e668c76a03b2,M06,0,1.66,11.77,21
2,73c4545b8949e668c76a03b2,M07,0,1.58,12.83,30
2,73c4545b8949e668c76a03b2,M08,0,1.05,17.14,30
2,73c4545b8949e668c76a03b2,M09,0,0.98,16.05,30
2,73c4545b8949e668c76a03b2,M10,0,1.55,18.74,30
2,73c4545b8949e668c76a03b2,M11,0,1.6,17.84,30
2,73c4545b8949e668c76a03b2,M12,0,1.13,24.05,45
2,73c4545b8949e668c76a03b2,M13,0,1.45,23.48,60
2,73c4545b8949e668c76a03b2,M14,0,0.82,20.22,60
2,73c4545b8949e668c76a03b2,M15,0,2.01,23.9,60
2,73c4545b8949e668c76a03b2,M16,0,1.43,51.31,100
2,73c4545b8949e668c76a03b2,M17,0,0.96,6.83,14
2,73c4545b8949e668c76a03b2,M18,0,1.63,9.32,21
2,73c4545b8949e668c76a03b2,M19,0,1.55,7.09,21
2,73c4545b8949e668c76a03b2,M20,0,0.87,9.53,20
2,73c4545b8949e668c76a03b2,M21,0,1.63,6.95,21
2,73c4545b8949e668c76a03b2,M22,0,1.62,15.84,45
2,73c4545b8949e668c76a03b2,M23,0,0.85,13.31,45
2,73c4545b8949e668c76a03b2,M24,0,2.13,16.53,45
2,73c4545b8949e668c76a03b2,M25,0,1.44,13.62,20
2,73c4545b8949e668c76a03b2,M26,0,0.85,12.385,20
2,73c4545b8949e668c76a03b2,M27,0,1.46,15.7,30
2,73c4545b8949e668c76a03b2,M28,0,0.83,13.765,30
2,73c4545b8949e668c76a03b2,M29,0,2.17,15.575,30
2,73c4545b8949e668c76a03b2,M30,0,1.34,9.385,21
3,c7bcada0b8e888971aefc4c3,M01,0,1.4,6.91,10
3,c7bcada0b8e888971aefc4c3,M02,0,0.9,9.32,15
3,c7bcada0b8e888971aefc4c3,M03,0,1.4,9.36,21
3,c7bcada0b8e888971aefc4c3,M04,0,1.43,8.59,21
3,c7bcada0b8e888971aefc4c3,M05,0,1.35,8.47,21
3,c7bcada0b8e888971aefc4c3,M06,0,1.48,11.77,21
3,c7bcada0b8e888971aefc4c3,M07,0,1.4,12.83,30
3,c7bcada0b8e888971aefc4c3,M08,0,0.95,17.14,30
3,c7bcada0b8e888971aefc4c3,M09,0,0.97,16.05,30
3,c7bcada0b8e888971aefc4c3,M10,0,1.4,18.74,30
3,c7bcada0b8e888971aefc4c3,M11,0,1.44,17.84,30
3,c7bcada0b8e888971aefc4c3,M12,0,0.93,24.05,45
3,c7bcada0b8e888971aefc4c3,M13,0,1.4,23.48,60
3,c7bcada0b8e888971aefc4c3,M14,0,0.83,20.22,60
3,c7bcada0b8e888971aefc4c3,M15,0,1.7,23.9,60
3,c7bcada0b8e888971aefc4c3,M16,0,1.43,51.31,100
3,c7bcada0b8e888971aefc4c3,M17,0,0.96,6.83,14
3,c7bcada0b8e888971aefc4c3,M18,0,1.43,9.32,21
3,c7bcada0b8e888971aefc4c3,M19,0,1.41,7.09,21
3,c7bcada0b8e888971aefc4c3,M20,0,0.69,9.53,20
3,c7bcada0b8e888971aefc4c3,M21,0,1.4,6.95,21
3,c7bcada0b8e888971aefc4c3,M22,0,1.52,15.84,45
3,c7bcada0b8e888971aefc4c3,M23,0,0.85,13.31,45
3,c7bcada0b8e888971aefc4c3,M24,0,1.97,16.53,45
3,c7bcada0b8e888971aefc4c3,M25,0,1.3,13.62,20
3,c7bcada0b8e888971aefc4c3,M26,0,0.78,12.385,20
3,c7bcada0b8e888971aefc4c3,M27,0,1.29,15.7,30
3,c7bcada0b8e888971aefc4c3,M28,0,0.77,13.765,30
3,c7bcada0b8e888971aefc4c3,M29,0,1.66,15.575,30
3,c7bcada0b8e888971aefc4c3,M30,0,1.41,9.385,21
4,91876cd96b4863b74f62ede1,M01,4,5.06,6.845,10
4,91876cd96b4863b74f62ede1,M02,4,6.32,9.175,15
4,91876cd96b4863b74f62ede1,M03,4,5.61,9.25,21
4,91876cd96b4863b74f62ede1,M04,4,5.29,8.44,21
4,91876cd96b4863b74f62ede1,M05,4,5.11,8.46,21
4,91876cd96b4863b74f62ede1,M06,4,7.07,11.555,21
4,91876cd96b4863b74f62ede1,M07,4,7.05,12.545,30
4,91876cd96b4863b74f62ede1,M08,4,8.27,16.89,30
4,91876cd96b4863b74f62ede1,M09,4,7.05,15.81,30
4,91876cd96b4863b74f62ede1,M10,4,10.19,18.53,30
4,91876cd96b4863b74f62ede1,M11,4,9.08,17.615,30
4,91876cd96b4863b74f62ede1,M12,4,9.36,23.555,45
4,91876cd96b4863b74f62ede1,M13,4,10.46,23.13,60
4,91876cd96b4863b74f62ede1,M14,4,7.3,19.65,60
4,91876cd96b4863b74f62ede1,M15,4,10.88,23.315,60
4,91876cd96b4863b74f62ede1,M16,4,15.77,50.515,100
4,91876cd96b4863b74f62ede1,M17,4,3.5,6.655,14
4,91876cd96b4863b74f62ede1,M18,4,5.76,9.155,21
4,91876cd96b4863b74f62ede1,M19,4,4.89,6.985,21
4,91876cd96b4863b74f62ede1,M20,4,5.68,9.35,20
4,91876cd96b4863b74f62ede1,M21,4,4.88,6.77,21
4,91876cd96b4863b74f62ede1,M22,4,8.49,15.23,45
4,91876cd96b4863b74f62ede1,M23,4,6.48,13.01,45
4,91876cd96b4863b74f62ede1,M24,4,8.68,15.92,45
4,91876cd96b4863b74f62ede1,M25,4,9.4,13.5,20
4,91876cd96b4863b74f62ede1,M26,4,7.2,12.19,20
4,91876cd96b4863b74f62ede1,M27,4,9.08,15.28,30
4,91876cd96b4863b74f62ede1,M28,4,7.31,13.34,30
4,91876cd96b4863b74f62ede1,M29,4,9.04,15.58,30
4,91876cd96b4863b74f62ede1,M30,4,5.55,9.25,21
5,f388de2f1532bd2d15000e9e,M01,1,1.85,6.95,10
5,f388de2f1532bd2d15000e9e,M02,1,1.48,9.36,15
5,f388de2f1532bd2d15000e9e,M03,1,2.03,9.52,21
5,f388de2f1532bd2d15000e9e,M04,1,1.62,8.81,21
5,f388de2f1532bd2d15000e9e,M05,1,1.78,8.8,21
5,f388de2f1532bd2d15000e9e,M06,1,2.07,11.89,21
5,f388de2f1532bd2d15000e9e,M07,1,1.99,13,30
5,f388de2f1532bd2d15000e9e,M08,1,1.37,17.42,30
5,f388de2f1532bd2d15000e9e,M09,1,1.24,16.18,30
5,f388de2f1532bd2d15000e9e,M10,1,1.97,18.98,30
5,f388de2f1532bd2d15000e9e,M11,1,1.76,18.29,30
5,f388de2f1532bd2d15000e9e,M12,1,1.43,24.62,45
5,f388de2f1532bd2d15000e9e,M13,1,2.02,24.03,60
5,f388de2f1532bd2d15000e9e,M14,1,1.12,20.46,60
5,f388de2f1532bd2d15000e9e,M15,1,2.59,24.48,60
5,f388de2f1532bd2d15000e9e,M16,1,2.03,51.76,100
5,f388de2f1532bd2d15000e9e,M17,1,1.21,6.94,14
5,f388de2f1532bd2d15000e9e,M18,1,1.81,9.46,21
5,f388de2f1532bd2d15000e9e,M19,1,2.13,7.16,21
5,f388de2f1532bd2d15000e9e,M20,1,1.35,9.5,20
5,f388de2f1532bd2d15000e9e,M21,1,2,6.99,21
5,f388de2f1532bd2d15000e9e,M22,1,1.96,15.84,45
5,f388de2f1532bd2d15000e9e,M23,1,1.17,13.35,45
5,f388de2f1532bd2d15000e9e,M24,1,2.38,16.5,45
5,f388de2f1532bd2d15000e9e,M25,1,2.11,13.75,20
5,f388de2f1532bd2d15000e9e,M26,1,1.01,12.54,20
5,f388de2f1532bd2d15000e9e,M27,1,2.17,15.91,30
5,f388de2f1532bd2d15000e9e,M28,1,0.96,13.91,30
5,f388de2f1532bd2d15000e9e,M29,1,2.58,15.68,30
5,f388de2f1532bd2d15000e9e,M30,1,1.78,9.58,21
6,903e67b4c2f9750d37336ae2,M01,2,1.36,6.88,10
6,903e67b4c2f9750d37336ae2,M02,2,0.92,9.32,15
6,903e67b4c2f9750d37336ae2,M03,2,1.36,9.36,21
6,903e67b4c2f9750d37336ae2,M04,2,1.38,8.58,21
6,903e67b4c2f9750d37336ae2,M05,2,1.33,8.46,21
6,903e67b4c2f9750d37336ae2,M06,2,1.42,11.66,21
6,903e67b4c2f9750d37336ae2,M07,2,1.36,12.81,30
6,903e67b4c2f9750d37336ae2,M08,2,0.93,16.97,30
6,903e67b4c2f9750d37336ae2,M09,2,0.93,16.03,30
6,903e67b4c2f9750d37336ae2,M10,2,1.37,18.71,30
6,903e67b4c2f9750d37336ae2,M11,2,1.32,17.82,30
6,903e67b4c2f9750d37336ae2,M12,2,0.92,24,45
6,903e67b4c2f9750d37336ae2,M13,2,1.38,23.43,60
6,903e67b4c2f9750d37336ae2,M14,2,0.8,20.18,60
6,903e67b4c2f9750d37336ae2,M15,2,1.78,23.65,60
6,903e67b4c2f9750d37336ae2,M16,2,1.39,51.18,100
6,903e67b4c2f9750d37336ae2,M17,2,0.9,6.73,14
6,903e67b4c2f9750d37336ae2,M18,2,1.48,9.21,21
6,903e67b4c2f9750d37336ae2,M19,2,1.38,6.87,21
6,903e67b4c2f9750d37336ae2,M20,2,0.65,9.15,20
6,903e67b4c2f9750d37336ae2,M21,2,1.46,6.77,21
6,903e67b4c2f9750d37336ae2,M22,2,1.27,15.22,45
6,903e67b4c2f9750d37336ae2,M23,2,0.81,13.01,45
6,903e67b4c2f9750d37336ae2,M24,2,1.58,15.92,45
6,903e67b4c2f9750d37336ae2,M25,2,1.52,13.62,20
6,903e67b4c2f9750d37336ae2,M26,2,0.87,12.34,20
6,903e67b4c2f9750d37336ae2,M27,2,1.53,15.67,30
6,903e67b4c2f9750d37336ae2,M28,2,0.84,13.69,30
6,903e67b4c2f9750d37336ae2,M29,2,2.49,15.58,30
6,903e67b4c2f9750d37336ae2,M30,2,1.44,9.38,21
8,d8974ef08904a88379044d8b,M01,1,6.18,6.95,10
8,d8974ef08904a88379044d8b,M02,1,8.18,9.36,15
8,d8974ef08904a88379044d8b,M03,1,7.53,9.52,21
8,d8974ef08904a88379044d8b,M04,1,6.85,8.81,21
8,d8974ef08904a88379044d8b,M05,1,6.63,8.8,21
8,d8974ef08904a88379044d8b,M06,1,9.24,11.89,21
8,d8974ef08904a88379044d8b,M07,1,9.79,13,30
8,d8974ef08904a88379044d8b,M08,1,13.13,17.42,30
8,d8974ef08904a88379044d8b,M09,1,11.77,16.18,30
8,d8974ef08904a88379044d8b,M10,1,15.1,18.98,30
8,d8974ef08904a88379044d8b,M11,1,13.68,18.29,30
8,d8974ef08904a88379044d8b,M12,1,16.87,24.62,45
8,d8974ef08904a88379044d8b,M13,1,16,24.03,60
8,d8974ef08904a88379044d8b,M14,1,12.63,20.46,60
8,d8974ef08904a88379044d8b,M15,1,16.74,24.48,60
8,d8974ef08904a88379044d8b,M16,1,32.21,51.76,100
8,d8974ef08904a88379044d8b,M17,1,5.37,6.94,14
8,d8974ef08904a88379044d8b,M18,1,7.44,9.46,21
8,d8974ef08904a88379044d8b,M19,1,6.26,7.16,21
8,d8974ef08904a88379044d8b,M20,1,7.91,9.5,20
8,d8974ef08904a88379044d8b,M21,1,6.07,6.99,21
8,d8974ef08904a88379044d8b,M22,1,12.46,15.84,45
8,d8974ef08904a88379044d8b,M23,1,10.15,13.35,45
8,d8974ef08904a88379044d8b,M24,1,13.01,16.5,45
8,d8974ef08904a88379044d8b,M25,1,11.99,13.75,20
8,d8974ef08904a88379044d8b,M26,1,10.21,12.54,20
8,d8974ef08904a88379044d8b,M27,1,12.15,15.91,30
8,d8974ef08904a88379044d8b,M28,1,9.88,13.91,30
8,d8974ef08904a88379044d8b,M29,1,12.38,15.68,30
8,d8974ef08904a88379044d8b,M30,1,7.55,9.58,21
12,f924f42d31e9b2b1918efd30,M01,1,3.73,6.95,10
12,f924f42d31e9b2b1918efd30,M02,1,3.19,9.36,15
12,f924f42d31e9b2b1918efd30,M03,1,4.13,9.52,21
12,f924f42d31e9b2b1918efd30,M04,1,3.31,8.81,21
12,f924f42d31e9b2b1918efd30,M05,1,3.05,8.8,21
12,f924f42d31e9b2b1918efd30,M06,1,5.25,11.89,21
12,f924f42d31e9b2b1918efd30,M07,1,4.34,13,30
12,f924f42d31e9b2b1918efd30,M08,1,3.2,17.42,30
12,f924f42d31e9b2b1918efd30,M09,1,2.27,16.18,30
12,f924f42d31e9b2b1918efd30,M10,1,4.62,18.98,30
12,f924f42d31e9b2b1918efd30,M11,1,3.4,18.29,30
12,f924f42d31e9b2b1918efd30,M12,1,3.21,24.62,45
12,f924f42d31e9b2b1918efd30,M13,1,4.85,24.03,60
12,f924f42d31e9b2b1918efd30,M14,1,2.66,20.46,60
12,f924f42d31e9b2b1918efd30,M15,1,5.46,24.48,60
12,f924f42d31e9b2b1918efd30,M16,1,5.09,51.76,100
12,f924f42d31e9b2b1918efd30,M17,1,1.82,6.94,14
12,f924f42d31e9b2b1918efd30,M18,1,4.55,9.46,21
12,f924f42d31e9b2b1918efd30,M19,1,4.18,7.16,21
12,f924f42d31e9b2b1918efd30,M20,1,4.9,9.5,20
12,f924f42d31e9b2b1918efd30,M21,1,4.37,6.99,21
12,f924f42d31e9b2b1918efd30,M22,1,5.85,15.84,45
12,f924f42d31e9b2b1918efd30,M23,1,3.2,13.35,45
12,f924f42d31e9b2b1918efd30,M24,1,6.39,16.5,45
12,f924f42d31e9b2b1918efd30,M25,1,5.63,13.75,20
12,f924f42d31e9b2b1918efd30,M26,1,3.68,12.54,20
12,f924f42d31e9b2b1918efd30,M27,1,6.23,15.91,30
12,f924f42d31e9b2b1918efd30,M28,1,4.18,13.91,30
12,f924f42d31e9b2b1918efd30,M29,1,6.37,15.68,30
12,f924f42d31e9b2b1918efd30,M30,1,4.11,9.58,21
13,cf7268b4f8767d681615d5ad,M01,1,1.27,6.95,10
13,cf7268b4f8767d681615d5ad,M02,1,0.91,9.36,15
13,cf7268b4f8767d681615d5ad,M03,1,1.4,9.52,21
13,cf7268b4f8767d681615d5ad,M04,1,1.33,8.81,21
13,cf7268b4f8767d681615d5ad,M05,1,1.44,8.8,21
13,cf7268b4f8767d681615d5ad,M06,1,1.42,11.89,21
13,cf7268b4f8767d681615d5ad,M07,1,1.37,13,30
13,cf7268b4f8767d681615d5ad,M08,1,0.91,17.42,30
13,cf7268b4f8767d681615d5ad,M09,1,0.9,16.18,30
13,cf7268b4f8767d681615d5ad,M10,1,1.35,18.98,30
13,cf7268b4f8767d681615d5ad,M11,1,1.32,18.29,30
13,cf7268b4f8767d681615d5ad,M12,1,0.85,24.62,45
13,cf7268b4f8767d681615d5ad,M13,1,1.27,24.03,60
13,cf7268b4f8767d681615d5ad,M14,1,0.75,20.46,60
13,cf7268b4f8767d681615d5ad,M15,1,1.68,24.48,60
13,cf7268b4f8767d681615d5ad,M16,1,1.25,51.76,100
13,cf7268b4f8767d681615d5ad,M17,1,0.9,6.94,14
13,cf7268b4f8767d681615d5ad,M18,1,1.45,9.46,21
13,cf7268b4f8767d681615d5ad,M19,1,1.28,7.16,21
13,cf7268b4f8767d681615d5ad,M20,1,0.65,9.5,20
13,cf7268b4f8767d681615d5ad,M21,1,1.43,6.99,21
13,cf7268b4f8767d681615d5ad,M22,1,1.21,15.84,45
13,cf7268b4f8767d681615d5ad,M23,1,0.77,13.35,45
13,cf7268b4f8767d681615d5ad,M24,1,1.56,16.5,45
13,cf7268b4f8767d681615d5ad,M25,1,1.3,13.75,20
13,cf7268b4f8767d681615d5ad,M26,1,0.78,12.54,20
13,cf7268b4f8767d681615d5ad,M27,1,1.29,15.91,30
13,cf7268b4f8767d681615d5ad,M28,1,0.77,13.91,30
13,cf7268b4f8767d681615d5ad,M29,1,1.64,15.68,30
13,cf7268b4f8767d681615d5ad,M30,1,1.43,9.58,21
14,37db2b79f652ee6c5f897d99,M01,3,4.07,6.99,10
14,37db2b79f652ee6c5f897d99,M02,3,4.8,9.41,15
14,37db2b79f652ee6c5f897d99,M03,3,4.55,9.67,21
14,37db2b79f652ee6c5f897d99,M04,3,4.19,8.99,21
14,37db2b79f652ee6c5f897d99,M05,3,3.9,8.87,21
14,37db2b79f652ee6c5f897d99,M06,3,5.81,12.11,21
14,37db2b79f652ee6c5f897d99,M07,3,5.21,13.26,30
14,37db2b79f652ee6c5f897d99,M08,3,5.4,17.66,30
14,37db2b79f652ee6c5f897d99,M09,3,3.64,16.64,30
14,37db2b79f652ee6c5f897d99,M10,3,6.89,19.22,30
14,37db2b79f652ee6c5f897d99,M11,3,5.14,18.33,30
14,37db2b79f652ee6c5f897d99,M12,3,5.62,24.98,45
14,37db2b79f652ee6c5f897d99,M13,3,6.56,24.67,60
14,37db2b79f652ee6c5f897d99,M14,3,4.31,20.81,60
14,37db2b79f652ee6c5f897d99,M15,3,6.68,24.93,60
14,37db2b79f652ee6c5f897d99,M16,3,8.32,52.34,100
14,37db2b79f652ee6c5f897d99,M17,3,2.17,6.99,14
14,37db2b79f652ee6c5f897d99,M18,3,4.82,9.6,21
14,37db2b79f652ee6c5f897d99,M19,3,4.44,7.26,21
14,37db2b79f652ee6c5f897d99,M20,3,4.88,9.575,20
14,37db2b79f652ee6c5f897d99,M21,3,4.51,6.985,21
14,37db2b79f652ee6c5f897d99,M22,3,6.96,16.03,45
14,37db2b79f652ee6c5f897d99,M23,3,5.03,13.455,45
14,37db2b79f652ee6c5f897d99,M24,3,7.08,16.74,45
14,37db2b79f652ee6c5f897d99,M25,3,6.86,13.8,20
14,37db2b79f652ee6c5f897d99,M26,3,5.19,12.58,20
14,37db2b79f652ee6c5f897d99,M27,3,7.14,15.98,30
14,37db2b79f652ee6c5f897d99,M28,3,5.76,14.22,30
14,37db2b79f652ee6c5f897d99,M29,3,6.92,16.04,30
14,37db2b79f652ee6c5f897d99,M30,3,4.56,9.75,21
15,dc48fc379a6c61beca713ed3,M01,3,1.9,6.99,10
15,dc48fc379a6c61beca713ed3,M02,3,1.75,9.41,15
15,dc48fc379a6c61beca713ed3,M03,3,2.14,9.67,21
15,dc48fc379a6c61beca713ed3,M04,3,1.75,8.99,21
15,dc48fc379a6c61beca713ed3,M05,3,1.85,8.87,21
15,dc48fc379a6c61beca713ed3,M06,3,2.32,12.11,21
15,dc48fc379a6c61beca713ed3,M07,3,2.13,13.26,30
15,dc48fc379a6c61beca713ed3,M08,3,1.55,17.66,30
15,dc48fc379a6c61beca713ed3,M09,3,1.22,16.64,30
15,dc48fc379a6c61beca713ed3,M10,3,2.01,19.22,30
15,dc48fc379a6c61beca713ed3,M11,3,1.81,18.33,30
15,dc48fc379a6c61beca713ed3,M12,3,1.67,24.98,45
15,dc48fc379a6c61beca713ed3,M13,3,2.26,24.67,60
15,dc48fc379a6c61beca713ed3,M14,3,1.29,20.81,60
15,dc48fc379a6c61beca713ed3,M15,3,2.81,24.93,60
15,dc48fc379a6c61beca713ed3,M16,3,2.24,52.34,100
15,dc48fc379a6c61beca713ed3,M17,3,1.34,6.99,14
15,dc48fc379a6c61beca713ed3,M18,3,1.83,9.6,21
15,dc48fc379a6c61beca713ed3,M19,3,2.24,7.26,21
15,dc48fc379a6c61beca713ed3,M20,3,1.43,9.575,20
15,dc48fc379a6c61beca713ed3,M21,3,1.54,6.985,21
15,dc48fc379a6c61beca713ed3,M22,3,1.96,16.03,45
15,dc48fc379a6c61beca713ed3,M23,3,0.88,13.455,45
15,dc48fc379a6c61beca713ed3,M24,3,2.41,16.74,45
15,dc48fc379a6c61beca713ed3,M25,3,4.22,13.8,20
15,dc48fc379a6c61beca713ed3,M26,3,2.32,12.58,20
15,dc48fc379a6c61beca713ed3,M27,3,4.87,15.98,30
15,dc48fc379a6c61beca713ed3,M28,3,2.59,14.22,30
15,dc48fc379a6c61beca713ed3,M29,3,5.42,16.04,30
15,dc48fc379a6c61beca713ed3,M30,3,2.98,9.75,21
16,6983229a0e0fe5fb5d401dcc,M01,4,4.92,6.845,10
16,6983229a0e0fe5fb5d401dcc,M02,4,6.27,9.175,15
16,6983229a0e0fe5fb5d401dcc,M03,4,5.49,9.25,21
16,6983229a0e0fe5fb5d401dcc,M04,4,5.24,8.44,21
16,6983229a0e0fe5fb5d401dcc,M05,4,5.12,8.46,21
16,6983229a0e0fe5fb5d401dcc,M06,4,6.95,11.555,21
16,6983229a0e0fe5fb5d401dcc,M07,4,6.92,12.545,30
16,6983229a0e0fe5fb5d401dcc,M08,4,8.38,16.89,30
16,6983229a0e0fe5fb5d401dcc,M09,4,7.44,15.81,30
16,6983229a0e0fe5fb5d401dcc,M10,4,10.19,18.53,30
16,6983229a0e0fe5fb5d401dcc,M11,4,9.36,17.615,30
16,6983229a0e0fe5fb5d401dcc,M12,4,9.7,23.555,45
16,6983229a0e0fe5fb5d401dcc,M13,4,10.44,23.13,60
16,6983229a0e0fe5fb5d401dcc,M14,4,7.63,19.65,60
16,6983229a0e0fe5fb5d401dcc,M15,4,10.7,23.315,60
16,6983229a0e0fe5fb5d401dcc,M16,4,17.04,50.515,100
16,6983229a0e0fe5fb5d401dcc,M17,4,3.58,6.655,14
16,6983229a0e0fe5fb5d401dcc,M18,4,5.71,9.155,21
16,6983229a0e0fe5fb5d401dcc,M19,4,5.07,6.985,21
16,6983229a0e0fe5fb5d401dcc,M20,4,6.2,9.35,20
16,6983229a0e0fe5fb5d401dcc,M21,4,5.07,6.77,21
16,6983229a0e0fe5fb5d401dcc,M22,4,9.38,15.23,45
16,6983229a0e0fe5fb5d401dcc,M23,4,7.4,13.01,45
16,6983229a0e0fe5fb5d401dcc,M24,4,9.56,15.92,45
16,6983229a0e0fe5fb5d401dcc,M25,4,7.16,13.5,20
16,6983229a0e0fe5fb5d401dcc,M26,4,4.9,12.19,20
16,6983229a0e0fe5fb5d401dcc,M27,4,7.72,15.28,30
16,6983229a0e0fe5fb5d401dcc,M28,4,5.69,13.34,30
16,6983229a0e0fe5fb5d401dcc,M29,4,7.79,15.58,30
16,6983229a0e0fe5fb5d401dcc,M30,4,4.27,9.25,21
17,e23aae84b93938a0352fa862,M01,0,4.13,6.91,10
17,e23aae84b93938a0352fa862,M02,0,4.55,9.32,15
17,e23aae84b93938a0352fa862,M03,0,4.59,9.36,21
17,e23aae84b93938a0352fa862,M04,0,4.15,8.59,21
17,e23aae84b93938a0352fa862,M05,0,3.82,8.47,21
17,e23aae84b93938a0352fa862,M06,0,5.84,11.77,21
17,e23aae84b93938a0352fa862,M07,0,5.18,12.83,30
17,e23aae84b93938a0352fa862,M08,0,4.85,17.14,30
17,e23aae84b93938a0352fa862,M09,0,3.27,16.05,30
17,e23aae84b93938a0352fa862,M10,0,6.48,18.74,30
17,e23aae84b93938a0352fa862,M11,0,4.59,17.84,30
17,e23aae84b93938a0352fa862,M12,0,4.81,24.05,45
17,e23aae84b93938a0352fa862,M13,0,6.23,23.48,60
17,e23aae84b93938a0352fa862,M14,0,3.78,20.22,60
17,e23aae84b93938a0352fa862,M15,0,6.68,23.9,60
17,e23aae84b93938a0352fa862,M16,0,7.32,51.31,100
17,e23aae84b93938a0352fa862,M17,0,2.08,6.83,14
17,e23aae84b93938a0352fa862,M18,0,4.76,9.32,21
17,e23aae84b93938a0352fa862,M19,0,4.45,7.09,21
17,e23aae84b93938a0352fa862,M20,0,4.29,9.53,20
17,e23aae84b93938a0352fa862,M21,0,4.35,6.95,21
17,e23aae84b93938a0352fa862,M22,0,5.93,15.84,45
17,e23aae84b93938a0352fa862,M23,0,3.36,13.31,45
17,e23aae84b93938a0352fa862,M24,0,6.38,16.53,45
17,e23aae84b93938a0352fa862,M25,0,6.67,13.62,20
17,e23aae84b93938a0352fa862,M26,0,4.7,12.385,20
17,e23aae84b93938a0352fa862,M27,0,7.09,15.7,30
17,e23aae84b93938a0352fa862,M28,0,5.29,13.765,30
17,e23aae84b93938a0352fa862,M29,0,7.06,15.575,30
17,e23aae84b93938a0352fa862,M30,0,4.59,9.385,21
18,b4fed703cda493a4827fa37b,M01,0,5.92,6.91,10
18,b4fed703cda493a4827fa37b,M02,0,7.72,9.32,15
18,b4fed703cda493a4827fa37b,M03,0,6.89,9.36,21
18,b4fed703cda493a4827fa37b,M04,0,6.43,8.59,21
18,b4fed703cda493a4827fa37b,M05,0,6.33,8.47,21
18,b4fed703cda493a4827fa37b,M06,0,8.77,11.77,21
18,b4fed703cda493a4827fa37b,M07,0,8.98,12.83,30
18,b4fed703cda493a4827fa37b,M08,0,12.2,17.14,30
18,b4fed703cda493a4827fa37b,M09,0,11.16,16.05,30
18,b4fed703cda493a4827fa37b,M10,0,14.08,18.74,30
18,b4fed703cda493a4827fa37b,M11,0,13.12,17.84,30
18,b4fed703cda493a4827fa37b,M12,0,15.64,24.05,45
18,b4fed703cda493a4827fa37b,M13,0,15.35,23.48,60
18,b4fed703cda493a4827fa37b,M14,0,12.37,20.22,60
18,b4fed703cda493a4827fa37b,M15,0,15.34,23.9,60
18,b4fed703cda493a4827fa37b,M16,0,32.02,51.31,100
18,b4fed703cda493a4827fa37b,M17,0,5.12,6.83,14
18,b4fed703cda493a4827fa37b,M18,0,6.98,9.32,21
18,b4fed703cda493a4827fa37b,M19,0,5.56,7.09,21
18,b4fed703cda493a4827fa37b,M20,0,7.19,9.53,20
18,b4fed703cda493a4827fa37b,M21,0,5.49,6.95,21
18,b4fed703cda493a4827fa37b,M22,0,11.04,15.84,45
18,b4fed703cda493a4827fa37b,M23,0,9.18,13.31,45
18,b4fed703cda493a4827fa37b,M24,0,11.21,16.53,45
18,b4fed703cda493a4827fa37b,M25,0,11.62,13.62,20
18,b4fed703cda493a4827fa37b,M26,0,10,12.385,20
18,b4fed703cda493a4827fa37b,M27,0,11.66,15.7,30
18,b4fed703cda493a4827fa37b,M28,0,9.59,13.765,30
18,b4fed703cda493a4827fa37b,M29,0,11.46,15.575,30
18,b4fed703cda493a4827fa37b,M30,0,6.93,9.385,21
19,ac149acd23b05351f726234b,M01,1,3.36,6.95,10
19,ac149acd23b05351f726234b,M02,1,2.79,9.36,15
19,ac149acd23b05351f726234b,M03,1,3.88,9.52,21
19,ac149acd23b05351f726234b,M04,1,3.15,8.81,21
19,ac149acd23b05351f726234b,M05,1,2.97,8.8,21
19,ac149acd23b05351f726234b,M06,1,4.73,11.89,21
19,ac149acd23b05351f726234b,M07,1,3.95,13,30
19,ac149acd23b05351f726234b,M08,1,2.79,17.42,30
19,ac149acd23b05351f726234b,M09,1,2.17,16.18,30
19,ac149acd23b05351f726234b,M10,1,4.01,18.98,30
19,ac149acd23b05351f726234b,M11,1,3.18,18.29,30
19,ac149acd23b05351f726234b,M12,1,2.79,24.62,45
19,ac149acd23b05351f726234b,M13,1,4.47,24.03,60
19,ac149acd23b05351f726234b,M14,1,2.43,20.46,60
19,ac149acd23b05351f726234b,M15,1,4.96,24.48,60
19,ac149acd23b05351f726234b,M16,1,4.61,51.76,100
19,ac149acd23b05351f726234b,M17,1,1.78,6.94,14
19,ac149acd23b05351f726234b,M18,1,4.5,9.46,21
19,ac149acd23b05351f726234b,M19,1,3.79,7.16,21
19,ac149acd23b05351f726234b,M20,1,3.8,9.5,20
19,ac149acd23b05351f726234b,M21,1,4.17,6.99,21
19,ac149acd23b05351f726234b,M22,1,4.32,15.84,45
19,ac149acd23b05351f726234b,M23,1,2.19,13.35,45
19,ac149acd23b05351f726234b,M24,1,5.36,16.5,45
19,ac149acd23b05351f726234b,M25,1,5.27,13.75,20
19,ac149acd23b05351f726234b,M26,1,3.39,12.54,20
19,ac149acd23b05351f726234b,M27,1,5.97,15.91,30
19,ac149acd23b05351f726234b,M28,1,3.95,13.91,30
19,ac149acd23b05351f726234b,M29,1,6.06,15.68,30
19,ac149acd23b05351f726234b,M30,1,3.2,9.58,21
20,2e969e332007bc99ca627155,M01,4,1.36,6.845,10
20,2e969e332007bc99ca627155,M02,4,0.93,9.175,15
20,2e969e332007bc99ca627155,M03,4,1.38,9.25,21
20,2e969e332007bc99ca627155,M04,4,1.38,8.44,21
20,2e969e332007bc99ca627155,M05,4,1.32,8.46,21
20,2e969e332007bc99ca627155,M06,4,1.44,11.555,21
20,2e969e332007bc99ca627155,M07,4,1.38,12.545,30
20,2e969e332007bc99ca627155,M08,4,0.92,16.89,30
20,2e969e332007bc99ca627155,M09,4,0.93,15.81,30
20,2e969e332007bc99ca627155,M10,4,1.37,18.53,30
20,2e969e332007bc99ca627155,M11,4,1.33,17.615,30
20,2e969e332007bc99ca627155,M12,4,0.93,23.555,45
20,2e969e332007bc99ca627155,M13,4,1.27,23.13,60
20,2e969e332007bc99ca627155,M14,4,0.75,19.65,60
20,2e969e332007bc99ca627155,M15,4,1.6,23.315,60
20,2e969e332007bc99ca627155,M16,4,1.25,50.515,100
20,2e969e332007bc99ca627155,M17,4,0.92,6.655,14
20,2e969e332007bc99ca627155,M18,4,1.48,9.155,21
20,2e969e332007bc99ca627155,M19,4,1.39,6.985,21
20,2e969e332007bc99ca627155,M20,4,0.68,9.35,20
20,2e969e332007bc99ca627155,M21,4,1.47,6.77,21
20,2e969e332007bc99ca627155,M22,4,1.27,15.23,45
20,2e969e332007bc99ca627155,M23,4,0.77,13.01,45
20,2e969e332007bc99ca627155,M24,4,1.63,15.92,45
20,2e969e332007bc99ca627155,M25,4,5.16,13.5,20
20,2e969e332007bc99ca627155,M26,4,3.17,12.19,20
20,2e969e332007bc99ca627155,M27,4,5.88,15.28,30
20,2e969e332007bc99ca627155,M28,4,3.83,13.34,30
20,2e969e332007bc99ca627155,M29,4,4.89,15.58,30
20,2e969e332007bc99ca627155,M30,4,2.44,9.25,21
21,f3235c534d97f6bc0f007674,M01,4,7.56,6.845,10
21,f3235c534d97f6bc0f007674,M02,4,9.96,9.175,15
21,f3235c534d97f6bc0f007674,M03,4,10.42,9.25,21
21,f3235c534d97f6bc0f007674,M04,4,9.41,8.44,21
21,f3235c534d97f6bc0f007674,M05,4,9.45,8.46,21
21,f3235c534d97f6bc0f007674,M06,4,13,11.555,21
21,f3235c534d97f6bc0f007674,M07,4,14.14,12.545,30
21,f3235c534d97f6bc0f007674,M08,4,18.44,16.89,30
21,f3235c534d97f6bc0f007674,M09,4,16.96,15.81,30
21,f3235c534d97f6bc0f007674,M10,4,20.28,18.53,30
21,f3235c534d97f6bc0f007674,M11,4,19.12,17.615,30
21,f3235c534d97f6bc0f007674,M12,4,25.84,23.555,45
21,f3235c534d97f6bc0f007674,M13,4,26.01,23.13,60
21,f3235c534d97f6bc0f007674,M14,4,21.9,19.65,60
21,f3235c534d97f6bc0f007674,M15,4,26.48,23.315,60
21,f3235c534d97f6bc0f007674,M16,4,53.73,50.515,100
21,f3235c534d97f6bc0f007674,M17,4,7.33,6.655,14
21,f3235c534d97f6bc0f007674,M18,4,9.98,9.155,21
21,f3235c534d97f6bc0f007674,M19,4,8.69,6.985,21
21,f3235c534d97f6bc0f007674,M20,4,10.71,9.35,20
21,f3235c534d97f6bc0f007674,M21,4,8,6.77,21
21,f3235c534d97f6bc0f007674,M22,4,19.09,15.23,45
21,f3235c534d97f6bc0f007674,M23,4,15.69,13.01,45
21,f3235c534d97f6bc0f007674,M24,4,19.99,15.92,45
21,f3235c534d97f6bc0f007674,M25,4,14.48,13.5,20
21,f3235c534d97f6bc0f007674,M26,4,12.99,12.19,20
21,f3235c534d97f6bc0f007674,M27,4,16.89,15.28,30
21,f3235c534d97f6bc0f007674,M28,4,14.59,13.34,30
21,f3235c534d97f6bc0f007674,M29,4,16.97,15.58,30
21,f3235c534d97f6bc0f007674,M30,4,10.46,9.25,21
23,8742336b8c952dfbe6485e45,M01,4,6.74,6.845,10
23,8742336b8c952dfbe6485e45,M02,4,8.97,9.175,15
23,8742336b8c952dfbe6485e45,M03,4,8.72,9.25,21
23,8742336b8c952dfbe6485e45,M04,4,8.05,8.44,21
23,8742336b8c952dfbe6485e45,M05,4,7.99,8.46,21
23,8742336b8c952dfbe6485e45,M06,4,10.99,11.555,21
23,8742336b8c952dfbe6485e45,M07,4,11.69,12.545,30
23,8742336b8c952dfbe6485e45,M08,4,15.81,16.89,30
23,8742336b8c952dfbe6485e45,M09,4,14.69,15.81,30
23,8742336b8c952dfbe6485e45,M10,4,17.59,18.53,30
23,8742336b8c952dfbe6485e45,M11,4,16.76,17.615,30
23,8742336b8c952dfbe6485e45,M12,4,21.59,23.555,45
23,8742336b8c952dfbe6485e45,M13,4,21.04,23.13,60
23,8742336b8c952dfbe6485e45,M14,4,17.33,19.65,60
23,8742336b8c952dfbe6485e45,M15,4,21.47,23.315,60
23,8742336b8c952dfbe6485e45,M16,4,46.65,50.515,100
23,8742336b8c952dfbe6485e45,M17,4,6.41,6.655,14
23,8742336b8c952dfbe6485e45,M18,4,8.66,9.155,21
23,8742336b8c952dfbe6485e45,M19,4,7.26,6.985,21
23,8742336b8c952dfbe6485e45,M20,4,9.53,9.35,20
23,8742336b8c952dfbe6485e45,M21,4,7.02,6.77,21
23,8742336b8c952dfbe6485e45,M22,4,15.98,15.23,45
23,8742336b8c952dfbe6485e45,M23,4,13.25,13.01,45
23,8742336b8c952dfbe6485e45,M24,4,16.5,15.92,45
23,8742336b8c952dfbe6485e45,M25,4,13.2,13.5,20
23,8742336b8c952dfbe6485e45,M26,4,11.77,12.19,20
23,8742336b8c952dfbe6485e45,M27,4,14.5,15.28,30
23,8742336b8c952dfbe6485e45,M28,4,12.31,13.34,30
23,8742336b8c952dfbe6485e45,M29,4,14.54,15.58,30
23,8742336b8c952dfbe6485e45,M30,4,8.75,9.25,21
24,e7732197de6d851c1ed1bd48,M25,4,12.53,13.5,20
24,e7732197de6d851c1ed1bd48,M26,4,11.11,12.19,20
24,e7732197de6d851c1ed1bd48,M27,4,13.27,15.28,30
24,e7732197de6d851c1ed1bd48,M28,4,11.26,13.34,30
24,e7732197de6d851c1ed1bd48,M29,4,13.1,15.58,30
24,e7732197de6d851c1ed1bd48,M30,4,7.87,9.25,21
25,a36f54566b3e72a686c53426,M01,2,1.27,6.88,10
25,a36f54566b3e72a686c53426,M02,2,0.9,9.32,15
25,a36f54566b3e72a686c53426,M03,2,1.35,9.36,21
25,a36f54566b3e72a686c53426,M04,2,1.36,8.58,21
25,a36f54566b3e72a686c53426,M05,2,1.35,8.46,21
25,a36f54566b3e72a686c53426,M06,2,1.43,11.66,21
25,a36f54566b3e72a686c53426,M07,2,1.35,12.81,30
25,a36f54566b3e72a686c53426,M08,2,0.9,16.97,30
25,a36f54566b3e72a686c53426,M09,2,0.91,16.03,30
25,a36f54566b3e72a686c53426,M10,2,1.35,18.71,30
25,a36f54566b3e72a686c53426,M11,2,1.32,17.82,30
25,a36f54566b3e72a686c53426,M12,2,0.9,24,45
25,a36f54566b3e72a686c53426,M13,2,1.27,23.43,60
25,a36f54566b3e72a686c53426,M14,2,0.75,20.18,60
25,a36f54566b3e72a686c53426,M15,2,1.6,23.65,60
25,a36f54566b3e72a686c53426,M16,2,1.25,51.18,100
25,a36f54566b3e72a686c53426,M17,2,0.9,6.73,14
25,a36f54566b3e72a686c53426,M18,2,1.44,9.21,21
25,a36f54566b3e72a686c53426,M19,2,1.36,6.87,21
25,a36f54566b3e72a686c53426,M20,2,0.59,9.15,20
25,a36f54566b3e72a686c53426,M21,2,1.4,6.77,21
25,a36f54566b3e72a686c53426,M22,2,1.23,15.22,45
25,a36f54566b3e72a686c53426,M23,2,0.75,13.01,45
25,a36f54566b3e72a686c53426,M24,2,1.56,15.92,45
25,a36f54566b3e72a686c53426,M25,2,3.54,13.62,20
25,a36f54566b3e72a686c53426,M26,2,2.02,12.34,20
25,a36f54566b3e72a686c53426,M27,2,3.76,15.67,30
25,a36f54566b3e72a686c53426,M28,2,2.17,13.69,30
25,a36f54566b3e72a686c53426,M29,2,4.98,15.58,30
25,a36f54566b3e72a686c53426,M30,2,2.55,9.38,21
26,27c58396e87680d42d13063f,M01,1,6.01,6.95,10
26,27c58396e87680d42d13063f,M02,1,7.68,9.36,15
26,27c58396e87680d42d13063f,M03,1,6.93,9.52,21
26,27c58396e87680d42d13063f,M04,1,6.17,8.81,21
26,27c58396e87680d42d13063f,M05,1,6.13,8.8,21
26,27c58396e87680d42d13063f,M06,1,8.8,11.89,21
26,27c58396e87680d42d13063f,M07,1,8.87,13,30
26,27c58396e87680d42d13063f,M08,1,11.64,17.42,30
26,27c58396e87680d42d13063f,M09,1,9.77,16.18,30
26,27c58396e87680d42d13063f,M10,1,13.65,18.98,30
26,27c58396e87680d42d13063f,M11,1,12.19,18.29,30
26,27c58396e87680d42d13063f,M12,1,14.43,24.62,45
26,27c58396e87680d42d13063f,M13,1,14.56,24.03,60
26,27c58396e87680d42d13063f,M14,1,11.23,20.46,60
26,27c58396e87680d42d13063f,M15,1,14.69,24.48,60
26,27c58396e87680d42d13063f,M16,1,27.4,51.76,100
26,27c58396e87680d42d13063f,M17,1,3.25,6.94,14
26,27c58396e87680d42d13063f,M18,1,5.6,9.46,21
26,27c58396e87680d42d13063f,M19,1,5.33,7.16,21
26,27c58396e87680d42d13063f,M20,1,5.24,9.5,20
26,27c58396e87680d42d13063f,M21,1,4.48,6.99,21
26,27c58396e87680d42d13063f,M22,1,7.46,15.84,45
26,27c58396e87680d42d13063f,M23,1,6.34,13.35,45
26,27c58396e87680d42d13063f,M24,1,7.26,16.5,45
26,27c58396e87680d42d13063f,M25,1,12.08,13.75,20
26,27c58396e87680d42d13063f,M26,1,10.36,12.54,20
26,27c58396e87680d42d13063f,M27,1,12.32,15.91,30
26,27c58396e87680d42d13063f,M28,1,10.07,13.91,30
26,27c58396e87680d42d13063f,M29,1,12.16,15.68,30
26,27c58396e87680d42d13063f,M30,1,7.37,9.58,21
27,76c4529644e0b71c67b057ff,M25,0,15.65,13.62,20
27,76c4529644e0b71c67b057ff,M26,0,14.42,12.385,20
27,76c4529644e0b71c67b057ff,M27,0,19.69,15.7,30
27,76c4529644e0b71c67b057ff,M28,0,17.86,13.765,30
27,76c4529644e0b71c67b057ff,M29,0,19.79,15.575,30
27,76c4529644e0b71c67b057ff,M30,0,12.54,9.385,21
28,8efe873c7ea952bb6b580341,M01,1,5.49,6.95,10
28,8efe873c7ea952bb6b580341,M02,1,7.2,9.36,15
28,8efe873c7ea952bb6b580341,M03,1,6.27,9.52,21
28,8efe873c7ea952bb6b580341,M04,1,5.8,8.81,21
28,8efe873c7ea952bb6b580341,M05,1,5.65,8.8,21
28,8efe873c7ea952bb6b580341,M06,1,7.93,11.89,21
28,8efe873c7ea952bb6b580341,M07,1,8.08,13,30
28,8efe873c7ea952bb6b580341,M08,1,10.85,17.42,30
28,8efe873c7ea952bb6b580341,M09,1,9.55,16.18,30
28,8efe873c7ea952bb6b580341,M10,1,12.65,18.98,30
28,8efe873c7ea952bb6b580341,M11,1,11.52,18.29,30
28,8efe873c7ea952bb6b580341,M12,1,13.51,24.62,45
28,8efe873c7ea952bb6b580341,M13,1,13.34,24.03,60
28,8efe873c7ea952bb6b580341,M14,1,10.44,20.46,60
28,8efe873c7ea952bb6b580341,M15,1,13.56,24.48,60
28,8efe873c7ea952bb6b580341,M16,1,25.79,51.76,100
28,8efe873c7ea952bb6b580341,M17,1,4.31,6.94,14
28,8efe873c7ea952bb6b580341,M18,1,6.32,9.46,21
28,8efe873c7ea952bb6b580341,M19,1,5.31,7.16,21
28,8efe873c7ea952bb6b580341,M20,1,7.01,9.5,20
28,8efe873c7ea952bb6b580341,M21,1,5.29,6.99,21
28,8efe873c7ea952bb6b580341,M22,1,10.68,15.84,45
28,8efe873c7ea952bb6b580341,M23,1,8.87,13.35,45
28,8efe873c7ea952bb6b580341,M24,1,10.75,16.5,45
28,8efe873c7ea952bb6b580341,M25,1,10.8,13.75,20
28,8efe873c7ea952bb6b580341,M26,1,9.05,12.54,20
28,8efe873c7ea952bb6b580341,M27,1,10.46,15.91,30
28,8efe873c7ea952bb6b580341,M28,1,8.58,13.91,30
28,8efe873c7ea952bb6b580341,M29,1,10.34,15.68,30
28,8efe873c7ea952bb6b580341,M30,1,6.28,9.58,21
29,e863ae07267316f831b4c0a3,M01,0,6.27,6.91,10
29,e863ae07267316f831b4c0a3,M02,0,8.27,9.32,15
29,e863ae07267316f831b4c0a3,M03,0,7.64,9.36,21
29,e863ae07267316f831b4c0a3,M04,0,7,8.59,21
29,e863ae07267316f831b4c0a3,M05,0,6.97,8.47,21
29,e863ae07267316f831b4c0a3,M06,0,9.69,11.77,21
29,e863ae07267316f831b4c0a3,M07,0,10.05,12.83,30
29,e863ae07267316f831b4c0a3,M08,0,13.78,17.14,30
29,e863ae07267316f831b4c0a3,M09,0,12.58,16.05,30
29,e863ae07267316f831b4c0a3,M10,0,15.62,18.74,30
29,e863ae07267316f831b4c0a3,M11,0,14.68,17.84,30
29,e863ae07267316f831b4c0a3,M12,0,18.26,24.05,45
29,e863ae07267316f831b4c0a3,M13,0,17.68,23.48,60
29,e863ae07267316f831b4c0a3,M14,0,14.34,20.22,60
29,e863ae07267316f831b4c0a3,M15,0,17.83,23.9,60
29,e863ae07267316f831b4c0a3,M16,0,38.9,51.31,100
29,e863ae07267316f831b4c0a3,M17,0,5.63,6.83,14
29,e863ae07267316f831b4c0a3,M18,0,7.61,9.32,21
29,e863ae07267316f831b4c0a3,M19,0,6.5,7.09,21
29,e863ae07267316f831b4c0a3,M20,0,8.66,9.53,20
29,e863ae07267316f831b4c0a3,M21,0,6.35,6.95,21
29,e863ae07267316f831b4c0a3,M22,0,13.9,15.84,45
29,e863ae07267316f831b4c0a3,M23,0,11.55,13.31,45
29,e863ae07267316f831b4c0a3,M24,0,14.28,16.53,45
29,e863ae07267316f831b4c0a3,M25,0,12.36,13.62,20
29,e863ae07267316f831b4c0a3,M26,0,10.8,12.385,20
29,e863ae07267316f831b4c0a3,M27,0,12.88,15.7,30
29,e863ae07267316f831b4c0a3,M28,0,10.71,13.765,30
29,e863ae07267316f831b4c0a3,M29,0,12.75,15.575,30
29,e863ae07267316f831b4c0a3,M30,0,7.66,9.385,21
31,87bd4c8586b4b78f83e43895,M01,0,5.14,6.91,10
31,87bd4c8586b4b78f83e43895,M02,0,6.63,9.32,15
31,87bd4c8586b4b78f83e43895,M03,0,6.09,9.36,21
31,87bd4c8586b4b78f83e43895,M04,0,5.48,8.59,21
31,87bd4c8586b4b78f83e43895,M05,0,5.27,8.47,21
31,87bd4c8586b4b78f83e43895,M06,0,7.11,11.77,21
31,87bd4c8586b4b78f83e43895,M07,0,7.64,12.83,30
31,87bd4c8586b4b78f83e43895,M08,0,8.38,17.14,30
31,87bd4c8586b4b78f83e43895,M09,0,6.26,16.05,30
31,87bd4c8586b4b78f83e43895,M10,0,10.92,18.74,30
31,87bd4c8586b4b78f83e43895,M11,0,8.62,17.84,30
31,87bd4c8586b4b78f83e43895,M12,0,9.09,24.05,45
31,87bd4c8586b4b78f83e43895,M13,0,7.9,23.48,60
31,87bd4c8586b4b78f83e43895,M14,0,7.85,20.22,60
31,87bd4c8586b4b78f83e43895,M15,0,6.17,23.9,60
31,87bd4c8586b4b78f83e43895,M16,0,12.51,51.31,100
31,87bd4c8586b4b78f83e43895,M17,0,3.87,6.83,14
31,87bd4c8586b4b78f83e43895,M18,0,6.03,9.32,21
31,87bd4c8586b4b78f83e43895,M19,0,5.01,7.09,21
31,87bd4c8586b4b78f83e43895,M20,0,6.06,9.53,20
31,87bd4c8586b4b78f83e43895,M21,0,5.05,6.95,21
31,87bd4c8586b4b78f83e43895,M22,0,9.31,15.84,45
31,87bd4c8586b4b78f83e43895,M23,0,6.95,13.31,45
31,87bd4c8586b4b78f83e43895,M24,0,9.92,16.53,45
31,87bd4c8586b4b78f83e43895,M25,0,8.81,13.62,20
31,87bd4c8586b4b78f83e43895,M26,0,6.03,12.385,20
31,87bd4c8586b4b78f83e43895,M27,0,8.64,15.7,30
31,87bd4c8586b4b78f83e43895,M28,0,6.37,13.765,30
31,87bd4c8586b4b78f83e43895,M29,0,9.51,15.575,30
31,87bd4c8586b4b78f83e43895,M30,0,5.4,9.385,21
32,1db51764879da07a9a804f89,M01,3,3.62,6.99,10
32,1db51764879da07a9a804f89,M02,3,3.04,9.41,15
32,1db51764879da07a9a804f89,M03,3,4.02,9.67,21
32,1db51764879da07a9a804f89,M04,3,3.21,8.99,21
32,1db51764879da07a9a804f89,M05,3,2.76,8.87,21
32,1db51764879da07a9a804f89,M06,3,5.05,12.11,21
32,1db51764879da07a9a804f89,M07,3,4.19,13.26,30
32,1db51764879da07a9a804f89,M08,3,3.05,17.66,30
32,1db51764879da07a9a804f89,M09,3,2.21,16.64,30
32,1db51764879da07a9a804f89,M10,3,4.38,19.22,30
32,1db51764879da07a9a804f89,M11,3,3.12,18.33,30
32,1db51764879da07a9a804f89,M12,3,3,24.98,45
32,1db51764879da07a9a804f89,M13,3,4.75,24.67,60
32,1db51764879da07a9a804f89,M14,3,2.61,20.81,60
32,1db51764879da07a9a804f89,M15,3,5.23,24.93,60
32,1db51764879da07a9a804f89,M16,3,5.02,52.34,100
32,1db51764879da07a9a804f89,M17,3,1.72,6.99,14
32,1db51764879da07a9a804f89,M18,3,4.5,9.6,21
32,1db51764879da07a9a804f89,M19,3,4.23,7.26,21
32,1db51764879da07a9a804f89,M20,3,4.49,9.575,20
32,1db51764879da07a9a804f89,M21,3,4.45,6.985,21
32,1db51764879da07a9a804f89,M22,3,6.56,16.03,45
32,1db51764879da07a9a804f89,M23,3,3.92,13.455,45
32,1db51764879da07a9a804f89,M24,3,6.98,16.74,45
32,1db51764879da07a9a804f89,M25,3,1.43,13.8,20
32,1db51764879da07a9a804f89,M26,3,0.84,12.58,20
32,1db51764879da07a9a804f89,M27,3,1.74,15.98,30
32,1db51764879da07a9a804f89,M28,3,0.85,14.22,30
32,1db51764879da07a9a804f89,M29,3,2.62,16.04,30
32,1db51764879da07a9a804f89,M30,3,1.46,9.75,21
33,267de3c8ac980a5b10b9c703,M01,2,1.74,6.88,10
33,267de3c8ac980a5b10b9c703,M02,2,1.33,9.32,15
33,267de3c8ac980a5b10b9c703,M03,2,1.96,9.36,21
33,267de3c8ac980a5b10b9c703,M04,2,1.46,8.58,21
33,267de3c8ac980a5b10b9c703,M05,2,1.73,8.46,21
33,267de3c8ac980a5b10b9c703,M06,2,2.11,11.66,21
33,267de3c8ac980a5b10b9c703,M07,2,1.97,12.81,30
33,267de3c8ac980a5b10b9c703,M08,2,1.34,16.97,30
33,267de3c8ac980a5b10b9c703,M09,2,1.21,16.03,30
33,267de3c8ac980a5b10b9c703,M10,2,1.97,18.71,30
33,267de3c8ac980a5b10b9c703,M11,2,1.84,17.82,30
33,267de3c8ac980a5b10b9c703,M12,2,1.33,24,45
33,267de3c8ac980a5b10b9c703,M13,2,1.93,23.43,60
33,267de3c8ac980a5b10b9c703,M14,2,0.98,20.18,60
33,267de3c8ac980a5b10b9c703,M15,2,2.67,23.65,60
33,267de3c8ac980a5b10b9c703,M16,2,1.91,51.18,100
33,267de3c8ac980a5b10b9c703,M17,2,0.94,6.73,14
33,267de3c8ac980a5b10b9c703,M18,2,1.7,9.21,21
33,267de3c8ac980a5b10b9c703,M19,2,2.04,6.87,21
33,267de3c8ac980a5b10b9c703,M20,2,1.24,9.15,20
33,267de3c8ac980a5b10b9c703,M21,2,1.6,6.77,21
33,267de3c8ac980a5b10b9c703,M22,2,1.75,15.22,45
33,267de3c8ac980a5b10b9c703,M23,2,0.95,13.01,45
33,267de3c8ac980a5b10b9c703,M24,2,3.22,15.92,45
33,267de3c8ac980a5b10b9c703,M25,2,2.36,13.62,20
33,267de3c8ac980a5b10b9c703,M26,2,1.06,12.34,20
33,267de3c8ac980a5b10b9c703,M27,2,2.51,15.67,30
33,267de3c8ac980a5b10b9c703,M28,2,1.03,13.69,30
33,267de3c8ac980a5b10b9c703,M29,2,3.92,15.58,30
33,267de3c8ac980a5b10b9c703,M30,2,1.98,9.38,21
34,3577ec1a80f55e1baa422693,M01,4,6.42,6.845,10
34,3577ec1a80f55e1baa422693,M02,4,8.38,9.175,15
34,3577ec1a80f55e1baa422693,M03,4,7.8,9.25,21
34,3577ec1a80f55e1baa422693,M04,4,7.03,8.44,21
34,3577ec1a80f55e1baa422693,M05,4,6.99,8.46,21
34,3577ec1a80f55e1baa422693,M06,4,9.95,11.555,21
34,3577ec1a80f55e1baa422693,M07,4,10.21,12.545,30
34,3577ec1a80f55e1baa422693,M08,4,13.69,16.89,30
34,3577ec1a80f55e1baa422693,M09,4,12.17,15.81,30
34,3577ec1a80f55e1baa422693,M10,4,15.68,18.53,30
34,3577ec1a80f55e1baa422693,M11,4,14.53,17.615,30
34,3577ec1a80f55e1baa422693,M12,4,17.81,23.555,45
34,3577ec1a80f55e1baa422693,M13,4,17.66,23.13,60
34,3577ec1a80f55e1baa422693,M14,4,14.02,19.65,60
34,3577ec1a80f55e1baa422693,M15,4,17.95,23.315,60
34,3577ec1a80f55e1baa422693,M16,4,37.06,50.515,100
34,3577ec1a80f55e1baa422693,M17,4,5.56,6.655,14
34,3577ec1a80f55e1baa422693,M18,4,7.62,9.155,21
34,3577ec1a80f55e1baa422693,M19,4,6.43,6.985,21
34,3577ec1a80f55e1baa422693,M20,4,8.4,9.35,20
34,3577ec1a80f55e1baa422693,M21,4,6.19,6.77,21
34,3577ec1a80f55e1baa422693,M22,4,13.42,15.23,45
34,3577ec1a80f55e1baa422693,M23,4,11.06,13.01,45
34,3577ec1a80f55e1baa422693,M24,4,13.78,15.92,45
34,3577ec1a80f55e1baa422693,M25,4,12.52,13.5,20
34,3577ec1a80f55e1baa422693,M26,4,10.8,12.19,20
34,3577ec1a80f55e1baa422693,M27,4,13.05,15.28,30
34,3577ec1a80f55e1baa422693,M28,4,10.71,13.34,30
34,3577ec1a80f55e1baa422693,M29,4,13.04,15.58,30
34,3577ec1a80f55e1baa422693,M30,4,7.81,9.25,21
35,81b5b6388a6be51a7a64d27f,M01,2,8.18,6.88,10
35,81b5b6388a6be51a7a64d27f,M02,2,10.78,9.32,15
35,81b5b6388a6be51a7a64d27f,M03,2,12.1,9.36,21
35,81b5b6388a6be51a7a64d27f,M04,2,11.04,8.58,21
35,81b5b6388a6be51a7a64d27f,M05,2,11.19,8.46,21
35,81b5b6388a6be51a7a64d27f,M06,2,14.89,11.66,21
35,81b5b6388a6be51a7a64d27f,M07,2,16.75,12.81,30
35,81b5b6388a6be51a7a64d27f,M08,2,21.09,16.97,30
35,81b5b6388a6be51a7a64d27f,M09,2,19.61,16.03,30
35,81b5b6388a6be51a7a64d27f,M10,2,22.78,18.71,30
35,81b5b6388a6be51a7a64d27f,M11,2,21.73,17.82,30
35,81b5b6388a6be51a7a64d27f,M12,2,30.42,24,45
35,81b5b6388a6be51a7a64d27f,M13,2,31.54,23.43,60
35,81b5b6388a6be51a7a64d27f,M14,2,27.74,20.18,60
35,81b5b6388a6be51a7a64d27f,M15,2,31.95,23.65,60
35,81b5b6388a6be51a7a64d27f,M16,2,60.35,51.18,100
35,81b5b6388a6be51a7a64d27f,M17,2,8.28,6.73,14
35,81b5b6388a6be51a7a64d27f,M18,2,11.5,9.21,21
35,81b5b6388a6be51a7a64d27f,M19,2,10.73,6.87,21
35,81b5b6388a6be51a7a64d27f,M20,2,12.57,9.15,20
35,81b5b6388a6be51a7a64d27f,M21,2,9.05,6.77,21
35,81b5b6388a6be51a7a64d27f,M22,2,24.68,15.22,45
35,81b5b6388a6be51a7a64d27f,M23,2,19.35,13.01,45
35,81b5b6388a6be51a7a64d27f,M24,2,25.7,15.92,45
35,81b5b6388a6be51a7a64d27f,M25,2,15.5,13.62,20
35,81b5b6388a6be51a7a64d27f,M26,2,14.14,12.34,20
35,81b5b6388a6be51a7a64d27f,M27,2,19.16,15.67,30
35,81b5b6388a6be51a7a64d27f,M28,2,17.06,13.69,30
35,81b5b6388a6be51a7a64d27f,M29,2,17.93,15.58,30
35,81b5b6388a6be51a7a64d27f,M30,2,12.15,9.38,21
37,7e22cb18273d1125b6e9f516,M01,4,3.7,6.845,10
37,7e22cb18273d1125b6e9f516,M02,4,3.63,9.175,15
37,7e22cb18273d1125b6e9f516,M03,4,4.22,9.25,21
37,7e22cb18273d1125b6e9f516,M04,4,3.74,8.44,21
37,7e22cb18273d1125b6e9f516,M05,4,3.49,8.46,21
37,7e22cb18273d1125b6e9f516,M06,4,5.33,11.555,21
37,7e22cb18273d1125b6e9f516,M07,4,4.42,12.545,30
37,7e22cb18273d1125b6e9f516,M08,4,3.68,16.89,30
37,7e22cb18273d1125b6e9f516,M09,4,2.42,15.81,30
37,7e22cb18273d1125b6e9f516,M10,4,4.87,18.53,30
37,7e22cb18273d1125b6e9f516,M11,4,3.6,17.615,30
37,7e22cb18273d1125b6e9f516,M12,4,3.48,23.555,45
37,7e22cb18273d1125b6e9f516,M13,4,5.14,23.13,60
37,7e22cb18273d1125b6e9f516,M14,4,3,19.65,60
37,7e22cb18273d1125b6e9f516,M15,4,5.55,23.315,60
37,7e22cb18273d1125b6e9f516,M16,4,5.64,50.515,100
37,7e22cb18273d1125b6e9f516,M17,4,1.83,6.655,14
37,7e22cb18273d1125b6e9f516,M18,4,4.55,9.155,21
37,7e22cb18273d1125b6e9f516,M19,4,4.17,6.985,21
37,7e22cb18273d1125b6e9f516,M20,4,4.17,9.35,20
37,7e22cb18273d1125b6e9f516,M21,4,4.22,6.77,21
37,7e22cb18273d1125b6e9f516,M22,4,5.28,15.23,45
37,7e22cb18273d1125b6e9f516,M23,4,2.76,13.01,45
37,7e22cb18273d1125b6e9f516,M24,4,5.74,15.92,45
37,7e22cb18273d1125b6e9f516,M25,4,2.69,13.5,20
37,7e22cb18273d1125b6e9f516,M26,4,1.53,12.19,20
37,7e22cb18273d1125b6e9f516,M27,4,2.92,15.28,30
37,7e22cb18273d1125b6e9f516,M28,4,1.66,13.34,30
37,7e22cb18273d1125b6e9f516,M29,4,4.44,15.58,30
37,7e22cb18273d1125b6e9f516,M30,4,2.17,9.25,21
38,025d82d93173ecb6ae20cb79,M25,4,16.44,13.5,20
38,025d82d93173ecb6ae20cb79,M26,4,15.17,12.19,20
38,025d82d93173ecb6ae20cb79,M27,4,21.16,15.28,30
38,025d82d93173ecb6ae20cb79,M28,4,19.39,13.34,30
38,025d82d93173ecb6ae20cb79,M29,4,20.03,15.58,30
38,025d82d93173ecb6ae20cb79,M30,4,13.74,9.25,21
39,32b4a6a7cbc6bc4e42d3e216,M01,2,6.22,6.88,10
39,32b4a6a7cbc6bc4e42d3e216,M02,2,8.27,9.32,15
39,32b4a6a7cbc6bc4e42d3e216,M03,2,7.65,9.36,21
39,32b4a6a7cbc6bc4e42d3e216,M04,2,7.08,8.58,21
39,32b4a6a7cbc6bc4e42d3e216,M05,2,6.96,8.46,21
39,32b4a6a7cbc6bc4e42d3e216,M06,2,9.58,11.66,21
39,32b4a6a7cbc6bc4e42d3e216,M07,2,10.06,12.81,30
39,32b4a6a7cbc6bc4e42d3e216,M08,2,13.73,16.97,30
39,32b4a6a7cbc6bc4e42d3e216,M09,2,12.64,16.03,30
39,32b4a6a7cbc6bc4e42d3e216,M10,2,15.6,18.71,30
39,32b4a6a7cbc6bc4e42d3e216,M11,2,14.67,17.82,30
39,32b4a6a7cbc6bc4e42d3e216,M12,2,18.07,24,45
39,32b4a6a7cbc6bc4e42d3e216,M13,2,17.28,23.43,60
39,32b4a6a7cbc6bc4e42d3e216,M14,2,13.98,20.18,60
39,32b4a6a7cbc6bc4e42d3e216,M15,2,17.79,23.65,60
39,32b4a6a7cbc6bc4e42d3e216,M16,2,37.17,51.18,100
39,32b4a6a7cbc6bc4e42d3e216,M17,2,5.66,6.73,14
39,32b4a6a7cbc6bc4e42d3e216,M18,2,7.69,9.21,21
39,32b4a6a7cbc6bc4e42d3e216,M19,2,6.25,6.87,21
39,32b4a6a7cbc6bc4e42d3e216,M20,2,8.27,9.15,20
39,32b4a6a7cbc6bc4e42d3e216,M21,2,6.14,6.77,21
39,32b4a6a7cbc6bc4e42d3e216,M22,2,13.09,15.22,45
39,32b4a6a7cbc6bc4e42d3e216,M23,2,10.93,13.01,45
39,32b4a6a7cbc6bc4e42d3e216,M24,2,13.48,15.92,45
39,32b4a6a7cbc6bc4e42d3e216,M25,2,12.25,13.62,20
39,32b4a6a7cbc6bc4e42d3e216,M26,2,10.71,12.34,20
39,32b4a6a7cbc6bc4e42d3e216,M27,2,12.7,15.67,30
39,32b4a6a7cbc6bc4e42d3e216,M28,2,10.54,13.69,30
39,32b4a6a7cbc6bc4e42d3e216,M29,2,12.77,15.58,30
39,32b4a6a7cbc6bc4e42d3e216,M30,2,7.67,9.38,21
40,be488e74b9d5fd8fc60a7d96,M01,2,4.65,6.88,10
40,be488e74b9d5fd8fc60a7d96,M02,2,6.02,9.32,15
40,be488e74b9d5fd8fc60a7d96,M03,2,5.23,9.36,21
40,be488e74b9d5fd8fc60a7d96,M04,2,5.01,8.58,21
40,be488e74b9d5fd8fc60a7d96,M05,2,4.88,8.46,21
40,be488e74b9d5fd8fc60a7d96,M06,2,6.63,11.66,21
40,be488e74b9d5fd8fc60a7d96,M07,2,6.58,12.81,30
40,be488e74b9d5fd8fc60a7d96,M08,2,8.1,16.97,30
40,be488e74b9d5fd8fc60a7d96,M09,2,7.15,16.03,30
40,be488e74b9d5fd8fc60a7d96,M10,2,9.7,18.71,30
40,be488e74b9d5fd8fc60a7d96,M11,2,8.77,17.82,30
40,be488e74b9d5fd8fc60a7d96,M12,2,9.47,24,45
40,be488e74b9d5fd8fc60a7d96,M13,2,9.89,23.43,60
40,be488e74b9d5fd8fc60a7d96,M14,2,7.11,20.18,60
40,be488e74b9d5fd8fc60a7d96,M15,2,9.8,23.65,60
40,be488e74b9d5fd8fc60a7d96,M16,2,16.73,51.18,100
40,be488e74b9d5fd8fc60a7d96,M17,2,3.29,6.73,14
40,be488e74b9d5fd8fc60a7d96,M18,2,5.42,9.21,21
40,be488e74b9d5fd8fc60a7d96,M19,2,4.65,6.87,21
40,be488e74b9d5fd8fc60a7d96,M20,2,5.5,9.15,20
40,be488e74b9d5fd8fc60a7d96,M21,2,4.66,6.77,21
40,be488e74b9d5fd8fc60a7d96,M22,2,7.9,15.22,45
40,be488e74b9d5fd8fc60a7d96,M23,2,6.24,13.01,45
40,be488e74b9d5fd8fc60a7d96,M24,2,7.89,15.92,45
40,be488e74b9d5fd8fc60a7d96,M25,2,8.87,13.62,20
40,be488e74b9d5fd8fc60a7d96,M26,2,7.02,12.34,20
40,be488e74b9d5fd8fc60a7d96,M27,2,8.55,15.67,30
40,be488e74b9d5fd8fc60a7d96,M28,2,7.07,13.69,30
40,be488e74b9d5fd8fc60a7d96,M29,2,8.23,15.58,30
40,be488e74b9d5fd8fc60a7d96,M30,2,5.24,9.38,21
42,f1ade222212d6fb05f2db5bc,M01,4,5.27,6.845,10
42,f1ade222212d6fb05f2db5bc,M02,4,6.89,9.175,15
42,f1ade222212d6fb05f2db5bc,M03,4,5.93,9.25,21
42,f1ade222212d6fb05f2db5bc,M04,4,5.58,8.44,21
42,f1ade222212d6fb05f2db5bc,M05,4,5.47,8.46,21
42,f1ade222212d6fb05f2db5bc,M06,4,7.51,11.555,21
42,f1ade222212d6fb05f2db5bc,M07,4,7.63,12.545,30
42,f1ade222212d6fb05f2db5bc,M08,4,10.16,16.89,30
42,f1ade222212d6fb05f2db5bc,M09,4,9.11,15.81,30
42,f1ade222212d6fb05f2db5bc,M10,4,11.87,18.53,30
42,f1ade222212d6fb05f2db5bc,M11,4,10.9,17.615,30
42,f1ade222212d6fb05f2db5bc,M12,4,12.56,23.555,45
42,f1ade222212d6fb05f2db5bc,M13,4,12.56,23.13,60
42,f1ade222212d6fb05f2db5bc,M14,4,9.87,19.65,60
42,f1ade222212d6fb05f2db5bc,M15,4,12.44,23.315,60
42,f1ade222212d6fb05f2db5bc,M16,4,24.3,50.515,100
42,f1ade222212d6fb05f2db5bc,M17,4,4.17,6.655,14
42,f1ade222212d6fb05f2db5bc,M18,4,6.06,9.155,21
42,f1ade222212d6fb05f2db5bc,M19,4,5.16,6.985,21
42,f1ade222212d6fb05f2db5bc,M20,4,6.55,9.35,20
42,f1ade222212d6fb05f2db5bc,M21,4,5.14,6.77,21
42,f1ade222212d6fb05f2db5bc,M22,4,9.89,15.23,45
42,f1ade222212d6fb05f2db5bc,M23,4,8.1,13.01,45
42,f1ade222212d6fb05f2db5bc,M24,4,9.94,15.92,45
42,f1ade222212d6fb05f2db5bc,M25,4,10.37,13.5,20
42,f1ade222212d6fb05f2db5bc,M26,4,8.62,12.19,20
42,f1ade222212d6fb05f2db5bc,M27,4,9.9,15.28,30
42,f1ade222212d6fb05f2db5bc,M28,4,8.2,13.34,30
42,f1ade222212d6fb05f2db5bc,M29,4,9.63,15.58,30
42,f1ade222212d6fb05f2db5bc,M30,4,5.95,9.25,21
43,7f4d6eb0a9092987a5326f08,M01,3,7.07,6.99,10
43,7f4d6eb0a9092987a5326f08,M02,3,9.37,9.41,15
43,7f4d6eb0a9092987a5326f08,M03,3,9.46,9.67,21
43,7f4d6eb0a9092987a5326f08,M04,3,8.74,8.99,21
43,7f4d6eb0a9092987a5326f08,M05,3,8.76,8.87,21
43,7f4d6eb0a9092987a5326f08,M06,3,12.02,12.11,21
43,7f4d6eb0a9092987a5326f08,M07,3,12.85,13.26,30
43,7f4d6eb0a9092987a5326f08,M08,3,17.14,17.66,30
43,7f4d6eb0a9092987a5326f08,M09,3,16.03,16.64,30
43,7f4d6eb0a9092987a5326f08,M10,3,18.89,19.22,30
43,7f4d6eb0a9092987a5326f08,M11,3,18.02,18.33,30
43,7f4d6eb0a9092987a5326f08,M12,3,23.91,24.98,45
43,7f4d6eb0a9092987a5326f08,M13,3,24.02,24.67,60
43,7f4d6eb0a9092987a5326f08,M14,3,20.36,20.81,60
43,7f4d6eb0a9092987a5326f08,M15,3,23.9,24.93,60
43,7f4d6eb0a9092987a5326f08,M16,3,51.58,52.34,100
43,7f4d6eb0a9092987a5326f08,M17,3,6.94,6.99,14
43,7f4d6eb0a9092987a5326f08,M18,3,9.32,9.6,21
43,7f4d6eb0a9092987a5326f08,M19,3,7.2,7.26,21
43,7f4d6eb0a9092987a5326f08,M20,3,9.35,9.575,20
43,7f4d6eb0a9092987a5326f08,M21,3,6.9,6.985,21
43,7f4d6eb0a9092987a5326f08,M22,3,15.49,16.03,45
43,7f4d6eb0a9092987a5326f08,M23,3,13.01,13.455,45
43,7f4d6eb0a9092987a5326f08,M24,3,15.88,16.74,45
43,7f4d6eb0a9092987a5326f08,M25,3,13.81,13.8,20
43,7f4d6eb0a9092987a5326f08,M26,3,12.47,12.58,20
43,7f4d6eb0a9092987a5326f08,M27,3,15.78,15.98,30
43,7f4d6eb0a9092987a5326f08,M28,3,13.69,14.22,30
43,7f4d6eb0a9092987a5326f08,M29,3,15.58,16.04,30
43,7f4d6eb0a9092987a5326f08,M30,3,9.53,9.75,21
47,56fa096b85beceab80fd1c4e,M01,4,7.23,6.845,10
47,56fa096b85beceab80fd1c4e,M02,4,9.54,9.175,15
47,56fa096b85beceab80fd1c4e,M03,4,9.71,9.25,21
47,56fa096b85beceab80fd1c4e,M04,4,8.88,8.44,21
47,56fa096b85beceab80fd1c4e,M05,4,8.92,8.46,21
47,56fa096b85beceab80fd1c4e,M06,4,12.33,11.555,21
47,56fa096b85beceab80fd1c4e,M07,4,13.14,12.545,30
47,56fa096b85beceab80fd1c4e,M08,4,17.42,16.89,30
47,56fa096b85beceab80fd1c4e,M09,4,16.16,15.81,30
47,56fa096b85beceab80fd1c4e,M10,4,19.22,18.53,30
47,56fa096b85beceab80fd1c4e,M11,4,18.29,17.615,30
47,56fa096b85beceab80fd1c4e,M12,4,24.22,23.555,45
47,56fa096b85beceab80fd1c4e,M13,4,24.43,23.13,60
47,56fa096b85beceab80fd1c4e,M14,4,20.46,19.65,60
47,56fa096b85beceab80fd1c4e,M15,4,24.59,23.315,60
47,56fa096b85beceab80fd1c4e,M16,4,51.76,50.515,100
47,56fa096b85beceab80fd1c4e,M17,4,6.99,6.655,14
47,56fa096b85beceab80fd1c4e,M18,4,9.47,9.155,21
47,56fa096b85beceab80fd1c4e,M19,4,7.81,6.985,21
47,56fa096b85beceab80fd1c4e,M20,4,9.99,9.35,20
47,56fa096b85beceab80fd1c4e,M21,4,7.39,6.77,21
47,56fa096b85beceab80fd1c4e,M22,4,17.17,15.23,45
47,56fa096b85beceab80fd1c4e,M23,4,14.37,13.01,45
47,56fa096b85beceab80fd1c4e,M24,4,17.82,15.92,45
47,56fa096b85beceab80fd1c4e,M25,4,14.03,13.5,20
47,56fa096b85beceab80fd1c4e,M26,4,12.58,12.19,20
47,56fa096b85beceab80fd1c4e,M27,4,16.08,15.28,30
47,56fa096b85beceab80fd1c4e,M28,4,13.84,13.34,30
47,56fa096b85beceab80fd1c4e,M29,4,16.04,15.58,30
47,56fa096b85beceab80fd1c4e,M30,4,9.74,9.25,21
48,abc7a286c25bfc8ab683f22c,M01,1,5.47,6.95,10
48,abc7a286c25bfc8ab683f22c,M02,1,6.73,9.36,15
48,abc7a286c25bfc8ab683f22c,M03,1,6.17,9.52,21
48,abc7a286c25bfc8ab683f22c,M04,1,5.53,8.81,21
48,abc7a286c25bfc8ab683f22c,M05,1,5.32,8.8,21
48,abc7a286c25bfc8ab683f22c,M06,1,7.86,11.89,21
48,abc7a286c25bfc8ab683f22c,M07,1,7.65,13,30
48,abc7a286c25bfc8ab683f22c,M08,1,10.47,17.42,30
48,abc7a286c25bfc8ab683f22c,M09,1,9.16,16.18,30
48,abc7a286c25bfc8ab683f22c,M10,1,11.04,18.98,30
48,abc7a286c25bfc8ab683f22c,M11,1,10.9,18.29,30
48,abc7a286c25bfc8ab683f22c,M12,1,14.13,24.62,45
48,abc7a286c25bfc8ab683f22c,M13,1,12.5,24.03,60
48,abc7a286c25bfc8ab683f22c,M14,1,10.64,20.46,60
48,abc7a286c25bfc8ab683f22c,M15,1,14.12,24.48,60
48,abc7a286c25bfc8ab683f22c,M16,1,19.18,51.76,100
48,abc7a286c25bfc8ab683f22c,M17,1,4.52,6.94,14
48,abc7a286c25bfc8ab683f22c,M18,1,6.65,9.46,21
48,abc7a286c25bfc8ab683f22c,M19,1,5.17,7.16,21
48,abc7a286c25bfc8ab683f22c,M20,1,6.66,9.5,20
48,abc7a286c25bfc8ab683f22c,M21,1,5.16,6.99,21
48,abc7a286c25bfc8ab683f22c,M22,1,10.33,15.84,45
48,abc7a286c25bfc8ab683f22c,M23,1,8.2,13.35,45
48,abc7a286c25bfc8ab683f22c,M24,1,10.93,16.5,45
48,abc7a286c25bfc8ab683f22c,M25,1,10.28,13.75,20
48,abc7a286c25bfc8ab683f22c,M26,1,7.9,12.54,20
48,abc7a286c25bfc8ab683f22c,M27,1,9.9,15.91,30
48,abc7a286c25bfc8ab683f22c,M28,1,7.8,13.91,30
48,abc7a286c25bfc8ab683f22c,M29,1,10.67,15.68,30
48,abc7a286c25bfc8ab683f22c,M30,1,5.78,9.58,21
49,dddb83856cd5a1813573467f,M01,0,6.39,6.91,10
49,dddb83856cd5a1813573467f,M02,0,8.42,9.32,15
49,dddb83856cd5a1813573467f,M03,0,7.8,9.36,21
49,dddb83856cd5a1813573467f,M04,0,7.05,8.59,21
49,dddb83856cd5a1813573467f,M05,0,6.9,8.47,21
49,dddb83856cd5a1813573467f,M06,0,9.91,11.77,21
49,dddb83856cd5a1813573467f,M07,0,10.32,12.83,30
49,dddb83856cd5a1813573467f,M08,0,14.27,17.14,30
49,dddb83856cd5a1813573467f,M09,0,12.95,16.05,30
49,dddb83856cd5a1813573467f,M10,0,16.07,18.74,30
49,dddb83856cd5a1813573467f,M11,0,14.78,17.84,30
49,dddb83856cd5a1813573467f,M12,0,19.15,24.05,45
49,dddb83856cd5a1813573467f,M13,0,18.31,23.48,60
49,dddb83856cd5a1813573467f,M14,0,15,20.22,60
49,dddb83856cd5a1813573467f,M15,0,18.5,23.9,60
49,dddb83856cd5a1813573467f,M16,0,41.29,51.31,100
49,dddb83856cd5a1813573467f,M17,0,5.62,6.83,14
49,dddb83856cd5a1813573467f,M18,0,7.65,9.32,21
49,dddb83856cd5a1813573467f,M19,0,6.42,7.09,21
49,dddb83856cd5a1813573467f,M20,0,8.49,9.53,20
49,dddb83856cd5a1813573467f,M21,0,6.14,6.95,21
49,dddb83856cd5a1813573467f,M22,0,13.47,15.84,45
49,dddb83856cd5a1813573467f,M23,0,11.3,13.31,45
49,dddb83856cd5a1813573467f,M24,0,13.91,16.53,45
49,dddb83856cd5a1813573467f,M25,0,11.93,13.62,20
49,dddb83856cd5a1813573467f,M26,0,10.36,12.385,20
49,dddb83856cd5a1813573467f,M27,0,12.11,15.7,30
49,dddb83856cd5a1813573467f,M28,0,10.05,13.765,30
49,dddb83856cd5a1813573467f,M29,0,12,15.575,30
49,dddb83856cd5a1813573467f,M30,0,7.07,9.385,21
51,8462267483bc8dc0c5eb0740,M01,0,6.49,6.91,10
51,8462267483bc8dc0c5eb0740,M02,0,8.62,9.32,15
51,8462267483bc8dc0c5eb0740,M03,0,8.17,9.36,21
51,8462267483bc8dc0c5eb0740,M04,0,7.47,8.59,21
51,8462267483bc8dc0c5eb0740,M05,0,7.43,8.47,21
51,8462267483bc8dc0c5eb0740,M06,0,10.34,11.77,21
51,8462267483bc8dc0c5eb0740,M07,0,10.9,12.83,30
51,8462267483bc8dc0c5eb0740,M08,0,15.02,17.14,30
51,8462267483bc8dc0c5eb0740,M09,0,13.93,16.05,30
51,8462267483bc8dc0c5eb0740,M10,0,16.73,18.74,30
51,8462267483bc8dc0c5eb0740,M11,0,15.89,17.84,30
51,8462267483bc8dc0c5eb0740,M12,0,20.5,24.05,45
51,8462267483bc8dc0c5eb0740,M13,0,19.62,23.48,60
51,8462267483bc8dc0c5eb0740,M14,0,16.25,20.22,60
51,8462267483bc8dc0c5eb0740,M15,0,19.84,23.9,60
51,8462267483bc8dc0c5eb0740,M16,0,44.74,51.31,100
51,8462267483bc8dc0c5eb0740,M17,0,6.01,6.83,14
51,8462267483bc8dc0c5eb0740,M18,0,8.09,9.32,21
51,8462267483bc8dc0c5eb0740,M19,0,6.21,7.09,21
51,8462267483bc8dc0c5eb0740,M20,0,8.43,9.53,20
51,8462267483bc8dc0c5eb0740,M21,0,6,6.95,21
51,8462267483bc8dc0c5eb0740,M22,0,13.12,15.84,45
51,8462267483bc8dc0c5eb0740,M23,0,11.27,13.31,45
51,8462267483bc8dc0c5eb0740,M24,0,13.25,16.53,45
51,8462267483bc8dc0c5eb0740,M25,0,12.78,13.62,20
51,8462267483bc8dc0c5eb0740,M26,0,11.36,12.385,20
51,8462267483bc8dc0c5eb0740,M27,0,13.72,15.7,30
51,8462267483bc8dc0c5eb0740,M28,0,11.6,13.765,30
51,8462267483bc8dc0c5eb0740,M29,0,13.62,15.575,30
51,8462267483bc8dc0c5eb0740,M30,0,8.19,9.385,21
53,de76339ba27df16100871511,M01,0,3.38,6.91,10
53,de76339ba27df16100871511,M02,0,3.93,9.32,15
53,de76339ba27df16100871511,M03,0,4.11,9.36,21
53,de76339ba27df16100871511,M04,0,3.84,8.59,21
53,de76339ba27df16100871511,M05,0,3.52,8.47,21
53,de76339ba27df16100871511,M06,0,5.49,11.77,21
53,de76339ba27df16100871511,M07,0,4.46,12.83,30
53,de76339ba27df16100871511,M08,0,3.94,17.14,30
53,de76339ba27df16100871511,M09,0,2.9,16.05,30
53,de76339ba27df16100871511,M10,0,5.54,18.74,30
53,de76339ba27df16100871511,M11,0,4.28,17.84,30
53,de76339ba27df16100871511,M12,0,3.97,24.05,45
53,de76339ba27df16100871511,M13,0,5.59,23.48,60
53,de76339ba27df16100871511,M14,0,3.67,20.22,60
53,de76339ba27df16100871511,M15,0,5.59,23.9,60
53,de76339ba27df16100871511,M16,0,6.85,51.31,100
53,de76339ba27df16100871511,M17,0,1.84,6.83,14
53,de76339ba27df16100871511,M18,0,4.51,9.32,21
53,de76339ba27df16100871511,M19,0,4.16,7.09,21
53,de76339ba27df16100871511,M20,0,4.24,9.53,20
53,de76339ba27df16100871511,M21,0,4.14,6.95,21
53,de76339ba27df16100871511,M22,0,5.41,15.84,45
53,de76339ba27df16100871511,M23,0,3.14,13.31,45
53,de76339ba27df16100871511,M24,0,5.54,16.53,45
53,de76339ba27df16100871511,M25,0,6.3,13.62,20
53,de76339ba27df16100871511,M26,0,4.76,12.385,20
53,de76339ba27df16100871511,M27,0,6.72,15.7,30
53,de76339ba27df16100871511,M28,0,5.26,13.765,30
53,de76339ba27df16100871511,M29,0,6.49,15.575,30
53,de76339ba27df16100871511,M30,0,4.69,9.385,21
54,1fbd74bab3e102b26979a15d,M01,3,6.95,6.99,10
54,1fbd74bab3e102b26979a15d,M02,3,9.32,9.41,15
54,1fbd74bab3e102b26979a15d,M03,3,9.36,9.67,21
54,1fbd74bab3e102b26979a15d,M04,3,8.58,8.99,21
54,1fbd74bab3e102b26979a15d,M05,3,8.47,8.87,21
54,1fbd74bab3e102b26979a15d,M06,3,11.66,12.11,21
54,1fbd74bab3e102b26979a15d,M07,3,12.67,13.26,30
54,1fbd74bab3e102b26979a15d,M08,3,16.97,17.66,30
54,1fbd74bab3e102b26979a15d,M09,3,15.81,16.64,30
54,1fbd74bab3e102b26979a15d,M10,3,18.69,19.22,30
54,1fbd74bab3e102b26979a15d,M11,3,17.71,18.33,30
54,1fbd74bab3e102b26979a15d,M12,3,23.66,24.98,45
54,1fbd74bab3e102b26979a15d,M13,3,23.09,24.67,60
54,1fbd74bab3e102b26979a15d,M14,3,19.41,20.81,60
54,1fbd74bab3e102b26979a15d,M15,3,23.49,24.93,60
54,1fbd74bab3e102b26979a15d,M16,3,50.35,52.34,100
54,1fbd74bab3e102b26979a15d,M17,3,6.73,6.99,14
54,1fbd74bab3e102b26979a15d,M18,3,9.19,9.6,21
54,1fbd74bab3e102b26979a15d,M19,3,5.99,7.26,21
54,1fbd74bab3e102b26979a15d,M20,3,10.45,9.575,20
54,1fbd74bab3e102b26979a15d,M21,3,7.65,6.985,21
54,1fbd74bab3e102b26979a15d,M22,3,18.33,16.03,45
54,1fbd74bab3e102b26979a15d,M23,3,15.35,13.455,45
54,1fbd74bab3e102b26979a15d,M24,3,18.65,16.74,45
54,1fbd74bab3e102b26979a15d,M25,3,13.62,13.8,20
54,1fbd74bab3e102b26979a15d,M26,3,12.21,12.58,20
54,1fbd74bab3e102b26979a15d,M27,3,15.35,15.98,30
54,1fbd74bab3e102b26979a15d,M28,3,13.22,14.22,30
54,1fbd74bab3e102b26979a15d,M29,3,15.38,16.04,30
54,1fbd74bab3e102b26979a15d,M30,3,9.38,9.75,21
55,d9401cbf16b2cebc83fd68dc,M01,2,5.39,6.88,10
55,d9401cbf16b2cebc83fd68dc,M02,2,7.21,9.32,15
55,d9401cbf16b2cebc83fd68dc,M03,2,6.3,9.36,21
55,d9401cbf16b2cebc83fd68dc,M04,2,5.76,8.58,21
55,d9401cbf16b2cebc83fd68dc,M05,2,5.45,8.46,21
55,d9401cbf16b2cebc83fd68dc,M06,2,7.76,11.66,21
55,d9401cbf16b2cebc83fd68dc,M07,2,8.11,12.81,30
55,d9401cbf16b2cebc83fd68dc,M08,2,10.91,16.97,30
55,d9401cbf16b2cebc83fd68dc,M09,2,9.45,16.03,30
55,d9401cbf16b2cebc83fd68dc,M10,2,12.73,18.71,30
55,d9401cbf16b2cebc83fd68dc,M11,2,11.12,17.82,30
55,d9401cbf16b2cebc83fd68dc,M12,2,13.56,24,45
55,d9401cbf16b2cebc83fd68dc,M13,2,13.3,23.43,60
55,d9401cbf16b2cebc83fd68dc,M14,2,10.39,20.18,60
55,d9401cbf16b2cebc83fd68dc,M15,2,13.5,23.65,60
55,d9401cbf16b2cebc83fd68dc,M16,2,25.91,51.18,100
55,d9401cbf16b2cebc83fd68dc,M17,2,5.47,6.73,14
55,d9401cbf16b2cebc83fd68dc,M18,2,7.59,9.21,21
55,d9401cbf16b2cebc83fd68dc,M19,2,5.28,6.87,21
55,d9401cbf16b2cebc83fd68dc,M20,2,9.12,9.15,20
55,d9401cbf16b2cebc83fd68dc,M21,2,6.59,6.77,21
55,d9401cbf16b2cebc83fd68dc,M22,2,14.79,15.22,45
55,d9401cbf16b2cebc83fd68dc,M23,2,12.29,13.01,45
55,d9401cbf16b2cebc83fd68dc,M24,2,15.29,15.92,45
55,d9401cbf16b2cebc83fd68dc,M25,2,8.83,13.62,20
55,d9401cbf16b2cebc83fd68dc,M26,2,6.8,12.34,20
55,d9401cbf16b2cebc83fd68dc,M27,2,8.55,15.67,30
55,d9401cbf16b2cebc83fd68dc,M28,2,6.99,13.69,30
55,d9401cbf16b2cebc83fd68dc,M29,2,8.71,15.58,30
55,d9401cbf16b2cebc83fd68dc,M30,2,5.17,9.38,21
56,780c412e404e2d3c20298ba1,M25,3,13.86,13.8,20
56,780c412e404e2d3c20298ba1,M26,3,12.55,12.58,20
56,780c412e404e2d3c20298ba1,M27,3,15.99,15.98,30
56,780c412e404e2d3c20298ba1,M28,3,13.99,14.22,30
56,780c412e404e2d3c20298ba1,M29,3,15.68,16.04,30
56,780c412e404e2d3c20298ba1,M30,3,9.82,9.75,21
57,7b782a00d24f8ce3c9b9fbce,M01,2,7.56,6.88,10
57,7b782a00d24f8ce3c9b9fbce,M02,2,10.02,9.32,15
57,7b782a00d24f8ce3c9b9fbce,M03,2,10.68,9.36,21
57,7b782a00d24f8ce3c9b9fbce,M04,2,9.82,8.58,21
57,7b782a00d24f8ce3c9b9fbce,M05,2,9.89,8.46,21
57,7b782a00d24f8ce3c9b9fbce,M06,2,13.36,11.66,21
57,7b782a00d24f8ce3c9b9fbce,M07,2,14.66,12.81,30
57,7b782a00d24f8ce3c9b9fbce,M08,2,19.03,16.97,30
57,7b782a00d24f8ce3c9b9fbce,M09,2,17.81,16.03,30
57,7b782a00d24f8ce3c9b9fbce,M10,2,20.72,18.71,30
57,7b782a00d24f8ce3c9b9fbce,M11,2,19.83,17.82,30
57,7b782a00d24f8ce3c9b9fbce,M12,2,27.09,24,45
57,7b782a00d24f8ce3c9b9fbce,M13,2,27.6,23.43,60
57,7b782a00d24f8ce3c9b9fbce,M14,2,23.89,20.18,60
57,7b782a00d24f8ce3c9b9fbce,M15,2,27.74,23.65,60
57,7b782a00d24f8ce3c9b9fbce,M16,2,55.96,51.18,100
57,7b782a00d24f8ce3c9b9fbce,M17,2,7.57,6.73,14
57,7b782a00d24f8ce3c9b9fbce,M18,2,10.37,9.21,21
57,7b782a00d24f8ce3c9b9fbce,M19,2,8.67,6.87,21
57,7b782a00d24f8ce3c9b9fbce,M20,2,10.83,9.15,20
57,7b782a00d24f8ce3c9b9fbce,M21,2,8.12,6.77,21
57,7b782a00d24f8ce3c9b9fbce,M22,2,19.44,15.22,45
57,7b782a00d24f8ce3c9b9fbce,M23,2,16.26,13.01,45
57,7b782a00d24f8ce3c9b9fbce,M24,2,20.07,15.92,45
57,7b782a00d24f8ce3c9b9fbce,M25,2,14.56,13.62,20
57,7b782a00d24f8ce3c9b9fbce,M26,2,13.27,12.34,20
57,7b782a00d24f8ce3c9b9fbce,M27,2,17.35,15.67,30
57,7b782a00d24f8ce3c9b9fbce,M28,2,15.28,13.69,30
57,7b782a00d24f8ce3c9b9fbce,M29,2,17.28,15.58,30
57,7b782a00d24f8ce3c9b9fbce,M30,2,10.73,9.38,21
58,4b6408684e7ec1b4fb4f8f15,M01,3,4.78,6.99,10
58,4b6408684e7ec1b4fb4f8f15,M02,3,6.23,9.41,15
58,4b6408684e7ec1b4fb4f8f15,M03,3,5.37,9.67,21
58,4b6408684e7ec1b4fb4f8f15,M04,3,5.04,8.99,21
58,4b6408684e7ec1b4fb4f8f15,M05,3,5.03,8.87,21
58,4b6408684e7ec1b4fb4f8f15,M06,3,7.02,12.11,21
58,4b6408684e7ec1b4fb4f8f15,M07,3,6.97,13.26,30
58,4b6408684e7ec1b4fb4f8f15,M08,3,8.64,17.66,30
58,4b6408684e7ec1b4fb4f8f15,M09,3,7.23,16.64,30
58,4b6408684e7ec1b4fb4f8f15,M10,3,10.16,19.22,30
58,4b6408684e7ec1b4fb4f8f15,M11,3,8.93,18.33,30
58,4b6408684e7ec1b4fb4f8f15,M12,3,9.94,24.98,45
58,4b6408684e7ec1b4fb4f8f15,M13,3,10.37,24.67,60
58,4b6408684e7ec1b4fb4f8f15,M14,3,7.81,20.81,60
58,4b6408684e7ec1b4fb4f8f15,M15,3,10.46,24.93,60
58,4b6408684e7ec1b4fb4f8f15,M16,3,17.83,52.34,100
58,4b6408684e7ec1b4fb4f8f15,M17,3,3.39,6.99,14
58,4b6408684e7ec1b4fb4f8f15,M18,3,5.52,9.6,21
58,4b6408684e7ec1b4fb4f8f15,M19,3,4.86,7.26,21
58,4b6408684e7ec1b4fb4f8f15,M20,3,6.25,9.575,20
58,4b6408684e7ec1b4fb4f8f15,M21,3,4.66,6.985,21
58,4b6408684e7ec1b4fb4f8f15,M22,3,8.35,16.03,45
58,4b6408684e7ec1b4fb4f8f15,M23,3,6.87,13.455,45
58,4b6408684e7ec1b4fb4f8f15,M24,3,8.21,16.74,45
58,4b6408684e7ec1b4fb4f8f15,M25,3,5.36,13.8,20
58,4b6408684e7ec1b4fb4f8f15,M26,3,3.59,12.58,20
58,4b6408684e7ec1b4fb4f8f15,M27,3,6.01,15.98,30
58,4b6408684e7ec1b4fb4f8f15,M28,3,4.42,14.22,30
58,4b6408684e7ec1b4fb4f8f15,M29,3,5.85,16.04,30
58,4b6408684e7ec1b4fb4f8f15,M30,3,3.62,9.75,21
60,6a754101c77952c9f22727f1,M01,4,5.95,6.845,10
60,6a754101c77952c9f22727f1,M02,4,7.92,9.175,15
60,6a754101c77952c9f22727f1,M03,4,7.13,9.25,21
60,6a754101c77952c9f22727f1,M04,4,6.55,8.44,21
60,6a754101c77952c9f22727f1,M05,4,6.38,8.46,21
60,6a754101c77952c9f22727f1,M06,4,8.95,11.555,21
60,6a754101c77952c9f22727f1,M07,4,9.34,12.545,30
60,6a754101c77952c9f22727f1,M08,4,12.93,16.89,30
60,6a754101c77952c9f22727f1,M09,4,11.72,15.81,30
60,6a754101c77952c9f22727f1,M10,4,14.69,18.53,30
60,6a754101c77952c9f22727f1,M11,4,13.63,17.615,30
60,6a754101c77952c9f22727f1,M12,4,16.96,23.555,45
60,6a754101c77952c9f22727f1,M13,4,16,23.13,60
60,6a754101c77952c9f22727f1,M14,4,13.09,19.65,60
60,6a754101c77952c9f22727f1,M15,4,16.22,23.315,60
60,6a754101c77952c9f22727f1,M16,4,34.78,50.515,100
60,6a754101c77952c9f22727f1,M17,4,5.17,6.655,14
60,6a754101c77952c9f22727f1,M18,4,7.12,9.155,21
60,6a754101c77952c9f22727f1,M19,4,6.09,6.985,21
60,6a754101c77952c9f22727f1,M20,4,8.45,9.35,20
60,6a754101c77952c9f22727f1,M21,4,5.99,6.77,21
60,6a754101c77952c9f22727f1,M22,4,12.87,15.23,45
60,6a754101c77952c9f22727f1,M23,4,10.87,13.01,45
60,6a754101c77952c9f22727f1,M24,4,12.67,15.92,45
60,6a754101c77952c9f22727f1,M25,4,11.78,13.5,20
60,6a754101c77952c9f22727f1,M26,4,10.26,12.19,20
60,6a754101c77952c9f22727f1,M27,4,11.93,15.28,30
60,6a754101c77952c9f22727f1,M28,4,9.89,13.34,30
60,6a754101c77952c9f22727f1,M29,4,11.82,15.58,30
60,6a754101c77952c9f22727f1,M30,4,7.13,9.25,21
61,b727aabe5a35f85d668e9b3f,M01,3,5.38,6.99,10
61,b727aabe5a35f85d668e9b3f,M02,3,7.08,9.41,15
61,b727aabe5a35f85d668e9b3f,M03,3,6.14,9.67,21
61,b727aabe5a35f85d668e9b3f,M04,3,5.58,8.99,21
61,b727aabe5a35f85d668e9b3f,M05,3,5.49,8.87,21
61,b727aabe5a35f85d668e9b3f,M06,3,7.77,12.11,21
61,b727aabe5a35f85d668e9b3f,M07,3,7.9,13.26,30
61,b727aabe5a35f85d668e9b3f,M08,3,10.6,17.66,30
61,b727aabe5a35f85d668e9b3f,M09,3,8.97,16.64,30
61,b727aabe5a35f85d668e9b3f,M10,3,12.37,19.22,30
61,b727aabe5a35f85d668e9b3f,M11,3,11.07,18.33,30
61,b727aabe5a35f85d668e9b3f,M12,3,13.23,24.98,45
61,b727aabe5a35f85d668e9b3f,M13,3,12.98,24.67,60
61,b727aabe5a35f85d668e9b3f,M14,3,10.19,20.81,60
61,b727aabe5a35f85d668e9b3f,M15,3,13.09,24.93,60
61,b727aabe5a35f85d668e9b3f,M16,3,25.09,52.34,100
61,b727aabe5a35f85d668e9b3f,M17,3,4.05,6.99,14
61,b727aabe5a35f85d668e9b3f,M18,3,6.07,9.6,21
61,b727aabe5a35f85d668e9b3f,M19,3,5.43,7.26,21
61,b727aabe5a35f85d668e9b3f,M20,3,7.6,9.575,20
61,b727aabe5a35f85d668e9b3f,M21,3,5.35,6.985,21
61,b727aabe5a35f85d668e9b3f,M22,3,11.16,16.03,45
61,b727aabe5a35f85d668e9b3f,M23,3,9.11,13.455,45
61,b727aabe5a35f85d668e9b3f,M24,3,11.73,16.74,45
61,b727aabe5a35f85d668e9b3f,M25,3,10.51,13.8,20
61,b727aabe5a35f85d668e9b3f,M26,3,8.73,12.58,20
61,b727aabe5a35f85d668e9b3f,M27,3,10.11,15.98,30
61,b727aabe5a35f85d668e9b3f,M28,3,8.33,14.22,30
61,b727aabe5a35f85d668e9b3f,M29,3,9.93,16.04,30
61,b727aabe5a35f85d668e9b3f,M30,3,5.97,9.75,21
63,35a15bff1177570ab88c7499,M01,1,5.33,6.95,10
63,35a15bff1177570ab88c7499,M02,1,6.62,9.36,15
63,35a15bff1177570ab88c7499,M03,1,6.21,9.52,21
63,35a15bff1177570ab88c7499,M04,1,5.48,8.81,21
63,35a15bff1177570ab88c7499,M05,1,5.21,8.8,21
63,35a15bff1177570ab88c7499,M06,1,7.66,11.89,21
63,35a15bff1177570ab88c7499,M07,1,7.47,13,30
63,35a15bff1177570ab88c7499,M08,1,10.31,17.42,30
63,35a15bff1177570ab88c7499,M09,1,8.97,16.18,30
63,35a15bff1177570ab88c7499,M10,1,11.75,18.98,30
63,35a15bff1177570ab88c7499,M11,1,10.82,18.29,30
63,35a15bff1177570ab88c7499,M12,1,13.93,24.62,45
63,35a15bff1177570ab88c7499,M13,1,12.3,24.03,60
63,35a15bff1177570ab88c7499,M14,1,10.31,20.46,60
63,35a15bff1177570ab88c7499,M15,1,13.73,24.48,60
63,35a15bff1177570ab88c7499,M16,1,19.75,51.76,100
63,35a15bff1177570ab88c7499,M17,1,4.43,6.94,14
63,35a15bff1177570ab88c7499,M18,1,6.43,9.46,21
63,35a15bff1177570ab88c7499,M19,1,5.57,7.16,21
63,35a15bff1177570ab88c7499,M20,1,7.69,9.5,20
63,35a15bff1177570ab88c7499,M21,1,5.68,6.99,21
63,35a15bff1177570ab88c7499,M22,1,11.85,15.84,45
63,35a15bff1177570ab88c7499,M23,1,9.44,13.35,45
63,35a15bff1177570ab88c7499,M24,1,13.24,16.5,45
63,35a15bff1177570ab88c7499,M25,1,10.13,13.75,20
63,35a15bff1177570ab88c7499,M26,1,7.99,12.54,20
63,35a15bff1177570ab88c7499,M27,1,9.74,15.91,30
63,35a15bff1177570ab88c7499,M28,1,7.85,13.91,30
63,35a15bff1177570ab88c7499,M29,1,10.36,15.68,30
63,35a15bff1177570ab88c7499,M30,1,5.68,9.58,21
65,d03f670f1f126e5f040b4224,M01,1,5.39,6.95,10
65,d03f670f1f126e5f040b4224,M02,1,7.29,9.36,15
65,d03f670f1f126e5f040b4224,M03,1,6.24,9.52,21
65,d03f670f1f126e5f040b4224,M04,1,5.73,8.81,21
65,d03f670f1f126e5f040b4224,M05,1,5.55,8.8,21
65,d03f670f1f126e5f040b4224,M06,1,7.84,11.89,21
65,d03f670f1f126e5f040b4224,M07,1,8.05,13,30
65,d03f670f1f126e5f040b4224,M08,1,11.12,17.42,30
65,d03f670f1f126e5f040b4224,M09,1,9.93,16.18,30
65,d03f670f1f126e5f040b4224,M10,1,12.72,18.98,30
65,d03f670f1f126e5f040b4224,M11,1,11.72,18.29,30
65,d03f670f1f126e5f040b4224,M12,1,14.35,24.62,45
65,d03f670f1f126e5f040b4224,M13,1,13.7,24.03,60
65,d03f670f1f126e5f040b4224,M14,1,11.02,20.46,60
65,d03f670f1f126e5f040b4224,M15,1,13.76,24.48,60
65,d03f670f1f126e5f040b4224,M16,1,28.23,51.76,100
65,d03f670f1f126e5f040b4224,M17,1,4.47,6.94,14
65,d03f670f1f126e5f040b4224,M18,1,6.44,9.46,21
65,d03f670f1f126e5f040b4224,M19,1,4.93,7.16,21
65,d03f670f1f126e5f040b4224,M20,1,7.15,9.5,20
65,d03f670f1f126e5f040b4224,M21,1,5.11,6.99,21
65,d03f670f1f126e5f040b4224,M22,1,11.26,15.84,45
65,d03f670f1f126e5f040b4224,M23,1,9.45,13.35,45
65,d03f670f1f126e5f040b4224,M24,1,11.29,16.5,45
65,d03f670f1f126e5f040b4224,M25,1,10.73,13.75,20
65,d03f670f1f126e5f040b4224,M26,1,9.1,12.54,20
65,d03f670f1f126e5f040b4224,M27,1,10.32,15.91,30
65,d03f670f1f126e5f040b4224,M28,1,8.58,13.91,30
65,d03f670f1f126e5f040b4224,M29,1,10.08,15.68,30
65,d03f670f1f126e5f040b4224,M30,1,6.16,9.58,21
66,6337f9636fede46bcc35391b,M01,3,3.99,6.99,10
66,6337f9636fede46bcc35391b,M02,3,4.44,9.41,15
66,6337f9636fede46bcc35391b,M03,3,4.42,9.67,21
66,6337f9636fede46bcc35391b,M04,3,4.1,8.99,21
66,6337f9636fede46bcc35391b,M05,3,3.67,8.87,21
66,6337f9636fede46bcc35391b,M06,3,5.7,12.11,21
66,6337f9636fede46bcc35391b,M07,3,4.95,13.26,30
66,6337f9636fede46bcc35391b,M08,3,4.7,17.66,30
66,6337f9636fede46bcc35391b,M09,3,3.35,16.64,30
66,6337f9636fede46bcc35391b,M10,3,6.27,19.22,30
66,6337f9636fede46bcc35391b,M11,3,4.36,18.33,30
66,6337f9636fede46bcc35391b,M12,3,4.64,24.98,45
66,6337f9636fede46bcc35391b,M13,3,6.06,24.67,60
66,6337f9636fede46bcc35391b,M14,3,3.74,20.81,60
66,6337f9636fede46bcc35391b,M15,3,6.27,24.93,60
66,6337f9636fede46bcc35391b,M16,3,7.3,52.34,100
66,6337f9636fede46bcc35391b,M17,3,2.09,6.99,14
66,6337f9636fede46bcc35391b,M18,3,4.72,9.6,21
66,6337f9636fede46bcc35391b,M19,3,4.5,7.26,21
66,6337f9636fede46bcc35391b,M20,3,4.83,9.575,20
66,6337f9636fede46bcc35391b,M21,3,4.55,6.985,21
66,6337f9636fede46bcc35391b,M22,3,7.06,16.03,45
66,6337f9636fede46bcc35391b,M23,3,4.76,13.455,45
66,6337f9636fede46bcc35391b,M24,3,7.4,16.74,45
66,6337f9636fede46bcc35391b,M25,3,4.05,13.8,20
66,6337f9636fede46bcc35391b,M26,3,2.99,12.58,20
66,6337f9636fede46bcc35391b,M27,3,5.63,15.98,30
66,6337f9636fede46bcc35391b,M28,3,3.19,14.22,30
66,6337f9636fede46bcc35391b,M29,3,6.01,16.04,30
66,6337f9636fede46bcc35391b,M30,3,2.23,9.75,21
67,9699e16c8071621d55aa20c2,M01,0,6.4,6.91,10
67,9699e16c8071621d55aa20c2,M02,0,8.41,9.32,15
67,9699e16c8071621d55aa20c2,M03,0,7.83,9.36,21
67,9699e16c8071621d55aa20c2,M04,0,7.16,8.59,21
67,9699e16c8071621d55aa20c2,M05,0,7.06,8.47,21
67,9699e16c8071621d55aa20c2,M06,0,9.9,11.77,21
67,9699e16c8071621d55aa20c2,M07,0,10.32,12.83,30
67,9699e16c8071621d55aa20c2,M08,0,14.12,17.14,30
67,9699e16c8071621d55aa20c2,M09,0,12.92,16.05,30
67,9699e16c8071621d55aa20c2,M10,0,15.95,18.74,30
67,9699e16c8071621d55aa20c2,M11,0,14.91,17.84,30
67,9699e16c8071621d55aa20c2,M12,0,18.78,24.05,45
67,9699e16c8071621d55aa20c2,M13,0,18.02,23.48,60
67,9699e16c8071621d55aa20c2,M14,0,14.57,20.22,60
67,9699e16c8071621d55aa20c2,M15,0,18.21,23.9,60
67,9699e16c8071621d55aa20c2,M16,0,39.6,51.31,100
67,9699e16c8071621d55aa20c2,M17,0,5.72,6.83,14
67,9699e16c8071621d55aa20c2,M18,0,7.76,9.32,21
67,9699e16c8071621d55aa20c2,M19,0,5.85,7.09,21
67,9699e16c8071621d55aa20c2,M20,0,7.78,9.53,20
67,9699e16c8071621d55aa20c2,M21,0,5.69,6.95,21
67,9699e16c8071621d55aa20c2,M22,0,11.99,15.84,45
67,9699e16c8071621d55aa20c2,M23,0,10.13,13.31,45
67,9699e16c8071621d55aa20c2,M24,0,12.07,16.53,45
67,9699e16c8071621d55aa20c2,M25,0,12.5,13.62,20
67,9699e16c8071621d55aa20c2,M26,0,10.92,12.385,20
67,9699e16c8071621d55aa20c2,M27,0,13.08,15.7,30
67,9699e16c8071621d55aa20c2,M28,0,10.83,13.765,30
67,9699e16c8071621d55aa20c2,M29,0,13.01,15.575,30
67,9699e16c8071621d55aa20c2,M30,0,7.84,9.385,21
68,37927413d1b2c33fd4f48fe4,M01,1,4.85,6.95,10
68,37927413d1b2c33fd4f48fe4,M02,1,6.36,9.36,15
68,37927413d1b2c33fd4f48fe4,M03,1,5.45,9.52,21
68,37927413d1b2c33fd4f48fe4,M04,1,5.22,8.81,21
68,37927413d1b2c33fd4f48fe4,M05,1,5.07,8.8,21
68,37927413d1b2c33fd4f48fe4,M06,1,6.89,11.89,21
68,37927413d1b2c33fd4f48fe4,M07,1,6.96,13,30
68,37927413d1b2c33fd4f48fe4,M08,1,8.9,17.42,30
68,37927413d1b2c33fd4f48fe4,M09,1,7.94,16.18,30
68,37927413d1b2c33fd4f48fe4,M10,1,10.53,18.98,30
68,37927413d1b2c33fd4f48fe4,M11,1,9.65,18.29,30
68,37927413d1b2c33fd4f48fe4,M12,1,10.62,24.62,45
68,37927413d1b2c33fd4f48fe4,M13,1,10.86,24.03,60
68,37927413d1b2c33fd4f48fe4,M14,1,8.24,20.46,60
68,37927413d1b2c33fd4f48fe4,M15,1,10.91,24.48,60
68,37927413d1b2c33fd4f48fe4,M16,1,19.24,51.76,100
68,37927413d1b2c33fd4f48fe4,M17,1,3.57,6.94,14
68,37927413d1b2c33fd4f48fe4,M18,1,5.64,9.46,21
68,37927413d1b2c33fd4f48fe4,M19,1,5.34,7.16,21
68,37927413d1b2c33fd4f48fe4,M20,1,7.1,9.5,20
68,37927413d1b2c33fd4f48fe4,M21,1,5.39,6.99,21
68,37927413d1b2c33fd4f48fe4,M22,1,10.94,15.84,45
68,37927413d1b2c33fd4f48fe4,M23,1,8.87,13.35,45
68,37927413d1b2c33fd4f48fe4,M24,1,11.07,16.5,45
68,37927413d1b2c33fd4f48fe4,M25,1,6.88,13.75,20
68,37927413d1b2c33fd4f48fe4,M26,1,4.45,12.54,20
68,37927413d1b2c33fd4f48fe4,M27,1,7.3,15.91,30
68,37927413d1b2c33fd4f48fe4,M28,1,5.78,13.91,30
68,37927413d1b2c33fd4f48fe4,M29,1,7.24,15.68,30
68,37927413d1b2c33fd4f48fe4,M30,1,3.62,9.58,21
69,80a0d3bab064158ae690ad6a,M01,3,7.69,6.99,10
69,80a0d3bab064158ae690ad6a,M02,3,10.29,9.41,15
69,80a0d3bab064158ae690ad6a,M03,3,11.18,9.67,21
69,80a0d3bab064158ae690ad6a,M04,3,10.17,8.99,21
69,80a0d3bab064158ae690ad6a,M05,3,10.23,8.87,21
69,80a0d3bab064158ae690ad6a,M06,3,13.75,12.11,21
69,80a0d3bab064158ae690ad6a,M07,3,15.41,13.26,30
69,80a0d3bab064158ae690ad6a,M08,3,19.78,17.66,30
69,80a0d3bab064158ae690ad6a,M09,3,18.36,16.64,30
69,80a0d3bab064158ae690ad6a,M10,3,21.45,19.22,30
69,80a0d3bab064158ae690ad6a,M11,3,20.4,18.33,30
69,80a0d3bab064158ae690ad6a,M12,3,28.35,24.98,45
69,80a0d3bab064158ae690ad6a,M13,3,28.65,24.67,60
69,80a0d3bab064158ae690ad6a,M14,3,24.95,20.81,60
69,80a0d3bab064158ae690ad6a,M15,3,29.32,24.93,60
69,80a0d3bab064158ae690ad6a,M16,3,57.18,52.34,100
69,80a0d3bab064158ae690ad6a,M17,3,7.72,6.99,14
69,80a0d3bab064158ae690ad6a,M18,3,10.7,9.6,21
69,80a0d3bab064158ae690ad6a,M19,3,9.31,7.26,21
69,80a0d3bab064158ae690ad6a,M20,3,11.44,9.575,20
69,80a0d3bab064158ae690ad6a,M21,3,8.64,6.985,21
69,80a0d3bab064158ae690ad6a,M22,3,21.28,16.03,45
69,80a0d3bab064158ae690ad6a,M23,3,17.99,13.455,45
69,80a0d3bab064158ae690ad6a,M24,3,22.08,16.74,45
69,80a0d3bab064158ae690ad6a,M25,3,14.81,13.8,20
69,80a0d3bab064158ae690ad6a,M26,3,13.47,12.58,20
69,80a0d3bab064158ae690ad6a,M27,3,17.82,15.98,30
69,80a0d3bab064158ae690ad6a,M28,3,15.75,14.22,30
69,80a0d3bab064158ae690ad6a,M29,3,17.95,16.04,30
69,80a0d3bab064158ae690ad6a,M30,3,11.22,9.75,21
70,6edd2232ed1ec668311aa339,M01,1,4.09,6.95,10
70,6edd2232ed1ec668311aa339,M02,1,4.83,9.36,15
70,6edd2232ed1ec668311aa339,M03,1,4.57,9.52,21
70,6edd2232ed1ec668311aa339,M04,1,4.33,8.81,21
70,6edd2232ed1ec668311aa339,M05,1,4.02,8.8,21
70,6edd2232ed1ec668311aa339,M06,1,5.84,11.89,21
70,6edd2232ed1ec668311aa339,M07,1,5.3,13,30
70,6edd2232ed1ec668311aa339,M08,1,5.62,17.42,30
70,6edd2232ed1ec668311aa339,M09,1,4.31,16.18,30
70,6edd2232ed1ec668311aa339,M10,1,7.12,18.98,30
70,6edd2232ed1ec668311aa339,M11,1,5.62,18.29,30
70,6edd2232ed1ec668311aa339,M12,1,5.71,24.62,45
70,6edd2232ed1ec668311aa339,M13,1,6.78,24.03,60
70,6edd2232ed1ec668311aa339,M14,1,4.38,20.46,60
70,6edd2232ed1ec668311aa339,M15,1,6.99,24.48,60
70,6edd2232ed1ec668311aa339,M16,1,8.87,51.76,100
70,6edd2232ed1ec668311aa339,M17,1,2.3,6.94,14
70,6edd2232ed1ec668311aa339,M18,1,4.86,9.46,21
70,6edd2232ed1ec668311aa339,M19,1,4.57,7.16,21
70,6edd2232ed1ec668311aa339,M20,1,5.31,9.5,20
70,6edd2232ed1ec668311aa339,M21,1,4.63,6.99,21
70,6edd2232ed1ec668311aa339,M22,1,7.53,15.84,45
70,6edd2232ed1ec668311aa339,M23,1,5.29,13.35,45
70,6edd2232ed1ec668311aa339,M24,1,7.8,16.5,45
70,6edd2232ed1ec668311aa339,M25,1,6.67,13.75,20
70,6edd2232ed1ec668311aa339,M26,1,4.85,12.54,20
70,6edd2232ed1ec668311aa339,M27,1,7.06,15.91,30
70,6edd2232ed1ec668311aa339,M28,1,5.43,13.91,30
70,6edd2232ed1ec668311aa339,M29,1,6.93,15.68,30
70,6edd2232ed1ec668311aa339,M30,1,4.27,9.58,21
71,577bf2cb81f94acf50f2db0f,M01,0,6.07,6.91,10
71,577bf2cb81f94acf50f2db0f,M02,0,7.98,9.32,15
71,577bf2cb81f94acf50f2db0f,M03,0,7.21,9.36,21
71,577bf2cb81f94acf50f2db0f,M04,0,6.57,8.59,21
71,577bf2cb81f94acf50f2db0f,M05,0,6.48,8.47,21
71,577bf2cb81f94acf50f2db0f,M06,0,9.13,11.77,21
71,577bf2cb81f94acf50f2db0f,M07,0,9.45,12.83,30
71,577bf2cb81f94acf50f2db0f,M08,0,12.95,17.14,30
71,577bf2cb81f94acf50f2db0f,M09,0,11.84,16.05,30
71,577bf2cb81f94acf50f2db0f,M10,0,14.77,18.74,30
71,577bf2cb81f94acf50f2db0f,M11,0,13.79,17.84,30
71,577bf2cb81f94acf50f2db0f,M12,0,16.87,24.05,45
71,577bf2cb81f94acf50f2db0f,M13,0,16.27,23.48,60
71,577bf2cb81f94acf50f2db0f,M14,0,13.17,20.22,60
71,577bf2cb81f94acf50f2db0f,M15,0,16.47,23.9,60
71,577bf2cb81f94acf50f2db0f,M16,0,34.83,51.31,100
71,577bf2cb81f94acf50f2db0f,M17,0,5.22,6.83,14
71,577bf2cb81f94acf50f2db0f,M18,0,7.13,9.32,21
71,577bf2cb81f94acf50f2db0f,M19,0,5.87,7.09,21
71,577bf2cb81f94acf50f2db0f,M20,0,8.79,9.53,20
71,577bf2cb81f94acf50f2db0f,M21,0,6.4,6.95,21
71,577bf2cb81f94acf50f2db0f,M22,0,14.49,15.84,45
71,577bf2cb81f94acf50f2db0f,M23,0,12.01,13.31,45
71,577bf2cb81f94acf50f2db0f,M24,0,14.36,16.53,45
71,577bf2cb81f94acf50f2db0f,M25,0,11.91,13.62,20
71,577bf2cb81f94acf50f2db0f,M26,0,10.34,12.385,20
71,577bf2cb81f94acf50f2db0f,M27,0,12.12,15.7,30
71,577bf2cb81f94acf50f2db0f,M28,0,10,13.765,30
71,577bf2cb81f94acf50f2db0f,M29,0,12.05,15.575,30
71,577bf2cb81f94acf50f2db0f,M30,0,7.21,9.385,21
72,199be8c56e73e5eb81a7e6f0,M01,4,7.96,6.845,10
72,199be8c56e73e5eb81a7e6f0,M02,4,10.6,9.175,15
72,199be8c56e73e5eb81a7e6f0,M03,4,11.83,9.25,21
72,199be8c56e73e5eb81a7e6f0,M04,4,10.85,8.44,21
72,199be8c56e73e5eb81a7e6f0,M05,4,11.01,8.46,21
72,199be8c56e73e5eb81a7e6f0,M06,4,14.48,11.555,21
72,199be8c56e73e5eb81a7e6f0,M07,4,16.41,12.545,30
72,199be8c56e73e5eb81a7e6f0,M08,4,20.75,16.89,30
72,199be8c56e73e5eb81a7e6f0,M09,4,19.38,15.81,30
72,199be8c56e73e5eb81a7e6f0,M10,4,22.37,18.53,30
72,199be8c56e73e5eb81a7e6f0,M11,4,21.47,17.615,30
72,199be8c56e73e5eb81a7e6f0,M12,4,30,23.555,45
72,199be8c56e73e5eb81a7e6f0,M13,4,30.76,23.13,60
72,199be8c56e73e5eb81a7e6f0,M14,4,27.22,19.65,60
72,199be8c56e73e5eb81a7e6f0,M15,4,31.43,23.315,60
72,199be8c56e73e5eb81a7e6f0,M16,4,59.54,50.515,100
72,199be8c56e73e5eb81a7e6f0,M17,4,8.15,6.655,14
72,199be8c56e73e5eb81a7e6f0,M18,4,11.32,9.155,21
72,199be8c56e73e5eb81a7e6f0,M19,4,10.34,6.985,21
72,199be8c56e73e5eb81a7e6f0,M20,4,12.33,9.35,20
72,199be8c56e73e5eb81a7e6f0,M21,4,9.5,6.77,21
72,199be8c56e73e5eb81a7e6f0,M22,4,24.07,15.23,45
72,199be8c56e73e5eb81a7e6f0,M23,4,20.52,13.01,45
72,199be8c56e73e5eb81a7e6f0,M24,4,24.93,15.92,45
72,199be8c56e73e5eb81a7e6f0,M25,4,15.22,13.5,20
72,199be8c56e73e5eb81a7e6f0,M26,4,13.94,12.19,20
72,199be8c56e73e5eb81a7e6f0,M27,4,18.69,15.28,30
72,199be8c56e73e5eb81a7e6f0,M28,4,16.73,13.34,30
72,199be8c56e73e5eb81a7e6f0,M29,4,18.84,15.58,30
72,199be8c56e73e5eb81a7e6f0,M30,4,11.87,9.25,21
73,e7d3343ab01cc92f9746bd90,M01,1,6.93,6.95,10
73,e7d3343ab01cc92f9746bd90,M02,1,9.25,9.36,15
73,e7d3343ab01cc92f9746bd90,M03,1,9.36,9.52,21
73,e7d3343ab01cc92f9746bd90,M04,1,8.16,8.81,21
73,e7d3343ab01cc92f9746bd90,M05,1,8.46,8.8,21
73,e7d3343ab01cc92f9746bd90,M06,1,11.62,11.89,21
73,e7d3343ab01cc92f9746bd90,M07,1,12.66,13,30
73,e7d3343ab01cc92f9746bd90,M08,1,16.96,17.42,30
73,e7d3343ab01cc92f9746bd90,M09,1,15.81,16.18,30
73,e7d3343ab01cc92f9746bd90,M10,1,18.68,18.98,30
73,e7d3343ab01cc92f9746bd90,M11,1,17.14,18.29,30
73,e7d3343ab01cc92f9746bd90,M12,1,23.51,24.62,45
73,e7d3343ab01cc92f9746bd90,M13,1,22.73,24.03,60
73,e7d3343ab01cc92f9746bd90,M14,1,19.02,20.46,60
73,e7d3343ab01cc92f9746bd90,M15,1,22.98,24.48,60
73,e7d3343ab01cc92f9746bd90,M16,1,49.87,51.76,100
73,e7d3343ab01cc92f9746bd90,M17,1,6.73,6.94,14
73,e7d3343ab01cc92f9746bd90,M18,1,9.21,9.46,21
73,e7d3343ab01cc92f9746bd90,M19,1,7.16,7.16,21
73,e7d3343ab01cc92f9746bd90,M20,1,8.78,9.5,20
73,e7d3343ab01cc92f9746bd90,M21,1,6.18,6.99,21
73,e7d3343ab01cc92f9746bd90,M22,1,13.98,15.84,45
73,e7d3343ab01cc92f9746bd90,M23,1,11.93,13.35,45
73,e7d3343ab01cc92f9746bd90,M24,1,14.14,16.5,45
73,e7d3343ab01cc92f9746bd90,M25,1,13.44,13.75,20
73,e7d3343ab01cc92f9746bd90,M26,1,12.02,12.54,20
73,e7d3343ab01cc92f9746bd90,M27,1,14.97,15.91,30
73,e7d3343ab01cc92f9746bd90,M28,1,12.78,13.91,30
73,e7d3343ab01cc92f9746bd90,M29,1,14.8,15.68,30
73,e7d3343ab01cc92f9746bd90,M30,1,9.39,9.58,21
74,685253186b7c8d8473d65ffa,M01,2,6.8,6.88,10
74,685253186b7c8d8473d65ffa,M02,2,8.99,9.32,15
74,685253186b7c8d8473d65ffa,M03,2,8.76,9.36,21
74,685253186b7c8d8473d65ffa,M04,2,7.92,8.58,21
74,685253186b7c8d8473d65ffa,M05,2,7.87,8.46,21
74,685253186b7c8d8473d65ffa,M06,2,11,11.66,21
74,685253186b7c8d8473d65ffa,M07,2,11.7,12.81,30
74,685253186b7c8d8473d65ffa,M08,2,15.77,16.97,30
74,685253186b7c8d8473d65ffa,M09,2,14.37,16.03,30
74,685253186b7c8d8473d65ffa,M10,2,17.59,18.71,30
74,685253186b7c8d8473d65ffa,M11,2,16.6,17.82,30
74,685253186b7c8d8473d65ffa,M12,2,21.43,24,45
74,685253186b7c8d8473d65ffa,M13,2,20.78,23.43,60
74,685253186b7c8d8473d65ffa,M14,2,16.97,20.18,60
74,685253186b7c8d8473d65ffa,M15,2,21.41,23.65,60
74,685253186b7c8d8473d65ffa,M16,2,45.77,51.18,100
74,685253186b7c8d8473d65ffa,M17,2,6.27,6.73,14
74,685253186b7c8d8473d65ffa,M18,2,8.55,9.21,21
74,685253186b7c8d8473d65ffa,M19,2,7.34,6.87,21
74,685253186b7c8d8473d65ffa,M20,2,9.58,9.15,20
74,685253186b7c8d8473d65ffa,M21,2,7.04,6.77,21
74,685253186b7c8d8473d65ffa,M22,2,16.08,15.22,45
74,685253186b7c8d8473d65ffa,M23,2,13.35,13.01,45
74,685253186b7c8d8473d65ffa,M24,2,16.66,15.92,45
74,685253186b7c8d8473d65ffa,M25,2,13.23,13.62,20
74,685253186b7c8d8473d65ffa,M26,2,11.71,12.34,20
74,685253186b7c8d8473d65ffa,M27,2,14.45,15.67,30
74,685253186b7c8d8473d65ffa,M28,2,12.18,13.69,30
74,685253186b7c8d8473d65ffa,M29,2,14.58,15.58,30
74,685253186b7c8d8473d65ffa,M30,2,8.76,9.38,21
75,1fcbc4f3ec49fb735c0f7d56,M01,3,6.41,6.99,10
75,1fcbc4f3ec49fb735c0f7d56,M02,3,8.39,9.41,15
75,1fcbc4f3ec49fb735c0f7d56,M03,3,7.8,9.67,21
75,1fcbc4f3ec49fb735c0f7d56,M04,3,7.11,8.99,21
75,1fcbc4f3ec49fb735c0f7d56,M05,3,7.01,8.87,21
75,1fcbc4f3ec49fb735c0f7d56,M06,3,9.91,12.11,21
75,1fcbc4f3ec49fb735c0f7d56,M07,3,10.22,13.26,30
75,1fcbc4f3ec49fb735c0f7d56,M08,3,13.89,17.66,30
75,1fcbc4f3ec49fb735c0f7d56,M09,3,12.64,16.64,30
75,1fcbc4f3ec49fb735c0f7d56,M10,3,15.8,19.22,30
75,1fcbc4f3ec49fb735c0f7d56,M11,3,14.78,18.33,30
75,1fcbc4f3ec49fb735c0f7d56,M12,3,18.29,24.98,45
75,1fcbc4f3ec49fb735c0f7d56,M13,3,17.83,24.67,60
75,1fcbc4f3ec49fb735c0f7d56,M14,3,14.3,20.81,60
75,1fcbc4f3ec49fb735c0f7d56,M15,3,18.14,24.93,60
75,1fcbc4f3ec49fb735c0f7d56,M16,3,38.33,52.34,100
75,1fcbc4f3ec49fb735c0f7d56,M17,3,5.64,6.99,14
75,1fcbc4f3ec49fb735c0f7d56,M18,3,7.71,9.6,21
75,1fcbc4f3ec49fb735c0f7d56,M19,3,6.02,7.26,21
75,1fcbc4f3ec49fb735c0f7d56,M20,3,8.02,9.575,20
75,1fcbc4f3ec49fb735c0f7d56,M21,3,5.75,6.985,21
75,1fcbc4f3ec49fb735c0f7d56,M22,3,12.48,16.03,45
75,1fcbc4f3ec49fb735c0f7d56,M23,3,10.42,13.455,45
75,1fcbc4f3ec49fb735c0f7d56,M24,3,12.65,16.74,45
75,1fcbc4f3ec49fb735c0f7d56,M25,3,12.5,13.8,20
75,1fcbc4f3ec49fb735c0f7d56,M26,3,10.86,12.58,20
75,1fcbc4f3ec49fb735c0f7d56,M27,3,13.06,15.98,30
75,1fcbc4f3ec49fb735c0f7d56,M28,3,10.77,14.22,30
75,1fcbc4f3ec49fb735c0f7d56,M29,3,13.03,16.04,30
75,1fcbc4f3ec49fb735c0f7d56,M30,3,7.8,9.75,21
76,1879f3c5daf4cf8a36454c58,M01,0,5.84,6.91,10
76,1879f3c5daf4cf8a36454c58,M02,0,7.74,9.32,15
76,1879f3c5daf4cf8a36454c58,M03,0,6.84,9.36,21
76,1879f3c5daf4cf8a36454c58,M04,0,6.18,8.59,21
76,1879f3c5daf4cf8a36454c58,M05,0,5.97,8.47,21
76,1879f3c5daf4cf8a36454c58,M06,0,8.63,11.77,21
76,1879f3c5daf4cf8a36454c58,M07,0,8.96,12.83,30
76,1879f3c5daf4cf8a36454c58,M08,0,12.5,17.14,30
76,1879f3c5daf4cf8a36454c58,M09,0,11.06,16.05,30
76,1879f3c5daf4cf8a36454c58,M10,0,14.2,18.74,30
76,1879f3c5daf4cf8a36454c58,M11,0,12.79,17.84,30
76,1879f3c5daf4cf8a36454c58,M12,0,16.31,24.05,45
76,1879f3c5daf4cf8a36454c58,M13,0,15.35,23.48,60
76,1879f3c5daf4cf8a36454c58,M14,0,12.58,20.22,60
76,1879f3c5daf4cf8a36454c58,M15,0,15.38,23.9,60
76,1879f3c5daf4cf8a36454c58,M16,0,33.62,51.31,100
76,1879f3c5daf4cf8a36454c58,M17,0,4.78,6.83,14
76,1879f3c5daf4cf8a36454c58,M18,0,6.72,9.32,21
76,1879f3c5daf4cf8a36454c58,M19,0,5.6,7.09,21
76,1879f3c5daf4cf8a36454c58,M20,0,7.54,9.53,20
76,1879f3c5daf4cf8a36454c58,M21,0,5.49,6.95,21
76,1879f3c5daf4cf8a36454c58,M22,0,11.6,15.84,45
76,1879f3c5daf4cf8a36454c58,M23,0,9.89,13.31,45
76,1879f3c5daf4cf8a36454c58,M24,0,11.61,16.53,45
76,1879f3c5daf4cf8a36454c58,M25,0,11.37,13.62,20
76,1879f3c5daf4cf8a36454c58,M26,0,9.85,12.385,20
76,1879f3c5daf4cf8a36454c58,M27,0,11.32,15.7,30
76,1879f3c5daf4cf8a36454c58,M28,0,9.37,13.765,30
76,1879f3c5daf4cf8a36454c58,M29,0,11.18,15.575,30
76,1879f3c5daf4cf8a36454c58,M30,0,6.62,9.385,21
77,047b8df66ebc85fef8294a83,M01,3,6.49,6.99,10
77,047b8df66ebc85fef8294a83,M02,3,8.61,9.41,15
77,047b8df66ebc85fef8294a83,M03,3,8.12,9.67,21
77,047b8df66ebc85fef8294a83,M04,3,7.32,8.99,21
77,047b8df66ebc85fef8294a83,M05,3,7.17,8.87,21
77,047b8df66ebc85fef8294a83,M06,3,10.23,12.11,21
77,047b8df66ebc85fef8294a83,M07,3,10.8,13.26,30
77,047b8df66ebc85fef8294a83,M08,3,14.84,17.66,30
77,047b8df66ebc85fef8294a83,M09,3,13.48,16.64,30
77,047b8df66ebc85fef8294a83,M10,3,16.58,19.22,30
77,047b8df66ebc85fef8294a83,M11,3,15.42,18.33,30
77,047b8df66ebc85fef8294a83,M12,3,20.06,24.98,45
77,047b8df66ebc85fef8294a83,M13,3,19.03,24.67,60
77,047b8df66ebc85fef8294a83,M14,3,15.62,20.81,60
77,047b8df66ebc85fef8294a83,M15,3,19.52,24.93,60
77,047b8df66ebc85fef8294a83,M16,3,42.92,52.34,100
77,047b8df66ebc85fef8294a83,M17,3,5.79,6.99,14
77,047b8df66ebc85fef8294a83,M18,3,7.94,9.6,21
77,047b8df66ebc85fef8294a83,M19,3,6.51,7.26,21
77,047b8df66ebc85fef8294a83,M20,3,8.72,9.575,20
77,047b8df66ebc85fef8294a83,M21,3,6.25,6.985,21
77,047b8df66ebc85fef8294a83,M22,3,13.86,16.03,45
77,047b8df66ebc85fef8294a83,M23,3,11.68,13.455,45
77,047b8df66ebc85fef8294a83,M24,3,14.22,16.74,45
77,047b8df66ebc85fef8294a83,M25,3,12.43,13.8,20
77,047b8df66ebc85fef8294a83,M26,3,10.92,12.58,20
77,047b8df66ebc85fef8294a83,M27,3,12.97,15.98,30
77,047b8df66ebc85fef8294a83,M28,3,10.83,14.22,30
77,047b8df66ebc85fef8294a83,M29,3,12.95,16.04,30
77,047b8df66ebc85fef8294a83,M30,3,7.8,9.75,21
78,cdebdfe424c1e2de4b6e80f5,M01,3,5.54,6.99,10
78,cdebdfe424c1e2de4b6e80f5,M02,3,7.41,9.41,15
78,cdebdfe424c1e2de4b6e80f5,M03,3,6.42,9.67,21
78,cdebdfe424c1e2de4b6e80f5,M04,3,5.81,8.99,21
78,cdebdfe424c1e2de4b6e80f5,M05,3,5.57,8.87,21
78,cdebdfe424c1e2de4b6e80f5,M06,3,8.12,12.11,21
78,cdebdfe424c1e2de4b6e80f5,M07,3,8.33,13.26,30
78,cdebdfe424c1e2de4b6e80f5,M08,3,11.48,17.66,30
78,cdebdfe424c1e2de4b6e80f5,M09,3,9.88,16.64,30
78,cdebdfe424c1e2de4b6e80f5,M10,3,13.24,19.22,30
78,cdebdfe424c1e2de4b6e80f5,M11,3,11.56,18.33,30
78,cdebdfe424c1e2de4b6e80f5,M12,3,14.76,24.98,45
78,cdebdfe424c1e2de4b6e80f5,M13,3,14.02,24.67,60
78,cdebdfe424c1e2de4b6e80f5,M14,3,11.34,20.81,60
78,cdebdfe424c1e2de4b6e80f5,M15,3,14.1,24.93,60
78,cdebdfe424c1e2de4b6e80f5,M16,3,29.16,52.34,100
78,cdebdfe424c1e2de4b6e80f5,M17,3,4.43,6.99,14
78,cdebdfe424c1e2de4b6e80f5,M18,3,6.37,9.6,21
78,cdebdfe424c1e2de4b6e80f5,M19,3,5.38,7.26,21
78,cdebdfe424c1e2de4b6e80f5,M20,3,7.13,9.575,20
78,cdebdfe424c1e2de4b6e80f5,M21,3,5.28,6.985,21
78,cdebdfe424c1e2de4b6e80f5,M22,3,10.86,16.03,45
78,cdebdfe424c1e2de4b6e80f5,M23,3,9.06,13.455,45
78,cdebdfe424c1e2de4b6e80f5,M24,3,10.88,16.74,45
78,cdebdfe424c1e2de4b6e80f5,M25,3,6.42,13.8,20
78,cdebdfe424c1e2de4b6e80f5,M26,3,4.7,12.58,20
78,cdebdfe424c1e2de4b6e80f5,M27,3,6.96,15.98,30
78,cdebdfe424c1e2de4b6e80f5,M28,3,5.39,14.22,30
78,cdebdfe424c1e2de4b6e80f5,M29,3,6.98,16.04,30
78,cdebdfe424c1e2de4b6e80f5,M30,3,4.24,9.75,21
79,c4ac567011a027981340b36b,M01,4,5.08,6.845,10
79,c4ac567011a027981340b36b,M02,4,6.75,9.175,15
79,c4ac567011a027981340b36b,M03,4,5.75,9.25,21
79,c4ac567011a027981340b36b,M04,4,5.2,8.44,21
79,c4ac567011a027981340b36b,M05,4,5.01,8.46,21
79,c4ac567011a027981340b36b,M06,4,7.27,11.555,21
79,c4ac567011a027981340b36b,M07,4,7.41,12.545,30
79,c4ac567011a027981340b36b,M08,4,10.03,16.89,30
79,c4ac567011a027981340b36b,M09,4,8.16,15.81,30
79,c4ac567011a027981340b36b,M10,4,11.6,18.53,30
79,c4ac567011a027981340b36b,M11,4,10.01,17.615,30
79,c4ac567011a027981340b36b,M12,4,12.52,23.555,45
79,c4ac567011a027981340b36b,M13,4,12.01,23.13,60
79,c4ac567011a027981340b36b,M14,4,9.49,19.65,60
79,c4ac567011a027981340b36b,M15,4,11.84,23.315,60
79,c4ac567011a027981340b36b,M16,4,23.53,50.515,100
79,c4ac567011a027981340b36b,M17,4,3.54,6.655,14
79,c4ac567011a027981340b36b,M18,4,5.61,9.155,21
79,c4ac567011a027981340b36b,M19,4,4.73,6.985,21
79,c4ac567011a027981340b36b,M20,4,5.76,9.35,20
79,c4ac567011a027981340b36b,M21,4,4.63,6.77,21
79,c4ac567011a027981340b36b,M22,4,8.31,15.23,45
79,c4ac567011a027981340b36b,M23,4,6.85,13.01,45
79,c4ac567011a027981340b36b,M24,4,8.13,15.92,45
79,c4ac567011a027981340b36b,M25,4,10.04,13.5,20
79,c4ac567011a027981340b36b,M26,4,8.32,12.19,20
79,c4ac567011a027981340b36b,M27,4,9.52,15.28,30
79,c4ac567011a027981340b36b,M28,4,7.92,13.34,30
79,c4ac567011a027981340b36b,M29,4,9.15,15.58,30
79,c4ac567011a027981340b36b,M30,4,5.75,9.25,21
80,3f3242254ca882caa3780cd4,M01,3,5.92,6.99,10
80,3f3242254ca882caa3780cd4,M02,3,8.17,9.41,15
80,3f3242254ca882caa3780cd4,M03,3,7.57,9.67,21
80,3f3242254ca882caa3780cd4,M04,3,6.93,8.99,21
80,3f3242254ca882caa3780cd4,M05,3,6.63,8.87,21
80,3f3242254ca882caa3780cd4,M06,3,8.99,12.11,21
80,3f3242254ca882caa3780cd4,M07,3,9.99,13.26,30
80,3f3242254ca882caa3780cd4,M08,3,13.46,17.66,30
80,3f3242254ca882caa3780cd4,M09,3,11.95,16.64,30
80,3f3242254ca882caa3780cd4,M10,3,15.46,19.22,30
80,3f3242254ca882caa3780cd4,M11,3,13.99,18.33,30
80,3f3242254ca882caa3780cd4,M12,3,17.53,24.98,45
80,3f3242254ca882caa3780cd4,M13,3,15.88,24.67,60
80,3f3242254ca882caa3780cd4,M14,3,12.66,20.81,60
80,3f3242254ca882caa3780cd4,M15,3,17.46,24.93,60
80,3f3242254ca882caa3780cd4,M16,3,31.36,52.34,100
80,3f3242254ca882caa3780cd4,M17,3,5.49,6.99,14
80,3f3242254ca882caa3780cd4,M18,3,7.6,9.6,21
80,3f3242254ca882caa3780cd4,M19,3,5.46,7.26,21
80,3f3242254ca882caa3780cd4,M20,3,7.57,9.575,20
80,3f3242254ca882caa3780cd4,M21,3,5.59,6.985,21
80,3f3242254ca882caa3780cd4,M22,3,11.67,16.03,45
80,3f3242254ca882caa3780cd4,M23,3,9.6,13.455,45
80,3f3242254ca882caa3780cd4,M24,3,12.44,16.74,45
80,3f3242254ca882caa3780cd4,M25,3,11.58,13.8,20
80,3f3242254ca882caa3780cd4,M26,3,9.99,12.58,20
80,3f3242254ca882caa3780cd4,M27,3,11.65,15.98,30
80,3f3242254ca882caa3780cd4,M28,3,9.58,14.22,30
80,3f3242254ca882caa3780cd4,M29,3,12.32,16.04,30
80,3f3242254ca882caa3780cd4,M30,3,6.93,9.75,21
81,8f5373ae3303e9a701bc0449,M01,2,4.3,6.88,10
81,8f5373ae3303e9a701bc0449,M02,2,5.09,9.32,15
81,8f5373ae3303e9a701bc0449,M03,2,4.8,9.36,21
81,8f5373ae3303e9a701bc0449,M04,2,4.49,8.58,21
81,8f5373ae3303e9a701bc0449,M05,2,4.24,8.46,21
81,8f5373ae3303e9a701bc0449,M06,2,6.11,11.66,21
81,8f5373ae3303e9a701bc0449,M07,2,5.71,12.81,30
81,8f5373ae3303e9a701bc0449,M08,2,6.22,16.97,30
81,8f5373ae3303e9a701bc0449,M09,2,4.53,16.03,30
81,8f5373ae3303e9a701bc0449,M10,2,7.71,18.71,30
81,8f5373ae3303e9a701bc0449,M11,2,5.84,17.82,30
81,8f5373ae3303e9a701bc0449,M12,2,6.25,24,45
81,8f5373ae3303e9a701bc0449,M13,2,7.66,23.43,60
81,8f5373ae3303e9a701bc0449,M14,2,4.84,20.18,60
81,8f5373ae3303e9a701bc0449,M15,2,7.92,23.65,60
81,8f5373ae3303e9a701bc0449,M16,2,11.53,51.18,100
81,8f5373ae3303e9a701bc0449,M17,2,2.62,6.73,14
81,8f5373ae3303e9a701bc0449,M18,2,5.05,9.21,21
81,8f5373ae3303e9a701bc0449,M19,2,4.77,6.87,21
81,8f5373ae3303e9a701bc0449,M20,2,5.55,9.15,20
81,8f5373ae3303e9a701bc0449,M21,2,4.76,6.77,21
81,8f5373ae3303e9a701bc0449,M22,2,8.16,15.22,45
81,8f5373ae3303e9a701bc0449,M23,2,5.9,13.01,45
81,8f5373ae3303e9a701bc0449,M24,2,8.33,15.92,45
81,8f5373ae3303e9a701bc0449,M25,2,6.93,13.62,20
81,8f5373ae3303e9a701bc0449,M26,2,4.96,12.34,20
81,8f5373ae3303e9a701bc0449,M27,2,7.32,15.67,30
81,8f5373ae3303e9a701bc0449,M28,2,5.58,13.69,30
81,8f5373ae3303e9a701bc0449,M29,2,7.24,15.58,30
81,8f5373ae3303e9a701bc0449,M30,2,4.08,9.38,21
86,db6ca16feb506f12191f9ced,M01,3,4.92,6.99,10
86,db6ca16feb506f12191f9ced,M02,3,6.54,9.41,15
86,db6ca16feb506f12191f9ced,M03,3,5.55,9.67,21
86,db6ca16feb506f12191f9ced,M04,3,5.3,8.99,21
86,db6ca16feb506f12191f9ced,M05,3,5.14,8.87,21
86,db6ca16feb506f12191f9ced,M06,3,7.04,12.11,21
86,db6ca16feb506f12191f9ced,M07,3,7.16,13.26,30
86,db6ca16feb506f12191f9ced,M08,3,9.46,17.66,30
86,db6ca16feb506f12191f9ced,M09,3,8.51,16.64,30
86,db6ca16feb506f12191f9ced,M10,3,11.08,19.22,30
86,db6ca16feb506f12191f9ced,M11,3,10.17,18.33,30
86,db6ca16feb506f12191f9ced,M12,3,11.56,24.98,45
86,db6ca16feb506f12191f9ced,M13,3,11.52,24.67,60
86,db6ca16feb506f12191f9ced,M14,3,8.96,20.81,60
86,db6ca16feb506f12191f9ced,M15,3,11.48,24.93,60
86,db6ca16feb506f12191f9ced,M16,3,21.7,52.34,100
86,db6ca16feb506f12191f9ced,M17,3,3.82,6.99,14
86,db6ca16feb506f12191f9ced,M18,3,5.78,9.6,21
86,db6ca16feb506f12191f9ced,M19,3,5.39,7.26,21
86,db6ca16feb506f12191f9ced,M20,3,7.36,9.575,20
86,db6ca16feb506f12191f9ced,M21,3,5.47,6.985,21
86,db6ca16feb506f12191f9ced,M22,3,11.32,16.03,45
86,db6ca16feb506f12191f9ced,M23,3,9.34,13.455,45
86,db6ca16feb506f12191f9ced,M24,3,11.44,16.74,45
86,db6ca16feb506f12191f9ced,M25,3,6.26,13.8,20
86,db6ca16feb506f12191f9ced,M26,3,4.26,12.58,20
86,db6ca16feb506f12191f9ced,M27,3,6.81,15.98,30
86,db6ca16feb506f12191f9ced,M28,3,5.24,14.22,30
86,db6ca16feb506f12191f9ced,M29,3,6.82,16.04,30
86,db6ca16feb506f12191f9ced,M30,3,4.19,9.75,21
88,7c5d2caf2182c8f80629097e,M01,1,6.15,6.95,10
88,7c5d2caf2182c8f80629097e,M02,1,8.16,9.36,15
88,7c5d2caf2182c8f80629097e,M03,1,7.46,9.52,21
88,7c5d2caf2182c8f80629097e,M04,1,6.9,8.81,21
88,7c5d2caf2182c8f80629097e,M05,1,6.84,8.8,21
88,7c5d2caf2182c8f80629097e,M06,1,9.48,11.89,21
88,7c5d2caf2182c8f80629097e,M07,1,9.85,13,30
88,7c5d2caf2182c8f80629097e,M08,1,13.68,17.42,30
88,7c5d2caf2182c8f80629097e,M09,1,12.67,16.18,30
88,7c5d2caf2182c8f80629097e,M10,1,15.41,18.98,30
88,7c5d2caf2182c8f80629097e,M11,1,14.59,18.29,30
88,7c5d2caf2182c8f80629097e,M12,1,18.23,24.62,45
88,7c5d2caf2182c8f80629097e,M13,1,17.43,24.03,60
88,7c5d2caf2182c8f80629097e,M14,1,14.34,20.46,60
88,7c5d2caf2182c8f80629097e,M15,1,17.43,24.48,60
88,7c5d2caf2182c8f80629097e,M16,1,39.31,51.76,100
88,7c5d2caf2182c8f80629097e,M17,1,5.59,6.94,14
88,7c5d2caf2182c8f80629097e,M18,1,7.5,9.46,21
88,7c5d2caf2182c8f80629097e,M19,1,5.97,7.16,21
88,7c5d2caf2182c8f80629097e,M20,1,8,9.5,20
88,7c5d2caf2182c8f80629097e,M21,1,5.83,6.99,21
88,7c5d2caf2182c8f80629097e,M22,1,12.41,15.84,45
88,7c5d2caf2182c8f80629097e,M23,1,10.52,13.35,45
88,7c5d2caf2182c8f80629097e,M24,1,12.53,16.5,45
88,7c5d2caf2182c8f80629097e,M25,1,12.23,13.75,20
88,7c5d2caf2182c8f80629097e,M26,1,10.73,12.54,20
88,7c5d2caf2182c8f80629097e,M27,1,12.64,15.91,30
88,7c5d2caf2182c8f80629097e,M28,1,10.61,13.91,30
88,7c5d2caf2182c8f80629097e,M29,1,12.45,15.68,30
88,7c5d2caf2182c8f80629097e,M30,1,7.49,9.58,21
91,6d9f9870f4d44ecb43c6008e,M25,4,14.15,13.5,20
91,6d9f9870f4d44ecb43c6008e,M26,4,12.9,12.19,20
91,6d9f9870f4d44ecb43c6008e,M27,4,16.68,15.28,30
91,6d9f9870f4d44ecb43c6008e,M28,4,14.79,13.34,30
91,6d9f9870f4d44ecb43c6008e,M29,4,16.71,15.58,30
91,6d9f9870f4d44ecb43c6008e,M30,4,10.23,9.25,21
92,ad6b380a8fe0471ba1141477,M01,2,6.67,6.88,10
92,ad6b380a8fe0471ba1141477,M02,2,8.9,9.32,15
92,ad6b380a8fe0471ba1141477,M03,2,8.66,9.36,21
92,ad6b380a8fe0471ba1141477,M04,2,7.92,8.58,21
92,ad6b380a8fe0471ba1141477,M05,2,7.85,8.46,21
92,ad6b380a8fe0471ba1141477,M06,2,10.89,11.66,21
92,ad6b380a8fe0471ba1141477,M07,2,11.64,12.81,30
92,ad6b380a8fe0471ba1141477,M08,2,15.88,16.97,30
92,ad6b380a8fe0471ba1141477,M09,2,14.72,16.03,30
92,ad6b380a8fe0471ba1141477,M10,2,17.56,18.71,30
92,ad6b380a8fe0471ba1141477,M11,2,16.65,17.82,30
92,ad6b380a8fe0471ba1141477,M12,2,21.91,24,45
92,ad6b380a8fe0471ba1141477,M13,2,21.18,23.43,60
92,ad6b380a8fe0471ba1141477,M14,2,17.75,20.18,60
92,ad6b380a8fe0471ba1141477,M15,2,21.33,23.65,60
92,ad6b380a8fe0471ba1141477,M16,2,47.62,51.18,100
92,ad6b380a8fe0471ba1141477,M17,2,6.33,6.73,14
92,ad6b380a8fe0471ba1141477,M18,2,8.55,9.21,21
92,ad6b380a8fe0471ba1141477,M19,2,7.16,6.87,21
92,ad6b380a8fe0471ba1141477,M20,2,9.5,9.15,20
92,ad6b380a8fe0471ba1141477,M21,2,6.92,6.77,21
92,ad6b380a8fe0471ba1141477,M22,2,15.84,15.22,45
92,ad6b380a8fe0471ba1141477,M23,2,13.31,13.01,45
92,ad6b380a8fe0471ba1141477,M24,2,16.25,15.92,45
92,ad6b380a8fe0471ba1141477,M25,2,13.14,13.62,20
92,ad6b380a8fe0471ba1141477,M26,2,11.77,12.34,20
92,ad6b380a8fe0471ba1141477,M27,2,14.43,15.67,30
92,ad6b380a8fe0471ba1141477,M28,2,12.35,13.69,30
92,ad6b380a8fe0471ba1141477,M29,2,14.35,15.58,30
92,ad6b380a8fe0471ba1141477,M30,2,8.68,9.38,21
93,90e4bc93a64c5319da7b3c19,M01,3,5.81,6.99,10
93,90e4bc93a64c5319da7b3c19,M02,3,7.77,9.41,15
93,90e4bc93a64c5319da7b3c19,M03,3,6.88,9.67,21
93,90e4bc93a64c5319da7b3c19,M04,3,6,8.99,21
93,90e4bc93a64c5319da7b3c19,M05,3,5.89,8.87,21
93,90e4bc93a64c5319da7b3c19,M06,3,8.68,12.11,21
93,90e4bc93a64c5319da7b3c19,M07,3,9.05,13.26,30
93,90e4bc93a64c5319da7b3c19,M08,3,12.75,17.66,30
93,90e4bc93a64c5319da7b3c19,M09,3,10.62,16.64,30
93,90e4bc93a64c5319da7b3c19,M10,3,14.39,19.22,30
93,90e4bc93a64c5319da7b3c19,M11,3,12.84,18.33,30
93,90e4bc93a64c5319da7b3c19,M12,3,16.81,24.98,45
93,90e4bc93a64c5319da7b3c19,M13,3,15.57,24.67,60
93,90e4bc93a64c5319da7b3c19,M14,3,12.8,20.81,60
93,90e4bc93a64c5319da7b3c19,M15,3,15.57,24.93,60
93,90e4bc93a64c5319da7b3c19,M16,3,34.22,52.34,100
93,90e4bc93a64c5319da7b3c19,M17,3,4.55,6.99,14
93,90e4bc93a64c5319da7b3c19,M18,3,6.56,9.6,21
93,90e4bc93a64c5319da7b3c19,M19,3,5.45,7.26,21
93,90e4bc93a64c5319da7b3c19,M20,3,7.4,9.575,20
93,90e4bc93a64c5319da7b3c19,M21,3,5.28,6.985,21
93,90e4bc93a64c5319da7b3c19,M22,3,11.32,16.03,45
93,90e4bc93a64c5319da7b3c19,M23,3,9.55,13.455,45
93,90e4bc93a64c5319da7b3c19,M24,3,11.32,16.74,45
93,90e4bc93a64c5319da7b3c19,M25,3,11.54,13.8,20
93,90e4bc93a64c5319da7b3c19,M26,3,10.06,12.58,20
93,90e4bc93a64c5319da7b3c19,M27,3,11.58,15.98,30
93,90e4bc93a64c5319da7b3c19,M28,3,9.61,14.22,30
93,90e4bc93a64c5319da7b3c19,M29,3,11.31,16.04,30
93,90e4bc93a64c5319da7b3c19,M30,3,6.86,9.75,21
95,74e84ef329ad1064a1b82a83,M01,4,6.67,6.845,10
95,74e84ef329ad1064a1b82a83,M02,4,8.85,9.175,15
95,74e84ef329ad1064a1b82a83,M03,4,8.53,9.25,21
95,74e84ef329ad1064a1b82a83,M04,4,7.84,8.44,21
95,74e84ef329ad1064a1b82a83,M05,4,7.78,8.46,21
95,74e84ef329ad1064a1b82a83,M06,4,10.79,11.555,21
95,74e84ef329ad1064a1b82a83,M07,4,11.43,12.545,30
95,74e84ef329ad1064a1b82a83,M08,4,15.58,16.89,30
95,74e84ef329ad1064a1b82a83,M09,4,14.47,15.81,30
95,74e84ef329ad1064a1b82a83,M10,4,17.33,18.53,30
95,74e84ef329ad1064a1b82a83,M11,4,16.44,17.615,30
95,74e84ef329ad1064a1b82a83,M12,4,21.33,23.555,45
95,74e84ef329ad1064a1b82a83,M13,4,20.74,23.13,60
95,74e84ef329ad1064a1b82a83,M14,4,17.16,19.65,60
95,74e84ef329ad1064a1b82a83,M15,4,20.84,23.315,60
95,74e84ef329ad1064a1b82a83,M16,4,46.57,50.515,100
95,74e84ef329ad1064a1b82a83,M17,4,6.26,6.655,14
95,74e84ef329ad1064a1b82a83,M18,4,8.46,9.155,21
95,74e84ef329ad1064a1b82a83,M19,4,6.78,6.985,21
95,74e84ef329ad1064a1b82a83,M20,4,9.02,9.35,20
95,74e84ef329ad1064a1b82a83,M21,4,6.56,6.77,21
95,74e84ef329ad1064a1b82a83,M22,4,14.6,15.23,45
95,74e84ef329ad1064a1b82a83,M23,4,12.3,13.01,45
95,74e84ef329ad1064a1b82a83,M24,4,14.89,15.92,45
95,74e84ef329ad1064a1b82a83,M25,4,13.07,13.5,20
95,74e84ef329ad1064a1b82a83,M26,4,11.67,12.19,20
95,74e84ef329ad1064a1b82a83,M27,4,14.28,15.28,30
95,74e84ef329ad1064a1b82a83,M28,4,12.15,13.34,30
95,74e84ef329ad1064a1b82a83,M29,4,14.17,15.58,30
95,74e84ef329ad1064a1b82a83,M30,4,8.55,9.25,21
96,3cf78d38643a00824f675671,M01,3,4.98,6.99,10
96,3cf78d38643a00824f675671,M02,3,6.45,9.41,15
96,3cf78d38643a00824f675671,M03,3,5.51,9.67,21
96,3cf78d38643a00824f675671,M04,3,5.38,8.99,21
96,3cf78d38643a00824f675671,M05,3,5.31,8.87,21
96,3cf78d38643a00824f675671,M06,3,7.14,12.11,21
96,3cf78d38643a00824f675671,M07,3,7.08,13.26,30
96,3cf78d38643a00824f675671,M08,3,9.29,17.66,30
96,3cf78d38643a00824f675671,M09,3,8.78,16.64,30
96,3cf78d38643a00824f675671,M10,3,10.91,19.22,30
96,3cf78d38643a00824f675671,M11,3,10.69,18.33,30
96,3cf78d38643a00824f675671,M12,3,11.35,24.98,45
96,3cf78d38643a00824f675671,M13,3,11.83,24.67,60
96,3cf78d38643a00824f675671,M14,3,10.65,20.81,60
96,3cf78d38643a00824f675671,M15,3,11.78,24.93,60
96,3cf78d38643a00824f675671,M16,3,22.87,52.34,100
96,3cf78d38643a00824f675671,M17,3,3.93,6.99,14
96,3cf78d38643a00824f675671,M18,3,5.78,9.6,21
96,3cf78d38643a00824f675671,M19,3,4.91,7.26,21
96,3cf78d38643a00824f675671,M20,3,6.24,9.575,20
96,3cf78d38643a00824f675671,M21,3,4.9,6.985,21
96,3cf78d38643a00824f675671,M22,3,9.24,16.03,45
96,3cf78d38643a00824f675671,M23,3,8.36,13.455,45
96,3cf78d38643a00824f675671,M24,3,9.03,16.74,45
96,3cf78d38643a00824f675671,M25,3,10.48,13.8,20
96,3cf78d38643a00824f675671,M26,3,9.65,12.58,20
96,3cf78d38643a00824f675671,M27,3,9.97,15.98,30
96,3cf78d38643a00824f675671,M28,3,9.03,14.22,30
96,3cf78d38643a00824f675671,M29,3,9.86,16.04,30
96,3cf78d38643a00824f675671,M30,3,6.41,9.75,21
98,b98d74e7b8c54efd1aed9d66,M01,4,4.03,6.845,10
98,b98d74e7b8c54efd1aed9d66,M02,4,4.75,9.175,15
98,b98d74e7b8c54efd1aed9d66,M03,4,4.51,9.25,21
98,b98d74e7b8c54efd1aed9d66,M04,4,4.23,8.44,21
98,b98d74e7b8c54efd1aed9d66,M05,4,3.89,8.46,21
98,b98d74e7b8c54efd1aed9d66,M06,4,5.78,11.555,21
98,b98d74e7b8c54efd1aed9d66,M07,4,5.16,12.545,30
98,b98d74e7b8c54efd1aed9d66,M08,4,5.33,16.89,30
98,b98d74e7b8c54efd1aed9d66,M09,4,3.83,15.81,30
98,b98d74e7b8c54efd1aed9d66,M10,4,6.79,18.53,30
98,b98d74e7b8c54efd1aed9d66,M11,4,5.02,17.615,30
98,b98d74e7b8c54efd1aed9d66,M12,4,5.43,23.555,45
98,b98d74e7b8c54efd1aed9d66,M13,4,6.48,23.13,60
98,b98d74e7b8c54efd1aed9d66,M14,4,4.19,19.65,60
98,b98d74e7b8c54efd1aed9d66,M15,4,6.56,23.315,60
98,b98d74e7b8c54efd1aed9d66,M16,4,8.31,50.515,100
98,b98d74e7b8c54efd1aed9d66,M17,4,2.14,6.655,14
98,b98d74e7b8c54efd1aed9d66,M18,4,4.71,9.155,21
98,b98d74e7b8c54efd1aed9d66,M19,4,4.37,6.985,21
98,b98d74e7b8c54efd1aed9d66,M20,4,4.74,9.35,20
98,b98d74e7b8c54efd1aed9d66,M21,4,4.37,6.77,21
98,b98d74e7b8c54efd1aed9d66,M22,4,6.59,15.23,45
98,b98d74e7b8c54efd1aed9d66,M23,4,4.76,13.01,45
98,b98d74e7b8c54efd1aed9d66,M24,4,6.68,15.92,45
98,b98d74e7b8c54efd1aed9d66,M25,4,6.47,13.5,20
98,b98d74e7b8c54efd1aed9d66,M26,4,4.74,12.19,20
98,b98d74e7b8c54efd1aed9d66,M27,4,6.91,15.28,30
98,b98d74e7b8c54efd1aed9d66,M28,4,5.34,13.34,30
98,b98d74e7b8c54efd1aed9d66,M29,4,6.73,15.58,30
98,b98d74e7b8c54efd1aed9d66,M30,4,4.14,9.25,21
99,8b9b7a85e43384ce9dc9d4e5,M01,2,6.85,6.88,10
99,8b9b7a85e43384ce9dc9d4e5,M02,2,9.05,9.32,15
99,8b9b7a85e43384ce9dc9d4e5,M03,2,8.88,9.36,21
99,8b9b7a85e43384ce9dc9d4e5,M04,2,8.15,8.58,21
99,8b9b7a85e43384ce9dc9d4e5,M05,2,8.15,8.46,21
99,8b9b7a85e43384ce9dc9d4e5,M06,2,11.32,11.66,21
99,8b9b7a85e43384ce9dc9d4e5,M07,2,11.94,12.81,30
99,8b9b7a85e43384ce9dc9d4e5,M08,2,16.21,16.97,30
99,8b9b7a85e43384ce9dc9d4e5,M09,2,15.14,16.03,30
99,8b9b7a85e43384ce9dc9d4e5,M10,2,17.92,18.71,30
99,8b9b7a85e43384ce9dc9d4e5,M11,2,17.06,17.82,30
99,8b9b7a85e43384ce9dc9d4e5,M12,2,22.43,24,45
99,8b9b7a85e43384ce9dc9d4e5,M13,2,22.17,23.43,60
99,8b9b7a85e43384ce9dc9d4e5,M14,2,18.53,20.18,60
99,8b9b7a85e43384ce9dc9d4e5,M15,2,21.94,23.65,60
99,8b9b7a85e43384ce9dc9d4e5,M16,2,49.13,51.18,100
99,8b9b7a85e43384ce9dc9d4e5,M17,2,6.52,6.73,14
99,8b9b7a85e43384ce9dc9d4e5,M18,2,8.77,9.21,21
99,8b9b7a85e43384ce9dc9d4e5,M19,2,7.05,6.87,21
99,8b9b7a85e43384ce9dc9d4e5,M20,2,9.3,9.15,20
99,8b9b7a85e43384ce9dc9d4e5,M21,2,6.71,6.77,21
99,8b9b7a85e43384ce9dc9d4e5,M22,2,15.23,15.22,45
99,8b9b7a85e43384ce9dc9d4e5,M23,2,12.78,13.01,45
99,8b9b7a85e43384ce9dc9d4e5,M24,2,15.54,15.92,45
99,8b9b7a85e43384ce9dc9d4e5,M25,2,13.43,13.62,20
99,8b9b7a85e43384ce9dc9d4e5,M26,2,11.98,12.34,20
99,8b9b7a85e43384ce9dc9d4e5,M27,2,14.93,15.67,30
99,8b9b7a85e43384ce9dc9d4e5,M28,2,12.76,13.69,30
99,8b9b7a85e43384ce9dc9d4e5,M29,2,14.68,15.58,30
99,8b9b7a85e43384ce9dc9d4e5,M30,2,8.93,9.38,21
100,7a9ff14e405dc4decdd4dd4f,M01,0,6.08,6.91,10
100,7a9ff14e405dc4decdd4dd4f,M02,0,8.45,9.32,15
100,7a9ff14e405dc4decdd4dd4f,M03,0,7.74,9.36,21
100,7a9ff14e405dc4decdd4dd4f,M04,0,7.34,8.59,21
100,7a9ff14e405dc4decdd4dd4f,M05,0,3.49,8.47,21
100,7a9ff14e405dc4decdd4dd4f,M06,0,9.48,11.77,21
100,7a9ff14e405dc4decdd4dd4f,M07,0,10.37,12.83,30
100,7a9ff14e405dc4decdd4dd4f,M08,0,14.27,17.14,30
100,7a9ff14e405dc4decdd4dd4f,M09,0,13.16,16.05,30
100,7a9ff14e405dc4decdd4dd4f,M10,0,16.04,18.74,30
100,7a9ff14e405dc4decdd4dd4f,M11,0,14.84,17.84,30
100,7a9ff14e405dc4decdd4dd4f,M12,0,19.15,24.05,45
100,7a9ff14e405dc4decdd4dd4f,M13,0,17.27,23.48,60
100,7a9ff14e405dc4decdd4dd4f,M14,0,14.07,20.22,60
100,7a9ff14e405dc4decdd4dd4f,M15,0,18.83,23.9,60
100,7a9ff14e405dc4decdd4dd4f,M16,0,36.61,51.31,100
100,7a9ff14e405dc4decdd4dd4f,M17,0,5.6,6.83,14
100,7a9ff14e405dc4decdd4dd4f,M18,0,7.78,9.32,21
100,7a9ff14e405dc4decdd4dd4f,M19,0,5.57,7.09,21
100,7a9ff14e405dc4decdd4dd4f,M20,0,7.95,9.53,20
100,7a9ff14e405dc4decdd4dd4f,M21,0,5.87,6.95,21
100,7a9ff14e405dc4decdd4dd4f,M22,0,12.25,15.84,45
100,7a9ff14e405dc4decdd4dd4f,M23,0,10.17,13.31,45
100,7a9ff14e405dc4decdd4dd4f,M24,0,13.16,16.53,45
100,7a9ff14e405dc4decdd4dd4f,M25,0,11.95,13.62,20
100,7a9ff14e405dc4decdd4dd4f,M26,0,10.5,12.385,20
100,7a9ff14e405dc4decdd4dd4f,M27,0,12.32,15.7,30
100,7a9ff14e405dc4decdd4dd4f,M28,0,10.32,13.765,30
100,7a9ff14e405dc4decdd4dd4f,M29,0,12.93,15.575,30
100,7a9ff14e405dc4decdd4dd4f,M30,0,7.58,9.385,21
101,3a06738b335793103289ffb6,M01,3,4.49,6.99,10
101,3a06738b335793103289ffb6,M02,3,5.75,9.41,15
101,3a06738b335793103289ffb6,M03,3,5.06,9.67,21
101,3a06738b335793103289ffb6,M04,3,4.85,8.99,21
101,3a06738b335793103289ffb6,M05,3,4.64,8.87,21
101,3a06738b335793103289ffb6,M06,3,6.43,12.11,21
101,3a06738b335793103289ffb6,M07,3,6.28,13.26,30
101,3a06738b335793103289ffb6,M08,3,7.46,17.66,30
101,3a06738b335793103289ffb6,M09,3,6.55,16.64,30
101,3a06738b335793103289ffb6,M10,3,9.03,19.22,30
101,3a06738b335793103289ffb6,M11,3,7.96,18.33,30
101,3a06738b335793103289ffb6,M12,3,8.44,24.98,45
101,3a06738b335793103289ffb6,M13,3,9.05,24.67,60
101,3a06738b335793103289ffb6,M14,3,6.63,20.81,60
101,3a06738b335793103289ffb6,M15,3,9.06,24.93,60
101,3a06738b335793103289ffb6,M16,3,14.49,52.34,100
101,3a06738b335793103289ffb6,M17,3,2.87,6.99,14
101,3a06738b335793103289ffb6,M18,3,5.26,9.6,21
101,3a06738b335793103289ffb6,M19,3,4.96,7.26,21
101,3a06738b335793103289ffb6,M20,3,6.17,9.575,20
101,3a06738b335793103289ffb6,M21,3,4.95,6.985,21
101,3a06738b335793103289ffb6,M22,3,9.2,16.03,45
101,3a06738b335793103289ffb6,M23,3,7.32,13.455,45
101,3a06738b335793103289ffb6,M24,3,9.3,16.74,45
101,3a06738b335793103289ffb6,M25,3,7.1,13.8,20
101,3a06738b335793103289ffb6,M26,3,5.04,12.58,20
101,3a06738b335793103289ffb6,M27,3,7.86,15.98,30
101,3a06738b335793103289ffb6,M28,3,6.09,14.22,30
101,3a06738b335793103289ffb6,M29,3,7.56,16.04,30
101,3a06738b335793103289ffb6,M30,3,4.08,9.75,21
102,aff25fa1ec688ab41c7f5099,M01,2,4.66,6.88,10
102,aff25fa1ec688ab41c7f5099,M02,2,6.08,9.32,15
102,aff25fa1ec688ab41c7f5099,M03,2,5.24,9.36,21
102,aff25fa1ec688ab41c7f5099,M04,2,5.02,8.58,21
102,aff25fa1ec688ab41c7f5099,M05,2,4.88,8.46,21
102,aff25fa1ec688ab41c7f5099,M06,2,6.64,11.66,21
102,aff25fa1ec688ab41c7f5099,M07,2,6.63,12.81,30
102,aff25fa1ec688ab41c7f5099,M08,2,8.23,16.97,30
102,aff25fa1ec688ab41c7f5099,M09,2,7.3,16.03,30
102,aff25fa1ec688ab41c7f5099,M10,2,9.83,18.71,30
102,aff25fa1ec688ab41c7f5099,M11,2,8.89,17.82,30
102,aff25fa1ec688ab41c7f5099,M12,2,9.68,24,45
102,aff25fa1ec688ab41c7f5099,M13,2,10,23.43,60
102,aff25fa1ec688ab41c7f5099,M14,2,7.53,20.18,60
102,aff25fa1ec688ab41c7f5099,M15,2,10,23.65,60
102,aff25fa1ec688ab41c7f5099,M16,2,17.25,51.18,100
102,aff25fa1ec688ab41c7f5099,M17,2,3.27,6.73,14
102,aff25fa1ec688ab41c7f5099,M18,2,5.39,9.21,21
102,aff25fa1ec688ab41c7f5099,M19,2,4.96,6.87,21
102,aff25fa1ec688ab41c7f5099,M20,2,6.21,9.15,20
102,aff25fa1ec688ab41c7f5099,M21,2,5.01,6.77,21
102,aff25fa1ec688ab41c7f5099,M22,2,9.2,15.22,45
102,aff25fa1ec688ab41c7f5099,M23,2,7.36,13.01,45
102,aff25fa1ec688ab41c7f5099,M24,2,9.46,15.92,45
102,aff25fa1ec688ab41c7f5099,M25,2,7.28,13.62,20
102,aff25fa1ec688ab41c7f5099,M26,2,5.14,12.34,20
102,aff25fa1ec688ab41c7f5099,M27,2,7.81,15.67,30
102,aff25fa1ec688ab41c7f5099,M28,2,7.05,13.69,30
102,aff25fa1ec688ab41c7f5099,M29,2,8.14,15.58,30
102,aff25fa1ec688ab41c7f5099,M30,2,4.21,9.38,21
103,fafa20a4901e87c3d213e2c4,M01,0,4.95,6.91,10
103,fafa20a4901e87c3d213e2c4,M02,0,6.51,9.32,15
103,fafa20a4901e87c3d213e2c4,M03,0,5.59,9.36,21
103,fafa20a4901e87c3d213e2c4,M04,0,5.3,8.59,21
103,fafa20a4901e87c3d213e2c4,M05,0,5.13,8.47,21
103,fafa20a4901e87c3d213e2c4,M06,0,7.06,11.77,21
103,fafa20a4901e87c3d213e2c4,M07,0,7.15,12.83,30
103,fafa20a4901e87c3d213e2c4,M08,0,9.24,17.14,30
103,fafa20a4901e87c3d213e2c4,M09,0,8.23,16.05,30
103,fafa20a4901e87c3d213e2c4,M10,0,10.92,18.74,30
103,fafa20a4901e87c3d213e2c4,M11,0,9.9,17.84,30
103,fafa20a4901e87c3d213e2c4,M12,0,11.12,24.05,45
103,fafa20a4901e87c3d213e2c4,M13,0,11.26,23.48,60
103,fafa20a4901e87c3d213e2c4,M14,0,8.56,20.22,60
103,fafa20a4901e87c3d213e2c4,M15,0,11.37,23.9,60
103,fafa20a4901e87c3d213e2c4,M16,0,20.25,51.31,100
103,fafa20a4901e87c3d213e2c4,M17,0,3.67,6.83,14
103,fafa20a4901e87c3d213e2c4,M18,0,5.73,9.32,21
103,fafa20a4901e87c3d213e2c4,M19,0,5.15,7.09,21
103,fafa20a4901e87c3d213e2c4,M20,0,6.58,9.53,20
103,fafa20a4901e87c3d213e2c4,M21,0,5.12,6.95,21
103,fafa20a4901e87c3d213e2c4,M22,0,9.95,15.84,45
103,fafa20a4901e87c3d213e2c4,M23,0,8.09,13.31,45
103,fafa20a4901e87c3d213e2c4,M24,0,10.05,16.53,45
103,fafa20a4901e87c3d213e2c4,M25,0,8.66,13.62,20
103,fafa20a4901e87c3d213e2c4,M26,0,6.74,12.385,20
103,fafa20a4901e87c3d213e2c4,M27,0,8.47,15.7,30
103,fafa20a4901e87c3d213e2c4,M28,0,7.05,13.765,30
103,fafa20a4901e87c3d213e2c4,M29,0,8.14,15.575,30
103,fafa20a4901e87c3d213e2c4,M30,0,4.95,9.385,21
104,3a7529da11b98d32d37eb9b2,M01,1,7.31,6.95,10
104,3a7529da11b98d32d37eb9b2,M02,1,9.78,9.36,15
104,3a7529da11b98d32d37eb9b2,M03,1,10.29,9.52,21
104,3a7529da11b98d32d37eb9b2,M04,1,9.5,8.81,21
104,3a7529da11b98d32d37eb9b2,M05,1,9.54,8.8,21
104,3a7529da11b98d32d37eb9b2,M06,1,12.86,11.89,21
104,3a7529da11b98d32d37eb9b2,M07,1,14.12,13,30
104,3a7529da11b98d32d37eb9b2,M08,1,18.5,17.42,30
104,3a7529da11b98d32d37eb9b2,M09,1,17.4,16.18,30
104,3a7529da11b98d32d37eb9b2,M10,1,20.13,18.98,30
104,3a7529da11b98d32d37eb9b2,M11,1,19.36,18.29,30
104,3a7529da11b98d32d37eb9b2,M12,1,26.34,24.62,45
104,3a7529da11b98d32d37eb9b2,M13,1,26.56,24.03,60
104,3a7529da11b98d32d37eb9b2,M14,1,23.05,20.46,60
104,3a7529da11b98d32d37eb9b2,M15,1,26.79,24.48,60
104,3a7529da11b98d32d37eb9b2,M16,1,54.88,51.76,100
104,3a7529da11b98d32d37eb9b2,M17,1,7.33,6.94,14
104,3a7529da11b98d32d37eb9b2,M18,1,10.07,9.46,21
104,3a7529da11b98d32d37eb9b2,M19,1,9.14,7.16,21
104,3a7529da11b98d32d37eb9b2,M20,1,11.44,9.5,20
104,3a7529da11b98d32d37eb9b2,M21,1,8.71,6.99,21
104,3a7529da11b98d32d37eb9b2,M22,1,21.42,15.84,45
104,3a7529da11b98d32d37eb9b2,M23,1,18.23,13.35,45
104,3a7529da11b98d32d37eb9b2,M24,1,21.96,16.5,45
104,3a7529da11b98d32d37eb9b2,M25,1,14.27,13.75,20
104,3a7529da11b98d32d37eb9b2,M26,1,12.95,12.54,20
104,3a7529da11b98d32d37eb9b2,M27,1,16.77,15.91,30
104,3a7529da11b98d32d37eb9b2,M28,1,14.82,13.91,30
104,3a7529da11b98d32d37eb9b2,M29,1,16.71,15.68,30
104,3a7529da11b98d32d37eb9b2,M30,1,10.31,9.58,21
106,6a14fc3ef083f99a0815d5c0,M01,1,6.6,6.95,10
106,6a14fc3ef083f99a0815d5c0,M02,1,8.76,9.36,15
106,6a14fc3ef083f99a0815d5c0,M03,1,8.4,9.52,21
106,6a14fc3ef083f99a0815d5c0,M04,1,7.68,8.81,21
106,6a14fc3ef083f99a0815d5c0,M05,1,7.64,8.8,21
106,6a14fc3ef083f99a0815d5c0,M06,1,10.65,11.89,21
106,6a14fc3ef083f99a0815d5c0,M07,1,11.22,13,30
106,6a14fc3ef083f99a0815d5c0,M08,1,15.34,17.42,30
106,6a14fc3ef083f99a0815d5c0,M09,1,14.19,16.18,30
106,6a14fc3ef083f99a0815d5c0,M10,1,17.09,18.98,30
106,6a14fc3ef083f99a0815d5c0,M11,1,16.15,18.29,30
106,6a14fc3ef083f99a0815d5c0,M12,1,20.97,24.62,45
106,6a14fc3ef083f99a0815d5c0,M13,1,20.37,24.03,60
106,6a14fc3ef083f99a0815d5c0,M14,1,16.83,20.46,60
106,6a14fc3ef083f99a0815d5c0,M15,1,20.31,24.48,60
106,6a14fc3ef083f99a0815d5c0,M16,1,46.05,51.76,100
106,6a14fc3ef083f99a0815d5c0,M17,1,6.18,6.94,14
106,6a14fc3ef083f99a0815d5c0,M18,1,8.29,9.46,21
106,6a14fc3ef083f99a0815d5c0,M19,1,6.85,7.16,21
106,6a14fc3ef083f99a0815d5c0,M20,1,9.12,9.5,20
106,6a14fc3ef083f99a0815d5c0,M21,1,6.61,6.99,21
106,6a14fc3ef083f99a0815d5c0,M22,1,14.87,15.84,45
106,6a14fc3ef083f99a0815d5c0,M23,1,12.44,13.35,45
106,6a14fc3ef083f99a0815d5c0,M24,1,15.13,16.5,45
106,6a14fc3ef083f99a0815d5c0,M25,1,12.98,13.75,20
106,6a14fc3ef083f99a0815d5c0,M26,1,11.57,12.54,20
106,6a14fc3ef083f99a0815d5c0,M27,1,14.11,15.91,30
106,6a14fc3ef083f99a0815d5c0,M28,1,11.95,13.91,30
106,6a14fc3ef083f99a0815d5c0,M29,1,13.91,15.68,30
106,6a14fc3ef083f99a0815d5c0,M30,1,8.42,9.58,21
107,2ca218591068dc3467fc728a,M01,1,7.64,6.95,10
107,2ca218591068dc3467fc728a,M02,1,10.13,9.36,15
107,2ca218591068dc3467fc728a,M03,1,10.85,9.52,21
107,2ca218591068dc3467fc728a,M04,1,9.91,8.81,21
107,2ca218591068dc3467fc728a,M05,1,10.02,8.8,21
107,2ca218591068dc3467fc728a,M06,1,13.61,11.89,21
107,2ca218591068dc3467fc728a,M07,1,14.88,13,30
107,2ca218591068dc3467fc728a,M08,1,19.26,17.42,30
107,2ca218591068dc3467fc728a,M09,1,17.39,16.18,30
107,2ca218591068dc3467fc728a,M10,1,20.96,18.98,30
107,2ca218591068dc3467fc728a,M11,1,20.01,18.29,30
107,2ca218591068dc3467fc728a,M12,1,27.43,24.62,45
107,2ca218591068dc3467fc728a,M13,1,28.21,24.03,60
107,2ca218591068dc3467fc728a,M14,1,24.39,20.46,60
107,2ca218591068dc3467fc728a,M15,1,28.15,24.48,60
107,2ca218591068dc3467fc728a,M16,1,56.68,51.76,100
107,2ca218591068dc3467fc728a,M17,1,7.63,6.94,14
107,2ca218591068dc3467fc728a,M18,1,10.46,9.46,21
107,2ca218591068dc3467fc728a,M19,1,9.18,7.16,21
107,2ca218591068dc3467fc728a,M20,1,11.36,9.5,20
107,2ca218591068dc3467fc728a,M21,1,8.51,6.99,21
107,2ca218591068dc3467fc728a,M22,1,21.01,15.84,45
107,2ca218591068dc3467fc728a,M23,1,17.63,13.35,45
107,2ca218591068dc3467fc728a,M24,1,21.56,16.5,45
107,2ca218591068dc3467fc728a,M25,1,14.75,13.75,20
107,2ca218591068dc3467fc728a,M26,1,13.4,12.54,20
107,2ca218591068dc3467fc728a,M27,1,17.65,15.91,30
107,2ca218591068dc3467fc728a,M28,1,15.52,13.91,30
107,2ca218591068dc3467fc728a,M29,1,17.49,15.68,30
107,2ca218591068dc3467fc728a,M30,1,10.9,9.58,21
108,87974590a2f5c545466b7087,M01,2,7.76,6.88,10
108,87974590a2f5c545466b7087,M02,2,10.32,9.32,15
108,87974590a2f5c545466b7087,M03,2,11.29,9.36,21
108,87974590a2f5c545466b7087,M04,2,10.45,8.58,21
108,87974590a2f5c545466b7087,M05,2,10.53,8.46,21
108,87974590a2f5c545466b7087,M06,2,13.92,11.66,21
108,87974590a2f5c545466b7087,M07,2,15.59,12.81,30
108,87974590a2f5c545466b7087,M08,2,19.96,16.97,30
108,87974590a2f5c545466b7087,M09,2,18.81,16.03,30
108,87974590a2f5c545466b7087,M10,2,21.58,18.71,30
108,87974590a2f5c545466b7087,M11,2,20.81,17.82,30
108,87974590a2f5c545466b7087,M12,2,28.69,24,45
108,87974590a2f5c545466b7087,M13,2,29.18,23.43,60
108,87974590a2f5c545466b7087,M14,2,25.55,20.18,60
108,87974590a2f5c545466b7087,M15,2,29.83,23.65,60
108,87974590a2f5c545466b7087,M16,2,57.79,51.18,100
108,87974590a2f5c545466b7087,M17,2,7.91,6.73,14
108,87974590a2f5c545466b7087,M18,2,10.96,9.21,21
108,87974590a2f5c545466b7087,M19,2,9.13,6.87,21
108,87974590a2f5c545466b7087,M20,2,11.16,9.15,20
108,87974590a2f5c545466b7087,M21,2,8.54,6.77,21
108,87974590a2f5c545466b7087,M22,2,20.4,15.22,45
108,87974590a2f5c545466b7087,M23,2,17.22,13.01,45
108,87974590a2f5c545466b7087,M24,2,21.2,15.92,45
108,87974590a2f5c545466b7087,M25,2,14.9,13.62,20
108,87974590a2f5c545466b7087,M26,2,13.6,12.34,20
108,87974590a2f5c545466b7087,M27,2,18.02,15.67,30
108,87974590a2f5c545466b7087,M28,2,16.01,13.69,30
108,87974590a2f5c545466b7087,M29,2,18.1,15.58,30
108,87974590a2f5c545466b7087,M30,2,11.3,9.38,21
109,0481944a4fdf636307259eff,M01,2,4.85,6.88,10
109,0481944a4fdf636307259eff,M02,2,6.29,9.32,15
109,0481944a4fdf636307259eff,M03,2,5.43,9.36,21
109,0481944a4fdf636307259eff,M04,2,5.15,8.58,21
109,0481944a4fdf636307259eff,M05,2,5,8.46,21
109,0481944a4fdf636307259eff,M06,2,6.87,11.66,21
109,0481944a4fdf636307259eff,M07,2,6.91,12.81,30
109,0481944a4fdf636307259eff,M08,2,8.65,16.97,30
109,0481944a4fdf636307259eff,M09,2,7.58,16.03,30
109,0481944a4fdf636307259eff,M10,2,10.33,18.71,30
109,0481944a4fdf636307259eff,M11,2,9.31,17.82,30
109,0481944a4fdf636307259eff,M12,2,10.23,24,45
109,0481944a4fdf636307259eff,M13,2,10.62,23.43,60
109,0481944a4fdf636307259eff,M14,2,7.98,20.18,60
109,0481944a4fdf636307259eff,M15,2,10.65,23.65,60
109,0481944a4fdf636307259eff,M16,2,18.33,51.18,100
109,0481944a4fdf636307259eff,M17,2,3.46,6.73,14
109,0481944a4fdf636307259eff,M18,2,5.57,9.21,21
109,0481944a4fdf636307259eff,M19,2,5.23,6.87,21
109,0481944a4fdf636307259eff,M20,2,6.8,9.15,20
109,0481944a4fdf636307259eff,M21,2,5.24,6.77,21
109,0481944a4fdf636307259eff,M22,2,10.37,15.22,45
109,0481944a4fdf636307259eff,M23,2,8.35,13.01,45
109,0481944a4fdf636307259eff,M24,2,10.53,15.92,45
109,0481944a4fdf636307259eff,M25,2,6.82,13.62,20
109,0481944a4fdf636307259eff,M26,2,4.94,12.34,20
109,0481944a4fdf636307259eff,M27,2,7.28,15.67,30
109,0481944a4fdf636307259eff,M28,2,5.56,13.69,30
109,0481944a4fdf636307259eff,M29,2,7.32,15.58,30
109,0481944a4fdf636307259eff,M30,2,4.39,9.38,21
113,c135fd0963573003df9035bb,M01,3,7.67,6.99,10
113,c135fd0963573003df9035bb,M02,3,10.2,9.41,15
113,c135fd0963573003df9035bb,M03,3,11.09,9.67,21
113,c135fd0963573003df9035bb,M04,3,10.24,8.99,21
113,c135fd0963573003df9035bb,M05,3,10.34,8.87,21
113,c135fd0963573003df9035bb,M06,3,13.81,12.11,21
113,c135fd0963573003df9035bb,M07,3,15.34,13.26,30
113,c135fd0963573003df9035bb,M08,3,19.71,17.66,30
113,c135fd0963573003df9035bb,M09,3,18.51,16.64,30
113,c135fd0963573003df9035bb,M10,3,21.32,19.22,30
113,c135fd0963573003df9035bb,M11,3,20.47,18.33,30
113,c135fd0963573003df9035bb,M12,3,28.37,24.98,45
113,c135fd0963573003df9035bb,M13,3,29.16,24.67,60
113,c135fd0963573003df9035bb,M14,3,25.7,20.81,60
113,c135fd0963573003df9035bb,M15,3,29.18,24.93,60
113,c135fd0963573003df9035bb,M16,3,57.83,52.34,100
113,c135fd0963573003df9035bb,M17,3,7.79,6.99,14
113,c135fd0963573003df9035bb,M18,3,10.75,9.6,21
113,c135fd0963573003df9035bb,M19,3,8.97,7.26,21
113,c135fd0963573003df9035bb,M20,3,11.18,9.575,20
113,c135fd0963573003df9035bb,M21,3,8.42,6.985,21
113,c135fd0963573003df9035bb,M22,3,20.57,16.03,45
113,c135fd0963573003df9035bb,M23,3,17.42,13.455,45
113,c135fd0963573003df9035bb,M24,3,21.04,16.74,45
113,c135fd0963573003df9035bb,M25,3,14.81,13.8,20
113,c135fd0963573003df9035bb,M26,3,13.53,12.58,20
113,c135fd0963573003df9035bb,M27,3,17.93,15.98,30
113,c135fd0963573003df9035bb,M28,3,15.96,14.22,30
113,c135fd0963573003df9035bb,M29,3,17.76,16.04,30
113,c135fd0963573003df9035bb,M30,3,11.15,9.75,21
114,5ab6d54df37caa459c1a457e,M25,3,12.55,13.8,20
114,5ab6d54df37caa459c1a457e,M26,3,10.81,12.58,20
114,5ab6d54df37caa459c1a457e,M27,3,12.79,15.98,30
114,5ab6d54df37caa459c1a457e,M28,3,10.79,14.22,30
114,5ab6d54df37caa459c1a457e,M29,3,13.25,16.04,30
114,5ab6d54df37caa459c1a457e,M30,3,7.75,9.75,21
115,1ab7eba89cafc88387549334,M01,3,8.27,6.99,10
115,1ab7eba89cafc88387549334,M02,3,10.96,9.41,15
115,1ab7eba89cafc88387549334,M03,3,12.64,9.67,21
115,1ab7eba89cafc88387549334,M04,3,11.59,8.99,21
115,1ab7eba89cafc88387549334,M05,3,11.77,8.87,21
115,1ab7eba89cafc88387549334,M06,3,15.4,12.11,21
115,1ab7eba89cafc88387549334,M07,3,17.69,13.26,30
115,1ab7eba89cafc88387549334,M08,3,21.96,17.66,30
115,1ab7eba89cafc88387549334,M09,3,20.48,16.64,30
115,1ab7eba89cafc88387549334,M10,3,23.52,19.22,30
115,1ab7eba89cafc88387549334,M11,3,22.59,18.33,30
115,1ab7eba89cafc88387549334,M12,3,32.12,24.98,45
115,1ab7eba89cafc88387549334,M13,3,33.58,24.67,60
115,1ab7eba89cafc88387549334,M14,3,30.28,20.81,60
115,1ab7eba89cafc88387549334,M15,3,33.96,24.93,60
115,1ab7eba89cafc88387549334,M16,3,62.65,52.34,100
115,1ab7eba89cafc88387549334,M17,3,8.54,6.99,14
115,1ab7eba89cafc88387549334,M18,3,12,9.6,21
115,1ab7eba89cafc88387549334,M19,3,11.5,7.26,21
115,1ab7eba89cafc88387549334,M20,3,13.3,9.575,20
115,1ab7eba89cafc88387549334,M21,3,10.62,6.985,21
115,1ab7eba89cafc88387549334,M22,3,27.56,16.03,45
115,1ab7eba89cafc88387549334,M23,3,23.99,13.455,45
115,1ab7eba89cafc88387549334,M24,3,27.94,16.74,45
115,1ab7eba89cafc88387549334,M25,3,15.74,13.8,20
115,1ab7eba89cafc88387549334,M26,3,14.48,12.58,20
115,1ab7eba89cafc88387549334,M27,3,19.83,15.98,30
115,1ab7eba89cafc88387549334,M28,3,17.98,14.22,30
115,1ab7eba89cafc88387549334,M29,3,19.79,16.04,30
115,1ab7eba89cafc88387549334,M30,3,12.69,9.75,21
116,9a9b3db558991f39668b2741,M01,2,4.4,6.88,10
116,9a9b3db558991f39668b2741,M02,2,5.58,9.32,15
116,9a9b3db558991f39668b2741,M03,2,4.9,9.36,21
116,9a9b3db558991f39668b2741,M04,2,4.78,8.58,21
116,9a9b3db558991f39668b2741,M05,2,4.38,8.46,21
116,9a9b3db558991f39668b2741,M06,2,6.3,11.66,21
116,9a9b3db558991f39668b2741,M07,2,6.04,12.81,30
116,9a9b3db558991f39668b2741,M08,2,7.49,16.97,30
116,9a9b3db558991f39668b2741,M09,2,6.88,16.03,30
116,9a9b3db558991f39668b2741,M10,2,8.89,18.71,30
116,9a9b3db558991f39668b2741,M11,2,8.59,17.82,30
116,9a9b3db558991f39668b2741,M12,2,8.51,24,45
116,9a9b3db558991f39668b2741,M13,2,9.25,23.43,60
116,9a9b3db558991f39668b2741,M14,2,7.26,20.18,60
116,9a9b3db558991f39668b2741,M15,2,9.04,23.65,60
116,9a9b3db558991f39668b2741,M16,2,16.16,51.18,100
116,9a9b3db558991f39668b2741,M17,2,2.8,6.73,14
116,9a9b3db558991f39668b2741,M18,2,5.16,9.21,21
116,9a9b3db558991f39668b2741,M19,2,4.56,6.87,21
116,9a9b3db558991f39668b2741,M20,2,5.48,9.15,20
116,9a9b3db558991f39668b2741,M21,2,4.59,6.77,21
116,9a9b3db558991f39668b2741,M22,2,7.9,15.22,45
116,9a9b3db558991f39668b2741,M23,2,6.57,13.01,45
116,9a9b3db558991f39668b2741,M24,2,7.67,15.92,45
116,9a9b3db558991f39668b2741,M25,2,10.22,13.62,20
116,9a9b3db558991f39668b2741,M26,2,8.66,12.34,20
116,9a9b3db558991f39668b2741,M27,2,9.64,15.67,30
116,9a9b3db558991f39668b2741,M28,2,8.09,13.69,30
116,9a9b3db558991f39668b2741,M29,2,9.34,15.58,30
116,9a9b3db558991f39668b2741,M30,2,5.93,9.38,21
117,1012fb46ebf465147816dc29,M01,3,6.69,6.99,10
117,1012fb46ebf465147816dc29,M02,3,8.94,9.41,15
117,1012fb46ebf465147816dc29,M03,3,8.7,9.67,21
117,1012fb46ebf465147816dc29,M04,3,7.98,8.99,21
117,1012fb46ebf465147816dc29,M05,3,7.93,8.87,21
117,1012fb46ebf465147816dc29,M06,3,11,12.11,21
117,1012fb46ebf465147816dc29,M07,3,11.69,13.26,30
117,1012fb46ebf465147816dc29,M08,3,15.9,17.66,30
117,1012fb46ebf465147816dc29,M09,3,14.76,16.64,30
117,1012fb46ebf465147816dc29,M10,3,17.62,19.22,30
117,1012fb46ebf465147816dc29,M11,3,16.79,18.33,30
117,1012fb46ebf465147816dc29,M12,3,21.88,24.98,45
117,1012fb46ebf465147816dc29,M13,3,21.35,24.67,60
117,1012fb46ebf465147816dc29,M14,3,17.75,20.81,60
117,1012fb46ebf465147816dc29,M15,3,21.51,24.93,60
117,1012fb46ebf465147816dc29,M16,3,47.77,52.34,100
117,1012fb46ebf465147816dc29,M17,3,6.33,6.99,14
117,1012fb46ebf465147816dc29,M18,3,8.61,9.6,21
117,1012fb46ebf465147816dc29,M19,3,7.82,7.26,21
117,1012fb46ebf465147816dc29,M20,3,10.33,9.575,20
117,1012fb46ebf465147816dc29,M21,3,7.55,6.985,21
117,1012fb46ebf465147816dc29,M22,3,17.81,16.03,45
117,1012fb46ebf465147816dc29,M23,3,14.9,13.455,45
117,1012fb46ebf465147816dc29,M24,3,18.31,16.74,45
117,1012fb46ebf465147816dc29,M25,3,13.2,13.8,20
117,1012fb46ebf465147816dc29,M26,3,11.79,12.58,20
117,1012fb46ebf465147816dc29,M27,3,14.51,15.98,30
117,1012fb46ebf465147816dc29,M28,3,12.41,14.22,30
117,1012fb46ebf465147816dc29,M29,3,14.46,16.04,30
117,1012fb46ebf465147816dc29,M30,3,8.72,9.75,21
118,6382e37f456a6099a172d19e,M01,2,7.31,6.88,10
118,6382e37f456a6099a172d19e,M02,2,9.78,9.32,15
118,6382e37f456a6099a172d19e,M03,2,10.25,9.36,21
118,6382e37f456a6099a172d19e,M04,2,9.43,8.58,21
118,6382e37f456a6099a172d19e,M05,2,9.45,8.46,21
118,6382e37f456a6099a172d19e,M06,2,12.8,11.66,21
118,6382e37f456a6099a172d19e,M07,2,14.05,12.81,30
118,6382e37f456a6099a172d19e,M08,2,18.42,16.97,30
118,6382e37f456a6099a172d19e,M09,2,17.25,16.03,30
118,6382e37f456a6099a172d19e,M10,2,20.08,18.71,30
118,6382e37f456a6099a172d19e,M11,2,19.19,17.82,30
118,6382e37f456a6099a172d19e,M12,2,26.19,24,45
118,6382e37f456a6099a172d19e,M13,2,26.3,23.43,60
118,6382e37f456a6099a172d19e,M14,2,22.71,20.18,60
118,6382e37f456a6099a172d19e,M15,2,26.4,23.65,60
118,6382e37f456a6099a172d19e,M16,2,54.54,51.18,100
118,6382e37f456a6099a172d19e,M17,2,7.29,6.73,14
118,6382e37f456a6099a172d19e,M18,2,10.01,9.21,21
118,6382e37f456a6099a172d19e,M19,2,8.5,6.87,21
118,6382e37f456a6099a172d19e,M20,2,10.77,9.15,20
118,6382e37f456a6099a172d19e,M21,2,8.08,6.77,21
118,6382e37f456a6099a172d19e,M22,2,19.4,15.22,45
118,6382e37f456a6099a172d19e,M23,2,16.41,13.01,45
118,6382e37f456a6099a172d19e,M24,2,19.86,15.92,45
118,6382e37f456a6099a172d19e,M25,2,14.23,13.62,20
118,6382e37f456a6099a172d19e,M26,2,12.93,12.34,20
118,6382e37f456a6099a172d19e,M27,2,16.7,15.67,30
118,6382e37f456a6099a172d19e,M28,2,14.7,13.69,30
118,6382e37f456a6099a172d19e,M29,2,16.62,15.58,30
118,6382e37f456a6099a172d19e,M30,2,10.29,9.38,21
119,c488d0a9a839e2a349774985,M01,0,7.43,6.91,10
119,c488d0a9a839e2a349774985,M02,0,9.87,9.32,15
119,c488d0a9a839e2a349774985,M03,0,10.42,9.36,21
119,c488d0a9a839e2a349774985,M04,0,9.63,8.59,21
119,c488d0a9a839e2a349774985,M05,0,9.69,8.47,21
119,c488d0a9a839e2a349774985,M06,0,13,11.77,21
119,c488d0a9a839e2a349774985,M07,0,14.3,12.83,30
119,c488d0a9a839e2a349774985,M08,0,18.67,17.14,30
119,c488d0a9a839e2a349774985,M09,0,17.57,16.05,30
119,c488d0a9a839e2a349774985,M10,0,20.32,18.74,30
119,c488d0a9a839e2a349774985,M11,0,19.62,17.84,30
119,c488d0a9a839e2a349774985,M12,0,26.58,24.05,45
119,c488d0a9a839e2a349774985,M13,0,26.82,23.48,60
119,c488d0a9a839e2a349774985,M14,0,23.22,20.22,60
119,c488d0a9a839e2a349774985,M15,0,27.27,23.9,60
119,c488d0a9a839e2a349774985,M16,0,55.11,51.31,100
119,c488d0a9a839e2a349774985,M17,0,7.41,6.83,14
119,c488d0a9a839e2a349774985,M18,0,10.2,9.32,21
119,c488d0a9a839e2a349774985,M19,0,7.81,7.09,21
119,c488d0a9a839e2a349774985,M20,0,10.04,9.53,20
119,c488d0a9a839e2a349774985,M21,0,7.41,6.95,21
119,c488d0a9a839e2a349774985,M22,0,17.21,15.84,45
119,c488d0a9a839e2a349774985,M23,0,14.51,13.31,45
119,c488d0a9a839e2a349774985,M24,0,17.67,16.53,45
119,c488d0a9a839e2a349774985,M25,0,14.36,13.62,20
119,c488d0a9a839e2a349774985,M26,0,13.06,12.385,20
119,c488d0a9a839e2a349774985,M27,0,16.95,15.7,30
119,c488d0a9a839e2a349774985,M28,0,14.95,13.765,30
119,c488d0a9a839e2a349774985,M29,0,16.97,15.575,30
119,c488d0a9a839e2a349774985,M30,0,10.45,9.385,21
121,4ed737567275c0296b371cfd,M01,4,4.39,6.845,10
121,4ed737567275c0296b371cfd,M02,4,5.3,9.175,15
121,4ed737567275c0296b371cfd,M03,4,4.92,9.25,21
121,4ed737567275c0296b371cfd,M04,4,4.58,8.44,21
121,4ed737567275c0296b371cfd,M05,4,4.49,8.46,21
121,4ed737567275c0296b371cfd,M06,4,6.27,11.555,21
121,4ed737567275c0296b371cfd,M07,4,5.86,12.545,30
121,4ed737567275c0296b371cfd,M08,4,6.24,16.89,30
121,4ed737567275c0296b371cfd,M09,4,5.01,15.81,30
121,4ed737567275c0296b371cfd,M10,4,7.9,18.53,30
121,4ed737567275c0296b371cfd,M11,4,6.83,17.615,30
121,4ed737567275c0296b371cfd,M12,4,6.73,23.555,45
121,4ed737567275c0296b371cfd,M13,4,7.48,23.13,60
121,4ed737567275c0296b371cfd,M14,4,4.62,19.65,60
121,4ed737567275c0296b371cfd,M15,4,7.97,23.315,60
121,4ed737567275c0296b371cfd,M16,4,9.69,50.515,100
121,4ed737567275c0296b371cfd,M17,4,2.65,6.655,14
121,4ed737567275c0296b371cfd,M18,4,5.08,9.155,21
121,4ed737567275c0296b371cfd,M19,4,4.49,6.985,21
121,4ed737567275c0296b371cfd,M20,4,5.01,9.35,20
121,4ed737567275c0296b371cfd,M21,4,4.45,6.77,21
121,4ed737567275c0296b371cfd,M22,4,6.88,15.23,45
121,4ed737567275c0296b371cfd,M23,4,4.89,13.01,45
121,4ed737567275c0296b371cfd,M24,4,6.75,15.92,45
121,4ed737567275c0296b371cfd,M25,4,7.53,13.5,20
121,4ed737567275c0296b371cfd,M26,4,5.34,12.19,20
121,4ed737567275c0296b371cfd,M27,4,7.76,15.28,30
121,4ed737567275c0296b371cfd,M28,4,5.94,13.34,30
121,4ed737567275c0296b371cfd,M29,4,7.63,15.58,30
121,4ed737567275c0296b371cfd,M30,4,4.91,9.25,21
124,aa29578ed01a37d051f2f8b7,M01,4,6.74,6.845,10
124,aa29578ed01a37d051f2f8b7,M02,4,9.34,9.175,15
124,aa29578ed01a37d051f2f8b7,M03,4,9.26,9.25,21
124,aa29578ed01a37d051f2f8b7,M04,4,8.53,8.44,21
124,aa29578ed01a37d051f2f8b7,M05,4,8.37,8.46,21
124,aa29578ed01a37d051f2f8b7,M06,4,11.77,11.555,21
124,aa29578ed01a37d051f2f8b7,M07,4,12.81,12.545,30
124,aa29578ed01a37d051f2f8b7,M08,4,16.93,16.89,30
124,aa29578ed01a37d051f2f8b7,M09,4,16.18,15.81,30
124,aa29578ed01a37d051f2f8b7,M10,4,18.71,18.53,30
124,aa29578ed01a37d051f2f8b7,M11,4,17.63,17.615,30
124,aa29578ed01a37d051f2f8b7,M12,4,24.05,23.555,45
124,aa29578ed01a37d051f2f8b7,M13,4,22.31,23.13,60
124,aa29578ed01a37d051f2f8b7,M14,4,18.86,19.65,60
124,aa29578ed01a37d051f2f8b7,M15,4,23.1,23.315,60
124,aa29578ed01a37d051f2f8b7,M16,4,49.03,50.515,100
124,aa29578ed01a37d051f2f8b7,M17,4,6.98,6.655,14
124,aa29578ed01a37d051f2f8b7,M18,4,9.46,9.155,21
124,aa29578ed01a37d051f2f8b7,M19,4,7.64,6.985,21
124,aa29578ed01a37d051f2f8b7,M20,4,9.15,9.35,20
124,aa29578ed01a37d051f2f8b7,M21,4,7.32,6.77,21
124,aa29578ed01a37d051f2f8b7,M22,4,16.84,15.23,45
124,aa29578ed01a37d051f2f8b7,M23,4,14.19,13.01,45
124,aa29578ed01a37d051f2f8b7,M24,4,17.4,15.92,45
124,aa29578ed01a37d051f2f8b7,M25,4,12.94,13.5,20
124,aa29578ed01a37d051f2f8b7,M26,4,11.56,12.19,20
124,aa29578ed01a37d051f2f8b7,M27,4,14.09,15.28,30
124,aa29578ed01a37d051f2f8b7,M28,4,12.07,13.34,30
124,aa29578ed01a37d051f2f8b7,M29,4,14.21,15.58,30
124,aa29578ed01a37d051f2f8b7,M30,4,8.65,9.25,21
128,ad3b009f5c46951acff42651,M01,1,5.95,6.95,10
128,ad3b009f5c46951acff42651,M02,1,8.3,9.36,15
128,ad3b009f5c46951acff42651,M03,1,7.73,9.52,21
128,ad3b009f5c46951acff42651,M04,1,7.15,8.81,21
128,ad3b009f5c46951acff42651,M05,1,6.86,8.8,21
128,ad3b009f5c46951acff42651,M06,1,9.21,11.89,21
128,ad3b009f5c46951acff42651,M07,1,10.28,13,30
128,ad3b009f5c46951acff42651,M08,1,14.16,17.42,30
128,ad3b009f5c46951acff42651,M09,1,13.03,16.18,30
128,ad3b009f5c46951acff42651,M10,1,15.96,18.98,30
128,ad3b009f5c46951acff42651,M11,1,14.8,18.29,30
128,ad3b009f5c46951acff42651,M12,1,18.97,24.62,45
128,ad3b009f5c46951acff42651,M13,1,16.91,24.03,60
128,ad3b009f5c46951acff42651,M14,1,13.89,20.46,60
128,ad3b009f5c46951acff42651,M15,1,18.36,24.48,60
128,ad3b009f5c46951acff42651,M16,1,36.61,51.76,100
128,ad3b009f5c46951acff42651,M17,1,5.69,6.94,14
128,ad3b009f5c46951acff42651,M18,1,7.84,9.46,21
128,ad3b009f5c46951acff42651,M19,1,6.19,7.16,21
128,ad3b009f5c46951acff42651,M20,1,8.87,9.5,20
128,ad3b009f5c46951acff42651,M21,1,6.34,6.99,21
128,ad3b009f5c46951acff42651,M22,1,14.12,15.84,45
128,ad3b009f5c46951acff42651,M23,1,11.47,13.35,45
128,ad3b009f5c46951acff42651,M24,1,16.53,16.5,45
128,ad3b009f5c46951acff42651,M25,1,11.81,13.75,20
128,ad3b009f5c46951acff42651,M26,1,10.43,12.54,20
128,ad3b009f5c46951acff42651,M27,1,12.1,15.91,30
128,ad3b009f5c46951acff42651,M28,1,10.19,13.91,30
128,ad3b009f5c46951acff42651,M29,1,12.62,15.68,30
128,ad3b009f5c46951acff42651,M30,1,7.15,9.58,21
129,1de3e41098dfdbdb2adf0ebb,M01,1,5.63,6.95,10
129,1de3e41098dfdbdb2adf0ebb,M02,1,7.52,9.36,15
129,1de3e41098dfdbdb2adf0ebb,M03,1,6.57,9.52,21
129,1de3e41098dfdbdb2adf0ebb,M04,1,6.13,8.81,21
129,1de3e41098dfdbdb2adf0ebb,M05,1,5.94,8.8,21
129,1de3e41098dfdbdb2adf0ebb,M06,1,8.28,11.89,21
129,1de3e41098dfdbdb2adf0ebb,M07,1,8.6,13,30
129,1de3e41098dfdbdb2adf0ebb,M08,1,12.11,17.42,30
129,1de3e41098dfdbdb2adf0ebb,M09,1,11.18,16.18,30
129,1de3e41098dfdbdb2adf0ebb,M10,1,13.75,18.98,30
129,1de3e41098dfdbdb2adf0ebb,M11,1,12.87,18.29,30
129,1de3e41098dfdbdb2adf0ebb,M12,1,15.82,24.62,45
129,1de3e41098dfdbdb2adf0ebb,M13,1,14.8,24.03,60
129,1de3e41098dfdbdb2adf0ebb,M14,1,12.18,20.46,60
129,1de3e41098dfdbdb2adf0ebb,M15,1,14.87,24.48,60
129,1de3e41098dfdbdb2adf0ebb,M16,1,32.4,51.76,100
129,1de3e41098dfdbdb2adf0ebb,M17,1,4.81,6.94,14
129,1de3e41098dfdbdb2adf0ebb,M18,1,6.7,9.46,21
129,1de3e41098dfdbdb2adf0ebb,M19,1,5.72,7.16,21
129,1de3e41098dfdbdb2adf0ebb,M20,1,7.85,9.5,20
129,1de3e41098dfdbdb2adf0ebb,M21,1,5.66,6.99,21
129,1de3e41098dfdbdb2adf0ebb,M22,1,12.12,15.84,45
129,1de3e41098dfdbdb2adf0ebb,M23,1,10.25,13.35,45
129,1de3e41098dfdbdb2adf0ebb,M24,1,12.23,16.5,45
129,1de3e41098dfdbdb2adf0ebb,M25,1,9.73,13.75,20
129,1de3e41098dfdbdb2adf0ebb,M26,1,7.86,12.54,20
129,1de3e41098dfdbdb2adf0ebb,M27,1,9.38,15.91,30
129,1de3e41098dfdbdb2adf0ebb,M28,1,7.84,13.91,30
129,1de3e41098dfdbdb2adf0ebb,M29,1,9.01,15.68,30
129,1de3e41098dfdbdb2adf0ebb,M30,1,5.27,9.58,21
130,cb76c9dc3ae475d3cc15b169,M01,1,8.29,6.95,10
130,cb76c9dc3ae475d3cc15b169,M02,1,10.9,9.36,15
130,cb76c9dc3ae475d3cc15b169,M03,1,12.56,9.52,21
130,cb76c9dc3ae475d3cc15b169,M04,1,11.64,8.81,21
130,cb76c9dc3ae475d3cc15b169,M05,1,11.79,8.8,21
130,cb76c9dc3ae475d3cc15b169,M06,1,15.53,11.89,21
130,cb76c9dc3ae475d3cc15b169,M07,1,17.57,13,30
130,cb76c9dc3ae475d3cc15b169,M08,1,21.84,17.42,30
130,cb76c9dc3ae475d3cc15b169,M09,1,20.58,16.18,30
130,cb76c9dc3ae475d3cc15b169,M10,1,23.37,18.98,30
130,cb76c9dc3ae475d3cc15b169,M11,1,22.57,18.29,30
130,cb76c9dc3ae475d3cc15b169,M12,1,31.94,24.62,45
130,cb76c9dc3ae475d3cc15b169,M13,1,33.54,24.03,60
130,cb76c9dc3ae475d3cc15b169,M14,1,30.32,20.46,60
130,cb76c9dc3ae475d3cc15b169,M15,1,33.68,24.48,60
130,cb76c9dc3ae475d3cc15b169,M16,1,62.65,51.76,100
130,cb76c9dc3ae475d3cc15b169,M17,1,8.55,6.94,14
130,cb76c9dc3ae475d3cc15b169,M18,1,12.05,9.46,21
130,cb76c9dc3ae475d3cc15b169,M19,1,11.45,7.16,21
130,cb76c9dc3ae475d3cc15b169,M20,1,13.29,9.5,20
130,cb76c9dc3ae475d3cc15b169,M21,1,10.47,6.99,21
130,cb76c9dc3ae475d3cc15b169,M22,1,27.07,15.84,45
130,cb76c9dc3ae475d3cc15b169,M23,1,23.76,13.35,45
130,cb76c9dc3ae475d3cc15b169,M24,1,27.59,16.5,45
130,cb76c9dc3ae475d3cc15b169,M25,1,15.76,13.75,20
130,cb76c9dc3ae475d3cc15b169,M26,1,14.53,12.54,20
130,cb76c9dc3ae475d3cc15b169,M27,1,19.94,15.91,30
130,cb76c9dc3ae475d3cc15b169,M28,1,17.94,13.91,30
130,cb76c9dc3ae475d3cc15b169,M29,1,19.85,15.68,30
130,cb76c9dc3ae475d3cc15b169,M30,1,12.61,9.58,21
131,cb8f65e269eb26164eb899ea,M01,1,4.24,6.95,10
131,cb8f65e269eb26164eb899ea,M02,1,5.72,9.36,15
131,cb8f65e269eb26164eb899ea,M03,1,4.94,9.52,21
131,cb8f65e269eb26164eb899ea,M04,1,4.57,8.81,21
131,cb8f65e269eb26164eb899ea,M05,1,4.24,8.8,21
131,cb8f65e269eb26164eb899ea,M06,1,6.28,11.89,21
131,cb8f65e269eb26164eb899ea,M07,1,6.14,13,30
131,cb8f65e269eb26164eb899ea,M08,1,7.71,17.42,30
131,cb8f65e269eb26164eb899ea,M09,1,6.25,16.18,30
131,cb8f65e269eb26164eb899ea,M10,1,9.15,18.98,30
131,cb8f65e269eb26164eb899ea,M11,1,7.19,18.29,30
131,cb8f65e269eb26164eb899ea,M12,1,8.87,24.62,45
131,cb8f65e269eb26164eb899ea,M13,1,9.15,24.03,60
131,cb8f65e269eb26164eb899ea,M14,1,7.34,20.46,60
131,cb8f65e269eb26164eb899ea,M15,1,9.42,24.48,60
131,cb8f65e269eb26164eb899ea,M16,1,17.11,51.76,100
131,cb8f65e269eb26164eb899ea,M17,1,2.62,6.94,14
131,cb8f65e269eb26164eb899ea,M18,1,5.06,9.46,21
131,cb8f65e269eb26164eb899ea,M19,1,4.43,7.16,21
131,cb8f65e269eb26164eb899ea,M20,1,5.22,9.5,20
131,cb8f65e269eb26164eb899ea,M21,1,4.4,6.99,21
131,cb8f65e269eb26164eb899ea,M22,1,7.35,15.84,45
131,cb8f65e269eb26164eb899ea,M23,1,6.31,13.35,45
131,cb8f65e269eb26164eb899ea,M24,1,7.15,16.5,45
131,cb8f65e269eb26164eb899ea,M25,1,6.82,13.75,20
131,cb8f65e269eb26164eb899ea,M26,1,5.07,12.54,20
131,cb8f65e269eb26164eb899ea,M27,1,7.13,15.91,30
131,cb8f65e269eb26164eb899ea,M28,1,5.56,13.91,30
131,cb8f65e269eb26164eb899ea,M29,1,6.94,15.68,30
131,cb8f65e269eb26164eb899ea,M30,1,4.39,9.58,21
132,76675cb970506f4cb7f9b3ef,M01,4,8.55,6.845,10
132,76675cb970506f4cb7f9b3ef,M02,4,11.22,9.175,15
132,76675cb970506f4cb7f9b3ef,M03,4,13.08,9.25,21
132,76675cb970506f4cb7f9b3ef,M04,4,12.01,8.44,21
132,76675cb970506f4cb7f9b3ef,M05,4,12.27,8.46,21
132,76675cb970506f4cb7f9b3ef,M06,4,15.88,11.555,21
132,76675cb970506f4cb7f9b3ef,M07,4,18.32,12.545,30
132,76675cb970506f4cb7f9b3ef,M08,4,22.56,16.89,30
132,76675cb970506f4cb7f9b3ef,M09,4,21.08,15.81,30
132,76675cb970506f4cb7f9b3ef,M10,4,24.13,18.53,30
132,76675cb970506f4cb7f9b3ef,M11,4,23.24,17.615,30
132,76675cb970506f4cb7f9b3ef,M12,4,33.07,23.555,45
132,76675cb970506f4cb7f9b3ef,M13,4,34.67,23.13,60
132,76675cb970506f4cb7f9b3ef,M14,4,31.36,19.65,60
132,76675cb970506f4cb7f9b3ef,M15,4,35.32,23.315,60
132,76675cb970506f4cb7f9b3ef,M16,4,63.82,50.515,100
132,76675cb970506f4cb7f9b3ef,M17,4,8.81,6.655,14
132,76675cb970506f4cb7f9b3ef,M18,4,12.4,9.155,21
132,76675cb970506f4cb7f9b3ef,M19,4,12.19,6.985,21
132,76675cb970506f4cb7f9b3ef,M20,4,13.89,9.35,20
132,76675cb970506f4cb7f9b3ef,M21,4,11.08,6.77,21
132,76675cb970506f4cb7f9b3ef,M22,4,29.02,15.23,45
132,76675cb970506f4cb7f9b3ef,M23,4,25.24,13.01,45
132,76675cb970506f4cb7f9b3ef,M24,4,29.94,15.92,45
132,76675cb970506f4cb7f9b3ef,M25,4,16.08,13.5,20
132,76675cb970506f4cb7f9b3ef,M26,4,14.75,12.19,20
132,76675cb970506f4cb7f9b3ef,M27,4,20.35,15.28,30
132,76675cb970506f4cb7f9b3ef,M28,4,18.47,13.34,30
132,76675cb970506f4cb7f9b3ef,M29,4,20.41,15.58,30
132,76675cb970506f4cb7f9b3ef,M30,4,13.13,9.25,21
133,bcd4d25e30d0907c8a1680f0,M01,4,7.95,6.845,10
133,bcd4d25e30d0907c8a1680f0,M02,4,10.59,9.175,15
133,bcd4d25e30d0907c8a1680f0,M03,4,11.79,9.25,21
133,bcd4d25e30d0907c8a1680f0,M04,4,10.74,8.44,21
133,bcd4d25e30d0907c8a1680f0,M05,4,10.93,8.46,21
133,bcd4d25e30d0907c8a1680f0,M06,4,14.54,11.555,21
133,bcd4d25e30d0907c8a1680f0,M07,4,16.36,12.545,30
133,bcd4d25e30d0907c8a1680f0,M08,4,20.71,16.89,30
133,bcd4d25e30d0907c8a1680f0,M09,4,19.28,15.81,30
133,bcd4d25e30d0907c8a1680f0,M10,4,22.34,18.53,30
133,bcd4d25e30d0907c8a1680f0,M11,4,21.37,17.615,30
133,bcd4d25e30d0907c8a1680f0,M12,4,29.95,23.555,45
133,bcd4d25e30d0907c8a1680f0,M13,4,30.98,23.13,60
133,bcd4d25e30d0907c8a1680f0,M14,4,27.48,19.65,60
133,bcd4d25e30d0907c8a1680f0,M15,4,31.25,23.315,60
133,bcd4d25e30d0907c8a1680f0,M16,4,59.82,50.515,100
133,bcd4d25e30d0907c8a1680f0,M17,4,8.03,6.655,14
133,bcd4d25e30d0907c8a1680f0,M18,4,11.08,9.155,21
133,bcd4d25e30d0907c8a1680f0,M19,4,10.69,6.985,21
133,bcd4d25e30d0907c8a1680f0,M20,4,11.99,9.35,20
133,bcd4d25e30d0907c8a1680f0,M21,4,9.1,6.77,21
133,bcd4d25e30d0907c8a1680f0,M22,4,23.18,15.23,45
133,bcd4d25e30d0907c8a1680f0,M23,4,19.42,13.01,45
133,bcd4d25e30d0907c8a1680f0,M24,4,23.82,15.92,45
133,bcd4d25e30d0907c8a1680f0,M25,4,15.24,13.5,20
133,bcd4d25e30d0907c8a1680f0,M26,4,13.96,12.19,20
133,bcd4d25e30d0907c8a1680f0,M27,4,18.77,15.28,30
133,bcd4d25e30d0907c8a1680f0,M28,4,16.83,13.34,30
133,bcd4d25e30d0907c8a1680f0,M29,4,18.78,15.58,30
133,bcd4d25e30d0907c8a1680f0,M30,4,11.85,9.25,21
134,a8b1cb2553507696b13260d8,M01,4,7.77,6.845,10
134,a8b1cb2553507696b13260d8,M02,4,10.39,9.175,15
134,a8b1cb2553507696b13260d8,M03,4,11.57,9.25,21
134,a8b1cb2553507696b13260d8,M04,4,10.75,8.44,21
134,a8b1cb2553507696b13260d8,M05,4,10.84,8.46,21
134,a8b1cb2553507696b13260d8,M06,4,14.25,11.555,21
134,a8b1cb2553507696b13260d8,M07,4,16.09,12.545,30
134,a8b1cb2553507696b13260d8,M08,4,20.44,16.89,30
134,a8b1cb2553507696b13260d8,M09,4,19.23,15.81,30
134,a8b1cb2553507696b13260d8,M10,4,21.97,18.53,30
134,a8b1cb2553507696b13260d8,M11,4,21.19,17.615,30
134,a8b1cb2553507696b13260d8,M12,4,29.69,23.555,45
134,a8b1cb2553507696b13260d8,M13,4,30.56,23.13,60
134,a8b1cb2553507696b13260d8,M14,4,27.32,19.65,60
134,a8b1cb2553507696b13260d8,M15,4,30.77,23.315,60
134,a8b1cb2553507696b13260d8,M16,4,59.4,50.515,100
134,a8b1cb2553507696b13260d8,M17,4,8.05,6.655,14
134,a8b1cb2553507696b13260d8,M18,4,11.2,9.155,21
134,a8b1cb2553507696b13260d8,M19,4,9.88,6.985,21
134,a8b1cb2553507696b13260d8,M20,4,12.04,9.35,20
134,a8b1cb2553507696b13260d8,M21,4,9.26,6.77,21
134,a8b1cb2553507696b13260d8,M22,4,23.22,15.23,45
134,a8b1cb2553507696b13260d8,M23,4,19.93,13.01,45
134,a8b1cb2553507696b13260d8,M24,4,23.95,15.92,45
134,a8b1cb2553507696b13260d8,M25,4,15.02,13.5,20
134,a8b1cb2553507696b13260d8,M26,4,13.8,12.19,20
134,a8b1cb2553507696b13260d8,M27,4,18.45,15.28,30
134,a8b1cb2553507696b13260d8,M28,4,16.59,13.34,30
134,a8b1cb2553507696b13260d8,M29,4,18.34,15.58,30
134,a8b1cb2553507696b13260d8,M30,4,11.62,9.25,21
135,2dbcd2c21100a96deb0fc79b,M01,0,7.74,6.91,10
135,2dbcd2c21100a96deb0fc79b,M02,0,10.31,9.32,15
135,2dbcd2c21100a96deb0fc79b,M03,0,11.32,9.36,21
135,2dbcd2c21100a96deb0fc79b,M04,0,10.46,8.59,21
135,2dbcd2c21100a96deb0fc79b,M05,0,10.57,8.47,21
135,2dbcd2c21100a96deb0fc79b,M06,0,13.99,11.77,21
135,2dbcd2c21100a96deb0fc79b,M07,0,15.68,12.83,30
135,2dbcd2c21100a96deb0fc79b,M08,0,20.04,17.14,30
135,2dbcd2c21100a96deb0fc79b,M09,0,18.85,16.05,30
135,2dbcd2c21100a96deb0fc79b,M10,0,21.65,18.74,30
135,2dbcd2c21100a96deb0fc79b,M11,0,20.88,17.84,30
135,2dbcd2c21100a96deb0fc79b,M12,0,28.91,24.05,45
135,2dbcd2c21100a96deb0fc79b,M13,0,29.56,23.48,60
135,2dbcd2c21100a96deb0fc79b,M14,0,26.07,20.22,60
135,2dbcd2c21100a96deb0fc79b,M15,0,30.1,23.9,60
135,2dbcd2c21100a96deb0fc79b,M16,0,58.24,51.31,100
135,2dbcd2c21100a96deb0fc79b,M17,0,7.89,6.83,14
135,2dbcd2c21100a96deb0fc79b,M18,0,10.96,9.32,21
135,2dbcd2c21100a96deb0fc79b,M19,0,8.8,7.09,21
135,2dbcd2c21100a96deb0fc79b,M20,0,10.92,9.53,20
135,2dbcd2c21100a96deb0fc79b,M21,0,8.22,6.95,21
135,2dbcd2c21100a96deb0fc79b,M22,0,19.73,15.84,45
135,2dbcd2c21100a96deb0fc79b,M23,0,16.75,13.31,45
135,2dbcd2c21100a96deb0fc79b,M24,0,20.34,16.53,45
135,2dbcd2c21100a96deb0fc79b,M25,0,14.9,13.62,20
135,2dbcd2c21100a96deb0fc79b,M26,0,13.62,12.385,20
135,2dbcd2c21100a96deb0fc79b,M27,0,18.11,15.7,30
135,2dbcd2c21100a96deb0fc79b,M28,0,16.16,13.765,30
135,2dbcd2c21100a96deb0fc79b,M29,0,18.15,15.575,30
135,2dbcd2c21100a96deb0fc79b,M30,0,11.35,9.385,21
137,4d08869f6c27483a6a997511,M01,3,6.74,6.99,10
137,4d08869f6c27483a6a997511,M02,3,9.04,9.41,15
137,4d08869f6c27483a6a997511,M03,3,8.9,9.67,21
137,4d08869f6c27483a6a997511,M04,3,8.26,8.99,21
137,4d08869f6c27483a6a997511,M05,3,8.12,8.87,21
137,4d08869f6c27483a6a997511,M06,3,11.15,12.11,21
137,4d08869f6c27483a6a997511,M07,3,12.04,13.26,30
137,4d08869f6c27483a6a997511,M08,3,16.37,17.66,30
137,4d08869f6c27483a6a997511,M09,3,15.42,16.64,30
137,4d08869f6c27483a6a997511,M10,3,18,19.22,30
137,4d08869f6c27483a6a997511,M11,3,17.16,18.33,30
137,4d08869f6c27483a6a997511,M12,3,22.81,24.98,45
137,4d08869f6c27483a6a997511,M13,3,22.06,24.67,60
137,4d08869f6c27483a6a997511,M14,3,18.63,20.81,60
137,4d08869f6c27483a6a997511,M15,3,22.19,24.93,60
137,4d08869f6c27483a6a997511,M16,3,49.2,52.34,100
137,4d08869f6c27483a6a997511,M17,3,6.53,6.99,14
137,4d08869f6c27483a6a997511,M18,3,8.88,9.6,21
137,4d08869f6c27483a6a997511,M19,3,7.15,7.26,21
137,4d08869f6c27483a6a997511,M20,3,9.5,9.575,20
137,4d08869f6c27483a6a997511,M21,3,6.99,6.985,21
137,4d08869f6c27483a6a997511,M22,3,15.76,16.03,45
137,4d08869f6c27483a6a997511,M23,3,13.35,13.455,45
137,4d08869f6c27483a6a997511,M24,3,16.09,16.74,45
137,4d08869f6c27483a6a997511,M25,3,13.26,13.8,20
137,4d08869f6c27483a6a997511,M26,3,11.93,12.58,20
137,4d08869f6c27483a6a997511,M27,3,14.77,15.98,30
137,4d08869f6c27483a6a997511,M28,3,12.74,14.22,30
137,4d08869f6c27483a6a997511,M29,3,14.68,16.04,30
137,4d08869f6c27483a6a997511,M30,3,8.93,9.75,21
138,fbb6ef4dd8eafc9c107d4009,M01,0,8.66,6.91,10
138,fbb6ef4dd8eafc9c107d4009,M02,0,11.32,9.32,15
138,fbb6ef4dd8eafc9c107d4009,M03,0,13.49,9.36,21
138,fbb6ef4dd8eafc9c107d4009,M04,0,12.67,8.59,21
138,fbb6ef4dd8eafc9c107d4009,M05,0,12.85,8.47,21
138,fbb6ef4dd8eafc9c107d4009,M06,0,16.33,11.77,21
138,fbb6ef4dd8eafc9c107d4009,M07,0,19.05,12.83,30
138,fbb6ef4dd8eafc9c107d4009,M08,0,23.17,17.14,30
138,fbb6ef4dd8eafc9c107d4009,M09,0,22.06,16.05,30
138,fbb6ef4dd8eafc9c107d4009,M10,0,24.61,18.74,30
138,fbb6ef4dd8eafc9c107d4009,M11,0,23.94,17.84,30
138,fbb6ef4dd8eafc9c107d4009,M12,0,34.37,24.05,45
138,fbb6ef4dd8eafc9c107d4009,M13,0,36.42,23.48,60
138,fbb6ef4dd8eafc9c107d4009,M14,0,33.55,20.22,60
138,fbb6ef4dd8eafc9c107d4009,M15,0,36.6,23.9,60
138,fbb6ef4dd8eafc9c107d4009,M16,0,65.77,51.31,100
138,fbb6ef4dd8eafc9c107d4009,M17,0,9.09,6.83,14
138,fbb6ef4dd8eafc9c107d4009,M18,0,12.97,9.32,21
138,fbb6ef4dd8eafc9c107d4009,M19,0,12.28,7.09,21
138,fbb6ef4dd8eafc9c107d4009,M20,0,13.91,9.53,20
138,fbb6ef4dd8eafc9c107d4009,M21,0,11.32,6.95,21
138,fbb6ef4dd8eafc9c107d4009,M22,0,29.16,15.84,45
138,fbb6ef4dd8eafc9c107d4009,M23,0,25.5,13.31,45
138,fbb6ef4dd8eafc9c107d4009,M24,0,29.94,16.53,45
138,fbb6ef4dd8eafc9c107d4009,M25,0,16.27,13.62,20
138,fbb6ef4dd8eafc9c107d4009,M26,0,15.01,12.385,20
138,fbb6ef4dd8eafc9c107d4009,M27,0,20.92,15.7,30
138,fbb6ef4dd8eafc9c107d4009,M28,0,19.21,13.765,30
138,fbb6ef4dd8eafc9c107d4009,M29,0,20.72,15.575,30
138,fbb6ef4dd8eafc9c107d4009,M30,0,13.55,9.385,21
139,2cf7f8352a953b94c74c8f49,M01,1,5,6.95,10
139,2cf7f8352a953b94c74c8f49,M02,1,6.54,9.36,15
139,2cf7f8352a953b94c74c8f49,M03,1,5.6,9.52,21
139,2cf7f8352a953b94c74c8f49,M04,1,5.31,8.81,21
139,2cf7f8352a953b94c74c8f49,M05,1,5.21,8.8,21
139,2cf7f8352a953b94c74c8f49,M06,1,7.1,11.89,21
139,2cf7f8352a953b94c74c8f49,M07,1,7.18,13,30
139,2cf7f8352a953b94c74c8f49,M08,1,9.39,17.42,30
139,2cf7f8352a953b94c74c8f49,M09,1,8.44,16.18,30
139,2cf7f8352a953b94c74c8f49,M10,1,11.02,18.98,30
139,2cf7f8352a953b94c74c8f49,M11,1,10.09,18.29,30
139,2cf7f8352a953b94c74c8f49,M12,1,11.43,24.62,45
139,2cf7f8352a953b94c74c8f49,M13,1,11.49,24.03,60
139,2cf7f8352a953b94c74c8f49,M14,1,8.89,20.46,60
139,2cf7f8352a953b94c74c8f49,M15,1,11.4,24.48,60
139,2cf7f8352a953b94c74c8f49,M16,1,21.41,51.76,100
139,2cf7f8352a953b94c74c8f49,M17,1,3.82,6.94,14
139,2cf7f8352a953b94c74c8f49,M18,1,5.76,9.46,21
139,2cf7f8352a953b94c74c8f49,M19,1,5.31,7.16,21
139,2cf7f8352a953b94c74c8f49,M20,1,6.99,9.5,20
139,2cf7f8352a953b94c74c8f49,M21,1,5.3,6.99,21
139,2cf7f8352a953b94c74c8f49,M22,1,10.69,15.84,45
139,2cf7f8352a953b94c74c8f49,M23,1,8.73,13.35,45
139,2cf7f8352a953b94c74c8f49,M24,1,10.79,16.5,45
139,2cf7f8352a953b94c74c8f49,M25,1,7.99,13.75,20
139,2cf7f8352a953b94c74c8f49,M26,1,5.75,12.54,20
139,2cf7f8352a953b94c74c8f49,M27,1,8.02,15.91,30
139,2cf7f8352a953b94c74c8f49,M28,1,6.6,13.91,30
139,2cf7f8352a953b94c74c8f49,M29,1,7.65,15.68,30
139,2cf7f8352a953b94c74c8f49,M30,1,4.18,9.58,21
140,4dc9a1238a5c5e15ddab6051,M01,3,5.49,6.99,10
140,4dc9a1238a5c5e15ddab6051,M02,3,7.35,9.41,15
140,4dc9a1238a5c5e15ddab6051,M03,3,6.36,9.67,21
140,4dc9a1238a5c5e15ddab6051,M04,3,5.94,8.99,21
140,4dc9a1238a5c5e15ddab6051,M05,3,5.78,8.87,21
140,4dc9a1238a5c5e15ddab6051,M06,3,8.05,12.11,21
140,4dc9a1238a5c5e15ddab6051,M07,3,8.32,13.26,30
140,4dc9a1238a5c5e15ddab6051,M08,3,11.66,17.66,30
140,4dc9a1238a5c5e15ddab6051,M09,3,10.68,16.64,30
140,4dc9a1238a5c5e15ddab6051,M10,3,13.3,19.22,30
140,4dc9a1238a5c5e15ddab6051,M11,3,12.41,18.33,30
140,4dc9a1238a5c5e15ddab6051,M12,3,15.09,24.98,45
140,4dc9a1238a5c5e15ddab6051,M13,3,14.27,24.67,60
140,4dc9a1238a5c5e15ddab6051,M14,3,11.65,20.81,60
140,4dc9a1238a5c5e15ddab6051,M15,3,14.24,24.93,60
140,4dc9a1238a5c5e15ddab6051,M16,3,30.66,52.34,100
140,4dc9a1238a5c5e15ddab6051,M17,3,4.6,6.99,14
140,4dc9a1238a5c5e15ddab6051,M18,3,6.49,9.6,21
140,4dc9a1238a5c5e15ddab6051,M19,3,5.72,7.26,21
140,4dc9a1238a5c5e15ddab6051,M20,3,7.83,9.575,20
140,4dc9a1238a5c5e15ddab6051,M21,3,5.68,6.985,21
140,4dc9a1238a5c5e15ddab6051,M22,3,12.14,16.03,45
140,4dc9a1238a5c5e15ddab6051,M23,3,10.22,13.455,45
140,4dc9a1238a5c5e15ddab6051,M24,3,12.28,16.74,45
140,4dc9a1238a5c5e15ddab6051,M25,3,9.9,13.8,20
140,4dc9a1238a5c5e15ddab6051,M26,3,7.94,12.58,20
140,4dc9a1238a5c5e15ddab6051,M27,3,9.63,15.98,30
140,4dc9a1238a5c5e15ddab6051,M28,3,8,14.22,30
140,4dc9a1238a5c5e15ddab6051,M29,3,9.11,16.04,30
140,4dc9a1238a5c5e15ddab6051,M30,3,5.29,9.75,21
141,0d0b0a46ce9ecd81eed45455,M01,4,7.74,6.845,10
141,0d0b0a46ce9ecd81eed45455,M02,4,10.31,9.175,15
141,0d0b0a46ce9ecd81eed45455,M03,4,11.3,9.25,21
141,0d0b0a46ce9ecd81eed45455,M04,4,10.4,8.44,21
141,0d0b0a46ce9ecd81eed45455,M05,4,10.49,8.46,21
141,0d0b0a46ce9ecd81eed45455,M06,4,13.99,11.555,21
141,0d0b0a46ce9ecd81eed45455,M07,4,15.65,12.545,30
141,0d0b0a46ce9ecd81eed45455,M08,4,20.02,16.89,30
141,0d0b0a46ce9ecd81eed45455,M09,4,18.78,15.81,30
141,0d0b0a46ce9ecd81eed45455,M10,4,21.61,18.53,30
141,0d0b0a46ce9ecd81eed45455,M11,4,20.7,17.615,30
141,0d0b0a46ce9ecd81eed45455,M12,4,28.9,23.555,45
141,0d0b0a46ce9ecd81eed45455,M13,4,29.67,23.13,60
141,0d0b0a46ce9ecd81eed45455,M14,4,26.17,19.65,60
141,0d0b0a46ce9ecd81eed45455,M15,4,29.78,23.315,60
141,0d0b0a46ce9ecd81eed45455,M16,4,58.37,50.515,100
141,0d0b0a46ce9ecd81eed45455,M17,4,7.87,6.655,14
141,0d0b0a46ce9ecd81eed45455,M18,4,10.92,9.155,21
141,0d0b0a46ce9ecd81eed45455,M19,4,9.45,6.985,21
141,0d0b0a46ce9ecd81eed45455,M20,4,11.64,9.35,20
141,0d0b0a46ce9ecd81eed45455,M21,4,8.78,6.77,21
141,0d0b0a46ce9ecd81eed45455,M22,4,21.89,15.23,45
141,0d0b0a46ce9ecd81eed45455,M23,4,18.59,13.01,45
141,0d0b0a46ce9ecd81eed45455,M24,4,22.42,15.92,45
141,0d0b0a46ce9ecd81eed45455,M25,4,14.9,13.5,20
141,0d0b0a46ce9ecd81eed45455,M26,4,13.62,12.19,20
141,0d0b0a46ce9ecd81eed45455,M27,4,18.13,15.28,30
141,0d0b0a46ce9ecd81eed45455,M28,4,16.2,13.34,30
141,0d0b0a46ce9ecd81eed45455,M29,4,18.02,15.58,30
141,0d0b0a46ce9ecd81eed45455,M30,4,11.35,9.25,21
143,8911f3588631f37c7617db17,M01,2,8.41,6.88,10
143,8911f3588631f37c7617db17,M02,2,11.06,9.32,15
143,8911f3588631f37c7617db17,M03,2,12.93,9.36,21
143,8911f3588631f37c7617db17,M04,2,11.72,8.58,21
143,8911f3588631f37c7617db17,M05,2,12.03,8.46,21
143,8911f3588631f37c7617db17,M06,2,15.68,11.66,21
143,8911f3588631f37c7617db17,M07,2,18.02,12.81,30
143,8911f3588631f37c7617db17,M08,2,22.34,16.97,30
143,8911f3588631f37c7617db17,M09,2,20.67,16.03,30
143,8911f3588631f37c7617db17,M10,2,23.76,18.71,30
143,8911f3588631f37c7617db17,M11,2,22.82,17.82,30
143,8911f3588631f37c7617db17,M12,2,32.46,24,45
143,8911f3588631f37c7617db17,M13,2,34.12,23.43,60
143,8911f3588631f37c7617db17,M14,2,31.03,20.18,60
143,8911f3588631f37c7617db17,M15,2,34.26,23.65,60
143,8911f3588631f37c7617db17,M16,2,63.34,51.18,100
143,8911f3588631f37c7617db17,M17,2,8.75,6.73,14
143,8911f3588631f37c7617db17,M18,2,12.58,9.21,21
143,8911f3588631f37c7617db17,M19,2,11.59,6.87,21
143,8911f3588631f37c7617db17,M20,2,14.21,9.15,20
143,8911f3588631f37c7617db17,M21,2,10.6,6.77,21
143,8911f3588631f37c7617db17,M22,2,27.74,15.22,45
143,8911f3588631f37c7617db17,M23,2,24.03,13.01,45
143,8911f3588631f37c7617db17,M24,2,28.2,15.92,45
143,8911f3588631f37c7617db17,M25,2,15.9,13.62,20
143,8911f3588631f37c7617db17,M26,2,14.62,12.34,20
143,8911f3588631f37c7617db17,M27,2,20.05,15.67,30
143,8911f3588631f37c7617db17,M28,2,18.26,13.69,30
143,8911f3588631f37c7617db17,M29,2,19.94,15.58,30
143,8911f3588631f37c7617db17,M30,2,13.07,9.38,21
144,2c5d43f76182fb5235fb9b35,M01,3,8.18,6.99,10
144,2c5d43f76182fb5235fb9b35,M02,3,10.78,9.41,15
144,2c5d43f76182fb5235fb9b35,M03,3,12.23,9.67,21
144,2c5d43f76182fb5235fb9b35,M04,3,11.27,8.99,21
144,2c5d43f76182fb5235fb9b35,M05,3,11.45,8.87,21
144,2c5d43f76182fb5235fb9b35,M06,3,15.1,12.11,21
144,2c5d43f76182fb5235fb9b35,M07,3,17.04,13.26,30
144,2c5d43f76182fb5235fb9b35,M08,3,21.36,17.66,30
144,2c5d43f76182fb5235fb9b35,M09,3,20.04,16.64,30
144,2c5d43f76182fb5235fb9b35,M10,3,22.94,19.22,30
144,2c5d43f76182fb5235fb9b35,M11,3,22.07,18.33,30
144,2c5d43f76182fb5235fb9b35,M12,3,31.05,24.98,45
144,2c5d43f76182fb5235fb9b35,M13,3,32.57,24.67,60
144,2c5d43f76182fb5235fb9b35,M14,3,29.1,20.81,60
144,2c5d43f76182fb5235fb9b35,M15,3,32.58,24.93,60
144,2c5d43f76182fb5235fb9b35,M16,3,61.59,52.34,100
144,2c5d43f76182fb5235fb9b35,M17,3,8.39,6.99,14
144,2c5d43f76182fb5235fb9b35,M18,3,11.7,9.6,21
144,2c5d43f76182fb5235fb9b35,M19,3,10.8,7.26,21
144,2c5d43f76182fb5235fb9b35,M20,3,12.8,9.575,20
144,2c5d43f76182fb5235fb9b35,M21,3,9.9,6.985,21
144,2c5d43f76182fb5235fb9b35,M22,3,25.48,16.03,45
144,2c5d43f76182fb5235fb9b35,M23,3,21.78,13.455,45
144,2c5d43f76182fb5235fb9b35,M24,3,26.02,16.74,45
144,2c5d43f76182fb5235fb9b35,M25,3,15.57,13.8,20
144,2c5d43f76182fb5235fb9b35,M26,3,14.28,12.58,20
144,2c5d43f76182fb5235fb9b35,M27,3,19.43,15.98,30
144,2c5d43f76182fb5235fb9b35,M28,3,17.52,14.22,30
144,2c5d43f76182fb5235fb9b35,M29,3,19.28,16.04,30
144,2c5d43f76182fb5235fb9b35,M30,3,12.28,9.75,21
145,b059278e30a9ae7d8bf4fd90,M01,2,6.2,6.88,10
145,b059278e30a9ae7d8bf4fd90,M02,2,8.26,9.32,15
145,b059278e30a9ae7d8bf4fd90,M03,2,7.58,9.36,21
145,b059278e30a9ae7d8bf4fd90,M04,2,6.82,8.58,21
145,b059278e30a9ae7d8bf4fd90,M05,2,6.71,8.46,21
145,b059278e30a9ae7d8bf4fd90,M06,2,9.62,11.66,21
145,b059278e30a9ae7d8bf4fd90,M07,2,10.09,12.81,30
145,b059278e30a9ae7d8bf4fd90,M08,2,14.2,16.97,30
145,b059278e30a9ae7d8bf4fd90,M09,2,12.9,16.03,30
145,b059278e30a9ae7d8bf4fd90,M10,2,15.77,18.71,30
145,b059278e30a9ae7d8bf4fd90,M11,2,14.7,17.82,30
145,b059278e30a9ae7d8bf4fd90,M12,2,19.29,24,45
145,b059278e30a9ae7d8bf4fd90,M13,2,18.14,23.43,60
145,b059278e30a9ae7d8bf4fd90,M14,2,15.09,20.18,60
145,b059278e30a9ae7d8bf4fd90,M15,2,17.93,23.65,60
145,b059278e30a9ae7d8bf4fd90,M16,2,42.23,51.18,100
145,b059278e30a9ae7d8bf4fd90,M17,2,5.46,6.73,14
145,b059278e30a9ae7d8bf4fd90,M18,2,7.44,9.21,21
145,b059278e30a9ae7d8bf4fd90,M19,2,6.16,6.87,21
145,b059278e30a9ae7d8bf4fd90,M20,2,8.45,9.15,20
145,b059278e30a9ae7d8bf4fd90,M21,2,5.99,6.77,21
145,b059278e30a9ae7d8bf4fd90,M22,2,13.22,15.22,45
145,b059278e30a9ae7d8bf4fd90,M23,2,11.27,13.01,45
145,b059278e30a9ae7d8bf4fd90,M24,2,13.3,15.92,45
145,b059278e30a9ae7d8bf4fd90,M25,2,12.31,13.62,20
145,b059278e30a9ae7d8bf4fd90,M26,2,10.92,12.34,20
145,b059278e30a9ae7d8bf4fd90,M27,2,12.89,15.67,30
145,b059278e30a9ae7d8bf4fd90,M28,2,10.89,13.69,30
145,b059278e30a9ae7d8bf4fd90,M29,2,12.52,15.58,30
145,b059278e30a9ae7d8bf4fd90,M30,2,7.62,9.38,21
146,58130070690af2c368385354,M01,0,3.76,6.91,10
146,58130070690af2c368385354,M02,0,3.74,9.32,15
146,58130070690af2c368385354,M03,0,4.24,9.36,21
146,58130070690af2c368385354,M04,0,3.64,8.59,21
146,58130070690af2c368385354,M05,0,3.56,8.47,21
146,58130070690af2c368385354,M06,0,5.5,11.77,21
146,58130070690af2c368385354,M07,0,4.56,12.83,30
146,58130070690af2c368385354,M08,0,3.74,17.14,30
146,58130070690af2c368385354,M09,0,2.55,16.05,30
146,58130070690af2c368385354,M10,0,5.1,18.74,30
146,58130070690af2c368385354,M11,0,3.92,17.84,30
146,58130070690af2c368385354,M12,0,3.77,24.05,45
146,58130070690af2c368385354,M13,0,5.35,23.48,60
146,58130070690af2c368385354,M14,0,2.51,20.22,60
146,58130070690af2c368385354,M15,0,5.69,23.9,60
146,58130070690af2c368385354,M16,0,6.07,51.31,100
146,58130070690af2c368385354,M17,0,1.93,6.83,14
146,58130070690af2c368385354,M18,0,4.6,9.32,21
146,58130070690af2c368385354,M19,0,3.71,7.09,21
146,58130070690af2c368385354,M20,0,4.7,9.53,20
146,58130070690af2c368385354,M21,0,4.2,6.95,21
146,58130070690af2c368385354,M22,0,5.51,15.84,45
146,58130070690af2c368385354,M23,0,2.96,13.31,45
146,58130070690af2c368385354,M24,0,5.64,16.53,45
146,58130070690af2c368385354,M25,0,6.02,13.62,20
146,58130070690af2c368385354,M26,0,4.28,12.385,20
146,58130070690af2c368385354,M27,0,6.57,15.7,30
146,58130070690af2c368385354,M28,0,4.96,13.765,30
146,58130070690af2c368385354,M29,0,6.48,15.575,30
146,58130070690af2c368385354,M30,0,4.25,9.385,21
147,1d7746b0a53dab9391e34d68,M01,4,7.83,6.845,10
147,1d7746b0a53dab9391e34d68,M02,4,10.45,9.175,15
147,1d7746b0a53dab9391e34d68,M03,4,11.66,9.25,21
147,1d7746b0a53dab9391e34d68,M04,4,10.73,8.44,21
147,1d7746b0a53dab9391e34d68,M05,4,10.84,8.46,21
147,1d7746b0a53dab9391e34d68,M06,4,14.28,11.555,21
147,1d7746b0a53dab9391e34d68,M07,4,16.23,12.545,30
147,1d7746b0a53dab9391e34d68,M08,4,20.57,16.89,30
147,1d7746b0a53dab9391e34d68,M09,4,19.27,15.81,30
147,1d7746b0a53dab9391e34d68,M10,4,22.11,18.53,30
147,1d7746b0a53dab9391e34d68,M11,4,21.24,17.615,30
147,1d7746b0a53dab9391e34d68,M12,4,29.88,23.555,45
147,1d7746b0a53dab9391e34d68,M13,4,30.65,23.13,60
147,1d7746b0a53dab9391e34d68,M14,4,27.34,19.65,60
147,1d7746b0a53dab9391e34d68,M15,4,31.03,23.315,60
147,1d7746b0a53dab9391e34d68,M16,4,59.54,50.515,100
147,1d7746b0a53dab9391e34d68,M17,4,8.03,6.655,14
147,1d7746b0a53dab9391e34d68,M18,4,11.21,9.155,21
147,1d7746b0a53dab9391e34d68,M19,4,10.53,6.985,21
147,1d7746b0a53dab9391e34d68,M20,4,12.61,9.35,20
147,1d7746b0a53dab9391e34d68,M21,4,9.85,6.77,21
147,1d7746b0a53dab9391e34d68,M22,4,25.08,15.23,45
147,1d7746b0a53dab9391e34d68,M23,4,21.77,13.01,45
147,1d7746b0a53dab9391e34d68,M24,4,25.64,15.92,45
147,1d7746b0a53dab9391e34d68,M25,4,15.04,13.5,20
147,1d7746b0a53dab9391e34d68,M26,4,13.82,12.19,20
147,1d7746b0a53dab9391e34d68,M27,4,18.49,15.28,30
147,1d7746b0a53dab9391e34d68,M28,4,16.64,13.34,30
147,1d7746b0a53dab9391e34d68,M29,4,18.51,15.58,30
147,1d7746b0a53dab9391e34d68,M30,4,11.7,9.25,21
148,1b9952df1d11d663488fce0b,M01,2,7.35,6.88,10
148,1b9952df1d11d663488fce0b,M02,2,9.84,9.32,15
148,1b9952df1d11d663488fce0b,M03,2,10.4,9.36,21
148,1b9952df1d11d663488fce0b,M04,2,9.58,8.58,21
148,1b9952df1d11d663488fce0b,M05,2,9.6,8.46,21
148,1b9952df1d11d663488fce0b,M06,2,12.95,11.66,21
148,1b9952df1d11d663488fce0b,M07,2,14.31,12.81,30
148,1b9952df1d11d663488fce0b,M08,2,18.7,16.97,30
148,1b9952df1d11d663488fce0b,M09,2,17.56,16.03,30
148,1b9952df1d11d663488fce0b,M10,2,20.3,18.71,30
148,1b9952df1d11d663488fce0b,M11,2,19.49,17.82,30
148,1b9952df1d11d663488fce0b,M12,2,26.72,24,45
148,1b9952df1d11d663488fce0b,M13,2,26.91,23.43,60
148,1b9952df1d11d663488fce0b,M14,2,23.41,20.18,60
148,1b9952df1d11d663488fce0b,M15,2,27.11,23.65,60
148,1b9952df1d11d663488fce0b,M16,2,55.33,51.18,100
148,1b9952df1d11d663488fce0b,M17,2,7.35,6.73,14
148,1b9952df1d11d663488fce0b,M18,2,10.15,9.21,21
148,1b9952df1d11d663488fce0b,M19,2,9,6.87,21
148,1b9952df1d11d663488fce0b,M20,2,11.32,9.15,20
148,1b9952df1d11d663488fce0b,M21,2,8.54,6.77,21
148,1b9952df1d11d663488fce0b,M22,2,21.01,15.22,45
148,1b9952df1d11d663488fce0b,M23,2,17.89,13.01,45
148,1b9952df1d11d663488fce0b,M24,2,21.52,15.92,45
148,1b9952df1d11d663488fce0b,M25,2,14.29,13.62,20
148,1b9952df1d11d663488fce0b,M26,2,13.01,12.34,20
148,1b9952df1d11d663488fce0b,M27,2,16.91,15.67,30
148,1b9952df1d11d663488fce0b,M28,2,14.95,13.69,30
148,1b9952df1d11d663488fce0b,M29,2,16.84,15.58,30
148,1b9952df1d11d663488fce0b,M30,2,10.44,9.38,21
149,a93b32339ed8311dd7a541ef,M01,2,7.69,6.88,10
149,a93b32339ed8311dd7a541ef,M02,2,10.27,9.32,15
149,a93b32339ed8311dd7a541ef,M03,2,11.22,9.36,21
149,a93b32339ed8311dd7a541ef,M04,2,10.24,8.58,21
149,a93b32339ed8311dd7a541ef,M05,2,10.39,8.46,21
149,a93b32339ed8311dd7a541ef,M06,2,13.81,11.66,21
149,a93b32339ed8311dd7a541ef,M07,2,15.5,12.81,30
149,a93b32339ed8311dd7a541ef,M08,2,19.88,16.97,30
149,a93b32339ed8311dd7a541ef,M09,2,18.5,16.03,30
149,a93b32339ed8311dd7a541ef,M10,2,21.51,18.71,30
149,a93b32339ed8311dd7a541ef,M11,2,20.56,17.82,30
149,a93b32339ed8311dd7a541ef,M12,2,28.59,24,45
149,a93b32339ed8311dd7a541ef,M13,2,29.09,23.43,60
149,a93b32339ed8311dd7a541ef,M14,2,25.6,20.18,60
149,a93b32339ed8311dd7a541ef,M15,2,29.51,23.65,60
149,a93b32339ed8311dd7a541ef,M16,2,57.72,51.18,100
149,a93b32339ed8311dd7a541ef,M17,2,7.79,6.73,14
149,a93b32339ed8311dd7a541ef,M18,2,10.77,9.21,21
149,a93b32339ed8311dd7a541ef,M19,2,9.6,6.87,21
149,a93b32339ed8311dd7a541ef,M20,2,11.82,9.15,20
149,a93b32339ed8311dd7a541ef,M21,2,9.04,6.77,21
149,a93b32339ed8311dd7a541ef,M22,2,22.58,15.22,45
149,a93b32339ed8311dd7a541ef,M23,2,19.38,13.01,45
149,a93b32339ed8311dd7a541ef,M24,2,23.1,15.92,45
149,a93b32339ed8311dd7a541ef,M25,2,14.81,13.62,20
149,a93b32339ed8311dd7a541ef,M26,2,13.53,12.34,20
149,a93b32339ed8311dd7a541ef,M27,2,17.89,15.67,30
149,a93b32339ed8311dd7a541ef,M28,2,15.94,13.69,30
149,a93b32339ed8311dd7a541ef,M29,2,17.95,15.58,30
149,a93b32339ed8311dd7a541ef,M30,2,11.26,9.38,21
150,47a0e982a5cc29d0694317d1,M01,1,6.41,6.95,10
150,47a0e982a5cc29d0694317d1,M02,1,8.91,9.36,15
150,47a0e982a5cc29d0694317d1,M03,1,8.73,9.52,21
150,47a0e982a5cc29d0694317d1,M04,1,8.09,8.81,21
150,47a0e982a5cc29d0694317d1,M05,1,7.8,8.8,21
150,47a0e982a5cc29d0694317d1,M06,1,10.41,11.89,21
150,47a0e982a5cc29d0694317d1,M07,1,11.81,13,30
150,47a0e982a5cc29d0694317d1,M08,1,16.04,17.42,30
150,47a0e982a5cc29d0694317d1,M09,1,14.96,16.18,30
150,47a0e982a5cc29d0694317d1,M10,1,17.74,18.98,30
150,47a0e982a5cc29d0694317d1,M11,1,16.66,18.29,30
150,47a0e982a5cc29d0694317d1,M12,1,22.21,24.62,45
150,47a0e982a5cc29d0694317d1,M13,1,20.15,24.03,60
150,47a0e982a5cc29d0694317d1,M14,1,16.91,20.46,60
150,47a0e982a5cc29d0694317d1,M15,1,21.69,24.48,60
150,47a0e982a5cc29d0694317d1,M16,1,45.47,51.76,100
150,47a0e982a5cc29d0694317d1,M17,1,6.41,6.94,14
150,47a0e982a5cc29d0694317d1,M18,1,8.78,9.46,21
150,47a0e982a5cc29d0694317d1,M19,1,5.99,7.16,21
150,47a0e982a5cc29d0694317d1,M20,1,8.64,9.5,20
150,47a0e982a5cc29d0694317d1,M21,1,6.19,6.99,21
150,47a0e982a5cc29d0694317d1,M22,1,13.6,15.84,45
150,47a0e982a5cc29d0694317d1,M23,1,11.29,13.35,45
150,47a0e982a5cc29d0694317d1,M24,1,14.92,16.5,45
150,47a0e982a5cc29d0694317d1,M25,1,12.6,13.75,20
150,47a0e982a5cc29d0694317d1,M26,1,11.34,12.54,20
150,47a0e982a5cc29d0694317d1,M27,1,13.63,15.91,30
150,47a0e982a5cc29d0694317d1,M28,1,11.7,13.91,30
150,47a0e982a5cc29d0694317d1,M29,1,14.2,15.68,30
150,47a0e982a5cc29d0694317d1,M30,1,8.17,9.58,21
151,6b4c549deadd4454deb332d3,M01,1,6.08,6.95,10
151,6b4c549deadd4454deb332d3,M02,1,8.06,9.36,15
151,6b4c549deadd4454deb332d3,M03,1,7.27,9.52,21
151,6b4c549deadd4454deb332d3,M04,1,6.55,8.81,21
151,6b4c549deadd4454deb332d3,M05,1,6.43,8.8,21
151,6b4c549deadd4454deb332d3,M06,1,9.26,11.89,21
151,6b4c549deadd4454deb332d3,M07,1,9.63,13,30
151,6b4c549deadd4454deb332d3,M08,1,13.63,17.42,30
151,6b4c549deadd4454deb332d3,M09,1,12.33,16.18,30
151,6b4c549deadd4454deb332d3,M10,1,15.19,18.98,30
151,6b4c549deadd4454deb332d3,M11,1,14.1,18.29,30
151,6b4c549deadd4454deb332d3,M12,1,18.37,24.62,45
151,6b4c549deadd4454deb332d3,M13,1,17.19,24.03,60
151,6b4c549deadd4454deb332d3,M14,1,14.24,20.46,60
151,6b4c549deadd4454deb332d3,M15,1,16.91,24.48,60
151,6b4c549deadd4454deb332d3,M16,1,39.71,51.76,100
151,6b4c549deadd4454deb332d3,M17,1,5.24,6.94,14
151,6b4c549deadd4454deb332d3,M18,1,7.15,9.46,21
151,6b4c549deadd4454deb332d3,M19,1,5.92,7.16,21
151,6b4c549deadd4454deb332d3,M20,1,8.12,9.5,20
151,6b4c549deadd4454deb332d3,M21,1,5.75,6.99,21
151,6b4c549deadd4454deb332d3,M22,1,12.55,15.84,45
151,6b4c549deadd4454deb332d3,M23,1,10.67,13.35,45
151,6b4c549deadd4454deb332d3,M24,1,12.51,16.5,45
151,6b4c549deadd4454deb332d3,M25,1,12.05,13.75,20
151,6b4c549deadd4454deb332d3,M26,1,10.61,12.54,20
151,6b4c549deadd4454deb332d3,M27,1,12.41,15.91,30
151,6b4c549deadd4454deb332d3,M28,1,10.41,13.91,30
151,6b4c549deadd4454deb332d3,M29,1,12.01,15.68,30
151,6b4c549deadd4454deb332d3,M30,1,7.3,9.58,21
152,bc994c242eeac5db55f81cd1,M01,0,5.29,6.91,10
152,bc994c242eeac5db55f81cd1,M02,0,7.08,9.32,15
152,bc994c242eeac5db55f81cd1,M03,0,6.06,9.36,21
152,bc994c242eeac5db55f81cd1,M04,0,5.69,8.59,21
152,bc994c242eeac5db55f81cd1,M05,0,5.53,8.47,21
152,bc994c242eeac5db55f81cd1,M06,0,7.67,11.77,21
152,bc994c242eeac5db55f81cd1,M07,0,7.87,12.83,30
152,bc994c242eeac5db55f81cd1,M08,0,10.98,17.14,30
152,bc994c242eeac5db55f81cd1,M09,0,9.95,16.05,30
152,bc994c242eeac5db55f81cd1,M10,0,12.57,18.74,30
152,bc994c242eeac5db55f81cd1,M11,0,11.63,17.84,30
152,bc994c242eeac5db55f81cd1,M12,0,14,24.05,45
152,bc994c242eeac5db55f81cd1,M13,0,13.4,23.48,60
152,bc994c242eeac5db55f81cd1,M14,0,10.83,20.22,60
152,bc994c242eeac5db55f81cd1,M15,0,13.26,23.9,60
152,bc994c242eeac5db55f81cd1,M16,0,27.98,51.31,100
152,bc994c242eeac5db55f81cd1,M17,0,4.33,6.83,14
152,bc994c242eeac5db55f81cd1,M18,0,6.21,9.32,21
152,bc994c242eeac5db55f81cd1,M19,0,5.77,7.09,21
152,bc994c242eeac5db55f81cd1,M20,0,7.99,9.53,20
152,bc994c242eeac5db55f81cd1,M21,0,5.77,6.95,21
152,bc994c242eeac5db55f81cd1,M22,0,12.41,15.84,45
152,bc994c242eeac5db55f81cd1,M23,0,10.42,13.31,45
152,bc994c242eeac5db55f81cd1,M24,0,12.59,16.53,45
152,bc994c242eeac5db55f81cd1,M25,0,9.1,13.62,20
152,bc994c242eeac5db55f81cd1,M26,0,6.91,12.385,20
152,bc994c242eeac5db55f81cd1,M27,0,8.99,15.7,30
152,bc994c242eeac5db55f81cd1,M28,0,7.45,13.765,30
152,bc994c242eeac5db55f81cd1,M29,0,8.51,15.575,30
152,bc994c242eeac5db55f81cd1,M30,0,4.89,9.385,21
153,dd846ae5b622e8b2e6c71cac,M01,2,8.95,6.88,10
153,dd846ae5b622e8b2e6c71cac,M02,2,11.53,9.32,15
153,dd846ae5b622e8b2e6c71cac,M03,2,13.76,9.36,21
153,dd846ae5b622e8b2e6c71cac,M04,2,12.75,8.58,21
153,dd846ae5b622e8b2e6c71cac,M05,2,12.98,8.46,21
153,dd846ae5b622e8b2e6c71cac,M06,2,16.68,11.66,21
153,dd846ae5b622e8b2e6c71cac,M07,2,19.41,12.81,30
153,dd846ae5b622e8b2e6c71cac,M08,2,23.51,16.97,30
153,dd846ae5b622e8b2e6c71cac,M09,2,22.16,16.03,30
153,dd846ae5b622e8b2e6c71cac,M10,2,25.04,18.71,30
153,dd846ae5b622e8b2e6c71cac,M11,2,24.16,17.82,30
153,dd846ae5b622e8b2e6c71cac,M12,2,34.85,24,45
153,dd846ae5b622e8b2e6c71cac,M13,2,37.07,23.43,60
153,dd846ae5b622e8b2e6c71cac,M14,2,34.06,20.18,60
153,dd846ae5b622e8b2e6c71cac,M15,2,37.26,23.65,60
153,dd846ae5b622e8b2e6c71cac,M16,2,66.41,51.18,100
153,dd846ae5b622e8b2e6c71cac,M17,2,9.14,6.73,14
153,dd846ae5b622e8b2e6c71cac,M18,2,13.05,9.21,21
153,dd846ae5b622e8b2e6c71cac,M19,2,12.93,6.87,21
153,dd846ae5b622e8b2e6c71cac,M20,2,14.51,9.15,20
153,dd846ae5b622e8b2e6c71cac,M21,2,11.65,6.77,21
153,dd846ae5b622e8b2e6c71cac,M22,2,31.02,15.22,45
153,dd846ae5b622e8b2e6c71cac,M23,2,27.15,13.01,45
153,dd846ae5b622e8b2e6c71cac,M24,2,31.78,15.92,45
153,dd846ae5b622e8b2e6c71cac,M25,2,16.54,13.62,20
153,dd846ae5b622e8b2e6c71cac,M26,2,15.2,12.34,20
153,dd846ae5b622e8b2e6c71cac,M27,2,21.29,15.67,30
153,dd846ae5b622e8b2e6c71cac,M28,2,19.49,13.69,30
153,dd846ae5b622e8b2e6c71cac,M29,2,21.08,15.58,30
153,dd846ae5b622e8b2e6c71cac,M30,2,13.82,9.38,21
154,f3706234c543da48bc5c0106,M01,0,8.35,6.91,10
154,f3706234c543da48bc5c0106,M02,0,11.09,9.32,15
154,f3706234c543da48bc5c0106,M03,0,12.89,9.36,21
154,f3706234c543da48bc5c0106,M04,0,11.84,8.59,21
154,f3706234c543da48bc5c0106,M05,0,12.05,8.47,21
154,f3706234c543da48bc5c0106,M06,0,15.58,11.77,21
154,f3706234c543da48bc5c0106,M07,0,18.06,12.83,30
154,f3706234c543da48bc5c0106,M08,0,22.3,17.14,30
154,f3706234c543da48bc5c0106,M09,0,20.84,16.05,30
154,f3706234c543da48bc5c0106,M10,0,23.86,18.74,30
154,f3706234c543da48bc5c0106,M11,0,23.07,17.84,30
154,f3706234c543da48bc5c0106,M12,0,32.72,24.05,45
154,f3706234c543da48bc5c0106,M13,0,34.01,23.48,60
154,f3706234c543da48bc5c0106,M14,0,30.82,20.22,60
154,f3706234c543da48bc5c0106,M15,0,34.8,23.9,60
154,f3706234c543da48bc5c0106,M16,0,63.16,51.31,100
154,f3706234c543da48bc5c0106,M17,0,8.68,6.83,14
154,f3706234c543da48bc5c0106,M18,0,12.22,9.32,21
154,f3706234c543da48bc5c0106,M19,0,11.65,7.09,21
154,f3706234c543da48bc5c0106,M20,0,13.36,9.53,20
154,f3706234c543da48bc5c0106,M21,0,10.59,6.95,21
154,f3706234c543da48bc5c0106,M22,0,27.86,15.84,45
154,f3706234c543da48bc5c0106,M23,0,24.31,13.31,45
154,f3706234c543da48bc5c0106,M24,0,27.94,16.53,45
154,f3706234c543da48bc5c0106,M25,0,15.83,13.62,20
154,f3706234c543da48bc5c0106,M26,0,14.59,12.385,20
154,f3706234c543da48bc5c0106,M27,0,20,15.7,30
154,f3706234c543da48bc5c0106,M28,0,18.18,13.765,30
154,f3706234c543da48bc5c0106,M29,0,20.12,15.575,30
154,f3706234c543da48bc5c0106,M30,0,12.93,9.385,21
155,8109b130d7942e795d77baa7,M01,1,6.14,6.95,10
155,8109b130d7942e795d77baa7,M02,1,8.67,9.36,15
155,8109b130d7942e795d77baa7,M03,1,7.79,9.52,21
155,8109b130d7942e795d77baa7,M04,1,7.65,8.81,21
155,8109b130d7942e795d77baa7,M05,1,7.19,8.8,21
155,8109b130d7942e795d77baa7,M06,1,9.86,11.89,21
155,8109b130d7942e795d77baa7,M07,1,11.24,13,30
155,8109b130d7942e795d77baa7,M08,1,15.24,17.42,30
155,8109b130d7942e795d77baa7,M09,1,13.77,16.18,30
155,8109b130d7942e795d77baa7,M10,1,16.85,18.98,30
155,8109b130d7942e795d77baa7,M11,1,15.61,18.29,30
155,8109b130d7942e795d77baa7,M12,1,20.33,24.62,45
155,8109b130d7942e795d77baa7,M13,1,18.57,24.03,60
155,8109b130d7942e795d77baa7,M14,1,15.5,20.46,60
155,8109b130d7942e795d77baa7,M15,1,20,24.48,60
155,8109b130d7942e795d77baa7,M16,1,42.03,51.76,100
155,8109b130d7942e795d77baa7,M17,1,5.85,6.94,14
155,8109b130d7942e795d77baa7,M18,1,7.91,9.46,21
155,8109b130d7942e795d77baa7,M19,1,6.43,7.16,21
155,8109b130d7942e795d77baa7,M20,1,9.56,9.5,20
155,8109b130d7942e795d77baa7,M21,1,6.67,6.99,21
155,8109b130d7942e795d77baa7,M22,1,15.22,15.84,45
155,8109b130d7942e795d77baa7,M23,1,12.26,13.35,45
155,8109b130d7942e795d77baa7,M24,1,18.18,16.5,45
155,8109b130d7942e795d77baa7,M25,1,12.21,13.75,20
155,8109b130d7942e795d77baa7,M26,1,10.93,12.54,20
155,8109b130d7942e795d77baa7,M27,1,12.87,15.91,30
155,8109b130d7942e795d77baa7,M28,1,11.02,13.91,30
155,8109b130d7942e795d77baa7,M29,1,13.37,15.68,30
155,8109b130d7942e795d77baa7,M30,1,7.66,9.58,21
156,3104d8d880d3cd06ac46bd0b,M01,0,7.63,6.91,10
156,3104d8d880d3cd06ac46bd0b,M02,0,10.16,9.32,15
156,3104d8d880d3cd06ac46bd0b,M03,0,10.98,9.36,21
156,3104d8d880d3cd06ac46bd0b,M04,0,10.1,8.59,21
156,3104d8d880d3cd06ac46bd0b,M05,0,10.2,8.47,21
156,3104d8d880d3cd06ac46bd0b,M06,0,13.68,11.77,21
156,3104d8d880d3cd06ac46bd0b,M07,0,15.16,12.83,30
156,3104d8d880d3cd06ac46bd0b,M08,0,19.53,17.14,30
156,3104d8d880d3cd06ac46bd0b,M09,0,18.29,16.05,30
156,3104d8d880d3cd06ac46bd0b,M10,0,21.14,18.74,30
156,3104d8d880d3cd06ac46bd0b,M11,0,20.3,17.84,30
156,3104d8d880d3cd06ac46bd0b,M12,0,28.01,24.05,45
156,3104d8d880d3cd06ac46bd0b,M13,0,28.67,23.48,60
156,3104d8d880d3cd06ac46bd0b,M14,0,25.1,20.22,60
156,3104d8d880d3cd06ac46bd0b,M15,0,28.78,23.9,60
156,3104d8d880d3cd06ac46bd0b,M16,0,57.3,51.31,100
156,3104d8d880d3cd06ac46bd0b,M17,0,7.49,6.83,14
156,3104d8d880d3cd06ac46bd0b,M18,0,10.16,9.32,21
156,3104d8d880d3cd06ac46bd0b,M19,0,9.5,7.09,21
156,3104d8d880d3cd06ac46bd0b,M20,0,9.76,9.53,20
156,3104d8d880d3cd06ac46bd0b,M21,0,7.1,6.95,21
156,3104d8d880d3cd06ac46bd0b,M22,0,16.62,15.84,45
156,3104d8d880d3cd06ac46bd0b,M23,0,17.25,13.31,45
156,3104d8d880d3cd06ac46bd0b,M24,0,17.13,16.53,45
156,3104d8d880d3cd06ac46bd0b,M25,0,14.75,13.62,20
156,3104d8d880d3cd06ac46bd0b,M26,0,13.47,12.385,20
156,3104d8d880d3cd06ac46bd0b,M27,0,17.78,15.7,30
156,3104d8d880d3cd06ac46bd0b,M28,0,15.82,13.765,30
156,3104d8d880d3cd06ac46bd0b,M29,0,17.69,15.575,30
156,3104d8d880d3cd06ac46bd0b,M30,0,11.07,9.385,21
157,bd2b46e5d8d336def30a4873,M01,1,7.44,6.95,10
157,bd2b46e5d8d336def30a4873,M02,1,9.88,9.36,15
157,bd2b46e5d8d336def30a4873,M03,1,10.44,9.52,21
157,bd2b46e5d8d336def30a4873,M04,1,9.54,8.81,21
157,bd2b46e5d8d336def30a4873,M05,1,9.47,8.8,21
157,bd2b46e5d8d336def30a4873,M06,1,13.03,11.89,21
157,bd2b46e5d8d336def30a4873,M07,1,14.31,13,30
157,bd2b46e5d8d336def30a4873,M08,1,18.7,17.42,30
157,bd2b46e5d8d336def30a4873,M09,1,17.44,16.18,30
157,bd2b46e5d8d336def30a4873,M10,1,20.34,18.98,30
157,bd2b46e5d8d336def30a4873,M11,1,19.35,18.29,30
157,bd2b46e5d8d336def30a4873,M12,1,26.64,24.62,45
157,bd2b46e5d8d336def30a4873,M13,1,26.81,24.03,60
157,bd2b46e5d8d336def30a4873,M14,1,23.06,20.46,60
157,bd2b46e5d8d336def30a4873,M15,1,27.07,24.48,60
157,bd2b46e5d8d336def30a4873,M16,1,55.15,51.76,100
157,bd2b46e5d8d336def30a4873,M17,1,7.28,6.94,14
157,bd2b46e5d8d336def30a4873,M18,1,10.1,9.46,21
157,bd2b46e5d8d336def30a4873,M19,1,8.11,7.16,21
157,bd2b46e5d8d336def30a4873,M20,1,10.53,9.5,20
157,bd2b46e5d8d336def30a4873,M21,1,7.59,6.99,21
157,bd2b46e5d8d336def30a4873,M22,1,18.39,15.84,45
157,bd2b46e5d8d336def30a4873,M23,1,15.53,13.35,45
157,bd2b46e5d8d336def30a4873,M24,1,18.86,16.5,45
157,bd2b46e5d8d336def30a4873,M25,1,14.35,13.75,20
157,bd2b46e5d8d336def30a4873,M26,1,13,12.54,20
157,bd2b46e5d8d336def30a4873,M27,1,16.94,15.91,30
157,bd2b46e5d8d336def30a4873,M28,1,14.83,13.91,30
157,bd2b46e5d8d336def30a4873,M29,1,16.87,15.68,30
157,bd2b46e5d8d336def30a4873,M30,1,10.42,9.58,21
158,3fd88639055c4f90157ae592,M01,4,8.32,6.845,10
158,3fd88639055c4f90157ae592,M02,4,10.99,9.175,15
158,3fd88639055c4f90157ae592,M03,4,12.7,9.25,21
158,3fd88639055c4f90157ae592,M04,4,11.65,8.44,21
158,3fd88639055c4f90157ae592,M05,4,11.86,8.46,21
158,3fd88639055c4f90157ae592,M06,4,15.67,11.555,21
158,3fd88639055c4f90157ae592,M07,4,17.75,12.545,30
158,3fd88639055c4f90157ae592,M08,4,22.02,16.89,30
158,3fd88639055c4f90157ae592,M09,4,20.58,15.81,30
158,3fd88639055c4f90157ae592,M10,4,23.59,18.53,30
158,3fd88639055c4f90157ae592,M11,4,22.87,17.615,30
158,3fd88639055c4f90157ae592,M12,4,32.47,23.555,45
158,3fd88639055c4f90157ae592,M13,4,33.88,23.13,60
158,3fd88639055c4f90157ae592,M14,4,30.62,19.65,60
158,3fd88639055c4f90157ae592,M15,4,34.33,23.315,60
158,3fd88639055c4f90157ae592,M16,4,63,50.515,100
158,3fd88639055c4f90157ae592,M17,4,8.59,6.655,14
158,3fd88639055c4f90157ae592,M18,4,12.06,9.155,21
158,3fd88639055c4f90157ae592,M19,4,11.55,6.985,21
158,3fd88639055c4f90157ae592,M20,4,13.52,9.35,20
158,3fd88639055c4f90157ae592,M21,4,10.65,6.77,21
158,3fd88639055c4f90157ae592,M22,4,27.95,15.23,45
158,3fd88639055c4f90157ae592,M23,4,24.2,13.01,45
158,3fd88639055c4f90157ae592,M24,4,28.58,15.92,45
158,3fd88639055c4f90157ae592,M25,4,15.81,13.5,20
158,3fd88639055c4f90157ae592,M26,4,14.55,12.19,20
158,3fd88639055c4f90157ae592,M27,4,19.79,15.28,30
158,3fd88639055c4f90157ae592,M28,4,18.1,13.34,30
158,3fd88639055c4f90157ae592,M29,4,19.97,15.58,30
158,3fd88639055c4f90157ae592,M30,4,12.74,9.25,21
159,7953ee787848eada3b125164,M01,3,5.16,6.99,10
159,7953ee787848eada3b125164,M02,3,6.25,9.41,15
159,7953ee787848eada3b125164,M03,3,5.25,9.67,21
159,7953ee787848eada3b125164,M04,3,5.04,8.99,21
159,7953ee787848eada3b125164,M05,3,4.89,8.87,21
159,7953ee787848eada3b125164,M06,3,6.71,12.11,21
159,7953ee787848eada3b125164,M07,3,6.78,13.26,30
159,7953ee787848eada3b125164,M08,3,9.04,17.66,30
159,7953ee787848eada3b125164,M09,3,7.99,16.64,30
159,7953ee787848eada3b125164,M10,3,10.48,19.22,30
159,7953ee787848eada3b125164,M11,3,9.55,18.33,30
159,7953ee787848eada3b125164,M12,3,11.15,24.98,45
159,7953ee787848eada3b125164,M13,3,12.88,24.67,60
159,7953ee787848eada3b125164,M14,3,10.86,20.81,60
159,7953ee787848eada3b125164,M15,3,12.73,24.93,60
159,7953ee787848eada3b125164,M16,3,26.84,52.34,100
159,7953ee787848eada3b125164,M17,3,3.28,6.99,14
159,7953ee787848eada3b125164,M18,3,5.38,9.6,21
159,7953ee787848eada3b125164,M19,3,4.59,7.26,21
159,7953ee787848eada3b125164,M20,3,5.68,9.575,20
159,7953ee787848eada3b125164,M21,3,4.56,6.985,21
159,7953ee787848eada3b125164,M22,3,8.58,16.03,45
159,7953ee787848eada3b125164,M23,3,7.12,13.455,45
159,7953ee787848eada3b125164,M24,3,8.05,16.74,45
159,7953ee787848eada3b125164,M25,3,12.43,13.8,20
159,7953ee787848eada3b125164,M26,3,10.98,12.58,20
159,7953ee787848eada3b125164,M27,3,12.95,15.98,30
159,7953ee787848eada3b125164,M28,3,10.91,14.22,30
159,7953ee787848eada3b125164,M29,3,12.93,16.04,30
159,7953ee787848eada3b125164,M30,3,7.82,9.75,21
160,2673245c3e0a30a5c3e96d57,M01,0,4.87,6.91,10
160,2673245c3e0a30a5c3e96d57,M02,0,6.15,9.32,15
160,2673245c3e0a30a5c3e96d57,M03,0,5.16,9.36,21
160,2673245c3e0a30a5c3e96d57,M04,0,4.94,8.59,21
160,2673245c3e0a30a5c3e96d57,M05,0,4.8,8.47,21
160,2673245c3e0a30a5c3e96d57,M06,0,6.58,11.77,21
160,2673245c3e0a30a5c3e96d57,M07,0,6.67,12.83,30
160,2673245c3e0a30a5c3e96d57,M08,0,8.81,17.14,30
160,2673245c3e0a30a5c3e96d57,M09,0,7.65,16.05,30
160,2673245c3e0a30a5c3e96d57,M10,0,10.24,18.74,30
160,2673245c3e0a30a5c3e96d57,M11,0,9.26,17.84,30
160,2673245c3e0a30a5c3e96d57,M12,0,10.82,24.05,45
160,2673245c3e0a30a5c3e96d57,M13,0,10.61,23.48,60
160,2673245c3e0a30a5c3e96d57,M14,0,10.47,20.22,60
160,2673245c3e0a30a5c3e96d57,M15,0,8.54,23.9,60
160,2673245c3e0a30a5c3e96d57,M16,0,18.83,51.31,100
160,2673245c3e0a30a5c3e96d57,M17,0,3.03,6.83,14
160,2673245c3e0a30a5c3e96d57,M18,0,5.26,9.32,21
160,2673245c3e0a30a5c3e96d57,M19,0,4.55,7.09,21
160,2673245c3e0a30a5c3e96d57,M20,0,5.56,9.53,20
160,2673245c3e0a30a5c3e96d57,M21,0,4.52,6.95,21
160,2673245c3e0a30a5c3e96d57,M22,0,8.71,15.84,45
160,2673245c3e0a30a5c3e96d57,M23,0,7.46,13.31,45
160,2673245c3e0a30a5c3e96d57,M24,0,8.52,16.53,45
160,2673245c3e0a30a5c3e96d57,M25,0,9.75,13.62,20
160,2673245c3e0a30a5c3e96d57,M26,0,8.16,12.385,20
160,2673245c3e0a30a5c3e96d57,M27,0,8.94,15.7,30
160,2673245c3e0a30a5c3e96d57,M28,0,7.63,13.765,30
160,2673245c3e0a30a5c3e96d57,M29,0,8.84,15.575,30
160,2673245c3e0a30a5c3e96d57,M30,0,5.68,9.385,21
161,cf53cfefe4d6fe2f0d464145,M01,4,6.99,6.845,10
161,cf53cfefe4d6fe2f0d464145,M02,4,9.35,9.175,15
161,cf53cfefe4d6fe2f0d464145,M03,4,9.44,9.25,21
161,cf53cfefe4d6fe2f0d464145,M04,4,8.57,8.44,21
161,cf53cfefe4d6fe2f0d464145,M05,4,8.45,8.46,21
161,cf53cfefe4d6fe2f0d464145,M06,4,11.86,11.555,21
161,cf53cfefe4d6fe2f0d464145,M07,4,12.83,12.545,30
161,cf53cfefe4d6fe2f0d464145,M08,4,17.21,16.89,30
161,cf53cfefe4d6fe2f0d464145,M09,4,15.96,15.81,30
161,cf53cfefe4d6fe2f0d464145,M10,4,18.82,18.53,30
161,cf53cfefe4d6fe2f0d464145,M11,4,17.84,17.615,30
161,cf53cfefe4d6fe2f0d464145,M12,4,24.23,23.555,45
161,cf53cfefe4d6fe2f0d464145,M13,4,23.8,23.13,60
161,cf53cfefe4d6fe2f0d464145,M14,4,20.18,19.65,60
161,cf53cfefe4d6fe2f0d464145,M15,4,23.97,23.315,60
161,cf53cfefe4d6fe2f0d464145,M16,4,51.53,50.515,100
161,cf53cfefe4d6fe2f0d464145,M17,4,6.67,6.655,14
161,cf53cfefe4d6fe2f0d464145,M18,4,9.19,9.155,21
161,cf53cfefe4d6fe2f0d464145,M19,4,6.67,6.985,21
161,cf53cfefe4d6fe2f0d464145,M20,4,9.11,9.35,20
161,cf53cfefe4d6fe2f0d464145,M21,4,6.42,6.77,21
161,cf53cfefe4d6fe2f0d464145,M22,4,14.55,15.23,45
161,cf53cfefe4d6fe2f0d464145,M23,4,12.41,13.01,45
161,cf53cfefe4d6fe2f0d464145,M24,4,14.74,15.92,45
161,cf53cfefe4d6fe2f0d464145,M25,4,13.66,13.5,20
161,cf53cfefe4d6fe2f0d464145,M26,4,12.34,12.19,20
161,cf53cfefe4d6fe2f0d464145,M27,4,15.57,15.28,30
161,cf53cfefe4d6fe2f0d464145,M28,4,13.51,13.34,30
161,cf53cfefe4d6fe2f0d464145,M29,4,15.46,15.58,30
161,cf53cfefe4d6fe2f0d464145,M30,4,9.42,9.25,21
162,bbde6b2455ce1854559c6709,M01,1,7.34,6.95,10
162,bbde6b2455ce1854559c6709,M02,1,9.73,9.36,15
162,bbde6b2455ce1854559c6709,M03,1,10.16,9.52,21
162,bbde6b2455ce1854559c6709,M04,1,9.35,8.81,21
162,bbde6b2455ce1854559c6709,M05,1,9.19,8.8,21
162,bbde6b2455ce1854559c6709,M06,1,12.73,11.89,21
162,bbde6b2455ce1854559c6709,M07,1,13.91,13,30
162,bbde6b2455ce1854559c6709,M08,1,18.31,17.42,30
162,bbde6b2455ce1854559c6709,M09,1,17.24,16.18,30
162,bbde6b2455ce1854559c6709,M10,1,19.92,18.98,30
162,bbde6b2455ce1854559c6709,M11,1,18.99,18.29,30
162,bbde6b2455ce1854559c6709,M12,1,26.21,24.62,45
162,bbde6b2455ce1854559c6709,M13,1,26.08,24.03,60
162,bbde6b2455ce1854559c6709,M14,1,22.57,20.46,60
162,bbde6b2455ce1854559c6709,M15,1,26.51,24.48,60
162,bbde6b2455ce1854559c6709,M16,1,54.3,51.76,100
162,bbde6b2455ce1854559c6709,M17,1,7.13,6.94,14
162,bbde6b2455ce1854559c6709,M18,1,9.97,9.46,21
162,bbde6b2455ce1854559c6709,M19,1,7.21,7.16,21
162,bbde6b2455ce1854559c6709,M20,1,9.66,9.5,20
162,bbde6b2455ce1854559c6709,M21,1,6.9,6.99,21
162,bbde6b2455ce1854559c6709,M22,1,15.93,15.84,45
162,bbde6b2455ce1854559c6709,M23,1,13.56,13.35,45
162,bbde6b2455ce1854559c6709,M24,1,16.19,16.5,45
162,bbde6b2455ce1854559c6709,M25,1,14.26,13.75,20
162,bbde6b2455ce1854559c6709,M26,1,12.91,12.54,20
162,bbde6b2455ce1854559c6709,M27,1,16.69,15.91,30
162,bbde6b2455ce1854559c6709,M28,1,14.58,13.91,30
162,bbde6b2455ce1854559c6709,M29,1,16.51,15.68,30
162,bbde6b2455ce1854559c6709,M30,1,10.14,9.58,21
163,bbde6b2455ce1854559c6709,M01,1,7.34,6.95,10
163,bbde6b2455ce1854559c6709,M02,1,9.79,9.36,15
163,bbde6b2455ce1854559c6709,M03,1,10.25,9.52,21
163,bbde6b2455ce1854559c6709,M04,1,9.4,8.81,21
163,bbde6b2455ce1854559c6709,M05,1,9.31,8.8,21
163,bbde6b2455ce1854559c6709,M06,1,12.81,11.89,21
163,bbde6b2455ce1854559c6709,M07,1,14.04,13,30
163,bbde6b2455ce1854559c6709,M08,1,18.44,17.42,30
163,bbde6b2455ce1854559c6709,M09,1,17.24,16.18,30
163,bbde6b2455ce1854559c6709,M10,1,20.06,18.98,30
163,bbde6b2455ce1854559c6709,M11,1,19.12,18.29,30
163,bbde6b2455ce1854559c6709,M12,1,26.21,24.62,45
163,bbde6b2455ce1854559c6709,M13,1,26.31,24.03,60
163,bbde6b2455ce1854559c6709,M14,1,22.57,20.46,60
163,bbde6b2455ce1854559c6709,M15,1,26.51,24.48,60
163,bbde6b2455ce1854559c6709,M16,1,54.55,51.76,100
163,bbde6b2455ce1854559c6709,M17,1,7.19,6.94,14
163,bbde6b2455ce1854559c6709,M18,1,9.98,9.46,21
163,bbde6b2455ce1854559c6709,M19,1,8.04,7.16,21
163,bbde6b2455ce1854559c6709,M20,1,10.46,9.5,20
163,bbde6b2455ce1854559c6709,M21,1,7.6,6.99,21
163,bbde6b2455ce1854559c6709,M22,1,18.19,15.84,45
163,bbde6b2455ce1854559c6709,M23,1,15.37,13.35,45
163,bbde6b2455ce1854559c6709,M24,1,18.66,16.5,45
163,bbde6b2455ce1854559c6709,M25,1,14.26,13.75,20
163,bbde6b2455ce1854559c6709,M26,1,12.91,12.54,20
163,bbde6b2455ce1854559c6709,M27,1,16.69,15.91,30
163,bbde6b2455ce1854559c6709,M28,1,14.58,13.91,30
163,bbde6b2455ce1854559c6709,M29,1,16.66,15.68,30
163,bbde6b2455ce1854559c6709,M30,1,10.25,9.58,21
164,2f5f0ba7541c2228903defab,M01,1,7.08,6.95,10
164,2f5f0ba7541c2228903defab,M02,1,9.44,9.36,15
164,2f5f0ba7541c2228903defab,M03,1,9.6,9.52,21
164,2f5f0ba7541c2228903defab,M04,1,8.77,8.81,21
164,2f5f0ba7541c2228903defab,M05,1,8.8,8.8,21
164,2f5f0ba7541c2228903defab,M06,1,12.11,11.89,21
164,2f5f0ba7541c2228903defab,M07,1,13.06,13,30
164,2f5f0ba7541c2228903defab,M08,1,17.41,17.42,30
164,2f5f0ba7541c2228903defab,M09,1,16.18,16.18,30
164,2f5f0ba7541c2228903defab,M10,1,19.08,18.98,30
164,2f5f0ba7541c2228903defab,M11,1,18.2,18.29,30
164,2f5f0ba7541c2228903defab,M12,1,24.47,24.62,45
164,2f5f0ba7541c2228903defab,M13,1,24.45,24.03,60
164,2f5f0ba7541c2228903defab,M14,1,20.81,20.46,60
164,2f5f0ba7541c2228903defab,M15,1,24.37,24.48,60
164,2f5f0ba7541c2228903defab,M16,1,52.34,51.76,100
164,2f5f0ba7541c2228903defab,M17,1,6.89,6.94,14
164,2f5f0ba7541c2228903defab,M18,1,9.37,9.46,21
164,2f5f0ba7541c2228903defab,M19,1,8.64,7.16,21
164,2f5f0ba7541c2228903defab,M20,1,11.02,9.5,20
164,2f5f0ba7541c2228903defab,M21,1,8.25,6.99,21
164,2f5f0ba7541c2228903defab,M22,1,20.14,15.84,45
164,2f5f0ba7541c2228903defab,M23,1,17.03,13.35,45
164,2f5f0ba7541c2228903defab,M24,1,20.58,16.5,45
164,2f5f0ba7541c2228903defab,M25,1,13.86,13.75,20
164,2f5f0ba7541c2228903defab,M26,1,12.51,12.54,20
164,2f5f0ba7541c2228903defab,M27,1,15.91,15.91,30
164,2f5f0ba7541c2228903defab,M28,1,13.84,13.91,30
164,2f5f0ba7541c2228903defab,M29,1,15.74,15.68,30
164,2f5f0ba7541c2228903defab,M30,1,9.62,9.58,21
165,ea2b62de5e4c4a4dd0b95da6,M01,1,8.36,6.95,10
165,ea2b62de5e4c4a4dd0b95da6,M02,1,11.08,9.36,15
165,ea2b62de5e4c4a4dd0b95da6,M03,1,12.92,9.52,21
165,ea2b62de5e4c4a4dd0b95da6,M04,1,11.78,8.81,21
165,ea2b62de5e4c4a4dd0b95da6,M05,1,12.01,8.8,21
165,ea2b62de5e4c4a4dd0b95da6,M06,1,15.59,11.89,21
165,ea2b62de5e4c4a4dd0b95da6,M07,1,18.11,13,30
165,ea2b62de5e4c4a4dd0b95da6,M08,1,22.35,17.42,30
165,ea2b62de5e4c4a4dd0b95da6,M09,1,20.77,16.18,30
165,ea2b62de5e4c4a4dd0b95da6,M10,1,23.88,18.98,30
165,ea2b62de5e4c4a4dd0b95da6,M11,1,22.89,18.29,30
165,ea2b62de5e4c4a4dd0b95da6,M12,1,32.81,24.62,45
165,ea2b62de5e4c4a4dd0b95da6,M13,1,34.12,24.03,60
165,ea2b62de5e4c4a4dd0b95da6,M14,1,30.96,20.46,60
165,ea2b62de5e4c4a4dd0b95da6,M15,1,34.84,24.48,60
165,ea2b62de5e4c4a4dd0b95da6,M16,1,63.27,51.76,100
165,ea2b62de5e4c4a4dd0b95da6,M17,1,8.61,6.94,14
165,ea2b62de5e4c4a4dd0b95da6,M18,1,12.15,9.46,21
165,ea2b62de5e4c4a4dd0b95da6,M19,1,11.54,7.16,21
165,ea2b62de5e4c4a4dd0b95da6,M20,1,13.31,9.5,20
165,ea2b62de5e4c4a4dd0b95da6,M21,1,10.48,6.99,21
165,ea2b62de5e4c4a4dd0b95da6,M22,1,27.28,15.84,45
165,ea2b62de5e4c4a4dd0b95da6,M23,1,23.75,13.35,45
165,ea2b62de5e4c4a4dd0b95da6,M24,1,28.12,16.5,45
165,ea2b62de5e4c4a4dd0b95da6,M25,1,15.83,13.75,20
165,ea2b62de5e4c4a4dd0b95da6,M26,1,14.59,12.54,20
165,ea2b62de5e4c4a4dd0b95da6,M27,1,20.02,15.91,30
165,ea2b62de5e4c4a4dd0b95da6,M28,1,18.23,13.91,30
165,ea2b62de5e4c4a4dd0b95da6,M29,1,20.15,15.68,30
165,ea2b62de5e4c4a4dd0b95da6,M30,1,12.96,9.58,21
166,85cf5990e92211843a2bfe23,M01,1,7.64,6.95,10
166,85cf5990e92211843a2bfe23,M02,1,10.25,9.36,15
166,85cf5990e92211843a2bfe23,M03,1,11.25,9.52,21
166,85cf5990e92211843a2bfe23,M04,1,10.33,8.81,21
166,85cf5990e92211843a2bfe23,M05,1,10.44,8.8,21
166,85cf5990e92211843a2bfe23,M06,1,13.91,11.89,21
166,85cf5990e92211843a2bfe23,M07,1,15.59,13,30
166,85cf5990e92211843a2bfe23,M08,1,19.95,17.42,30
166,85cf5990e92211843a2bfe23,M09,1,18.67,16.18,30
166,85cf5990e92211843a2bfe23,M10,1,21.54,18.98,30
166,85cf5990e92211843a2bfe23,M11,1,20.68,18.29,30
166,85cf5990e92211843a2bfe23,M12,1,28.8,24.62,45
166,85cf5990e92211843a2bfe23,M13,1,29.56,24.03,60
166,85cf5990e92211843a2bfe23,M14,1,26.23,20.46,60
166,85cf5990e92211843a2bfe23,M15,1,29.69,24.48,60
166,85cf5990e92211843a2bfe23,M16,1,58.33,51.76,100
166,85cf5990e92211843a2bfe23,M17,1,7.82,6.94,14
166,85cf5990e92211843a2bfe23,M18,1,10.85,9.46,21
166,85cf5990e92211843a2bfe23,M19,1,10.24,7.16,21
166,85cf5990e92211843a2bfe23,M20,1,12.43,9.5,20
166,85cf5990e92211843a2bfe23,M21,1,9.69,6.99,21
166,85cf5990e92211843a2bfe23,M22,1,24.53,15.84,45
166,85cf5990e92211843a2bfe23,M23,1,21.23,13.35,45
166,85cf5990e92211843a2bfe23,M24,1,24.95,16.5,45
166,85cf5990e92211843a2bfe23,M25,1,14.83,13.75,20
166,85cf5990e92211843a2bfe23,M26,1,13.6,12.54,20
166,85cf5990e92211843a2bfe23,M27,1,18.05,15.91,30
166,85cf5990e92211843a2bfe23,M28,1,16.16,13.91,30
166,85cf5990e92211843a2bfe23,M29,1,17.94,15.68,30
166,85cf5990e92211843a2bfe23,M30,1,11.28,9.58,21
169,38aad91045bd921bbb9277ed,M01,2,5.64,6.88,10
169,38aad91045bd921bbb9277ed,M02,2,7.41,9.32,15
169,38aad91045bd921bbb9277ed,M03,2,6.54,9.36,21
169,38aad91045bd921bbb9277ed,M04,2,6.04,8.58,21
169,38aad91045bd921bbb9277ed,M05,2,5.93,8.46,21
169,38aad91045bd921bbb9277ed,M06,2,8.24,11.66,21
169,38aad91045bd921bbb9277ed,M07,2,8.43,12.81,30
169,38aad91045bd921bbb9277ed,M08,2,11.15,16.97,30
169,38aad91045bd921bbb9277ed,M09,2,9.83,16.03,30
169,38aad91045bd921bbb9277ed,M10,2,13.12,18.71,30
169,38aad91045bd921bbb9277ed,M11,2,12.03,17.82,30
169,38aad91045bd921bbb9277ed,M12,2,13.75,24,45
169,38aad91045bd921bbb9277ed,M13,2,13.55,23.43,60
169,38aad91045bd921bbb9277ed,M14,2,10.81,20.18,60
169,38aad91045bd921bbb9277ed,M15,2,13.68,23.65,60
169,38aad91045bd921bbb9277ed,M16,2,26.46,51.18,100
169,38aad91045bd921bbb9277ed,M17,2,4.57,6.73,14
169,38aad91045bd921bbb9277ed,M18,2,6.62,9.21,21
169,38aad91045bd921bbb9277ed,M19,2,5.52,6.87,21
169,38aad91045bd921bbb9277ed,M20,2,7.46,9.15,20
169,38aad91045bd921bbb9277ed,M21,2,5.35,6.77,21
169,38aad91045bd921bbb9277ed,M22,2,10.75,15.22,45
169,38aad91045bd921bbb9277ed,M23,2,8.97,13.01,45
169,38aad91045bd921bbb9277ed,M24,2,10.94,15.92,45
169,38aad91045bd921bbb9277ed,M25,2,11.12,13.62,20
169,38aad91045bd921bbb9277ed,M26,2,9.28,12.34,20
169,38aad91045bd921bbb9277ed,M27,2,10.85,15.67,30
169,38aad91045bd921bbb9277ed,M28,2,8.94,13.69,30
169,38aad91045bd921bbb9277ed,M29,2,10.81,15.58,30
169,38aad91045bd921bbb9277ed,M30,2,6.52,9.38,21
170,17c5451c41ce50a5b92f91d5,M01,0,7.17,6.91,10
170,17c5451c41ce50a5b92f91d5,M02,0,9.62,9.32,15
170,17c5451c41ce50a5b92f91d5,M03,0,10.03,9.36,21
170,17c5451c41ce50a5b92f91d5,M04,0,9.28,8.59,21
170,17c5451c41ce50a5b92f91d5,M05,0,9.32,8.47,21
170,17c5451c41ce50a5b92f91d5,M06,0,12.56,11.77,21
170,17c5451c41ce50a5b92f91d5,M07,0,13.77,12.83,30
170,17c5451c41ce50a5b92f91d5,M08,0,18.15,17.14,30
170,17c5451c41ce50a5b92f91d5,M09,0,17.08,16.05,30
170,17c5451c41ce50a5b92f91d5,M10,0,19.75,18.74,30
170,17c5451c41ce50a5b92f91d5,M11,0,19.04,17.84,30
170,17c5451c41ce50a5b92f91d5,M12,0,25.83,24.05,45
170,17c5451c41ce50a5b92f91d5,M13,0,25.95,23.48,60
170,17c5451c41ce50a5b92f91d5,M14,0,22.49,20.22,60
170,17c5451c41ce50a5b92f91d5,M15,0,26.09,23.9,60
170,17c5451c41ce50a5b92f91d5,M16,0,54.2,51.31,100
170,17c5451c41ce50a5b92f91d5,M17,0,7.19,6.83,14
170,17c5451c41ce50a5b92f91d5,M18,0,9.87,9.32,21
170,17c5451c41ce50a5b92f91d5,M19,0,8.92,7.09,21
170,17c5451c41ce50a5b92f91d5,M20,0,11.29,9.53,20
170,17c5451c41ce50a5b92f91d5,M21,0,8.57,6.95,21
170,17c5451c41ce50a5b92f91d5,M22,0,21.01,15.84,45
170,17c5451c41ce50a5b92f91d5,M23,0,17.99,13.31,45
170,17c5451c41ce50a5b92f91d5,M24,0,21.47,16.53,45
170,17c5451c41ce50a5b92f91d5,M25,0,14.07,13.62,20
170,17c5451c41ce50a5b92f91d5,M26,0,12.81,12.385,20
170,17c5451c41ce50a5b92f91d5,M27,0,16.45,15.7,30
170,17c5451c41ce50a5b92f91d5,M28,0,14.49,13.765,30
170,17c5451c41ce50a5b92f91d5,M29,0,16.35,15.575,30
170,17c5451c41ce50a5b92f91d5,M30,0,10.05,9.385,21
171,198e5fddcc2aa9ebc444b3a6,M01,4,7.62,6.845,10
171,198e5fddcc2aa9ebc444b3a6,M02,4,10.14,9.175,15
171,198e5fddcc2aa9ebc444b3a6,M03,4,10.85,9.25,21
171,198e5fddcc2aa9ebc444b3a6,M04,4,9.76,8.44,21
171,198e5fddcc2aa9ebc444b3a6,M05,4,9.73,8.46,21
171,198e5fddcc2aa9ebc444b3a6,M06,4,13.45,11.555,21
171,198e5fddcc2aa9ebc444b3a6,M07,4,14.88,12.545,30
171,198e5fddcc2aa9ebc444b3a6,M08,4,19.27,16.89,30
171,198e5fddcc2aa9ebc444b3a6,M09,4,17.76,15.81,30
171,198e5fddcc2aa9ebc444b3a6,M10,4,20.94,18.53,30
171,198e5fddcc2aa9ebc444b3a6,M11,4,19.72,17.615,30
171,198e5fddcc2aa9ebc444b3a6,M12,4,27.46,23.555,45
171,198e5fddcc2aa9ebc444b3a6,M13,4,27.7,23.13,60
171,198e5fddcc2aa9ebc444b3a6,M14,4,23.85,19.65,60
171,198e5fddcc2aa9ebc444b3a6,M15,4,28.02,23.315,60
171,198e5fddcc2aa9ebc444b3a6,M16,4,56.08,50.515,100
171,198e5fddcc2aa9ebc444b3a6,M17,4,7.45,6.655,14
171,198e5fddcc2aa9ebc444b3a6,M18,4,10.34,9.155,21
171,198e5fddcc2aa9ebc444b3a6,M19,4,8.55,6.985,21
171,198e5fddcc2aa9ebc444b3a6,M20,4,10.81,9.35,20
171,198e5fddcc2aa9ebc444b3a6,M21,4,7.92,6.77,21
171,198e5fddcc2aa9ebc444b3a6,M22,4,19.36,15.23,45
171,198e5fddcc2aa9ebc444b3a6,M23,4,16.3,13.01,45
171,198e5fddcc2aa9ebc444b3a6,M24,4,19.93,15.92,45
171,198e5fddcc2aa9ebc444b3a6,M25,4,14.68,13.5,20
171,198e5fddcc2aa9ebc444b3a6,M26,4,13.29,12.19,20
171,198e5fddcc2aa9ebc444b3a6,M27,4,17.44,15.28,30
171,198e5fddcc2aa9ebc444b3a6,M28,4,15.28,13.34,30
171,198e5fddcc2aa9ebc444b3a6,M29,4,17.43,15.58,30
171,198e5fddcc2aa9ebc444b3a6,M30,4,10.89,9.25,21
172,7f5e8df8b8eb711b7b25801c,M01,2,7.72,6.88,10
172,7f5e8df8b8eb711b7b25801c,M02,2,10.34,9.32,15
172,7f5e8df8b8eb711b7b25801c,M03,2,11.45,9.36,21
172,7f5e8df8b8eb711b7b25801c,M04,2,10.61,8.58,21
172,7f5e8df8b8eb711b7b25801c,M05,2,10.7,8.46,21
172,7f5e8df8b8eb711b7b25801c,M06,2,14.09,11.66,21
172,7f5e8df8b8eb711b7b25801c,M07,2,15.93,12.81,30
172,7f5e8df8b8eb711b7b25801c,M08,2,20.29,16.97,30
172,7f5e8df8b8eb711b7b25801c,M09,2,19.12,16.03,30
172,7f5e8df8b8eb711b7b25801c,M10,2,21.81,18.71,30
172,7f5e8df8b8eb711b7b25801c,M11,2,20.99,17.82,30
172,7f5e8df8b8eb711b7b25801c,M12,2,29.44,24,45
172,7f5e8df8b8eb711b7b25801c,M13,2,30.18,23.43,60
172,7f5e8df8b8eb711b7b25801c,M14,2,26.93,20.18,60
172,7f5e8df8b8eb711b7b25801c,M15,2,30.4,23.65,60
172,7f5e8df8b8eb711b7b25801c,M16,2,59.01,51.18,100
172,7f5e8df8b8eb711b7b25801c,M17,2,7.98,6.73,14
172,7f5e8df8b8eb711b7b25801c,M18,2,11.08,9.21,21
172,7f5e8df8b8eb711b7b25801c,M19,2,9.92,6.87,21
172,7f5e8df8b8eb711b7b25801c,M20,2,12.09,9.15,20
172,7f5e8df8b8eb711b7b25801c,M21,2,9.29,6.77,21
172,7f5e8df8b8eb711b7b25801c,M22,2,23.37,15.22,45
172,7f5e8df8b8eb711b7b25801c,M23,2,20.1,13.01,45
172,7f5e8df8b8eb711b7b25801c,M24,2,23.9,15.92,45
172,7f5e8df8b8eb711b7b25801c,M25,2,14.93,13.62,20
172,7f5e8df8b8eb711b7b25801c,M26,2,13.7,12.34,20
172,7f5e8df8b8eb711b7b25801c,M27,2,18.24,15.67,30
172,7f5e8df8b8eb711b7b25801c,M28,2,16.41,13.69,30
172,7f5e8df8b8eb711b7b25801c,M29,2,18.17,15.58,30
172,7f5e8df8b8eb711b7b25801c,M30,2,11.51,9.38,21
173,ad9f97620dab23d56e68f899,M01,2,6.29,6.88,10
173,ad9f97620dab23d56e68f899,M02,2,8.33,9.32,15
173,ad9f97620dab23d56e68f899,M03,2,7.69,9.36,21
173,ad9f97620dab23d56e68f899,M04,2,6.95,8.58,21
173,ad9f97620dab23d56e68f899,M05,2,6.89,8.46,21
173,ad9f97620dab23d56e68f899,M06,2,9.78,11.66,21
173,ad9f97620dab23d56e68f899,M07,2,10.19,12.81,30
173,ad9f97620dab23d56e68f899,M08,2,14.2,16.97,30
173,ad9f97620dab23d56e68f899,M09,2,12.95,16.03,30
173,ad9f97620dab23d56e68f899,M10,2,15.89,18.71,30
173,ad9f97620dab23d56e68f899,M11,2,14.93,17.82,30
173,ad9f97620dab23d56e68f899,M12,2,19.16,24,45
173,ad9f97620dab23d56e68f899,M13,2,18.21,23.43,60
173,ad9f97620dab23d56e68f899,M14,2,15,20.18,60
173,ad9f97620dab23d56e68f899,M15,2,18.24,23.65,60
173,ad9f97620dab23d56e68f899,M16,2,41.68,51.18,100
173,ad9f97620dab23d56e68f899,M17,2,5.55,6.73,14
173,ad9f97620dab23d56e68f899,M18,2,7.56,9.21,21
173,ad9f97620dab23d56e68f899,M19,2,5.92,6.87,21
173,ad9f97620dab23d56e68f899,M20,2,8.02,9.15,20
173,ad9f97620dab23d56e68f899,M21,2,5.71,6.77,21
173,ad9f97620dab23d56e68f899,M22,2,12.39,15.22,45
173,ad9f97620dab23d56e68f899,M23,2,10.52,13.01,45
173,ad9f97620dab23d56e68f899,M24,2,12.41,15.92,45
173,ad9f97620dab23d56e68f899,M25,2,12.43,13.62,20
173,ad9f97620dab23d56e68f899,M26,2,10.94,12.34,20
173,ad9f97620dab23d56e68f899,M27,2,13.02,15.67,30
173,ad9f97620dab23d56e68f899,M28,2,10.91,13.69,30
173,ad9f97620dab23d56e68f899,M29,2,12.82,15.58,30
173,ad9f97620dab23d56e68f899,M30,2,7.7,9.38,21
174,a0df11ab37c188b3740160a6,M01,4,7.08,6.845,10
174,a0df11ab37c188b3740160a6,M02,4,9.49,9.175,15
174,a0df11ab37c188b3740160a6,M03,4,9.73,9.25,21
174,a0df11ab37c188b3740160a6,M04,4,9.02,8.44,21
174,a0df11ab37c188b3740160a6,M05,4,9.03,8.46,21
174,a0df11ab37c188b3740160a6,M06,4,12.21,11.555,21
174,a0df11ab37c188b3740160a6,M07,4,13.3,12.545,30
174,a0df11ab37c188b3740160a6,M08,4,17.67,16.89,30
174,a0df11ab37c188b3740160a6,M09,4,16.64,15.81,30
174,a0df11ab37c188b3740160a6,M10,4,19.29,18.53,30
174,a0df11ab37c188b3740160a6,M11,4,18.58,17.615,30
174,a0df11ab37c188b3740160a6,M12,4,24.98,23.555,45
174,a0df11ab37c188b3740160a6,M13,4,24.82,23.13,60
174,a0df11ab37c188b3740160a6,M14,4,21.36,19.65,60
174,a0df11ab37c188b3740160a6,M15,4,25.09,23.315,60
174,a0df11ab37c188b3740160a6,M16,4,52.83,50.515,100
174,a0df11ab37c188b3740160a6,M17,4,7.03,6.655,14
174,a0df11ab37c188b3740160a6,M18,4,9.6,9.155,21
174,a0df11ab37c188b3740160a6,M19,4,7.85,6.985,21
174,a0df11ab37c188b3740160a6,M20,4,10.24,9.35,20
174,a0df11ab37c188b3740160a6,M21,4,7.59,6.77,21
174,a0df11ab37c188b3740160a6,M22,4,17.81,15.23,45
174,a0df11ab37c188b3740160a6,M23,4,15.12,13.01,45
174,a0df11ab37c188b3740160a6,M24,4,18.26,15.92,45
174,a0df11ab37c188b3740160a6,M25,4,13.86,13.5,20
174,a0df11ab37c188b3740160a6,M26,4,12.58,12.19,20
174,a0df11ab37c188b3740160a6,M27,4,15.98,15.28,30
174,a0df11ab37c188b3740160a6,M28,4,14.02,13.34,30
174,a0df11ab37c188b3740160a6,M29,4,15.95,15.58,30
174,a0df11ab37c188b3740160a6,M30,4,9.75,9.25,21
175,c910d74e6c15a5b3205df411,M01,0,7.2,6.91,10
175,c910d74e6c15a5b3205df411,M02,0,9.61,9.32,15
175,c910d74e6c15a5b3205df411,M03,0,9.97,9.36,21
175,c910d74e6c15a5b3205df411,M04,0,9.22,8.59,21
175,c910d74e6c15a5b3205df411,M05,0,9.26,8.47,21
175,c910d74e6c15a5b3205df411,M06,0,12.55,11.77,21
175,c910d74e6c15a5b3205df411,M07,0,13.65,12.83,30
175,c910d74e6c15a5b3205df411,M08,0,18.03,17.14,30
175,c910d74e6c15a5b3205df411,M09,0,16.95,16.05,30
175,c910d74e6c15a5b3205df411,M10,0,19.68,18.74,30
175,c910d74e6c15a5b3205df411,M11,0,18.91,17.84,30
175,c910d74e6c15a5b3205df411,M12,0,25.56,24.05,45
175,c910d74e6c15a5b3205df411,M13,0,25.7,23.48,60
175,c910d74e6c15a5b3205df411,M14,0,22.23,20.22,60
175,c910d74e6c15a5b3205df411,M15,0,25.84,23.9,60
175,c910d74e6c15a5b3205df411,M16,0,53.82,51.31,100
175,c910d74e6c15a5b3205df411,M17,0,7.18,6.83,14
175,c910d74e6c15a5b3205df411,M18,0,9.79,9.32,21
175,c910d74e6c15a5b3205df411,M19,0,8.09,7.09,21
175,c910d74e6c15a5b3205df411,M20,0,10.42,9.53,20
175,c910d74e6c15a5b3205df411,M21,0,7.72,6.95,21
175,c910d74e6c15a5b3205df411,M22,0,18.38,15.84,45
175,c910d74e6c15a5b3205df411,M23,0,15.57,13.31,45
175,c910d74e6c15a5b3205df411,M24,0,18.75,16.53,45
175,c910d74e6c15a5b3205df411,M25,0,14.07,13.62,20
175,c910d74e6c15a5b3205df411,M26,0,12.79,12.385,20
175,c910d74e6c15a5b3205df411,M27,0,16.39,15.7,30
175,c910d74e6c15a5b3205df411,M28,0,14.43,13.765,30
175,c910d74e6c15a5b3205df411,M29,0,16.29,15.575,30
175,c910d74e6c15a5b3205df411,M30,0,10.01,9.385,21
176,e1b34eb9479ceb03b50a90a5,M01,0,6.35,6.91,10
176,e1b34eb9479ceb03b50a90a5,M02,0,8.72,9.32,15
176,e1b34eb9479ceb03b50a90a5,M03,0,8.65,9.36,21
176,e1b34eb9479ceb03b50a90a5,M04,0,7.93,8.59,21
176,e1b34eb9479ceb03b50a90a5,M05,0,7.64,8.47,21
176,e1b34eb9479ceb03b50a90a5,M06,0,10.36,11.77,21
176,e1b34eb9479ceb03b50a90a5,M07,0,11.73,12.83,30
176,e1b34eb9479ceb03b50a90a5,M08,0,15.88,17.14,30
176,e1b34eb9479ceb03b50a90a5,M09,0,14.76,16.05,30
176,e1b34eb9479ceb03b50a90a5,M10,0,17.32,18.74,30
176,e1b34eb9479ceb03b50a90a5,M11,0,16.34,17.84,30
176,e1b34eb9479ceb03b50a90a5,M12,0,21.63,24.05,45
176,e1b34eb9479ceb03b50a90a5,M13,0,19.7,23.48,60
176,e1b34eb9479ceb03b50a90a5,M14,0,16.44,20.22,60
176,e1b34eb9479ceb03b50a90a5,M15,0,21.32,23.9,60
176,e1b34eb9479ceb03b50a90a5,M16,0,44.53,51.31,100
176,e1b34eb9479ceb03b50a90a5,M17,0,6.17,6.83,14
176,e1b34eb9479ceb03b50a90a5,M18,0,8.52,9.32,21
176,e1b34eb9479ceb03b50a90a5,M19,0,5.93,7.09,21
176,e1b34eb9479ceb03b50a90a5,M20,0,8.11,9.53,20
176,e1b34eb9479ceb03b50a90a5,M21,0,5.83,6.95,21
176,e1b34eb9479ceb03b50a90a5,M22,0,12.51,15.84,45
176,e1b34eb9479ceb03b50a90a5,M23,0,10.59,13.31,45
176,e1b34eb9479ceb03b50a90a5,M24,0,13.63,16.53,45
176,e1b34eb9479ceb03b50a90a5,M25,0,12.51,13.62,20
176,e1b34eb9479ceb03b50a90a5,M26,0,11.24,12.385,20
176,e1b34eb9479ceb03b50a90a5,M27,0,13.43,15.7,30
176,e1b34eb9479ceb03b50a90a5,M28,0,11.51,13.765,30
176,e1b34eb9479ceb03b50a90a5,M29,0,14.06,15.575,30
176,e1b34eb9479ceb03b50a90a5,M30,0,7.91,9.385,21
177,3314004f55d768b9102a7c53,M01,0,5.82,6.91,10
177,3314004f55d768b9102a7c53,M02,0,7.78,9.32,15
177,3314004f55d768b9102a7c53,M03,0,6.89,9.36,21
177,3314004f55d768b9102a7c53,M04,0,6.28,8.59,21
177,3314004f55d768b9102a7c53,M05,0,6.16,8.47,21
177,3314004f55d768b9102a7c53,M06,0,8.77,11.77,21
177,3314004f55d768b9102a7c53,M07,0,9.09,12.83,30
177,3314004f55d768b9102a7c53,M08,0,12.96,17.14,30
177,3314004f55d768b9102a7c53,M09,0,11.77,16.05,30
177,3314004f55d768b9102a7c53,M10,0,14.52,18.74,30
177,3314004f55d768b9102a7c53,M11,0,13.53,17.84,30
177,3314004f55d768b9102a7c53,M12,0,17.32,24.05,45
177,3314004f55d768b9102a7c53,M13,0,16.15,23.48,60
177,3314004f55d768b9102a7c53,M14,0,13.49,20.22,60
177,3314004f55d768b9102a7c53,M15,0,15.87,23.9,60
177,3314004f55d768b9102a7c53,M16,0,37.12,51.31,100
177,3314004f55d768b9102a7c53,M17,0,5.01,6.83,14
177,3314004f55d768b9102a7c53,M18,0,6.87,9.32,21
177,3314004f55d768b9102a7c53,M19,0,5.88,7.09,21
177,3314004f55d768b9102a7c53,M20,0,8.12,9.53,20
177,3314004f55d768b9102a7c53,M21,0,5.77,6.95,21
177,3314004f55d768b9102a7c53,M22,0,12.58,15.84,45
177,3314004f55d768b9102a7c53,M23,0,10.7,13.31,45
177,3314004f55d768b9102a7c53,M24,0,12.59,16.53,45
177,3314004f55d768b9102a7c53,M25,0,11.68,13.62,20
177,3314004f55d768b9102a7c53,M26,0,10.28,12.385,20
177,3314004f55d768b9102a7c53,M27,0,11.8,15.7,30
177,3314004f55d768b9102a7c53,M28,0,9.89,13.765,30
177,3314004f55d768b9102a7c53,M29,0,11.41,15.575,30
177,3314004f55d768b9102a7c53,M30,0,6.91,9.385,21
178,0b4808d603cff090ae6e7e2c,M01,0,6.48,6.91,10
178,0b4808d603cff090ae6e7e2c,M02,0,9.16,9.32,15
178,0b4808d603cff090ae6e7e2c,M03,0,8.91,9.36,21
178,0b4808d603cff090ae6e7e2c,M04,0,8.34,8.59,21
178,0b4808d603cff090ae6e7e2c,M05,0,7.95,8.47,21
178,0b4808d603cff090ae6e7e2c,M06,0,10.86,11.77,21
178,0b4808d603cff090ae6e7e2c,M07,0,12.47,12.83,30
178,0b4808d603cff090ae6e7e2c,M08,0,16.68,17.14,30
178,0b4808d603cff090ae6e7e2c,M09,0,15.37,16.05,30
178,0b4808d603cff090ae6e7e2c,M10,0,18.25,18.74,30
178,0b4808d603cff090ae6e7e2c,M11,0,17.12,17.84,30
178,0b4808d603cff090ae6e7e2c,M12,0,23.12,24.05,45
178,0b4808d603cff090ae6e7e2c,M13,0,21.28,23.48,60
178,0b4808d603cff090ae6e7e2c,M14,0,18.07,20.22,60
178,0b4808d603cff090ae6e7e2c,M15,0,22.7,23.9,60
178,0b4808d603cff090ae6e7e2c,M16,0,47.76,51.31,100
178,0b4808d603cff090ae6e7e2c,M17,0,6.53,6.83,14
178,0b4808d603cff090ae6e7e2c,M18,0,8.95,9.32,21
178,0b4808d603cff090ae6e7e2c,M19,0,6.1,7.09,21
178,0b4808d603cff090ae6e7e2c,M20,0,9.13,9.53,20
178,0b4808d603cff090ae6e7e2c,M21,0,6.4,6.95,21
178,0b4808d603cff090ae6e7e2c,M22,0,14.37,15.84,45
178,0b4808d603cff090ae6e7e2c,M23,0,11.87,13.31,45
178,0b4808d603cff090ae6e7e2c,M24,0,16.04,16.53,45
178,0b4808d603cff090ae6e7e2c,M25,0,12.86,13.62,20
178,0b4808d603cff090ae6e7e2c,M26,0,11.62,12.385,20
178,0b4808d603cff090ae6e7e2c,M27,0,14.09,15.7,30
178,0b4808d603cff090ae6e7e2c,M28,0,12.24,13.765,30
178,0b4808d603cff090ae6e7e2c,M29,0,14.61,15.575,30
178,0b4808d603cff090ae6e7e2c,M30,0,8.33,9.385,21
179,c51c3841863676f35f94e5d9,M01,1,5.67,6.95,10
179,c51c3841863676f35f94e5d9,M02,1,7.78,9.36,15
179,c51c3841863676f35f94e5d9,M03,1,6.59,9.52,21
179,c51c3841863676f35f94e5d9,M04,1,6.02,8.81,21
179,c51c3841863676f35f94e5d9,M05,1,5.9,8.8,21
179,c51c3841863676f35f94e5d9,M06,1,8.39,11.89,21
179,c51c3841863676f35f94e5d9,M07,1,8.65,13,30
179,c51c3841863676f35f94e5d9,M08,1,12.35,17.42,30
179,c51c3841863676f35f94e5d9,M09,1,11.14,16.18,30
179,c51c3841863676f35f94e5d9,M10,1,13.88,18.98,30
179,c51c3841863676f35f94e5d9,M11,1,12.85,18.29,30
179,c51c3841863676f35f94e5d9,M12,1,16.3,24.62,45
179,c51c3841863676f35f94e5d9,M13,1,15.2,24.03,60
179,c51c3841863676f35f94e5d9,M14,1,12.67,20.46,60
179,c51c3841863676f35f94e5d9,M15,1,14.92,24.48,60
179,c51c3841863676f35f94e5d9,M16,1,34.4,51.76,100
179,c51c3841863676f35f94e5d9,M17,1,4.75,6.94,14
179,c51c3841863676f35f94e5d9,M18,1,6.57,9.46,21
179,c51c3841863676f35f94e5d9,M19,1,5.66,7.16,21
179,c51c3841863676f35f94e5d9,M20,1,7.78,9.5,20
179,c51c3841863676f35f94e5d9,M21,1,5.55,6.99,21
179,c51c3841863676f35f94e5d9,M22,1,11.89,15.84,45
179,c51c3841863676f35f94e5d9,M23,1,10.07,13.35,45
179,c51c3841863676f35f94e5d9,M24,1,11.87,16.5,45
179,c51c3841863676f35f94e5d9,M25,1,11.37,13.75,20
179,c51c3841863676f35f94e5d9,M26,1,9.93,12.54,20
179,c51c3841863676f35f94e5d9,M27,1,11.27,15.91,30
179,c51c3841863676f35f94e5d9,M28,1,9.41,13.91,30
179,c51c3841863676f35f94e5d9,M29,1,10.86,15.68,30
179,c51c3841863676f35f94e5d9,M30,1,6.61,9.58,21
180,ecfd08db10e5477f190376da,M01,0,7.49,6.91,10
180,ecfd08db10e5477f190376da,M02,0,10,9.32,15
180,ecfd08db10e5477f190376da,M03,0,10.66,9.36,21
180,ecfd08db10e5477f190376da,M04,0,9.86,8.59,21
180,ecfd08db10e5477f190376da,M05,0,9.87,8.47,21
180,ecfd08db10e5477f190376da,M06,0,13.19,11.77,21
180,ecfd08db10e5477f190376da,M07,0,14.67,12.83,30
180,ecfd08db10e5477f190376da,M08,0,19.05,17.14,30
180,ecfd08db10e5477f190376da,M09,0,17.92,16.05,30
180,ecfd08db10e5477f190376da,M10,0,20.68,18.74,30
180,ecfd08db10e5477f190376da,M11,0,19.86,17.84,30
180,ecfd08db10e5477f190376da,M12,0,27.21,24.05,45
180,ecfd08db10e5477f190376da,M13,0,27.29,23.48,60
180,ecfd08db10e5477f190376da,M14,0,23.63,20.22,60
180,ecfd08db10e5477f190376da,M15,0,27.79,23.9,60
180,ecfd08db10e5477f190376da,M16,0,55.7,51.31,100
180,ecfd08db10e5477f190376da,M17,0,7.53,6.83,14
180,ecfd08db10e5477f190376da,M18,0,10.4,9.32,21
180,ecfd08db10e5477f190376da,M19,0,8.29,7.09,21
180,ecfd08db10e5477f190376da,M20,0,10.49,9.53,20
180,ecfd08db10e5477f190376da,M21,0,7.83,6.95,21
180,ecfd08db10e5477f190376da,M22,0,18.43,15.84,45
180,ecfd08db10e5477f190376da,M23,0,15.52,13.31,45
180,ecfd08db10e5477f190376da,M24,0,18.95,16.53,45
180,ecfd08db10e5477f190376da,M25,0,14.48,13.62,20
180,ecfd08db10e5477f190376da,M26,0,13.15,12.385,20
180,ecfd08db10e5477f190376da,M27,0,17.15,15.7,30
180,ecfd08db10e5477f190376da,M28,0,15.13,13.765,30
180,ecfd08db10e5477f190376da,M29,0,17.21,15.575,30
180,ecfd08db10e5477f190376da,M30,0,10.68,9.385,21
181,ae549a3bb89eeba0509b46d1,M01,0,4.96,6.91,10
181,ae549a3bb89eeba0509b46d1,M02,0,6.36,9.32,15
181,ae549a3bb89eeba0509b46d1,M03,0,5.31,9.36,21
181,ae549a3bb89eeba0509b46d1,M04,0,5.1,8.59,21
181,ae549a3bb89eeba0509b46d1,M05,0,4.95,8.47,21
181,ae549a3bb89eeba0509b46d1,M06,0,6.78,11.77,21
181,ae549a3bb89eeba0509b46d1,M07,0,6.91,12.83,30
181,ae549a3bb89eeba0509b46d1,M08,0,9.32,17.14,30
181,ae549a3bb89eeba0509b46d1,M09,0,8.26,16.05,30
181,ae549a3bb89eeba0509b46d1,M10,0,10.79,18.74,30
181,ae549a3bb89eeba0509b46d1,M11,0,9.81,17.84,30
181,ae549a3bb89eeba0509b46d1,M12,0,11.64,24.05,45
181,ae549a3bb89eeba0509b46d1,M13,0,10.81,23.48,60
181,ae549a3bb89eeba0509b46d1,M14,0,8.06,20.22,60
181,ae549a3bb89eeba0509b46d1,M15,0,10.73,23.9,60
181,ae549a3bb89eeba0509b46d1,M16,0,19.14,51.31,100
181,ae549a3bb89eeba0509b46d1,M17,0,3.41,6.83,14
181,ae549a3bb89eeba0509b46d1,M18,0,5.44,9.32,21
181,ae549a3bb89eeba0509b46d1,M19,0,4.63,7.09,21
181,ae549a3bb89eeba0509b46d1,M20,0,5.78,9.53,20
181,ae549a3bb89eeba0509b46d1,M21,0,4.6,6.95,21
181,ae549a3bb89eeba0509b46d1,M22,0,8.53,15.84,45
181,ae549a3bb89eeba0509b46d1,M23,0,7.04,13.31,45
181,ae549a3bb89eeba0509b46d1,M24,0,8.45,16.53,45
181,ae549a3bb89eeba0509b46d1,M25,0,9.65,13.62,20
181,ae549a3bb89eeba0509b46d1,M26,0,8.21,12.385,20
181,ae549a3bb89eeba0509b46d1,M27,0,9.16,15.7,30
181,ae549a3bb89eeba0509b46d1,M28,0,7.84,13.765,30
181,ae549a3bb89eeba0509b46d1,M29,0,8.92,15.575,30
181,ae549a3bb89eeba0509b46d1,M30,0,5.71,9.385,21
182,cde92d2cbf5ae04506b2772e,M01,0,7.68,6.91,10
182,cde92d2cbf5ae04506b2772e,M02,0,10.23,9.32,15
182,cde92d2cbf5ae04506b2772e,M03,0,11.17,9.36,21
182,cde92d2cbf5ae04506b2772e,M04,0,10.27,8.59,21
182,cde92d2cbf5ae04506b2772e,M05,0,10.4,8.47,21
182,cde92d2cbf5ae04506b2772e,M06,0,13.91,11.77,21
182,cde92d2cbf5ae04506b2772e,M07,0,15.48,12.83,30
182,cde92d2cbf5ae04506b2772e,M08,0,19.85,17.14,30
182,cde92d2cbf5ae04506b2772e,M09,0,18.56,16.05,30
182,cde92d2cbf5ae04506b2772e,M10,0,21.45,18.74,30
182,cde92d2cbf5ae04506b2772e,M11,0,20.59,17.84,30
182,cde92d2cbf5ae04506b2772e,M12,0,28.64,24.05,45
182,cde92d2cbf5ae04506b2772e,M13,0,29.56,23.48,60
182,cde92d2cbf5ae04506b2772e,M14,0,26.17,20.22,60
182,cde92d2cbf5ae04506b2772e,M15,0,29.5,23.9,60
182,cde92d2cbf5ae04506b2772e,M16,0,58.29,51.31,100
182,cde92d2cbf5ae04506b2772e,M17,0,7.79,6.83,14
182,cde92d2cbf5ae04506b2772e,M18,0,10.78,9.32,21
182,cde92d2cbf5ae04506b2772e,M19,0,10.09,7.09,21
182,cde92d2cbf5ae04506b2772e,M20,0,12.29,9.53,20
182,cde92d2cbf5ae04506b2772e,M21,0,9.46,6.95,21
182,cde92d2cbf5ae04506b2772e,M22,0,24.04,15.84,45
182,cde92d2cbf5ae04506b2772e,M23,0,20.7,13.31,45
182,cde92d2cbf5ae04506b2772e,M24,0,24.45,16.53,45
182,cde92d2cbf5ae04506b2772e,M25,0,14.83,13.62,20
182,cde92d2cbf5ae04506b2772e,M26,0,13.6,12.385,20
182,cde92d2cbf5ae04506b2772e,M27,0,18.03,15.7,30
182,cde92d2cbf5ae04506b2772e,M28,0,16.14,13.765,30
182,cde92d2cbf5ae04506b2772e,M29,0,17.87,15.575,30
182,cde92d2cbf5ae04506b2772e,M30,0,11.22,9.385,21
183,fc0ff7763485986307ce7100,M01,1,8.23,6.95,10
183,fc0ff7763485986307ce7100,M02,1,10.89,9.36,15
183,fc0ff7763485986307ce7100,M03,1,12.35,9.52,21
183,fc0ff7763485986307ce7100,M04,1,11.38,8.81,21
183,fc0ff7763485986307ce7100,M05,1,11.57,8.8,21
183,fc0ff7763485986307ce7100,M06,1,15.3,11.89,21
183,fc0ff7763485986307ce7100,M07,1,17.25,13,30
183,fc0ff7763485986307ce7100,M08,1,21.54,17.42,30
183,fc0ff7763485986307ce7100,M09,1,20.21,16.18,30
183,fc0ff7763485986307ce7100,M10,1,23.23,18.98,30
183,fc0ff7763485986307ce7100,M11,1,22.28,18.29,30
183,fc0ff7763485986307ce7100,M12,1,31.47,24.62,45
183,fc0ff7763485986307ce7100,M13,1,32.84,24.03,60
183,fc0ff7763485986307ce7100,M14,1,29.53,20.46,60
183,fc0ff7763485986307ce7100,M15,1,33.17,24.48,60
183,fc0ff7763485986307ce7100,M16,1,61.88,51.76,100
183,fc0ff7763485986307ce7100,M17,1,8.4,6.94,14
183,fc0ff7763485986307ce7100,M18,1,11.81,9.46,21
183,fc0ff7763485986307ce7100,M19,1,11.27,7.16,21
183,fc0ff7763485986307ce7100,M20,1,13.21,9.5,20
183,fc0ff7763485986307ce7100,M21,1,10.29,6.99,21
183,fc0ff7763485986307ce7100,M22,1,26.64,15.84,45
183,fc0ff7763485986307ce7100,M23,1,23.41,13.35,45
183,fc0ff7763485986307ce7100,M24,1,27.14,16.5,45
183,fc0ff7763485986307ce7100,M25,1,15.64,13.75,20
183,fc0ff7763485986307ce7100,M26,1,14.32,12.54,20
183,fc0ff7763485986307ce7100,M27,1,19.7,15.91,30
183,fc0ff7763485986307ce7100,M28,1,17.62,13.91,30
183,fc0ff7763485986307ce7100,M29,1,19.65,15.68,30
183,fc0ff7763485986307ce7100,M30,1,12.41,9.58,21
184,378e1b4037b2208a390730ed,M01,0,1.27,6.91,10
184,378e1b4037b2208a390730ed,M02,0,0.93,9.32,15
184,378e1b4037b2208a390730ed,M03,0,1.39,9.36,21
184,378e1b4037b2208a390730ed,M04,0,1.39,8.59,21
184,378e1b4037b2208a390730ed,M05,0,1.28,8.47,21
184,378e1b4037b2208a390730ed,M06,0,1.44,11.77,21
184,378e1b4037b2208a390730ed,M07,0,1.39,12.83,30
184,378e1b4037b2208a390730ed,M08,0,0.93,17.14,30
184,378e1b4037b2208a390730ed,M09,0,0.93,16.05,30
184,378e1b4037b2208a390730ed,M10,0,1.37,18.74,30
184,378e1b4037b2208a390730ed,M11,0,1.31,17.84,30
184,378e1b4037b2208a390730ed,M12,0,0.93,24.05,45
184,378e1b4037b2208a390730ed,M13,0,1.27,23.48,60
184,378e1b4037b2208a390730ed,M14,0,0.75,20.22,60
184,378e1b4037b2208a390730ed,M15,0,1.6,23.9,60
184,378e1b4037b2208a390730ed,M16,0,1.25,51.31,100
184,378e1b4037b2208a390730ed,M17,0,0.9,6.83,14
184,378e1b4037b2208a390730ed,M18,0,1.5,9.32,21
184,378e1b4037b2208a390730ed,M19,0,1.39,7.09,21
184,378e1b4037b2208a390730ed,M20,0,0.67,9.53,20
184,378e1b4037b2208a390730ed,M21,0,1.48,6.95,21
184,378e1b4037b2208a390730ed,M22,0,1.21,15.84,45
184,378e1b4037b2208a390730ed,M23,0,0.75,13.31,45
184,378e1b4037b2208a390730ed,M24,0,1.56,16.53,45
184,378e1b4037b2208a390730ed,M25,0,6.71,13.62,20
184,378e1b4037b2208a390730ed,M26,0,4.94,12.385,20
184,378e1b4037b2208a390730ed,M27,0,7.12,15.7,30
184,378e1b4037b2208a390730ed,M28,0,5.48,13.765,30
184,378e1b4037b2208a390730ed,M29,0,6.65,15.575,30
184,378e1b4037b2208a390730ed,M30,0,4.19,9.385,21
185,3d1756396565a85b0e5bfd75,M01,3,8.23,6.99,10
185,3d1756396565a85b0e5bfd75,M02,3,10.9,9.41,15
185,3d1756396565a85b0e5bfd75,M03,3,12.56,9.67,21
185,3d1756396565a85b0e5bfd75,M04,3,11.62,8.99,21
185,3d1756396565a85b0e5bfd75,M05,3,11.8,8.87,21
185,3d1756396565a85b0e5bfd75,M06,3,15.3,12.11,21
185,3d1756396565a85b0e5bfd75,M07,3,17.6,13.26,30
185,3d1756396565a85b0e5bfd75,M08,3,21.86,17.66,30
185,3d1756396565a85b0e5bfd75,M09,3,20.57,16.64,30
185,3d1756396565a85b0e5bfd75,M10,3,23.37,19.22,30
185,3d1756396565a85b0e5bfd75,M11,3,22.55,18.33,30
185,3d1756396565a85b0e5bfd75,M12,3,32.04,24.98,45
185,3d1756396565a85b0e5bfd75,M13,3,33.42,24.67,60
185,3d1756396565a85b0e5bfd75,M14,3,30.19,20.81,60
185,3d1756396565a85b0e5bfd75,M15,3,33.76,24.93,60
185,3d1756396565a85b0e5bfd75,M16,3,62.47,52.34,100
185,3d1756396565a85b0e5bfd75,M17,3,8.54,6.99,14
185,3d1756396565a85b0e5bfd75,M18,3,12.03,9.6,21
185,3d1756396565a85b0e5bfd75,M19,3,10.94,7.26,21
185,3d1756396565a85b0e5bfd75,M20,3,12.86,9.575,20
185,3d1756396565a85b0e5bfd75,M21,3,10.01,6.985,21
185,3d1756396565a85b0e5bfd75,M22,3,25.68,16.03,45
185,3d1756396565a85b0e5bfd75,M23,3,22.13,13.455,45
185,3d1756396565a85b0e5bfd75,M24,3,26.41,16.74,45
185,3d1756396565a85b0e5bfd75,M25,3,15.68,13.8,20
185,3d1756396565a85b0e5bfd75,M26,3,14.41,12.58,20
185,3d1756396565a85b0e5bfd75,M27,3,19.72,15.98,30
185,3d1756396565a85b0e5bfd75,M28,3,17.87,14.22,30
185,3d1756396565a85b0e5bfd75,M29,3,19.66,16.04,30
185,3d1756396565a85b0e5bfd75,M30,3,12.62,9.75,21
186,231bee3016cdac10154eb865,M01,2,5.38,6.88,10
186,231bee3016cdac10154eb865,M02,2,6.93,9.32,15
186,231bee3016cdac10154eb865,M03,2,6.03,9.36,21
186,231bee3016cdac10154eb865,M04,2,5.44,8.58,21
186,231bee3016cdac10154eb865,M05,2,5.65,8.46,21
186,231bee3016cdac10154eb865,M06,2,7.73,11.66,21
186,231bee3016cdac10154eb865,M07,2,7.7,12.81,30
186,231bee3016cdac10154eb865,M08,2,10.1,16.97,30
186,231bee3016cdac10154eb865,M09,2,8.4,16.03,30
186,231bee3016cdac10154eb865,M10,2,11.91,18.71,30
186,231bee3016cdac10154eb865,M11,2,10.76,17.82,30
186,231bee3016cdac10154eb865,M12,2,12.46,24,45
186,231bee3016cdac10154eb865,M13,2,12.45,23.43,60
186,231bee3016cdac10154eb865,M14,2,9.77,20.18,60
186,231bee3016cdac10154eb865,M15,2,12.33,23.65,60
186,231bee3016cdac10154eb865,M16,2,23.53,51.18,100
186,231bee3016cdac10154eb865,M17,2,2.78,6.73,14
186,231bee3016cdac10154eb865,M18,2,5.17,9.21,21
186,231bee3016cdac10154eb865,M19,2,5.29,6.87,21
186,231bee3016cdac10154eb865,M20,2,5.67,9.15,20
186,231bee3016cdac10154eb865,M21,2,4.7,6.77,21
186,231bee3016cdac10154eb865,M22,2,8.28,15.22,45
186,231bee3016cdac10154eb865,M23,2,6.83,13.01,45
186,231bee3016cdac10154eb865,M24,2,8.13,15.92,45
186,231bee3016cdac10154eb865,M25,2,11.62,13.62,20
186,231bee3016cdac10154eb865,M26,2,10.16,12.34,20
186,231bee3016cdac10154eb865,M27,2,11.66,15.67,30
186,231bee3016cdac10154eb865,M28,2,9.71,13.69,30
186,231bee3016cdac10154eb865,M29,2,11.36,15.58,30
186,231bee3016cdac10154eb865,M30,2,6.88,9.38,21
187,ceff63dc913a8d929452b72a,M01,0,7.47,6.91,10
187,ceff63dc913a8d929452b72a,M02,0,10.05,9.32,15
187,ceff63dc913a8d929452b72a,M03,0,10.87,9.36,21
187,ceff63dc913a8d929452b72a,M04,0,10.05,8.59,21
187,ceff63dc913a8d929452b72a,M05,0,10.13,8.47,21
187,ceff63dc913a8d929452b72a,M06,0,13.39,11.77,21
187,ceff63dc913a8d929452b72a,M07,0,15.03,12.83,30
187,ceff63dc913a8d929452b72a,M08,0,19.42,17.14,30
187,ceff63dc913a8d929452b72a,M09,0,18.31,16.05,30
187,ceff63dc913a8d929452b72a,M10,0,20.96,18.74,30
187,ceff63dc913a8d929452b72a,M11,0,20.25,17.84,30
187,ceff63dc913a8d929452b72a,M12,0,27.96,24.05,45
187,ceff63dc913a8d929452b72a,M13,0,28.22,23.48,60
187,ceff63dc913a8d929452b72a,M14,0,24.86,20.22,60
187,ceff63dc913a8d929452b72a,M15,0,28.75,23.9,60
187,ceff63dc913a8d929452b72a,M16,0,56.81,51.31,100
187,ceff63dc913a8d929452b72a,M17,0,7.62,6.83,14
187,ceff63dc913a8d929452b72a,M18,0,10.6,9.32,21
187,ceff63dc913a8d929452b72a,M19,0,8.9,7.09,21
187,ceff63dc913a8d929452b72a,M20,0,11.13,9.53,20
187,ceff63dc913a8d929452b72a,M21,0,8.42,6.95,21
187,ceff63dc913a8d929452b72a,M22,0,20.4,15.84,45
187,ceff63dc913a8d929452b72a,M23,0,17.45,13.31,45
187,ceff63dc913a8d929452b72a,M24,0,20.96,16.53,45
187,ceff63dc913a8d929452b72a,M25,0,14.53,13.62,20
187,ceff63dc913a8d929452b72a,M26,0,13.29,12.385,20
187,ceff63dc913a8d929452b72a,M27,0,17.44,15.7,30
187,ceff63dc913a8d929452b72a,M28,0,15.54,13.765,30
187,ceff63dc913a8d929452b72a,M29,0,17.48,15.575,30
187,ceff63dc913a8d929452b72a,M30,0,10.89,9.385,21
188,c815242a0e123343d6e3302a,M01,2,9.1,6.88,10
188,c815242a0e123343d6e3302a,M02,2,13.17,9.32,15
188,c815242a0e123343d6e3302a,M03,2,15.7,9.36,21
188,c815242a0e123343d6e3302a,M04,2,14.66,8.58,21
188,c815242a0e123343d6e3302a,M05,2,14.94,8.46,21
188,c815242a0e123343d6e3302a,M06,2,18.9,11.66,21
188,c815242a0e123343d6e3302a,M07,2,22.3,12.81,30
188,c815242a0e123343d6e3302a,M08,2,26.22,16.97,30
188,c815242a0e123343d6e3302a,M09,2,24.81,16.03,30
188,c815242a0e123343d6e3302a,M10,2,27.92,18.71,30
188,c815242a0e123343d6e3302a,M11,2,27.01,17.82,30
188,c815242a0e123343d6e3302a,M12,2,39.21,24,45
188,c815242a0e123343d6e3302a,M13,2,42.05,23.43,60
188,c815242a0e123343d6e3302a,M14,2,39.43,20.18,60
188,c815242a0e123343d6e3302a,M15,2,42.52,23.65,60
188,c815242a0e123343d6e3302a,M16,2,71.79,51.18,100
188,c815242a0e123343d6e3302a,M17,2,10.27,6.73,14
188,c815242a0e123343d6e3302a,M18,2,14.84,9.21,21
188,c815242a0e123343d6e3302a,M19,2,16.12,6.87,21
188,c815242a0e123343d6e3302a,M20,2,17.03,9.15,20
188,c815242a0e123343d6e3302a,M21,2,14.78,6.77,21
188,c815242a0e123343d6e3302a,M22,2,38.48,15.22,45
188,c815242a0e123343d6e3302a,M23,2,34.48,13.01,45
188,c815242a0e123343d6e3302a,M24,2,39.98,15.92,45
188,c815242a0e123343d6e3302a,M25,2,18.65,13.62,20
188,c815242a0e123343d6e3302a,M26,2,16.78,12.34,20
188,c815242a0e123343d6e3302a,M27,2,23.86,15.67,30
188,c815242a0e123343d6e3302a,M28,2,21.94,13.69,30
188,c815242a0e123343d6e3302a,M29,2,23.92,15.58,30
188,c815242a0e123343d6e3302a,M30,2,15.8,9.38,21
189,6da8b86316162ba99fec2db6,M01,2,5.5,6.88,10
189,6da8b86316162ba99fec2db6,M02,2,7.16,9.32,15
189,6da8b86316162ba99fec2db6,M03,2,6.24,9.36,21
189,6da8b86316162ba99fec2db6,M04,2,5.72,8.58,21
189,6da8b86316162ba99fec2db6,M05,2,5.67,8.46,21
189,6da8b86316162ba99fec2db6,M06,2,7.96,11.66,21
189,6da8b86316162ba99fec2db6,M07,2,8.03,12.81,30
189,6da8b86316162ba99fec2db6,M08,2,10.79,16.97,30
189,6da8b86316162ba99fec2db6,M09,2,9.46,16.03,30
189,6da8b86316162ba99fec2db6,M10,2,12.56,18.71,30
189,6da8b86316162ba99fec2db6,M11,2,11.44,17.82,30
189,6da8b86316162ba99fec2db6,M12,2,13.47,24,45
189,6da8b86316162ba99fec2db6,M13,2,13.51,23.43,60
189,6da8b86316162ba99fec2db6,M14,2,10.65,20.18,60
189,6da8b86316162ba99fec2db6,M15,2,13.31,23.65,60
189,6da8b86316162ba99fec2db6,M16,2,27,51.18,100
189,6da8b86316162ba99fec2db6,M17,2,4.32,6.73,14
189,6da8b86316162ba99fec2db6,M18,2,6.22,9.21,21
189,6da8b86316162ba99fec2db6,M19,2,5.23,6.87,21
189,6da8b86316162ba99fec2db6,M20,2,6.75,9.15,20
189,6da8b86316162ba99fec2db6,M21,2,5.15,6.77,21
189,6da8b86316162ba99fec2db6,M22,2,10.17,15.22,45
189,6da8b86316162ba99fec2db6,M23,2,8.39,13.01,45
189,6da8b86316162ba99fec2db6,M24,2,10.06,15.92,45
189,6da8b86316162ba99fec2db6,M25,2,10.84,13.62,20
189,6da8b86316162ba99fec2db6,M26,2,9.1,12.34,20
189,6da8b86316162ba99fec2db6,M27,2,10.48,15.67,30
189,6da8b86316162ba99fec2db6,M28,2,8.62,13.69,30
189,6da8b86316162ba99fec2db6,M29,2,10.21,15.58,30
189,6da8b86316162ba99fec2db6,M30,2,6.23,9.38,21
190,9f40631b794965aff4da7b4a,M01,4,8.38,6.845,10
190,9f40631b794965aff4da7b4a,M02,4,11.03,9.175,15
190,9f40631b794965aff4da7b4a,M03,4,12.78,9.25,21
190,9f40631b794965aff4da7b4a,M04,4,11.69,8.44,21
190,9f40631b794965aff4da7b4a,M05,4,11.93,8.46,21
190,9f40631b794965aff4da7b4a,M06,4,15.62,11.555,21
190,9f40631b794965aff4da7b4a,M07,4,17.89,12.545,30
190,9f40631b794965aff4da7b4a,M08,4,22.15,16.89,30
190,9f40631b794965aff4da7b4a,M09,4,20.65,15.81,30
190,9f40631b794965aff4da7b4a,M10,4,23.7,18.53,30
190,9f40631b794965aff4da7b4a,M11,4,22.73,17.615,30
190,9f40631b794965aff4da7b4a,M12,4,32.45,23.555,45
190,9f40631b794965aff4da7b4a,M13,4,34.14,23.13,60
190,9f40631b794965aff4da7b4a,M14,4,30.92,19.65,60
190,9f40631b794965aff4da7b4a,M15,4,34.31,23.315,60
190,9f40631b794965aff4da7b4a,M16,4,63.27,50.515,100
190,9f40631b794965aff4da7b4a,M17,4,8.61,6.655,14
190,9f40631b794965aff4da7b4a,M18,4,12.09,9.155,21
190,9f40631b794965aff4da7b4a,M19,4,11.24,6.985,21
190,9f40631b794965aff4da7b4a,M20,4,13.16,9.35,20
190,9f40631b794965aff4da7b4a,M21,4,10.22,6.77,21
190,9f40631b794965aff4da7b4a,M22,4,26.76,15.23,45
190,9f40631b794965aff4da7b4a,M23,4,23.13,13.01,45
190,9f40631b794965aff4da7b4a,M24,4,27.32,15.92,45
190,9f40631b794965aff4da7b4a,M25,4,15.88,13.5,20
190,9f40631b794965aff4da7b4a,M26,4,14.59,12.19,20
190,9f40631b794965aff4da7b4a,M27,4,20.06,15.28,30
190,9f40631b794965aff4da7b4a,M28,4,18.23,13.34,30
190,9f40631b794965aff4da7b4a,M29,4,19.96,15.58,30
190,9f40631b794965aff4da7b4a,M30,4,12.83,9.25,21
191,133b391bd1d233ca3265cf1b,M01,3,7.96,6.99,10
191,133b391bd1d233ca3265cf1b,M02,3,10.62,9.41,15
191,133b391bd1d233ca3265cf1b,M03,3,12.06,9.67,21
191,133b391bd1d233ca3265cf1b,M04,3,11.17,8.99,21
191,133b391bd1d233ca3265cf1b,M05,3,11.3,8.87,21
191,133b391bd1d233ca3265cf1b,M06,3,14.73,12.11,21
191,133b391bd1d233ca3265cf1b,M07,3,16.85,13.26,30
191,133b391bd1d233ca3265cf1b,M08,3,21.15,17.66,30
191,133b391bd1d233ca3265cf1b,M09,3,19.94,16.64,30
191,133b391bd1d233ca3265cf1b,M10,3,22.65,19.22,30
191,133b391bd1d233ca3265cf1b,M11,3,21.84,18.33,30
191,133b391bd1d233ca3265cf1b,M12,3,30.91,24.98,45
191,133b391bd1d233ca3265cf1b,M13,3,31.99,24.67,60
191,133b391bd1d233ca3265cf1b,M14,3,28.82,20.81,60
191,133b391bd1d233ca3265cf1b,M15,3,32.24,24.93,60
191,133b391bd1d233ca3265cf1b,M16,3,60.96,52.34,100
191,133b391bd1d233ca3265cf1b,M17,3,8.28,6.99,14
191,133b391bd1d233ca3265cf1b,M18,3,11.6,9.6,21
191,133b391bd1d233ca3265cf1b,M19,3,10.57,7.26,21
191,133b391bd1d233ca3265cf1b,M20,3,12.63,9.575,20
191,133b391bd1d233ca3265cf1b,M21,3,9.81,6.985,21
191,133b391bd1d233ca3265cf1b,M22,3,25.08,16.03,45
191,133b391bd1d233ca3265cf1b,M23,3,21.69,13.455,45
191,133b391bd1d233ca3265cf1b,M24,3,25.64,16.74,45
191,133b391bd1d233ca3265cf1b,M25,3,15.29,13.8,20
191,133b391bd1d233ca3265cf1b,M26,3,14.07,12.58,20
191,133b391bd1d233ca3265cf1b,M27,3,19.02,15.98,30
191,133b391bd1d233ca3265cf1b,M28,3,17.23,14.22,30
191,133b391bd1d233ca3265cf1b,M29,3,18.95,16.04,30
191,133b391bd1d233ca3265cf1b,M30,3,12.11,9.75,21
193,2f9d6a91601860eeae150557,M01,2,8.49,6.88,10
193,2f9d6a91601860eeae150557,M02,2,11.22,9.32,15
193,2f9d6a91601860eeae150557,M03,2,13.23,9.36,21
193,2f9d6a91601860eeae150557,M04,2,12.16,8.58,21
193,2f9d6a91601860eeae150557,M05,2,12.41,8.46,21
193,2f9d6a91601860eeae150557,M06,2,15.94,11.66,21
193,2f9d6a91601860eeae150557,M07,2,18.6,12.81,30
193,2f9d6a91601860eeae150557,M08,2,22.79,16.97,30
193,2f9d6a91601860eeae150557,M09,2,21.34,16.03,30
193,2f9d6a91601860eeae150557,M10,2,24.27,18.71,30
193,2f9d6a91601860eeae150557,M11,2,23.44,17.82,30
193,2f9d6a91601860eeae150557,M12,2,33.68,24,45
193,2f9d6a91601860eeae150557,M13,2,35.2,23.43,60
193,2f9d6a91601860eeae150557,M14,2,32.14,20.18,60
193,2f9d6a91601860eeae150557,M15,2,35.08,23.65,60
193,2f9d6a91601860eeae150557,M16,2,64.4,51.18,100
193,2f9d6a91601860eeae150557,M17,2,8.83,6.73,14
193,2f9d6a91601860eeae150557,M18,2,12.54,9.21,21
193,2f9d6a91601860eeae150557,M19,2,12.33,6.87,21
193,2f9d6a91601860eeae150557,M20,2,13.85,9.15,20
193,2f9d6a91601860eeae150557,M21,2,11.22,6.77,21
193,2f9d6a91601860eeae150557,M22,2,28.99,15.22,45
193,2f9d6a91601860eeae150557,M23,2,25.58,13.01,45
193,2f9d6a91601860eeae150557,M24,2,29.64,15.92,45
193,2f9d6a91601860eeae150557,M25,2,16.03,13.62,20
193,2f9d6a91601860eeae150557,M26,2,14.8,12.34,20
193,2f9d6a91601860eeae150557,M27,2,20.44,15.67,30
193,2f9d6a91601860eeae150557,M28,2,18.69,13.69,30
193,2f9d6a91601860eeae150557,M29,2,20.31,15.58,30
193,2f9d6a91601860eeae150557,M30,2,13.02,9.38,21
194,b8c4be4f866a65acd44b7659,M01,3,7.17,6.99,10
194,b8c4be4f866a65acd44b7659,M02,3,9.6,9.41,15
194,b8c4be4f866a65acd44b7659,M03,3,9.95,9.67,21
194,b8c4be4f866a65acd44b7659,M04,3,9.11,8.99,21
194,b8c4be4f866a65acd44b7659,M05,3,9.17,8.87,21
194,b8c4be4f866a65acd44b7659,M06,3,12.41,12.11,21
194,b8c4be4f866a65acd44b7659,M07,3,13.62,13.26,30
194,b8c4be4f866a65acd44b7659,M08,3,18,17.66,30
194,b8c4be4f866a65acd44b7659,M09,3,16.78,16.64,30
194,b8c4be4f866a65acd44b7659,M10,3,19.62,19.22,30
194,b8c4be4f866a65acd44b7659,M11,3,18.78,18.33,30
194,b8c4be4f866a65acd44b7659,M12,3,25.5,24.98,45
194,b8c4be4f866a65acd44b7659,M13,3,25.36,24.67,60
194,b8c4be4f866a65acd44b7659,M14,3,21.76,20.81,60
194,b8c4be4f866a65acd44b7659,M15,3,25.68,24.93,60
194,b8c4be4f866a65acd44b7659,M16,3,53.45,52.34,100
194,b8c4be4f866a65acd44b7659,M17,3,7.09,6.99,14
194,b8c4be4f866a65acd44b7659,M18,3,9.7,9.6,21
194,b8c4be4f866a65acd44b7659,M19,3,8.51,7.26,21
194,b8c4be4f866a65acd44b7659,M20,3,10.88,9.575,20
194,b8c4be4f866a65acd44b7659,M21,3,8.04,6.985,21
194,b8c4be4f866a65acd44b7659,M22,3,19.57,16.03,45
194,b8c4be4f866a65acd44b7659,M23,3,16.53,13.455,45
194,b8c4be4f866a65acd44b7659,M24,3,20.07,16.74,45
194,b8c4be4f866a65acd44b7659,M25,3,13.99,13.8,20
194,b8c4be4f866a65acd44b7659,M26,3,12.67,12.58,20
194,b8c4be4f866a65acd44b7659,M27,3,16.27,15.98,30
194,b8c4be4f866a65acd44b7659,M28,3,14.25,14.22,30
194,b8c4be4f866a65acd44b7659,M29,3,16.25,16.04,30
194,b8c4be4f866a65acd44b7659,M30,3,9.97,9.75,21
195,2f3df9eedd2906c14ce0e5d6,M01,4,8.29,6.845,10
195,2f3df9eedd2906c14ce0e5d6,M02,4,10.96,9.175,15
195,2f3df9eedd2906c14ce0e5d6,M03,4,12.71,9.25,21
195,2f3df9eedd2906c14ce0e5d6,M04,4,11.75,8.44,21
195,2f3df9eedd2906c14ce0e5d6,M05,4,11.98,8.46,21
195,2f3df9eedd2906c14ce0e5d6,M06,4,15.51,11.555,21
195,2f3df9eedd2906c14ce0e5d6,M07,4,17.81,12.545,30
195,2f3df9eedd2906c14ce0e5d6,M08,4,22.07,16.89,30
195,2f3df9eedd2906c14ce0e5d6,M09,4,20.74,15.81,30
195,2f3df9eedd2906c14ce0e5d6,M10,4,23.57,18.53,30
195,2f3df9eedd2906c14ce0e5d6,M11,4,22.81,17.615,30
195,2f3df9eedd2906c14ce0e5d6,M12,4,32.37,23.555,45
195,2f3df9eedd2906c14ce0e5d6,M13,4,34.01,23.13,60
195,2f3df9eedd2906c14ce0e5d6,M14,4,30.82,19.65,60
195,2f3df9eedd2906c14ce0e5d6,M15,4,34.3,23.315,60
195,2f3df9eedd2906c14ce0e5d6,M16,4,63.09,50.515,100
195,2f3df9eedd2906c14ce0e5d6,M17,4,8.63,6.655,14
195,2f3df9eedd2906c14ce0e5d6,M18,4,12.14,9.155,21
195,2f3df9eedd2906c14ce0e5d6,M19,4,11.55,6.985,21
195,2f3df9eedd2906c14ce0e5d6,M20,4,13.4,9.35,20
195,2f3df9eedd2906c14ce0e5d6,M21,4,10.71,6.77,21
195,2f3df9eedd2906c14ce0e5d6,M22,4,27.92,15.23,45
195,2f3df9eedd2906c14ce0e5d6,M23,4,24.38,13.01,45
195,2f3df9eedd2906c14ce0e5d6,M24,4,28.54,15.92,45
195,2f3df9eedd2906c14ce0e5d6,M25,4,15.76,13.5,20
195,2f3df9eedd2906c14ce0e5d6,M26,4,14.55,12.19,20
195,2f3df9eedd2906c14ce0e5d6,M27,4,19.93,15.28,30
195,2f3df9eedd2906c14ce0e5d6,M28,4,18.16,13.34,30
195,2f3df9eedd2906c14ce0e5d6,M29,4,19.88,15.58,30
195,2f3df9eedd2906c14ce0e5d6,M30,4,12.75,9.25,21
196,2c3353338941a5a1620123ce,M01,0,7.85,6.91,10
196,2c3353338941a5a1620123ce,M02,0,10.46,9.32,15
196,2c3353338941a5a1620123ce,M03,0,11.69,9.36,21
196,2c3353338941a5a1620123ce,M04,0,10.75,8.59,21
196,2c3353338941a5a1620123ce,M05,0,10.93,8.47,21
196,2c3353338941a5a1620123ce,M06,0,14.46,11.77,21
196,2c3353338941a5a1620123ce,M07,0,16.27,12.83,30
196,2c3353338941a5a1620123ce,M08,0,20.61,17.14,30
196,2c3353338941a5a1620123ce,M09,0,19.32,16.05,30
196,2c3353338941a5a1620123ce,M10,0,22.17,18.74,30
196,2c3353338941a5a1620123ce,M11,0,21.32,17.84,30
196,2c3353338941a5a1620123ce,M12,0,29.95,24.05,45
196,2c3353338941a5a1620123ce,M13,0,31.18,23.48,60
196,2c3353338941a5a1620123ce,M14,0,27.93,20.22,60
196,2c3353338941a5a1620123ce,M15,0,31.1,23.9,60
196,2c3353338941a5a1620123ce,M16,0,60.08,51.31,100
196,2c3353338941a5a1620123ce,M17,0,8.07,6.83,14
196,2c3353338941a5a1620123ce,M18,0,11.22,9.32,21
196,2c3353338941a5a1620123ce,M19,0,10.69,7.09,21
196,2c3353338941a5a1620123ce,M20,0,12.8,9.53,20
196,2c3353338941a5a1620123ce,M21,0,9.97,6.95,21
196,2c3353338941a5a1620123ce,M22,0,25.72,15.84,45
196,2c3353338941a5a1620123ce,M23,0,22.29,13.31,45
196,2c3353338941a5a1620123ce,M24,0,26.08,16.53,45
196,2c3353338941a5a1620123ce,M25,0,15.15,13.62,20
196,2c3353338941a5a1620123ce,M26,0,13.94,12.385,20
196,2c3353338941a5a1620123ce,M27,0,18.7,15.7,30
196,2c3353338941a5a1620123ce,M28,0,16.87,13.765,30
196,2c3353338941a5a1620123ce,M29,0,18.51,15.575,30
196,2c3353338941a5a1620123ce,M30,0,11.73,9.385,21
198,21c96a0876123a4a80b11e73,M01,2,4.47,6.88,10
198,21c96a0876123a4a80b11e73,M02,2,6.01,9.32,15
198,21c96a0876123a4a80b11e73,M03,2,5.2,9.36,21
198,21c96a0876123a4a80b11e73,M04,2,5.02,8.58,21
198,21c96a0876123a4a80b11e73,M05,2,4.53,8.46,21
198,21c96a0876123a4a80b11e73,M06,2,6.58,11.66,21
198,21c96a0876123a4a80b11e73,M07,2,6.61,12.81,30
198,21c96a0876123a4a80b11e73,M08,2,8.3,16.97,30
198,21c96a0876123a4a80b11e73,M09,2,7.39,16.03,30
198,21c96a0876123a4a80b11e73,M10,2,9.9,18.71,30
198,21c96a0876123a4a80b11e73,M11,2,9.29,17.82,30
198,21c96a0876123a4a80b11e73,M12,2,9.62,24,45
198,21c96a0876123a4a80b11e73,M13,2,9.96,23.43,60
198,21c96a0876123a4a80b11e73,M14,2,7.11,20.18,60
198,21c96a0876123a4a80b11e73,M15,2,9.85,23.65,60
198,21c96a0876123a4a80b11e73,M16,2,16.84,51.18,100
198,21c96a0876123a4a80b11e73,M17,2,3.67,6.73,14
198,21c96a0876123a4a80b11e73,M18,2,5.64,9.21,21
198,21c96a0876123a4a80b11e73,M19,2,4.4,6.87,21
198,21c96a0876123a4a80b11e73,M20,2,5.64,9.15,20
198,21c96a0876123a4a80b11e73,M21,2,4.59,6.77,21
198,21c96a0876123a4a80b11e73,M22,2,8.01,15.22,45
198,21c96a0876123a4a80b11e73,M23,2,6.73,13.01,45
198,21c96a0876123a4a80b11e73,M24,2,7.85,15.92,45
198,21c96a0876123a4a80b11e73,M25,2,8.51,13.62,20
198,21c96a0876123a4a80b11e73,M26,2,7.23,12.34,20
198,21c96a0876123a4a80b11e73,M27,2,8.35,15.67,30
198,21c96a0876123a4a80b11e73,M28,2,7.21,13.69,30
198,21c96a0876123a4a80b11e73,M29,2,8.31,15.58,30
198,21c96a0876123a4a80b11e73,M30,2,5.4,9.38,21
199,c70e593c2e631310bfe805a0,M01,3,6.4,6.99,10
199,c70e593c2e631310bfe805a0,M02,3,8.98,9.41,15
199,c70e593c2e631310bfe805a0,M03,3,8.83,9.67,21
199,c70e593c2e631310bfe805a0,M04,3,8.22,8.99,21
199,c70e593c2e631310bfe805a0,M05,3,7.93,8.87,21
199,c70e593c2e631310bfe805a0,M06,3,10.73,12.11,21
199,c70e593c2e631310bfe805a0,M07,3,12.34,13.26,30
199,c70e593c2e631310bfe805a0,M08,3,16.56,17.66,30
199,c70e593c2e631310bfe805a0,M09,3,15.35,16.64,30
199,c70e593c2e631310bfe805a0,M10,3,18.19,19.22,30
199,c70e593c2e631310bfe805a0,M11,3,16.99,18.33,30
199,c70e593c2e631310bfe805a0,M12,3,22.72,24.98,45
199,c70e593c2e631310bfe805a0,M13,3,20.65,24.67,60
199,c70e593c2e631310bfe805a0,M14,3,17.56,20.81,60
199,c70e593c2e631310bfe805a0,M15,3,22.1,24.93,60
199,c70e593c2e631310bfe805a0,M16,3,47,52.34,100
199,c70e593c2e631310bfe805a0,M17,3,6.64,6.99,14
199,c70e593c2e631310bfe805a0,M18,3,8.88,9.6,21
199,c70e593c2e631310bfe805a0,M19,3,6.87,7.26,21
199,c70e593c2e631310bfe805a0,M20,3,10.33,9.575,20
199,c70e593c2e631310bfe805a0,M21,3,7.04,6.985,21
199,c70e593c2e631310bfe805a0,M22,3,16.45,16.03,45
199,c70e593c2e631310bfe805a0,M23,3,13.17,13.455,45
199,c70e593c2e631310bfe805a0,M24,3,20.03,16.74,45
199,c70e593c2e631310bfe805a0,M25,3,12.68,13.8,20
199,c70e593c2e631310bfe805a0,M26,3,11.44,12.58,20
199,c70e593c2e631310bfe805a0,M27,3,13.79,15.98,30
199,c70e593c2e631310bfe805a0,M28,3,11.94,14.22,30
199,c70e593c2e631310bfe805a0,M29,3,14.3,16.04,30
199,c70e593c2e631310bfe805a0,M30,3,8.35,9.75,21
200,1157dca77a3505f7c3391cf1,M01,1,4.74,6.95,10
200,1157dca77a3505f7c3391cf1,M02,1,6.47,9.36,15
200,1157dca77a3505f7c3391cf1,M03,1,5.4,9.52,21
200,1157dca77a3505f7c3391cf1,M04,1,5.17,8.81,21
200,1157dca77a3505f7c3391cf1,M05,1,5.05,8.8,21
200,1157dca77a3505f7c3391cf1,M06,1,6.93,11.89,21
200,1157dca77a3505f7c3391cf1,M07,1,7.04,13,30
200,1157dca77a3505f7c3391cf1,M08,1,9.63,17.42,30
200,1157dca77a3505f7c3391cf1,M09,1,8.62,16.18,30
200,1157dca77a3505f7c3391cf1,M10,1,11.14,18.98,30
200,1157dca77a3505f7c3391cf1,M11,1,10.24,18.29,30
200,1157dca77a3505f7c3391cf1,M12,1,12.17,24.62,45
200,1157dca77a3505f7c3391cf1,M13,1,11.56,24.03,60
200,1157dca77a3505f7c3391cf1,M14,1,9.23,20.46,60
200,1157dca77a3505f7c3391cf1,M15,1,11.53,24.48,60
200,1157dca77a3505f7c3391cf1,M16,1,22.81,51.76,100
200,1157dca77a3505f7c3391cf1,M17,1,3.61,6.94,14
200,1157dca77a3505f7c3391cf1,M18,1,5.52,9.46,21
200,1157dca77a3505f7c3391cf1,M19,1,4.69,7.16,21
200,1157dca77a3505f7c3391cf1,M20,1,5.9,9.5,20
200,1157dca77a3505f7c3391cf1,M21,1,4.66,6.99,21
200,1157dca77a3505f7c3391cf1,M22,1,8.57,15.84,45
200,1157dca77a3505f7c3391cf1,M23,1,7.23,13.35,45
200,1157dca77a3505f7c3391cf1,M24,1,8.31,16.5,45
200,1157dca77a3505f7c3391cf1,M25,1,8.23,13.75,20
200,1157dca77a3505f7c3391cf1,M26,1,7.63,12.54,20
200,1157dca77a3505f7c3391cf1,M27,1,8.29,15.91,30
200,1157dca77a3505f7c3391cf1,M28,1,7.68,13.91,30
200,1157dca77a3505f7c3391cf1,M29,1,8.65,15.68,30
200,1157dca77a3505f7c3391cf1,M30,1,5.39,9.58,21
201,a163f7a7711eeffb4a750ec3,M01,3,6.74,6.99,10
201,a163f7a7711eeffb4a750ec3,M02,3,9.03,9.41,15
201,a163f7a7711eeffb4a750ec3,M03,3,8.85,9.67,21
201,a163f7a7711eeffb4a750ec3,M04,3,7.72,8.99,21
201,a163f7a7711eeffb4a750ec3,M05,3,7.71,8.87,21
201,a163f7a7711eeffb4a750ec3,M06,3,11.05,12.11,21
201,a163f7a7711eeffb4a750ec3,M07,3,11.89,13.26,30
201,a163f7a7711eeffb4a750ec3,M08,3,16.17,17.66,30
201,a163f7a7711eeffb4a750ec3,M09,3,14.42,16.64,30
201,a163f7a7711eeffb4a750ec3,M10,3,17.85,19.22,30
201,a163f7a7711eeffb4a750ec3,M11,3,16.59,18.33,30
201,a163f7a7711eeffb4a750ec3,M12,3,22.44,24.98,45
201,a163f7a7711eeffb4a750ec3,M13,3,21.46,24.67,60
201,a163f7a7711eeffb4a750ec3,M14,3,17.83,20.81,60
201,a163f7a7711eeffb4a750ec3,M15,3,21.83,24.93,60
201,a163f7a7711eeffb4a750ec3,M16,3,48.01,52.34,100
201,a163f7a7711eeffb4a750ec3,M17,3,6.07,6.99,14
201,a163f7a7711eeffb4a750ec3,M18,3,8.36,9.6,21
201,a163f7a7711eeffb4a750ec3,M19,3,6.36,7.26,21
201,a163f7a7711eeffb4a750ec3,M20,3,8.64,9.575,20
201,a163f7a7711eeffb4a750ec3,M21,3,5.99,6.985,21
201,a163f7a7711eeffb4a750ec3,M22,3,13.5,16.03,45
201,a163f7a7711eeffb4a750ec3,M23,3,11.51,13.455,45
201,a163f7a7711eeffb4a750ec3,M24,3,13.61,16.74,45
201,a163f7a7711eeffb4a750ec3,M25,3,13.24,13.8,20
201,a163f7a7711eeffb4a750ec3,M26,3,11.83,12.58,20
201,a163f7a7711eeffb4a750ec3,M27,3,14.57,15.98,30
201,a163f7a7711eeffb4a750ec3,M28,3,12.44,14.22,30
201,a163f7a7711eeffb4a750ec3,M29,3,14.17,16.04,30
201,a163f7a7711eeffb4a750ec3,M30,3,8.83,9.75,21
202,f217da90d1070a3bbaec6996,M01,3,8.03,6.99,10
202,f217da90d1070a3bbaec6996,M02,3,10.63,9.41,15
202,f217da90d1070a3bbaec6996,M03,3,12.03,9.67,21
202,f217da90d1070a3bbaec6996,M04,3,11.09,8.99,21
202,f217da90d1070a3bbaec6996,M05,3,11.24,8.87,21
202,f217da90d1070a3bbaec6996,M06,3,14.84,12.11,21
202,f217da90d1070a3bbaec6996,M07,3,16.78,13.26,30
202,f217da90d1070a3bbaec6996,M08,3,21.09,17.66,30
202,f217da90d1070a3bbaec6996,M09,3,19.8,16.64,30
202,f217da90d1070a3bbaec6996,M10,3,22.62,19.22,30
202,f217da90d1070a3bbaec6996,M11,3,21.78,18.33,30
202,f217da90d1070a3bbaec6996,M12,3,30.72,24.98,45
202,f217da90d1070a3bbaec6996,M13,3,32.12,24.67,60
202,f217da90d1070a3bbaec6996,M14,3,28.82,20.81,60
202,f217da90d1070a3bbaec6996,M15,3,32.04,24.93,60
202,f217da90d1070a3bbaec6996,M16,3,61.1,52.34,100
202,f217da90d1070a3bbaec6996,M17,3,8.25,6.99,14
202,f217da90d1070a3bbaec6996,M18,3,11.54,9.6,21
202,f217da90d1070a3bbaec6996,M19,3,10.59,7.26,21
202,f217da90d1070a3bbaec6996,M20,3,12.69,9.575,20
202,f217da90d1070a3bbaec6996,M21,3,9.82,6.985,21
202,f217da90d1070a3bbaec6996,M22,3,25.22,16.03,45
202,f217da90d1070a3bbaec6996,M23,3,21.73,13.455,45
202,f217da90d1070a3bbaec6996,M24,3,25.6,16.74,45
202,f217da90d1070a3bbaec6996,M25,3,15.37,13.8,20
202,f217da90d1070a3bbaec6996,M26,3,14.14,12.58,20
202,f217da90d1070a3bbaec6996,M27,3,19.14,15.98,30
202,f217da90d1070a3bbaec6996,M28,3,17.29,14.22,30
202,f217da90d1070a3bbaec6996,M29,3,18.94,16.04,30
202,f217da90d1070a3bbaec6996,M30,3,12.07,9.75,21
203,cd59d3604f71cc60f2c12594,M01,1,4.82,6.95,10
203,cd59d3604f71cc60f2c12594,M02,1,6.23,9.36,15
203,cd59d3604f71cc60f2c12594,M03,1,5.39,9.52,21
203,cd59d3604f71cc60f2c12594,M04,1,5.09,8.81,21
203,cd59d3604f71cc60f2c12594,M05,1,4.98,8.8,21
203,cd59d3604f71cc60f2c12594,M06,1,6.87,11.89,21
203,cd59d3604f71cc60f2c12594,M07,1,6.84,13,30
203,cd59d3604f71cc60f2c12594,M08,1,8.53,17.42,30
203,cd59d3604f71cc60f2c12594,M09,1,7.33,16.18,30
203,cd59d3604f71cc60f2c12594,M10,1,10.19,18.98,30
203,cd59d3604f71cc60f2c12594,M11,1,9.15,18.29,30
203,cd59d3604f71cc60f2c12594,M12,1,10.07,24.62,45
203,cd59d3604f71cc60f2c12594,M13,1,10.54,24.03,60
203,cd59d3604f71cc60f2c12594,M14,1,7.82,20.46,60
203,cd59d3604f71cc60f2c12594,M15,1,10.4,24.48,60
203,cd59d3604f71cc60f2c12594,M16,1,18.47,51.76,100
203,cd59d3604f71cc60f2c12594,M17,1,3.41,6.94,14
203,cd59d3604f71cc60f2c12594,M18,1,5.51,9.46,21
203,cd59d3604f71cc60f2c12594,M19,1,4.75,7.16,21
203,cd59d3604f71cc60f2c12594,M20,1,6.39,9.5,20
203,cd59d3604f71cc60f2c12594,M21,1,4.88,6.99,21
203,cd59d3604f71cc60f2c12594,M22,1,8.42,15.84,45
203,cd59d3604f71cc60f2c12594,M23,1,6.78,13.35,45
203,cd59d3604f71cc60f2c12594,M24,1,8.35,16.5,45
203,cd59d3604f71cc60f2c12594,M25,1,9.29,13.75,20
203,cd59d3604f71cc60f2c12594,M26,1,7.49,12.54,20
203,cd59d3604f71cc60f2c12594,M27,1,8.9,15.91,30
203,cd59d3604f71cc60f2c12594,M28,1,7.38,13.91,30
203,cd59d3604f71cc60f2c12594,M29,1,8.56,15.68,30
203,cd59d3604f71cc60f2c12594,M30,1,5.39,9.58,21
205,349160f21ef26f3bd10c02df,M01,4,4.74,6.845,10
205,349160f21ef26f3bd10c02df,M02,4,6.42,9.175,15
205,349160f21ef26f3bd10c02df,M03,4,5.35,9.25,21
205,349160f21ef26f3bd10c02df,M04,4,5.11,8.44,21
205,349160f21ef26f3bd10c02df,M05,4,4.95,8.46,21
205,349160f21ef26f3bd10c02df,M06,4,6.78,11.555,21
205,349160f21ef26f3bd10c02df,M07,4,6.97,12.545,30
205,349160f21ef26f3bd10c02df,M08,4,9.62,16.89,30
205,349160f21ef26f3bd10c02df,M09,4,8.56,15.81,30
205,349160f21ef26f3bd10c02df,M10,4,11.03,18.53,30
205,349160f21ef26f3bd10c02df,M11,4,10.08,17.615,30
205,349160f21ef26f3bd10c02df,M12,4,12.16,23.555,45
205,349160f21ef26f3bd10c02df,M13,4,11.54,23.13,60
205,349160f21ef26f3bd10c02df,M14,4,9.65,19.65,60
205,349160f21ef26f3bd10c02df,M15,4,11.38,23.315,60
205,349160f21ef26f3bd10c02df,M16,4,24.02,50.515,100
205,349160f21ef26f3bd10c02df,M17,4,3.49,6.655,14
205,349160f21ef26f3bd10c02df,M18,4,5.44,9.155,21
205,349160f21ef26f3bd10c02df,M19,4,4.67,6.985,21
205,349160f21ef26f3bd10c02df,M20,4,5.93,9.35,20
205,349160f21ef26f3bd10c02df,M21,4,4.63,6.77,21
205,349160f21ef26f3bd10c02df,M22,4,8.56,15.23,45
205,349160f21ef26f3bd10c02df,M23,4,7.51,13.01,45
205,349160f21ef26f3bd10c02df,M24,4,8.24,15.92,45
205,349160f21ef26f3bd10c02df,M25,4,11.52,13.5,20
205,349160f21ef26f3bd10c02df,M26,4,10.36,12.19,20
205,349160f21ef26f3bd10c02df,M27,4,11.5,15.28,30
205,349160f21ef26f3bd10c02df,M28,4,10.06,13.34,30
205,349160f21ef26f3bd10c02df,M29,4,11.23,15.58,30
205,349160f21ef26f3bd10c02df,M30,4,7.25,9.25,21
208,7e8108e8aa1d6afff73a1bc0,M01,2,8.55,6.88,10
208,7e8108e8aa1d6afff73a1bc0,M02,2,11.25,9.32,15
208,7e8108e8aa1d6afff73a1bc0,M03,2,13.28,9.36,21
208,7e8108e8aa1d6afff73a1bc0,M04,2,12.21,8.58,21
208,7e8108e8aa1d6afff73a1bc0,M05,2,12.42,8.46,21
208,7e8108e8aa1d6afff73a1bc0,M06,2,15.99,11.66,21
208,7e8108e8aa1d6afff73a1bc0,M07,2,18.67,12.81,30
208,7e8108e8aa1d6afff73a1bc0,M08,2,22.86,16.97,30
208,7e8108e8aa1d6afff73a1bc0,M09,2,21.4,16.03,30
208,7e8108e8aa1d6afff73a1bc0,M10,2,24.34,18.71,30
208,7e8108e8aa1d6afff73a1bc0,M11,2,23.35,17.82,30
208,7e8108e8aa1d6afff73a1bc0,M12,2,33.7,24,45
208,7e8108e8aa1d6afff73a1bc0,M13,2,35.29,23.43,60
208,7e8108e8aa1d6afff73a1bc0,M14,2,32.2,20.18,60
208,7e8108e8aa1d6afff73a1bc0,M15,2,35.95,23.65,60
208,7e8108e8aa1d6afff73a1bc0,M16,2,64.53,51.18,100
208,7e8108e8aa1d6afff73a1bc0,M17,2,8.85,6.73,14
208,7e8108e8aa1d6afff73a1bc0,M18,2,12.58,9.21,21
208,7e8108e8aa1d6afff73a1bc0,M19,2,12.35,6.87,21
208,7e8108e8aa1d6afff73a1bc0,M20,2,13.74,9.15,20
208,7e8108e8aa1d6afff73a1bc0,M21,2,10.87,6.77,21
208,7e8108e8aa1d6afff73a1bc0,M22,2,28.99,15.22,45
208,7e8108e8aa1d6afff73a1bc0,M23,2,25.5,13.01,45
208,7e8108e8aa1d6afff73a1bc0,M24,2,29.43,15.92,45
208,7e8108e8aa1d6afff73a1bc0,M25,2,16.1,13.62,20
208,7e8108e8aa1d6afff73a1bc0,M26,2,14.86,12.34,20
208,7e8108e8aa1d6afff73a1bc0,M27,2,20.51,15.67,30
208,7e8108e8aa1d6afff73a1bc0,M28,2,18.75,13.69,30
208,7e8108e8aa1d6afff73a1bc0,M29,2,20.14,15.58,30
208,7e8108e8aa1d6afff73a1bc0,M30,2,13.33,9.38,21
209,ae21572dff8704af71227db3,M01,1,4.61,6.95,10
209,ae21572dff8704af71227db3,M02,1,6.12,9.36,15
209,ae21572dff8704af71227db3,M03,1,5.16,9.52,21
209,ae21572dff8704af71227db3,M04,1,4.97,8.81,21
209,ae21572dff8704af71227db3,M05,1,4.82,8.8,21
209,ae21572dff8704af71227db3,M06,1,6.57,11.89,21
209,ae21572dff8704af71227db3,M07,1,6.58,13,30
209,ae21572dff8704af71227db3,M08,1,8.71,17.42,30
209,ae21572dff8704af71227db3,M09,1,7.8,16.18,30
209,ae21572dff8704af71227db3,M10,1,10.15,18.98,30
209,ae21572dff8704af71227db3,M11,1,9.23,18.29,30
209,ae21572dff8704af71227db3,M12,1,10.67,24.62,45
209,ae21572dff8704af71227db3,M13,1,10.54,24.03,60
209,ae21572dff8704af71227db3,M14,1,8.54,20.46,60
209,ae21572dff8704af71227db3,M15,1,10.42,24.48,60
209,ae21572dff8704af71227db3,M16,1,20.19,51.76,100
209,ae21572dff8704af71227db3,M17,1,3.11,6.94,14
209,ae21572dff8704af71227db3,M18,1,5.29,9.46,21
209,ae21572dff8704af71227db3,M19,1,4.6,7.16,21
209,ae21572dff8704af71227db3,M20,1,5.7,9.5,20
209,ae21572dff8704af71227db3,M21,1,4.57,6.99,21
209,ae21572dff8704af71227db3,M22,1,8.47,15.84,45
209,ae21572dff8704af71227db3,M23,1,7.13,13.35,45
209,ae21572dff8704af71227db3,M24,1,7.91,16.5,45
209,ae21572dff8704af71227db3,M25,1,11.76,13.75,20
209,ae21572dff8704af71227db3,M26,1,10.1,12.54,20
209,ae21572dff8704af71227db3,M27,1,11.71,15.91,30
209,ae21572dff8704af71227db3,M28,1,9.67,13.91,30
209,ae21572dff8704af71227db3,M29,1,12.36,15.68,30
209,ae21572dff8704af71227db3,M30,1,7.13,9.58,21
210,f64cb299dc715625ad27bbf2,M01,2,8.08,6.88,10
210,f64cb299dc715625ad27bbf2,M02,2,10.81,9.32,15
210,f64cb299dc715625ad27bbf2,M03,2,12.48,9.36,21
210,f64cb299dc715625ad27bbf2,M04,2,11.6,8.58,21
210,f64cb299dc715625ad27bbf2,M05,2,11.79,8.46,21
210,f64cb299dc715625ad27bbf2,M06,2,15.15,11.66,21
210,f64cb299dc715625ad27bbf2,M07,2,17.51,12.81,30
210,f64cb299dc715625ad27bbf2,M08,2,21.76,16.97,30
210,f64cb299dc715625ad27bbf2,M09,2,20.55,16.03,30
210,f64cb299dc715625ad27bbf2,M10,2,23.21,18.71,30
210,f64cb299dc715625ad27bbf2,M11,2,22.53,17.82,30
210,f64cb299dc715625ad27bbf2,M12,2,31.96,24,45
210,f64cb299dc715625ad27bbf2,M13,2,33.19,23.43,60
210,f64cb299dc715625ad27bbf2,M14,2,30.16,20.18,60
210,f64cb299dc715625ad27bbf2,M15,2,33.71,23.65,60
210,f64cb299dc715625ad27bbf2,M16,2,62.29,51.18,100
210,f64cb299dc715625ad27bbf2,M17,2,8.51,6.73,14
210,f64cb299dc715625ad27bbf2,M18,2,11.99,9.21,21
210,f64cb299dc715625ad27bbf2,M19,2,10.97,6.87,21
210,f64cb299dc715625ad27bbf2,M20,2,13.16,9.15,20
210,f64cb299dc715625ad27bbf2,M21,2,10.59,6.77,21
210,f64cb299dc715625ad27bbf2,M22,2,27.2,15.22,45
210,f64cb299dc715625ad27bbf2,M23,2,23.96,13.01,45
210,f64cb299dc715625ad27bbf2,M24,2,27.1,15.92,45
210,f64cb299dc715625ad27bbf2,M25,2,15.51,13.62,20
210,f64cb299dc715625ad27bbf2,M26,2,14.33,12.34,20
210,f64cb299dc715625ad27bbf2,M27,2,19.51,15.67,30
210,f64cb299dc715625ad27bbf2,M28,2,17.79,13.69,30
210,f64cb299dc715625ad27bbf2,M29,2,19.51,15.58,30
210,f64cb299dc715625ad27bbf2,M30,2,12.52,9.38,21
211,777595a9cfdca90527f5358e,M01,4,6.91,6.845,10
211,777595a9cfdca90527f5358e,M02,4,9.36,9.175,15
211,777595a9cfdca90527f5358e,M03,4,9.52,9.25,21
211,777595a9cfdca90527f5358e,M04,4,8.63,8.44,21
211,777595a9cfdca90527f5358e,M05,4,8.26,8.46,21
211,777595a9cfdca90527f5358e,M06,4,11.82,11.555,21
211,777595a9cfdca90527f5358e,M07,4,13,12.545,30
211,777595a9cfdca90527f5358e,M08,4,17.42,16.89,30
211,777595a9cfdca90527f5358e,M09,4,16.12,15.81,30
211,777595a9cfdca90527f5358e,M10,4,18.98,18.53,30
211,777595a9cfdca90527f5358e,M11,4,17.54,17.615,30
211,777595a9cfdca90527f5358e,M12,4,24.62,23.555,45
211,777595a9cfdca90527f5358e,M13,4,24.03,23.13,60
211,777595a9cfdca90527f5358e,M14,4,20.69,19.65,60
211,777595a9cfdca90527f5358e,M15,4,24.26,23.315,60
211,777595a9cfdca90527f5358e,M16,4,51.99,50.515,100
211,777595a9cfdca90527f5358e,M17,4,6.98,6.655,14
211,777595a9cfdca90527f5358e,M18,4,9.65,9.155,21
211,777595a9cfdca90527f5358e,M19,4,6.81,6.985,21
211,777595a9cfdca90527f5358e,M20,4,9.78,9.35,20
211,777595a9cfdca90527f5358e,M21,4,7.07,6.77,21
211,777595a9cfdca90527f5358e,M22,4,16.52,15.23,45
211,777595a9cfdca90527f5358e,M23,4,14.06,13.01,45
211,777595a9cfdca90527f5358e,M24,4,16.82,15.92,45
211,777595a9cfdca90527f5358e,M25,4,12.66,13.5,20
211,777595a9cfdca90527f5358e,M26,4,11.36,12.19,20
211,777595a9cfdca90527f5358e,M27,4,13.65,15.28,30
211,777595a9cfdca90527f5358e,M28,4,11.75,13.34,30
211,777595a9cfdca90527f5358e,M29,4,13.89,15.58,30
211,777595a9cfdca90527f5358e,M30,4,8.12,9.25,21
212,d69a1a66fdf392a9c7131312,M01,1,8.57,6.95,10
212,d69a1a66fdf392a9c7131312,M02,1,11.27,9.36,15
212,d69a1a66fdf392a9c7131312,M03,1,13.41,9.52,21
212,d69a1a66fdf392a9c7131312,M04,1,12.53,8.81,21
212,d69a1a66fdf392a9c7131312,M05,1,12.72,8.8,21
212,d69a1a66fdf392a9c7131312,M06,1,16.23,11.89,21
212,d69a1a66fdf392a9c7131312,M07,1,18.94,13,30
212,d69a1a66fdf392a9c7131312,M08,1,23.06,17.42,30
212,d69a1a66fdf392a9c7131312,M09,1,21.87,16.18,30
212,d69a1a66fdf392a9c7131312,M10,1,24.48,18.98,30
212,d69a1a66fdf392a9c7131312,M11,1,23.77,18.29,30
212,d69a1a66fdf392a9c7131312,M12,1,34.2,24.62,45
212,d69a1a66fdf392a9c7131312,M13,1,36.18,24.03,60
212,d69a1a66fdf392a9c7131312,M14,1,33.34,20.46,60
212,d69a1a66fdf392a9c7131312,M15,1,36.34,24.48,60
212,d69a1a66fdf392a9c7131312,M16,1,65.49,51.76,100
212,d69a1a66fdf392a9c7131312,M17,1,9.01,6.94,14
212,d69a1a66fdf392a9c7131312,M18,1,12.84,9.46,21
212,d69a1a66fdf392a9c7131312,M19,1,12.49,7.16,21
212,d69a1a66fdf392a9c7131312,M20,1,14.21,9.5,20
212,d69a1a66fdf392a9c7131312,M21,1,11.48,6.99,21
212,d69a1a66fdf392a9c7131312,M22,1,30.18,15.84,45
212,d69a1a66fdf392a9c7131312,M23,1,26.59,13.35,45
212,d69a1a66fdf392a9c7131312,M24,1,30.73,16.5,45
212,d69a1a66fdf392a9c7131312,M25,1,16.17,13.75,20
212,d69a1a66fdf392a9c7131312,M26,1,14.94,12.54,20
212,d69a1a66fdf392a9c7131312,M27,1,20.79,15.91,30
212,d69a1a66fdf392a9c7131312,M28,1,19.1,13.91,30
212,d69a1a66fdf392a9c7131312,M29,1,20.6,15.68,30
212,d69a1a66fdf392a9c7131312,M30,1,13.47,9.58,21
213,a9ddfab67a2904172e0f1116,M01,0,6.66,6.91,10
213,a9ddfab67a2904172e0f1116,M02,0,8.83,9.32,15
213,a9ddfab67a2904172e0f1116,M03,0,8.5,9.36,21
213,a9ddfab67a2904172e0f1116,M04,0,7.69,8.59,21
213,a9ddfab67a2904172e0f1116,M05,0,7.6,8.47,21
213,a9ddfab67a2904172e0f1116,M06,0,10.78,11.77,21
213,a9ddfab67a2904172e0f1116,M07,0,11.41,12.83,30
213,a9ddfab67a2904172e0f1116,M08,0,15.67,17.14,30
213,a9ddfab67a2904172e0f1116,M09,0,14.44,16.05,30
213,a9ddfab67a2904172e0f1116,M10,0,17.3,18.74,30
213,a9ddfab67a2904172e0f1116,M11,0,16.33,17.84,30
213,a9ddfab67a2904172e0f1116,M12,0,21.58,24.05,45
213,a9ddfab67a2904172e0f1116,M13,0,20.85,23.48,60
213,a9ddfab67a2904172e0f1116,M14,0,17.33,20.22,60
213,a9ddfab67a2904172e0f1116,M15,0,20.83,23.9,60
213,a9ddfab67a2904172e0f1116,M16,0,47.11,51.31,100
213,a9ddfab67a2904172e0f1116,M17,0,6.11,6.83,14
213,a9ddfab67a2904172e0f1116,M18,0,8.33,9.32,21
213,a9ddfab67a2904172e0f1116,M19,0,5.78,7.09,21
213,a9ddfab67a2904172e0f1116,M20,0,7.93,9.53,20
213,a9ddfab67a2904172e0f1116,M21,0,5.57,6.95,21
213,a9ddfab67a2904172e0f1116,M22,0,12.13,15.84,45
213,a9ddfab67a2904172e0f1116,M23,0,10.45,13.31,45
213,a9ddfab67a2904172e0f1116,M24,0,11.98,16.53,45
213,a9ddfab67a2904172e0f1116,M25,0,13.07,13.62,20
213,a9ddfab67a2904172e0f1116,M26,0,11.67,12.385,20
213,a9ddfab67a2904172e0f1116,M27,0,14.29,15.7,30
213,a9ddfab67a2904172e0f1116,M28,0,12.18,13.765,30
213,a9ddfab67a2904172e0f1116,M29,0,16.64,15.575,30
213,a9ddfab67a2904172e0f1116,M30,0,8.52,9.385,21
214,c27fe310a5abf32c690a710e,M01,4,6.75,6.845,10
214,c27fe310a5abf32c690a710e,M02,4,9.41,9.175,15
214,c27fe310a5abf32c690a710e,M03,4,9.67,9.25,21
214,c27fe310a5abf32c690a710e,M04,4,9.06,8.44,21
214,c27fe310a5abf32c690a710e,M05,4,8.8,8.46,21
214,c27fe310a5abf32c690a710e,M06,4,11.53,11.555,21
214,c27fe310a5abf32c690a710e,M07,4,13.28,12.545,30
214,c27fe310a5abf32c690a710e,M08,4,17.66,16.89,30
214,c27fe310a5abf32c690a710e,M09,4,16.76,15.81,30
214,c27fe310a5abf32c690a710e,M10,4,19.23,18.53,30
214,c27fe310a5abf32c690a710e,M11,4,18.33,17.615,30
214,c27fe310a5abf32c690a710e,M12,4,25.13,23.555,45
214,c27fe310a5abf32c690a710e,M13,4,23.48,23.13,60
214,c27fe310a5abf32c690a710e,M14,4,20.35,19.65,60
214,c27fe310a5abf32c690a710e,M15,4,24.93,23.315,60
214,c27fe310a5abf32c690a710e,M16,4,51.18,50.515,100
214,c27fe310a5abf32c690a710e,M17,4,7.02,6.655,14
214,c27fe310a5abf32c690a710e,M18,4,9.71,9.155,21
214,c27fe310a5abf32c690a710e,M19,4,6.6,6.985,21
214,c27fe310a5abf32c690a710e,M20,4,9.57,9.35,20
214,c27fe310a5abf32c690a710e,M21,4,6.86,6.77,21
214,c27fe310a5abf32c690a710e,M22,4,15.66,15.23,45
214,c27fe310a5abf32c690a710e,M23,4,12.8,13.01,45
214,c27fe310a5abf32c690a710e,M24,4,17.69,15.92,45
214,c27fe310a5abf32c690a710e,M25,4,13.32,13.5,20
214,c27fe310a5abf32c690a710e,M26,4,12.12,12.19,20
214,c27fe310a5abf32c690a710e,M27,4,15.03,15.28,30
214,c27fe310a5abf32c690a710e,M28,4,13.23,13.34,30
214,c27fe310a5abf32c690a710e,M29,4,15.57,15.58,30
214,c27fe310a5abf32c690a710e,M30,4,9.16,9.25,21
215,4a4758acbcb6cbd3b156ade0,M01,2,8.84,6.88,10
215,4a4758acbcb6cbd3b156ade0,M02,2,11.51,9.32,15
215,4a4758acbcb6cbd3b156ade0,M03,2,13.75,9.36,21
215,4a4758acbcb6cbd3b156ade0,M04,2,12.73,8.58,21
215,4a4758acbcb6cbd3b156ade0,M05,2,12.96,8.46,21
215,4a4758acbcb6cbd3b156ade0,M06,2,16.59,11.66,21
215,4a4758acbcb6cbd3b156ade0,M07,2,19.41,12.81,30
215,4a4758acbcb6cbd3b156ade0,M08,2,23.51,16.97,30
215,4a4758acbcb6cbd3b156ade0,M09,2,22.16,16.03,30
215,4a4758acbcb6cbd3b156ade0,M10,2,24.99,18.71,30
215,4a4758acbcb6cbd3b156ade0,M11,2,24.12,17.82,30
215,4a4758acbcb6cbd3b156ade0,M12,2,34.89,24,45
215,4a4758acbcb6cbd3b156ade0,M13,2,36.94,23.43,60
215,4a4758acbcb6cbd3b156ade0,M14,2,33.95,20.18,60
215,4a4758acbcb6cbd3b156ade0,M15,2,37.25,23.65,60
215,4a4758acbcb6cbd3b156ade0,M16,2,66.34,51.18,100
215,4a4758acbcb6cbd3b156ade0,M17,2,9.12,6.73,14
215,4a4758acbcb6cbd3b156ade0,M18,2,13.05,9.21,21
215,4a4758acbcb6cbd3b156ade0,M19,2,12.67,6.87,21
215,4a4758acbcb6cbd3b156ade0,M20,2,14.33,9.15,20
215,4a4758acbcb6cbd3b156ade0,M21,2,11.5,6.77,21
215,4a4758acbcb6cbd3b156ade0,M22,2,30.51,15.22,45
215,4a4758acbcb6cbd3b156ade0,M23,2,26.92,13.01,45
215,4a4758acbcb6cbd3b156ade0,M24,2,31.14,15.92,45
215,4a4758acbcb6cbd3b156ade0,M25,2,16.47,13.62,20
215,4a4758acbcb6cbd3b156ade0,M26,2,15.18,12.34,20
215,4a4758acbcb6cbd3b156ade0,M27,2,21.21,15.67,30
215,4a4758acbcb6cbd3b156ade0,M28,2,19.46,13.69,30
215,4a4758acbcb6cbd3b156ade0,M29,2,21.07,15.58,30
215,4a4758acbcb6cbd3b156ade0,M30,2,13.8,9.38,21
216,1ccc85fbc14570d427fc4054,M01,1,6.22,6.95,10
216,1ccc85fbc14570d427fc4054,M02,1,8.23,9.36,15
216,1ccc85fbc14570d427fc4054,M03,1,7.55,9.52,21
216,1ccc85fbc14570d427fc4054,M04,1,6.97,8.81,21
216,1ccc85fbc14570d427fc4054,M05,1,6.95,8.8,21
216,1ccc85fbc14570d427fc4054,M06,1,9.7,11.89,21
216,1ccc85fbc14570d427fc4054,M07,1,10.03,13,30
216,1ccc85fbc14570d427fc4054,M08,1,14.06,17.42,30
216,1ccc85fbc14570d427fc4054,M09,1,13.1,16.18,30
216,1ccc85fbc14570d427fc4054,M10,1,15.71,18.98,30
216,1ccc85fbc14570d427fc4054,M11,1,14.94,18.29,30
216,1ccc85fbc14570d427fc4054,M12,1,19.05,24.62,45
216,1ccc85fbc14570d427fc4054,M13,1,18.27,24.03,60
216,1ccc85fbc14570d427fc4054,M14,1,15.15,20.46,60
216,1ccc85fbc14570d427fc4054,M15,1,17.91,24.48,60
216,1ccc85fbc14570d427fc4054,M16,1,42.44,51.76,100
216,1ccc85fbc14570d427fc4054,M17,1,5.67,6.94,14
216,1ccc85fbc14570d427fc4054,M18,1,7.59,9.46,21
216,1ccc85fbc14570d427fc4054,M19,1,6.06,7.16,21
216,1ccc85fbc14570d427fc4054,M20,1,8.23,9.5,20
216,1ccc85fbc14570d427fc4054,M21,1,5.87,6.99,21
216,1ccc85fbc14570d427fc4054,M22,1,12.8,15.84,45
216,1ccc85fbc14570d427fc4054,M23,1,10.93,13.35,45
216,1ccc85fbc14570d427fc4054,M24,1,12.85,16.5,45
216,1ccc85fbc14570d427fc4054,M25,1,12.36,13.75,20
216,1ccc85fbc14570d427fc4054,M26,1,10.94,12.54,20
216,1ccc85fbc14570d427fc4054,M27,1,12.94,15.91,30
216,1ccc85fbc14570d427fc4054,M28,1,10.97,13.91,30
216,1ccc85fbc14570d427fc4054,M29,1,12.59,15.68,30
216,1ccc85fbc14570d427fc4054,M30,1,7.59,9.58,21
217,f0be075ce70bbd3bac1c7259,M01,2,7.69,6.88,10
217,f0be075ce70bbd3bac1c7259,M02,2,10.28,9.32,15
217,f0be075ce70bbd3bac1c7259,M03,2,11.3,9.36,21
217,f0be075ce70bbd3bac1c7259,M04,2,10.46,8.58,21
217,f0be075ce70bbd3bac1c7259,M05,2,10.57,8.46,21
217,f0be075ce70bbd3bac1c7259,M06,2,13.99,11.66,21
217,f0be075ce70bbd3bac1c7259,M07,2,15.68,12.81,30
217,f0be075ce70bbd3bac1c7259,M08,2,20.04,16.97,30
217,f0be075ce70bbd3bac1c7259,M09,2,18.9,16.03,30
217,f0be075ce70bbd3bac1c7259,M10,2,21.6,18.71,30
217,f0be075ce70bbd3bac1c7259,M11,2,20.86,17.82,30
217,f0be075ce70bbd3bac1c7259,M12,2,28.99,24,45
217,f0be075ce70bbd3bac1c7259,M13,2,29.83,23.43,60
217,f0be075ce70bbd3bac1c7259,M14,2,26.45,20.18,60
217,f0be075ce70bbd3bac1c7259,M15,2,29.97,23.65,60
217,f0be075ce70bbd3bac1c7259,M16,2,58.56,51.18,100
217,f0be075ce70bbd3bac1c7259,M17,2,7.87,6.73,14
217,f0be075ce70bbd3bac1c7259,M18,2,10.96,9.21,21
217,f0be075ce70bbd3bac1c7259,M19,2,9.88,6.87,21
217,f0be075ce70bbd3bac1c7259,M20,2,12.07,9.15,20
217,f0be075ce70bbd3bac1c7259,M21,2,9.28,6.77,21
217,f0be075ce70bbd3bac1c7259,M22,2,23.3,15.22,45
217,f0be075ce70bbd3bac1c7259,M23,2,20.02,13.01,45
217,f0be075ce70bbd3bac1c7259,M24,2,23.82,15.92,45
217,f0be075ce70bbd3bac1c7259,M25,2,14.88,13.62,20
217,f0be075ce70bbd3bac1c7259,M26,2,13.62,12.34,20
217,f0be075ce70bbd3bac1c7259,M27,2,18.16,15.67,30
217,f0be075ce70bbd3bac1c7259,M28,2,16.22,13.69,30
217,f0be075ce70bbd3bac1c7259,M29,2,18.02,15.58,30
217,f0be075ce70bbd3bac1c7259,M30,2,11.35,9.38,21
219,0658d6d6c98ecbd57359ccef,M01,0,4.51,6.91,10
219,0658d6d6c98ecbd57359ccef,M02,0,6.01,9.32,15
219,0658d6d6c98ecbd57359ccef,M03,0,5.13,9.36,21
219,0658d6d6c98ecbd57359ccef,M04,0,4.91,8.59,21
219,0658d6d6c98ecbd57359ccef,M05,0,4.75,8.47,21
219,0658d6d6c98ecbd57359ccef,M06,0,6.5,11.77,21
219,0658d6d6c98ecbd57359ccef,M07,0,6.49,12.83,30
219,0658d6d6c98ecbd57359ccef,M08,0,8.33,17.14,30
219,0658d6d6c98ecbd57359ccef,M09,0,7.35,16.05,30
219,0658d6d6c98ecbd57359ccef,M10,0,9.82,18.74,30
219,0658d6d6c98ecbd57359ccef,M11,0,8.82,17.84,30
219,0658d6d6c98ecbd57359ccef,M12,0,10.05,24.05,45
219,0658d6d6c98ecbd57359ccef,M13,0,10.04,23.48,60
219,0658d6d6c98ecbd57359ccef,M14,0,8.07,20.22,60
219,0658d6d6c98ecbd57359ccef,M15,0,10.05,23.9,60
219,0658d6d6c98ecbd57359ccef,M16,0,18.55,51.31,100
219,0658d6d6c98ecbd57359ccef,M17,0,2.84,6.83,14
219,0658d6d6c98ecbd57359ccef,M18,0,5.22,9.32,21
219,0658d6d6c98ecbd57359ccef,M19,0,4.62,7.09,21
219,0658d6d6c98ecbd57359ccef,M20,0,5.7,9.53,20
219,0658d6d6c98ecbd57359ccef,M21,0,4.6,6.95,21
219,0658d6d6c98ecbd57359ccef,M22,0,8.26,15.84,45
219,0658d6d6c98ecbd57359ccef,M23,0,7.13,13.31,45
219,0658d6d6c98ecbd57359ccef,M24,0,7.97,16.53,45
219,0658d6d6c98ecbd57359ccef,M25,0,7.28,13.62,20
219,0658d6d6c98ecbd57359ccef,M26,0,5.14,12.385,20
219,0658d6d6c98ecbd57359ccef,M27,0,8,15.7,30
219,0658d6d6c98ecbd57359ccef,M28,0,6.32,13.765,30
219,0658d6d6c98ecbd57359ccef,M29,0,7.65,15.575,30
219,0658d6d6c98ecbd57359ccef,M30,0,4.78,9.385,21
220,d62a7d47244b4b6f5813dc91,M01,0,6.53,6.91,10
220,d62a7d47244b4b6f5813dc91,M02,0,8.9,9.32,15
220,d62a7d47244b4b6f5813dc91,M03,0,8.7,9.36,21
220,d62a7d47244b4b6f5813dc91,M04,0,7.9,8.59,21
220,d62a7d47244b4b6f5813dc91,M05,0,7.47,8.47,21
220,d62a7d47244b4b6f5813dc91,M06,0,10.8,11.77,21
220,d62a7d47244b4b6f5813dc91,M07,0,11.81,12.83,30
220,d62a7d47244b4b6f5813dc91,M08,0,16.19,17.14,30
220,d62a7d47244b4b6f5813dc91,M09,0,14.99,16.05,30
220,d62a7d47244b4b6f5813dc91,M10,0,17.72,18.74,30
220,d62a7d47244b4b6f5813dc91,M11,0,16.26,17.84,30
220,d62a7d47244b4b6f5813dc91,M12,0,22.67,24.05,45
220,d62a7d47244b4b6f5813dc91,M13,0,21.49,23.48,60
220,d62a7d47244b4b6f5813dc91,M14,0,18.32,20.22,60
220,d62a7d47244b4b6f5813dc91,M15,0,21.77,23.9,60
220,d62a7d47244b4b6f5813dc91,M16,0,48.78,51.31,100
220,d62a7d47244b4b6f5813dc91,M17,0,6.64,6.83,14
220,d62a7d47244b4b6f5813dc91,M18,0,9.14,9.32,21
220,d62a7d47244b4b6f5813dc91,M19,0,6.3,7.09,21
220,d62a7d47244b4b6f5813dc91,M20,0,9.47,9.53,20
220,d62a7d47244b4b6f5813dc91,M21,0,6.77,6.95,21
220,d62a7d47244b4b6f5813dc91,M22,0,15.65,15.84,45
220,d62a7d47244b4b6f5813dc91,M23,0,13.35,13.31,45
220,d62a7d47244b4b6f5813dc91,M24,0,15.92,16.53,45
220,d62a7d47244b4b6f5813dc91,M25,0,11.99,13.62,20
220,d62a7d47244b4b6f5813dc91,M26,0,10.73,12.385,20
220,d62a7d47244b4b6f5813dc91,M27,0,12.49,15.7,30
220,d62a7d47244b4b6f5813dc91,M28,0,10.69,13.765,30
220,d62a7d47244b4b6f5813dc91,M29,0,12.63,15.575,30
220,d62a7d47244b4b6f5813dc91,M30,0,7.33,9.385,21
221,b2055287b28edac3e1fa6789,M01,1,8.23,6.95,10
221,b2055287b28edac3e1fa6789,M02,1,12.58,9.36,15
221,b2055287b28edac3e1fa6789,M03,1,15.18,9.52,21
221,b2055287b28edac3e1fa6789,M04,1,14.13,8.81,21
221,b2055287b28edac3e1fa6789,M05,1,14.43,8.8,21
221,b2055287b28edac3e1fa6789,M06,1,18.39,11.89,21
221,b2055287b28edac3e1fa6789,M07,1,21.58,13,30
221,b2055287b28edac3e1fa6789,M08,1,25.52,17.42,30
221,b2055287b28edac3e1fa6789,M09,1,24.08,16.18,30
221,b2055287b28edac3e1fa6789,M10,1,27.07,18.98,30
221,b2055287b28edac3e1fa6789,M11,1,26.18,18.29,30
221,b2055287b28edac3e1fa6789,M12,1,38.21,24.62,45
221,b2055287b28edac3e1fa6789,M13,1,41.21,24.03,60
221,b2055287b28edac3e1fa6789,M14,1,38.54,20.46,60
221,b2055287b28edac3e1fa6789,M15,1,41.18,24.48,60
221,b2055287b28edac3e1fa6789,M16,1,70.9,51.76,100
221,b2055287b28edac3e1fa6789,M17,1,9.95,6.94,14
221,b2055287b28edac3e1fa6789,M18,1,14.33,9.46,21
221,b2055287b28edac3e1fa6789,M19,1,15.5,7.16,21
221,b2055287b28edac3e1fa6789,M20,1,16.69,9.5,20
221,b2055287b28edac3e1fa6789,M21,1,14.11,6.99,21
221,b2055287b28edac3e1fa6789,M22,1,37.84,15.84,45
221,b2055287b28edac3e1fa6789,M23,1,34.66,13.35,45
221,b2055287b28edac3e1fa6789,M24,1,37.86,16.5,45
221,b2055287b28edac3e1fa6789,M25,1,18.11,13.75,20
221,b2055287b28edac3e1fa6789,M26,1,16.42,12.54,20
221,b2055287b28edac3e1fa6789,M27,1,23.28,15.91,30
221,b2055287b28edac3e1fa6789,M28,1,21.47,13.91,30
221,b2055287b28edac3e1fa6789,M29,1,22.92,15.68,30
221,b2055287b28edac3e1fa6789,M30,1,15.26,9.58,21
222,6031d890eca7dc3190572968,M01,2,7.96,6.88,10
222,6031d890eca7dc3190572968,M02,2,10.59,9.32,15
222,6031d890eca7dc3190572968,M03,2,11.86,9.36,21
222,6031d890eca7dc3190572968,M04,2,10.75,8.58,21
222,6031d890eca7dc3190572968,M05,2,10.87,8.46,21
222,6031d890eca7dc3190572968,M06,2,14.61,11.66,21
222,6031d890eca7dc3190572968,M07,2,16.49,12.81,30
222,6031d890eca7dc3190572968,M08,2,20.82,16.97,30
222,6031d890eca7dc3190572968,M09,2,19.27,16.03,30
222,6031d890eca7dc3190572968,M10,2,22.41,18.71,30
222,6031d890eca7dc3190572968,M11,2,21.32,17.82,30
222,6031d890eca7dc3190572968,M12,2,30.21,24,45
222,6031d890eca7dc3190572968,M13,2,31.29,23.43,60
222,6031d890eca7dc3190572968,M14,2,27.83,20.18,60
222,6031d890eca7dc3190572968,M15,2,31.47,23.65,60
222,6031d890eca7dc3190572968,M16,2,60.2,51.18,100
222,6031d890eca7dc3190572968,M17,2,8.04,6.73,14
222,6031d890eca7dc3190572968,M18,2,11.22,9.21,21
222,6031d890eca7dc3190572968,M19,2,10.09,6.87,21
222,6031d890eca7dc3190572968,M20,2,12.22,9.15,20
222,6031d890eca7dc3190572968,M21,2,9.31,6.77,21
222,6031d890eca7dc3190572968,M22,2,23.81,15.22,45
222,6031d890eca7dc3190572968,M23,2,20.46,13.01,45
222,6031d890eca7dc3190572968,M24,2,24.33,15.92,45
222,6031d890eca7dc3190572968,M25,2,15.24,13.62,20
222,6031d890eca7dc3190572968,M26,2,14.01,12.34,20
222,6031d890eca7dc3190572968,M27,2,18.85,15.67,30
222,6031d890eca7dc3190572968,M28,2,16.89,13.69,30
222,6031d890eca7dc3190572968,M29,2,18.77,15.58,30
222,6031d890eca7dc3190572968,M30,2,11.9,9.38,21
223,a0b2ab35e6b6a3ad3cb8099a,M01,2,9.36,6.88,10
223,a0b2ab35e6b6a3ad3cb8099a,M02,2,11.93,9.32,15
223,a0b2ab35e6b6a3ad3cb8099a,M03,2,14.39,9.36,21
223,a0b2ab35e6b6a3ad3cb8099a,M04,2,13.22,8.58,21
223,a0b2ab35e6b6a3ad3cb8099a,M05,2,13.55,8.46,21
223,a0b2ab35e6b6a3ad3cb8099a,M06,2,17.28,11.66,21
223,a0b2ab35e6b6a3ad3cb8099a,M07,2,20.4,12.81,30
223,a0b2ab35e6b6a3ad3cb8099a,M08,2,24.41,16.97,30
223,a0b2ab35e6b6a3ad3cb8099a,M09,2,22.82,16.03,30
223,a0b2ab35e6b6a3ad3cb8099a,M10,2,25.94,18.71,30
223,a0b2ab35e6b6a3ad3cb8099a,M11,2,24.95,17.82,30
223,a0b2ab35e6b6a3ad3cb8099a,M12,2,36.41,24,45
223,a0b2ab35e6b6a3ad3cb8099a,M13,2,38.74,23.43,60
223,a0b2ab35e6b6a3ad3cb8099a,M14,2,35.97,20.18,60
223,a0b2ab35e6b6a3ad3cb8099a,M15,2,39.2,23.65,60
223,a0b2ab35e6b6a3ad3cb8099a,M16,2,68.24,51.18,100
223,a0b2ab35e6b6a3ad3cb8099a,M17,2,9.39,6.73,14
223,a0b2ab35e6b6a3ad3cb8099a,M18,2,13.48,9.21,21
223,a0b2ab35e6b6a3ad3cb8099a,M19,2,13.48,6.87,21
223,a0b2ab35e6b6a3ad3cb8099a,M20,2,15.05,9.15,20
223,a0b2ab35e6b6a3ad3cb8099a,M21,2,12.32,6.77,21
223,a0b2ab35e6b6a3ad3cb8099a,M22,2,32.82,15.22,45
223,a0b2ab35e6b6a3ad3cb8099a,M23,2,29.64,13.01,45
223,a0b2ab35e6b6a3ad3cb8099a,M24,2,33.25,15.92,45
223,a0b2ab35e6b6a3ad3cb8099a,M25,2,17.01,13.62,20
223,a0b2ab35e6b6a3ad3cb8099a,M26,2,15.63,12.34,20
223,a0b2ab35e6b6a3ad3cb8099a,M27,2,21.98,15.67,30
223,a0b2ab35e6b6a3ad3cb8099a,M28,2,20.28,13.69,30
223,a0b2ab35e6b6a3ad3cb8099a,M29,2,21.86,15.58,30
223,a0b2ab35e6b6a3ad3cb8099a,M30,2,14.45,9.38,21
225,493b94c3c8c4c9bf713f2445,M01,3,4.88,6.99,10
225,493b94c3c8c4c9bf713f2445,M02,3,6.39,9.41,15
225,493b94c3c8c4c9bf713f2445,M03,3,5.45,9.67,21
225,493b94c3c8c4c9bf713f2445,M04,3,5.2,8.99,21
225,493b94c3c8c4c9bf713f2445,M05,3,5.13,8.87,21
225,493b94c3c8c4c9bf713f2445,M06,3,6.95,12.11,21
225,493b94c3c8c4c9bf713f2445,M07,3,6.98,13.26,30
225,493b94c3c8c4c9bf713f2445,M08,3,9.12,17.66,30
225,493b94c3c8c4c9bf713f2445,M09,3,8.25,16.64,30
225,493b94c3c8c4c9bf713f2445,M10,3,10.7,19.22,30
225,493b94c3c8c4c9bf713f2445,M11,3,9.9,18.33,30
225,493b94c3c8c4c9bf713f2445,M12,3,11.12,24.98,45
225,493b94c3c8c4c9bf713f2445,M13,3,11.22,24.67,60
225,493b94c3c8c4c9bf713f2445,M14,3,8.79,20.81,60
225,493b94c3c8c4c9bf713f2445,M15,3,10.95,24.93,60
225,493b94c3c8c4c9bf713f2445,M16,3,21.44,52.34,100
225,493b94c3c8c4c9bf713f2445,M17,3,3.72,6.99,14
225,493b94c3c8c4c9bf713f2445,M18,3,5.61,9.6,21
225,493b94c3c8c4c9bf713f2445,M19,3,4.87,7.26,21
225,493b94c3c8c4c9bf713f2445,M20,3,6.12,9.575,20
225,493b94c3c8c4c9bf713f2445,M21,3,4.86,6.985,21
225,493b94c3c8c4c9bf713f2445,M22,3,9,16.03,45
225,493b94c3c8c4c9bf713f2445,M23,3,7.42,13.455,45
225,493b94c3c8c4c9bf713f2445,M24,3,8.92,16.74,45
225,493b94c3c8c4c9bf713f2445,M25,3,9.59,13.8,20
225,493b94c3c8c4c9bf713f2445,M26,3,7.89,12.58,20
225,493b94c3c8c4c9bf713f2445,M27,3,9.08,15.98,30
225,493b94c3c8c4c9bf713f2445,M28,3,7.64,14.22,30
225,493b94c3c8c4c9bf713f2445,M29,3,8.71,16.04,30
225,493b94c3c8c4c9bf713f2445,M30,3,5.45,9.75,21
226,ae5a55d12ebca06a5f8ce50c,M01,0,8.24,6.91,10
226,ae5a55d12ebca06a5f8ce50c,M02,0,10.87,9.32,15
226,ae5a55d12ebca06a5f8ce50c,M03,0,12.59,9.36,21
226,ae5a55d12ebca06a5f8ce50c,M04,0,11.57,8.59,21
226,ae5a55d12ebca06a5f8ce50c,M05,0,11.76,8.47,21
226,ae5a55d12ebca06a5f8ce50c,M06,0,15.34,11.77,21
226,ae5a55d12ebca06a5f8ce50c,M07,0,17.66,12.83,30
226,ae5a55d12ebca06a5f8ce50c,M08,0,21.85,17.14,30
226,ae5a55d12ebca06a5f8ce50c,M09,0,20.55,16.05,30
226,ae5a55d12ebca06a5f8ce50c,M10,0,23.32,18.74,30
226,ae5a55d12ebca06a5f8ce50c,M11,0,22.49,17.84,30
226,ae5a55d12ebca06a5f8ce50c,M12,0,32.13,24.05,45
226,ae5a55d12ebca06a5f8ce50c,M13,0,33.64,23.48,60
226,ae5a55d12ebca06a5f8ce50c,M14,0,30.45,20.22,60
226,ae5a55d12ebca06a5f8ce50c,M15,0,33.56,23.9,60
226,ae5a55d12ebca06a5f8ce50c,M16,0,62.71,51.31,100
226,ae5a55d12ebca06a5f8ce50c,M17,0,8.55,6.83,14
226,ae5a55d12ebca06a5f8ce50c,M18,0,12.07,9.32,21
226,ae5a55d12ebca06a5f8ce50c,M19,0,11.45,7.09,21
226,ae5a55d12ebca06a5f8ce50c,M20,0,13.26,9.53,20
226,ae5a55d12ebca06a5f8ce50c,M21,0,10.42,6.95,21
226,ae5a55d12ebca06a5f8ce50c,M22,0,27.12,15.84,45
226,ae5a55d12ebca06a5f8ce50c,M23,0,23.56,13.31,45
226,ae5a55d12ebca06a5f8ce50c,M24,0,27.52,16.53,45
226,ae5a55d12ebca06a5f8ce50c,M25,0,15.69,13.62,20
226,ae5a55d12ebca06a5f8ce50c,M26,0,14.43,12.385,20
226,ae5a55d12ebca06a5f8ce50c,M27,0,19.76,15.7,30
226,ae5a55d12ebca06a5f8ce50c,M28,0,17.94,13.765,30
226,ae5a55d12ebca06a5f8ce50c,M29,0,19.56,15.575,30
226,ae5a55d12ebca06a5f8ce50c,M30,0,12.63,9.385,21
227,d13130a6033e47d102f8fa76,M01,3,4.78,6.99,10
227,d13130a6033e47d102f8fa76,M02,3,6.68,9.41,15
227,d13130a6033e47d102f8fa76,M03,3,5.59,9.67,21
227,d13130a6033e47d102f8fa76,M04,3,5.37,8.99,21
227,d13130a6033e47d102f8fa76,M05,3,5.2,8.87,21
227,d13130a6033e47d102f8fa76,M06,3,7.17,12.11,21
227,d13130a6033e47d102f8fa76,M07,3,7.28,13.26,30
227,d13130a6033e47d102f8fa76,M08,3,10.17,17.66,30
227,d13130a6033e47d102f8fa76,M09,3,9.31,16.64,30
227,d13130a6033e47d102f8fa76,M10,3,11.66,19.22,30
227,d13130a6033e47d102f8fa76,M11,3,10.84,18.33,30
227,d13130a6033e47d102f8fa76,M12,3,12.98,24.98,45
227,d13130a6033e47d102f8fa76,M13,3,10.54,24.67,60
227,d13130a6033e47d102f8fa76,M14,3,7.82,20.81,60
227,d13130a6033e47d102f8fa76,M15,3,10.41,24.93,60
227,d13130a6033e47d102f8fa76,M16,3,18.47,52.34,100
227,d13130a6033e47d102f8fa76,M17,3,3.88,6.99,14
227,d13130a6033e47d102f8fa76,M18,3,5.77,9.6,21
227,d13130a6033e47d102f8fa76,M19,3,4.88,7.26,21
227,d13130a6033e47d102f8fa76,M20,3,6.37,9.575,20
227,d13130a6033e47d102f8fa76,M21,3,4.85,6.985,21
227,d13130a6033e47d102f8fa76,M22,3,8.42,16.03,45
227,d13130a6033e47d102f8fa76,M23,3,6.78,13.455,45
227,d13130a6033e47d102f8fa76,M24,3,8.35,16.74,45
227,d13130a6033e47d102f8fa76,M25,3,9.69,13.8,20
227,d13130a6033e47d102f8fa76,M26,3,8.38,12.58,20
227,d13130a6033e47d102f8fa76,M27,3,9.2,15.98,30
227,d13130a6033e47d102f8fa76,M28,3,7.38,14.22,30
227,d13130a6033e47d102f8fa76,M29,3,7.54,16.04,30
227,d13130a6033e47d102f8fa76,M30,3,5.8,9.75,21
228,526db5d548e812e0af002e85,M01,3,7.1,6.99,10
228,526db5d548e812e0af002e85,M02,3,9.32,9.41,15
228,526db5d548e812e0af002e85,M03,3,9.31,9.67,21
228,526db5d548e812e0af002e85,M04,3,8.59,8.99,21
228,526db5d548e812e0af002e85,M05,3,8.98,8.87,21
228,526db5d548e812e0af002e85,M06,3,11.87,12.11,21
228,526db5d548e812e0af002e85,M07,3,12.53,13.26,30
228,526db5d548e812e0af002e85,M08,3,16.79,17.66,30
228,526db5d548e812e0af002e85,M09,3,15.84,16.64,30
228,526db5d548e812e0af002e85,M10,3,18.56,19.22,30
228,526db5d548e812e0af002e85,M11,3,18.47,18.33,30
228,526db5d548e812e0af002e85,M12,3,23.29,24.98,45
228,526db5d548e812e0af002e85,M13,3,23.34,24.67,60
228,526db5d548e812e0af002e85,M14,3,19.7,20.81,60
228,526db5d548e812e0af002e85,M15,3,23.65,24.93,60
228,526db5d548e812e0af002e85,M16,3,50.53,52.34,100
228,526db5d548e812e0af002e85,M17,3,6.43,6.99,14
228,526db5d548e812e0af002e85,M18,3,8.79,9.6,21
228,526db5d548e812e0af002e85,M19,3,6.37,7.26,21
228,526db5d548e812e0af002e85,M20,3,8.06,9.575,20
228,526db5d548e812e0af002e85,M21,3,5.71,6.985,21
228,526db5d548e812e0af002e85,M22,3,12.32,16.03,45
228,526db5d548e812e0af002e85,M23,3,11.2,13.455,45
228,526db5d548e812e0af002e85,M24,3,11.91,16.74,45
228,526db5d548e812e0af002e85,M25,3,14.29,13.8,20
228,526db5d548e812e0af002e85,M26,3,12.99,12.58,20
228,526db5d548e812e0af002e85,M27,3,16.84,15.98,30
228,526db5d548e812e0af002e85,M28,3,14.77,14.22,30
228,526db5d548e812e0af002e85,M29,3,16.77,16.04,30
228,526db5d548e812e0af002e85,M30,3,10.35,9.75,21
229,3b65ef9d92c67daf73ca37e7,M01,4,9.03,6.845,10
229,3b65ef9d92c67daf73ca37e7,M02,4,11.64,9.175,15
229,3b65ef9d92c67daf73ca37e7,M03,4,14.06,9.25,21
229,3b65ef9d92c67daf73ca37e7,M04,4,13.19,8.44,21
229,3b65ef9d92c67daf73ca37e7,M05,4,13.41,8.46,21
229,3b65ef9d92c67daf73ca37e7,M06,4,16.94,11.555,21
229,3b65ef9d92c67daf73ca37e7,M07,4,19.97,12.545,30
229,3b65ef9d92c67daf73ca37e7,M08,4,23.96,16.89,30
229,3b65ef9d92c67daf73ca37e7,M09,4,22.78,15.81,30
229,3b65ef9d92c67daf73ca37e7,M10,4,25.41,18.53,30
229,3b65ef9d92c67daf73ca37e7,M11,4,24.67,17.615,30
229,3b65ef9d92c67daf73ca37e7,M12,4,35.78,23.555,45
229,3b65ef9d92c67daf73ca37e7,M13,4,38.13,23.13,60
229,3b65ef9d92c67daf73ca37e7,M14,4,35.4,19.65,60
229,3b65ef9d92c67daf73ca37e7,M15,4,38.27,23.315,60
229,3b65ef9d92c67daf73ca37e7,M16,4,67.58,50.515,100
229,3b65ef9d92c67daf73ca37e7,M17,4,9.34,6.655,14
229,3b65ef9d92c67daf73ca37e7,M18,4,13.43,9.155,21
229,3b65ef9d92c67daf73ca37e7,M19,4,13.56,6.985,21
229,3b65ef9d92c67daf73ca37e7,M20,4,15.03,9.35,20
229,3b65ef9d92c67daf73ca37e7,M21,4,12.44,6.77,21
229,3b65ef9d92c67daf73ca37e7,M22,4,32.88,15.23,45
229,3b65ef9d92c67daf73ca37e7,M23,4,29.4,13.01,45
229,3b65ef9d92c67daf73ca37e7,M24,4,33.41,15.92,45
229,3b65ef9d92c67daf73ca37e7,M25,4,16.69,13.5,20
229,3b65ef9d92c67daf73ca37e7,M26,4,15.39,12.19,20
229,3b65ef9d92c67daf73ca37e7,M27,4,21.61,15.28,30
229,3b65ef9d92c67daf73ca37e7,M28,4,19.95,13.34,30
229,3b65ef9d92c67daf73ca37e7,M29,4,21.35,15.58,30
229,3b65ef9d92c67daf73ca37e7,M30,4,14.14,9.25,21
230,3d7bd96ca15710fb424119d8,M01,2,8.61,6.88,10
230,3d7bd96ca15710fb424119d8,M02,2,12.52,9.32,15
230,3d7bd96ca15710fb424119d8,M03,2,15.13,9.36,21
230,3d7bd96ca15710fb424119d8,M04,2,14.3,8.58,21
230,3d7bd96ca15710fb424119d8,M05,2,14.62,8.46,21
230,3d7bd96ca15710fb424119d8,M06,2,18.29,11.66,21
230,3d7bd96ca15710fb424119d8,M07,2,21.5,12.81,30
230,3d7bd96ca15710fb424119d8,M08,2,25.44,16.97,30
230,3d7bd96ca15710fb424119d8,M09,2,24.31,16.03,30
230,3d7bd96ca15710fb424119d8,M10,2,26.98,18.71,30
230,3d7bd96ca15710fb424119d8,M11,2,26.47,17.82,30
230,3d7bd96ca15710fb424119d8,M12,2,38.1,24,45
230,3d7bd96ca15710fb424119d8,M13,2,41.59,23.43,60
230,3d7bd96ca15710fb424119d8,M14,2,39,20.18,60
230,3d7bd96ca15710fb424119d8,M15,2,41.74,23.65,60
230,3d7bd96ca15710fb424119d8,M16,2,71.33,51.18,100
230,3d7bd96ca15710fb424119d8,M17,2,10.04,6.73,14
230,3d7bd96ca15710fb424119d8,M18,2,14.5,9.21,21
230,3d7bd96ca15710fb424119d8,M19,2,15.77,6.87,21
230,3d7bd96ca15710fb424119d8,M20,2,16.63,9.15,20
230,3d7bd96ca15710fb424119d8,M21,2,14.34,6.77,21
230,3d7bd96ca15710fb424119d8,M22,2,38.25,15.22,45
230,3d7bd96ca15710fb424119d8,M23,2,35.15,13.01,45
230,3d7bd96ca15710fb424119d8,M24,2,38.45,15.92,45
230,3d7bd96ca15710fb424119d8,M25,2,18.32,13.62,20
230,3d7bd96ca15710fb424119d8,M26,2,16.58,12.34,20
230,3d7bd96ca15710fb424119d8,M27,2,23.53,15.67,30
230,3d7bd96ca15710fb424119d8,M28,2,21.68,13.69,30
230,3d7bd96ca15710fb424119d8,M29,2,23.32,15.58,30
230,3d7bd96ca15710fb424119d8,M30,2,15.49,9.38,21
231,dee02d0f4ba2425984cce9ae,M01,4,9.14,6.845,10
231,dee02d0f4ba2425984cce9ae,M02,4,11.79,9.175,15
231,dee02d0f4ba2425984cce9ae,M03,4,14.23,9.25,21
231,dee02d0f4ba2425984cce9ae,M04,4,13.19,8.44,21
231,dee02d0f4ba2425984cce9ae,M05,4,13.49,8.46,21
231,dee02d0f4ba2425984cce9ae,M06,4,17.07,11.555,21
231,dee02d0f4ba2425984cce9ae,M07,4,20.18,12.545,30
231,dee02d0f4ba2425984cce9ae,M08,4,24.19,16.89,30
231,dee02d0f4ba2425984cce9ae,M09,4,22.8,15.81,30
231,dee02d0f4ba2425984cce9ae,M10,4,25.68,18.53,30
231,dee02d0f4ba2425984cce9ae,M11,4,24.94,17.615,30
231,dee02d0f4ba2425984cce9ae,M12,4,36.1,23.555,45
231,dee02d0f4ba2425984cce9ae,M13,4,38.31,23.13,60
231,dee02d0f4ba2425984cce9ae,M14,4,35.62,19.65,60
231,dee02d0f4ba2425984cce9ae,M15,4,38.81,23.315,60
231,dee02d0f4ba2425984cce9ae,M16,4,67.79,50.515,100
231,dee02d0f4ba2425984cce9ae,M17,4,9.36,6.655,14
231,dee02d0f4ba2425984cce9ae,M18,4,13.46,9.155,21
231,dee02d0f4ba2425984cce9ae,M19,4,13.35,6.985,21
231,dee02d0f4ba2425984cce9ae,M25,4,16.8,13.5,20
231,dee02d0f4ba2425984cce9ae,M26,4,15.5,12.19,20
231,dee02d0f4ba2425984cce9ae,M27,4,21.43,15.28,30
231,dee02d0f4ba2425984cce9ae,M28,4,20.07,13.34,30
231,dee02d0f4ba2425984cce9ae,M29,4,21.62,15.58,30
231,dee02d0f4ba2425984cce9ae,M30,4,14.28,9.25,21
232,144e67efd6d586547a1449e2,M01,2,5.21,6.88,10
232,144e67efd6d586547a1449e2,M02,2,7.03,9.32,15
232,144e67efd6d586547a1449e2,M03,2,5.93,9.36,21
232,144e67efd6d586547a1449e2,M04,2,5.58,8.58,21
232,144e67efd6d586547a1449e2,M05,2,5.43,8.46,21
232,144e67efd6d586547a1449e2,M06,2,7.6,11.66,21
232,144e67efd6d586547a1449e2,M07,2,7.78,12.81,30
232,144e67efd6d586547a1449e2,M08,2,11.23,16.97,30
232,144e67efd6d586547a1449e2,M09,2,10.26,16.03,30
232,144e67efd6d586547a1449e2,M10,2,12.69,18.71,30
232,144e67efd6d586547a1449e2,M11,2,11.83,17.82,30
232,144e67efd6d586547a1449e2,M12,2,14.68,24,45
232,144e67efd6d586547a1449e2,M13,2,13.85,23.43,60
232,144e67efd6d586547a1449e2,M14,2,11.79,20.18,60
232,144e67efd6d586547a1449e2,M15,2,13.47,23.65,60
232,144e67efd6d586547a1449e2,M16,2,31.18,51.18,100
232,144e67efd6d586547a1449e2,M17,2,4.25,6.73,14
232,144e67efd6d586547a1449e2,M18,2,6.03,9.21,21
232,144e67efd6d586547a1449e2,M19,2,4.89,6.87,21
232,144e67efd6d586547a1449e2,M20,2,6.42,9.15,20
232,144e67efd6d586547a1449e2,M21,2,4.85,6.77,21
232,144e67efd6d586547a1449e2,M22,2,9.44,15.22,45
232,144e67efd6d586547a1449e2,M23,2,8.38,13.01,45
232,144e67efd6d586547a1449e2,M24,2,9.1,15.92,45
232,144e67efd6d586547a1449e2,M25,2,11.22,13.62,20
232,144e67efd6d586547a1449e2,M26,2,9.89,12.34,20
232,144e67efd6d586547a1449e2,M27,2,11.05,15.67,30
232,144e67efd6d586547a1449e2,M28,2,9.37,13.69,30
232,144e67efd6d586547a1449e2,M29,2,11.41,15.58,30
232,144e67efd6d586547a1449e2,M30,2,6.64,9.38,21
233,a047c7c3e85649e0405c3ba7,M01,1,6.88,6.95,10
233,a047c7c3e85649e0405c3ba7,M02,1,9.18,9.36,15
233,a047c7c3e85649e0405c3ba7,M03,1,9.17,9.52,21
233,a047c7c3e85649e0405c3ba7,M04,1,8.34,8.81,21
233,a047c7c3e85649e0405c3ba7,M05,1,8.26,8.8,21
233,a047c7c3e85649e0405c3ba7,M06,1,11.58,11.89,21
233,a047c7c3e85649e0405c3ba7,M07,1,12.45,13,30
233,a047c7c3e85649e0405c3ba7,M08,1,16.82,17.42,30
233,a047c7c3e85649e0405c3ba7,M09,1,15.64,16.18,30
233,a047c7c3e85649e0405c3ba7,M10,1,18.4,18.98,30
233,a047c7c3e85649e0405c3ba7,M11,1,17.52,18.29,30
233,a047c7c3e85649e0405c3ba7,M12,1,23.6,24.62,45
233,a047c7c3e85649e0405c3ba7,M13,1,23.17,24.03,60
233,a047c7c3e85649e0405c3ba7,M14,1,19.68,20.46,60
233,a047c7c3e85649e0405c3ba7,M15,1,23.14,24.48,60
233,a047c7c3e85649e0405c3ba7,M16,1,50.75,51.76,100
233,a047c7c3e85649e0405c3ba7,M17,1,6.54,6.94,14
233,a047c7c3e85649e0405c3ba7,M18,1,8.98,9.46,21
233,a047c7c3e85649e0405c3ba7,M19,1,6.29,7.16,21
233,a047c7c3e85649e0405c3ba7,M20,1,8.61,9.5,20
233,a047c7c3e85649e0405c3ba7,M21,1,6.02,6.99,21
233,a047c7c3e85649e0405c3ba7,M22,1,13.48,15.84,45
233,a047c7c3e85649e0405c3ba7,M23,1,11.63,13.35,45
233,a047c7c3e85649e0405c3ba7,M24,1,13.44,16.5,45
233,a047c7c3e85649e0405c3ba7,M25,1,13.5,13.75,20
233,a047c7c3e85649e0405c3ba7,M26,1,12.19,12.54,20
233,a047c7c3e85649e0405c3ba7,M27,1,15.28,15.91,30
233,a047c7c3e85649e0405c3ba7,M28,1,13.24,13.91,30
233,a047c7c3e85649e0405c3ba7,M29,1,15.04,15.68,30
233,a047c7c3e85649e0405c3ba7,M30,1,9.19,9.58,21
234,21eea0afa313d3769372de02,M01,4,9.97,6.845,10
234,21eea0afa313d3769372de02,M02,4,14.42,9.175,15
234,21eea0afa313d3769372de02,M03,4,17.03,9.25,21
234,21eea0afa313d3769372de02,M04,4,15.29,8.44,21
234,21eea0afa313d3769372de02,M05,4,15.62,8.46,21
234,21eea0afa313d3769372de02,M06,4,20.38,11.555,21
234,21eea0afa313d3769372de02,M07,4,23.17,12.545,30
234,21eea0afa313d3769372de02,M08,4,27.22,16.89,30
234,21eea0afa313d3769372de02,M09,4,25.81,15.81,30
234,21eea0afa313d3769372de02,M10,4,29.31,18.53,30
234,21eea0afa313d3769372de02,M11,4,27.83,17.615,30
234,21eea0afa313d3769372de02,M12,4,41.17,23.555,45
234,21eea0afa313d3769372de02,M13,4,44.31,23.13,60
234,21eea0afa313d3769372de02,M14,4,41.45,19.65,60
234,21eea0afa313d3769372de02,M15,4,44.94,23.315,60
234,21eea0afa313d3769372de02,M16,4,74.09,50.515,100
234,21eea0afa313d3769372de02,M17,4,10.68,6.655,14
234,21eea0afa313d3769372de02,M18,4,15.23,9.155,21
234,21eea0afa313d3769372de02,M19,4,16.69,6.985,21
234,21eea0afa313d3769372de02,M20,4,17.68,9.35,20
234,21eea0afa313d3769372de02,M21,4,15.45,6.77,21
234,21eea0afa313d3769372de02,M22,4,32.95,15.23,45
234,21eea0afa313d3769372de02,M23,4,38.55,13.01,45
234,21eea0afa313d3769372de02,M24,4,32.54,15.92,45
234,21eea0afa313d3769372de02,M25,4,16.59,13.5,20
234,21eea0afa313d3769372de02,M26,4,18.03,12.19,20
234,21eea0afa313d3769372de02,M27,4,25.9,15.28,30
234,21eea0afa313d3769372de02,M28,4,23.28,13.34,30
234,21eea0afa313d3769372de02,M29,4,26.1,15.58,30
234,21eea0afa313d3769372de02,M30,4,17.03,9.25,21
235,6ee9f7ce16b214affda797f4,M01,4,4.95,6.845,10
235,6ee9f7ce16b214affda797f4,M02,4,6.39,9.175,15
235,6ee9f7ce16b214affda797f4,M03,4,5.54,9.25,21
235,6ee9f7ce16b214affda797f4,M04,4,5.14,8.44,21
235,6ee9f7ce16b214affda797f4,M05,4,5.06,8.46,21
235,6ee9f7ce16b214affda797f4,M06,4,6.99,11.555,21
235,6ee9f7ce16b214affda797f4,M07,4,7.03,12.545,30
235,6ee9f7ce16b214affda797f4,M08,4,8.79,16.89,30
235,6ee9f7ce16b214affda797f4,M09,4,7.18,15.81,30
235,6ee9f7ce16b214affda797f4,M10,4,10.56,18.53,30
235,6ee9f7ce16b214affda797f4,M11,4,9.35,17.615,30
235,6ee9f7ce16b214affda797f4,M12,4,10.39,23.555,45
235,6ee9f7ce16b214affda797f4,M13,4,10.76,23.13,60
235,6ee9f7ce16b214affda797f4,M14,4,7.99,19.65,60
235,6ee9f7ce16b214affda797f4,M15,4,10.97,23.315,60
235,6ee9f7ce16b214affda797f4,M16,4,18.18,50.515,100
235,6ee9f7ce16b214affda797f4,M17,4,3.36,6.655,14
235,6ee9f7ce16b214affda797f4,M18,4,5.57,9.155,21
235,6ee9f7ce16b214affda797f4,M19,4,4.77,6.985,21
235,6ee9f7ce16b214affda797f4,M20,4,5.84,9.35,20
235,6ee9f7ce16b214affda797f4,M21,4,4.73,6.77,21
235,6ee9f7ce16b214affda797f4,M22,4,8.55,15.23,45
235,6ee9f7ce16b214affda797f4,M23,4,6.98,13.01,45
235,6ee9f7ce16b214affda797f4,M24,4,8.46,15.92,45
235,6ee9f7ce16b214affda797f4,M25,4,9.5,13.5,20
235,6ee9f7ce16b214affda797f4,M26,4,7.6,12.19,20
235,6ee9f7ce16b214affda797f4,M27,4,9.07,15.28,30
235,6ee9f7ce16b214affda797f4,M28,4,7.52,13.34,30
235,6ee9f7ce16b214affda797f4,M29,4,8.9,15.58,30
235,6ee9f7ce16b214affda797f4,M30,4,5.55,9.25,21
236,ecce04dcbcf0122880ef1bc4,M01,4,8.15,6.845,10
236,ecce04dcbcf0122880ef1bc4,M02,4,10.79,9.175,15
236,ecce04dcbcf0122880ef1bc4,M03,4,12.39,9.25,21
236,ecce04dcbcf0122880ef1bc4,M04,4,11.54,8.44,21
236,ecce04dcbcf0122880ef1bc4,M05,4,11.73,8.46,21
236,ecce04dcbcf0122880ef1bc4,M06,4,15.22,11.555,21
236,ecce04dcbcf0122880ef1bc4,M07,4,17.36,12.545,30
236,ecce04dcbcf0122880ef1bc4,M08,4,21.62,16.89,30
236,ecce04dcbcf0122880ef1bc4,M09,4,20.46,15.81,30
236,ecce04dcbcf0122880ef1bc4,M10,4,23.13,18.53,30
236,ecce04dcbcf0122880ef1bc4,M11,4,22.41,17.615,30
236,ecce04dcbcf0122880ef1bc4,M12,4,31.7,23.555,45
236,ecce04dcbcf0122880ef1bc4,M13,4,33.31,23.13,60
236,ecce04dcbcf0122880ef1bc4,M14,4,30.22,19.65,60
236,ecce04dcbcf0122880ef1bc4,M15,4,33.32,23.315,60
236,ecce04dcbcf0122880ef1bc4,M16,4,62.4,50.515,100
236,ecce04dcbcf0122880ef1bc4,M17,4,8.51,6.655,14
236,ecce04dcbcf0122880ef1bc4,M18,4,11.92,9.155,21
236,ecce04dcbcf0122880ef1bc4,M19,4,10.66,6.985,21
236,ecce04dcbcf0122880ef1bc4,M20,4,12.6,9.35,20
236,ecce04dcbcf0122880ef1bc4,M21,4,9.88,6.77,21
236,ecce04dcbcf0122880ef1bc4,M22,4,24.98,15.23,45
236,ecce04dcbcf0122880ef1bc4,M23,4,21.53,13.01,45
236,ecce04dcbcf0122880ef1bc4,M24,4,25.58,15.92,45
236,ecce04dcbcf0122880ef1bc4,M25,4,15.57,13.5,20
236,ecce04dcbcf0122880ef1bc4,M26,4,14.34,12.19,20
236,ecce04dcbcf0122880ef1bc4,M27,4,19.59,15.28,30
236,ecce04dcbcf0122880ef1bc4,M28,4,17.82,13.34,30
236,ecce04dcbcf0122880ef1bc4,M29,4,19.41,15.58,30
236,ecce04dcbcf0122880ef1bc4,M30,4,12.45,9.25,21
237,fae1b0a30d608d7f0a01c6ee,M01,0,7.34,6.91,10
237,fae1b0a30d608d7f0a01c6ee,M02,0,10.1,9.32,15
237,fae1b0a30d608d7f0a01c6ee,M03,0,11.19,9.36,21
237,fae1b0a30d608d7f0a01c6ee,M04,0,10.32,8.59,21
237,fae1b0a30d608d7f0a01c6ee,M05,0,10.26,8.47,21
237,fae1b0a30d608d7f0a01c6ee,M06,0,13.89,11.77,21
237,fae1b0a30d608d7f0a01c6ee,M07,0,15.11,12.83,30
237,fae1b0a30d608d7f0a01c6ee,M08,0,19.86,17.14,30
237,fae1b0a30d608d7f0a01c6ee,M09,0,18.7,16.05,30
237,fae1b0a30d608d7f0a01c6ee,M10,0,21.22,18.74,30
237,fae1b0a30d608d7f0a01c6ee,M11,0,20.47,17.84,30
237,fae1b0a30d608d7f0a01c6ee,M12,0,28.47,24.05,45
237,fae1b0a30d608d7f0a01c6ee,M13,0,28.16,23.48,60
237,fae1b0a30d608d7f0a01c6ee,M14,0,25.05,20.22,60
237,fae1b0a30d608d7f0a01c6ee,M15,0,28.89,23.9,60
237,fae1b0a30d608d7f0a01c6ee,M16,0,56.78,51.31,100
237,fae1b0a30d608d7f0a01c6ee,M17,0,8.16,6.83,14
237,fae1b0a30d608d7f0a01c6ee,M18,0,10.71,9.32,21
237,fae1b0a30d608d7f0a01c6ee,M19,0,8.96,7.09,21
237,fae1b0a30d608d7f0a01c6ee,M20,0,11.38,9.53,20
237,fae1b0a30d608d7f0a01c6ee,M21,0,8.75,6.95,21
237,fae1b0a30d608d7f0a01c6ee,M22,0,20.94,15.84,45
237,fae1b0a30d608d7f0a01c6ee,M23,0,18.11,13.31,45
237,fae1b0a30d608d7f0a01c6ee,M24,0,21.6,16.53,45
237,fae1b0a30d608d7f0a01c6ee,M25,0,14.19,13.62,20
237,fae1b0a30d608d7f0a01c6ee,M26,0,13.04,12.385,20
237,fae1b0a30d608d7f0a01c6ee,M27,0,16.82,15.7,30
237,fae1b0a30d608d7f0a01c6ee,M28,0,15.05,13.765,30
237,fae1b0a30d608d7f0a01c6ee,M29,0,16.92,15.575,30
237,fae1b0a30d608d7f0a01c6ee,M30,0,10.37,9.385,21
238,4a69088acec0c142b3de9690,M01,3,5.06,6.99,10
238,4a69088acec0c142b3de9690,M02,3,6.77,9.41,15
238,4a69088acec0c142b3de9690,M03,3,5.71,9.67,21
238,4a69088acec0c142b3de9690,M04,3,5.41,8.99,21
238,4a69088acec0c142b3de9690,M05,3,5.34,8.87,21
238,4a69088acec0c142b3de9690,M06,3,7.31,12.11,21
238,4a69088acec0c142b3de9690,M07,3,7.41,13.26,30
238,4a69088acec0c142b3de9690,M08,3,10.31,17.66,30
238,4a69088acec0c142b3de9690,M09,3,9.36,16.64,30
238,4a69088acec0c142b3de9690,M10,3,11.84,19.22,30
238,4a69088acec0c142b3de9690,M11,3,10.96,18.33,30
238,4a69088acec0c142b3de9690,M12,3,13.2,24.98,45
238,4a69088acec0c142b3de9690,M13,3,12.72,24.67,60
238,4a69088acec0c142b3de9690,M14,3,10.74,20.81,60
238,4a69088acec0c142b3de9690,M15,3,12.66,24.93,60
238,4a69088acec0c142b3de9690,M16,3,27.18,52.34,100
238,4a69088acec0c142b3de9690,M17,3,3.77,6.99,14
238,4a69088acec0c142b3de9690,M18,3,5.68,9.6,21
238,4a69088acec0c142b3de9690,M19,3,4.93,7.26,21
238,4a69088acec0c142b3de9690,M20,3,6.45,9.575,20
238,4a69088acec0c142b3de9690,M21,3,4.89,6.985,21
238,4a69088acec0c142b3de9690,M22,3,9.53,16.03,45
238,4a69088acec0c142b3de9690,M23,3,8.49,13.455,45
238,4a69088acec0c142b3de9690,M24,3,9.21,16.74,45
238,4a69088acec0c142b3de9690,M25,3,13.35,13.8,20
238,4a69088acec0c142b3de9690,M26,3,11.93,12.58,20
238,4a69088acec0c142b3de9690,M27,3,14.73,15.98,30
238,4a69088acec0c142b3de9690,M28,3,12.68,14.22,30
238,4a69088acec0c142b3de9690,M29,3,14.54,16.04,30
238,4a69088acec0c142b3de9690,M30,3,8.87,9.75,21
239,f8ac8d48882ea0feea3861c4,M01,1,6.72,6.95,10
239,f8ac8d48882ea0feea3861c4,M02,1,9.4,9.36,15
239,f8ac8d48882ea0feea3861c4,M03,1,9.69,9.52,21
239,f8ac8d48882ea0feea3861c4,M04,1,9.13,8.81,21
239,f8ac8d48882ea0feea3861c4,M05,1,8.87,8.8,21
239,f8ac8d48882ea0feea3861c4,M06,1,11.53,11.89,21
239,f8ac8d48882ea0feea3861c4,M07,1,13.31,13,30
239,f8ac8d48882ea0feea3861c4,M08,1,17.73,17.42,30
239,f8ac8d48882ea0feea3861c4,M09,1,16.92,16.18,30
239,f8ac8d48882ea0feea3861c4,M10,1,19.27,18.98,30
239,f8ac8d48882ea0feea3861c4,M11,1,18.44,18.29,30
239,f8ac8d48882ea0feea3861c4,M12,1,25.3,24.62,45
239,f8ac8d48882ea0feea3861c4,M13,1,26.39,24.03,60
239,f8ac8d48882ea0feea3861c4,M14,1,20.65,20.46,60
239,f8ac8d48882ea0feea3861c4,M15,1,25.07,24.48,60
239,f8ac8d48882ea0feea3861c4,M16,1,51.57,51.76,100
239,f8ac8d48882ea0feea3861c4,M17,1,7.06,6.94,14
239,f8ac8d48882ea0feea3861c4,M18,1,9.77,9.46,21
239,f8ac8d48882ea0feea3861c4,M19,1,7.55,7.16,21
239,f8ac8d48882ea0feea3861c4,M20,1,10.81,9.5,20
239,f8ac8d48882ea0feea3861c4,M21,1,7.9,6.99,21
239,f8ac8d48882ea0feea3861c4,M22,1,18.78,15.84,45
239,f8ac8d48882ea0feea3861c4,M23,1,14.97,13.35,45
239,f8ac8d48882ea0feea3861c4,M24,1,23.71,16.5,45
239,f8ac8d48882ea0feea3861c4,M25,1,13.27,13.75,20
239,f8ac8d48882ea0feea3861c4,M26,1,12.15,12.54,20
239,f8ac8d48882ea0feea3861c4,M27,1,15.06,15.91,30
239,f8ac8d48882ea0feea3861c4,M28,1,13.34,13.91,30
239,f8ac8d48882ea0feea3861c4,M29,1,15.6,15.68,30
239,f8ac8d48882ea0feea3861c4,M30,1,9.2,9.58,21
240,4fc34b6859ebf93e0c16c141,M01,4,5.63,6.845,10
240,4fc34b6859ebf93e0c16c141,M02,4,7.14,9.175,15
240,4fc34b6859ebf93e0c16c141,M03,4,6.03,9.25,21
240,4fc34b6859ebf93e0c16c141,M04,4,5.66,8.44,21
240,4fc34b6859ebf93e0c16c141,M05,4,5.54,8.46,21
240,4fc34b6859ebf93e0c16c141,M06,4,7.71,11.555,21
240,4fc34b6859ebf93e0c16c141,M07,4,7.94,12.545,30
240,4fc34b6859ebf93e0c16c141,M08,4,11.57,16.89,30
240,4fc34b6859ebf93e0c16c141,M09,4,10.66,15.81,30
240,4fc34b6859ebf93e0c16c141,M10,4,13,18.53,30
240,4fc34b6859ebf93e0c16c141,M11,4,12.27,17.615,30
240,4fc34b6859ebf93e0c16c141,M12,4,15.34,23.555,45
240,4fc34b6859ebf93e0c16c141,M13,4,14.58,23.13,60
240,4fc34b6859ebf93e0c16c141,M14,4,12.37,19.65,60
240,4fc34b6859ebf93e0c16c141,M15,4,14.19,23.315,60
240,4fc34b6859ebf93e0c16c141,M16,4,32.85,50.515,100
240,4fc34b6859ebf93e0c16c141,M17,4,4.4,6.655,14
240,4fc34b6859ebf93e0c16c141,M18,4,6.14,9.155,21
240,4fc34b6859ebf93e0c16c141,M19,4,4.95,6.985,21
240,4fc34b6859ebf93e0c16c141,M20,4,6.64,9.35,20
240,4fc34b6859ebf93e0c16c141,M21,4,4.89,6.77,21
240,4fc34b6859ebf93e0c16c141,M22,4,10.97,15.23,45
240,4fc34b6859ebf93e0c16c141,M23,4,9.17,13.01,45
240,4fc34b6859ebf93e0c16c141,M24,4,11.12,15.92,45
240,4fc34b6859ebf93e0c16c141,M25,4,11.97,13.5,20
240,4fc34b6859ebf93e0c16c141,M26,4,10.66,12.19,20
240,4fc34b6859ebf93e0c16c141,M27,4,11.4,15.28,30
240,4fc34b6859ebf93e0c16c141,M28,4,9.89,13.34,30
240,4fc34b6859ebf93e0c16c141,M29,4,11.67,15.58,30
240,4fc34b6859ebf93e0c16c141,M30,4,7.1,9.25,21
241,18623281fc9dce7d70af43e9,M01,3,6.39,6.99,10
241,18623281fc9dce7d70af43e9,M02,3,8.52,9.41,15
241,18623281fc9dce7d70af43e9,M03,3,7.87,9.67,21
241,18623281fc9dce7d70af43e9,M04,3,7.08,8.99,21
241,18623281fc9dce7d70af43e9,M05,3,6.81,8.87,21
241,18623281fc9dce7d70af43e9,M06,3,9.94,12.11,21
241,18623281fc9dce7d70af43e9,M07,3,10.63,13.26,30
241,18623281fc9dce7d70af43e9,M08,3,14.79,17.66,30
241,18623281fc9dce7d70af43e9,M09,3,13.45,16.64,30
241,18623281fc9dce7d70af43e9,M10,3,16.37,19.22,30
241,18623281fc9dce7d70af43e9,M11,3,15.01,18.33,30
241,18623281fc9dce7d70af43e9,M12,3,20.29,24.98,45
241,18623281fc9dce7d70af43e9,M13,3,18.35,24.67,60
241,18623281fc9dce7d70af43e9,M14,3,15.14,20.81,60
241,18623281fc9dce7d70af43e9,M15,3,19.01,24.93,60
241,18623281fc9dce7d70af43e9,M16,3,41.75,52.34,100
241,18623281fc9dce7d70af43e9,M17,3,6.14,6.99,14
241,18623281fc9dce7d70af43e9,M18,3,8.33,9.6,21
241,18623281fc9dce7d70af43e9,M19,3,6.87,7.26,21
241,18623281fc9dce7d70af43e9,M20,3,9.06,9.575,20
241,18623281fc9dce7d70af43e9,M21,3,6.45,6.985,21
241,18623281fc9dce7d70af43e9,M22,3,14.51,16.03,45
241,18623281fc9dce7d70af43e9,M23,3,12.13,13.455,45
241,18623281fc9dce7d70af43e9,M24,3,14.74,16.74,45
241,18623281fc9dce7d70af43e9,M25,3,11.57,13.8,20
241,18623281fc9dce7d70af43e9,M26,3,10.56,12.58,20
241,18623281fc9dce7d70af43e9,M27,3,11.63,15.98,30
241,18623281fc9dce7d70af43e9,M28,3,10.73,14.22,30
241,18623281fc9dce7d70af43e9,M29,3,12.74,16.04,30
241,18623281fc9dce7d70af43e9,M30,3,7.17,9.75,21
242,9e0901bcee50a2c1f9527fb0,M01,2,7.3,6.88,10
242,9e0901bcee50a2c1f9527fb0,M02,2,9.81,9.32,15
242,9e0901bcee50a2c1f9527fb0,M03,2,10.47,9.36,21
242,9e0901bcee50a2c1f9527fb0,M04,2,9.56,8.58,21
242,9e0901bcee50a2c1f9527fb0,M05,2,9.58,8.46,21
242,9e0901bcee50a2c1f9527fb0,M06,2,13.01,11.66,21
242,9e0901bcee50a2c1f9527fb0,M07,2,14.5,12.81,30
242,9e0901bcee50a2c1f9527fb0,M08,2,18.92,16.97,30
242,9e0901bcee50a2c1f9527fb0,M09,2,17.66,16.03,30
242,9e0901bcee50a2c1f9527fb0,M10,2,20.36,18.71,30
242,9e0901bcee50a2c1f9527fb0,M11,2,19.37,17.82,30
242,9e0901bcee50a2c1f9527fb0,M12,2,27.27,24,45
242,9e0901bcee50a2c1f9527fb0,M13,2,27.49,23.43,60
242,9e0901bcee50a2c1f9527fb0,M14,2,24.29,20.18,60
242,9e0901bcee50a2c1f9527fb0,M15,2,27.4,23.65,60
242,9e0901bcee50a2c1f9527fb0,M16,2,56.08,51.18,100
242,9e0901bcee50a2c1f9527fb0,M17,2,7.31,6.73,14
242,9e0901bcee50a2c1f9527fb0,M18,2,10.14,9.21,21
242,9e0901bcee50a2c1f9527fb0,M19,2,7.44,6.87,21
242,9e0901bcee50a2c1f9527fb0,M20,2,9.81,9.15,20
242,9e0901bcee50a2c1f9527fb0,M21,2,6.95,6.77,21
242,9e0901bcee50a2c1f9527fb0,M22,2,16.46,15.22,45
242,9e0901bcee50a2c1f9527fb0,M23,2,14.08,13.01,45
242,9e0901bcee50a2c1f9527fb0,M24,2,16.61,15.92,45
242,9e0901bcee50a2c1f9527fb0,M25,2,14.29,13.62,20
242,9e0901bcee50a2c1f9527fb0,M26,2,13.08,12.34,20
242,9e0901bcee50a2c1f9527fb0,M27,2,17.02,15.67,30
242,9e0901bcee50a2c1f9527fb0,M28,2,15.2,13.69,30
242,9e0901bcee50a2c1f9527fb0,M29,2,16.75,15.58,30
242,9e0901bcee50a2c1f9527fb0,M30,2,10.52,9.38,21
243,25ddcfd00b9d06444330609f,M01,3,6.95,6.99,10
243,25ddcfd00b9d06444330609f,M02,3,9.48,9.41,15
243,25ddcfd00b9d06444330609f,M03,3,9.78,9.67,21
243,25ddcfd00b9d06444330609f,M04,3,8.86,8.99,21
243,25ddcfd00b9d06444330609f,M05,3,8.47,8.87,21
243,25ddcfd00b9d06444330609f,M06,3,12.04,12.11,21
243,25ddcfd00b9d06444330609f,M07,3,13.42,13.26,30
243,25ddcfd00b9d06444330609f,M08,3,17.83,17.66,30
243,25ddcfd00b9d06444330609f,M09,3,16.53,16.64,30
243,25ddcfd00b9d06444330609f,M10,3,19.37,19.22,30
243,25ddcfd00b9d06444330609f,M11,3,17.85,18.33,30
243,25ddcfd00b9d06444330609f,M12,3,25.37,24.98,45
243,25ddcfd00b9d06444330609f,M13,3,24.76,24.67,60
243,25ddcfd00b9d06444330609f,M14,3,21.46,20.81,60
243,25ddcfd00b9d06444330609f,M15,3,25.1,24.93,60
243,25ddcfd00b9d06444330609f,M16,3,52.9,52.34,100
243,25ddcfd00b9d06444330609f,M17,3,7.24,6.99,14
243,25ddcfd00b9d06444330609f,M18,3,10.05,9.6,21
243,25ddcfd00b9d06444330609f,M19,3,7.09,7.26,21
243,25ddcfd00b9d06444330609f,M20,3,10.39,9.575,20
243,25ddcfd00b9d06444330609f,M21,3,7.6,6.985,21
243,25ddcfd00b9d06444330609f,M22,3,18.28,16.03,45
243,25ddcfd00b9d06444330609f,M23,3,15.58,13.455,45
243,25ddcfd00b9d06444330609f,M24,3,18.62,16.74,45
243,25ddcfd00b9d06444330609f,M25,3,12.89,13.8,20
243,25ddcfd00b9d06444330609f,M26,3,11.69,12.58,20
243,25ddcfd00b9d06444330609f,M27,3,14.2,15.98,30
243,25ddcfd00b9d06444330609f,M28,3,12.37,14.22,30
243,25ddcfd00b9d06444330609f,M29,3,14.45,16.04,30
243,25ddcfd00b9d06444330609f,M30,3,8.54,9.75,21
244,670b4048ec51c7fd50fc617b,M01,2,7.83,6.88,10
244,670b4048ec51c7fd50fc617b,M02,2,10.41,9.32,15
244,670b4048ec51c7fd50fc617b,M03,2,11.55,9.36,21
244,670b4048ec51c7fd50fc617b,M04,2,10.69,8.58,21
244,670b4048ec51c7fd50fc617b,M05,2,10.85,8.46,21
244,670b4048ec51c7fd50fc617b,M06,2,14.27,11.66,21
244,670b4048ec51c7fd50fc617b,M07,2,16.06,12.81,30
244,670b4048ec51c7fd50fc617b,M08,2,20.42,16.97,30
244,670b4048ec51c7fd50fc617b,M09,2,19.2,16.03,30
244,670b4048ec51c7fd50fc617b,M10,2,21.97,18.71,30
244,670b4048ec51c7fd50fc617b,M11,2,21.2,17.82,30
244,670b4048ec51c7fd50fc617b,M12,2,29.59,24,45
244,670b4048ec51c7fd50fc617b,M13,2,30.56,23.43,60
244,670b4048ec51c7fd50fc617b,M14,2,27.22,20.18,60
244,670b4048ec51c7fd50fc617b,M15,2,30.76,23.65,60
244,670b4048ec51c7fd50fc617b,M16,2,59.36,51.18,100
244,670b4048ec51c7fd50fc617b,M17,2,8.04,6.73,14
244,670b4048ec51c7fd50fc617b,M18,2,11.17,9.21,21
244,670b4048ec51c7fd50fc617b,M19,2,9.66,6.87,21
244,670b4048ec51c7fd50fc617b,M20,2,11.82,9.15,20
244,670b4048ec51c7fd50fc617b,M21,2,9,6.77,21
244,670b4048ec51c7fd50fc617b,M22,2,22.5,15.22,45
244,670b4048ec51c7fd50fc617b,M23,2,19.22,13.01,45
244,670b4048ec51c7fd50fc617b,M24,2,23.03,15.92,45
244,670b4048ec51c7fd50fc617b,M25,2,15.04,13.62,20
244,670b4048ec51c7fd50fc617b,M26,2,13.82,12.34,20
244,670b4048ec51c7fd50fc617b,M27,2,18.48,15.67,30
244,670b4048ec51c7fd50fc617b,M28,2,16.59,13.69,30
244,670b4048ec51c7fd50fc617b,M29,2,18.38,15.58,30
244,670b4048ec51c7fd50fc617b,M30,2,11.61,9.38,21
245,1a63c784a90e7a00bbc469c8,M01,1,7.44,6.95,10
245,1a63c784a90e7a00bbc469c8,M02,1,9.96,9.36,15
245,1a63c784a90e7a00bbc469c8,M03,1,10.84,9.52,21
245,1a63c784a90e7a00bbc469c8,M04,1,10.48,8.81,21
245,1a63c784a90e7a00bbc469c8,M05,1,10.57,8.8,21
245,1a63c784a90e7a00bbc469c8,M06,1,13.48,11.89,21
245,1a63c784a90e7a00bbc469c8,M07,1,15.07,13,30
245,1a63c784a90e7a00bbc469c8,M08,1,19.44,17.42,30
245,1a63c784a90e7a00bbc469c8,M09,1,19.03,16.18,30
245,1a63c784a90e7a00bbc469c8,M10,1,20.89,18.98,30
245,1a63c784a90e7a00bbc469c8,M11,1,20.83,18.29,30
245,1a63c784a90e7a00bbc469c8,M12,1,28.18,24.62,45
245,1a63c784a90e7a00bbc469c8,M13,1,29.01,24.03,60
245,1a63c784a90e7a00bbc469c8,M14,1,26.38,20.46,60
245,1a63c784a90e7a00bbc469c8,M15,1,29.61,24.48,60
245,1a63c784a90e7a00bbc469c8,M16,1,57.74,51.76,100
245,1a63c784a90e7a00bbc469c8,M17,1,7.76,6.94,14
245,1a63c784a90e7a00bbc469c8,M18,1,10.91,9.46,21
245,1a63c784a90e7a00bbc469c8,M19,1,8.29,7.16,21
245,1a63c784a90e7a00bbc469c8,M20,1,10.03,9.5,20
245,1a63c784a90e7a00bbc469c8,M21,1,7.75,6.99,21
245,1a63c784a90e7a00bbc469c8,M22,1,17.56,15.84,45
245,1a63c784a90e7a00bbc469c8,M23,1,17.05,13.35,45
245,1a63c784a90e7a00bbc469c8,M24,1,17.82,16.5,45
245,1a63c784a90e7a00bbc469c8,M25,1,16.26,13.75,20
245,1a63c784a90e7a00bbc469c8,M26,1,15.03,12.54,20
245,1a63c784a90e7a00bbc469c8,M27,1,20.99,15.91,30
245,1a63c784a90e7a00bbc469c8,M28,1,19.15,13.91,30
245,1a63c784a90e7a00bbc469c8,M29,1,20.01,15.68,30
245,1a63c784a90e7a00bbc469c8,M30,1,13.15,9.58,21
246,dde8b904e95cd1e872f4f7db,M01,2,7.92,6.88,10
246,dde8b904e95cd1e872f4f7db,M02,2,10.6,9.32,15
246,dde8b904e95cd1e872f4f7db,M03,2,11.95,9.36,21
246,dde8b904e95cd1e872f4f7db,M04,2,11.04,8.58,21
246,dde8b904e95cd1e872f4f7db,M05,2,11.18,8.46,21
246,dde8b904e95cd1e872f4f7db,M06,2,14.58,11.66,21
246,dde8b904e95cd1e872f4f7db,M07,2,16.66,12.81,30
246,dde8b904e95cd1e872f4f7db,M08,2,20.99,16.97,30
246,dde8b904e95cd1e872f4f7db,M09,2,19.74,16.03,30
246,dde8b904e95cd1e872f4f7db,M10,2,22.51,18.71,30
246,dde8b904e95cd1e872f4f7db,M11,2,21.69,17.82,30
246,dde8b904e95cd1e872f4f7db,M12,2,30.57,24,45
246,dde8b904e95cd1e872f4f7db,M13,2,31.36,23.43,60
246,dde8b904e95cd1e872f4f7db,M14,2,28.08,20.18,60
246,dde8b904e95cd1e872f4f7db,M15,2,31.9,23.65,60
246,dde8b904e95cd1e872f4f7db,M16,2,60.24,51.18,100
246,dde8b904e95cd1e872f4f7db,M17,2,8.21,6.73,14
246,dde8b904e95cd1e872f4f7db,M18,2,11.51,9.21,21
246,dde8b904e95cd1e872f4f7db,M19,2,9.83,6.87,21
246,dde8b904e95cd1e872f4f7db,M20,2,11.83,9.15,20
246,dde8b904e95cd1e872f4f7db,M21,2,9.15,6.77,21
246,dde8b904e95cd1e872f4f7db,M22,2,22.51,15.22,45
246,dde8b904e95cd1e872f4f7db,M23,2,19.31,13.01,45
246,dde8b904e95cd1e872f4f7db,M24,2,23.22,15.92,45
246,dde8b904e95cd1e872f4f7db,M25,2,15.2,13.62,20
246,dde8b904e95cd1e872f4f7db,M26,2,13.96,12.34,20
246,dde8b904e95cd1e872f4f7db,M27,2,18.8,15.67,30
246,dde8b904e95cd1e872f4f7db,M28,2,16.98,13.69,30
246,dde8b904e95cd1e872f4f7db,M29,2,18.85,15.58,30
246,dde8b904e95cd1e872f4f7db,M30,2,11.99,9.38,21
247,b8b3ad07e5e1039df48e43e6,M01,2,4.35,6.88,10
247,b8b3ad07e5e1039df48e43e6,M02,2,5.23,9.32,15
247,b8b3ad07e5e1039df48e43e6,M03,2,4.82,9.36,21
247,b8b3ad07e5e1039df48e43e6,M04,2,4.63,8.58,21
247,b8b3ad07e5e1039df48e43e6,M05,2,4.38,8.46,21
247,b8b3ad07e5e1039df48e43e6,M06,2,6.22,11.66,21
247,b8b3ad07e5e1039df48e43e6,M07,2,5.83,12.81,30
247,b8b3ad07e5e1039df48e43e6,M08,2,6.91,16.97,30
247,b8b3ad07e5e1039df48e43e6,M09,2,6.1,16.03,30
247,b8b3ad07e5e1039df48e43e6,M10,2,8.28,18.71,30
247,b8b3ad07e5e1039df48e43e6,M11,2,7.02,17.82,30
247,b8b3ad07e5e1039df48e43e6,M12,2,7.22,24,45
247,b8b3ad07e5e1039df48e43e6,M13,2,8.69,23.43,60
247,b8b3ad07e5e1039df48e43e6,M14,2,6.18,20.18,60
247,b8b3ad07e5e1039df48e43e6,M15,2,8.8,23.65,60
247,b8b3ad07e5e1039df48e43e6,M16,2,13.83,51.18,100
247,b8b3ad07e5e1039df48e43e6,M17,2,2.83,6.73,14
247,b8b3ad07e5e1039df48e43e6,M18,2,5.15,9.21,21
247,b8b3ad07e5e1039df48e43e6,M19,2,4.4,6.87,21
247,b8b3ad07e5e1039df48e43e6,M20,2,5.05,9.15,20
247,b8b3ad07e5e1039df48e43e6,M21,2,4.39,6.77,21
247,b8b3ad07e5e1039df48e43e6,M22,2,6.9,15.22,45
247,b8b3ad07e5e1039df48e43e6,M23,2,5.29,13.01,45
247,b8b3ad07e5e1039df48e43e6,M24,2,6.87,15.92,45
247,b8b3ad07e5e1039df48e43e6,M25,2,12.31,13.62,20
247,b8b3ad07e5e1039df48e43e6,M26,2,10.73,12.34,20
247,b8b3ad07e5e1039df48e43e6,M27,2,12.71,15.67,30
247,b8b3ad07e5e1039df48e43e6,M28,2,10.52,13.69,30
247,b8b3ad07e5e1039df48e43e6,M29,2,13.1,15.58,30
247,b8b3ad07e5e1039df48e43e6,M30,2,7.71,9.38,21
248,5a933e414c446e00b391d67e,M01,4,7.89,6.845,10
248,5a933e414c446e00b391d67e,M02,4,10.57,9.175,15
248,5a933e414c446e00b391d67e,M03,4,12,9.25,21
248,5a933e414c446e00b391d67e,M04,4,11.16,8.44,21
248,5a933e414c446e00b391d67e,M05,4,11.33,8.46,21
248,5a933e414c446e00b391d67e,M06,4,14.67,11.555,21
248,5a933e414c446e00b391d67e,M07,4,16.8,12.545,30
248,5a933e414c446e00b391d67e,M08,4,21.09,16.89,30
248,5a933e414c446e00b391d67e,M09,4,19.93,15.81,30
248,5a933e414c446e00b391d67e,M10,4,22.57,18.53,30
248,5a933e414c446e00b391d67e,M11,4,21.84,17.615,30
248,5a933e414c446e00b391d67e,M12,4,30.86,23.555,45
248,5a933e414c446e00b391d67e,M13,4,31.99,23.13,60
248,5a933e414c446e00b391d67e,M14,4,28.92,19.65,60
248,5a933e414c446e00b391d67e,M15,4,32.18,23.315,60
248,5a933e414c446e00b391d67e,M16,4,60.96,50.515,100
248,5a933e414c446e00b391d67e,M17,4,8.28,6.655,14
248,5a933e414c446e00b391d67e,M18,4,11.6,9.155,21
248,5a933e414c446e00b391d67e,M19,4,10.65,6.985,21
248,5a933e414c446e00b391d67e,M20,4,12.77,9.35,20
248,5a933e414c446e00b391d67e,M21,4,10.01,6.77,21
248,5a933e414c446e00b391d67e,M22,4,25.58,15.23,45
248,5a933e414c446e00b391d67e,M23,4,22.38,13.01,45
248,5a933e414c446e00b391d67e,M24,4,25.99,15.92,45
248,5a933e414c446e00b391d67e,M25,4,15.22,13.5,20
248,5a933e414c446e00b391d67e,M26,4,14.07,12.19,20
248,5a933e414c446e00b391d67e,M27,4,18.97,15.28,30
248,5a933e414c446e00b391d67e,M28,4,17.23,13.34,30
248,5a933e414c446e00b391d67e,M29,4,18.87,15.58,30
248,5a933e414c446e00b391d67e,M30,4,12.04,9.25,21
249,6f55438546f57416a8693eb4,M01,3,6.14,6.99,10
249,6f55438546f57416a8693eb4,M02,3,8.19,9.41,15
249,6f55438546f57416a8693eb4,M03,3,7.5,9.67,21
249,6f55438546f57416a8693eb4,M04,3,6.78,8.99,21
249,6f55438546f57416a8693eb4,M05,3,6.5,8.87,21
249,6f55438546f57416a8693eb4,M06,3,9.46,12.11,21
249,6f55438546f57416a8693eb4,M07,3,9.94,13.26,30
249,6f55438546f57416a8693eb4,M08,3,13.93,17.66,30
249,6f55438546f57416a8693eb4,M09,3,12.64,16.64,30
249,6f55438546f57416a8693eb4,M10,3,15.58,19.22,30
249,6f55438546f57416a8693eb4,M11,3,14.34,18.33,30
249,6f55438546f57416a8693eb4,M12,3,18.74,24.98,45
249,6f55438546f57416a8693eb4,M13,3,17.67,24.67,60
249,6f55438546f57416a8693eb4,M14,3,14.66,20.81,60
249,6f55438546f57416a8693eb4,M15,3,17.72,24.93,60
249,6f55438546f57416a8693eb4,M16,3,40.54,52.34,100
249,6f55438546f57416a8693eb4,M17,3,5.53,6.99,14
249,6f55438546f57416a8693eb4,M18,3,7.56,9.6,21
249,6f55438546f57416a8693eb4,M19,3,5.65,7.26,21
249,6f55438546f57416a8693eb4,M20,3,7.92,9.575,20
249,6f55438546f57416a8693eb4,M21,3,5.62,6.985,21
249,6f55438546f57416a8693eb4,M22,3,12.22,16.03,45
249,6f55438546f57416a8693eb4,M23,3,10.47,13.455,45
249,6f55438546f57416a8693eb4,M24,3,12.17,16.74,45
249,6f55438546f57416a8693eb4,M25,3,8.84,13.8,20
249,6f55438546f57416a8693eb4,M26,3,7.09,12.58,20
249,6f55438546f57416a8693eb4,M27,3,8.51,15.98,30
249,6f55438546f57416a8693eb4,M28,3,7.2,14.22,30
249,6f55438546f57416a8693eb4,M29,3,8.27,16.04,30
249,6f55438546f57416a8693eb4,M30,3,4.98,9.75,21
250,c757832b2167519e0ac3b967,M01,4,9.28,6.845,10
250,c757832b2167519e0ac3b967,M02,4,11.82,9.175,15
250,c757832b2167519e0ac3b967,M03,4,14.3,9.25,21
250,c757832b2167519e0ac3b967,M04,4,13.29,8.44,21
250,c757832b2167519e0ac3b967,M05,4,13.55,8.46,21
250,c757832b2167519e0ac3b967,M06,4,17.19,11.555,21
250,c757832b2167519e0ac3b967,M07,4,20.25,12.545,30
250,c757832b2167519e0ac3b967,M08,4,24.25,16.89,30
250,c757832b2167519e0ac3b967,M09,4,22.92,15.81,30
250,c757832b2167519e0ac3b967,M10,4,25.75,18.53,30
250,c757832b2167519e0ac3b967,M11,4,24.9,17.615,30
250,c757832b2167519e0ac3b967,M12,4,36.22,23.555,45
250,c757832b2167519e0ac3b967,M13,4,38.6,23.13,60
250,c757832b2167519e0ac3b967,M14,4,35.86,19.65,60
250,c757832b2167519e0ac3b967,M15,4,38.85,23.315,60
250,c757832b2167519e0ac3b967,M16,4,68.13,50.515,100
250,c757832b2167519e0ac3b967,M17,4,9.41,6.655,14
250,c757832b2167519e0ac3b967,M18,4,13.53,9.155,21
250,c757832b2167519e0ac3b967,M19,4,13.47,6.985,21
250,c757832b2167519e0ac3b967,M20,4,14.98,9.35,20
250,c757832b2167519e0ac3b967,M21,4,12.28,6.77,21
250,c757832b2167519e0ac3b967,M22,4,32.72,15.23,45
250,c757832b2167519e0ac3b967,M23,4,29.36,13.01,45
250,c757832b2167519e0ac3b967,M24,4,33.22,15.92,45
250,c757832b2167519e0ac3b967,M25,4,16.93,13.5,20
250,c757832b2167519e0ac3b967,M26,4,15.56,12.19,20
250,c757832b2167519e0ac3b967,M27,4,21.9,15.28,30
250,c757832b2167519e0ac3b967,M28,4,20.18,13.34,30
250,c757832b2167519e0ac3b967,M29,4,21.66,15.58,30
250,c757832b2167519e0ac3b967,M30,4,14.35,9.25,21
251,fa74b4af76ab2c2bfc0004ba,M01,2,7.71,6.88,10
251,fa74b4af76ab2c2bfc0004ba,M02,2,10.34,9.32,15
251,fa74b4af76ab2c2bfc0004ba,M03,2,11.55,9.36,21
251,fa74b4af76ab2c2bfc0004ba,M04,2,10.73,8.58,21
251,fa74b4af76ab2c2bfc0004ba,M05,2,10.9,8.46,21
251,fa74b4af76ab2c2bfc0004ba,M06,2,14.21,11.66,21
251,fa74b4af76ab2c2bfc0004ba,M07,2,16.12,12.81,30
251,fa74b4af76ab2c2bfc0004ba,M08,2,20.43,16.97,30
251,fa74b4af76ab2c2bfc0004ba,M09,2,19.32,16.03,30
251,fa74b4af76ab2c2bfc0004ba,M10,2,21.92,18.71,30
251,fa74b4af76ab2c2bfc0004ba,M11,2,21.21,17.82,30
251,fa74b4af76ab2c2bfc0004ba,M12,2,29.78,24,45
251,fa74b4af76ab2c2bfc0004ba,M13,2,30.82,23.43,60
251,fa74b4af76ab2c2bfc0004ba,M14,2,27.77,20.18,60
251,fa74b4af76ab2c2bfc0004ba,M15,2,30.84,23.65,60
251,fa74b4af76ab2c2bfc0004ba,M16,2,59.72,51.18,100
251,fa74b4af76ab2c2bfc0004ba,M17,2,8.06,6.73,14
251,fa74b4af76ab2c2bfc0004ba,M18,2,11.2,9.21,21
251,fa74b4af76ab2c2bfc0004ba,M19,2,10.48,6.87,21
251,fa74b4af76ab2c2bfc0004ba,M20,2,12.69,9.15,20
251,fa74b4af76ab2c2bfc0004ba,M21,2,9.91,6.77,21
251,fa74b4af76ab2c2bfc0004ba,M22,2,25.29,15.22,45
251,fa74b4af76ab2c2bfc0004ba,M23,2,22.16,13.01,45
251,fa74b4af76ab2c2bfc0004ba,M24,2,25.6,15.92,45
251,fa74b4af76ab2c2bfc0004ba,M25,2,14.95,13.62,20
251,fa74b4af76ab2c2bfc0004ba,M26,2,13.8,12.34,20
251,fa74b4af76ab2c2bfc0004ba,M27,2,18.43,15.67,30
251,fa74b4af76ab2c2bfc0004ba,M28,2,16.71,13.69,30
251,fa74b4af76ab2c2bfc0004ba,M29,2,18.28,15.58,30
251,fa74b4af76ab2c2bfc0004ba,M30,2,11.57,9.38,21
252,49f72a7b3ba95ce637b7c9ed,M01,4,7.04,6.845,10
252,49f72a7b3ba95ce637b7c9ed,M02,4,9.79,9.175,15
252,49f72a7b3ba95ce637b7c9ed,M03,4,10.47,9.25,21
252,49f72a7b3ba95ce637b7c9ed,M04,4,9.87,8.44,21
252,49f72a7b3ba95ce637b7c9ed,M05,4,9.67,8.46,21
252,49f72a7b3ba95ce637b7c9ed,M06,4,12.45,11.555,21
252,49f72a7b3ba95ce637b7c9ed,M07,4,14.52,12.545,30
252,49f72a7b3ba95ce637b7c9ed,M08,4,18.91,16.89,30
252,49f72a7b3ba95ce637b7c9ed,M09,4,18.06,15.81,30
252,49f72a7b3ba95ce637b7c9ed,M10,4,20.4,18.53,30
252,49f72a7b3ba95ce637b7c9ed,M11,4,19.6,17.615,30
252,49f72a7b3ba95ce637b7c9ed,M12,4,27.28,23.555,45
252,49f72a7b3ba95ce637b7c9ed,M13,4,26.13,23.13,60
252,49f72a7b3ba95ce637b7c9ed,M14,4,23.13,19.65,60
252,49f72a7b3ba95ce637b7c9ed,M15,4,27.57,23.315,60
252,49f72a7b3ba95ce637b7c9ed,M16,4,54.55,50.515,100
252,49f72a7b3ba95ce637b7c9ed,M17,4,7.5,6.655,14
252,49f72a7b3ba95ce637b7c9ed,M18,4,10.46,9.155,21
252,49f72a7b3ba95ce637b7c9ed,M19,4,7.25,6.985,21
252,49f72a7b3ba95ce637b7c9ed,M20,4,10.46,9.35,20
252,49f72a7b3ba95ce637b7c9ed,M21,4,7.58,6.77,21
252,49f72a7b3ba95ce637b7c9ed,M22,4,17.94,15.23,45
252,49f72a7b3ba95ce637b7c9ed,M23,4,14.54,13.01,45
252,49f72a7b3ba95ce637b7c9ed,M24,4,20.87,15.92,45
252,49f72a7b3ba95ce637b7c9ed,M25,4,13.8,13.5,20
252,49f72a7b3ba95ce637b7c9ed,M26,4,12.71,12.19,20
252,49f72a7b3ba95ce637b7c9ed,M27,4,16.16,15.28,30
252,49f72a7b3ba95ce637b7c9ed,M28,4,14.46,13.34,30
252,49f72a7b3ba95ce637b7c9ed,M29,4,16.65,15.58,30
252,49f72a7b3ba95ce637b7c9ed,M30,4,10,9.25,21
253,2e0625b187eb16887bc48f24,M01,3,8.4,6.99,10
253,2e0625b187eb16887bc48f24,M02,3,11.03,9.41,15
253,2e0625b187eb16887bc48f24,M03,3,12.67,9.67,21
253,2e0625b187eb16887bc48f24,M04,3,11.56,8.99,21
253,2e0625b187eb16887bc48f24,M05,3,12.44,8.87,21
253,2e0625b187eb16887bc48f24,M06,3,15.51,12.11,21
253,2e0625b187eb16887bc48f24,M07,3,17.61,13.26,30
253,2e0625b187eb16887bc48f24,M08,3,21.91,17.66,30
253,2e0625b187eb16887bc48f24,M09,3,20.39,16.64,30
253,2e0625b187eb16887bc48f24,M10,3,23.59,19.22,30
253,2e0625b187eb16887bc48f24,M11,3,23.46,18.33,30
253,2e0625b187eb16887bc48f24,M12,3,31.8,24.98,45
253,2e0625b187eb16887bc48f24,M13,3,33.41,24.67,60
253,2e0625b187eb16887bc48f24,M14,3,29.76,20.81,60
253,2e0625b187eb16887bc48f24,M15,3,34.16,24.93,60
253,2e0625b187eb16887bc48f24,M16,3,62.37,52.34,100
253,2e0625b187eb16887bc48f24,M17,3,7.93,6.99,14
253,2e0625b187eb16887bc48f24,M18,3,11.03,9.6,21
253,2e0625b187eb16887bc48f24,M19,3,10.37,7.26,21
253,2e0625b187eb16887bc48f24,M20,3,9.96,9.575,20
253,2e0625b187eb16887bc48f24,M21,3,7.57,6.985,21
253,2e0625b187eb16887bc48f24,M22,3,17.32,16.03,45
253,2e0625b187eb16887bc48f24,M23,3,16.69,13.455,45
253,2e0625b187eb16887bc48f24,M24,3,17.31,16.74,45
253,2e0625b187eb16887bc48f24,M25,3,16.2,13.8,20
253,2e0625b187eb16887bc48f24,M26,3,14.97,12.58,20
253,2e0625b187eb16887bc48f24,M27,3,20.77,15.98,30
253,2e0625b187eb16887bc48f24,M28,3,19.01,14.22,30
253,2e0625b187eb16887bc48f24,M29,3,20.72,16.04,30
253,2e0625b187eb16887bc48f24,M30,3,13.5,9.75,21
254,566ffc41d7edae3a1f739741,M01,2,8.5,6.88,10
254,566ffc41d7edae3a1f739741,M02,2,11.28,9.32,15
254,566ffc41d7edae3a1f739741,M03,2,13.53,9.36,21
254,566ffc41d7edae3a1f739741,M04,2,12.67,8.58,21
254,566ffc41d7edae3a1f739741,M05,2,12.9,8.46,21
254,566ffc41d7edae3a1f739741,M06,2,16.26,11.66,21
254,566ffc41d7edae3a1f739741,M07,2,19.17,12.81,30
254,566ffc41d7edae3a1f739741,M08,2,23.25,16.97,30
254,566ffc41d7edae3a1f739741,M09,2,22.08,16.03,30
254,566ffc41d7edae3a1f739741,M10,2,24.63,18.71,30
254,566ffc41d7edae3a1f739741,M11,2,23.98,17.82,30
254,566ffc41d7edae3a1f739741,M12,2,34.6,24,45
254,566ffc41d7edae3a1f739741,M13,2,36.48,23.43,60
254,566ffc41d7edae3a1f739741,M14,2,33.83,20.18,60
254,566ffc41d7edae3a1f739741,M15,2,36.58,23.65,60
254,566ffc41d7edae3a1f739741,M16,2,65.88,51.18,100
254,566ffc41d7edae3a1f739741,M17,2,9.05,6.73,14
254,566ffc41d7edae3a1f739741,M18,2,12.98,9.21,21
254,566ffc41d7edae3a1f739741,M19,2,12.7,6.87,21
254,566ffc41d7edae3a1f739741,M20,2,14.17,9.15,20
254,566ffc41d7edae3a1f739741,M21,2,11.76,6.77,21
254,566ffc41d7edae3a1f739741,M22,2,30.18,15.22,45
254,566ffc41d7edae3a1f739741,M23,2,26.72,13.01,45
254,566ffc41d7edae3a1f739741,M24,2,30.74,15.92,45
254,566ffc41d7edae3a1f739741,M25,2,16.17,13.62,20
254,566ffc41d7edae3a1f739741,M26,2,14.99,12.34,20
254,566ffc41d7edae3a1f739741,M27,2,20.85,15.67,30
254,566ffc41d7edae3a1f739741,M28,2,19.23,13.69,30
254,566ffc41d7edae3a1f739741,M29,2,20.61,15.58,30
254,566ffc41d7edae3a1f739741,M30,2,13.59,9.38,21
256,7ab835a888675d8492b11826,M01,4,8.6,6.845,10
256,7ab835a888675d8492b11826,M02,4,11.34,9.175,15
256,7ab835a888675d8492b11826,M03,4,13.62,9.25,21
256,7ab835a888675d8492b11826,M04,4,12.73,8.44,21
256,7ab835a888675d8492b11826,M05,4,12.98,8.46,21
256,7ab835a888675d8492b11826,M06,4,16.38,11.555,21
256,7ab835a888675d8492b11826,M07,4,19.31,12.545,30
256,7ab835a888675d8492b11826,M08,4,23.35,16.89,30
256,7ab835a888675d8492b11826,M09,4,22.18,15.81,30
256,7ab835a888675d8492b11826,M10,4,24.74,18.53,30
256,7ab835a888675d8492b11826,M11,4,24.09,17.615,30
256,7ab835a888675d8492b11826,M12,4,34.82,23.555,45
256,7ab835a888675d8492b11826,M13,4,36.91,23.13,60
256,7ab835a888675d8492b11826,M14,4,34.22,19.65,60
256,7ab835a888675d8492b11826,M15,4,37.1,23.315,60
256,7ab835a888675d8492b11826,M16,4,66.34,50.515,100
256,7ab835a888675d8492b11826,M17,4,9.08,6.655,14
256,7ab835a888675d8492b11826,M18,4,13.03,9.155,21
256,7ab835a888675d8492b11826,M19,4,12.45,6.985,21
256,7ab835a888675d8492b11826,M20,4,14.12,9.35,20
256,7ab835a888675d8492b11826,M21,4,11.38,6.77,21
256,7ab835a888675d8492b11826,M22,4,29.56,15.23,45
256,7ab835a888675d8492b11826,M23,4,25.74,13.01,45
256,7ab835a888675d8492b11826,M24,4,30.09,15.92,45
256,7ab835a888675d8492b11826,M25,4,16.23,13.5,20
256,7ab835a888675d8492b11826,M26,4,15.06,12.19,20
256,7ab835a888675d8492b11826,M27,4,20.99,15.28,30
256,7ab835a888675d8492b11826,M28,4,19.4,13.34,30
256,7ab835a888675d8492b11826,M29,4,20.84,15.58,30
256,7ab835a888675d8492b11826,M30,4,13.66,9.25,21
257,6245e73d8777b85805db8d4d,M01,0,9.21,6.91,10
257,6245e73d8777b85805db8d4d,M02,0,11.81,9.32,15
257,6245e73d8777b85805db8d4d,M03,0,14.34,9.36,21
257,6245e73d8777b85805db8d4d,M04,0,13.41,8.59,21
257,6245e73d8777b85805db8d4d,M05,0,13.7,8.47,21
257,6245e73d8777b85805db8d4d,M06,0,17.2,11.77,21
257,6245e73d8777b85805db8d4d,M07,0,20.41,12.83,30
257,6245e73d8777b85805db8d4d,M08,0,24.37,17.14,30
257,6245e73d8777b85805db8d4d,M09,0,23.11,16.05,30
257,6245e73d8777b85805db8d4d,M10,0,25.83,18.74,30
257,6245e73d8777b85805db8d4d,M11,0,25.08,17.84,30
257,6245e73d8777b85805db8d4d,M12,0,36.78,24.05,45
257,6245e73d8777b85805db8d4d,M13,0,38.91,23.48,60
257,6245e73d8777b85805db8d4d,M14,0,36.35,20.22,60
257,6245e73d8777b85805db8d4d,M15,0,39.18,23.9,60
257,6245e73d8777b85805db8d4d,M16,0,68.45,51.31,100
257,6245e73d8777b85805db8d4d,M17,0,9.48,6.83,14
257,6245e73d8777b85805db8d4d,M18,0,13.66,9.32,21
257,6245e73d8777b85805db8d4d,M19,0,13.42,7.09,21
257,6245e73d8777b85805db8d4d,M25,0,16.91,13.62,20
257,6245e73d8777b85805db8d4d,M26,0,15.62,12.385,20
257,6245e73d8777b85805db8d4d,M27,0,21.92,15.7,30
257,6245e73d8777b85805db8d4d,M28,0,20.3,13.765,30
257,6245e73d8777b85805db8d4d,M29,0,21.67,15.575,30
257,6245e73d8777b85805db8d4d,M30,0,14.4,9.385,21
258,42ba4eb4f3bde44694d1974c,M01,4,6.69,6.845,10
258,42ba4eb4f3bde44694d1974c,M02,4,8.95,9.175,15
258,42ba4eb4f3bde44694d1974c,M03,4,8.75,9.25,21
258,42ba4eb4f3bde44694d1974c,M04,4,8.09,8.44,21
258,42ba4eb4f3bde44694d1974c,M05,4,8.12,8.46,21
258,42ba4eb4f3bde44694d1974c,M06,4,11.07,11.555,21
258,42ba4eb4f3bde44694d1974c,M07,4,11.82,12.545,30
258,42ba4eb4f3bde44694d1974c,M08,4,16.13,16.89,30
258,42ba4eb4f3bde44694d1974c,M09,4,15.16,15.81,30
258,42ba4eb4f3bde44694d1974c,M10,4,17.76,18.53,30
258,42ba4eb4f3bde44694d1974c,M11,4,17.11,17.615,30
258,42ba4eb4f3bde44694d1974c,M12,4,22.4,23.555,45
258,42ba4eb4f3bde44694d1974c,M13,4,21.83,23.13,60
258,42ba4eb4f3bde44694d1974c,M14,4,18.42,19.65,60
258,42ba4eb4f3bde44694d1974c,M15,4,21.99,23.315,60
258,42ba4eb4f3bde44694d1974c,M16,4,48.91,50.515,100
258,42ba4eb4f3bde44694d1974c,M17,4,6.46,6.655,14
258,42ba4eb4f3bde44694d1974c,M18,4,8.73,9.155,21
258,42ba4eb4f3bde44694d1974c,M19,4,6.39,6.985,21
258,42ba4eb4f3bde44694d1974c,M20,4,8.5,9.35,20
258,42ba4eb4f3bde44694d1974c,M21,4,6.19,6.77,21
258,42ba4eb4f3bde44694d1974c,M22,4,13.25,15.23,45
258,42ba4eb4f3bde44694d1974c,M23,4,11.77,13.01,45
258,42ba4eb4f3bde44694d1974c,M24,4,13.31,15.92,45
258,42ba4eb4f3bde44694d1974c,M25,4,13.26,13.5,20
258,42ba4eb4f3bde44694d1974c,M26,4,11.86,12.19,20
258,42ba4eb4f3bde44694d1974c,M27,4,14.67,15.28,30
258,42ba4eb4f3bde44694d1974c,M28,4,12.64,13.34,30
258,42ba4eb4f3bde44694d1974c,M29,4,14.58,15.58,30
258,42ba4eb4f3bde44694d1974c,M30,4,8.76,9.25,21
259,41a0e87121f95316c7969dd8,M01,3,8.24,6.99,10
259,41a0e87121f95316c7969dd8,M02,3,11,9.41,15
259,41a0e87121f95316c7969dd8,M03,3,12.83,9.67,21
259,41a0e87121f95316c7969dd8,M04,3,11.96,8.99,21
259,41a0e87121f95316c7969dd8,M05,3,12.19,8.87,21
259,41a0e87121f95316c7969dd8,M06,3,15.5,12.11,21
259,41a0e87121f95316c7969dd8,M07,3,18.03,13.26,30
259,41a0e87121f95316c7969dd8,M08,3,22.24,17.66,30
259,41a0e87121f95316c7969dd8,M09,3,20.89,16.64,30
259,41a0e87121f95316c7969dd8,M10,3,23.73,19.22,30
259,41a0e87121f95316c7969dd8,M11,3,23.28,18.33,30
259,41a0e87121f95316c7969dd8,M12,3,32.71,24.98,45
259,41a0e87121f95316c7969dd8,M13,3,34.12,24.67,60
259,41a0e87121f95316c7969dd8,M14,3,31.03,20.81,60
259,41a0e87121f95316c7969dd8,M15,3,34.26,24.93,60
259,41a0e87121f95316c7969dd8,M16,3,63.27,52.34,100
259,41a0e87121f95316c7969dd8,M17,3,8.72,6.99,14
259,41a0e87121f95316c7969dd8,M18,3,12.34,9.6,21
259,41a0e87121f95316c7969dd8,M19,3,11.74,7.26,21
259,41a0e87121f95316c7969dd8,M25,3,15.76,13.8,20
259,41a0e87121f95316c7969dd8,M26,3,14.55,12.58,20
259,41a0e87121f95316c7969dd8,M27,3,19.94,15.98,30
259,41a0e87121f95316c7969dd8,M28,3,18.23,14.22,30
259,41a0e87121f95316c7969dd8,M29,3,20.13,16.04,30
259,41a0e87121f95316c7969dd8,M30,3,12.87,9.75,21
260,bc37928db07519700d608f99,M01,1,7.03,6.95,10
260,bc37928db07519700d608f99,M02,1,9.88,9.36,15
260,bc37928db07519700d608f99,M03,1,10.38,9.52,21
260,bc37928db07519700d608f99,M04,1,9.84,8.81,21
260,bc37928db07519700d608f99,M05,1,9.89,8.8,21
260,bc37928db07519700d608f99,M06,1,12.58,11.89,21
260,bc37928db07519700d608f99,M07,1,14.37,13,30
260,bc37928db07519700d608f99,M08,1,19.04,17.42,30
260,bc37928db07519700d608f99,M09,1,17.93,16.18,30
260,bc37928db07519700d608f99,M10,1,20.02,18.98,30
260,bc37928db07519700d608f99,M11,1,19.45,18.29,30
260,bc37928db07519700d608f99,M12,1,27.11,24.62,45
260,bc37928db07519700d608f99,M13,1,25.94,24.03,60
260,bc37928db07519700d608f99,M14,1,22.91,20.46,60
260,bc37928db07519700d608f99,M15,1,27.84,24.48,60
260,bc37928db07519700d608f99,M16,1,54.28,51.76,100
260,bc37928db07519700d608f99,M17,1,7.54,6.94,14
260,bc37928db07519700d608f99,M18,1,10.02,9.46,21
260,bc37928db07519700d608f99,M19,1,6.93,7.16,21
260,bc37928db07519700d608f99,M20,1,9.85,9.5,20
260,bc37928db07519700d608f99,M21,1,7.1,6.99,21
260,bc37928db07519700d608f99,M22,1,16.12,15.84,45
260,bc37928db07519700d608f99,M23,1,13.32,13.35,45
260,bc37928db07519700d608f99,M24,1,18.86,16.5,45
260,bc37928db07519700d608f99,M25,1,13.78,13.75,20
260,bc37928db07519700d608f99,M26,1,12.66,12.54,20
260,bc37928db07519700d608f99,M27,1,16.08,15.91,30
260,bc37928db07519700d608f99,M28,1,14.37,13.91,30
260,bc37928db07519700d608f99,M29,1,16.66,15.68,30
260,bc37928db07519700d608f99,M30,1,9.83,9.58,21
261,7baf7908c42ba7a02322fcd4,M01,3,6.77,6.99,10
261,7baf7908c42ba7a02322fcd4,M02,3,9.14,9.41,15
261,7baf7908c42ba7a02322fcd4,M03,3,9.19,9.67,21
261,7baf7908c42ba7a02322fcd4,M04,3,8.54,8.99,21
261,7baf7908c42ba7a02322fcd4,M05,3,8.46,8.87,21
261,7baf7908c42ba7a02322fcd4,M06,3,11.5,12.11,21
261,7baf7908c42ba7a02322fcd4,M07,3,12.56,13.26,30
261,7baf7908c42ba7a02322fcd4,M08,3,16.97,17.66,30
261,7baf7908c42ba7a02322fcd4,M09,3,16.05,16.64,30
261,7baf7908c42ba7a02322fcd4,M10,3,18.5,19.22,30
261,7baf7908c42ba7a02322fcd4,M11,3,17.82,18.33,30
261,7baf7908c42ba7a02322fcd4,M12,3,24,24.98,45
261,7baf7908c42ba7a02322fcd4,M13,3,23.43,24.67,60
261,7baf7908c42ba7a02322fcd4,M14,3,20.22,20.81,60
261,7baf7908c42ba7a02322fcd4,M15,3,23.56,24.93,60
261,7baf7908c42ba7a02322fcd4,M16,3,51.31,52.34,100
261,7baf7908c42ba7a02322fcd4,M17,3,6.67,6.99,14
261,7baf7908c42ba7a02322fcd4,M18,3,9.17,9.6,21
261,7baf7908c42ba7a02322fcd4,M19,3,7.71,7.26,21
261,7baf7908c42ba7a02322fcd4,M20,3,10.26,9.575,20
261,7baf7908c42ba7a02322fcd4,M21,3,7.53,6.985,21
261,7baf7908c42ba7a02322fcd4,M22,3,17.81,16.03,45
261,7baf7908c42ba7a02322fcd4,M23,3,15.26,13.455,45
261,7baf7908c42ba7a02322fcd4,M24,3,17.96,16.74,45
261,7baf7908c42ba7a02322fcd4,M25,3,13.44,13.8,20
261,7baf7908c42ba7a02322fcd4,M26,3,12.17,12.58,20
261,7baf7908c42ba7a02322fcd4,M27,3,15.22,15.98,30
261,7baf7908c42ba7a02322fcd4,M28,3,13.39,14.22,30
261,7baf7908c42ba7a02322fcd4,M29,3,15.64,16.04,30
261,7baf7908c42ba7a02322fcd4,M30,3,9.18,9.75,21
262,229504607349828a36f6f03e,M01,1,7.68,6.95,10
262,229504607349828a36f6f03e,M02,1,10.26,9.36,15
262,229504607349828a36f6f03e,M03,1,11.32,9.52,21
262,229504607349828a36f6f03e,M04,1,10.48,8.81,21
262,229504607349828a36f6f03e,M05,1,10.61,8.8,21
262,229504607349828a36f6f03e,M06,1,14.01,11.89,21
262,229504607349828a36f6f03e,M07,1,15.74,13,30
262,229504607349828a36f6f03e,M08,1,20.08,17.42,30
262,229504607349828a36f6f03e,M09,1,18.93,16.18,30
262,229504607349828a36f6f03e,M10,1,21.63,18.98,30
262,229504607349828a36f6f03e,M11,1,20.92,18.29,30
262,229504607349828a36f6f03e,M12,1,29.12,24.62,45
262,229504607349828a36f6f03e,M13,1,30.01,24.03,60
262,229504607349828a36f6f03e,M14,1,26.78,20.46,60
262,229504607349828a36f6f03e,M15,1,30.24,24.48,60
262,229504607349828a36f6f03e,M16,1,58.8,51.76,100
262,229504607349828a36f6f03e,M17,1,7.87,6.94,14
262,229504607349828a36f6f03e,M18,1,10.96,9.46,21
262,229504607349828a36f6f03e,M19,1,9.5,7.16,21
262,229504607349828a36f6f03e,M20,1,11.76,9.5,20
262,229504607349828a36f6f03e,M21,1,9.02,6.99,21
262,229504607349828a36f6f03e,M22,1,22.52,15.84,45
262,229504607349828a36f6f03e,M23,1,19.45,13.35,45
262,229504607349828a36f6f03e,M24,1,22.76,16.5,45
262,229504607349828a36f6f03e,M25,1,14.88,13.75,20
262,229504607349828a36f6f03e,M26,1,13.69,12.54,20
262,229504607349828a36f6f03e,M27,1,18.17,15.91,30
262,229504607349828a36f6f03e,M28,1,16.36,13.91,30
262,229504607349828a36f6f03e,M29,1,18.08,15.68,30
262,229504607349828a36f6f03e,M30,1,11.34,9.58,21
263,7738c55f945d0df2535c994a,M01,2,7.89,6.88,10
263,7738c55f945d0df2535c994a,M02,2,10.52,9.32,15
263,7738c55f945d0df2535c994a,M03,2,11.83,9.36,21
263,7738c55f945d0df2535c994a,M04,2,10.77,8.58,21
263,7738c55f945d0df2535c994a,M05,2,10.91,8.46,21
263,7738c55f945d0df2535c994a,M06,2,14.56,11.66,21
263,7738c55f945d0df2535c994a,M07,2,16.49,12.81,30
263,7738c55f945d0df2535c994a,M08,2,20.82,16.97,30
263,7738c55f945d0df2535c994a,M09,2,19.36,16.03,30
263,7738c55f945d0df2535c994a,M10,2,22.33,18.71,30
263,7738c55f945d0df2535c994a,M11,2,21.31,17.82,30
263,7738c55f945d0df2535c994a,M12,2,30.31,24,45
263,7738c55f945d0df2535c994a,M13,2,31.47,23.43,60
263,7738c55f945d0df2535c994a,M14,2,28.16,20.18,60
263,7738c55f945d0df2535c994a,M15,2,31.47,23.65,60
263,7738c55f945d0df2535c994a,M16,2,60.42,51.18,100
263,7738c55f945d0df2535c994a,M17,2,8.04,6.73,14
263,7738c55f945d0df2535c994a,M18,2,11.25,9.21,21
263,7738c55f945d0df2535c994a,M19,2,10.2,6.87,21
263,7738c55f945d0df2535c994a,M20,2,12.35,9.15,20
263,7738c55f945d0df2535c994a,M21,2,9.41,6.77,21
263,7738c55f945d0df2535c994a,M22,2,24.26,15.22,45
263,7738c55f945d0df2535c994a,M23,2,20.99,13.01,45
263,7738c55f945d0df2535c994a,M24,2,24.63,15.92,45
263,7738c55f945d0df2535c994a,M25,2,14.9,13.62,20
263,7738c55f945d0df2535c994a,M26,2,13.69,12.34,20
263,7738c55f945d0df2535c994a,M27,2,18.21,15.67,30
263,7738c55f945d0df2535c994a,M28,2,16.41,13.69,30
263,7738c55f945d0df2535c994a,M29,2,17.95,15.58,30
263,7738c55f945d0df2535c994a,M30,2,11.48,9.38,21
264,ad56a84d141e631b2b1c6a48,M01,2,8.09,6.88,10
264,ad56a84d141e631b2b1c6a48,M02,2,13.33,9.32,15
264,ad56a84d141e631b2b1c6a48,M03,2,15.84,9.36,21
264,ad56a84d141e631b2b1c6a48,M04,2,14.78,8.58,21
264,ad56a84d141e631b2b1c6a48,M05,2,15.11,8.46,21
264,ad56a84d141e631b2b1c6a48,M06,2,19.66,11.66,21
264,ad56a84d141e631b2b1c6a48,M07,2,22.51,12.81,30
264,ad56a84d141e631b2b1c6a48,M08,2,26.43,16.97,30
264,ad56a84d141e631b2b1c6a48,M09,2,24.93,16.03,30
264,ad56a84d141e631b2b1c6a48,M10,2,28.2,18.71,30
264,ad56a84d141e631b2b1c6a48,M11,2,27.17,17.82,30
264,ad56a84d141e631b2b1c6a48,M12,2,39.53,24,45
264,ad56a84d141e631b2b1c6a48,M13,2,43.12,23.43,60
264,ad56a84d141e631b2b1c6a48,M14,2,40.61,20.18,60
264,ad56a84d141e631b2b1c6a48,M15,2,42.69,23.65,60
264,ad56a84d141e631b2b1c6a48,M16,2,72.91,51.18,100
264,ad56a84d141e631b2b1c6a48,M17,2,10.4,6.73,14
264,ad56a84d141e631b2b1c6a48,M18,2,14.92,9.21,21
264,ad56a84d141e631b2b1c6a48,M19,2,13.21,6.87,21
264,ad56a84d141e631b2b1c6a48,M20,2,15.52,9.15,20
264,ad56a84d141e631b2b1c6a48,M21,2,15.12,6.77,21
264,ad56a84d141e631b2b1c6a48,M22,2,34.15,15.22,45
264,ad56a84d141e631b2b1c6a48,M23,2,37.84,13.01,45
264,ad56a84d141e631b2b1c6a48,M24,2,33.69,15.92,45
264,ad56a84d141e631b2b1c6a48,M25,2,19.47,13.62,20
264,ad56a84d141e631b2b1c6a48,M26,2,17.32,12.34,20
264,ad56a84d141e631b2b1c6a48,M27,2,24.7,15.67,30
264,ad56a84d141e631b2b1c6a48,M28,2,22.54,13.69,30
264,ad56a84d141e631b2b1c6a48,M29,2,24.02,15.58,30
264,ad56a84d141e631b2b1c6a48,M30,2,15.99,9.38,21
265,04831b0ea0bfee04fcc4eb27,M01,4,8.11,6.845,10
265,04831b0ea0bfee04fcc4eb27,M02,4,10.82,9.175,15
265,04831b0ea0bfee04fcc4eb27,M03,4,12.44,9.25,21
265,04831b0ea0bfee04fcc4eb27,M04,4,11.38,8.44,21
265,04831b0ea0bfee04fcc4eb27,M05,4,11.56,8.46,21
265,04831b0ea0bfee04fcc4eb27,M06,4,15.18,11.555,21
265,04831b0ea0bfee04fcc4eb27,M07,4,17.43,12.545,30
265,04831b0ea0bfee04fcc4eb27,M08,4,21.7,16.89,30
265,04831b0ea0bfee04fcc4eb27,M09,4,20.24,15.81,30
265,04831b0ea0bfee04fcc4eb27,M10,4,23.18,18.53,30
265,04831b0ea0bfee04fcc4eb27,M11,4,22.35,17.615,30
265,04831b0ea0bfee04fcc4eb27,M12,4,31.79,23.555,45
265,04831b0ea0bfee04fcc4eb27,M13,4,33.13,23.13,60
265,04831b0ea0bfee04fcc4eb27,M14,4,29.92,19.65,60
265,04831b0ea0bfee04fcc4eb27,M15,4,33.57,23.315,60
265,04831b0ea0bfee04fcc4eb27,M16,4,62.16,50.515,100
265,04831b0ea0bfee04fcc4eb27,M17,4,8.32,6.655,14
265,04831b0ea0bfee04fcc4eb27,M18,4,11.82,9.155,21
265,04831b0ea0bfee04fcc4eb27,M19,4,10.24,6.985,21
265,04831b0ea0bfee04fcc4eb27,M20,4,12.29,9.35,20
265,04831b0ea0bfee04fcc4eb27,M21,4,9.41,6.77,21
265,04831b0ea0bfee04fcc4eb27,M22,4,23.94,15.23,45
265,04831b0ea0bfee04fcc4eb27,M23,4,20.66,13.01,45
265,04831b0ea0bfee04fcc4eb27,M24,4,24.56,15.92,45
265,04831b0ea0bfee04fcc4eb27,M25,4,15.57,13.5,20
265,04831b0ea0bfee04fcc4eb27,M26,4,14.34,12.19,20
265,04831b0ea0bfee04fcc4eb27,M27,4,19.54,15.28,30
265,04831b0ea0bfee04fcc4eb27,M28,4,17.74,13.34,30
265,04831b0ea0bfee04fcc4eb27,M29,4,19.48,15.58,30
265,04831b0ea0bfee04fcc4eb27,M30,4,12.47,9.25,21
266,09fdfb57668810ac2e3b712f,M01,0,7.24,6.91,10
266,09fdfb57668810ac2e3b712f,M02,0,9.58,9.32,15
266,09fdfb57668810ac2e3b712f,M03,0,9.89,9.36,21
266,09fdfb57668810ac2e3b712f,M04,0,8.99,8.59,21
266,09fdfb57668810ac2e3b712f,M05,0,9,8.47,21
266,09fdfb57668810ac2e3b712f,M06,0,12.51,11.77,21
266,09fdfb57668810ac2e3b712f,M07,0,13.54,12.83,30
266,09fdfb57668810ac2e3b712f,M08,0,17.96,17.14,30
266,09fdfb57668810ac2e3b712f,M09,0,16.71,16.05,30
266,09fdfb57668810ac2e3b712f,M10,0,19.52,18.74,30
266,09fdfb57668810ac2e3b712f,M11,0,18.55,17.84,30
266,09fdfb57668810ac2e3b712f,M12,0,25.5,24.05,45
266,09fdfb57668810ac2e3b712f,M13,0,25.67,23.48,60
266,09fdfb57668810ac2e3b712f,M14,0,22.1,20.22,60
266,09fdfb57668810ac2e3b712f,M15,0,25.31,23.9,60
266,09fdfb57668810ac2e3b712f,M16,0,53.93,51.31,100
266,09fdfb57668810ac2e3b712f,M17,0,6.99,6.83,14
266,09fdfb57668810ac2e3b712f,M18,0,9.61,9.32,21
266,09fdfb57668810ac2e3b712f,M19,0,7.04,7.09,21
266,09fdfb57668810ac2e3b712f,M20,0,9.37,9.53,20
266,09fdfb57668810ac2e3b712f,M21,0,6.6,6.95,21
266,09fdfb57668810ac2e3b712f,M22,0,15.31,15.84,45
266,09fdfb57668810ac2e3b712f,M23,0,13.01,13.31,45
266,09fdfb57668810ac2e3b712f,M24,0,15.3,16.53,45
266,09fdfb57668810ac2e3b712f,M25,0,14.06,13.62,20
266,09fdfb57668810ac2e3b712f,M26,0,12.74,12.385,20
266,09fdfb57668810ac2e3b712f,M27,0,16.38,15.7,30
266,09fdfb57668810ac2e3b712f,M28,0,14.36,13.765,30
266,09fdfb57668810ac2e3b712f,M29,0,16.03,15.575,30
266,09fdfb57668810ac2e3b712f,M30,0,9.92,9.385,21
267,d520bf8d91251ecd00cc4b41,M01,4,4.93,6.845,10
267,d520bf8d91251ecd00cc4b41,M02,4,6.42,9.175,15
267,d520bf8d91251ecd00cc4b41,M03,4,5.54,9.25,21
267,d520bf8d91251ecd00cc4b41,M04,4,5.21,8.44,21
267,d520bf8d91251ecd00cc4b41,M05,4,5.12,8.46,21
267,d520bf8d91251ecd00cc4b41,M06,4,7,11.555,21
267,d520bf8d91251ecd00cc4b41,M07,4,7.02,12.545,30
267,d520bf8d91251ecd00cc4b41,M08,4,9.23,16.89,30
267,d520bf8d91251ecd00cc4b41,M09,4,7.93,15.81,30
267,d520bf8d91251ecd00cc4b41,M10,4,10.74,18.53,30
267,d520bf8d91251ecd00cc4b41,M11,4,9.74,17.615,30
267,d520bf8d91251ecd00cc4b41,M12,4,11.11,23.555,45
267,d520bf8d91251ecd00cc4b41,M13,4,11.08,23.13,60
267,d520bf8d91251ecd00cc4b41,M14,4,11.32,19.65,60
267,d520bf8d91251ecd00cc4b41,M15,4,8.72,23.315,60
267,d520bf8d91251ecd00cc4b41,M16,4,20.42,50.515,100
267,d520bf8d91251ecd00cc4b41,M17,4,3.43,6.655,14
267,d520bf8d91251ecd00cc4b41,M18,4,5.49,9.155,21
267,d520bf8d91251ecd00cc4b41,M19,4,4.77,6.985,21
267,d520bf8d91251ecd00cc4b41,M20,4,5.92,9.35,20
267,d520bf8d91251ecd00cc4b41,M21,4,4.74,6.77,21
267,d520bf8d91251ecd00cc4b41,M22,4,8.65,15.23,45
267,d520bf8d91251ecd00cc4b41,M23,4,7.38,13.01,45
267,d520bf8d91251ecd00cc4b41,M24,4,8.43,15.92,45
267,d520bf8d91251ecd00cc4b41,M25,4,10.08,13.5,20
267,d520bf8d91251ecd00cc4b41,M26,4,8.43,12.19,20
267,d520bf8d91251ecd00cc4b41,M27,4,9.5,15.28,30
267,d520bf8d91251ecd00cc4b41,M28,4,8.02,13.34,30
267,d520bf8d91251ecd00cc4b41,M29,4,9.65,15.58,30
267,d520bf8d91251ecd00cc4b41,M30,4,5.89,9.25,21
268,d69eda8667f021413c4a9f83,M01,2,5.91,6.88,10
268,d69eda8667f021413c4a9f83,M02,2,7.8,9.32,15
268,d69eda8667f021413c4a9f83,M03,2,7.08,9.36,21
268,d69eda8667f021413c4a9f83,M04,2,6.43,8.58,21
268,d69eda8667f021413c4a9f83,M05,2,6.27,8.46,21
268,d69eda8667f021413c4a9f83,M06,2,8.7,11.66,21
268,d69eda8667f021413c4a9f83,M07,2,9.1,12.81,30
268,d69eda8667f021413c4a9f83,M08,2,12.69,16.97,30
268,d69eda8667f021413c4a9f83,M09,2,11.61,16.03,30
268,d69eda8667f021413c4a9f83,M10,2,14.43,18.71,30
268,d69eda8667f021413c4a9f83,M11,2,13.51,17.82,30
268,d69eda8667f021413c4a9f83,M12,2,16.32,24,45
268,d69eda8667f021413c4a9f83,M13,2,15.65,23.43,60
268,d69eda8667f021413c4a9f83,M14,2,15.74,20.18,60
268,d69eda8667f021413c4a9f83,M15,2,12.9,23.65,60
268,d69eda8667f021413c4a9f83,M16,2,34.55,51.18,100
268,d69eda8667f021413c4a9f83,M17,2,5.2,6.73,14
268,d69eda8667f021413c4a9f83,M18,2,7.21,9.21,21
268,d69eda8667f021413c4a9f83,M19,2,5.13,6.87,21
268,d69eda8667f021413c4a9f83,M20,2,6.96,9.15,20
268,d69eda8667f021413c4a9f83,M21,2,5.11,6.77,21
268,d69eda8667f021413c4a9f83,M22,2,10.41,15.22,45
268,d69eda8667f021413c4a9f83,M23,2,9.27,13.01,45
268,d69eda8667f021413c4a9f83,M24,2,10.34,15.92,45
268,d69eda8667f021413c4a9f83,M25,2,11.54,13.62,20
268,d69eda8667f021413c4a9f83,M26,2,10.06,12.34,20
268,d69eda8667f021413c4a9f83,M27,2,11.62,15.67,30
268,d69eda8667f021413c4a9f83,M28,2,9.91,13.69,30
268,d69eda8667f021413c4a9f83,M29,2,11.77,15.58,30
268,d69eda8667f021413c4a9f83,M30,2,6.83,9.38,21
270,b8c82d904caebcfae94507d9,M01,2,6.99,6.88,10
270,b8c82d904caebcfae94507d9,M02,2,9.81,9.32,15
270,b8c82d904caebcfae94507d9,M03,2,10.49,9.36,21
270,b8c82d904caebcfae94507d9,M04,2,9.85,8.58,21
270,b8c82d904caebcfae94507d9,M05,2,9.69,8.46,21
270,b8c82d904caebcfae94507d9,M06,2,12.46,11.66,21
270,b8c82d904caebcfae94507d9,M07,2,14.58,12.81,30
270,b8c82d904caebcfae94507d9,M08,2,18.92,16.97,30
270,b8c82d904caebcfae94507d9,M09,2,18.05,16.03,30
270,b8c82d904caebcfae94507d9,M10,2,20.37,18.71,30
270,b8c82d904caebcfae94507d9,M11,2,19.62,17.82,30
270,b8c82d904caebcfae94507d9,M12,2,27.34,24,45
270,b8c82d904caebcfae94507d9,M13,2,26.18,23.43,60
270,b8c82d904caebcfae94507d9,M14,2,23.28,20.18,60
270,b8c82d904caebcfae94507d9,M15,2,27.59,23.65,60
270,b8c82d904caebcfae94507d9,M16,2,54.65,51.18,100
270,b8c82d904caebcfae94507d9,M17,2,7.41,6.73,14
270,b8c82d904caebcfae94507d9,M18,2,10.19,9.21,21
270,b8c82d904caebcfae94507d9,M19,2,8.25,6.87,21
270,b8c82d904caebcfae94507d9,M20,2,11.78,9.15,20
270,b8c82d904caebcfae94507d9,M21,2,8.63,6.77,21
270,b8c82d904caebcfae94507d9,M22,2,21.16,15.22,45
270,b8c82d904caebcfae94507d9,M23,2,16.86,13.01,45
270,b8c82d904caebcfae94507d9,M24,2,28.22,15.92,45
270,b8c82d904caebcfae94507d9,M25,2,13.78,13.62,20
270,b8c82d904caebcfae94507d9,M26,2,12.66,12.34,20
270,b8c82d904caebcfae94507d9,M27,2,16.15,15.67,30
270,b8c82d904caebcfae94507d9,M28,2,14.48,13.69,30
270,b8c82d904caebcfae94507d9,M29,2,16.69,15.58,30
270,b8c82d904caebcfae94507d9,M30,2,10.07,9.38,21
271,648bc1f8679a9275b66f6275,M01,1,9.42,6.95,10
271,648bc1f8679a9275b66f6275,M02,1,11.84,9.36,15
271,648bc1f8679a9275b66f6275,M03,1,14.36,9.52,21
271,648bc1f8679a9275b66f6275,M04,1,13.43,8.81,21
271,648bc1f8679a9275b66f6275,M05,1,13.68,8.8,21
271,648bc1f8679a9275b66f6275,M06,1,17.4,11.89,21
271,648bc1f8679a9275b66f6275,M07,1,20.41,13,30
271,648bc1f8679a9275b66f6275,M08,1,24.36,17.42,30
271,648bc1f8679a9275b66f6275,M09,1,23.11,16.18,30
271,648bc1f8679a9275b66f6275,M10,1,25.85,18.98,30
271,648bc1f8679a9275b66f6275,M11,1,25.02,18.29,30
271,648bc1f8679a9275b66f6275,M12,1,36.46,24.62,45
271,648bc1f8679a9275b66f6275,M13,1,39.26,24.03,60
271,648bc1f8679a9275b66f6275,M14,1,36.62,20.46,60
271,648bc1f8679a9275b66f6275,M15,1,38.98,24.48,60
271,648bc1f8679a9275b66f6275,M16,1,68.84,51.76,100
271,648bc1f8679a9275b66f6275,M17,1,9.5,6.94,14
271,648bc1f8679a9275b66f6275,M18,1,13.65,9.46,21
271,648bc1f8679a9275b66f6275,M19,1,14.35,7.16,21
271,648bc1f8679a9275b66f6275,M20,1,15.84,9.5,20
271,648bc1f8679a9275b66f6275,M21,1,13.14,6.99,21
271,648bc1f8679a9275b66f6275,M22,1,35.49,15.84,45
271,648bc1f8679a9275b66f6275,M23,1,32.24,13.35,45
271,648bc1f8679a9275b66f6275,M24,1,35.27,16.5,45
271,648bc1f8679a9275b66f6275,M25,1,17.1,13.75,20
271,648bc1f8679a9275b66f6275,M26,1,15.71,12.54,20
271,648bc1f8679a9275b66f6275,M27,1,22.14,15.91,30
271,648bc1f8679a9275b66f6275,M28,1,20.47,13.91,30
271,648bc1f8679a9275b66f6275,M29,1,21.66,15.68,30
271,648bc1f8679a9275b66f6275,M30,1,14.43,9.58,21
272,7fb8af142894de9d555b9983,M01,3,8.17,6.99,10
272,7fb8af142894de9d555b9983,M02,3,10.83,9.41,15
272,7fb8af142894de9d555b9983,M03,3,12.52,9.67,21
272,7fb8af142894de9d555b9983,M04,3,11.56,8.99,21
272,7fb8af142894de9d555b9983,M05,3,11.72,8.87,21
272,7fb8af142894de9d555b9983,M06,3,15.25,12.11,21
272,7fb8af142894de9d555b9983,M07,3,17.58,13.26,30
272,7fb8af142894de9d555b9983,M08,3,21.82,17.66,30
272,7fb8af142894de9d555b9983,M09,3,20.51,16.64,30
272,7fb8af142894de9d555b9983,M10,3,23.27,19.22,30
272,7fb8af142894de9d555b9983,M11,3,22.47,18.33,30
272,7fb8af142894de9d555b9983,M12,3,32.08,24.98,45
272,7fb8af142894de9d555b9983,M13,3,33.65,24.67,60
272,7fb8af142894de9d555b9983,M14,3,30.61,20.81,60
272,7fb8af142894de9d555b9983,M15,3,33.67,24.93,60
272,7fb8af142894de9d555b9983,M16,3,62.76,52.34,100
272,7fb8af142894de9d555b9983,M17,3,8.45,6.99,14
272,7fb8af142894de9d555b9983,M18,3,11.97,9.6,21
272,7fb8af142894de9d555b9983,M19,3,11.46,7.26,21
272,7fb8af142894de9d555b9983,M20,3,13.4,9.575,20
272,7fb8af142894de9d555b9983,M21,3,10.61,6.985,21
272,7fb8af142894de9d555b9983,M22,3,27.86,16.03,45
272,7fb8af142894de9d555b9983,M23,3,24.49,13.455,45
272,7fb8af142894de9d555b9983,M24,3,27.95,16.74,45
272,7fb8af142894de9d555b9983,M25,3,15.64,13.8,20
272,7fb8af142894de9d555b9983,M26,3,14.39,12.58,20
272,7fb8af142894de9d555b9983,M27,3,19.65,15.98,30
272,7fb8af142894de9d555b9983,M28,3,17.94,14.22,30
272,7fb8af142894de9d555b9983,M29,3,19.51,16.04,30
272,7fb8af142894de9d555b9983,M30,3,12.55,9.75,21
273,ca6cb56c983e5492cd15a656,M01,3,7.69,6.99,10
273,ca6cb56c983e5492cd15a656,M02,3,10.28,9.41,15
273,ca6cb56c983e5492cd15a656,M03,3,11.4,9.67,21
273,ca6cb56c983e5492cd15a656,M04,3,10.48,8.99,21
273,ca6cb56c983e5492cd15a656,M05,3,10.37,8.87,21
273,ca6cb56c983e5492cd15a656,M06,3,14.07,12.11,21
273,ca6cb56c983e5492cd15a656,M07,3,15.91,13.26,30
273,ca6cb56c983e5492cd15a656,M08,3,20.26,17.66,30
273,ca6cb56c983e5492cd15a656,M09,3,19,16.64,30
273,ca6cb56c983e5492cd15a656,M10,3,21.71,19.22,30
273,ca6cb56c983e5492cd15a656,M11,3,20.55,18.33,30
273,ca6cb56c983e5492cd15a656,M12,3,29.5,24.98,45
273,ca6cb56c983e5492cd15a656,M13,3,30.39,24.67,60
273,ca6cb56c983e5492cd15a656,M14,3,27.26,20.81,60
273,ca6cb56c983e5492cd15a656,M15,3,30.41,24.93,60
273,ca6cb56c983e5492cd15a656,M16,3,59.23,52.34,100
273,ca6cb56c983e5492cd15a656,M17,3,7.9,6.99,14
273,ca6cb56c983e5492cd15a656,M18,3,11.09,9.6,21
273,ca6cb56c983e5492cd15a656,M19,3,8.96,7.26,21
273,ca6cb56c983e5492cd15a656,M20,3,11.38,9.575,20
273,ca6cb56c983e5492cd15a656,M21,3,8.54,6.985,21
273,ca6cb56c983e5492cd15a656,M22,3,21.21,16.03,45
273,ca6cb56c983e5492cd15a656,M23,3,18.37,13.455,45
273,ca6cb56c983e5492cd15a656,M24,3,21.66,16.74,45
273,ca6cb56c983e5492cd15a656,M25,3,13.93,13.8,20
273,ca6cb56c983e5492cd15a656,M26,3,12.72,12.58,20
273,ca6cb56c983e5492cd15a656,M27,3,16.27,15.98,30
273,ca6cb56c983e5492cd15a656,M28,3,14.47,14.22,30
273,ca6cb56c983e5492cd15a656,M29,3,16.5,16.04,30
273,ca6cb56c983e5492cd15a656,M30,3,10.02,9.75,21
274,9b385e5777f6b270736964d8,M01,4,5,6.845,10
274,9b385e5777f6b270736964d8,M02,4,6.55,9.175,15
274,9b385e5777f6b270736964d8,M03,4,5.62,9.25,21
274,9b385e5777f6b270736964d8,M04,4,5.27,8.44,21
274,9b385e5777f6b270736964d8,M05,4,5.18,8.46,21
274,9b385e5777f6b270736964d8,M06,4,7.1,11.555,21
274,9b385e5777f6b270736964d8,M07,4,7.18,12.545,30
274,9b385e5777f6b270736964d8,M08,4,9.43,16.89,30
274,9b385e5777f6b270736964d8,M09,4,8.17,15.81,30
274,9b385e5777f6b270736964d8,M10,4,11.08,18.53,30
274,9b385e5777f6b270736964d8,M11,4,10.07,17.615,30
274,9b385e5777f6b270736964d8,M12,4,11.55,23.555,45
274,9b385e5777f6b270736964d8,M13,4,11.47,23.13,60
274,9b385e5777f6b270736964d8,M14,4,8.92,19.65,60
274,9b385e5777f6b270736964d8,M15,4,11.8,23.315,60
274,9b385e5777f6b270736964d8,M16,4,21.46,50.515,100
274,9b385e5777f6b270736964d8,M17,4,3.49,6.655,14
274,9b385e5777f6b270736964d8,M18,4,5.55,9.155,21
274,9b385e5777f6b270736964d8,M19,4,4.7,6.985,21
274,9b385e5777f6b270736964d8,M20,4,5.67,9.35,20
274,9b385e5777f6b270736964d8,M21,4,4.62,6.77,21
274,9b385e5777f6b270736964d8,M22,4,8.18,15.23,45
274,9b385e5777f6b270736964d8,M23,4,6.95,13.01,45
274,9b385e5777f6b270736964d8,M24,4,8.01,15.92,45
274,9b385e5777f6b270736964d8,M25,4,9.85,13.5,20
274,9b385e5777f6b270736964d8,M26,4,8.23,12.19,20
274,9b385e5777f6b270736964d8,M27,4,9.35,15.28,30
274,9b385e5777f6b270736964d8,M28,4,7.95,13.34,30
274,9b385e5777f6b270736964d8,M29,4,9.46,15.58,30
274,9b385e5777f6b270736964d8,M30,4,5.59,9.25,21
275,a3cc9e6104a657c18f86b132,M01,0,6.95,6.91,10
275,a3cc9e6104a657c18f86b132,M02,0,9.83,9.32,15
275,a3cc9e6104a657c18f86b132,M03,0,10.29,9.36,21
275,a3cc9e6104a657c18f86b132,M04,0,9.75,8.59,21
275,a3cc9e6104a657c18f86b132,M05,0,9.82,8.47,21
275,a3cc9e6104a657c18f86b132,M06,0,12.38,11.77,21
275,a3cc9e6104a657c18f86b132,M07,0,14.46,12.83,30
275,a3cc9e6104a657c18f86b132,M08,0,18.76,17.14,30
275,a3cc9e6104a657c18f86b132,M09,0,17.87,16.05,30
275,a3cc9e6104a657c18f86b132,M10,0,20.01,18.74,30
275,a3cc9e6104a657c18f86b132,M11,0,19.45,17.84,30
275,a3cc9e6104a657c18f86b132,M12,0,27.14,24.05,45
275,a3cc9e6104a657c18f86b132,M13,0,25.8,23.48,60
275,a3cc9e6104a657c18f86b132,M14,0,22.84,20.22,60
275,a3cc9e6104a657c18f86b132,M15,0,27.24,23.9,60
275,a3cc9e6104a657c18f86b132,M16,0,54.19,51.31,100
275,a3cc9e6104a657c18f86b132,M17,0,7.27,6.83,14
275,a3cc9e6104a657c18f86b132,M18,0,9.96,9.32,21
275,a3cc9e6104a657c18f86b132,M19,0,8.16,7.09,21
275,a3cc9e6104a657c18f86b132,M20,0,11.73,9.53,20
275,a3cc9e6104a657c18f86b132,M21,0,8.59,6.95,21
275,a3cc9e6104a657c18f86b132,M22,0,21.07,15.84,45
275,a3cc9e6104a657c18f86b132,M23,0,16.71,13.31,45
275,a3cc9e6104a657c18f86b132,M24,0,28.11,16.53,45
275,a3cc9e6104a657c18f86b132,M25,0,13.72,13.62,20
275,a3cc9e6104a657c18f86b132,M26,0,12.59,12.385,20
275,a3cc9e6104a657c18f86b132,M27,0,15.97,15.7,30
275,a3cc9e6104a657c18f86b132,M28,0,14.32,13.765,30
275,a3cc9e6104a657c18f86b132,M29,0,16.45,15.575,30
275,a3cc9e6104a657c18f86b132,M30,0,9.88,9.385,21
277,1d0a43c80b2575e810c29b2d,M01,0,7.03,6.91,10
277,1d0a43c80b2575e810c29b2d,M02,0,9.38,9.32,15
277,1d0a43c80b2575e810c29b2d,M03,0,9.55,9.36,21
277,1d0a43c80b2575e810c29b2d,M04,0,8.81,8.59,21
277,1d0a43c80b2575e810c29b2d,M05,0,8.87,8.47,21
277,1d0a43c80b2575e810c29b2d,M06,0,12.07,11.77,21
277,1d0a43c80b2575e810c29b2d,M07,0,13.04,12.83,30
277,1d0a43c80b2575e810c29b2d,M08,0,17.44,17.14,30
277,1d0a43c80b2575e810c29b2d,M09,0,16.41,16.05,30
277,1d0a43c80b2575e810c29b2d,M10,0,19.03,18.74,30
277,1d0a43c80b2575e810c29b2d,M11,0,18.31,17.84,30
277,1d0a43c80b2575e810c29b2d,M12,0,24.67,24.05,45
277,1d0a43c80b2575e810c29b2d,M13,0,24.67,23.48,60
277,1d0a43c80b2575e810c29b2d,M14,0,21.24,20.22,60
277,1d0a43c80b2575e810c29b2d,M15,0,24.48,23.9,60
277,1d0a43c80b2575e810c29b2d,M16,0,52.79,51.31,100
277,1d0a43c80b2575e810c29b2d,M17,0,6.93,6.83,14
277,1d0a43c80b2575e810c29b2d,M18,0,9.43,9.32,21
277,1d0a43c80b2575e810c29b2d,M19,0,7.55,7.09,21
277,1d0a43c80b2575e810c29b2d,M20,0,9.93,9.53,20
277,1d0a43c80b2575e810c29b2d,M21,0,7.23,6.95,21
277,1d0a43c80b2575e810c29b2d,M22,0,16.88,15.84,45
277,1d0a43c80b2575e810c29b2d,M23,0,14.29,13.31,45
277,1d0a43c80b2575e810c29b2d,M24,0,17.19,16.53,45
277,1d0a43c80b2575e810c29b2d,M25,0,13.81,13.62,20
277,1d0a43c80b2575e810c29b2d,M26,0,12.51,12.385,20
277,1d0a43c80b2575e810c29b2d,M27,0,15.86,15.7,30
277,1d0a43c80b2575e810c29b2d,M28,0,13.91,13.765,30
277,1d0a43c80b2575e810c29b2d,M29,0,15.68,15.575,30
277,1d0a43c80b2575e810c29b2d,M30,0,9.58,9.385,21
278,7379aff9cd07b6083d7fa843,M01,0,9.48,6.91,10
278,7379aff9cd07b6083d7fa843,M02,0,12.01,9.32,15
278,7379aff9cd07b6083d7fa843,M03,0,14.6,9.36,21
278,7379aff9cd07b6083d7fa843,M04,0,13.58,8.59,21
278,7379aff9cd07b6083d7fa843,M05,0,13.91,8.47,21
278,7379aff9cd07b6083d7fa843,M06,0,17.48,11.77,21
278,7379aff9cd07b6083d7fa843,M07,0,20.77,12.83,30
278,7379aff9cd07b6083d7fa843,M08,0,24.71,17.14,30
278,7379aff9cd07b6083d7fa843,M09,0,23.32,16.05,30
278,7379aff9cd07b6083d7fa843,M10,0,26.17,18.74,30
278,7379aff9cd07b6083d7fa843,M11,0,25.37,17.84,30
278,7379aff9cd07b6083d7fa843,M12,0,37.02,24.05,45
278,7379aff9cd07b6083d7fa843,M13,0,39.55,23.48,60
278,7379aff9cd07b6083d7fa843,M14,0,37.02,20.22,60
278,7379aff9cd07b6083d7fa843,M15,0,39.81,23.9,60
278,7379aff9cd07b6083d7fa843,M16,0,69.16,51.31,100
278,7379aff9cd07b6083d7fa843,M17,0,9.58,6.83,14
278,7379aff9cd07b6083d7fa843,M18,0,13.81,9.32,21
278,7379aff9cd07b6083d7fa843,M19,0,15.17,7.09,21
278,7379aff9cd07b6083d7fa843,M25,0,17.16,13.62,20
278,7379aff9cd07b6083d7fa843,M26,0,15.83,12.385,20
278,7379aff9cd07b6083d7fa843,M27,0,22.25,15.7,30
278,7379aff9cd07b6083d7fa843,M28,0,20.64,13.765,30
278,7379aff9cd07b6083d7fa843,M29,0,22.01,15.575,30
278,7379aff9cd07b6083d7fa843,M30,0,14.65,9.385,21
280,bed4536832eee8371b3e89bd,M01,0,7.02,6.91,10
280,bed4536832eee8371b3e89bd,M02,0,9.87,9.32,15
280,bed4536832eee8371b3e89bd,M03,0,10.86,9.36,21
280,bed4536832eee8371b3e89bd,M04,0,9.91,8.59,21
280,bed4536832eee8371b3e89bd,M05,0,9.62,8.47,21
280,bed4536832eee8371b3e89bd,M06,0,13.49,11.77,21
280,bed4536832eee8371b3e89bd,M07,0,14.35,12.83,30
280,bed4536832eee8371b3e89bd,M08,0,19.01,17.14,30
280,bed4536832eee8371b3e89bd,M09,0,17.88,16.05,30
280,bed4536832eee8371b3e89bd,M10,0,20.96,18.74,30
280,bed4536832eee8371b3e89bd,M11,0,19.7,17.84,30
280,bed4536832eee8371b3e89bd,M12,0,26.94,24.05,45
280,bed4536832eee8371b3e89bd,M13,0,25.8,23.48,60
280,bed4536832eee8371b3e89bd,M14,0,23.22,20.22,60
280,bed4536832eee8371b3e89bd,M15,0,26.77,23.9,60
280,bed4536832eee8371b3e89bd,M16,0,54.17,51.31,100
280,bed4536832eee8371b3e89bd,M17,0,7.16,6.83,14
280,bed4536832eee8371b3e89bd,M18,0,10.13,9.32,21
280,bed4536832eee8371b3e89bd,M19,0,7.68,7.09,21
280,bed4536832eee8371b3e89bd,M20,0,8.44,9.53,20
280,bed4536832eee8371b3e89bd,M21,0,6.94,6.95,21
280,bed4536832eee8371b3e89bd,M22,0,14.79,15.84,45
280,bed4536832eee8371b3e89bd,M23,0,14.22,13.31,45
280,bed4536832eee8371b3e89bd,M24,0,14.63,16.53,45
280,bed4536832eee8371b3e89bd,M25,0,14.36,13.62,20
280,bed4536832eee8371b3e89bd,M26,0,13.21,12.385,20
280,bed4536832eee8371b3e89bd,M27,0,17.15,15.7,30
280,bed4536832eee8371b3e89bd,M28,0,15.33,13.765,30
280,bed4536832eee8371b3e89bd,M29,0,17.09,15.575,30
280,bed4536832eee8371b3e89bd,M30,0,10.85,9.385,21
281,bbda52a9d99ca097c7cfd477,M01,3,6.65,6.99,10
281,bbda52a9d99ca097c7cfd477,M02,3,8.79,9.41,15
281,bbda52a9d99ca097c7cfd477,M03,3,8.5,9.67,21
281,bbda52a9d99ca097c7cfd477,M04,3,7.79,8.99,21
281,bbda52a9d99ca097c7cfd477,M05,3,8.11,8.87,21
281,bbda52a9d99ca097c7cfd477,M06,3,10.84,12.11,21
281,bbda52a9d99ca097c7cfd477,M07,3,11.47,13.26,30
281,bbda52a9d99ca097c7cfd477,M08,3,15.85,17.66,30
281,bbda52a9d99ca097c7cfd477,M09,3,14.89,16.64,30
281,bbda52a9d99ca097c7cfd477,M10,3,17.38,19.22,30
281,bbda52a9d99ca097c7cfd477,M11,3,17.09,18.33,30
281,bbda52a9d99ca097c7cfd477,M12,3,22.13,24.98,45
281,bbda52a9d99ca097c7cfd477,M13,3,21.52,24.67,60
281,bbda52a9d99ca097c7cfd477,M14,3,18.48,20.81,60
281,bbda52a9d99ca097c7cfd477,M15,3,21.34,24.93,60
281,bbda52a9d99ca097c7cfd477,M16,3,48.83,52.34,100
281,bbda52a9d99ca097c7cfd477,M17,3,5.88,6.99,14
281,bbda52a9d99ca097c7cfd477,M18,3,8,9.6,21
281,bbda52a9d99ca097c7cfd477,M19,3,5.52,7.26,21
281,bbda52a9d99ca097c7cfd477,M20,3,6.98,9.575,20
281,bbda52a9d99ca097c7cfd477,M21,3,5.01,6.985,21
281,bbda52a9d99ca097c7cfd477,M22,3,10.44,16.03,45
281,bbda52a9d99ca097c7cfd477,M23,3,9.6,13.455,45
281,bbda52a9d99ca097c7cfd477,M24,3,10.17,16.74,45
281,bbda52a9d99ca097c7cfd477,M25,3,14.32,13.8,20
281,bbda52a9d99ca097c7cfd477,M26,3,13.04,12.58,20
281,bbda52a9d99ca097c7cfd477,M27,3,16.98,15.98,30
281,bbda52a9d99ca097c7cfd477,M28,3,15.06,14.22,30
281,bbda52a9d99ca097c7cfd477,M29,3,16.73,16.04,30
281,bbda52a9d99ca097c7cfd477,M30,3,10.45,9.75,21
282,c18e77ce74b9a2e4ab1ae59d,M01,1,8.28,6.95,10
282,c18e77ce74b9a2e4ab1ae59d,M02,1,11.06,9.36,15
282,c18e77ce74b9a2e4ab1ae59d,M03,1,13.15,9.52,21
282,c18e77ce74b9a2e4ab1ae59d,M04,1,12.3,8.81,21
282,c18e77ce74b9a2e4ab1ae59d,M05,1,12.52,8.8,21
282,c18e77ce74b9a2e4ab1ae59d,M06,1,15.77,11.89,21
282,c18e77ce74b9a2e4ab1ae59d,M07,1,18.62,13,30
282,c18e77ce74b9a2e4ab1ae59d,M08,1,22.73,17.42,30
282,c18e77ce74b9a2e4ab1ae59d,M09,1,21.57,16.18,30
282,c18e77ce74b9a2e4ab1ae59d,M10,1,24.08,18.98,30
282,c18e77ce74b9a2e4ab1ae59d,M11,1,23.51,18.29,30
282,c18e77ce74b9a2e4ab1ae59d,M12,1,33.77,24.62,45
282,c18e77ce74b9a2e4ab1ae59d,M13,1,35.36,24.03,60
282,c18e77ce74b9a2e4ab1ae59d,M14,1,32.72,20.46,60
282,c18e77ce74b9a2e4ab1ae59d,M15,1,35.87,24.48,60
282,c18e77ce74b9a2e4ab1ae59d,M16,1,64.63,51.76,100
282,c18e77ce74b9a2e4ab1ae59d,M17,1,8.81,6.94,14
282,c18e77ce74b9a2e4ab1ae59d,M18,1,12.65,9.46,21
282,c18e77ce74b9a2e4ab1ae59d,M19,1,11.6,7.16,21
282,c18e77ce74b9a2e4ab1ae59d,M20,1,13.43,9.5,20
282,c18e77ce74b9a2e4ab1ae59d,M21,1,10.79,6.99,21
282,c18e77ce74b9a2e4ab1ae59d,M22,1,27.87,15.84,45
282,c18e77ce74b9a2e4ab1ae59d,M23,1,24.74,13.35,45
282,c18e77ce74b9a2e4ab1ae59d,M24,1,28.52,16.5,45
282,c18e77ce74b9a2e4ab1ae59d,M25,1,15.84,13.75,20
282,c18e77ce74b9a2e4ab1ae59d,M26,1,14.73,12.54,20
282,c18e77ce74b9a2e4ab1ae59d,M27,1,20.3,15.91,30
282,c18e77ce74b9a2e4ab1ae59d,M28,1,18.73,13.91,30
282,c18e77ce74b9a2e4ab1ae59d,M29,1,20.25,15.68,30
282,c18e77ce74b9a2e4ab1ae59d,M30,1,13.18,9.58,21
283,c2eedb24cf5e98af3c88b4c1,M01,1,7.36,6.95,10
283,c2eedb24cf5e98af3c88b4c1,M02,1,9.89,9.36,15
283,c2eedb24cf5e98af3c88b4c1,M03,1,10.61,9.52,21
283,c2eedb24cf5e98af3c88b4c1,M04,1,9.82,8.81,21
283,c2eedb24cf5e98af3c88b4c1,M05,1,9.82,8.8,21
283,c2eedb24cf5e98af3c88b4c1,M06,1,13.16,11.89,21
283,c2eedb24cf5e98af3c88b4c1,M07,1,14.72,13,30
283,c2eedb24cf5e98af3c88b4c1,M08,1,19.13,17.42,30
283,c2eedb24cf5e98af3c88b4c1,M09,1,18.03,16.18,30
283,c2eedb24cf5e98af3c88b4c1,M10,1,20.58,18.98,30
283,c2eedb24cf5e98af3c88b4c1,M11,1,19.78,18.29,30
283,c2eedb24cf5e98af3c88b4c1,M12,1,27.63,24.62,45
283,c2eedb24cf5e98af3c88b4c1,M13,1,27.96,24.03,60
283,c2eedb24cf5e98af3c88b4c1,M14,1,24.84,20.46,60
283,c2eedb24cf5e98af3c88b4c1,M15,1,27.99,24.48,60
283,c2eedb24cf5e98af3c88b4c1,M16,1,56.63,51.76,100
283,c2eedb24cf5e98af3c88b4c1,M17,1,7.46,6.94,14
283,c2eedb24cf5e98af3c88b4c1,M18,1,10.4,9.46,21
283,c2eedb24cf5e98af3c88b4c1,M19,1,8.51,7.16,21
283,c2eedb24cf5e98af3c88b4c1,M20,1,10.93,9.5,20
283,c2eedb24cf5e98af3c88b4c1,M21,1,8.11,6.99,21
283,c2eedb24cf5e98af3c88b4c1,M22,1,19.81,15.84,45
283,c2eedb24cf5e98af3c88b4c1,M23,1,17.07,13.35,45
283,c2eedb24cf5e98af3c88b4c1,M24,1,20.15,16.5,45
283,c2eedb24cf5e98af3c88b4c1,M25,1,13.82,13.75,20
283,c2eedb24cf5e98af3c88b4c1,M26,1,12.6,12.54,20
283,c2eedb24cf5e98af3c88b4c1,M27,1,16.01,15.91,30
283,c2eedb24cf5e98af3c88b4c1,M28,1,14.22,13.91,30
283,c2eedb24cf5e98af3c88b4c1,M29,1,16.06,15.68,30
283,c2eedb24cf5e98af3c88b4c1,M30,1,9.85,9.58,21
284,6c8bd1deff5bdb9e32c6446d,M01,2,8.11,6.88,10
284,6c8bd1deff5bdb9e32c6446d,M02,2,12.48,9.32,15
284,6c8bd1deff5bdb9e32c6446d,M03,2,15.18,9.36,21
284,6c8bd1deff5bdb9e32c6446d,M04,2,14.18,8.58,21
284,6c8bd1deff5bdb9e32c6446d,M05,2,14.5,8.46,21
284,6c8bd1deff5bdb9e32c6446d,M06,2,18.3,11.66,21
284,6c8bd1deff5bdb9e32c6446d,M07,2,21.63,12.81,30
284,6c8bd1deff5bdb9e32c6446d,M08,2,25.51,16.97,30
284,6c8bd1deff5bdb9e32c6446d,M09,2,24.15,16.03,30
284,6c8bd1deff5bdb9e32c6446d,M10,2,26.99,18.71,30
284,6c8bd1deff5bdb9e32c6446d,M11,2,26.18,17.82,30
284,6c8bd1deff5bdb9e32c6446d,M12,2,38.34,24,45
284,6c8bd1deff5bdb9e32c6446d,M13,2,41.36,23.43,60
284,6c8bd1deff5bdb9e32c6446d,M14,2,38.95,20.18,60
284,6c8bd1deff5bdb9e32c6446d,M15,2,41.18,23.65,60
284,6c8bd1deff5bdb9e32c6446d,M16,2,71.11,51.18,100
284,6c8bd1deff5bdb9e32c6446d,M17,2,9.96,6.73,14
284,6c8bd1deff5bdb9e32c6446d,M18,2,14.35,9.21,21
284,6c8bd1deff5bdb9e32c6446d,M19,2,15.22,6.87,21
284,6c8bd1deff5bdb9e32c6446d,M20,2,16.47,9.15,20
284,6c8bd1deff5bdb9e32c6446d,M21,2,13.94,6.77,21
284,6c8bd1deff5bdb9e32c6446d,M22,2,37.38,15.22,45
284,6c8bd1deff5bdb9e32c6446d,M23,2,34.54,13.01,45
284,6c8bd1deff5bdb9e32c6446d,M24,2,37.14,15.92,45
284,6c8bd1deff5bdb9e32c6446d,M25,2,18.01,13.62,20
284,6c8bd1deff5bdb9e32c6446d,M26,2,16.43,12.34,20
284,6c8bd1deff5bdb9e32c6446d,M27,2,23.21,15.67,30
284,6c8bd1deff5bdb9e32c6446d,M28,2,21.56,13.69,30
284,6c8bd1deff5bdb9e32c6446d,M29,2,22.75,15.58,30
284,6c8bd1deff5bdb9e32c6446d,M30,2,15.27,9.38,21
285,13cc0dc0c9b50911e5f7c80a,M01,1,7.29,6.95,10
285,13cc0dc0c9b50911e5f7c80a,M02,1,9.7,9.36,15
285,13cc0dc0c9b50911e5f7c80a,M03,1,10.2,9.52,21
285,13cc0dc0c9b50911e5f7c80a,M04,1,9.13,8.81,21
285,13cc0dc0c9b50911e5f7c80a,M05,1,9.3,8.8,21
285,13cc0dc0c9b50911e5f7c80a,M06,1,12.86,11.89,21
285,13cc0dc0c9b50911e5f7c80a,M07,1,14.05,13,30
285,13cc0dc0c9b50911e5f7c80a,M08,1,18.47,17.42,30
285,13cc0dc0c9b50911e5f7c80a,M09,1,16.98,16.18,30
285,13cc0dc0c9b50911e5f7c80a,M10,1,19.99,18.98,30
285,13cc0dc0c9b50911e5f7c80a,M11,1,18.99,18.29,30
285,13cc0dc0c9b50911e5f7c80a,M12,1,26.44,24.62,45
285,13cc0dc0c9b50911e5f7c80a,M13,1,26.93,24.03,60
285,13cc0dc0c9b50911e5f7c80a,M14,1,23.54,20.46,60
285,13cc0dc0c9b50911e5f7c80a,M15,1,26.37,24.48,60
285,13cc0dc0c9b50911e5f7c80a,M16,1,55.47,51.76,100
285,13cc0dc0c9b50911e5f7c80a,M17,1,7.1,6.94,14
285,13cc0dc0c9b50911e5f7c80a,M18,1,9.74,9.46,21
285,13cc0dc0c9b50911e5f7c80a,M19,1,7.94,7.16,21
285,13cc0dc0c9b50911e5f7c80a,M20,1,10.34,9.5,20
285,13cc0dc0c9b50911e5f7c80a,M21,1,7.42,6.99,21
285,13cc0dc0c9b50911e5f7c80a,M22,1,17.98,15.84,45
285,13cc0dc0c9b50911e5f7c80a,M23,1,15.32,13.35,45
285,13cc0dc0c9b50911e5f7c80a,M24,1,18.14,16.5,45
285,13cc0dc0c9b50911e5f7c80a,M25,1,14.23,13.75,20
285,13cc0dc0c9b50911e5f7c80a,M26,1,12.95,12.54,20
285,13cc0dc0c9b50911e5f7c80a,M27,1,16.81,15.91,30
285,13cc0dc0c9b50911e5f7c80a,M28,1,14.9,13.91,30
285,13cc0dc0c9b50911e5f7c80a,M29,1,16.41,15.68,30
285,13cc0dc0c9b50911e5f7c80a,M30,1,10.23,9.58,21
286,df47194b4bdae24605cf1a6e,M01,3,6.95,6.99,10
286,df47194b4bdae24605cf1a6e,M02,3,9.95,9.41,15
286,df47194b4bdae24605cf1a6e,M03,3,10.71,9.67,21
286,df47194b4bdae24605cf1a6e,M04,3,9.75,8.99,21
286,df47194b4bdae24605cf1a6e,M05,3,9.71,8.87,21
286,df47194b4bdae24605cf1a6e,M06,3,13.13,12.11,21
286,df47194b4bdae24605cf1a6e,M07,3,14.29,13.26,30
286,df47194b4bdae24605cf1a6e,M08,3,18.87,17.66,30
286,df47194b4bdae24605cf1a6e,M09,3,17.73,16.64,30
286,df47194b4bdae24605cf1a6e,M10,3,20.45,19.22,30
286,df47194b4bdae24605cf1a6e,M11,3,19.62,18.33,30
286,df47194b4bdae24605cf1a6e,M12,3,26.84,24.98,45
286,df47194b4bdae24605cf1a6e,M13,3,25.55,24.67,60
286,df47194b4bdae24605cf1a6e,M14,3,22.85,20.81,60
286,df47194b4bdae24605cf1a6e,M15,3,26.37,24.93,60
286,df47194b4bdae24605cf1a6e,M16,3,53.86,52.34,100
286,df47194b4bdae24605cf1a6e,M17,3,7.03,6.99,14
286,df47194b4bdae24605cf1a6e,M18,3,9.88,9.6,21
286,df47194b4bdae24605cf1a6e,M19,3,6.34,7.26,21
286,df47194b4bdae24605cf1a6e,M20,3,8.54,9.575,20
286,df47194b4bdae24605cf1a6e,M21,3,6.99,6.985,21
286,df47194b4bdae24605cf1a6e,M22,3,14.97,16.03,45
286,df47194b4bdae24605cf1a6e,M23,3,14.04,13.455,45
286,df47194b4bdae24605cf1a6e,M24,3,14.7,16.74,45
286,df47194b4bdae24605cf1a6e,M25,3,13.81,13.8,20
286,df47194b4bdae24605cf1a6e,M26,3,12.67,12.58,20
286,df47194b4bdae24605cf1a6e,M27,3,16.11,15.98,30
286,df47194b4bdae24605cf1a6e,M28,3,14.38,14.22,30
286,df47194b4bdae24605cf1a6e,M29,3,16.24,16.04,30
286,df47194b4bdae24605cf1a6e,M30,3,10.11,9.75,21
290,b4432b95902e4e88b42e2066,M01,0,7.64,6.91,10
290,b4432b95902e4e88b42e2066,M02,0,10.22,9.32,15
290,b4432b95902e4e88b42e2066,M03,0,11.19,9.36,21
290,b4432b95902e4e88b42e2066,M04,0,10.22,8.59,21
290,b4432b95902e4e88b42e2066,M05,0,10.41,8.47,21
290,b4432b95902e4e88b42e2066,M06,0,13.84,11.77,21
290,b4432b95902e4e88b42e2066,M07,0,15.54,12.83,30
290,b4432b95902e4e88b42e2066,M08,0,19.91,17.14,30
290,b4432b95902e4e88b42e2066,M09,0,18.58,16.05,30
290,b4432b95902e4e88b42e2066,M10,0,21.43,18.74,30
290,b4432b95902e4e88b42e2066,M11,0,20.59,17.84,30
290,b4432b95902e4e88b42e2066,M12,0,28.78,24.05,45
290,b4432b95902e4e88b42e2066,M13,0,29.45,23.48,60
290,b4432b95902e4e88b42e2066,M14,0,26.07,20.22,60
290,b4432b95902e4e88b42e2066,M15,0,29.65,23.9,60
290,b4432b95902e4e88b42e2066,M16,0,58.21,51.31,100
290,b4432b95902e4e88b42e2066,M17,0,7.74,6.83,14
290,b4432b95902e4e88b42e2066,M18,0,10.76,9.32,21
290,b4432b95902e4e88b42e2066,M19,0,8.62,7.09,21
290,b4432b95902e4e88b42e2066,M20,0,10.94,9.53,20
290,b4432b95902e4e88b42e2066,M21,0,8.06,6.95,21
290,b4432b95902e4e88b42e2066,M22,0,19.82,15.84,45
290,b4432b95902e4e88b42e2066,M23,0,16.45,13.31,45
290,b4432b95902e4e88b42e2066,M24,0,20.17,16.53,45
290,b4432b95902e4e88b42e2066,M25,0,14.81,13.62,20
290,b4432b95902e4e88b42e2066,M26,0,13.53,12.385,20
290,b4432b95902e4e88b42e2066,M27,0,17.98,15.7,30
290,b4432b95902e4e88b42e2066,M28,0,16.07,13.765,30
290,b4432b95902e4e88b42e2066,M29,0,17.87,15.575,30
290,b4432b95902e4e88b42e2066,M30,0,11.24,9.385,21
291,bb6c0863dd45d3f74e17df3e,M01,4,7.5,6.845,10
291,bb6c0863dd45d3f74e17df3e,M02,4,10.37,9.175,15
291,bb6c0863dd45d3f74e17df3e,M03,4,11.74,9.25,21
291,bb6c0863dd45d3f74e17df3e,M04,4,11.16,8.44,21
291,bb6c0863dd45d3f74e17df3e,M05,4,11.02,8.46,21
291,bb6c0863dd45d3f74e17df3e,M06,4,13.87,11.555,21
291,bb6c0863dd45d3f74e17df3e,M07,4,16.5,12.545,30
291,bb6c0863dd45d3f74e17df3e,M08,4,20.79,16.89,30
291,bb6c0863dd45d3f74e17df3e,M09,4,19.97,15.81,30
291,bb6c0863dd45d3f74e17df3e,M10,4,22.16,18.53,30
291,bb6c0863dd45d3f74e17df3e,M11,4,21.47,17.615,30
291,bb6c0863dd45d3f74e17df3e,M12,4,30.55,23.555,45
291,bb6c0863dd45d3f74e17df3e,M13,4,30.32,23.13,60
291,bb6c0863dd45d3f74e17df3e,M14,4,27.57,19.65,60
291,bb6c0863dd45d3f74e17df3e,M15,4,31.54,23.315,60
291,bb6c0863dd45d3f74e17df3e,M16,4,59.22,50.515,100
291,bb6c0863dd45d3f74e17df3e,M17,4,8.19,6.655,14
291,bb6c0863dd45d3f74e17df3e,M18,4,11.64,9.155,21
291,bb6c0863dd45d3f74e17df3e,M19,4,8.61,6.985,21
291,bb6c0863dd45d3f74e17df3e,M20,4,12.35,9.35,20
291,bb6c0863dd45d3f74e17df3e,M21,4,9.14,6.77,21
291,bb6c0863dd45d3f74e17df3e,M22,4,23.08,15.23,45
291,bb6c0863dd45d3f74e17df3e,M23,4,18.43,13.01,45
291,bb6c0863dd45d3f74e17df3e,M24,4,29.56,15.92,45
291,bb6c0863dd45d3f74e17df3e,M25,4,14.6,13.5,20
291,bb6c0863dd45d3f74e17df3e,M26,4,13.54,12.19,20
291,bb6c0863dd45d3f74e17df3e,M27,4,17.87,15.28,30
291,bb6c0863dd45d3f74e17df3e,M28,4,16.32,13.34,30
291,bb6c0863dd45d3f74e17df3e,M29,4,18.25,15.58,30
291,bb6c0863dd45d3f74e17df3e,M30,4,11.34,9.25,21
294,d5d831302cba59032cb7c4e8,M01,0,7.2,6.91,10
294,d5d831302cba59032cb7c4e8,M02,0,9.69,9.32,15
294,d5d831302cba59032cb7c4e8,M03,0,10.41,9.36,21
294,d5d831302cba59032cb7c4e8,M04,0,9.98,8.59,21
294,d5d831302cba59032cb7c4e8,M05,0,10.17,8.47,21
294,d5d831302cba59032cb7c4e8,M06,0,13.04,11.77,21
294,d5d831302cba59032cb7c4e8,M07,0,14.5,12.83,30
294,d5d831302cba59032cb7c4e8,M08,0,18.9,17.14,30
294,d5d831302cba59032cb7c4e8,M09,0,18.36,16.05,30
294,d5d831302cba59032cb7c4e8,M10,0,20.27,18.74,30
294,d5d831302cba59032cb7c4e8,M11,0,20.26,17.84,30
294,d5d831302cba59032cb7c4e8,M12,0,27.48,24.05,45
294,d5d831302cba59032cb7c4e8,M13,0,28.16,23.48,60
294,d5d831302cba59032cb7c4e8,M14,0,26.19,20.22,60
294,d5d831302cba59032cb7c4e8,M15,0,28.1,23.9,60
294,d5d831302cba59032cb7c4e8,M16,0,56.9,51.31,100
294,d5d831302cba59032cb7c4e8,M17,0,7.45,6.83,14
294,d5d831302cba59032cb7c4e8,M18,0,10.45,9.32,21
294,d5d831302cba59032cb7c4e8,M19,0,8.12,7.09,21
294,d5d831302cba59032cb7c4e8,M20,0,10.11,9.53,20
294,d5d831302cba59032cb7c4e8,M21,0,7.8,6.95,21
294,d5d831302cba59032cb7c4e8,M22,0,17.94,15.84,45
294,d5d831302cba59032cb7c4e8,M23,0,18.6,13.31,45
294,d5d831302cba59032cb7c4e8,M24,0,17.1,16.53,45
294,d5d831302cba59032cb7c4e8,M25,0,15.46,13.62,20
294,d5d831302cba59032cb7c4e8,M26,0,14.33,12.385,20
294,d5d831302cba59032cb7c4e8,M27,0,19.54,15.7,30
294,d5d831302cba59032cb7c4e8,M28,0,17.94,13.765,30
294,d5d831302cba59032cb7c4e8,M29,0,19.44,15.575,30
294,d5d831302cba59032cb7c4e8,M30,0,12.36,9.385,21
295,0a411c9b61631bf103bfed61,M01,3,7.81,6.99,10
295,0a411c9b61631bf103bfed61,M02,3,10.51,9.41,15
295,0a411c9b61631bf103bfed61,M03,3,11.94,9.67,21
295,0a411c9b61631bf103bfed61,M04,3,11.13,8.99,21
295,0a411c9b61631bf103bfed61,M05,3,11.31,8.87,21
295,0a411c9b61631bf103bfed61,M06,3,14.53,12.11,21
295,0a411c9b61631bf103bfed61,M07,3,16.76,13.26,30
295,0a411c9b61631bf103bfed61,M08,3,21.02,17.66,30
295,0a411c9b61631bf103bfed61,M09,3,19.93,16.64,30
295,0a411c9b61631bf103bfed61,M10,3,22.47,19.22,30
295,0a411c9b61631bf103bfed61,M11,3,21.82,18.33,30
295,0a411c9b61631bf103bfed61,M12,3,30.87,24.98,45
295,0a411c9b61631bf103bfed61,M13,3,31.83,24.67,60
295,0a411c9b61631bf103bfed61,M14,3,28.94,20.81,60
295,0a411c9b61631bf103bfed61,M15,3,32.16,24.93,60
295,0a411c9b61631bf103bfed61,M16,3,60.84,52.34,100
295,0a411c9b61631bf103bfed61,M17,3,8.23,6.99,14
295,0a411c9b61631bf103bfed61,M18,3,11.59,9.6,21
295,0a411c9b61631bf103bfed61,M19,3,10.53,7.26,21
295,0a411c9b61631bf103bfed61,M20,3,12.62,9.575,20
295,0a411c9b61631bf103bfed61,M21,3,9.95,6.985,21
295,0a411c9b61631bf103bfed61,M22,3,25.27,16.03,45
295,0a411c9b61631bf103bfed61,M23,3,22.19,13.455,45
295,0a411c9b61631bf103bfed61,M24,3,25.76,16.74,45
295,0a411c9b61631bf103bfed61,M25,3,15.13,13.8,20
295,0a411c9b61631bf103bfed61,M26,3,13.98,12.58,20
295,0a411c9b61631bf103bfed61,M27,3,18.8,15.98,30
295,0a411c9b61631bf103bfed61,M28,3,17.18,14.22,30
295,0a411c9b61631bf103bfed61,M29,3,18.75,16.04,30
295,0a411c9b61631bf103bfed61,M30,3,11.98,9.75,21
296,5cc22c63bfc2c970da060ca8,M01,1,7.49,6.95,10
296,5cc22c63bfc2c970da060ca8,M02,1,10.34,9.36,15
296,5cc22c63bfc2c970da060ca8,M03,1,11.67,9.52,21
296,5cc22c63bfc2c970da060ca8,M04,1,10.88,8.81,21
296,5cc22c63bfc2c970da060ca8,M05,1,11.01,8.8,21
296,5cc22c63bfc2c970da060ca8,M06,1,13.91,11.89,21
296,5cc22c63bfc2c970da060ca8,M07,1,16.45,13,30
296,5cc22c63bfc2c970da060ca8,M08,1,20.91,17.42,30
296,5cc22c63bfc2c970da060ca8,M09,1,19.85,16.18,30
296,5cc22c63bfc2c970da060ca8,M10,1,22.01,18.98,30
296,5cc22c63bfc2c970da060ca8,M11,1,21.43,18.29,30
296,5cc22c63bfc2c970da060ca8,M12,1,30.47,24.62,45
296,5cc22c63bfc2c970da060ca8,M13,1,30.22,24.03,60
296,5cc22c63bfc2c970da060ca8,M14,1,27.4,20.46,60
296,5cc22c63bfc2c970da060ca8,M15,1,31.59,24.48,60
296,5cc22c63bfc2c970da060ca8,M16,1,59.11,51.76,100
296,5cc22c63bfc2c970da060ca8,M17,1,8.51,6.94,14
296,5cc22c63bfc2c970da060ca8,M18,1,11.27,9.46,21
296,5cc22c63bfc2c970da060ca8,M19,1,9.11,7.16,21
296,5cc22c63bfc2c970da060ca8,M20,1,11.78,9.5,20
296,5cc22c63bfc2c970da060ca8,M21,1,8.58,6.99,21
296,5cc22c63bfc2c970da060ca8,M22,1,20.46,15.84,45
296,5cc22c63bfc2c970da060ca8,M23,1,16.59,13.35,45
296,5cc22c63bfc2c970da060ca8,M24,1,26.25,16.5,45
296,5cc22c63bfc2c970da060ca8,M25,1,14.6,13.75,20
296,5cc22c63bfc2c970da060ca8,M26,1,13.54,12.54,20
296,5cc22c63bfc2c970da060ca8,M27,1,17.51,15.91,30
296,5cc22c63bfc2c970da060ca8,M28,1,16.28,13.91,30
296,5cc22c63bfc2c970da060ca8,M29,1,18.29,15.68,30
296,5cc22c63bfc2c970da060ca8,M30,1,11.3,9.58,21
297,a4d13ddf9429ac6f4154b0e3,M01,3,7.36,6.99,10
297,a4d13ddf9429ac6f4154b0e3,M02,3,10.27,9.41,15
297,a4d13ddf9429ac6f4154b0e3,M03,3,11.44,9.67,21
297,a4d13ddf9429ac6f4154b0e3,M04,3,10.49,8.99,21
297,a4d13ddf9429ac6f4154b0e3,M05,3,10.63,8.87,21
297,a4d13ddf9429ac6f4154b0e3,M06,3,14.26,12.11,21
297,a4d13ddf9429ac6f4154b0e3,M07,3,15.71,13.26,30
297,a4d13ddf9429ac6f4154b0e3,M08,3,20.16,17.66,30
297,a4d13ddf9429ac6f4154b0e3,M09,3,18.79,16.64,30
297,a4d13ddf9429ac6f4154b0e3,M10,3,21.74,19.22,30
297,a4d13ddf9429ac6f4154b0e3,M11,3,20.99,18.33,30
297,a4d13ddf9429ac6f4154b0e3,M12,3,29.16,24.98,45
297,a4d13ddf9429ac6f4154b0e3,M13,3,29.53,24.67,60
297,a4d13ddf9429ac6f4154b0e3,M14,3,26.81,20.81,60
297,a4d13ddf9429ac6f4154b0e3,M15,3,30.64,24.93,60
297,a4d13ddf9429ac6f4154b0e3,M16,3,58.36,52.34,100
297,a4d13ddf9429ac6f4154b0e3,M17,3,8.26,6.99,14
297,a4d13ddf9429ac6f4154b0e3,M18,3,11.56,9.6,21
297,a4d13ddf9429ac6f4154b0e3,M19,3,9.17,7.26,21
297,a4d13ddf9429ac6f4154b0e3,M20,3,13.71,9.575,20
297,a4d13ddf9429ac6f4154b0e3,M21,3,9.85,6.985,21
297,a4d13ddf9429ac6f4154b0e3,M22,3,25.62,16.03,45
297,a4d13ddf9429ac6f4154b0e3,M23,3,20.33,13.455,45
297,a4d13ddf9429ac6f4154b0e3,M24,3,20.89,16.74,45
297,a4d13ddf9429ac6f4154b0e3,M25,3,14.39,13.8,20
297,a4d13ddf9429ac6f4154b0e3,M26,3,13.34,12.58,20
297,a4d13ddf9429ac6f4154b0e3,M27,3,17.48,15.98,30
297,a4d13ddf9429ac6f4154b0e3,M28,3,16,14.22,30
297,a4d13ddf9429ac6f4154b0e3,M29,3,17.82,16.04,30
297,a4d13ddf9429ac6f4154b0e3,M30,3,11.14,9.75,21
300,98b5399112d2ffc2aa957c86,M01,3,8.08,6.99,10
300,98b5399112d2ffc2aa957c86,M02,3,10.76,9.41,15
300,98b5399112d2ffc2aa957c86,M03,3,12.31,9.67,21
300,98b5399112d2ffc2aa957c86,M04,3,11.51,8.99,21
300,98b5399112d2ffc2aa957c86,M05,3,11.66,8.87,21
300,98b5399112d2ffc2aa957c86,M06,3,15.02,12.11,21
300,98b5399112d2ffc2aa957c86,M07,3,17.21,13.26,30
300,98b5399112d2ffc2aa957c86,M08,3,21.5,17.66,30
300,98b5399112d2ffc2aa957c86,M09,3,20.41,16.64,30
300,98b5399112d2ffc2aa957c86,M10,3,23.01,19.22,30
300,98b5399112d2ffc2aa957c86,M11,3,22.4,18.33,30
300,98b5399112d2ffc2aa957c86,M12,3,31.43,24.98,45
300,98b5399112d2ffc2aa957c86,M13,3,32.63,24.67,60
300,98b5399112d2ffc2aa957c86,M14,3,29.36,20.81,60
300,98b5399112d2ffc2aa957c86,M15,3,33.34,24.93,60
300,98b5399112d2ffc2aa957c86,M16,3,61.64,52.34,100
300,98b5399112d2ffc2aa957c86,M17,3,8.44,6.99,14
300,98b5399112d2ffc2aa957c86,M18,3,11.93,9.6,21
300,98b5399112d2ffc2aa957c86,M19,3,10.45,7.26,21
300,98b5399112d2ffc2aa957c86,M20,3,12.59,9.575,20
300,98b5399112d2ffc2aa957c86,M21,3,9.75,6.985,21
300,98b5399112d2ffc2aa957c86,M22,3,24.73,16.03,45
300,98b5399112d2ffc2aa957c86,M23,3,21.47,13.455,45
300,98b5399112d2ffc2aa957c86,M24,3,25.42,16.74,45
300,98b5399112d2ffc2aa957c86,M25,3,15.34,13.8,20
300,98b5399112d2ffc2aa957c86,M26,3,14.11,12.58,20
300,98b5399112d2ffc2aa957c86,M27,3,19.05,15.98,30
300,98b5399112d2ffc2aa957c86,M28,3,17.19,14.22,30
300,98b5399112d2ffc2aa957c86,M29,3,19.1,16.04,30
300,98b5399112d2ffc2aa957c86,M30,3,12.13,9.75,21
301,a7efe2a12592b5fa953c9862,M01,0,7.44,6.91,10
301,a7efe2a12592b5fa953c9862,M02,0,10.31,9.32,15
301,a7efe2a12592b5fa953c9862,M03,0,11.53,9.36,21
301,a7efe2a12592b5fa953c9862,M04,0,10.89,8.59,21
301,a7efe2a12592b5fa953c9862,M05,0,10.89,8.47,21
301,a7efe2a12592b5fa953c9862,M06,0,13.78,11.77,21
301,a7efe2a12592b5fa953c9862,M07,0,16.42,12.83,30
301,a7efe2a12592b5fa953c9862,M08,0,20.88,17.14,30
301,a7efe2a12592b5fa953c9862,M09,0,19.83,16.05,30
301,a7efe2a12592b5fa953c9862,M10,0,22.04,18.74,30
301,a7efe2a12592b5fa953c9862,M11,0,21.4,17.84,30
301,a7efe2a12592b5fa953c9862,M12,0,30.48,24.05,45
301,a7efe2a12592b5fa953c9862,M13,0,30.18,23.48,60
301,a7efe2a12592b5fa953c9862,M14,0,27.49,20.22,60
301,a7efe2a12592b5fa953c9862,M15,0,31.45,23.9,60
301,a7efe2a12592b5fa953c9862,M16,0,59.09,51.31,100
301,a7efe2a12592b5fa953c9862,M17,0,8.04,6.83,14
301,a7efe2a12592b5fa953c9862,M18,0,11.25,9.32,21
301,a7efe2a12592b5fa953c9862,M19,0,9.11,7.09,21
301,a7efe2a12592b5fa953c9862,M20,0,13.98,9.53,20
301,a7efe2a12592b5fa953c9862,M21,0,10.09,6.95,21
301,a7efe2a12592b5fa953c9862,M22,0,26.12,15.84,45
301,a7efe2a12592b5fa953c9862,M23,0,20.66,13.31,45
301,a7efe2a12592b5fa953c9862,M24,0,23.45,16.53,45
301,a7efe2a12592b5fa953c9862,M25,0,14.53,13.62,20
301,a7efe2a12592b5fa953c9862,M26,0,13.52,12.385,20
301,a7efe2a12592b5fa953c9862,M27,0,17.8,15.7,30
301,a7efe2a12592b5fa953c9862,M28,0,16.28,13.765,30
301,a7efe2a12592b5fa953c9862,M29,0,18.17,15.575,30
301,a7efe2a12592b5fa953c9862,M30,0,11.14,9.385,21
302,0cbfc205af64784e06b727c4,M01,3,6.84,6.99,10
302,0cbfc205af64784e06b727c4,M02,3,9.17,9.41,15
302,0cbfc205af64784e06b727c4,M03,3,9.35,9.67,21
302,0cbfc205af64784e06b727c4,M04,3,8.83,8.99,21
302,0cbfc205af64784e06b727c4,M05,3,8.92,8.87,21
302,0cbfc205af64784e06b727c4,M06,3,11.89,12.11,21
302,0cbfc205af64784e06b727c4,M07,3,12.87,13.26,30
302,0cbfc205af64784e06b727c4,M08,3,17.3,17.66,30
302,0cbfc205af64784e06b727c4,M09,3,16.63,16.64,30
302,0cbfc205af64784e06b727c4,M10,3,18.74,19.22,30
302,0cbfc205af64784e06b727c4,M11,3,18.48,18.33,30
302,0cbfc205af64784e06b727c4,M12,3,24.73,24.98,45
302,0cbfc205af64784e06b727c4,M13,3,24.85,24.67,60
302,0cbfc205af64784e06b727c4,M14,3,22.08,20.81,60
302,0cbfc205af64784e06b727c4,M15,3,24.56,24.93,60
302,0cbfc205af64784e06b727c4,M16,3,53.18,52.34,100
302,0cbfc205af64784e06b727c4,M17,3,6.83,6.99,14
302,0cbfc205af64784e06b727c4,M18,3,9.41,9.6,21
302,0cbfc205af64784e06b727c4,M19,3,5.81,7.26,21
302,0cbfc205af64784e06b727c4,M20,3,8.03,9.575,20
302,0cbfc205af64784e06b727c4,M21,3,5.58,6.985,21
302,0cbfc205af64784e06b727c4,M22,3,12.24,16.03,45
302,0cbfc205af64784e06b727c4,M23,3,11.2,13.455,45
302,0cbfc205af64784e06b727c4,M24,3,11.72,16.74,45
302,0cbfc205af64784e06b727c4,M25,3,13.75,13.8,20
302,0cbfc205af64784e06b727c4,M26,3,12.62,12.58,20
302,0cbfc205af64784e06b727c4,M27,3,16.09,15.98,30
302,0cbfc205af64784e06b727c4,M28,3,14.42,14.22,30
302,0cbfc205af64784e06b727c4,M29,3,15.76,16.04,30
302,0cbfc205af64784e06b727c4,M30,3,9.85,9.75,21
303,fa4fe83161caa77335eb59e7,M01,4,7.67,6.845,10
303,fa4fe83161caa77335eb59e7,M02,4,10.6,9.175,15
303,fa4fe83161caa77335eb59e7,M03,4,12.26,9.25,21
303,fa4fe83161caa77335eb59e7,M04,4,11.67,8.44,21
303,fa4fe83161caa77335eb59e7,M05,4,11.57,8.46,21
303,fa4fe83161caa77335eb59e7,M06,4,14.43,11.555,21
303,fa4fe83161caa77335eb59e7,M07,4,17.3,12.545,30
303,fa4fe83161caa77335eb59e7,M08,4,21.51,16.89,30
303,fa4fe83161caa77335eb59e7,M09,4,20.71,15.81,30
303,fa4fe83161caa77335eb59e7,M10,4,22.85,18.53,30
303,fa4fe83161caa77335eb59e7,M11,4,22.21,17.615,30
303,fa4fe83161caa77335eb59e7,M12,4,31.83,23.555,45
303,fa4fe83161caa77335eb59e7,M13,4,31.94,23.13,60
303,fa4fe83161caa77335eb59e7,M14,4,29.36,19.65,60
303,fa4fe83161caa77335eb59e7,M15,4,33.08,23.315,60
303,fa4fe83161caa77335eb59e7,M16,4,60.97,50.515,100
303,fa4fe83161caa77335eb59e7,M17,4,8.46,6.655,14
303,fa4fe83161caa77335eb59e7,M18,4,12.1,9.155,21
303,fa4fe83161caa77335eb59e7,M19,4,9.29,6.985,21
303,fa4fe83161caa77335eb59e7,M20,4,13.46,9.35,20
303,fa4fe83161caa77335eb59e7,M21,4,9.9,6.77,21
303,fa4fe83161caa77335eb59e7,M22,4,25.92,15.23,45
303,fa4fe83161caa77335eb59e7,M23,4,20.55,13.01,45
303,fa4fe83161caa77335eb59e7,M24,4,26.45,15.92,45
303,fa4fe83161caa77335eb59e7,M25,4,14.89,13.5,20
303,fa4fe83161caa77335eb59e7,M26,4,13.89,12.19,20
303,fa4fe83161caa77335eb59e7,M27,4,18.55,15.28,30
303,fa4fe83161caa77335eb59e7,M28,4,17.05,13.34,30
303,fa4fe83161caa77335eb59e7,M29,4,18.87,15.58,30
303,fa4fe83161caa77335eb59e7,M30,4,11.89,9.25,21
304,18c5d30cfe53fd9b8fe0bc36,M01,0,7.71,6.91,10
304,18c5d30cfe53fd9b8fe0bc36,M02,0,10.37,9.32,15
304,18c5d30cfe53fd9b8fe0bc36,M03,0,11.66,9.36,21
304,18c5d30cfe53fd9b8fe0bc36,M04,0,10.87,8.59,21
304,18c5d30cfe53fd9b8fe0bc36,M05,0,10.78,8.47,21
304,18c5d30cfe53fd9b8fe0bc36,M06,0,14.31,11.77,21
304,18c5d30cfe53fd9b8fe0bc36,M07,0,16.33,12.83,30
304,18c5d30cfe53fd9b8fe0bc36,M08,0,20.64,17.14,30
304,18c5d30cfe53fd9b8fe0bc36,M09,0,19.58,16.05,30
304,18c5d30cfe53fd9b8fe0bc36,M10,0,22.03,18.74,30
304,18c5d30cfe53fd9b8fe0bc36,M11,0,21.07,17.84,30
304,18c5d30cfe53fd9b8fe0bc36,M12,0,30.19,24.05,45
304,18c5d30cfe53fd9b8fe0bc36,M13,0,31.25,23.48,60
304,18c5d30cfe53fd9b8fe0bc36,M14,0,28.26,20.22,60
304,18c5d30cfe53fd9b8fe0bc36,M15,0,31.16,23.9,60
304,18c5d30cfe53fd9b8fe0bc36,M16,0,60.2,51.31,100
304,18c5d30cfe53fd9b8fe0bc36,M17,0,8.08,6.83,14
304,18c5d30cfe53fd9b8fe0bc36,M18,0,11.4,9.32,21
304,18c5d30cfe53fd9b8fe0bc36,M19,0,9.56,7.09,21
304,18c5d30cfe53fd9b8fe0bc36,M20,0,11.81,9.53,20
304,18c5d30cfe53fd9b8fe0bc36,M21,0,9,6.95,21
304,18c5d30cfe53fd9b8fe0bc36,M22,0,22.5,15.84,45
304,18c5d30cfe53fd9b8fe0bc36,M23,0,19.6,13.31,45
304,18c5d30cfe53fd9b8fe0bc36,M24,0,22.77,16.53,45
304,18c5d30cfe53fd9b8fe0bc36,M25,0,14.07,13.62,20
304,18c5d30cfe53fd9b8fe0bc36,M26,0,12.87,12.385,20
304,18c5d30cfe53fd9b8fe0bc36,M27,0,16.62,15.7,30
304,18c5d30cfe53fd9b8fe0bc36,M28,0,14.88,13.765,30
304,18c5d30cfe53fd9b8fe0bc36,M29,0,16.65,15.575,30
304,18c5d30cfe53fd9b8fe0bc36,M30,0,10.3,9.385,21
306,f295586a0be60255fdd0f3df,M01,0,7.75,6.91,10
306,f295586a0be60255fdd0f3df,M02,0,10.8,9.32,15
306,f295586a0be60255fdd0f3df,M03,0,12.17,9.36,21
306,f295586a0be60255fdd0f3df,M04,0,11.78,8.59,21
306,f295586a0be60255fdd0f3df,M05,0,11.5,8.47,21
306,f295586a0be60255fdd0f3df,M06,0,14.46,11.77,21
306,f295586a0be60255fdd0f3df,M07,0,17.38,12.83,30
306,f295586a0be60255fdd0f3df,M08,0,21.54,17.14,30
306,f295586a0be60255fdd0f3df,M09,0,20.75,16.05,30
306,f295586a0be60255fdd0f3df,M10,0,22.85,18.74,30
306,f295586a0be60255fdd0f3df,M11,0,22.18,17.84,30
306,f295586a0be60255fdd0f3df,M12,0,32.21,24.05,45
306,f295586a0be60255fdd0f3df,M13,0,32.11,23.48,60
306,f295586a0be60255fdd0f3df,M14,0,29.38,20.22,60
306,f295586a0be60255fdd0f3df,M15,0,32.96,23.9,60
306,f295586a0be60255fdd0f3df,M16,0,61.15,51.31,100
306,f295586a0be60255fdd0f3df,M17,0,8.35,6.83,14
306,f295586a0be60255fdd0f3df,M18,0,11.73,9.32,21
306,f295586a0be60255fdd0f3df,M19,0,9.96,7.09,21
306,f295586a0be60255fdd0f3df,M20,0,13.77,9.53,20
306,f295586a0be60255fdd0f3df,M21,0,10.73,6.95,21
306,f295586a0be60255fdd0f3df,M22,0,26.52,15.84,45
306,f295586a0be60255fdd0f3df,M23,0,23.45,13.31,45
306,f295586a0be60255fdd0f3df,M24,0,27.37,16.53,45
306,f295586a0be60255fdd0f3df,M25,0,14.76,13.62,20
306,f295586a0be60255fdd0f3df,M26,0,13.72,12.385,20
306,f295586a0be60255fdd0f3df,M27,0,18.27,15.7,30
306,f295586a0be60255fdd0f3df,M28,0,16.72,13.765,30
306,f295586a0be60255fdd0f3df,M29,0,18.63,15.575,30
306,f295586a0be60255fdd0f3df,M30,0,11.42,9.385,21
307,e6de4d7bee014e4d0e9cdaa1,M01,1,7.15,6.95,10
307,e6de4d7bee014e4d0e9cdaa1,M02,1,9.65,9.36,15
307,e6de4d7bee014e4d0e9cdaa1,M03,1,10.21,9.52,21
307,e6de4d7bee014e4d0e9cdaa1,M04,1,9.53,8.81,21
307,e6de4d7bee014e4d0e9cdaa1,M05,1,9.57,8.8,21
307,e6de4d7bee014e4d0e9cdaa1,M06,1,12.73,11.89,21
307,e6de4d7bee014e4d0e9cdaa1,M07,1,14.16,13,30
307,e6de4d7bee014e4d0e9cdaa1,M08,1,18.58,17.42,30
307,e6de4d7bee014e4d0e9cdaa1,M09,1,17.62,16.18,30
307,e6de4d7bee014e4d0e9cdaa1,M10,1,20.03,18.98,30
307,e6de4d7bee014e4d0e9cdaa1,M11,1,19.41,18.29,30
307,e6de4d7bee014e4d0e9cdaa1,M12,1,26.77,24.62,45
307,e6de4d7bee014e4d0e9cdaa1,M13,1,26.98,24.03,60
307,e6de4d7bee014e4d0e9cdaa1,M14,1,23.95,20.46,60
307,e6de4d7bee014e4d0e9cdaa1,M15,1,26.96,24.48,60
307,e6de4d7bee014e4d0e9cdaa1,M16,1,55.49,51.76,100
307,e6de4d7bee014e4d0e9cdaa1,M17,1,7.31,6.94,14
307,e6de4d7bee014e4d0e9cdaa1,M18,1,10.08,9.46,21
307,e6de4d7bee014e4d0e9cdaa1,M19,1,8.23,7.16,21
307,e6de4d7bee014e4d0e9cdaa1,M20,1,10.68,9.5,20
307,e6de4d7bee014e4d0e9cdaa1,M21,1,7.97,6.99,21
307,e6de4d7bee014e4d0e9cdaa1,M22,1,19.2,15.84,45
307,e6de4d7bee014e4d0e9cdaa1,M23,1,16.59,13.35,45
307,e6de4d7bee014e4d0e9cdaa1,M24,1,19.45,16.5,45
307,e6de4d7bee014e4d0e9cdaa1,M25,1,14.07,13.75,20
307,e6de4d7bee014e4d0e9cdaa1,M26,1,12.93,12.54,20
307,e6de4d7bee014e4d0e9cdaa1,M27,1,16.68,15.91,30
307,e6de4d7bee014e4d0e9cdaa1,M28,1,14.97,13.91,30
307,e6de4d7bee014e4d0e9cdaa1,M29,1,16.48,15.68,30
307,e6de4d7bee014e4d0e9cdaa1,M30,1,10.24,9.58,21
309,fdc350f6670042f7c9d6d8fb,M01,0,7.56,6.91,10
309,fdc350f6670042f7c9d6d8fb,M02,0,9.96,9.32,15
309,fdc350f6670042f7c9d6d8fb,M03,0,10.7,9.36,21
309,fdc350f6670042f7c9d6d8fb,M04,0,9.74,8.59,21
309,fdc350f6670042f7c9d6d8fb,M05,0,9.85,8.47,21
309,fdc350f6670042f7c9d6d8fb,M06,0,13.59,11.77,21
309,fdc350f6670042f7c9d6d8fb,M07,0,14.81,12.83,30
309,fdc350f6670042f7c9d6d8fb,M08,0,19.22,17.14,30
309,fdc350f6670042f7c9d6d8fb,M09,0,17.88,16.05,30
309,fdc350f6670042f7c9d6d8fb,M10,0,20.72,18.74,30
309,fdc350f6670042f7c9d6d8fb,M11,0,19.67,17.84,30
309,fdc350f6670042f7c9d6d8fb,M12,0,27.73,24.05,45
309,fdc350f6670042f7c9d6d8fb,M13,0,29.01,23.48,60
309,fdc350f6670042f7c9d6d8fb,M14,0,25.7,20.22,60
309,fdc350f6670042f7c9d6d8fb,M15,0,27.63,23.9,60
309,fdc350f6670042f7c9d6d8fb,M16,0,57.77,51.31,100
309,fdc350f6670042f7c9d6d8fb,M17,0,7.5,6.83,14
309,fdc350f6670042f7c9d6d8fb,M18,0,10.31,9.32,21
309,fdc350f6670042f7c9d6d8fb,M19,0,7.91,7.09,21
309,fdc350f6670042f7c9d6d8fb,M20,0,10.31,9.53,20
309,fdc350f6670042f7c9d6d8fb,M21,0,7.4,6.95,21
309,fdc350f6670042f7c9d6d8fb,M22,0,17.87,15.84,45
309,fdc350f6670042f7c9d6d8fb,M23,0,15.26,13.31,45
309,fdc350f6670042f7c9d6d8fb,M24,0,17.84,16.53,45
309,fdc350f6670042f7c9d6d8fb,M25,0,14.63,13.62,20
309,fdc350f6670042f7c9d6d8fb,M26,0,13.4,12.385,20
309,fdc350f6670042f7c9d6d8fb,M27,0,17.7,15.7,30
309,fdc350f6670042f7c9d6d8fb,M28,0,15.82,13.765,30
309,fdc350f6670042f7c9d6d8fb,M29,0,16.97,15.575,30
309,fdc350f6670042f7c9d6d8fb,M30,0,10.75,9.385,21
312,f6706e821cf953202aa4b547,M01,2,7.6,6.88,10
312,f6706e821cf953202aa4b547,M02,2,10.35,9.32,15
312,f6706e821cf953202aa4b547,M03,2,11.7,9.36,21
312,f6706e821cf953202aa4b547,M04,2,10.63,8.58,21
312,f6706e821cf953202aa4b547,M05,2,10.02,8.46,21
312,f6706e821cf953202aa4b547,M06,2,14.16,11.66,21
312,f6706e821cf953202aa4b547,M07,2,16.46,12.81,30
312,f6706e821cf953202aa4b547,M08,2,20.74,16.97,30
312,f6706e821cf953202aa4b547,M09,2,19.27,16.03,30
312,f6706e821cf953202aa4b547,M10,2,22.1,18.71,30
312,f6706e821cf953202aa4b547,M11,2,20.09,17.82,30
312,f6706e821cf953202aa4b547,M12,2,30.45,24,45
312,f6706e821cf953202aa4b547,M13,2,31.01,23.43,60
312,f6706e821cf953202aa4b547,M14,2,28.3,20.18,60
312,f6706e821cf953202aa4b547,M15,2,31.41,23.65,60
312,f6706e821cf953202aa4b547,M16,2,59.95,51.18,100
312,f6706e821cf953202aa4b547,M17,2,8.23,6.73,14
312,f6706e821cf953202aa4b547,M18,2,11.75,9.21,21
312,f6706e821cf953202aa4b547,M19,2,9,6.87,21
312,f6706e821cf953202aa4b547,M20,2,11.65,9.15,20
312,f6706e821cf953202aa4b547,M21,2,8.63,6.77,21
312,f6706e821cf953202aa4b547,M22,2,21.97,15.22,45
312,f6706e821cf953202aa4b547,M23,2,19.17,13.01,45
312,f6706e821cf953202aa4b547,M24,2,22.37,15.92,45
312,f6706e821cf953202aa4b547,M25,2,12.66,13.62,20
312,f6706e821cf953202aa4b547,M26,2,11.54,12.34,20
312,f6706e821cf953202aa4b547,M27,2,13.85,15.67,30
312,f6706e821cf953202aa4b547,M28,2,12.27,13.69,30
312,f6706e821cf953202aa4b547,M29,2,13.75,15.58,30
312,f6706e821cf953202aa4b547,M30,2,8.29,9.38,21
313,38f5ab75bc43f62a70b6c62f,M01,4,7.84,6.845,10
313,38f5ab75bc43f62a70b6c62f,M02,4,10.8,9.175,15
313,38f5ab75bc43f62a70b6c62f,M03,4,12.7,9.25,21
313,38f5ab75bc43f62a70b6c62f,M04,4,12.1,8.44,21
313,38f5ab75bc43f62a70b6c62f,M05,4,12.03,8.46,21
313,38f5ab75bc43f62a70b6c62f,M06,4,14.9,11.555,21
313,38f5ab75bc43f62a70b6c62f,M07,4,17.99,12.545,30
313,38f5ab75bc43f62a70b6c62f,M08,4,22.13,16.89,30
313,38f5ab75bc43f62a70b6c62f,M09,4,21.31,15.81,30
313,38f5ab75bc43f62a70b6c62f,M10,4,23.42,18.53,30
313,38f5ab75bc43f62a70b6c62f,M11,4,22.83,17.615,30
313,38f5ab75bc43f62a70b6c62f,M12,4,32.89,23.555,45
313,38f5ab75bc43f62a70b6c62f,M13,4,33.34,23.13,60
313,38f5ab75bc43f62a70b6c62f,M14,4,30.81,19.65,60
313,38f5ab75bc43f62a70b6c62f,M15,4,34.41,23.315,60
313,38f5ab75bc43f62a70b6c62f,M16,4,62.51,50.515,100
313,38f5ab75bc43f62a70b6c62f,M17,4,8.68,6.655,14
313,38f5ab75bc43f62a70b6c62f,M18,4,12.49,9.155,21
313,38f5ab75bc43f62a70b6c62f,M19,4,9.95,6.985,21
313,38f5ab75bc43f62a70b6c62f,M20,4,15.08,9.35,20
313,38f5ab75bc43f62a70b6c62f,M21,4,10.86,6.77,21
313,38f5ab75bc43f62a70b6c62f,M22,4,29.15,15.23,45
313,38f5ab75bc43f62a70b6c62f,M23,4,22.76,13.01,45
313,38f5ab75bc43f62a70b6c62f,M24,4,26.86,15.92,45
313,38f5ab75bc43f62a70b6c62f,M25,4,15.16,13.5,20
313,38f5ab75bc43f62a70b6c62f,M26,4,14.15,12.19,20
313,38f5ab75bc43f62a70b6c62f,M27,4,19.12,15.28,30
313,38f5ab75bc43f62a70b6c62f,M28,4,17.69,13.34,30
313,38f5ab75bc43f62a70b6c62f,M29,4,19.39,15.58,30
313,38f5ab75bc43f62a70b6c62f,M30,4,12.35,9.25,21
314,ba56fb1d6cf7f9574ee506e9,M01,1,5.02,6.95,10
314,ba56fb1d6cf7f9574ee506e9,M02,1,6.99,9.36,15
314,ba56fb1d6cf7f9574ee506e9,M03,1,5.88,9.52,21
314,ba56fb1d6cf7f9574ee506e9,M04,1,5.53,8.81,21
314,ba56fb1d6cf7f9574ee506e9,M05,1,5.52,8.8,21
314,ba56fb1d6cf7f9574ee506e9,M06,1,7.32,11.89,21
314,ba56fb1d6cf7f9574ee506e9,M07,1,7.73,13,30
314,ba56fb1d6cf7f9574ee506e9,M08,1,11.67,17.42,30
314,ba56fb1d6cf7f9574ee506e9,M09,1,11.08,16.18,30
314,ba56fb1d6cf7f9574ee506e9,M10,1,12.9,18.98,30
314,ba56fb1d6cf7f9574ee506e9,M11,1,12.5,18.29,30
314,ba56fb1d6cf7f9574ee506e9,M12,1,15.79,24.62,45
314,ba56fb1d6cf7f9574ee506e9,M13,1,14.19,24.03,60
314,ba56fb1d6cf7f9574ee506e9,M14,1,12.82,20.46,60
314,ba56fb1d6cf7f9574ee506e9,M15,1,13.8,24.48,60
314,ba56fb1d6cf7f9574ee506e9,M16,1,35,51.76,100
314,ba56fb1d6cf7f9574ee506e9,M17,1,4.34,6.94,14
314,ba56fb1d6cf7f9574ee506e9,M18,1,5.92,9.46,21
314,ba56fb1d6cf7f9574ee506e9,M19,1,5.02,7.16,21
314,ba56fb1d6cf7f9574ee506e9,M20,1,6.62,9.5,20
314,ba56fb1d6cf7f9574ee506e9,M21,1,4.83,6.99,21
314,ba56fb1d6cf7f9574ee506e9,M22,1,9.74,15.84,45
314,ba56fb1d6cf7f9574ee506e9,M23,1,9.14,13.35,45
314,ba56fb1d6cf7f9574ee506e9,M24,1,10.5,16.5,45
314,ba56fb1d6cf7f9574ee506e9,M25,1,14.91,13.75,20
314,ba56fb1d6cf7f9574ee506e9,M26,1,13.6,12.54,20
314,ba56fb1d6cf7f9574ee506e9,M27,1,18.2,15.91,30
314,ba56fb1d6cf7f9574ee506e9,M28,1,16.15,13.91,30
314,ba56fb1d6cf7f9574ee506e9,M29,1,17.43,15.68,30
314,ba56fb1d6cf7f9574ee506e9,M30,1,10.88,9.58,21
316,7b5da74713d6434883aea4ee,M01,4,6.96,6.845,10
316,7b5da74713d6434883aea4ee,M02,4,9.32,9.175,15
316,7b5da74713d6434883aea4ee,M03,4,9.61,9.25,21
316,7b5da74713d6434883aea4ee,M04,4,9.14,8.44,21
316,7b5da74713d6434883aea4ee,M05,4,9.44,8.46,21
316,7b5da74713d6434883aea4ee,M06,4,12.12,11.555,21
316,7b5da74713d6434883aea4ee,M07,4,13.26,12.545,30
316,7b5da74713d6434883aea4ee,M08,4,17.7,16.89,30
316,7b5da74713d6434883aea4ee,M09,4,17.11,15.81,30
316,7b5da74713d6434883aea4ee,M10,4,19.11,18.53,30
316,7b5da74713d6434883aea4ee,M11,4,19.13,17.615,30
316,7b5da74713d6434883aea4ee,M12,4,25.42,23.555,45
316,7b5da74713d6434883aea4ee,M13,4,25.53,23.13,60
316,7b5da74713d6434883aea4ee,M14,4,22.71,19.65,60
316,7b5da74713d6434883aea4ee,M15,4,25.41,23.315,60
316,7b5da74713d6434883aea4ee,M16,4,53.99,50.515,100
316,7b5da74713d6434883aea4ee,M17,4,6.93,6.655,14
316,7b5da74713d6434883aea4ee,M18,4,9.55,9.155,21
316,7b5da74713d6434883aea4ee,M19,4,6.9,6.985,21
316,7b5da74713d6434883aea4ee,M20,4,8.58,9.35,20
316,7b5da74713d6434883aea4ee,M21,4,6.11,6.77,21
316,7b5da74713d6434883aea4ee,M22,4,13.48,15.23,45
316,7b5da74713d6434883aea4ee,M23,4,12.44,13.01,45
316,7b5da74713d6434883aea4ee,M24,4,13.51,15.92,45
316,7b5da74713d6434883aea4ee,M25,4,14.61,13.5,20
316,7b5da74713d6434883aea4ee,M26,4,13.42,12.19,20
316,7b5da74713d6434883aea4ee,M27,4,17.7,15.28,30
316,7b5da74713d6434883aea4ee,M28,4,15.97,13.34,30
316,7b5da74713d6434883aea4ee,M29,4,17.63,15.58,30
316,7b5da74713d6434883aea4ee,M30,4,11.07,9.25,21
317,31889a52aaae5d9d746527d9,M01,1,7.84,6.95,10
317,31889a52aaae5d9d746527d9,M02,1,10.75,9.36,15
317,31889a52aaae5d9d746527d9,M03,1,12.71,9.52,21
317,31889a52aaae5d9d746527d9,M04,1,12.01,8.81,21
317,31889a52aaae5d9d746527d9,M05,1,12.13,8.8,21
317,31889a52aaae5d9d746527d9,M06,1,15.02,11.89,21
317,31889a52aaae5d9d746527d9,M07,1,17.96,13,30
317,31889a52aaae5d9d746527d9,M08,1,22.14,17.42,30
317,31889a52aaae5d9d746527d9,M09,1,21.34,16.18,30
317,31889a52aaae5d9d746527d9,M10,1,23.51,18.98,30
317,31889a52aaae5d9d746527d9,M11,1,22.87,18.29,30
317,31889a52aaae5d9d746527d9,M12,1,32.87,24.62,45
317,31889a52aaae5d9d746527d9,M13,1,33.37,24.03,60
317,31889a52aaae5d9d746527d9,M14,1,30.81,20.46,60
317,31889a52aaae5d9d746527d9,M15,1,34.52,24.48,60
317,31889a52aaae5d9d746527d9,M16,1,62.51,51.76,100
317,31889a52aaae5d9d746527d9,M17,1,8.87,6.94,14
317,31889a52aaae5d9d746527d9,M18,1,12.44,9.46,21
317,31889a52aaae5d9d746527d9,M19,1,9.81,7.16,21
317,31889a52aaae5d9d746527d9,M20,1,13.67,9.5,20
317,31889a52aaae5d9d746527d9,M21,1,10.16,6.99,21
317,31889a52aaae5d9d746527d9,M22,1,25.55,15.84,45
317,31889a52aaae5d9d746527d9,M23,1,20.4,13.35,45
317,31889a52aaae5d9d746527d9,M24,1,21.72,16.5,45
317,31889a52aaae5d9d746527d9,M25,1,15.21,13.75,20
317,31889a52aaae5d9d746527d9,M26,1,14.19,12.54,20
317,31889a52aaae5d9d746527d9,M27,1,19.17,15.91,30
317,31889a52aaae5d9d746527d9,M28,1,17.7,13.91,30
317,31889a52aaae5d9d746527d9,M29,1,19.48,15.68,30
317,31889a52aaae5d9d746527d9,M30,1,12.28,9.58,21
320,ef8a15c0d2220d2839b1ab33,M01,1,7.97,6.95,10
320,ef8a15c0d2220d2839b1ab33,M02,1,10.96,9.36,15
320,ef8a15c0d2220d2839b1ab33,M03,1,13.09,9.52,21
320,ef8a15c0d2220d2839b1ab33,M04,1,12.48,8.81,21
320,ef8a15c0d2220d2839b1ab33,M05,1,12.44,8.8,21
320,ef8a15c0d2220d2839b1ab33,M06,1,15.3,11.89,21
320,ef8a15c0d2220d2839b1ab33,M07,1,18.6,13,30
320,ef8a15c0d2220d2839b1ab33,M08,1,22.66,17.42,30
320,ef8a15c0d2220d2839b1ab33,M09,1,21.84,16.18,30
320,ef8a15c0d2220d2839b1ab33,M10,1,23.92,18.98,30
320,ef8a15c0d2220d2839b1ab33,M11,1,23.34,18.29,30
320,ef8a15c0d2220d2839b1ab33,M12,1,33.83,24.62,45
320,ef8a15c0d2220d2839b1ab33,M13,1,34.57,24.03,60
320,ef8a15c0d2220d2839b1ab33,M14,1,32.17,20.46,60
320,ef8a15c0d2220d2839b1ab33,M15,1,35.54,24.48,60
320,ef8a15c0d2220d2839b1ab33,M16,1,63.83,51.76,100
320,ef8a15c0d2220d2839b1ab33,M17,1,8.86,6.94,14
320,ef8a15c0d2220d2839b1ab33,M18,1,12.83,9.46,21
320,ef8a15c0d2220d2839b1ab33,M19,1,10.6,7.16,21
320,ef8a15c0d2220d2839b1ab33,M20,1,16.7,9.5,20
320,ef8a15c0d2220d2839b1ab33,M21,1,11.78,6.99,21
320,ef8a15c0d2220d2839b1ab33,M22,1,33.42,15.84,45
320,ef8a15c0d2220d2839b1ab33,M23,1,25.19,13.35,45
320,ef8a15c0d2220d2839b1ab33,M24,1,33.65,16.5,45
320,ef8a15c0d2220d2839b1ab33,M25,1,15.41,13.75,20
320,ef8a15c0d2220d2839b1ab33,M26,1,14.4,12.54,20
320,ef8a15c0d2220d2839b1ab33,M27,1,19.64,15.91,30
320,ef8a15c0d2220d2839b1ab33,M28,1,18.24,13.91,30
320,ef8a15c0d2220d2839b1ab33,M29,1,19.84,15.68,30
320,ef8a15c0d2220d2839b1ab33,M30,1,12.77,9.58,21
321,1380bc3c592cb520da597f09,M01,0,8.85,6.91,10
321,1380bc3c592cb520da597f09,M02,0,11.53,9.32,15
321,1380bc3c592cb520da597f09,M03,0,13.96,9.36,21
321,1380bc3c592cb520da597f09,M04,0,13.05,8.59,21
321,1380bc3c592cb520da597f09,M05,0,13.33,8.47,21
321,1380bc3c592cb520da597f09,M06,0,16.77,11.77,21
321,1380bc3c592cb520da597f09,M07,0,19.83,12.83,30
321,1380bc3c592cb520da597f09,M08,0,23.83,17.14,30
321,1380bc3c592cb520da597f09,M09,0,22.61,16.05,30
321,1380bc3c592cb520da597f09,M10,0,25.24,18.74,30
321,1380bc3c592cb520da597f09,M11,0,24.52,17.84,30
321,1380bc3c592cb520da597f09,M12,0,35.64,24.05,45
321,1380bc3c592cb520da597f09,M13,0,37.86,23.48,60
321,1380bc3c592cb520da597f09,M14,0,35.35,20.22,60
321,1380bc3c592cb520da597f09,M15,0,38.02,23.9,60
321,1380bc3c592cb520da597f09,M16,0,67.31,51.31,100
321,1380bc3c592cb520da597f09,M17,0,9.26,6.83,14
321,1380bc3c592cb520da597f09,M18,0,13.32,9.32,21
321,1380bc3c592cb520da597f09,M19,0,12.75,7.09,21
321,1380bc3c592cb520da597f09,M20,0,10.68,9.53,20
321,1380bc3c592cb520da597f09,M21,0,12.01,6.95,21
321,1380bc3c592cb520da597f09,M22,0,30.84,15.84,45
321,1380bc3c592cb520da597f09,M23,0,27.45,13.31,45
321,1380bc3c592cb520da597f09,M24,0,31.15,16.53,45
321,1380bc3c592cb520da597f09,M25,0,16.49,13.62,20
321,1380bc3c592cb520da597f09,M26,0,15.32,12.385,20
321,1380bc3c592cb520da597f09,M27,0,21.41,15.7,30
321,1380bc3c592cb520da597f09,M28,0,19.86,13.765,30
321,1380bc3c592cb520da597f09,M29,0,21.19,15.575,30
321,1380bc3c592cb520da597f09,M30,0,14.01,9.385,21
322,14812f6f91f22e7ecc6c321a,M01,3,6.54,6.99,10
322,14812f6f91f22e7ecc6c321a,M02,3,8.91,9.41,15
322,14812f6f91f22e7ecc6c321a,M03,3,8.79,9.67,21
322,14812f6f91f22e7ecc6c321a,M04,3,8.08,8.99,21
322,14812f6f91f22e7ecc6c321a,M05,3,8.01,8.87,21
322,14812f6f91f22e7ecc6c321a,M06,3,10.99,12.11,21
322,14812f6f91f22e7ecc6c321a,M07,3,12.04,13.26,30
322,14812f6f91f22e7ecc6c321a,M08,3,16.53,17.66,30
322,14812f6f91f22e7ecc6c321a,M09,3,15.51,16.64,30
322,14812f6f91f22e7ecc6c321a,M10,3,17.9,19.22,30
322,14812f6f91f22e7ecc6c321a,M11,3,17.18,18.33,30
322,14812f6f91f22e7ecc6c321a,M12,3,23.47,24.98,45
322,14812f6f91f22e7ecc6c321a,M13,3,22.53,24.67,60
322,14812f6f91f22e7ecc6c321a,M14,3,19.55,20.81,60
322,14812f6f91f22e7ecc6c321a,M15,3,22.54,24.93,60
322,14812f6f91f22e7ecc6c321a,M16,3,50.5,52.34,100
322,14812f6f91f22e7ecc6c321a,M17,3,6.37,6.99,14
322,14812f6f91f22e7ecc6c321a,M18,3,8.73,9.6,21
322,14812f6f91f22e7ecc6c321a,M19,3,5.38,7.26,21
322,14812f6f91f22e7ecc6c321a,M20,3,7.74,9.575,20
322,14812f6f91f22e7ecc6c321a,M21,3,5.28,6.985,21
322,14812f6f91f22e7ecc6c321a,M22,3,11.66,16.03,45
322,14812f6f91f22e7ecc6c321a,M23,3,10.39,13.455,45
322,14812f6f91f22e7ecc6c321a,M24,3,11.4,16.74,45
322,14812f6f91f22e7ecc6c321a,M25,3,13.07,13.8,20
322,14812f6f91f22e7ecc6c321a,M26,3,11.89,12.58,20
322,14812f6f91f22e7ecc6c321a,M27,3,14.66,15.98,30
322,14812f6f91f22e7ecc6c321a,M28,3,12.93,14.22,30
322,14812f6f91f22e7ecc6c321a,M29,3,14.42,16.04,30
322,14812f6f91f22e7ecc6c321a,M30,3,8.82,9.75,21
323,0875c4610309c2d8522eaa6d,M01,0,7.85,6.91,10
323,0875c4610309c2d8522eaa6d,M02,0,10.48,9.32,15
323,0875c4610309c2d8522eaa6d,M03,0,11.81,9.36,21
323,0875c4610309c2d8522eaa6d,M04,0,10.91,8.59,21
323,0875c4610309c2d8522eaa6d,M05,0,11.11,8.47,21
323,0875c4610309c2d8522eaa6d,M06,0,14.52,11.77,21
323,0875c4610309c2d8522eaa6d,M07,0,16.49,12.83,30
323,0875c4610309c2d8522eaa6d,M08,0,20.8,17.14,30
323,0875c4610309c2d8522eaa6d,M09,0,19.58,16.05,30
323,0875c4610309c2d8522eaa6d,M10,0,22.3,18.74,30
323,0875c4610309c2d8522eaa6d,M11,0,21.59,17.84,30
323,0875c4610309c2d8522eaa6d,M12,0,30.35,24.05,45
323,0875c4610309c2d8522eaa6d,M13,0,31.5,23.48,60
323,0875c4610309c2d8522eaa6d,M14,0,28.36,20.22,60
323,0875c4610309c2d8522eaa6d,M15,0,31.69,23.9,60
323,0875c4610309c2d8522eaa6d,M16,0,60.44,51.31,100
323,0875c4610309c2d8522eaa6d,M17,0,8.12,6.83,14
323,0875c4610309c2d8522eaa6d,M18,0,11.37,9.32,21
323,0875c4610309c2d8522eaa6d,M19,0,9.97,7.09,21
323,0875c4610309c2d8522eaa6d,M20,0,12.16,9.53,20
323,0875c4610309c2d8522eaa6d,M21,0,9.38,6.95,21
323,0875c4610309c2d8522eaa6d,M22,0,23.71,15.84,45
323,0875c4610309c2d8522eaa6d,M23,0,20.64,13.31,45
323,0875c4610309c2d8522eaa6d,M24,0,24.06,16.53,45
323,0875c4610309c2d8522eaa6d,M25,0,15.15,13.62,20
323,0875c4610309c2d8522eaa6d,M26,0,13.96,12.385,20
323,0875c4610309c2d8522eaa6d,M27,0,18.78,15.7,30
323,0875c4610309c2d8522eaa6d,M28,0,17.02,13.765,30
323,0875c4610309c2d8522eaa6d,M29,0,18.66,15.575,30
323,0875c4610309c2d8522eaa6d,M30,0,11.84,9.385,21
325,b8393da9715f408e65c6f2e3,M01,0,8.1,6.91,10
325,b8393da9715f408e65c6f2e3,M02,0,11.11,9.32,15
325,b8393da9715f408e65c6f2e3,M03,0,13.43,9.36,21
325,b8393da9715f408e65c6f2e3,M04,0,12.79,8.59,21
325,b8393da9715f408e65c6f2e3,M05,0,12.8,8.47,21
325,b8393da9715f408e65c6f2e3,M06,0,15.66,11.77,21
325,b8393da9715f408e65c6f2e3,M07,0,19.12,12.83,30
325,b8393da9715f408e65c6f2e3,M08,0,23.12,17.14,30
325,b8393da9715f408e65c6f2e3,M09,0,22.28,16.05,30
325,b8393da9715f408e65c6f2e3,M10,0,24.35,18.74,30
325,b8393da9715f408e65c6f2e3,M11,0,23.79,17.84,30
325,b8393da9715f408e65c6f2e3,M12,0,34.63,24.05,45
325,b8393da9715f408e65c6f2e3,M13,0,35.64,23.48,60
325,b8393da9715f408e65c6f2e3,M14,0,33.33,20.22,60
325,b8393da9715f408e65c6f2e3,M15,0,36.52,23.9,60
325,b8393da9715f408e65c6f2e3,M16,0,64.96,51.31,100
325,b8393da9715f408e65c6f2e3,M17,0,9.03,6.83,14
325,b8393da9715f408e65c6f2e3,M18,0,13.12,9.32,21
325,b8393da9715f408e65c6f2e3,M19,0,11.22,7.09,21
325,b8393da9715f408e65c6f2e3,M20,0,17.89,9.53,20
325,b8393da9715f408e65c6f2e3,M21,0,12.73,6.95,21
325,b8393da9715f408e65c6f2e3,M22,0,37.83,15.84,45
325,b8393da9715f408e65c6f2e3,M23,0,27.5,13.31,45
325,b8393da9715f408e65c6f2e3,M24,0,38.24,16.53,45
325,b8393da9715f408e65c6f2e3,M25,0,15.63,13.62,20
325,b8393da9715f408e65c6f2e3,M26,0,14.6,12.385,20
325,b8393da9715f408e65c6f2e3,M27,0,20.08,15.7,30
325,b8393da9715f408e65c6f2e3,M28,0,18.7,13.765,30
325,b8393da9715f408e65c6f2e3,M29,0,20.23,15.575,30
325,b8393da9715f408e65c6f2e3,M30,0,13.13,9.385,21
326,9140024943d858a024a6c938,M01,4,7.75,6.845,10
326,9140024943d858a024a6c938,M02,4,10.31,9.175,15
326,9140024943d858a024a6c938,M03,4,11.54,9.25,21
326,9140024943d858a024a6c938,M04,4,10.66,8.44,21
326,9140024943d858a024a6c938,M05,4,10.84,8.46,21
326,9140024943d858a024a6c938,M06,4,14.32,11.555,21
326,9140024943d858a024a6c938,M07,4,16.17,12.545,30
326,9140024943d858a024a6c938,M08,4,20.48,16.89,30
326,9140024943d858a024a6c938,M09,4,19.29,15.81,30
326,9140024943d858a024a6c938,M10,4,21.89,18.53,30
326,9140024943d858a024a6c938,M11,4,21.07,17.615,30
326,9140024943d858a024a6c938,M12,4,29.98,23.555,45
326,9140024943d858a024a6c938,M13,4,31.36,23.13,60
326,9140024943d858a024a6c938,M14,4,28.46,19.65,60
326,9140024943d858a024a6c938,M15,4,30.72,23.315,60
326,9140024943d858a024a6c938,M16,4,60.34,50.515,100
326,9140024943d858a024a6c938,M17,4,7.97,6.655,14
326,9140024943d858a024a6c938,M18,4,11.15,9.155,21
326,9140024943d858a024a6c938,M19,4,8.72,6.985,21
326,9140024943d858a024a6c938,M20,4,11.03,9.35,20
326,9140024943d858a024a6c938,M21,4,8.18,6.77,21
326,9140024943d858a024a6c938,M22,4,20.14,15.23,45
326,9140024943d858a024a6c938,M23,4,17.5,13.01,45
326,9140024943d858a024a6c938,M24,4,20.22,15.92,45
326,9140024943d858a024a6c938,M25,4,14.99,13.5,20
326,9140024943d858a024a6c938,M26,4,13.86,12.19,20
326,9140024943d858a024a6c938,M27,4,18.57,15.28,30
326,9140024943d858a024a6c938,M28,4,16.9,13.34,30
326,9140024943d858a024a6c938,M29,4,18.14,15.58,30
326,9140024943d858a024a6c938,M30,4,11.6,9.25,21
328,f23a727fbe1c6f18cb88859c,M01,1,6.54,6.95,10
328,f23a727fbe1c6f18cb88859c,M02,1,8.7,9.36,15
328,f23a727fbe1c6f18cb88859c,M03,1,8.42,9.52,21
328,f23a727fbe1c6f18cb88859c,M04,1,7.97,8.81,21
328,f23a727fbe1c6f18cb88859c,M05,1,7.96,8.8,21
328,f23a727fbe1c6f18cb88859c,M06,1,10.86,11.89,21
328,f23a727fbe1c6f18cb88859c,M07,1,11.42,13,30
328,f23a727fbe1c6f18cb88859c,M08,1,15.78,17.42,30
328,f23a727fbe1c6f18cb88859c,M09,1,15.18,16.18,30
328,f23a727fbe1c6f18cb88859c,M10,1,17.29,18.98,30
328,f23a727fbe1c6f18cb88859c,M11,1,17,18.29,30
328,f23a727fbe1c6f18cb88859c,M12,1,22.11,24.62,45
328,f23a727fbe1c6f18cb88859c,M13,1,21.93,24.03,60
328,f23a727fbe1c6f18cb88859c,M14,1,19.32,20.46,60
328,f23a727fbe1c6f18cb88859c,M15,1,21.59,24.48,60
328,f23a727fbe1c6f18cb88859c,M16,1,49.67,51.76,100
328,f23a727fbe1c6f18cb88859c,M17,1,6.34,6.94,14
328,f23a727fbe1c6f18cb88859c,M18,1,8.54,9.46,21
328,f23a727fbe1c6f18cb88859c,M19,1,5.51,7.16,21
328,f23a727fbe1c6f18cb88859c,M20,1,7.68,9.5,20
328,f23a727fbe1c6f18cb88859c,M21,1,5.35,6.99,21
328,f23a727fbe1c6f18cb88859c,M22,1,11.56,15.84,45
328,f23a727fbe1c6f18cb88859c,M23,1,10.65,13.35,45
328,f23a727fbe1c6f18cb88859c,M24,1,11.16,16.5,45
328,f23a727fbe1c6f18cb88859c,M25,1,13.62,13.75,20
328,f23a727fbe1c6f18cb88859c,M26,1,12.43,12.54,20
328,f23a727fbe1c6f18cb88859c,M27,1,15.73,15.91,30
328,f23a727fbe1c6f18cb88859c,M28,1,13.93,13.91,30
328,f23a727fbe1c6f18cb88859c,M29,1,15.04,15.68,30
328,f23a727fbe1c6f18cb88859c,M30,1,9.25,9.58,21
330,941763538c16ab57ad9d0f47,M01,4,5.56,6.845,10
330,941763538c16ab57ad9d0f47,M02,4,7.49,9.175,15
330,941763538c16ab57ad9d0f47,M03,4,6.54,9.25,21
330,941763538c16ab57ad9d0f47,M04,4,6.35,8.44,21
330,941763538c16ab57ad9d0f47,M05,4,6.3,8.46,21
330,941763538c16ab57ad9d0f47,M06,4,8.44,11.555,21
330,941763538c16ab57ad9d0f47,M07,4,8.67,12.545,30
330,941763538c16ab57ad9d0f47,M08,4,12.67,16.89,30
330,941763538c16ab57ad9d0f47,M09,4,12.47,15.81,30
330,941763538c16ab57ad9d0f47,M10,4,14.1,18.53,30
330,941763538c16ab57ad9d0f47,M11,4,14.08,17.615,30
330,941763538c16ab57ad9d0f47,M12,4,17.14,23.555,45
330,941763538c16ab57ad9d0f47,M13,4,16.12,23.13,60
330,941763538c16ab57ad9d0f47,M14,4,14.14,19.65,60
330,941763538c16ab57ad9d0f47,M15,4,15.83,23.315,60
330,941763538c16ab57ad9d0f47,M16,4,38.91,50.515,100
330,941763538c16ab57ad9d0f47,M17,4,5.13,6.655,14
330,941763538c16ab57ad9d0f47,M18,4,6.89,9.155,21
330,941763538c16ab57ad9d0f47,M19,4,4.91,6.985,21
330,941763538c16ab57ad9d0f47,M20,4,6.51,9.35,20
330,941763538c16ab57ad9d0f47,M21,4,4.82,6.77,21
330,941763538c16ab57ad9d0f47,M22,4,9.57,15.23,45
330,941763538c16ab57ad9d0f47,M23,4,8.75,13.01,45
330,941763538c16ab57ad9d0f47,M24,4,9.67,15.92,45
330,941763538c16ab57ad9d0f47,M25,4,13.46,13.5,20
330,941763538c16ab57ad9d0f47,M26,4,12.34,12.19,20
330,941763538c16ab57ad9d0f47,M27,4,15.67,15.28,30
330,941763538c16ab57ad9d0f47,M28,4,13.9,13.34,30
330,941763538c16ab57ad9d0f47,M29,4,14.58,15.58,30
330,941763538c16ab57ad9d0f47,M30,4,8.88,9.25,21
331,acb7f133587b4d087f763ec9,M01,1,8.98,6.95,10
331,acb7f133587b4d087f763ec9,M02,1,12.49,9.36,15
331,acb7f133587b4d087f763ec9,M03,1,15.08,9.52,21
331,acb7f133587b4d087f763ec9,M04,1,13.74,8.81,21
331,acb7f133587b4d087f763ec9,M05,1,14.12,8.8,21
331,acb7f133587b4d087f763ec9,M06,1,18.93,11.89,21
331,acb7f133587b4d087f763ec9,M07,1,21.43,13,30
331,acb7f133587b4d087f763ec9,M08,1,25.43,17.42,30
331,acb7f133587b4d087f763ec9,M09,1,23.34,16.18,30
331,acb7f133587b4d087f763ec9,M10,1,26.93,18.98,30
331,acb7f133587b4d087f763ec9,M11,1,25.8,18.29,30
331,acb7f133587b4d087f763ec9,M12,1,36.72,24.62,45
331,acb7f133587b4d087f763ec9,M13,1,38.35,24.03,60
331,acb7f133587b4d087f763ec9,M14,1,35.83,20.46,60
331,acb7f133587b4d087f763ec9,M15,1,37.64,24.48,60
331,acb7f133587b4d087f763ec9,M16,1,67.88,51.76,100
331,acb7f133587b4d087f763ec9,M17,1,10.21,6.94,14
331,acb7f133587b4d087f763ec9,M18,1,13.95,9.46,21
331,acb7f133587b4d087f763ec9,M19,1,15.64,7.16,21
331,acb7f133587b4d087f763ec9,M20,1,14.56,9.5,20
331,acb7f133587b4d087f763ec9,M21,1,13.39,6.99,21
331,acb7f133587b4d087f763ec9,M22,1,31.47,15.84,45
331,acb7f133587b4d087f763ec9,M23,1,27.73,13.35,45
331,acb7f133587b4d087f763ec9,M24,1,31.16,16.5,45
331,acb7f133587b4d087f763ec9,M25,1,15.85,13.75,20
331,acb7f133587b4d087f763ec9,M26,1,14.72,12.54,20
331,acb7f133587b4d087f763ec9,M27,1,20.27,15.91,30
331,acb7f133587b4d087f763ec9,M28,1,18.72,13.91,30
331,acb7f133587b4d087f763ec9,M29,1,19.94,15.68,30
331,acb7f133587b4d087f763ec9,M30,1,15.28,9.58,21
332,a8fee72d826a954e87bca6f7,M01,3,8.37,6.99,10
332,a8fee72d826a954e87bca6f7,M02,3,11.52,9.41,15
332,a8fee72d826a954e87bca6f7,M03,3,13.86,9.67,21
332,a8fee72d826a954e87bca6f7,M04,3,12.83,8.99,21
332,a8fee72d826a954e87bca6f7,M05,3,13.15,8.87,21
332,a8fee72d826a954e87bca6f7,M06,3,16.71,12.11,21
332,a8fee72d826a954e87bca6f7,M07,3,19.45,13.26,30
332,a8fee72d826a954e87bca6f7,M08,3,23.63,17.66,30
332,a8fee72d826a954e87bca6f7,M09,3,22.43,16.64,30
332,a8fee72d826a954e87bca6f7,M10,3,25.15,19.22,30
332,a8fee72d826a954e87bca6f7,M11,3,24.52,18.33,30
332,a8fee72d826a954e87bca6f7,M12,3,35.96,24.98,45
332,a8fee72d826a954e87bca6f7,M13,3,37.38,24.67,60
332,a8fee72d826a954e87bca6f7,M14,3,35.22,20.81,60
332,a8fee72d826a954e87bca6f7,M15,3,38.07,24.93,60
332,a8fee72d826a954e87bca6f7,M16,3,66.88,52.34,100
332,a8fee72d826a954e87bca6f7,M17,3,8.92,6.99,14
332,a8fee72d826a954e87bca6f7,M18,3,13.12,9.6,21
332,a8fee72d826a954e87bca6f7,M19,3,12.34,7.26,21
332,a8fee72d826a954e87bca6f7,M20,3,14.69,9.575,20
332,a8fee72d826a954e87bca6f7,M21,3,14.25,6.985,21
332,a8fee72d826a954e87bca6f7,M22,3,29.4,16.03,45
332,a8fee72d826a954e87bca6f7,M23,3,33.45,13.455,45
332,a8fee72d826a954e87bca6f7,M24,3,30.56,16.74,45
332,a8fee72d826a954e87bca6f7,M25,3,16,13.8,20
332,a8fee72d826a954e87bca6f7,M26,3,14.98,12.58,20
332,a8fee72d826a954e87bca6f7,M27,3,20.81,15.98,30
332,a8fee72d826a954e87bca6f7,M28,3,19.48,14.22,30
332,a8fee72d826a954e87bca6f7,M29,3,20.83,16.04,30
332,a8fee72d826a954e87bca6f7,M30,3,13.53,9.75,21
333,14b53177e66a60df70f283c4,M01,3,7.04,6.99,10
333,14b53177e66a60df70f283c4,M02,3,9.76,9.41,15
333,14b53177e66a60df70f283c4,M03,3,10.47,9.67,21
333,14b53177e66a60df70f283c4,M04,3,9.98,8.99,21
333,14b53177e66a60df70f283c4,M05,3,9.28,8.87,21
333,14b53177e66a60df70f283c4,M06,3,12.62,12.11,21
333,14b53177e66a60df70f283c4,M07,3,14.59,13.26,30
333,14b53177e66a60df70f283c4,M08,3,19.01,17.66,30
333,14b53177e66a60df70f283c4,M09,3,18.08,16.64,30
333,14b53177e66a60df70f283c4,M10,3,20.34,19.22,30
333,14b53177e66a60df70f283c4,M11,3,19.03,18.33,30
333,14b53177e66a60df70f283c4,M12,3,27.6,24.98,45
333,14b53177e66a60df70f283c4,M13,3,27,24.67,60
333,14b53177e66a60df70f283c4,M14,3,24.22,20.81,60
333,14b53177e66a60df70f283c4,M15,3,27.64,24.93,60
333,14b53177e66a60df70f283c4,M16,3,55.63,52.34,100
333,14b53177e66a60df70f283c4,M17,3,7.56,6.99,14
333,14b53177e66a60df70f283c4,M18,3,10.68,9.6,21
333,14b53177e66a60df70f283c4,M19,3,5.89,7.26,21
333,14b53177e66a60df70f283c4,M20,3,8.99,9.575,20
333,14b53177e66a60df70f283c4,M21,3,6.18,6.985,21
333,14b53177e66a60df70f283c4,M22,3,14.19,16.03,45
333,14b53177e66a60df70f283c4,M23,3,12.59,13.455,45
333,14b53177e66a60df70f283c4,M24,3,14.09,16.74,45
333,14b53177e66a60df70f283c4,M25,3,12.75,13.8,20
333,14b53177e66a60df70f283c4,M26,3,11.62,12.58,20
333,14b53177e66a60df70f283c4,M27,3,13.97,15.98,30
333,14b53177e66a60df70f283c4,M28,3,12.4,14.22,30
333,14b53177e66a60df70f283c4,M29,3,13.86,16.04,30
333,14b53177e66a60df70f283c4,M30,3,8.38,9.75,21
336,9a7a2dc286dfaeb87974f4bc,M01,4,5.79,6.845,10
336,9a7a2dc286dfaeb87974f4bc,M02,4,7.86,9.175,15
336,9a7a2dc286dfaeb87974f4bc,M03,4,7.1,9.25,21
336,9a7a2dc286dfaeb87974f4bc,M04,4,6.84,8.44,21
336,9a7a2dc286dfaeb87974f4bc,M05,4,6.89,8.46,21
336,9a7a2dc286dfaeb87974f4bc,M06,4,9.15,11.555,21
336,9a7a2dc286dfaeb87974f4bc,M07,4,9.55,12.545,30
336,9a7a2dc286dfaeb87974f4bc,M08,4,13.9,16.89,30
336,9a7a2dc286dfaeb87974f4bc,M09,4,13.61,15.81,30
336,9a7a2dc286dfaeb87974f4bc,M10,4,15.24,18.53,30
336,9a7a2dc286dfaeb87974f4bc,M11,4,15.22,17.615,30
336,9a7a2dc286dfaeb87974f4bc,M12,4,19.35,23.555,45
336,9a7a2dc286dfaeb87974f4bc,M13,4,18.28,23.13,60
336,9a7a2dc286dfaeb87974f4bc,M14,4,16.47,19.65,60
336,9a7a2dc286dfaeb87974f4bc,M15,4,17.8,23.315,60
336,9a7a2dc286dfaeb87974f4bc,M16,4,45,50.515,100
336,9a7a2dc286dfaeb87974f4bc,M17,4,5.57,6.655,14
336,9a7a2dc286dfaeb87974f4bc,M18,4,7.42,9.155,21
336,9a7a2dc286dfaeb87974f4bc,M19,4,5.12,6.985,21
336,9a7a2dc286dfaeb87974f4bc,M20,4,7.09,9.35,20
336,9a7a2dc286dfaeb87974f4bc,M21,4,5.03,6.77,21
336,9a7a2dc286dfaeb87974f4bc,M22,4,10.55,15.23,45
336,9a7a2dc286dfaeb87974f4bc,M23,4,9.98,13.01,45
336,9a7a2dc286dfaeb87974f4bc,M24,4,10.5,15.92,45
336,9a7a2dc286dfaeb87974f4bc,M25,4,13.57,13.5,20
336,9a7a2dc286dfaeb87974f4bc,M26,4,12.54,12.19,20
336,9a7a2dc286dfaeb87974f4bc,M27,4,15.91,15.28,30
336,9a7a2dc286dfaeb87974f4bc,M28,4,14.36,13.34,30
336,9a7a2dc286dfaeb87974f4bc,M29,4,15.31,15.58,30
336,9a7a2dc286dfaeb87974f4bc,M30,4,9.32,9.25,21
337,7774acbf550d6a1275a6d824,M01,3,8.7,6.99,10
337,7774acbf550d6a1275a6d824,M02,3,11.67,9.41,15
337,7774acbf550d6a1275a6d824,M03,3,14.42,9.67,21
337,7774acbf550d6a1275a6d824,M04,3,13.21,8.99,21
337,7774acbf550d6a1275a6d824,M05,3,13.67,8.87,21
337,7774acbf550d6a1275a6d824,M06,3,17.25,12.11,21
337,7774acbf550d6a1275a6d824,M07,3,20.32,13.26,30
337,7774acbf550d6a1275a6d824,M08,3,24.17,17.66,30
337,7774acbf550d6a1275a6d824,M09,3,23.01,16.64,30
337,7774acbf550d6a1275a6d824,M10,3,25.74,19.22,30
337,7774acbf550d6a1275a6d824,M11,3,25.14,18.33,30
337,7774acbf550d6a1275a6d824,M12,3,37.13,24.98,45
337,7774acbf550d6a1275a6d824,M13,3,38.8,24.67,60
337,7774acbf550d6a1275a6d824,M14,3,36.75,20.81,60
337,7774acbf550d6a1275a6d824,M15,3,39.24,24.93,60
337,7774acbf550d6a1275a6d824,M16,3,68.44,52.34,100
337,7774acbf550d6a1275a6d824,M17,3,8.87,6.99,14
337,7774acbf550d6a1275a6d824,M18,3,13.53,9.6,21
337,7774acbf550d6a1275a6d824,M19,3,13.24,7.26,21
337,7774acbf550d6a1275a6d824,M20,3,15.19,9.575,20
337,7774acbf550d6a1275a6d824,M21,3,11.78,6.985,21
337,7774acbf550d6a1275a6d824,M22,3,30.57,16.03,45
337,7774acbf550d6a1275a6d824,M23,3,34.81,13.455,45
337,7774acbf550d6a1275a6d824,M24,3,31.27,16.74,45
337,7774acbf550d6a1275a6d824,M25,3,16.34,13.8,20
337,7774acbf550d6a1275a6d824,M26,3,15.32,12.58,20
337,7774acbf550d6a1275a6d824,M27,3,21.46,15.98,30
337,7774acbf550d6a1275a6d824,M28,3,20.12,14.22,30
337,7774acbf550d6a1275a6d824,M29,3,21.3,16.04,30
337,7774acbf550d6a1275a6d824,M30,3,13.08,9.75,21
338,670fa9eb64d871d2ddb202e3,M01,2,6.41,6.88,10
338,670fa9eb64d871d2ddb202e3,M02,2,8.6,9.32,15
338,670fa9eb64d871d2ddb202e3,M03,2,8.32,9.36,21
338,670fa9eb64d871d2ddb202e3,M04,2,7.81,8.58,21
338,670fa9eb64d871d2ddb202e3,M05,2,7.99,8.46,21
338,670fa9eb64d871d2ddb202e3,M06,2,10.73,11.66,21
338,670fa9eb64d871d2ddb202e3,M07,2,11.39,12.81,30
338,670fa9eb64d871d2ddb202e3,M08,2,15.85,16.97,30
338,670fa9eb64d871d2ddb202e3,M09,2,15.16,16.03,30
338,670fa9eb64d871d2ddb202e3,M10,2,17.21,18.71,30
338,670fa9eb64d871d2ddb202e3,M11,2,16.92,17.82,30
338,670fa9eb64d871d2ddb202e3,M12,2,22.28,24,45
338,670fa9eb64d871d2ddb202e3,M13,2,22.06,23.43,60
338,670fa9eb64d871d2ddb202e3,M14,2,19.62,20.18,60
338,670fa9eb64d871d2ddb202e3,M15,2,21.33,23.65,60
338,670fa9eb64d871d2ddb202e3,M16,2,50.1,51.18,100
338,670fa9eb64d871d2ddb202e3,M17,2,6.24,6.73,14
338,670fa9eb64d871d2ddb202e3,M18,2,8.37,9.21,21
338,670fa9eb64d871d2ddb202e3,M19,2,5.66,6.87,21
338,670fa9eb64d871d2ddb202e3,M20,2,7.96,9.15,20
338,670fa9eb64d871d2ddb202e3,M21,2,5.45,6.77,21
338,670fa9eb64d871d2ddb202e3,M22,2,12.06,15.22,45
338,670fa9eb64d871d2ddb202e3,M23,2,11.07,13.01,45
338,670fa9eb64d871d2ddb202e3,M24,2,11.47,15.92,45
338,670fa9eb64d871d2ddb202e3,M25,2,14.16,13.62,20
338,670fa9eb64d871d2ddb202e3,M26,2,13,12.34,20
338,670fa9eb64d871d2ddb202e3,M27,2,16.95,15.67,30
338,670fa9eb64d871d2ddb202e3,M28,2,15.24,13.69,30
338,670fa9eb64d871d2ddb202e3,M29,2,16.48,15.58,30
338,670fa9eb64d871d2ddb202e3,M30,2,10.21,9.38,21
339,93316b96717ed8f0b461c8fc,M01,2,9.32,6.88,10
339,93316b96717ed8f0b461c8fc,M02,2,11.81,9.32,15
339,93316b96717ed8f0b461c8fc,M03,2,14.34,9.36,21
339,93316b96717ed8f0b461c8fc,M04,2,13.34,8.58,21
339,93316b96717ed8f0b461c8fc,M05,2,13.67,8.46,21
339,93316b96717ed8f0b461c8fc,M06,2,17.36,11.66,21
339,93316b96717ed8f0b461c8fc,M07,2,20.41,12.81,30
339,93316b96717ed8f0b461c8fc,M08,2,24.37,16.97,30
339,93316b96717ed8f0b461c8fc,M09,2,23.14,16.03,30
339,93316b96717ed8f0b461c8fc,M10,2,25.79,18.71,30
339,93316b96717ed8f0b461c8fc,M11,2,25,17.82,30
339,93316b96717ed8f0b461c8fc,M12,2,36.48,24,45
339,93316b96717ed8f0b461c8fc,M13,2,39.32,23.43,60
339,93316b96717ed8f0b461c8fc,M14,2,36.79,20.18,60
339,93316b96717ed8f0b461c8fc,M15,2,39.1,23.65,60
339,93316b96717ed8f0b461c8fc,M16,2,68.91,51.18,100
339,93316b96717ed8f0b461c8fc,M17,2,9.47,6.73,14
339,93316b96717ed8f0b461c8fc,M18,2,13.57,9.21,21
339,93316b96717ed8f0b461c8fc,M19,2,13.37,6.87,21
339,93316b96717ed8f0b461c8fc,M20,2,14.87,9.15,20
339,93316b96717ed8f0b461c8fc,M21,2,12.22,6.77,21
339,93316b96717ed8f0b461c8fc,M22,2,32.95,15.22,45
339,93316b96717ed8f0b461c8fc,M23,2,29.86,13.01,45
339,93316b96717ed8f0b461c8fc,M24,2,33.15,15.92,45
339,93316b96717ed8f0b461c8fc,M25,2,17.03,13.62,20
339,93316b96717ed8f0b461c8fc,M26,2,15.72,12.34,20
339,93316b96717ed8f0b461c8fc,M27,2,22.11,15.67,30
339,93316b96717ed8f0b461c8fc,M28,2,20.51,13.69,30
339,93316b96717ed8f0b461c8fc,M29,2,21.63,15.58,30
339,93316b96717ed8f0b461c8fc,M30,2,14.39,9.38,21
340,252e47c2ee331e80cc378cb2,M01,1,9.64,6.95,10
340,252e47c2ee331e80cc378cb2,M02,1,12.68,9.36,15
340,252e47c2ee331e80cc378cb2,M03,1,15.13,9.52,21
340,252e47c2ee331e80cc378cb2,M04,1,14.16,8.81,21
340,252e47c2ee331e80cc378cb2,M05,1,14.35,8.8,21
340,252e47c2ee331e80cc378cb2,M06,1,19.17,11.89,21
340,252e47c2ee331e80cc378cb2,M07,1,21.63,13,30
340,252e47c2ee331e80cc378cb2,M08,1,24.32,17.42,30
340,252e47c2ee331e80cc378cb2,M09,1,24.13,16.18,30
340,252e47c2ee331e80cc378cb2,M10,1,26.84,18.98,30
340,252e47c2ee331e80cc378cb2,M11,1,25.97,18.29,30
340,252e47c2ee331e80cc378cb2,M12,1,39.23,24.62,45
340,252e47c2ee331e80cc378cb2,M13,1,42.86,24.03,60
340,252e47c2ee331e80cc378cb2,M14,1,40.69,20.46,60
340,252e47c2ee331e80cc378cb2,M15,1,40.83,24.48,60
340,252e47c2ee331e80cc378cb2,M16,1,72.65,51.76,100
340,252e47c2ee331e80cc378cb2,M17,1,9.88,6.94,14
340,252e47c2ee331e80cc378cb2,M18,1,14.13,9.46,21
340,252e47c2ee331e80cc378cb2,M19,1,14.54,7.16,21
340,252e47c2ee331e80cc378cb2,M20,1,17.21,9.5,20
340,252e47c2ee331e80cc378cb2,M21,1,14.38,6.99,21
340,252e47c2ee331e80cc378cb2,M22,1,39.38,15.84,45
340,252e47c2ee331e80cc378cb2,M23,1,34.68,13.35,45
340,252e47c2ee331e80cc378cb2,M24,1,37.81,16.5,45
340,252e47c2ee331e80cc378cb2,M25,1,19.07,13.75,20
340,252e47c2ee331e80cc378cb2,M26,1,17.16,12.54,20
340,252e47c2ee331e80cc378cb2,M27,1,24.4,15.91,30
340,252e47c2ee331e80cc378cb2,M28,1,22.49,13.91,30
340,252e47c2ee331e80cc378cb2,M29,1,22.39,15.68,30
340,252e47c2ee331e80cc378cb2,M30,1,15.24,9.58,21
341,fd86179619e5229f724d31d3,M01,2,4.2,6.88,10
341,fd86179619e5229f724d31d3,M02,2,5.62,9.32,15
341,fd86179619e5229f724d31d3,M03,2,5.03,9.36,21
341,fd86179619e5229f724d31d3,M04,2,4.86,8.58,21
341,fd86179619e5229f724d31d3,M05,2,4.58,8.46,21
341,fd86179619e5229f724d31d3,M06,2,6.47,11.66,21
341,fd86179619e5229f724d31d3,M07,2,6.11,12.81,30
341,fd86179619e5229f724d31d3,M08,2,7.75,16.97,30
341,fd86179619e5229f724d31d3,M09,2,6.88,16.03,30
341,fd86179619e5229f724d31d3,M10,2,8.73,18.71,30
341,fd86179619e5229f724d31d3,M11,2,8.42,17.82,30
341,fd86179619e5229f724d31d3,M12,2,8.76,24,45
341,fd86179619e5229f724d31d3,M13,2,9.48,23.43,60
341,fd86179619e5229f724d31d3,M14,2,7.85,20.18,60
341,fd86179619e5229f724d31d3,M15,2,8.95,23.65,60
341,fd86179619e5229f724d31d3,M16,2,19.62,51.18,100
341,fd86179619e5229f724d31d3,M17,2,2.89,6.73,14
341,fd86179619e5229f724d31d3,M18,2,5.14,9.21,21
341,fd86179619e5229f724d31d3,M19,2,4.27,6.87,21
341,fd86179619e5229f724d31d3,M20,2,5.35,9.15,20
341,fd86179619e5229f724d31d3,M21,2,4.37,6.77,21
341,fd86179619e5229f724d31d3,M22,2,7.3,15.22,45
341,fd86179619e5229f724d31d3,M23,2,6.29,13.01,45
341,fd86179619e5229f724d31d3,M24,2,6.95,15.92,45
341,fd86179619e5229f724d31d3,M25,2,8.2,13.62,20
341,fd86179619e5229f724d31d3,M26,2,6.98,12.34,20
341,fd86179619e5229f724d31d3,M27,2,7.86,15.67,30
341,fd86179619e5229f724d31d3,M28,2,6.89,13.69,30
341,fd86179619e5229f724d31d3,M29,2,7.36,15.58,30
341,fd86179619e5229f724d31d3,M30,2,5.03,9.38,21
342,6b29c617174b313bf63cc277,M01,2,3.81,6.88,10
342,6b29c617174b313bf63cc277,M02,2,4.94,9.32,15
342,6b29c617174b313bf63cc277,M03,2,4.28,9.36,21
342,6b29c617174b313bf63cc277,M04,2,4.21,8.58,21
342,6b29c617174b313bf63cc277,M05,2,4.06,8.46,21
342,6b29c617174b313bf63cc277,M06,2,5.57,11.66,21
342,6b29c617174b313bf63cc277,M07,2,5.05,12.81,30
342,6b29c617174b313bf63cc277,M08,2,6.39,16.97,30
342,6b29c617174b313bf63cc277,M09,2,5.92,16.03,30
342,6b29c617174b313bf63cc277,M10,2,7.47,18.71,30
342,6b29c617174b313bf63cc277,M11,2,6.86,17.82,30
342,6b29c617174b313bf63cc277,M12,2,7.5,24,45
342,6b29c617174b313bf63cc277,M13,2,7.22,23.43,60
342,6b29c617174b313bf63cc277,M14,2,5.86,20.18,60
342,6b29c617174b313bf63cc277,M15,2,6.67,23.65,60
342,6b29c617174b313bf63cc277,M16,2,12.97,51.18,100
342,6b29c617174b313bf63cc277,M17,2,2.32,6.73,14
342,6b29c617174b313bf63cc277,M18,2,4.62,9.21,21
342,6b29c617174b313bf63cc277,M19,2,4.12,6.87,21
342,6b29c617174b313bf63cc277,M20,2,4.76,9.15,20
342,6b29c617174b313bf63cc277,M21,2,4.16,6.77,21
342,6b29c617174b313bf63cc277,M22,2,6.55,15.22,45
342,6b29c617174b313bf63cc277,M23,2,5.67,13.01,45
342,6b29c617174b313bf63cc277,M24,2,6.1,15.92,45
342,6b29c617174b313bf63cc277,M25,2,7.65,13.62,20
342,6b29c617174b313bf63cc277,M26,2,6.62,12.34,20
342,6b29c617174b313bf63cc277,M27,2,7.57,15.67,30
342,6b29c617174b313bf63cc277,M28,2,6.58,13.69,30
342,6b29c617174b313bf63cc277,M29,2,7.1,15.58,30
342,6b29c617174b313bf63cc277,M30,2,4.94,9.38,21
