compound_id,compound_group,method_id,cv_fold,rt_min,prediction_min,run_time_min
1,63590c74120e85ecd05c0c08,M01,0,1.27,3.01572712884,10
1,63590c74120e85ecd05c0c08,M02,0,0.92,2.79409393701,15
1,63590c74120e85ecd05c0c08,M03,0,1.36,2.95949707456,21
1,63590c74120e85ecd05c0c08,M04,0,1.38,2.90683854473,21
1,63590c74120e85ecd05c0c08,M05,0,1.31,2.9083034996,21
1,63590c74120e85ecd05c0c08,M06,0,1.4,3.2653281173,21
1,63590c74120e85ecd05c0c08,M07,0,1.37,3.13904399528,30
1,63590c74120e85ecd05c0c08,M08,0,0.91,3.29602270058,30
1,63590c74120e85ecd05c0c08,M09,0,0.93,3.21823690378,30
1,63590c74120e85ecd05c0c08,M10,0,1.35,3.37526620892,30
1,63590c74120e85ecd05c0c08,M11,0,1.33,3.29895704705,30
1,63590c74120e85ecd05c0c08,M12,0,0.94,3.11666425252,45
1,63590c74120e85ecd05c0c08,M13,0,1.27,3.33444849344,60
1,63590c74120e85ecd05c0c08,M14,0,0.75,3.18264204225,60
1,63590c74120e85ecd05c0c08,M15,0,1.6,3.5838945584,60
1,63590c74120e85ecd05c0c08,M16,0,1.25,4.16734162376,100
1,63590c74120e85ecd05c0c08,M17,0,0.92,2.66303147711,14
1,63590c74120e85ecd05c0c08,M18,0,1.44,3.11141162244,21
1,63590c74120e85ecd05c0c08,M19,0,1.37,3.05511164869,21
1,63590c74120e85ecd05c0c08,M20,0,0.63,3.20716510369,20
1,63590c74120e85ecd05c0c08,M21,0,1.41,3.11229115062,21
1,63590c74120e85ecd05c0c08,M22,0,1.21,3.83693225058,45
1,63590c74120e85ecd05c0c08,M23,0,0.75,3.65194372244,45
1,63590c74120e85ecd05c0c08,M24,0,1.56,4.0495236001,45
1,63590c74120e85ecd05c0c08,M25,0,1.3,3.44392328237,20
1,63590c74120e85ecd05c0c08,M26,0,0.78,3.33946209926,20
1,63590c74120e85ecd05c0c08,M27,0,1.29,3.94456179737,30
1,63590c74120e85ecd05c0c08,M28,0,0.78,3.779116487,30
1,63590c74120e85ecd05c0c08,M29,0,1.67,4.10873226593,30
1,63590c74120e85ecd05c0c08,M30,0,1.35,2.99789970049,21
2,73c4545b8949e668c76a03b2,M01,0,1.41,3.14801942071,10
2,73c4545b8949e668c76a03b2,M02,0,1.03,2.91870932683,15
2,73c4545b8949e668c76a03b2,M03,0,1.57,3.08320651582,21
2,73c4545b8949e668c76a03b2,M04,0,1.44,3.02823754154,21
2,73c4545b8949e668c76a03b2,M05,0,1.32,3.0197752742,21
2,73c4545b8949e668c76a03b2,M06,0,1.66,3.37486236461,21
2,73c4545b8949e668c76a03b2,M07,0,1.58,3.25593097889,30
2,73c4545b8949e668c76a03b2,M08,0,1.05,3.30748746359,30
2,73c4545b8949e668c76a03b2,M09,0,0.98,3.23691802905,30
2,73c4545b8949e668c76a03b2,M10,0,1.55,3.37483848586,30
2,73c4545b8949e668c76a03b2,M11,0,1.6,3.30209555637,30
2,73c4545b8949e668c76a03b2,M12,0,1.13,3.22130211535,45
2,73c4545b8949e668c76a03b2,M13,0,1.45,3.44886795884,60
2,73c4545b8949e668c76a03b2,M14,0,0.82,3.28601487928,60
2,73c4545b8949e668c76a03b2,M15,0,2.01,3.70577929716,60
2,73c4545b8949e668c76a03b2,M16,0,1.43,4.36803474822,100
2,73c4545b8949e668c76a03b2,M17,0,0.96,2.77979807239,14
2,73c4545b8949e668c76a03b2,M18,0,1.63,3.22873741563,21
2,73c4545b8949e668c76a03b2,M19,0,1.55,3.16016113902,21
2,73c4545b8949e668c76a03b2,M20,0,0.87,3.31780887235,20
2,73c4545b8949e668c76a03b2,M21,0,1.63,3.22961694381,21
2,73c4545b8949e668c76a03b2,M22,0,1.62,3.87939143262,45
2,73c4545b8949e668c76a03b2,M23,0,0.85,3.66881193523,45
2,73c4545b8949e668c76a03b2,M24,0,2.13,4.08242165185,45
2,73c4545b8949e668c76a03b2,M25,0,1.44,3.60301976645,20
2,73c4545b8949e668c76a03b2,M26,0,0.85,3.49999199825,20
2,73c4545b8949e668c76a03b2,M27,0,1.46,4.06971079548,30
2,73c4545b8949e668c76a03b2,M28,0,0.83,3.87387070955,30
2,73c4545b8949e668c76a03b2,M29,0,2.17,4.2050309622,30
2,73c4545b8949e668c76a03b2,M30,0,1.34,3.13577881852,21
3,c7bcada0b8e888971aefc4c3,M01,0,1.4,3.06465903721,10
3,c7bcada0b8e888971aefc4c3,M02,0,0.9,2.82642947153,15
3,c7bcada0b8e888971aefc4c3,M03,0,1.4,3.01216821037,21
3,c7bcada0b8e888971aefc4c3,M04,0,1.43,2.95325349095,21
3,c7bcada0b8e888971aefc4c3,M05,0,1.35,2.9567562236,21
3,c7bcada0b8e888971aefc4c3,M06,0,1.48,3.33115314921,21
3,c7bcada0b8e888971aefc4c3,M07,0,1.4,3.19037335331,30
3,c7bcada0b8e888971aefc4c3,M08,0,0.95,3.35532840459,30
3,c7bcada0b8e888971aefc4c3,M09,0,0.97,3.26291938502,30
3,c7bcada0b8e888971aefc4c3,M10,0,1.4,3.43415719332,30
3,c7bcada0b8e888971aefc4c3,M11,0,1.44,3.34210969756,30
3,c7bcada0b8e888971aefc4c3,M12,0,0.93,3.21971774341,45
3,c7bcada0b8e888971aefc4c3,M13,0,1.4,3.46897486223,60
3,c7bcada0b8e888971aefc4c3,M14,0,0.83,3.29260601277,60
3,c7bcada0b8e888971aefc4c3,M15,0,1.7,3.70298643313,60
3,c7bcada0b8e888971aefc4c3,M16,0,1.43,4.56630618697,100
3,c7bcada0b8e888971aefc4c3,M17,0,0.96,2.68889355709,14
3,c7bcada0b8e888971aefc4c3,M18,0,1.43,3.17218131958,21
3,c7bcada0b8e888971aefc4c3,M19,0,1.41,3.11767862289,21
3,c7bcada0b8e888971aefc4c3,M20,0,0.69,3.2783576311,20
3,c7bcada0b8e888971aefc4c3,M21,0,1.4,3.17493963564,21
3,c7bcada0b8e888971aefc4c3,M22,0,1.52,3.93624353413,45
3,c7bcada0b8e888971aefc4c3,M23,0,0.85,3.72600816328,45
3,c7bcada0b8e888971aefc4c3,M24,0,1.97,4.13775980661,45
3,c7bcada0b8e888971aefc4c3,M25,0,1.3,3.53065969435,20
3,c7bcada0b8e888971aefc4c3,M26,0,0.78,3.4097750971,20
3,c7bcada0b8e888971aefc4c3,M27,0,1.29,4.0445052079,30
3,c7bcada0b8e888971aefc4c3,M28,0,0.77,3.86776169118,30
3,c7bcada0b8e888971aefc4c3,M29,0,1.66,4.20295304243,30
3,c7bcada0b8e888971aefc4c3,M30,0,1.41,3.05071810902,21
4,91876cd96b4863b74f62ede1,M01,4,5.06,2.88400612821,10
4,91876cd96b4863b74f62ede1,M02,4,6.32,2.79525932178,15
4,91876cd96b4863b74f62ede1,M03,4,5.61,2.96302909086,21
4,91876cd96b4863b74f62ede1,M04,4,5.29,2.80800234579,21
4,91876cd96b4863b74f62ede1,M05,4,5.11,2.83308939863,21
4,91876cd96b4863b74f62ede1,M06,4,7.07,3.22841850937,21
4,91876cd96b4863b74f62ede1,M07,4,7.05,3.34888145156,30
4,91876cd96b4863b74f62ede1,M08,4,8.27,3.29889864327,30
4,91876cd96b4863b74f62ede1,M09,4,7.05,3.14758338813,30
4,91876cd96b4863b74f62ede1,M10,4,10.19,3.3223302707,30
4,91876cd96b4863b74f62ede1,M11,4,9.08,3.14800063993,30
4,91876cd96b4863b74f62ede1,M12,4,9.36,3.37435969706,45
4,91876cd96b4863b74f62ede1,M13,4,10.46,3.48142604762,60
4,91876cd96b4863b74f62ede1,M14,4,7.3,3.36029976162,60
4,91876cd96b4863b74f62ede1,M15,4,10.88,3.75860363576,60
4,91876cd96b4863b74f62ede1,M16,4,15.77,7.16458587466,100
4,91876cd96b4863b74f62ede1,M17,4,3.5,2.55657079772,14
4,91876cd96b4863b74f62ede1,M18,4,5.76,2.77997494615,21
4,91876cd96b4863b74f62ede1,M19,4,4.89,2.95728569655,21
4,91876cd96b4863b74f62ede1,M20,4,5.68,2.92626401918,20
4,91876cd96b4863b74f62ede1,M21,4,4.88,2.76027983504,21
4,91876cd96b4863b74f62ede1,M22,4,8.49,3.18066511318,45
4,91876cd96b4863b74f62ede1,M23,4,6.48,3.02962194216,45
4,91876cd96b4863b74f62ede1,M24,4,8.68,3.4654379221,45
4,91876cd96b4863b74f62ede1,M25,4,9.4,3.38244236059,20
4,91876cd96b4863b74f62ede1,M26,4,7.2,3.27894831469,20
4,91876cd96b4863b74f62ede1,M27,4,9.08,3.51720200622,30
4,91876cd96b4863b74f62ede1,M28,4,7.31,3.36583293568,30
4,91876cd96b4863b74f62ede1,M29,4,9.04,3.70013029408,30
4,91876cd96b4863b74f62ede1,M30,4,5.55,3.04346867751,21
5,f388de2f1532bd2d15000e9e,M01,1,1.85,5.04768639261,10
5,f388de2f1532bd2d15000e9e,M02,1,1.48,5.42951667812,15
5,f388de2f1532bd2d15000e9e,M03,1,2.03,5.20923440161,21
5,f388de2f1532bd2d15000e9e,M04,1,1.62,5.05871861805,21
5,f388de2f1532bd2d15000e9e,M05,1,1.78,4.96004108661,21
5,f388de2f1532bd2d15000e9e,M06,1,2.07,6.84710028198,21
5,f388de2f1532bd2d15000e9e,M07,1,1.99,6.79588475469,30
5,f388de2f1532bd2d15000e9e,M08,1,1.37,8.92671993617,30
5,f388de2f1532bd2d15000e9e,M09,1,1.24,8.45672122549,30
5,f388de2f1532bd2d15000e9e,M10,1,1.97,9.01178831335,30
5,f388de2f1532bd2d15000e9e,M11,1,1.76,8.53566281696,30
5,f388de2f1532bd2d15000e9e,M12,1,1.43,9.36590435367,45
5,f388de2f1532bd2d15000e9e,M13,1,2.02,9.16219265145,60
5,f388de2f1532bd2d15000e9e,M14,1,1.12,8.55315961876,60
5,f388de2f1532bd2d15000e9e,M15,1,2.59,9.36919927786,60
5,f388de2f1532bd2d15000e9e,M16,1,2.03,10.1387856096,100
5,f388de2f1532bd2d15000e9e,M17,1,1.21,4.66915530661,14
5,f388de2f1532bd2d15000e9e,M18,1,1.81,5.21134505576,21
5,f388de2f1532bd2d15000e9e,M19,1,2.13,5.14429553539,21
5,f388de2f1532bd2d15000e9e,M20,1,1.35,6.63642518965,20
5,f388de2f1532bd2d15000e9e,M21,1,2,5.16748026732,21
5,f388de2f1532bd2d15000e9e,M22,1,1.96,8.44847548769,45
5,f388de2f1532bd2d15000e9e,M23,1,1.17,7.93749017339,45
5,f388de2f1532bd2d15000e9e,M24,1,2.38,8.81335027507,45
5,f388de2f1532bd2d15000e9e,M25,1,2.11,7.03701029419,20
5,f388de2f1532bd2d15000e9e,M26,1,1.01,6.88040626822,20
5,f388de2f1532bd2d15000e9e,M27,1,2.17,8.18515865297,30
5,f388de2f1532bd2d15000e9e,M28,1,0.96,7.71858156944,30
5,f388de2f1532bd2d15000e9e,M29,1,2.58,8.47006882779,30
5,f388de2f1532bd2d15000e9e,M30,1,1.78,5.25469197404,21
6,903e67b4c2f9750d37336ae2,M01,2,1.36,1.9687102397,10
6,903e67b4c2f9750d37336ae2,M02,2,0.92,1.6693197262,15
6,903e67b4c2f9750d37336ae2,M03,2,1.36,1.99767208081,21
6,903e67b4c2f9750d37336ae2,M04,2,1.38,1.98206340596,21
6,903e67b4c2f9750d37336ae2,M05,2,1.33,1.96088336596,21
6,903e67b4c2f9750d37336ae2,M06,2,1.42,2.15506609079,21
6,903e67b4c2f9750d37336ae2,M07,2,1.36,2.05077124031,30
6,903e67b4c2f9750d37336ae2,M08,2,0.93,1.83883447249,30
6,903e67b4c2f9750d37336ae2,M09,2,0.93,1.77723667799,30
6,903e67b4c2f9750d37336ae2,M10,2,1.37,2.01345830573,30
6,903e67b4c2f9750d37336ae2,M11,2,1.32,1.96703523398,30
6,903e67b4c2f9750d37336ae2,M12,2,0.92,1.98320555716,45
6,903e67b4c2f9750d37336ae2,M13,2,1.38,2.31059115912,60
6,903e67b4c2f9750d37336ae2,M14,2,0.8,1.93167693657,60
6,903e67b4c2f9750d37336ae2,M15,2,1.78,2.65147688806,60
6,903e67b4c2f9750d37336ae2,M16,2,1.39,4.17035598877,100
6,903e67b4c2f9750d37336ae2,M17,2,0.9,1.50715694842,14
6,903e67b4c2f9750d37336ae2,M18,2,1.48,2.04194709245,21
6,903e67b4c2f9750d37336ae2,M19,2,1.38,2.01824216912,21
6,903e67b4c2f9750d37336ae2,M20,2,0.65,1.71540525706,20
6,903e67b4c2f9750d37336ae2,M21,2,1.46,2.0377584855,21
6,903e67b4c2f9750d37336ae2,M22,2,1.27,2.24331064899,45
6,903e67b4c2f9750d37336ae2,M23,2,0.81,1.79132765713,45
6,903e67b4c2f9750d37336ae2,M24,2,1.58,2.57363247469,45
6,903e67b4c2f9750d37336ae2,M25,2,1.52,2.04188628662,20
6,903e67b4c2f9750d37336ae2,M26,2,0.87,1.95468233715,20
6,903e67b4c2f9750d37336ae2,M27,2,1.53,2.48256460499,30
6,903e67b4c2f9750d37336ae2,M28,2,0.84,2.0911075222,30
6,903e67b4c2f9750d37336ae2,M29,2,2.49,2.79139367967,30
6,903e67b4c2f9750d37336ae2,M30,2,1.44,2.05054372939,21
8,d8974ef08904a88379044d8b,M01,1,6.18,5.53069510224,10
8,d8974ef08904a88379044d8b,M02,1,8.18,6.11187908451,15
8,d8974ef08904a88379044d8b,M03,1,7.53,6.0057237497,21
8,d8974ef08904a88379044d8b,M04,1,6.85,5.7564982617,21
8,d8974ef08904a88379044d8b,M05,1,6.63,5.61448929716,21
8,d8974ef08904a88379044d8b,M06,1,9.24,7.43763121932,21
8,d8974ef08904a88379044d8b,M07,1,9.79,7.45026476104,30
8,d8974ef08904a88379044d8b,M08,1,13.13,10.1746672497,30
8,d8974ef08904a88379044d8b,M09,1,11.77,9.86016668594,30
8,d8974ef08904a88379044d8b,M10,1,15.1,10.3081247229,30
8,d8974ef08904a88379044d8b,M11,1,13.68,10.0259016563,30
8,d8974ef08904a88379044d8b,M12,1,16.87,12.2044175816,45
8,d8974ef08904a88379044d8b,M13,1,16,12.0033300945,60
8,d8974ef08904a88379044d8b,M14,1,12.63,11.7256419234,60
8,d8974ef08904a88379044d8b,M15,1,16.74,12.2425004589,60
8,d8974ef08904a88379044d8b,M16,1,32.21,32.068128993,100
8,d8974ef08904a88379044d8b,M17,1,5.37,5.02543012926,14
8,d8974ef08904a88379044d8b,M18,1,7.44,5.82703131376,21
8,d8974ef08904a88379044d8b,M19,1,6.26,5.67084000993,21
8,d8974ef08904a88379044d8b,M20,1,7.91,7.13255007831,20
8,d8974ef08904a88379044d8b,M21,1,6.07,5.54228034228,21
8,d8974ef08904a88379044d8b,M22,1,12.46,9.85812930863,45
8,d8974ef08904a88379044d8b,M23,1,10.15,9.05003635406,45
8,d8974ef08904a88379044d8b,M24,1,13.01,9.89300107491,45
8,d8974ef08904a88379044d8b,M25,1,11.99,7.96028445774,20
8,d8974ef08904a88379044d8b,M26,1,10.21,7.76330136017,20
8,d8974ef08904a88379044d8b,M27,1,12.15,9.7308809547,30
8,d8974ef08904a88379044d8b,M28,1,9.88,8.97152679112,30
8,d8974ef08904a88379044d8b,M29,1,12.38,9.72804696086,30
8,d8974ef08904a88379044d8b,M30,1,7.55,6.03773057465,21
12,f924f42d31e9b2b1918efd30,M01,1,3.73,1.47590464847,10
12,f924f42d31e9b2b1918efd30,M02,1,3.19,1.03503174794,15
12,f924f42d31e9b2b1918efd30,M03,1,4.13,1.50775426944,21
12,f924f42d31e9b2b1918efd30,M04,1,3.31,1.49051100377,21
12,f924f42d31e9b2b1918efd30,M05,1,3.05,1.46196543039,21
12,f924f42d31e9b2b1918efd30,M06,1,5.25,1.5531190268,21
12,f924f42d31e9b2b1918efd30,M07,1,4.34,1.53128153502,30
12,f924f42d31e9b2b1918efd30,M08,1,3.2,1.03964040572,30
12,f924f42d31e9b2b1918efd30,M09,1,2.27,1.04935532179,30
12,f924f42d31e9b2b1918efd30,M10,1,4.62,1.38050928958,30
12,f924f42d31e9b2b1918efd30,M11,1,3.4,1.38075904526,30
12,f924f42d31e9b2b1918efd30,M12,1,3.21,1.1610662959,45
12,f924f42d31e9b2b1918efd30,M13,1,4.85,1.52419649688,60
12,f924f42d31e9b2b1918efd30,M14,1,2.66,1.0822538156,60
12,f924f42d31e9b2b1918efd30,M15,1,5.46,1.99154609334,60
12,f924f42d31e9b2b1918efd30,M16,1,5.09,5.89527905946,100
12,f924f42d31e9b2b1918efd30,M17,1,1.82,0.988643523594,14
12,f924f42d31e9b2b1918efd30,M18,1,4.55,1.50329917671,21
12,f924f42d31e9b2b1918efd30,M19,1,4.18,1.58735100744,21
12,f924f42d31e9b2b1918efd30,M20,1,4.9,1.01144358264,20
12,f924f42d31e9b2b1918efd30,M21,1,4.37,1.50416028682,21
12,f924f42d31e9b2b1918efd30,M22,1,5.85,1.4160393939,45
12,f924f42d31e9b2b1918efd30,M23,1,3.2,0.963006057781,45
12,f924f42d31e9b2b1918efd30,M24,1,6.39,1.93556383603,45
12,f924f42d31e9b2b1918efd30,M25,1,5.63,2.77098855157,20
12,f924f42d31e9b2b1918efd30,M26,1,3.68,2.53012879351,20
12,f924f42d31e9b2b1918efd30,M27,1,6.23,2.95665005475,30
12,f924f42d31e9b2b1918efd30,M28,1,4.18,2.64645706776,30
12,f924f42d31e9b2b1918efd30,M29,1,6.37,3.10606888098,30
12,f924f42d31e9b2b1918efd30,M30,1,4.11,2.24264758536,21
13,cf7268b4f8767d681615d5ad,M01,1,1.27,2.07553116726,10
13,cf7268b4f8767d681615d5ad,M02,1,0.91,1.72605314598,15
13,cf7268b4f8767d681615d5ad,M03,1,1.4,2.13705469236,21
13,cf7268b4f8767d681615d5ad,M04,1,1.33,2.05504339706,21
13,cf7268b4f8767d681615d5ad,M05,1,1.44,2.06856325563,21
13,cf7268b4f8767d681615d5ad,M06,1,1.42,2.22871931564,21
13,cf7268b4f8767d681615d5ad,M07,1,1.37,2.24372664354,30
13,cf7268b4f8767d681615d5ad,M08,1,0.91,2.46530123417,30
13,cf7268b4f8767d681615d5ad,M09,1,0.9,2.30877277066,30
13,cf7268b4f8767d681615d5ad,M10,1,1.35,2.65994839246,30
13,cf7268b4f8767d681615d5ad,M11,1,1.32,2.51764300761,30
13,cf7268b4f8767d681615d5ad,M12,1,0.85,2.90750050497,45
13,cf7268b4f8767d681615d5ad,M13,1,1.27,3.1012647362,60
13,cf7268b4f8767d681615d5ad,M14,1,0.75,2.66163145855,60
13,cf7268b4f8767d681615d5ad,M15,1,1.68,3.51271638707,60
13,cf7268b4f8767d681615d5ad,M16,1,1.25,5.66390790859,100
13,cf7268b4f8767d681615d5ad,M17,1,0.9,1.55736576116,14
13,cf7268b4f8767d681615d5ad,M18,1,1.45,2.07069965091,21
13,cf7268b4f8767d681615d5ad,M19,1,1.28,2.16357118405,21
13,cf7268b4f8767d681615d5ad,M20,1,0.65,1.71046284896,20
13,cf7268b4f8767d681615d5ad,M21,1,1.43,2.05001495394,21
13,cf7268b4f8767d681615d5ad,M22,1,1.21,2.7502151003,45
13,cf7268b4f8767d681615d5ad,M23,1,0.77,2.23919460521,45
13,cf7268b4f8767d681615d5ad,M24,1,1.56,3.20134170516,45
13,cf7268b4f8767d681615d5ad,M25,1,1.3,2.90227338246,20
13,cf7268b4f8767d681615d5ad,M26,1,0.78,2.56404300118,20
13,cf7268b4f8767d681615d5ad,M27,1,1.29,3.59684722552,30
13,cf7268b4f8767d681615d5ad,M28,1,0.77,3.12119202719,30
13,cf7268b4f8767d681615d5ad,M29,1,1.64,3.87026486557,30
13,cf7268b4f8767d681615d5ad,M30,1,1.43,2.54190021007,21
14,37db2b79f652ee6c5f897d99,M01,3,4.07,3.01731224946,10
14,37db2b79f652ee6c5f897d99,M02,3,4.8,2.56322520875,15
14,37db2b79f652ee6c5f897d99,M03,3,4.55,2.94608277032,21
14,37db2b79f652ee6c5f897d99,M04,3,4.19,2.76632440342,21
14,37db2b79f652ee6c5f897d99,M05,3,3.9,2.73649470533,21
14,37db2b79f652ee6c5f897d99,M06,3,5.81,3.31069283266,21
14,37db2b79f652ee6c5f897d99,M07,3,5.21,3.10499876103,30
14,37db2b79f652ee6c5f897d99,M08,3,5.4,2.66552104344,30
14,37db2b79f652ee6c5f897d99,M09,3,3.64,2.36056510706,30
14,37db2b79f652ee6c5f897d99,M10,3,6.89,2.81899848059,30
14,37db2b79f652ee6c5f897d99,M11,3,5.14,2.65287835325,30
14,37db2b79f652ee6c5f897d99,M12,3,5.62,3.06371376966,45
14,37db2b79f652ee6c5f897d99,M13,3,6.56,3.45233453774,60
14,37db2b79f652ee6c5f897d99,M14,3,4.31,3.0253005206,60
14,37db2b79f652ee6c5f897d99,M15,3,6.68,3.82574534913,60
14,37db2b79f652ee6c5f897d99,M16,3,8.32,9.05182849411,100
14,37db2b79f652ee6c5f897d99,M17,3,2.17,2.18655985531,14
14,37db2b79f652ee6c5f897d99,M18,3,4.82,2.93052736079,21
14,37db2b79f652ee6c5f897d99,M19,3,4.44,3.00725220363,21
14,37db2b79f652ee6c5f897d99,M20,3,4.88,2.94823559027,20
14,37db2b79f652ee6c5f897d99,M21,3,4.51,2.92738290821,21
14,37db2b79f652ee6c5f897d99,M22,3,6.96,3.33117774053,45
14,37db2b79f652ee6c5f897d99,M23,3,5.03,2.75504416951,45
14,37db2b79f652ee6c5f897d99,M24,3,7.08,3.60804365864,45
14,37db2b79f652ee6c5f897d99,M25,3,6.86,4.3270198384,20
14,37db2b79f652ee6c5f897d99,M26,3,5.19,3.76692814091,20
14,37db2b79f652ee6c5f897d99,M27,3,7.14,4.40031419581,30
14,37db2b79f652ee6c5f897d99,M28,3,5.76,3.8011136868,30
14,37db2b79f652ee6c5f897d99,M29,3,6.92,4.50159362486,30
14,37db2b79f652ee6c5f897d99,M30,3,4.56,3.19393197698,21
15,dc48fc379a6c61beca713ed3,M01,3,1.9,4.69940296533,10
15,dc48fc379a6c61beca713ed3,M02,3,1.75,4.00330967127,15
15,dc48fc379a6c61beca713ed3,M03,3,2.14,4.41446447853,21
15,dc48fc379a6c61beca713ed3,M04,3,1.75,4.03725921145,21
15,dc48fc379a6c61beca713ed3,M05,3,1.85,3.99866169219,21
15,dc48fc379a6c61beca713ed3,M06,3,2.32,5.15817777987,21
15,dc48fc379a6c61beca713ed3,M07,3,2.13,4.64310060861,30
15,dc48fc379a6c61beca713ed3,M08,3,1.55,4.21450084291,30
15,dc48fc379a6c61beca713ed3,M09,3,1.22,3.62238667614,30
15,dc48fc379a6c61beca713ed3,M10,3,2.01,4.48384215959,30
15,dc48fc379a6c61beca713ed3,M11,3,1.81,4.15646450211,30
15,dc48fc379a6c61beca713ed3,M12,3,1.67,4.36339939645,45
15,dc48fc379a6c61beca713ed3,M13,3,2.26,5.01648016568,60
15,dc48fc379a6c61beca713ed3,M14,3,1.29,4.22066431003,60
15,dc48fc379a6c61beca713ed3,M15,3,2.81,5.4292862155,60
15,dc48fc379a6c61beca713ed3,M16,3,2.24,7.37086239987,100
15,dc48fc379a6c61beca713ed3,M17,3,1.34,3.26571191308,14
15,dc48fc379a6c61beca713ed3,M18,3,1.83,4.33606990309,21
15,dc48fc379a6c61beca713ed3,M19,3,2.24,4.4877650762,21
15,dc48fc379a6c61beca713ed3,M20,3,1.43,4.57153205188,20
15,dc48fc379a6c61beca713ed3,M21,3,1.54,4.33302807493,21
15,dc48fc379a6c61beca713ed3,M22,3,1.96,5.40350831828,45
15,dc48fc379a6c61beca713ed3,M23,3,0.88,4.21131297074,45
15,dc48fc379a6c61beca713ed3,M24,3,2.41,5.68101715759,45
15,dc48fc379a6c61beca713ed3,M25,3,4.22,5.59808281821,20
15,dc48fc379a6c61beca713ed3,M26,3,2.32,4.52125633866,20
15,dc48fc379a6c61beca713ed3,M27,3,4.87,5.82837650202,30
15,dc48fc379a6c61beca713ed3,M28,3,2.59,4.62441801586,30
15,dc48fc379a6c61beca713ed3,M29,3,5.42,5.9270319203,30
15,dc48fc379a6c61beca713ed3,M30,3,2.98,4.41653374104,21
16,6983229a0e0fe5fb5d401dcc,M01,4,4.92,3.80712255475,10
16,6983229a0e0fe5fb5d401dcc,M02,4,6.27,3.16065199293,15
16,6983229a0e0fe5fb5d401dcc,M03,4,5.49,3.6255784263,21
16,6983229a0e0fe5fb5d401dcc,M04,4,5.24,3.4226790466,21
16,6983229a0e0fe5fb5d401dcc,M05,4,5.12,3.25697235057,21
16,6983229a0e0fe5fb5d401dcc,M06,4,6.95,4.2758380183,21
16,6983229a0e0fe5fb5d401dcc,M07,4,6.92,3.8816751823,30
16,6983229a0e0fe5fb5d401dcc,M08,4,8.38,3.32234689278,30
16,6983229a0e0fe5fb5d401dcc,M09,4,7.44,3.00122278392,30
16,6983229a0e0fe5fb5d401dcc,M10,4,10.19,3.55910796312,30
16,6983229a0e0fe5fb5d401dcc,M11,4,9.36,3.34820411868,30
16,6983229a0e0fe5fb5d401dcc,M12,4,9.7,3.40394121503,45
16,6983229a0e0fe5fb5d401dcc,M13,4,10.44,4.12946214164,60
16,6983229a0e0fe5fb5d401dcc,M14,4,7.63,3.57594091987,60
16,6983229a0e0fe5fb5d401dcc,M15,4,10.7,4.54413062556,60
16,6983229a0e0fe5fb5d401dcc,M16,4,17.04,7.8851491996,100
16,6983229a0e0fe5fb5d401dcc,M17,4,3.58,2.65489900872,14
16,6983229a0e0fe5fb5d401dcc,M18,4,5.71,3.80565194775,21
16,6983229a0e0fe5fb5d401dcc,M19,4,5.07,3.79111085069,21
16,6983229a0e0fe5fb5d401dcc,M20,4,6.2,4.09614869196,20
16,6983229a0e0fe5fb5d401dcc,M21,4,5.07,3.80758579546,21
16,6983229a0e0fe5fb5d401dcc,M22,4,9.38,4.67428823241,45
16,6983229a0e0fe5fb5d401dcc,M23,4,7.4,3.80372106598,45
16,6983229a0e0fe5fb5d401dcc,M24,4,9.56,4.8869263209,45
16,6983229a0e0fe5fb5d401dcc,M25,4,7.16,4.50068514343,20
16,6983229a0e0fe5fb5d401dcc,M26,4,4.9,3.87241976059,20
16,6983229a0e0fe5fb5d401dcc,M27,4,7.72,5.00795174713,30
16,6983229a0e0fe5fb5d401dcc,M28,4,5.69,4.16083244283,30
16,6983229a0e0fe5fb5d401dcc,M29,4,7.79,5.14954475069,30
16,6983229a0e0fe5fb5d401dcc,M30,4,4.27,3.66955199883,21
17,e23aae84b93938a0352fa862,M01,0,4.13,2.79094529319,10
17,e23aae84b93938a0352fa862,M02,0,4.55,2.62072404655,15
17,e23aae84b93938a0352fa862,M03,0,4.59,2.86232668865,21
17,e23aae84b93938a0352fa862,M04,0,4.15,2.80610030015,21
17,e23aae84b93938a0352fa862,M05,0,3.82,2.77151468859,21
17,e23aae84b93938a0352fa862,M06,0,5.84,3.28238344068,21
17,e23aae84b93938a0352fa862,M07,0,5.18,3.14013593576,30
17,e23aae84b93938a0352fa862,M08,0,4.85,2.88130111977,30
17,e23aae84b93938a0352fa862,M09,0,3.27,2.82004207373,30
17,e23aae84b93938a0352fa862,M10,0,6.48,3.02063164031,30
17,e23aae84b93938a0352fa862,M11,0,4.59,2.95684829642,30
17,e23aae84b93938a0352fa862,M12,0,4.81,2.97463102096,45
17,e23aae84b93938a0352fa862,M13,0,6.23,3.19696639088,60
17,e23aae84b93938a0352fa862,M14,0,3.78,2.85572556718,60
17,e23aae84b93938a0352fa862,M15,0,6.68,3.59731355579,60
17,e23aae84b93938a0352fa862,M16,0,7.32,5.02507728557,100
17,e23aae84b93938a0352fa862,M17,0,2.08,2.32999091513,14
17,e23aae84b93938a0352fa862,M18,0,4.76,3.08785208871,21
17,e23aae84b93938a0352fa862,M19,0,4.45,3.07244962786,21
17,e23aae84b93938a0352fa862,M20,0,4.29,3.11977620341,20
17,e23aae84b93938a0352fa862,M21,0,4.35,3.12363288079,21
17,e23aae84b93938a0352fa862,M22,0,5.93,3.63560007094,45
17,e23aae84b93938a0352fa862,M23,0,3.36,3.18936676381,45
17,e23aae84b93938a0352fa862,M24,0,6.38,3.88871447532,45
17,e23aae84b93938a0352fa862,M25,0,6.67,3.55943813206,20
17,e23aae84b93938a0352fa862,M26,0,4.7,3.31093518789,20
17,e23aae84b93938a0352fa862,M27,0,7.09,4.09723231291,30
17,e23aae84b93938a0352fa862,M28,0,5.29,3.61332914376,30
17,e23aae84b93938a0352fa862,M29,0,7.06,4.22896732145,30
17,e23aae84b93938a0352fa862,M30,0,4.59,3.14100353254,21
18,b4fed703cda493a4827fa37b,M01,0,5.92,6.61391576792,10
18,b4fed703cda493a4827fa37b,M02,0,7.72,8.55432607291,15
18,b4fed703cda493a4827fa37b,M03,0,6.89,8.50980048031,21
18,b4fed703cda493a4827fa37b,M04,0,6.43,8.22393282222,21
18,b4fed703cda493a4827fa37b,M05,0,6.33,8.21717682926,21
18,b4fed703cda493a4827fa37b,M06,0,8.77,11.0678780984,21
18,b4fed703cda493a4827fa37b,M07,0,8.98,11.7366637304,30
18,b4fed703cda493a4827fa37b,M08,0,12.2,16.0400912568,30
18,b4fed703cda493a4827fa37b,M09,0,11.16,15.5354881399,30
18,b4fed703cda493a4827fa37b,M10,0,14.08,16.3446821717,30
18,b4fed703cda493a4827fa37b,M11,0,13.12,15.9723385034,30
18,b4fed703cda493a4827fa37b,M12,0,15.64,20.5414449277,45
18,b4fed703cda493a4827fa37b,M13,0,15.35,20.3364911961,60
18,b4fed703cda493a4827fa37b,M14,0,12.37,19.4059894891,60
18,b4fed703cda493a4827fa37b,M15,0,15.34,20.5353308251,60
18,b4fed703cda493a4827fa37b,M16,0,32.02,44.1933366088,100
18,b4fed703cda493a4827fa37b,M17,0,5.12,6.52720330888,14
18,b4fed703cda493a4827fa37b,M18,0,6.98,8.33727999998,21
18,b4fed703cda493a4827fa37b,M19,0,5.56,7.01144461021,21
18,b4fed703cda493a4827fa37b,M20,0,7.19,9.55809511835,20
18,b4fed703cda493a4827fa37b,M21,0,5.49,6.97977633437,21
18,b4fed703cda493a4827fa37b,M22,0,11.04,15.7311072191,45
18,b4fed703cda493a4827fa37b,M23,0,9.18,14.6855387639,45
18,b4fed703cda493a4827fa37b,M24,0,11.21,15.9148260435,45
18,b4fed703cda493a4827fa37b,M25,0,11.62,12.7578637338,20
18,b4fed703cda493a4827fa37b,M26,0,10,12.0038349823,20
18,b4fed703cda493a4827fa37b,M27,0,11.66,14.7586985964,30
18,b4fed703cda493a4827fa37b,M28,0,9.59,13.8510417643,30
18,b4fed703cda493a4827fa37b,M29,0,11.46,14.8527747198,30
18,b4fed703cda493a4827fa37b,M30,0,6.93,8.52578395389,21
19,ac149acd23b05351f726234b,M01,1,3.36,4.76447781815,10
19,ac149acd23b05351f726234b,M02,1,2.79,5.1764874138,15
19,ac149acd23b05351f726234b,M03,1,3.88,5.00569282415,21
19,ac149acd23b05351f726234b,M04,1,3.15,4.84360416754,21
19,ac149acd23b05351f726234b,M05,1,2.97,4.74077533578,21
19,ac149acd23b05351f726234b,M06,1,4.73,6.47775042525,21
19,ac149acd23b05351f726234b,M07,1,3.95,6.43788820476,30
19,ac149acd23b05351f726234b,M08,1,2.79,8.1389817363,30
19,ac149acd23b05351f726234b,M09,1,2.17,7.69488895334,30
19,ac149acd23b05351f726234b,M10,1,4.01,8.19969183808,30
19,ac149acd23b05351f726234b,M11,1,3.18,7.7540892521,30
19,ac149acd23b05351f726234b,M12,1,2.79,8.71202472343,45
19,ac149acd23b05351f726234b,M13,1,4.47,8.54375711757,60
19,ac149acd23b05351f726234b,M14,1,2.43,8.04987117063,60
19,ac149acd23b05351f726234b,M15,1,4.96,8.83099418713,60
19,ac149acd23b05351f726234b,M16,1,4.61,13.6151794734,100
19,ac149acd23b05351f726234b,M17,1,1.78,4.40565046931,14
19,ac149acd23b05351f726234b,M18,1,4.5,5.00146106721,21
19,ac149acd23b05351f726234b,M19,1,3.79,4.98166121637,21
19,ac149acd23b05351f726234b,M20,1,3.8,6.27436345203,20
19,ac149acd23b05351f726234b,M21,1,4.17,4.9572940214,21
19,ac149acd23b05351f726234b,M22,1,4.32,7.83923282025,45
19,ac149acd23b05351f726234b,M23,1,2.19,7.39870607361,45
19,ac149acd23b05351f726234b,M24,1,5.36,8.19653547208,45
19,ac149acd23b05351f726234b,M25,1,5.27,6.6319680264,20
19,ac149acd23b05351f726234b,M26,1,3.39,6.45631166376,20
19,ac149acd23b05351f726234b,M27,1,5.97,7.53226043249,30
19,ac149acd23b05351f726234b,M28,1,3.95,7.12884733075,30
19,ac149acd23b05351f726234b,M29,1,6.06,7.79837096127,30
19,ac149acd23b05351f726234b,M30,1,3.2,5.03874048532,21
20,2e969e332007bc99ca627155,M01,4,1.36,3.35084219964,10
20,2e969e332007bc99ca627155,M02,4,0.93,3.08977804457,15
20,2e969e332007bc99ca627155,M03,4,1.38,3.36500328808,21
20,2e969e332007bc99ca627155,M04,4,1.38,3.19865983744,21
20,2e969e332007bc99ca627155,M05,4,1.32,3.09518784258,21
20,2e969e332007bc99ca627155,M06,4,1.44,3.82137585724,21
20,2e969e332007bc99ca627155,M07,4,1.38,3.57709339955,30
20,2e969e332007bc99ca627155,M08,4,0.92,3.53062315482,30
20,2e969e332007bc99ca627155,M09,4,0.93,3.20269217599,30
20,2e969e332007bc99ca627155,M10,4,1.37,3.6463612535,30
20,2e969e332007bc99ca627155,M11,4,1.33,3.41386205183,30
20,2e969e332007bc99ca627155,M12,4,0.93,3.71659773168,45
20,2e969e332007bc99ca627155,M13,4,1.27,4.09267450574,60
20,2e969e332007bc99ca627155,M14,4,0.75,3.63107589641,60
20,2e969e332007bc99ca627155,M15,4,1.6,4.50843329078,60
20,2e969e332007bc99ca627155,M16,4,1.25,5.00068218659,100
20,2e969e332007bc99ca627155,M17,4,0.92,2.56092672976,14
20,2e969e332007bc99ca627155,M18,4,1.48,3.46134302336,21
20,2e969e332007bc99ca627155,M19,4,1.39,3.61837895001,21
20,2e969e332007bc99ca627155,M20,4,0.68,3.58666595216,20
20,2e969e332007bc99ca627155,M21,4,1.47,3.47022652263,21
20,2e969e332007bc99ca627155,M22,4,1.27,4.39916246478,45
20,2e969e332007bc99ca627155,M23,4,0.77,3.76430415922,45
20,2e969e332007bc99ca627155,M24,4,1.63,4.7267212911,45
20,2e969e332007bc99ca627155,M25,4,5.16,3.48578657349,20
20,2e969e332007bc99ca627155,M26,4,3.17,3.05048616593,20
20,2e969e332007bc99ca627155,M27,4,5.88,3.99893319517,30
20,2e969e332007bc99ca627155,M28,4,3.83,3.32850658705,30
20,2e969e332007bc99ca627155,M29,4,4.89,4.33591672133,30
20,2e969e332007bc99ca627155,M30,4,2.44,3.21234835103,21
21,f3235c534d97f6bc0f007674,M01,4,7.56,6.1463338703,10
21,f3235c534d97f6bc0f007674,M02,4,9.96,7.89921328616,15
21,f3235c534d97f6bc0f007674,M03,4,10.42,7.66766736558,21
21,f3235c534d97f6bc0f007674,M04,4,9.41,7.35182908603,21
21,f3235c534d97f6bc0f007674,M05,4,9.45,7.20828337736,21
21,f3235c534d97f6bc0f007674,M06,4,13,9.58407692326,21
21,f3235c534d97f6bc0f007674,M07,4,14.14,10.2753739515,30
21,f3235c534d97f6bc0f007674,M08,4,18.44,13.5963826947,30
21,f3235c534d97f6bc0f007674,M09,4,16.96,12.8484779892,30
21,f3235c534d97f6bc0f007674,M10,4,20.28,14.0844510662,30
21,f3235c534d97f6bc0f007674,M11,4,19.12,13.514863906,30
21,f3235c534d97f6bc0f007674,M12,4,25.84,17.1135712941,45
21,f3235c534d97f6bc0f007674,M13,4,26.01,16.7119018169,60
21,f3235c534d97f6bc0f007674,M14,4,21.9,15.8010695761,60
21,f3235c534d97f6bc0f007674,M15,4,26.48,17.1025020917,60
21,f3235c534d97f6bc0f007674,M16,4,53.73,36.9232686867,100
21,f3235c534d97f6bc0f007674,M17,4,7.33,5.55971053205,14
21,f3235c534d97f6bc0f007674,M18,4,9.98,7.38597771485,21
21,f3235c534d97f6bc0f007674,M19,4,8.69,6.31368345841,21
21,f3235c534d97f6bc0f007674,M20,4,10.71,8.05485939899,20
21,f3235c534d97f6bc0f007674,M21,4,8,6.20021506288,21
21,f3235c534d97f6bc0f007674,M22,4,19.09,12.3601360075,45
21,f3235c534d97f6bc0f007674,M23,4,15.69,11.0221568096,45
21,f3235c534d97f6bc0f007674,M24,4,19.99,12.4477490071,45
21,f3235c534d97f6bc0f007674,M25,4,14.48,11.1916592723,20
21,f3235c534d97f6bc0f007674,M26,4,12.99,10.4287549296,20
21,f3235c534d97f6bc0f007674,M27,4,16.89,12.2755304576,30
21,f3235c534d97f6bc0f007674,M28,4,14.59,10.9967807346,30
21,f3235c534d97f6bc0f007674,M29,4,16.97,12.3069704936,30
21,f3235c534d97f6bc0f007674,M30,4,10.46,7.69549847958,21
23,8742336b8c952dfbe6485e45,M01,4,6.74,6.15481049664,10
23,8742336b8c952dfbe6485e45,M02,4,8.97,7.60951465556,15
23,8742336b8c952dfbe6485e45,M03,4,8.72,7.29555857138,21
23,8742336b8c952dfbe6485e45,M04,4,8.05,6.82944978095,21
23,8742336b8c952dfbe6485e45,M05,4,7.99,6.61761541898,21
23,8742336b8c952dfbe6485e45,M06,4,10.99,9.57040331617,21
23,8742336b8c952dfbe6485e45,M07,4,11.69,9.97102675399,30
23,8742336b8c952dfbe6485e45,M08,4,15.81,13.9057144955,30
23,8742336b8c952dfbe6485e45,M09,4,14.69,13.0899184503,30
23,8742336b8c952dfbe6485e45,M10,4,17.59,14.6181183537,30
23,8742336b8c952dfbe6485e45,M11,4,16.76,13.9917154416,30
23,8742336b8c952dfbe6485e45,M12,4,21.59,17.2989798516,45
23,8742336b8c952dfbe6485e45,M13,4,21.04,16.7124290176,60
23,8742336b8c952dfbe6485e45,M14,4,17.33,14.9558377173,60
23,8742336b8c952dfbe6485e45,M15,4,21.47,17.2607378586,60
23,8742336b8c952dfbe6485e45,M16,4,46.65,35.7749754712,100
23,8742336b8c952dfbe6485e45,M17,4,6.41,5.70538957596,14
23,8742336b8c952dfbe6485e45,M18,4,8.66,6.99157303628,21
23,8742336b8c952dfbe6485e45,M19,4,7.26,6.03001031625,21
23,8742336b8c952dfbe6485e45,M20,4,9.53,8.06634217341,20
23,8742336b8c952dfbe6485e45,M21,4,7.02,5.94699791952,21
23,8742336b8c952dfbe6485e45,M22,4,15.98,12.6749591062,45
23,8742336b8c952dfbe6485e45,M23,4,13.25,10.614579946,45
23,8742336b8c952dfbe6485e45,M24,4,16.5,12.8666357963,45
23,8742336b8c952dfbe6485e45,M25,4,13.2,11.3213988637,20
23,8742336b8c952dfbe6485e45,M26,4,11.77,10.4268492671,20
23,8742336b8c952dfbe6485e45,M27,4,14.5,12.4925932108,30
23,8742336b8c952dfbe6485e45,M28,4,12.31,10.707820784,30
23,8742336b8c952dfbe6485e45,M29,4,14.54,12.618323263,30
23,8742336b8c952dfbe6485e45,M30,4,8.75,7.28771034106,21
24,e7732197de6d851c1ed1bd48,M25,4,12.53,11.2229509902,20
24,e7732197de6d851c1ed1bd48,M26,4,11.11,10.4429025593,20
24,e7732197de6d851c1ed1bd48,M27,4,13.27,11.9531980504,30
24,e7732197de6d851c1ed1bd48,M28,4,11.26,10.475353332,30
24,e7732197de6d851c1ed1bd48,M29,4,13.1,11.9496993917,30
24,e7732197de6d851c1ed1bd48,M30,4,7.87,7.31458072052,21
25,a36f54566b3e72a686c53426,M01,2,1.27,3.23229844987,10
25,a36f54566b3e72a686c53426,M02,2,0.9,3.20775285113,15
25,a36f54566b3e72a686c53426,M03,2,1.35,3.32993299461,21
25,a36f54566b3e72a686c53426,M04,2,1.36,3.29890089315,21
25,a36f54566b3e72a686c53426,M05,2,1.35,3.27330762975,21
25,a36f54566b3e72a686c53426,M06,2,1.43,3.73133355555,21
25,a36f54566b3e72a686c53426,M07,2,1.35,3.65766454631,30
25,a36f54566b3e72a686c53426,M08,2,0.9,4.4263561126,30
25,a36f54566b3e72a686c53426,M09,2,0.91,4.3195617135,30
25,a36f54566b3e72a686c53426,M10,2,1.35,4.54948247888,30
25,a36f54566b3e72a686c53426,M11,2,1.32,4.44663360225,30
25,a36f54566b3e72a686c53426,M12,2,0.9,4.87677792215,45
25,a36f54566b3e72a686c53426,M13,2,1.27,5.1277491089,60
25,a36f54566b3e72a686c53426,M14,2,0.75,4.83847884519,60
25,a36f54566b3e72a686c53426,M15,2,1.6,5.50167166162,60
25,a36f54566b3e72a686c53426,M16,2,1.25,7.84404105476,100
25,a36f54566b3e72a686c53426,M17,2,0.9,2.94297704621,14
25,a36f54566b3e72a686c53426,M18,2,1.44,3.49324035142,21
25,a36f54566b3e72a686c53426,M19,2,1.36,3.46270064895,21
25,a36f54566b3e72a686c53426,M20,2,0.59,3.63390319323,20
25,a36f54566b3e72a686c53426,M21,2,1.4,3.4885838406,21
25,a36f54566b3e72a686c53426,M22,2,1.23,4.78014521669,45
25,a36f54566b3e72a686c53426,M23,2,0.75,4.40087109745,45
25,a36f54566b3e72a686c53426,M24,2,1.56,5.02511828228,45
25,a36f54566b3e72a686c53426,M25,2,3.54,3.80950981215,20
25,a36f54566b3e72a686c53426,M26,2,2.02,3.74300135588,20
25,a36f54566b3e72a686c53426,M27,2,3.76,4.74682363222,30
25,a36f54566b3e72a686c53426,M28,2,2.17,4.38697596197,30
25,a36f54566b3e72a686c53426,M29,2,4.98,5.00472166917,30
25,a36f54566b3e72a686c53426,M30,2,2.55,3.35130775052,21
26,27c58396e87680d42d13063f,M01,1,6.01,5.98873143936,10
26,27c58396e87680d42d13063f,M02,1,7.68,7.07067815522,15
26,27c58396e87680d42d13063f,M03,1,6.93,7.02112247287,21
26,27c58396e87680d42d13063f,M04,1,6.17,6.75032793681,21
26,27c58396e87680d42d13063f,M05,1,6.13,6.65345343803,21
26,27c58396e87680d42d13063f,M06,1,8.8,8.9550411889,21
26,27c58396e87680d42d13063f,M07,1,8.87,9.38255008386,30
26,27c58396e87680d42d13063f,M08,1,11.64,12.9659548919,30
26,27c58396e87680d42d13063f,M09,1,9.77,12.4581721394,30
26,27c58396e87680d42d13063f,M10,1,13.65,13.2929811992,30
26,27c58396e87680d42d13063f,M11,1,12.19,12.8516535359,30
26,27c58396e87680d42d13063f,M12,1,14.43,15.9433259442,45
26,27c58396e87680d42d13063f,M13,1,14.56,15.5555418846,60
26,27c58396e87680d42d13063f,M14,1,11.23,14.6554589294,60
26,27c58396e87680d42d13063f,M15,1,14.69,15.9347981843,60
26,27c58396e87680d42d13063f,M16,1,27.4,40.6090823938,100
26,27c58396e87680d42d13063f,M17,1,3.25,5.61297623763,14
26,27c58396e87680d42d13063f,M18,1,5.6,6.81617508677,21
26,27c58396e87680d42d13063f,M19,1,5.33,6.19429757643,21
26,27c58396e87680d42d13063f,M20,1,5.24,8.18616182912,20
26,27c58396e87680d42d13063f,M21,1,4.48,6.0935170821,21
26,27c58396e87680d42d13063f,M22,1,7.46,12.1973826906,45
26,27c58396e87680d42d13063f,M23,1,6.34,10.7810090846,45
26,27c58396e87680d42d13063f,M24,1,7.26,12.3131332206,45
26,27c58396e87680d42d13063f,M25,1,12.08,10.0252423883,20
26,27c58396e87680d42d13063f,M26,1,10.36,9.62499227186,20
26,27c58396e87680d42d13063f,M27,1,12.32,11.8624957081,30
26,27c58396e87680d42d13063f,M28,1,10.07,10.6430438969,30
26,27c58396e87680d42d13063f,M29,1,12.16,11.9306048315,30
26,27c58396e87680d42d13063f,M30,1,7.37,7.039076876,21
27,76c4529644e0b71c67b057ff,M25,0,15.65,15.0145189881,20
27,76c4529644e0b71c67b057ff,M26,0,14.42,14.0755163071,20
27,76c4529644e0b71c67b057ff,M27,0,19.69,18.8996314151,30
27,76c4529644e0b71c67b057ff,M28,0,17.86,17.0568612779,30
27,76c4529644e0b71c67b057ff,M29,0,19.79,18.8877785016,30
27,76c4529644e0b71c67b057ff,M30,0,12.54,11.5279976479,21
28,8efe873c7ea952bb6b580341,M01,1,5.49,3.88004469964,10
28,8efe873c7ea952bb6b580341,M02,1,7.2,4.28144815066,15
28,8efe873c7ea952bb6b580341,M03,1,6.27,4.104573513,21
28,8efe873c7ea952bb6b580341,M04,1,5.8,4.0445683122,21
28,8efe873c7ea952bb6b580341,M05,1,5.65,3.97759580228,21
28,8efe873c7ea952bb6b580341,M06,1,7.93,5.01937598608,21
28,8efe873c7ea952bb6b580341,M07,1,8.08,4.96397730911,30
28,8efe873c7ea952bb6b580341,M08,1,10.85,5.93103194192,30
28,8efe873c7ea952bb6b580341,M09,1,9.55,5.69121999772,30
28,8efe873c7ea952bb6b580341,M10,1,12.65,5.9734063656,30
28,8efe873c7ea952bb6b580341,M11,1,11.52,5.75516843006,30
28,8efe873c7ea952bb6b580341,M12,1,13.51,6.73556097648,45
28,8efe873c7ea952bb6b580341,M13,1,13.34,6.77841508687,60
28,8efe873c7ea952bb6b580341,M14,1,10.44,6.39371588502,60
28,8efe873c7ea952bb6b580341,M15,1,13.56,7.01010559973,60
28,8efe873c7ea952bb6b580341,M16,1,25.79,10.6236032845,100
28,8efe873c7ea952bb6b580341,M17,1,4.31,3.3430587385,14
28,8efe873c7ea952bb6b580341,M18,1,6.32,4.36636450034,21
28,8efe873c7ea952bb6b580341,M19,1,5.31,4.33069868824,21
28,8efe873c7ea952bb6b580341,M20,1,7.01,5.0089287497,20
28,8efe873c7ea952bb6b580341,M21,1,5.29,4.40468039631,21
28,8efe873c7ea952bb6b580341,M22,1,10.68,6.31320874339,45
28,8efe873c7ea952bb6b580341,M23,1,8.87,5.90449729862,45
28,8efe873c7ea952bb6b580341,M24,1,10.75,6.50332783228,45
28,8efe873c7ea952bb6b580341,M25,1,10.8,4.75845586728,20
28,8efe873c7ea952bb6b580341,M26,1,9.05,4.51175182354,20
28,8efe873c7ea952bb6b580341,M27,1,10.46,5.80079344643,30
28,8efe873c7ea952bb6b580341,M28,1,8.58,5.40881586152,30
28,8efe873c7ea952bb6b580341,M29,1,10.34,5.96067747025,30
28,8efe873c7ea952bb6b580341,M30,1,6.28,4.01986391849,21
29,e863ae07267316f831b4c0a3,M01,0,6.27,6.41528745842,10
29,e863ae07267316f831b4c0a3,M02,0,8.27,8.51169612474,15
29,e863ae07267316f831b4c0a3,M03,0,7.64,8.32899041156,21
29,e863ae07267316f831b4c0a3,M04,0,7,8.02624868996,21
29,e863ae07267316f831b4c0a3,M05,0,6.97,7.95400926505,21
29,e863ae07267316f831b4c0a3,M06,0,9.69,10.1462390649,21
29,e863ae07267316f831b4c0a3,M07,0,10.05,10.7751180811,30
29,e863ae07267316f831b4c0a3,M08,0,13.78,15.111633322,30
29,e863ae07267316f831b4c0a3,M09,0,12.58,14.4691731583,30
29,e863ae07267316f831b4c0a3,M10,0,15.62,15.6445200167,30
29,e863ae07267316f831b4c0a3,M11,0,14.68,15.200242557,30
29,e863ae07267316f831b4c0a3,M12,0,18.26,19.6938841603,45
29,e863ae07267316f831b4c0a3,M13,0,17.68,19.2759840272,60
29,e863ae07267316f831b4c0a3,M14,0,14.34,16.9133603675,60
29,e863ae07267316f831b4c0a3,M15,0,17.83,19.6278600638,60
29,e863ae07267316f831b4c0a3,M16,0,38.9,37.4068071201,100
29,e863ae07267316f831b4c0a3,M17,0,5.63,6.20484078005,14
29,e863ae07267316f831b4c0a3,M18,0,7.61,8.17482220514,21
29,e863ae07267316f831b4c0a3,M19,0,6.5,6.68794780631,21
29,e863ae07267316f831b4c0a3,M20,0,8.66,9.03231272406,20
29,e863ae07267316f831b4c0a3,M21,0,6.35,6.6932188698,21
29,e863ae07267316f831b4c0a3,M22,0,13.9,14.6475836594,45
29,e863ae07267316f831b4c0a3,M23,0,11.55,11.9922905742,45
29,e863ae07267316f831b4c0a3,M24,0,14.28,14.7913751641,45
29,e863ae07267316f831b4c0a3,M25,0,12.36,12.2384960469,20
29,e863ae07267316f831b4c0a3,M26,0,10.8,11.2056637491,20
29,e863ae07267316f831b4c0a3,M27,0,12.88,14.0044915843,30
29,e863ae07267316f831b4c0a3,M28,0,10.71,11.7889323417,30
29,e863ae07267316f831b4c0a3,M29,0,12.75,14.0415170055,30
29,e863ae07267316f831b4c0a3,M30,0,7.66,8.32795768428,21
31,87bd4c8586b4b78f83e43895,M01,0,5.14,5.7020861333,10
31,87bd4c8586b4b78f83e43895,M02,0,6.63,6.66390414713,15
31,87bd4c8586b4b78f83e43895,M03,0,6.09,6.30934594838,21
31,87bd4c8586b4b78f83e43895,M04,0,5.48,6.00723873069,21
31,87bd4c8586b4b78f83e43895,M05,0,5.27,5.9501771384,21
31,87bd4c8586b4b78f83e43895,M06,0,7.11,8.7122872117,21
31,87bd4c8586b4b78f83e43895,M07,0,7.64,9.0570009529,30
31,87bd4c8586b4b78f83e43895,M08,0,8.38,11.3739823346,30
31,87bd4c8586b4b78f83e43895,M09,0,6.26,10.7612684543,30
31,87bd4c8586b4b78f83e43895,M10,0,10.92,11.5394518983,30
31,87bd4c8586b4b78f83e43895,M11,0,8.62,11.0427573835,30
31,87bd4c8586b4b78f83e43895,M12,0,9.09,14.5504261684,45
31,87bd4c8586b4b78f83e43895,M13,0,7.9,14.1916278236,60
31,87bd4c8586b4b78f83e43895,M14,0,7.85,13.326786686,60
31,87bd4c8586b4b78f83e43895,M15,0,6.17,14.4782735521,60
31,87bd4c8586b4b78f83e43895,M16,0,12.51,34.4035049144,100
31,87bd4c8586b4b78f83e43895,M17,0,3.87,5.3651109348,14
31,87bd4c8586b4b78f83e43895,M18,0,6.03,6.36895944334,21
31,87bd4c8586b4b78f83e43895,M19,0,5.01,5.75222298197,21
31,87bd4c8586b4b78f83e43895,M20,0,6.06,8.11356392061,20
31,87bd4c8586b4b78f83e43895,M21,0,5.05,5.67278400308,21
31,87bd4c8586b4b78f83e43895,M22,0,9.31,10.8466116153,45
31,87bd4c8586b4b78f83e43895,M23,0,6.95,9.72088447189,45
31,87bd4c8586b4b78f83e43895,M24,0,9.92,11.1026207305,45
31,87bd4c8586b4b78f83e43895,M25,0,8.81,10.6042601675,20
31,87bd4c8586b4b78f83e43895,M26,0,6.03,9.79727574673,20
31,87bd4c8586b4b78f83e43895,M27,0,8.64,10.7279364534,30
31,87bd4c8586b4b78f83e43895,M28,0,6.37,9.59656792678,30
31,87bd4c8586b4b78f83e43895,M29,0,9.51,10.9429801884,30
31,87bd4c8586b4b78f83e43895,M30,0,5.4,6.29780784881,21
32,1db51764879da07a9a804f89,M01,3,3.62,4.70399392323,10
32,1db51764879da07a9a804f89,M02,3,3.04,5.31163331331,15
32,1db51764879da07a9a804f89,M03,3,4.02,4.87242828062,21
32,1db51764879da07a9a804f89,M04,3,3.21,4.80408752953,21
32,1db51764879da07a9a804f89,M05,3,2.76,4.68682056914,21
32,1db51764879da07a9a804f89,M06,3,5.05,6.45860133951,21
32,1db51764879da07a9a804f89,M07,3,4.19,6.18637429251,30
32,1db51764879da07a9a804f89,M08,3,3.05,6.86619056691,30
32,1db51764879da07a9a804f89,M09,3,2.21,6.43147819769,30
32,1db51764879da07a9a804f89,M10,3,4.38,6.97342778006,30
32,1db51764879da07a9a804f89,M11,3,3.12,6.58174793693,30
32,1db51764879da07a9a804f89,M12,3,3,7.37577600066,45
32,1db51764879da07a9a804f89,M13,3,4.75,7.5706262637,60
32,1db51764879da07a9a804f89,M14,3,2.61,6.90484453565,60
32,1db51764879da07a9a804f89,M15,3,5.23,7.822375715,60
32,1db51764879da07a9a804f89,M16,3,5.02,13.6870959323,100
32,1db51764879da07a9a804f89,M17,3,1.72,3.11336805069,14
32,1db51764879da07a9a804f89,M18,3,4.5,5.03244278482,21
32,1db51764879da07a9a804f89,M19,3,4.23,4.88156893975,21
32,1db51764879da07a9a804f89,M20,3,4.49,6.16237051972,20
32,1db51764879da07a9a804f89,M21,3,4.45,4.94742309361,21
32,1db51764879da07a9a804f89,M22,3,6.56,7.2847696736,45
32,1db51764879da07a9a804f89,M23,3,3.92,6.37104211433,45
32,1db51764879da07a9a804f89,M24,3,6.98,7.3509049422,45
32,1db51764879da07a9a804f89,M25,3,1.43,6.92301498342,20
32,1db51764879da07a9a804f89,M26,3,0.84,6.2432332659,20
32,1db51764879da07a9a804f89,M27,3,1.74,7.10117403649,30
32,1db51764879da07a9a804f89,M28,3,0.85,6.18507345453,30
32,1db51764879da07a9a804f89,M29,3,2.62,7.1741161185,30
32,1db51764879da07a9a804f89,M30,3,1.46,4.85979103338,21
33,267de3c8ac980a5b10b9c703,M01,2,1.74,1.98249374122,10
33,267de3c8ac980a5b10b9c703,M02,2,1.33,1.69670382968,15
33,267de3c8ac980a5b10b9c703,M03,2,1.96,2.0416363014,21
33,267de3c8ac980a5b10b9c703,M04,2,1.46,2.0050574677,21
33,267de3c8ac980a5b10b9c703,M05,2,1.73,1.99414231643,21
33,267de3c8ac980a5b10b9c703,M06,2,2.11,2.19652092827,21
33,267de3c8ac980a5b10b9c703,M07,2,1.97,2.07238165824,30
33,267de3c8ac980a5b10b9c703,M08,2,1.34,1.60659397737,30
33,267de3c8ac980a5b10b9c703,M09,2,1.21,1.58491072901,30
33,267de3c8ac980a5b10b9c703,M10,2,1.97,1.76457417298,30
33,267de3c8ac980a5b10b9c703,M11,2,1.84,1.74693630713,30
33,267de3c8ac980a5b10b9c703,M12,2,1.33,1.62157824414,45
33,267de3c8ac980a5b10b9c703,M13,2,1.93,1.98101508995,60
33,267de3c8ac980a5b10b9c703,M14,2,0.98,1.67187184339,60
33,267de3c8ac980a5b10b9c703,M15,2,2.67,2.41141488933,60
33,267de3c8ac980a5b10b9c703,M16,2,1.91,6.64357835137,100
33,267de3c8ac980a5b10b9c703,M17,2,0.94,1.51811210335,14
33,267de3c8ac980a5b10b9c703,M18,2,1.7,2.04844557411,21
33,267de3c8ac980a5b10b9c703,M19,2,2.04,2.11468739867,21
33,267de3c8ac980a5b10b9c703,M20,2,1.24,1.83587244789,20
33,267de3c8ac980a5b10b9c703,M21,2,1.6,2.05483944763,21
33,267de3c8ac980a5b10b9c703,M22,2,1.75,2.04361871767,45
33,267de3c8ac980a5b10b9c703,M23,2,0.95,1.71213718766,45
33,267de3c8ac980a5b10b9c703,M24,2,3.22,2.38965287457,45
33,267de3c8ac980a5b10b9c703,M25,2,2.36,2.65460961502,20
33,267de3c8ac980a5b10b9c703,M26,2,1.06,2.57112335505,20
33,267de3c8ac980a5b10b9c703,M27,2,2.51,2.88994734939,30
33,267de3c8ac980a5b10b9c703,M28,2,1.03,2.61695498559,30
33,267de3c8ac980a5b10b9c703,M29,2,3.92,3.12658105325,30
33,267de3c8ac980a5b10b9c703,M30,2,1.98,2.36250759653,21
34,3577ec1a80f55e1baa422693,M01,4,6.42,5.48344365036,10
34,3577ec1a80f55e1baa422693,M02,4,8.38,6.64217809115,15
34,3577ec1a80f55e1baa422693,M03,4,7.8,5.760688765,21
34,3577ec1a80f55e1baa422693,M04,4,7.03,5.65224977703,21
34,3577ec1a80f55e1baa422693,M05,4,6.99,5.54370614385,21
34,3577ec1a80f55e1baa422693,M06,4,9.95,8.07620569095,21
34,3577ec1a80f55e1baa422693,M07,4,10.21,8.07054501595,30
34,3577ec1a80f55e1baa422693,M08,4,13.69,10.7961606606,30
34,3577ec1a80f55e1baa422693,M09,4,12.17,10.1455314131,30
34,3577ec1a80f55e1baa422693,M10,4,15.68,11.0796165779,30
34,3577ec1a80f55e1baa422693,M11,4,14.53,10.5934447407,30
34,3577ec1a80f55e1baa422693,M12,4,17.81,12.5759995989,45
34,3577ec1a80f55e1baa422693,M13,4,17.66,12.2981435712,60
34,3577ec1a80f55e1baa422693,M14,4,14.02,11.6990494997,60
34,3577ec1a80f55e1baa422693,M15,4,17.95,12.6570020186,60
34,3577ec1a80f55e1baa422693,M16,4,37.06,20.6635299317,100
34,3577ec1a80f55e1baa422693,M17,4,5.56,4.50516435413,14
34,3577ec1a80f55e1baa422693,M18,4,7.62,5.81233167845,21
34,3577ec1a80f55e1baa422693,M19,4,6.43,5.41054073127,21
34,3577ec1a80f55e1baa422693,M20,4,8.4,7.83675417769,20
34,3577ec1a80f55e1baa422693,M21,4,6.19,5.45501780058,21
34,3577ec1a80f55e1baa422693,M22,4,13.42,10.2374730109,45
34,3577ec1a80f55e1baa422693,M23,4,11.06,9.2592823578,45
34,3577ec1a80f55e1baa422693,M24,4,13.78,10.382456869,45
34,3577ec1a80f55e1baa422693,M25,4,12.52,8.65300935998,20
34,3577ec1a80f55e1baa422693,M26,4,10.8,8.22378574303,20
34,3577ec1a80f55e1baa422693,M27,4,13.05,9.17510537676,30
34,3577ec1a80f55e1baa422693,M28,4,10.71,8.36489657478,30
34,3577ec1a80f55e1baa422693,M29,4,13.04,9.20670538058,30
34,3577ec1a80f55e1baa422693,M30,4,7.81,5.70646617967,21
35,81b5b6388a6be51a7a64d27f,M01,2,8.18,6.78894865848,10
35,81b5b6388a6be51a7a64d27f,M02,2,10.78,9.42552371294,15
35,81b5b6388a6be51a7a64d27f,M03,2,12.1,9.37926282738,21
35,81b5b6388a6be51a7a64d27f,M04,2,11.04,9.27535432012,21
35,81b5b6388a6be51a7a64d27f,M05,2,11.19,9.2371556246,21
35,81b5b6388a6be51a7a64d27f,M06,2,14.89,11.8685312395,21
35,81b5b6388a6be51a7a64d27f,M07,2,16.75,12.9054250357,30
35,81b5b6388a6be51a7a64d27f,M08,2,21.09,17.8009654578,30
35,81b5b6388a6be51a7a64d27f,M09,2,19.61,17.4712084967,30
35,81b5b6388a6be51a7a64d27f,M10,2,22.78,18.0402322724,30
35,81b5b6388a6be51a7a64d27f,M11,2,21.73,17.7280097645,30
35,81b5b6388a6be51a7a64d27f,M12,2,30.42,23.4678201157,45
35,81b5b6388a6be51a7a64d27f,M13,2,31.54,23.0993993294,60
35,81b5b6388a6be51a7a64d27f,M14,2,27.74,21.9484192121,60
35,81b5b6388a6be51a7a64d27f,M15,2,31.95,23.4237844576,60
35,81b5b6388a6be51a7a64d27f,M16,2,60.35,48.7517466354,100
35,81b5b6388a6be51a7a64d27f,M17,2,8.28,6.76727958516,14
35,81b5b6388a6be51a7a64d27f,M18,2,11.5,9.28228038567,21
35,81b5b6388a6be51a7a64d27f,M19,2,10.73,7.32893691286,21
35,81b5b6388a6be51a7a64d27f,M20,2,12.57,9.41525320641,20
35,81b5b6388a6be51a7a64d27f,M21,2,9.05,7.31158332078,21
35,81b5b6388a6be51a7a64d27f,M22,2,24.68,17.1898944754,45
35,81b5b6388a6be51a7a64d27f,M23,2,19.35,15.7040696157,45
35,81b5b6388a6be51a7a64d27f,M24,2,25.7,17.3814170035,45
35,81b5b6388a6be51a7a64d27f,M25,2,15.5,13.0168127242,20
35,81b5b6388a6be51a7a64d27f,M26,2,14.14,12.5654624058,20
35,81b5b6388a6be51a7a64d27f,M27,2,19.16,16.4273955262,30
35,81b5b6388a6be51a7a64d27f,M28,2,17.06,15.0790581817,30
35,81b5b6388a6be51a7a64d27f,M29,2,17.93,16.5970518566,30
35,81b5b6388a6be51a7a64d27f,M30,2,12.15,9.37720669101,21
37,7e22cb18273d1125b6e9f516,M01,4,3.7,4.77006811263,10
37,7e22cb18273d1125b6e9f516,M02,4,3.63,5.49744159198,15
37,7e22cb18273d1125b6e9f516,M03,4,4.22,4.95474984236,21
37,7e22cb18273d1125b6e9f516,M04,4,3.74,4.84535247894,21
37,7e22cb18273d1125b6e9f516,M05,4,3.49,4.78672190151,21
37,7e22cb18273d1125b6e9f516,M06,4,5.33,6.48226660457,21
37,7e22cb18273d1125b6e9f516,M07,4,4.42,6.30635832938,30
37,7e22cb18273d1125b6e9f516,M08,4,3.68,8.32880549005,30
37,7e22cb18273d1125b6e9f516,M09,4,2.42,7.89396903346,30
37,7e22cb18273d1125b6e9f516,M10,4,4.87,8.46094684592,30
37,7e22cb18273d1125b6e9f516,M11,4,3.6,8.07377001575,30
37,7e22cb18273d1125b6e9f516,M12,4,3.48,8.55434678203,45
37,7e22cb18273d1125b6e9f516,M13,4,5.14,8.54606422343,60
37,7e22cb18273d1125b6e9f516,M14,4,3,8.08057378354,60
37,7e22cb18273d1125b6e9f516,M15,4,5.55,8.8953788849,60
37,7e22cb18273d1125b6e9f516,M16,4,5.64,13.7792661931,100
37,7e22cb18273d1125b6e9f516,M17,4,1.83,3.67453317505,14
37,7e22cb18273d1125b6e9f516,M18,4,4.55,4.90571560611,21
37,7e22cb18273d1125b6e9f516,M19,4,4.17,4.92517806865,21
37,7e22cb18273d1125b6e9f516,M20,4,4.17,6.23171850079,20
37,7e22cb18273d1125b6e9f516,M21,4,4.22,4.86849073554,21
37,7e22cb18273d1125b6e9f516,M22,4,5.28,7.97498987781,45
37,7e22cb18273d1125b6e9f516,M23,4,2.76,7.50810357917,45
37,7e22cb18273d1125b6e9f516,M24,4,5.74,8.24614765516,45
37,7e22cb18273d1125b6e9f516,M25,4,2.69,7.28415386911,20
37,7e22cb18273d1125b6e9f516,M26,4,1.53,6.95266102659,20
37,7e22cb18273d1125b6e9f516,M27,4,2.92,8.20254185665,30
37,7e22cb18273d1125b6e9f516,M28,4,1.66,7.77446903505,30
37,7e22cb18273d1125b6e9f516,M29,4,4.44,8.33578507517,30
37,7e22cb18273d1125b6e9f516,M30,4,2.17,4.93676274449,21
38,025d82d93173ecb6ae20cb79,M25,4,16.44,14.6999150621,20
38,025d82d93173ecb6ae20cb79,M26,4,15.17,14.0765935168,20
38,025d82d93173ecb6ae20cb79,M27,4,21.16,18.6096210944,30
38,025d82d93173ecb6ae20cb79,M28,4,19.39,17.163839968,30
38,025d82d93173ecb6ae20cb79,M29,4,20.03,18.6270487453,30
38,025d82d93173ecb6ae20cb79,M30,4,13.74,11.5279465112,21
39,32b4a6a7cbc6bc4e42d3e216,M01,2,6.22,6.19817704007,10
39,32b4a6a7cbc6bc4e42d3e216,M02,2,8.27,7.94304788604,15
39,32b4a6a7cbc6bc4e42d3e216,M03,2,7.65,7.80021050614,21
39,32b4a6a7cbc6bc4e42d3e216,M04,2,7.08,7.44422765521,21
39,32b4a6a7cbc6bc4e42d3e216,M05,2,6.96,7.23488782803,21
39,32b4a6a7cbc6bc4e42d3e216,M06,2,9.58,10.0198937099,21
39,32b4a6a7cbc6bc4e42d3e216,M07,2,10.06,10.5997803445,30
39,32b4a6a7cbc6bc4e42d3e216,M08,2,13.73,13.7771129101,30
39,32b4a6a7cbc6bc4e42d3e216,M09,2,12.64,13.2514847346,30
39,32b4a6a7cbc6bc4e42d3e216,M10,2,15.6,14.1337780989,30
39,32b4a6a7cbc6bc4e42d3e216,M11,2,14.67,13.7276329744,30
39,32b4a6a7cbc6bc4e42d3e216,M12,2,18.07,17.5183594694,45
39,32b4a6a7cbc6bc4e42d3e216,M13,2,17.28,17.0492460861,60
39,32b4a6a7cbc6bc4e42d3e216,M14,2,13.98,15.8153346342,60
39,32b4a6a7cbc6bc4e42d3e216,M15,2,17.79,17.4317609263,60
39,32b4a6a7cbc6bc4e42d3e216,M16,2,37.17,38.7699837092,100
39,32b4a6a7cbc6bc4e42d3e216,M17,2,5.66,5.9717102373,14
39,32b4a6a7cbc6bc4e42d3e216,M18,2,7.69,7.62278930183,21
39,32b4a6a7cbc6bc4e42d3e216,M19,2,6.25,6.32385946,21
39,32b4a6a7cbc6bc4e42d3e216,M20,2,8.27,8.79391241401,20
39,32b4a6a7cbc6bc4e42d3e216,M21,2,6.14,6.32334460808,21
39,32b4a6a7cbc6bc4e42d3e216,M22,2,13.09,12.7562697354,45
39,32b4a6a7cbc6bc4e42d3e216,M23,2,10.93,10.8704542451,45
39,32b4a6a7cbc6bc4e42d3e216,M24,2,13.48,12.8613349311,45
39,32b4a6a7cbc6bc4e42d3e216,M25,2,12.25,11.9654568269,20
39,32b4a6a7cbc6bc4e42d3e216,M26,2,10.71,10.9195240792,20
39,32b4a6a7cbc6bc4e42d3e216,M27,2,12.7,12.7116569113,30
39,32b4a6a7cbc6bc4e42d3e216,M28,2,10.54,10.8919472235,30
39,32b4a6a7cbc6bc4e42d3e216,M29,2,12.77,12.7805277867,30
39,32b4a6a7cbc6bc4e42d3e216,M30,2,7.67,7.78658204543,21
40,be488e74b9d5fd8fc60a7d96,M01,2,4.65,5.58970041536,10
40,be488e74b9d5fd8fc60a7d96,M02,2,6.02,6.60644694923,15
40,be488e74b9d5fd8fc60a7d96,M03,2,5.23,6.11587039571,21
40,be488e74b9d5fd8fc60a7d96,M04,2,5.01,5.85464094905,21
40,be488e74b9d5fd8fc60a7d96,M05,2,4.88,5.66837873321,21
40,be488e74b9d5fd8fc60a7d96,M06,2,6.63,8.07101778347,21
40,be488e74b9d5fd8fc60a7d96,M07,2,6.58,8.19617537285,30
40,be488e74b9d5fd8fc60a7d96,M08,2,8.1,11.0194204198,30
40,be488e74b9d5fd8fc60a7d96,M09,2,7.15,10.2669070553,30
40,be488e74b9d5fd8fc60a7d96,M10,2,9.7,11.275952616,30
40,be488e74b9d5fd8fc60a7d96,M11,2,8.77,10.6266366918,30
40,be488e74b9d5fd8fc60a7d96,M12,2,9.47,12.7655629687,45
40,be488e74b9d5fd8fc60a7d96,M13,2,9.89,12.5351355868,60
40,be488e74b9d5fd8fc60a7d96,M14,2,7.11,12.016465211,60
40,be488e74b9d5fd8fc60a7d96,M15,2,9.8,12.8111110227,60
40,be488e74b9d5fd8fc60a7d96,M16,2,16.73,26.9594840812,100
40,be488e74b9d5fd8fc60a7d96,M17,2,3.29,4.67695083371,14
40,be488e74b9d5fd8fc60a7d96,M18,2,5.42,5.98535908188,21
40,be488e74b9d5fd8fc60a7d96,M19,2,4.65,5.51178277761,21
40,be488e74b9d5fd8fc60a7d96,M20,2,5.5,7.72701728898,20
40,be488e74b9d5fd8fc60a7d96,M21,2,4.66,5.51485710572,21
40,be488e74b9d5fd8fc60a7d96,M22,2,7.9,10.1931006157,45
40,be488e74b9d5fd8fc60a7d96,M23,2,6.24,9.21465299522,45
40,be488e74b9d5fd8fc60a7d96,M24,2,7.89,10.2368839487,45
40,be488e74b9d5fd8fc60a7d96,M25,2,8.87,9.73141225531,20
40,be488e74b9d5fd8fc60a7d96,M26,2,7.02,9.25941686225,20
40,be488e74b9d5fd8fc60a7d96,M27,2,8.55,10.1318193063,30
40,be488e74b9d5fd8fc60a7d96,M28,2,7.07,9.10122177895,30
40,be488e74b9d5fd8fc60a7d96,M29,2,8.23,10.2068062608,30
40,be488e74b9d5fd8fc60a7d96,M30,2,5.24,6.08292999877,21
42,f1ade222212d6fb05f2db5bc,M01,4,5.27,6.14803997061,10
42,f1ade222212d6fb05f2db5bc,M02,4,6.89,7.61795265229,15
42,f1ade222212d6fb05f2db5bc,M03,4,5.93,7.28771946324,21
42,f1ade222212d6fb05f2db5bc,M04,4,5.58,7.08057676066,21
42,f1ade222212d6fb05f2db5bc,M05,4,5.47,6.9465294035,21
42,f1ade222212d6fb05f2db5bc,M06,4,7.51,9.45282807004,21
42,f1ade222212d6fb05f2db5bc,M07,4,7.63,9.81039688781,30
42,f1ade222212d6fb05f2db5bc,M08,4,10.16,13.1790036949,30
42,f1ade222212d6fb05f2db5bc,M09,4,9.11,12.6449569463,30
42,f1ade222212d6fb05f2db5bc,M10,4,11.87,13.5087188654,30
42,f1ade222212d6fb05f2db5bc,M11,4,10.9,13.0873906745,30
42,f1ade222212d6fb05f2db5bc,M12,4,12.56,15.7662059879,45
42,f1ade222212d6fb05f2db5bc,M13,4,12.56,15.4694841835,60
42,f1ade222212d6fb05f2db5bc,M14,4,9.87,15.0450769942,60
42,f1ade222212d6fb05f2db5bc,M15,4,12.44,15.8874477903,60
42,f1ade222212d6fb05f2db5bc,M16,4,24.3,26.6893787968,100
42,f1ade222212d6fb05f2db5bc,M17,4,4.17,5.52985723786,14
42,f1ade222212d6fb05f2db5bc,M18,4,6.06,7.22046005005,21
42,f1ade222212d6fb05f2db5bc,M19,4,5.16,6.14393795243,21
42,f1ade222212d6fb05f2db5bc,M20,4,6.55,8.42763210419,20
42,f1ade222212d6fb05f2db5bc,M21,4,5.14,6.18710215107,21
42,f1ade222212d6fb05f2db5bc,M22,4,9.89,12.5622942829,45
42,f1ade222212d6fb05f2db5bc,M23,4,8.1,11.6766162606,45
42,f1ade222212d6fb05f2db5bc,M24,4,9.94,12.707171707,45
42,f1ade222212d6fb05f2db5bc,M25,4,10.37,10.8888969122,20
42,f1ade222212d6fb05f2db5bc,M26,4,8.62,10.4694277695,20
42,f1ade222212d6fb05f2db5bc,M27,4,9.9,12.1488770825,30
42,f1ade222212d6fb05f2db5bc,M28,4,8.2,11.393261683,30
42,f1ade222212d6fb05f2db5bc,M29,4,9.63,12.2050990729,30
42,f1ade222212d6fb05f2db5bc,M30,4,5.95,7.30383075229,21
43,7f4d6eb0a9092987a5326f08,M01,3,7.07,6.71243411371,10
43,7f4d6eb0a9092987a5326f08,M02,3,9.37,9.28030465211,15
43,7f4d6eb0a9092987a5326f08,M03,3,9.46,9.21895065086,21
43,7f4d6eb0a9092987a5326f08,M04,3,8.74,8.95931454531,21
43,7f4d6eb0a9092987a5326f08,M05,3,8.76,8.91623241966,21
43,7f4d6eb0a9092987a5326f08,M06,3,12.02,12.1120894319,21
43,7f4d6eb0a9092987a5326f08,M07,3,12.85,13.2235429538,30
43,7f4d6eb0a9092987a5326f08,M08,3,17.14,17.7783014895,30
43,7f4d6eb0a9092987a5326f08,M09,3,16.03,17.0977628318,30
43,7f4d6eb0a9092987a5326f08,M10,3,18.89,18.2201072665,30
43,7f4d6eb0a9092987a5326f08,M11,3,18.02,17.8409356763,30
43,7f4d6eb0a9092987a5326f08,M12,3,23.91,22.4759306222,45
43,7f4d6eb0a9092987a5326f08,M13,3,24.02,22.2919232771,60
43,7f4d6eb0a9092987a5326f08,M14,3,20.36,20.610056774,60
43,7f4d6eb0a9092987a5326f08,M15,3,23.9,22.4589446222,60
43,7f4d6eb0a9092987a5326f08,M16,3,51.58,48.0922155977,100
43,7f4d6eb0a9092987a5326f08,M17,3,6.94,6.65217817163,14
43,7f4d6eb0a9092987a5326f08,M18,3,9.32,9.05762795671,21
43,7f4d6eb0a9092987a5326f08,M19,3,7.2,7.87518861546,21
43,7f4d6eb0a9092987a5326f08,M20,3,9.35,9.81545315669,20
43,7f4d6eb0a9092987a5326f08,M21,3,6.9,7.77982779091,21
43,7f4d6eb0a9092987a5326f08,M22,3,15.49,17.3398940418,45
43,7f4d6eb0a9092987a5326f08,M23,3,13.01,15.7936396547,45
43,7f4d6eb0a9092987a5326f08,M24,3,15.88,17.5888322348,45
43,7f4d6eb0a9092987a5326f08,M25,3,13.81,13.2779839349,20
43,7f4d6eb0a9092987a5326f08,M26,3,12.47,12.5524013095,20
43,7f4d6eb0a9092987a5326f08,M27,3,15.78,15.4133225411,30
43,7f4d6eb0a9092987a5326f08,M28,3,13.69,14.1228914011,30
43,7f4d6eb0a9092987a5326f08,M29,3,15.58,15.4118812737,30
43,7f4d6eb0a9092987a5326f08,M30,3,9.53,9.22204529792,21
47,56fa096b85beceab80fd1c4e,M01,4,7.23,6.15317592192,10
47,56fa096b85beceab80fd1c4e,M02,4,9.54,7.82795287273,15
47,56fa096b85beceab80fd1c4e,M03,4,9.71,7.37141675276,21
47,56fa096b85beceab80fd1c4e,M04,4,8.88,7.0747723214,21
47,56fa096b85beceab80fd1c4e,M05,4,8.92,6.82018054289,21
47,56fa096b85beceab80fd1c4e,M06,4,12.33,9.3138795351,21
47,56fa096b85beceab80fd1c4e,M07,4,13.14,9.68380843616,30
47,56fa096b85beceab80fd1c4e,M08,4,17.42,14.2578261339,30
47,56fa096b85beceab80fd1c4e,M09,4,16.16,13.4438442374,30
47,56fa096b85beceab80fd1c4e,M10,4,19.22,14.9888280468,30
47,56fa096b85beceab80fd1c4e,M11,4,18.29,14.3591923496,30
47,56fa096b85beceab80fd1c4e,M12,4,24.22,17.9519740613,45
47,56fa096b85beceab80fd1c4e,M13,4,24.43,17.3903720908,60
47,56fa096b85beceab80fd1c4e,M14,4,20.46,15.5731162476,60
47,56fa096b85beceab80fd1c4e,M15,4,24.59,17.8771698721,60
47,56fa096b85beceab80fd1c4e,M16,4,51.76,36.1698918977,100
47,56fa096b85beceab80fd1c4e,M17,4,6.99,5.59765805542,14
47,56fa096b85beceab80fd1c4e,M18,4,9.47,7.32665869355,21
47,56fa096b85beceab80fd1c4e,M19,4,7.81,6.1972374807,21
47,56fa096b85beceab80fd1c4e,M20,4,9.99,8.45423957033,20
47,56fa096b85beceab80fd1c4e,M21,4,7.39,6.15346031557,21
47,56fa096b85beceab80fd1c4e,M22,4,17.17,13.4814245555,45
47,56fa096b85beceab80fd1c4e,M23,4,14.37,11.0464862438,45
47,56fa096b85beceab80fd1c4e,M24,4,17.82,13.6513209447,45
47,56fa096b85beceab80fd1c4e,M25,4,14.03,11.2558321351,20
47,56fa096b85beceab80fd1c4e,M26,4,12.58,10.2552027502,20
47,56fa096b85beceab80fd1c4e,M27,4,16.08,12.8850863894,30
47,56fa096b85beceab80fd1c4e,M28,4,13.84,10.7877594566,30
47,56fa096b85beceab80fd1c4e,M29,4,16.04,12.9052849367,30
47,56fa096b85beceab80fd1c4e,M30,4,9.74,7.33936655934,21
48,abc7a286c25bfc8ab683f22c,M01,1,5.47,5.89385765347,10
48,abc7a286c25bfc8ab683f22c,M02,1,6.73,6.98430116871,15
48,abc7a286c25bfc8ab683f22c,M03,1,6.17,6.70101996075,21
48,abc7a286c25bfc8ab683f22c,M04,1,5.53,6.43684108185,21
48,abc7a286c25bfc8ab683f22c,M05,1,5.32,6.09846761901,21
48,abc7a286c25bfc8ab683f22c,M06,1,7.86,9.18540072915,21
48,abc7a286c25bfc8ab683f22c,M07,1,7.65,9.46967929929,30
48,abc7a286c25bfc8ab683f22c,M08,1,10.47,11.7059875593,30
48,abc7a286c25bfc8ab683f22c,M09,1,9.16,11.242988513,30
48,abc7a286c25bfc8ab683f22c,M10,1,11.04,11.9937915993,30
48,abc7a286c25bfc8ab683f22c,M11,1,10.9,11.5605803174,30
48,abc7a286c25bfc8ab683f22c,M12,1,14.13,14.1184027038,45
48,abc7a286c25bfc8ab683f22c,M13,1,12.5,13.8348807145,60
48,abc7a286c25bfc8ab683f22c,M14,1,10.64,13.1450655463,60
48,abc7a286c25bfc8ab683f22c,M15,1,14.12,14.0884390371,60
48,abc7a286c25bfc8ab683f22c,M16,1,19.18,34.826227021,100
48,abc7a286c25bfc8ab683f22c,M17,1,4.52,5.47767569836,14
48,abc7a286c25bfc8ab683f22c,M18,1,6.65,6.6188196493,21
48,abc7a286c25bfc8ab683f22c,M19,1,5.17,5.77402337128,21
48,abc7a286c25bfc8ab683f22c,M20,1,6.66,8.08296285189,20
48,abc7a286c25bfc8ab683f22c,M21,1,5.16,5.72126641658,21
48,abc7a286c25bfc8ab683f22c,M22,1,10.33,10.9813192239,45
48,abc7a286c25bfc8ab683f22c,M23,1,8.2,9.64971435674,45
48,abc7a286c25bfc8ab683f22c,M24,1,10.93,11.0844478097,45
48,abc7a286c25bfc8ab683f22c,M25,1,10.28,10.5260846891,20
48,abc7a286c25bfc8ab683f22c,M26,1,7.9,9.73334390181,20
48,abc7a286c25bfc8ab683f22c,M27,1,9.9,10.8934101456,30
48,abc7a286c25bfc8ab683f22c,M28,1,7.8,9.58756340196,30
48,abc7a286c25bfc8ab683f22c,M29,1,10.67,11.0395926703,30
48,abc7a286c25bfc8ab683f22c,M30,1,5.78,6.6777015899,21
49,dddb83856cd5a1813573467f,M01,0,6.39,5.44647754702,10
49,dddb83856cd5a1813573467f,M02,0,8.42,6.49120990394,15
49,dddb83856cd5a1813573467f,M03,0,7.8,5.68349245784,21
49,dddb83856cd5a1813573467f,M04,0,7.05,5.6186600735,21
49,dddb83856cd5a1813573467f,M05,0,6.9,5.45222969893,21
49,dddb83856cd5a1813573467f,M06,0,9.91,7.77257219178,21
49,dddb83856cd5a1813573467f,M07,0,10.32,7.88714025199,30
49,dddb83856cd5a1813573467f,M08,0,14.27,10.9154743857,30
49,dddb83856cd5a1813573467f,M09,0,12.95,10.073141655,30
49,dddb83856cd5a1813573467f,M10,0,16.07,11.1325024302,30
49,dddb83856cd5a1813573467f,M11,0,14.78,10.509023162,30
49,dddb83856cd5a1813573467f,M12,0,19.15,13.1507179611,45
49,dddb83856cd5a1813573467f,M13,0,18.31,12.8225254542,60
49,dddb83856cd5a1813573467f,M14,0,15,11.8190510686,60
49,dddb83856cd5a1813573467f,M15,0,18.5,13.09097115,60
49,dddb83856cd5a1813573467f,M16,0,41.29,24.9258143048,100
49,dddb83856cd5a1813573467f,M17,0,5.62,4.07405242245,14
49,dddb83856cd5a1813573467f,M18,0,7.65,5.76150361573,21
49,dddb83856cd5a1813573467f,M19,0,6.42,5.34628276552,21
49,dddb83856cd5a1813573467f,M20,0,8.49,7.52833310375,20
49,dddb83856cd5a1813573467f,M21,0,6.14,5.45355100516,21
49,dddb83856cd5a1813573467f,M22,0,13.47,10.4093753385,45
49,dddb83856cd5a1813573467f,M23,0,11.3,9.35158547635,45
49,dddb83856cd5a1813573467f,M24,0,13.91,10.5445259475,45
49,dddb83856cd5a1813573467f,M25,0,11.93,8.36120675209,20
49,dddb83856cd5a1813573467f,M26,0,10.36,7.80454406495,20
49,dddb83856cd5a1813573467f,M27,0,12.11,9.29352424476,30
49,dddb83856cd5a1813573467f,M28,0,10.05,8.32214635897,30
49,dddb83856cd5a1813573467f,M29,0,12,9.31007284154,30
49,dddb83856cd5a1813573467f,M30,0,7.07,5.63183791251,21
51,8462267483bc8dc0c5eb0740,M01,0,6.49,6.7593278036,10
51,8462267483bc8dc0c5eb0740,M02,0,8.62,9.51139249048,15
51,8462267483bc8dc0c5eb0740,M03,0,8.17,9.51410969277,21
51,8462267483bc8dc0c5eb0740,M04,0,7.47,9.26974364649,21
51,8462267483bc8dc0c5eb0740,M05,0,7.43,9.24821314151,21
51,8462267483bc8dc0c5eb0740,M06,0,10.34,11.9705879054,21
51,8462267483bc8dc0c5eb0740,M07,0,10.9,13.1174391019,30
51,8462267483bc8dc0c5eb0740,M08,0,15.02,17.959627112,30
51,8462267483bc8dc0c5eb0740,M09,0,13.93,17.2118739953,30
51,8462267483bc8dc0c5eb0740,M10,0,16.73,18.3441060487,30
51,8462267483bc8dc0c5eb0740,M11,0,15.89,17.8027562277,30
51,8462267483bc8dc0c5eb0740,M12,0,20.5,23.717870235,45
51,8462267483bc8dc0c5eb0740,M13,0,19.62,23.4596583013,60
51,8462267483bc8dc0c5eb0740,M14,0,16.25,21.9105934556,60
51,8462267483bc8dc0c5eb0740,M15,0,19.84,23.7201417905,60
51,8462267483bc8dc0c5eb0740,M16,0,44.74,44.1274806876,100
51,8462267483bc8dc0c5eb0740,M17,0,6.01,6.73813879796,14
51,8462267483bc8dc0c5eb0740,M18,0,8.09,9.32008542611,21
51,8462267483bc8dc0c5eb0740,M19,0,6.21,7.18140042358,21
51,8462267483bc8dc0c5eb0740,M20,0,8.43,9.5147692828,20
51,8462267483bc8dc0c5eb0740,M21,0,6,7.14854058497,21
51,8462267483bc8dc0c5eb0740,M22,0,13.12,17.2777827919,45
51,8462267483bc8dc0c5eb0740,M23,0,11.27,15.2493407954,45
51,8462267483bc8dc0c5eb0740,M24,0,13.25,17.4581939351,45
51,8462267483bc8dc0c5eb0740,M25,0,12.78,13.1567909788,20
51,8462267483bc8dc0c5eb0740,M26,0,11.36,12.4286365348,20
51,8462267483bc8dc0c5eb0740,M27,0,13.72,15.6234210439,30
51,8462267483bc8dc0c5eb0740,M28,0,11.6,14.3680431016,30
51,8462267483bc8dc0c5eb0740,M29,0,13.62,15.5833756279,30
51,8462267483bc8dc0c5eb0740,M30,0,8.19,9.51231246333,21
53,de76339ba27df16100871511,M01,0,3.38,4.43520535049,10
53,de76339ba27df16100871511,M02,0,3.93,5.34822834894,15
53,de76339ba27df16100871511,M03,0,4.11,4.6144866013,21
53,de76339ba27df16100871511,M04,0,3.84,4.60010195889,21
53,de76339ba27df16100871511,M05,0,3.52,4.44266934682,21
53,de76339ba27df16100871511,M06,0,5.49,6.26214064513,21
53,de76339ba27df16100871511,M07,0,4.46,6.15744295008,30
53,de76339ba27df16100871511,M08,0,3.94,7.05272497726,30
53,de76339ba27df16100871511,M09,0,2.9,6.66781816999,30
53,de76339ba27df16100871511,M10,0,5.54,7.23321364188,30
53,de76339ba27df16100871511,M11,0,4.28,6.91479474412,30
53,de76339ba27df16100871511,M12,0,3.97,7.71459368049,45
53,de76339ba27df16100871511,M13,0,5.59,7.91003772596,60
53,de76339ba27df16100871511,M14,0,3.67,7.00346012951,60
53,de76339ba27df16100871511,M15,0,5.59,8.05865311149,60
53,de76339ba27df16100871511,M16,0,6.85,18.3612798231,100
53,de76339ba27df16100871511,M17,0,1.84,3.45353619188,14
53,de76339ba27df16100871511,M18,0,4.51,4.83699252259,21
53,de76339ba27df16100871511,M19,0,4.16,4.67938263627,21
53,de76339ba27df16100871511,M20,0,4.24,6.01152451317,20
53,de76339ba27df16100871511,M21,0,4.14,4.73775474119,21
53,de76339ba27df16100871511,M22,0,5.41,7.55854111474,45
53,de76339ba27df16100871511,M23,0,3.14,6.61514104617,45
53,de76339ba27df16100871511,M24,0,5.54,7.63881860212,45
53,de76339ba27df16100871511,M25,0,6.3,6.4940329529,20
53,de76339ba27df16100871511,M26,0,4.76,5.75745124147,20
53,de76339ba27df16100871511,M27,0,6.72,7.09217048726,30
53,de76339ba27df16100871511,M28,0,5.26,6.19556416689,30
53,de76339ba27df16100871511,M29,0,6.49,7.12982832287,30
53,de76339ba27df16100871511,M30,0,4.69,4.44289877009,21
54,1fbd74bab3e102b26979a15d,M01,3,6.95,5.84706730235,10
54,1fbd74bab3e102b26979a15d,M02,3,9.32,6.81205689952,15
54,1fbd74bab3e102b26979a15d,M03,3,9.36,6.36319589742,21
54,1fbd74bab3e102b26979a15d,M04,3,8.58,6.10764759086,21
54,1fbd74bab3e102b26979a15d,M05,3,8.47,5.98925771795,21
54,1fbd74bab3e102b26979a15d,M06,3,11.66,8.18709987229,21
54,1fbd74bab3e102b26979a15d,M07,3,12.67,7.93413243187,30
54,1fbd74bab3e102b26979a15d,M08,3,16.97,11.3677312178,30
54,1fbd74bab3e102b26979a15d,M09,3,15.81,10.6876124792,30
54,1fbd74bab3e102b26979a15d,M10,3,18.69,11.6885488583,30
54,1fbd74bab3e102b26979a15d,M11,3,17.71,11.1636689981,30
54,1fbd74bab3e102b26979a15d,M12,3,23.66,12.8404116221,45
54,1fbd74bab3e102b26979a15d,M13,3,23.09,12.6528421608,60
54,1fbd74bab3e102b26979a15d,M14,3,19.41,11.613312321,60
54,1fbd74bab3e102b26979a15d,M15,3,23.49,12.8453786108,60
54,1fbd74bab3e102b26979a15d,M16,3,50.35,26.3275335144,100
54,1fbd74bab3e102b26979a15d,M17,3,6.73,4.35418810284,14
54,1fbd74bab3e102b26979a15d,M18,3,9.19,6.19805771243,21
54,1fbd74bab3e102b26979a15d,M19,3,5.99,5.7104113131,21
54,1fbd74bab3e102b26979a15d,M20,3,10.45,7.28124223485,20
54,1fbd74bab3e102b26979a15d,M21,3,7.65,5.64910826108,21
54,1fbd74bab3e102b26979a15d,M22,3,18.33,10.489552218,45
54,1fbd74bab3e102b26979a15d,M23,3,15.35,9.47017688121,45
54,1fbd74bab3e102b26979a15d,M24,3,18.65,10.5251690292,45
54,1fbd74bab3e102b26979a15d,M25,3,13.62,9.82881322278,20
54,1fbd74bab3e102b26979a15d,M26,3,12.21,9.23653265624,20
54,1fbd74bab3e102b26979a15d,M27,3,15.35,10.6244069544,30
54,1fbd74bab3e102b26979a15d,M28,3,13.22,9.62212246016,30
54,1fbd74bab3e102b26979a15d,M29,3,15.38,10.6663278965,30
54,1fbd74bab3e102b26979a15d,M30,3,9.38,6.395476168,21
55,d9401cbf16b2cebc83fd68dc,M01,2,5.39,6.07088015501,10
55,d9401cbf16b2cebc83fd68dc,M02,2,7.21,7.1044722613,15
55,d9401cbf16b2cebc83fd68dc,M03,2,6.3,6.71091420302,21
55,d9401cbf16b2cebc83fd68dc,M04,2,5.76,6.40789397554,21
55,d9401cbf16b2cebc83fd68dc,M05,2,5.45,6.32231220766,21
55,d9401cbf16b2cebc83fd68dc,M06,2,7.76,8.87576703964,21
55,d9401cbf16b2cebc83fd68dc,M07,2,8.11,8.98058964881,30
55,d9401cbf16b2cebc83fd68dc,M08,2,10.91,12.5915970541,30
55,d9401cbf16b2cebc83fd68dc,M09,2,9.45,12.0344481759,30
55,d9401cbf16b2cebc83fd68dc,M10,2,12.73,12.8511734451,30
55,d9401cbf16b2cebc83fd68dc,M11,2,11.12,12.3706080567,30
55,d9401cbf16b2cebc83fd68dc,M12,2,13.56,15.0260967048,45
55,d9401cbf16b2cebc83fd68dc,M13,2,13.3,14.6579246888,60
55,d9401cbf16b2cebc83fd68dc,M14,2,10.39,14.0868577886,60
55,d9401cbf16b2cebc83fd68dc,M15,2,13.5,15.0510674679,60
55,d9401cbf16b2cebc83fd68dc,M16,2,25.91,23.2621055728,100
55,d9401cbf16b2cebc83fd68dc,M17,2,5.47,4.92465306831,14
55,d9401cbf16b2cebc83fd68dc,M18,2,7.59,6.46216058926,21
55,d9401cbf16b2cebc83fd68dc,M19,2,5.28,6.04965314898,21
55,d9401cbf16b2cebc83fd68dc,M20,2,9.12,8.37237472289,20
55,d9401cbf16b2cebc83fd68dc,M21,2,6.59,5.99988709851,21
55,d9401cbf16b2cebc83fd68dc,M22,2,14.79,11.5386361458,45
55,d9401cbf16b2cebc83fd68dc,M23,2,12.29,10.4936154248,45
55,d9401cbf16b2cebc83fd68dc,M24,2,15.29,11.5542887757,45
55,d9401cbf16b2cebc83fd68dc,M25,2,8.83,10.1495921991,20
55,d9401cbf16b2cebc83fd68dc,M26,2,6.8,9.64131002328,20
55,d9401cbf16b2cebc83fd68dc,M27,2,8.55,11.0564201489,30
55,d9401cbf16b2cebc83fd68dc,M28,2,6.99,10.0835981786,30
55,d9401cbf16b2cebc83fd68dc,M29,2,8.71,11.0292701337,30
55,d9401cbf16b2cebc83fd68dc,M30,2,5.17,6.67532226687,21
56,780c412e404e2d3c20298ba1,M25,3,13.86,13.6469599088,20
56,780c412e404e2d3c20298ba1,M26,3,12.55,12.9801921071,20
56,780c412e404e2d3c20298ba1,M27,3,15.99,15.9969273893,30
56,780c412e404e2d3c20298ba1,M28,3,13.99,14.475829594,30
56,780c412e404e2d3c20298ba1,M29,3,15.68,15.9142977691,30
56,780c412e404e2d3c20298ba1,M30,3,9.82,9.91912185475,21
57,7b782a00d24f8ce3c9b9fbce,M01,2,7.56,7.77825162325,10
57,7b782a00d24f8ce3c9b9fbce,M02,2,10.02,10.5380671412,15
57,7b782a00d24f8ce3c9b9fbce,M03,2,10.68,11.9893024409,21
57,7b782a00d24f8ce3c9b9fbce,M04,2,9.82,11.7066704838,21
57,7b782a00d24f8ce3c9b9fbce,M05,2,9.89,11.7263987836,21
57,7b782a00d24f8ce3c9b9fbce,M06,2,13.36,14.9905391947,21
57,7b782a00d24f8ce3c9b9fbce,M07,2,14.66,16.3469573549,30
57,7b782a00d24f8ce3c9b9fbce,M08,2,19.03,21.2506165447,30
57,7b782a00d24f8ce3c9b9fbce,M09,2,17.81,20.6800019353,30
57,7b782a00d24f8ce3c9b9fbce,M10,2,20.72,21.8893891158,30
57,7b782a00d24f8ce3c9b9fbce,M11,2,19.83,21.7365108671,30
57,7b782a00d24f8ce3c9b9fbce,M12,2,27.09,30.2327916277,45
57,7b782a00d24f8ce3c9b9fbce,M13,2,27.6,29.9993316917,60
57,7b782a00d24f8ce3c9b9fbce,M14,2,23.89,28.6186821751,60
57,7b782a00d24f8ce3c9b9fbce,M15,2,27.74,30.2721573059,60
57,7b782a00d24f8ce3c9b9fbce,M16,2,55.96,56.0166973432,100
57,7b782a00d24f8ce3c9b9fbce,M17,2,7.57,7.84261603842,14
57,7b782a00d24f8ce3c9b9fbce,M18,2,10.37,11.6924805022,21
57,7b782a00d24f8ce3c9b9fbce,M19,2,8.67,9.94344654993,21
57,7b782a00d24f8ce3c9b9fbce,M20,2,10.83,12.0604773404,20
57,7b782a00d24f8ce3c9b9fbce,M21,2,8.12,9.64178663671,21
57,7b782a00d24f8ce3c9b9fbce,M22,2,19.44,23.7391941631,45
57,7b782a00d24f8ce3c9b9fbce,M23,2,16.26,22.2926986367,45
57,7b782a00d24f8ce3c9b9fbce,M24,2,20.07,24.3601502799,45
57,7b782a00d24f8ce3c9b9fbce,M25,2,14.56,15.163139235,20
57,7b782a00d24f8ce3c9b9fbce,M26,2,13.27,14.3986217239,20
57,7b782a00d24f8ce3c9b9fbce,M27,2,17.35,19.3971650819,30
57,7b782a00d24f8ce3c9b9fbce,M28,2,15.28,17.582410979,30
57,7b782a00d24f8ce3c9b9fbce,M29,2,17.28,19.4152989862,30
57,7b782a00d24f8ce3c9b9fbce,M30,2,10.73,12.0423148666,21
58,4b6408684e7ec1b4fb4f8f15,M01,3,4.78,4.50814550518,10
58,4b6408684e7ec1b4fb4f8f15,M02,3,6.23,5.01325627638,15
58,4b6408684e7ec1b4fb4f8f15,M03,3,5.37,4.68829385663,21
58,4b6408684e7ec1b4fb4f8f15,M04,3,5.04,4.64863722786,21
58,4b6408684e7ec1b4fb4f8f15,M05,3,5.03,4.60094675998,21
58,4b6408684e7ec1b4fb4f8f15,M06,3,7.02,6.24619052433,21
58,4b6408684e7ec1b4fb4f8f15,M07,3,6.97,5.99043326189,30
58,4b6408684e7ec1b4fb4f8f15,M08,3,8.64,6.44355844536,30
58,4b6408684e7ec1b4fb4f8f15,M09,3,7.23,6.235157916,30
58,4b6408684e7ec1b4fb4f8f15,M10,3,10.16,6.55888987498,30
58,4b6408684e7ec1b4fb4f8f15,M11,3,8.93,6.34429015515,30
58,4b6408684e7ec1b4fb4f8f15,M12,3,9.94,7.23696467006,45
58,4b6408684e7ec1b4fb4f8f15,M13,3,10.37,7.29668444721,60
58,4b6408684e7ec1b4fb4f8f15,M14,3,7.81,6.94145751843,60
58,4b6408684e7ec1b4fb4f8f15,M15,3,10.46,7.53645108074,60
58,4b6408684e7ec1b4fb4f8f15,M16,3,17.83,17.2979128723,100
58,4b6408684e7ec1b4fb4f8f15,M17,3,3.39,3.02475498808,14
58,4b6408684e7ec1b4fb4f8f15,M18,3,5.52,4.90170649842,21
58,4b6408684e7ec1b4fb4f8f15,M19,3,4.86,4.65378806781,21
58,4b6408684e7ec1b4fb4f8f15,M20,3,6.25,5.86853408945,20
58,4b6408684e7ec1b4fb4f8f15,M21,3,4.66,4.74971445546,21
58,4b6408684e7ec1b4fb4f8f15,M22,3,8.35,6.80230330159,45
58,4b6408684e7ec1b4fb4f8f15,M23,3,6.87,6.30441222404,45
58,4b6408684e7ec1b4fb4f8f15,M24,3,8.21,6.93916076778,45
58,4b6408684e7ec1b4fb4f8f15,M25,3,5.36,6.48117440528,20
58,4b6408684e7ec1b4fb4f8f15,M26,3,3.59,5.81919099886,20
58,4b6408684e7ec1b4fb4f8f15,M27,3,6.01,6.54387964347,30
58,4b6408684e7ec1b4fb4f8f15,M28,3,4.42,5.97466954348,30
58,4b6408684e7ec1b4fb4f8f15,M29,3,5.85,6.60285858128,30
58,4b6408684e7ec1b4fb4f8f15,M30,3,3.62,4.65035384354,21
60,6a754101c77952c9f22727f1,M01,4,5.95,6.41712931867,10
60,6a754101c77952c9f22727f1,M02,4,7.92,8.40124539579,15
60,6a754101c77952c9f22727f1,M03,4,7.13,8.30577742913,21
60,6a754101c77952c9f22727f1,M04,4,6.55,8.02025291542,21
60,6a754101c77952c9f22727f1,M05,4,6.38,7.9228667553,21
60,6a754101c77952c9f22727f1,M06,4,8.95,10.6587933492,21
60,6a754101c77952c9f22727f1,M07,4,9.34,11.2961691449,30
60,6a754101c77952c9f22727f1,M08,4,12.93,15.7979618716,30
60,6a754101c77952c9f22727f1,M09,4,11.72,15.1375979261,30
60,6a754101c77952c9f22727f1,M10,4,14.69,16.3378317019,30
60,6a754101c77952c9f22727f1,M11,4,13.63,15.9474257373,30
60,6a754101c77952c9f22727f1,M12,4,16.96,20.464700576,45
60,6a754101c77952c9f22727f1,M13,4,16,20.0942233505,60
60,6a754101c77952c9f22727f1,M14,4,13.09,18.4260107635,60
60,6a754101c77952c9f22727f1,M15,4,16.22,20.4344550872,60
60,6a754101c77952c9f22727f1,M16,4,34.78,41.0220291583,100
60,6a754101c77952c9f22727f1,M17,4,5.17,6.24678668439,14
60,6a754101c77952c9f22727f1,M18,4,7.12,8.18352980101,21
60,6a754101c77952c9f22727f1,M19,4,6.09,6.73317850552,21
60,6a754101c77952c9f22727f1,M20,4,8.45,9.10258972645,20
60,6a754101c77952c9f22727f1,M21,4,5.99,6.69025166181,21
60,6a754101c77952c9f22727f1,M22,4,12.87,14.5470873599,45
60,6a754101c77952c9f22727f1,M23,4,10.87,12.7394929866,45
60,6a754101c77952c9f22727f1,M24,4,12.67,14.6963584388,45
60,6a754101c77952c9f22727f1,M25,4,11.78,12.0308638994,20
60,6a754101c77952c9f22727f1,M26,4,10.26,11.2948334676,20
60,6a754101c77952c9f22727f1,M27,4,11.93,14.0875636368,30
60,6a754101c77952c9f22727f1,M28,4,9.89,12.4504999186,30
60,6a754101c77952c9f22727f1,M29,4,11.82,14.1430892663,30
60,6a754101c77952c9f22727f1,M30,4,7.13,8.31086090732,21
61,b727aabe5a35f85d668e9b3f,M01,3,5.38,5.25667148938,10
61,b727aabe5a35f85d668e9b3f,M02,3,7.08,6.37227990563,15
61,b727aabe5a35f85d668e9b3f,M03,3,6.14,5.62663992096,21
61,b727aabe5a35f85d668e9b3f,M04,3,5.58,5.47768065813,21
61,b727aabe5a35f85d668e9b3f,M05,3,5.49,5.32920792155,21
61,b727aabe5a35f85d668e9b3f,M06,3,7.77,7.50455370208,21
61,b727aabe5a35f85d668e9b3f,M07,3,7.9,7.24374954338,30
61,b727aabe5a35f85d668e9b3f,M08,3,10.6,9.95097952056,30
61,b727aabe5a35f85d668e9b3f,M09,3,8.97,9.136414379,30
61,b727aabe5a35f85d668e9b3f,M10,3,12.37,10.2747074288,30
61,b727aabe5a35f85d668e9b3f,M11,3,11.07,9.66212298735,30
61,b727aabe5a35f85d668e9b3f,M12,3,13.23,11.7519162147,45
61,b727aabe5a35f85d668e9b3f,M13,3,12.98,11.5416144745,60
61,b727aabe5a35f85d668e9b3f,M14,3,10.19,10.5340921845,60
61,b727aabe5a35f85d668e9b3f,M15,3,13.09,11.7337080834,60
61,b727aabe5a35f85d668e9b3f,M16,3,25.09,22.859372019,100
61,b727aabe5a35f85d668e9b3f,M17,3,4.05,4.14827170872,14
61,b727aabe5a35f85d668e9b3f,M18,3,6.07,5.65340467381,21
61,b727aabe5a35f85d668e9b3f,M19,3,5.43,5.20571187772,21
61,b727aabe5a35f85d668e9b3f,M20,3,7.6,6.65471069742,20
61,b727aabe5a35f85d668e9b3f,M21,3,5.35,5.24489544319,21
61,b727aabe5a35f85d668e9b3f,M22,3,11.16,9.14514151995,45
61,b727aabe5a35f85d668e9b3f,M23,3,9.11,7.9246131623,45
61,b727aabe5a35f85d668e9b3f,M24,3,11.73,9.13026585923,45
61,b727aabe5a35f85d668e9b3f,M25,3,10.51,8.49315719209,20
61,b727aabe5a35f85d668e9b3f,M26,3,8.73,7.69924621924,20
61,b727aabe5a35f85d668e9b3f,M27,3,10.11,9.11274587282,30
61,b727aabe5a35f85d668e9b3f,M28,3,8.33,7.87563543363,30
61,b727aabe5a35f85d668e9b3f,M29,3,9.93,9.030499812,30
61,b727aabe5a35f85d668e9b3f,M30,3,5.97,5.63112929904,21
63,35a15bff1177570ab88c7499,M01,1,5.33,6.34265219224,10
63,35a15bff1177570ab88c7499,M02,1,6.62,7.62493646322,15
63,35a15bff1177570ab88c7499,M03,1,6.21,7.4809322678,21
63,35a15bff1177570ab88c7499,M04,1,5.48,7.18829665491,21
63,35a15bff1177570ab88c7499,M05,1,5.21,6.91244514895,21
63,35a15bff1177570ab88c7499,M06,1,7.66,9.71307510526,21
63,35a15bff1177570ab88c7499,M07,1,7.47,10.0761122894,30
63,35a15bff1177570ab88c7499,M08,1,10.31,13.3332463798,30
63,35a15bff1177570ab88c7499,M09,1,8.97,12.8500557914,30
63,35a15bff1177570ab88c7499,M10,1,11.75,13.6582544931,30
63,35a15bff1177570ab88c7499,M11,1,10.82,13.2342798949,30
63,35a15bff1177570ab88c7499,M12,1,13.93,16.4995703218,45
63,35a15bff1177570ab88c7499,M13,1,12.3,16.2388459649,60
63,35a15bff1177570ab88c7499,M14,1,10.31,15.2041299583,60
63,35a15bff1177570ab88c7499,M15,1,13.73,16.4755197379,60
63,35a15bff1177570ab88c7499,M16,1,19.75,29.445612726,100
63,35a15bff1177570ab88c7499,M17,1,4.43,5.98283699181,14
63,35a15bff1177570ab88c7499,M18,1,6.43,7.27954456549,21
63,35a15bff1177570ab88c7499,M19,1,5.57,6.31084184709,21
63,35a15bff1177570ab88c7499,M20,1,7.69,8.46797747154,20
63,35a15bff1177570ab88c7499,M21,1,5.68,6.24609059373,21
63,35a15bff1177570ab88c7499,M22,1,11.85,12.4675570111,45
63,35a15bff1177570ab88c7499,M23,1,9.44,10.5950890203,45
63,35a15bff1177570ab88c7499,M24,1,13.24,12.5350859983,45
63,35a15bff1177570ab88c7499,M25,1,10.13,10.9964621391,20
63,35a15bff1177570ab88c7499,M26,1,7.99,10.331813208,20
63,35a15bff1177570ab88c7499,M27,1,9.74,12.1470723593,30
63,35a15bff1177570ab88c7499,M28,1,7.85,10.4963113049,30
63,35a15bff1177570ab88c7499,M29,1,10.36,12.2224705255,30
63,35a15bff1177570ab88c7499,M30,1,5.68,7.46238455496,21
65,d03f670f1f126e5f040b4224,M01,1,5.39,6.14118616611,10
65,d03f670f1f126e5f040b4224,M02,1,7.29,7.31057056916,15
65,d03f670f1f126e5f040b4224,M03,1,6.24,7.12685278205,21
65,d03f670f1f126e5f040b4224,M04,1,5.73,6.81378021955,21
65,d03f670f1f126e5f040b4224,M05,1,5.55,6.69824119533,21
65,d03f670f1f126e5f040b4224,M06,1,7.84,8.80012393415,21
65,d03f670f1f126e5f040b4224,M07,1,8.05,9.02452676912,30
65,d03f670f1f126e5f040b4224,M08,1,11.12,12.1480278911,30
65,d03f670f1f126e5f040b4224,M09,1,9.93,11.7838869518,30
65,d03f670f1f126e5f040b4224,M10,1,12.72,12.4919086516,30
65,d03f670f1f126e5f040b4224,M11,1,11.72,12.1688851368,30
65,d03f670f1f126e5f040b4224,M12,1,14.35,15.1468875759,45
65,d03f670f1f126e5f040b4224,M13,1,13.7,14.8550794507,60
65,d03f670f1f126e5f040b4224,M14,1,11.02,14.1666310133,60
65,d03f670f1f126e5f040b4224,M15,1,13.76,15.1675576394,60
65,d03f670f1f126e5f040b4224,M16,1,28.23,35.6957613342,100
65,d03f670f1f126e5f040b4224,M17,1,4.47,5.59592085545,14
65,d03f670f1f126e5f040b4224,M18,1,6.44,6.89471305727,21
65,d03f670f1f126e5f040b4224,M19,1,4.93,6.30772447434,21
65,d03f670f1f126e5f040b4224,M20,1,7.15,8.16170583787,20
65,d03f670f1f126e5f040b4224,M21,1,5.11,6.19054570767,21
65,d03f670f1f126e5f040b4224,M22,1,11.26,11.3866816368,45
65,d03f670f1f126e5f040b4224,M23,1,9.45,10.0155124136,45
65,d03f670f1f126e5f040b4224,M24,1,11.29,11.3073325218,45
65,d03f670f1f126e5f040b4224,M25,1,10.73,9.62549609965,20
65,d03f670f1f126e5f040b4224,M26,1,9.1,9.21550590244,20
65,d03f670f1f126e5f040b4224,M27,1,10.32,10.907953114,30
65,d03f670f1f126e5f040b4224,M28,1,8.58,9.70362107682,30
65,d03f670f1f126e5f040b4224,M29,1,10.08,10.8249946549,30
65,d03f670f1f126e5f040b4224,M30,1,6.16,7.06520705638,21
66,6337f9636fede46bcc35391b,M01,3,3.99,4.48408139572,10
66,6337f9636fede46bcc35391b,M02,3,4.44,5.33652503687,15
66,6337f9636fede46bcc35391b,M03,3,4.42,4.64470786726,21
66,6337f9636fede46bcc35391b,M04,3,4.1,4.64357520719,21
66,6337f9636fede46bcc35391b,M05,3,3.67,4.47267160207,21
66,6337f9636fede46bcc35391b,M06,3,5.7,6.30908302024,21
66,6337f9636fede46bcc35391b,M07,3,4.95,5.98212305734,30
66,6337f9636fede46bcc35391b,M08,3,4.7,6.75658452968,30
66,6337f9636fede46bcc35391b,M09,3,3.35,6.27426674014,30
66,6337f9636fede46bcc35391b,M10,3,6.27,6.93605375216,30
66,6337f9636fede46bcc35391b,M11,3,4.36,6.50959402622,30
66,6337f9636fede46bcc35391b,M12,3,4.64,7.38634019708,45
66,6337f9636fede46bcc35391b,M13,3,6.06,7.62246095308,60
66,6337f9636fede46bcc35391b,M14,3,3.74,6.72013550888,60
66,6337f9636fede46bcc35391b,M15,3,6.27,7.96631212367,60
66,6337f9636fede46bcc35391b,M16,3,7.3,16.3238774898,100
66,6337f9636fede46bcc35391b,M17,3,2.09,2.97523116626,14
66,6337f9636fede46bcc35391b,M18,3,4.72,4.94354636304,21
66,6337f9636fede46bcc35391b,M19,3,4.5,4.74183461456,21
66,6337f9636fede46bcc35391b,M20,3,4.83,6.03563035475,20
66,6337f9636fede46bcc35391b,M21,3,4.55,4.90998376712,21
66,6337f9636fede46bcc35391b,M22,3,7.06,7.70047005439,45
66,6337f9636fede46bcc35391b,M23,3,4.76,6.48597294754,45
66,6337f9636fede46bcc35391b,M24,3,7.4,7.76521421124,45
66,6337f9636fede46bcc35391b,M25,3,4.05,6.61079403535,20
66,6337f9636fede46bcc35391b,M26,3,2.99,5.64585763712,20
66,6337f9636fede46bcc35391b,M27,3,5.63,7.24697180522,30
66,6337f9636fede46bcc35391b,M28,3,3.19,6.02694673696,30
66,6337f9636fede46bcc35391b,M29,3,6.01,7.32877369476,30
66,6337f9636fede46bcc35391b,M30,3,2.23,4.58687116196,21
67,9699e16c8071621d55aa20c2,M01,0,6.4,5.52244524533,10
67,9699e16c8071621d55aa20c2,M02,0,8.41,6.63081001517,15
67,9699e16c8071621d55aa20c2,M03,0,7.83,5.83965340877,21
67,9699e16c8071621d55aa20c2,M04,0,7.16,5.71655235375,21
67,9699e16c8071621d55aa20c2,M05,0,7.06,5.54692547977,21
67,9699e16c8071621d55aa20c2,M06,0,9.9,7.81748756972,21
67,9699e16c8071621d55aa20c2,M07,0,10.32,7.92565105312,30
67,9699e16c8071621d55aa20c2,M08,0,14.12,10.9252012588,30
67,9699e16c8071621d55aa20c2,M09,0,12.92,10.1301865287,30
67,9699e16c8071621d55aa20c2,M10,0,15.95,11.138525422,30
67,9699e16c8071621d55aa20c2,M11,0,14.91,10.5530626205,30
67,9699e16c8071621d55aa20c2,M12,0,18.78,12.7407069604,45
67,9699e16c8071621d55aa20c2,M13,0,18.02,12.5117617377,60
67,9699e16c8071621d55aa20c2,M14,0,14.57,11.6331092166,60
67,9699e16c8071621d55aa20c2,M15,0,18.21,12.7078245997,60
67,9699e16c8071621d55aa20c2,M16,0,39.6,25.749657519,100
67,9699e16c8071621d55aa20c2,M17,0,5.72,4.09799115619,14
67,9699e16c8071621d55aa20c2,M18,0,7.76,5.80591813425,21
67,9699e16c8071621d55aa20c2,M19,0,5.85,5.40384433472,21
67,9699e16c8071621d55aa20c2,M20,0,7.78,7.51819502981,20
67,9699e16c8071621d55aa20c2,M21,0,5.69,5.42638904042,21
67,9699e16c8071621d55aa20c2,M22,0,11.99,10.0328560557,45
67,9699e16c8071621d55aa20c2,M23,0,10.13,9.11425570639,45
67,9699e16c8071621d55aa20c2,M24,0,12.07,10.0502083946,45
67,9699e16c8071621d55aa20c2,M25,0,12.5,8.89415296724,20
67,9699e16c8071621d55aa20c2,M26,0,10.92,8.36041102892,20
67,9699e16c8071621d55aa20c2,M27,0,13.08,9.58437381313,30
67,9699e16c8071621d55aa20c2,M28,0,10.83,8.64849109068,30
67,9699e16c8071621d55aa20c2,M29,0,13.01,9.54992684402,30
67,9699e16c8071621d55aa20c2,M30,0,7.84,5.86241105694,21
68,37927413d1b2c33fd4f48fe4,M01,1,4.85,4.78637740243,10
68,37927413d1b2c33fd4f48fe4,M02,1,6.36,5.75285574507,15
68,37927413d1b2c33fd4f48fe4,M03,1,5.45,4.98417260141,21
68,37927413d1b2c33fd4f48fe4,M04,1,5.22,4.93035653971,21
68,37927413d1b2c33fd4f48fe4,M05,1,5.07,4.83796260345,21
68,37927413d1b2c33fd4f48fe4,M06,1,6.89,6.35965571102,21
68,37927413d1b2c33fd4f48fe4,M07,1,6.96,6.28851617668,30
68,37927413d1b2c33fd4f48fe4,M08,1,8.9,8.20314650427,30
68,37927413d1b2c33fd4f48fe4,M09,1,7.94,7.73307935518,30
68,37927413d1b2c33fd4f48fe4,M10,1,10.53,8.32320939933,30
68,37927413d1b2c33fd4f48fe4,M11,1,9.65,7.92707584793,30
68,37927413d1b2c33fd4f48fe4,M12,1,10.62,9.21147037545,45
68,37927413d1b2c33fd4f48fe4,M13,1,10.86,9.17687915827,60
68,37927413d1b2c33fd4f48fe4,M14,1,8.24,8.61654936277,60
68,37927413d1b2c33fd4f48fe4,M15,1,10.91,9.32920640153,60
68,37927413d1b2c33fd4f48fe4,M16,1,19.24,18.0090935573,100
68,37927413d1b2c33fd4f48fe4,M17,1,3.57,3.68861960725,14
68,37927413d1b2c33fd4f48fe4,M18,1,5.64,5.11788226357,21
68,37927413d1b2c33fd4f48fe4,M19,1,5.34,4.99714592263,21
68,37927413d1b2c33fd4f48fe4,M20,1,7.1,6.15807853781,20
68,37927413d1b2c33fd4f48fe4,M21,1,5.39,5.04246067684,21
68,37927413d1b2c33fd4f48fe4,M22,1,10.94,8.09780552344,45
68,37927413d1b2c33fd4f48fe4,M23,1,8.87,7.51250328067,45
68,37927413d1b2c33fd4f48fe4,M24,1,11.07,8.22165881556,45
68,37927413d1b2c33fd4f48fe4,M25,1,6.88,6.49363179522,20
68,37927413d1b2c33fd4f48fe4,M26,1,4.45,6.04007693568,20
68,37927413d1b2c33fd4f48fe4,M27,1,7.3,7.35780270252,30
68,37927413d1b2c33fd4f48fe4,M28,1,5.78,6.81210492212,30
68,37927413d1b2c33fd4f48fe4,M29,1,7.24,7.47223866098,30
68,37927413d1b2c33fd4f48fe4,M30,1,3.62,4.89176999401,21
69,80a0d3bab064158ae690ad6a,M01,3,7.69,7.40947069465,10
69,80a0d3bab064158ae690ad6a,M02,3,10.29,10.0490876602,15
69,80a0d3bab064158ae690ad6a,M03,3,11.18,10.0951552354,21
69,80a0d3bab064158ae690ad6a,M04,3,10.17,9.81843411595,21
69,80a0d3bab064158ae690ad6a,M05,3,10.23,9.80734144429,21
69,80a0d3bab064158ae690ad6a,M06,3,13.75,13.2695546464,21
69,80a0d3bab064158ae690ad6a,M07,3,15.41,14.5282668558,30
69,80a0d3bab064158ae690ad6a,M08,3,19.78,19.3128282378,30
69,80a0d3bab064158ae690ad6a,M09,3,18.36,18.5037449509,30
69,80a0d3bab064158ae690ad6a,M10,3,21.45,19.7319158379,30
69,80a0d3bab064158ae690ad6a,M11,3,20.4,19.3962216755,30
69,80a0d3bab064158ae690ad6a,M12,3,28.35,26.6547228819,45
69,80a0d3bab064158ae690ad6a,M13,3,28.65,26.473575766,60
69,80a0d3bab064158ae690ad6a,M14,3,24.95,23.8343531459,60
69,80a0d3bab064158ae690ad6a,M15,3,29.32,26.6628127793,60
69,80a0d3bab064158ae690ad6a,M16,3,57.18,53.233443903,100
69,80a0d3bab064158ae690ad6a,M17,3,7.72,7.39957438851,14
69,80a0d3bab064158ae690ad6a,M18,3,10.7,9.83934435597,21
69,80a0d3bab064158ae690ad6a,M19,3,9.31,8.62550613432,21
69,80a0d3bab064158ae690ad6a,M20,3,11.44,10.57118746,20
69,80a0d3bab064158ae690ad6a,M21,3,8.64,8.5314593107,21
69,80a0d3bab064158ae690ad6a,M22,3,21.28,19.7261983747,45
69,80a0d3bab064158ae690ad6a,M23,3,17.99,18.2951311069,45
69,80a0d3bab064158ae690ad6a,M24,3,22.08,20.1013790301,45
69,80a0d3bab064158ae690ad6a,M25,3,14.81,13.8941697867,20
69,80a0d3bab064158ae690ad6a,M26,3,13.47,13.258127852,20
69,80a0d3bab064158ae690ad6a,M27,3,17.82,16.615082659,30
69,80a0d3bab064158ae690ad6a,M28,3,15.75,15.0645510909,30
69,80a0d3bab064158ae690ad6a,M29,3,17.95,16.5904720677,30
69,80a0d3bab064158ae690ad6a,M30,3,11.22,10.1333885671,21
70,6edd2232ed1ec668311aa339,M01,1,4.09,5.10794583705,10
70,6edd2232ed1ec668311aa339,M02,1,4.83,6.15496592896,15
70,6edd2232ed1ec668311aa339,M03,1,4.57,5.57585372749,21
70,6edd2232ed1ec668311aa339,M04,1,4.33,5.46937387399,21
70,6edd2232ed1ec668311aa339,M05,1,4.02,5.3440569368,21
70,6edd2232ed1ec668311aa339,M06,1,5.84,6.77418284725,21
70,6edd2232ed1ec668311aa339,M07,1,5.3,6.75762401268,30
70,6edd2232ed1ec668311aa339,M08,1,5.62,10.1865384736,30
70,6edd2232ed1ec668311aa339,M09,1,4.31,9.67671113613,30
70,6edd2232ed1ec668311aa339,M10,1,7.12,10.3865672269,30
70,6edd2232ed1ec668311aa339,M11,1,5.62,9.94025675703,30
70,6edd2232ed1ec668311aa339,M12,1,5.71,11.4532598508,45
70,6edd2232ed1ec668311aa339,M13,1,6.78,11.3770188242,60
70,6edd2232ed1ec668311aa339,M14,1,4.38,10.6068189451,60
70,6edd2232ed1ec668311aa339,M15,1,6.99,11.5285136142,60
70,6edd2232ed1ec668311aa339,M16,1,8.87,18.6939616812,100
70,6edd2232ed1ec668311aa339,M17,1,2.3,4.02546059667,14
70,6edd2232ed1ec668311aa339,M18,1,4.86,5.67977653297,21
70,6edd2232ed1ec668311aa339,M19,1,4.57,5.36587009773,21
70,6edd2232ed1ec668311aa339,M20,1,5.31,6.4706892045,20
70,6edd2232ed1ec668311aa339,M21,1,4.63,5.37946978593,21
70,6edd2232ed1ec668311aa339,M22,1,7.53,9.79197930917,45
70,6edd2232ed1ec668311aa339,M23,1,5.29,8.77902957702,45
70,6edd2232ed1ec668311aa339,M24,1,7.8,9.88920853209,45
70,6edd2232ed1ec668311aa339,M25,1,6.67,6.84248859174,20
70,6edd2232ed1ec668311aa339,M26,1,4.85,6.33513944995,20
70,6edd2232ed1ec668311aa339,M27,1,7.06,8.99239682202,30
70,6edd2232ed1ec668311aa339,M28,1,5.43,8.07909369733,30
70,6edd2232ed1ec668311aa339,M29,1,6.93,9.03223218547,30
70,6edd2232ed1ec668311aa339,M30,1,4.27,5.49901735435,21
71,577bf2cb81f94acf50f2db0f,M01,0,6.07,5.45026841308,10
71,577bf2cb81f94acf50f2db0f,M02,0,7.98,6.50829633279,15
71,577bf2cb81f94acf50f2db0f,M03,0,7.21,5.66171569144,21
71,577bf2cb81f94acf50f2db0f,M04,0,6.57,5.57517905185,21
71,577bf2cb81f94acf50f2db0f,M05,0,6.48,5.46980050832,21
71,577bf2cb81f94acf50f2db0f,M06,0,9.13,7.76887764505,21
71,577bf2cb81f94acf50f2db0f,M07,0,9.45,7.83551769632,30
71,577bf2cb81f94acf50f2db0f,M08,0,12.95,10.4697618947,30
71,577bf2cb81f94acf50f2db0f,M09,0,11.84,9.75194073988,30
71,577bf2cb81f94acf50f2db0f,M10,0,14.77,10.6970522522,30
71,577bf2cb81f94acf50f2db0f,M11,0,13.79,10.1989997585,30
71,577bf2cb81f94acf50f2db0f,M12,0,16.87,11.8854190165,45
71,577bf2cb81f94acf50f2db0f,M13,0,16.27,11.7477994783,60
71,577bf2cb81f94acf50f2db0f,M14,0,13.17,10.9679757229,60
71,577bf2cb81f94acf50f2db0f,M15,0,16.47,11.8554997225,60
71,577bf2cb81f94acf50f2db0f,M16,0,34.83,25.7559330658,100
71,577bf2cb81f94acf50f2db0f,M17,0,5.22,3.98247824704,14
71,577bf2cb81f94acf50f2db0f,M18,0,7.13,5.66583685533,21
71,577bf2cb81f94acf50f2db0f,M19,0,5.87,5.29190903454,21
71,577bf2cb81f94acf50f2db0f,M20,0,8.79,7.43973226615,20
71,577bf2cb81f94acf50f2db0f,M21,0,6.4,5.32042201915,21
71,577bf2cb81f94acf50f2db0f,M22,0,14.49,9.71139441657,45
71,577bf2cb81f94acf50f2db0f,M23,0,12.01,8.86981311607,45
71,577bf2cb81f94acf50f2db0f,M24,0,14.36,9.6203637742,45
71,577bf2cb81f94acf50f2db0f,M25,0,11.91,8.74585648613,20
71,577bf2cb81f94acf50f2db0f,M26,0,10.34,8.23507225976,20
71,577bf2cb81f94acf50f2db0f,M27,0,12.12,9.41914076683,30
71,577bf2cb81f94acf50f2db0f,M28,0,10,8.53509171796,30
71,577bf2cb81f94acf50f2db0f,M29,0,12.05,9.33485068285,30
71,577bf2cb81f94acf50f2db0f,M30,0,7.21,5.73362406678,21
72,199be8c56e73e5eb81a7e6f0,M01,4,7.96,7.36601814353,10
72,199be8c56e73e5eb81a7e6f0,M02,4,10.6,10.2700359484,15
72,199be8c56e73e5eb81a7e6f0,M03,4,11.83,10.6263213685,21
72,199be8c56e73e5eb81a7e6f0,M04,4,10.85,10.5344264788,21
72,199be8c56e73e5eb81a7e6f0,M05,4,11.01,10.5296034427,21
72,199be8c56e73e5eb81a7e6f0,M06,4,14.48,13.4489772843,21
72,199be8c56e73e5eb81a7e6f0,M07,4,16.41,14.8754681312,30
72,199be8c56e73e5eb81a7e6f0,M08,4,20.75,19.9100627196,30
72,199be8c56e73e5eb81a7e6f0,M09,4,19.38,19.3879353997,30
72,199be8c56e73e5eb81a7e6f0,M10,4,22.37,20.2610634237,30
72,199be8c56e73e5eb81a7e6f0,M11,4,21.47,19.9384896883,30
72,199be8c56e73e5eb81a7e6f0,M12,4,30,26.9668057144,45
72,199be8c56e73e5eb81a7e6f0,M13,4,30.76,26.6792958747,60
72,199be8c56e73e5eb81a7e6f0,M14,4,27.22,25.4976879028,60
72,199be8c56e73e5eb81a7e6f0,M15,4,31.43,26.9950875735,60
72,199be8c56e73e5eb81a7e6f0,M16,4,59.54,54.1791468476,100
72,199be8c56e73e5eb81a7e6f0,M17,4,8.15,7.37694683523,14
72,199be8c56e73e5eb81a7e6f0,M18,4,11.32,10.5447821577,21
72,199be8c56e73e5eb81a7e6f0,M19,4,10.34,8.59980953968,21
72,199be8c56e73e5eb81a7e6f0,M20,4,12.33,10.8018327681,20
72,199be8c56e73e5eb81a7e6f0,M21,4,9.5,8.55233599967,21
72,199be8c56e73e5eb81a7e6f0,M22,4,24.07,20.0229479356,45
72,199be8c56e73e5eb81a7e6f0,M23,4,20.52,18.7967984588,45
72,199be8c56e73e5eb81a7e6f0,M24,4,24.93,20.7118431674,45
72,199be8c56e73e5eb81a7e6f0,M25,4,15.22,13.8715675652,20
72,199be8c56e73e5eb81a7e6f0,M26,4,13.94,13.5486370565,20
72,199be8c56e73e5eb81a7e6f0,M27,4,18.69,16.7574238782,30
72,199be8c56e73e5eb81a7e6f0,M28,4,16.73,15.9263493671,30
72,199be8c56e73e5eb81a7e6f0,M29,4,18.84,16.8253112972,30
72,199be8c56e73e5eb81a7e6f0,M30,4,11.87,10.6282756542,21
73,e7d3343ab01cc92f9746bd90,M01,1,6.93,6.20547633273,10
73,e7d3343ab01cc92f9746bd90,M02,1,9.25,7.25380053657,15
73,e7d3343ab01cc92f9746bd90,M03,1,9.36,7.13979250429,21
73,e7d3343ab01cc92f9746bd90,M04,1,8.16,6.81247093655,21
73,e7d3343ab01cc92f9746bd90,M05,1,8.46,6.71517067079,21
73,e7d3343ab01cc92f9746bd90,M06,1,11.62,8.67230421412,21
73,e7d3343ab01cc92f9746bd90,M07,1,12.66,8.85978026934,30
73,e7d3343ab01cc92f9746bd90,M08,1,16.96,12.3044306571,30
73,e7d3343ab01cc92f9746bd90,M09,1,15.81,11.9024343555,30
73,e7d3343ab01cc92f9746bd90,M10,1,18.68,12.5953775223,30
73,e7d3343ab01cc92f9746bd90,M11,1,17.14,12.2147119561,30
73,e7d3343ab01cc92f9746bd90,M12,1,23.51,15.328521833,45
73,e7d3343ab01cc92f9746bd90,M13,1,22.73,15.065753477,60
73,e7d3343ab01cc92f9746bd90,M14,1,19.02,14.4163982783,60
73,e7d3343ab01cc92f9746bd90,M15,1,22.98,15.3491918965,60
73,e7d3343ab01cc92f9746bd90,M16,1,49.87,37.298741493,100
73,e7d3343ab01cc92f9746bd90,M17,1,6.73,5.73668924781,14
73,e7d3343ab01cc92f9746bd90,M18,1,9.21,6.8946415323,21
73,e7d3343ab01cc92f9746bd90,M19,1,7.16,6.31625947114,21
73,e7d3343ab01cc92f9746bd90,M20,1,8.78,8.23616838031,20
73,e7d3343ab01cc92f9746bd90,M21,1,6.18,6.19129120028,21
73,e7d3343ab01cc92f9746bd90,M22,1,13.98,11.384209881,45
73,e7d3343ab01cc92f9746bd90,M23,1,11.93,10.1824685118,45
73,e7d3343ab01cc92f9746bd90,M24,1,14.14,11.3385240249,45
73,e7d3343ab01cc92f9746bd90,M25,1,13.44,9.22873839279,20
73,e7d3343ab01cc92f9746bd90,M26,1,12.02,8.8578251951,20
73,e7d3343ab01cc92f9746bd90,M27,1,14.97,11.0750044673,30
73,e7d3343ab01cc92f9746bd90,M28,1,12.78,9.92185007149,30
73,e7d3343ab01cc92f9746bd90,M29,1,14.8,10.9861663999,30
73,e7d3343ab01cc92f9746bd90,M30,1,9.39,7.08881946866,21
74,685253186b7c8d8473d65ffa,M01,2,6.8,6.12498898452,10
74,685253186b7c8d8473d65ffa,M02,2,8.99,8.04442046744,15
74,685253186b7c8d8473d65ffa,M03,2,8.76,7.88352627948,21
74,685253186b7c8d8473d65ffa,M04,2,7.92,7.46759488961,21
74,685253186b7c8d8473d65ffa,M05,2,7.87,7.25271787049,21
74,685253186b7c8d8473d65ffa,M06,2,11,10.2017833614,21
74,685253186b7c8d8473d65ffa,M07,2,11.7,10.7685793386,30
74,685253186b7c8d8473d65ffa,M08,2,15.77,14.8003251277,30
74,685253186b7c8d8473d65ffa,M09,2,14.37,14.1198870222,30
74,685253186b7c8d8473d65ffa,M10,2,17.59,15.3480469372,30
74,685253186b7c8d8473d65ffa,M11,2,16.6,14.8843892579,30
74,685253186b7c8d8473d65ffa,M12,2,21.43,18.3657707797,45
74,685253186b7c8d8473d65ffa,M13,2,20.78,17.9016066105,60
74,685253186b7c8d8473d65ffa,M14,2,16.97,16.09661466,60
74,685253186b7c8d8473d65ffa,M15,2,21.41,18.2855096397,60
74,685253186b7c8d8473d65ffa,M16,2,45.77,37.572307003,100
74,685253186b7c8d8473d65ffa,M17,2,6.27,5.9333217136,14
74,685253186b7c8d8473d65ffa,M18,2,8.55,7.64841996387,21
74,685253186b7c8d8473d65ffa,M19,2,7.34,6.34832982616,21
74,685253186b7c8d8473d65ffa,M20,2,9.58,8.4395623887,20
74,685253186b7c8d8473d65ffa,M21,2,7.04,6.34209506739,21
74,685253186b7c8d8473d65ffa,M22,2,16.08,13.9422054945,45
74,685253186b7c8d8473d65ffa,M23,2,13.35,11.5651718947,45
74,685253186b7c8d8473d65ffa,M24,2,16.66,14.080347181,45
74,685253186b7c8d8473d65ffa,M25,2,13.23,12.2371607896,20
74,685253186b7c8d8473d65ffa,M26,2,11.71,11.1078402047,20
74,685253186b7c8d8473d65ffa,M27,2,14.45,13.5330234897,30
74,685253186b7c8d8473d65ffa,M28,2,12.18,11.4583639362,30
74,685253186b7c8d8473d65ffa,M29,2,14.58,13.5951479539,30
74,685253186b7c8d8473d65ffa,M30,2,8.76,7.85450230328,21
75,1fcbc4f3ec49fb735c0f7d56,M01,3,6.41,6.18505187961,10
75,1fcbc4f3ec49fb735c0f7d56,M02,3,8.39,7.2913667375,15
75,1fcbc4f3ec49fb735c0f7d56,M03,3,7.8,6.79342926813,21
75,1fcbc4f3ec49fb735c0f7d56,M04,3,7.11,6.59385152904,21
75,1fcbc4f3ec49fb735c0f7d56,M05,3,7.01,6.40920450274,21
75,1fcbc4f3ec49fb735c0f7d56,M06,3,9.91,8.88377057597,21
75,1fcbc4f3ec49fb735c0f7d56,M07,3,10.22,8.89993408502,30
75,1fcbc4f3ec49fb735c0f7d56,M08,3,13.89,13.1442555324,30
75,1fcbc4f3ec49fb735c0f7d56,M09,3,12.64,12.3514346391,30
75,1fcbc4f3ec49fb735c0f7d56,M10,3,15.8,13.4666067063,30
75,1fcbc4f3ec49fb735c0f7d56,M11,3,14.78,12.7428519465,30
75,1fcbc4f3ec49fb735c0f7d56,M12,3,18.29,15.1099537371,45
75,1fcbc4f3ec49fb735c0f7d56,M13,3,17.83,14.7863812196,60
75,1fcbc4f3ec49fb735c0f7d56,M14,3,14.3,14.1323027437,60
75,1fcbc4f3ec49fb735c0f7d56,M15,3,18.14,15.079950437,60
75,1fcbc4f3ec49fb735c0f7d56,M16,3,38.33,29.0998319662,100
75,1fcbc4f3ec49fb735c0f7d56,M17,3,5.64,5.15963672904,14
75,1fcbc4f3ec49fb735c0f7d56,M18,3,7.71,6.86977248089,21
75,1fcbc4f3ec49fb735c0f7d56,M19,3,6.02,6.04644879339,21
75,1fcbc4f3ec49fb735c0f7d56,M20,3,8.02,8.51653724306,20
75,1fcbc4f3ec49fb735c0f7d56,M21,3,5.75,6.17517195404,21
75,1fcbc4f3ec49fb735c0f7d56,M22,3,12.48,12.5192585197,45
75,1fcbc4f3ec49fb735c0f7d56,M23,3,10.42,11.3976186947,45
75,1fcbc4f3ec49fb735c0f7d56,M24,3,12.65,12.7747972978,45
75,1fcbc4f3ec49fb735c0f7d56,M25,3,12.5,10.4179227802,20
75,1fcbc4f3ec49fb735c0f7d56,M26,3,10.86,9.74497602221,20
75,1fcbc4f3ec49fb735c0f7d56,M27,3,13.06,11.1189965001,30
75,1fcbc4f3ec49fb735c0f7d56,M28,3,10.77,10.1676203269,30
75,1fcbc4f3ec49fb735c0f7d56,M29,3,13.03,11.1484405009,30
75,1fcbc4f3ec49fb735c0f7d56,M30,3,7.8,6.79233526081,21
76,1879f3c5daf4cf8a36454c58,M01,0,5.84,5.38284453233,10
76,1879f3c5daf4cf8a36454c58,M02,0,7.74,6.48715259266,15
76,1879f3c5daf4cf8a36454c58,M03,0,6.84,5.63727551364,21
76,1879f3c5daf4cf8a36454c58,M04,0,6.18,5.56841893929,21
76,1879f3c5daf4cf8a36454c58,M05,0,5.97,5.39563143638,21
76,1879f3c5daf4cf8a36454c58,M06,0,8.63,7.3609485017,21
76,1879f3c5daf4cf8a36454c58,M07,0,8.96,7.44336348149,30
76,1879f3c5daf4cf8a36454c58,M08,0,12.5,10.7723139383,30
76,1879f3c5daf4cf8a36454c58,M09,0,11.06,9.79557116524,30
76,1879f3c5daf4cf8a36454c58,M10,0,14.2,10.9353161997,30
76,1879f3c5daf4cf8a36454c58,M11,0,12.79,10.2168458423,30
76,1879f3c5daf4cf8a36454c58,M12,0,16.31,13.1455211257,45
76,1879f3c5daf4cf8a36454c58,M13,0,15.35,12.8114121511,60
76,1879f3c5daf4cf8a36454c58,M14,0,12.58,11.7464970779,60
76,1879f3c5daf4cf8a36454c58,M15,0,15.38,13.101717529,60
76,1879f3c5daf4cf8a36454c58,M16,0,33.62,25.799928115,100
76,1879f3c5daf4cf8a36454c58,M17,0,4.78,4.04238499324,14
76,1879f3c5daf4cf8a36454c58,M18,0,6.72,5.71007554069,21
76,1879f3c5daf4cf8a36454c58,M19,0,5.6,5.26372290418,21
76,1879f3c5daf4cf8a36454c58,M20,0,7.54,7.12675743099,20
76,1879f3c5daf4cf8a36454c58,M21,0,5.49,5.37157147475,21
76,1879f3c5daf4cf8a36454c58,M22,0,11.6,10.109252892,45
76,1879f3c5daf4cf8a36454c58,M23,0,9.89,8.89481820401,45
76,1879f3c5daf4cf8a36454c58,M24,0,11.61,10.3080515876,45
76,1879f3c5daf4cf8a36454c58,M25,0,11.37,7.83842388874,20
76,1879f3c5daf4cf8a36454c58,M26,0,9.85,7.17890657828,20
76,1879f3c5daf4cf8a36454c58,M27,0,11.32,8.9274718211,30
76,1879f3c5daf4cf8a36454c58,M28,0,9.37,7.83347876455,30
76,1879f3c5daf4cf8a36454c58,M29,0,11.18,8.96789990926,30
76,1879f3c5daf4cf8a36454c58,M30,0,6.62,5.55962939698,21
77,047b8df66ebc85fef8294a83,M01,3,6.49,7.1014651933,10
77,047b8df66ebc85fef8294a83,M02,3,8.61,9.27509357226,15
77,047b8df66ebc85fef8294a83,M03,3,8.12,9.23844231729,21
77,047b8df66ebc85fef8294a83,M04,3,7.32,8.99929075311,21
77,047b8df66ebc85fef8294a83,M05,3,7.17,8.98243632744,21
77,047b8df66ebc85fef8294a83,M06,3,10.23,13.1063944329,21
77,047b8df66ebc85fef8294a83,M07,3,10.8,14.2314077858,30
77,047b8df66ebc85fef8294a83,M08,3,14.84,18.436275546,30
77,047b8df66ebc85fef8294a83,M09,3,13.48,17.7020902935,30
77,047b8df66ebc85fef8294a83,M10,3,16.58,18.7698291986,30
77,047b8df66ebc85fef8294a83,M11,3,15.42,18.4513566037,30
77,047b8df66ebc85fef8294a83,M12,3,20.06,24.4478542746,45
77,047b8df66ebc85fef8294a83,M13,3,19.03,24.2536622864,60
77,047b8df66ebc85fef8294a83,M14,3,15.62,22.8332278099,60
77,047b8df66ebc85fef8294a83,M15,3,19.52,24.4502630999,60
77,047b8df66ebc85fef8294a83,M16,3,42.92,44.9474881006,100
77,047b8df66ebc85fef8294a83,M17,3,5.79,7.02584677439,14
77,047b8df66ebc85fef8294a83,M18,3,7.94,9.04128557544,21
77,047b8df66ebc85fef8294a83,M19,3,6.51,7.9382677897,21
77,047b8df66ebc85fef8294a83,M20,3,8.72,9.99931400628,20
77,047b8df66ebc85fef8294a83,M21,3,6.25,7.84864149401,21
77,047b8df66ebc85fef8294a83,M22,3,13.86,18.2062534269,45
77,047b8df66ebc85fef8294a83,M23,3,11.68,16.6377633299,45
77,047b8df66ebc85fef8294a83,M24,3,14.22,18.4986628991,45
77,047b8df66ebc85fef8294a83,M25,3,12.43,13.8090480904,20
77,047b8df66ebc85fef8294a83,M26,3,10.92,13.2123898382,20
77,047b8df66ebc85fef8294a83,M27,3,12.97,16.2024484189,30
77,047b8df66ebc85fef8294a83,M28,3,10.83,14.6458061075,30
77,047b8df66ebc85fef8294a83,M29,3,12.95,16.1343982188,30
77,047b8df66ebc85fef8294a83,M30,3,7.8,9.26614131855,21
78,cdebdfe424c1e2de4b6e80f5,M01,3,5.54,6.00331148045,10
78,cdebdfe424c1e2de4b6e80f5,M02,3,7.41,7.02081409799,15
78,cdebdfe424c1e2de4b6e80f5,M03,3,6.42,6.53569408139,21
78,cdebdfe424c1e2de4b6e80f5,M04,3,5.81,6.33231495052,21
78,cdebdfe424c1e2de4b6e80f5,M05,3,5.57,6.13082353267,21
78,cdebdfe424c1e2de4b6e80f5,M06,3,8.12,8.7286937309,21
78,cdebdfe424c1e2de4b6e80f5,M07,3,8.33,8.68956075889,30
78,cdebdfe424c1e2de4b6e80f5,M08,3,11.48,12.8085907074,30
78,cdebdfe424c1e2de4b6e80f5,M09,3,9.88,11.9656312924,30
78,cdebdfe424c1e2de4b6e80f5,M10,3,13.24,13.0839320341,30
78,cdebdfe424c1e2de4b6e80f5,M11,3,11.56,12.2797506264,30
78,cdebdfe424c1e2de4b6e80f5,M12,3,14.76,14.8088909798,45
78,cdebdfe424c1e2de4b6e80f5,M13,3,14.02,14.4880581273,60
78,cdebdfe424c1e2de4b6e80f5,M14,3,11.34,13.9257487511,60
78,cdebdfe424c1e2de4b6e80f5,M15,3,14.1,14.7777732086,60
78,cdebdfe424c1e2de4b6e80f5,M16,3,29.16,26.649637481,100
78,cdebdfe424c1e2de4b6e80f5,M17,3,4.43,4.71025667812,14
78,cdebdfe424c1e2de4b6e80f5,M18,3,6.37,6.58019706943,21
78,cdebdfe424c1e2de4b6e80f5,M19,3,5.38,5.83082267407,21
78,cdebdfe424c1e2de4b6e80f5,M20,3,7.13,8.22326300103,20
78,cdebdfe424c1e2de4b6e80f5,M21,3,5.28,5.9166246244,21
78,cdebdfe424c1e2de4b6e80f5,M22,3,10.86,11.7836497547,45
78,cdebdfe424c1e2de4b6e80f5,M23,3,9.06,10.9014681478,45
78,cdebdfe424c1e2de4b6e80f5,M24,3,10.88,12.0686535778,45
78,cdebdfe424c1e2de4b6e80f5,M25,3,6.42,10.1672844967,20
78,cdebdfe424c1e2de4b6e80f5,M26,3,4.7,9.58638758168,20
78,cdebdfe424c1e2de4b6e80f5,M27,3,6.96,11.0977748782,30
78,cdebdfe424c1e2de4b6e80f5,M28,3,5.39,10.2450225044,30
78,cdebdfe424c1e2de4b6e80f5,M29,3,6.98,11.0909578493,30
78,cdebdfe424c1e2de4b6e80f5,M30,3,4.24,6.52908542805,21
79,c4ac567011a027981340b36b,M01,4,5.08,5.53832196382,10
79,c4ac567011a027981340b36b,M02,4,6.75,6.7911731088,15
79,c4ac567011a027981340b36b,M03,4,5.75,5.86165245964,21
79,c4ac567011a027981340b36b,M04,4,5.2,5.73727689778,21
79,c4ac567011a027981340b36b,M05,4,5.01,5.56512437045,21
79,c4ac567011a027981340b36b,M06,4,7.27,7.89570443174,21
79,c4ac567011a027981340b36b,M07,4,7.41,7.91662963248,30
79,c4ac567011a027981340b36b,M08,4,10.03,10.9333775389,30
79,c4ac567011a027981340b36b,M09,4,8.16,10.2254592346,30
79,c4ac567011a027981340b36b,M10,4,11.6,11.1865398198,30
79,c4ac567011a027981340b36b,M11,4,10.01,10.6835800303,30
79,c4ac567011a027981340b36b,M12,4,12.52,13.140647834,45
79,c4ac567011a027981340b36b,M13,4,12.01,12.8480952552,60
79,c4ac567011a027981340b36b,M14,4,9.49,12.0813502607,60
79,c4ac567011a027981340b36b,M15,4,11.84,13.1422538085,60
79,c4ac567011a027981340b36b,M16,4,23.53,26.4396653634,100
79,c4ac567011a027981340b36b,M17,4,3.54,4.35311263369,14
79,c4ac567011a027981340b36b,M18,4,5.61,5.82791482806,21
79,c4ac567011a027981340b36b,M19,4,4.73,5.41188407804,21
79,c4ac567011a027981340b36b,M20,4,5.76,7.57953700294,20
79,c4ac567011a027981340b36b,M21,4,4.63,5.49877931458,21
79,c4ac567011a027981340b36b,M22,4,8.31,10.3184450484,45
79,c4ac567011a027981340b36b,M23,4,6.85,9.38843625222,45
79,c4ac567011a027981340b36b,M24,4,8.13,10.415021591,45
79,c4ac567011a027981340b36b,M25,4,10.04,8.80876000511,20
79,c4ac567011a027981340b36b,M26,4,8.32,8.28152877293,20
79,c4ac567011a027981340b36b,M27,4,9.52,9.37133351368,30
79,c4ac567011a027981340b36b,M28,4,7.92,8.57803477801,30
79,c4ac567011a027981340b36b,M29,4,9.15,9.33850126324,30
79,c4ac567011a027981340b36b,M30,4,5.75,5.73529232036,21
80,3f3242254ca882caa3780cd4,M01,3,5.92,6.27162568304,10
80,3f3242254ca882caa3780cd4,M02,3,8.17,7.84750443061,15
80,3f3242254ca882caa3780cd4,M03,3,7.57,7.69789102439,21
80,3f3242254ca882caa3780cd4,M04,3,6.93,7.28602517774,21
80,3f3242254ca882caa3780cd4,M05,3,6.63,7.08986327097,21
80,3f3242254ca882caa3780cd4,M06,3,8.99,10.4098437025,21
80,3f3242254ca882caa3780cd4,M07,3,9.99,11.1906829065,30
80,3f3242254ca882caa3780cd4,M08,3,13.46,15.0218764824,30
80,3f3242254ca882caa3780cd4,M09,3,11.95,14.4213236308,30
80,3f3242254ca882caa3780cd4,M10,3,15.46,15.8702728404,30
80,3f3242254ca882caa3780cd4,M11,3,13.99,15.5118210179,30
80,3f3242254ca882caa3780cd4,M12,3,17.53,19.9346463142,45
80,3f3242254ca882caa3780cd4,M13,3,15.88,19.5400991422,60
80,3f3242254ca882caa3780cd4,M14,3,12.66,17.1280803888,60
80,3f3242254ca882caa3780cd4,M15,3,17.46,19.9128062567,60
80,3f3242254ca882caa3780cd4,M16,3,31.36,41.6630718992,100
80,3f3242254ca882caa3780cd4,M17,3,5.49,6.19741595147,14
80,3f3242254ca882caa3780cd4,M18,3,7.6,7.47342977403,21
80,3f3242254ca882caa3780cd4,M19,3,5.46,6.08959706844,21
80,3f3242254ca882caa3780cd4,M20,3,7.57,8.62190338528,20
80,3f3242254ca882caa3780cd4,M21,3,5.59,6.08002704258,21
80,3f3242254ca882caa3780cd4,M22,3,11.67,13.8988733087,45
80,3f3242254ca882caa3780cd4,M23,3,9.6,11.4235033086,45
80,3f3242254ca882caa3780cd4,M24,3,12.44,14.118514044,45
80,3f3242254ca882caa3780cd4,M25,3,11.58,12.3336217672,20
80,3f3242254ca882caa3780cd4,M26,3,9.99,11.2952257594,20
80,3f3242254ca882caa3780cd4,M27,3,11.65,13.5787158646,30
80,3f3242254ca882caa3780cd4,M28,3,9.58,11.4927436314,30
80,3f3242254ca882caa3780cd4,M29,3,12.32,13.7328254033,30
80,3f3242254ca882caa3780cd4,M30,3,6.93,7.69472593348,21
81,8f5373ae3303e9a701bc0449,M01,2,4.3,4.44185816753,10
81,8f5373ae3303e9a701bc0449,M02,2,5.09,5.29542648202,15
81,8f5373ae3303e9a701bc0449,M03,2,4.8,4.60160990593,21
81,8f5373ae3303e9a701bc0449,M04,2,4.49,4.5653349472,21
81,8f5373ae3303e9a701bc0449,M05,2,4.24,4.43845286317,21
81,8f5373ae3303e9a701bc0449,M06,2,6.11,6.06817591758,21
81,8f5373ae3303e9a701bc0449,M07,2,5.71,5.9251761443,30
81,8f5373ae3303e9a701bc0449,M08,2,6.22,7.27277160019,30
81,8f5373ae3303e9a701bc0449,M09,2,4.53,6.73174779052,30
81,8f5373ae3303e9a701bc0449,M10,2,7.71,7.46870163578,30
81,8f5373ae3303e9a701bc0449,M11,2,5.84,7.08245510171,30
81,8f5373ae3303e9a701bc0449,M12,2,6.25,7.87677021873,45
81,8f5373ae3303e9a701bc0449,M13,2,7.66,7.99028250304,60
81,8f5373ae3303e9a701bc0449,M14,2,4.84,7.10828942692,60
81,8f5373ae3303e9a701bc0449,M15,2,7.92,8.22181269627,60
81,8f5373ae3303e9a701bc0449,M16,2,11.53,17.3838296941,100
81,8f5373ae3303e9a701bc0449,M17,2,2.62,3.10200191652,14
81,8f5373ae3303e9a701bc0449,M18,2,5.05,4.85622570972,21
81,8f5373ae3303e9a701bc0449,M19,2,4.77,4.71123068291,21
81,8f5373ae3303e9a701bc0449,M20,2,5.55,5.90414547689,20
81,8f5373ae3303e9a701bc0449,M21,2,4.76,4.81230156461,21
81,8f5373ae3303e9a701bc0449,M22,2,8.16,7.7599931446,45
81,8f5373ae3303e9a701bc0449,M23,2,5.9,6.64700970364,45
81,8f5373ae3303e9a701bc0449,M24,2,8.33,7.81983306407,45
81,8f5373ae3303e9a701bc0449,M25,2,6.93,6.20825549712,20
81,8f5373ae3303e9a701bc0449,M26,2,4.96,5.46292280408,20
81,8f5373ae3303e9a701bc0449,M27,2,7.32,7.22104095532,30
81,8f5373ae3303e9a701bc0449,M28,2,5.58,6.18402857495,30
81,8f5373ae3303e9a701bc0449,M29,2,7.24,7.25922745663,30
81,8f5373ae3303e9a701bc0449,M30,2,4.08,4.46033509982,21
86,db6ca16feb506f12191f9ced,M01,3,4.92,4.40030993824,10
86,db6ca16feb506f12191f9ced,M02,3,6.54,5.3347335864,15
86,db6ca16feb506f12191f9ced,M03,3,5.55,4.58677509481,21
86,db6ca16feb506f12191f9ced,M04,3,5.3,4.56533892005,21
86,db6ca16feb506f12191f9ced,M05,3,5.14,4.42452956674,21
86,db6ca16feb506f12191f9ced,M06,3,7.04,6.46827590446,21
86,db6ca16feb506f12191f9ced,M07,3,7.16,6.23480480357,30
86,db6ca16feb506f12191f9ced,M08,3,9.46,7.72834412434,30
86,db6ca16feb506f12191f9ced,M09,3,8.51,7.07420997962,30
86,db6ca16feb506f12191f9ced,M10,3,11.08,7.96851459918,30
86,db6ca16feb506f12191f9ced,M11,3,10.17,7.50250981485,30
86,db6ca16feb506f12191f9ced,M12,3,11.56,8.4498505085,45
86,db6ca16feb506f12191f9ced,M13,3,11.52,8.50783763756,60
86,db6ca16feb506f12191f9ced,M14,3,8.96,7.54210825082,60
86,db6ca16feb506f12191f9ced,M15,3,11.48,8.74957845543,60
86,db6ca16feb506f12191f9ced,M16,3,21.7,19.4856075312,100
86,db6ca16feb506f12191f9ced,M17,3,3.82,3.10089584167,14
86,db6ca16feb506f12191f9ced,M18,3,5.78,4.92075529846,21
86,db6ca16feb506f12191f9ced,M19,3,5.39,4.65393589759,21
86,db6ca16feb506f12191f9ced,M20,3,7.36,6.16710471524,20
86,db6ca16feb506f12191f9ced,M21,3,5.47,4.84000670145,21
86,db6ca16feb506f12191f9ced,M22,3,11.32,8.28125503534,45
86,db6ca16feb506f12191f9ced,M23,3,9.34,7.06973285518,45
86,db6ca16feb506f12191f9ced,M24,3,11.44,8.34275430329,45
86,db6ca16feb506f12191f9ced,M25,3,6.26,6.99855210265,20
86,db6ca16feb506f12191f9ced,M26,3,4.26,6.17420912071,20
86,db6ca16feb506f12191f9ced,M27,3,6.81,7.68100931723,30
86,db6ca16feb506f12191f9ced,M28,3,5.24,6.63085824256,30
86,db6ca16feb506f12191f9ced,M29,3,6.82,7.67592525865,30
86,db6ca16feb506f12191f9ced,M30,3,4.19,4.54799002186,21
88,7c5d2caf2182c8f80629097e,M01,1,6.15,6.96983541502,10
88,7c5d2caf2182c8f80629097e,M02,1,8.16,9.29419616752,15
88,7c5d2caf2182c8f80629097e,M03,1,7.46,9.24220272706,21
88,7c5d2caf2182c8f80629097e,M04,1,6.9,8.83113342208,21
88,7c5d2caf2182c8f80629097e,M05,1,6.84,8.80797621379,21
88,7c5d2caf2182c8f80629097e,M06,1,9.48,12.4452559889,21
88,7c5d2caf2182c8f80629097e,M07,1,9.85,13.3806038257,30
88,7c5d2caf2182c8f80629097e,M08,1,13.68,17.1976079347,30
88,7c5d2caf2182c8f80629097e,M09,1,12.67,16.382183361,30
88,7c5d2caf2182c8f80629097e,M10,1,15.41,17.7768025143,30
88,7c5d2caf2182c8f80629097e,M11,1,14.59,17.3441548291,30
88,7c5d2caf2182c8f80629097e,M12,1,18.23,23.007073224,45
88,7c5d2caf2182c8f80629097e,M13,1,17.43,22.3873730221,60
88,7c5d2caf2182c8f80629097e,M14,1,14.34,20.2726011998,60
88,7c5d2caf2182c8f80629097e,M15,1,17.43,22.9937122717,60
88,7c5d2caf2182c8f80629097e,M16,1,39.31,49.3322566751,100
88,7c5d2caf2182c8f80629097e,M17,1,5.59,6.9641024078,14
88,7c5d2caf2182c8f80629097e,M18,1,7.5,9.02534812336,21
88,7c5d2caf2182c8f80629097e,M19,1,5.97,7.52082554348,21
88,7c5d2caf2182c8f80629097e,M20,1,8,9.91339283927,20
88,7c5d2caf2182c8f80629097e,M21,1,5.83,7.47673418269,21
88,7c5d2caf2182c8f80629097e,M22,1,12.41,16.4490720778,45
88,7c5d2caf2182c8f80629097e,M23,1,10.52,14.5496340604,45
88,7c5d2caf2182c8f80629097e,M24,1,12.53,16.6045637234,45
88,7c5d2caf2182c8f80629097e,M25,1,12.23,13.0822049493,20
88,7c5d2caf2182c8f80629097e,M26,1,10.73,12.641892325,20
88,7c5d2caf2182c8f80629097e,M27,1,12.64,15.2453661028,30
88,7c5d2caf2182c8f80629097e,M28,1,10.61,13.9798809177,30
88,7c5d2caf2182c8f80629097e,M29,1,12.45,15.2553532748,30
88,7c5d2caf2182c8f80629097e,M30,1,7.49,9.24665419307,21
91,6d9f9870f4d44ecb43c6008e,M25,4,14.15,13.8083713768,20
91,6d9f9870f4d44ecb43c6008e,M26,4,12.9,13.4786168338,20
91,6d9f9870f4d44ecb43c6008e,M27,4,16.68,16.8127549763,30
91,6d9f9870f4d44ecb43c6008e,M28,4,14.79,15.974931453,30
91,6d9f9870f4d44ecb43c6008e,M29,4,16.71,16.8471541339,30
91,6d9f9870f4d44ecb43c6008e,M30,4,10.23,10.2892552537,21
92,ad6b380a8fe0471ba1141477,M01,2,6.67,6.40228192276,10
92,ad6b380a8fe0471ba1141477,M02,2,8.9,8.17422478198,15
92,ad6b380a8fe0471ba1141477,M03,2,8.66,8.04929078344,21
92,ad6b380a8fe0471ba1141477,M04,2,7.92,7.77059520612,21
92,ad6b380a8fe0471ba1141477,M05,2,7.85,7.73961646211,21
92,ad6b380a8fe0471ba1141477,M06,2,10.89,10.7942137693,21
92,ad6b380a8fe0471ba1141477,M07,2,11.64,11.4015233079,30
92,ad6b380a8fe0471ba1141477,M08,2,15.88,15.16674632,30
92,ad6b380a8fe0471ba1141477,M09,2,14.72,14.6709921405,30
92,ad6b380a8fe0471ba1141477,M10,2,17.56,15.5875548038,30
92,ad6b380a8fe0471ba1141477,M11,2,16.65,15.2656005663,30
92,ad6b380a8fe0471ba1141477,M12,2,21.91,19.4262641124,45
92,ad6b380a8fe0471ba1141477,M13,2,21.18,18.9427090523,60
92,ad6b380a8fe0471ba1141477,M14,2,17.75,17.9405774351,60
92,ad6b380a8fe0471ba1141477,M15,2,21.33,19.3985974457,60
92,ad6b380a8fe0471ba1141477,M16,2,47.62,47.3203973548,100
92,ad6b380a8fe0471ba1141477,M17,2,6.33,6.36097320226,14
92,ad6b380a8fe0471ba1141477,M18,2,8.55,7.97373854914,21
92,ad6b380a8fe0471ba1141477,M19,2,7.16,6.9682684451,21
92,ad6b380a8fe0471ba1141477,M20,2,9.5,9.7344197617,20
92,ad6b380a8fe0471ba1141477,M21,2,6.92,6.94460134876,21
92,ad6b380a8fe0471ba1141477,M22,2,15.84,14.1720300443,45
92,ad6b380a8fe0471ba1141477,M23,2,13.31,12.1222531723,45
92,ad6b380a8fe0471ba1141477,M24,2,16.25,14.3725991315,45
92,ad6b380a8fe0471ba1141477,M25,2,13.14,12.3262167899,20
92,ad6b380a8fe0471ba1141477,M26,2,11.77,11.6308528111,20
92,ad6b380a8fe0471ba1141477,M27,2,14.43,13.6833762009,30
92,ad6b380a8fe0471ba1141477,M28,2,12.35,12.001399135,30
92,ad6b380a8fe0471ba1141477,M29,2,14.35,13.7813957717,30
92,ad6b380a8fe0471ba1141477,M30,2,8.68,8.04435972645,21
93,90e4bc93a64c5319da7b3c19,M01,3,5.81,5.36008343899,10
93,90e4bc93a64c5319da7b3c19,M02,3,7.77,6.52552923982,15
93,90e4bc93a64c5319da7b3c19,M03,3,6.88,5.74138682445,21
93,90e4bc93a64c5319da7b3c19,M04,3,6,5.56045945526,21
93,90e4bc93a64c5319da7b3c19,M05,3,5.89,5.42784940639,21
93,90e4bc93a64c5319da7b3c19,M06,3,8.68,7.55536471591,21
93,90e4bc93a64c5319da7b3c19,M07,3,9.05,7.32547700361,30
93,90e4bc93a64c5319da7b3c19,M08,3,12.75,10.2538691455,30
93,90e4bc93a64c5319da7b3c19,M09,3,10.62,9.46116361929,30
93,90e4bc93a64c5319da7b3c19,M10,3,14.39,10.5230728964,30
93,90e4bc93a64c5319da7b3c19,M11,3,12.84,9.96858708561,30
93,90e4bc93a64c5319da7b3c19,M12,3,16.81,12.152187669,45
93,90e4bc93a64c5319da7b3c19,M13,3,15.57,11.9273813436,60
93,90e4bc93a64c5319da7b3c19,M14,3,12.8,10.7934730681,60
93,90e4bc93a64c5319da7b3c19,M15,3,15.57,12.1391515677,60
93,90e4bc93a64c5319da7b3c19,M16,3,34.22,23.5731483351,100
93,90e4bc93a64c5319da7b3c19,M17,3,4.55,4.04747344668,14
93,90e4bc93a64c5319da7b3c19,M18,3,6.56,5.66684449758,21
93,90e4bc93a64c5319da7b3c19,M19,3,5.45,5.2077706091,21
93,90e4bc93a64c5319da7b3c19,M20,3,7.4,6.61221769301,20
93,90e4bc93a64c5319da7b3c19,M21,3,5.28,5.18481811154,21
93,90e4bc93a64c5319da7b3c19,M22,3,11.32,9.31282735522,45
93,90e4bc93a64c5319da7b3c19,M23,3,9.55,8.38520550261,45
93,90e4bc93a64c5319da7b3c19,M24,3,11.32,9.18279074529,45
93,90e4bc93a64c5319da7b3c19,M25,3,11.54,9.00753280198,20
93,90e4bc93a64c5319da7b3c19,M26,3,10.06,8.34959689984,20
93,90e4bc93a64c5319da7b3c19,M27,3,11.58,9.64171376543,30
93,90e4bc93a64c5319da7b3c19,M28,3,9.61,8.62111488975,30
93,90e4bc93a64c5319da7b3c19,M29,3,11.31,9.56779076117,30
93,90e4bc93a64c5319da7b3c19,M30,3,6.86,5.8067014774,21
95,74e84ef329ad1064a1b82a83,M01,4,6.67,7.05013459744,10
95,74e84ef329ad1064a1b82a83,M02,4,8.85,9.39539695951,15
95,74e84ef329ad1064a1b82a83,M03,4,8.53,9.38269333442,21
95,74e84ef329ad1064a1b82a83,M04,4,7.84,9.16754359586,21
95,74e84ef329ad1064a1b82a83,M05,4,7.78,9.1514260731,21
95,74e84ef329ad1064a1b82a83,M06,4,10.79,12.6468969207,21
95,74e84ef329ad1064a1b82a83,M07,4,11.43,13.4622602049,30
95,74e84ef329ad1064a1b82a83,M08,4,15.58,17.7675304327,30
95,74e84ef329ad1064a1b82a83,M09,4,14.47,17.2757940238,30
95,74e84ef329ad1064a1b82a83,M10,4,17.33,18.2115268929,30
95,74e84ef329ad1064a1b82a83,M11,4,16.44,17.8903585144,30
95,74e84ef329ad1064a1b82a83,M12,4,21.33,24.7290879763,45
95,74e84ef329ad1064a1b82a83,M13,4,20.74,24.5173962314,60
95,74e84ef329ad1064a1b82a83,M14,4,17.16,23.4694640533,60
95,74e84ef329ad1064a1b82a83,M15,4,20.84,24.6923427036,60
95,74e84ef329ad1064a1b82a83,M16,4,46.57,50.0939964163,100
95,74e84ef329ad1064a1b82a83,M17,4,6.26,7.05561985204,14
95,74e84ef329ad1064a1b82a83,M18,4,8.46,9.22751641411,21
95,74e84ef329ad1064a1b82a83,M19,4,6.78,7.82393933218,21
95,74e84ef329ad1064a1b82a83,M20,4,9.02,10.2567007282,20
95,74e84ef329ad1064a1b82a83,M21,4,6.56,7.7849959732,21
95,74e84ef329ad1064a1b82a83,M22,4,14.6,17.2132890012,45
95,74e84ef329ad1064a1b82a83,M23,4,12.3,15.9954590942,45
95,74e84ef329ad1064a1b82a83,M24,4,14.89,17.3911301772,45
95,74e84ef329ad1064a1b82a83,M25,4,13.07,13.5810694263,20
95,74e84ef329ad1064a1b82a83,M26,4,11.67,13.1904876744,20
95,74e84ef329ad1064a1b82a83,M27,4,14.28,15.8243889309,30
95,74e84ef329ad1064a1b82a83,M28,4,12.15,14.8894153345,30
95,74e84ef329ad1064a1b82a83,M29,4,14.17,15.8384349111,30
95,74e84ef329ad1064a1b82a83,M30,4,8.55,9.39246488522,21
96,3cf78d38643a00824f675671,M01,3,4.98,7.2594774579,10
96,3cf78d38643a00824f675671,M02,3,6.45,9.85429360921,15
96,3cf78d38643a00824f675671,M03,3,5.51,9.89419002796,21
96,3cf78d38643a00824f675671,M04,3,5.38,9.64307118355,21
96,3cf78d38643a00824f675671,M05,3,5.31,9.63012234057,21
96,3cf78d38643a00824f675671,M06,3,7.14,12.9453350709,21
96,3cf78d38643a00824f675671,M07,3,7.08,14.168271345,30
96,3cf78d38643a00824f675671,M08,3,9.29,18.9670598359,30
96,3cf78d38643a00824f675671,M09,3,8.78,17.9971823956,30
96,3cf78d38643a00824f675671,M10,3,10.91,19.3615558062,30
96,3cf78d38643a00824f675671,M11,3,10.69,18.9595303244,30
96,3cf78d38643a00824f675671,M12,3,11.35,26.4602825557,45
96,3cf78d38643a00824f675671,M13,3,11.83,26.4017648527,60
96,3cf78d38643a00824f675671,M14,3,10.65,23.5206711958,60
96,3cf78d38643a00824f675671,M15,3,11.78,26.4673203646,60
96,3cf78d38643a00824f675671,M16,3,22.87,53.4059798338,100
96,3cf78d38643a00824f675671,M17,3,3.93,7.26293325921,14
96,3cf78d38643a00824f675671,M18,3,5.78,9.68719636343,21
96,3cf78d38643a00824f675671,M19,3,4.91,8.09132436211,21
96,3cf78d38643a00824f675671,M20,3,6.24,10.6699239146,20
96,3cf78d38643a00824f675671,M21,3,4.9,8.06386698187,21
96,3cf78d38643a00824f675671,M22,3,9.24,18.7436456345,45
96,3cf78d38643a00824f675671,M23,3,8.36,16.4619762161,45
96,3cf78d38643a00824f675671,M24,3,9.03,19.0619375111,45
96,3cf78d38643a00824f675671,M25,3,10.48,13.6468312035,20
96,3cf78d38643a00824f675671,M26,3,9.65,12.9358881947,20
96,3cf78d38643a00824f675671,M27,3,9.97,16.42108186,30
96,3cf78d38643a00824f675671,M28,3,9.03,14.6268557599,30
96,3cf78d38643a00824f675671,M29,3,9.86,16.3813474729,30
96,3cf78d38643a00824f675671,M30,3,6.41,9.93448628901,21
98,b98d74e7b8c54efd1aed9d66,M01,4,4.03,4.78355490021,10
98,b98d74e7b8c54efd1aed9d66,M02,4,4.75,5.95899282373,15
98,b98d74e7b8c54efd1aed9d66,M03,4,4.51,5.05085947395,21
98,b98d74e7b8c54efd1aed9d66,M04,4,4.23,5.02736934174,21
98,b98d74e7b8c54efd1aed9d66,M05,4,3.89,4.87883338684,21
98,b98d74e7b8c54efd1aed9d66,M06,4,5.78,6.8049953729,21
98,b98d74e7b8c54efd1aed9d66,M07,4,5.16,6.67299023609,30
98,b98d74e7b8c54efd1aed9d66,M08,4,5.33,8.63074477032,30
98,b98d74e7b8c54efd1aed9d66,M09,4,3.83,8.01799777618,30
98,b98d74e7b8c54efd1aed9d66,M10,4,6.79,8.97969846165,30
98,b98d74e7b8c54efd1aed9d66,M11,4,5.02,8.55543182349,30
98,b98d74e7b8c54efd1aed9d66,M12,4,5.43,9.798514878,45
98,b98d74e7b8c54efd1aed9d66,M13,4,6.48,9.6032182785,60
98,b98d74e7b8c54efd1aed9d66,M14,4,4.19,8.45986399776,60
98,b98d74e7b8c54efd1aed9d66,M15,4,6.56,9.88014944376,60
98,b98d74e7b8c54efd1aed9d66,M16,4,8.31,20.9224511192,100
98,b98d74e7b8c54efd1aed9d66,M17,4,2.14,3.47933037206,14
98,b98d74e7b8c54efd1aed9d66,M18,4,4.71,5.22144173077,21
98,b98d74e7b8c54efd1aed9d66,M19,4,4.37,4.95800119518,21
98,b98d74e7b8c54efd1aed9d66,M20,4,4.74,6.69038080152,20
98,b98d74e7b8c54efd1aed9d66,M21,4,4.37,5.08321400799,21
98,b98d74e7b8c54efd1aed9d66,M22,4,6.59,8.88389207655,45
98,b98d74e7b8c54efd1aed9d66,M23,4,4.76,7.68954795453,45
98,b98d74e7b8c54efd1aed9d66,M24,4,6.68,8.8300898506,45
98,b98d74e7b8c54efd1aed9d66,M25,4,6.47,7.19751796362,20
98,b98d74e7b8c54efd1aed9d66,M26,4,4.74,6.40236501856,20
98,b98d74e7b8c54efd1aed9d66,M27,4,6.91,7.87603700271,30
98,b98d74e7b8c54efd1aed9d66,M28,4,5.34,6.85278089053,30
98,b98d74e7b8c54efd1aed9d66,M29,4,6.73,7.77267254142,30
98,b98d74e7b8c54efd1aed9d66,M30,4,4.14,4.85574306418,21
99,8b9b7a85e43384ce9dc9d4e5,M01,2,6.85,6.77620943145,10
99,8b9b7a85e43384ce9dc9d4e5,M02,2,9.05,8.45428752597,15
99,8b9b7a85e43384ce9dc9d4e5,M03,2,8.88,8.34861726191,21
99,8b9b7a85e43384ce9dc9d4e5,M04,2,8.15,8.05486736924,21
99,8b9b7a85e43384ce9dc9d4e5,M05,2,8.15,7.96877904557,21
99,8b9b7a85e43384ce9dc9d4e5,M06,2,11.32,10.0265285558,21
99,8b9b7a85e43384ce9dc9d4e5,M07,2,11.94,10.6709784648,30
99,8b9b7a85e43384ce9dc9d4e5,M08,2,16.21,14.7246889251,30
99,8b9b7a85e43384ce9dc9d4e5,M09,2,15.14,14.2313017147,30
99,8b9b7a85e43384ce9dc9d4e5,M10,2,17.92,15.0532557211,30
99,8b9b7a85e43384ce9dc9d4e5,M11,2,17.06,14.663574581,30
99,8b9b7a85e43384ce9dc9d4e5,M12,2,22.43,19.1276658279,45
99,8b9b7a85e43384ce9dc9d4e5,M13,2,22.17,18.7437872968,60
99,8b9b7a85e43384ce9dc9d4e5,M14,2,18.53,17.9276127274,60
99,8b9b7a85e43384ce9dc9d4e5,M15,2,21.94,19.1004685147,60
99,8b9b7a85e43384ce9dc9d4e5,M16,2,49.13,37.6468074988,100
99,8b9b7a85e43384ce9dc9d4e5,M17,2,6.52,6.31168347965,14
99,8b9b7a85e43384ce9dc9d4e5,M18,2,8.77,7.97371918186,21
99,8b9b7a85e43384ce9dc9d4e5,M19,2,7.05,6.82347376293,21
99,8b9b7a85e43384ce9dc9d4e5,M20,2,9.3,8.7574060681,20
99,8b9b7a85e43384ce9dc9d4e5,M21,2,6.71,6.6915396932,21
99,8b9b7a85e43384ce9dc9d4e5,M22,2,15.23,13.9449243608,45
99,8b9b7a85e43384ce9dc9d4e5,M23,2,12.78,12.2554747925,45
99,8b9b7a85e43384ce9dc9d4e5,M24,2,15.54,14.0817726412,45
99,8b9b7a85e43384ce9dc9d4e5,M25,2,13.43,11.38236968,20
99,8b9b7a85e43384ce9dc9d4e5,M26,2,11.98,10.8757864734,20
99,8b9b7a85e43384ce9dc9d4e5,M27,2,14.93,13.4809904742,30
99,8b9b7a85e43384ce9dc9d4e5,M28,2,12.76,11.9382526837,30
99,8b9b7a85e43384ce9dc9d4e5,M29,2,14.68,13.5122004198,30
99,8b9b7a85e43384ce9dc9d4e5,M30,2,8.93,8.32039950462,21
100,7a9ff14e405dc4decdd4dd4f,M01,0,6.08,6.04032382901,10
100,7a9ff14e405dc4decdd4dd4f,M02,0,8.45,7.99097982324,15
100,7a9ff14e405dc4decdd4dd4f,M03,0,7.74,7.71340226861,21
100,7a9ff14e405dc4decdd4dd4f,M04,0,7.34,7.38042866603,21
100,7a9ff14e405dc4decdd4dd4f,M05,0,3.49,7.33535303777,21
100,7a9ff14e405dc4decdd4dd4f,M06,0,9.48,10.0065882633,21
100,7a9ff14e405dc4decdd4dd4f,M07,0,10.37,10.5822799203,30
100,7a9ff14e405dc4decdd4dd4f,M08,0,14.27,14.7128327159,30
100,7a9ff14e405dc4decdd4dd4f,M09,0,13.16,14.0060903678,30
100,7a9ff14e405dc4decdd4dd4f,M10,0,16.04,15.1639423012,30
100,7a9ff14e405dc4decdd4dd4f,M11,0,14.84,14.6675304516,30
100,7a9ff14e405dc4decdd4dd4f,M12,0,19.15,18.3088312205,45
100,7a9ff14e405dc4decdd4dd4f,M13,0,17.27,17.7614141707,60
100,7a9ff14e405dc4decdd4dd4f,M14,0,14.07,15.8916558898,60
100,7a9ff14e405dc4decdd4dd4f,M15,0,18.83,18.2726261916,60
100,7a9ff14e405dc4decdd4dd4f,M16,0,36.61,40.0033499295,100
100,7a9ff14e405dc4decdd4dd4f,M17,0,5.6,5.88196722816,14
100,7a9ff14e405dc4decdd4dd4f,M18,0,7.78,7.59018399924,21
100,7a9ff14e405dc4decdd4dd4f,M19,0,5.57,6.27567606859,21
100,7a9ff14e405dc4decdd4dd4f,M20,0,7.95,8.93034255127,20
100,7a9ff14e405dc4decdd4dd4f,M21,0,5.87,6.24173970866,21
100,7a9ff14e405dc4decdd4dd4f,M22,0,12.25,13.778128982,45
100,7a9ff14e405dc4decdd4dd4f,M23,0,10.17,11.5156685152,45
100,7a9ff14e405dc4decdd4dd4f,M24,0,13.16,13.9789614266,45
100,7a9ff14e405dc4decdd4dd4f,M25,0,11.95,11.921176314,20
100,7a9ff14e405dc4decdd4dd4f,M26,0,10.5,10.8476641803,20
100,7a9ff14e405dc4decdd4dd4f,M27,0,12.32,13.1010889605,30
100,7a9ff14e405dc4decdd4dd4f,M28,0,10.32,11.2866480902,30
100,7a9ff14e405dc4decdd4dd4f,M29,0,12.93,13.2203444461,30
100,7a9ff14e405dc4decdd4dd4f,M30,0,7.58,7.68939687028,21
101,3a06738b335793103289ffb6,M01,3,4.49,4.94813008143,10
101,3a06738b335793103289ffb6,M02,3,5.75,6.08153999662,15
101,3a06738b335793103289ffb6,M03,3,5.06,5.20538977812,21
101,3a06738b335793103289ffb6,M04,3,4.85,5.1666605004,21
101,3a06738b335793103289ffb6,M05,3,4.64,4.9765182005,21
101,3a06738b335793103289ffb6,M06,3,6.43,6.90753244871,21
101,3a06738b335793103289ffb6,M07,3,6.28,6.78115325649,30
101,3a06738b335793103289ffb6,M08,3,7.46,9.1309630003,30
101,3a06738b335793103289ffb6,M09,3,6.55,8.37905918219,30
101,3a06738b335793103289ffb6,M10,3,9.03,9.55566809123,30
101,3a06738b335793103289ffb6,M11,3,7.96,9.24626952109,30
101,3a06738b335793103289ffb6,M12,3,8.44,10.3624024287,45
101,3a06738b335793103289ffb6,M13,3,9.05,10.2216728491,60
101,3a06738b335793103289ffb6,M14,3,6.63,8.91624530738,60
101,3a06738b335793103289ffb6,M15,3,9.06,10.3476163389,60
101,3a06738b335793103289ffb6,M16,3,14.49,17.8734370695,100
101,3a06738b335793103289ffb6,M17,3,2.87,3.43028242637,14
101,3a06738b335793103289ffb6,M18,3,5.26,5.38494461358,21
101,3a06738b335793103289ffb6,M19,3,4.96,5.04489421748,21
101,3a06738b335793103289ffb6,M20,3,6.17,6.58377049983,20
101,3a06738b335793103289ffb6,M21,3,4.95,5.17764616217,21
101,3a06738b335793103289ffb6,M22,3,9.2,9.23931362718,45
101,3a06738b335793103289ffb6,M23,3,7.32,7.81624730365,45
101,3a06738b335793103289ffb6,M24,3,9.3,9.23871823347,45
101,3a06738b335793103289ffb6,M25,3,7.1,7.76156437036,20
101,3a06738b335793103289ffb6,M26,3,5.04,6.9527857055,20
101,3a06738b335793103289ffb6,M27,3,7.86,8.55311738222,30
101,3a06738b335793103289ffb6,M28,3,6.09,7.48175548915,30
101,3a06738b335793103289ffb6,M29,3,7.56,8.47934691337,30
101,3a06738b335793103289ffb6,M30,3,4.08,5.15651380001,21
102,aff25fa1ec688ab41c7f5099,M01,2,4.66,4.89830076634,10
102,aff25fa1ec688ab41c7f5099,M02,2,6.08,6.11711922405,15
102,aff25fa1ec688ab41c7f5099,M03,2,5.24,5.08108886469,21
102,aff25fa1ec688ab41c7f5099,M04,2,5.02,5.04640554149,21
102,aff25fa1ec688ab41c7f5099,M05,2,4.88,4.93023320964,21
102,aff25fa1ec688ab41c7f5099,M06,2,6.64,6.77495869291,21
102,aff25fa1ec688ab41c7f5099,M07,2,6.63,6.71462136377,30
102,aff25fa1ec688ab41c7f5099,M08,2,8.23,8.84097702474,30
102,aff25fa1ec688ab41c7f5099,M09,2,7.3,8.10849544356,30
102,aff25fa1ec688ab41c7f5099,M10,2,9.83,9.11519371155,30
102,aff25fa1ec688ab41c7f5099,M11,2,8.89,8.71051636155,30
102,aff25fa1ec688ab41c7f5099,M12,2,9.68,9.65369827832,45
102,aff25fa1ec688ab41c7f5099,M13,2,10,9.56246474233,60
102,aff25fa1ec688ab41c7f5099,M14,2,7.53,8.59848428335,60
102,aff25fa1ec688ab41c7f5099,M15,2,10,9.63735396566,60
102,aff25fa1ec688ab41c7f5099,M16,2,17.25,19.2305125034,100
102,aff25fa1ec688ab41c7f5099,M17,2,3.27,3.47250512516,14
102,aff25fa1ec688ab41c7f5099,M18,2,5.39,5.23827008994,21
102,aff25fa1ec688ab41c7f5099,M19,2,4.96,4.9552068197,21
102,aff25fa1ec688ab41c7f5099,M20,2,6.21,6.61175710798,20
102,aff25fa1ec688ab41c7f5099,M21,2,5.01,5.13816924302,21
102,aff25fa1ec688ab41c7f5099,M22,2,9.2,8.76299131929,45
102,aff25fa1ec688ab41c7f5099,M23,2,7.36,7.75837465935,45
102,aff25fa1ec688ab41c7f5099,M24,2,9.46,8.71735709936,45
102,aff25fa1ec688ab41c7f5099,M25,2,7.28,7.18988329347,20
102,aff25fa1ec688ab41c7f5099,M26,2,5.14,6.48413930396,20
102,aff25fa1ec688ab41c7f5099,M27,2,7.81,8.09939197697,30
102,aff25fa1ec688ab41c7f5099,M28,2,7.05,7.17564830918,30
102,aff25fa1ec688ab41c7f5099,M29,2,8.14,8.0093294842,30
102,aff25fa1ec688ab41c7f5099,M30,2,4.21,4.91752176677,21
103,fafa20a4901e87c3d213e2c4,M01,0,4.95,4.73453494293,10
103,fafa20a4901e87c3d213e2c4,M02,0,6.51,5.86421403203,15
103,fafa20a4901e87c3d213e2c4,M03,0,5.59,4.95190490908,21
103,fafa20a4901e87c3d213e2c4,M04,0,5.3,4.9363620157,21
103,fafa20a4901e87c3d213e2c4,M05,0,5.13,4.74947356992,21
103,fafa20a4901e87c3d213e2c4,M06,0,7.06,6.63579345241,21
103,fafa20a4901e87c3d213e2c4,M07,0,7.15,6.48706799444,30
103,fafa20a4901e87c3d213e2c4,M08,0,9.24,8.33400435956,30
103,fafa20a4901e87c3d213e2c4,M09,0,8.23,7.6952644347,30
103,fafa20a4901e87c3d213e2c4,M10,0,10.92,8.75997820929,30
103,fafa20a4901e87c3d213e2c4,M11,0,9.9,8.31620077689,30
103,fafa20a4901e87c3d213e2c4,M12,0,11.12,9.07844159787,45
103,fafa20a4901e87c3d213e2c4,M13,0,11.26,9.10539226151,60
103,fafa20a4901e87c3d213e2c4,M14,0,8.56,7.65125525136,60
103,fafa20a4901e87c3d213e2c4,M15,0,11.37,9.18564166479,60
103,fafa20a4901e87c3d213e2c4,M16,0,20.25,16.6201951865,100
103,fafa20a4901e87c3d213e2c4,M17,0,3.67,3.11170101987,14
103,fafa20a4901e87c3d213e2c4,M18,0,5.73,5.13164297764,21
103,fafa20a4901e87c3d213e2c4,M19,0,5.15,4.85559423871,21
103,fafa20a4901e87c3d213e2c4,M20,0,6.58,6.35864214203,20
103,fafa20a4901e87c3d213e2c4,M21,0,5.12,5.0114360188,21
103,fafa20a4901e87c3d213e2c4,M22,0,9.95,8.64625634329,45
103,fafa20a4901e87c3d213e2c4,M23,0,8.09,7.18171788788,45
103,fafa20a4901e87c3d213e2c4,M24,0,10.05,8.55971880039,45
103,fafa20a4901e87c3d213e2c4,M25,0,8.66,7.08610410078,20
103,fafa20a4901e87c3d213e2c4,M26,0,6.74,5.81910064791,20
103,fafa20a4901e87c3d213e2c4,M27,0,8.47,7.99028749105,30
103,fafa20a4901e87c3d213e2c4,M28,0,7.05,6.78254643588,30
103,fafa20a4901e87c3d213e2c4,M29,0,8.14,7.82700760895,30
103,fafa20a4901e87c3d213e2c4,M30,0,4.95,4.57714963925,21
104,3a7529da11b98d32d37eb9b2,M01,1,7.31,7.0210596469,10
104,3a7529da11b98d32d37eb9b2,M02,1,9.78,9.50100442532,15
104,3a7529da11b98d32d37eb9b2,M03,1,10.29,9.55580155698,21
104,3a7529da11b98d32d37eb9b2,M04,1,9.5,9.39708341154,21
104,3a7529da11b98d32d37eb9b2,M05,1,9.54,9.30279768027,21
104,3a7529da11b98d32d37eb9b2,M06,1,12.86,11.8572972731,21
104,3a7529da11b98d32d37eb9b2,M07,1,14.12,12.6889627019,30
104,3a7529da11b98d32d37eb9b2,M08,1,18.5,17.5884878442,30
104,3a7529da11b98d32d37eb9b2,M09,1,17.4,17.1249422317,30
104,3a7529da11b98d32d37eb9b2,M10,1,20.13,18.1468167569,30
104,3a7529da11b98d32d37eb9b2,M11,1,19.36,17.7962081032,30
104,3a7529da11b98d32d37eb9b2,M12,1,26.34,24.7432422854,45
104,3a7529da11b98d32d37eb9b2,M13,1,26.56,24.4758770159,60
104,3a7529da11b98d32d37eb9b2,M14,1,23.05,23.8931363219,60
104,3a7529da11b98d32d37eb9b2,M15,1,26.79,24.725403833,60
104,3a7529da11b98d32d37eb9b2,M16,1,54.88,47.6974953347,100
104,3a7529da11b98d32d37eb9b2,M17,1,7.33,6.96192229115,14
104,3a7529da11b98d32d37eb9b2,M18,1,10.07,9.33933134213,21
104,3a7529da11b98d32d37eb9b2,M19,1,9.14,7.54526282332,21
104,3a7529da11b98d32d37eb9b2,M20,1,11.44,9.37736308076,20
104,3a7529da11b98d32d37eb9b2,M21,1,8.71,7.44848547378,21
104,3a7529da11b98d32d37eb9b2,M22,1,21.42,16.4696020564,45
104,3a7529da11b98d32d37eb9b2,M23,1,18.23,14.7374652288,45
104,3a7529da11b98d32d37eb9b2,M24,1,21.96,16.4199755546,45
104,3a7529da11b98d32d37eb9b2,M25,1,14.27,13.1693579152,20
104,3a7529da11b98d32d37eb9b2,M26,1,12.95,12.7387257944,20
104,3a7529da11b98d32d37eb9b2,M27,1,16.77,15.8173516104,30
104,3a7529da11b98d32d37eb9b2,M28,1,14.82,14.4658215226,30
104,3a7529da11b98d32d37eb9b2,M29,1,16.71,15.7778711183,30
104,3a7529da11b98d32d37eb9b2,M30,1,10.31,9.54762460094,21
106,6a14fc3ef083f99a0815d5c0,M01,1,6.6,7.87403632258,10
106,6a14fc3ef083f99a0815d5c0,M02,1,8.76,10.3884136843,15
106,6a14fc3ef083f99a0815d5c0,M03,1,8.4,11.2308738488,21
106,6a14fc3ef083f99a0815d5c0,M04,1,7.68,10.9433479328,21
106,6a14fc3ef083f99a0815d5c0,M05,1,7.64,10.9617732051,21
106,6a14fc3ef083f99a0815d5c0,M06,1,10.65,14.1362312046,21
106,6a14fc3ef083f99a0815d5c0,M07,1,11.22,15.4787145865,30
106,6a14fc3ef083f99a0815d5c0,M08,1,15.34,20.0376736749,30
106,6a14fc3ef083f99a0815d5c0,M09,1,14.19,19.217653533,30
106,6a14fc3ef083f99a0815d5c0,M10,1,17.09,20.8505729698,30
106,6a14fc3ef083f99a0815d5c0,M11,1,16.15,20.611309049,30
106,6a14fc3ef083f99a0815d5c0,M12,1,20.97,28.8476420363,45
106,6a14fc3ef083f99a0815d5c0,M13,1,20.37,28.6424577105,60
106,6a14fc3ef083f99a0815d5c0,M14,1,16.83,26.3375415068,60
106,6a14fc3ef083f99a0815d5c0,M15,1,20.31,28.9324917901,60
106,6a14fc3ef083f99a0815d5c0,M16,1,46.05,58.2666131433,100
106,6a14fc3ef083f99a0815d5c0,M17,1,6.18,7.90150417216,14
106,6a14fc3ef083f99a0815d5c0,M18,1,8.29,10.9545880472,21
106,6a14fc3ef083f99a0815d5c0,M19,1,6.85,9.69072584734,21
106,6a14fc3ef083f99a0815d5c0,M20,1,9.12,11.5779154429,20
106,6a14fc3ef083f99a0815d5c0,M21,1,6.61,9.38062428058,21
106,6a14fc3ef083f99a0815d5c0,M22,1,14.87,22.0957711144,45
106,6a14fc3ef083f99a0815d5c0,M23,1,12.44,19.2188731243,45
106,6a14fc3ef083f99a0815d5c0,M24,1,15.13,23.4028786406,45
106,6a14fc3ef083f99a0815d5c0,M25,1,12.98,14.4661948354,20
106,6a14fc3ef083f99a0815d5c0,M26,1,11.57,13.635723575,20
106,6a14fc3ef083f99a0815d5c0,M27,1,14.11,17.3891408348,30
106,6a14fc3ef083f99a0815d5c0,M28,1,11.95,15.8464747961,30
106,6a14fc3ef083f99a0815d5c0,M29,1,13.91,17.4942277178,30
106,6a14fc3ef083f99a0815d5c0,M30,1,8.42,11.2612497985,21
107,2ca218591068dc3467fc728a,M01,1,7.64,7.42243823484,10
107,2ca218591068dc3467fc728a,M02,1,10.13,10.4792673419,15
107,2ca218591068dc3467fc728a,M03,1,10.85,10.5272149683,21
107,2ca218591068dc3467fc728a,M04,1,9.91,10.2534326352,21
107,2ca218591068dc3467fc728a,M05,1,10.02,10.2646210808,21
107,2ca218591068dc3467fc728a,M06,1,13.61,13.5307799516,21
107,2ca218591068dc3467fc728a,M07,1,14.88,14.8819611737,30
107,2ca218591068dc3467fc728a,M08,1,19.26,19.6589604543,30
107,2ca218591068dc3467fc728a,M09,1,17.39,18.9197536536,30
107,2ca218591068dc3467fc728a,M10,1,20.96,20.1049217073,30
107,2ca218591068dc3467fc728a,M11,1,20.01,19.7750644796,30
107,2ca218591068dc3467fc728a,M12,1,27.43,27.6343495512,45
107,2ca218591068dc3467fc728a,M13,1,28.21,27.4729303603,60
107,2ca218591068dc3467fc728a,M14,1,24.39,24.5452732343,60
107,2ca218591068dc3467fc728a,M15,1,28.15,27.684973886,60
107,2ca218591068dc3467fc728a,M16,1,56.68,52.7451197341,100
107,2ca218591068dc3467fc728a,M17,1,7.63,7.42510298076,14
107,2ca218591068dc3467fc728a,M18,1,10.46,10.2774872149,21
107,2ca218591068dc3467fc728a,M19,1,9.18,8.35424510262,21
107,2ca218591068dc3467fc728a,M20,1,11.36,10.4277483127,20
107,2ca218591068dc3467fc728a,M21,1,8.51,8.29766427559,21
107,2ca218591068dc3467fc728a,M22,1,21.01,19.746326643,45
107,2ca218591068dc3467fc728a,M23,1,17.63,17.4470372327,45
107,2ca218591068dc3467fc728a,M24,1,21.56,19.8720400168,45
107,2ca218591068dc3467fc728a,M25,1,14.75,13.942835595,20
107,2ca218591068dc3467fc728a,M26,1,13.4,13.3930079695,20
107,2ca218591068dc3467fc728a,M27,1,17.65,16.8154988092,30
107,2ca218591068dc3467fc728a,M28,1,15.52,15.6638980341,30
107,2ca218591068dc3467fc728a,M29,1,17.49,16.7868081542,30
107,2ca218591068dc3467fc728a,M30,1,10.9,10.5432950648,21
108,87974590a2f5c545466b7087,M01,2,7.76,7.71798475713,10
108,87974590a2f5c545466b7087,M02,2,10.32,10.3493367222,15
108,87974590a2f5c545466b7087,M03,2,11.29,11.2776905313,21
108,87974590a2f5c545466b7087,M04,2,10.45,10.9961545957,21
108,87974590a2f5c545466b7087,M05,2,10.53,11.0250463445,21
108,87974590a2f5c545466b7087,M06,2,13.92,14.5641917036,21
108,87974590a2f5c545466b7087,M07,2,15.59,16.0259049942,30
108,87974590a2f5c545466b7087,M08,2,19.96,20.9057868993,30
108,87974590a2f5c545466b7087,M09,2,18.81,20.1190045021,30
108,87974590a2f5c545466b7087,M10,2,21.58,21.4767162127,30
108,87974590a2f5c545466b7087,M11,2,20.81,21.2205942273,30
108,87974590a2f5c545466b7087,M12,2,28.69,29.6734858111,45
108,87974590a2f5c545466b7087,M13,2,29.18,29.4076990903,60
108,87974590a2f5c545466b7087,M14,2,25.55,27.821973008,60
108,87974590a2f5c545466b7087,M15,2,29.83,29.7096998147,60
108,87974590a2f5c545466b7087,M16,2,57.79,56.9389440757,100
108,87974590a2f5c545466b7087,M17,2,7.91,7.74824425208,14
108,87974590a2f5c545466b7087,M18,2,10.96,11.0073409174,21
108,87974590a2f5c545466b7087,M19,2,9.13,9.90113752894,21
108,87974590a2f5c545466b7087,M20,2,11.16,11.8555380103,20
108,87974590a2f5c545466b7087,M21,2,8.54,9.62730097109,21
108,87974590a2f5c545466b7087,M22,2,20.4,23.1370857811,45
108,87974590a2f5c545466b7087,M23,2,17.22,21.3186844583,45
108,87974590a2f5c545466b7087,M24,2,21.2,23.8570739005,45
108,87974590a2f5c545466b7087,M25,2,14.9,14.7704816658,20
108,87974590a2f5c545466b7087,M26,2,13.6,14.0456546253,20
108,87974590a2f5c545466b7087,M27,2,18.02,18.551012457,30
108,87974590a2f5c545466b7087,M28,2,16.01,16.653034306,30
108,87974590a2f5c545466b7087,M29,2,18.1,18.5780395859,30
108,87974590a2f5c545466b7087,M30,2,11.3,11.3084002951,21
109,0481944a4fdf636307259eff,M01,2,4.85,4.672254963,10
109,0481944a4fdf636307259eff,M02,2,6.29,5.58262495025,15
109,0481944a4fdf636307259eff,M03,2,5.43,4.84932121876,21
109,0481944a4fdf636307259eff,M04,2,5.15,4.80433154585,21
109,0481944a4fdf636307259eff,M05,2,5,4.70565484147,21
109,0481944a4fdf636307259eff,M06,2,6.87,6.23173998644,21
109,0481944a4fdf636307259eff,M07,2,6.91,6.08179513291,30
109,0481944a4fdf636307259eff,M08,2,8.65,7.54167685434,30
109,0481944a4fdf636307259eff,M09,2,7.58,7.08598507356,30
109,0481944a4fdf636307259eff,M10,2,10.33,7.68337112132,30
109,0481944a4fdf636307259eff,M11,2,9.31,7.38902943444,30
109,0481944a4fdf636307259eff,M12,2,10.23,8.40643423176,45
109,0481944a4fdf636307259eff,M13,2,10.62,8.33827388599,60
109,0481944a4fdf636307259eff,M14,2,7.98,7.57758479323,60
109,0481944a4fdf636307259eff,M15,2,10.65,8.52313682983,60
109,0481944a4fdf636307259eff,M16,2,18.33,18.0382580922,100
109,0481944a4fdf636307259eff,M17,2,3.46,3.17118557016,14
109,0481944a4fdf636307259eff,M18,2,5.57,5.01737790715,21
109,0481944a4fdf636307259eff,M19,2,5.23,4.79268396,21
109,0481944a4fdf636307259eff,M20,2,6.8,6.08135074489,20
109,0481944a4fdf636307259eff,M21,2,5.24,4.92950103758,21
109,0481944a4fdf636307259eff,M22,2,10.37,7.74241479615,45
109,0481944a4fdf636307259eff,M23,2,8.35,6.93957211103,45
109,0481944a4fdf636307259eff,M24,2,10.53,7.81905935311,45
109,0481944a4fdf636307259eff,M25,2,6.82,6.34479450317,20
109,0481944a4fdf636307259eff,M26,2,4.94,5.56196261068,20
109,0481944a4fdf636307259eff,M27,2,7.28,7.13953451183,30
109,0481944a4fdf636307259eff,M28,2,5.56,6.49025353489,30
109,0481944a4fdf636307259eff,M29,2,7.32,7.19991797777,30
109,0481944a4fdf636307259eff,M30,2,4.39,4.66611260324,21
113,c135fd0963573003df9035bb,M01,3,7.67,8.33648115334,10
113,c135fd0963573003df9035bb,M02,3,10.2,11.1129777188,15
113,c135fd0963573003df9035bb,M03,3,11.09,12.5022328827,21
113,c135fd0963573003df9035bb,M04,3,10.24,11.8899173587,21
113,c135fd0963573003df9035bb,M05,3,10.34,11.9340614653,21
113,c135fd0963573003df9035bb,M06,3,13.81,15.4137773882,21
113,c135fd0963573003df9035bb,M07,3,15.34,17.5208446887,30
113,c135fd0963573003df9035bb,M08,3,19.71,21.8373153094,30
113,c135fd0963573003df9035bb,M09,3,18.51,20.5833995285,30
113,c135fd0963573003df9035bb,M10,3,21.32,22.9135360688,30
113,c135fd0963573003df9035bb,M11,3,20.47,22.832529753,30
113,c135fd0963573003df9035bb,M12,3,28.37,32.2863209577,45
113,c135fd0963573003df9035bb,M13,3,29.16,32.2684691106,60
113,c135fd0963573003df9035bb,M14,3,25.7,30.2159096323,60
113,c135fd0963573003df9035bb,M15,3,29.18,32.4689545789,60
113,c135fd0963573003df9035bb,M16,3,57.83,60.833922616,100
113,c135fd0963573003df9035bb,M17,3,7.79,8.40508213275,14
113,c135fd0963573003df9035bb,M18,3,10.75,11.9033851212,21
113,c135fd0963573003df9035bb,M19,3,8.97,10.9593219152,21
113,c135fd0963573003df9035bb,M20,3,11.18,12.6728021958,20
113,c135fd0963573003df9035bb,M21,3,8.42,10.5303409083,21
113,c135fd0963573003df9035bb,M22,3,20.57,26.0893767885,45
113,c135fd0963573003df9035bb,M23,3,17.42,23.3611846577,45
113,c135fd0963573003df9035bb,M24,3,21.04,26.3847202148,45
113,c135fd0963573003df9035bb,M25,3,14.81,15.5544021893,20
113,c135fd0963573003df9035bb,M26,3,13.53,14.437156712,20
113,c135fd0963573003df9035bb,M27,3,17.93,19.7225324676,30
113,c135fd0963573003df9035bb,M28,3,15.96,18.0355094193,30
113,c135fd0963573003df9035bb,M29,3,17.76,19.7061419142,30
113,c135fd0963573003df9035bb,M30,3,11.15,12.5608703619,21
114,5ab6d54df37caa459c1a457e,M25,3,12.55,13.6148732138,20
114,5ab6d54df37caa459c1a457e,M26,3,10.81,13.0546663421,20
114,5ab6d54df37caa459c1a457e,M27,3,12.79,16.1576137184,30
114,5ab6d54df37caa459c1a457e,M28,3,10.79,14.6695655195,30
114,5ab6d54df37caa459c1a457e,M29,3,13.25,16.1387122152,30
114,5ab6d54df37caa459c1a457e,M30,3,7.75,9.79407578382,21
115,1ab7eba89cafc88387549334,M01,3,8.27,8.1451473487,10
115,1ab7eba89cafc88387549334,M02,3,10.96,10.8005110662,15
115,1ab7eba89cafc88387549334,M03,3,12.64,12.2157264359,21
115,1ab7eba89cafc88387549334,M04,3,11.59,11.6474718879,21
115,1ab7eba89cafc88387549334,M05,3,11.77,11.6817987456,21
115,1ab7eba89cafc88387549334,M06,3,15.4,14.9738022669,21
115,1ab7eba89cafc88387549334,M07,3,17.69,16.9857695076,30
115,1ab7eba89cafc88387549334,M08,3,21.96,21.373865419,30
115,1ab7eba89cafc88387549334,M09,3,20.48,20.2591265389,30
115,1ab7eba89cafc88387549334,M10,3,23.52,22.230949918,30
115,1ab7eba89cafc88387549334,M11,3,22.59,22.1098133954,30
115,1ab7eba89cafc88387549334,M12,3,32.12,32.0026251316,45
115,1ab7eba89cafc88387549334,M13,3,33.58,31.9523523167,60
115,1ab7eba89cafc88387549334,M14,3,30.28,30.1370098542,60
115,1ab7eba89cafc88387549334,M15,3,33.96,32.1987778655,60
115,1ab7eba89cafc88387549334,M16,3,62.65,59.8291202304,100
115,1ab7eba89cafc88387549334,M17,3,8.54,8.20492961799,14
115,1ab7eba89cafc88387549334,M18,3,12,11.6451892212,21
115,1ab7eba89cafc88387549334,M19,3,11.5,10.461897606,21
115,1ab7eba89cafc88387549334,M20,3,13.3,12.5112923801,20
115,1ab7eba89cafc88387549334,M21,3,10.62,10.1164180482,21
115,1ab7eba89cafc88387549334,M22,3,27.56,24.8102997874,45
115,1ab7eba89cafc88387549334,M23,3,23.99,21.9002319894,45
115,1ab7eba89cafc88387549334,M24,3,27.94,25.4145253085,45
115,1ab7eba89cafc88387549334,M25,3,15.74,15.1382646049,20
115,1ab7eba89cafc88387549334,M26,3,14.48,14.308811173,20
115,1ab7eba89cafc88387549334,M27,3,19.83,18.8519915928,30
115,1ab7eba89cafc88387549334,M28,3,17.98,17.4463467961,30
115,1ab7eba89cafc88387549334,M29,3,19.79,18.7841472404,30
115,1ab7eba89cafc88387549334,M30,3,12.69,12.2673680053,21
116,9a9b3db558991f39668b2741,M01,2,4.4,4.78633907897,10
116,9a9b3db558991f39668b2741,M02,2,5.58,5.69755432839,15
116,9a9b3db558991f39668b2741,M03,2,4.9,5.0057445892,21
116,9a9b3db558991f39668b2741,M04,2,4.78,4.96722918455,21
116,9a9b3db558991f39668b2741,M05,2,4.38,4.86749946229,21
116,9a9b3db558991f39668b2741,M06,2,6.3,6.57251217967,21
116,9a9b3db558991f39668b2741,M07,2,6.04,6.397637285,30
116,9a9b3db558991f39668b2741,M08,2,7.49,8.63691264043,30
116,9a9b3db558991f39668b2741,M09,2,6.88,8.1779974008,30
116,9a9b3db558991f39668b2741,M10,2,8.89,8.78880029966,30
116,9a9b3db558991f39668b2741,M11,2,8.59,8.42945961059,30
116,9a9b3db558991f39668b2741,M12,2,8.51,9.61543574433,45
116,9a9b3db558991f39668b2741,M13,2,9.25,9.7192378931,60
116,9a9b3db558991f39668b2741,M14,2,7.26,8.87788575021,60
116,9a9b3db558991f39668b2741,M15,2,9.04,9.88321203132,60
116,9a9b3db558991f39668b2741,M16,2,16.16,22.9056649488,100
116,9a9b3db558991f39668b2741,M17,2,2.8,3.51339502587,14
116,9a9b3db558991f39668b2741,M18,2,5.16,5.18373773465,21
116,9a9b3db558991f39668b2741,M19,2,4.56,4.95858639969,21
116,9a9b3db558991f39668b2741,M20,2,5.48,6.27268713749,20
116,9a9b3db558991f39668b2741,M21,2,4.59,5.08020790114,21
116,9a9b3db558991f39668b2741,M22,2,7.9,8.60710709581,45
116,9a9b3db558991f39668b2741,M23,2,6.57,7.56172518418,45
116,9a9b3db558991f39668b2741,M24,2,7.67,8.70664590491,45
116,9a9b3db558991f39668b2741,M25,2,10.22,6.87896045653,20
116,9a9b3db558991f39668b2741,M26,2,8.66,6.29422207834,20
116,9a9b3db558991f39668b2741,M27,2,9.64,7.98514466951,30
116,9a9b3db558991f39668b2741,M28,2,8.09,7.02597558088,30
116,9a9b3db558991f39668b2741,M29,2,9.34,8.01861256624,30
116,9a9b3db558991f39668b2741,M30,2,5.93,4.91214961211,21
117,1012fb46ebf465147816dc29,M01,3,6.69,6.69669063555,10
117,1012fb46ebf465147816dc29,M02,3,8.94,8.46878044196,15
117,1012fb46ebf465147816dc29,M03,3,8.7,8.38621643712,21
117,1012fb46ebf465147816dc29,M04,3,7.98,8.04763609533,21
117,1012fb46ebf465147816dc29,M05,3,7.93,7.95411621577,21
117,1012fb46ebf465147816dc29,M06,3,11,11.879507239,21
117,1012fb46ebf465147816dc29,M07,3,11.69,12.26105243,30
117,1012fb46ebf465147816dc29,M08,3,15.9,15.8822051927,30
117,1012fb46ebf465147816dc29,M09,3,14.76,15.2134177174,30
117,1012fb46ebf465147816dc29,M10,3,17.62,16.5932198958,30
117,1012fb46ebf465147816dc29,M11,3,16.79,16.1841946599,30
117,1012fb46ebf465147816dc29,M12,3,21.88,21.2602504094,45
117,1012fb46ebf465147816dc29,M13,3,21.35,21.0211641642,60
117,1012fb46ebf465147816dc29,M14,3,17.75,18.8832053535,60
117,1012fb46ebf465147816dc29,M15,3,21.51,21.1832837296,60
117,1012fb46ebf465147816dc29,M16,3,47.77,48.1787079144,100
117,1012fb46ebf465147816dc29,M17,3,6.33,6.60415067242,14
117,1012fb46ebf465147816dc29,M18,3,8.61,8.238671099,21
117,1012fb46ebf465147816dc29,M19,3,7.82,7.3446560318,21
117,1012fb46ebf465147816dc29,M20,3,10.33,10.2981827262,20
117,1012fb46ebf465147816dc29,M21,3,7.55,7.28563253687,21
117,1012fb46ebf465147816dc29,M22,3,17.81,15.2692398056,45
117,1012fb46ebf465147816dc29,M23,3,14.9,13.5083690487,45
117,1012fb46ebf465147816dc29,M24,3,18.31,15.3581940058,45
117,1012fb46ebf465147816dc29,M25,3,13.2,13.0221185615,20
117,1012fb46ebf465147816dc29,M26,3,11.79,12.2528887768,20
117,1012fb46ebf465147816dc29,M27,3,14.51,14.8026089391,30
117,1012fb46ebf465147816dc29,M28,3,12.41,13.103466255,30
117,1012fb46ebf465147816dc29,M29,3,14.46,14.8042897402,30
117,1012fb46ebf465147816dc29,M30,3,8.72,8.38824624724,21
118,6382e37f456a6099a172d19e,M01,2,7.31,7.44623019623,10
118,6382e37f456a6099a172d19e,M02,2,9.78,10.2252409318,15
118,6382e37f456a6099a172d19e,M03,2,10.25,10.2726366116,21
118,6382e37f456a6099a172d19e,M04,2,9.43,10.0826126657,21
118,6382e37f456a6099a172d19e,M05,2,9.45,10.0809424268,21
118,6382e37f456a6099a172d19e,M06,2,12.8,13.5251527627,21
118,6382e37f456a6099a172d19e,M07,2,14.05,14.4948324661,30
118,6382e37f456a6099a172d19e,M08,2,18.42,18.9418017441,30
118,6382e37f456a6099a172d19e,M09,2,17.25,18.1696147968,30
118,6382e37f456a6099a172d19e,M10,2,20.08,19.2598895162,30
118,6382e37f456a6099a172d19e,M11,2,19.19,18.9531620315,30
118,6382e37f456a6099a172d19e,M12,2,26.19,27.5491499185,45
118,6382e37f456a6099a172d19e,M13,2,26.3,27.4371973517,60
118,6382e37f456a6099a172d19e,M14,2,22.71,24.95501831,60
118,6382e37f456a6099a172d19e,M15,2,26.4,27.5663646584,60
118,6382e37f456a6099a172d19e,M16,2,54.54,50.9359874193,100
118,6382e37f456a6099a172d19e,M17,2,7.29,7.42167573225,14
118,6382e37f456a6099a172d19e,M18,2,10.01,10.1070131273,21
118,6382e37f456a6099a172d19e,M19,2,8.5,8.15423459538,21
118,6382e37f456a6099a172d19e,M20,2,10.77,10.4367566423,20
118,6382e37f456a6099a172d19e,M21,2,8.08,8.13567027215,21
118,6382e37f456a6099a172d19e,M22,2,19.4,18.8617500052,45
118,6382e37f456a6099a172d19e,M23,2,16.41,16.71449063,45
118,6382e37f456a6099a172d19e,M24,2,19.86,19.1351299999,45
118,6382e37f456a6099a172d19e,M25,2,14.23,14.0885217456,20
118,6382e37f456a6099a172d19e,M26,2,12.93,13.5492194761,20
118,6382e37f456a6099a172d19e,M27,2,16.7,16.9184739643,30
118,6382e37f456a6099a172d19e,M28,2,14.7,15.4857007317,30
118,6382e37f456a6099a172d19e,M29,2,16.62,16.9179703426,30
118,6382e37f456a6099a172d19e,M30,2,10.29,10.2842997689,21
119,c488d0a9a839e2a349774985,M01,0,7.43,7.29261955587,10
119,c488d0a9a839e2a349774985,M02,0,9.87,9.92735776453,15
119,c488d0a9a839e2a349774985,M03,0,10.42,9.95629922407,21
119,c488d0a9a839e2a349774985,M04,0,9.63,9.69321916681,21
119,c488d0a9a839e2a349774985,M05,0,9.69,9.67305458561,21
119,c488d0a9a839e2a349774985,M06,0,13,12.9946668903,21
119,c488d0a9a839e2a349774985,M07,0,14.3,14.0373927644,30
119,c488d0a9a839e2a349774985,M08,0,18.67,19.0847141083,30
119,c488d0a9a839e2a349774985,M09,0,17.57,18.1441466799,30
119,c488d0a9a839e2a349774985,M10,0,20.32,19.5798854499,30
119,c488d0a9a839e2a349774985,M11,0,19.62,18.9790661674,30
119,c488d0a9a839e2a349774985,M12,0,26.58,26.1868364046,45
119,c488d0a9a839e2a349774985,M13,0,26.82,26.0230858668,60
119,c488d0a9a839e2a349774985,M14,0,23.22,23.5674631819,60
119,c488d0a9a839e2a349774985,M15,0,27.27,26.2165582935,60
119,c488d0a9a839e2a349774985,M16,0,55.11,50.147808539,100
119,c488d0a9a839e2a349774985,M17,0,7.41,7.29018378783,14
119,c488d0a9a839e2a349774985,M18,0,10.2,9.73280086849,21
119,c488d0a9a839e2a349774985,M19,0,7.81,7.8752289798,21
119,c488d0a9a839e2a349774985,M20,0,10.04,10.3997364359,20
119,c488d0a9a839e2a349774985,M21,0,7.41,7.83189434033,21
119,c488d0a9a839e2a349774985,M22,0,17.21,18.9179469089,45
119,c488d0a9a839e2a349774985,M23,0,14.51,16.8105501887,45
119,c488d0a9a839e2a349774985,M24,0,17.67,19.251687495,45
119,c488d0a9a839e2a349774985,M25,0,14.36,13.7452784635,20
119,c488d0a9a839e2a349774985,M26,0,13.06,13.1167837334,20
119,c488d0a9a839e2a349774985,M27,0,16.95,16.4509560539,30
119,c488d0a9a839e2a349774985,M28,0,14.95,15.1470542091,30
119,c488d0a9a839e2a349774985,M29,0,16.97,16.4158230145,30
119,c488d0a9a839e2a349774985,M30,0,10.45,9.97091177818,21
121,4ed737567275c0296b371cfd,M01,4,4.39,4.81421619042,10
121,4ed737567275c0296b371cfd,M02,4,5.3,5.83880531218,15
121,4ed737567275c0296b371cfd,M03,4,4.92,4.99682066968,21
121,4ed737567275c0296b371cfd,M04,4,4.58,4.94611476771,21
121,4ed737567275c0296b371cfd,M05,4,4.49,4.84604164896,21
121,4ed737567275c0296b371cfd,M06,4,6.27,6.70608204902,21
121,4ed737567275c0296b371cfd,M07,4,5.86,6.55293677155,30
121,4ed737567275c0296b371cfd,M08,4,6.24,8.46929891849,30
121,4ed737567275c0296b371cfd,M09,4,5.01,7.92406586273,30
121,4ed737567275c0296b371cfd,M10,4,7.9,8.63586044965,30
121,4ed737567275c0296b371cfd,M11,4,6.83,8.2647587234,30
121,4ed737567275c0296b371cfd,M12,4,6.73,8.93298096756,45
121,4ed737567275c0296b371cfd,M13,4,7.48,8.88686161603,60
121,4ed737567275c0296b371cfd,M14,4,4.62,7.96069726167,60
121,4ed737567275c0296b371cfd,M15,4,7.97,9.06261814986,60
121,4ed737567275c0296b371cfd,M16,4,9.69,15.2466508527,100
121,4ed737567275c0296b371cfd,M17,4,2.65,3.67653564818,14
121,4ed737567275c0296b371cfd,M18,4,5.08,5.17439486371,21
121,4ed737567275c0296b371cfd,M19,4,4.49,4.91521459224,21
121,4ed737567275c0296b371cfd,M20,4,5.01,6.47047426846,20
121,4ed737567275c0296b371cfd,M21,4,4.45,5.00763095586,21
121,4ed737567275c0296b371cfd,M22,4,6.88,8.31930581281,45
121,4ed737567275c0296b371cfd,M23,4,4.89,7.52322240728,45
121,4ed737567275c0296b371cfd,M24,4,6.75,8.45897648755,45
121,4ed737567275c0296b371cfd,M25,4,7.53,7.28589313942,20
121,4ed737567275c0296b371cfd,M26,4,5.34,6.67754338106,20
121,4ed737567275c0296b371cfd,M27,4,7.76,8.05707292933,30
121,4ed737567275c0296b371cfd,M28,4,5.94,7.2208268815,30
121,4ed737567275c0296b371cfd,M29,4,7.63,8.10658081986,30
121,4ed737567275c0296b371cfd,M30,4,4.91,4.88155214382,21
124,aa29578ed01a37d051f2f8b7,M01,4,6.74,5.87152587094,10
124,aa29578ed01a37d051f2f8b7,M02,4,9.34,7.26765908439,15
124,aa29578ed01a37d051f2f8b7,M03,4,9.26,6.67623791638,21
124,aa29578ed01a37d051f2f8b7,M04,4,8.53,6.44653878456,21
124,aa29578ed01a37d051f2f8b7,M05,4,8.37,6.22749507011,21
124,aa29578ed01a37d051f2f8b7,M06,4,11.77,8.49850662084,21
124,aa29578ed01a37d051f2f8b7,M07,4,12.81,8.79028873469,30
124,aa29578ed01a37d051f2f8b7,M08,4,16.93,12.2862110816,30
124,aa29578ed01a37d051f2f8b7,M09,4,16.18,11.4794045126,30
124,aa29578ed01a37d051f2f8b7,M10,4,18.71,12.6377128421,30
124,aa29578ed01a37d051f2f8b7,M11,4,17.63,11.9942143638,30
124,aa29578ed01a37d051f2f8b7,M12,4,24.05,14.8253369234,45
124,aa29578ed01a37d051f2f8b7,M13,4,22.31,14.3062933172,60
124,aa29578ed01a37d051f2f8b7,M14,4,18.86,12.9902813802,60
124,aa29578ed01a37d051f2f8b7,M15,4,23.1,14.7840575104,60
124,aa29578ed01a37d051f2f8b7,M16,4,49.03,28.50414046,100
124,aa29578ed01a37d051f2f8b7,M17,4,6.98,5.12490862049,14
124,aa29578ed01a37d051f2f8b7,M18,4,9.46,6.73177785388,21
124,aa29578ed01a37d051f2f8b7,M19,4,7.64,5.77616543393,21
124,aa29578ed01a37d051f2f8b7,M20,4,9.15,8.01473645425,20
124,aa29578ed01a37d051f2f8b7,M21,4,7.32,5.80415204467,21
124,aa29578ed01a37d051f2f8b7,M22,4,16.84,11.6926838247,45
124,aa29578ed01a37d051f2f8b7,M23,4,14.19,9.91248313287,45
124,aa29578ed01a37d051f2f8b7,M24,4,17.4,11.9890700445,45
124,aa29578ed01a37d051f2f8b7,M25,4,12.94,9.7997470442,20
124,aa29578ed01a37d051f2f8b7,M26,4,11.56,9.10136274903,20
124,aa29578ed01a37d051f2f8b7,M27,4,14.09,11.1965650864,30
124,aa29578ed01a37d051f2f8b7,M28,4,12.07,9.61814545009,30
124,aa29578ed01a37d051f2f8b7,M29,4,14.21,11.3042986665,30
124,aa29578ed01a37d051f2f8b7,M30,4,8.65,6.63893073106,21
128,ad3b009f5c46951acff42651,M01,1,5.95,6.44853640261,10
128,ad3b009f5c46951acff42651,M02,1,8.3,8.43536572343,15
128,ad3b009f5c46951acff42651,M03,1,7.73,8.32038946758,21
128,ad3b009f5c46951acff42651,M04,1,7.15,7.98192558814,21
128,ad3b009f5c46951acff42651,M05,1,6.86,7.72768541603,21
128,ad3b009f5c46951acff42651,M06,1,9.21,10.4902732636,21
128,ad3b009f5c46951acff42651,M07,1,10.28,10.9822997148,30
128,ad3b009f5c46951acff42651,M08,1,14.16,15.621808396,30
128,ad3b009f5c46951acff42651,M09,1,13.03,15.0944726829,30
128,ad3b009f5c46951acff42651,M10,1,15.96,16.2647628333,30
128,ad3b009f5c46951acff42651,M11,1,14.8,15.8569258186,30
128,ad3b009f5c46951acff42651,M12,1,18.97,19.7248020844,45
128,ad3b009f5c46951acff42651,M13,1,16.91,19.2139467916,60
128,ad3b009f5c46951acff42651,M14,1,13.89,17.5070204332,60
128,ad3b009f5c46951acff42651,M15,1,18.36,19.6686546592,60
128,ad3b009f5c46951acff42651,M16,1,36.61,38.2365110842,100
128,ad3b009f5c46951acff42651,M17,1,5.69,6.31877261525,14
128,ad3b009f5c46951acff42651,M18,1,7.84,8.10854216095,21
128,ad3b009f5c46951acff42651,M19,1,6.19,6.69205171268,21
128,ad3b009f5c46951acff42651,M20,1,8.87,8.57745692762,20
128,ad3b009f5c46951acff42651,M21,1,6.34,6.66204007902,21
128,ad3b009f5c46951acff42651,M22,1,14.12,14.6071275159,45
128,ad3b009f5c46951acff42651,M23,1,11.47,11.8968420444,45
128,ad3b009f5c46951acff42651,M24,1,16.53,14.6643927932,45
128,ad3b009f5c46951acff42651,M25,1,11.81,12.1572499817,20
128,ad3b009f5c46951acff42651,M26,1,10.43,11.1675049189,20
128,ad3b009f5c46951acff42651,M27,1,12.1,14.0702050086,30
128,ad3b009f5c46951acff42651,M28,1,10.19,11.6866480461,30
128,ad3b009f5c46951acff42651,M29,1,12.62,14.1371655255,30
128,ad3b009f5c46951acff42651,M30,1,7.15,8.31295760323,21
129,1de3e41098dfdbdb2adf0ebb,M01,1,5.63,5.21765384405,10
129,1de3e41098dfdbdb2adf0ebb,M02,1,7.52,6.51213187745,15
129,1de3e41098dfdbdb2adf0ebb,M03,1,6.57,5.83685707052,21
129,1de3e41098dfdbdb2adf0ebb,M04,1,6.13,5.61789361326,21
129,1de3e41098dfdbdb2adf0ebb,M05,1,5.94,5.49884618069,21
129,1de3e41098dfdbdb2adf0ebb,M06,1,8.28,8.01618460759,21
129,1de3e41098dfdbdb2adf0ebb,M07,1,8.6,8.19110663129,30
129,1de3e41098dfdbdb2adf0ebb,M08,1,12.11,11.0935381634,30
129,1de3e41098dfdbdb2adf0ebb,M09,1,11.18,10.5133405319,30
129,1de3e41098dfdbdb2adf0ebb,M10,1,13.75,11.347105908,30
129,1de3e41098dfdbdb2adf0ebb,M11,1,12.87,10.8704928799,30
129,1de3e41098dfdbdb2adf0ebb,M12,1,15.82,12.7156059177,45
129,1de3e41098dfdbdb2adf0ebb,M13,1,14.8,12.3787944711,60
129,1de3e41098dfdbdb2adf0ebb,M14,1,12.18,11.7213261144,60
129,1de3e41098dfdbdb2adf0ebb,M15,1,14.87,12.6805145041,60
129,1de3e41098dfdbdb2adf0ebb,M16,1,32.4,34.6720284395,100
129,1de3e41098dfdbdb2adf0ebb,M17,1,4.81,4.37138733306,14
129,1de3e41098dfdbdb2adf0ebb,M18,1,6.7,5.82303360592,21
129,1de3e41098dfdbdb2adf0ebb,M19,1,5.72,5.46068872621,21
129,1de3e41098dfdbdb2adf0ebb,M20,1,7.85,7.71695276811,20
129,1de3e41098dfdbdb2adf0ebb,M21,1,5.66,5.49079137491,21
129,1de3e41098dfdbdb2adf0ebb,M22,1,12.12,10.5328515311,45
129,1de3e41098dfdbdb2adf0ebb,M23,1,10.25,9.62749279621,45
129,1de3e41098dfdbdb2adf0ebb,M24,1,12.23,10.5369817692,45
129,1de3e41098dfdbdb2adf0ebb,M25,1,9.73,8.87269310479,20
129,1de3e41098dfdbdb2adf0ebb,M26,1,7.86,8.61529227624,20
129,1de3e41098dfdbdb2adf0ebb,M27,1,9.38,9.63966423446,30
129,1de3e41098dfdbdb2adf0ebb,M28,1,7.84,8.91059520205,30
129,1de3e41098dfdbdb2adf0ebb,M29,1,9.01,9.56601289884,30
129,1de3e41098dfdbdb2adf0ebb,M30,1,5.27,5.82598881211,21
130,cb76c9dc3ae475d3cc15b169,M01,1,8.29,8.31136581215,10
130,cb76c9dc3ae475d3cc15b169,M02,1,10.9,10.8884223079,15
130,cb76c9dc3ae475d3cc15b169,M03,1,12.56,12.6301489639,21
130,cb76c9dc3ae475d3cc15b169,M04,1,11.64,11.9329183457,21
130,cb76c9dc3ae475d3cc15b169,M05,1,11.79,11.9950555936,21
130,cb76c9dc3ae475d3cc15b169,M06,1,15.53,15.1291546617,21
130,cb76c9dc3ae475d3cc15b169,M07,1,17.57,17.2321852462,30
130,cb76c9dc3ae475d3cc15b169,M08,1,21.84,22.0607556997,30
130,cb76c9dc3ae475d3cc15b169,M09,1,20.58,20.6752372698,30
130,cb76c9dc3ae475d3cc15b169,M10,1,23.37,23.1651345455,30
130,cb76c9dc3ae475d3cc15b169,M11,1,22.57,22.9422271802,30
130,cb76c9dc3ae475d3cc15b169,M12,1,31.94,32.7648597488,45
130,cb76c9dc3ae475d3cc15b169,M13,1,33.54,33.267565955,60
130,cb76c9dc3ae475d3cc15b169,M14,1,30.32,30.059887377,60
130,cb76c9dc3ae475d3cc15b169,M15,1,33.68,33.3259743655,60
130,cb76c9dc3ae475d3cc15b169,M16,1,62.65,61.3523656418,100
130,cb76c9dc3ae475d3cc15b169,M17,1,8.55,8.41554316766,14
130,cb76c9dc3ae475d3cc15b169,M18,1,12.05,12.0032744518,21
130,cb76c9dc3ae475d3cc15b169,M19,1,11.45,10.9136223975,21
130,cb76c9dc3ae475d3cc15b169,M20,1,13.29,12.9017805161,20
130,cb76c9dc3ae475d3cc15b169,M21,1,10.47,10.4805140373,21
130,cb76c9dc3ae475d3cc15b169,M22,1,27.07,26.1714918219,45
130,cb76c9dc3ae475d3cc15b169,M23,1,23.76,23.30302018,45
130,cb76c9dc3ae475d3cc15b169,M24,1,27.59,26.4500665655,45
130,cb76c9dc3ae475d3cc15b169,M25,1,15.76,15.2850042308,20
130,cb76c9dc3ae475d3cc15b169,M26,1,14.53,14.1870529295,20
130,cb76c9dc3ae475d3cc15b169,M27,1,19.94,19.1003614813,30
130,cb76c9dc3ae475d3cc15b169,M28,1,17.94,17.2795163763,30
130,cb76c9dc3ae475d3cc15b169,M29,1,19.85,19.120676574,30
130,cb76c9dc3ae475d3cc15b169,M30,1,12.61,12.6504256877,21
131,cb8f65e269eb26164eb899ea,M01,1,4.24,5.19253700517,10
131,cb8f65e269eb26164eb899ea,M02,1,5.72,6.54097831019,15
131,cb8f65e269eb26164eb899ea,M03,1,4.94,5.59524415456,21
131,cb8f65e269eb26164eb899ea,M04,1,4.57,5.33094300317,21
131,cb8f65e269eb26164eb899ea,M05,1,4.24,5.21439527279,21
131,cb8f65e269eb26164eb899ea,M06,1,6.28,7.34328963291,21
131,cb8f65e269eb26164eb899ea,M07,1,6.14,7.35589801473,30
131,cb8f65e269eb26164eb899ea,M08,1,7.71,9.91028554484,30
131,cb8f65e269eb26164eb899ea,M09,1,6.25,8.94551310924,30
131,cb8f65e269eb26164eb899ea,M10,1,9.15,10.3382723026,30
131,cb8f65e269eb26164eb899ea,M11,1,7.19,9.7629919548,30
131,cb8f65e269eb26164eb899ea,M12,1,8.87,11.080080881,45
131,cb8f65e269eb26164eb899ea,M13,1,9.15,11.0210519458,60
131,cb8f65e269eb26164eb899ea,M14,1,7.34,10.4723091942,60
131,cb8f65e269eb26164eb899ea,M15,1,9.42,11.0306082097,60
131,cb8f65e269eb26164eb899ea,M16,1,17.11,25.1923004659,100
131,cb8f65e269eb26164eb899ea,M17,1,2.62,3.91192364984,14
131,cb8f65e269eb26164eb899ea,M18,1,5.06,5.44447285464,21
131,cb8f65e269eb26164eb899ea,M19,1,4.43,4.9582506641,21
131,cb8f65e269eb26164eb899ea,M20,1,5.22,6.64513798055,20
131,cb8f65e269eb26164eb899ea,M21,1,4.4,4.93565806209,21
131,cb8f65e269eb26164eb899ea,M22,1,7.35,9.06638672054,45
131,cb8f65e269eb26164eb899ea,M23,1,6.31,8.04988715158,45
131,cb8f65e269eb26164eb899ea,M24,1,7.15,8.89824441407,45
131,cb8f65e269eb26164eb899ea,M25,1,6.82,9.32360498517,20
131,cb8f65e269eb26164eb899ea,M26,1,5.07,8.70817677535,20
131,cb8f65e269eb26164eb899ea,M27,1,7.13,9.3540536523,30
131,cb8f65e269eb26164eb899ea,M28,1,5.56,8.29931570646,30
131,cb8f65e269eb26164eb899ea,M29,1,6.94,9.20796485809,30
131,cb8f65e269eb26164eb899ea,M30,1,4.39,5.67388062382,21
132,76675cb970506f4cb7f9b3ef,M01,4,8.55,7.83182847084,10
132,76675cb970506f4cb7f9b3ef,M02,4,11.22,10.5907357492,15
132,76675cb970506f4cb7f9b3ef,M03,4,13.08,12.0845217774,21
132,76675cb970506f4cb7f9b3ef,M04,4,12.01,11.5560855671,21
132,76675cb970506f4cb7f9b3ef,M05,4,12.27,11.5835201989,21
132,76675cb970506f4cb7f9b3ef,M06,4,15.88,14.8997168995,21
132,76675cb970506f4cb7f9b3ef,M07,4,18.32,16.7118843529,30
132,76675cb970506f4cb7f9b3ef,M08,4,22.56,20.9643147973,30
132,76675cb970506f4cb7f9b3ef,M09,4,21.08,19.9261242177,30
132,76675cb970506f4cb7f9b3ef,M10,4,24.13,21.8081442817,30
132,76675cb970506f4cb7f9b3ef,M11,4,23.24,21.6761869227,30
132,76675cb970506f4cb7f9b3ef,M12,4,33.07,31.1374586516,45
132,76675cb970506f4cb7f9b3ef,M13,4,34.67,31.0922581805,60
132,76675cb970506f4cb7f9b3ef,M14,4,31.36,29.2613249562,60
132,76675cb970506f4cb7f9b3ef,M15,4,35.32,31.3319580666,60
132,76675cb970506f4cb7f9b3ef,M16,4,63.82,57.8896928495,100
132,76675cb970506f4cb7f9b3ef,M17,4,8.81,7.90283242968,14
132,76675cb970506f4cb7f9b3ef,M18,4,12.4,11.580336957,21
132,76675cb970506f4cb7f9b3ef,M19,4,12.19,10.442170547,21
132,76675cb970506f4cb7f9b3ef,M20,4,13.89,12.3421600846,20
132,76675cb970506f4cb7f9b3ef,M21,4,11.08,10.1621691436,21
132,76675cb970506f4cb7f9b3ef,M22,4,29.02,23.5173284292,45
132,76675cb970506f4cb7f9b3ef,M23,4,25.24,21.2731300998,45
132,76675cb970506f4cb7f9b3ef,M24,4,29.94,24.3372119221,45
132,76675cb970506f4cb7f9b3ef,M25,4,16.08,15.032168579,20
132,76675cb970506f4cb7f9b3ef,M26,4,14.75,14.2116852285,20
132,76675cb970506f4cb7f9b3ef,M27,4,20.35,19.1006879703,30
132,76675cb970506f4cb7f9b3ef,M28,4,18.47,17.3303454943,30
132,76675cb970506f4cb7f9b3ef,M29,4,20.41,19.1180640332,30
132,76675cb970506f4cb7f9b3ef,M30,4,13.13,12.0910884138,21
133,bcd4d25e30d0907c8a1680f0,M01,4,7.95,7.01221467787,10
133,bcd4d25e30d0907c8a1680f0,M02,4,10.59,9.17838105614,15
133,bcd4d25e30d0907c8a1680f0,M03,4,11.79,9.16361211852,21
133,bcd4d25e30d0907c8a1680f0,M04,4,10.74,8.96757242048,21
133,bcd4d25e30d0907c8a1680f0,M05,4,10.93,8.88469714587,21
133,bcd4d25e30d0907c8a1680f0,M06,4,14.54,12.1343395599,21
133,bcd4d25e30d0907c8a1680f0,M07,4,16.36,12.7544791589,30
133,bcd4d25e30d0907c8a1680f0,M08,4,20.71,17.2895525473,30
133,bcd4d25e30d0907c8a1680f0,M09,4,19.28,16.5386572513,30
133,bcd4d25e30d0907c8a1680f0,M10,4,22.34,17.7998336962,30
133,bcd4d25e30d0907c8a1680f0,M11,4,21.37,17.4367639415,30
133,bcd4d25e30d0907c8a1680f0,M12,4,29.95,23.2564113609,45
133,bcd4d25e30d0907c8a1680f0,M13,4,30.98,22.9619383287,60
133,bcd4d25e30d0907c8a1680f0,M14,4,27.48,20.9797029515,60
133,bcd4d25e30d0907c8a1680f0,M15,4,31.25,23.2454280247,60
133,bcd4d25e30d0907c8a1680f0,M16,4,59.82,50.5394306313,100
133,bcd4d25e30d0907c8a1680f0,M17,4,8.03,7.02672602656,14
133,bcd4d25e30d0907c8a1680f0,M18,4,11.08,9.05274534777,21
133,bcd4d25e30d0907c8a1680f0,M19,4,10.69,7.68953836677,21
133,bcd4d25e30d0907c8a1680f0,M20,4,11.99,10.0273079708,20
133,bcd4d25e30d0907c8a1680f0,M21,4,9.1,7.64796104631,21
133,bcd4d25e30d0907c8a1680f0,M22,4,23.18,16.5238608215,45
133,bcd4d25e30d0907c8a1680f0,M23,4,19.42,14.7046109351,45
133,bcd4d25e30d0907c8a1680f0,M24,4,23.82,16.6320615852,45
133,bcd4d25e30d0907c8a1680f0,M25,4,15.24,13.1430551547,20
133,bcd4d25e30d0907c8a1680f0,M26,4,13.96,12.5103495502,20
133,bcd4d25e30d0907c8a1680f0,M27,4,18.77,15.6329899416,30
133,bcd4d25e30d0907c8a1680f0,M28,4,16.83,13.9885740396,30
133,bcd4d25e30d0907c8a1680f0,M29,4,18.78,15.5611409039,30
133,bcd4d25e30d0907c8a1680f0,M30,4,11.85,9.18632931341,21
134,a8b1cb2553507696b13260d8,M01,4,7.77,7.93282646884,10
134,a8b1cb2553507696b13260d8,M02,4,10.39,10.240965265,15
134,a8b1cb2553507696b13260d8,M03,4,11.57,11.6925335337,21
134,a8b1cb2553507696b13260d8,M04,4,10.75,11.1238424051,21
134,a8b1cb2553507696b13260d8,M05,4,10.84,11.1772187299,21
134,a8b1cb2553507696b13260d8,M06,4,14.25,14.6358445473,21
134,a8b1cb2553507696b13260d8,M07,4,16.09,16.4282983636,30
134,a8b1cb2553507696b13260d8,M08,4,20.44,20.6675323437,30
134,a8b1cb2553507696b13260d8,M09,4,19.23,19.6387945736,30
134,a8b1cb2553507696b13260d8,M10,4,21.97,21.5307687061,30
134,a8b1cb2553507696b13260d8,M11,4,21.19,21.338277078,30
134,a8b1cb2553507696b13260d8,M12,4,29.69,30.1147959996,45
134,a8b1cb2553507696b13260d8,M13,4,30.56,30.0485512551,60
134,a8b1cb2553507696b13260d8,M14,4,27.32,28.2843503988,60
134,a8b1cb2553507696b13260d8,M15,4,30.77,30.273904911,60
134,a8b1cb2553507696b13260d8,M16,4,59.4,58.8094589824,100
134,a8b1cb2553507696b13260d8,M17,4,8.05,8.04026238411,14
134,a8b1cb2553507696b13260d8,M18,4,11.2,11.1994890725,21
134,a8b1cb2553507696b13260d8,M19,4,9.88,9.98195452717,21
134,a8b1cb2553507696b13260d8,M20,4,12.04,12.1793597419,20
134,a8b1cb2553507696b13260d8,M21,4,9.26,9.62972955581,21
134,a8b1cb2553507696b13260d8,M22,4,23.22,23.4719281047,45
134,a8b1cb2553507696b13260d8,M23,4,19.93,20.8454688696,45
134,a8b1cb2553507696b13260d8,M24,4,23.95,23.7232053701,45
134,a8b1cb2553507696b13260d8,M25,4,15.02,14.887217874,20
134,a8b1cb2553507696b13260d8,M26,4,13.8,13.9685035771,20
134,a8b1cb2553507696b13260d8,M27,4,18.45,18.5737297137,30
134,a8b1cb2553507696b13260d8,M28,4,16.59,16.9554394573,30
134,a8b1cb2553507696b13260d8,M29,4,18.34,18.6084175569,30
134,a8b1cb2553507696b13260d8,M30,4,11.62,11.6998949983,21
135,2dbcd2c21100a96deb0fc79b,M01,0,7.74,7.32846008211,10
135,2dbcd2c21100a96deb0fc79b,M02,0,10.31,10.2051578436,15
135,2dbcd2c21100a96deb0fc79b,M03,0,11.32,10.2540256134,21
135,2dbcd2c21100a96deb0fc79b,M04,0,10.46,10.0095051765,21
135,2dbcd2c21100a96deb0fc79b,M05,0,10.57,9.9628915742,21
135,2dbcd2c21100a96deb0fc79b,M06,0,13.99,13.2142563626,21
135,2dbcd2c21100a96deb0fc79b,M07,0,15.68,14.4162516271,30
135,2dbcd2c21100a96deb0fc79b,M08,0,20.04,19.2004430303,30
135,2dbcd2c21100a96deb0fc79b,M09,0,18.85,18.249366546,30
135,2dbcd2c21100a96deb0fc79b,M10,0,21.65,19.7506048296,30
135,2dbcd2c21100a96deb0fc79b,M11,0,20.88,19.1850940673,30
135,2dbcd2c21100a96deb0fc79b,M12,0,28.91,26.9444638286,45
135,2dbcd2c21100a96deb0fc79b,M13,0,29.56,26.81408757,60
135,2dbcd2c21100a96deb0fc79b,M14,0,26.07,24.0109969787,60
135,2dbcd2c21100a96deb0fc79b,M15,0,30.1,26.9758604159,60
135,2dbcd2c21100a96deb0fc79b,M16,0,58.24,51.0945697297,100
135,2dbcd2c21100a96deb0fc79b,M17,0,7.89,7.32349852619,14
135,2dbcd2c21100a96deb0fc79b,M18,0,10.96,10.0234443963,21
135,2dbcd2c21100a96deb0fc79b,M19,0,8.8,7.74268393285,21
135,2dbcd2c21100a96deb0fc79b,M20,0,10.92,10.4367123907,20
135,2dbcd2c21100a96deb0fc79b,M21,0,8.22,7.68478983805,21
135,2dbcd2c21100a96deb0fc79b,M22,0,19.73,19.0202635417,45
135,2dbcd2c21100a96deb0fc79b,M23,0,16.75,16.8290134526,45
135,2dbcd2c21100a96deb0fc79b,M24,0,20.34,19.3579816858,45
135,2dbcd2c21100a96deb0fc79b,M25,0,14.9,13.9457071338,20
135,2dbcd2c21100a96deb0fc79b,M26,0,13.62,13.2864244783,20
135,2dbcd2c21100a96deb0fc79b,M27,0,18.11,16.7505687441,30
135,2dbcd2c21100a96deb0fc79b,M28,0,16.16,15.3650673556,30
135,2dbcd2c21100a96deb0fc79b,M29,0,18.15,16.7012625143,30
135,2dbcd2c21100a96deb0fc79b,M30,0,11.35,10.2676807707,21
137,4d08869f6c27483a6a997511,M01,3,6.74,7.41229769945,10
137,4d08869f6c27483a6a997511,M02,3,9.04,10.178604195,15
137,4d08869f6c27483a6a997511,M03,3,8.9,10.2558362273,21
137,4d08869f6c27483a6a997511,M04,3,8.26,9.98859421853,21
137,4d08869f6c27483a6a997511,M05,3,8.12,9.99335570984,21
137,4d08869f6c27483a6a997511,M06,3,11.15,13.5080086083,21
137,4d08869f6c27483a6a997511,M07,3,12.04,14.7950091795,30
137,4d08869f6c27483a6a997511,M08,3,16.37,19.7681375366,30
137,4d08869f6c27483a6a997511,M09,3,15.42,18.5775096214,30
137,4d08869f6c27483a6a997511,M10,3,18,20.1467719663,30
137,4d08869f6c27483a6a997511,M11,3,17.16,19.7107997923,30
137,4d08869f6c27483a6a997511,M12,3,22.81,27.6063382184,45
137,4d08869f6c27483a6a997511,M13,3,22.06,27.5446010136,60
137,4d08869f6c27483a6a997511,M14,3,18.63,25.3196085127,60
137,4d08869f6c27483a6a997511,M15,3,22.19,27.6329142587,60
137,4d08869f6c27483a6a997511,M16,3,49.2,56.356681165,100
137,4d08869f6c27483a6a997511,M17,3,6.53,7.42541267758,14
137,4d08869f6c27483a6a997511,M18,3,8.88,10.0148149455,21
137,4d08869f6c27483a6a997511,M19,3,7.15,8.97482838024,21
137,4d08869f6c27483a6a997511,M20,3,9.5,11.3133984011,20
137,4d08869f6c27483a6a997511,M21,3,6.99,8.87484386021,21
137,4d08869f6c27483a6a997511,M22,3,15.76,20.549070424,45
137,4d08869f6c27483a6a997511,M23,3,13.35,19.0121316568,45
137,4d08869f6c27483a6a997511,M24,3,16.09,21.0977906166,45
137,4d08869f6c27483a6a997511,M25,3,13.26,14.087033585,20
137,4d08869f6c27483a6a997511,M26,3,11.93,13.3666255379,20
137,4d08869f6c27483a6a997511,M27,3,14.77,16.9320531166,30
137,4d08869f6c27483a6a997511,M28,3,12.74,15.4390154724,30
137,4d08869f6c27483a6a997511,M29,3,14.68,17.0009320678,30
137,4d08869f6c27483a6a997511,M30,3,8.93,10.3111014502,21
138,fbb6ef4dd8eafc9c107d4009,M01,0,8.66,8.16169304019,10
138,fbb6ef4dd8eafc9c107d4009,M02,0,11.32,10.5204569907,15
138,fbb6ef4dd8eafc9c107d4009,M03,0,13.49,12.0745686677,21
138,fbb6ef4dd8eafc9c107d4009,M04,0,12.67,11.3197527445,21
138,fbb6ef4dd8eafc9c107d4009,M05,0,12.85,11.3561889375,21
138,fbb6ef4dd8eafc9c107d4009,M06,0,16.33,15.0909031364,21
138,fbb6ef4dd8eafc9c107d4009,M07,0,19.05,16.9965606635,30
138,fbb6ef4dd8eafc9c107d4009,M08,0,23.17,21.492737948,30
138,fbb6ef4dd8eafc9c107d4009,M09,0,22.06,20.0992216032,30
138,fbb6ef4dd8eafc9c107d4009,M10,0,24.61,22.4455272808,30
138,fbb6ef4dd8eafc9c107d4009,M11,0,23.94,22.2224607011,30
138,fbb6ef4dd8eafc9c107d4009,M12,0,34.37,31.4976470982,45
138,fbb6ef4dd8eafc9c107d4009,M13,0,36.42,31.9103256411,60
138,fbb6ef4dd8eafc9c107d4009,M14,0,33.55,29.5745766731,60
138,fbb6ef4dd8eafc9c107d4009,M15,0,36.6,31.9593939445,60
138,fbb6ef4dd8eafc9c107d4009,M16,0,65.77,61.3581349319,100
138,fbb6ef4dd8eafc9c107d4009,M17,0,9.09,8.28971106483,14
138,fbb6ef4dd8eafc9c107d4009,M18,0,12.97,11.3989286798,21
138,fbb6ef4dd8eafc9c107d4009,M19,0,12.28,10.4053870814,21
138,fbb6ef4dd8eafc9c107d4009,M20,0,13.91,12.7981529097,20
138,fbb6ef4dd8eafc9c107d4009,M21,0,11.32,9.92467855003,21
138,fbb6ef4dd8eafc9c107d4009,M22,0,29.16,25.7211022591,45
138,fbb6ef4dd8eafc9c107d4009,M23,0,25.5,23.2119633883,45
138,fbb6ef4dd8eafc9c107d4009,M24,0,29.94,25.7873330134,45
138,fbb6ef4dd8eafc9c107d4009,M25,0,16.27,15.2451998341,20
138,fbb6ef4dd8eafc9c107d4009,M26,0,15.01,14.2261957283,20
138,fbb6ef4dd8eafc9c107d4009,M27,0,20.92,19.1027371989,30
138,fbb6ef4dd8eafc9c107d4009,M28,0,19.21,17.3789752101,30
138,fbb6ef4dd8eafc9c107d4009,M29,0,20.72,19.1403598062,30
138,fbb6ef4dd8eafc9c107d4009,M30,0,13.55,12.088323132,21
139,2cf7f8352a953b94c74c8f49,M01,1,5,5.73017337932,10
139,2cf7f8352a953b94c74c8f49,M02,1,6.54,6.39323761944,15
139,2cf7f8352a953b94c74c8f49,M03,1,5.6,6.01929331015,21
139,2cf7f8352a953b94c74c8f49,M04,1,5.31,5.87059218413,21
139,2cf7f8352a953b94c74c8f49,M05,1,5.21,5.79708992877,21
139,2cf7f8352a953b94c74c8f49,M06,1,7.1,8.02456927693,21
139,2cf7f8352a953b94c74c8f49,M07,1,7.18,8.01662857308,30
139,2cf7f8352a953b94c74c8f49,M08,1,9.39,12.0142919097,30
139,2cf7f8352a953b94c74c8f49,M09,1,8.44,11.7774903999,30
139,2cf7f8352a953b94c74c8f49,M10,1,11.02,12.087799144,30
139,2cf7f8352a953b94c74c8f49,M11,1,10.09,11.878819467,30
139,2cf7f8352a953b94c74c8f49,M12,1,11.43,13.565420886,45
139,2cf7f8352a953b94c74c8f49,M13,1,11.49,13.4802095669,60
139,2cf7f8352a953b94c74c8f49,M14,1,8.89,13.1758918883,60
139,2cf7f8352a953b94c74c8f49,M15,1,11.4,13.5352558411,60
139,2cf7f8352a953b94c74c8f49,M16,1,21.41,22.0678931159,100
139,2cf7f8352a953b94c74c8f49,M17,1,3.82,3.92702518353,14
139,2cf7f8352a953b94c74c8f49,M18,1,5.76,5.95891613395,21
139,2cf7f8352a953b94c74c8f49,M19,1,5.31,5.61451092037,21
139,2cf7f8352a953b94c74c8f49,M20,1,6.99,7.71718839285,20
139,2cf7f8352a953b94c74c8f49,M21,1,5.3,5.62066188838,21
139,2cf7f8352a953b94c74c8f49,M22,1,10.69,10.7864648075,45
139,2cf7f8352a953b94c74c8f49,M23,1,8.73,10.3755078015,45
139,2cf7f8352a953b94c74c8f49,M24,1,10.79,10.8942475471,45
139,2cf7f8352a953b94c74c8f49,M25,1,7.99,8.7045903993,20
139,2cf7f8352a953b94c74c8f49,M26,1,5.75,8.3490501159,20
139,2cf7f8352a953b94c74c8f49,M27,1,8.02,10.2282699073,30
139,2cf7f8352a953b94c74c8f49,M28,1,6.6,9.86667575912,30
139,2cf7f8352a953b94c74c8f49,M29,1,7.65,10.3303279999,30
139,2cf7f8352a953b94c74c8f49,M30,1,4.18,6.01221902887,21
140,4dc9a1238a5c5e15ddab6051,M01,3,5.49,5.02951678036,10
140,4dc9a1238a5c5e15ddab6051,M02,3,7.35,6.16152669109,15
140,4dc9a1238a5c5e15ddab6051,M03,3,6.36,5.26192392429,21
140,4dc9a1238a5c5e15ddab6051,M04,3,5.94,5.23400261225,21
140,4dc9a1238a5c5e15ddab6051,M05,3,5.78,5.05116672819,21
140,4dc9a1238a5c5e15ddab6051,M06,3,8.05,7.10541790173,21
140,4dc9a1238a5c5e15ddab6051,M07,3,8.32,6.97766084886,30
140,4dc9a1238a5c5e15ddab6051,M08,3,11.66,9.49686479065,30
140,4dc9a1238a5c5e15ddab6051,M09,3,10.68,8.60001053368,30
140,4dc9a1238a5c5e15ddab6051,M10,3,13.3,9.93748800977,30
140,4dc9a1238a5c5e15ddab6051,M11,3,12.41,9.57796771826,30
140,4dc9a1238a5c5e15ddab6051,M12,3,15.09,10.9202479519,45
140,4dc9a1238a5c5e15ddab6051,M13,3,14.27,10.7204189124,60
140,4dc9a1238a5c5e15ddab6051,M14,3,11.65,9.35171704507,60
140,4dc9a1238a5c5e15ddab6051,M15,3,14.24,10.8691584963,60
140,4dc9a1238a5c5e15ddab6051,M16,3,30.66,19.4399491443,100
140,4dc9a1238a5c5e15ddab6051,M17,3,4.6,3.59802207504,14
140,4dc9a1238a5c5e15ddab6051,M18,3,6.49,5.40420880333,21
140,4dc9a1238a5c5e15ddab6051,M19,3,5.72,5.07084445447,21
140,4dc9a1238a5c5e15ddab6051,M20,3,7.83,6.73473205055,20
140,4dc9a1238a5c5e15ddab6051,M21,3,5.68,5.1674621227,21
140,4dc9a1238a5c5e15ddab6051,M22,3,12.14,9.48181546955,45
140,4dc9a1238a5c5e15ddab6051,M23,3,10.22,7.94115229743,45
140,4dc9a1238a5c5e15ddab6051,M24,3,12.28,9.46753007703,45
140,4dc9a1238a5c5e15ddab6051,M25,3,9.9,7.99103845541,20
140,4dc9a1238a5c5e15ddab6051,M26,3,7.94,7.25864123502,20
140,4dc9a1238a5c5e15ddab6051,M27,3,9.63,8.77794513155,30
140,4dc9a1238a5c5e15ddab6051,M28,3,8,7.68002037902,30
140,4dc9a1238a5c5e15ddab6051,M29,3,9.11,8.7220381764,30
140,4dc9a1238a5c5e15ddab6051,M30,3,5.29,5.21866464148,21
141,0d0b0a46ce9ecd81eed45455,M01,4,7.74,8.31030083348,10
141,0d0b0a46ce9ecd81eed45455,M02,4,10.31,10.8439949145,15
141,0d0b0a46ce9ecd81eed45455,M03,4,11.3,12.3208678446,21
141,0d0b0a46ce9ecd81eed45455,M04,4,10.4,11.6965362191,21
141,0d0b0a46ce9ecd81eed45455,M05,4,10.49,11.7415385038,21
141,0d0b0a46ce9ecd81eed45455,M06,4,13.99,15.2863428422,21
141,0d0b0a46ce9ecd81eed45455,M07,4,15.65,17.3809948159,30
141,0d0b0a46ce9ecd81eed45455,M08,4,20.02,21.8380227792,30
141,0d0b0a46ce9ecd81eed45455,M09,4,18.78,20.7096582788,30
141,0d0b0a46ce9ecd81eed45455,M10,4,21.61,22.8091344077,30
141,0d0b0a46ce9ecd81eed45455,M11,4,20.7,22.6951822615,30
141,0d0b0a46ce9ecd81eed45455,M12,4,28.9,32.0188599229,45
141,0d0b0a46ce9ecd81eed45455,M13,4,29.67,32.079716929,60
141,0d0b0a46ce9ecd81eed45455,M14,4,26.17,30.4710984868,60
141,0d0b0a46ce9ecd81eed45455,M15,4,29.78,32.2697898981,60
141,0d0b0a46ce9ecd81eed45455,M16,4,58.37,61.1710543364,100
141,0d0b0a46ce9ecd81eed45455,M17,4,7.87,8.39797269722,14
141,0d0b0a46ce9ecd81eed45455,M18,4,10.92,11.7143565902,21
141,0d0b0a46ce9ecd81eed45455,M19,4,9.45,10.9508618105,21
141,0d0b0a46ce9ecd81eed45455,M20,4,11.64,12.3577146782,20
141,0d0b0a46ce9ecd81eed45455,M21,4,8.78,10.6230197938,21
141,0d0b0a46ce9ecd81eed45455,M22,4,21.89,25.8155244792,45
141,0d0b0a46ce9ecd81eed45455,M23,4,18.59,23.577056973,45
141,0d0b0a46ce9ecd81eed45455,M24,4,22.42,25.8759503537,45
141,0d0b0a46ce9ecd81eed45455,M25,4,14.9,15.3930191307,20
141,0d0b0a46ce9ecd81eed45455,M26,4,13.62,14.4854645118,20
141,0d0b0a46ce9ecd81eed45455,M27,4,18.13,19.2676525366,30
141,0d0b0a46ce9ecd81eed45455,M28,4,16.2,17.7011977939,30
141,0d0b0a46ce9ecd81eed45455,M29,4,18.02,19.2697112434,30
141,0d0b0a46ce9ecd81eed45455,M30,4,11.35,12.322243279,21
143,8911f3588631f37c7617db17,M01,2,8.41,8.24651325715,10
143,8911f3588631f37c7617db17,M02,2,11.06,10.9782811951,15
143,8911f3588631f37c7617db17,M03,2,12.93,12.4213857335,21
143,8911f3588631f37c7617db17,M04,2,11.72,11.7609636705,21
143,8911f3588631f37c7617db17,M05,2,12.03,11.8064240601,21
143,8911f3588631f37c7617db17,M06,2,15.68,15.4347138259,21
143,8911f3588631f37c7617db17,M07,2,18.02,17.2669569736,30
143,8911f3588631f37c7617db17,M08,2,22.34,21.8556454805,30
143,8911f3588631f37c7617db17,M09,2,20.67,20.7011100965,30
143,8911f3588631f37c7617db17,M10,2,23.76,22.8786977428,30
143,8911f3588631f37c7617db17,M11,2,22.82,22.7115378591,30
143,8911f3588631f37c7617db17,M12,2,32.46,32.438717207,45
143,8911f3588631f37c7617db17,M13,2,34.12,32.8498413922,60
143,8911f3588631f37c7617db17,M14,2,31.03,30.325382527,60
143,8911f3588631f37c7617db17,M15,2,34.26,32.9772734033,60
143,8911f3588631f37c7617db17,M16,2,63.34,61.4099269642,100
143,8911f3588631f37c7617db17,M17,2,8.75,8.41593989765,14
143,8911f3588631f37c7617db17,M18,2,12.58,11.8153315116,21
143,8911f3588631f37c7617db17,M19,2,11.59,11.0201814479,21
143,8911f3588631f37c7617db17,M20,2,14.21,12.7822666549,20
143,8911f3588631f37c7617db17,M21,2,10.6,10.4025933552,21
143,8911f3588631f37c7617db17,M22,2,27.74,26.0263912228,45
143,8911f3588631f37c7617db17,M23,2,24.03,22.9946686438,45
143,8911f3588631f37c7617db17,M24,2,28.2,26.2789221159,45
143,8911f3588631f37c7617db17,M25,2,15.9,15.5443697437,20
143,8911f3588631f37c7617db17,M26,2,14.62,14.4517051529,20
143,8911f3588631f37c7617db17,M27,2,20.05,19.7156187262,30
143,8911f3588631f37c7617db17,M28,2,18.26,17.8261045262,30
143,8911f3588631f37c7617db17,M29,2,19.94,19.6930622752,30
143,8911f3588631f37c7617db17,M30,2,13.07,12.4566330131,21
144,2c5d43f76182fb5235fb9b35,M01,3,8.18,7.96961945115,10
144,2c5d43f76182fb5235fb9b35,M02,3,10.78,10.9625470243,15
144,2c5d43f76182fb5235fb9b35,M03,3,12.23,11.3553764298,21
144,2c5d43f76182fb5235fb9b35,M04,3,11.27,11.0374817867,21
144,2c5d43f76182fb5235fb9b35,M05,3,11.45,11.0405976663,21
144,2c5d43f76182fb5235fb9b35,M06,3,15.1,14.4870544938,21
144,2c5d43f76182fb5235fb9b35,M07,3,17.04,16.0200282899,30
144,2c5d43f76182fb5235fb9b35,M08,3,21.36,20.8883537455,30
144,2c5d43f76182fb5235fb9b35,M09,3,20.04,19.8254182013,30
144,2c5d43f76182fb5235fb9b35,M10,3,22.94,21.3803033668,30
144,2c5d43f76182fb5235fb9b35,M11,3,22.07,21.087667516,30
144,2c5d43f76182fb5235fb9b35,M12,3,31.05,30.8192169384,45
144,2c5d43f76182fb5235fb9b35,M13,3,32.57,30.9186258454,60
144,2c5d43f76182fb5235fb9b35,M14,3,29.1,28.143193672,60
144,2c5d43f76182fb5235fb9b35,M15,3,32.58,30.9991414565,60
144,2c5d43f76182fb5235fb9b35,M16,3,61.59,59.8178950677,100
144,2c5d43f76182fb5235fb9b35,M17,3,8.39,7.9962046908,14
144,2c5d43f76182fb5235fb9b35,M18,3,11.7,11.0356192237,21
144,2c5d43f76182fb5235fb9b35,M19,3,10.8,9.75701342512,21
144,2c5d43f76182fb5235fb9b35,M20,3,12.8,12.1243249044,20
144,2c5d43f76182fb5235fb9b35,M21,3,9.9,9.60615768834,21
144,2c5d43f76182fb5235fb9b35,M22,3,25.48,22.567547122,45
144,2c5d43f76182fb5235fb9b35,M23,3,21.78,20.7316601794,45
144,2c5d43f76182fb5235fb9b35,M24,3,26.02,22.9930184793,45
144,2c5d43f76182fb5235fb9b35,M25,3,15.57,14.8675249237,20
144,2c5d43f76182fb5235fb9b35,M26,3,14.28,14.0928702798,20
144,2c5d43f76182fb5235fb9b35,M27,3,19.43,17.8990318863,30
144,2c5d43f76182fb5235fb9b35,M28,3,17.52,16.5892555313,30
144,2c5d43f76182fb5235fb9b35,M29,3,19.28,17.9433363359,30
144,2c5d43f76182fb5235fb9b35,M30,3,12.28,11.3770800395,21
145,b059278e30a9ae7d8bf4fd90,M01,2,6.2,6.10416083373,10
145,b059278e30a9ae7d8bf4fd90,M02,2,8.26,7.43371915347,15
145,b059278e30a9ae7d8bf4fd90,M03,2,7.58,7.04398797464,21
145,b059278e30a9ae7d8bf4fd90,M04,2,6.82,6.58706720473,21
145,b059278e30a9ae7d8bf4fd90,M05,2,6.71,6.42093938682,21
145,b059278e30a9ae7d8bf4fd90,M06,2,9.62,9.08581701778,21
145,b059278e30a9ae7d8bf4fd90,M07,2,10.09,9.50372116371,30
145,b059278e30a9ae7d8bf4fd90,M08,2,14.2,13.3805335394,30
145,b059278e30a9ae7d8bf4fd90,M09,2,12.9,12.579448109,30
145,b059278e30a9ae7d8bf4fd90,M10,2,15.77,13.7675213346,30
145,b059278e30a9ae7d8bf4fd90,M11,2,14.7,13.2290819465,30
145,b059278e30a9ae7d8bf4fd90,M12,2,19.29,17.0254287497,45
145,b059278e30a9ae7d8bf4fd90,M13,2,18.14,16.4446445129,60
145,b059278e30a9ae7d8bf4fd90,M14,2,15.09,15.3842363505,60
145,b059278e30a9ae7d8bf4fd90,M15,2,17.93,16.8919070222,60
145,b059278e30a9ae7d8bf4fd90,M16,2,42.23,37.8215257731,100
145,b059278e30a9ae7d8bf4fd90,M17,2,5.46,5.2693487612,14
145,b059278e30a9ae7d8bf4fd90,M18,2,7.44,6.68506140232,21
145,b059278e30a9ae7d8bf4fd90,M19,2,6.16,6.05465748837,21
145,b059278e30a9ae7d8bf4fd90,M20,2,8.45,8.47942274983,20
145,b059278e30a9ae7d8bf4fd90,M21,2,5.99,5.96938266008,21
145,b059278e30a9ae7d8bf4fd90,M22,2,13.22,12.3683883178,45
145,b059278e30a9ae7d8bf4fd90,M23,2,11.27,10.661091986,45
145,b059278e30a9ae7d8bf4fd90,M24,2,13.3,12.2523273219,45
145,b059278e30a9ae7d8bf4fd90,M25,2,12.31,11.1582474769,20
145,b059278e30a9ae7d8bf4fd90,M26,2,10.92,10.2733616183,20
145,b059278e30a9ae7d8bf4fd90,M27,2,12.89,12.0830595159,30
145,b059278e30a9ae7d8bf4fd90,M28,2,10.89,10.5403408332,30
145,b059278e30a9ae7d8bf4fd90,M29,2,12.52,11.9873781091,30
145,b059278e30a9ae7d8bf4fd90,M30,2,7.62,7.00345156303,21
146,58130070690af2c368385354,M01,0,3.76,5.08289537557,10
146,58130070690af2c368385354,M02,0,3.74,6.17896561512,15
146,58130070690af2c368385354,M03,0,4.24,5.38738107419,21
146,58130070690af2c368385354,M04,0,3.64,5.24534638645,21
146,58130070690af2c368385354,M05,0,3.56,5.11593379771,21
146,58130070690af2c368385354,M06,0,5.5,7.28391945988,21
146,58130070690af2c368385354,M07,0,4.56,7.15609498932,30
146,58130070690af2c368385354,M08,0,3.74,9.06422039161,30
146,58130070690af2c368385354,M09,0,2.55,8.3999223865,30
146,58130070690af2c368385354,M10,0,5.1,9.42656593038,30
146,58130070690af2c368385354,M11,0,3.92,8.93012476599,30
146,58130070690af2c368385354,M12,0,3.77,9.75463188087,45
146,58130070690af2c368385354,M13,0,5.35,9.78318526555,60
146,58130070690af2c368385354,M14,0,2.51,8.55208377371,60
146,58130070690af2c368385354,M15,0,5.69,9.86437064105,60
146,58130070690af2c368385354,M16,0,6.07,20.1337139932,100
146,58130070690af2c368385354,M17,0,1.93,3.62525087519,14
146,58130070690af2c368385354,M18,0,4.6,5.29376451656,21
146,58130070690af2c368385354,M19,0,3.71,5.03503738705,21
146,58130070690af2c368385354,M20,0,4.7,6.57907039769,20
146,58130070690af2c368385354,M21,0,4.2,5.01876728417,21
146,58130070690af2c368385354,M22,0,5.51,8.69615645652,45
146,58130070690af2c368385354,M23,0,2.96,7.68146701721,45
146,58130070690af2c368385354,M24,0,5.64,8.60330134786,45
146,58130070690af2c368385354,M25,0,6.02,8.93824236295,20
146,58130070690af2c368385354,M26,0,4.28,8.0094495019,20
146,58130070690af2c368385354,M27,0,6.57,9.03230672105,30
146,58130070690af2c368385354,M28,0,4.96,7.8920143443,30
146,58130070690af2c368385354,M29,0,6.48,8.89467826856,30
146,58130070690af2c368385354,M30,0,4.25,5.42957138308,21
147,1d7746b0a53dab9391e34d68,M01,4,7.83,7.61430377213,10
147,1d7746b0a53dab9391e34d68,M02,4,10.45,10.0626117565,15
147,1d7746b0a53dab9391e34d68,M03,4,11.66,10.5104138877,21
147,1d7746b0a53dab9391e34d68,M04,4,10.73,10.0381980437,21
147,1d7746b0a53dab9391e34d68,M05,4,10.84,10.0664041348,21
147,1d7746b0a53dab9391e34d68,M06,4,14.28,13.6593690283,21
147,1d7746b0a53dab9391e34d68,M07,4,16.23,15.1480180589,30
147,1d7746b0a53dab9391e34d68,M08,4,20.57,19.6555646396,30
147,1d7746b0a53dab9391e34d68,M09,4,19.27,18.5236329953,30
147,1d7746b0a53dab9391e34d68,M10,4,22.11,20.2138447159,30
147,1d7746b0a53dab9391e34d68,M11,4,21.24,19.9578293489,30
147,1d7746b0a53dab9391e34d68,M12,4,29.88,27.9089084481,45
147,1d7746b0a53dab9391e34d68,M13,4,30.65,27.822928533,60
147,1d7746b0a53dab9391e34d68,M14,4,27.34,25.5009159886,60
147,1d7746b0a53dab9391e34d68,M15,4,31.03,27.986837326,60
147,1d7746b0a53dab9391e34d68,M16,4,59.54,57.8968432459,100
147,1d7746b0a53dab9391e34d68,M17,4,8.03,7.67178672739,14
147,1d7746b0a53dab9391e34d68,M18,4,11.21,10.2026244586,21
147,1d7746b0a53dab9391e34d68,M19,4,10.53,8.77320589516,21
147,1d7746b0a53dab9391e34d68,M20,4,12.61,11.3380830156,20
147,1d7746b0a53dab9391e34d68,M21,4,9.85,8.62253181905,21
147,1d7746b0a53dab9391e34d68,M22,4,25.08,20.3177873933,45
147,1d7746b0a53dab9391e34d68,M23,4,21.77,17.7493900423,45
147,1d7746b0a53dab9391e34d68,M24,4,25.64,20.7382186564,45
147,1d7746b0a53dab9391e34d68,M25,4,15.04,14.3223453919,20
147,1d7746b0a53dab9391e34d68,M26,4,13.82,13.4329028092,20
147,1d7746b0a53dab9391e34d68,M27,4,18.49,17.2841916,30
147,1d7746b0a53dab9391e34d68,M28,4,16.64,15.6636783852,30
147,1d7746b0a53dab9391e34d68,M29,4,18.51,17.3063464175,30
147,1d7746b0a53dab9391e34d68,M30,4,11.7,10.5381598387,21
148,1b9952df1d11d663488fce0b,M01,2,7.35,7.45661075804,10
148,1b9952df1d11d663488fce0b,M02,2,9.84,10.3642727322,15
148,1b9952df1d11d663488fce0b,M03,2,10.4,10.406615706,21
148,1b9952df1d11d663488fce0b,M04,2,9.58,10.2246197648,21
148,1b9952df1d11d663488fce0b,M05,2,9.6,10.2234298334,21
148,1b9952df1d11d663488fce0b,M06,2,12.95,13.4724401146,21
148,1b9952df1d11d663488fce0b,M07,2,14.31,14.4909137485,30
148,1b9952df1d11d663488fce0b,M08,2,18.7,18.8175437283,30
148,1b9952df1d11d663488fce0b,M09,2,17.56,18.2252959396,30
148,1b9952df1d11d663488fce0b,M10,2,20.3,19.1176674383,30
148,1b9952df1d11d663488fce0b,M11,2,19.49,18.8280369294,30
148,1b9952df1d11d663488fce0b,M12,2,26.72,27.6808909952,45
148,1b9952df1d11d663488fce0b,M13,2,26.91,27.5908929689,60
148,1b9952df1d11d663488fce0b,M14,2,23.41,25.4357088941,60
148,1b9952df1d11d663488fce0b,M15,2,27.11,27.7108827698,60
148,1b9952df1d11d663488fce0b,M16,2,55.33,52.6334539615,100
148,1b9952df1d11d663488fce0b,M17,2,7.35,7.44587638197,14
148,1b9952df1d11d663488fce0b,M18,2,10.15,10.2464078255,21
148,1b9952df1d11d663488fce0b,M19,2,9,8.24529897865,21
148,1b9952df1d11d663488fce0b,M20,2,11.32,10.6432334905,20
148,1b9952df1d11d663488fce0b,M21,2,8.54,8.21461970304,21
148,1b9952df1d11d663488fce0b,M22,2,21.01,18.7468515133,45
148,1b9952df1d11d663488fce0b,M23,2,17.89,16.7558928414,45
148,1b9952df1d11d663488fce0b,M24,2,21.52,18.9661904907,45
148,1b9952df1d11d663488fce0b,M25,2,14.29,14.0179794266,20
148,1b9952df1d11d663488fce0b,M26,2,13.01,13.5232985802,20
148,1b9952df1d11d663488fce0b,M27,2,16.91,16.8812570034,30
148,1b9952df1d11d663488fce0b,M28,2,14.95,15.4991846083,30
148,1b9952df1d11d663488fce0b,M29,2,16.84,16.8828390152,30
148,1b9952df1d11d663488fce0b,M30,2,10.44,10.4162996252,21
149,a93b32339ed8311dd7a541ef,M01,2,7.69,7.38022184282,10
149,a93b32339ed8311dd7a541ef,M02,2,10.27,10.3230046941,15
149,a93b32339ed8311dd7a541ef,M03,2,11.22,10.3700503812,21
149,a93b32339ed8311dd7a541ef,M04,2,10.24,10.1491105912,21
149,a93b32339ed8311dd7a541ef,M05,2,10.39,10.1594500523,21
149,a93b32339ed8311dd7a541ef,M06,2,13.81,13.3093975156,21
149,a93b32339ed8311dd7a541ef,M07,2,15.5,14.2955357712,30
149,a93b32339ed8311dd7a541ef,M08,2,19.88,19.7023828908,30
149,a93b32339ed8311dd7a541ef,M09,2,18.5,18.8586520187,30
149,a93b32339ed8311dd7a541ef,M10,2,21.51,20.1485668634,30
149,a93b32339ed8311dd7a541ef,M11,2,20.56,19.7923554914,30
149,a93b32339ed8311dd7a541ef,M12,2,28.59,27.2323604432,45
149,a93b32339ed8311dd7a541ef,M13,2,29.09,27.1360701091,60
149,a93b32339ed8311dd7a541ef,M14,2,25.6,24.7417529206,60
149,a93b32339ed8311dd7a541ef,M15,2,29.51,27.2494485165,60
149,a93b32339ed8311dd7a541ef,M16,2,57.72,53.6011639235,100
149,a93b32339ed8311dd7a541ef,M17,2,7.79,7.38175630036,14
149,a93b32339ed8311dd7a541ef,M18,2,10.77,10.195501437,21
149,a93b32339ed8311dd7a541ef,M19,2,9.6,8.61989096487,21
149,a93b32339ed8311dd7a541ef,M20,2,11.82,10.5008923779,20
149,a93b32339ed8311dd7a541ef,M21,2,9.04,8.60557921306,21
149,a93b32339ed8311dd7a541ef,M22,2,22.58,20.1204135812,45
149,a93b32339ed8311dd7a541ef,M23,2,19.38,17.7313763928,45
149,a93b32339ed8311dd7a541ef,M24,2,23.1,20.3467055443,45
149,a93b32339ed8311dd7a541ef,M25,2,14.81,13.8260590101,20
149,a93b32339ed8311dd7a541ef,M26,2,13.53,13.3217872529,20
149,a93b32339ed8311dd7a541ef,M27,2,17.89,17.1683689312,30
149,a93b32339ed8311dd7a541ef,M28,2,15.94,15.7213945338,30
149,a93b32339ed8311dd7a541ef,M29,2,17.95,17.1628609535,30
149,a93b32339ed8311dd7a541ef,M30,2,11.26,10.3813508594,21
150,47a0e982a5cc29d0694317d1,M01,1,6.41,6.54559157996,10
150,47a0e982a5cc29d0694317d1,M02,1,8.91,8.55067695487,15
150,47a0e982a5cc29d0694317d1,M03,1,8.73,8.42784976791,21
150,47a0e982a5cc29d0694317d1,M04,1,8.09,8.09699653498,21
150,47a0e982a5cc29d0694317d1,M05,1,7.8,8.06386299896,21
150,47a0e982a5cc29d0694317d1,M06,1,10.41,11.3221590349,21
150,47a0e982a5cc29d0694317d1,M07,1,11.81,12.2474462098,30
150,47a0e982a5cc29d0694317d1,M08,1,16.04,16.5609413916,30
150,47a0e982a5cc29d0694317d1,M09,1,14.96,15.6938572998,30
150,47a0e982a5cc29d0694317d1,M10,1,17.74,17.0794013794,30
150,47a0e982a5cc29d0694317d1,M11,1,16.66,16.4020356991,30
150,47a0e982a5cc29d0694317d1,M12,1,22.21,21.4798696693,45
150,47a0e982a5cc29d0694317d1,M13,1,20.15,20.7944456143,60
150,47a0e982a5cc29d0694317d1,M14,1,16.91,19.2779819545,60
150,47a0e982a5cc29d0694317d1,M15,1,21.69,21.4525031614,60
150,47a0e982a5cc29d0694317d1,M16,1,45.47,45.2271328876,100
150,47a0e982a5cc29d0694317d1,M17,1,6.41,6.53642296091,14
150,47a0e982a5cc29d0694317d1,M18,1,8.78,8.31217200564,21
150,47a0e982a5cc29d0694317d1,M19,1,5.99,6.69847265182,21
150,47a0e982a5cc29d0694317d1,M20,1,8.64,9.48300988357,20
150,47a0e982a5cc29d0694317d1,M21,1,6.19,6.68539970317,21
150,47a0e982a5cc29d0694317d1,M22,1,13.6,15.1010415927,45
150,47a0e982a5cc29d0694317d1,M23,1,11.29,13.3677653633,45
150,47a0e982a5cc29d0694317d1,M24,1,14.92,15.6178526576,45
150,47a0e982a5cc29d0694317d1,M25,1,12.6,12.0807475327,20
150,47a0e982a5cc29d0694317d1,M26,1,11.34,11.7893701383,20
150,47a0e982a5cc29d0694317d1,M27,1,13.63,13.9788573225,30
150,47a0e982a5cc29d0694317d1,M28,1,11.7,12.7645155203,30
150,47a0e982a5cc29d0694317d1,M29,1,14.2,14.0464749316,30
150,47a0e982a5cc29d0694317d1,M30,1,8.17,8.41007854811,21
151,6b4c549deadd4454deb332d3,M01,1,6.08,6.09986554099,10
151,6b4c549deadd4454deb332d3,M02,1,8.06,7.43726304254,15
151,6b4c549deadd4454deb332d3,M03,1,7.27,7.2755258427,21
151,6b4c549deadd4454deb332d3,M04,1,6.55,6.72848671036,21
151,6b4c549deadd4454deb332d3,M05,1,6.43,6.58953851139,21
151,6b4c549deadd4454deb332d3,M06,1,9.26,8.99860490634,21
151,6b4c549deadd4454deb332d3,M07,1,9.63,9.58794429861,30
151,6b4c549deadd4454deb332d3,M08,1,13.63,13.056509581,30
151,6b4c549deadd4454deb332d3,M09,1,12.33,12.6353706835,30
151,6b4c549deadd4454deb332d3,M10,1,15.19,13.3848993415,30
151,6b4c549deadd4454deb332d3,M11,1,14.1,13.0416731314,30
151,6b4c549deadd4454deb332d3,M12,1,18.37,16.3418323667,45
151,6b4c549deadd4454deb332d3,M13,1,17.19,16.0567422821,60
151,6b4c549deadd4454deb332d3,M14,1,14.24,15.3266791454,60
151,6b4c549deadd4454deb332d3,M15,1,16.91,16.3402203667,60
151,6b4c549deadd4454deb332d3,M16,1,39.71,38.0341345533,100
151,6b4c549deadd4454deb332d3,M17,1,5.24,5.48423976247,14
151,6b4c549deadd4454deb332d3,M18,1,7.15,6.80599475763,21
151,6b4c549deadd4454deb332d3,M19,1,5.92,6.06661795521,21
151,6b4c549deadd4454deb332d3,M20,1,8.12,8.19298210477,20
151,6b4c549deadd4454deb332d3,M21,1,5.75,5.89806912893,21
151,6b4c549deadd4454deb332d3,M22,1,12.55,12.1525642509,45
151,6b4c549deadd4454deb332d3,M23,1,10.67,10.6663543051,45
151,6b4c549deadd4454deb332d3,M24,1,12.51,12.095152736,45
151,6b4c549deadd4454deb332d3,M25,1,12.05,11.5212875403,20
151,6b4c549deadd4454deb332d3,M26,1,10.61,10.6542175765,20
151,6b4c549deadd4454deb332d3,M27,1,12.41,12.0481843316,30
151,6b4c549deadd4454deb332d3,M28,1,10.41,10.6249146812,30
151,6b4c549deadd4454deb332d3,M29,1,12.01,12.0161085657,30
151,6b4c549deadd4454deb332d3,M30,1,7.3,7.2080269804,21
152,bc994c242eeac5db55f81cd1,M01,0,5.29,6.10301416272,10
152,bc994c242eeac5db55f81cd1,M02,0,7.08,8.02292054926,15
152,bc994c242eeac5db55f81cd1,M03,0,6.06,7.79643396327,21
152,bc994c242eeac5db55f81cd1,M04,0,5.69,7.47461193819,21
152,bc994c242eeac5db55f81cd1,M05,0,5.53,7.38651950864,21
152,bc994c242eeac5db55f81cd1,M06,0,7.67,9.97481749796,21
152,bc994c242eeac5db55f81cd1,M07,0,7.87,10.2713458574,30
152,bc994c242eeac5db55f81cd1,M08,0,10.98,13.7927525107,30
152,bc994c242eeac5db55f81cd1,M09,0,9.95,13.2395051906,30
152,bc994c242eeac5db55f81cd1,M10,0,12.57,14.1925643411,30
152,bc994c242eeac5db55f81cd1,M11,0,11.63,13.8086608844,30
152,bc994c242eeac5db55f81cd1,M12,0,14,16.9926060151,45
152,bc994c242eeac5db55f81cd1,M13,0,13.4,16.7010929772,60
152,bc994c242eeac5db55f81cd1,M14,0,10.83,15.7526656542,60
152,bc994c242eeac5db55f81cd1,M15,0,13.26,16.920904263,60
152,bc994c242eeac5db55f81cd1,M16,0,27.98,40.076825396,100
152,bc994c242eeac5db55f81cd1,M17,0,4.33,5.5579220567,14
152,bc994c242eeac5db55f81cd1,M18,0,6.21,7.52027376207,21
152,bc994c242eeac5db55f81cd1,M19,0,5.77,6.1897320166,21
152,bc994c242eeac5db55f81cd1,M20,0,7.99,8.75637806467,20
152,bc994c242eeac5db55f81cd1,M21,0,5.77,6.16771343829,21
152,bc994c242eeac5db55f81cd1,M22,0,12.41,12.55168146,45
152,bc994c242eeac5db55f81cd1,M23,0,10.42,10.8793905672,45
152,bc994c242eeac5db55f81cd1,M24,0,12.59,12.4317509488,45
152,bc994c242eeac5db55f81cd1,M25,0,9.1,11.5048569466,20
152,bc994c242eeac5db55f81cd1,M26,0,6.91,10.82943939,20
152,bc994c242eeac5db55f81cd1,M27,0,8.99,12.3311528793,30
152,bc994c242eeac5db55f81cd1,M28,0,7.45,10.7698570704,30
152,bc994c242eeac5db55f81cd1,M29,0,8.51,12.2178081358,30
152,bc994c242eeac5db55f81cd1,M30,0,4.89,7.81391676913,21
153,dd846ae5b622e8b2e6c71cac,M01,2,8.95,8.85398642382,10
153,dd846ae5b622e8b2e6c71cac,M02,2,11.53,12.2606404402,15
153,dd846ae5b622e8b2e6c71cac,M03,2,13.76,13.5444801646,21
153,dd846ae5b622e8b2e6c71cac,M04,2,12.75,13.2992551478,21
153,dd846ae5b622e8b2e6c71cac,M05,2,12.98,13.3431209652,21
153,dd846ae5b622e8b2e6c71cac,M06,2,16.68,16.7949846299,21
153,dd846ae5b622e8b2e6c71cac,M07,2,19.41,19.8851694977,30
153,dd846ae5b622e8b2e6c71cac,M08,2,23.51,23.5221659789,30
153,dd846ae5b622e8b2e6c71cac,M09,2,22.16,22.8197851465,30
153,dd846ae5b622e8b2e6c71cac,M10,2,25.04,24.2183741349,30
153,dd846ae5b622e8b2e6c71cac,M11,2,24.16,24.1680080475,30
153,dd846ae5b622e8b2e6c71cac,M12,2,34.85,36.9963180046,45
153,dd846ae5b622e8b2e6c71cac,M13,2,37.07,37.1690826111,60
153,dd846ae5b622e8b2e6c71cac,M14,2,34.06,36.6779940446,60
153,dd846ae5b622e8b2e6c71cac,M15,2,37.26,37.2741049318,60
153,dd846ae5b622e8b2e6c71cac,M16,2,66.41,65.7087859609,100
153,dd846ae5b622e8b2e6c71cac,M17,2,9.14,9.02108303938,14
153,dd846ae5b622e8b2e6c71cac,M18,2,13.05,13.1551027491,21
153,dd846ae5b622e8b2e6c71cac,M19,2,12.93,12.7564272988,21
153,dd846ae5b622e8b2e6c71cac,M20,2,14.51,14.2181632107,20
153,dd846ae5b622e8b2e6c71cac,M21,2,11.65,12.2533898596,21
153,dd846ae5b622e8b2e6c71cac,M22,2,31.02,28.2095283085,45
153,dd846ae5b622e8b2e6c71cac,M23,2,27.15,26.3276980767,45
153,dd846ae5b622e8b2e6c71cac,M24,2,31.78,28.1688275917,45
153,dd846ae5b622e8b2e6c71cac,M25,2,16.54,16.66886654,20
153,dd846ae5b622e8b2e6c71cac,M26,2,15.2,16.0207429198,20
153,dd846ae5b622e8b2e6c71cac,M27,2,21.29,22.0211658119,30
153,dd846ae5b622e8b2e6c71cac,M28,2,19.49,21.3632580269,30
153,dd846ae5b622e8b2e6c71cac,M29,2,21.08,21.927264673,30
153,dd846ae5b622e8b2e6c71cac,M30,2,13.82,13.5637257173,21
154,f3706234c543da48bc5c0106,M01,0,8.35,7.85016008628,10
154,f3706234c543da48bc5c0106,M02,0,11.09,10.2393221991,15
154,f3706234c543da48bc5c0106,M03,0,12.89,11.1509673699,21
154,f3706234c543da48bc5c0106,M04,0,11.84,10.5602482099,21
154,f3706234c543da48bc5c0106,M05,0,12.05,10.6049578775,21
154,f3706234c543da48bc5c0106,M06,0,15.58,14.2360625361,21
154,f3706234c543da48bc5c0106,M07,0,18.06,16.075510771,30
154,f3706234c543da48bc5c0106,M08,0,22.3,20.2060343165,30
154,f3706234c543da48bc5c0106,M09,0,20.84,19.1851648631,30
154,f3706234c543da48bc5c0106,M10,0,23.86,21.0590403748,30
154,f3706234c543da48bc5c0106,M11,0,23.07,20.727013877,30
154,f3706234c543da48bc5c0106,M12,0,32.72,29.4095711676,45
154,f3706234c543da48bc5c0106,M13,0,34.01,29.4535508388,60
154,f3706234c543da48bc5c0106,M14,0,30.82,27.1970334493,60
154,f3706234c543da48bc5c0106,M15,0,34.8,29.576232625,60
154,f3706234c543da48bc5c0106,M16,0,63.16,58.9090497449,100
154,f3706234c543da48bc5c0106,M17,0,8.68,7.88885489142,14
154,f3706234c543da48bc5c0106,M18,0,12.22,10.6655865946,21
154,f3706234c543da48bc5c0106,M19,0,11.65,9.76670149895,21
154,f3706234c543da48bc5c0106,M20,0,13.36,12.0631815145,20
154,f3706234c543da48bc5c0106,M21,0,10.59,9.38035510169,21
154,f3706234c543da48bc5c0106,M22,0,27.86,23.1607324456,45
154,f3706234c543da48bc5c0106,M23,0,24.31,20.2251384696,45
154,f3706234c543da48bc5c0106,M24,0,27.94,23.6670995051,45
154,f3706234c543da48bc5c0106,M25,0,15.83,14.7444865577,20
154,f3706234c543da48bc5c0106,M26,0,14.59,13.8366400123,20
154,f3706234c543da48bc5c0106,M27,0,20,18.2522323417,30
154,f3706234c543da48bc5c0106,M28,0,18.18,16.6646959882,30
154,f3706234c543da48bc5c0106,M29,0,20.12,18.194967302,30
154,f3706234c543da48bc5c0106,M30,0,12.93,11.2501072895,21
155,8109b130d7942e795d77baa7,M01,1,6.14,6.42150956944,10
155,8109b130d7942e795d77baa7,M02,1,8.67,8.37143426906,15
155,8109b130d7942e795d77baa7,M03,1,7.79,8.27938587632,21
155,8109b130d7942e795d77baa7,M04,1,7.65,7.93945811966,21
155,8109b130d7942e795d77baa7,M05,1,7.19,7.69145510679,21
155,8109b130d7942e795d77baa7,M06,1,9.86,10.4657428226,21
155,8109b130d7942e795d77baa7,M07,1,11.24,11.0324973079,30
155,8109b130d7942e795d77baa7,M08,1,15.24,15.6024861307,30
155,8109b130d7942e795d77baa7,M09,1,13.77,15.0439172759,30
155,8109b130d7942e795d77baa7,M10,1,16.85,16.2753374184,30
155,8109b130d7942e795d77baa7,M11,1,15.61,15.8105341581,30
155,8109b130d7942e795d77baa7,M12,1,20.33,19.8432517353,45
155,8109b130d7942e795d77baa7,M13,1,18.57,19.3718282997,60
155,8109b130d7942e795d77baa7,M14,1,15.5,17.681733821,60
155,8109b130d7942e795d77baa7,M15,1,20,19.7871043101,60
155,8109b130d7942e795d77baa7,M16,1,42.03,38.9726368333,100
155,8109b130d7942e795d77baa7,M17,1,5.85,6.26845814089,14
155,8109b130d7942e795d77baa7,M18,1,7.91,8.06659843743,21
155,8109b130d7942e795d77baa7,M19,1,6.43,6.67053061466,21
155,8109b130d7942e795d77baa7,M20,1,9.56,8.55666203064,20
155,8109b130d7942e795d77baa7,M21,1,6.67,6.64260282227,21
155,8109b130d7942e795d77baa7,M22,1,15.22,14.4739395034,45
155,8109b130d7942e795d77baa7,M23,1,12.26,11.8323554143,45
155,8109b130d7942e795d77baa7,M24,1,18.18,14.5290853566,45
155,8109b130d7942e795d77baa7,M25,1,12.21,12.2135223528,20
155,8109b130d7942e795d77baa7,M26,1,10.93,11.2141778364,20
155,8109b130d7942e795d77baa7,M27,1,12.87,13.9943414597,30
155,8109b130d7942e795d77baa7,M28,1,11.02,11.6576857019,30
155,8109b130d7942e795d77baa7,M29,1,13.37,14.0690136782,30
155,8109b130d7942e795d77baa7,M30,1,7.66,8.26596105691,21
156,3104d8d880d3cd06ac46bd0b,M01,0,7.63,6.84872067305,10
156,3104d8d880d3cd06ac46bd0b,M02,0,10.16,8.92568298639,15
156,3104d8d880d3cd06ac46bd0b,M03,0,10.98,8.97089768504,21
156,3104d8d880d3cd06ac46bd0b,M04,0,10.1,8.33500019456,21
156,3104d8d880d3cd06ac46bd0b,M05,0,10.2,8.28632008891,21
156,3104d8d880d3cd06ac46bd0b,M06,0,13.68,11.0509812316,21
156,3104d8d880d3cd06ac46bd0b,M07,0,15.16,11.8716570629,30
156,3104d8d880d3cd06ac46bd0b,M08,0,19.53,16.4764594726,30
156,3104d8d880d3cd06ac46bd0b,M09,0,18.29,16.1313916322,30
156,3104d8d880d3cd06ac46bd0b,M10,0,21.14,16.9708606527,30
156,3104d8d880d3cd06ac46bd0b,M11,0,20.3,16.7621340475,30
156,3104d8d880d3cd06ac46bd0b,M12,0,28.01,21.9227372308,45
156,3104d8d880d3cd06ac46bd0b,M13,0,28.67,21.542260467,60
156,3104d8d880d3cd06ac46bd0b,M14,0,25.1,21.0306807018,60
156,3104d8d880d3cd06ac46bd0b,M15,0,28.78,21.8645719229,60
156,3104d8d880d3cd06ac46bd0b,M16,0,57.3,43.4580483746,100
156,3104d8d880d3cd06ac46bd0b,M17,0,7.49,6.57798469235,14
156,3104d8d880d3cd06ac46bd0b,M18,0,10.16,8.44342104508,21
156,3104d8d880d3cd06ac46bd0b,M19,0,9.5,6.74493764733,21
156,3104d8d880d3cd06ac46bd0b,M20,0,9.76,9.27611828937,20
156,3104d8d880d3cd06ac46bd0b,M21,0,7.1,6.69459656072,21
156,3104d8d880d3cd06ac46bd0b,M22,0,16.62,14.5973148129,45
156,3104d8d880d3cd06ac46bd0b,M23,0,17.25,13.7222519394,45
156,3104d8d880d3cd06ac46bd0b,M24,0,17.13,14.6134264768,45
156,3104d8d880d3cd06ac46bd0b,M25,0,14.75,13.1401705145,20
156,3104d8d880d3cd06ac46bd0b,M26,0,13.47,12.6377957659,20
156,3104d8d880d3cd06ac46bd0b,M27,0,17.78,15.4001506736,30
156,3104d8d880d3cd06ac46bd0b,M28,0,15.82,14.5043046304,30
156,3104d8d880d3cd06ac46bd0b,M29,0,17.69,15.3973280193,30
156,3104d8d880d3cd06ac46bd0b,M30,0,11.07,9.05990434011,21
157,bd2b46e5d8d336def30a4873,M01,1,7.44,7.31657459284,10
157,bd2b46e5d8d336def30a4873,M02,1,9.88,9.65739840163,15
157,bd2b46e5d8d336def30a4873,M03,1,10.44,9.70155528953,21
157,bd2b46e5d8d336def30a4873,M04,1,9.54,9.54771261985,21
157,bd2b46e5d8d336def30a4873,M05,1,9.47,9.53290351757,21
157,bd2b46e5d8d336def30a4873,M06,1,13.03,13.1921806045,21
157,bd2b46e5d8d336def30a4873,M07,1,14.31,14.2189771295,30
157,bd2b46e5d8d336def30a4873,M08,1,18.7,18.3303219507,30
157,bd2b46e5d8d336def30a4873,M09,1,17.44,17.6893511892,30
157,bd2b46e5d8d336def30a4873,M10,1,20.34,18.8196747314,30
157,bd2b46e5d8d336def30a4873,M11,1,19.35,18.4613198739,30
157,bd2b46e5d8d336def30a4873,M12,1,26.64,26.7567951819,45
157,bd2b46e5d8d336def30a4873,M13,1,26.81,26.6199844678,60
157,bd2b46e5d8d336def30a4873,M14,1,23.06,24.4764083515,60
157,bd2b46e5d8d336def30a4873,M15,1,27.07,26.7855381617,60
157,bd2b46e5d8d336def30a4873,M16,1,55.15,56.0861543173,100
157,bd2b46e5d8d336def30a4873,M17,1,7.28,7.33546013578,14
157,bd2b46e5d8d336def30a4873,M18,1,10.1,9.61319224506,21
157,bd2b46e5d8d336def30a4873,M19,1,8.11,8.13534941645,21
157,bd2b46e5d8d336def30a4873,M20,1,10.53,10.2803154894,20
157,bd2b46e5d8d336def30a4873,M21,1,7.59,8.07345088386,21
157,bd2b46e5d8d336def30a4873,M22,1,18.39,17.9102691916,45
157,bd2b46e5d8d336def30a4873,M23,1,15.53,16.1716582345,45
157,bd2b46e5d8d336def30a4873,M24,1,18.86,18.1599156289,45
157,bd2b46e5d8d336def30a4873,M25,1,14.35,13.6133319803,20
157,bd2b46e5d8d336def30a4873,M26,1,13,12.9678902965,20
157,bd2b46e5d8d336def30a4873,M27,1,16.94,15.7833922611,30
157,bd2b46e5d8d336def30a4873,M28,1,14.83,14.5741232666,30
157,bd2b46e5d8d336def30a4873,M29,1,16.87,15.7213938379,30
157,bd2b46e5d8d336def30a4873,M30,1,10.42,9.73391304855,21
158,3fd88639055c4f90157ae592,M01,4,8.32,7.62040312058,10
158,3fd88639055c4f90157ae592,M02,4,10.99,10.493984833,15
158,3fd88639055c4f90157ae592,M03,4,12.7,10.7957968041,21
158,3fd88639055c4f90157ae592,M04,4,11.65,10.5016106306,21
158,3fd88639055c4f90157ae592,M05,4,11.86,10.525104303,21
158,3fd88639055c4f90157ae592,M06,4,15.67,13.9361472924,21
158,3fd88639055c4f90157ae592,M07,4,17.75,15.349331048,30
158,3fd88639055c4f90157ae592,M08,4,22.02,19.9529001253,30
158,3fd88639055c4f90157ae592,M09,4,20.58,19.0068011295,30
158,3fd88639055c4f90157ae592,M10,4,23.59,20.5505664008,30
158,3fd88639055c4f90157ae592,M11,4,22.87,20.2871610441,30
158,3fd88639055c4f90157ae592,M12,4,32.47,28.8471509869,45
158,3fd88639055c4f90157ae592,M13,4,33.88,28.8786770379,60
158,3fd88639055c4f90157ae592,M14,4,30.62,25.9338701743,60
158,3fd88639055c4f90157ae592,M15,4,34.33,28.9303505154,60
158,3fd88639055c4f90157ae592,M16,4,63,58.6448339207,100
158,3fd88639055c4f90157ae592,M17,4,8.59,7.64732293308,14
158,3fd88639055c4f90157ae592,M18,4,12.06,10.5226516526,21
158,3fd88639055c4f90157ae592,M19,4,11.55,9.4312118235,21
158,3fd88639055c4f90157ae592,M20,4,13.52,11.6887013427,20
158,3fd88639055c4f90157ae592,M21,4,10.65,9.29560378338,21
158,3fd88639055c4f90157ae592,M22,4,27.95,22.1165471815,45
158,3fd88639055c4f90157ae592,M23,4,24.2,19.5720730467,45
158,3fd88639055c4f90157ae592,M24,4,28.58,22.5118156231,45
158,3fd88639055c4f90157ae592,M25,4,15.81,14.4702425357,20
158,3fd88639055c4f90157ae592,M26,4,14.55,13.6152521432,20
158,3fd88639055c4f90157ae592,M27,4,19.79,17.7049359269,30
158,3fd88639055c4f90157ae592,M28,4,18.1,15.9690619001,30
158,3fd88639055c4f90157ae592,M29,4,19.97,17.571063703,30
158,3fd88639055c4f90157ae592,M30,4,12.74,10.8468143939,21
159,7953ee787848eada3b125164,M01,3,5.16,4.7973814186,10
159,7953ee787848eada3b125164,M02,3,6.25,6.04662634967,15
159,7953ee787848eada3b125164,M03,3,5.25,5.35536769154,21
159,7953ee787848eada3b125164,M04,3,5.04,5.0763559937,21
159,7953ee787848eada3b125164,M05,3,4.89,4.84825500024,21
159,7953ee787848eada3b125164,M06,3,6.71,7.17398976304,21
159,7953ee787848eada3b125164,M07,3,6.78,6.79513261947,30
159,7953ee787848eada3b125164,M08,3,9.04,9.51862093337,30
159,7953ee787848eada3b125164,M09,3,7.99,8.73091221936,30
159,7953ee787848eada3b125164,M10,3,10.48,9.85440065611,30
159,7953ee787848eada3b125164,M11,3,9.55,9.30949800383,30
159,7953ee787848eada3b125164,M12,3,11.15,10.3824408752,45
159,7953ee787848eada3b125164,M13,3,12.88,10.2415911033,60
159,7953ee787848eada3b125164,M14,3,10.86,9.28763477871,60
159,7953ee787848eada3b125164,M15,3,12.73,10.3599913616,60
159,7953ee787848eada3b125164,M16,3,26.84,22.6814006772,100
159,7953ee787848eada3b125164,M17,3,3.28,3.55196012612,14
159,7953ee787848eada3b125164,M18,3,5.38,5.19814486178,21
159,7953ee787848eada3b125164,M19,3,4.59,4.78300691613,21
159,7953ee787848eada3b125164,M20,3,5.68,6.1699294964,20
159,7953ee787848eada3b125164,M21,3,4.56,4.73135686681,21
159,7953ee787848eada3b125164,M22,3,8.58,8.6312660157,45
159,7953ee787848eada3b125164,M23,3,7.12,7.73081950245,45
159,7953ee787848eada3b125164,M24,3,8.05,8.50456516088,45
159,7953ee787848eada3b125164,M25,3,12.43,8.83037230902,20
159,7953ee787848eada3b125164,M26,3,10.98,8.22575611961,20
159,7953ee787848eada3b125164,M27,3,12.95,9.26744097276,30
159,7953ee787848eada3b125164,M28,3,10.91,8.28576181448,30
159,7953ee787848eada3b125164,M29,3,12.93,9.18111356971,30
159,7953ee787848eada3b125164,M30,3,7.82,5.45420836656,21
160,2673245c3e0a30a5c3e96d57,M01,0,4.87,5.0156403532,10
160,2673245c3e0a30a5c3e96d57,M02,0,6.15,6.51990048956,15
160,2673245c3e0a30a5c3e96d57,M03,0,5.16,5.44080813335,21
160,2673245c3e0a30a5c3e96d57,M04,0,4.94,5.19041828474,21
160,2673245c3e0a30a5c3e96d57,M05,0,4.8,5.02590712116,21
160,2673245c3e0a30a5c3e96d57,M06,0,6.58,7.21024007041,21
160,2673245c3e0a30a5c3e96d57,M07,0,6.67,7.09079717094,30
160,2673245c3e0a30a5c3e96d57,M08,0,8.81,9.73524110539,30
160,2673245c3e0a30a5c3e96d57,M09,0,7.65,8.76641873844,30
160,2673245c3e0a30a5c3e96d57,M10,0,10.24,10.0163581403,30
160,2673245c3e0a30a5c3e96d57,M11,0,9.26,9.42507283431,30
160,2673245c3e0a30a5c3e96d57,M12,0,10.82,10.8383222881,45
160,2673245c3e0a30a5c3e96d57,M13,0,10.61,10.7160831741,60
160,2673245c3e0a30a5c3e96d57,M14,0,10.47,9.85282652456,60
160,2673245c3e0a30a5c3e96d57,M15,0,8.54,10.8534046502,60
160,2673245c3e0a30a5c3e96d57,M16,0,18.83,25.5591912236,100
160,2673245c3e0a30a5c3e96d57,M17,0,3.03,3.54771293218,14
160,2673245c3e0a30a5c3e96d57,M18,0,5.26,5.26134554898,21
160,2673245c3e0a30a5c3e96d57,M19,0,4.55,4.89123537522,21
160,2673245c3e0a30a5c3e96d57,M20,0,5.56,6.5232986471,20
160,2673245c3e0a30a5c3e96d57,M21,0,4.52,4.85255348541,21
160,2673245c3e0a30a5c3e96d57,M22,0,8.71,8.97166214874,45
160,2673245c3e0a30a5c3e96d57,M23,0,7.46,8.05738938837,45
160,2673245c3e0a30a5c3e96d57,M24,0,8.52,8.83197092337,45
160,2673245c3e0a30a5c3e96d57,M25,0,9.75,9.65484265641,20
160,2673245c3e0a30a5c3e96d57,M26,0,8.16,8.86015752869,20
160,2673245c3e0a30a5c3e96d57,M27,0,8.94,9.65109751973,30
160,2673245c3e0a30a5c3e96d57,M28,0,7.63,8.54560891126,30
160,2673245c3e0a30a5c3e96d57,M29,0,8.84,9.61646791195,30
160,2673245c3e0a30a5c3e96d57,M30,0,5.68,5.66013956863,21
161,cf53cfefe4d6fe2f0d464145,M01,4,6.99,7.51381301868,10
161,cf53cfefe4d6fe2f0d464145,M02,4,9.35,10.4761411025,15
161,cf53cfefe4d6fe2f0d464145,M03,4,9.44,10.7277219663,21
161,cf53cfefe4d6fe2f0d464145,M04,4,8.57,10.3574036058,21
161,cf53cfefe4d6fe2f0d464145,M05,4,8.45,10.3842988592,21
161,cf53cfefe4d6fe2f0d464145,M06,4,11.86,13.6048746794,21
161,cf53cfefe4d6fe2f0d464145,M07,4,12.83,15.0457298773,30
161,cf53cfefe4d6fe2f0d464145,M08,4,17.21,19.6476087265,30
161,cf53cfefe4d6fe2f0d464145,M09,4,15.96,18.5564878118,30
161,cf53cfefe4d6fe2f0d464145,M10,4,18.82,20.3822247224,30
161,cf53cfefe4d6fe2f0d464145,M11,4,17.84,20.0630180633,30
161,cf53cfefe4d6fe2f0d464145,M12,4,24.23,27.91211732,45
161,cf53cfefe4d6fe2f0d464145,M13,4,23.8,27.9005920432,60
161,cf53cfefe4d6fe2f0d464145,M14,4,20.18,24.9853761216,60
161,cf53cfefe4d6fe2f0d464145,M15,4,23.97,27.9518367595,60
161,cf53cfefe4d6fe2f0d464145,M16,4,51.53,56.2097870014,100
161,cf53cfefe4d6fe2f0d464145,M17,4,6.67,7.52296818013,14
161,cf53cfefe4d6fe2f0d464145,M18,4,9.19,10.4425402644,21
161,cf53cfefe4d6fe2f0d464145,M19,4,6.67,8.45727947684,21
161,cf53cfefe4d6fe2f0d464145,M20,4,9.11,10.7787049947,20
161,cf53cfefe4d6fe2f0d464145,M21,4,6.42,8.34967226605,21
161,cf53cfefe4d6fe2f0d464145,M22,4,14.55,20.1414165441,45
161,cf53cfefe4d6fe2f0d464145,M23,4,12.41,18.026556537,45
161,cf53cfefe4d6fe2f0d464145,M24,4,14.74,20.2561003452,45
161,cf53cfefe4d6fe2f0d464145,M25,4,13.66,14.3421657931,20
161,cf53cfefe4d6fe2f0d464145,M26,4,12.34,13.4339324152,20
161,cf53cfefe4d6fe2f0d464145,M27,4,15.57,17.613087494,30
161,cf53cfefe4d6fe2f0d464145,M28,4,13.51,15.6277135143,30
161,cf53cfefe4d6fe2f0d464145,M29,4,15.46,17.5917693426,30
161,cf53cfefe4d6fe2f0d464145,M30,4,9.42,10.7913591177,21
162,bbde6b2455ce1854559c6709,M01,1,7.34,6.82119526071,10
162,bbde6b2455ce1854559c6709,M02,1,9.73,8.57895198558,15
162,bbde6b2455ce1854559c6709,M03,1,10.16,8.53980177651,21
162,bbde6b2455ce1854559c6709,M04,1,9.35,8.43130764352,21
162,bbde6b2455ce1854559c6709,M05,1,9.19,8.42151234101,21
162,bbde6b2455ce1854559c6709,M06,1,12.73,12.109453851,21
162,bbde6b2455ce1854559c6709,M07,1,13.91,13.0428541342,30
162,bbde6b2455ce1854559c6709,M08,1,18.31,14.7699553916,30
162,bbde6b2455ce1854559c6709,M09,1,17.24,14.3745037495,30
162,bbde6b2455ce1854559c6709,M10,1,19.92,15.1208511494,30
162,bbde6b2455ce1854559c6709,M11,1,18.99,14.7946614209,30
162,bbde6b2455ce1854559c6709,M12,1,26.21,22.5084843867,45
162,bbde6b2455ce1854559c6709,M13,1,26.08,22.3428765422,60
162,bbde6b2455ce1854559c6709,M14,1,22.57,20.9902052216,60
162,bbde6b2455ce1854559c6709,M15,1,26.51,22.5406216103,60
162,bbde6b2455ce1854559c6709,M16,1,54.3,51.571355798,100
162,bbde6b2455ce1854559c6709,M17,1,7.13,6.81572405436,14
162,bbde6b2455ce1854559c6709,M18,1,9.97,8.48623193562,21
162,bbde6b2455ce1854559c6709,M19,1,7.21,7.02480278368,21
162,bbde6b2455ce1854559c6709,M20,1,9.66,9.67950636368,20
162,bbde6b2455ce1854559c6709,M21,1,6.9,6.97817414217,21
162,bbde6b2455ce1854559c6709,M22,1,15.93,14.1081964414,45
162,bbde6b2455ce1854559c6709,M23,1,13.56,13.3666048655,45
162,bbde6b2455ce1854559c6709,M24,1,16.19,14.0471865976,45
162,bbde6b2455ce1854559c6709,M25,1,14.26,12.5420245833,20
162,bbde6b2455ce1854559c6709,M26,1,12.91,12.0899309681,20
162,bbde6b2455ce1854559c6709,M27,1,16.69,14.3651782589,30
162,bbde6b2455ce1854559c6709,M28,1,14.58,13.4650241827,30
162,bbde6b2455ce1854559c6709,M29,1,16.51,14.234102435,30
162,bbde6b2455ce1854559c6709,M30,1,10.14,8.58185602737,21
163,bbde6b2455ce1854559c6709,M01,1,7.34,6.82119526071,10
163,bbde6b2455ce1854559c6709,M02,1,9.79,8.57895198558,15
163,bbde6b2455ce1854559c6709,M03,1,10.25,8.53980177651,21
163,bbde6b2455ce1854559c6709,M04,1,9.4,8.43130764352,21
163,bbde6b2455ce1854559c6709,M05,1,9.31,8.42151234101,21
163,bbde6b2455ce1854559c6709,M06,1,12.81,12.109453851,21
163,bbde6b2455ce1854559c6709,M07,1,14.04,13.0428541342,30
163,bbde6b2455ce1854559c6709,M08,1,18.44,14.7699553916,30
163,bbde6b2455ce1854559c6709,M09,1,17.24,14.3745037495,30
163,bbde6b2455ce1854559c6709,M10,1,20.06,15.1208511494,30
163,bbde6b2455ce1854559c6709,M11,1,19.12,14.7946614209,30
163,bbde6b2455ce1854559c6709,M12,1,26.21,22.5084843867,45
163,bbde6b2455ce1854559c6709,M13,1,26.31,22.3428765422,60
163,bbde6b2455ce1854559c6709,M14,1,22.57,20.9902052216,60
163,bbde6b2455ce1854559c6709,M15,1,26.51,22.5406216103,60
163,bbde6b2455ce1854559c6709,M16,1,54.55,51.571355798,100
163,bbde6b2455ce1854559c6709,M17,1,7.19,6.81572405436,14
163,bbde6b2455ce1854559c6709,M18,1,9.98,8.48623193562,21
163,bbde6b2455ce1854559c6709,M19,1,8.04,7.02480278368,21
163,bbde6b2455ce1854559c6709,M20,1,10.46,9.67950636368,20
163,bbde6b2455ce1854559c6709,M21,1,7.6,6.97817414217,21
163,bbde6b2455ce1854559c6709,M22,1,18.19,14.1081964414,45
163,bbde6b2455ce1854559c6709,M23,1,15.37,13.3666048655,45
163,bbde6b2455ce1854559c6709,M24,1,18.66,14.0471865976,45
163,bbde6b2455ce1854559c6709,M25,1,14.26,12.5420245833,20
163,bbde6b2455ce1854559c6709,M26,1,12.91,12.0899309681,20
163,bbde6b2455ce1854559c6709,M27,1,16.69,14.3651782589,30
163,bbde6b2455ce1854559c6709,M28,1,14.58,13.4650241827,30
163,bbde6b2455ce1854559c6709,M29,1,16.66,14.234102435,30
163,bbde6b2455ce1854559c6709,M30,1,10.25,8.58185602737,21
164,2f5f0ba7541c2228903defab,M01,1,7.08,7.03253672142,10
164,2f5f0ba7541c2228903defab,M02,1,9.44,9.56168049493,15
164,2f5f0ba7541c2228903defab,M03,1,9.6,9.55314392856,21
164,2f5f0ba7541c2228903defab,M04,1,8.77,9.24379058346,21
164,2f5f0ba7541c2228903defab,M05,1,8.8,9.23534824185,21
164,2f5f0ba7541c2228903defab,M06,1,12.11,12.752954965,21
164,2f5f0ba7541c2228903defab,M07,1,13.06,13.4340647883,30
164,2f5f0ba7541c2228903defab,M08,1,17.41,17.9333616308,30
164,2f5f0ba7541c2228903defab,M09,1,16.18,17.2216752004,30
164,2f5f0ba7541c2228903defab,M10,1,19.08,18.5021426875,30
164,2f5f0ba7541c2228903defab,M11,1,18.2,18.0198870272,30
164,2f5f0ba7541c2228903defab,M12,1,24.47,23.9727894593,45
164,2f5f0ba7541c2228903defab,M13,1,24.45,23.5076796486,60
164,2f5f0ba7541c2228903defab,M14,1,20.81,21.8100363381,60
164,2f5f0ba7541c2228903defab,M15,1,24.37,23.9662227926,60
164,2f5f0ba7541c2228903defab,M16,1,52.34,51.4362432087,100
164,2f5f0ba7541c2228903defab,M17,1,6.89,7.04033957723,14
164,2f5f0ba7541c2228903defab,M18,1,9.37,9.35289357971,21
164,2f5f0ba7541c2228903defab,M19,1,8.64,7.86874210646,21
164,2f5f0ba7541c2228903defab,M20,1,11.02,10.1126748934,20
164,2f5f0ba7541c2228903defab,M21,1,8.25,7.83302271233,21
164,2f5f0ba7541c2228903defab,M22,1,20.14,17.3364503182,45
164,2f5f0ba7541c2228903defab,M23,1,17.03,15.733046037,45
164,2f5f0ba7541c2228903defab,M24,1,20.58,17.6024319486,45
164,2f5f0ba7541c2228903defab,M25,1,13.86,13.2403130789,20
164,2f5f0ba7541c2228903defab,M26,1,12.51,12.7928546277,20
164,2f5f0ba7541c2228903defab,M27,1,15.91,15.5733591531,30
164,2f5f0ba7541c2228903defab,M28,1,13.84,14.3095892931,30
164,2f5f0ba7541c2228903defab,M29,1,15.74,15.4812963611,30
164,2f5f0ba7541c2228903defab,M30,1,9.62,9.55777100216,21
165,ea2b62de5e4c4a4dd0b95da6,M01,1,8.36,7.71344021382,10
165,ea2b62de5e4c4a4dd0b95da6,M02,1,11.08,10.144285235,15
165,ea2b62de5e4c4a4dd0b95da6,M03,1,12.92,10.9420525076,21
165,ea2b62de5e4c4a4dd0b95da6,M04,1,11.78,10.4651261185,21
165,ea2b62de5e4c4a4dd0b95da6,M05,1,12.01,10.5039683846,21
165,ea2b62de5e4c4a4dd0b95da6,M06,1,15.59,14.1090846128,21
165,ea2b62de5e4c4a4dd0b95da6,M07,1,18.11,15.7257351924,30
165,ea2b62de5e4c4a4dd0b95da6,M08,1,22.35,19.9273827115,30
165,ea2b62de5e4c4a4dd0b95da6,M09,1,20.77,19.0634694278,30
165,ea2b62de5e4c4a4dd0b95da6,M10,1,23.88,20.8583044388,30
165,ea2b62de5e4c4a4dd0b95da6,M11,1,22.89,20.5344287298,30
165,ea2b62de5e4c4a4dd0b95da6,M12,1,32.81,28.612042536,45
165,ea2b62de5e4c4a4dd0b95da6,M13,1,34.12,28.5971798454,60
165,ea2b62de5e4c4a4dd0b95da6,M14,1,30.96,26.4826139893,60
165,ea2b62de5e4c4a4dd0b95da6,M15,1,34.84,28.7374102383,60
165,ea2b62de5e4c4a4dd0b95da6,M16,1,63.27,58.4180653821,100
165,ea2b62de5e4c4a4dd0b95da6,M17,1,8.61,7.76623398454,14
165,ea2b62de5e4c4a4dd0b95da6,M18,1,12.15,10.5613400359,21
165,ea2b62de5e4c4a4dd0b95da6,M19,1,11.54,9.58335273652,21
165,ea2b62de5e4c4a4dd0b95da6,M20,1,13.31,11.63428735,20
165,ea2b62de5e4c4a4dd0b95da6,M21,1,10.48,9.28123846105,21
165,ea2b62de5e4c4a4dd0b95da6,M22,1,27.28,21.7763050185,45
165,ea2b62de5e4c4a4dd0b95da6,M23,1,23.75,19.5167809677,45
165,ea2b62de5e4c4a4dd0b95da6,M24,1,28.12,22.4153627973,45
165,ea2b62de5e4c4a4dd0b95da6,M25,1,15.83,14.5938030989,20
165,ea2b62de5e4c4a4dd0b95da6,M26,1,14.59,13.7070553173,20
165,ea2b62de5e4c4a4dd0b95da6,M27,1,20.02,17.8360573,30
165,ea2b62de5e4c4a4dd0b95da6,M28,1,18.23,16.2119708578,30
165,ea2b62de5e4c4a4dd0b95da6,M29,1,20.15,17.8295652567,30
165,ea2b62de5e4c4a4dd0b95da6,M30,1,12.96,10.9687665158,21
166,85cf5990e92211843a2bfe23,M01,1,7.64,7.55154058878,10
166,85cf5990e92211843a2bfe23,M02,1,10.25,10.1854664554,15
166,85cf5990e92211843a2bfe23,M03,1,11.25,10.9037275031,21
166,85cf5990e92211843a2bfe23,M04,1,10.33,10.4602577098,21
166,85cf5990e92211843a2bfe23,M05,1,10.44,10.4806763703,21
166,85cf5990e92211843a2bfe23,M06,1,13.91,13.64211977,21
166,85cf5990e92211843a2bfe23,M07,1,15.59,14.7084723595,30
166,85cf5990e92211843a2bfe23,M08,1,19.95,19.9833930777,30
166,85cf5990e92211843a2bfe23,M09,1,18.67,19.2309318367,30
166,85cf5990e92211843a2bfe23,M10,1,21.54,20.7521782939,30
166,85cf5990e92211843a2bfe23,M11,1,20.68,20.5027878406,30
166,85cf5990e92211843a2bfe23,M12,1,28.8,29.6631621945,45
166,85cf5990e92211843a2bfe23,M13,1,29.56,29.8454533745,60
166,85cf5990e92211843a2bfe23,M14,1,26.23,27.8554877447,60
166,85cf5990e92211843a2bfe23,M15,1,29.69,29.9608910088,60
166,85cf5990e92211843a2bfe23,M16,1,58.33,58.088065915,100
166,85cf5990e92211843a2bfe23,M17,1,7.82,7.60561828897,14
166,85cf5990e92211843a2bfe23,M18,1,10.85,10.4959999563,21
166,85cf5990e92211843a2bfe23,M19,1,10.24,9.31262213474,21
166,85cf5990e92211843a2bfe23,M20,1,12.43,10.8541049618,20
166,85cf5990e92211843a2bfe23,M21,1,9.69,9.06686619084,21
166,85cf5990e92211843a2bfe23,M22,1,24.53,22.0540755564,45
166,85cf5990e92211843a2bfe23,M23,1,21.23,19.745088767,45
166,85cf5990e92211843a2bfe23,M24,1,24.95,21.9935932228,45
166,85cf5990e92211843a2bfe23,M25,1,14.83,13.9483822146,20
166,85cf5990e92211843a2bfe23,M26,1,13.6,13.3690720702,20
166,85cf5990e92211843a2bfe23,M27,1,18.05,16.4614706707,30
166,85cf5990e92211843a2bfe23,M28,1,16.16,15.3002605288,30
166,85cf5990e92211843a2bfe23,M29,1,17.94,16.4393249467,30
166,85cf5990e92211843a2bfe23,M30,1,11.28,10.9148059158,21
169,38aad91045bd921bbb9277ed,M01,2,5.64,6.20059155808,10
169,38aad91045bd921bbb9277ed,M02,2,7.41,7.38550570434,15
169,38aad91045bd921bbb9277ed,M03,2,6.54,6.94666524306,21
169,38aad91045bd921bbb9277ed,M04,2,6.04,6.81315904035,21
169,38aad91045bd921bbb9277ed,M05,2,5.93,6.75030507255,21
169,38aad91045bd921bbb9277ed,M06,2,8.24,7.64144101712,21
169,38aad91045bd921bbb9277ed,M07,2,8.43,7.66604429234,30
169,38aad91045bd921bbb9277ed,M08,2,11.15,8.92728540549,30
169,38aad91045bd921bbb9277ed,M09,2,9.83,8.58348079171,30
169,38aad91045bd921bbb9277ed,M10,2,13.12,9.10076783029,30
169,38aad91045bd921bbb9277ed,M11,2,12.03,8.78880659412,30
169,38aad91045bd921bbb9277ed,M12,2,13.75,11.4687501773,45
169,38aad91045bd921bbb9277ed,M13,2,13.55,11.6350403038,60
169,38aad91045bd921bbb9277ed,M14,2,10.81,10.8937941909,60
169,38aad91045bd921bbb9277ed,M15,2,13.68,11.7740482497,60
169,38aad91045bd921bbb9277ed,M16,2,26.46,27.9146664107,100
169,38aad91045bd921bbb9277ed,M17,2,4.57,4.91538860444,14
169,38aad91045bd921bbb9277ed,M18,2,6.62,6.8081440413,21
169,38aad91045bd921bbb9277ed,M19,2,5.52,6.20388795463,21
169,38aad91045bd921bbb9277ed,M20,2,7.46,7.19785601899,20
169,38aad91045bd921bbb9277ed,M21,2,5.35,6.16047658434,21
169,38aad91045bd921bbb9277ed,M22,2,10.75,8.54686032057,45
169,38aad91045bd921bbb9277ed,M23,2,8.97,7.73964098229,45
169,38aad91045bd921bbb9277ed,M24,2,10.94,8.62772948979,45
169,38aad91045bd921bbb9277ed,M25,2,11.12,8.25820101012,20
169,38aad91045bd921bbb9277ed,M26,2,9.28,7.68768088277,20
169,38aad91045bd921bbb9277ed,M27,2,10.85,8.36225995166,30
169,38aad91045bd921bbb9277ed,M28,2,8.94,7.53137231388,30
169,38aad91045bd921bbb9277ed,M29,2,10.81,8.41019573532,30
169,38aad91045bd921bbb9277ed,M30,2,6.52,6.89654711683,21
170,17c5451c41ce50a5b92f91d5,M01,0,7.17,8.18178129095,10
170,17c5451c41ce50a5b92f91d5,M02,0,9.62,10.9099441848,15
170,17c5451c41ce50a5b92f91d5,M03,0,10.03,12.6941297631,21
170,17c5451c41ce50a5b92f91d5,M04,0,9.28,11.9488934398,21
170,17c5451c41ce50a5b92f91d5,M05,0,9.32,11.9952936783,21
170,17c5451c41ce50a5b92f91d5,M06,0,12.56,15.1466377194,21
170,17c5451c41ce50a5b92f91d5,M07,0,13.77,16.971429633,30
170,17c5451c41ce50a5b92f91d5,M08,0,18.15,21.5971838054,30
170,17c5451c41ce50a5b92f91d5,M09,0,17.08,20.3212582581,30
170,17c5451c41ce50a5b92f91d5,M10,0,19.75,22.8353159884,30
170,17c5451c41ce50a5b92f91d5,M11,0,19.04,22.5591701943,30
170,17c5451c41ce50a5b92f91d5,M12,0,25.83,32.103164692,45
170,17c5451c41ce50a5b92f91d5,M13,0,25.95,32.792546786,60
170,17c5451c41ce50a5b92f91d5,M14,0,22.49,29.4425283411,60
170,17c5451c41ce50a5b92f91d5,M15,0,26.09,32.889035833,60
170,17c5451c41ce50a5b92f91d5,M16,0,54.2,59.9781194492,100
170,17c5451c41ce50a5b92f91d5,M17,0,7.19,8.312427447,14
170,17c5451c41ce50a5b92f91d5,M18,0,9.87,12.0347231929,21
170,17c5451c41ce50a5b92f91d5,M19,0,8.92,11.0355286066,21
170,17c5451c41ce50a5b92f91d5,M20,0,11.29,12.2246892677,20
170,17c5451c41ce50a5b92f91d5,M21,0,8.57,10.3630278987,21
170,17c5451c41ce50a5b92f91d5,M22,0,21.01,25.3405832971,45
170,17c5451c41ce50a5b92f91d5,M23,0,17.99,22.5005139747,45
170,17c5451c41ce50a5b92f91d5,M24,0,21.47,25.9108965457,45
170,17c5451c41ce50a5b92f91d5,M25,0,14.07,15.3076988091,20
170,17c5451c41ce50a5b92f91d5,M26,0,12.81,14.1699093134,20
170,17c5451c41ce50a5b92f91d5,M27,0,16.45,19.3708613596,30
170,17c5451c41ce50a5b92f91d5,M28,0,14.49,17.3645426754,30
170,17c5451c41ce50a5b92f91d5,M29,0,16.35,19.4005048304,30
170,17c5451c41ce50a5b92f91d5,M30,0,10.05,12.6936173821,21
171,198e5fddcc2aa9ebc444b3a6,M01,4,7.62,7.00296263558,10
171,198e5fddcc2aa9ebc444b3a6,M02,4,10.14,9.50864738057,15
171,198e5fddcc2aa9ebc444b3a6,M03,4,10.85,9.65143270695,21
171,198e5fddcc2aa9ebc444b3a6,M04,4,9.76,9.31702098866,21
171,198e5fddcc2aa9ebc444b3a6,M05,4,9.73,9.32783038692,21
171,198e5fddcc2aa9ebc444b3a6,M06,4,13.45,12.40808938,21
171,198e5fddcc2aa9ebc444b3a6,M07,4,14.88,13.5495306418,30
171,198e5fddcc2aa9ebc444b3a6,M08,4,19.27,18.7222768051,30
171,198e5fddcc2aa9ebc444b3a6,M09,4,17.76,17.6737139443,30
171,198e5fddcc2aa9ebc444b3a6,M10,4,20.94,19.1514655301,30
171,198e5fddcc2aa9ebc444b3a6,M11,4,19.72,18.8958795645,30
171,198e5fddcc2aa9ebc444b3a6,M12,4,27.46,25.2428516338,45
171,198e5fddcc2aa9ebc444b3a6,M13,4,27.7,25.1520679237,60
171,198e5fddcc2aa9ebc444b3a6,M14,4,23.85,22.7117598493,60
171,198e5fddcc2aa9ebc444b3a6,M15,4,28.02,25.2949635279,60
171,198e5fddcc2aa9ebc444b3a6,M16,4,56.08,48.2470878837,100
171,198e5fddcc2aa9ebc444b3a6,M17,4,7.45,6.98168942001,14
171,198e5fddcc2aa9ebc444b3a6,M18,4,10.34,9.43755627187,21
171,198e5fddcc2aa9ebc444b3a6,M19,4,8.55,7.75572944088,21
171,198e5fddcc2aa9ebc444b3a6,M20,4,10.81,10.0489723399,20
171,198e5fddcc2aa9ebc444b3a6,M21,4,7.92,7.71716947951,21
171,198e5fddcc2aa9ebc444b3a6,M22,4,19.36,18.7167770717,45
171,198e5fddcc2aa9ebc444b3a6,M23,4,16.3,16.1007657891,45
171,198e5fddcc2aa9ebc444b3a6,M24,4,19.93,18.8852448594,45
171,198e5fddcc2aa9ebc444b3a6,M25,4,14.68,13.2154161745,20
171,198e5fddcc2aa9ebc444b3a6,M26,4,13.29,12.4965079059,20
171,198e5fddcc2aa9ebc444b3a6,M27,4,17.44,15.9853202592,30
171,198e5fddcc2aa9ebc444b3a6,M28,4,15.28,14.4744076835,30
171,198e5fddcc2aa9ebc444b3a6,M29,4,17.43,16.0356284025,30
171,198e5fddcc2aa9ebc444b3a6,M30,4,10.89,9.66916795854,21
172,7f5e8df8b8eb711b7b25801c,M01,2,7.72,7.5873234151,10
172,7f5e8df8b8eb711b7b25801c,M02,2,10.34,10.0052710884,15
172,7f5e8df8b8eb711b7b25801c,M03,2,11.45,10.3654888064,21
172,7f5e8df8b8eb711b7b25801c,M04,2,10.61,9.94371202139,21
172,7f5e8df8b8eb711b7b25801c,M05,2,10.7,9.99132444829,21
172,7f5e8df8b8eb711b7b25801c,M06,2,14.09,13.7147719408,21
172,7f5e8df8b8eb711b7b25801c,M07,2,15.93,15.2997655449,30
172,7f5e8df8b8eb711b7b25801c,M08,2,20.29,19.3905228458,30
172,7f5e8df8b8eb711b7b25801c,M09,2,19.12,18.4441793836,30
172,7f5e8df8b8eb711b7b25801c,M10,2,21.81,20.1633540029,30
172,7f5e8df8b8eb711b7b25801c,M11,2,20.99,19.9525323012,30
172,7f5e8df8b8eb711b7b25801c,M12,2,29.44,27.0929785979,45
172,7f5e8df8b8eb711b7b25801c,M13,2,30.18,26.9911337049,60
172,7f5e8df8b8eb711b7b25801c,M14,2,26.93,25.3449539196,60
172,7f5e8df8b8eb711b7b25801c,M15,2,30.4,27.1744871227,60
172,7f5e8df8b8eb711b7b25801c,M16,2,59.01,57.8892724525,100
172,7f5e8df8b8eb711b7b25801c,M17,2,7.98,7.65104423421,14
172,7f5e8df8b8eb711b7b25801c,M18,2,11.08,10.0013444306,21
172,7f5e8df8b8eb711b7b25801c,M19,2,9.92,9.1593584177,21
172,7f5e8df8b8eb711b7b25801c,M20,2,12.09,11.5420866622,20
172,7f5e8df8b8eb711b7b25801c,M21,2,9.29,8.90668900433,21
172,7f5e8df8b8eb711b7b25801c,M22,2,23.37,20.9548572787,45
172,7f5e8df8b8eb711b7b25801c,M23,2,20.1,18.2625143948,45
172,7f5e8df8b8eb711b7b25801c,M24,2,23.9,22.2387238457,45
172,7f5e8df8b8eb711b7b25801c,M25,2,14.93,14.212528294,20
172,7f5e8df8b8eb711b7b25801c,M26,2,13.7,13.5274663821,20
172,7f5e8df8b8eb711b7b25801c,M27,2,18.24,17.3629426273,30
172,7f5e8df8b8eb711b7b25801c,M28,2,16.41,15.9429026563,30
172,7f5e8df8b8eb711b7b25801c,M29,2,18.17,17.3950540439,30
172,7f5e8df8b8eb711b7b25801c,M30,2,11.51,10.3847746592,21
173,ad9f97620dab23d56e68f899,M01,2,6.29,4.59079387509,10
173,ad9f97620dab23d56e68f899,M02,2,8.33,5.42054480419,15
173,ad9f97620dab23d56e68f899,M03,2,7.69,4.88903791876,21
173,ad9f97620dab23d56e68f899,M04,2,6.95,4.77225121638,21
173,ad9f97620dab23d56e68f899,M05,2,6.89,4.65645210481,21
173,ad9f97620dab23d56e68f899,M06,2,9.78,7.26028279746,21
173,ad9f97620dab23d56e68f899,M07,2,10.19,7.2754495583,30
173,ad9f97620dab23d56e68f899,M08,2,14.2,9.22661094198,30
173,ad9f97620dab23d56e68f899,M09,2,12.95,8.74154296465,30
173,ad9f97620dab23d56e68f899,M10,2,15.89,9.43023200889,30
173,ad9f97620dab23d56e68f899,M11,2,14.93,9.04283891086,30
173,ad9f97620dab23d56e68f899,M12,2,19.16,10.9808108083,45
173,ad9f97620dab23d56e68f899,M13,2,18.21,10.7923121695,60
173,ad9f97620dab23d56e68f899,M14,2,15,10.3056279913,60
173,ad9f97620dab23d56e68f899,M15,2,18.24,10.9673382362,60
173,ad9f97620dab23d56e68f899,M16,2,41.68,20.4937146919,100
173,ad9f97620dab23d56e68f899,M17,2,5.55,3.29974422476,14
173,ad9f97620dab23d56e68f899,M18,2,7.56,4.87940328671,21
173,ad9f97620dab23d56e68f899,M19,2,5.92,4.61930071211,21
173,ad9f97620dab23d56e68f899,M20,2,8.02,6.85740786382,20
173,ad9f97620dab23d56e68f899,M21,2,5.71,4.69487230562,21
173,ad9f97620dab23d56e68f899,M22,2,12.39,8.53143636772,45
173,ad9f97620dab23d56e68f899,M23,2,10.52,7.83575546548,45
173,ad9f97620dab23d56e68f899,M24,2,12.41,8.57101246445,45
173,ad9f97620dab23d56e68f899,M25,2,12.43,8.2879290396,20
173,ad9f97620dab23d56e68f899,M26,2,10.94,7.92388829517,20
173,ad9f97620dab23d56e68f899,M27,2,13.02,8.55527322558,30
173,ad9f97620dab23d56e68f899,M28,2,10.91,7.7877080231,30
173,ad9f97620dab23d56e68f899,M29,2,12.82,8.5404893668,30
173,ad9f97620dab23d56e68f899,M30,2,7.7,4.81209299485,21
174,a0df11ab37c188b3740160a6,M01,4,7.08,7.96480346396,10
174,a0df11ab37c188b3740160a6,M02,4,9.49,10.4967737303,15
174,a0df11ab37c188b3740160a6,M03,4,9.73,11.9890267464,21
174,a0df11ab37c188b3740160a6,M04,4,9.02,11.3860769252,21
174,a0df11ab37c188b3740160a6,M05,4,9.03,11.4440760352,21
174,a0df11ab37c188b3740160a6,M06,4,12.21,14.6265737754,21
174,a0df11ab37c188b3740160a6,M07,4,13.3,16.5725216421,30
174,a0df11ab37c188b3740160a6,M08,4,17.67,21.0265371833,30
174,a0df11ab37c188b3740160a6,M09,4,16.64,19.8361440637,30
174,a0df11ab37c188b3740160a6,M10,4,19.29,22.0095233133,30
174,a0df11ab37c188b3740160a6,M11,4,18.58,21.8025896573,30
174,a0df11ab37c188b3740160a6,M12,4,24.98,31.1911281032,45
174,a0df11ab37c188b3740160a6,M13,4,24.82,31.2630308758,60
174,a0df11ab37c188b3740160a6,M14,4,21.36,28.7344407141,60
174,a0df11ab37c188b3740160a6,M15,4,25.09,31.4608201955,60
174,a0df11ab37c188b3740160a6,M16,4,52.83,59.1712432926,100
174,a0df11ab37c188b3740160a6,M17,4,7.03,8.13152672898,14
174,a0df11ab37c188b3740160a6,M18,4,9.6,11.4821443571,21
174,a0df11ab37c188b3740160a6,M19,4,7.85,10.3253802604,21
174,a0df11ab37c188b3740160a6,M20,4,10.24,12.6342294002,20
174,a0df11ab37c188b3740160a6,M21,4,7.59,9.95956999082,21
174,a0df11ab37c188b3740160a6,M22,4,17.81,24.4239918167,45
174,a0df11ab37c188b3740160a6,M23,4,15.12,21.7609245171,45
174,a0df11ab37c188b3740160a6,M24,4,18.26,24.6200503745,45
174,a0df11ab37c188b3740160a6,M25,4,13.86,14.8849767243,20
174,a0df11ab37c188b3740160a6,M26,4,12.58,13.9822835213,20
174,a0df11ab37c188b3740160a6,M27,4,15.98,18.8142087889,30
174,a0df11ab37c188b3740160a6,M28,4,14.02,17.0682412573,30
174,a0df11ab37c188b3740160a6,M29,4,15.95,18.81068942,30
174,a0df11ab37c188b3740160a6,M30,4,9.75,11.9908251605,21
175,c910d74e6c15a5b3205df411,M01,0,7.2,8.02414427236,10
175,c910d74e6c15a5b3205df411,M02,0,9.61,10.4834903831,15
175,c910d74e6c15a5b3205df411,M03,0,9.97,12.0489777936,21
175,c910d74e6c15a5b3205df411,M04,0,9.22,11.2988356656,21
175,c910d74e6c15a5b3205df411,M05,0,9.26,11.3320844128,21
175,c910d74e6c15a5b3205df411,M06,0,12.55,14.9772110113,21
175,c910d74e6c15a5b3205df411,M07,0,13.65,16.5560788307,30
175,c910d74e6c15a5b3205df411,M08,0,18.03,20.9081670087,30
175,c910d74e6c15a5b3205df411,M09,0,16.95,19.6246299683,30
175,c910d74e6c15a5b3205df411,M10,0,19.68,21.9496958865,30
175,c910d74e6c15a5b3205df411,M11,0,18.91,21.7106516157,30
175,c910d74e6c15a5b3205df411,M12,0,25.56,30.8614147764,45
175,c910d74e6c15a5b3205df411,M13,0,25.7,31.371922538,60
175,c910d74e6c15a5b3205df411,M14,0,22.23,28.5428874829,60
175,c910d74e6c15a5b3205df411,M15,0,25.84,31.4888618855,60
175,c910d74e6c15a5b3205df411,M16,0,53.82,59.6403843254,100
175,c910d74e6c15a5b3205df411,M17,0,7.18,8.13943612135,14
175,c910d74e6c15a5b3205df411,M18,0,9.79,11.379930867,21
175,c910d74e6c15a5b3205df411,M19,0,8.09,10.3844073545,21
175,c910d74e6c15a5b3205df411,M20,0,10.42,12.0422636587,20
175,c910d74e6c15a5b3205df411,M21,0,7.72,9.85179656557,21
175,c910d74e6c15a5b3205df411,M22,0,18.38,24.1880738914,45
175,c910d74e6c15a5b3205df411,M23,0,15.57,21.7674131106,45
175,c910d74e6c15a5b3205df411,M24,0,18.75,24.1216840881,45
175,c910d74e6c15a5b3205df411,M25,0,14.07,15.1131440324,20
175,c910d74e6c15a5b3205df411,M26,0,12.79,14.0712311418,20
175,c910d74e6c15a5b3205df411,M27,0,16.39,18.9747876064,30
175,c910d74e6c15a5b3205df411,M28,0,14.43,17.0998586158,30
175,c910d74e6c15a5b3205df411,M29,0,16.29,19.0060149305,30
175,c910d74e6c15a5b3205df411,M30,0,10.01,12.0565905959,21
176,e1b34eb9479ceb03b50a90a5,M01,0,6.35,6.52625351786,10
176,e1b34eb9479ceb03b50a90a5,M02,0,8.72,8.73341860116,15
176,e1b34eb9479ceb03b50a90a5,M03,0,8.65,8.59058219784,21
176,e1b34eb9479ceb03b50a90a5,M04,0,7.93,8.345771453,21
176,e1b34eb9479ceb03b50a90a5,M05,0,7.64,8.33280879571,21
176,e1b34eb9479ceb03b50a90a5,M06,0,10.36,11.1512106939,21
176,e1b34eb9479ceb03b50a90a5,M07,0,11.73,12.0849482406,30
176,e1b34eb9479ceb03b50a90a5,M08,0,15.88,17.1075861173,30
176,e1b34eb9479ceb03b50a90a5,M09,0,14.76,16.2090457344,30
176,e1b34eb9479ceb03b50a90a5,M10,0,17.32,17.4602517884,30
176,e1b34eb9479ceb03b50a90a5,M11,0,16.34,16.7748694055,30
176,e1b34eb9479ceb03b50a90a5,M12,0,21.63,21.812298914,45
176,e1b34eb9479ceb03b50a90a5,M13,0,19.7,21.1007494529,60
176,e1b34eb9479ceb03b50a90a5,M14,0,16.44,19.7243264284,60
176,e1b34eb9479ceb03b50a90a5,M15,0,21.32,21.804006533,60
176,e1b34eb9479ceb03b50a90a5,M16,0,44.53,45.050803852,100
176,e1b34eb9479ceb03b50a90a5,M17,0,6.17,6.50533743847,14
176,e1b34eb9479ceb03b50a90a5,M18,0,8.52,8.54185142067,21
176,e1b34eb9479ceb03b50a90a5,M19,0,5.93,6.90155490128,21
176,e1b34eb9479ceb03b50a90a5,M20,0,8.11,9.52666342574,20
176,e1b34eb9479ceb03b50a90a5,M21,0,5.83,6.877380063,21
176,e1b34eb9479ceb03b50a90a5,M22,0,12.51,16.0580949998,45
176,e1b34eb9479ceb03b50a90a5,M23,0,10.59,13.7689633488,45
176,e1b34eb9479ceb03b50a90a5,M24,0,13.63,16.6037988101,45
176,e1b34eb9479ceb03b50a90a5,M25,0,12.51,12.4390897026,20
176,e1b34eb9479ceb03b50a90a5,M26,0,11.24,11.8473813082,20
176,e1b34eb9479ceb03b50a90a5,M27,0,13.43,14.4305578433,30
176,e1b34eb9479ceb03b50a90a5,M28,0,11.51,12.9238263357,30
176,e1b34eb9479ceb03b50a90a5,M29,0,14.06,14.5387459799,30
176,e1b34eb9479ceb03b50a90a5,M30,0,7.91,8.58809028875,21
177,3314004f55d768b9102a7c53,M01,0,5.82,6.10214143338,10
177,3314004f55d768b9102a7c53,M02,0,7.78,7.35441076152,15
177,3314004f55d768b9102a7c53,M03,0,6.89,7.02619261544,21
177,3314004f55d768b9102a7c53,M04,0,6.28,6.6030638653,21
177,3314004f55d768b9102a7c53,M05,0,6.16,6.47601902869,21
177,3314004f55d768b9102a7c53,M06,0,8.77,9.05623269095,21
177,3314004f55d768b9102a7c53,M07,0,9.09,9.44196114811,30
177,3314004f55d768b9102a7c53,M08,0,12.96,13.4002929034,30
177,3314004f55d768b9102a7c53,M09,0,11.77,12.7188786983,30
177,3314004f55d768b9102a7c53,M10,0,14.52,13.6608272256,30
177,3314004f55d768b9102a7c53,M11,0,13.53,13.1835962104,30
177,3314004f55d768b9102a7c53,M12,0,17.32,16.8880170848,45
177,3314004f55d768b9102a7c53,M13,0,16.15,16.3897477859,60
177,3314004f55d768b9102a7c53,M14,0,13.49,14.9550561984,60
177,3314004f55d768b9102a7c53,M15,0,15.87,16.8070554292,60
177,3314004f55d768b9102a7c53,M16,0,37.12,37.7545561767,100
177,3314004f55d768b9102a7c53,M17,0,5.01,5.38646411492,14
177,3314004f55d768b9102a7c53,M18,0,6.87,6.77484639714,21
177,3314004f55d768b9102a7c53,M19,0,5.88,5.89368477507,21
177,3314004f55d768b9102a7c53,M20,0,8.12,8.18507998657,20
177,3314004f55d768b9102a7c53,M21,0,5.77,5.8059503132,21
177,3314004f55d768b9102a7c53,M22,0,12.58,12.3361524478,45
177,3314004f55d768b9102a7c53,M23,0,10.7,10.5800037143,45
177,3314004f55d768b9102a7c53,M24,0,12.59,12.2855939258,45
177,3314004f55d768b9102a7c53,M25,0,11.68,11.0324565813,20
177,3314004f55d768b9102a7c53,M26,0,10.28,10.3416098297,20
177,3314004f55d768b9102a7c53,M27,0,11.8,12.2130344148,30
177,3314004f55d768b9102a7c53,M28,0,9.89,10.5255965494,30
177,3314004f55d768b9102a7c53,M29,0,11.41,12.1424148066,30
177,3314004f55d768b9102a7c53,M30,0,6.91,7.03163273809,21
178,0b4808d603cff090ae6e7e2c,M01,0,6.48,6.44713007865,10
178,0b4808d603cff090ae6e7e2c,M02,0,9.16,8.74402910105,15
178,0b4808d603cff090ae6e7e2c,M03,0,8.91,8.59866012237,21
178,0b4808d603cff090ae6e7e2c,M04,0,8.34,8.36792672241,21
178,0b4808d603cff090ae6e7e2c,M05,0,7.95,8.35306719799,21
178,0b4808d603cff090ae6e7e2c,M06,0,10.86,11.0250288826,21
178,0b4808d603cff090ae6e7e2c,M07,0,12.47,12.0274459446,30
178,0b4808d603cff090ae6e7e2c,M08,0,16.68,16.841676875,30
178,0b4808d603cff090ae6e7e2c,M09,0,15.37,16.0898403505,30
178,0b4808d603cff090ae6e7e2c,M10,0,18.25,17.1974220218,30
178,0b4808d603cff090ae6e7e2c,M11,0,17.12,16.6189561588,30
178,0b4808d603cff090ae6e7e2c,M12,0,23.12,21.4792816039,45
178,0b4808d603cff090ae6e7e2c,M13,0,21.28,20.6651445789,60
178,0b4808d603cff090ae6e7e2c,M14,0,18.07,19.4516476145,60
178,0b4808d603cff090ae6e7e2c,M15,0,22.7,21.470989223,60
178,0b4808d603cff090ae6e7e2c,M16,0,47.76,45.0599419926,100
178,0b4808d603cff090ae6e7e2c,M17,0,6.53,6.41295897575,14
178,0b4808d603cff090ae6e7e2c,M18,0,8.95,8.55901442816,21
178,0b4808d603cff090ae6e7e2c,M19,0,6.1,6.68545080483,21
178,0b4808d603cff090ae6e7e2c,M20,0,9.13,9.45212426793,20
178,0b4808d603cff090ae6e7e2c,M21,0,6.4,6.65817497861,21
178,0b4808d603cff090ae6e7e2c,M22,0,14.37,15.7643140064,45
178,0b4808d603cff090ae6e7e2c,M23,0,11.87,13.4505941127,45
178,0b4808d603cff090ae6e7e2c,M24,0,16.04,16.1895163398,45
178,0b4808d603cff090ae6e7e2c,M25,0,12.86,12.302605589,20
178,0b4808d603cff090ae6e7e2c,M26,0,11.62,11.7924863823,20
178,0b4808d603cff090ae6e7e2c,M27,0,14.09,14.1790305902,30
178,0b4808d603cff090ae6e7e2c,M28,0,12.24,12.7073489149,30
178,0b4808d603cff090ae6e7e2c,M29,0,14.61,14.2614133473,30
178,0b4808d603cff090ae6e7e2c,M30,0,8.33,8.59616821328,21
179,c51c3841863676f35f94e5d9,M01,1,5.67,5.99743734002,10
179,c51c3841863676f35f94e5d9,M02,1,7.78,7.18065319829,15
179,c51c3841863676f35f94e5d9,M03,1,6.59,6.97224814616,21
179,c51c3841863676f35f94e5d9,M04,1,6.02,6.4652784607,21
179,c51c3841863676f35f94e5d9,M05,1,5.9,6.3603514066,21
179,c51c3841863676f35f94e5d9,M06,1,8.39,8.93494391334,21
179,c51c3841863676f35f94e5d9,M07,1,8.65,9.26615861313,30
179,c51c3841863676f35f94e5d9,M08,1,12.35,12.3623029853,30
179,c51c3841863676f35f94e5d9,M09,1,11.14,11.8879375775,30
179,c51c3841863676f35f94e5d9,M10,1,13.88,12.6981582871,30
179,c51c3841863676f35f94e5d9,M11,1,12.85,12.3401571805,30
179,c51c3841863676f35f94e5d9,M12,1,16.3,15.5772231308,45
179,c51c3841863676f35f94e5d9,M13,1,15.2,15.2939207472,60
179,c51c3841863676f35f94e5d9,M14,1,12.67,14.7540214319,60
179,c51c3841863676f35f94e5d9,M15,1,14.92,15.5757151308,60
179,c51c3841863676f35f94e5d9,M16,1,34.4,37.1672044708,100
179,c51c3841863676f35f94e5d9,M17,1,4.75,5.42998737929,14
179,c51c3841863676f35f94e5d9,M18,1,6.57,6.51445180224,21
179,c51c3841863676f35f94e5d9,M19,1,5.66,5.99490539683,21
179,c51c3841863676f35f94e5d9,M20,1,7.78,8.17019791548,20
179,c51c3841863676f35f94e5d9,M21,1,5.55,5.8169333193,21
179,c51c3841863676f35f94e5d9,M22,1,11.89,11.4545520972,45
179,c51c3841863676f35f94e5d9,M23,1,10.07,10.3125726603,45
179,c51c3841863676f35f94e5d9,M24,1,11.87,11.3729752853,45
179,c51c3841863676f35f94e5d9,M25,1,11.37,10.8533471981,20
179,c51c3841863676f35f94e5d9,M26,1,9.93,10.0556078797,20
179,c51c3841863676f35f94e5d9,M27,1,11.27,11.2460424653,30
179,c51c3841863676f35f94e5d9,M28,1,9.41,10.1859110498,30
179,c51c3841863676f35f94e5d9,M29,1,10.86,11.1620370426,30
179,c51c3841863676f35f94e5d9,M30,1,6.61,6.90870461719,21
180,ecfd08db10e5477f190376da,M01,0,7.49,7.74816117715,10
180,ecfd08db10e5477f190376da,M02,0,10,10.2136226165,15
180,ecfd08db10e5477f190376da,M03,0,10.66,10.9008081747,21
180,ecfd08db10e5477f190376da,M04,0,9.86,10.5177724219,21
180,ecfd08db10e5477f190376da,M05,0,9.87,10.5427476233,21
180,ecfd08db10e5477f190376da,M06,0,13.19,14.1570646346,21
180,ecfd08db10e5477f190376da,M07,0,14.67,15.9031478744,30
180,ecfd08db10e5477f190376da,M08,0,19.05,20.3094373175,30
180,ecfd08db10e5477f190376da,M09,0,17.92,19.3596127523,30
180,ecfd08db10e5477f190376da,M10,0,20.68,21.0426923531,30
180,ecfd08db10e5477f190376da,M11,0,19.86,20.7675183728,30
180,ecfd08db10e5477f190376da,M12,0,27.21,29.5328259357,45
180,ecfd08db10e5477f190376da,M13,0,27.29,29.5732136016,60
180,ecfd08db10e5477f190376da,M14,0,23.63,26.9581885433,60
180,ecfd08db10e5477f190376da,M15,0,27.79,29.7034831597,60
180,ecfd08db10e5477f190376da,M16,0,55.7,58.4510720865,100
180,ecfd08db10e5477f190376da,M17,0,7.53,7.79415361243,14
180,ecfd08db10e5477f190376da,M18,0,10.4,10.5864603048,21
180,ecfd08db10e5477f190376da,M19,0,8.29,9.74553395988,21
180,ecfd08db10e5477f190376da,M20,0,10.49,11.8837629029,20
180,ecfd08db10e5477f190376da,M21,0,7.83,9.41507090339,21
180,ecfd08db10e5477f190376da,M22,0,18.43,22.4545295734,45
180,ecfd08db10e5477f190376da,M23,0,15.52,20.2271869786,45
180,ecfd08db10e5477f190376da,M24,0,18.95,23.3400724628,45
180,ecfd08db10e5477f190376da,M25,0,14.48,14.5945875942,20
180,ecfd08db10e5477f190376da,M26,0,13.15,13.7074083212,20
180,ecfd08db10e5477f190376da,M27,0,17.15,17.8733308318,30
180,ecfd08db10e5477f190376da,M28,0,15.13,16.3186104097,30
180,ecfd08db10e5477f190376da,M29,0,17.21,17.8775202935,30
180,ecfd08db10e5477f190376da,M30,0,10.68,10.9702231759,21
181,ae549a3bb89eeba0509b46d1,M01,0,4.96,5.30541213457,10
181,ae549a3bb89eeba0509b46d1,M02,0,6.36,6.70606316637,15
181,ae549a3bb89eeba0509b46d1,M03,0,5.31,5.96028301578,21
181,ae549a3bb89eeba0509b46d1,M04,0,5.1,5.59002919874,21
181,ae549a3bb89eeba0509b46d1,M05,0,4.95,5.48925037614,21
181,ae549a3bb89eeba0509b46d1,M06,0,6.78,7.97833729742,21
181,ae549a3bb89eeba0509b46d1,M07,0,6.91,8.31050827301,30
181,ae549a3bb89eeba0509b46d1,M08,0,9.32,11.4394587678,30
181,ae549a3bb89eeba0509b46d1,M09,0,8.26,10.7342859991,30
181,ae549a3bb89eeba0509b46d1,M10,0,10.79,11.7951331688,30
181,ae549a3bb89eeba0509b46d1,M11,0,9.81,11.2843195877,30
181,ae549a3bb89eeba0509b46d1,M12,0,11.64,13.8766429621,45
181,ae549a3bb89eeba0509b46d1,M13,0,10.81,13.4632569912,60
181,ae549a3bb89eeba0509b46d1,M14,0,8.06,12.4718433767,60
181,ae549a3bb89eeba0509b46d1,M15,0,10.73,13.7859938499,60
181,ae549a3bb89eeba0509b46d1,M16,0,19.14,30.4043999259,100
181,ae549a3bb89eeba0509b46d1,M17,0,3.41,4.62792741665,14
181,ae549a3bb89eeba0509b46d1,M18,0,5.44,5.92581633753,21
181,ae549a3bb89eeba0509b46d1,M19,0,4.63,5.25156430698,21
181,ae549a3bb89eeba0509b46d1,M20,0,5.78,7.41932295377,20
181,ae549a3bb89eeba0509b46d1,M21,0,4.6,5.20614965692,21
181,ae549a3bb89eeba0509b46d1,M22,0,8.53,10.4685669352,45
181,ae549a3bb89eeba0509b46d1,M23,0,7.04,9.49280005812,45
181,ae549a3bb89eeba0509b46d1,M24,0,8.45,10.4221676084,45
181,ae549a3bb89eeba0509b46d1,M25,0,9.65,10.2560979749,20
181,ae549a3bb89eeba0509b46d1,M26,0,8.21,9.53919963018,20
181,ae549a3bb89eeba0509b46d1,M27,0,9.16,10.509566898,30
181,ae549a3bb89eeba0509b46d1,M28,0,7.84,9.50454576437,30
181,ae549a3bb89eeba0509b46d1,M29,0,8.92,10.4712149268,30
181,ae549a3bb89eeba0509b46d1,M30,0,5.71,5.97859426476,21
182,cde92d2cbf5ae04506b2772e,M01,0,7.68,7.17094088217,10
182,cde92d2cbf5ae04506b2772e,M02,0,10.23,9.81917415092,15
182,cde92d2cbf5ae04506b2772e,M03,0,11.17,9.82258522697,21
182,cde92d2cbf5ae04506b2772e,M04,0,10.27,9.58474859864,21
182,cde92d2cbf5ae04506b2772e,M05,0,10.4,9.56020690346,21
182,cde92d2cbf5ae04506b2772e,M06,0,13.91,12.9958870843,21
182,cde92d2cbf5ae04506b2772e,M07,0,15.48,14.0127168548,30
182,cde92d2cbf5ae04506b2772e,M08,0,19.85,18.3688370134,30
182,cde92d2cbf5ae04506b2772e,M09,0,18.56,17.553262051,30
182,cde92d2cbf5ae04506b2772e,M10,0,21.45,18.8198052157,30
182,cde92d2cbf5ae04506b2772e,M11,0,20.59,18.312711901,30
182,cde92d2cbf5ae04506b2772e,M12,0,28.64,25.7244138871,45
182,cde92d2cbf5ae04506b2772e,M13,0,29.56,25.5873283824,60
182,cde92d2cbf5ae04506b2772e,M14,0,26.17,23.4250091098,60
182,cde92d2cbf5ae04506b2772e,M15,0,29.5,25.742946903,60
182,cde92d2cbf5ae04506b2772e,M16,0,58.29,54.1976420383,100
182,cde92d2cbf5ae04506b2772e,M17,0,7.79,7.1632455005,14
182,cde92d2cbf5ae04506b2772e,M18,0,10.78,9.63818950903,21
182,cde92d2cbf5ae04506b2772e,M19,0,10.09,7.77345505902,21
182,cde92d2cbf5ae04506b2772e,M20,0,12.29,10.3905340135,20
182,cde92d2cbf5ae04506b2772e,M21,0,9.46,7.73803093781,21
182,cde92d2cbf5ae04506b2772e,M22,0,24.04,17.7575229171,45
182,cde92d2cbf5ae04506b2772e,M23,0,20.7,16.0062420487,45
182,cde92d2cbf5ae04506b2772e,M24,0,24.45,18.0309780815,45
182,cde92d2cbf5ae04506b2772e,M25,0,14.83,13.6129899832,20
182,cde92d2cbf5ae04506b2772e,M26,0,13.6,13.0394683183,20
182,cde92d2cbf5ae04506b2772e,M27,0,18.03,16.1695333294,30
182,cde92d2cbf5ae04506b2772e,M28,0,16.14,14.777758352,30
182,cde92d2cbf5ae04506b2772e,M29,0,17.87,16.2019506882,30
182,cde92d2cbf5ae04506b2772e,M30,0,11.22,9.82455488398,21
183,fc0ff7763485986307ce7100,M01,1,8.23,7.48162308861,10
183,fc0ff7763485986307ce7100,M02,1,10.89,10.1839171474,15
183,fc0ff7763485986307ce7100,M03,1,12.35,10.2432096889,21
183,fc0ff7763485986307ce7100,M04,1,11.38,10.0132866406,21
183,fc0ff7763485986307ce7100,M05,1,11.57,10.0188080572,21
183,fc0ff7763485986307ce7100,M06,1,15.3,13.6190898018,21
183,fc0ff7763485986307ce7100,M07,1,17.25,14.7083422594,30
183,fc0ff7763485986307ce7100,M08,1,21.54,18.9590188902,30
183,fc0ff7763485986307ce7100,M09,1,20.21,18.1492892047,30
183,fc0ff7763485986307ce7100,M10,1,23.23,19.4145221031,30
183,fc0ff7763485986307ce7100,M11,1,22.28,19.0304218104,30
183,fc0ff7763485986307ce7100,M12,1,31.47,26.9053718882,45
183,fc0ff7763485986307ce7100,M13,1,32.84,26.732019675,60
183,fc0ff7763485986307ce7100,M14,1,29.53,24.384824798,60
183,fc0ff7763485986307ce7100,M15,1,33.17,26.9404361306,60
183,fc0ff7763485986307ce7100,M16,1,61.88,52.2962649654,100
183,fc0ff7763485986307ce7100,M17,1,8.4,7.49409631937,14
183,fc0ff7763485986307ce7100,M18,1,11.81,10.045220104,21
183,fc0ff7763485986307ce7100,M19,1,11.27,8.19947305936,21
183,fc0ff7763485986307ce7100,M20,1,13.21,10.7092954553,20
183,fc0ff7763485986307ce7100,M21,1,10.29,8.16464142803,21
183,fc0ff7763485986307ce7100,M22,1,26.64,18.6322992004,45
183,fc0ff7763485986307ce7100,M23,1,23.41,16.7580868675,45
183,fc0ff7763485986307ce7100,M24,1,27.14,18.6696976135,45
183,fc0ff7763485986307ce7100,M25,1,15.64,13.9751384497,20
183,fc0ff7763485986307ce7100,M26,1,14.32,13.3630918906,20
183,fc0ff7763485986307ce7100,M27,1,19.7,17.0097338875,30
183,fc0ff7763485986307ce7100,M28,1,17.62,15.4898990799,30
183,fc0ff7763485986307ce7100,M29,1,19.65,16.9229281849,30
183,fc0ff7763485986307ce7100,M30,1,12.41,10.2809488519,21
184,378e1b4037b2208a390730ed,M01,0,1.27,5.07803761357,10
184,378e1b4037b2208a390730ed,M02,0,0.93,6.28137452372,15
184,378e1b4037b2208a390730ed,M03,0,1.39,5.43910003366,21
184,378e1b4037b2208a390730ed,M04,0,1.39,5.28386909167,21
184,378e1b4037b2208a390730ed,M05,0,1.28,5.10632399608,21
184,378e1b4037b2208a390730ed,M06,0,1.44,7.21778731482,21
184,378e1b4037b2208a390730ed,M07,0,1.39,7.11680294684,30
184,378e1b4037b2208a390730ed,M08,0,0.93,9.07091237977,30
184,378e1b4037b2208a390730ed,M09,0,0.93,8.31500427578,30
184,378e1b4037b2208a390730ed,M10,0,1.37,9.45809731304,30
184,378e1b4037b2208a390730ed,M11,0,1.31,8.96144486152,30
184,378e1b4037b2208a390730ed,M12,0,0.93,9.99608585909,45
184,378e1b4037b2208a390730ed,M13,0,1.27,10.0529823611,60
184,378e1b4037b2208a390730ed,M14,0,0.75,8.6462664439,60
184,378e1b4037b2208a390730ed,M15,0,1.6,10.1239559107,60
184,378e1b4037b2208a390730ed,M16,0,1.25,20.7592565224,100
184,378e1b4037b2208a390730ed,M17,0,0.9,3.60161193555,14
184,378e1b4037b2208a390730ed,M18,0,1.5,5.33544616654,21
184,378e1b4037b2208a390730ed,M19,0,1.39,4.99844752351,21
184,378e1b4037b2208a390730ed,M20,0,0.67,6.42064356395,20
184,378e1b4037b2208a390730ed,M21,0,1.48,4.96155523826,21
184,378e1b4037b2208a390730ed,M22,0,1.21,8.61784946016,45
184,378e1b4037b2208a390730ed,M23,0,0.75,7.53061578349,45
184,378e1b4037b2208a390730ed,M24,0,1.56,8.46137074433,45
184,378e1b4037b2208a390730ed,M25,0,6.71,9.49349843103,20
184,378e1b4037b2208a390730ed,M26,0,4.94,8.55996673194,20
184,378e1b4037b2208a390730ed,M27,0,7.12,9.18307550456,30
184,378e1b4037b2208a390730ed,M28,0,5.48,7.89550879297,30
184,378e1b4037b2208a390730ed,M29,0,6.65,9.00246879163,30
184,378e1b4037b2208a390730ed,M30,0,4.19,5.51189450789,21
185,3d1756396565a85b0e5bfd75,M01,3,8.23,7.82313230479,10
185,3d1756396565a85b0e5bfd75,M02,3,10.9,10.5654416237,15
185,3d1756396565a85b0e5bfd75,M03,3,12.56,11.5303303427,21
185,3d1756396565a85b0e5bfd75,M04,3,11.62,11.0228190334,21
185,3d1756396565a85b0e5bfd75,M05,3,11.8,11.0437903667,21
185,3d1756396565a85b0e5bfd75,M06,3,15.3,14.5539922113,21
185,3d1756396565a85b0e5bfd75,M07,3,17.6,16.7370628154,30
185,3d1756396565a85b0e5bfd75,M08,3,21.86,20.7879591275,30
185,3d1756396565a85b0e5bfd75,M09,3,20.57,19.8476754188,30
185,3d1756396565a85b0e5bfd75,M10,3,23.37,21.7076578854,30
185,3d1756396565a85b0e5bfd75,M11,3,22.55,21.5014013139,30
185,3d1756396565a85b0e5bfd75,M12,3,32.04,30.6387801951,45
185,3d1756396565a85b0e5bfd75,M13,3,33.42,30.8137047883,60
185,3d1756396565a85b0e5bfd75,M14,3,30.19,28.5784111903,60
185,3d1756396565a85b0e5bfd75,M15,3,33.76,30.8882191108,60
185,3d1756396565a85b0e5bfd75,M16,3,62.47,59.1592075706,100
185,3d1756396565a85b0e5bfd75,M17,3,8.54,7.92362136066,14
185,3d1756396565a85b0e5bfd75,M18,3,12.03,11.0803561945,21
185,3d1756396565a85b0e5bfd75,M19,3,10.94,9.8231576565,21
185,3d1756396565a85b0e5bfd75,M20,3,12.86,12.3540954482,20
185,3d1756396565a85b0e5bfd75,M21,3,10.01,9.59598649994,21
185,3d1756396565a85b0e5bfd75,M22,3,25.68,24.3772667607,45
185,3d1756396565a85b0e5bfd75,M23,3,22.13,21.2548526458,45
185,3d1756396565a85b0e5bfd75,M24,3,26.41,25.0457508325,45
185,3d1756396565a85b0e5bfd75,M25,3,15.68,14.8633162826,20
185,3d1756396565a85b0e5bfd75,M26,3,14.41,13.9380943914,20
185,3d1756396565a85b0e5bfd75,M27,3,19.72,18.6210100811,30
185,3d1756396565a85b0e5bfd75,M28,3,17.87,17.0174063278,30
185,3d1756396565a85b0e5bfd75,M29,3,19.66,18.6183625522,30
185,3d1756396565a85b0e5bfd75,M30,3,12.62,11.550507515,21
186,231bee3016cdac10154eb865,M01,2,5.38,6.04638871776,10
186,231bee3016cdac10154eb865,M02,2,6.93,7.32998777574,15
186,231bee3016cdac10154eb865,M03,2,6.03,6.98329741223,21
186,231bee3016cdac10154eb865,M04,2,5.44,6.69548024179,21
186,231bee3016cdac10154eb865,M05,2,5.65,6.59811116847,21
186,231bee3016cdac10154eb865,M06,2,7.73,8.7329816672,21
186,231bee3016cdac10154eb865,M07,2,7.7,9.0236430481,30
186,231bee3016cdac10154eb865,M08,2,10.1,12.3819147322,30
186,231bee3016cdac10154eb865,M09,2,8.4,11.8587430404,30
186,231bee3016cdac10154eb865,M10,2,11.91,12.6354315606,30
186,231bee3016cdac10154eb865,M11,2,10.76,12.2498222629,30
186,231bee3016cdac10154eb865,M12,2,12.46,15.3828616657,45
186,231bee3016cdac10154eb865,M13,2,12.45,15.1356990764,60
186,231bee3016cdac10154eb865,M14,2,9.77,14.7977416523,60
186,231bee3016cdac10154eb865,M15,2,12.33,15.4326003974,60
186,231bee3016cdac10154eb865,M16,2,23.53,33.7152410334,100
186,231bee3016cdac10154eb865,M17,2,2.78,5.35529686165,14
186,231bee3016cdac10154eb865,M18,2,5.17,6.75945333936,21
186,231bee3016cdac10154eb865,M19,2,5.29,5.95212353574,21
186,231bee3016cdac10154eb865,M20,2,5.67,8.03536388313,20
186,231bee3016cdac10154eb865,M21,2,4.7,5.93317298792,21
186,231bee3016cdac10154eb865,M22,2,8.28,11.3041963444,45
186,231bee3016cdac10154eb865,M23,2,6.83,10.4495219282,45
186,231bee3016cdac10154eb865,M24,2,8.13,11.2696330595,45
186,231bee3016cdac10154eb865,M25,2,11.62,10.495116092,20
186,231bee3016cdac10154eb865,M26,2,10.16,10.1606230097,20
186,231bee3016cdac10154eb865,M27,2,11.66,11.2884028183,30
186,231bee3016cdac10154eb865,M28,2,9.71,10.3731247481,30
186,231bee3016cdac10154eb865,M29,2,11.36,11.271461315,30
186,231bee3016cdac10154eb865,M30,2,6.88,6.97369760015,21
187,ceff63dc913a8d929452b72a,M01,0,7.47,8.1991716816,10
187,ceff63dc913a8d929452b72a,M02,0,10.05,10.8110283539,15
187,ceff63dc913a8d929452b72a,M03,0,10.87,12.373931412,21
187,ceff63dc913a8d929452b72a,M04,0,10.05,11.6373305662,21
187,ceff63dc913a8d929452b72a,M05,0,10.13,11.689027485,21
187,ceff63dc913a8d929452b72a,M06,0,13.39,15.0960751088,21
187,ceff63dc913a8d929452b72a,M07,0,15.03,17.1899701779,30
187,ceff63dc913a8d929452b72a,M08,0,19.42,21.6735825923,30
187,ceff63dc913a8d929452b72a,M09,0,18.31,20.3122397884,30
187,ceff63dc913a8d929452b72a,M10,0,20.96,22.7822197831,30
187,ceff63dc913a8d929452b72a,M11,0,20.25,22.5018410805,30
187,ceff63dc913a8d929452b72a,M12,0,27.96,32.1185050843,45
187,ceff63dc913a8d929452b72a,M13,0,28.22,32.7183692291,60
187,ceff63dc913a8d929452b72a,M14,0,24.86,29.7291459464,60
187,ceff63dc913a8d929452b72a,M15,0,28.75,32.8159065298,60
187,ceff63dc913a8d929452b72a,M16,0,56.81,61.0292873134,100
187,ceff63dc913a8d929452b72a,M17,0,7.62,8.3581703216,14
187,ceff63dc913a8d929452b72a,M18,0,10.6,11.7554675108,21
187,ceff63dc913a8d929452b72a,M19,0,8.9,10.8757642418,21
187,ceff63dc913a8d929452b72a,M20,0,11.13,12.5647633143,20
187,ceff63dc913a8d929452b72a,M21,0,8.42,10.332323176,21
187,ceff63dc913a8d929452b72a,M22,0,20.4,25.6735982795,45
187,ceff63dc913a8d929452b72a,M23,0,17.45,22.7969110079,45
187,ceff63dc913a8d929452b72a,M24,0,20.96,25.7033809711,45
187,ceff63dc913a8d929452b72a,M25,0,14.53,15.2816064773,20
187,ceff63dc913a8d929452b72a,M26,0,13.29,14.2272778683,20
187,ceff63dc913a8d929452b72a,M27,0,17.44,19.3596551603,30
187,ceff63dc913a8d929452b72a,M28,0,15.54,17.4606661123,30
187,ceff63dc913a8d929452b72a,M29,0,17.48,19.3803188244,30
187,ceff63dc913a8d929452b72a,M30,0,10.89,12.3778113976,21
188,c815242a0e123343d6e3302a,M01,2,9.1,8.78472132223,10
188,c815242a0e123343d6e3302a,M02,2,13.17,12.162723284,15
188,c815242a0e123343d6e3302a,M03,2,15.7,13.8012813201,21
188,c815242a0e123343d6e3302a,M04,2,14.66,13.5423574058,21
188,c815242a0e123343d6e3302a,M05,2,14.94,13.5915277797,21
188,c815242a0e123343d6e3302a,M06,2,18.9,16.9062429054,21
188,c815242a0e123343d6e3302a,M07,2,22.3,19.9195873494,30
188,c815242a0e123343d6e3302a,M08,2,26.22,23.5907890311,30
188,c815242a0e123343d6e3302a,M09,2,24.81,22.9712498184,30
188,c815242a0e123343d6e3302a,M10,2,27.92,24.4059826103,30
188,c815242a0e123343d6e3302a,M11,2,27.01,24.3467041067,30
188,c815242a0e123343d6e3302a,M12,2,39.21,37.180688669,45
188,c815242a0e123343d6e3302a,M13,2,42.05,37.4129926661,60
188,c815242a0e123343d6e3302a,M14,2,39.43,36.8634384561,60
188,c815242a0e123343d6e3302a,M15,2,42.52,37.5855380609,60
188,c815242a0e123343d6e3302a,M16,2,71.79,65.5983572122,100
188,c815242a0e123343d6e3302a,M17,2,10.27,8.96379117944,14
188,c815242a0e123343d6e3302a,M18,2,14.84,13.4670658445,21
188,c815242a0e123343d6e3302a,M19,2,16.12,12.5209547174,21
188,c815242a0e123343d6e3302a,M20,2,17.03,14.5701053028,20
188,c815242a0e123343d6e3302a,M21,2,14.78,12.1735511249,21
188,c815242a0e123343d6e3302a,M22,2,38.48,28.4110672628,45
188,c815242a0e123343d6e3302a,M23,2,34.48,26.5762346095,45
188,c815242a0e123343d6e3302a,M24,2,39.98,28.5622697923,45
188,c815242a0e123343d6e3302a,M25,2,18.65,16.8028926315,20
188,c815242a0e123343d6e3302a,M26,2,16.78,16.2484365909,20
188,c815242a0e123343d6e3302a,M27,2,23.86,22.6221172538,30
188,c815242a0e123343d6e3302a,M28,2,21.94,22.1005275309,30
188,c815242a0e123343d6e3302a,M29,2,23.92,22.5557457157,30
188,c815242a0e123343d6e3302a,M30,2,15.8,13.8205404601,21
189,6da8b86316162ba99fec2db6,M01,2,5.5,4.75625913302,10
189,6da8b86316162ba99fec2db6,M02,2,7.16,5.6980430905,15
189,6da8b86316162ba99fec2db6,M03,2,6.24,5.1394481919,21
189,6da8b86316162ba99fec2db6,M04,2,5.72,4.99906434442,21
189,6da8b86316162ba99fec2db6,M05,2,5.67,4.85746464712,21
189,6da8b86316162ba99fec2db6,M06,2,7.96,7.50212690025,21
189,6da8b86316162ba99fec2db6,M07,2,8.03,7.51726299332,30
189,6da8b86316162ba99fec2db6,M08,2,10.79,9.67423956322,30
189,6da8b86316162ba99fec2db6,M09,2,9.46,9.16684018188,30
189,6da8b86316162ba99fec2db6,M10,2,12.56,9.95826720372,30
189,6da8b86316162ba99fec2db6,M11,2,11.44,9.62024572364,30
189,6da8b86316162ba99fec2db6,M12,2,13.47,11.4635946474,45
189,6da8b86316162ba99fec2db6,M13,2,13.51,11.3183335855,60
189,6da8b86316162ba99fec2db6,M14,2,10.65,10.7083767008,60
189,6da8b86316162ba99fec2db6,M15,2,13.31,11.4128911453,60
189,6da8b86316162ba99fec2db6,M16,2,27,20.8304934951,100
189,6da8b86316162ba99fec2db6,M17,2,4.32,3.45727186488,14
189,6da8b86316162ba99fec2db6,M18,2,6.22,5.12785444134,21
189,6da8b86316162ba99fec2db6,M19,2,5.23,4.74644046944,21
189,6da8b86316162ba99fec2db6,M20,2,6.75,7.03029299595,20
189,6da8b86316162ba99fec2db6,M21,2,5.15,4.79175074317,21
189,6da8b86316162ba99fec2db6,M22,2,10.17,8.93926652252,45
189,6da8b86316162ba99fec2db6,M23,2,8.39,8.12334052026,45
189,6da8b86316162ba99fec2db6,M24,2,10.06,8.91905115071,45
189,6da8b86316162ba99fec2db6,M25,2,10.84,8.78585284367,20
189,6da8b86316162ba99fec2db6,M26,2,9.1,8.33452553951,20
189,6da8b86316162ba99fec2db6,M27,2,10.48,9.02095806941,30
189,6da8b86316162ba99fec2db6,M28,2,8.62,8.09401382173,30
189,6da8b86316162ba99fec2db6,M29,2,10.21,8.94447715659,30
189,6da8b86316162ba99fec2db6,M30,2,6.23,5.11638061676,21
190,9f40631b794965aff4da7b4a,M01,4,8.38,7.47967852263,10
190,9f40631b794965aff4da7b4a,M02,4,11.03,10.9742417029,15
190,9f40631b794965aff4da7b4a,M03,4,12.78,11.2424325498,21
190,9f40631b794965aff4da7b4a,M04,4,11.69,10.9858235648,21
190,9f40631b794965aff4da7b4a,M05,4,11.93,11.0189641767,21
190,9f40631b794965aff4da7b4a,M06,4,15.62,14.0357780385,21
190,9f40631b794965aff4da7b4a,M07,4,17.89,15.8012069071,30
190,9f40631b794965aff4da7b4a,M08,4,22.15,20.4862727046,30
190,9f40631b794965aff4da7b4a,M09,4,20.65,19.4973077645,30
190,9f40631b794965aff4da7b4a,M10,4,23.7,21.2436257209,30
190,9f40631b794965aff4da7b4a,M11,4,22.73,21.0699985594,30
190,9f40631b794965aff4da7b4a,M12,4,32.45,28.8119498276,45
190,9f40631b794965aff4da7b4a,M13,4,34.14,28.876979185,60
190,9f40631b794965aff4da7b4a,M14,4,30.92,26.5384360134,60
190,9f40631b794965aff4da7b4a,M15,4,34.31,28.9096192687,60
190,9f40631b794965aff4da7b4a,M16,4,63.27,58.744809636,100
190,9f40631b794965aff4da7b4a,M17,4,8.61,7.48852595264,14
190,9f40631b794965aff4da7b4a,M18,4,12.09,10.9898011683,21
190,9f40631b794965aff4da7b4a,M19,4,11.24,9.16037025595,21
190,9f40631b794965aff4da7b4a,M20,4,13.16,11.5482026536,20
190,9f40631b794965aff4da7b4a,M21,4,10.22,9.04052770811,21
190,9f40631b794965aff4da7b4a,M22,4,26.76,22.7989700361,45
190,9f40631b794965aff4da7b4a,M23,4,23.13,20.4612089018,45
190,9f40631b794965aff4da7b4a,M24,4,27.32,23.0622293334,45
190,9f40631b794965aff4da7b4a,M25,4,15.88,14.4576187536,20
190,9f40631b794965aff4da7b4a,M26,4,14.59,13.6215486748,20
190,9f40631b794965aff4da7b4a,M27,4,20.06,18.3160497826,30
190,9f40631b794965aff4da7b4a,M28,4,18.23,16.4587006387,30
190,9f40631b794965aff4da7b4a,M29,4,19.96,18.2351077844,30
190,9f40631b794965aff4da7b4a,M30,4,12.83,11.2521828621,21
191,133b391bd1d233ca3265cf1b,M01,3,7.96,8.05872283654,10
191,133b391bd1d233ca3265cf1b,M02,3,10.62,10.5677133678,15
191,133b391bd1d233ca3265cf1b,M03,3,12.06,11.9039293563,21
191,133b391bd1d233ca3265cf1b,M04,3,11.17,11.3017185065,21
191,133b391bd1d233ca3265cf1b,M05,3,11.3,11.3549524068,21
191,133b391bd1d233ca3265cf1b,M06,3,14.73,14.8259567055,21
191,133b391bd1d233ca3265cf1b,M07,3,16.85,16.6947234497,30
191,133b391bd1d233ca3265cf1b,M08,3,21.15,21.2688914371,30
191,133b391bd1d233ca3265cf1b,M09,3,19.94,20.2490144386,30
191,133b391bd1d233ca3265cf1b,M10,3,22.65,22.1704575363,30
191,133b391bd1d233ca3265cf1b,M11,3,21.84,21.9809235035,30
191,133b391bd1d233ca3265cf1b,M12,3,30.91,31.5962307053,45
191,133b391bd1d233ca3265cf1b,M13,3,31.99,31.722747318,60
191,133b391bd1d233ca3265cf1b,M14,3,28.82,29.6748067399,60
191,133b391bd1d233ca3265cf1b,M15,3,32.24,31.8310159943,60
191,133b391bd1d233ca3265cf1b,M16,3,60.96,60.7986370093,100
191,133b391bd1d233ca3265cf1b,M17,3,8.28,8.17850799252,14
191,133b391bd1d233ca3265cf1b,M18,3,11.6,11.3874052639,21
191,133b391bd1d233ca3265cf1b,M19,3,10.57,10.3527252569,21
191,133b391bd1d233ca3265cf1b,M20,3,12.63,12.6017808393,20
191,133b391bd1d233ca3265cf1b,M21,3,9.81,10.0427624451,21
191,133b391bd1d233ca3265cf1b,M22,3,25.08,24.5504197593,45
191,133b391bd1d233ca3265cf1b,M23,3,21.69,21.7030278602,45
191,133b391bd1d233ca3265cf1b,M24,3,25.64,24.7431167303,45
191,133b391bd1d233ca3265cf1b,M25,3,15.29,15.1105849136,20
191,133b391bd1d233ca3265cf1b,M26,3,14.07,14.0546170172,20
191,133b391bd1d233ca3265cf1b,M27,3,19.02,18.7991393492,30
191,133b391bd1d233ca3265cf1b,M28,3,17.23,17.0721751617,30
191,133b391bd1d233ca3265cf1b,M29,3,18.95,18.800087898,30
191,133b391bd1d233ca3265cf1b,M30,3,12.11,11.9277134429,21
193,2f9d6a91601860eeae150557,M01,2,8.49,8.11114155039,10
193,2f9d6a91601860eeae150557,M02,2,11.22,10.6514657545,15
193,2f9d6a91601860eeae150557,M03,2,13.23,11.9846475101,21
193,2f9d6a91601860eeae150557,M04,2,12.16,11.36240711,21
193,2f9d6a91601860eeae150557,M05,2,12.41,11.3949306369,21
193,2f9d6a91601860eeae150557,M06,2,15.94,14.9038830287,21
193,2f9d6a91601860eeae150557,M07,2,18.6,16.913454895,30
193,2f9d6a91601860eeae150557,M08,2,22.79,21.4882245436,30
193,2f9d6a91601860eeae150557,M09,2,21.34,20.2114873251,30
193,2f9d6a91601860eeae150557,M10,2,24.27,22.4631946012,30
193,2f9d6a91601860eeae150557,M11,2,23.44,22.2508015898,30
193,2f9d6a91601860eeae150557,M12,2,33.68,31.6995059461,45
193,2f9d6a91601860eeae150557,M13,2,35.2,32.1309225498,60
193,2f9d6a91601860eeae150557,M14,2,32.14,29.3770357173,60
193,2f9d6a91601860eeae150557,M15,2,35.08,32.2338387533,60
193,2f9d6a91601860eeae150557,M16,2,64.4,61.231083175,100
193,2f9d6a91601860eeae150557,M17,2,8.83,8.28792847385,14
193,2f9d6a91601860eeae150557,M18,2,12.54,11.4395034277,21
193,2f9d6a91601860eeae150557,M19,2,12.33,10.5176248679,21
193,2f9d6a91601860eeae150557,M20,2,13.85,12.6685364928,20
193,2f9d6a91601860eeae150557,M21,2,11.22,10.0453294349,21
193,2f9d6a91601860eeae150557,M22,2,28.99,24.9750149892,45
193,2f9d6a91601860eeae150557,M23,2,25.58,22.119204916,45
193,2f9d6a91601860eeae150557,M24,2,29.64,25.1475611197,45
193,2f9d6a91601860eeae150557,M25,2,16.03,15.1050622842,20
193,2f9d6a91601860eeae150557,M26,2,14.8,14.1498776195,20
193,2f9d6a91601860eeae150557,M27,2,20.44,18.8670426458,30
193,2f9d6a91601860eeae150557,M28,2,18.69,17.188302004,30
193,2f9d6a91601860eeae150557,M29,2,20.31,18.8736650624,30
193,2f9d6a91601860eeae150557,M30,2,13.02,11.9912912611,21
194,b8c4be4f866a65acd44b7659,M01,3,7.17,7.81415296301,10
194,b8c4be4f866a65acd44b7659,M02,3,9.6,10.3602123484,15
194,b8c4be4f866a65acd44b7659,M03,3,9.95,11.6134576887,21
194,b8c4be4f866a65acd44b7659,M04,3,9.11,11.0597708505,21
194,b8c4be4f866a65acd44b7659,M05,3,9.17,11.0878251002,21
194,b8c4be4f866a65acd44b7659,M06,3,12.41,14.3808989487,21
194,b8c4be4f866a65acd44b7659,M07,3,13.62,16.4031647099,30
194,b8c4be4f866a65acd44b7659,M08,3,18,20.9454263781,30
194,b8c4be4f866a65acd44b7659,M09,3,16.78,19.9021869167,30
194,b8c4be4f866a65acd44b7659,M10,3,19.62,21.7023684528,30
194,b8c4be4f866a65acd44b7659,M11,3,18.78,21.52672643,30
194,b8c4be4f866a65acd44b7659,M12,3,25.5,31.0513844301,45
194,b8c4be4f866a65acd44b7659,M13,3,25.36,31.0761772633,60
194,b8c4be4f866a65acd44b7659,M14,3,21.76,29.0029630738,60
194,b8c4be4f866a65acd44b7659,M15,3,25.68,31.2519734664,60
194,b8c4be4f866a65acd44b7659,M16,3,53.45,59.5692151343,100
194,b8c4be4f866a65acd44b7659,M17,3,7.09,7.90834946054,14
194,b8c4be4f866a65acd44b7659,M18,3,9.7,11.1234917355,21
194,b8c4be4f866a65acd44b7659,M19,3,8.51,9.75320047702,21
194,b8c4be4f866a65acd44b7659,M20,3,10.88,12.3032567992,20
194,b8c4be4f866a65acd44b7659,M21,3,8.04,9.55309178702,21
194,b8c4be4f866a65acd44b7659,M22,3,19.57,23.5082428944,45
194,b8c4be4f866a65acd44b7659,M23,3,16.53,20.7451855665,45
194,b8c4be4f866a65acd44b7659,M24,3,20.07,24.098937455,45
194,b8c4be4f866a65acd44b7659,M25,3,13.99,14.6847609804,20
194,b8c4be4f866a65acd44b7659,M26,3,12.67,13.8258018655,20
194,b8c4be4f866a65acd44b7659,M27,3,16.27,18.152974574,30
194,b8c4be4f866a65acd44b7659,M28,3,14.25,16.7413718645,30
194,b8c4be4f866a65acd44b7659,M29,3,16.25,18.2097924615,30
194,b8c4be4f866a65acd44b7659,M30,3,9.97,11.6348979144,21
195,2f3df9eedd2906c14ce0e5d6,M01,4,8.29,7.8101268796,10
195,2f3df9eedd2906c14ce0e5d6,M02,4,10.96,10.2710636994,15
195,2f3df9eedd2906c14ce0e5d6,M03,4,12.71,10.7886340808,21
195,2f3df9eedd2906c14ce0e5d6,M04,4,11.75,10.5634590227,21
195,2f3df9eedd2906c14ce0e5d6,M05,4,11.98,10.5840933705,21
195,2f3df9eedd2906c14ce0e5d6,M06,4,15.51,14.370718385,21
195,2f3df9eedd2906c14ce0e5d6,M07,4,17.81,16.3689868669,30
195,2f3df9eedd2906c14ce0e5d6,M08,4,22.07,20.5146361789,30
195,2f3df9eedd2906c14ce0e5d6,M09,4,20.74,19.667916092,30
195,2f3df9eedd2906c14ce0e5d6,M10,4,23.57,21.4734731554,30
195,2f3df9eedd2906c14ce0e5d6,M11,4,22.81,21.3252598651,30
195,2f3df9eedd2906c14ce0e5d6,M12,4,32.37,29.4719928483,45
195,2f3df9eedd2906c14ce0e5d6,M13,4,34.01,29.4666367361,60
195,2f3df9eedd2906c14ce0e5d6,M14,4,30.82,27.8524825118,60
195,2f3df9eedd2906c14ce0e5d6,M15,4,34.3,29.6731451212,60
195,2f3df9eedd2906c14ce0e5d6,M16,4,63.09,59.4310987425,100
195,2f3df9eedd2906c14ce0e5d6,M17,4,8.63,7.94595946169,14
195,2f3df9eedd2906c14ce0e5d6,M18,4,12.14,10.5911628467,21
195,2f3df9eedd2906c14ce0e5d6,M19,4,11.55,10.1054901316,21
195,2f3df9eedd2906c14ce0e5d6,M20,4,13.4,12.7459424302,20
195,2f3df9eedd2906c14ce0e5d6,M21,4,10.71,9.803911114,21
195,2f3df9eedd2906c14ce0e5d6,M22,4,27.92,25.0855018726,45
195,2f3df9eedd2906c14ce0e5d6,M23,4,24.38,22.1716297189,45
195,2f3df9eedd2906c14ce0e5d6,M24,4,28.54,25.4348376008,45
195,2f3df9eedd2906c14ce0e5d6,M25,4,15.76,14.5379849228,20
195,2f3df9eedd2906c14ce0e5d6,M26,4,14.55,13.8793440856,20
195,2f3df9eedd2906c14ce0e5d6,M27,4,19.93,17.7523869627,30
195,2f3df9eedd2906c14ce0e5d6,M28,4,18.16,16.6891976123,30
195,2f3df9eedd2906c14ce0e5d6,M29,4,19.88,17.7296556876,30
195,2f3df9eedd2906c14ce0e5d6,M30,4,12.75,10.7979017172,21
196,2c3353338941a5a1620123ce,M01,0,7.85,8.11499742236,10
196,2c3353338941a5a1620123ce,M02,0,10.46,10.5479984463,15
196,2c3353338941a5a1620123ce,M03,0,11.69,12.0466375059,21
196,2c3353338941a5a1620123ce,M04,0,10.75,11.3157923274,21
196,2c3353338941a5a1620123ce,M05,0,10.93,11.3645248757,21
196,2c3353338941a5a1620123ce,M06,0,14.46,14.9690793224,21
196,2c3353338941a5a1620123ce,M07,0,16.27,16.8252450565,30
196,2c3353338941a5a1620123ce,M08,0,20.61,21.4239916777,30
196,2c3353338941a5a1620123ce,M09,0,19.32,20.1273863904,30
196,2c3353338941a5a1620123ce,M10,0,22.17,22.3354543926,30
196,2c3353338941a5a1620123ce,M11,0,21.32,22.0730587546,30
196,2c3353338941a5a1620123ce,M12,0,29.95,31.234747952,45
196,2c3353338941a5a1620123ce,M13,0,31.18,31.7189673324,60
196,2c3353338941a5a1620123ce,M14,0,27.93,29.5150070615,60
196,2c3353338941a5a1620123ce,M15,0,31.1,31.8100667917,60
196,2c3353338941a5a1620123ce,M16,0,60.08,61.0695804451,100
196,2c3353338941a5a1620123ce,M17,0,8.07,8.27026207808,14
196,2c3353338941a5a1620123ce,M18,0,11.22,11.43408423,21
196,2c3353338941a5a1620123ce,M19,0,10.69,10.3478196314,21
196,2c3353338941a5a1620123ce,M20,0,12.8,12.6654663996,20
196,2c3353338941a5a1620123ce,M21,0,9.97,9.90558601602,21
196,2c3353338941a5a1620123ce,M22,0,25.72,25.2414952541,45
196,2c3353338941a5a1620123ce,M23,0,22.29,22.2253739666,45
196,2c3353338941a5a1620123ce,M24,0,26.08,25.305820908,45
196,2c3353338941a5a1620123ce,M25,0,15.15,15.1319819618,20
196,2c3353338941a5a1620123ce,M26,0,13.94,14.1084932776,20
196,2c3353338941a5a1620123ce,M27,0,18.7,18.8963595289,30
196,2c3353338941a5a1620123ce,M28,0,16.87,17.1794342238,30
196,2c3353338941a5a1620123ce,M29,0,18.51,18.9160845824,30
196,2c3353338941a5a1620123ce,M30,0,11.73,12.0666720713,21
198,21c96a0876123a4a80b11e73,M01,2,4.47,5.31375287386,10
198,21c96a0876123a4a80b11e73,M02,2,6.01,6.52882216811,15
198,21c96a0876123a4a80b11e73,M03,2,5.2,5.65650275577,21
198,21c96a0876123a4a80b11e73,M04,2,5.02,5.55774635534,21
198,21c96a0876123a4a80b11e73,M05,2,4.53,5.40132057416,21
198,21c96a0876123a4a80b11e73,M06,2,6.58,7.84823226118,21
198,21c96a0876123a4a80b11e73,M07,2,6.61,7.95100802502,30
198,21c96a0876123a4a80b11e73,M08,2,8.3,10.3088769276,30
198,21c96a0876123a4a80b11e73,M09,2,7.39,9.5461350678,30
198,21c96a0876123a4a80b11e73,M10,2,9.9,10.6982585278,30
198,21c96a0876123a4a80b11e73,M11,2,9.29,10.3156386021,30
198,21c96a0876123a4a80b11e73,M12,2,9.62,11.71845118,45
198,21c96a0876123a4a80b11e73,M13,2,9.96,11.5768489397,60
198,21c96a0876123a4a80b11e73,M14,2,7.11,10.788210362,60
198,21c96a0876123a4a80b11e73,M15,2,9.85,11.5453327696,60
198,21c96a0876123a4a80b11e73,M16,2,16.84,26.0223245718,100
198,21c96a0876123a4a80b11e73,M17,2,3.67,3.92897574618,14
198,21c96a0876123a4a80b11e73,M18,2,5.64,5.66968254082,21
198,21c96a0876123a4a80b11e73,M19,2,4.4,5.22863992848,21
198,21c96a0876123a4a80b11e73,M20,2,5.64,7.35615528105,20
198,21c96a0876123a4a80b11e73,M21,2,4.59,5.28492463769,21
198,21c96a0876123a4a80b11e73,M22,2,8.01,9.6380934769,45
198,21c96a0876123a4a80b11e73,M23,2,6.73,8.6742981947,45
198,21c96a0876123a4a80b11e73,M24,2,7.85,9.54672045737,45
198,21c96a0876123a4a80b11e73,M25,2,8.51,9.26428645455,20
198,21c96a0876123a4a80b11e73,M26,2,7.23,8.68633351374,20
198,21c96a0876123a4a80b11e73,M27,2,8.35,9.5353330766,30
198,21c96a0876123a4a80b11e73,M28,2,7.21,8.46850512758,30
198,21c96a0876123a4a80b11e73,M29,2,8.31,9.43774297721,30
198,21c96a0876123a4a80b11e73,M30,2,5.4,5.64406538809,21
199,c70e593c2e631310bfe805a0,M01,3,6.4,6.4384876284,10
199,c70e593c2e631310bfe805a0,M02,3,8.98,8.77332870629,15
199,c70e593c2e631310bfe805a0,M03,3,8.83,8.59198173832,21
199,c70e593c2e631310bfe805a0,M04,3,8.22,8.18862951494,21
199,c70e593c2e631310bfe805a0,M05,3,7.93,8.02755829563,21
199,c70e593c2e631310bfe805a0,M06,3,10.73,10.8019136961,21
199,c70e593c2e631310bfe805a0,M07,3,12.34,11.9037706925,30
199,c70e593c2e631310bfe805a0,M08,3,16.56,16.1255091368,30
199,c70e593c2e631310bfe805a0,M09,3,15.35,15.4041154337,30
199,c70e593c2e631310bfe805a0,M10,3,18.19,17.1561798015,30
199,c70e593c2e631310bfe805a0,M11,3,16.99,16.6666934647,30
199,c70e593c2e631310bfe805a0,M12,3,22.72,21.7374845569,45
199,c70e593c2e631310bfe805a0,M13,3,20.65,21.0650483933,60
199,c70e593c2e631310bfe805a0,M14,3,17.56,17.8134026935,60
199,c70e593c2e631310bfe805a0,M15,3,22.1,21.6459340111,60
199,c70e593c2e631310bfe805a0,M16,3,47,46.951730624,100
199,c70e593c2e631310bfe805a0,M17,3,6.64,6.34463973581,14
199,c70e593c2e631310bfe805a0,M18,3,8.88,8.54118719767,21
199,c70e593c2e631310bfe805a0,M19,3,6.87,6.28255703549,21
199,c70e593c2e631310bfe805a0,M20,3,10.33,8.89209005707,20
199,c70e593c2e631310bfe805a0,M21,3,7.04,6.27706651802,21
199,c70e593c2e631310bfe805a0,M22,3,16.45,14.4505744581,45
199,c70e593c2e631310bfe805a0,M23,3,13.17,11.8834376643,45
199,c70e593c2e631310bfe805a0,M24,3,20.03,14.6558450762,45
199,c70e593c2e631310bfe805a0,M25,3,12.68,12.5805950321,20
199,c70e593c2e631310bfe805a0,M26,3,11.44,11.6301127951,20
199,c70e593c2e631310bfe805a0,M27,3,13.79,13.9830265351,30
199,c70e593c2e631310bfe805a0,M28,3,11.94,12.0206423778,30
199,c70e593c2e631310bfe805a0,M29,3,14.3,14.1556188626,30
199,c70e593c2e631310bfe805a0,M30,3,8.35,8.57541981213,21
200,1157dca77a3505f7c3391cf1,M01,1,4.74,5.08165976527,10
200,1157dca77a3505f7c3391cf1,M02,1,6.47,6.41447076522,15
200,1157dca77a3505f7c3391cf1,M03,1,5.4,5.63564129958,21
200,1157dca77a3505f7c3391cf1,M04,1,5.17,5.4262105511,21
200,1157dca77a3505f7c3391cf1,M05,1,5.05,5.30578416185,21
200,1157dca77a3505f7c3391cf1,M06,1,6.93,8.06366093077,21
200,1157dca77a3505f7c3391cf1,M07,1,7.04,8.41523866186,30
200,1157dca77a3505f7c3391cf1,M08,1,9.63,9.85315741826,30
200,1157dca77a3505f7c3391cf1,M09,1,8.62,9.36570109169,30
200,1157dca77a3505f7c3391cf1,M10,1,11.14,10.1243944112,30
200,1157dca77a3505f7c3391cf1,M11,1,10.24,9.77903094763,30
200,1157dca77a3505f7c3391cf1,M12,1,12.17,11.9813351293,45
200,1157dca77a3505f7c3391cf1,M13,1,11.56,11.6879297628,60
200,1157dca77a3505f7c3391cf1,M14,1,9.23,11.1325315081,60
200,1157dca77a3505f7c3391cf1,M15,1,11.53,11.9437970257,60
200,1157dca77a3505f7c3391cf1,M16,1,22.81,34.2922291754,100
200,1157dca77a3505f7c3391cf1,M17,1,3.61,4.33284752686,14
200,1157dca77a3505f7c3391cf1,M18,1,5.52,5.58046277117,21
200,1157dca77a3505f7c3391cf1,M19,1,4.69,5.15090944106,21
200,1157dca77a3505f7c3391cf1,M20,1,5.9,7.33764735582,20
200,1157dca77a3505f7c3391cf1,M21,1,4.66,5.11050995496,21
200,1157dca77a3505f7c3391cf1,M22,1,8.57,9.23215148315,45
200,1157dca77a3505f7c3391cf1,M23,1,7.23,8.68871666624,45
200,1157dca77a3505f7c3391cf1,M24,1,8.31,9.07887901994,45
200,1157dca77a3505f7c3391cf1,M25,1,8.23,10.1558084891,20
200,1157dca77a3505f7c3391cf1,M26,1,7.63,9.46515164223,20
200,1157dca77a3505f7c3391cf1,M27,1,8.29,9.16878897529,30
200,1157dca77a3505f7c3391cf1,M28,1,7.68,8.59876640269,30
200,1157dca77a3505f7c3391cf1,M29,1,8.65,9.05590111043,30
200,1157dca77a3505f7c3391cf1,M30,1,5.39,5.64554994477,21
201,a163f7a7711eeffb4a750ec3,M01,3,6.74,5.87595780166,10
201,a163f7a7711eeffb4a750ec3,M02,3,9.03,7.15583279452,15
201,a163f7a7711eeffb4a750ec3,M03,3,8.85,6.56220133845,21
201,a163f7a7711eeffb4a750ec3,M04,3,7.72,6.27628226703,21
201,a163f7a7711eeffb4a750ec3,M05,3,7.71,6.17743374677,21
201,a163f7a7711eeffb4a750ec3,M06,3,11.05,8.30928621342,21
201,a163f7a7711eeffb4a750ec3,M07,3,11.89,8.70821453559,30
201,a163f7a7711eeffb4a750ec3,M08,3,16.17,12.6172636797,30
201,a163f7a7711eeffb4a750ec3,M09,3,14.42,12.0613825193,30
201,a163f7a7711eeffb4a750ec3,M10,3,17.85,12.9288874665,30
201,a163f7a7711eeffb4a750ec3,M11,3,16.59,12.5311258657,30
201,a163f7a7711eeffb4a750ec3,M12,3,22.44,15.3044767268,45
201,a163f7a7711eeffb4a750ec3,M13,3,21.46,14.7298799275,60
201,a163f7a7711eeffb4a750ec3,M14,3,17.83,14.322711582,60
201,a163f7a7711eeffb4a750ec3,M15,3,21.83,15.0840839483,60
201,a163f7a7711eeffb4a750ec3,M16,3,48.01,33.7847684502,100
201,a163f7a7711eeffb4a750ec3,M17,3,6.07,5.296949154,14
201,a163f7a7711eeffb4a750ec3,M18,3,8.36,6.32022866455,21
201,a163f7a7711eeffb4a750ec3,M19,3,6.36,5.89659770093,21
201,a163f7a7711eeffb4a750ec3,M20,3,8.64,7.84715561047,20
201,a163f7a7711eeffb4a750ec3,M21,3,5.99,5.8108768152,21
201,a163f7a7711eeffb4a750ec3,M22,3,13.5,11.5915859336,45
201,a163f7a7711eeffb4a750ec3,M23,3,11.51,10.3269201079,45
201,a163f7a7711eeffb4a750ec3,M24,3,13.61,11.4938230532,45
201,a163f7a7711eeffb4a750ec3,M25,3,13.24,10.4717083444,20
201,a163f7a7711eeffb4a750ec3,M26,3,11.83,9.89895012966,20
201,a163f7a7711eeffb4a750ec3,M27,3,14.57,11.212206407,30
201,a163f7a7711eeffb4a750ec3,M28,3,12.44,10.0538234334,30
201,a163f7a7711eeffb4a750ec3,M29,3,14.17,11.1020599673,30
201,a163f7a7711eeffb4a750ec3,M30,3,8.83,6.54953761933,21
202,f217da90d1070a3bbaec6996,M01,3,8.03,8.17193631092,10
202,f217da90d1070a3bbaec6996,M02,3,10.63,10.7385704369,15
202,f217da90d1070a3bbaec6996,M03,3,12.03,12.1350530826,21
202,f217da90d1070a3bbaec6996,M04,3,11.09,11.487802047,21
202,f217da90d1070a3bbaec6996,M05,3,11.24,11.5546313184,21
202,f217da90d1070a3bbaec6996,M06,3,14.84,15.0185882521,21
202,f217da90d1070a3bbaec6996,M07,3,16.78,17.0684717999,30
202,f217da90d1070a3bbaec6996,M08,3,21.09,21.7257871555,30
202,f217da90d1070a3bbaec6996,M09,3,19.8,20.4828725808,30
202,f217da90d1070a3bbaec6996,M10,3,22.62,22.6593512512,30
202,f217da90d1070a3bbaec6996,M11,3,21.78,22.4665999386,30
202,f217da90d1070a3bbaec6996,M12,3,30.72,31.7719454001,45
202,f217da90d1070a3bbaec6996,M13,3,32.12,32.0418320584,60
202,f217da90d1070a3bbaec6996,M14,3,28.82,29.9658398092,60
202,f217da90d1070a3bbaec6996,M15,3,32.04,32.1310334028,60
202,f217da90d1070a3bbaec6996,M16,3,61.1,61.7719640849,100
202,f217da90d1070a3bbaec6996,M17,3,8.25,8.28006129607,14
202,f217da90d1070a3bbaec6996,M18,3,11.54,11.5799565549,21
202,f217da90d1070a3bbaec6996,M19,3,10.59,10.7559251874,21
202,f217da90d1070a3bbaec6996,M20,3,12.69,12.7538210062,20
202,f217da90d1070a3bbaec6996,M21,3,9.82,10.3896718931,21
202,f217da90d1070a3bbaec6996,M22,3,25.22,26.3184353006,45
202,f217da90d1070a3bbaec6996,M23,3,21.73,23.0244512419,45
202,f217da90d1070a3bbaec6996,M24,3,25.6,26.2733263443,45
202,f217da90d1070a3bbaec6996,M25,3,15.37,15.2064937352,20
202,f217da90d1070a3bbaec6996,M26,3,14.14,14.2426841807,20
202,f217da90d1070a3bbaec6996,M27,3,19.14,19.0218121215,30
202,f217da90d1070a3bbaec6996,M28,3,17.29,17.3951011088,30
202,f217da90d1070a3bbaec6996,M29,3,18.94,19.0044095696,30
202,f217da90d1070a3bbaec6996,M30,3,12.07,12.1627899147,21
203,cd59d3604f71cc60f2c12594,M01,1,4.82,4.88942631703,10
203,cd59d3604f71cc60f2c12594,M02,1,6.23,5.81725406323,15
203,cd59d3604f71cc60f2c12594,M03,1,5.39,5.33791468557,21
203,cd59d3604f71cc60f2c12594,M04,1,5.09,5.07935264945,21
203,cd59d3604f71cc60f2c12594,M05,1,4.98,4.92029786069,21
203,cd59d3604f71cc60f2c12594,M06,1,6.87,6.74889354387,21
203,cd59d3604f71cc60f2c12594,M07,1,6.84,6.46791001256,30
203,cd59d3604f71cc60f2c12594,M08,1,8.53,7.89713732994,30
203,cd59d3604f71cc60f2c12594,M09,1,7.33,7.46310758425,30
203,cd59d3604f71cc60f2c12594,M10,1,10.19,8.10926784819,30
203,cd59d3604f71cc60f2c12594,M11,1,9.15,7.87773501866,30
203,cd59d3604f71cc60f2c12594,M12,1,10.07,8.2967061221,45
203,cd59d3604f71cc60f2c12594,M13,1,10.54,8.53741397716,60
203,cd59d3604f71cc60f2c12594,M14,1,7.82,7.57137203839,60
203,cd59d3604f71cc60f2c12594,M15,1,10.4,8.67365426239,60
203,cd59d3604f71cc60f2c12594,M16,1,18.47,17.2527521592,100
203,cd59d3604f71cc60f2c12594,M17,1,3.41,3.70072998681,14
203,cd59d3604f71cc60f2c12594,M18,1,5.51,5.21327007605,21
203,cd59d3604f71cc60f2c12594,M19,1,4.75,4.92854542647,21
203,cd59d3604f71cc60f2c12594,M20,1,6.39,6.24670433748,20
203,cd59d3604f71cc60f2c12594,M21,1,4.88,4.87879955367,21
203,cd59d3604f71cc60f2c12594,M22,1,8.42,7.97389656666,45
203,cd59d3604f71cc60f2c12594,M23,1,6.78,7.18048065913,45
203,cd59d3604f71cc60f2c12594,M24,1,8.35,7.98681381629,45
203,cd59d3604f71cc60f2c12594,M25,1,9.29,7.65373087017,20
203,cd59d3604f71cc60f2c12594,M26,1,7.49,7.14636066726,20
203,cd59d3604f71cc60f2c12594,M27,1,8.9,8.24787704172,30
203,cd59d3604f71cc60f2c12594,M28,1,7.38,7.3992597287,30
203,cd59d3604f71cc60f2c12594,M29,1,8.56,8.22003079005,30
203,cd59d3604f71cc60f2c12594,M30,1,5.39,5.35219875216,21
205,349160f21ef26f3bd10c02df,M01,4,4.74,6.25591949604,10
205,349160f21ef26f3bd10c02df,M02,4,6.42,7.61433993785,15
205,349160f21ef26f3bd10c02df,M03,4,5.35,7.22528777316,21
205,349160f21ef26f3bd10c02df,M04,4,5.11,6.87614134102,21
205,349160f21ef26f3bd10c02df,M05,4,4.95,6.70356083087,21
205,349160f21ef26f3bd10c02df,M06,4,6.78,9.53344912433,21
205,349160f21ef26f3bd10c02df,M07,4,6.97,9.91066960074,30
205,349160f21ef26f3bd10c02df,M08,4,9.62,13.9327080431,30
205,349160f21ef26f3bd10c02df,M09,4,8.56,13.2950247317,30
205,349160f21ef26f3bd10c02df,M10,4,11.03,14.4712135112,30
205,349160f21ef26f3bd10c02df,M11,4,10.08,14.0341713658,30
205,349160f21ef26f3bd10c02df,M12,4,12.16,17.0557597212,45
205,349160f21ef26f3bd10c02df,M13,4,11.54,16.7115324027,60
205,349160f21ef26f3bd10c02df,M14,4,9.65,15.7155834528,60
205,349160f21ef26f3bd10c02df,M15,4,11.38,16.9935758418,60
205,349160f21ef26f3bd10c02df,M16,4,24.02,37.6711367044,100
205,349160f21ef26f3bd10c02df,M17,4,3.49,5.59182663733,14
205,349160f21ef26f3bd10c02df,M18,4,5.44,7.01446473621,21
205,349160f21ef26f3bd10c02df,M19,4,4.67,6.00443839044,21
205,349160f21ef26f3bd10c02df,M20,4,5.93,8.34111765933,20
205,349160f21ef26f3bd10c02df,M21,4,4.63,5.9681867828,21
205,349160f21ef26f3bd10c02df,M22,4,8.56,12.5151114201,45
205,349160f21ef26f3bd10c02df,M23,4,7.51,10.9053022464,45
205,349160f21ef26f3bd10c02df,M24,4,8.24,12.548336982,45
205,349160f21ef26f3bd10c02df,M25,4,11.52,11.4703360016,20
205,349160f21ef26f3bd10c02df,M26,4,10.36,10.5393468236,20
205,349160f21ef26f3bd10c02df,M27,4,11.5,12.3713501838,30
205,349160f21ef26f3bd10c02df,M28,4,10.06,10.8725389481,30
205,349160f21ef26f3bd10c02df,M29,4,11.23,12.3897547329,30
205,349160f21ef26f3bd10c02df,M30,4,7.25,7.25824450348,21
208,7e8108e8aa1d6afff73a1bc0,M01,2,8.55,8.13729910407,10
208,7e8108e8aa1d6afff73a1bc0,M02,2,11.25,10.6963661818,15
208,7e8108e8aa1d6afff73a1bc0,M03,2,13.28,11.9543557825,21
208,7e8108e8aa1d6afff73a1bc0,M04,2,12.21,11.3073972067,21
208,7e8108e8aa1d6afff73a1bc0,M05,2,12.42,11.3409489081,21
208,7e8108e8aa1d6afff73a1bc0,M06,2,15.99,14.9174259272,21
208,7e8108e8aa1d6afff73a1bc0,M07,2,18.67,16.9606208785,30
208,7e8108e8aa1d6afff73a1bc0,M08,2,22.86,21.5053050391,30
208,7e8108e8aa1d6afff73a1bc0,M09,2,21.4,20.2577358648,30
208,7e8108e8aa1d6afff73a1bc0,M10,2,24.34,22.4719889561,30
208,7e8108e8aa1d6afff73a1bc0,M11,2,23.35,22.2811600871,30
208,7e8108e8aa1d6afff73a1bc0,M12,2,33.7,31.4818164457,45
208,7e8108e8aa1d6afff73a1bc0,M13,2,35.29,31.9049064244,60
208,7e8108e8aa1d6afff73a1bc0,M14,2,32.2,29.3701001452,60
208,7e8108e8aa1d6afff73a1bc0,M15,2,35.95,32.0413131351,60
208,7e8108e8aa1d6afff73a1bc0,M16,2,64.53,61.4763780017,100
208,7e8108e8aa1d6afff73a1bc0,M17,2,8.85,8.3315739655,14
208,7e8108e8aa1d6afff73a1bc0,M18,2,12.58,11.3861075579,21
208,7e8108e8aa1d6afff73a1bc0,M19,2,12.35,10.62827307,21
208,7e8108e8aa1d6afff73a1bc0,M20,2,13.74,12.7563696759,20
208,7e8108e8aa1d6afff73a1bc0,M21,2,10.87,10.1160572491,21
208,7e8108e8aa1d6afff73a1bc0,M22,2,28.99,25.2286373493,45
208,7e8108e8aa1d6afff73a1bc0,M23,2,25.5,22.275144249,45
208,7e8108e8aa1d6afff73a1bc0,M24,2,29.43,25.567233059,45
208,7e8108e8aa1d6afff73a1bc0,M25,2,16.1,15.1046191388,20
208,7e8108e8aa1d6afff73a1bc0,M26,2,14.86,14.1434536261,20
208,7e8108e8aa1d6afff73a1bc0,M27,2,20.51,18.8965754218,30
208,7e8108e8aa1d6afff73a1bc0,M28,2,18.75,17.2200229993,30
208,7e8108e8aa1d6afff73a1bc0,M29,2,20.14,18.893505596,30
208,7e8108e8aa1d6afff73a1bc0,M30,2,13.33,11.9622784427,21
209,ae21572dff8704af71227db3,M01,1,4.61,5.47050265259,10
209,ae21572dff8704af71227db3,M02,1,6.12,6.86649063383,15
209,ae21572dff8704af71227db3,M03,1,5.16,6.20772373632,21
209,ae21572dff8704af71227db3,M04,1,4.97,5.80468259858,21
209,ae21572dff8704af71227db3,M05,1,4.82,5.68864278645,21
209,ae21572dff8704af71227db3,M06,1,6.57,7.70319843646,21
209,ae21572dff8704af71227db3,M07,1,6.58,8.00638552745,30
209,ae21572dff8704af71227db3,M08,1,8.71,11.2469620068,30
209,ae21572dff8704af71227db3,M09,1,7.8,10.5316741794,30
209,ae21572dff8704af71227db3,M10,1,10.15,11.531205087,30
209,ae21572dff8704af71227db3,M11,1,9.23,11.0154440401,30
209,ae21572dff8704af71227db3,M12,1,10.67,13.0224842561,45
209,ae21572dff8704af71227db3,M13,1,10.54,12.7835890736,60
209,ae21572dff8704af71227db3,M14,1,8.54,12.2560740114,60
209,ae21572dff8704af71227db3,M15,1,10.42,12.994244549,60
209,ae21572dff8704af71227db3,M16,1,20.19,30.0640992211,100
209,ae21572dff8704af71227db3,M17,1,3.11,4.49577836314,14
209,ae21572dff8704af71227db3,M18,1,5.29,5.87952125564,21
209,ae21572dff8704af71227db3,M19,1,4.6,5.30919928817,21
209,ae21572dff8704af71227db3,M20,1,5.7,7.12593812018,20
209,ae21572dff8704af71227db3,M21,1,4.57,5.23324417978,21
209,ae21572dff8704af71227db3,M22,1,8.47,10.2101449548,45
209,ae21572dff8704af71227db3,M23,1,7.13,9.13817199117,45
209,ae21572dff8704af71227db3,M24,1,7.91,10.1327616204,45
209,ae21572dff8704af71227db3,M25,1,11.76,10.0121876949,20
209,ae21572dff8704af71227db3,M26,1,10.1,9.30469259103,20
209,ae21572dff8704af71227db3,M27,1,11.71,10.3751953742,30
209,ae21572dff8704af71227db3,M28,1,9.67,9.28235784735,30
209,ae21572dff8704af71227db3,M29,1,12.36,10.2622651033,30
209,ae21572dff8704af71227db3,M30,1,7.13,6.23558011896,21
210,f64cb299dc715625ad27bbf2,M01,2,8.08,7.69465340195,10
210,f64cb299dc715625ad27bbf2,M02,2,10.81,10.136212206,15
210,f64cb299dc715625ad27bbf2,M03,2,12.48,10.726358078,21
210,f64cb299dc715625ad27bbf2,M04,2,11.6,10.3845493647,21
210,f64cb299dc715625ad27bbf2,M05,2,11.79,10.4254840261,21
210,f64cb299dc715625ad27bbf2,M06,2,15.15,13.7917688307,21
210,f64cb299dc715625ad27bbf2,M07,2,17.51,15.494840776,30
210,f64cb299dc715625ad27bbf2,M08,2,21.76,19.8922942766,30
210,f64cb299dc715625ad27bbf2,M09,2,20.55,18.8330434958,30
210,f64cb299dc715625ad27bbf2,M10,2,23.21,20.5484500172,30
210,f64cb299dc715625ad27bbf2,M11,2,22.53,20.3386183535,30
210,f64cb299dc715625ad27bbf2,M12,2,31.96,28.6630237146,45
210,f64cb299dc715625ad27bbf2,M13,2,33.19,28.5937299985,60
210,f64cb299dc715625ad27bbf2,M14,2,30.16,26.0494825685,60
210,f64cb299dc715625ad27bbf2,M15,2,33.71,28.8138925023,60
210,f64cb299dc715625ad27bbf2,M16,2,62.29,57.7211223977,100
210,f64cb299dc715625ad27bbf2,M17,2,8.51,7.78282032623,14
210,f64cb299dc715625ad27bbf2,M18,2,11.99,10.4338124244,21
210,f64cb299dc715625ad27bbf2,M19,2,10.97,9.26122744618,21
210,f64cb299dc715625ad27bbf2,M20,2,13.16,11.9060342227,20
210,f64cb299dc715625ad27bbf2,M21,2,10.59,9.03358072905,21
210,f64cb299dc715625ad27bbf2,M22,2,27.2,21.3509686423,45
210,f64cb299dc715625ad27bbf2,M23,2,23.96,18.6081768397,45
210,f64cb299dc715625ad27bbf2,M24,2,27.1,22.9874894799,45
210,f64cb299dc715625ad27bbf2,M25,2,15.51,14.2560186989,20
210,f64cb299dc715625ad27bbf2,M26,2,14.33,13.5406021105,20
210,f64cb299dc715625ad27bbf2,M27,2,19.51,17.5858366734,30
210,f64cb299dc715625ad27bbf2,M28,2,17.79,15.8835683232,30
210,f64cb299dc715625ad27bbf2,M29,2,19.51,17.5966116965,30
210,f64cb299dc715625ad27bbf2,M30,2,12.52,10.7431500497,21
211,777595a9cfdca90527f5358e,M01,4,6.91,7.67578746456,10
211,777595a9cfdca90527f5358e,M02,4,9.36,10.6026663693,15
211,777595a9cfdca90527f5358e,M03,4,9.52,10.8356776831,21
211,777595a9cfdca90527f5358e,M04,4,8.63,10.5351799469,21
211,777595a9cfdca90527f5358e,M05,4,8.26,10.5679801928,21
211,777595a9cfdca90527f5358e,M06,4,11.82,13.9647632394,21
211,777595a9cfdca90527f5358e,M07,4,13,15.551721909,30
211,777595a9cfdca90527f5358e,M08,4,17.42,20.2209945586,30
211,777595a9cfdca90527f5358e,M09,4,16.12,19.1062483217,30
211,777595a9cfdca90527f5358e,M10,4,18.98,20.9632124944,30
211,777595a9cfdca90527f5358e,M11,4,17.54,20.6731694791,30
211,777595a9cfdca90527f5358e,M12,4,24.62,28.8754967154,45
211,777595a9cfdca90527f5358e,M13,4,24.03,28.9074685184,60
211,777595a9cfdca90527f5358e,M14,4,20.69,26.2194548788,60
211,777595a9cfdca90527f5358e,M15,4,24.26,28.9663440321,60
211,777595a9cfdca90527f5358e,M16,4,51.99,57.3914822924,100
211,777595a9cfdca90527f5358e,M17,4,6.98,7.68788840118,14
211,777595a9cfdca90527f5358e,M18,4,9.65,10.5823735136,21
211,777595a9cfdca90527f5358e,M19,4,6.81,9.07400159693,21
211,777595a9cfdca90527f5358e,M20,4,9.78,11.1382635507,20
211,777595a9cfdca90527f5358e,M21,4,7.07,8.94409481705,21
211,777595a9cfdca90527f5358e,M22,4,16.52,21.6801370394,45
211,777595a9cfdca90527f5358e,M23,4,14.06,19.2102261615,45
211,777595a9cfdca90527f5358e,M24,4,16.82,21.7336261924,45
211,777595a9cfdca90527f5358e,M25,4,12.66,14.4678050619,20
211,777595a9cfdca90527f5358e,M26,4,11.36,13.5569192269,20
211,777595a9cfdca90527f5358e,M27,4,13.65,17.8399889321,30
211,777595a9cfdca90527f5358e,M28,4,11.75,15.9489071618,30
211,777595a9cfdca90527f5358e,M29,4,13.89,17.7983680142,30
211,777595a9cfdca90527f5358e,M30,4,8.12,10.8680383516,21
212,d69a1a66fdf392a9c7131312,M01,1,8.57,8.89409659473,10
212,d69a1a66fdf392a9c7131312,M02,1,11.27,11.8357591663,15
212,d69a1a66fdf392a9c7131312,M03,1,13.41,13.6471013486,21
212,d69a1a66fdf392a9c7131312,M04,1,12.53,12.9473018354,21
212,d69a1a66fdf392a9c7131312,M05,1,12.72,13.0309869399,21
212,d69a1a66fdf392a9c7131312,M06,1,16.23,16.3553426675,21
212,d69a1a66fdf392a9c7131312,M07,1,18.94,19.7446099223,30
212,d69a1a66fdf392a9c7131312,M08,1,23.06,22.9949138436,30
212,d69a1a66fdf392a9c7131312,M09,1,21.87,21.8643373985,30
212,d69a1a66fdf392a9c7131312,M10,1,24.48,24.1627196337,30
212,d69a1a66fdf392a9c7131312,M11,1,23.77,24.0136761249,30
212,d69a1a66fdf392a9c7131312,M12,1,34.2,35.9787131178,45
212,d69a1a66fdf392a9c7131312,M13,1,36.18,36.7811533886,60
212,d69a1a66fdf392a9c7131312,M14,1,33.34,35.6997044074,60
212,d69a1a66fdf392a9c7131312,M15,1,36.34,36.9778433993,60
212,d69a1a66fdf392a9c7131312,M16,1,65.49,67.1214643546,100
212,d69a1a66fdf392a9c7131312,M17,1,9.01,9.19317876041,14
212,d69a1a66fdf392a9c7131312,M18,1,12.84,12.9255533656,21
212,d69a1a66fdf392a9c7131312,M19,1,12.49,12.848724247,21
212,d69a1a66fdf392a9c7131312,M20,1,14.21,14.1051330809,20
212,d69a1a66fdf392a9c7131312,M21,1,11.48,12.0424241388,21
212,d69a1a66fdf392a9c7131312,M22,1,30.18,29.0605794064,45
212,d69a1a66fdf392a9c7131312,M23,1,26.59,27.190557094,45
212,d69a1a66fdf392a9c7131312,M24,1,30.73,29.2307239379,45
212,d69a1a66fdf392a9c7131312,M25,1,16.17,16.1255514632,20
212,d69a1a66fdf392a9c7131312,M26,1,14.94,15.3109236511,20
212,d69a1a66fdf392a9c7131312,M27,1,20.79,21.0057857099,30
212,d69a1a66fdf392a9c7131312,M28,1,19.1,19.9374691192,30
212,d69a1a66fdf392a9c7131312,M29,1,20.6,20.9392391489,30
212,d69a1a66fdf392a9c7131312,M30,1,13.47,13.6695659067,21
213,a9ddfab67a2904172e0f1116,M01,0,6.66,6.71453900434,10
213,a9ddfab67a2904172e0f1116,M02,0,8.83,8.51501516063,15
213,a9ddfab67a2904172e0f1116,M03,0,8.5,8.37968073644,21
213,a9ddfab67a2904172e0f1116,M04,0,7.69,7.82372436657,21
213,a9ddfab67a2904172e0f1116,M05,0,7.6,7.78062336672,21
213,a9ddfab67a2904172e0f1116,M06,0,10.78,10.2939777381,21
213,a9ddfab67a2904172e0f1116,M07,0,11.41,10.8045286709,30
213,a9ddfab67a2904172e0f1116,M08,0,15.67,15.3975545697,30
213,a9ddfab67a2904172e0f1116,M09,0,14.44,14.8779126127,30
213,a9ddfab67a2904172e0f1116,M10,0,17.3,16.0133677861,30
213,a9ddfab67a2904172e0f1116,M11,0,16.33,15.6179268942,30
213,a9ddfab67a2904172e0f1116,M12,0,21.58,20.7078207751,45
213,a9ddfab67a2904172e0f1116,M13,0,20.85,20.2376909889,60
213,a9ddfab67a2904172e0f1116,M14,0,17.33,19.0360410729,60
213,a9ddfab67a2904172e0f1116,M15,0,20.83,20.6538932172,60
213,a9ddfab67a2904172e0f1116,M16,0,47.11,38.8431277128,100
213,a9ddfab67a2904172e0f1116,M17,0,6.11,6.13190519531,14
213,a9ddfab67a2904172e0f1116,M18,0,8.33,7.84128621084,21
213,a9ddfab67a2904172e0f1116,M19,0,5.78,6.04366756875,21
213,a9ddfab67a2904172e0f1116,M20,0,7.93,8.49000785068,20
213,a9ddfab67a2904172e0f1116,M21,0,5.57,6.01135421024,21
213,a9ddfab67a2904172e0f1116,M22,0,12.13,13.4406864665,45
213,a9ddfab67a2904172e0f1116,M23,0,10.45,11.6830357747,45
213,a9ddfab67a2904172e0f1116,M24,0,11.98,13.502357468,45
213,a9ddfab67a2904172e0f1116,M25,0,13.07,11.9621269076,20
213,a9ddfab67a2904172e0f1116,M26,0,11.67,11.2700741444,20
213,a9ddfab67a2904172e0f1116,M27,0,14.29,13.5863068163,30
213,a9ddfab67a2904172e0f1116,M28,0,12.18,11.7784829285,30
213,a9ddfab67a2904172e0f1116,M29,0,16.64,13.6392718379,30
213,a9ddfab67a2904172e0f1116,M30,0,8.52,8.39873824432,21
214,c27fe310a5abf32c690a710e,M01,4,6.75,6.83626195781,10
214,c27fe310a5abf32c690a710e,M02,4,9.41,9.08329134167,15
214,c27fe310a5abf32c690a710e,M03,4,9.67,9.02322262466,21
214,c27fe310a5abf32c690a710e,M04,4,9.06,8.78312042949,21
214,c27fe310a5abf32c690a710e,M05,4,8.8,8.74486819675,21
214,c27fe310a5abf32c690a710e,M06,4,11.53,12.021333541,21
214,c27fe310a5abf32c690a710e,M07,4,13.28,13.3206708431,30
214,c27fe310a5abf32c690a710e,M08,4,17.66,16.560956611,30
214,c27fe310a5abf32c690a710e,M09,4,16.76,15.8098205202,30
214,c27fe310a5abf32c690a710e,M10,4,19.23,17.0118499616,30
214,c27fe310a5abf32c690a710e,M11,4,18.33,16.5169801122,30
214,c27fe310a5abf32c690a710e,M12,4,25.13,23.5508500213,45
214,c27fe310a5abf32c690a710e,M13,4,23.48,22.8076317669,60
214,c27fe310a5abf32c690a710e,M14,4,20.35,20.8001175943,60
214,c27fe310a5abf32c690a710e,M15,4,24.93,23.5356411375,60
214,c27fe310a5abf32c690a710e,M16,4,51.18,51.1523957096,100
214,c27fe310a5abf32c690a710e,M17,4,7.02,6.81862279898,14
214,c27fe310a5abf32c690a710e,M18,4,9.71,8.90000510228,21
214,c27fe310a5abf32c690a710e,M19,4,6.6,7.16197280732,21
214,c27fe310a5abf32c690a710e,M20,4,9.57,10.1569174306,20
214,c27fe310a5abf32c690a710e,M21,4,6.86,7.1414080615,21
214,c27fe310a5abf32c690a710e,M22,4,15.66,15.870984253,45
214,c27fe310a5abf32c690a710e,M23,4,12.8,14.1171644674,45
214,c27fe310a5abf32c690a710e,M24,4,17.69,16.6842029398,45
214,c27fe310a5abf32c690a710e,M25,4,13.32,12.8486468509,20
214,c27fe310a5abf32c690a710e,M26,4,12.12,12.3549243407,20
214,c27fe310a5abf32c690a710e,M27,4,15.03,14.6187035252,30
214,c27fe310a5abf32c690a710e,M28,4,13.23,13.5608414665,30
214,c27fe310a5abf32c690a710e,M29,4,15.57,14.6961445057,30
214,c27fe310a5abf32c690a710e,M30,4,9.16,9.00581739749,21
215,4a4758acbcb6cbd3b156ade0,M01,2,8.84,8.14229627735,10
215,4a4758acbcb6cbd3b156ade0,M02,2,11.51,10.7343758334,15
215,4a4758acbcb6cbd3b156ade0,M03,2,13.75,12.1490923359,21
215,4a4758acbcb6cbd3b156ade0,M04,2,12.73,11.5486396933,21
215,4a4758acbcb6cbd3b156ade0,M05,2,12.96,11.5758377216,21
215,4a4758acbcb6cbd3b156ade0,M06,2,16.59,14.9961921873,21
215,4a4758acbcb6cbd3b156ade0,M07,2,19.41,17.0149646778,30
215,4a4758acbcb6cbd3b156ade0,M08,2,23.51,21.6002990011,30
215,4a4758acbcb6cbd3b156ade0,M09,2,22.16,20.3940258652,30
215,4a4758acbcb6cbd3b156ade0,M10,2,24.99,22.5979960775,30
215,4a4758acbcb6cbd3b156ade0,M11,2,24.12,22.3958510912,30
215,4a4758acbcb6cbd3b156ade0,M12,2,34.89,31.8788857707,45
215,4a4758acbcb6cbd3b156ade0,M13,2,36.94,32.3586051706,60
215,4a4758acbcb6cbd3b156ade0,M14,2,33.95,29.5236806424,60
215,4a4758acbcb6cbd3b156ade0,M15,2,37.25,32.5500656651,60
215,4a4758acbcb6cbd3b156ade0,M16,2,66.34,61.2596187378,100
215,4a4758acbcb6cbd3b156ade0,M17,2,9.12,8.38226440522,14
215,4a4758acbcb6cbd3b156ade0,M18,2,13.05,11.6345137518,21
215,4a4758acbcb6cbd3b156ade0,M19,2,12.67,10.4978116608,21
215,4a4758acbcb6cbd3b156ade0,M20,2,14.33,12.6515350416,20
215,4a4758acbcb6cbd3b156ade0,M21,2,11.5,9.94466339572,21
215,4a4758acbcb6cbd3b156ade0,M22,2,30.51,25.0968119847,45
215,4a4758acbcb6cbd3b156ade0,M23,2,26.92,22.1219891242,45
215,4a4758acbcb6cbd3b156ade0,M24,2,31.14,25.5345987501,45
215,4a4758acbcb6cbd3b156ade0,M25,2,16.47,15.1811457203,20
215,4a4758acbcb6cbd3b156ade0,M26,2,15.18,14.1437087432,20
215,4a4758acbcb6cbd3b156ade0,M27,2,21.21,19.0870369977,30
215,4a4758acbcb6cbd3b156ade0,M28,2,19.46,17.2012843744,30
215,4a4758acbcb6cbd3b156ade0,M29,2,21.07,19.0751372873,30
215,4a4758acbcb6cbd3b156ade0,M30,2,13.8,12.1513141296,21
216,1ccc85fbc14570d427fc4054,M01,1,6.22,5.64261382342,10
216,1ccc85fbc14570d427fc4054,M02,1,8.23,6.93514450386,15
216,1ccc85fbc14570d427fc4054,M03,1,7.55,6.20124903514,21
216,1ccc85fbc14570d427fc4054,M04,1,6.97,5.91653642004,21
216,1ccc85fbc14570d427fc4054,M05,1,6.95,5.78951823067,21
216,1ccc85fbc14570d427fc4054,M06,1,9.7,8.18715463613,21
216,1ccc85fbc14570d427fc4054,M07,1,10.03,8.22445046297,30
216,1ccc85fbc14570d427fc4054,M08,1,14.06,10.9288848591,30
216,1ccc85fbc14570d427fc4054,M09,1,13.1,10.0896721705,30
216,1ccc85fbc14570d427fc4054,M10,1,15.71,11.3840224619,30
216,1ccc85fbc14570d427fc4054,M11,1,14.94,10.816143738,30
216,1ccc85fbc14570d427fc4054,M12,1,19.05,12.6131428375,45
216,1ccc85fbc14570d427fc4054,M13,1,18.27,12.4472073465,60
216,1ccc85fbc14570d427fc4054,M14,1,15.15,11.7760281967,60
216,1ccc85fbc14570d427fc4054,M15,1,17.91,12.5823233383,60
216,1ccc85fbc14570d427fc4054,M16,1,42.44,30.7217260471,100
216,1ccc85fbc14570d427fc4054,M17,1,5.67,4.31483357574,14
216,1ccc85fbc14570d427fc4054,M18,1,7.59,5.97341663267,21
216,1ccc85fbc14570d427fc4054,M19,1,6.06,5.32857414906,21
216,1ccc85fbc14570d427fc4054,M20,1,8.23,7.37355968728,20
216,1ccc85fbc14570d427fc4054,M21,1,5.87,5.2890327549,21
216,1ccc85fbc14570d427fc4054,M22,1,12.8,10.0799839217,45
216,1ccc85fbc14570d427fc4054,M23,1,10.93,8.98423894224,45
216,1ccc85fbc14570d427fc4054,M24,1,12.85,9.96997604932,45
216,1ccc85fbc14570d427fc4054,M25,1,12.36,10.4206371541,20
216,1ccc85fbc14570d427fc4054,M26,1,10.94,9.60133812415,20
216,1ccc85fbc14570d427fc4054,M27,1,12.94,10.4841187393,30
216,1ccc85fbc14570d427fc4054,M28,1,10.97,9.30689925954,30
216,1ccc85fbc14570d427fc4054,M29,1,12.59,10.3675476344,30
216,1ccc85fbc14570d427fc4054,M30,1,7.59,6.26858780367,21
217,f0be075ce70bbd3bac1c7259,M01,2,7.69,8.13173122357,10
217,f0be075ce70bbd3bac1c7259,M02,2,10.28,10.7562982494,15
217,f0be075ce70bbd3bac1c7259,M03,2,11.3,12.2057218307,21
217,f0be075ce70bbd3bac1c7259,M04,2,10.46,11.4342385038,21
217,f0be075ce70bbd3bac1c7259,M05,2,10.57,11.4845236634,21
217,f0be075ce70bbd3bac1c7259,M06,2,13.99,15.0849270681,21
217,f0be075ce70bbd3bac1c7259,M07,2,15.68,17.2286690439,30
217,f0be075ce70bbd3bac1c7259,M08,2,20.04,21.627655034,30
217,f0be075ce70bbd3bac1c7259,M09,2,18.9,20.3371445073,30
217,f0be075ce70bbd3bac1c7259,M10,2,21.6,22.607122652,30
217,f0be075ce70bbd3bac1c7259,M11,2,20.86,22.408053294,30
217,f0be075ce70bbd3bac1c7259,M12,2,28.99,31.7686995375,45
217,f0be075ce70bbd3bac1c7259,M13,2,29.83,32.4069728463,60
217,f0be075ce70bbd3bac1c7259,M14,2,26.45,29.8309357688,60
217,f0be075ce70bbd3bac1c7259,M15,2,29.97,32.4920182676,60
217,f0be075ce70bbd3bac1c7259,M16,2,58.56,61.8107801692,100
217,f0be075ce70bbd3bac1c7259,M17,2,7.87,8.33377681829,14
217,f0be075ce70bbd3bac1c7259,M18,2,10.96,11.5539069048,21
217,f0be075ce70bbd3bac1c7259,M19,2,9.88,10.9011665804,21
217,f0be075ce70bbd3bac1c7259,M20,2,12.07,12.7866737956,20
217,f0be075ce70bbd3bac1c7259,M21,2,9.28,10.2814855694,21
217,f0be075ce70bbd3bac1c7259,M22,2,23.3,26.1382834955,45
217,f0be075ce70bbd3bac1c7259,M23,2,20.02,22.9334554716,45
217,f0be075ce70bbd3bac1c7259,M24,2,23.82,26.3251095406,45
217,f0be075ce70bbd3bac1c7259,M25,2,14.88,15.2538511959,20
217,f0be075ce70bbd3bac1c7259,M26,2,13.62,14.2508232837,20
217,f0be075ce70bbd3bac1c7259,M27,2,18.16,19.1814747622,30
217,f0be075ce70bbd3bac1c7259,M28,2,16.22,17.4705136691,30
217,f0be075ce70bbd3bac1c7259,M29,2,18.02,19.1691366882,30
217,f0be075ce70bbd3bac1c7259,M30,2,11.35,12.2191549735,21
219,0658d6d6c98ecbd57359ccef,M01,0,4.51,5.28916360937,10
219,0658d6d6c98ecbd57359ccef,M02,0,6.01,6.78082811922,15
219,0658d6d6c98ecbd57359ccef,M03,0,5.13,6.08185029846,21
219,0658d6d6c98ecbd57359ccef,M04,0,4.91,5.68998468501,21
219,0658d6d6c98ecbd57359ccef,M05,0,4.75,5.61530600271,21
219,0658d6d6c98ecbd57359ccef,M06,0,6.5,8.22190246941,21
219,0658d6d6c98ecbd57359ccef,M07,0,6.49,8.67615635213,30
219,0658d6d6c98ecbd57359ccef,M08,0,8.33,11.1557522571,30
219,0658d6d6c98ecbd57359ccef,M09,0,7.35,10.6771581767,30
219,0658d6d6c98ecbd57359ccef,M10,0,9.82,11.4742645687,30
219,0658d6d6c98ecbd57359ccef,M11,0,8.82,11.1024274682,30
219,0658d6d6c98ecbd57359ccef,M12,0,10.05,13.2226328659,45
219,0658d6d6c98ecbd57359ccef,M13,0,10.04,12.9160344994,60
219,0658d6d6c98ecbd57359ccef,M14,0,8.07,12.4098012885,60
219,0658d6d6c98ecbd57359ccef,M15,0,10.05,13.1465665369,60
219,0658d6d6c98ecbd57359ccef,M16,0,18.55,34.4034431477,100
219,0658d6d6c98ecbd57359ccef,M17,0,2.84,4.68723738922,14
219,0658d6d6c98ecbd57359ccef,M18,0,5.22,5.99946233867,21
219,0658d6d6c98ecbd57359ccef,M19,0,4.62,5.23059195833,21
219,0658d6d6c98ecbd57359ccef,M20,0,5.7,7.4801432822,20
219,0658d6d6c98ecbd57359ccef,M21,0,4.6,5.16397897511,21
219,0658d6d6c98ecbd57359ccef,M22,0,8.26,9.79713134992,45
219,0658d6d6c98ecbd57359ccef,M23,0,7.13,9.28569230736,45
219,0658d6d6c98ecbd57359ccef,M24,0,7.97,9.68554059589,45
219,0658d6d6c98ecbd57359ccef,M25,0,7.28,10.3565359651,20
219,0658d6d6c98ecbd57359ccef,M26,0,5.14,9.78105111801,20
219,0658d6d6c98ecbd57359ccef,M27,0,8,9.85945181701,30
219,0658d6d6c98ecbd57359ccef,M28,0,6.32,9.38679608077,30
219,0658d6d6c98ecbd57359ccef,M29,0,7.65,9.78940509729,30
219,0658d6d6c98ecbd57359ccef,M30,0,4.78,6.1232430526,21
220,d62a7d47244b4b6f5813dc91,M01,0,6.53,6.41819920738,10
220,d62a7d47244b4b6f5813dc91,M02,0,8.9,8.02615321086,15
220,d62a7d47244b4b6f5813dc91,M03,0,8.7,7.98480802998,21
220,d62a7d47244b4b6f5813dc91,M04,0,7.9,7.41404134368,21
220,d62a7d47244b4b6f5813dc91,M05,0,7.47,7.30878048626,21
220,d62a7d47244b4b6f5813dc91,M06,0,10.8,9.89475279876,21
220,d62a7d47244b4b6f5813dc91,M07,0,11.81,10.5449059567,30
220,d62a7d47244b4b6f5813dc91,M08,0,16.19,15.2653557564,30
220,d62a7d47244b4b6f5813dc91,M09,0,14.99,14.7973081367,30
220,d62a7d47244b4b6f5813dc91,M10,0,17.72,15.6343739249,30
220,d62a7d47244b4b6f5813dc91,M11,0,16.26,15.303598044,30
220,d62a7d47244b4b6f5813dc91,M12,0,22.67,19.7355956494,45
220,d62a7d47244b4b6f5813dc91,M13,0,21.49,19.3999531281,60
220,d62a7d47244b4b6f5813dc91,M14,0,18.32,18.9667560066,60
220,d62a7d47244b4b6f5813dc91,M15,0,21.77,19.7000719239,60
220,d62a7d47244b4b6f5813dc91,M16,0,48.78,43.8224836463,100
220,d62a7d47244b4b6f5813dc91,M17,0,6.64,5.82127157682,14
220,d62a7d47244b4b6f5813dc91,M18,0,9.14,7.46182085454,21
220,d62a7d47244b4b6f5813dc91,M19,0,6.3,6.03837161775,21
220,d62a7d47244b4b6f5813dc91,M20,0,9.47,8.44466912996,20
220,d62a7d47244b4b6f5813dc91,M21,0,6.77,6.00951115611,21
220,d62a7d47244b4b6f5813dc91,M22,0,15.65,12.3727828648,45
220,d62a7d47244b4b6f5813dc91,M23,0,13.35,11.6978266083,45
220,d62a7d47244b4b6f5813dc91,M24,0,15.92,12.312555217,45
220,d62a7d47244b4b6f5813dc91,M25,0,11.99,12.1286535034,20
220,d62a7d47244b4b6f5813dc91,M26,0,10.73,11.6863293447,20
220,d62a7d47244b4b6f5813dc91,M27,0,12.49,14.0154176038,30
220,d62a7d47244b4b6f5813dc91,M28,0,10.69,13.2754178085,30
220,d62a7d47244b4b6f5813dc91,M29,0,12.63,13.9398347192,30
220,d62a7d47244b4b6f5813dc91,M30,0,7.33,8.03071688856,21
221,b2055287b28edac3e1fa6789,M01,1,8.23,8.91297838612,10
221,b2055287b28edac3e1fa6789,M02,1,12.58,13.2471000294,15
221,b2055287b28edac3e1fa6789,M03,1,15.18,14.9699472648,21
221,b2055287b28edac3e1fa6789,M04,1,14.13,14.5247858713,21
221,b2055287b28edac3e1fa6789,M05,1,14.43,14.5818605355,21
221,b2055287b28edac3e1fa6789,M06,1,18.39,16.7962117259,21
221,b2055287b28edac3e1fa6789,M07,1,21.58,20.6269726684,30
221,b2055287b28edac3e1fa6789,M08,1,25.52,23.3374288593,30
221,b2055287b28edac3e1fa6789,M09,1,24.08,22.2198989554,30
221,b2055287b28edac3e1fa6789,M10,1,27.07,24.4470309282,30
221,b2055287b28edac3e1fa6789,M11,1,26.18,24.3396043186,30
221,b2055287b28edac3e1fa6789,M12,1,38.21,39.1852076002,45
221,b2055287b28edac3e1fa6789,M13,1,41.21,39.749763556,60
221,b2055287b28edac3e1fa6789,M14,1,38.54,38.9764165131,60
221,b2055287b28edac3e1fa6789,M15,1,41.18,39.794556577,60
221,b2055287b28edac3e1fa6789,M16,1,70.9,67.1932888062,100
221,b2055287b28edac3e1fa6789,M17,1,9.95,9.23943665157,14
221,b2055287b28edac3e1fa6789,M18,1,14.33,14.2286483113,21
221,b2055287b28edac3e1fa6789,M19,1,15.5,14.5142065157,21
221,b2055287b28edac3e1fa6789,M20,1,16.69,14.7330909988,20
221,b2055287b28edac3e1fa6789,M21,1,14.11,13.7094850817,21
221,b2055287b28edac3e1fa6789,M22,1,37.84,29.304340067,45
221,b2055287b28edac3e1fa6789,M23,1,34.66,27.3208914604,45
221,b2055287b28edac3e1fa6789,M24,1,37.86,29.432022627,45
221,b2055287b28edac3e1fa6789,M25,1,18.11,16.7373268762,20
221,b2055287b28edac3e1fa6789,M26,1,16.42,16.0429930067,20
221,b2055287b28edac3e1fa6789,M27,1,23.28,21.8474081832,30
221,b2055287b28edac3e1fa6789,M28,1,21.47,21.1749953095,30
221,b2055287b28edac3e1fa6789,M29,1,22.92,21.8360157087,30
221,b2055287b28edac3e1fa6789,M30,1,15.26,15.0625010476,21
222,6031d890eca7dc3190572968,M01,2,7.96,7.24033707641,10
222,6031d890eca7dc3190572968,M02,2,10.59,10.1695328381,15
222,6031d890eca7dc3190572968,M03,2,11.86,10.1914291687,21
222,6031d890eca7dc3190572968,M04,2,10.75,9.96496120637,21
222,6031d890eca7dc3190572968,M05,2,10.87,9.94991648864,21
222,6031d890eca7dc3190572968,M06,2,14.61,13.2421862154,21
222,6031d890eca7dc3190572968,M07,2,16.49,14.2468373676,30
222,6031d890eca7dc3190572968,M08,2,20.82,19.7166496081,30
222,6031d890eca7dc3190572968,M09,2,19.27,18.9383357148,30
222,6031d890eca7dc3190572968,M10,2,22.41,20.2630331082,30
222,6031d890eca7dc3190572968,M11,2,21.32,19.8455543955,30
222,6031d890eca7dc3190572968,M12,2,30.21,26.7154599311,45
222,6031d890eca7dc3190572968,M13,2,31.29,26.636246565,60
222,6031d890eca7dc3190572968,M14,2,27.83,24.5437879026,60
222,6031d890eca7dc3190572968,M15,2,31.47,26.6989188457,60
222,6031d890eca7dc3190572968,M16,2,60.2,54.30490734,100
222,6031d890eca7dc3190572968,M17,2,8.04,7.24409447723,14
222,6031d890eca7dc3190572968,M18,2,11.22,10.0259276147,21
222,6031d890eca7dc3190572968,M19,2,10.09,8.45834763329,21
222,6031d890eca7dc3190572968,M20,2,12.22,10.7370960875,20
222,6031d890eca7dc3190572968,M21,2,9.31,8.42786603877,21
222,6031d890eca7dc3190572968,M22,2,23.81,20.1574547496,45
222,6031d890eca7dc3190572968,M23,2,20.46,17.8951826226,45
222,6031d890eca7dc3190572968,M24,2,24.33,20.2417089273,45
222,6031d890eca7dc3190572968,M25,2,15.24,13.8644069573,20
222,6031d890eca7dc3190572968,M26,2,14.01,13.2867277015,20
222,6031d890eca7dc3190572968,M27,2,18.85,17.4173065623,30
222,6031d890eca7dc3190572968,M28,2,16.89,15.8085524606,30
222,6031d890eca7dc3190572968,M29,2,18.77,17.3557536876,30
222,6031d890eca7dc3190572968,M30,2,11.9,10.215647334,21
223,a0b2ab35e6b6a3ad3cb8099a,M01,2,9.36,8.57462364635,10
223,a0b2ab35e6b6a3ad3cb8099a,M02,2,11.93,11.7031356858,15
223,a0b2ab35e6b6a3ad3cb8099a,M03,2,14.39,13.6919108245,21
223,a0b2ab35e6b6a3ad3cb8099a,M04,2,13.22,13.196484041,21
223,a0b2ab35e6b6a3ad3cb8099a,M05,2,13.55,13.272780046,21
223,a0b2ab35e6b6a3ad3cb8099a,M06,2,17.28,16.4746841622,21
223,a0b2ab35e6b6a3ad3cb8099a,M07,2,20.4,18.7360046827,30
223,a0b2ab35e6b6a3ad3cb8099a,M08,2,24.41,23.4728002588,30
223,a0b2ab35e6b6a3ad3cb8099a,M09,2,22.82,22.4609836434,30
223,a0b2ab35e6b6a3ad3cb8099a,M10,2,25.94,24.151443742,30
223,a0b2ab35e6b6a3ad3cb8099a,M11,2,24.95,24.0937261292,30
223,a0b2ab35e6b6a3ad3cb8099a,M12,2,36.41,36.2048613285,45
223,a0b2ab35e6b6a3ad3cb8099a,M13,2,38.74,36.4943603366,60
223,a0b2ab35e6b6a3ad3cb8099a,M14,2,35.97,35.6362038677,60
223,a0b2ab35e6b6a3ad3cb8099a,M15,2,39.2,36.6440282062,60
223,a0b2ab35e6b6a3ad3cb8099a,M16,2,68.24,64.193015335,100
223,a0b2ab35e6b6a3ad3cb8099a,M17,2,9.39,8.7681142147,14
223,a0b2ab35e6b6a3ad3cb8099a,M18,2,13.48,13.1463889216,21
223,a0b2ab35e6b6a3ad3cb8099a,M19,2,13.48,12.4181126154,21
223,a0b2ab35e6b6a3ad3cb8099a,M20,2,15.05,12.6806945355,20
223,a0b2ab35e6b6a3ad3cb8099a,M21,2,12.32,11.7099371068,21
223,a0b2ab35e6b6a3ad3cb8099a,M22,2,32.82,24.3213885776,45
223,a0b2ab35e6b6a3ad3cb8099a,M23,2,29.64,23.5334556647,45
223,a0b2ab35e6b6a3ad3cb8099a,M24,2,33.25,24.6461503761,45
223,a0b2ab35e6b6a3ad3cb8099a,M25,2,17.01,16.4211315414,20
223,a0b2ab35e6b6a3ad3cb8099a,M26,2,15.63,15.695554735,20
223,a0b2ab35e6b6a3ad3cb8099a,M27,2,21.98,21.1243064155,30
223,a0b2ab35e6b6a3ad3cb8099a,M28,2,20.28,20.1425564129,30
223,a0b2ab35e6b6a3ad3cb8099a,M29,2,21.86,21.0417088155,30
223,a0b2ab35e6b6a3ad3cb8099a,M30,2,14.45,13.7064604522,21
225,493b94c3c8c4c9bf713f2445,M01,3,4.88,6.60559062469,10
225,493b94c3c8c4c9bf713f2445,M02,3,6.39,7.49212848375,15
225,493b94c3c8c4c9bf713f2445,M03,3,5.45,7.30988463928,21
225,493b94c3c8c4c9bf713f2445,M04,3,5.2,6.94649093639,21
225,493b94c3c8c4c9bf713f2445,M05,3,5.13,6.85053351667,21
225,493b94c3c8c4c9bf713f2445,M06,3,6.95,9.83460430118,21
225,493b94c3c8c4c9bf713f2445,M07,3,6.98,10.0804347091,30
225,493b94c3c8c4c9bf713f2445,M08,3,9.12,13.8533947486,30
225,493b94c3c8c4c9bf713f2445,M09,3,8.25,13.6247668958,30
225,493b94c3c8c4c9bf713f2445,M10,3,10.7,14.0153943497,30
225,493b94c3c8c4c9bf713f2445,M11,3,9.9,13.7935977769,30
225,493b94c3c8c4c9bf713f2445,M12,3,11.12,17.4270364766,45
225,493b94c3c8c4c9bf713f2445,M13,3,11.22,17.3105305133,60
225,493b94c3c8c4c9bf713f2445,M14,3,8.79,17.1481233921,60
225,493b94c3c8c4c9bf713f2445,M15,3,10.95,17.5240862629,60
225,493b94c3c8c4c9bf713f2445,M16,3,21.44,32.4314552941,100
225,493b94c3c8c4c9bf713f2445,M17,3,3.72,5.68461880533,14
225,493b94c3c8c4c9bf713f2445,M18,3,5.61,6.93237545042,21
225,493b94c3c8c4c9bf713f2445,M19,3,4.87,6.4696813683,21
225,493b94c3c8c4c9bf713f2445,M20,3,6.12,9.25844572277,20
225,493b94c3c8c4c9bf713f2445,M21,3,4.86,6.29694488016,21
225,493b94c3c8c4c9bf713f2445,M22,3,9,12.2536001817,45
225,493b94c3c8c4c9bf713f2445,M23,3,7.42,11.7128652376,45
225,493b94c3c8c4c9bf713f2445,M24,3,8.92,12.2860579627,45
225,493b94c3c8c4c9bf713f2445,M25,3,9.59,11.3654621749,20
225,493b94c3c8c4c9bf713f2445,M26,3,7.89,10.9932676679,20
225,493b94c3c8c4c9bf713f2445,M27,3,9.08,12.3682052515,30
225,493b94c3c8c4c9bf713f2445,M28,3,7.64,11.7877434026,30
225,493b94c3c8c4c9bf713f2445,M29,3,8.71,12.3755806665,30
225,493b94c3c8c4c9bf713f2445,M30,3,5.45,7.31993861974,21
226,ae5a55d12ebca06a5f8ce50c,M01,0,8.24,8.13512178594,10
226,ae5a55d12ebca06a5f8ce50c,M02,0,10.87,10.5576616196,15
226,ae5a55d12ebca06a5f8ce50c,M03,0,12.59,12.0126441942,21
226,ae5a55d12ebca06a5f8ce50c,M04,0,11.57,11.3824010755,21
226,ae5a55d12ebca06a5f8ce50c,M05,0,11.76,11.4396204537,21
226,ae5a55d12ebca06a5f8ce50c,M06,0,15.34,14.9407943571,21
226,ae5a55d12ebca06a5f8ce50c,M07,0,17.66,16.7913737679,30
226,ae5a55d12ebca06a5f8ce50c,M08,0,21.85,21.4733745973,30
226,ae5a55d12ebca06a5f8ce50c,M09,0,20.55,20.2640203035,30
226,ae5a55d12ebca06a5f8ce50c,M10,0,23.32,22.4189929737,30
226,ae5a55d12ebca06a5f8ce50c,M11,0,22.49,22.2505454133,30
226,ae5a55d12ebca06a5f8ce50c,M12,0,32.13,31.2783828358,45
226,ae5a55d12ebca06a5f8ce50c,M13,0,33.64,31.5493554525,60
226,ae5a55d12ebca06a5f8ce50c,M14,0,30.45,29.3590101693,60
226,ae5a55d12ebca06a5f8ce50c,M15,0,33.56,31.5913948358,60
226,ae5a55d12ebca06a5f8ce50c,M16,0,62.71,61.3435270521,100
226,ae5a55d12ebca06a5f8ce50c,M17,0,8.55,8.30585622894,14
226,ae5a55d12ebca06a5f8ce50c,M18,0,12.07,11.4963190029,21
226,ae5a55d12ebca06a5f8ce50c,M19,0,11.45,10.467804903,21
226,ae5a55d12ebca06a5f8ce50c,M20,0,13.26,12.6355053839,20
226,ae5a55d12ebca06a5f8ce50c,M21,0,10.42,9.96974963249,21
226,ae5a55d12ebca06a5f8ce50c,M22,0,27.12,25.7716127531,45
226,ae5a55d12ebca06a5f8ce50c,M23,0,23.56,22.7520989332,45
226,ae5a55d12ebca06a5f8ce50c,M24,0,27.52,25.9980084481,45
226,ae5a55d12ebca06a5f8ce50c,M25,0,15.69,15.1748458352,20
226,ae5a55d12ebca06a5f8ce50c,M26,0,14.43,14.1388047754,20
226,ae5a55d12ebca06a5f8ce50c,M27,0,19.76,18.982529882,30
226,ae5a55d12ebca06a5f8ce50c,M28,0,17.94,17.2055879254,30
226,ae5a55d12ebca06a5f8ce50c,M29,0,19.56,18.9848884222,30
226,ae5a55d12ebca06a5f8ce50c,M30,0,12.63,12.0235057527,21
227,d13130a6033e47d102f8fa76,M01,3,4.78,7.29171646577,10
227,d13130a6033e47d102f8fa76,M02,3,6.68,8.92715703049,15
227,d13130a6033e47d102f8fa76,M03,3,5.59,8.929352527,21
227,d13130a6033e47d102f8fa76,M04,3,5.37,8.78418224839,21
227,d13130a6033e47d102f8fa76,M05,3,5.2,8.76299825633,21
227,d13130a6033e47d102f8fa76,M06,3,7.17,13.0882636545,21
227,d13130a6033e47d102f8fa76,M07,3,7.28,14.0803674843,30
227,d13130a6033e47d102f8fa76,M08,3,10.17,16.6667946045,30
227,d13130a6033e47d102f8fa76,M09,3,9.31,16.1460105393,30
227,d13130a6033e47d102f8fa76,M10,3,11.66,16.9264116684,30
227,d13130a6033e47d102f8fa76,M11,3,10.84,16.7009357588,30
227,d13130a6033e47d102f8fa76,M12,3,12.98,24.5740123935,45
227,d13130a6033e47d102f8fa76,M13,3,10.54,24.5312781709,60
227,d13130a6033e47d102f8fa76,M14,3,7.82,23.655958989,60
227,d13130a6033e47d102f8fa76,M15,3,10.41,24.6068222983,60
227,d13130a6033e47d102f8fa76,M16,3,18.47,49.6543773534,100
227,d13130a6033e47d102f8fa76,M17,3,3.88,7.22174802576,14
227,d13130a6033e47d102f8fa76,M18,3,5.77,8.77735966315,21
227,d13130a6033e47d102f8fa76,M19,3,4.88,7.88664807958,21
227,d13130a6033e47d102f8fa76,M20,3,6.37,10.2091764384,20
227,d13130a6033e47d102f8fa76,M21,3,4.85,7.82034705822,21
227,d13130a6033e47d102f8fa76,M22,3,8.42,16.1963505122,45
227,d13130a6033e47d102f8fa76,M23,3,6.78,15.4777831544,45
227,d13130a6033e47d102f8fa76,M24,3,8.35,16.3253593331,45
227,d13130a6033e47d102f8fa76,M25,3,9.69,13.5647399309,20
227,d13130a6033e47d102f8fa76,M26,3,8.38,13.086420183,20
227,d13130a6033e47d102f8fa76,M27,3,9.2,16.0639636556,30
227,d13130a6033e47d102f8fa76,M28,3,7.38,14.8063757714,30
227,d13130a6033e47d102f8fa76,M29,3,7.54,16.0822478529,30
227,d13130a6033e47d102f8fa76,M30,3,5.8,8.94339336077,21
228,526db5d548e812e0af002e85,M01,3,7.1,6.6576420933,10
228,526db5d548e812e0af002e85,M02,3,9.32,8.67669616502,15
228,526db5d548e812e0af002e85,M03,3,9.31,8.61114710263,21
228,526db5d548e812e0af002e85,M04,3,8.59,8.47413785323,21
228,526db5d548e812e0af002e85,M05,3,8.98,8.46633254731,21
228,526db5d548e812e0af002e85,M06,3,11.87,12.5606068757,21
228,526db5d548e812e0af002e85,M07,3,12.53,13.5796733375,30
228,526db5d548e812e0af002e85,M08,3,16.79,15.7927039054,30
228,526db5d548e812e0af002e85,M09,3,15.84,15.4880601531,30
228,526db5d548e812e0af002e85,M10,3,18.56,16.0029660455,30
228,526db5d548e812e0af002e85,M11,3,18.47,15.8251758912,30
228,526db5d548e812e0af002e85,M12,3,23.29,22.8099557961,45
228,526db5d548e812e0af002e85,M13,3,23.34,22.7187928903,60
228,526db5d548e812e0af002e85,M14,3,19.7,22.2348542408,60
228,526db5d548e812e0af002e85,M15,3,23.65,22.8423928437,60
228,526db5d548e812e0af002e85,M16,3,50.53,44.0741383109,100
228,526db5d548e812e0af002e85,M17,3,6.43,6.58574835781,14
228,526db5d548e812e0af002e85,M18,3,8.79,8.48171839797,21
228,526db5d548e812e0af002e85,M19,3,6.37,7.05483278299,21
228,526db5d548e812e0af002e85,M20,3,8.06,9.43040810985,20
228,526db5d548e812e0af002e85,M21,3,5.71,7.01005700471,21
228,526db5d548e812e0af002e85,M22,3,12.32,15.2994267757,45
228,526db5d548e812e0af002e85,M23,3,11.2,14.5281074628,45
228,526db5d548e812e0af002e85,M24,3,11.91,15.2934472554,45
228,526db5d548e812e0af002e85,M25,3,14.29,13.0583626201,20
228,526db5d548e812e0af002e85,M26,3,12.99,12.6927431012,20
228,526db5d548e812e0af002e85,M27,3,16.84,15.3622381375,30
228,526db5d548e812e0af002e85,M28,3,14.77,14.1680495101,30
228,526db5d548e812e0af002e85,M29,3,16.77,15.2681697611,30
228,526db5d548e812e0af002e85,M30,3,10.35,8.63147654202,21
229,3b65ef9d92c67daf73ca37e7,M01,4,9.03,8.96920730146,10
229,3b65ef9d92c67daf73ca37e7,M02,4,11.64,12.0534704013,15
229,3b65ef9d92c67daf73ca37e7,M03,4,14.06,13.8530573963,21
229,3b65ef9d92c67daf73ca37e7,M04,4,13.19,13.2550399865,21
229,3b65ef9d92c67daf73ca37e7,M05,4,13.41,13.3578133412,21
229,3b65ef9d92c67daf73ca37e7,M06,4,16.94,16.7699481418,21
229,3b65ef9d92c67daf73ca37e7,M07,4,19.97,20.2103222158,30
229,3b65ef9d92c67daf73ca37e7,M08,4,23.96,23.9694652312,30
229,3b65ef9d92c67daf73ca37e7,M09,4,22.78,23.144825036,30
229,3b65ef9d92c67daf73ca37e7,M10,4,25.41,24.9513226987,30
229,3b65ef9d92c67daf73ca37e7,M11,4,24.67,24.8414477019,30
229,3b65ef9d92c67daf73ca37e7,M12,4,35.78,36.8073155002,45
229,3b65ef9d92c67daf73ca37e7,M13,4,38.13,37.49694903,60
229,3b65ef9d92c67daf73ca37e7,M14,4,35.4,36.6482335928,60
229,3b65ef9d92c67daf73ca37e7,M15,4,38.27,37.5927336129,60
229,3b65ef9d92c67daf73ca37e7,M16,4,67.58,68.2231305584,100
229,3b65ef9d92c67daf73ca37e7,M17,4,9.34,9.45836929552,14
229,3b65ef9d92c67daf73ca37e7,M18,4,13.43,13.2151104325,21
229,3b65ef9d92c67daf73ca37e7,M19,4,13.56,13.1226098233,21
229,3b65ef9d92c67daf73ca37e7,M20,4,15.03,14.9973498875,20
229,3b65ef9d92c67daf73ca37e7,M21,4,12.44,12.5208917252,21
229,3b65ef9d92c67daf73ca37e7,M22,4,32.88,31.2066772839,45
229,3b65ef9d92c67daf73ca37e7,M23,4,29.4,30.1089444652,45
229,3b65ef9d92c67daf73ca37e7,M24,4,33.41,31.3600883451,45
229,3b65ef9d92c67daf73ca37e7,M25,4,16.69,16.5980582861,20
229,3b65ef9d92c67daf73ca37e7,M26,4,15.39,15.745574194,20
229,3b65ef9d92c67daf73ca37e7,M27,4,21.61,21.2985069064,30
229,3b65ef9d92c67daf73ca37e7,M28,4,19.95,20.269141553,30
229,3b65ef9d92c67daf73ca37e7,M29,4,21.35,21.1425568032,30
229,3b65ef9d92c67daf73ca37e7,M30,4,14.14,13.8542438188,21
230,3d7bd96ca15710fb424119d8,M01,2,8.61,8.98884436974,10
230,3d7bd96ca15710fb424119d8,M02,2,12.52,12.7174379465,15
230,3d7bd96ca15710fb424119d8,M03,2,15.13,14.4603690133,21
230,3d7bd96ca15710fb424119d8,M04,2,14.3,14.0855948741,21
230,3d7bd96ca15710fb424119d8,M05,2,14.62,14.1458174519,21
230,3d7bd96ca15710fb424119d8,M06,2,18.29,17.2695615199,21
230,3d7bd96ca15710fb424119d8,M07,2,21.5,20.2371033131,30
230,3d7bd96ca15710fb424119d8,M08,2,25.44,24.7019539295,30
230,3d7bd96ca15710fb424119d8,M09,2,24.31,23.7232779298,30
230,3d7bd96ca15710fb424119d8,M10,2,26.98,25.5514641527,30
230,3d7bd96ca15710fb424119d8,M11,2,26.47,25.4977588798,30
230,3d7bd96ca15710fb424119d8,M12,2,38.1,38.5148423129,45
230,3d7bd96ca15710fb424119d8,M13,2,41.59,38.878379285,60
230,3d7bd96ca15710fb424119d8,M14,2,39,38.1792910348,60
230,3d7bd96ca15710fb424119d8,M15,2,41.74,38.9751900759,60
230,3d7bd96ca15710fb424119d8,M16,2,71.33,66.6028075638,100
230,3d7bd96ca15710fb424119d8,M17,2,10.04,9.20058547152,14
230,3d7bd96ca15710fb424119d8,M18,2,14.5,14.0069763787,21
230,3d7bd96ca15710fb424119d8,M19,2,15.77,13.6322663558,21
230,3d7bd96ca15710fb424119d8,M20,2,16.63,14.5967225601,20
230,3d7bd96ca15710fb424119d8,M21,2,14.34,13.0324723043,21
230,3d7bd96ca15710fb424119d8,M22,2,38.25,30.7472191071,45
230,3d7bd96ca15710fb424119d8,M23,2,35.15,29.2985979726,45
230,3d7bd96ca15710fb424119d8,M24,2,38.45,30.7312032417,45
230,3d7bd96ca15710fb424119d8,M25,2,18.32,17.0947648405,20
230,3d7bd96ca15710fb424119d8,M26,2,16.58,16.3944771719,20
230,3d7bd96ca15710fb424119d8,M27,2,23.53,22.7596712022,30
230,3d7bd96ca15710fb424119d8,M28,2,21.68,22.2419041961,30
230,3d7bd96ca15710fb424119d8,M29,2,23.32,22.7035830451,30
230,3d7bd96ca15710fb424119d8,M30,2,15.49,14.4879441533,21
231,dee02d0f4ba2425984cce9ae,M01,4,9.14,8.36771923864,10
231,dee02d0f4ba2425984cce9ae,M02,4,11.79,11.2805600525,15
231,dee02d0f4ba2425984cce9ae,M03,4,14.23,12.9720104707,21
231,dee02d0f4ba2425984cce9ae,M04,4,13.19,12.5469872993,21
231,dee02d0f4ba2425984cce9ae,M05,4,13.49,12.6145847266,21
231,dee02d0f4ba2425984cce9ae,M06,4,17.07,15.9592162361,21
231,dee02d0f4ba2425984cce9ae,M07,4,20.18,19.0878458049,30
231,dee02d0f4ba2425984cce9ae,M08,4,24.19,22.6311704935,30
231,dee02d0f4ba2425984cce9ae,M09,4,22.8,21.8159208272,30
231,dee02d0f4ba2425984cce9ae,M10,4,25.68,23.6642774468,30
231,dee02d0f4ba2425984cce9ae,M11,4,24.94,23.5784647446,30
231,dee02d0f4ba2425984cce9ae,M12,4,36.1,34.2678403842,45
231,dee02d0f4ba2425984cce9ae,M13,4,38.31,34.1638797809,60
231,dee02d0f4ba2425984cce9ae,M14,4,35.62,33.2651678571,60
231,dee02d0f4ba2425984cce9ae,M15,4,38.81,34.3771208558,60
231,dee02d0f4ba2425984cce9ae,M16,4,67.79,63.6432547002,100
231,dee02d0f4ba2425984cce9ae,M17,4,9.36,8.57182187305,14
231,dee02d0f4ba2425984cce9ae,M18,4,13.46,12.5400070197,21
231,dee02d0f4ba2425984cce9ae,M19,4,13.35,11.6748627146,21
231,dee02d0f4ba2425984cce9ae,M25,4,16.8,15.9968207995,20
231,dee02d0f4ba2425984cce9ae,M26,4,15.5,15.2764432796,20
231,dee02d0f4ba2425984cce9ae,M27,4,21.43,20.4559807392,30
231,dee02d0f4ba2425984cce9ae,M28,4,20.07,19.7476174355,30
231,dee02d0f4ba2425984cce9ae,M29,4,21.62,20.3848558601,30
231,dee02d0f4ba2425984cce9ae,M30,4,14.28,12.9683400006,21
232,144e67efd6d586547a1449e2,M01,2,5.21,6.20706935054,10
232,144e67efd6d586547a1449e2,M02,2,7.03,7.53904143558,15
232,144e67efd6d586547a1449e2,M03,2,5.93,7.28736300559,21
232,144e67efd6d586547a1449e2,M04,2,5.58,6.93510882235,21
232,144e67efd6d586547a1449e2,M05,2,5.43,6.80381384111,21
232,144e67efd6d586547a1449e2,M06,2,7.6,9.46640348284,21
232,144e67efd6d586547a1449e2,M07,2,7.78,10.1971261197,30
232,144e67efd6d586547a1449e2,M08,2,11.23,14.3834633955,30
232,144e67efd6d586547a1449e2,M09,2,10.26,13.9022780676,30
232,144e67efd6d586547a1449e2,M10,2,12.69,14.8542247932,30
232,144e67efd6d586547a1449e2,M11,2,11.83,14.5114187205,30
232,144e67efd6d586547a1449e2,M12,2,14.68,19.0803876584,45
232,144e67efd6d586547a1449e2,M13,2,13.85,18.4342668058,60
232,144e67efd6d586547a1449e2,M14,2,11.79,18.0015943532,60
232,144e67efd6d586547a1449e2,M15,2,13.47,19.0867420174,60
232,144e67efd6d586547a1449e2,M16,2,31.18,40.4630607745,100
232,144e67efd6d586547a1449e2,M17,2,4.25,5.53956844523,14
232,144e67efd6d586547a1449e2,M18,2,6.03,6.937161475,21
232,144e67efd6d586547a1449e2,M19,2,4.89,5.99596072537,21
232,144e67efd6d586547a1449e2,M20,2,6.42,8.30447861226,20
232,144e67efd6d586547a1449e2,M21,2,4.85,5.96644039178,21
232,144e67efd6d586547a1449e2,M22,2,9.44,12.3226252513,45
232,144e67efd6d586547a1449e2,M23,2,8.38,11.2199148198,45
232,144e67efd6d586547a1449e2,M24,2,9.1,12.348455282,45
232,144e67efd6d586547a1449e2,M25,2,11.22,11.1327991216,20
232,144e67efd6d586547a1449e2,M26,2,9.89,10.7750762179,20
232,144e67efd6d586547a1449e2,M27,2,11.05,12.5940568774,30
232,144e67efd6d586547a1449e2,M28,2,9.37,11.3303587247,30
232,144e67efd6d586547a1449e2,M29,2,11.41,12.5835060675,30
232,144e67efd6d586547a1449e2,M30,2,6.64,7.27795939178,21
233,a047c7c3e85649e0405c3ba7,M01,1,6.88,6.73911326599,10
233,a047c7c3e85649e0405c3ba7,M02,1,9.18,8.61128155941,15
233,a047c7c3e85649e0405c3ba7,M03,1,9.17,8.5898984637,21
233,a047c7c3e85649e0405c3ba7,M04,1,8.34,8.2889613107,21
233,a047c7c3e85649e0405c3ba7,M05,1,8.26,8.14791374769,21
233,a047c7c3e85649e0405c3ba7,M06,1,11.58,10.8362706816,21
233,a047c7c3e85649e0405c3ba7,M07,1,12.45,11.4607339072,30
233,a047c7c3e85649e0405c3ba7,M08,1,16.82,16.0991357485,30
233,a047c7c3e85649e0405c3ba7,M09,1,15.64,15.6134485975,30
233,a047c7c3e85649e0405c3ba7,M10,1,18.4,16.6343041832,30
233,a047c7c3e85649e0405c3ba7,M11,1,17.52,16.2586497134,30
233,a047c7c3e85649e0405c3ba7,M12,1,23.6,21.6622745194,45
233,a047c7c3e85649e0405c3ba7,M13,1,23.17,21.3131293793,60
233,a047c7c3e85649e0405c3ba7,M14,1,19.68,20.0154364102,60
233,a047c7c3e85649e0405c3ba7,M15,1,23.14,21.6487109479,60
233,a047c7c3e85649e0405c3ba7,M16,1,50.75,42.0676235533,100
233,a047c7c3e85649e0405c3ba7,M17,1,6.54,6.40697898679,14
233,a047c7c3e85649e0405c3ba7,M18,1,8.98,8.28978327277,21
233,a047c7c3e85649e0405c3ba7,M19,1,6.29,6.3281723406,21
233,a047c7c3e85649e0405c3ba7,M20,1,8.61,8.49543283913,20
233,a047c7c3e85649e0405c3ba7,M21,1,6.02,6.26075686847,21
233,a047c7c3e85649e0405c3ba7,M22,1,13.48,14.1888884908,45
233,a047c7c3e85649e0405c3ba7,M23,1,11.63,12.2006918055,45
233,a047c7c3e85649e0405c3ba7,M24,1,13.44,14.2375237399,45
233,a047c7c3e85649e0405c3ba7,M25,1,13.5,12.3685692628,20
233,a047c7c3e85649e0405c3ba7,M26,1,12.19,11.7315316614,20
233,a047c7c3e85649e0405c3ba7,M27,1,15.28,14.5233608441,30
233,a047c7c3e85649e0405c3ba7,M28,1,13.24,12.5378951167,30
233,a047c7c3e85649e0405c3ba7,M29,1,15.04,14.6229854673,30
233,a047c7c3e85649e0405c3ba7,M30,1,9.19,8.5734674617,21
234,21eea0afa313d3769372de02,M01,4,9.97,8.70609607131,10
234,21eea0afa313d3769372de02,M02,4,14.42,11.2185228246,15
234,21eea0afa313d3769372de02,M03,4,17.03,12.7881385788,21
234,21eea0afa313d3769372de02,M04,4,15.29,12.4555306312,21
234,21eea0afa313d3769372de02,M05,4,15.62,12.5238644508,21
234,21eea0afa313d3769372de02,M06,4,20.38,16.105461734,21
234,21eea0afa313d3769372de02,M07,4,23.17,19.397516128,30
234,21eea0afa313d3769372de02,M08,4,27.22,23.2596421044,30
234,21eea0afa313d3769372de02,M09,4,25.81,22.7930367398,30
234,21eea0afa313d3769372de02,M10,4,29.31,24.0651899111,30
234,21eea0afa313d3769372de02,M11,4,27.83,24.0087340208,30
234,21eea0afa313d3769372de02,M12,4,41.17,34.9704896781,45
234,21eea0afa313d3769372de02,M13,4,44.31,35.345200298,60
234,21eea0afa313d3769372de02,M14,4,41.45,34.7943888061,60
234,21eea0afa313d3769372de02,M15,4,44.94,35.3866187694,60
234,21eea0afa313d3769372de02,M16,4,74.09,66.1521088461,100
234,21eea0afa313d3769372de02,M17,4,10.68,9.01118563262,14
234,21eea0afa313d3769372de02,M18,4,15.23,12.3078737623,21
234,21eea0afa313d3769372de02,M19,4,16.69,11.6075953809,21
234,21eea0afa313d3769372de02,M20,4,17.68,14.2244385049,20
234,21eea0afa313d3769372de02,M21,4,15.45,11.2962804255,21
234,21eea0afa313d3769372de02,M22,4,32.95,29.772956572,45
234,21eea0afa313d3769372de02,M23,4,38.55,29.0395710993,45
234,21eea0afa313d3769372de02,M24,4,32.54,29.9595616341,45
234,21eea0afa313d3769372de02,M25,4,16.59,16.05189662,20
234,21eea0afa313d3769372de02,M26,4,18.03,15.4194929322,20
234,21eea0afa313d3769372de02,M27,4,25.9,20.8074043932,30
234,21eea0afa313d3769372de02,M28,4,23.28,19.931498414,30
234,21eea0afa313d3769372de02,M29,4,26.1,20.6967850303,30
234,21eea0afa313d3769372de02,M30,4,17.03,12.784603971,21
235,6ee9f7ce16b214affda797f4,M01,4,4.95,3.5807178016,10
235,6ee9f7ce16b214affda797f4,M02,4,6.39,4.00888475137,15
235,6ee9f7ce16b214affda797f4,M03,4,5.54,3.81135457789,21
235,6ee9f7ce16b214affda797f4,M04,4,5.14,3.62294458772,21
235,6ee9f7ce16b214affda797f4,M05,4,5.06,3.59771949681,21
235,6ee9f7ce16b214affda797f4,M06,4,6.99,5.39231292508,21
235,6ee9f7ce16b214affda797f4,M07,4,7.03,5.21479705151,30
235,6ee9f7ce16b214affda797f4,M08,4,8.79,3.14228724433,30
235,6ee9f7ce16b214affda797f4,M09,4,7.18,3.07229874268,30
235,6ee9f7ce16b214affda797f4,M10,4,10.56,3.15208374005,30
235,6ee9f7ce16b214affda797f4,M11,4,9.35,3.08832761936,30
235,6ee9f7ce16b214affda797f4,M12,4,10.39,3.76674987772,45
235,6ee9f7ce16b214affda797f4,M13,4,10.76,3.99620700614,60
235,6ee9f7ce16b214affda797f4,M14,4,7.99,3.91558688156,60
235,6ee9f7ce16b214affda797f4,M15,4,10.97,4.18764468345,60
235,6ee9f7ce16b214affda797f4,M16,4,18.18,18.7616309234,100
235,6ee9f7ce16b214affda797f4,M17,4,3.36,3.0639599062,14
235,6ee9f7ce16b214affda797f4,M18,4,5.57,3.63024370554,21
235,6ee9f7ce16b214affda797f4,M19,4,4.77,3.61517732953,21
235,6ee9f7ce16b214affda797f4,M20,4,5.84,4.89889740675,20
235,6ee9f7ce16b214affda797f4,M21,4,4.73,3.51798295495,21
235,6ee9f7ce16b214affda797f4,M22,4,8.55,3.33081517053,45
235,6ee9f7ce16b214affda797f4,M23,4,6.98,3.27113867421,45
235,6ee9f7ce16b214affda797f4,M24,4,8.46,3.36198357627,45
235,6ee9f7ce16b214affda797f4,M25,4,9.5,6.95378164277,20
235,6ee9f7ce16b214affda797f4,M26,4,7.6,6.7987892445,20
235,6ee9f7ce16b214affda797f4,M27,4,9.07,5.64559539951,30
235,6ee9f7ce16b214affda797f4,M28,4,7.52,5.51781424174,30
235,6ee9f7ce16b214affda797f4,M29,4,8.9,5.63698988445,30
235,6ee9f7ce16b214affda797f4,M30,4,5.55,3.81782862018,21
236,ecce04dcbcf0122880ef1bc4,M01,4,8.15,8.00225540457,10
236,ecce04dcbcf0122880ef1bc4,M02,4,10.79,10.6278588483,15
236,ecce04dcbcf0122880ef1bc4,M03,4,12.39,11.8224436369,21
236,ecce04dcbcf0122880ef1bc4,M04,4,11.54,11.3237257485,21
236,ecce04dcbcf0122880ef1bc4,M05,4,11.73,11.3848838225,21
236,ecce04dcbcf0122880ef1bc4,M06,4,15.22,15.0077640437,21
236,ecce04dcbcf0122880ef1bc4,M07,4,17.36,16.6762971791,30
236,ecce04dcbcf0122880ef1bc4,M08,4,21.62,21.9774728029,30
236,ecce04dcbcf0122880ef1bc4,M09,4,20.46,21.0249151559,30
236,ecce04dcbcf0122880ef1bc4,M10,4,23.13,22.9006037731,30
236,ecce04dcbcf0122880ef1bc4,M11,4,22.41,22.6542617487,30
236,ecce04dcbcf0122880ef1bc4,M12,4,31.7,31.5521871031,45
236,ecce04dcbcf0122880ef1bc4,M13,4,33.31,31.5831874254,60
236,ecce04dcbcf0122880ef1bc4,M14,4,30.22,29.2049599929,60
236,ecce04dcbcf0122880ef1bc4,M15,4,33.32,31.6743392767,60
236,ecce04dcbcf0122880ef1bc4,M16,4,62.4,60.8781072814,100
236,ecce04dcbcf0122880ef1bc4,M17,4,8.51,8.2213375692,14
236,ecce04dcbcf0122880ef1bc4,M18,4,11.92,11.4622203268,21
236,ecce04dcbcf0122880ef1bc4,M19,4,10.66,10.3907448861,21
236,ecce04dcbcf0122880ef1bc4,M20,4,12.6,12.9874352749,20
236,ecce04dcbcf0122880ef1bc4,M21,4,9.88,10.0555319453,21
236,ecce04dcbcf0122880ef1bc4,M22,4,24.98,27.1425663238,45
236,ecce04dcbcf0122880ef1bc4,M23,4,21.53,25.6029786267,45
236,ecce04dcbcf0122880ef1bc4,M24,4,25.58,27.2032985035,45
236,ecce04dcbcf0122880ef1bc4,M25,4,15.57,15.1531374322,20
236,ecce04dcbcf0122880ef1bc4,M26,4,14.34,14.3738464769,20
236,ecce04dcbcf0122880ef1bc4,M27,4,19.59,18.300216585,30
236,ecce04dcbcf0122880ef1bc4,M28,4,17.82,16.8630824844,30
236,ecce04dcbcf0122880ef1bc4,M29,4,19.41,18.2571816407,30
236,ecce04dcbcf0122880ef1bc4,M30,4,12.45,11.8235543044,21
237,fae1b0a30d608d7f0a01c6ee,M01,0,7.34,6.74280371862,10
237,fae1b0a30d608d7f0a01c6ee,M02,0,10.1,9.13628030991,15
237,fae1b0a30d608d7f0a01c6ee,M03,0,11.19,9.07753239586,21
237,fae1b0a30d608d7f0a01c6ee,M04,0,10.32,8.92298265985,21
237,fae1b0a30d608d7f0a01c6ee,M05,0,10.26,8.92038547814,21
237,fae1b0a30d608d7f0a01c6ee,M06,0,13.89,11.7010442994,21
237,fae1b0a30d608d7f0a01c6ee,M07,0,15.11,12.8235241202,30
237,fae1b0a30d608d7f0a01c6ee,M08,0,19.86,18.5708778339,30
237,fae1b0a30d608d7f0a01c6ee,M09,0,18.7,17.5486570772,30
237,fae1b0a30d608d7f0a01c6ee,M10,0,21.22,18.8362719477,30
237,fae1b0a30d608d7f0a01c6ee,M11,0,20.47,18.0443000061,30
237,fae1b0a30d608d7f0a01c6ee,M12,0,28.47,24.209610724,45
237,fae1b0a30d608d7f0a01c6ee,M13,0,28.16,23.8242132017,60
237,fae1b0a30d608d7f0a01c6ee,M14,0,25.05,21.9098602781,60
237,fae1b0a30d608d7f0a01c6ee,M15,0,28.89,24.2210512319,60
237,fae1b0a30d608d7f0a01c6ee,M16,0,56.78,47.2812763428,100
237,fae1b0a30d608d7f0a01c6ee,M17,0,8.16,6.72105381769,14
237,fae1b0a30d608d7f0a01c6ee,M18,0,10.71,8.98293088345,21
237,fae1b0a30d608d7f0a01c6ee,M19,0,8.96,7.23562575088,21
237,fae1b0a30d608d7f0a01c6ee,M20,0,11.38,9.80258108709,20
237,fae1b0a30d608d7f0a01c6ee,M21,0,8.75,7.21494262812,21
237,fae1b0a30d608d7f0a01c6ee,M22,0,20.94,17.6179741891,45
237,fae1b0a30d608d7f0a01c6ee,M23,0,18.11,15.227627762,45
237,fae1b0a30d608d7f0a01c6ee,M24,0,21.6,18.2723651655,45
237,fae1b0a30d608d7f0a01c6ee,M25,0,14.19,12.689638616,20
237,fae1b0a30d608d7f0a01c6ee,M26,0,13.04,12.1526723208,20
237,fae1b0a30d608d7f0a01c6ee,M27,0,16.82,15.3257670192,30
237,fae1b0a30d608d7f0a01c6ee,M28,0,15.05,13.9058944989,30
237,fae1b0a30d608d7f0a01c6ee,M29,0,16.92,15.4297090969,30
237,fae1b0a30d608d7f0a01c6ee,M30,0,10.37,9.0814022833,21
238,4a69088acec0c142b3de9690,M01,3,5.06,7.42054099389,10
238,4a69088acec0c142b3de9690,M02,3,6.77,10.331401219,15
238,4a69088acec0c142b3de9690,M03,3,5.71,10.4219743914,21
238,4a69088acec0c142b3de9690,M04,3,5.41,10.2208634033,21
238,4a69088acec0c142b3de9690,M05,3,5.34,10.2097705681,21
238,4a69088acec0c142b3de9690,M06,3,7.31,13.5321020357,21
238,4a69088acec0c142b3de9690,M07,3,7.41,14.790358335,30
238,4a69088acec0c142b3de9690,M08,3,10.31,19.625096512,30
238,4a69088acec0c142b3de9690,M09,3,9.36,18.7663094528,30
238,4a69088acec0c142b3de9690,M10,3,11.84,20.0329488589,30
238,4a69088acec0c142b3de9690,M11,3,10.96,19.7245543754,30
238,4a69088acec0c142b3de9690,M12,3,13.2,27.8861769961,45
238,4a69088acec0c142b3de9690,M13,3,12.72,27.8273734482,60
238,4a69088acec0c142b3de9690,M14,3,10.74,25.8016381151,60
238,4a69088acec0c142b3de9690,M15,3,12.66,27.8939632012,60
238,4a69088acec0c142b3de9690,M16,3,27.18,53.2060995765,100
238,4a69088acec0c142b3de9690,M17,3,3.77,7.36626725285,14
238,4a69088acec0c142b3de9690,M18,3,5.68,10.2015068152,21
238,4a69088acec0c142b3de9690,M19,3,4.93,8.33705375535,21
238,4a69088acec0c142b3de9690,M20,3,6.45,10.4366951657,20
238,4a69088acec0c142b3de9690,M21,3,4.89,8.25027604057,21
238,4a69088acec0c142b3de9690,M22,3,9.53,19.6826430019,45
238,4a69088acec0c142b3de9690,M23,3,8.49,17.4797822718,45
238,4a69088acec0c142b3de9690,M24,3,9.21,19.817178488,45
238,4a69088acec0c142b3de9690,M25,3,13.35,14.0720465653,20
238,4a69088acec0c142b3de9690,M26,3,11.93,13.4824092489,20
238,4a69088acec0c142b3de9690,M27,3,14.73,17.1373905772,30
238,4a69088acec0c142b3de9690,M28,3,12.68,15.5509972349,30
238,4a69088acec0c142b3de9690,M29,3,14.54,17.1083932643,30
238,4a69088acec0c142b3de9690,M30,3,8.87,10.4590560758,21
239,f8ac8d48882ea0feea3861c4,M01,1,6.72,7.22674317853,10
239,f8ac8d48882ea0feea3861c4,M02,1,9.4,10.0832537884,15
239,f8ac8d48882ea0feea3861c4,M03,1,9.69,10.1425731948,21
239,f8ac8d48882ea0feea3861c4,M04,1,9.13,9.96000523426,21
239,f8ac8d48882ea0feea3861c4,M05,1,8.87,9.96917978566,21
239,f8ac8d48882ea0feea3861c4,M06,1,11.53,13.2197485717,21
239,f8ac8d48882ea0feea3861c4,M07,1,13.31,14.544126043,30
239,f8ac8d48882ea0feea3861c4,M08,1,17.73,19.4461823673,30
239,f8ac8d48882ea0feea3861c4,M09,1,16.92,18.7020715722,30
239,f8ac8d48882ea0feea3861c4,M10,1,19.27,19.9039947075,30
239,f8ac8d48882ea0feea3861c4,M11,1,18.44,19.5325070339,30
239,f8ac8d48882ea0feea3861c4,M12,1,25.3,27.1207692368,45
239,f8ac8d48882ea0feea3861c4,M13,1,26.39,26.8740225329,60
239,f8ac8d48882ea0feea3861c4,M14,1,20.65,24.1204349962,60
239,f8ac8d48882ea0feea3861c4,M15,1,25.07,27.118414612,60
239,f8ac8d48882ea0feea3861c4,M16,1,51.57,53.6532435946,100
239,f8ac8d48882ea0feea3861c4,M17,1,7.06,7.24466458624,14
239,f8ac8d48882ea0feea3861c4,M18,1,9.77,9.9871490953,21
239,f8ac8d48882ea0feea3861c4,M19,1,7.55,7.92578162767,21
239,f8ac8d48882ea0feea3861c4,M20,1,10.81,10.0726886736,20
239,f8ac8d48882ea0feea3861c4,M21,1,7.9,7.90337532343,21
239,f8ac8d48882ea0feea3861c4,M22,1,18.78,19.1390510002,45
239,f8ac8d48882ea0feea3861c4,M23,1,14.97,16.7007815403,45
239,f8ac8d48882ea0feea3861c4,M24,1,23.71,19.7240391354,45
239,f8ac8d48882ea0feea3861c4,M25,1,13.27,13.5908101194,20
239,f8ac8d48882ea0feea3861c4,M26,1,12.15,13.1010043808,20
239,f8ac8d48882ea0feea3861c4,M27,1,15.06,16.1379789387,30
239,f8ac8d48882ea0feea3861c4,M28,1,13.34,15.0832046025,30
239,f8ac8d48882ea0feea3861c4,M29,1,15.6,16.1705141535,30
239,f8ac8d48882ea0feea3861c4,M30,1,9.2,10.1517282011,21
240,4fc34b6859ebf93e0c16c141,M01,4,5.63,6.66499611686,10
240,4fc34b6859ebf93e0c16c141,M02,4,7.14,8.92032392768,15
240,4fc34b6859ebf93e0c16c141,M03,4,6.03,8.95822505661,21
240,4fc34b6859ebf93e0c16c141,M04,4,5.66,8.60126082619,21
240,4fc34b6859ebf93e0c16c141,M05,4,5.54,8.52312414199,21
240,4fc34b6859ebf93e0c16c141,M06,4,7.71,11.2170316866,21
240,4fc34b6859ebf93e0c16c141,M07,4,7.94,11.942541825,30
240,4fc34b6859ebf93e0c16c141,M08,4,11.57,16.4885208089,30
240,4fc34b6859ebf93e0c16c141,M09,4,10.66,15.9924822636,30
240,4fc34b6859ebf93e0c16c141,M10,4,13,16.9203515926,30
240,4fc34b6859ebf93e0c16c141,M11,4,12.27,16.5358399527,30
240,4fc34b6859ebf93e0c16c141,M12,4,15.34,21.8484994736,45
240,4fc34b6859ebf93e0c16c141,M13,4,14.58,21.6741281822,60
240,4fc34b6859ebf93e0c16c141,M14,4,12.37,20.814102086,60
240,4fc34b6859ebf93e0c16c141,M15,4,14.19,21.8808459383,60
240,4fc34b6859ebf93e0c16c141,M16,4,32.85,45.0427467438,100
240,4fc34b6859ebf93e0c16c141,M17,4,4.4,6.30516252446,14
240,4fc34b6859ebf93e0c16c141,M18,4,6.14,8.52546775312,21
240,4fc34b6859ebf93e0c16c141,M19,4,4.95,6.63545995913,21
240,4fc34b6859ebf93e0c16c141,M20,4,6.64,8.9271404336,20
240,4fc34b6859ebf93e0c16c141,M21,4,4.89,6.56162480578,21
240,4fc34b6859ebf93e0c16c141,M22,4,10.97,14.2999145734,45
240,4fc34b6859ebf93e0c16c141,M23,4,9.17,13.1900743578,45
240,4fc34b6859ebf93e0c16c141,M24,4,11.12,14.3418422817,45
240,4fc34b6859ebf93e0c16c141,M25,4,11.97,12.7335982174,20
240,4fc34b6859ebf93e0c16c141,M26,4,10.66,12.136035701,20
240,4fc34b6859ebf93e0c16c141,M27,4,11.4,14.7736038399,30
240,4fc34b6859ebf93e0c16c141,M28,4,9.89,13.4033030705,30
240,4fc34b6859ebf93e0c16c141,M29,4,11.67,14.6682526362,30
240,4fc34b6859ebf93e0c16c141,M30,4,7.1,8.96330087346,21
241,18623281fc9dce7d70af43e9,M01,3,6.39,6.1000283432,10
241,18623281fc9dce7d70af43e9,M02,3,8.52,7.29399449905,15
241,18623281fc9dce7d70af43e9,M03,3,7.87,6.84400546848,21
241,18623281fc9dce7d70af43e9,M04,3,7.08,6.59932699108,21
241,18623281fc9dce7d70af43e9,M05,3,6.81,6.45457478178,21
241,18623281fc9dce7d70af43e9,M06,3,9.94,8.71053186981,21
241,18623281fc9dce7d70af43e9,M07,3,10.63,9.0375977896,30
241,18623281fc9dce7d70af43e9,M08,3,14.79,12.9584854833,30
241,18623281fc9dce7d70af43e9,M09,3,13.45,12.5069511899,30
241,18623281fc9dce7d70af43e9,M10,3,16.37,13.2071488776,30
241,18623281fc9dce7d70af43e9,M11,3,15.01,12.9092356458,30
241,18623281fc9dce7d70af43e9,M12,3,20.29,15.7226552653,45
241,18623281fc9dce7d70af43e9,M13,3,18.35,15.3244493096,60
241,18623281fc9dce7d70af43e9,M14,3,15.14,14.8669151544,60
241,18623281fc9dce7d70af43e9,M15,3,19.01,15.5848934154,60
241,18623281fc9dce7d70af43e9,M16,3,41.75,37.769185368,100
241,18623281fc9dce7d70af43e9,M17,3,6.14,5.478664628,14
241,18623281fc9dce7d70af43e9,M18,3,8.33,6.66941889156,21
241,18623281fc9dce7d70af43e9,M19,3,6.87,6.08053280336,21
241,18623281fc9dce7d70af43e9,M20,3,9.06,8.02310396159,20
241,18623281fc9dce7d70af43e9,M21,3,6.45,6.05650023636,21
241,18623281fc9dce7d70af43e9,M22,3,14.51,11.9186843343,45
241,18623281fc9dce7d70af43e9,M23,3,12.13,10.7771280459,45
241,18623281fc9dce7d70af43e9,M24,3,14.74,11.8039311098,45
241,18623281fc9dce7d70af43e9,M25,3,11.57,10.7632682539,20
241,18623281fc9dce7d70af43e9,M26,3,10.56,10.1821556352,20
241,18623281fc9dce7d70af43e9,M27,3,11.63,11.5041699603,30
241,18623281fc9dce7d70af43e9,M28,3,10.73,10.4667614101,30
241,18623281fc9dce7d70af43e9,M29,3,12.74,11.3856890419,30
241,18623281fc9dce7d70af43e9,M30,3,7.17,6.84326474081,21
242,9e0901bcee50a2c1f9527fb0,M01,2,7.3,7.11116173505,10
242,9e0901bcee50a2c1f9527fb0,M02,2,9.81,9.60439150643,15
242,9e0901bcee50a2c1f9527fb0,M03,2,10.47,9.55587979964,21
242,9e0901bcee50a2c1f9527fb0,M04,2,9.56,9.28714383448,21
242,9e0901bcee50a2c1f9527fb0,M05,2,9.58,9.25840983864,21
242,9e0901bcee50a2c1f9527fb0,M06,2,13.01,12.7597705073,21
242,9e0901bcee50a2c1f9527fb0,M07,2,14.5,13.69965693,30
242,9e0901bcee50a2c1f9527fb0,M08,2,18.92,18.388921921,30
242,9e0901bcee50a2c1f9527fb0,M09,2,17.66,17.750801225,30
242,9e0901bcee50a2c1f9527fb0,M10,2,20.36,19.1468977898,30
242,9e0901bcee50a2c1f9527fb0,M11,2,19.37,18.8725391537,30
242,9e0901bcee50a2c1f9527fb0,M12,2,27.27,25.528570774,45
242,9e0901bcee50a2c1f9527fb0,M13,2,27.49,25.4064470365,60
242,9e0901bcee50a2c1f9527fb0,M14,2,24.29,23.0848164933,60
242,9e0901bcee50a2c1f9527fb0,M15,2,27.4,25.5228763742,60
242,9e0901bcee50a2c1f9527fb0,M16,2,56.08,54.3785567482,100
242,9e0901bcee50a2c1f9527fb0,M17,2,7.31,7.10938441359,14
242,9e0901bcee50a2c1f9527fb0,M18,2,10.14,9.44120063242,21
242,9e0901bcee50a2c1f9527fb0,M19,2,7.44,7.51516190857,21
242,9e0901bcee50a2c1f9527fb0,M20,2,9.81,10.3029847544,20
242,9e0901bcee50a2c1f9527fb0,M21,2,6.95,7.49294580035,21
242,9e0901bcee50a2c1f9527fb0,M22,2,16.46,17.9326457089,45
242,9e0901bcee50a2c1f9527fb0,M23,2,14.08,15.6350958832,45
242,9e0901bcee50a2c1f9527fb0,M24,2,16.61,17.8249558257,45
242,9e0901bcee50a2c1f9527fb0,M25,2,14.29,13.5564141452,20
242,9e0901bcee50a2c1f9527fb0,M26,2,13.08,12.9955406867,20
242,9e0901bcee50a2c1f9527fb0,M27,2,17.02,16.0913421325,30
242,9e0901bcee50a2c1f9527fb0,M28,2,15.2,14.3998095891,30
242,9e0901bcee50a2c1f9527fb0,M29,2,16.75,16.0595445823,30
242,9e0901bcee50a2c1f9527fb0,M30,2,10.52,9.56668752308,21
243,25ddcfd00b9d06444330609f,M01,3,6.95,7.63239215094,10
243,25ddcfd00b9d06444330609f,M02,3,9.48,10.3912243952,15
243,25ddcfd00b9d06444330609f,M03,3,9.78,10.4753147154,21
243,25ddcfd00b9d06444330609f,M04,3,8.86,10.2871900353,21
243,25ddcfd00b9d06444330609f,M05,3,8.47,10.2712209967,21
243,25ddcfd00b9d06444330609f,M06,3,12.04,13.681228736,21
243,25ddcfd00b9d06444330609f,M07,3,13.42,14.8920184869,30
243,25ddcfd00b9d06444330609f,M08,3,17.83,18.8726310301,30
243,25ddcfd00b9d06444330609f,M09,3,16.53,18.167225067,30
243,25ddcfd00b9d06444330609f,M10,3,19.37,19.2795154017,30
243,25ddcfd00b9d06444330609f,M11,3,17.85,18.9702481758,30
243,25ddcfd00b9d06444330609f,M12,3,25.37,28.1400430762,45
243,25ddcfd00b9d06444330609f,M13,3,24.76,28.0901964375,60
243,25ddcfd00b9d06444330609f,M14,3,21.46,26.1834646535,60
243,25ddcfd00b9d06444330609f,M15,3,25.1,28.1698512337,60
243,25ddcfd00b9d06444330609f,M16,3,52.9,53.3086700854,100
243,25ddcfd00b9d06444330609f,M17,3,7.24,7.58799340402,14
243,25ddcfd00b9d06444330609f,M18,3,10.05,10.2752322098,21
243,25ddcfd00b9d06444330609f,M19,3,7.09,8.30049954875,21
243,25ddcfd00b9d06444330609f,M20,3,10.39,10.6495282995,20
243,25ddcfd00b9d06444330609f,M21,3,7.6,8.23803360947,21
243,25ddcfd00b9d06444330609f,M22,3,18.28,18.7624146363,45
243,25ddcfd00b9d06444330609f,M23,3,15.58,17.0990605739,45
243,25ddcfd00b9d06444330609f,M24,3,18.62,18.8869710205,45
243,25ddcfd00b9d06444330609f,M25,3,12.89,14.1097201545,20
243,25ddcfd00b9d06444330609f,M26,3,11.69,13.518697249,20
243,25ddcfd00b9d06444330609f,M27,3,14.2,17.3171302057,30
243,25ddcfd00b9d06444330609f,M28,3,12.37,15.5085089541,30
243,25ddcfd00b9d06444330609f,M29,3,14.45,17.2386585845,30
243,25ddcfd00b9d06444330609f,M30,3,8.54,10.4865587246,21
244,670b4048ec51c7fd50fc617b,M01,2,7.83,8.1323485929,10
244,670b4048ec51c7fd50fc617b,M02,2,10.41,10.4974938974,15
244,670b4048ec51c7fd50fc617b,M03,2,11.55,11.9275479531,21
244,670b4048ec51c7fd50fc617b,M04,2,10.69,11.3478620883,21
244,670b4048ec51c7fd50fc617b,M05,2,10.85,11.3968639311,21
244,670b4048ec51c7fd50fc617b,M06,2,14.27,15.0577139581,21
244,670b4048ec51c7fd50fc617b,M07,2,16.06,17.1593509413,30
244,670b4048ec51c7fd50fc617b,M08,2,20.42,21.4304127051,30
244,670b4048ec51c7fd50fc617b,M09,2,19.2,20.260570279,30
244,670b4048ec51c7fd50fc617b,M10,2,21.97,22.3049032077,30
244,670b4048ec51c7fd50fc617b,M11,2,21.2,22.1383328651,30
244,670b4048ec51c7fd50fc617b,M12,2,29.59,30.9726214317,45
244,670b4048ec51c7fd50fc617b,M13,2,30.56,31.4345506331,60
244,670b4048ec51c7fd50fc617b,M14,2,27.22,29.1988004886,60
244,670b4048ec51c7fd50fc617b,M15,2,30.76,31.5554615264,60
244,670b4048ec51c7fd50fc617b,M16,2,59.36,62.3016117421,100
244,670b4048ec51c7fd50fc617b,M17,2,8.04,8.3463914965,14
244,670b4048ec51c7fd50fc617b,M18,2,11.17,11.4451360506,21
244,670b4048ec51c7fd50fc617b,M19,2,9.66,10.2407368068,21
244,670b4048ec51c7fd50fc617b,M20,2,11.82,12.9097491282,20
244,670b4048ec51c7fd50fc617b,M21,2,9,9.77503766435,21
244,670b4048ec51c7fd50fc617b,M22,2,22.5,24.9282307938,45
244,670b4048ec51c7fd50fc617b,M23,2,19.22,21.9580370471,45
244,670b4048ec51c7fd50fc617b,M24,2,23.03,25.2527459026,45
244,670b4048ec51c7fd50fc617b,M25,2,15.04,15.2212021222,20
244,670b4048ec51c7fd50fc617b,M26,2,13.82,14.2713723748,20
244,670b4048ec51c7fd50fc617b,M27,2,18.48,18.9922058874,30
244,670b4048ec51c7fd50fc617b,M28,2,16.59,17.2033739626,30
244,670b4048ec51c7fd50fc617b,M29,2,18.38,18.9966717933,30
244,670b4048ec51c7fd50fc617b,M30,2,11.61,11.9256133268,21
245,1a63c784a90e7a00bbc469c8,M01,1,7.44,8.88684294077,10
245,1a63c784a90e7a00bbc469c8,M02,1,9.96,11.7508376904,15
245,1a63c784a90e7a00bbc469c8,M03,1,10.84,13.7303774339,21
245,1a63c784a90e7a00bbc469c8,M04,1,10.48,13.0623981866,21
245,1a63c784a90e7a00bbc469c8,M05,1,10.57,13.1545264967,21
245,1a63c784a90e7a00bbc469c8,M06,1,13.48,16.2901435119,21
245,1a63c784a90e7a00bbc469c8,M07,1,15.07,19.3592946207,30
245,1a63c784a90e7a00bbc469c8,M08,1,19.44,23.1355593881,30
245,1a63c784a90e7a00bbc469c8,M09,1,19.03,21.9863070294,30
245,1a63c784a90e7a00bbc469c8,M10,1,20.89,24.1257339575,30
245,1a63c784a90e7a00bbc469c8,M11,1,20.83,23.9254323995,30
245,1a63c784a90e7a00bbc469c8,M12,1,28.18,35.7889619476,45
245,1a63c784a90e7a00bbc469c8,M13,1,29.01,36.5725568294,60
245,1a63c784a90e7a00bbc469c8,M14,1,26.38,35.3156674529,60
245,1a63c784a90e7a00bbc469c8,M15,1,29.61,36.7932159567,60
245,1a63c784a90e7a00bbc469c8,M16,1,57.74,65.6984139711,100
245,1a63c784a90e7a00bbc469c8,M17,1,7.76,9.07062502503,14
245,1a63c784a90e7a00bbc469c8,M18,1,10.91,13.021446801,21
245,1a63c784a90e7a00bbc469c8,M19,1,8.29,12.7270536434,21
245,1a63c784a90e7a00bbc469c8,M20,1,10.03,13.4747459318,20
245,1a63c784a90e7a00bbc469c8,M21,1,7.75,11.9030874437,21
245,1a63c784a90e7a00bbc469c8,M22,1,17.56,25.1746128462,45
245,1a63c784a90e7a00bbc469c8,M23,1,17.05,24.3146295927,45
245,1a63c784a90e7a00bbc469c8,M24,1,17.82,25.240719791,45
245,1a63c784a90e7a00bbc469c8,M25,1,16.26,16.14378043,20
245,1a63c784a90e7a00bbc469c8,M26,1,15.03,15.2321777534,20
245,1a63c784a90e7a00bbc469c8,M27,1,20.99,20.9427327754,30
245,1a63c784a90e7a00bbc469c8,M28,1,19.15,19.8216941348,30
245,1a63c784a90e7a00bbc469c8,M29,1,20.01,20.8564917191,30
245,1a63c784a90e7a00bbc469c8,M30,1,13.15,13.7548162083,21
246,dde8b904e95cd1e872f4f7db,M01,2,7.92,8.04798080706,10
246,dde8b904e95cd1e872f4f7db,M02,2,10.6,10.6577423953,15
246,dde8b904e95cd1e872f4f7db,M03,2,11.95,12.1583236256,21
246,dde8b904e95cd1e872f4f7db,M04,2,11.04,11.5088810709,21
246,dde8b904e95cd1e872f4f7db,M05,2,11.18,11.5447096347,21
246,dde8b904e95cd1e872f4f7db,M06,2,14.58,14.9806522575,21
246,dde8b904e95cd1e872f4f7db,M07,2,16.66,16.9316412073,30
246,dde8b904e95cd1e872f4f7db,M08,2,20.99,21.5893260845,30
246,dde8b904e95cd1e872f4f7db,M09,2,19.74,20.3939304829,30
246,dde8b904e95cd1e872f4f7db,M10,2,22.51,22.5492832441,30
246,dde8b904e95cd1e872f4f7db,M11,2,21.69,22.3190330524,30
246,dde8b904e95cd1e872f4f7db,M12,2,30.57,31.8396602796,45
246,dde8b904e95cd1e872f4f7db,M13,2,31.36,32.4132404854,60
246,dde8b904e95cd1e872f4f7db,M14,2,28.08,29.6372832625,60
246,dde8b904e95cd1e872f4f7db,M15,2,31.9,32.4769851333,60
246,dde8b904e95cd1e872f4f7db,M16,2,60.24,60.0851710922,100
246,dde8b904e95cd1e872f4f7db,M17,2,8.21,8.2359857237,14
246,dde8b904e95cd1e872f4f7db,M18,2,11.51,11.5918982,21
246,dde8b904e95cd1e872f4f7db,M19,2,9.83,10.5422001086,21
246,dde8b904e95cd1e872f4f7db,M20,2,11.83,12.0814155392,20
246,dde8b904e95cd1e872f4f7db,M21,2,9.15,10.0366868301,21
246,dde8b904e95cd1e872f4f7db,M22,2,22.51,25.0053167951,45
246,dde8b904e95cd1e872f4f7db,M23,2,19.31,22.1591944749,45
246,dde8b904e95cd1e872f4f7db,M24,2,23.22,24.8605864384,45
246,dde8b904e95cd1e872f4f7db,M25,2,15.2,15.1547858075,20
246,dde8b904e95cd1e872f4f7db,M26,2,13.96,14.1931040427,20
246,dde8b904e95cd1e872f4f7db,M27,2,18.8,19.1539780934,30
246,dde8b904e95cd1e872f4f7db,M28,2,16.98,17.203213877,30
246,dde8b904e95cd1e872f4f7db,M29,2,18.85,19.157075673,30
246,dde8b904e95cd1e872f4f7db,M30,2,11.99,12.1683916494,21
247,b8b3ad07e5e1039df48e43e6,M01,2,4.35,5.82730289523,10
247,b8b3ad07e5e1039df48e43e6,M02,2,5.23,6.79157081688,15
247,b8b3ad07e5e1039df48e43e6,M03,2,4.82,6.57346710403,21
247,b8b3ad07e5e1039df48e43e6,M04,2,4.63,6.35053238679,21
247,b8b3ad07e5e1039df48e43e6,M05,2,4.38,6.21191871566,21
247,b8b3ad07e5e1039df48e43e6,M06,2,6.22,8.53091631928,21
247,b8b3ad07e5e1039df48e43e6,M07,2,5.83,8.7066299041,30
247,b8b3ad07e5e1039df48e43e6,M08,2,6.91,11.6742963588,30
247,b8b3ad07e5e1039df48e43e6,M09,2,6.1,11.2215239547,30
247,b8b3ad07e5e1039df48e43e6,M10,2,8.28,11.8433316385,30
247,b8b3ad07e5e1039df48e43e6,M11,2,7.02,11.5503929435,30
247,b8b3ad07e5e1039df48e43e6,M12,2,7.22,14.3474770407,45
247,b8b3ad07e5e1039df48e43e6,M13,2,8.69,14.4267691359,60
247,b8b3ad07e5e1039df48e43e6,M14,2,6.18,13.8502145049,60
247,b8b3ad07e5e1039df48e43e6,M15,2,8.8,14.4181649943,60
247,b8b3ad07e5e1039df48e43e6,M16,2,13.83,29.2439652989,100
247,b8b3ad07e5e1039df48e43e6,M17,2,2.83,4.81247488397,14
247,b8b3ad07e5e1039df48e43e6,M18,2,5.15,6.36613288287,21
247,b8b3ad07e5e1039df48e43e6,M19,2,4.4,5.58629247615,21
247,b8b3ad07e5e1039df48e43e6,M20,2,5.05,7.7081356228,20
247,b8b3ad07e5e1039df48e43e6,M21,2,4.39,5.58003826458,21
247,b8b3ad07e5e1039df48e43e6,M22,2,6.9,10.0991378798,45
247,b8b3ad07e5e1039df48e43e6,M23,2,5.29,9.65738859368,45
247,b8b3ad07e5e1039df48e43e6,M24,2,6.87,10.1478340267,45
247,b8b3ad07e5e1039df48e43e6,M25,2,12.31,9.47980307294,20
247,b8b3ad07e5e1039df48e43e6,M26,2,10.73,9.06465540288,20
247,b8b3ad07e5e1039df48e43e6,M27,2,12.71,10.4977953059,30
247,b8b3ad07e5e1039df48e43e6,M28,2,10.52,9.9375249463,30
247,b8b3ad07e5e1039df48e43e6,M29,2,13.1,10.5184664001,30
247,b8b3ad07e5e1039df48e43e6,M30,2,7.71,6.56155343043,21
248,5a933e414c446e00b391d67e,M01,4,7.89,7.89235738304,10
248,5a933e414c446e00b391d67e,M02,4,10.57,10.495784537,15
248,5a933e414c446e00b391d67e,M03,4,12,11.8630392263,21
248,5a933e414c446e00b391d67e,M04,4,11.16,11.3537501627,21
248,5a933e414c446e00b391d67e,M05,4,11.33,11.3947861367,21
248,5a933e414c446e00b391d67e,M06,4,14.67,14.6005361595,21
248,5a933e414c446e00b391d67e,M07,4,16.8,16.7399151752,30
248,5a933e414c446e00b391d67e,M08,4,21.09,21.1068143102,30
248,5a933e414c446e00b391d67e,M09,4,19.93,20.0189556843,30
248,5a933e414c446e00b391d67e,M10,4,22.57,22.150173153,30
248,5a933e414c446e00b391d67e,M11,4,21.84,21.9684563646,30
248,5a933e414c446e00b391d67e,M12,4,30.86,31.2808512052,45
248,5a933e414c446e00b391d67e,M13,4,31.99,31.3079057424,60
248,5a933e414c446e00b391d67e,M14,4,28.92,28.5952345078,60
248,5a933e414c446e00b391d67e,M15,4,32.18,31.4372261348,60
248,5a933e414c446e00b391d67e,M16,4,60.96,60.151284747,100
248,5a933e414c446e00b391d67e,M17,4,8.28,8.12016894849,14
248,5a933e414c446e00b391d67e,M18,4,11.6,11.4499183482,21
248,5a933e414c446e00b391d67e,M19,4,10.65,10.3073996119,21
248,5a933e414c446e00b391d67e,M20,4,12.77,12.4843897156,20
248,5a933e414c446e00b391d67e,M21,4,10.01,10.0174563754,21
248,5a933e414c446e00b391d67e,M22,4,25.58,24.7822424535,45
248,5a933e414c446e00b391d67e,M23,4,22.38,21.8418685679,45
248,5a933e414c446e00b391d67e,M24,4,25.99,24.8457925261,45
248,5a933e414c446e00b391d67e,M25,4,15.22,14.8561505026,20
248,5a933e414c446e00b391d67e,M26,4,14.07,13.9579918025,20
248,5a933e414c446e00b391d67e,M27,4,18.97,18.6618802643,30
248,5a933e414c446e00b391d67e,M28,4,17.23,17.0738878334,30
248,5a933e414c446e00b391d67e,M29,4,18.87,18.6296938735,30
248,5a933e414c446e00b391d67e,M30,4,12.04,11.8517980676,21
249,6f55438546f57416a8693eb4,M01,3,6.14,6.53062522075,10
249,6f55438546f57416a8693eb4,M02,3,8.19,7.2208339981,15
249,6f55438546f57416a8693eb4,M03,3,7.5,6.96411577001,21
249,6f55438546f57416a8693eb4,M04,3,6.78,6.74642926505,21
249,6f55438546f57416a8693eb4,M05,3,6.5,6.63531901387,21
249,6f55438546f57416a8693eb4,M06,3,9.46,9.38427344942,21
249,6f55438546f57416a8693eb4,M07,3,9.94,9.62802396366,30
249,6f55438546f57416a8693eb4,M08,3,13.93,13.530914518,30
249,6f55438546f57416a8693eb4,M09,3,12.64,13.1821202706,30
249,6f55438546f57416a8693eb4,M10,3,15.58,13.666209069,30
249,6f55438546f57416a8693eb4,M11,3,14.34,13.3341810565,30
249,6f55438546f57416a8693eb4,M12,3,18.74,16.6913293341,45
249,6f55438546f57416a8693eb4,M13,3,17.67,16.6208098289,60
249,6f55438546f57416a8693eb4,M14,3,14.66,16.2609905341,60
249,6f55438546f57416a8693eb4,M15,3,17.72,16.7903291205,60
249,6f55438546f57416a8693eb4,M16,3,40.54,28.3381348539,100
249,6f55438546f57416a8693eb4,M17,3,5.53,5.59969091891,14
249,6f55438546f57416a8693eb4,M18,3,7.56,6.70415491156,21
249,6f55438546f57416a8693eb4,M19,3,5.65,6.47299912375,21
249,6f55438546f57416a8693eb4,M20,3,7.92,8.79133711473,20
249,6f55438546f57416a8693eb4,M21,3,5.62,6.40942161785,21
249,6f55438546f57416a8693eb4,M22,3,12.22,12.4983529513,45
249,6f55438546f57416a8693eb4,M23,3,10.47,12.0256914837,45
249,6f55438546f57416a8693eb4,M24,3,12.17,12.5441811399,45
249,6f55438546f57416a8693eb4,M25,3,8.84,10.4701436127,20
249,6f55438546f57416a8693eb4,M26,3,7.09,10.1959035272,20
249,6f55438546f57416a8693eb4,M27,3,8.51,12.5738827483,30
249,6f55438546f57416a8693eb4,M28,3,7.2,12.1283842235,30
249,6f55438546f57416a8693eb4,M29,3,8.27,12.5885161419,30
249,6f55438546f57416a8693eb4,M30,3,4.98,6.98700967505,21
250,c757832b2167519e0ac3b967,M01,4,9.28,8.80534776756,10
250,c757832b2167519e0ac3b967,M02,4,11.82,12.0094884605,15
250,c757832b2167519e0ac3b967,M03,4,14.3,14.3033611601,21
250,c757832b2167519e0ac3b967,M04,4,13.29,13.5690457074,21
250,c757832b2167519e0ac3b967,M05,4,13.55,13.6807802722,21
250,c757832b2167519e0ac3b967,M06,4,17.19,16.6115453758,21
250,c757832b2167519e0ac3b967,M07,4,20.25,19.9394916142,30
250,c757832b2167519e0ac3b967,M08,4,24.25,23.7780148364,30
250,c757832b2167519e0ac3b967,M09,4,22.92,22.9593001976,30
250,c757832b2167519e0ac3b967,M10,4,25.75,24.9425239281,30
250,c757832b2167519e0ac3b967,M11,4,24.9,24.8562847985,30
250,c757832b2167519e0ac3b967,M12,4,36.22,36.6881790833,45
250,c757832b2167519e0ac3b967,M13,4,38.6,37.4453051722,60
250,c757832b2167519e0ac3b967,M14,4,35.86,36.5060181797,60
250,c757832b2167519e0ac3b967,M15,4,38.85,37.5336253053,60
250,c757832b2167519e0ac3b967,M16,4,68.13,66.1815939608,100
250,c757832b2167519e0ac3b967,M17,4,9.41,9.18524539695,14
250,c757832b2167519e0ac3b967,M18,4,13.53,13.4782580497,21
250,c757832b2167519e0ac3b967,M19,4,13.47,13.4877089879,21
250,c757832b2167519e0ac3b967,M20,4,14.98,12.9390281921,20
250,c757832b2167519e0ac3b967,M21,4,12.28,12.6359066731,21
250,c757832b2167519e0ac3b967,M22,4,32.72,28.1541533172,45
250,c757832b2167519e0ac3b967,M23,4,29.36,27.0775664718,45
250,c757832b2167519e0ac3b967,M24,4,33.22,28.3753242056,45
250,c757832b2167519e0ac3b967,M25,4,16.93,16.5581949418,20
250,c757832b2167519e0ac3b967,M26,4,15.56,15.6706186776,20
250,c757832b2167519e0ac3b967,M27,4,21.9,21.4158081781,30
250,c757832b2167519e0ac3b967,M28,4,20.18,20.4503824744,30
250,c757832b2167519e0ac3b967,M29,4,21.66,21.271292174,30
250,c757832b2167519e0ac3b967,M30,4,14.35,14.3302069674,21
251,fa74b4af76ab2c2bfc0004ba,M01,2,7.71,8.00673857827,10
251,fa74b4af76ab2c2bfc0004ba,M02,2,10.34,10.6293004657,15
251,fa74b4af76ab2c2bfc0004ba,M03,2,11.55,12.1128680382,21
251,fa74b4af76ab2c2bfc0004ba,M04,2,10.73,11.4298616366,21
251,fa74b4af76ab2c2bfc0004ba,M05,2,10.9,11.4666137343,21
251,fa74b4af76ab2c2bfc0004ba,M06,2,14.21,14.8519075422,21
251,fa74b4af76ab2c2bfc0004ba,M07,2,16.12,16.9826807442,30
251,fa74b4af76ab2c2bfc0004ba,M08,2,20.43,21.4811948933,30
251,fa74b4af76ab2c2bfc0004ba,M09,2,19.32,20.3041622546,30
251,fa74b4af76ab2c2bfc0004ba,M10,2,21.92,22.4616167778,30
251,fa74b4af76ab2c2bfc0004ba,M11,2,21.21,22.1793483218,30
251,fa74b4af76ab2c2bfc0004ba,M12,2,29.78,31.5932535438,45
251,fa74b4af76ab2c2bfc0004ba,M13,2,30.82,32.0879568194,60
251,fa74b4af76ab2c2bfc0004ba,M14,2,27.77,29.4057501151,60
251,fa74b4af76ab2c2bfc0004ba,M15,2,30.84,32.163428736,60
251,fa74b4af76ab2c2bfc0004ba,M16,2,59.72,61.0463016279,100
251,fa74b4af76ab2c2bfc0004ba,M17,2,8.06,8.22536261695,14
251,fa74b4af76ab2c2bfc0004ba,M18,2,11.2,11.5308066675,21
251,fa74b4af76ab2c2bfc0004ba,M19,2,10.48,10.2215981377,21
251,fa74b4af76ab2c2bfc0004ba,M20,2,12.69,12.4820658392,20
251,fa74b4af76ab2c2bfc0004ba,M21,2,9.91,9.80838408093,21
251,fa74b4af76ab2c2bfc0004ba,M22,2,25.29,24.6305326762,45
251,fa74b4af76ab2c2bfc0004ba,M23,2,22.16,21.8992326745,45
251,fa74b4af76ab2c2bfc0004ba,M24,2,25.6,24.7886274156,45
251,fa74b4af76ab2c2bfc0004ba,M25,2,14.95,15.0355416595,20
251,fa74b4af76ab2c2bfc0004ba,M26,2,13.8,14.0597399532,20
251,fa74b4af76ab2c2bfc0004ba,M27,2,18.43,18.9462450539,30
251,fa74b4af76ab2c2bfc0004ba,M28,2,16.71,17.0507733921,30
251,fa74b4af76ab2c2bfc0004ba,M29,2,18.28,18.9594090065,30
251,fa74b4af76ab2c2bfc0004ba,M30,2,11.57,12.1161054199,21
252,49f72a7b3ba95ce637b7c9ed,M01,4,7.04,7.4360974246,10
252,49f72a7b3ba95ce637b7c9ed,M02,4,9.79,9.49084572991,15
252,49f72a7b3ba95ce637b7c9ed,M03,4,10.47,10.2499153203,21
252,49f72a7b3ba95ce637b7c9ed,M04,4,9.87,10.1126509651,21
252,49f72a7b3ba95ce637b7c9ed,M05,4,9.67,10.1171451891,21
252,49f72a7b3ba95ce637b7c9ed,M06,4,12.45,13.4226205647,21
252,49f72a7b3ba95ce637b7c9ed,M07,4,14.52,15.4889792019,30
252,49f72a7b3ba95ce637b7c9ed,M08,4,18.91,19.5027339967,30
252,49f72a7b3ba95ce637b7c9ed,M09,4,18.06,18.8065304208,30
252,49f72a7b3ba95ce637b7c9ed,M10,4,20.4,20.1272439596,30
252,49f72a7b3ba95ce637b7c9ed,M11,4,19.6,19.8435413621,30
252,49f72a7b3ba95ce637b7c9ed,M12,4,27.28,26.8591819506,45
252,49f72a7b3ba95ce637b7c9ed,M13,4,26.13,26.3846653455,60
252,49f72a7b3ba95ce637b7c9ed,M14,4,23.13,25.3087077255,60
252,49f72a7b3ba95ce637b7c9ed,M15,4,27.57,26.8968605934,60
252,49f72a7b3ba95ce637b7c9ed,M16,4,54.55,55.2768689105,100
252,49f72a7b3ba95ce637b7c9ed,M17,4,7.5,7.50348409482,14
252,49f72a7b3ba95ce637b7c9ed,M18,4,10.46,10.1242126206,21
252,49f72a7b3ba95ce637b7c9ed,M19,4,7.25,9.0114391183,21
252,49f72a7b3ba95ce637b7c9ed,M20,4,10.46,12.1026523927,20
252,49f72a7b3ba95ce637b7c9ed,M21,4,7.58,8.94549651137,21
252,49f72a7b3ba95ce637b7c9ed,M22,4,17.94,21.9116829602,45
252,49f72a7b3ba95ce637b7c9ed,M23,4,14.54,19.4055543877,45
252,49f72a7b3ba95ce637b7c9ed,M24,4,20.87,23.3312924724,45
252,49f72a7b3ba95ce637b7c9ed,M25,4,13.8,13.5927863981,20
252,49f72a7b3ba95ce637b7c9ed,M26,4,12.71,13.320800704,20
252,49f72a7b3ba95ce637b7c9ed,M27,4,16.16,16.7384864087,30
252,49f72a7b3ba95ce637b7c9ed,M28,4,14.46,15.8651295699,30
252,49f72a7b3ba95ce637b7c9ed,M29,4,16.65,16.7575490259,30
252,49f72a7b3ba95ce637b7c9ed,M30,4,10,10.2539921457,21
253,2e0625b187eb16887bc48f24,M01,3,8.4,8.93509917859,10
253,2e0625b187eb16887bc48f24,M02,3,11.03,11.2833954034,15
253,2e0625b187eb16887bc48f24,M03,3,12.67,13.4325349511,21
253,2e0625b187eb16887bc48f24,M04,3,11.56,12.982493061,21
253,2e0625b187eb16887bc48f24,M05,3,12.44,13.0468292235,21
253,2e0625b187eb16887bc48f24,M06,3,15.51,16.1080055751,21
253,2e0625b187eb16887bc48f24,M07,3,17.61,19.4906146268,30
253,2e0625b187eb16887bc48f24,M08,3,21.91,23.2112937045,30
253,2e0625b187eb16887bc48f24,M09,3,20.39,22.3563687313,30
253,2e0625b187eb16887bc48f24,M10,3,23.59,24.2412154852,30
253,2e0625b187eb16887bc48f24,M11,3,23.46,24.1525276315,30
253,2e0625b187eb16887bc48f24,M12,3,31.8,35.3527743178,45
253,2e0625b187eb16887bc48f24,M13,3,33.41,35.6218685197,60
253,2e0625b187eb16887bc48f24,M14,3,29.76,35.1136422827,60
253,2e0625b187eb16887bc48f24,M15,3,34.16,35.7920116961,60
253,2e0625b187eb16887bc48f24,M16,3,62.37,65.656610065,100
253,2e0625b187eb16887bc48f24,M17,3,7.93,9.06267800791,14
253,2e0625b187eb16887bc48f24,M18,3,11.03,12.9092652205,21
253,2e0625b187eb16887bc48f24,M19,3,10.37,11.9834270339,21
253,2e0625b187eb16887bc48f24,M20,3,9.96,14.4475241066,20
253,2e0625b187eb16887bc48f24,M21,3,7.57,11.4541692263,21
253,2e0625b187eb16887bc48f24,M22,3,17.32,27.2067777536,45
253,2e0625b187eb16887bc48f24,M23,3,16.69,26.1890685925,45
253,2e0625b187eb16887bc48f24,M24,3,17.31,27.378683621,45
253,2e0625b187eb16887bc48f24,M25,3,16.2,16.0399718951,20
253,2e0625b187eb16887bc48f24,M26,3,14.97,15.357632518,20
253,2e0625b187eb16887bc48f24,M27,3,20.77,20.895421328,30
253,2e0625b187eb16887bc48f24,M28,3,19.01,19.873981604,30
253,2e0625b187eb16887bc48f24,M29,3,20.72,20.8228882423,30
253,2e0625b187eb16887bc48f24,M30,3,13.5,13.4602201026,21
254,566ffc41d7edae3a1f739741,M01,2,8.5,8.55376207513,10
254,566ffc41d7edae3a1f739741,M02,2,11.28,11.3768843203,15
254,566ffc41d7edae3a1f739741,M03,2,13.53,13.4468629066,21
254,566ffc41d7edae3a1f739741,M04,2,12.67,13.0766018186,21
254,566ffc41d7edae3a1f739741,M05,2,12.9,13.1433836533,21
254,566ffc41d7edae3a1f739741,M06,2,16.26,16.2819652361,21
254,566ffc41d7edae3a1f739741,M07,2,19.17,18.9697646395,30
254,566ffc41d7edae3a1f739741,M08,2,23.25,23.2644917262,30
254,566ffc41d7edae3a1f739741,M09,2,22.08,22.2272510379,30
254,566ffc41d7edae3a1f739741,M10,2,24.63,24.0791420251,30
254,566ffc41d7edae3a1f739741,M11,2,23.98,24.0258039655,30
254,566ffc41d7edae3a1f739741,M12,2,34.6,35.3666488514,45
254,566ffc41d7edae3a1f739741,M13,2,36.48,35.6098721256,60
254,566ffc41d7edae3a1f739741,M14,2,33.83,34.3939765711,60
254,566ffc41d7edae3a1f739741,M15,2,36.58,35.7583225223,60
254,566ffc41d7edae3a1f739741,M16,2,65.88,64.8913410608,100
254,566ffc41d7edae3a1f739741,M17,2,9.05,8.76299413043,14
254,566ffc41d7edae3a1f739741,M18,2,12.98,13.0544695107,21
254,566ffc41d7edae3a1f739741,M19,2,12.7,11.8353582165,21
254,566ffc41d7edae3a1f739741,M20,2,14.17,13.193622829,20
254,566ffc41d7edae3a1f739741,M21,2,11.76,11.3006695011,21
254,566ffc41d7edae3a1f739741,M22,2,30.18,26.2342589382,45
254,566ffc41d7edae3a1f739741,M23,2,26.72,24.7880361041,45
254,566ffc41d7edae3a1f739741,M24,2,30.74,26.4225688253,45
254,566ffc41d7edae3a1f739741,M25,2,16.17,16.1977253169,20
254,566ffc41d7edae3a1f739741,M26,2,14.99,15.499700759,20
254,566ffc41d7edae3a1f739741,M27,2,20.85,21.0394405862,30
254,566ffc41d7edae3a1f739741,M28,2,19.23,19.9603223686,30
254,566ffc41d7edae3a1f739741,M29,2,20.61,20.9831790579,30
254,566ffc41d7edae3a1f739741,M30,2,13.59,13.4553989081,21
256,7ab835a888675d8492b11826,M01,4,8.6,8.71058172516,10
256,7ab835a888675d8492b11826,M02,4,11.34,11.4003353308,15
256,7ab835a888675d8492b11826,M03,4,13.62,13.561371586,21
256,7ab835a888675d8492b11826,M04,4,12.73,12.9205148798,21
256,7ab835a888675d8492b11826,M05,4,12.98,13.0582784672,21
256,7ab835a888675d8492b11826,M06,4,16.38,16.4976791373,21
256,7ab835a888675d8492b11826,M07,4,19.31,19.7599082312,30
256,7ab835a888675d8492b11826,M08,4,23.35,23.4100356039,30
256,7ab835a888675d8492b11826,M09,4,22.18,22.6195485195,30
256,7ab835a888675d8492b11826,M10,4,24.74,24.4889907454,30
256,7ab835a888675d8492b11826,M11,4,24.09,24.4209452294,30
256,7ab835a888675d8492b11826,M12,4,34.82,35.2342362296,45
256,7ab835a888675d8492b11826,M13,4,36.91,35.7203334689,60
256,7ab835a888675d8492b11826,M14,4,34.22,35.0107527358,60
256,7ab835a888675d8492b11826,M15,4,37.1,35.7932988552,60
256,7ab835a888675d8492b11826,M16,4,66.34,65.5000430397,100
256,7ab835a888675d8492b11826,M17,4,9.08,9.03176013128,14
256,7ab835a888675d8492b11826,M18,4,13.03,12.8651209131,21
256,7ab835a888675d8492b11826,M19,4,12.45,12.2944377047,21
256,7ab835a888675d8492b11826,M20,4,14.12,12.9414907819,20
256,7ab835a888675d8492b11826,M21,4,11.38,11.7556673563,21
256,7ab835a888675d8492b11826,M22,4,29.56,28.1637581934,45
256,7ab835a888675d8492b11826,M23,4,25.74,26.9353125425,45
256,7ab835a888675d8492b11826,M24,4,30.09,28.3885888125,45
256,7ab835a888675d8492b11826,M25,4,16.23,16.4171958692,20
256,7ab835a888675d8492b11826,M26,4,15.06,15.5816164978,20
256,7ab835a888675d8492b11826,M27,4,20.99,21.1560143568,30
256,7ab835a888675d8492b11826,M28,4,19.4,20.1614733084,30
256,7ab835a888675d8492b11826,M29,4,20.84,21.0195023598,30
256,7ab835a888675d8492b11826,M30,4,13.66,13.5752413296,21
257,6245e73d8777b85805db8d4d,M01,0,9.21,8.4811769643,10
257,6245e73d8777b85805db8d4d,M02,0,11.81,10.6119157297,15
257,6245e73d8777b85805db8d4d,M03,0,14.34,12.6271240109,21
257,6245e73d8777b85805db8d4d,M04,0,13.41,12.129653556,21
257,6245e73d8777b85805db8d4d,M05,0,13.7,12.2225440366,21
257,6245e73d8777b85805db8d4d,M06,0,17.2,15.8920934403,21
257,6245e73d8777b85805db8d4d,M07,0,20.41,18.7792086206,30
257,6245e73d8777b85805db8d4d,M08,0,24.37,22.4349754503,30
257,6245e73d8777b85805db8d4d,M09,0,23.11,21.9386447204,30
257,6245e73d8777b85805db8d4d,M10,0,25.83,23.2615502237,30
257,6245e73d8777b85805db8d4d,M11,0,25.08,23.1945089548,30
257,6245e73d8777b85805db8d4d,M12,0,36.78,32.6794164832,45
257,6245e73d8777b85805db8d4d,M13,0,38.91,32.6199356809,60
257,6245e73d8777b85805db8d4d,M14,0,36.35,32.2964201697,60
257,6245e73d8777b85805db8d4d,M15,0,39.18,32.8169190614,60
257,6245e73d8777b85805db8d4d,M16,0,68.45,64.910387358,100
257,6245e73d8777b85805db8d4d,M17,0,9.48,8.70691832823,14
257,6245e73d8777b85805db8d4d,M18,0,13.66,12.1009556256,21
257,6245e73d8777b85805db8d4d,M19,0,13.42,10.6551104345,21
257,6245e73d8777b85805db8d4d,M25,0,16.91,15.8803728164,20
257,6245e73d8777b85805db8d4d,M26,0,15.62,15.3135925601,20
257,6245e73d8777b85805db8d4d,M27,0,21.92,20.8405660965,30
257,6245e73d8777b85805db8d4d,M28,0,20.3,19.7400538331,30
257,6245e73d8777b85805db8d4d,M29,0,21.67,20.7534351474,30
257,6245e73d8777b85805db8d4d,M30,0,14.4,12.6763046584,21
258,42ba4eb4f3bde44694d1974c,M01,4,6.69,5.86057078887,10
258,42ba4eb4f3bde44694d1974c,M02,4,8.95,6.76119296268,15
258,42ba4eb4f3bde44694d1974c,M03,4,8.75,6.29914546309,21
258,42ba4eb4f3bde44694d1974c,M04,4,8.09,6.04346753784,21
258,42ba4eb4f3bde44694d1974c,M05,4,8.12,5.97301291691,21
258,42ba4eb4f3bde44694d1974c,M06,4,11.07,8.61820502282,21
258,42ba4eb4f3bde44694d1974c,M07,4,11.82,8.68904255709,30
258,42ba4eb4f3bde44694d1974c,M08,4,16.13,11.648500371,30
258,42ba4eb4f3bde44694d1974c,M09,4,15.16,11.2242632253,30
258,42ba4eb4f3bde44694d1974c,M10,4,17.76,11.8198359844,30
258,42ba4eb4f3bde44694d1974c,M11,4,17.11,11.495007366,30
258,42ba4eb4f3bde44694d1974c,M12,4,22.4,13.7247125362,45
258,42ba4eb4f3bde44694d1974c,M13,4,21.83,13.7386610125,60
258,42ba4eb4f3bde44694d1974c,M14,4,18.42,13.3775123325,60
258,42ba4eb4f3bde44694d1974c,M15,4,21.99,13.8014984462,60
258,42ba4eb4f3bde44694d1974c,M16,4,48.91,33.7145684394,100
258,42ba4eb4f3bde44694d1974c,M17,4,6.46,4.56745154211,14
258,42ba4eb4f3bde44694d1974c,M18,4,8.73,6.04789249028,21
258,42ba4eb4f3bde44694d1974c,M19,4,6.39,5.75132101114,21
258,42ba4eb4f3bde44694d1974c,M20,4,8.5,7.8635222745,20
258,42ba4eb4f3bde44694d1974c,M21,4,6.19,5.61896405867,21
258,42ba4eb4f3bde44694d1974c,M22,4,13.25,10.4282374713,45
258,42ba4eb4f3bde44694d1974c,M23,4,11.77,9.85111460917,45
258,42ba4eb4f3bde44694d1974c,M24,4,13.31,10.4263179246,45
258,42ba4eb4f3bde44694d1974c,M25,4,13.26,10.3495704916,20
258,42ba4eb4f3bde44694d1974c,M26,4,11.86,10.0228469762,20
258,42ba4eb4f3bde44694d1974c,M27,4,14.67,10.9411226872,30
258,42ba4eb4f3bde44694d1974c,M28,4,12.64,10.3378190795,30
258,42ba4eb4f3bde44694d1974c,M29,4,14.58,10.9172598929,30
258,42ba4eb4f3bde44694d1974c,M30,4,8.76,6.32795594339,21
259,41a0e87121f95316c7969dd8,M01,3,8.24,7.7847045673,10
259,41a0e87121f95316c7969dd8,M02,3,11,10.280110437,15
259,41a0e87121f95316c7969dd8,M03,3,12.83,11.438724491,21
259,41a0e87121f95316c7969dd8,M04,3,11.96,10.8921103072,21
259,41a0e87121f95316c7969dd8,M05,3,12.19,10.907400205,21
259,41a0e87121f95316c7969dd8,M06,3,15.5,14.3098337242,21
259,41a0e87121f95316c7969dd8,M07,3,18.03,16.4044871506,30
259,41a0e87121f95316c7969dd8,M08,3,22.24,20.6868322558,30
259,41a0e87121f95316c7969dd8,M09,3,20.89,19.6883155617,30
259,41a0e87121f95316c7969dd8,M10,3,23.73,21.6141537658,30
259,41a0e87121f95316c7969dd8,M11,3,23.28,21.4017801185,30
259,41a0e87121f95316c7969dd8,M12,3,32.71,30.365922593,45
259,41a0e87121f95316c7969dd8,M13,3,34.12,30.4429577949,60
259,41a0e87121f95316c7969dd8,M14,3,31.03,28.1276329747,60
259,41a0e87121f95316c7969dd8,M15,3,34.26,30.6144660019,60
259,41a0e87121f95316c7969dd8,M16,3,63.27,59.4798683614,100
259,41a0e87121f95316c7969dd8,M17,3,8.72,7.91874684384,14
259,41a0e87121f95316c7969dd8,M18,3,12.34,10.9965087326,21
259,41a0e87121f95316c7969dd8,M19,3,11.74,9.47221196087,21
259,41a0e87121f95316c7969dd8,M25,3,15.76,14.6197524158,20
259,41a0e87121f95316c7969dd8,M26,3,14.55,13.8187499715,20
259,41a0e87121f95316c7969dd8,M27,3,19.94,18.1391773399,30
259,41a0e87121f95316c7969dd8,M28,3,18.23,16.6265514486,30
259,41a0e87121f95316c7969dd8,M29,3,20.13,18.1281283445,30
259,41a0e87121f95316c7969dd8,M30,3,12.87,11.4434134006,21
260,bc37928db07519700d608f99,M01,1,7.03,7.22221483758,10
260,bc37928db07519700d608f99,M02,1,9.88,9.80051692371,15
260,bc37928db07519700d608f99,M03,1,10.38,10.2556870452,21
260,bc37928db07519700d608f99,M04,1,9.84,10.0287811816,21
260,bc37928db07519700d608f99,M05,1,9.89,10.0185606413,21
260,bc37928db07519700d608f99,M06,1,12.58,13.2406823016,21
260,bc37928db07519700d608f99,M07,1,14.37,14.7975288358,30
260,bc37928db07519700d608f99,M08,1,19.04,19.0615344827,30
260,bc37928db07519700d608f99,M09,1,17.93,18.2995642755,30
260,bc37928db07519700d608f99,M10,1,20.02,19.8782328909,30
260,bc37928db07519700d608f99,M11,1,19.45,19.6122900639,30
260,bc37928db07519700d608f99,M12,1,27.11,26.8112824143,45
260,bc37928db07519700d608f99,M13,1,25.94,26.4284092446,60
260,bc37928db07519700d608f99,M14,1,22.91,23.7728131667,60
260,bc37928db07519700d608f99,M15,1,27.84,26.8299043032,60
260,bc37928db07519700d608f99,M16,1,54.28,55.1481016721,100
260,bc37928db07519700d608f99,M17,1,7.54,7.25391834574,14
260,bc37928db07519700d608f99,M18,1,10.02,10.0715890238,21
260,bc37928db07519700d608f99,M19,1,6.93,8.23178477487,21
260,bc37928db07519700d608f99,M20,1,9.85,11.3373579214,20
260,bc37928db07519700d608f99,M21,1,7.1,8.19713252729,21
260,bc37928db07519700d608f99,M22,1,16.12,20.5548732241,45
260,bc37928db07519700d608f99,M23,1,13.32,17.0625254009,45
260,bc37928db07519700d608f99,M24,1,18.86,24.1034079736,45
260,bc37928db07519700d608f99,M25,1,13.78,13.6724286363,20
260,bc37928db07519700d608f99,M26,1,12.66,13.1043991939,20
260,bc37928db07519700d608f99,M27,1,16.08,16.5557255061,30
260,bc37928db07519700d608f99,M28,1,14.37,15.0528889584,30
260,bc37928db07519700d608f99,M29,1,16.66,16.6336235488,30
260,bc37928db07519700d608f99,M30,1,9.83,10.2546572974,21
261,7baf7908c42ba7a02322fcd4,M01,3,6.77,7.6389329498,10
261,7baf7908c42ba7a02322fcd4,M02,3,9.14,10.6088378718,15
261,7baf7908c42ba7a02322fcd4,M03,3,9.19,10.7280688217,21
261,7baf7908c42ba7a02322fcd4,M04,3,8.54,10.540899194,21
261,7baf7908c42ba7a02322fcd4,M05,3,8.46,10.5409730135,21
261,7baf7908c42ba7a02322fcd4,M06,3,11.5,13.8293987384,21
261,7baf7908c42ba7a02322fcd4,M07,3,12.56,15.1758151716,30
261,7baf7908c42ba7a02322fcd4,M08,3,16.97,19.5708184412,30
261,7baf7908c42ba7a02322fcd4,M09,3,16.05,18.637520191,30
261,7baf7908c42ba7a02322fcd4,M10,3,18.5,20.0686120304,30
261,7baf7908c42ba7a02322fcd4,M11,3,17.82,19.6762865327,30
261,7baf7908c42ba7a02322fcd4,M12,3,24,28.5177808202,45
261,7baf7908c42ba7a02322fcd4,M13,3,23.43,28.4784624166,60
261,7baf7908c42ba7a02322fcd4,M14,3,20.22,25.9756763197,60
261,7baf7908c42ba7a02322fcd4,M15,3,23.56,28.5612645968,60
261,7baf7908c42ba7a02322fcd4,M16,3,51.31,57.1652102237,100
261,7baf7908c42ba7a02322fcd4,M17,3,6.67,7.65506855553,14
261,7baf7908c42ba7a02322fcd4,M18,3,9.17,10.548786141,21
261,7baf7908c42ba7a02322fcd4,M19,3,7.71,8.4514954158,21
261,7baf7908c42ba7a02322fcd4,M20,3,10.26,10.9965601919,20
261,7baf7908c42ba7a02322fcd4,M21,3,7.53,8.36683919569,21
261,7baf7908c42ba7a02322fcd4,M22,3,17.81,19.3507166536,45
261,7baf7908c42ba7a02322fcd4,M23,3,15.26,17.3504548666,45
261,7baf7908c42ba7a02322fcd4,M24,3,17.96,19.5803159282,45
261,7baf7908c42ba7a02322fcd4,M25,3,13.44,14.2212601541,20
261,7baf7908c42ba7a02322fcd4,M26,3,12.17,13.5373350416,20
261,7baf7908c42ba7a02322fcd4,M27,3,15.22,17.3065932258,30
261,7baf7908c42ba7a02322fcd4,M28,3,13.39,15.5938908272,30
261,7baf7908c42ba7a02322fcd4,M29,3,15.64,17.228076893,30
261,7baf7908c42ba7a02322fcd4,M30,3,9.18,10.7559524879,21
262,229504607349828a36f6f03e,M01,1,7.68,8.07057012269,10
262,229504607349828a36f6f03e,M02,1,10.26,10.4989908471,15
262,229504607349828a36f6f03e,M03,1,11.32,11.9960400423,21
262,229504607349828a36f6f03e,M04,1,10.48,11.258846994,21
262,229504607349828a36f6f03e,M05,1,10.61,11.313126612,21
262,229504607349828a36f6f03e,M06,1,14.01,14.9365089795,21
262,229504607349828a36f6f03e,M07,1,15.74,17.0124593923,30
262,229504607349828a36f6f03e,M08,1,20.08,21.2991948363,30
262,229504607349828a36f6f03e,M09,1,18.93,20.1158699074,30
262,229504607349828a36f6f03e,M10,1,21.63,22.3342124059,30
262,229504607349828a36f6f03e,M11,1,20.92,22.0873589274,30
262,229504607349828a36f6f03e,M12,1,29.12,31.4036603032,45
262,229504607349828a36f6f03e,M13,1,30.01,31.7670847224,60
262,229504607349828a36f6f03e,M14,1,26.78,29.158465877,60
262,229504607349828a36f6f03e,M15,1,30.24,31.7971779434,60
262,229504607349828a36f6f03e,M16,1,58.8,61.1197432996,100
262,229504607349828a36f6f03e,M17,1,7.87,8.20374304937,14
262,229504607349828a36f6f03e,M18,1,10.96,11.3345958891,21
262,229504607349828a36f6f03e,M19,1,9.5,10.330008564,21
262,229504607349828a36f6f03e,M20,1,11.76,12.8077506747,20
262,229504607349828a36f6f03e,M21,1,9.02,9.92637785279,21
262,229504607349828a36f6f03e,M22,1,22.52,25.1541082567,45
262,229504607349828a36f6f03e,M23,1,19.45,22.0434488279,45
262,229504607349828a36f6f03e,M24,1,22.76,25.3531640805,45
262,229504607349828a36f6f03e,M25,1,14.88,15.1681719891,20
262,229504607349828a36f6f03e,M26,1,13.69,14.1320657057,20
262,229504607349828a36f6f03e,M27,1,18.17,19.0815454155,30
262,229504607349828a36f6f03e,M28,1,16.36,17.3220728395,30
262,229504607349828a36f6f03e,M29,1,18.08,19.0408124567,30
262,229504607349828a36f6f03e,M30,1,11.34,12.0152935322,21
263,7738c55f945d0df2535c994a,M01,2,7.89,7.10811634536,10
263,7738c55f945d0df2535c994a,M02,2,10.52,9.4161687051,15
263,7738c55f945d0df2535c994a,M03,2,11.83,9.32530935743,21
263,7738c55f945d0df2535c994a,M04,2,10.77,9.11676049802,21
263,7738c55f945d0df2535c994a,M05,2,10.91,9.09407615976,21
263,7738c55f945d0df2535c994a,M06,2,14.56,12.5908286677,21
263,7738c55f945d0df2535c994a,M07,2,16.49,13.4110531327,30
263,7738c55f945d0df2535c994a,M08,2,20.82,18.3595436505,30
263,7738c55f945d0df2535c994a,M09,2,19.36,17.7543253424,30
263,7738c55f945d0df2535c994a,M10,2,22.33,19.0676087616,30
263,7738c55f945d0df2535c994a,M11,2,21.31,18.7941597878,30
263,7738c55f945d0df2535c994a,M12,2,30.31,25.1556059029,45
263,7738c55f945d0df2535c994a,M13,2,31.47,25.0417648833,60
263,7738c55f945d0df2535c994a,M14,2,28.16,23.0882767657,60
263,7738c55f945d0df2535c994a,M15,2,31.47,25.1499115032,60
263,7738c55f945d0df2535c994a,M16,2,60.42,53.4273377833,100
263,7738c55f945d0df2535c994a,M17,2,8.04,7.10731616676,14
263,7738c55f945d0df2535c994a,M18,2,11.25,9.29440450943,21
263,7738c55f945d0df2535c994a,M19,2,10.2,7.58809715683,21
263,7738c55f945d0df2535c994a,M20,2,12.35,10.3296548544,20
263,7738c55f945d0df2535c994a,M21,2,9.41,7.57111033432,21
263,7738c55f945d0df2535c994a,M22,2,24.26,18.1193054815,45
263,7738c55f945d0df2535c994a,M23,2,20.99,15.8216364901,45
263,7738c55f945d0df2535c994a,M24,2,24.63,18.0028166667,45
263,7738c55f945d0df2535c994a,M25,2,14.9,13.286311704,20
263,7738c55f945d0df2535c994a,M26,2,13.69,12.8239158464,20
263,7738c55f945d0df2535c994a,M27,2,18.21,16.0390858338,30
263,7738c55f945d0df2535c994a,M28,2,16.41,14.5192350085,30
263,7738c55f945d0df2535c994a,M29,2,17.95,15.9917359775,30
263,7738c55f945d0df2535c994a,M30,2,11.48,9.33391250295,21
264,ad56a84d141e631b2b1c6a48,M01,2,8.09,9.14654267481,10
264,ad56a84d141e631b2b1c6a48,M02,2,13.33,12.4863448487,15
264,ad56a84d141e631b2b1c6a48,M03,2,15.84,14.3079822725,21
264,ad56a84d141e631b2b1c6a48,M04,2,14.78,13.8441775615,21
264,ad56a84d141e631b2b1c6a48,M05,2,15.11,13.8885831853,21
264,ad56a84d141e631b2b1c6a48,M06,2,19.66,17.157292035,21
264,ad56a84d141e631b2b1c6a48,M07,2,22.51,20.2961534293,30
264,ad56a84d141e631b2b1c6a48,M08,2,26.43,24.5738913577,30
264,ad56a84d141e631b2b1c6a48,M09,2,24.93,23.8224391898,30
264,ad56a84d141e631b2b1c6a48,M10,2,28.2,25.3465730812,30
264,ad56a84d141e631b2b1c6a48,M11,2,27.17,25.216937188,30
264,ad56a84d141e631b2b1c6a48,M12,2,39.53,38.1738667422,45
264,ad56a84d141e631b2b1c6a48,M13,2,43.12,38.7042605882,60
264,ad56a84d141e631b2b1c6a48,M14,2,40.61,37.9055549855,60
264,ad56a84d141e631b2b1c6a48,M15,2,42.69,38.7972398329,60
264,ad56a84d141e631b2b1c6a48,M16,2,72.91,66.6226923433,100
264,ad56a84d141e631b2b1c6a48,M17,2,10.4,9.29741297994,14
264,ad56a84d141e631b2b1c6a48,M18,2,14.92,13.7310352744,21
264,ad56a84d141e631b2b1c6a48,M19,2,13.21,13.6446080894,21
264,ad56a84d141e631b2b1c6a48,M20,2,15.52,14.9178704588,20
264,ad56a84d141e631b2b1c6a48,M21,2,15.12,13.0805701864,21
264,ad56a84d141e631b2b1c6a48,M22,2,34.15,33.4710779916,45
264,ad56a84d141e631b2b1c6a48,M23,2,37.84,33.0243322242,45
264,ad56a84d141e631b2b1c6a48,M24,2,33.69,33.4882415516,45
264,ad56a84d141e631b2b1c6a48,M25,2,19.47,16.9030203857,20
264,ad56a84d141e631b2b1c6a48,M26,2,17.32,16.2393813731,20
264,ad56a84d141e631b2b1c6a48,M27,2,24.7,22.5983169741,30
264,ad56a84d141e631b2b1c6a48,M28,2,22.54,22.1507194309,30
264,ad56a84d141e631b2b1c6a48,M29,2,24.02,22.5483789727,30
264,ad56a84d141e631b2b1c6a48,M30,2,15.99,14.338853653,21
265,04831b0ea0bfee04fcc4eb27,M01,4,8.11,7.40728886004,10
265,04831b0ea0bfee04fcc4eb27,M02,4,10.82,10.4088089664,15
265,04831b0ea0bfee04fcc4eb27,M03,4,12.44,10.9311145218,21
265,04831b0ea0bfee04fcc4eb27,M04,4,11.38,10.7305820212,21
265,04831b0ea0bfee04fcc4eb27,M05,4,11.56,10.7616759105,21
265,04831b0ea0bfee04fcc4eb27,M06,4,15.18,13.7740179185,21
265,04831b0ea0bfee04fcc4eb27,M07,4,17.43,15.476870705,30
265,04831b0ea0bfee04fcc4eb27,M08,4,21.7,20.6516612449,30
265,04831b0ea0bfee04fcc4eb27,M09,4,20.24,19.6894824283,30
265,04831b0ea0bfee04fcc4eb27,M10,4,23.18,21.3194914719,30
265,04831b0ea0bfee04fcc4eb27,M11,4,22.35,21.1335110268,30
265,04831b0ea0bfee04fcc4eb27,M12,4,31.79,29.1963987739,45
265,04831b0ea0bfee04fcc4eb27,M13,4,33.13,29.2188131052,60
265,04831b0ea0bfee04fcc4eb27,M14,4,29.92,26.8724346669,60
265,04831b0ea0bfee04fcc4eb27,M15,4,33.57,29.2719234143,60
265,04831b0ea0bfee04fcc4eb27,M16,4,62.16,57.3706328128,100
265,04831b0ea0bfee04fcc4eb27,M17,4,8.32,7.47030055415,14
265,04831b0ea0bfee04fcc4eb27,M18,4,11.82,10.7163198302,21
265,04831b0ea0bfee04fcc4eb27,M19,4,10.24,9.23311004299,21
265,04831b0ea0bfee04fcc4eb27,M20,4,12.29,11.1000491047,20
265,04831b0ea0bfee04fcc4eb27,M21,4,9.41,9.02670275002,21
265,04831b0ea0bfee04fcc4eb27,M22,4,23.94,23.0346862584,45
265,04831b0ea0bfee04fcc4eb27,M23,4,20.66,20.4319198341,45
265,04831b0ea0bfee04fcc4eb27,M24,4,24.56,23.3120169668,45
265,04831b0ea0bfee04fcc4eb27,M25,4,15.57,14.0797717755,20
265,04831b0ea0bfee04fcc4eb27,M26,4,14.34,13.4109203242,20
265,04831b0ea0bfee04fcc4eb27,M27,4,19.54,17.7447239002,30
265,04831b0ea0bfee04fcc4eb27,M28,4,17.74,15.9307905935,30
265,04831b0ea0bfee04fcc4eb27,M29,4,19.48,17.7427153199,30
265,04831b0ea0bfee04fcc4eb27,M30,4,12.47,10.9440602165,21
266,09fdfb57668810ac2e3b712f,M01,0,7.24,6.18257295996,10
266,09fdfb57668810ac2e3b712f,M02,0,9.58,8.460818171,15
266,09fdfb57668810ac2e3b712f,M03,0,9.89,8.36176229389,21
266,09fdfb57668810ac2e3b712f,M04,0,8.99,8.04912189983,21
266,09fdfb57668810ac2e3b712f,M05,0,9,8.05331165657,21
266,09fdfb57668810ac2e3b712f,M06,0,12.51,10.3172510922,21
266,09fdfb57668810ac2e3b712f,M07,0,13.54,11.1414283651,30
266,09fdfb57668810ac2e3b712f,M08,0,17.96,14.2453823718,30
266,09fdfb57668810ac2e3b712f,M09,0,16.71,13.954320296,30
266,09fdfb57668810ac2e3b712f,M10,0,19.52,14.582007343,30
266,09fdfb57668810ac2e3b712f,M11,0,18.55,14.3874104444,30
266,09fdfb57668810ac2e3b712f,M12,0,25.5,18.4677124206,45
266,09fdfb57668810ac2e3b712f,M13,0,25.67,18.2352922307,60
266,09fdfb57668810ac2e3b712f,M14,0,22.1,17.6793873727,60
266,09fdfb57668810ac2e3b712f,M15,0,25.31,18.4318912488,60
266,09fdfb57668810ac2e3b712f,M16,0,53.93,43.561102265,100
266,09fdfb57668810ac2e3b712f,M17,0,6.99,5.9687881516,14
266,09fdfb57668810ac2e3b712f,M18,0,9.61,8.09909911056,21
266,09fdfb57668810ac2e3b712f,M19,0,7.04,6.33828071119,21
266,09fdfb57668810ac2e3b712f,M20,0,9.37,8.57778357826,20
266,09fdfb57668810ac2e3b712f,M21,0,6.6,6.33137967269,21
266,09fdfb57668810ac2e3b712f,M22,0,15.31,13.0275176083,45
266,09fdfb57668810ac2e3b712f,M23,0,13.01,12.0029706254,45
266,09fdfb57668810ac2e3b712f,M24,0,15.3,12.9420927506,45
266,09fdfb57668810ac2e3b712f,M25,0,14.06,12.2411302526,20
266,09fdfb57668810ac2e3b712f,M26,0,12.74,11.574312355,20
266,09fdfb57668810ac2e3b712f,M27,0,16.38,13.3236753248,30
266,09fdfb57668810ac2e3b712f,M28,0,14.36,12.2631871491,30
266,09fdfb57668810ac2e3b712f,M29,0,16.03,13.2807373839,30
266,09fdfb57668810ac2e3b712f,M30,0,9.92,8.38727431593,21
267,d520bf8d91251ecd00cc4b41,M01,4,4.93,6.27848111331,10
267,d520bf8d91251ecd00cc4b41,M02,4,6.42,6.91302743776,15
267,d520bf8d91251ecd00cc4b41,M03,4,5.54,6.6203740152,21
267,d520bf8d91251ecd00cc4b41,M04,4,5.21,6.44058969322,21
267,d520bf8d91251ecd00cc4b41,M05,4,5.12,6.36690736921,21
267,d520bf8d91251ecd00cc4b41,M06,4,7,8.50343424188,21
267,d520bf8d91251ecd00cc4b41,M07,4,7.02,8.46111003013,30
267,d520bf8d91251ecd00cc4b41,M08,4,9.23,12.8572626093,30
267,d520bf8d91251ecd00cc4b41,M09,4,7.93,12.5518964299,30
267,d520bf8d91251ecd00cc4b41,M10,4,10.74,12.9883849166,30
267,d520bf8d91251ecd00cc4b41,M11,4,9.74,12.6828994269,30
267,d520bf8d91251ecd00cc4b41,M12,4,11.11,14.7945145821,45
267,d520bf8d91251ecd00cc4b41,M13,4,11.08,14.8459007884,60
267,d520bf8d91251ecd00cc4b41,M14,4,11.32,14.5568106432,60
267,d520bf8d91251ecd00cc4b41,M15,4,8.72,14.7662360735,60
267,d520bf8d91251ecd00cc4b41,M16,4,20.42,29.7370252468,100
267,d520bf8d91251ecd00cc4b41,M17,4,3.43,4.59873271785,14
267,d520bf8d91251ecd00cc4b41,M18,4,5.49,6.40415968635,21
267,d520bf8d91251ecd00cc4b41,M19,4,4.77,5.85015399033,21
267,d520bf8d91251ecd00cc4b41,M20,4,5.92,7.84726545401,20
267,d520bf8d91251ecd00cc4b41,M21,4,4.74,5.75328480558,21
267,d520bf8d91251ecd00cc4b41,M22,4,8.65,10.8784361275,45
267,d520bf8d91251ecd00cc4b41,M23,4,7.38,10.2051693489,45
267,d520bf8d91251ecd00cc4b41,M24,4,8.43,10.9265062904,45
267,d520bf8d91251ecd00cc4b41,M25,4,10.08,9.92332051606,20
267,d520bf8d91251ecd00cc4b41,M26,4,8.43,9.59800668461,20
267,d520bf8d91251ecd00cc4b41,M27,4,9.5,10.835065162,30
267,d520bf8d91251ecd00cc4b41,M28,4,8.02,10.2362813966,30
267,d520bf8d91251ecd00cc4b41,M29,4,9.65,10.8602286947,30
267,d520bf8d91251ecd00cc4b41,M30,4,5.89,6.61687622621,21
268,d69eda8667f021413c4a9f83,M01,2,5.91,5.00698520232,10
268,d69eda8667f021413c4a9f83,M02,2,7.8,6.26299294937,15
268,d69eda8667f021413c4a9f83,M03,2,7.08,5.54328922246,21
268,d69eda8667f021413c4a9f83,M04,2,6.43,5.32814361678,21
268,d69eda8667f021413c4a9f83,M05,2,6.27,5.07886752253,21
268,d69eda8667f021413c4a9f83,M06,2,8.7,7.31036516546,21
268,d69eda8667f021413c4a9f83,M07,2,9.1,7.27089950246,30
268,d69eda8667f021413c4a9f83,M08,2,12.69,9.6270415853,30
268,d69eda8667f021413c4a9f83,M09,2,11.61,8.70135659686,30
268,d69eda8667f021413c4a9f83,M10,2,14.43,10.0353058783,30
268,d69eda8667f021413c4a9f83,M11,2,13.51,9.57395062401,30
268,d69eda8667f021413c4a9f83,M12,2,16.32,11.1766194494,45
268,d69eda8667f021413c4a9f83,M13,2,15.65,11.041166497,60
268,d69eda8667f021413c4a9f83,M14,2,15.74,10.2495207077,60
268,d69eda8667f021413c4a9f83,M15,2,12.9,10.8979828789,60
268,d69eda8667f021413c4a9f83,M16,2,34.55,25.4654977036,100
268,d69eda8667f021413c4a9f83,M17,2,5.2,3.65077961024,14
268,d69eda8667f021413c4a9f83,M18,2,7.21,5.4357687854,21
268,d69eda8667f021413c4a9f83,M19,2,5.13,4.9080007763,21
268,d69eda8667f021413c4a9f83,M20,2,6.96,6.81028135756,20
268,d69eda8667f021413c4a9f83,M21,2,5.11,4.90157343391,21
268,d69eda8667f021413c4a9f83,M22,2,10.41,8.85441206308,45
268,d69eda8667f021413c4a9f83,M23,2,9.27,7.88766312974,45
268,d69eda8667f021413c4a9f83,M24,2,10.34,8.78766919443,45
268,d69eda8667f021413c4a9f83,M25,2,11.54,8.91567098824,20
268,d69eda8667f021413c4a9f83,M26,2,10.06,8.36240560365,20
268,d69eda8667f021413c4a9f83,M27,2,11.62,9.08986567358,30
268,d69eda8667f021413c4a9f83,M28,2,9.91,7.90904640289,30
268,d69eda8667f021413c4a9f83,M29,2,11.77,8.99320125435,30
268,d69eda8667f021413c4a9f83,M30,2,6.83,5.5098738303,21
270,b8c82d904caebcfae94507d9,M01,2,6.99,7.27607052553,10
270,b8c82d904caebcfae94507d9,M02,2,9.81,9.69191422324,15
270,b8c82d904caebcfae94507d9,M03,2,10.49,10.1437322076,21
270,b8c82d904caebcfae94507d9,M04,2,9.85,9.95944267227,21
270,b8c82d904caebcfae94507d9,M05,2,9.69,9.97916536069,21
270,b8c82d904caebcfae94507d9,M06,2,12.46,13.06794485,21
270,b8c82d904caebcfae94507d9,M07,2,14.58,14.7747194196,30
270,b8c82d904caebcfae94507d9,M08,2,18.92,19.2439060239,30
270,b8c82d904caebcfae94507d9,M09,2,18.05,18.2840768786,30
270,b8c82d904caebcfae94507d9,M10,2,20.37,19.7701016101,30
270,b8c82d904caebcfae94507d9,M11,2,19.62,19.4481356958,30
270,b8c82d904caebcfae94507d9,M12,2,27.34,27.1482520515,45
270,b8c82d904caebcfae94507d9,M13,2,26.18,26.6340132955,60
270,b8c82d904caebcfae94507d9,M14,2,23.28,24.3124813808,60
270,b8c82d904caebcfae94507d9,M15,2,27.59,27.1672274288,60
270,b8c82d904caebcfae94507d9,M16,2,54.65,54.5936968565,100
270,b8c82d904caebcfae94507d9,M17,2,7.41,7.35045082859,14
270,b8c82d904caebcfae94507d9,M18,2,10.19,10.0060967701,21
270,b8c82d904caebcfae94507d9,M19,2,8.25,8.1345941014,21
270,b8c82d904caebcfae94507d9,M20,2,11.78,11.3721967495,20
270,b8c82d904caebcfae94507d9,M21,2,8.63,8.08047825003,21
270,b8c82d904caebcfae94507d9,M22,2,21.16,19.6664518123,45
270,b8c82d904caebcfae94507d9,M23,2,16.86,17.0878422287,45
270,b8c82d904caebcfae94507d9,M24,2,28.22,21.5225276733,45
270,b8c82d904caebcfae94507d9,M25,2,13.78,13.5666302076,20
270,b8c82d904caebcfae94507d9,M26,2,12.66,13.0700786101,20
270,b8c82d904caebcfae94507d9,M27,2,16.15,16.5474417367,30
270,b8c82d904caebcfae94507d9,M28,2,14.48,15.1070221435,30
270,b8c82d904caebcfae94507d9,M29,2,16.69,16.5875642703,30
270,b8c82d904caebcfae94507d9,M30,2,10.07,10.1330703873,21
271,648bc1f8679a9275b66f6275,M01,1,9.42,9.01480357852,10
271,648bc1f8679a9275b66f6275,M02,1,11.84,12.929479338,15
271,648bc1f8679a9275b66f6275,M03,1,14.36,14.6934944991,21
271,648bc1f8679a9275b66f6275,M04,1,13.43,14.1540689155,21
271,648bc1f8679a9275b66f6275,M05,1,13.68,14.2561455808,21
271,648bc1f8679a9275b66f6275,M06,1,17.4,17.4069720982,21
271,648bc1f8679a9275b66f6275,M07,1,20.41,21.3556970477,30
271,648bc1f8679a9275b66f6275,M08,1,24.36,24.9512921434,30
271,648bc1f8679a9275b66f6275,M09,1,23.11,24.2219934841,30
271,648bc1f8679a9275b66f6275,M10,1,25.85,26.0910396131,30
271,648bc1f8679a9275b66f6275,M11,1,25.02,25.9749791816,30
271,648bc1f8679a9275b66f6275,M12,1,36.46,38.8561689256,45
271,648bc1f8679a9275b66f6275,M13,1,39.26,39.5319812779,60
271,648bc1f8679a9275b66f6275,M14,1,36.62,38.8118676072,60
271,648bc1f8679a9275b66f6275,M15,1,38.98,39.6146193557,60
271,648bc1f8679a9275b66f6275,M16,1,68.84,68.9156862366,100
271,648bc1f8679a9275b66f6275,M17,1,9.5,9.48920519278,14
271,648bc1f8679a9275b66f6275,M18,1,13.65,13.9857523009,21
271,648bc1f8679a9275b66f6275,M19,1,14.35,14.3304201444,21
271,648bc1f8679a9275b66f6275,M20,1,15.84,15.4712265337,20
271,648bc1f8679a9275b66f6275,M21,1,13.14,13.4649533714,21
271,648bc1f8679a9275b66f6275,M22,1,35.49,30.8745259882,45
271,648bc1f8679a9275b66f6275,M23,1,32.24,30.7295892548,45
271,648bc1f8679a9275b66f6275,M24,1,35.27,30.9107056708,45
271,648bc1f8679a9275b66f6275,M25,1,17.1,17.0881863117,20
271,648bc1f8679a9275b66f6275,M26,1,15.71,16.5607851093,20
271,648bc1f8679a9275b66f6275,M27,1,22.14,22.4769844018,30
271,648bc1f8679a9275b66f6275,M28,1,20.47,21.9508005154,30
271,648bc1f8679a9275b66f6275,M29,1,21.66,22.4411820241,30
271,648bc1f8679a9275b66f6275,M30,1,14.43,14.832923676,21
272,7fb8af142894de9d555b9983,M01,3,8.17,7.92821134472,10
272,7fb8af142894de9d555b9983,M02,3,10.83,10.2082989122,15
272,7fb8af142894de9d555b9983,M03,3,12.52,11.3971788851,21
272,7fb8af142894de9d555b9983,M04,3,11.56,10.8884501538,21
272,7fb8af142894de9d555b9983,M05,3,11.72,10.9223929995,21
272,7fb8af142894de9d555b9983,M06,3,15.25,14.5683282333,21
272,7fb8af142894de9d555b9983,M07,3,17.58,16.3982478932,30
272,7fb8af142894de9d555b9983,M08,3,21.82,20.6518463196,30
272,7fb8af142894de9d555b9983,M09,3,20.51,19.731501365,30
272,7fb8af142894de9d555b9983,M10,3,23.27,21.355146202,30
272,7fb8af142894de9d555b9983,M11,3,22.47,21.1215869867,30
272,7fb8af142894de9d555b9983,M12,3,32.08,29.8768265615,45
272,7fb8af142894de9d555b9983,M13,3,33.65,30.0325710932,60
272,7fb8af142894de9d555b9983,M14,3,30.61,28.100703706,60
272,7fb8af142894de9d555b9983,M15,3,33.67,30.1478145033,60
272,7fb8af142894de9d555b9983,M16,3,62.76,59.7921980322,100
272,7fb8af142894de9d555b9983,M17,3,8.45,8.03176208408,14
272,7fb8af142894de9d555b9983,M18,3,11.97,10.9448706632,21
272,7fb8af142894de9d555b9983,M19,3,11.46,9.54335470008,21
272,7fb8af142894de9d555b9983,M20,3,13.4,11.9498593613,20
272,7fb8af142894de9d555b9983,M21,3,10.61,9.40887659178,21
272,7fb8af142894de9d555b9983,M22,3,27.86,22.4507241319,45
272,7fb8af142894de9d555b9983,M23,3,24.49,20.5440597119,45
272,7fb8af142894de9d555b9983,M24,3,27.95,23.4059629592,45
272,7fb8af142894de9d555b9983,M25,3,15.64,14.7902944375,20
272,7fb8af142894de9d555b9983,M26,3,14.39,13.9751936453,20
272,7fb8af142894de9d555b9983,M27,3,19.65,18.5433544529,30
272,7fb8af142894de9d555b9983,M28,3,17.94,16.8633380927,30
272,7fb8af142894de9d555b9983,M29,3,19.51,18.4795235526,30
272,7fb8af142894de9d555b9983,M30,3,12.55,11.4093608255,21
273,ca6cb56c983e5492cd15a656,M01,3,7.69,7.69575414442,10
273,ca6cb56c983e5492cd15a656,M02,3,10.28,10.3176111877,15
273,ca6cb56c983e5492cd15a656,M03,3,11.4,11.271108543,21
273,ca6cb56c983e5492cd15a656,M04,3,10.48,10.91997343,21
273,ca6cb56c983e5492cd15a656,M05,3,10.37,10.9453984011,21
273,ca6cb56c983e5492cd15a656,M06,3,14.07,14.2430537922,21
273,ca6cb56c983e5492cd15a656,M07,3,15.91,16.1909232295,30
273,ca6cb56c983e5492cd15a656,M08,3,20.26,20.6587072166,30
273,ca6cb56c983e5492cd15a656,M09,3,19,19.659269603,30
273,ca6cb56c983e5492cd15a656,M10,3,21.71,21.4336977728,30
273,ca6cb56c983e5492cd15a656,M11,3,20.55,21.2561499146,30
273,ca6cb56c983e5492cd15a656,M12,3,29.5,30.5312122626,45
273,ca6cb56c983e5492cd15a656,M13,3,30.39,30.6541207134,60
273,ca6cb56c983e5492cd15a656,M14,3,27.26,27.9146192428,60
273,ca6cb56c983e5492cd15a656,M15,3,30.41,30.7283288057,60
273,ca6cb56c983e5492cd15a656,M16,3,59.23,59.0273392272,100
273,ca6cb56c983e5492cd15a656,M17,3,7.9,7.81528061342,14
273,ca6cb56c983e5492cd15a656,M18,3,11.09,10.9650258931,21
273,ca6cb56c983e5492cd15a656,M19,3,8.96,9.17321432246,21
273,ca6cb56c983e5492cd15a656,M20,3,11.38,11.6882883616,20
273,ca6cb56c983e5492cd15a656,M21,3,8.54,9.06204418119,21
273,ca6cb56c983e5492cd15a656,M22,3,21.21,22.4645572857,45
273,ca6cb56c983e5492cd15a656,M23,3,18.37,20.5202843705,45
273,ca6cb56c983e5492cd15a656,M24,3,21.66,23.0097949524,45
273,ca6cb56c983e5492cd15a656,M25,3,13.93,14.4894674411,20
273,ca6cb56c983e5492cd15a656,M26,3,12.72,13.8139707061,20
273,ca6cb56c983e5492cd15a656,M27,3,16.27,18.1541527282,30
273,ca6cb56c983e5492cd15a656,M28,3,14.47,16.6126809276,30
273,ca6cb56c983e5492cd15a656,M29,3,16.5,18.0721988517,30
273,ca6cb56c983e5492cd15a656,M30,3,10.02,11.2798275789,21
274,9b385e5777f6b270736964d8,M01,4,5,6.27086690001,10
274,9b385e5777f6b270736964d8,M02,4,6.55,6.88686726833,15
274,9b385e5777f6b270736964d8,M03,4,5.62,6.58548223114,21
274,9b385e5777f6b270736964d8,M04,4,5.27,6.38711530565,21
274,9b385e5777f6b270736964d8,M05,4,5.18,6.3370417269,21
274,9b385e5777f6b270736964d8,M06,4,7.1,8.55315908037,21
274,9b385e5777f6b270736964d8,M07,4,7.18,8.50524961621,30
274,9b385e5777f6b270736964d8,M08,4,9.43,12.6665595162,30
274,9b385e5777f6b270736964d8,M09,4,8.17,12.355354908,30
274,9b385e5777f6b270736964d8,M10,4,11.08,12.793165241,30
274,9b385e5777f6b270736964d8,M11,4,10.07,12.4833072714,30
274,9b385e5777f6b270736964d8,M12,4,11.55,14.4725314357,45
274,9b385e5777f6b270736964d8,M13,4,11.47,14.5184461903,60
274,9b385e5777f6b270736964d8,M14,4,8.92,14.2617854896,60
274,9b385e5777f6b270736964d8,M15,4,11.8,14.4515804498,60
274,9b385e5777f6b270736964d8,M16,4,21.46,29.143214195,100
274,9b385e5777f6b270736964d8,M17,4,3.49,4.57462544368,14
274,9b385e5777f6b270736964d8,M18,4,5.55,6.36404827469,21
274,9b385e5777f6b270736964d8,M19,4,4.7,5.86462141788,21
274,9b385e5777f6b270736964d8,M20,4,5.67,7.84802399614,20
274,9b385e5777f6b270736964d8,M21,4,4.62,5.75571077215,21
274,9b385e5777f6b270736964d8,M22,4,8.18,10.7022853135,45
274,9b385e5777f6b270736964d8,M23,4,6.95,10.1367550036,45
274,9b385e5777f6b270736964d8,M24,4,8.01,10.7323955655,45
274,9b385e5777f6b270736964d8,M25,4,9.85,10.1147687377,20
274,9b385e5777f6b270736964d8,M26,4,8.23,9.83392557956,20
274,9b385e5777f6b270736964d8,M27,4,9.35,10.8581811016,30
274,9b385e5777f6b270736964d8,M28,4,7.95,10.3246768558,30
274,9b385e5777f6b270736964d8,M29,4,9.46,10.8718685406,30
274,9b385e5777f6b270736964d8,M30,4,5.59,6.58393795264,21
275,a3cc9e6104a657c18f86b132,M01,0,6.95,7.8386696556,10
275,a3cc9e6104a657c18f86b132,M02,0,9.83,10.3767425777,15
275,a3cc9e6104a657c18f86b132,M03,0,10.29,11.9231876277,21
275,a3cc9e6104a657c18f86b132,M04,0,9.75,11.3878054986,21
275,a3cc9e6104a657c18f86b132,M05,0,9.82,11.4232629257,21
275,a3cc9e6104a657c18f86b132,M06,0,12.38,14.758466532,21
275,a3cc9e6104a657c18f86b132,M07,0,14.46,16.106452649,30
275,a3cc9e6104a657c18f86b132,M08,0,18.76,20.6819830179,30
275,a3cc9e6104a657c18f86b132,M09,0,17.87,19.4754440167,30
275,a3cc9e6104a657c18f86b132,M10,0,20.01,21.4105205784,30
275,a3cc9e6104a657c18f86b132,M11,0,19.45,21.1378914516,30
275,a3cc9e6104a657c18f86b132,M12,0,27.14,30.0984735487,45
275,a3cc9e6104a657c18f86b132,M13,0,25.8,30.0694915235,60
275,a3cc9e6104a657c18f86b132,M14,0,22.84,27.6071638508,60
275,a3cc9e6104a657c18f86b132,M15,0,27.24,30.3857863308,60
275,a3cc9e6104a657c18f86b132,M16,0,54.19,56.8064201002,100
275,a3cc9e6104a657c18f86b132,M17,0,7.27,7.93824826569,14
275,a3cc9e6104a657c18f86b132,M18,0,9.96,11.4385124135,21
275,a3cc9e6104a657c18f86b132,M19,0,8.16,9.97362287591,21
275,a3cc9e6104a657c18f86b132,M20,0,11.73,11.5657011286,20
275,a3cc9e6104a657c18f86b132,M21,0,8.59,9.49922918105,21
275,a3cc9e6104a657c18f86b132,M22,0,21.07,22.3321547206,45
275,a3cc9e6104a657c18f86b132,M23,0,16.71,19.801454438,45
275,a3cc9e6104a657c18f86b132,M24,0,28.11,23.306909504,45
275,a3cc9e6104a657c18f86b132,M25,0,13.72,14.9047970364,20
275,a3cc9e6104a657c18f86b132,M26,0,12.59,13.8736650808,20
275,a3cc9e6104a657c18f86b132,M27,0,15.97,18.6586092738,30
275,a3cc9e6104a657c18f86b132,M28,0,14.32,16.7623718004,30
275,a3cc9e6104a657c18f86b132,M29,0,16.45,18.6807964601,30
275,a3cc9e6104a657c18f86b132,M30,0,9.88,11.92850878,21
277,1d0a43c80b2575e810c29b2d,M01,0,7.03,6.66525801497,10
277,1d0a43c80b2575e810c29b2d,M02,0,9.38,8.78711848468,15
277,1d0a43c80b2575e810c29b2d,M03,0,9.55,8.83909708509,21
277,1d0a43c80b2575e810c29b2d,M04,0,8.81,8.20711478497,21
277,1d0a43c80b2575e810c29b2d,M05,0,8.87,8.1790127269,21
277,1d0a43c80b2575e810c29b2d,M06,0,12.07,10.7049567987,21
277,1d0a43c80b2575e810c29b2d,M07,0,13.04,11.3323209633,30
277,1d0a43c80b2575e810c29b2d,M08,0,17.44,15.8488531934,30
277,1d0a43c80b2575e810c29b2d,M09,0,16.41,15.4518608004,30
277,1d0a43c80b2575e810c29b2d,M10,0,19.03,16.4185332494,30
277,1d0a43c80b2575e810c29b2d,M11,0,18.31,16.1490174596,30
277,1d0a43c80b2575e810c29b2d,M12,0,24.67,21.0858421206,45
277,1d0a43c80b2575e810c29b2d,M13,0,24.67,20.6374412712,60
277,1d0a43c80b2575e810c29b2d,M14,0,21.24,20.0357892306,60
277,1d0a43c80b2575e810c29b2d,M15,0,24.48,21.0479433001,60
277,1d0a43c80b2575e810c29b2d,M16,0,52.79,44.5511329222,100
277,1d0a43c80b2575e810c29b2d,M17,0,6.93,6.24646752054,14
277,1d0a43c80b2575e810c29b2d,M18,0,9.43,8.28833867911,21
277,1d0a43c80b2575e810c29b2d,M19,0,7.55,5.92602124668,21
277,1d0a43c80b2575e810c29b2d,M20,0,9.93,8.66917022359,20
277,1d0a43c80b2575e810c29b2d,M21,0,7.23,5.89958554888,21
277,1d0a43c80b2575e810c29b2d,M22,0,16.88,12.4026507704,45
277,1d0a43c80b2575e810c29b2d,M23,0,14.29,11.8055099498,45
277,1d0a43c80b2575e810c29b2d,M24,0,17.19,12.3272982689,45
277,1d0a43c80b2575e810c29b2d,M25,0,13.81,12.9617947832,20
277,1d0a43c80b2575e810c29b2d,M26,0,12.51,12.341263608,20
277,1d0a43c80b2575e810c29b2d,M27,0,15.86,14.7470610716,30
277,1d0a43c80b2575e810c29b2d,M28,0,13.91,13.8168315178,30
277,1d0a43c80b2575e810c29b2d,M29,0,15.68,14.6528484936,30
277,1d0a43c80b2575e810c29b2d,M30,0,9.58,8.95446229849,21
278,7379aff9cd07b6083d7fa843,M01,0,9.48,8.80131896514,10
278,7379aff9cd07b6083d7fa843,M02,0,12.01,11.7696174434,15
278,7379aff9cd07b6083d7fa843,M03,0,14.6,13.6159908905,21
278,7379aff9cd07b6083d7fa843,M04,0,13.58,13.1444812707,21
278,7379aff9cd07b6083d7fa843,M05,0,13.91,13.2044067865,21
278,7379aff9cd07b6083d7fa843,M06,0,17.48,16.5486297269,21
278,7379aff9cd07b6083d7fa843,M07,0,20.77,19.416548078,30
278,7379aff9cd07b6083d7fa843,M08,0,24.71,23.6556284352,30
278,7379aff9cd07b6083d7fa843,M09,0,23.32,22.8939748988,30
278,7379aff9cd07b6083d7fa843,M10,0,26.17,24.6721540029,30
278,7379aff9cd07b6083d7fa843,M11,0,25.37,24.6067062396,30
278,7379aff9cd07b6083d7fa843,M12,0,37.02,36.20493251,45
278,7379aff9cd07b6083d7fa843,M13,0,39.55,36.3470930488,60
278,7379aff9cd07b6083d7fa843,M14,0,37.02,36.0517494837,60
278,7379aff9cd07b6083d7fa843,M15,0,39.81,36.4749595935,60
278,7379aff9cd07b6083d7fa843,M16,0,69.16,66.3307980948,100
278,7379aff9cd07b6083d7fa843,M17,0,9.58,9.11601969486,14
278,7379aff9cd07b6083d7fa843,M18,0,13.81,13.1004933636,21
278,7379aff9cd07b6083d7fa843,M19,0,15.17,12.1732499998,21
278,7379aff9cd07b6083d7fa843,M25,0,17.16,16.3084571087,20
278,7379aff9cd07b6083d7fa843,M26,0,15.83,15.8109920475,20
278,7379aff9cd07b6083d7fa843,M27,0,22.25,21.1178376367,30
278,7379aff9cd07b6083d7fa843,M28,0,20.64,20.2570247558,30
278,7379aff9cd07b6083d7fa843,M29,0,22.01,21.030081074,30
278,7379aff9cd07b6083d7fa843,M30,0,14.65,13.6159908905,21
280,bed4536832eee8371b3e89bd,M01,0,7.02,7.10796803615,10
280,bed4536832eee8371b3e89bd,M02,0,9.87,9.89276862557,15
280,bed4536832eee8371b3e89bd,M03,0,10.86,9.8990765038,21
280,bed4536832eee8371b3e89bd,M04,0,9.91,9.70582152882,21
280,bed4536832eee8371b3e89bd,M05,0,9.62,9.69027472864,21
280,bed4536832eee8371b3e89bd,M06,0,13.49,13.0141616403,21
280,bed4536832eee8371b3e89bd,M07,0,14.35,14.050699071,30
280,bed4536832eee8371b3e89bd,M08,0,19.01,18.5399817561,30
280,bed4536832eee8371b3e89bd,M09,0,17.88,17.592796868,30
280,bed4536832eee8371b3e89bd,M10,0,20.96,18.9457596613,30
280,bed4536832eee8371b3e89bd,M11,0,19.7,18.345319652,30
280,bed4536832eee8371b3e89bd,M12,0,26.94,26.0132092897,45
280,bed4536832eee8371b3e89bd,M13,0,25.8,25.8452994985,60
280,bed4536832eee8371b3e89bd,M14,0,23.22,23.7329937481,60
280,bed4536832eee8371b3e89bd,M15,0,26.77,26.0252759719,60
280,bed4536832eee8371b3e89bd,M16,0,54.17,53.7668228554,100
280,bed4536832eee8371b3e89bd,M17,0,7.16,7.10792087853,14
280,bed4536832eee8371b3e89bd,M18,0,10.13,9.74516820382,21
280,bed4536832eee8371b3e89bd,M19,0,7.68,7.38156596326,21
280,bed4536832eee8371b3e89bd,M20,0,8.44,10.2981851655,20
280,bed4536832eee8371b3e89bd,M21,0,6.94,7.36526381397,21
280,bed4536832eee8371b3e89bd,M22,0,14.79,17.5638249283,45
280,bed4536832eee8371b3e89bd,M23,0,14.22,15.897212748,45
280,bed4536832eee8371b3e89bd,M24,0,14.63,18.0029201833,45
280,bed4536832eee8371b3e89bd,M25,0,14.36,13.5991529897,20
280,bed4536832eee8371b3e89bd,M26,0,13.21,13.0643449735,20
280,bed4536832eee8371b3e89bd,M27,0,17.15,16.1598393983,30
280,bed4536832eee8371b3e89bd,M28,0,15.33,14.8845360729,30
280,bed4536832eee8371b3e89bd,M29,0,17.09,16.2028833572,30
280,bed4536832eee8371b3e89bd,M30,0,10.85,9.89935383713,21
281,bbda52a9d99ca097c7cfd477,M01,3,6.65,6.79588033711,10
281,bbda52a9d99ca097c7cfd477,M02,3,8.79,7.77377205175,15
281,bbda52a9d99ca097c7cfd477,M03,3,8.5,7.56951018151,21
281,bbda52a9d99ca097c7cfd477,M04,3,7.79,7.34731588125,21
281,bbda52a9d99ca097c7cfd477,M05,3,8.11,7.26443880063,21
281,bbda52a9d99ca097c7cfd477,M06,3,10.84,9.74274046298,21
281,bbda52a9d99ca097c7cfd477,M07,3,11.47,10.4649180623,30
281,bbda52a9d99ca097c7cfd477,M08,3,15.85,14.8484506172,30
281,bbda52a9d99ca097c7cfd477,M09,3,14.89,14.4803580845,30
281,bbda52a9d99ca097c7cfd477,M10,3,17.38,15.1431408341,30
281,bbda52a9d99ca097c7cfd477,M11,3,17.09,14.9151747815,30
281,bbda52a9d99ca097c7cfd477,M12,3,22.13,19.5154116551,45
281,bbda52a9d99ca097c7cfd477,M13,3,21.52,19.2540669499,60
281,bbda52a9d99ca097c7cfd477,M14,3,18.48,19.0163595249,60
281,bbda52a9d99ca097c7cfd477,M15,3,21.34,19.4365107648,60
281,bbda52a9d99ca097c7cfd477,M16,3,48.83,44.6568046043,100
281,bbda52a9d99ca097c7cfd477,M17,3,5.88,6.31975004469,14
281,bbda52a9d99ca097c7cfd477,M18,3,8,7.28970659455,21
281,bbda52a9d99ca097c7cfd477,M19,3,5.52,6.80170182214,21
281,bbda52a9d99ca097c7cfd477,M20,3,6.98,8.93165310472,20
281,bbda52a9d99ca097c7cfd477,M21,3,5.01,6.74365778301,21
281,bbda52a9d99ca097c7cfd477,M22,3,10.44,13.533696576,45
281,bbda52a9d99ca097c7cfd477,M23,3,9.6,12.6046051909,45
281,bbda52a9d99ca097c7cfd477,M24,3,10.17,13.428721323,45
281,bbda52a9d99ca097c7cfd477,M25,3,14.32,11.9556649331,20
281,bbda52a9d99ca097c7cfd477,M26,3,13.04,11.5252657692,20
281,bbda52a9d99ca097c7cfd477,M27,3,16.98,13.5708820597,30
281,bbda52a9d99ca097c7cfd477,M28,3,15.06,12.7022493907,30
281,bbda52a9d99ca097c7cfd477,M29,3,16.73,13.4859794567,30
281,bbda52a9d99ca097c7cfd477,M30,3,10.45,7.55758759526,21
282,c18e77ce74b9a2e4ab1ae59d,M01,1,8.28,8.42286732799,10
282,c18e77ce74b9a2e4ab1ae59d,M02,1,11.06,12.1581986826,15
282,c18e77ce74b9a2e4ab1ae59d,M03,1,13.15,13.7687172305,21
282,c18e77ce74b9a2e4ab1ae59d,M04,1,12.3,13.4218156599,21
282,c18e77ce74b9a2e4ab1ae59d,M05,1,12.52,13.4806071316,21
282,c18e77ce74b9a2e4ab1ae59d,M06,1,15.77,15.9091965981,21
282,c18e77ce74b9a2e4ab1ae59d,M07,1,18.62,19.985884998,30
282,c18e77ce74b9a2e4ab1ae59d,M08,1,22.73,22.518675773,30
282,c18e77ce74b9a2e4ab1ae59d,M09,1,21.57,21.666695362,30
282,c18e77ce74b9a2e4ab1ae59d,M10,1,24.08,23.3743225952,30
282,c18e77ce74b9a2e4ab1ae59d,M11,1,23.51,23.2198431498,30
282,c18e77ce74b9a2e4ab1ae59d,M12,1,33.77,35.5837651238,45
282,c18e77ce74b9a2e4ab1ae59d,M13,1,35.36,35.7733077716,60
282,c18e77ce74b9a2e4ab1ae59d,M14,1,32.72,35.3235124946,60
282,c18e77ce74b9a2e4ab1ae59d,M15,1,35.87,35.8610804647,60
282,c18e77ce74b9a2e4ab1ae59d,M16,1,64.63,65.0598958655,100
282,c18e77ce74b9a2e4ab1ae59d,M17,1,8.81,8.62785343078,14
282,c18e77ce74b9a2e4ab1ae59d,M18,1,12.65,13.2451060489,21
282,c18e77ce74b9a2e4ab1ae59d,M19,1,11.6,12.8045261367,21
282,c18e77ce74b9a2e4ab1ae59d,M20,1,13.43,13.5219304309,20
282,c18e77ce74b9a2e4ab1ae59d,M21,1,10.79,12.2303642204,21
282,c18e77ce74b9a2e4ab1ae59d,M22,1,27.87,24.4575942029,45
282,c18e77ce74b9a2e4ab1ae59d,M23,1,24.74,23.897165491,45
282,c18e77ce74b9a2e4ab1ae59d,M24,1,28.52,24.6341642621,45
282,c18e77ce74b9a2e4ab1ae59d,M25,1,15.84,15.8433032059,20
282,c18e77ce74b9a2e4ab1ae59d,M26,1,14.73,15.4088831421,20
282,c18e77ce74b9a2e4ab1ae59d,M27,1,20.3,20.8132152842,30
282,c18e77ce74b9a2e4ab1ae59d,M28,1,18.73,20.3940208132,30
282,c18e77ce74b9a2e4ab1ae59d,M29,1,20.25,20.8178778893,30
282,c18e77ce74b9a2e4ab1ae59d,M30,1,13.18,13.8678638105,21
283,c2eedb24cf5e98af3c88b4c1,M01,1,7.36,7.55641389141,10
283,c2eedb24cf5e98af3c88b4c1,M02,1,9.89,10.1530709924,15
283,c2eedb24cf5e98af3c88b4c1,M03,1,10.61,10.5190151969,21
283,c2eedb24cf5e98af3c88b4c1,M04,1,9.82,10.3960576539,21
283,c2eedb24cf5e98af3c88b4c1,M05,1,9.82,10.3767751901,21
283,c2eedb24cf5e98af3c88b4c1,M06,1,13.16,12.9816441443,21
283,c2eedb24cf5e98af3c88b4c1,M07,1,14.72,14.4674050711,30
283,c2eedb24cf5e98af3c88b4c1,M08,1,19.13,19.9499518249,30
283,c2eedb24cf5e98af3c88b4c1,M09,1,18.03,19.4377354136,30
283,c2eedb24cf5e98af3c88b4c1,M10,1,20.58,20.3546350036,30
283,c2eedb24cf5e98af3c88b4c1,M11,1,19.78,20.0568939451,30
283,c2eedb24cf5e98af3c88b4c1,M12,1,27.63,29.6577832399,45
283,c2eedb24cf5e98af3c88b4c1,M13,1,27.96,29.8498601518,60
283,c2eedb24cf5e98af3c88b4c1,M14,1,24.84,27.8605544517,60
283,c2eedb24cf5e98af3c88b4c1,M15,1,27.99,29.8724826503,60
283,c2eedb24cf5e98af3c88b4c1,M16,1,56.63,58.335228787,100
283,c2eedb24cf5e98af3c88b4c1,M17,1,7.46,7.67493349944,14
283,c2eedb24cf5e98af3c88b4c1,M18,1,10.4,10.4532935596,21
283,c2eedb24cf5e98af3c88b4c1,M19,1,8.51,8.61948346141,21
283,c2eedb24cf5e98af3c88b4c1,M20,1,10.93,10.5347816657,20
283,c2eedb24cf5e98af3c88b4c1,M21,1,8.11,8.51386490414,21
283,c2eedb24cf5e98af3c88b4c1,M22,1,19.81,21.0686723643,45
283,c2eedb24cf5e98af3c88b4c1,M23,1,17.07,19.3036433202,45
283,c2eedb24cf5e98af3c88b4c1,M24,1,20.15,21.3631619441,45
283,c2eedb24cf5e98af3c88b4c1,M25,1,13.82,13.2911208614,20
283,c2eedb24cf5e98af3c88b4c1,M26,1,12.6,12.7437232631,20
283,c2eedb24cf5e98af3c88b4c1,M27,1,16.01,15.255004833,30
283,c2eedb24cf5e98af3c88b4c1,M28,1,14.22,14.6488158345,30
283,c2eedb24cf5e98af3c88b4c1,M29,1,16.06,15.2183818794,30
283,c2eedb24cf5e98af3c88b4c1,M30,1,9.85,10.4733024097,21
284,6c8bd1deff5bdb9e32c6446d,M01,2,8.11,8.65799516327,10
284,6c8bd1deff5bdb9e32c6446d,M02,2,12.48,11.9860065312,15
284,6c8bd1deff5bdb9e32c6446d,M03,2,15.18,13.7229568385,21
284,6c8bd1deff5bdb9e32c6446d,M04,2,14.18,13.2267661031,21
284,6c8bd1deff5bdb9e32c6446d,M05,2,14.5,13.2655548038,21
284,6c8bd1deff5bdb9e32c6446d,M06,2,18.3,16.1296630218,21
284,6c8bd1deff5bdb9e32c6446d,M07,2,21.63,19.0756370885,30
284,6c8bd1deff5bdb9e32c6446d,M08,2,25.51,24.0522262014,30
284,6c8bd1deff5bdb9e32c6446d,M09,2,24.15,23.4091323138,30
284,6c8bd1deff5bdb9e32c6446d,M10,2,26.99,24.7423760173,30
284,6c8bd1deff5bdb9e32c6446d,M11,2,26.18,24.6117580159,30
284,6c8bd1deff5bdb9e32c6446d,M12,2,38.34,36.2989425467,45
284,6c8bd1deff5bdb9e32c6446d,M13,2,41.36,36.7939151155,60
284,6c8bd1deff5bdb9e32c6446d,M14,2,38.95,35.904611871,60
284,6c8bd1deff5bdb9e32c6446d,M15,2,41.18,36.9215716425,60
284,6c8bd1deff5bdb9e32c6446d,M16,2,71.11,65.6504532291,100
284,6c8bd1deff5bdb9e32c6446d,M17,2,9.96,8.82502563587,14
284,6c8bd1deff5bdb9e32c6446d,M18,2,14.35,13.1590484354,21
284,6c8bd1deff5bdb9e32c6446d,M19,2,15.22,12.977708088,21
284,6c8bd1deff5bdb9e32c6446d,M20,2,16.47,13.791987545,20
284,6c8bd1deff5bdb9e32c6446d,M21,2,13.94,12.3997279673,21
284,6c8bd1deff5bdb9e32c6446d,M22,2,37.38,32.616372507,45
284,6c8bd1deff5bdb9e32c6446d,M23,2,34.54,32.2190894257,45
284,6c8bd1deff5bdb9e32c6446d,M24,2,37.14,32.6100267654,45
284,6c8bd1deff5bdb9e32c6446d,M25,2,18.01,15.9350431762,20
284,6c8bd1deff5bdb9e32c6446d,M26,2,16.43,15.2524923363,20
284,6c8bd1deff5bdb9e32c6446d,M27,2,23.21,19.9077363559,30
284,6c8bd1deff5bdb9e32c6446d,M28,2,21.56,19.1200861138,30
284,6c8bd1deff5bdb9e32c6446d,M29,2,22.75,19.9220204651,30
284,6c8bd1deff5bdb9e32c6446d,M30,2,15.27,13.7415159813,21
285,13cc0dc0c9b50911e5f7c80a,M01,1,7.29,7.20288614639,10
285,13cc0dc0c9b50911e5f7c80a,M02,1,9.7,10.467078211,15
285,13cc0dc0c9b50911e5f7c80a,M03,1,10.2,10.518071792,21
285,13cc0dc0c9b50911e5f7c80a,M04,1,9.13,10.3246048376,21
285,13cc0dc0c9b50911e5f7c80a,M05,1,9.3,10.3359434857,21
285,13cc0dc0c9b50911e5f7c80a,M06,1,12.86,13.5865739076,21
285,13cc0dc0c9b50911e5f7c80a,M07,1,14.05,14.8155458512,30
285,13cc0dc0c9b50911e5f7c80a,M08,1,18.47,19.6383304262,30
285,13cc0dc0c9b50911e5f7c80a,M09,1,16.98,19.1218103156,30
285,13cc0dc0c9b50911e5f7c80a,M10,1,19.99,19.9584948432,30
285,13cc0dc0c9b50911e5f7c80a,M11,1,18.99,19.6749129557,30
285,13cc0dc0c9b50911e5f7c80a,M12,1,26.44,27.4991461522,45
285,13cc0dc0c9b50911e5f7c80a,M13,1,26.93,27.3722482359,60
285,13cc0dc0c9b50911e5f7c80a,M14,1,23.54,25.1019047191,60
285,13cc0dc0c9b50911e5f7c80a,M15,1,26.37,27.503734741,60
285,13cc0dc0c9b50911e5f7c80a,M16,1,55.47,49.1202238941,100
285,13cc0dc0c9b50911e5f7c80a,M17,1,7.1,7.21393425018,14
285,13cc0dc0c9b50911e5f7c80a,M18,1,9.74,10.3163681182,21
285,13cc0dc0c9b50911e5f7c80a,M19,1,7.94,7.88782998547,21
285,13cc0dc0c9b50911e5f7c80a,M20,1,10.34,9.83715690529,20
285,13cc0dc0c9b50911e5f7c80a,M21,1,7.42,7.83042648256,21
285,13cc0dc0c9b50911e5f7c80a,M22,1,17.98,19.446459386,45
285,13cc0dc0c9b50911e5f7c80a,M23,1,15.32,17.4601364824,45
285,13cc0dc0c9b50911e5f7c80a,M24,1,18.14,19.4839705508,45
285,13cc0dc0c9b50911e5f7c80a,M25,1,14.23,13.9398916664,20
285,13cc0dc0c9b50911e5f7c80a,M26,1,12.95,13.3498227229,20
285,13cc0dc0c9b50911e5f7c80a,M27,1,16.81,17.034708182,30
285,13cc0dc0c9b50911e5f7c80a,M28,1,14.9,15.6180792607,30
285,13cc0dc0c9b50911e5f7c80a,M29,1,16.41,16.8963136077,30
285,13cc0dc0c9b50911e5f7c80a,M30,1,10.23,10.5295445393,21
286,df47194b4bdae24605cf1a6e,M01,3,6.95,7.39370165295,10
286,df47194b4bdae24605cf1a6e,M02,3,9.95,10.4222683192,15
286,df47194b4bdae24605cf1a6e,M03,3,10.71,10.6890884491,21
286,df47194b4bdae24605cf1a6e,M04,3,9.75,10.4803587784,21
286,df47194b4bdae24605cf1a6e,M05,3,9.71,10.4585274888,21
286,df47194b4bdae24605cf1a6e,M06,3,13.13,13.6938593273,21
286,df47194b4bdae24605cf1a6e,M07,3,14.29,15.3754778391,30
286,df47194b4bdae24605cf1a6e,M08,3,18.87,19.330601622,30
286,df47194b4bdae24605cf1a6e,M09,3,17.73,18.5401564146,30
286,df47194b4bdae24605cf1a6e,M10,3,20.45,19.8139411743,30
286,df47194b4bdae24605cf1a6e,M11,3,19.62,19.450168132,30
286,df47194b4bdae24605cf1a6e,M12,3,26.84,28.7079367646,45
286,df47194b4bdae24605cf1a6e,M13,3,25.55,28.6021301114,60
286,df47194b4bdae24605cf1a6e,M14,3,22.85,26.0771593232,60
286,df47194b4bdae24605cf1a6e,M15,3,26.37,28.7707101023,60
286,df47194b4bdae24605cf1a6e,M16,3,53.86,57.1083312394,100
286,df47194b4bdae24605cf1a6e,M17,3,7.03,7.49168160806,14
286,df47194b4bdae24605cf1a6e,M18,3,9.88,10.5074102684,21
286,df47194b4bdae24605cf1a6e,M19,3,6.34,8.54936532459,21
286,df47194b4bdae24605cf1a6e,M20,3,8.54,11.3126978611,20
286,df47194b4bdae24605cf1a6e,M21,3,6.99,8.49249660198,21
286,df47194b4bdae24605cf1a6e,M22,3,14.97,19.6233816055,45
286,df47194b4bdae24605cf1a6e,M23,3,14.04,17.5410114151,45
286,df47194b4bdae24605cf1a6e,M24,3,14.7,19.9363462387,45
286,df47194b4bdae24605cf1a6e,M25,3,13.81,14.1017412931,20
286,df47194b4bdae24605cf1a6e,M26,3,12.67,13.5081950732,20
286,df47194b4bdae24605cf1a6e,M27,3,16.11,17.0493589979,30
286,df47194b4bdae24605cf1a6e,M28,3,14.38,15.755757998,30
286,df47194b4bdae24605cf1a6e,M29,3,16.24,16.9537892345,30
286,df47194b4bdae24605cf1a6e,M30,3,10.11,10.7044746721,21
290,b4432b95902e4e88b42e2066,M01,0,7.64,6.54535878893,10
290,b4432b95902e4e88b42e2066,M02,0,10.22,9.18830069129,15
290,b4432b95902e4e88b42e2066,M03,0,11.19,9.19929763306,21
290,b4432b95902e4e88b42e2066,M04,0,10.22,8.98757092824,21
290,b4432b95902e4e88b42e2066,M05,0,10.41,8.95517174901,21
290,b4432b95902e4e88b42e2066,M06,0,13.84,12.3459508355,21
290,b4432b95902e4e88b42e2066,M07,0,15.54,13.4551267657,30
290,b4432b95902e4e88b42e2066,M08,0,19.91,17.7914340656,30
290,b4432b95902e4e88b42e2066,M09,0,18.58,17.0402982809,30
290,b4432b95902e4e88b42e2066,M10,0,21.43,18.2742173179,30
290,b4432b95902e4e88b42e2066,M11,0,20.59,17.8102252569,30
290,b4432b95902e4e88b42e2066,M12,0,28.78,23.841011912,45
290,b4432b95902e4e88b42e2066,M13,0,29.45,23.703447621,60
290,b4432b95902e4e88b42e2066,M14,0,26.07,22.1475020181,60
290,b4432b95902e4e88b42e2066,M15,0,29.65,23.8274608009,60
290,b4432b95902e4e88b42e2066,M16,0,58.21,47.4746997377,100
290,b4432b95902e4e88b42e2066,M17,0,7.74,6.49534949974,14
290,b4432b95902e4e88b42e2066,M18,0,10.76,9.03224408482,21
290,b4432b95902e4e88b42e2066,M19,0,8.62,7.36972176077,21
290,b4432b95902e4e88b42e2066,M20,0,10.94,9.55915892618,20
290,b4432b95902e4e88b42e2066,M21,0,8.06,7.33728436791,21
290,b4432b95902e4e88b42e2066,M22,0,19.82,17.0565527382,45
290,b4432b95902e4e88b42e2066,M23,0,16.45,15.5189631145,45
290,b4432b95902e4e88b42e2066,M24,0,20.17,17.0767342463,45
290,b4432b95902e4e88b42e2066,M25,0,14.81,13.0332849542,20
290,b4432b95902e4e88b42e2066,M26,0,13.53,12.5455521076,20
290,b4432b95902e4e88b42e2066,M27,0,17.98,15.9958817003,30
290,b4432b95902e4e88b42e2066,M28,0,16.07,14.5606419788,30
290,b4432b95902e4e88b42e2066,M29,0,17.87,15.9467913408,30
290,b4432b95902e4e88b42e2066,M30,0,11.24,9.20979982498,21
291,bb6c0863dd45d3f74e17df3e,M01,4,7.5,7.5662754637,10
291,bb6c0863dd45d3f74e17df3e,M02,4,10.37,9.73268737302,15
291,bb6c0863dd45d3f74e17df3e,M03,4,11.74,10.4030511815,21
291,bb6c0863dd45d3f74e17df3e,M04,4,11.16,10.2382702194,21
291,bb6c0863dd45d3f74e17df3e,M05,4,11.02,10.2581405853,21
291,bb6c0863dd45d3f74e17df3e,M06,4,13.87,13.7412864963,21
291,bb6c0863dd45d3f74e17df3e,M07,4,16.5,15.8853436388,30
291,bb6c0863dd45d3f74e17df3e,M08,4,20.79,20.0723887483,30
291,bb6c0863dd45d3f74e17df3e,M09,4,19.97,19.4077449808,30
291,bb6c0863dd45d3f74e17df3e,M10,4,22.16,20.7096468778,30
291,bb6c0863dd45d3f74e17df3e,M11,4,21.47,20.4816124138,30
291,bb6c0863dd45d3f74e17df3e,M12,4,30.55,28.0879547145,45
291,bb6c0863dd45d3f74e17df3e,M13,4,30.32,27.9078607891,60
291,bb6c0863dd45d3f74e17df3e,M14,4,27.57,26.4570730297,60
291,bb6c0863dd45d3f74e17df3e,M15,4,31.54,28.1873400574,60
291,bb6c0863dd45d3f74e17df3e,M16,4,59.22,57.8473396756,100
291,bb6c0863dd45d3f74e17df3e,M17,4,8.19,7.72466799844,14
291,bb6c0863dd45d3f74e17df3e,M18,4,11.64,10.2710405624,21
291,bb6c0863dd45d3f74e17df3e,M19,4,8.61,9.25166582549,21
291,bb6c0863dd45d3f74e17df3e,M20,4,12.35,12.5601125338,20
291,bb6c0863dd45d3f74e17df3e,M21,4,9.14,9.16961403335,21
291,bb6c0863dd45d3f74e17df3e,M22,4,23.08,22.8560437375,45
291,bb6c0863dd45d3f74e17df3e,M23,4,18.43,20.2165260837,45
291,bb6c0863dd45d3f74e17df3e,M24,4,29.56,23.41955876,45
291,bb6c0863dd45d3f74e17df3e,M25,4,14.6,13.8750477882,20
291,bb6c0863dd45d3f74e17df3e,M26,4,13.54,13.4748449536,20
291,bb6c0863dd45d3f74e17df3e,M27,4,17.87,16.8919029556,30
291,bb6c0863dd45d3f74e17df3e,M28,4,16.32,16.0278292051,30
291,bb6c0863dd45d3f74e17df3e,M29,4,18.25,16.9193027547,30
291,bb6c0863dd45d3f74e17df3e,M30,4,11.34,10.4001052306,21
294,d5d831302cba59032cb7c4e8,M01,0,7.2,8.55119257764,10
294,d5d831302cba59032cb7c4e8,M02,0,9.69,12.6863148296,15
294,d5d831302cba59032cb7c4e8,M03,0,10.41,14.6528959729,21
294,d5d831302cba59032cb7c4e8,M04,0,9.98,14.142915202,21
294,d5d831302cba59032cb7c4e8,M05,0,10.17,14.3102810397,21
294,d5d831302cba59032cb7c4e8,M06,0,13.04,16.7027724675,21
294,d5d831302cba59032cb7c4e8,M07,0,14.5,19.6990177298,30
294,d5d831302cba59032cb7c4e8,M08,0,18.9,24.851033847,30
294,d5d831302cba59032cb7c4e8,M09,0,18.36,23.7589437685,30
294,d5d831302cba59032cb7c4e8,M10,0,20.27,25.7373319489,30
294,d5d831302cba59032cb7c4e8,M11,0,20.26,25.5968190752,30
294,d5d831302cba59032cb7c4e8,M12,0,27.48,37.7647719374,45
294,d5d831302cba59032cb7c4e8,M13,0,28.16,38.2316392976,60
294,d5d831302cba59032cb7c4e8,M14,0,26.19,37.7944321944,60
294,d5d831302cba59032cb7c4e8,M15,0,28.1,38.1829793576,60
294,d5d831302cba59032cb7c4e8,M16,0,56.9,66.6256423374,100
294,d5d831302cba59032cb7c4e8,M17,0,7.45,9.09939410794,14
294,d5d831302cba59032cb7c4e8,M18,0,10.45,13.8001074111,21
294,d5d831302cba59032cb7c4e8,M19,0,8.12,14.5853534885,21
294,d5d831302cba59032cb7c4e8,M20,0,10.11,15.2748466868,20
294,d5d831302cba59032cb7c4e8,M21,0,7.8,13.5150299696,21
294,d5d831302cba59032cb7c4e8,M22,0,17.94,32.7287173847,45
294,d5d831302cba59032cb7c4e8,M23,0,18.6,32.4766853857,45
294,d5d831302cba59032cb7c4e8,M24,0,17.1,32.7263030046,45
294,d5d831302cba59032cb7c4e8,M25,0,15.46,16.2874772316,20
294,d5d831302cba59032cb7c4e8,M26,0,14.33,15.8555703069,20
294,d5d831302cba59032cb7c4e8,M27,0,19.54,20.4664201263,30
294,d5d831302cba59032cb7c4e8,M28,0,17.94,19.8424529041,30
294,d5d831302cba59032cb7c4e8,M29,0,19.44,20.3658551538,30
294,d5d831302cba59032cb7c4e8,M30,0,12.36,14.7032884218,21
295,0a411c9b61631bf103bfed61,M01,3,7.81,7.82616697453,10
295,0a411c9b61631bf103bfed61,M02,3,10.51,10.3079264997,15
295,0a411c9b61631bf103bfed61,M03,3,11.94,11.1395603581,21
295,0a411c9b61631bf103bfed61,M04,3,11.13,10.7837683927,21
295,0a411c9b61631bf103bfed61,M05,3,11.31,10.8175973937,21
295,0a411c9b61631bf103bfed61,M06,3,14.53,14.260899086,21
295,0a411c9b61631bf103bfed61,M07,3,16.76,16.0591033289,30
295,0a411c9b61631bf103bfed61,M08,3,21.02,20.5712369709,30
295,0a411c9b61631bf103bfed61,M09,3,19.93,19.6967970225,30
295,0a411c9b61631bf103bfed61,M10,3,22.47,21.1698475752,30
295,0a411c9b61631bf103bfed61,M11,3,21.82,20.9898910563,30
295,0a411c9b61631bf103bfed61,M12,3,30.87,30.1076803757,45
295,0a411c9b61631bf103bfed61,M13,3,31.83,30.1746097726,60
295,0a411c9b61631bf103bfed61,M14,3,28.94,28.1351743018,60
295,0a411c9b61631bf103bfed61,M15,3,32.16,30.234539503,60
295,0a411c9b61631bf103bfed61,M16,3,60.84,58.2992831612,100
295,0a411c9b61631bf103bfed61,M17,3,8.23,7.91163819596,14
295,0a411c9b61631bf103bfed61,M18,3,11.59,10.8214872853,21
295,0a411c9b61631bf103bfed61,M19,3,10.53,9.43337523219,21
295,0a411c9b61631bf103bfed61,M20,3,12.62,11.531733015,20
295,0a411c9b61631bf103bfed61,M21,3,9.95,9.2481583031,21
295,0a411c9b61631bf103bfed61,M22,3,25.27,22.2841141603,45
295,0a411c9b61631bf103bfed61,M23,3,22.19,20.4944535342,45
295,0a411c9b61631bf103bfed61,M24,3,25.76,22.8167719177,45
295,0a411c9b61631bf103bfed61,M25,3,15.13,14.5653790925,20
295,0a411c9b61631bf103bfed61,M26,3,13.98,13.7804862621,20
295,0a411c9b61631bf103bfed61,M27,3,18.8,18.2460055706,30
295,0a411c9b61631bf103bfed61,M28,3,17.18,16.7040652164,30
295,0a411c9b61631bf103bfed61,M29,3,18.75,18.1877800225,30
295,0a411c9b61631bf103bfed61,M30,3,11.98,11.1701895948,21
296,5cc22c63bfc2c970da060ca8,M01,1,7.49,7.70215554404,10
296,5cc22c63bfc2c970da060ca8,M02,1,10.34,10.2861182679,15
296,5cc22c63bfc2c970da060ca8,M03,1,11.67,11.314851359,21
296,5cc22c63bfc2c970da060ca8,M04,1,10.88,11.0619097559,21
296,5cc22c63bfc2c970da060ca8,M05,1,11.01,11.0785715439,21
296,5cc22c63bfc2c970da060ca8,M06,1,13.91,14.1656940751,21
296,5cc22c63bfc2c970da060ca8,M07,1,16.45,16.3413579086,30
296,5cc22c63bfc2c970da060ca8,M08,1,20.91,21.0042783974,30
296,5cc22c63bfc2c970da060ca8,M09,1,19.85,20.0911714378,30
296,5cc22c63bfc2c970da060ca8,M10,1,22.01,21.7757250147,30
296,5cc22c63bfc2c970da060ca8,M11,1,21.43,21.5104867872,30
296,5cc22c63bfc2c970da060ca8,M12,1,30.47,30.1809367798,45
296,5cc22c63bfc2c970da060ca8,M13,1,30.22,30.205992768,60
296,5cc22c63bfc2c970da060ca8,M14,1,27.4,27.611575531,60
296,5cc22c63bfc2c970da060ca8,M15,1,31.59,30.4049549797,60
296,5cc22c63bfc2c970da060ca8,M16,1,59.11,58.2419430768,100
296,5cc22c63bfc2c970da060ca8,M17,1,8.51,7.93609798438,14
296,5cc22c63bfc2c970da060ca8,M18,1,11.27,11.1585340557,21
296,5cc22c63bfc2c970da060ca8,M19,1,9.11,9.48248947965,21
296,5cc22c63bfc2c970da060ca8,M20,1,11.78,13.3746395919,20
296,5cc22c63bfc2c970da060ca8,M21,1,8.58,9.47095866419,21
296,5cc22c63bfc2c970da060ca8,M22,1,20.46,24.3794713145,45
296,5cc22c63bfc2c970da060ca8,M23,1,16.59,20.9038679864,45
296,5cc22c63bfc2c970da060ca8,M24,1,26.25,24.5708502784,45
296,5cc22c63bfc2c970da060ca8,M25,1,14.6,14.4111074197,20
296,5cc22c63bfc2c970da060ca8,M26,1,13.54,13.6258474451,20
296,5cc22c63bfc2c970da060ca8,M27,1,17.51,17.7904722154,30
296,5cc22c63bfc2c970da060ca8,M28,1,16.28,16.4149282811,30
296,5cc22c63bfc2c970da060ca8,M29,1,18.29,17.8440459924,30
296,5cc22c63bfc2c970da060ca8,M30,1,11.3,11.3012628968,21
297,a4d13ddf9429ac6f4154b0e3,M01,3,7.36,7.65730440453,10
297,a4d13ddf9429ac6f4154b0e3,M02,3,10.27,10.1685194848,15
297,a4d13ddf9429ac6f4154b0e3,M03,3,11.44,11.394135716,21
297,a4d13ddf9429ac6f4154b0e3,M04,3,10.49,11.0463655169,21
297,a4d13ddf9429ac6f4154b0e3,M05,3,10.63,11.0752989845,21
297,a4d13ddf9429ac6f4154b0e3,M06,3,14.26,13.7664443927,21
297,a4d13ddf9429ac6f4154b0e3,M07,3,15.71,16.1946355466,30
297,a4d13ddf9429ac6f4154b0e3,M08,3,20.16,20.724016695,30
297,a4d13ddf9429ac6f4154b0e3,M09,3,18.79,19.8748981212,30
297,a4d13ddf9429ac6f4154b0e3,M10,3,21.74,21.4125953514,30
297,a4d13ddf9429ac6f4154b0e3,M11,3,20.99,21.1777674104,30
297,a4d13ddf9429ac6f4154b0e3,M12,3,29.16,30.8280978777,45
297,a4d13ddf9429ac6f4154b0e3,M13,3,29.53,30.8487803518,60
297,a4d13ddf9429ac6f4154b0e3,M14,3,26.81,27.7316190702,60
297,a4d13ddf9429ac6f4154b0e3,M15,3,30.64,31.061077964,60
297,a4d13ddf9429ac6f4154b0e3,M16,3,58.36,58.5288772605,100
297,a4d13ddf9429ac6f4154b0e3,M17,3,8.26,7.89231973352,14
297,a4d13ddf9429ac6f4154b0e3,M18,3,11.56,11.1233706845,21
297,a4d13ddf9429ac6f4154b0e3,M19,3,9.17,8.98730468359,21
297,a4d13ddf9429ac6f4154b0e3,M20,3,13.71,12.4213132716,20
297,a4d13ddf9429ac6f4154b0e3,M21,3,9.85,8.95649443289,21
297,a4d13ddf9429ac6f4154b0e3,M22,3,25.62,22.9062151783,45
297,a4d13ddf9429ac6f4154b0e3,M23,3,20.33,19.7736596354,45
297,a4d13ddf9429ac6f4154b0e3,M24,3,20.89,24.6817733165,45
297,a4d13ddf9429ac6f4154b0e3,M25,3,14.39,14.0676826213,20
297,a4d13ddf9429ac6f4154b0e3,M26,3,13.34,13.5726487158,20
297,a4d13ddf9429ac6f4154b0e3,M27,3,17.48,17.581332067,30
297,a4d13ddf9429ac6f4154b0e3,M28,3,16,16.2452866905,30
297,a4d13ddf9429ac6f4154b0e3,M29,3,17.82,17.6169624223,30
297,a4d13ddf9429ac6f4154b0e3,M30,3,11.14,11.368407546,21
300,98b5399112d2ffc2aa957c86,M01,3,8.08,8.79813025208,10
300,98b5399112d2ffc2aa957c86,M02,3,10.76,11.1303181346,15
300,98b5399112d2ffc2aa957c86,M03,3,12.31,12.6643140519,21
300,98b5399112d2ffc2aa957c86,M04,3,11.51,12.4271478751,21
300,98b5399112d2ffc2aa957c86,M05,3,11.66,12.4575410929,21
300,98b5399112d2ffc2aa957c86,M06,3,15.02,15.1207926012,21
300,98b5399112d2ffc2aa957c86,M07,3,17.21,19.2010911805,30
300,98b5399112d2ffc2aa957c86,M08,3,21.5,22.3899803348,30
300,98b5399112d2ffc2aa957c86,M09,3,20.41,21.8214036987,30
300,98b5399112d2ffc2aa957c86,M10,3,23.01,23.0577017972,30
300,98b5399112d2ffc2aa957c86,M11,3,22.4,22.9998502165,30
300,98b5399112d2ffc2aa957c86,M12,3,31.43,31.7767608003,45
300,98b5399112d2ffc2aa957c86,M13,3,32.63,31.9024126539,60
300,98b5399112d2ffc2aa957c86,M14,3,29.36,31.5266855605,60
300,98b5399112d2ffc2aa957c86,M15,3,33.34,32.0493144832,60
300,98b5399112d2ffc2aa957c86,M16,3,61.64,64.651387979,100
300,98b5399112d2ffc2aa957c86,M17,3,8.44,9.00089517387,14
300,98b5399112d2ffc2aa957c86,M18,3,11.93,12.3343869233,21
300,98b5399112d2ffc2aa957c86,M19,3,10.45,11.5387598126,21
300,98b5399112d2ffc2aa957c86,M20,3,12.59,13.9932094409,20
300,98b5399112d2ffc2aa957c86,M21,3,9.75,11.2096182586,21
300,98b5399112d2ffc2aa957c86,M22,3,24.73,27.3719919695,45
300,98b5399112d2ffc2aa957c86,M23,3,21.47,26.4172414234,45
300,98b5399112d2ffc2aa957c86,M24,3,25.42,27.5277416494,45
300,98b5399112d2ffc2aa957c86,M25,3,15.34,15.0592389106,20
300,98b5399112d2ffc2aa957c86,M26,3,14.11,14.6843840202,20
300,98b5399112d2ffc2aa957c86,M27,3,19.05,20.2816389919,30
300,98b5399112d2ffc2aa957c86,M28,3,17.19,19.5906774704,30
300,98b5399112d2ffc2aa957c86,M29,3,19.1,20.19499465,30
300,98b5399112d2ffc2aa957c86,M30,3,12.13,12.6722014459,21
301,a7efe2a12592b5fa953c9862,M01,0,7.44,7.67139124559,10
301,a7efe2a12592b5fa953c9862,M02,0,10.31,10.0846071686,15
301,a7efe2a12592b5fa953c9862,M03,0,11.53,11.221250515,21
301,a7efe2a12592b5fa953c9862,M04,0,10.89,11.1041442371,21
301,a7efe2a12592b5fa953c9862,M05,0,10.89,11.1136090576,21
301,a7efe2a12592b5fa953c9862,M06,0,13.78,13.9180457911,21
301,a7efe2a12592b5fa953c9862,M07,0,16.42,15.9208807712,30
301,a7efe2a12592b5fa953c9862,M08,0,20.88,20.6368627473,30
301,a7efe2a12592b5fa953c9862,M09,0,19.83,19.8181646065,30
301,a7efe2a12592b5fa953c9862,M10,0,22.04,21.3122861221,30
301,a7efe2a12592b5fa953c9862,M11,0,21.4,21.1713395973,30
301,a7efe2a12592b5fa953c9862,M12,0,30.48,29.8306347096,45
301,a7efe2a12592b5fa953c9862,M13,0,30.18,29.7392254539,60
301,a7efe2a12592b5fa953c9862,M14,0,27.49,27.8852120416,60
301,a7efe2a12592b5fa953c9862,M15,0,31.45,29.8852437142,60
301,a7efe2a12592b5fa953c9862,M16,0,59.09,57.9754365135,100
301,a7efe2a12592b5fa953c9862,M17,0,8.04,7.85177950515,14
301,a7efe2a12592b5fa953c9862,M18,0,11.25,11.1309684076,21
301,a7efe2a12592b5fa953c9862,M19,0,9.11,8.89402630248,21
301,a7efe2a12592b5fa953c9862,M20,0,13.98,12.0506290399,20
301,a7efe2a12592b5fa953c9862,M21,0,10.09,8.84926094867,21
301,a7efe2a12592b5fa953c9862,M22,0,26.12,22.4885820387,45
301,a7efe2a12592b5fa953c9862,M23,0,20.66,19.0702782452,45
301,a7efe2a12592b5fa953c9862,M24,0,23.45,23.6961825521,45
301,a7efe2a12592b5fa953c9862,M25,0,14.53,14.0718444306,20
301,a7efe2a12592b5fa953c9862,M26,0,13.52,13.7708066025,20
301,a7efe2a12592b5fa953c9862,M27,0,17.8,17.3744154127,30
301,a7efe2a12592b5fa953c9862,M28,0,16.28,16.0726082656,30
301,a7efe2a12592b5fa953c9862,M29,0,18.17,17.4306884619,30
301,a7efe2a12592b5fa953c9862,M30,0,11.14,11.2186876579,21
302,0cbfc205af64784e06b727c4,M01,3,6.84,7.50001289878,10
302,0cbfc205af64784e06b727c4,M02,3,9.17,10.1988058126,15
302,0cbfc205af64784e06b727c4,M03,3,9.35,10.235123854,21
302,0cbfc205af64784e06b727c4,M04,3,8.83,10.1347821333,21
302,0cbfc205af64784e06b727c4,M05,3,8.92,10.1263933412,21
302,0cbfc205af64784e06b727c4,M06,3,11.89,13.3655174056,21
302,0cbfc205af64784e06b727c4,M07,3,12.87,15.1581474975,30
302,0cbfc205af64784e06b727c4,M08,3,17.3,19.032576282,30
302,0cbfc205af64784e06b727c4,M09,3,16.63,18.4393158068,30
302,0cbfc205af64784e06b727c4,M10,3,18.74,19.2680803472,30
302,0cbfc205af64784e06b727c4,M11,3,18.48,18.8697218215,30
302,0cbfc205af64784e06b727c4,M12,3,24.73,25.7175297518,45
302,0cbfc205af64784e06b727c4,M13,3,24.85,25.6755951339,60
302,0cbfc205af64784e06b727c4,M14,3,22.08,24.6376357827,60
302,0cbfc205af64784e06b727c4,M15,3,24.56,25.7414554185,60
302,0cbfc205af64784e06b727c4,M16,3,53.18,56.2403654037,100
302,0cbfc205af64784e06b727c4,M17,3,6.83,7.53356827684,14
302,0cbfc205af64784e06b727c4,M18,3,9.41,10.1513777452,21
302,0cbfc205af64784e06b727c4,M19,3,5.81,8.38997235439,21
302,0cbfc205af64784e06b727c4,M20,3,8.03,11.1479765318,20
302,0cbfc205af64784e06b727c4,M21,3,5.58,8.3086583646,21
302,0cbfc205af64784e06b727c4,M22,3,12.24,18.9873626545,45
302,0cbfc205af64784e06b727c4,M23,3,11.2,17.4117552722,45
302,0cbfc205af64784e06b727c4,M24,3,11.72,19.1734046796,45
302,0cbfc205af64784e06b727c4,M25,3,13.75,13.7253595547,20
302,0cbfc205af64784e06b727c4,M26,3,12.62,13.2552033459,20
302,0cbfc205af64784e06b727c4,M27,3,16.09,17.0694132553,30
302,0cbfc205af64784e06b727c4,M28,3,14.42,15.9612876624,30
302,0cbfc205af64784e06b727c4,M29,3,15.76,16.9779770392,30
302,0cbfc205af64784e06b727c4,M30,3,9.85,10.2387829738,21
303,fa4fe83161caa77335eb59e7,M01,4,7.67,8.24358278199,10
303,fa4fe83161caa77335eb59e7,M02,4,10.6,10.8547081737,15
303,fa4fe83161caa77335eb59e7,M03,4,12.26,12.6666646023,21
303,fa4fe83161caa77335eb59e7,M04,4,11.67,12.3399578021,21
303,fa4fe83161caa77335eb59e7,M05,4,11.57,12.4018208844,21
303,fa4fe83161caa77335eb59e7,M06,4,14.43,15.2593149621,21
303,fa4fe83161caa77335eb59e7,M07,4,17.3,18.5173848565,30
303,fa4fe83161caa77335eb59e7,M08,4,21.51,22.238988236,30
303,fa4fe83161caa77335eb59e7,M09,4,20.71,21.7103599099,30
303,fa4fe83161caa77335eb59e7,M10,4,22.85,22.941608924,30
303,fa4fe83161caa77335eb59e7,M11,4,22.21,22.8340875303,30
303,fa4fe83161caa77335eb59e7,M12,4,31.83,33.3232800895,45
303,fa4fe83161caa77335eb59e7,M13,4,31.94,33.1518956853,60
303,fa4fe83161caa77335eb59e7,M14,4,29.36,32.6848428736,60
303,fa4fe83161caa77335eb59e7,M15,4,33.08,33.492364986,60
303,fa4fe83161caa77335eb59e7,M16,4,60.97,63.2864869373,100
303,fa4fe83161caa77335eb59e7,M17,4,8.46,8.54261318464,14
303,fa4fe83161caa77335eb59e7,M18,4,12.1,12.3192009188,21
303,fa4fe83161caa77335eb59e7,M19,4,9.29,10.9166154479,21
303,fa4fe83161caa77335eb59e7,M20,4,13.46,14.0186184089,20
303,fa4fe83161caa77335eb59e7,M21,4,9.9,10.8401694872,21
303,fa4fe83161caa77335eb59e7,M22,4,25.92,24.5475062219,45
303,fa4fe83161caa77335eb59e7,M23,4,20.55,22.7965231394,45
303,fa4fe83161caa77335eb59e7,M24,4,26.45,24.833911528,45
303,fa4fe83161caa77335eb59e7,M25,4,14.89,15.3229988139,20
303,fa4fe83161caa77335eb59e7,M26,4,13.89,14.782147363,20
303,fa4fe83161caa77335eb59e7,M27,4,18.55,19.6836884374,30
303,fa4fe83161caa77335eb59e7,M28,4,17.05,19.0026478426,30
303,fa4fe83161caa77335eb59e7,M29,4,18.87,19.6934318317,30
303,fa4fe83161caa77335eb59e7,M30,4,11.89,12.6617165473,21
304,18c5d30cfe53fd9b8fe0bc36,M01,0,7.71,7.69968869176,10
304,18c5d30cfe53fd9b8fe0bc36,M02,0,10.37,9.92455472394,15
304,18c5d30cfe53fd9b8fe0bc36,M03,0,11.66,10.9776210034,21
304,18c5d30cfe53fd9b8fe0bc36,M04,0,10.87,10.6166080342,21
304,18c5d30cfe53fd9b8fe0bc36,M05,0,10.78,10.6424904061,21
304,18c5d30cfe53fd9b8fe0bc36,M06,0,14.31,14.4537396559,21
304,18c5d30cfe53fd9b8fe0bc36,M07,0,16.33,15.935242609,30
304,18c5d30cfe53fd9b8fe0bc36,M08,0,20.64,20.5212692371,30
304,18c5d30cfe53fd9b8fe0bc36,M09,0,19.58,19.5919001224,30
304,18c5d30cfe53fd9b8fe0bc36,M10,0,22.03,21.3323017338,30
304,18c5d30cfe53fd9b8fe0bc36,M11,0,21.07,21.1563553032,30
304,18c5d30cfe53fd9b8fe0bc36,M12,0,30.19,30.3557396251,45
304,18c5d30cfe53fd9b8fe0bc36,M13,0,31.25,30.3717226868,60
304,18c5d30cfe53fd9b8fe0bc36,M14,0,28.26,28.3409461927,60
304,18c5d30cfe53fd9b8fe0bc36,M15,0,31.16,30.4290325752,60
304,18c5d30cfe53fd9b8fe0bc36,M16,0,60.2,58.2141476378,100
304,18c5d30cfe53fd9b8fe0bc36,M17,0,8.08,7.8049912475,14
304,18c5d30cfe53fd9b8fe0bc36,M18,0,11.4,10.6456502126,21
304,18c5d30cfe53fd9b8fe0bc36,M19,0,9.56,9.12724648491,21
304,18c5d30cfe53fd9b8fe0bc36,M20,0,11.81,11.5263049934,20
304,18c5d30cfe53fd9b8fe0bc36,M21,0,9,8.88852872567,21
304,18c5d30cfe53fd9b8fe0bc36,M22,0,22.5,22.6490609912,45
304,18c5d30cfe53fd9b8fe0bc36,M23,0,19.6,20.4736580051,45
304,18c5d30cfe53fd9b8fe0bc36,M24,0,22.77,23.0426671426,45
304,18c5d30cfe53fd9b8fe0bc36,M25,0,14.07,14.6723778963,20
304,18c5d30cfe53fd9b8fe0bc36,M26,0,12.87,13.8308230841,20
304,18c5d30cfe53fd9b8fe0bc36,M27,0,16.62,18.1161370992,30
304,18c5d30cfe53fd9b8fe0bc36,M28,0,14.88,16.6781430212,30
304,18c5d30cfe53fd9b8fe0bc36,M29,0,16.65,18.1279409266,30
304,18c5d30cfe53fd9b8fe0bc36,M30,0,10.3,10.9916819384,21
306,f295586a0be60255fdd0f3df,M01,0,7.75,7.66279520748,10
306,f295586a0be60255fdd0f3df,M02,0,10.8,10.0880657771,15
306,f295586a0be60255fdd0f3df,M03,0,12.17,11.1921433481,21
306,f295586a0be60255fdd0f3df,M04,0,11.78,11.0646483353,21
306,f295586a0be60255fdd0f3df,M05,0,11.5,11.0753646002,21
306,f295586a0be60255fdd0f3df,M06,0,14.46,13.8926803613,21
306,f295586a0be60255fdd0f3df,M07,0,17.38,16.0068735091,30
306,f295586a0be60255fdd0f3df,M08,0,21.54,20.7237672866,30
306,f295586a0be60255fdd0f3df,M09,0,20.75,19.884930469,30
306,f295586a0be60255fdd0f3df,M10,0,22.85,21.2759771976,30
306,f295586a0be60255fdd0f3df,M11,0,22.18,21.0913187235,30
306,f295586a0be60255fdd0f3df,M12,0,32.21,29.7375620873,45
306,f295586a0be60255fdd0f3df,M13,0,32.11,29.6481516887,60
306,f295586a0be60255fdd0f3df,M14,0,29.38,27.9212956247,60
306,f295586a0be60255fdd0f3df,M15,0,32.96,29.7825517471,60
306,f295586a0be60255fdd0f3df,M16,0,61.15,58.0793985169,100
306,f295586a0be60255fdd0f3df,M17,0,8.35,7.81097655739,14
306,f295586a0be60255fdd0f3df,M18,0,11.73,11.0828765375,21
306,f295586a0be60255fdd0f3df,M19,0,9.96,8.94072374858,21
306,f295586a0be60255fdd0f3df,M20,0,13.77,12.0850823129,20
306,f295586a0be60255fdd0f3df,M21,0,10.73,8.87615714996,21
306,f295586a0be60255fdd0f3df,M22,0,26.52,22.5876596854,45
306,f295586a0be60255fdd0f3df,M23,0,23.45,19.2767367812,45
306,f295586a0be60255fdd0f3df,M24,0,27.37,23.1914527652,45
306,f295586a0be60255fdd0f3df,M25,0,14.76,14.0622297908,20
306,f295586a0be60255fdd0f3df,M26,0,13.72,13.7461425713,20
306,f295586a0be60255fdd0f3df,M27,0,18.27,17.3706464462,30
306,f295586a0be60255fdd0f3df,M28,0,16.72,16.0717179218,30
306,f295586a0be60255fdd0f3df,M29,0,18.63,17.4028239399,30
306,f295586a0be60255fdd0f3df,M30,0,11.42,11.1895804909,21
307,e6de4d7bee014e4d0e9cdaa1,M01,1,7.15,7.89267523428,10
307,e6de4d7bee014e4d0e9cdaa1,M02,1,9.65,10.4398108873,15
307,e6de4d7bee014e4d0e9cdaa1,M03,1,10.21,11.6104149543,21
307,e6de4d7bee014e4d0e9cdaa1,M04,1,9.53,11.232889279,21
307,e6de4d7bee014e4d0e9cdaa1,M05,1,9.57,11.2696340057,21
307,e6de4d7bee014e4d0e9cdaa1,M06,1,12.73,14.6471623139,21
307,e6de4d7bee014e4d0e9cdaa1,M07,1,14.16,16.6619375161,30
307,e6de4d7bee014e4d0e9cdaa1,M08,1,18.58,21.054284045,30
307,e6de4d7bee014e4d0e9cdaa1,M09,1,17.62,19.975862595,30
307,e6de4d7bee014e4d0e9cdaa1,M10,1,20.03,21.7920173896,30
307,e6de4d7bee014e4d0e9cdaa1,M11,1,19.41,21.5674888825,30
307,e6de4d7bee014e4d0e9cdaa1,M12,1,26.77,30.684257933,45
307,e6de4d7bee014e4d0e9cdaa1,M13,1,26.98,30.7581726436,60
307,e6de4d7bee014e4d0e9cdaa1,M14,1,23.95,28.4156472204,60
307,e6de4d7bee014e4d0e9cdaa1,M15,1,26.96,30.8929529593,60
307,e6de4d7bee014e4d0e9cdaa1,M16,1,55.49,60.3547479563,100
307,e6de4d7bee014e4d0e9cdaa1,M17,1,7.31,8.03191356246,14
307,e6de4d7bee014e4d0e9cdaa1,M18,1,10.08,11.2957669439,21
307,e6de4d7bee014e4d0e9cdaa1,M19,1,8.23,10.1368147317,21
307,e6de4d7bee014e4d0e9cdaa1,M20,1,10.68,12.4843419113,20
307,e6de4d7bee014e4d0e9cdaa1,M21,1,7.97,9.7912081696,21
307,e6de4d7bee014e4d0e9cdaa1,M22,1,19.2,24.3234414146,45
307,e6de4d7bee014e4d0e9cdaa1,M23,1,16.59,21.4863725654,45
307,e6de4d7bee014e4d0e9cdaa1,M24,1,19.45,24.3852821586,45
307,e6de4d7bee014e4d0e9cdaa1,M25,1,14.07,14.8129753129,20
307,e6de4d7bee014e4d0e9cdaa1,M26,1,12.93,13.9491336011,20
307,e6de4d7bee014e4d0e9cdaa1,M27,1,16.68,18.219683711,30
307,e6de4d7bee014e4d0e9cdaa1,M28,1,14.97,16.900905386,30
307,e6de4d7bee014e4d0e9cdaa1,M29,1,16.48,18.2807548211,30
307,e6de4d7bee014e4d0e9cdaa1,M30,1,10.24,11.6190374874,21
309,fdc350f6670042f7c9d6d8fb,M01,0,7.56,6.82869462849,10
309,fdc350f6670042f7c9d6d8fb,M02,0,9.96,7.46792302516,15
309,fdc350f6670042f7c9d6d8fb,M03,0,10.7,7.21388366462,21
309,fdc350f6670042f7c9d6d8fb,M04,0,9.74,7.03762672912,21
309,fdc350f6670042f7c9d6d8fb,M05,0,9.85,6.93434198776,21
309,fdc350f6670042f7c9d6d8fb,M06,0,13.59,9.35819490483,21
309,fdc350f6670042f7c9d6d8fb,M07,0,14.81,9.29060961299,30
309,fdc350f6670042f7c9d6d8fb,M08,0,19.22,14.0254797639,30
309,fdc350f6670042f7c9d6d8fb,M09,0,17.88,13.7296555499,30
309,fdc350f6670042f7c9d6d8fb,M10,0,20.72,14.1473314079,30
309,fdc350f6670042f7c9d6d8fb,M11,0,19.67,13.8146316988,30
309,fdc350f6670042f7c9d6d8fb,M12,0,27.73,17.555748427,45
309,fdc350f6670042f7c9d6d8fb,M13,0,29.01,17.4615749252,60
309,fdc350f6670042f7c9d6d8fb,M14,0,25.7,17.2545169442,60
309,fdc350f6670042f7c9d6d8fb,M15,0,27.63,17.4263667799,60
309,fdc350f6670042f7c9d6d8fb,M16,0,57.77,33.7242232415,100
309,fdc350f6670042f7c9d6d8fb,M17,0,7.5,4.82562588281,14
309,fdc350f6670042f7c9d6d8fb,M18,0,10.31,7.02958391941,21
309,fdc350f6670042f7c9d6d8fb,M19,0,7.91,6.51676801348,21
309,fdc350f6670042f7c9d6d8fb,M20,0,10.31,8.28341066849,20
309,fdc350f6670042f7c9d6d8fb,M21,0,7.4,6.44651444906,21
309,fdc350f6670042f7c9d6d8fb,M22,0,17.87,11.8681693298,45
309,fdc350f6670042f7c9d6d8fb,M23,0,15.26,11.4612138637,45
309,fdc350f6670042f7c9d6d8fb,M24,0,17.84,11.9211573479,45
309,fdc350f6670042f7c9d6d8fb,M25,0,14.63,11.2893048362,20
309,fdc350f6670042f7c9d6d8fb,M26,0,13.4,10.6395643835,20
309,fdc350f6670042f7c9d6d8fb,M27,0,17.7,12.0857856159,30
309,fdc350f6670042f7c9d6d8fb,M28,0,15.82,11.6394261023,30
309,fdc350f6670042f7c9d6d8fb,M29,0,16.97,12.1210830899,30
309,fdc350f6670042f7c9d6d8fb,M30,0,10.75,7.22630925559,21
312,f6706e821cf953202aa4b547,M01,2,7.6,6.9133511321,10
312,f6706e821cf953202aa4b547,M02,2,10.35,9.06538377002,15
312,f6706e821cf953202aa4b547,M03,2,11.7,9.13100454747,21
312,f6706e821cf953202aa4b547,M04,2,10.63,9.00446079678,21
312,f6706e821cf953202aa4b547,M05,2,10.02,9.01294753881,21
312,f6706e821cf953202aa4b547,M06,2,14.16,12.6437375372,21
312,f6706e821cf953202aa4b547,M07,2,16.46,13.6773872964,30
312,f6706e821cf953202aa4b547,M08,2,20.74,16.2991909778,30
312,f6706e821cf953202aa4b547,M09,2,19.27,15.9884360744,30
312,f6706e821cf953202aa4b547,M10,2,22.1,16.6093010629,30
312,f6706e821cf953202aa4b547,M11,2,20.09,16.4455752693,30
312,f6706e821cf953202aa4b547,M12,2,30.45,24.0203808474,45
312,f6706e821cf953202aa4b547,M13,2,31.01,24.0098544337,60
312,f6706e821cf953202aa4b547,M14,2,28.3,23.1318009283,60
312,f6706e821cf953202aa4b547,M15,2,31.41,24.0222346151,60
312,f6706e821cf953202aa4b547,M16,2,59.95,54.4920887057,100
312,f6706e821cf953202aa4b547,M17,2,8.23,6.93097248353,14
312,f6706e821cf953202aa4b547,M18,2,11.75,9.01356429894,21
312,f6706e821cf953202aa4b547,M19,2,9,7.61954996429,21
312,f6706e821cf953202aa4b547,M20,2,11.65,10.4226329008,20
312,f6706e821cf953202aa4b547,M21,2,8.63,7.55716261653,21
312,f6706e821cf953202aa4b547,M22,2,21.97,15.1736169912,45
312,f6706e821cf953202aa4b547,M23,2,19.17,14.3655435869,45
312,f6706e821cf953202aa4b547,M24,2,22.37,15.2011079699,45
312,f6706e821cf953202aa4b547,M25,2,12.66,13.2836266505,20
312,f6706e821cf953202aa4b547,M26,2,11.54,12.9021358309,20
312,f6706e821cf953202aa4b547,M27,2,13.85,15.6881039373,30
312,f6706e821cf953202aa4b547,M28,2,12.27,14.8709083763,30
312,f6706e821cf953202aa4b547,M29,2,13.75,15.5927860894,30
312,f6706e821cf953202aa4b547,M30,2,8.29,9.13174026175,21
313,38f5ab75bc43f62a70b6c62f,M01,4,7.84,8.26915594831,10
313,38f5ab75bc43f62a70b6c62f,M02,4,10.8,10.9651508923,15
313,38f5ab75bc43f62a70b6c62f,M03,4,12.7,12.6963710809,21
313,38f5ab75bc43f62a70b6c62f,M04,4,12.1,12.4090441817,21
313,38f5ab75bc43f62a70b6c62f,M05,4,12.03,12.4538843506,21
313,38f5ab75bc43f62a70b6c62f,M06,4,14.9,15.3086011817,21
313,38f5ab75bc43f62a70b6c62f,M07,4,17.99,18.4960858255,30
313,38f5ab75bc43f62a70b6c62f,M08,4,22.13,22.6103114971,30
313,38f5ab75bc43f62a70b6c62f,M09,4,21.31,22.0796939193,30
313,38f5ab75bc43f62a70b6c62f,M10,4,23.42,23.3197371201,30
313,38f5ab75bc43f62a70b6c62f,M11,4,22.83,23.2531294117,30
313,38f5ab75bc43f62a70b6c62f,M12,4,32.89,33.5172450577,45
313,38f5ab75bc43f62a70b6c62f,M13,4,33.34,33.3628761775,60
313,38f5ab75bc43f62a70b6c62f,M14,4,30.81,33.023658548,60
313,38f5ab75bc43f62a70b6c62f,M15,4,34.41,33.6591951872,60
313,38f5ab75bc43f62a70b6c62f,M16,4,62.51,63.7979238206,100
313,38f5ab75bc43f62a70b6c62f,M17,4,8.68,8.57519593927,14
313,38f5ab75bc43f62a70b6c62f,M18,4,12.49,12.3709352666,21
313,38f5ab75bc43f62a70b6c62f,M19,4,9.95,11.0431855255,21
313,38f5ab75bc43f62a70b6c62f,M20,4,15.08,14.4979045507,20
313,38f5ab75bc43f62a70b6c62f,M21,4,10.86,10.9925539374,21
313,38f5ab75bc43f62a70b6c62f,M22,4,29.15,26.2056292079,45
313,38f5ab75bc43f62a70b6c62f,M23,4,22.76,24.9330956809,45
313,38f5ab75bc43f62a70b6c62f,M24,4,26.86,26.4226922435,45
313,38f5ab75bc43f62a70b6c62f,M25,4,15.16,15.3442191197,20
313,38f5ab75bc43f62a70b6c62f,M26,4,14.15,14.8839390412,20
313,38f5ab75bc43f62a70b6c62f,M27,4,19.12,19.2458399843,30
313,38f5ab75bc43f62a70b6c62f,M28,4,17.69,18.7117002324,30
313,38f5ab75bc43f62a70b6c62f,M29,4,19.39,19.2368241535,30
313,38f5ab75bc43f62a70b6c62f,M30,4,12.35,12.6914230259,21
314,ba56fb1d6cf7f9574ee506e9,M01,1,5.02,8.45807616126,10
314,ba56fb1d6cf7f9574ee506e9,M02,1,6.99,11.4440381025,15
314,ba56fb1d6cf7f9574ee506e9,M03,1,5.88,12.6541411455,21
314,ba56fb1d6cf7f9574ee506e9,M04,1,5.53,12.492219469,21
314,ba56fb1d6cf7f9574ee506e9,M05,1,5.52,12.5400469221,21
314,ba56fb1d6cf7f9574ee506e9,M06,1,7.32,15.7298029974,21
314,ba56fb1d6cf7f9574ee506e9,M07,1,7.73,19.6158447446,30
314,ba56fb1d6cf7f9574ee506e9,M08,1,11.67,22.5872055584,30
314,ba56fb1d6cf7f9574ee506e9,M09,1,11.08,22.2078227765,30
314,ba56fb1d6cf7f9574ee506e9,M10,1,12.9,23.1994700323,30
314,ba56fb1d6cf7f9574ee506e9,M11,1,12.5,23.1268722793,30
314,ba56fb1d6cf7f9574ee506e9,M12,1,15.79,34.1225279219,45
314,ba56fb1d6cf7f9574ee506e9,M13,1,14.19,34.3377702811,60
314,ba56fb1d6cf7f9574ee506e9,M14,1,12.82,34.0649273914,60
314,ba56fb1d6cf7f9574ee506e9,M15,1,13.8,34.5715633635,60
314,ba56fb1d6cf7f9574ee506e9,M16,1,35,66.9841267268,100
314,ba56fb1d6cf7f9574ee506e9,M17,1,4.34,8.74360859935,14
314,ba56fb1d6cf7f9574ee506e9,M18,1,5.92,12.3855673659,21
314,ba56fb1d6cf7f9574ee506e9,M19,1,5.02,11.8668346743,21
314,ba56fb1d6cf7f9574ee506e9,M20,1,6.62,13.9712862828,20
314,ba56fb1d6cf7f9574ee506e9,M21,1,4.83,11.6876033999,21
314,ba56fb1d6cf7f9574ee506e9,M22,1,9.74,28.1135955243,45
314,ba56fb1d6cf7f9574ee506e9,M23,1,9.14,27.9479992559,45
314,ba56fb1d6cf7f9574ee506e9,M24,1,10.5,28.2498812083,45
314,ba56fb1d6cf7f9574ee506e9,M25,1,14.91,15.5473234152,20
314,ba56fb1d6cf7f9574ee506e9,M26,1,13.6,15.218595921,20
314,ba56fb1d6cf7f9574ee506e9,M27,1,18.2,20.2293217975,30
314,ba56fb1d6cf7f9574ee506e9,M28,1,16.15,19.9061709571,30
314,ba56fb1d6cf7f9574ee506e9,M29,1,17.43,20.1531601813,30
314,ba56fb1d6cf7f9574ee506e9,M30,1,10.88,12.6517661455,21
316,7b5da74713d6434883aea4ee,M01,4,6.96,7.62686139715,10
316,7b5da74713d6434883aea4ee,M02,4,9.32,9.40776695725,15
316,7b5da74713d6434883aea4ee,M03,4,9.61,10.1300951041,21
316,7b5da74713d6434883aea4ee,M04,4,9.14,9.88476939679,21
316,7b5da74713d6434883aea4ee,M05,4,9.44,9.8887837698,21
316,7b5da74713d6434883aea4ee,M06,4,12.12,14.6193341729,21
316,7b5da74713d6434883aea4ee,M07,4,13.26,16.5230724371,30
316,7b5da74713d6434883aea4ee,M08,4,17.7,19.7011213081,30
316,7b5da74713d6434883aea4ee,M09,4,17.11,19.146689889,30
316,7b5da74713d6434883aea4ee,M10,4,19.11,20.2177225763,30
316,7b5da74713d6434883aea4ee,M11,4,19.13,20.0611266837,30
316,7b5da74713d6434883aea4ee,M12,4,25.42,29.7129967123,45
316,7b5da74713d6434883aea4ee,M13,4,25.53,29.6875684107,60
316,7b5da74713d6434883aea4ee,M14,4,22.71,28.4557556749,60
316,7b5da74713d6434883aea4ee,M15,4,25.41,29.8174635795,60
316,7b5da74713d6434883aea4ee,M16,4,53.99,60.0481945373,100
316,7b5da74713d6434883aea4ee,M17,4,6.93,7.82751109409,14
316,7b5da74713d6434883aea4ee,M18,4,9.55,9.91319949351,21
316,7b5da74713d6434883aea4ee,M19,4,6.9,9.15892860772,21
316,7b5da74713d6434883aea4ee,M20,4,8.58,12.3655454899,20
316,7b5da74713d6434883aea4ee,M21,4,6.11,8.95556863488,21
316,7b5da74713d6434883aea4ee,M22,4,13.48,23.793869731,45
316,7b5da74713d6434883aea4ee,M23,4,12.44,22.7141667364,45
316,7b5da74713d6434883aea4ee,M24,4,13.51,23.9325871944,45
316,7b5da74713d6434883aea4ee,M25,4,14.61,14.6687355403,20
316,7b5da74713d6434883aea4ee,M26,4,13.42,14.0808542701,20
316,7b5da74713d6434883aea4ee,M27,4,17.7,17.3157498509,30
316,7b5da74713d6434883aea4ee,M28,4,15.97,16.3437680852,30
316,7b5da74713d6434883aea4ee,M29,4,17.63,17.3476952909,30
316,7b5da74713d6434883aea4ee,M30,4,11.07,10.1206624274,21
317,31889a52aaae5d9d746527d9,M01,1,7.84,8.22795452338,10
317,31889a52aaae5d9d746527d9,M02,1,10.75,11.178330458,15
317,31889a52aaae5d9d746527d9,M03,1,12.71,12.6725379523,21
317,31889a52aaae5d9d746527d9,M04,1,12.01,12.443125089,21
317,31889a52aaae5d9d746527d9,M05,1,12.13,12.485819579,21
317,31889a52aaae5d9d746527d9,M06,1,15.02,15.1458257757,21
317,31889a52aaae5d9d746527d9,M07,1,17.96,18.5475026827,30
317,31889a52aaae5d9d746527d9,M08,1,22.14,21.624484973,30
317,31889a52aaae5d9d746527d9,M09,1,21.34,21.0113272364,30
317,31889a52aaae5d9d746527d9,M10,1,23.51,22.3794257248,30
317,31889a52aaae5d9d746527d9,M11,1,22.87,22.2747333881,30
317,31889a52aaae5d9d746527d9,M12,1,32.87,33.8668976986,45
317,31889a52aaae5d9d746527d9,M13,1,33.37,33.9642243589,60
317,31889a52aaae5d9d746527d9,M14,1,30.81,33.417336728,60
317,31889a52aaae5d9d746527d9,M15,1,34.52,34.1707669327,60
317,31889a52aaae5d9d746527d9,M16,1,62.51,64.1763617564,100
317,31889a52aaae5d9d746527d9,M17,1,8.87,8.42066956097,14
317,31889a52aaae5d9d746527d9,M18,1,12.44,12.3742699631,21
317,31889a52aaae5d9d746527d9,M19,1,9.81,11.315189439,21
317,31889a52aaae5d9d746527d9,M20,1,13.67,14.1284243632,20
317,31889a52aaae5d9d746527d9,M21,1,10.16,11.0731256956,21
317,31889a52aaae5d9d746527d9,M22,1,25.55,26.1761939149,45
317,31889a52aaae5d9d746527d9,M23,1,20.4,24.4444808526,45
317,31889a52aaae5d9d746527d9,M24,1,21.72,26.4547726713,45
317,31889a52aaae5d9d746527d9,M25,1,15.21,15.1061037875,20
317,31889a52aaae5d9d746527d9,M26,1,14.19,14.6727443002,20
317,31889a52aaae5d9d746527d9,M27,1,19.17,19.1556655321,30
317,31889a52aaae5d9d746527d9,M28,1,17.7,18.680037227,30
317,31889a52aaae5d9d746527d9,M29,1,19.48,19.1322383933,30
317,31889a52aaae5d9d746527d9,M30,1,12.28,12.6710847142,21
320,ef8a15c0d2220d2839b1ab33,M01,1,7.97,8.34073564925,10
320,ef8a15c0d2220d2839b1ab33,M02,1,10.96,11.5746942611,15
320,ef8a15c0d2220d2839b1ab33,M03,1,13.09,12.9799673178,21
320,ef8a15c0d2220d2839b1ab33,M04,1,12.48,12.7418441957,21
320,ef8a15c0d2220d2839b1ab33,M05,1,12.44,12.7839718605,21
320,ef8a15c0d2220d2839b1ab33,M06,1,15.3,15.616208838,21
320,ef8a15c0d2220d2839b1ab33,M07,1,18.6,19.0377634029,30
320,ef8a15c0d2220d2839b1ab33,M08,1,22.66,22.8795812076,30
320,ef8a15c0d2220d2839b1ab33,M09,1,21.84,22.5059238357,30
320,ef8a15c0d2220d2839b1ab33,M10,1,23.92,23.5330783741,30
320,ef8a15c0d2220d2839b1ab33,M11,1,23.34,23.448399237,30
320,ef8a15c0d2220d2839b1ab33,M12,1,33.83,34.5037927936,45
320,ef8a15c0d2220d2839b1ab33,M13,1,34.57,34.3905410281,60
320,ef8a15c0d2220d2839b1ab33,M14,1,32.17,34.228009196,60
320,ef8a15c0d2220d2839b1ab33,M15,1,35.54,34.5371197628,60
320,ef8a15c0d2220d2839b1ab33,M16,1,63.83,65.3093050846,100
320,ef8a15c0d2220d2839b1ab33,M17,1,8.86,8.48231552212,14
320,ef8a15c0d2220d2839b1ab33,M18,1,12.83,12.6878542378,21
320,ef8a15c0d2220d2839b1ab33,M19,1,10.6,11.7128803753,21
320,ef8a15c0d2220d2839b1ab33,M20,1,16.7,15.2499497818,20
320,ef8a15c0d2220d2839b1ab33,M21,1,11.78,11.6053557921,21
320,ef8a15c0d2220d2839b1ab33,M22,1,33.42,30.8143108257,45
320,ef8a15c0d2220d2839b1ab33,M23,1,25.19,30.5790501692,45
320,ef8a15c0d2220d2839b1ab33,M24,1,33.65,30.9184497295,45
320,ef8a15c0d2220d2839b1ab33,M25,1,15.41,15.474346697,20
320,ef8a15c0d2220d2839b1ab33,M26,1,14.4,15.2385652205,20
320,ef8a15c0d2220d2839b1ab33,M27,1,19.64,19.4401864837,30
320,ef8a15c0d2220d2839b1ab33,M28,1,18.24,19.2374948747,30
320,ef8a15c0d2220d2839b1ab33,M29,1,19.84,19.4423524915,30
320,ef8a15c0d2220d2839b1ab33,M30,1,12.77,12.9757806511,21
321,1380bc3c592cb520da597f09,M01,0,8.85,8.8469173107,10
321,1380bc3c592cb520da597f09,M02,0,11.53,12.654035901,15
321,1380bc3c592cb520da597f09,M03,0,13.96,14.5751224064,21
321,1380bc3c592cb520da597f09,M04,0,13.05,14.0255599976,21
321,1380bc3c592cb520da597f09,M05,0,13.33,14.1746917562,21
321,1380bc3c592cb520da597f09,M06,0,16.77,16.9449372297,21
321,1380bc3c592cb520da597f09,M07,0,19.83,19.9229891753,30
321,1380bc3c592cb520da597f09,M08,0,23.83,24.8346418902,30
321,1380bc3c592cb520da597f09,M09,0,22.61,23.7928275118,30
321,1380bc3c592cb520da597f09,M10,0,25.24,25.6650341806,30
321,1380bc3c592cb520da597f09,M11,0,24.52,25.5260379736,30
321,1380bc3c592cb520da597f09,M12,0,35.64,38.3439090123,45
321,1380bc3c592cb520da597f09,M13,0,37.86,38.8455507623,60
321,1380bc3c592cb520da597f09,M14,0,35.35,38.3546970424,60
321,1380bc3c592cb520da597f09,M15,0,38.02,38.8107373194,60
321,1380bc3c592cb520da597f09,M16,0,67.31,67.3132150986,100
321,1380bc3c592cb520da597f09,M17,0,9.26,9.35702282601,14
321,1380bc3c592cb520da597f09,M18,0,13.32,13.7878921333,21
321,1380bc3c592cb520da597f09,M19,0,12.75,14.4961521364,21
321,1380bc3c592cb520da597f09,M20,0,10.68,15.334933442,20
321,1380bc3c592cb520da597f09,M21,0,12.01,13.508379215,21
321,1380bc3c592cb520da597f09,M22,0,30.84,32.669842611,45
321,1380bc3c592cb520da597f09,M23,0,27.45,32.375726762,45
321,1380bc3c592cb520da597f09,M24,0,31.15,32.6149284439,45
321,1380bc3c592cb520da597f09,M25,0,16.49,16.5044103011,20
321,1380bc3c592cb520da597f09,M26,0,15.32,15.9951910889,20
321,1380bc3c592cb520da597f09,M27,0,21.41,20.4977291212,30
321,1380bc3c592cb520da597f09,M28,0,19.86,19.9120435443,30
321,1380bc3c592cb520da597f09,M29,0,21.19,20.3668789039,30
321,1380bc3c592cb520da597f09,M30,0,14.01,14.622721734,21
322,14812f6f91f22e7ecc6c321a,M01,3,6.54,4.69746629893,10
322,14812f6f91f22e7ecc6c321a,M02,3,8.91,5.6589791829,15
322,14812f6f91f22e7ecc6c321a,M03,3,8.79,4.9896232971,21
322,14812f6f91f22e7ecc6c321a,M04,3,8.08,4.87144698436,21
322,14812f6f91f22e7ecc6c321a,M05,3,8.01,4.7195449414,21
322,14812f6f91f22e7ecc6c321a,M06,3,10.99,6.40298357611,21
322,14812f6f91f22e7ecc6c321a,M07,3,12.04,6.08105081805,30
322,14812f6f91f22e7ecc6c321a,M08,3,16.53,8.14629007561,30
322,14812f6f91f22e7ecc6c321a,M09,3,15.51,7.64374569661,30
322,14812f6f91f22e7ecc6c321a,M10,3,17.9,8.3047382845,30
322,14812f6f91f22e7ecc6c321a,M11,3,17.18,7.94071587758,30
322,14812f6f91f22e7ecc6c321a,M12,3,23.47,8.77164256592,45
322,14812f6f91f22e7ecc6c321a,M13,3,22.53,8.94943007972,60
322,14812f6f91f22e7ecc6c321a,M14,3,19.55,8.17518739033,60
322,14812f6f91f22e7ecc6c321a,M15,3,22.54,9.08177559179,60
322,14812f6f91f22e7ecc6c321a,M16,3,50.5,24.0643394151,100
322,14812f6f91f22e7ecc6c321a,M17,3,6.37,3.44571713083,14
322,14812f6f91f22e7ecc6c321a,M18,3,8.73,4.92136357443,21
322,14812f6f91f22e7ecc6c321a,M19,3,5.38,4.7141408773,21
322,14812f6f91f22e7ecc6c321a,M20,3,7.74,5.86556595686,20
322,14812f6f91f22e7ecc6c321a,M21,3,5.28,4.69138230842,21
322,14812f6f91f22e7ecc6c321a,M22,3,11.66,7.72732283645,45
322,14812f6f91f22e7ecc6c321a,M23,3,10.39,7.14340817793,45
322,14812f6f91f22e7ecc6c321a,M24,3,11.4,7.83861779546,45
322,14812f6f91f22e7ecc6c321a,M25,3,13.07,8.5485833279,20
322,14812f6f91f22e7ecc6c321a,M26,3,11.89,8.0176381427,20
322,14812f6f91f22e7ecc6c321a,M27,3,14.66,8.58768105725,30
322,14812f6f91f22e7ecc6c321a,M28,3,12.93,7.74528165886,30
322,14812f6f91f22e7ecc6c321a,M29,3,14.42,8.61025724523,30
322,14812f6f91f22e7ecc6c321a,M30,3,8.82,5.09719390287,21
323,0875c4610309c2d8522eaa6d,M01,0,7.85,7.74761187075,10
323,0875c4610309c2d8522eaa6d,M02,0,10.48,9.94181290375,15
323,0875c4610309c2d8522eaa6d,M03,0,11.81,10.5082520655,21
323,0875c4610309c2d8522eaa6d,M04,0,10.91,10.3107565,21
323,0875c4610309c2d8522eaa6d,M05,0,11.11,10.3218951162,21
323,0875c4610309c2d8522eaa6d,M06,0,14.52,14.3693285702,21
323,0875c4610309c2d8522eaa6d,M07,0,16.49,16.1020750693,30
323,0875c4610309c2d8522eaa6d,M08,0,20.8,19.9223280907,30
323,0875c4610309c2d8522eaa6d,M09,0,19.58,19.2478592251,30
323,0875c4610309c2d8522eaa6d,M10,0,22.3,20.6327528548,30
323,0875c4610309c2d8522eaa6d,M11,0,21.59,20.4980412272,30
323,0875c4610309c2d8522eaa6d,M12,0,30.35,29.0795319842,45
323,0875c4610309c2d8522eaa6d,M13,0,31.5,28.9756446571,60
323,0875c4610309c2d8522eaa6d,M14,0,28.36,27.5857788925,60
323,0875c4610309c2d8522eaa6d,M15,0,31.69,29.1483113189,60
323,0875c4610309c2d8522eaa6d,M16,0,60.44,60.1074564105,100
323,0875c4610309c2d8522eaa6d,M17,0,8.12,7.86103549837,14
323,0875c4610309c2d8522eaa6d,M18,0,11.37,10.3322795037,21
323,0875c4610309c2d8522eaa6d,M19,0,9.97,9.31043560342,21
323,0875c4610309c2d8522eaa6d,M20,0,12.16,12.1156963531,20
323,0875c4610309c2d8522eaa6d,M21,0,9.38,9.16637722269,21
323,0875c4610309c2d8522eaa6d,M22,0,23.71,21.9407323307,45
323,0875c4610309c2d8522eaa6d,M23,0,20.64,19.6210394032,45
323,0875c4610309c2d8522eaa6d,M24,0,24.06,22.7114110821,45
323,0875c4610309c2d8522eaa6d,M25,0,15.15,14.5216267,20
323,0875c4610309c2d8522eaa6d,M26,0,13.96,13.861998756,20
323,0875c4610309c2d8522eaa6d,M27,0,18.78,17.9194952754,30
323,0875c4610309c2d8522eaa6d,M28,0,17.02,16.4550984783,30
323,0875c4610309c2d8522eaa6d,M29,0,18.66,17.9348576186,30
323,0875c4610309c2d8522eaa6d,M30,0,11.84,10.5168004291,21
325,b8393da9715f408e65c6f2e3,M01,0,8.1,8.4032499591,10
325,b8393da9715f408e65c6f2e3,M02,0,11.11,11.3254378957,15
325,b8393da9715f408e65c6f2e3,M03,0,13.43,12.9555303088,21
325,b8393da9715f408e65c6f2e3,M04,0,12.79,12.7358747786,21
325,b8393da9715f408e65c6f2e3,M05,0,12.8,12.7712541013,21
325,b8393da9715f408e65c6f2e3,M06,0,15.66,15.799899371,21
325,b8393da9715f408e65c6f2e3,M07,0,19.12,19.1551018965,30
325,b8393da9715f408e65c6f2e3,M08,0,23.12,23.0540892898,30
325,b8393da9715f408e65c6f2e3,M09,0,22.28,22.4890722335,30
325,b8393da9715f408e65c6f2e3,M10,0,24.35,23.9630070262,30
325,b8393da9715f408e65c6f2e3,M11,0,23.79,23.9104124618,30
325,b8393da9715f408e65c6f2e3,M12,0,34.63,35.1803995856,45
325,b8393da9715f408e65c6f2e3,M13,0,35.64,35.2134571375,60
325,b8393da9715f408e65c6f2e3,M14,0,33.33,34.789444559,60
325,b8393da9715f408e65c6f2e3,M15,0,36.52,35.369466536,60
325,b8393da9715f408e65c6f2e3,M16,0,64.96,66.3660503482,100
325,b8393da9715f408e65c6f2e3,M17,0,9.03,8.72316640661,14
325,b8393da9715f408e65c6f2e3,M18,0,13.12,12.7391599875,21
325,b8393da9715f408e65c6f2e3,M19,0,11.22,11.3285890426,21
325,b8393da9715f408e65c6f2e3,M20,0,17.89,15.2492618324,20
325,b8393da9715f408e65c6f2e3,M21,0,12.73,11.3353313082,21
325,b8393da9715f408e65c6f2e3,M22,0,37.83,30.2668384886,45
325,b8393da9715f408e65c6f2e3,M23,0,27.5,29.6981270923,45
325,b8393da9715f408e65c6f2e3,M24,0,38.24,30.2990629106,45
325,b8393da9715f408e65c6f2e3,M25,0,15.63,15.6062806068,20
325,b8393da9715f408e65c6f2e3,M26,0,14.6,15.316520383,20
325,b8393da9715f408e65c6f2e3,M27,0,20.08,19.8386222238,30
325,b8393da9715f408e65c6f2e3,M28,0,18.7,19.3183098862,30
325,b8393da9715f408e65c6f2e3,M29,0,20.23,19.8600052653,30
325,b8393da9715f408e65c6f2e3,M30,0,13.13,12.9656987789,21
326,9140024943d858a024a6c938,M01,4,7.75,7.68311756198,10
326,9140024943d858a024a6c938,M02,4,10.31,9.43555533287,15
326,9140024943d858a024a6c938,M03,4,11.54,10.1775545818,21
326,9140024943d858a024a6c938,M04,4,10.66,9.9231397027,21
326,9140024943d858a024a6c938,M05,4,10.84,9.92715407572,21
326,9140024943d858a024a6c938,M06,4,14.32,14.8753115507,21
326,9140024943d858a024a6c938,M07,4,16.17,16.5863449231,30
326,9140024943d858a024a6c938,M08,4,20.48,20.4193881368,30
326,9140024943d858a024a6c938,M09,4,19.29,19.8705605887,30
326,9140024943d858a024a6c938,M10,4,21.89,20.9969558197,30
326,9140024943d858a024a6c938,M11,4,21.07,20.8658858343,30
326,9140024943d858a024a6c938,M12,4,29.98,30.2521780544,45
326,9140024943d858a024a6c938,M13,4,31.36,30.2350208794,60
326,9140024943d858a024a6c938,M14,4,28.46,28.9742390008,60
326,9140024943d858a024a6c938,M15,4,30.72,30.3566449215,60
326,9140024943d858a024a6c938,M16,4,60.34,60.7412519241,100
326,9140024943d858a024a6c938,M17,4,7.97,7.90585794085,14
326,9140024943d858a024a6c938,M18,4,11.15,9.93082525803,21
326,9140024943d858a024a6c938,M19,4,8.72,9.23695665678,21
326,9140024943d858a024a6c938,M20,4,11.03,13.2327784192,20
326,9140024943d858a024a6c938,M21,4,8.18,8.98985148669,21
326,9140024943d858a024a6c938,M22,4,20.14,25.898587524,45
326,9140024943d858a024a6c938,M23,4,17.5,24.8757514935,45
326,9140024943d858a024a6c938,M24,4,20.22,26.0135089538,45
326,9140024943d858a024a6c938,M25,4,14.99,14.8901803928,20
326,9140024943d858a024a6c938,M26,4,13.86,14.326293591,20
326,9140024943d858a024a6c938,M27,4,18.57,17.333260909,30
326,9140024943d858a024a6c938,M28,4,16.9,16.3893793728,30
326,9140024943d858a024a6c938,M29,4,18.14,17.3489053388,30
326,9140024943d858a024a6c938,M30,4,11.6,10.168121905,21
328,f23a727fbe1c6f18cb88859c,M01,1,6.54,6.65930929831,10
328,f23a727fbe1c6f18cb88859c,M02,1,8.7,8.14339077886,15
328,f23a727fbe1c6f18cb88859c,M03,1,8.42,8.20335460594,21
328,f23a727fbe1c6f18cb88859c,M04,1,7.97,7.95186076751,21
328,f23a727fbe1c6f18cb88859c,M05,1,7.96,7.92099318185,21
328,f23a727fbe1c6f18cb88859c,M06,1,10.86,11.0807863828,21
328,f23a727fbe1c6f18cb88859c,M07,1,11.42,11.9018801498,30
328,f23a727fbe1c6f18cb88859c,M08,1,15.78,15.1623217057,30
328,f23a727fbe1c6f18cb88859c,M09,1,15.18,14.9574723894,30
328,f23a727fbe1c6f18cb88859c,M10,1,17.29,15.4665368794,30
328,f23a727fbe1c6f18cb88859c,M11,1,17,15.2666302145,30
328,f23a727fbe1c6f18cb88859c,M12,1,22.11,20.5308133802,45
328,f23a727fbe1c6f18cb88859c,M13,1,21.93,20.3521744793,60
328,f23a727fbe1c6f18cb88859c,M14,1,19.32,20.0712648441,60
328,f23a727fbe1c6f18cb88859c,M15,1,21.59,20.5041227136,60
328,f23a727fbe1c6f18cb88859c,M16,1,49.67,46.9710463752,100
328,f23a727fbe1c6f18cb88859c,M17,1,6.34,6.40037424826,14
328,f23a727fbe1c6f18cb88859c,M18,1,8.54,7.98886726297,21
328,f23a727fbe1c6f18cb88859c,M19,1,5.51,5.96731078105,21
328,f23a727fbe1c6f18cb88859c,M20,1,7.68,8.52662321081,20
328,f23a727fbe1c6f18cb88859c,M21,1,5.35,5.883004387,21
328,f23a727fbe1c6f18cb88859c,M22,1,11.56,12.6340556856,45
328,f23a727fbe1c6f18cb88859c,M23,1,10.65,12.1099241122,45
328,f23a727fbe1c6f18cb88859c,M24,1,11.16,12.6044846167,45
328,f23a727fbe1c6f18cb88859c,M25,1,13.62,12.8134166752,20
328,f23a727fbe1c6f18cb88859c,M26,1,12.43,12.4579073369,20
328,f23a727fbe1c6f18cb88859c,M27,1,15.73,14.5892793689,30
328,f23a727fbe1c6f18cb88859c,M28,1,13.93,13.8883016242,30
328,f23a727fbe1c6f18cb88859c,M29,1,15.04,14.5469957408,30
328,f23a727fbe1c6f18cb88859c,M30,1,9.25,8.2207881918,21
330,941763538c16ab57ad9d0f47,M01,4,5.56,6.74972169125,10
330,941763538c16ab57ad9d0f47,M02,4,7.49,8.662768416,15
330,941763538c16ab57ad9d0f47,M03,4,6.54,8.61389918698,21
330,941763538c16ab57ad9d0f47,M04,4,6.35,8.27420501876,21
330,941763538c16ab57ad9d0f47,M05,4,6.3,8.22565108063,21
330,941763538c16ab57ad9d0f47,M06,4,8.44,11.4103764287,21
330,941763538c16ab57ad9d0f47,M07,4,8.67,12.2001207626,30
330,941763538c16ab57ad9d0f47,M08,4,12.67,16.3418677247,30
330,941763538c16ab57ad9d0f47,M09,4,12.47,15.9847269031,30
330,941763538c16ab57ad9d0f47,M10,4,14.1,16.9328698528,30
330,941763538c16ab57ad9d0f47,M11,4,14.08,16.7752306419,30
330,941763538c16ab57ad9d0f47,M12,4,17.14,22.0538412246,45
330,941763538c16ab57ad9d0f47,M13,4,16.12,21.681856157,60
330,941763538c16ab57ad9d0f47,M14,4,14.14,21.0620045744,60
330,941763538c16ab57ad9d0f47,M15,4,15.83,22.0009144542,60
330,941763538c16ab57ad9d0f47,M16,4,38.91,50.4200110951,100
330,941763538c16ab57ad9d0f47,M17,4,5.13,6.44882810976,14
330,941763538c16ab57ad9d0f47,M18,4,6.89,8.39586645737,21
330,941763538c16ab57ad9d0f47,M19,4,4.91,6.03034507293,21
330,941763538c16ab57ad9d0f47,M20,4,6.51,9.13179568755,20
330,941763538c16ab57ad9d0f47,M21,4,4.82,5.94444549207,21
330,941763538c16ab57ad9d0f47,M22,4,9.57,12.6415612548,45
330,941763538c16ab57ad9d0f47,M23,4,8.75,12.0579457788,45
330,941763538c16ab57ad9d0f47,M24,4,9.67,12.6539968845,45
330,941763538c16ab57ad9d0f47,M25,4,13.46,12.8677274894,20
330,941763538c16ab57ad9d0f47,M26,4,12.34,12.4788478115,20
330,941763538c16ab57ad9d0f47,M27,4,15.67,14.2917243151,30
330,941763538c16ab57ad9d0f47,M28,4,13.9,13.3818052594,30
330,941763538c16ab57ad9d0f47,M29,4,14.58,14.2477632212,30
330,941763538c16ab57ad9d0f47,M30,4,8.88,8.67742633816,21
331,acb7f133587b4d087f763ec9,M01,1,8.98,8.2674964623,10
331,acb7f133587b4d087f763ec9,M02,1,12.49,11.6720716079,15
331,acb7f133587b4d087f763ec9,M03,1,15.08,12.6865350569,21
331,acb7f133587b4d087f763ec9,M04,1,13.74,12.4396560782,21
331,acb7f133587b4d087f763ec9,M05,1,14.12,12.4901335821,21
331,acb7f133587b4d087f763ec9,M06,1,18.93,15.7928046157,21
331,acb7f133587b4d087f763ec9,M07,1,21.43,19.7098018251,30
331,acb7f133587b4d087f763ec9,M08,1,25.43,21.5987358677,30
331,acb7f133587b4d087f763ec9,M09,1,23.34,21.0670196836,30
331,acb7f133587b4d087f763ec9,M10,1,26.93,22.1883365873,30
331,acb7f133587b4d087f763ec9,M11,1,25.8,22.0854792938,30
331,acb7f133587b4d087f763ec9,M12,1,36.72,36.1089830252,45
331,acb7f133587b4d087f763ec9,M13,1,38.35,36.2975125455,60
331,acb7f133587b4d087f763ec9,M14,1,35.83,35.9448147518,60
331,acb7f133587b4d087f763ec9,M15,1,37.64,36.4502327396,60
331,acb7f133587b4d087f763ec9,M16,1,67.88,65.1943719622,100
331,acb7f133587b4d087f763ec9,M17,1,10.21,8.51895749157,14
331,acb7f133587b4d087f763ec9,M18,1,13.95,12.3425008907,21
331,acb7f133587b4d087f763ec9,M19,1,15.64,11.8825022248,21
331,acb7f133587b4d087f763ec9,M20,1,14.56,13.8434184692,20
331,acb7f133587b4d087f763ec9,M21,1,13.39,11.6974796936,21
331,acb7f133587b4d087f763ec9,M22,1,31.47,26.3998295134,45
331,acb7f133587b4d087f763ec9,M23,1,27.73,25.1493964856,45
331,acb7f133587b4d087f763ec9,M24,1,31.16,26.6933091456,45
331,acb7f133587b4d087f763ec9,M25,1,15.85,15.7330921144,20
331,acb7f133587b4d087f763ec9,M26,1,14.72,15.3753860965,20
331,acb7f133587b4d087f763ec9,M27,1,20.27,20.4736809286,30
331,acb7f133587b4d087f763ec9,M28,1,18.72,20.1937196988,30
331,acb7f133587b4d087f763ec9,M29,1,19.94,20.4749784578,30
331,acb7f133587b4d087f763ec9,M30,1,15.28,12.6953270484,21
332,a8fee72d826a954e87bca6f7,M01,3,8.37,8.18697944832,10
332,a8fee72d826a954e87bca6f7,M02,3,11.52,11.4663809945,15
332,a8fee72d826a954e87bca6f7,M03,3,13.86,13.1237674334,21
332,a8fee72d826a954e87bca6f7,M04,3,12.83,12.9848036884,21
332,a8fee72d826a954e87bca6f7,M05,3,13.15,13.0036484277,21
332,a8fee72d826a954e87bca6f7,M06,3,16.71,15.5949646299,21
332,a8fee72d826a954e87bca6f7,M07,3,19.45,18.8909479785,30
332,a8fee72d826a954e87bca6f7,M08,3,23.63,22.9495989982,30
332,a8fee72d826a954e87bca6f7,M09,3,22.43,22.5541202803,30
332,a8fee72d826a954e87bca6f7,M10,3,25.15,23.6384013657,30
332,a8fee72d826a954e87bca6f7,M11,3,24.52,23.5577093893,30
332,a8fee72d826a954e87bca6f7,M12,3,35.96,34.6109763795,45
332,a8fee72d826a954e87bca6f7,M13,3,37.38,34.569667657,60
332,a8fee72d826a954e87bca6f7,M14,3,35.22,34.2528737491,60
332,a8fee72d826a954e87bca6f7,M15,3,38.07,34.6942707414,60
332,a8fee72d826a954e87bca6f7,M16,3,66.88,63.6768393419,100
332,a8fee72d826a954e87bca6f7,M17,3,8.92,8.483602071,14
332,a8fee72d826a954e87bca6f7,M18,3,13.12,12.8986672873,21
332,a8fee72d826a954e87bca6f7,M19,3,12.34,11.7026042224,21
332,a8fee72d826a954e87bca6f7,M20,3,14.69,15.3150304891,20
332,a8fee72d826a954e87bca6f7,M21,3,14.25,11.5242395511,21
332,a8fee72d826a954e87bca6f7,M22,3,29.4,31.4438679272,45
332,a8fee72d826a954e87bca6f7,M23,3,33.45,30.7156587956,45
332,a8fee72d826a954e87bca6f7,M24,3,30.56,31.4579362771,45
332,a8fee72d826a954e87bca6f7,M25,3,16,15.5544308458,20
332,a8fee72d826a954e87bca6f7,M26,3,14.98,15.4251043408,20
332,a8fee72d826a954e87bca6f7,M27,3,20.81,19.824327177,30
332,a8fee72d826a954e87bca6f7,M28,3,19.48,19.3629240406,30
332,a8fee72d826a954e87bca6f7,M29,3,20.83,19.8300280903,30
332,a8fee72d826a954e87bca6f7,M30,3,13.53,13.1143107869,21
333,14b53177e66a60df70f283c4,M01,3,7.04,6.54656749328,10
333,14b53177e66a60df70f283c4,M02,3,9.76,8.31017242829,15
333,14b53177e66a60df70f283c4,M03,3,10.47,8.32106831981,21
333,14b53177e66a60df70f283c4,M04,3,9.98,7.8363261413,21
333,14b53177e66a60df70f283c4,M05,3,9.28,7.75164431814,21
333,14b53177e66a60df70f283c4,M06,3,12.62,10.3915408054,21
333,14b53177e66a60df70f283c4,M07,3,14.59,11.1157285265,30
333,14b53177e66a60df70f283c4,M08,3,19.01,15.576586548,30
333,14b53177e66a60df70f283c4,M09,3,18.08,15.1375735856,30
333,14b53177e66a60df70f283c4,M10,3,20.34,16.0618618244,30
333,14b53177e66a60df70f283c4,M11,3,19.03,15.8174956403,30
333,14b53177e66a60df70f283c4,M12,3,27.6,19.8752619909,45
333,14b53177e66a60df70f283c4,M13,3,27,19.6551697066,60
333,14b53177e66a60df70f283c4,M14,3,24.22,19.4437520662,60
333,14b53177e66a60df70f283c4,M15,3,27.64,19.8636603242,60
333,14b53177e66a60df70f283c4,M16,3,55.63,47.7385852167,100
333,14b53177e66a60df70f283c4,M17,3,7.56,6.19884102308,14
333,14b53177e66a60df70f283c4,M18,3,10.68,7.88120426359,21
333,14b53177e66a60df70f283c4,M19,3,5.89,6.00077063253,21
333,14b53177e66a60df70f283c4,M20,3,8.99,8.95819958409,20
333,14b53177e66a60df70f283c4,M21,3,6.18,5.90067390037,21
333,14b53177e66a60df70f283c4,M22,3,14.19,12.9775815066,45
333,14b53177e66a60df70f283c4,M23,3,12.59,12.3295463481,45
333,14b53177e66a60df70f283c4,M24,3,14.09,12.972206646,45
333,14b53177e66a60df70f283c4,M25,3,12.75,12.695490221,20
333,14b53177e66a60df70f283c4,M26,3,11.62,12.2452431272,20
333,14b53177e66a60df70f283c4,M27,3,13.97,14.7320378501,30
333,14b53177e66a60df70f283c4,M28,3,12.4,13.6700319559,30
333,14b53177e66a60df70f283c4,M29,3,13.86,14.6649370533,30
333,14b53177e66a60df70f283c4,M30,3,8.38,8.3688342531,21
336,9a7a2dc286dfaeb87974f4bc,M01,4,5.79,6.30491187837,10
336,9a7a2dc286dfaeb87974f4bc,M02,4,7.86,9.00304969988,15
336,9a7a2dc286dfaeb87974f4bc,M03,4,7.1,8.9924688186,21
336,9a7a2dc286dfaeb87974f4bc,M04,4,6.84,8.94424356556,21
336,9a7a2dc286dfaeb87974f4bc,M05,4,6.89,8.9505442241,21
336,9a7a2dc286dfaeb87974f4bc,M06,4,9.15,11.4824171526,21
336,9a7a2dc286dfaeb87974f4bc,M07,4,9.55,12.3642752055,30
336,9a7a2dc286dfaeb87974f4bc,M08,4,13.9,16.8692889163,30
336,9a7a2dc286dfaeb87974f4bc,M09,4,13.61,16.4109744336,30
336,9a7a2dc286dfaeb87974f4bc,M10,4,15.24,17.0953599464,30
336,9a7a2dc286dfaeb87974f4bc,M11,4,15.22,16.8202895585,30
336,9a7a2dc286dfaeb87974f4bc,M12,4,19.35,22.6333323343,45
336,9a7a2dc286dfaeb87974f4bc,M13,4,18.28,22.5602685999,60
336,9a7a2dc286dfaeb87974f4bc,M14,4,16.47,21.8443839376,60
336,9a7a2dc286dfaeb87974f4bc,M15,4,17.8,22.6512403343,60
336,9a7a2dc286dfaeb87974f4bc,M16,4,45,50.9842194078,100
336,9a7a2dc286dfaeb87974f4bc,M17,4,5.57,6.2839072016,14
336,9a7a2dc286dfaeb87974f4bc,M18,4,7.42,8.9643696485,21
336,9a7a2dc286dfaeb87974f4bc,M19,4,5.12,6.95309187983,21
336,9a7a2dc286dfaeb87974f4bc,M20,4,7.09,9.42301303597,20
336,9a7a2dc286dfaeb87974f4bc,M21,4,5.03,6.90624872687,21
336,9a7a2dc286dfaeb87974f4bc,M22,4,10.55,16.2919241846,45
336,9a7a2dc286dfaeb87974f4bc,M23,4,9.98,15.2358625164,45
336,9a7a2dc286dfaeb87974f4bc,M24,4,10.5,16.3727262882,45
336,9a7a2dc286dfaeb87974f4bc,M25,4,13.57,11.6726016893,20
336,9a7a2dc286dfaeb87974f4bc,M26,4,12.54,11.478351761,20
336,9a7a2dc286dfaeb87974f4bc,M27,4,15.91,13.7135069197,30
336,9a7a2dc286dfaeb87974f4bc,M28,4,14.36,13.0699072918,30
336,9a7a2dc286dfaeb87974f4bc,M29,4,15.31,13.6617916494,30
336,9a7a2dc286dfaeb87974f4bc,M30,4,9.32,8.98223244742,21
337,7774acbf550d6a1275a6d824,M01,3,8.7,8.20657861293,10
337,7774acbf550d6a1275a6d824,M02,3,11.67,11.9227826169,15
337,7774acbf550d6a1275a6d824,M03,3,14.42,13.5435666859,21
337,7774acbf550d6a1275a6d824,M04,3,13.21,13.3776051208,21
337,7774acbf550d6a1275a6d824,M05,3,13.67,13.3827656963,21
337,7774acbf550d6a1275a6d824,M06,3,17.25,15.9805846741,21
337,7774acbf550d6a1275a6d824,M07,3,20.32,19.1669927871,30
337,7774acbf550d6a1275a6d824,M08,3,24.17,23.795450091,30
337,7774acbf550d6a1275a6d824,M09,3,23.01,23.1854955404,30
337,7774acbf550d6a1275a6d824,M10,3,25.74,24.5613888218,30
337,7774acbf550d6a1275a6d824,M11,3,25.14,24.4759863561,30
337,7774acbf550d6a1275a6d824,M12,3,37.13,36.870851852,45
337,7774acbf550d6a1275a6d824,M13,3,38.8,36.9810531922,60
337,7774acbf550d6a1275a6d824,M14,3,36.75,36.779080106,60
337,7774acbf550d6a1275a6d824,M15,3,39.24,37.0272313885,60
337,7774acbf550d6a1275a6d824,M16,3,68.44,63.7465444527,100
337,7774acbf550d6a1275a6d824,M17,3,8.87,8.59577606403,14
337,7774acbf550d6a1275a6d824,M18,3,13.53,13.2224899577,21
337,7774acbf550d6a1275a6d824,M19,3,13.24,12.3992878628,21
337,7774acbf550d6a1275a6d824,M20,3,15.19,15.505225318,20
337,7774acbf550d6a1275a6d824,M21,3,11.78,12.1149758196,21
337,7774acbf550d6a1275a6d824,M22,3,30.57,31.9956270667,45
337,7774acbf550d6a1275a6d824,M23,3,34.81,31.5884284449,45
337,7774acbf550d6a1275a6d824,M24,3,31.27,31.9505260816,45
337,7774acbf550d6a1275a6d824,M25,3,16.34,15.8601838822,20
337,7774acbf550d6a1275a6d824,M26,3,15.32,15.7002909037,20
337,7774acbf550d6a1275a6d824,M27,3,21.46,20.056405723,30
337,7774acbf550d6a1275a6d824,M28,3,20.12,19.664547138,30
337,7774acbf550d6a1275a6d824,M29,3,21.3,20.0771137196,30
337,7774acbf550d6a1275a6d824,M30,3,13.08,13.5447355157,21
338,670fa9eb64d871d2ddb202e3,M01,2,6.41,7.20614157663,10
338,670fa9eb64d871d2ddb202e3,M02,2,8.6,9.16134397667,15
338,670fa9eb64d871d2ddb202e3,M03,2,8.32,9.22665143166,21
338,670fa9eb64d871d2ddb202e3,M04,2,7.81,8.99645684261,21
338,670fa9eb64d871d2ddb202e3,M05,2,7.99,8.88932971046,21
338,670fa9eb64d871d2ddb202e3,M06,2,10.73,11.4879941557,21
338,670fa9eb64d871d2ddb202e3,M07,2,11.39,12.4262333132,30
338,670fa9eb64d871d2ddb202e3,M08,2,15.85,17.4196441483,30
338,670fa9eb64d871d2ddb202e3,M09,2,15.16,17.0706180075,30
338,670fa9eb64d871d2ddb202e3,M10,2,17.21,17.8029514179,30
338,670fa9eb64d871d2ddb202e3,M11,2,16.92,17.5743992326,30
338,670fa9eb64d871d2ddb202e3,M12,2,22.28,24.6122233183,45
338,670fa9eb64d871d2ddb202e3,M13,2,22.06,24.3299160822,60
338,670fa9eb64d871d2ddb202e3,M14,2,19.62,24.0693044432,60
338,670fa9eb64d871d2ddb202e3,M15,2,21.33,24.648613985,60
338,670fa9eb64d871d2ddb202e3,M16,2,50.1,49.3054348162,100
338,670fa9eb64d871d2ddb202e3,M17,2,6.24,6.94039010364,14
338,670fa9eb64d871d2ddb202e3,M18,2,8.37,8.8991936585,21
338,670fa9eb64d871d2ddb202e3,M19,2,5.66,6.41971476339,21
338,670fa9eb64d871d2ddb202e3,M20,2,7.96,9.173147417,20
338,670fa9eb64d871d2ddb202e3,M21,2,5.45,6.37407682766,21
338,670fa9eb64d871d2ddb202e3,M22,2,12.06,14.0864624395,45
338,670fa9eb64d871d2ddb202e3,M23,2,11.07,13.4625538564,45
338,670fa9eb64d871d2ddb202e3,M24,2,11.47,14.0660022997,45
338,670fa9eb64d871d2ddb202e3,M25,2,14.16,13.2033921741,20
338,670fa9eb64d871d2ddb202e3,M26,2,13,12.8223842467,20
338,670fa9eb64d871d2ddb202e3,M27,2,16.95,15.4243724697,30
338,670fa9eb64d871d2ddb202e3,M28,2,15.24,14.6102029281,30
338,670fa9eb64d871d2ddb202e3,M29,2,16.48,15.4381344637,30
338,670fa9eb64d871d2ddb202e3,M30,2,10.21,9.22261492816,21
339,93316b96717ed8f0b461c8fc,M01,2,9.32,8.89431208704,10
339,93316b96717ed8f0b461c8fc,M02,2,11.81,12.3554948071,15
339,93316b96717ed8f0b461c8fc,M03,2,14.34,14.0937831567,21
339,93316b96717ed8f0b461c8fc,M04,2,13.34,13.6011322668,21
339,93316b96717ed8f0b461c8fc,M05,2,13.67,13.6497356754,21
339,93316b96717ed8f0b461c8fc,M06,2,17.36,16.697741417,21
339,93316b96717ed8f0b461c8fc,M07,2,20.41,19.6968738944,30
339,93316b96717ed8f0b461c8fc,M08,2,24.37,24.3391710861,30
339,93316b96717ed8f0b461c8fc,M09,2,23.14,23.6504069422,30
339,93316b96717ed8f0b461c8fc,M10,2,25.79,25.1711625037,30
339,93316b96717ed8f0b461c8fc,M11,2,25,25.0335419395,30
339,93316b96717ed8f0b461c8fc,M12,2,36.48,37.5893409218,45
339,93316b96717ed8f0b461c8fc,M13,2,39.32,38.113918296,60
339,93316b96717ed8f0b461c8fc,M14,2,36.79,37.3207012567,60
339,93316b96717ed8f0b461c8fc,M15,2,39.1,38.2292842188,60
339,93316b96717ed8f0b461c8fc,M16,2,68.91,66.1257759114,100
339,93316b96717ed8f0b461c8fc,M17,2,9.47,9.04910384236,14
339,93316b96717ed8f0b461c8fc,M18,2,13.57,13.4995907361,21
339,93316b96717ed8f0b461c8fc,M19,2,13.37,13.4042361535,21
339,93316b96717ed8f0b461c8fc,M20,2,14.87,14.3938357418,20
339,93316b96717ed8f0b461c8fc,M21,2,12.22,12.8810928016,21
339,93316b96717ed8f0b461c8fc,M22,2,32.95,33.0677597477,45
339,93316b96717ed8f0b461c8fc,M23,2,29.86,32.6167085329,45
339,93316b96717ed8f0b461c8fc,M24,2,33.15,33.0816449743,45
339,93316b96717ed8f0b461c8fc,M25,2,17.03,16.4443323493,20
339,93316b96717ed8f0b461c8fc,M26,2,15.72,15.6917498974,20
339,93316b96717ed8f0b461c8fc,M27,2,22.11,20.7212003763,30
339,93316b96717ed8f0b461c8fc,M28,2,20.51,20.0981011248,30
339,93316b96717ed8f0b461c8fc,M29,2,21.63,20.6840728229,30
339,93316b96717ed8f0b461c8fc,M30,2,14.39,14.1192784933,21
340,252e47c2ee331e80cc378cb2,M01,1,9.64,6.92646482259,10
340,252e47c2ee331e80cc378cb2,M02,1,12.68,8.86333808576,15
340,252e47c2ee331e80cc378cb2,M03,1,15.13,8.97142302166,21
340,252e47c2ee331e80cc378cb2,M04,1,14.16,8.78845730627,21
340,252e47c2ee331e80cc378cb2,M05,1,14.35,8.74994683596,21
340,252e47c2ee331e80cc378cb2,M06,1,19.17,11.5704260265,21
340,252e47c2ee331e80cc378cb2,M07,1,21.63,12.5372494852,30
340,252e47c2ee331e80cc378cb2,M08,1,24.32,16.475041978,30
340,252e47c2ee331e80cc378cb2,M09,1,24.13,16.1522626903,30
340,252e47c2ee331e80cc378cb2,M10,1,26.84,16.8738598469,30
340,252e47c2ee331e80cc378cb2,M11,1,25.97,16.6051449903,30
340,252e47c2ee331e80cc378cb2,M12,1,39.23,23.5017626363,45
340,252e47c2ee331e80cc378cb2,M13,1,42.86,23.303196322,60
340,252e47c2ee331e80cc378cb2,M14,1,40.69,22.8412226553,60
340,252e47c2ee331e80cc378cb2,M15,1,40.83,23.4674001839,60
340,252e47c2ee331e80cc378cb2,M16,1,72.65,47.0743975745,100
340,252e47c2ee331e80cc378cb2,M17,1,9.88,6.61317866453,14
340,252e47c2ee331e80cc378cb2,M18,1,14.13,8.72457075682,21
340,252e47c2ee331e80cc378cb2,M19,1,14.54,6.41152710879,21
340,252e47c2ee331e80cc378cb2,M20,1,17.21,8.70162583302,20
340,252e47c2ee331e80cc378cb2,M21,1,14.38,6.28843999774,21
340,252e47c2ee331e80cc378cb2,M22,1,39.38,13.3200550518,45
340,252e47c2ee331e80cc378cb2,M23,1,34.68,12.6101272967,45
340,252e47c2ee331e80cc378cb2,M24,1,37.81,13.275668907,45
340,252e47c2ee331e80cc378cb2,M25,1,19.07,13.2266215334,20
340,252e47c2ee331e80cc378cb2,M26,1,17.16,12.863806858,20
340,252e47c2ee331e80cc378cb2,M27,1,24.4,15.1405392239,30
340,252e47c2ee331e80cc378cb2,M28,1,22.49,14.3454100087,30
340,252e47c2ee331e80cc378cb2,M29,1,22.39,15.1347499793,30
340,252e47c2ee331e80cc378cb2,M30,1,15.24,8.97969930373,21
341,fd86179619e5229f724d31d3,M01,2,4.2,8.80315487111,10
341,fd86179619e5229f724d31d3,M02,2,5.62,11.0309617025,15
341,fd86179619e5229f724d31d3,M03,2,5.03,11.0275268014,21
341,fd86179619e5229f724d31d3,M04,2,4.86,11.0014279622,21
341,fd86179619e5229f724d31d3,M05,2,4.58,11.0039382002,21
341,fd86179619e5229f724d31d3,M06,2,6.47,12.6399968227,21
341,fd86179619e5229f724d31d3,M07,2,6.11,14.9291769962,30
341,fd86179619e5229f724d31d3,M08,2,7.75,19.3980719679,30
341,fd86179619e5229f724d31d3,M09,2,6.88,19.2207705135,30
341,fd86179619e5229f724d31d3,M10,2,8.73,19.5759125013,30
341,fd86179619e5229f724d31d3,M11,2,8.42,19.4912116153,30
341,fd86179619e5229f724d31d3,M12,2,8.76,24.0318517981,45
341,fd86179619e5229f724d31d3,M13,2,9.48,23.9966623732,60
341,fd86179619e5229f724d31d3,M14,2,7.85,23.2505748869,60
341,fd86179619e5229f724d31d3,M15,2,8.95,24.0189964749,60
341,fd86179619e5229f724d31d3,M16,2,19.62,53.339832411,100
341,fd86179619e5229f724d31d3,M17,2,2.89,8.79149454876,14
341,fd86179619e5229f724d31d3,M18,2,5.14,10.9915519094,21
341,fd86179619e5229f724d31d3,M19,2,4.27,9.76681394534,21
341,fd86179619e5229f724d31d3,M20,2,5.35,10.3157755332,20
341,fd86179619e5229f724d31d3,M21,2,4.37,9.76681394534,21
341,fd86179619e5229f724d31d3,M22,2,7.3,18.3328928345,45
341,fd86179619e5229f724d31d3,M23,2,6.29,17.8633280407,45
341,fd86179619e5229f724d31d3,M24,2,6.95,18.2521963779,45
341,fd86179619e5229f724d31d3,M25,2,8.2,13.4250900959,20
341,fd86179619e5229f724d31d3,M26,2,6.98,13.1254927185,20
341,fd86179619e5229f724d31d3,M27,2,7.86,19.1404207009,30
341,fd86179619e5229f724d31d3,M28,2,6.89,18.5361786987,30
341,fd86179619e5229f724d31d3,M29,2,7.36,19.1026753175,30
341,fd86179619e5229f724d31d3,M30,2,5.03,11.0251525157,21
342,6b29c617174b313bf63cc277,M01,2,3.81,7.32389721046,10
342,6b29c617174b313bf63cc277,M02,2,4.94,8.14474368007,15
342,6b29c617174b313bf63cc277,M03,2,4.28,8.26280323302,21
342,6b29c617174b313bf63cc277,M04,2,4.21,8.09404841784,21
342,6b29c617174b313bf63cc277,M05,2,4.06,8.04347781296,21
342,6b29c617174b313bf63cc277,M06,2,5.57,10.3205675493,21
342,6b29c617174b313bf63cc277,M07,2,5.05,10.7941089012,30
342,6b29c617174b313bf63cc277,M08,2,6.39,16.2152687946,30
342,6b29c617174b313bf63cc277,M09,2,5.92,16.0444942658,30
342,6b29c617174b313bf63cc277,M10,2,7.47,16.3260937726,30
342,6b29c617174b313bf63cc277,M11,2,6.86,16.1675941951,30
342,6b29c617174b313bf63cc277,M12,2,7.5,20.6538232551,45
342,6b29c617174b313bf63cc277,M13,2,7.22,20.622618694,60
342,6b29c617174b313bf63cc277,M14,2,5.86,20.4105415677,60
342,6b29c617174b313bf63cc277,M15,2,6.67,20.5544788753,60
342,6b29c617174b313bf63cc277,M16,2,12.97,36.0849087945,100
342,6b29c617174b313bf63cc277,M17,2,2.32,6.57965495798,14
342,6b29c617174b313bf63cc277,M18,2,4.62,7.88435931485,21
342,6b29c617174b313bf63cc277,M19,2,4.12,6.67675954658,21
342,6b29c617174b313bf63cc277,M20,2,4.76,9.34622411918,20
342,6b29c617174b313bf63cc277,M21,2,4.16,6.63155841043,21
342,6b29c617174b313bf63cc277,M22,2,6.55,13.3153699259,45
342,6b29c617174b313bf63cc277,M23,2,5.67,13.0925548866,45
342,6b29c617174b313bf63cc277,M24,2,6.1,13.4080168454,45
342,6b29c617174b313bf63cc277,M25,2,7.65,11.2814065986,20
342,6b29c617174b313bf63cc277,M26,2,6.62,11.0124289451,20
342,6b29c617174b313bf63cc277,M27,2,7.57,13.6177769354,30
342,6b29c617174b313bf63cc277,M28,2,6.58,13.3533407676,30
342,6b29c617174b313bf63cc277,M29,2,7.1,13.7085378071,30
342,6b29c617174b313bf63cc277,M30,2,4.94,8.25618511502,21
