compound_id,compound_group,method_id,cv_fold,rt_min,prediction_min,run_time_min
1,63590c74120e85ecd05c0c08,M01,0,1.27,2.85532,10
1,63590c74120e85ecd05c0c08,M02,0,0.92,2.51508,15
1,63590c74120e85ecd05c0c08,M03,0,1.36,2.93908,21
1,63590c74120e85ecd05c0c08,M04,0,1.38,2.69448,21
1,63590c74120e85ecd05c0c08,M05,0,1.31,2.61308,21
1,63590c74120e85ecd05c0c08,M06,0,1.4,3.42652,21
1,63590c74120e85ecd05c0c08,M07,0,1.37,3.2146,30
1,63590c74120e85ecd05c0c08,M08,0,0.91,2.86636,30
1,63590c74120e85ecd05c0c08,M09,0,0.93,2.47536,30
1,63590c74120e85ecd05c0c08,M10,0,1.35,3.48688,30
1,63590c74120e85ecd05c0c08,M11,0,1.33,3.18408,30
1,63590c74120e85ecd05c0c08,M12,0,0.94,3.08328,45
1,63590c74120e85ecd05c0c08,M13,0,1.27,3.82184,60
1,63590c74120e85ecd05c0c08,M14,0,0.75,2.80848,60
1,63590c74120e85ecd05c0c08,M15,0,1.6,4.34952,60
1,63590c74120e85ecd05c0c08,M16,0,1.25,5.52312,100
1,63590c74120e85ecd05c0c08,M17,0,0.92,1.96708,14
1,63590c74120e85ecd05c0c08,M18,0,1.44,3.11664,21
1,63590c74120e85ecd05c0c08,M19,0,1.37,3.00064,21
1,63590c74120e85ecd05c0c08,M20,0,0.63,2.89936,20
1,63590c74120e85ecd05c0c08,M21,0,1.41,3.06648,21
1,63590c74120e85ecd05c0c08,M22,0,1.21,3.84352,45
1,63590c74120e85ecd05c0c08,M23,0,0.75,2.70592,45
1,63590c74120e85ecd05c0c08,M24,0,1.56,4.2964,45
1,63590c74120e85ecd05c0c08,M25,0,1.3,3.81224,20
1,63590c74120e85ecd05c0c08,M26,0,0.78,3.01736,20
1,63590c74120e85ecd05c0c08,M27,0,1.29,4.14592,30
1,63590c74120e85ecd05c0c08,M28,0,0.78,3.0482,30
1,63590c74120e85ecd05c0c08,M29,0,1.67,4.52372,30
1,63590c74120e85ecd05c0c08,M30,0,1.35,3.04,21
2,73c4545b8949e668c76a03b2,M01,0,1.41,3.06608,10
2,73c4545b8949e668c76a03b2,M02,0,1.03,2.78276,15
2,73c4545b8949e668c76a03b2,M03,0,1.57,3.16712,21
2,73c4545b8949e668c76a03b2,M04,0,1.44,2.88744,21
2,73c4545b8949e668c76a03b2,M05,0,1.32,2.81268,21
2,73c4545b8949e668c76a03b2,M06,0,1.66,3.80832,21
2,73c4545b8949e668c76a03b2,M07,0,1.58,3.5868,30
2,73c4545b8949e668c76a03b2,M08,0,1.05,3.0928,30
2,73c4545b8949e668c76a03b2,M09,0,0.98,2.67852,30
2,73c4545b8949e668c76a03b2,M10,0,1.55,3.6712,30
2,73c4545b8949e668c76a03b2,M11,0,1.6,3.38836,30
2,73c4545b8949e668c76a03b2,M12,0,1.13,3.25688,45
2,73c4545b8949e668c76a03b2,M13,0,1.45,3.96208,60
2,73c4545b8949e668c76a03b2,M14,0,0.82,2.918,60
2,73c4545b8949e668c76a03b2,M15,0,2.01,4.46208,60
2,73c4545b8949e668c76a03b2,M16,0,1.43,6.4176,100
2,73c4545b8949e668c76a03b2,M17,0,0.96,2.14272,14
2,73c4545b8949e668c76a03b2,M18,0,1.63,3.323,21
2,73c4545b8949e668c76a03b2,M19,0,1.55,3.21452,21
2,73c4545b8949e668c76a03b2,M20,0,0.87,3.2516,20
2,73c4545b8949e668c76a03b2,M21,0,1.63,3.26716,21
2,73c4545b8949e668c76a03b2,M22,0,1.62,3.9678,45
2,73c4545b8949e668c76a03b2,M23,0,0.85,2.86596,45
2,73c4545b8949e668c76a03b2,M24,0,2.13,4.403,45
2,73c4545b8949e668c76a03b2,M25,0,1.44,4.25704,20
2,73c4545b8949e668c76a03b2,M26,0,0.85,3.42884,20
2,73c4545b8949e668c76a03b2,M27,0,1.46,4.43728,30
2,73c4545b8949e668c76a03b2,M28,0,0.83,3.29276,30
2,73c4545b8949e668c76a03b2,M29,0,2.17,4.81604,30
2,73c4545b8949e668c76a03b2,M30,0,1.34,3.24268,21
3,c7bcada0b8e888971aefc4c3,M01,0,1.4,2.90948,10
3,c7bcada0b8e888971aefc4c3,M02,0,0.9,2.5546,15
3,c7bcada0b8e888971aefc4c3,M03,0,1.4,3.00112,21
3,c7bcada0b8e888971aefc4c3,M04,0,1.43,2.7352,21
3,c7bcada0b8e888971aefc4c3,M05,0,1.35,2.65172,21
3,c7bcada0b8e888971aefc4c3,M06,0,1.48,3.50452,21
3,c7bcada0b8e888971aefc4c3,M07,0,1.4,3.33508,30
3,c7bcada0b8e888971aefc4c3,M08,0,0.95,2.9778,30
3,c7bcada0b8e888971aefc4c3,M09,0,0.97,2.55868,30
3,c7bcada0b8e888971aefc4c3,M10,0,1.4,3.6316,30
3,c7bcada0b8e888971aefc4c3,M11,0,1.44,3.28776,30
3,c7bcada0b8e888971aefc4c3,M12,0,0.93,3.2672,45
3,c7bcada0b8e888971aefc4c3,M13,0,1.4,4.03956,60
3,c7bcada0b8e888971aefc4c3,M14,0,0.83,2.98656,60
3,c7bcada0b8e888971aefc4c3,M15,0,1.7,4.5654,60
3,c7bcada0b8e888971aefc4c3,M16,0,1.43,5.97784,100
3,c7bcada0b8e888971aefc4c3,M17,0,0.96,1.98664,14
3,c7bcada0b8e888971aefc4c3,M18,0,1.43,3.1862,21
3,c7bcada0b8e888971aefc4c3,M19,0,1.41,3.05644,21
3,c7bcada0b8e888971aefc4c3,M20,0,0.69,2.9422,20
3,c7bcada0b8e888971aefc4c3,M21,0,1.4,3.12592,21
3,c7bcada0b8e888971aefc4c3,M22,0,1.52,4.02444,45
3,c7bcada0b8e888971aefc4c3,M23,0,0.85,2.86644,45
3,c7bcada0b8e888971aefc4c3,M24,0,1.97,4.51648,45
3,c7bcada0b8e888971aefc4c3,M25,0,1.3,3.89244,20
3,c7bcada0b8e888971aefc4c3,M26,0,0.78,3.06192,20
3,c7bcada0b8e888971aefc4c3,M27,0,1.29,4.42224,30
3,c7bcada0b8e888971aefc4c3,M28,0,0.77,3.23656,30
3,c7bcada0b8e888971aefc4c3,M29,0,1.66,4.75596,30
3,c7bcada0b8e888971aefc4c3,M30,0,1.41,3.09984,21
4,91876cd96b4863b74f62ede1,M01,4,5.06,3.13336,10
4,91876cd96b4863b74f62ede1,M02,4,6.32,3.19248,15
4,91876cd96b4863b74f62ede1,M03,4,5.61,3.4212,21
4,91876cd96b4863b74f62ede1,M04,4,5.29,3.08096,21
4,91876cd96b4863b74f62ede1,M05,4,5.11,3.073,21
4,91876cd96b4863b74f62ede1,M06,4,7.07,4.00604,21
4,91876cd96b4863b74f62ede1,M07,4,7.05,3.8832,30
4,91876cd96b4863b74f62ede1,M08,4,8.27,3.95388,30
4,91876cd96b4863b74f62ede1,M09,4,7.05,3.56,30
4,91876cd96b4863b74f62ede1,M10,4,10.19,4.55168,30
4,91876cd96b4863b74f62ede1,M11,4,9.08,4.2018,30
4,91876cd96b4863b74f62ede1,M12,4,9.36,3.97968,45
4,91876cd96b4863b74f62ede1,M13,4,10.46,4.4406,60
4,91876cd96b4863b74f62ede1,M14,4,7.3,3.3498,60
4,91876cd96b4863b74f62ede1,M15,4,10.88,4.86004,60
4,91876cd96b4863b74f62ede1,M16,4,15.77,6.44232,100
4,91876cd96b4863b74f62ede1,M17,4,3.5,2.30076,14
4,91876cd96b4863b74f62ede1,M18,4,5.76,3.31956,21
4,91876cd96b4863b74f62ede1,M19,4,4.89,3.31104,21
4,91876cd96b4863b74f62ede1,M20,4,5.68,3.17584,20
4,91876cd96b4863b74f62ede1,M21,4,4.88,3.2396,21
4,91876cd96b4863b74f62ede1,M22,4,8.49,4.22148,45
4,91876cd96b4863b74f62ede1,M23,4,6.48,3.19392,45
4,91876cd96b4863b74f62ede1,M24,4,8.68,4.60836,45
4,91876cd96b4863b74f62ede1,M25,4,9.4,4.38516,20
4,91876cd96b4863b74f62ede1,M26,4,7.2,3.43944,20
4,91876cd96b4863b74f62ede1,M27,4,9.08,4.65528,30
4,91876cd96b4863b74f62ede1,M28,4,7.31,3.49984,30
4,91876cd96b4863b74f62ede1,M29,4,9.04,4.97124,30
4,91876cd96b4863b74f62ede1,M30,4,5.55,3.42312,21
5,f388de2f1532bd2d15000e9e,M01,1,1.85,4.90452,10
5,f388de2f1532bd2d15000e9e,M02,1,1.48,5.73192,15
5,f388de2f1532bd2d15000e9e,M03,1,2.03,5.25228,21
5,f388de2f1532bd2d15000e9e,M04,1,1.62,5.05496,21
5,f388de2f1532bd2d15000e9e,M05,1,1.78,4.84088,21
5,f388de2f1532bd2d15000e9e,M06,1,2.07,6.71468,21
5,f388de2f1532bd2d15000e9e,M07,1,1.99,6.84008,30
5,f388de2f1532bd2d15000e9e,M08,1,1.37,8.18044,30
5,f388de2f1532bd2d15000e9e,M09,1,1.24,7.11332,30
5,f388de2f1532bd2d15000e9e,M10,1,1.97,9.37488,30
5,f388de2f1532bd2d15000e9e,M11,1,1.76,8.74208,30
5,f388de2f1532bd2d15000e9e,M12,1,1.43,9.05756,45
5,f388de2f1532bd2d15000e9e,M13,1,2.02,9.8016,60
5,f388de2f1532bd2d15000e9e,M14,1,1.12,7.3792,60
5,f388de2f1532bd2d15000e9e,M15,1,2.59,10.16292,60
5,f388de2f1532bd2d15000e9e,M16,1,2.03,13.31716,100
5,f388de2f1532bd2d15000e9e,M17,1,1.21,3.44496,14
5,f388de2f1532bd2d15000e9e,M18,1,1.81,5.39536,21
5,f388de2f1532bd2d15000e9e,M19,1,2.13,4.78668,21
5,f388de2f1532bd2d15000e9e,M20,1,1.35,5.82312,20
5,f388de2f1532bd2d15000e9e,M21,1,2,4.89276,21
5,f388de2f1532bd2d15000e9e,M22,1,1.96,8.43888,45
5,f388de2f1532bd2d15000e9e,M23,1,1.17,6.65124,45
5,f388de2f1532bd2d15000e9e,M24,1,2.38,8.48516,45
5,f388de2f1532bd2d15000e9e,M25,1,2.11,7.75584,20
5,f388de2f1532bd2d15000e9e,M26,1,1.01,6.4016,20
5,f388de2f1532bd2d15000e9e,M27,1,2.17,8.3368,30
5,f388de2f1532bd2d15000e9e,M28,1,0.96,6.68536,30
5,f388de2f1532bd2d15000e9e,M29,1,2.58,8.22988,30
5,f388de2f1532bd2d15000e9e,M30,1,1.78,4.92932,21
6,903e67b4c2f9750d37336ae2,M01,2,1.36,1.96236,10
6,903e67b4c2f9750d37336ae2,M02,2,0.92,1.66388,15
6,903e67b4c2f9750d37336ae2,M03,2,1.36,2.06392,21
6,903e67b4c2f9750d37336ae2,M04,2,1.38,1.936,21
6,903e67b4c2f9750d37336ae2,M05,2,1.33,1.89876,21
6,903e67b4c2f9750d37336ae2,M06,2,1.42,2.32204,21
6,903e67b4c2f9750d37336ae2,M07,2,1.36,2.13988,30
6,903e67b4c2f9750d37336ae2,M08,2,0.93,1.65036,30
6,903e67b4c2f9750d37336ae2,M09,2,0.93,1.40984,30
6,903e67b4c2f9750d37336ae2,M10,2,1.37,2.0922,30
6,903e67b4c2f9750d37336ae2,M11,2,1.32,1.92008,30
6,903e67b4c2f9750d37336ae2,M12,2,0.92,1.83916,45
6,903e67b4c2f9750d37336ae2,M13,2,1.38,2.48696,60
6,903e67b4c2f9750d37336ae2,M14,2,0.8,1.60364,60
6,903e67b4c2f9750d37336ae2,M15,2,1.78,2.8606,60
6,903e67b4c2f9750d37336ae2,M16,2,1.39,3.80228,100
6,903e67b4c2f9750d37336ae2,M17,2,0.9,1.32964,14
6,903e67b4c2f9750d37336ae2,M18,2,1.48,2.0732,21
6,903e67b4c2f9750d37336ae2,M19,2,1.38,2.07204,21
6,903e67b4c2f9750d37336ae2,M20,2,0.65,1.56508,20
6,903e67b4c2f9750d37336ae2,M21,2,1.46,1.99628,21
6,903e67b4c2f9750d37336ae2,M22,2,1.27,2.26208,45
6,903e67b4c2f9750d37336ae2,M23,2,0.81,1.3422,45
6,903e67b4c2f9750d37336ae2,M24,2,1.58,2.60148,45
6,903e67b4c2f9750d37336ae2,M25,2,1.52,2.71924,20
6,903e67b4c2f9750d37336ae2,M26,2,0.87,1.97056,20
6,903e67b4c2f9750d37336ae2,M27,2,1.53,2.7672,30
6,903e67b4c2f9750d37336ae2,M28,2,0.84,1.86652,30
6,903e67b4c2f9750d37336ae2,M29,2,2.49,3.123,30
6,903e67b4c2f9750d37336ae2,M30,2,1.44,2.20264,21
8,d8974ef08904a88379044d8b,M01,1,6.18,5.60468,10
8,d8974ef08904a88379044d8b,M02,1,8.18,6.65828,15
8,d8974ef08904a88379044d8b,M03,1,7.53,6.23412,21
8,d8974ef08904a88379044d8b,M04,1,6.85,5.9204,21
8,d8974ef08904a88379044d8b,M05,1,6.63,5.7132,21
8,d8974ef08904a88379044d8b,M06,1,9.24,7.76028,21
8,d8974ef08904a88379044d8b,M07,1,9.79,7.91912,30
8,d8974ef08904a88379044d8b,M08,1,13.13,10.30888,30
8,d8974ef08904a88379044d8b,M09,1,11.77,9.17172,30
8,d8974ef08904a88379044d8b,M10,1,15.1,11.36576,30
8,d8974ef08904a88379044d8b,M11,1,13.68,10.59536,30
8,d8974ef08904a88379044d8b,M12,1,16.87,11.83068,45
8,d8974ef08904a88379044d8b,M13,1,16,11.65412,60
8,d8974ef08904a88379044d8b,M14,1,12.63,9.83448,60
8,d8974ef08904a88379044d8b,M15,1,16.74,11.68396,60
8,d8974ef08904a88379044d8b,M16,1,32.21,26.76976,100
8,d8974ef08904a88379044d8b,M17,1,5.37,4.35736,14
8,d8974ef08904a88379044d8b,M18,1,7.44,6.31164,21
8,d8974ef08904a88379044d8b,M19,1,6.26,5.66488,21
8,d8974ef08904a88379044d8b,M20,1,7.91,6.89996,20
8,d8974ef08904a88379044d8b,M21,1,6.07,5.70388,21
8,d8974ef08904a88379044d8b,M22,1,12.46,10.40376,45
8,d8974ef08904a88379044d8b,M23,1,10.15,8.78484,45
8,d8974ef08904a88379044d8b,M24,1,13.01,10.4204,45
8,d8974ef08904a88379044d8b,M25,1,11.99,9.03188,20
8,d8974ef08904a88379044d8b,M26,1,10.21,7.8212,20
8,d8974ef08904a88379044d8b,M27,1,12.15,10.15768,30
8,d8974ef08904a88379044d8b,M28,1,9.88,8.67764,30
8,d8974ef08904a88379044d8b,M29,1,12.38,10.15192,30
8,d8974ef08904a88379044d8b,M30,1,7.55,6.11648,21
12,f924f42d31e9b2b1918efd30,M01,1,3.73,2.04424,10
12,f924f42d31e9b2b1918efd30,M02,1,3.19,1.86288,15
12,f924f42d31e9b2b1918efd30,M03,1,4.13,2.14896,21
12,f924f42d31e9b2b1918efd30,M04,1,3.31,2.06808,21
12,f924f42d31e9b2b1918efd30,M05,1,3.05,1.99184,21
12,f924f42d31e9b2b1918efd30,M06,1,5.25,2.51244,21
12,f924f42d31e9b2b1918efd30,M07,1,4.34,2.35928,30
12,f924f42d31e9b2b1918efd30,M08,1,3.2,2.11132,30
12,f924f42d31e9b2b1918efd30,M09,1,2.27,1.87588,30
12,f924f42d31e9b2b1918efd30,M10,1,4.62,2.64648,30
12,f924f42d31e9b2b1918efd30,M11,1,3.4,2.50852,30
12,f924f42d31e9b2b1918efd30,M12,1,3.21,2.13248,45
12,f924f42d31e9b2b1918efd30,M13,1,4.85,2.64008,60
12,f924f42d31e9b2b1918efd30,M14,1,2.66,1.80592,60
12,f924f42d31e9b2b1918efd30,M15,1,5.46,3.04324,60
12,f924f42d31e9b2b1918efd30,M16,1,5.09,5.28304,100
12,f924f42d31e9b2b1918efd30,M17,1,1.82,1.38872,14
12,f924f42d31e9b2b1918efd30,M18,1,4.55,2.19772,21
12,f924f42d31e9b2b1918efd30,M19,1,4.18,2.15264,21
12,f924f42d31e9b2b1918efd30,M20,1,4.9,1.71328,20
12,f924f42d31e9b2b1918efd30,M21,1,4.37,2.09328,21
12,f924f42d31e9b2b1918efd30,M22,1,5.85,2.60932,45
12,f924f42d31e9b2b1918efd30,M23,1,3.2,1.77308,45
12,f924f42d31e9b2b1918efd30,M24,1,6.39,2.90456,45
12,f924f42d31e9b2b1918efd30,M25,1,5.63,4.016,20
12,f924f42d31e9b2b1918efd30,M26,1,3.68,2.70176,20
12,f924f42d31e9b2b1918efd30,M27,1,6.23,4.2748,30
12,f924f42d31e9b2b1918efd30,M28,1,4.18,2.85188,30
12,f924f42d31e9b2b1918efd30,M29,1,6.37,4.32608,30
12,f924f42d31e9b2b1918efd30,M30,1,4.11,2.59056,21
13,cf7268b4f8767d681615d5ad,M01,1,1.27,2.4738,10
13,cf7268b4f8767d681615d5ad,M02,1,0.91,2.37344,15
13,cf7268b4f8767d681615d5ad,M03,1,1.4,2.63292,21
13,cf7268b4f8767d681615d5ad,M04,1,1.33,2.48392,21
13,cf7268b4f8767d681615d5ad,M05,1,1.44,2.42316,21
13,cf7268b4f8767d681615d5ad,M06,1,1.42,3.03368,21
13,cf7268b4f8767d681615d5ad,M07,1,1.37,3.05548,30
13,cf7268b4f8767d681615d5ad,M08,1,0.91,3.14136,30
13,cf7268b4f8767d681615d5ad,M09,1,0.9,2.5922,30
13,cf7268b4f8767d681615d5ad,M10,1,1.35,3.73024,30
13,cf7268b4f8767d681615d5ad,M11,1,1.32,3.36432,30
13,cf7268b4f8767d681615d5ad,M12,1,0.85,3.47096,45
13,cf7268b4f8767d681615d5ad,M13,1,1.27,4.08008,60
13,cf7268b4f8767d681615d5ad,M14,1,0.75,2.88396,60
13,cf7268b4f8767d681615d5ad,M15,1,1.68,4.46628,60
13,cf7268b4f8767d681615d5ad,M16,1,1.25,6.4054,100
13,cf7268b4f8767d681615d5ad,M17,1,0.9,1.6954,14
13,cf7268b4f8767d681615d5ad,M18,1,1.45,2.6028,21
13,cf7268b4f8767d681615d5ad,M19,1,1.28,2.57488,21
13,cf7268b4f8767d681615d5ad,M20,1,0.65,2.29744,20
13,cf7268b4f8767d681615d5ad,M21,1,1.43,2.47196,21
13,cf7268b4f8767d681615d5ad,M22,1,1.21,3.71304,45
13,cf7268b4f8767d681615d5ad,M23,1,0.77,2.54324,45
13,cf7268b4f8767d681615d5ad,M24,1,1.56,4.08388,45
13,cf7268b4f8767d681615d5ad,M25,1,1.3,3.82068,20
13,cf7268b4f8767d681615d5ad,M26,1,0.78,2.71048,20
13,cf7268b4f8767d681615d5ad,M27,1,1.29,4.62496,30
13,cf7268b4f8767d681615d5ad,M28,1,0.77,3.2426,30
13,cf7268b4f8767d681615d5ad,M29,1,1.64,5.09876,30
13,cf7268b4f8767d681615d5ad,M30,1,1.43,2.87168,21
14,37db2b79f652ee6c5f897d99,M01,3,4.07,2.76872,10
14,37db2b79f652ee6c5f897d99,M02,3,4.8,2.46004,15
14,37db2b79f652ee6c5f897d99,M03,3,4.55,2.84868,21
14,37db2b79f652ee6c5f897d99,M04,3,4.19,2.61284,21
14,37db2b79f652ee6c5f897d99,M05,3,3.9,2.48828,21
14,37db2b79f652ee6c5f897d99,M06,3,5.81,3.5914,21
14,37db2b79f652ee6c5f897d99,M07,3,5.21,3.2794,30
14,37db2b79f652ee6c5f897d99,M08,3,5.4,2.7944,30
14,37db2b79f652ee6c5f897d99,M09,3,3.64,2.32208,30
14,37db2b79f652ee6c5f897d99,M10,3,6.89,3.4006,30
14,37db2b79f652ee6c5f897d99,M11,3,5.14,2.9672,30
14,37db2b79f652ee6c5f897d99,M12,3,5.62,3.03788,45
14,37db2b79f652ee6c5f897d99,M13,3,6.56,3.75496,60
14,37db2b79f652ee6c5f897d99,M14,3,4.31,2.62128,60
14,37db2b79f652ee6c5f897d99,M15,3,6.68,4.21988,60
14,37db2b79f652ee6c5f897d99,M16,3,8.32,9.70036,100
14,37db2b79f652ee6c5f897d99,M17,3,2.17,1.7384,14
14,37db2b79f652ee6c5f897d99,M18,3,4.82,2.93872,21
14,37db2b79f652ee6c5f897d99,M19,3,4.44,2.89356,21
14,37db2b79f652ee6c5f897d99,M20,3,4.88,2.78368,20
14,37db2b79f652ee6c5f897d99,M21,3,4.51,2.854,21
14,37db2b79f652ee6c5f897d99,M22,3,6.96,3.66704,45
14,37db2b79f652ee6c5f897d99,M23,3,5.03,2.34196,45
14,37db2b79f652ee6c5f897d99,M24,3,7.08,4.0558,45
14,37db2b79f652ee6c5f897d99,M25,3,6.86,5.12948,20
14,37db2b79f652ee6c5f897d99,M26,3,5.19,3.61076,20
14,37db2b79f652ee6c5f897d99,M27,3,7.14,5.51928,30
14,37db2b79f652ee6c5f897d99,M28,3,5.76,3.97696,30
14,37db2b79f652ee6c5f897d99,M29,3,6.92,5.42104,30
14,37db2b79f652ee6c5f897d99,M30,3,4.56,3.15652,21
15,dc48fc379a6c61beca713ed3,M01,3,1.9,4.02496,10
15,dc48fc379a6c61beca713ed3,M02,3,1.75,3.84384,15
15,dc48fc379a6c61beca713ed3,M03,3,2.14,4.1336,21
15,dc48fc379a6c61beca713ed3,M04,3,1.75,3.7306,21
15,dc48fc379a6c61beca713ed3,M05,3,1.85,3.50524,21
15,dc48fc379a6c61beca713ed3,M06,3,2.32,5.1544,21
15,dc48fc379a6c61beca713ed3,M07,3,2.13,4.54548,30
15,dc48fc379a6c61beca713ed3,M08,3,1.55,4.18692,30
15,dc48fc379a6c61beca713ed3,M09,3,1.22,3.20816,30
15,dc48fc379a6c61beca713ed3,M10,3,2.01,5.04692,30
15,dc48fc379a6c61beca713ed3,M11,3,1.81,4.13188,30
15,dc48fc379a6c61beca713ed3,M12,3,1.67,4.16304,45
15,dc48fc379a6c61beca713ed3,M13,3,2.26,5.2236,60
15,dc48fc379a6c61beca713ed3,M14,3,1.29,3.4882,60
15,dc48fc379a6c61beca713ed3,M15,3,2.81,5.70476,60
15,dc48fc379a6c61beca713ed3,M16,3,2.24,7.27836,100
15,dc48fc379a6c61beca713ed3,M17,3,1.34,2.34508,14
15,dc48fc379a6c61beca713ed3,M18,3,1.83,4.28216,21
15,dc48fc379a6c61beca713ed3,M19,3,2.24,4.10612,21
15,dc48fc379a6c61beca713ed3,M20,3,1.43,4.2466,20
15,dc48fc379a6c61beca713ed3,M21,3,1.54,4.08268,21
15,dc48fc379a6c61beca713ed3,M22,3,1.96,5.416,45
15,dc48fc379a6c61beca713ed3,M23,3,0.88,3.32388,45
15,dc48fc379a6c61beca713ed3,M24,3,2.41,5.87592,45
15,dc48fc379a6c61beca713ed3,M25,3,4.22,5.9636,20
15,dc48fc379a6c61beca713ed3,M26,3,2.32,4.31148,20
15,dc48fc379a6c61beca713ed3,M27,3,4.87,6.44656,30
15,dc48fc379a6c61beca713ed3,M28,3,2.59,4.6132,30
15,dc48fc379a6c61beca713ed3,M29,3,5.42,6.53884,30
15,dc48fc379a6c61beca713ed3,M30,3,2.98,4.20324,21
16,6983229a0e0fe5fb5d401dcc,M01,4,4.92,3.33308,10
16,6983229a0e0fe5fb5d401dcc,M02,4,6.27,3.00344,15
16,6983229a0e0fe5fb5d401dcc,M03,4,5.49,3.49008,21
16,6983229a0e0fe5fb5d401dcc,M04,4,5.24,3.0996,21
16,6983229a0e0fe5fb5d401dcc,M05,4,5.12,2.93156,21
16,6983229a0e0fe5fb5d401dcc,M06,4,6.95,4.27528,21
16,6983229a0e0fe5fb5d401dcc,M07,4,6.92,3.82352,30
16,6983229a0e0fe5fb5d401dcc,M08,4,8.38,2.92272,30
16,6983229a0e0fe5fb5d401dcc,M09,4,7.44,2.33772,30
16,6983229a0e0fe5fb5d401dcc,M10,4,10.19,3.76552,30
16,6983229a0e0fe5fb5d401dcc,M11,4,9.36,3.15408,30
16,6983229a0e0fe5fb5d401dcc,M12,4,9.7,2.93336,45
16,6983229a0e0fe5fb5d401dcc,M13,4,10.44,4.12956,60
16,6983229a0e0fe5fb5d401dcc,M14,4,7.63,2.70152,60
16,6983229a0e0fe5fb5d401dcc,M15,4,10.7,4.63392,60
16,6983229a0e0fe5fb5d401dcc,M16,4,17.04,7.1202,100
16,6983229a0e0fe5fb5d401dcc,M17,4,3.58,1.93972,14
16,6983229a0e0fe5fb5d401dcc,M18,4,5.71,3.75984,21
16,6983229a0e0fe5fb5d401dcc,M19,4,5.07,3.56872,21
16,6983229a0e0fe5fb5d401dcc,M20,4,6.2,3.69032,20
16,6983229a0e0fe5fb5d401dcc,M21,4,5.07,3.64756,21
16,6983229a0e0fe5fb5d401dcc,M22,4,9.38,4.35972,45
16,6983229a0e0fe5fb5d401dcc,M23,4,7.4,2.68248,45
16,6983229a0e0fe5fb5d401dcc,M24,4,9.56,4.99384,45
16,6983229a0e0fe5fb5d401dcc,M25,4,7.16,4.73048,20
16,6983229a0e0fe5fb5d401dcc,M26,4,4.9,3.42552,20
16,6983229a0e0fe5fb5d401dcc,M27,4,7.72,5.23036,30
16,6983229a0e0fe5fb5d401dcc,M28,4,5.69,3.66984,30
16,6983229a0e0fe5fb5d401dcc,M29,4,7.79,5.48776,30
16,6983229a0e0fe5fb5d401dcc,M30,4,4.27,3.3764,21
17,e23aae84b93938a0352fa862,M01,0,4.13,2.72908,10
17,e23aae84b93938a0352fa862,M02,0,4.55,2.64496,15
17,e23aae84b93938a0352fa862,M03,0,4.59,2.92512,21
17,e23aae84b93938a0352fa862,M04,0,4.15,2.70572,21
17,e23aae84b93938a0352fa862,M05,0,3.82,2.53832,21
17,e23aae84b93938a0352fa862,M06,0,5.84,3.53464,21
17,e23aae84b93938a0352fa862,M07,0,5.18,3.22384,30
17,e23aae84b93938a0352fa862,M08,0,4.85,2.58032,30
17,e23aae84b93938a0352fa862,M09,0,3.27,2.12708,30
17,e23aae84b93938a0352fa862,M10,0,6.48,3.2108,30
17,e23aae84b93938a0352fa862,M11,0,4.59,2.8076,30
17,e23aae84b93938a0352fa862,M12,0,4.81,2.4986,45
17,e23aae84b93938a0352fa862,M13,0,6.23,3.20292,60
17,e23aae84b93938a0352fa862,M14,0,3.78,2.17004,60
17,e23aae84b93938a0352fa862,M15,0,6.68,3.5,60
17,e23aae84b93938a0352fa862,M16,0,7.32,3.80584,100
17,e23aae84b93938a0352fa862,M17,0,2.08,1.80208,14
17,e23aae84b93938a0352fa862,M18,0,4.76,3.13604,21
17,e23aae84b93938a0352fa862,M19,0,4.45,3.02788,21
17,e23aae84b93938a0352fa862,M20,0,4.29,3.05848,20
17,e23aae84b93938a0352fa862,M21,0,4.35,3.04316,21
17,e23aae84b93938a0352fa862,M22,0,5.93,3.7372,45
17,e23aae84b93938a0352fa862,M23,0,3.36,2.49956,45
17,e23aae84b93938a0352fa862,M24,0,6.38,4.00964,45
17,e23aae84b93938a0352fa862,M25,0,6.67,4.12908,20
17,e23aae84b93938a0352fa862,M26,0,4.7,2.8524,20
17,e23aae84b93938a0352fa862,M27,0,7.09,4.70404,30
17,e23aae84b93938a0352fa862,M28,0,5.29,3.08088,30
17,e23aae84b93938a0352fa862,M29,0,7.06,4.94656,30
17,e23aae84b93938a0352fa862,M30,0,4.59,2.99668,21
18,b4fed703cda493a4827fa37b,M01,0,5.92,6.51424,10
18,b4fed703cda493a4827fa37b,M02,0,7.72,8.4828,15
18,b4fed703cda493a4827fa37b,M03,0,6.89,8.30032,21
18,b4fed703cda493a4827fa37b,M04,0,6.43,7.773,21
18,b4fed703cda493a4827fa37b,M05,0,6.33,7.66256,21
18,b4fed703cda493a4827fa37b,M06,0,8.77,10.62172,21
18,b4fed703cda493a4827fa37b,M07,0,8.98,11.17044,30
18,b4fed703cda493a4827fa37b,M08,0,12.2,15.2744,30
18,b4fed703cda493a4827fa37b,M09,0,11.16,14.26472,30
18,b4fed703cda493a4827fa37b,M10,0,14.08,16.55064,30
18,b4fed703cda493a4827fa37b,M11,0,13.12,15.97468,30
18,b4fed703cda493a4827fa37b,M12,0,15.64,20.1482,45
18,b4fed703cda493a4827fa37b,M13,0,15.35,19.60984,60
18,b4fed703cda493a4827fa37b,M14,0,12.37,17.0202,60
18,b4fed703cda493a4827fa37b,M15,0,15.34,20.16348,60
18,b4fed703cda493a4827fa37b,M16,0,32.02,42.47068,100
18,b4fed703cda493a4827fa37b,M17,0,5.12,6.14024,14
18,b4fed703cda493a4827fa37b,M18,0,6.98,8.17464,21
18,b4fed703cda493a4827fa37b,M19,0,5.56,6.87204,21
18,b4fed703cda493a4827fa37b,M20,0,7.19,9.26828,20
18,b4fed703cda493a4827fa37b,M21,0,5.49,6.92764,21
18,b4fed703cda493a4827fa37b,M22,0,11.04,15.78656,45
18,b4fed703cda493a4827fa37b,M23,0,9.18,13.042,45
18,b4fed703cda493a4827fa37b,M24,0,11.21,16.11552,45
18,b4fed703cda493a4827fa37b,M25,0,11.62,12.485,20
18,b4fed703cda493a4827fa37b,M26,0,10,11.36932,20
18,b4fed703cda493a4827fa37b,M27,0,11.66,14.29988,30
18,b4fed703cda493a4827fa37b,M28,0,9.59,12.48692,30
18,b4fed703cda493a4827fa37b,M29,0,11.46,14.27232,30
18,b4fed703cda493a4827fa37b,M30,0,6.93,8.3186,21
19,ac149acd23b05351f726234b,M01,1,3.36,4.6504,10
19,ac149acd23b05351f726234b,M02,1,2.79,5.35076,15
19,ac149acd23b05351f726234b,M03,1,3.88,5.02812,21
19,ac149acd23b05351f726234b,M04,1,3.15,4.79744,21
19,ac149acd23b05351f726234b,M05,1,2.97,4.58092,21
19,ac149acd23b05351f726234b,M06,1,4.73,6.34304,21
19,ac149acd23b05351f726234b,M07,1,3.95,6.41212,30
19,ac149acd23b05351f726234b,M08,1,2.79,7.807,30
19,ac149acd23b05351f726234b,M09,1,2.17,6.72032,30
19,ac149acd23b05351f726234b,M10,1,4.01,8.90328,30
19,ac149acd23b05351f726234b,M11,1,3.18,8.20212,30
19,ac149acd23b05351f726234b,M12,1,2.79,8.7348,45
19,ac149acd23b05351f726234b,M13,1,4.47,9.37996,60
19,ac149acd23b05351f726234b,M14,1,2.43,7.15532,60
19,ac149acd23b05351f726234b,M15,1,4.96,9.65,60
19,ac149acd23b05351f726234b,M16,1,4.61,15.78544,100
19,ac149acd23b05351f726234b,M17,1,1.78,3.2582,14
19,ac149acd23b05351f726234b,M18,1,4.5,5.14796,21
19,ac149acd23b05351f726234b,M19,1,3.79,4.65632,21
19,ac149acd23b05351f726234b,M20,1,3.8,5.5174,20
19,ac149acd23b05351f726234b,M21,1,4.17,4.80988,21
19,ac149acd23b05351f726234b,M22,1,4.32,8.40892,45
19,ac149acd23b05351f726234b,M23,1,2.19,6.51548,45
19,ac149acd23b05351f726234b,M24,1,5.36,8.51424,45
19,ac149acd23b05351f726234b,M25,1,5.27,6.81932,20
19,ac149acd23b05351f726234b,M26,1,3.39,5.41908,20
19,ac149acd23b05351f726234b,M27,1,5.97,7.81264,30
19,ac149acd23b05351f726234b,M28,1,3.95,6.08336,30
19,ac149acd23b05351f726234b,M29,1,6.06,7.83704,30
19,ac149acd23b05351f726234b,M30,1,3.2,4.56296,21
20,2e969e332007bc99ca627155,M01,4,1.36,3.2128,10
20,2e969e332007bc99ca627155,M02,4,0.93,3.04148,15
20,2e969e332007bc99ca627155,M03,4,1.38,3.47608,21
20,2e969e332007bc99ca627155,M04,4,1.38,3.08452,21
20,2e969e332007bc99ca627155,M05,4,1.32,2.83064,21
20,2e969e332007bc99ca627155,M06,4,1.44,4.08544,21
20,2e969e332007bc99ca627155,M07,4,1.38,3.8222,30
20,2e969e332007bc99ca627155,M08,4,0.92,3.28364,30
20,2e969e332007bc99ca627155,M09,4,0.93,2.4994,30
20,2e969e332007bc99ca627155,M10,4,1.37,3.98516,30
20,2e969e332007bc99ca627155,M11,4,1.33,3.25828,30
20,2e969e332007bc99ca627155,M12,4,0.93,3.34188,45
20,2e969e332007bc99ca627155,M13,4,1.27,4.3336,60
20,2e969e332007bc99ca627155,M14,4,0.75,2.8382,60
20,2e969e332007bc99ca627155,M15,4,1.6,4.796,60
20,2e969e332007bc99ca627155,M16,4,1.25,4.81788,100
20,2e969e332007bc99ca627155,M17,4,0.92,1.91692,14
20,2e969e332007bc99ca627155,M18,4,1.48,3.5268,21
20,2e969e332007bc99ca627155,M19,4,1.39,3.54276,21
20,2e969e332007bc99ca627155,M20,4,0.68,3.51692,20
20,2e969e332007bc99ca627155,M21,4,1.47,3.4318,21
20,2e969e332007bc99ca627155,M22,4,1.27,4.931,45
20,2e969e332007bc99ca627155,M23,4,0.77,3.17888,45
20,2e969e332007bc99ca627155,M24,4,1.63,5.3506,45
20,2e969e332007bc99ca627155,M25,4,5.16,3.49848,20
20,2e969e332007bc99ca627155,M26,4,3.17,2.36516,20
20,2e969e332007bc99ca627155,M27,4,5.88,4.26676,30
20,2e969e332007bc99ca627155,M28,4,3.83,2.87028,30
20,2e969e332007bc99ca627155,M29,4,4.89,4.76708,30
20,2e969e332007bc99ca627155,M30,4,2.44,3.11152,21
21,f3235c534d97f6bc0f007674,M01,4,7.56,6.13208,10
21,f3235c534d97f6bc0f007674,M02,4,9.96,7.98016,15
21,f3235c534d97f6bc0f007674,M03,4,10.42,7.70812,21
21,f3235c534d97f6bc0f007674,M04,4,9.41,7.15776,21
21,f3235c534d97f6bc0f007674,M05,4,9.45,6.9344,21
21,f3235c534d97f6bc0f007674,M06,4,13,9.53016,21
21,f3235c534d97f6bc0f007674,M07,4,14.14,10.5198,30
21,f3235c534d97f6bc0f007674,M08,4,18.44,13.39344,30
21,f3235c534d97f6bc0f007674,M09,4,16.96,12.38976,30
21,f3235c534d97f6bc0f007674,M10,4,20.28,14.64708,30
21,f3235c534d97f6bc0f007674,M11,4,19.12,13.85768,30
21,f3235c534d97f6bc0f007674,M12,4,25.84,18.22088,45
21,f3235c534d97f6bc0f007674,M13,4,26.01,17.70872,60
21,f3235c534d97f6bc0f007674,M14,4,21.9,15.28692,60
21,f3235c534d97f6bc0f007674,M15,4,26.48,18.284,60
21,f3235c534d97f6bc0f007674,M16,4,53.73,35.45392,100
21,f3235c534d97f6bc0f007674,M17,4,7.33,5.28444,14
21,f3235c534d97f6bc0f007674,M18,4,9.98,7.36672,21
21,f3235c534d97f6bc0f007674,M19,4,8.69,6.22456,21
21,f3235c534d97f6bc0f007674,M20,4,10.71,7.9256,20
21,f3235c534d97f6bc0f007674,M21,4,8,5.93432,21
21,f3235c534d97f6bc0f007674,M22,4,19.09,12.68252,45
21,f3235c534d97f6bc0f007674,M23,4,15.69,10.9662,45
21,f3235c534d97f6bc0f007674,M24,4,19.99,12.92228,45
21,f3235c534d97f6bc0f007674,M25,4,14.48,11.77572,20
21,f3235c534d97f6bc0f007674,M26,4,12.99,10.51608,20
21,f3235c534d97f6bc0f007674,M27,4,16.89,12.62684,30
21,f3235c534d97f6bc0f007674,M28,4,14.59,11.01888,30
21,f3235c534d97f6bc0f007674,M29,4,16.97,12.6264,30
21,f3235c534d97f6bc0f007674,M30,4,10.46,7.79052,21
23,8742336b8c952dfbe6485e45,M01,4,6.74,6.0168,10
23,8742336b8c952dfbe6485e45,M02,4,8.97,7.77104,15
23,8742336b8c952dfbe6485e45,M03,4,8.72,7.34676,21
23,8742336b8c952dfbe6485e45,M04,4,8.05,6.79756,21
23,8742336b8c952dfbe6485e45,M05,4,7.99,6.23596,21
23,8742336b8c952dfbe6485e45,M06,4,10.99,9.27012,21
23,8742336b8c952dfbe6485e45,M07,4,11.69,9.91688,30
23,8742336b8c952dfbe6485e45,M08,4,15.81,13.28596,30
23,8742336b8c952dfbe6485e45,M09,4,14.69,12.16524,30
23,8742336b8c952dfbe6485e45,M10,4,17.59,14.77536,30
23,8742336b8c952dfbe6485e45,M11,4,16.76,13.74464,30
23,8742336b8c952dfbe6485e45,M12,4,21.59,17.59856,45
23,8742336b8c952dfbe6485e45,M13,4,21.04,16.67844,60
23,8742336b8c952dfbe6485e45,M14,4,17.33,13.85488,60
23,8742336b8c952dfbe6485e45,M15,4,21.47,17.44072,60
23,8742336b8c952dfbe6485e45,M16,4,46.65,36.04956,100
23,8742336b8c952dfbe6485e45,M17,4,6.41,5.3002,14
23,8742336b8c952dfbe6485e45,M18,4,8.66,7.15116,21
23,8742336b8c952dfbe6485e45,M19,4,7.26,6.00036,21
23,8742336b8c952dfbe6485e45,M20,4,9.53,7.95688,20
23,8742336b8c952dfbe6485e45,M21,4,7.02,5.85324,21
23,8742336b8c952dfbe6485e45,M22,4,15.98,12.3402,45
23,8742336b8c952dfbe6485e45,M23,4,13.25,10.42004,45
23,8742336b8c952dfbe6485e45,M24,4,16.5,12.70672,45
23,8742336b8c952dfbe6485e45,M25,4,13.2,11.52108,20
23,8742336b8c952dfbe6485e45,M26,4,11.77,10.19168,20
23,8742336b8c952dfbe6485e45,M27,4,14.5,12.29888,30
23,8742336b8c952dfbe6485e45,M28,4,12.31,10.53952,30
23,8742336b8c952dfbe6485e45,M29,4,14.54,12.42988,30
23,8742336b8c952dfbe6485e45,M30,4,8.75,7.25244,21
24,e7732197de6d851c1ed1bd48,M25,4,12.53,11.9176,20
24,e7732197de6d851c1ed1bd48,M26,4,11.11,10.69832,20
24,e7732197de6d851c1ed1bd48,M27,4,13.27,12.68144,30
24,e7732197de6d851c1ed1bd48,M28,4,11.26,10.62556,30
24,e7732197de6d851c1ed1bd48,M29,4,13.1,12.54464,30
24,e7732197de6d851c1ed1bd48,M30,4,7.87,7.5886,21
25,a36f54566b3e72a686c53426,M01,2,1.27,3.4654,10
25,a36f54566b3e72a686c53426,M02,2,0.9,3.41376,15
25,a36f54566b3e72a686c53426,M03,2,1.35,3.755,21
25,a36f54566b3e72a686c53426,M04,2,1.36,3.45916,21
25,a36f54566b3e72a686c53426,M05,2,1.35,3.28708,21
25,a36f54566b3e72a686c53426,M06,2,1.43,4.4658,21
25,a36f54566b3e72a686c53426,M07,2,1.35,4.36536,30
25,a36f54566b3e72a686c53426,M08,2,0.9,4.11588,30
25,a36f54566b3e72a686c53426,M09,2,0.91,3.50908,30
25,a36f54566b3e72a686c53426,M10,2,1.35,4.80784,30
25,a36f54566b3e72a686c53426,M11,2,1.32,4.3304,30
25,a36f54566b3e72a686c53426,M12,2,0.9,4.64532,45
25,a36f54566b3e72a686c53426,M13,2,1.27,5.45864,60
25,a36f54566b3e72a686c53426,M14,2,0.75,4.09388,60
25,a36f54566b3e72a686c53426,M15,2,1.6,5.96168,60
25,a36f54566b3e72a686c53426,M16,2,1.25,9.84752,100
25,a36f54566b3e72a686c53426,M17,2,0.9,2.37652,14
25,a36f54566b3e72a686c53426,M18,2,1.44,3.95572,21
25,a36f54566b3e72a686c53426,M19,2,1.36,3.62916,21
25,a36f54566b3e72a686c53426,M20,2,0.59,4.01884,20
25,a36f54566b3e72a686c53426,M21,2,1.4,3.77308,21
25,a36f54566b3e72a686c53426,M22,2,1.23,5.08868,45
25,a36f54566b3e72a686c53426,M23,2,0.75,3.60492,45
25,a36f54566b3e72a686c53426,M24,2,1.56,5.4506,45
25,a36f54566b3e72a686c53426,M25,2,3.54,4.96176,20
25,a36f54566b3e72a686c53426,M26,2,2.02,3.99312,20
25,a36f54566b3e72a686c53426,M27,2,3.76,5.31576,30
25,a36f54566b3e72a686c53426,M28,2,2.17,3.97792,30
25,a36f54566b3e72a686c53426,M29,2,4.98,5.64488,30
25,a36f54566b3e72a686c53426,M30,2,2.55,3.72484,21
26,27c58396e87680d42d13063f,M01,1,6.01,6.22948,10
26,27c58396e87680d42d13063f,M02,1,7.68,7.71536,15
26,27c58396e87680d42d13063f,M03,1,6.93,7.44772,21
26,27c58396e87680d42d13063f,M04,1,6.17,7.0154,21
26,27c58396e87680d42d13063f,M05,1,6.13,6.84776,21
26,27c58396e87680d42d13063f,M06,1,8.8,9.30252,21
26,27c58396e87680d42d13063f,M07,1,8.87,9.73856,30
26,27c58396e87680d42d13063f,M08,1,11.64,12.98548,30
26,27c58396e87680d42d13063f,M09,1,9.77,11.85672,30
26,27c58396e87680d42d13063f,M10,1,13.65,14.0408,30
26,27c58396e87680d42d13063f,M11,1,12.19,13.27136,30
26,27c58396e87680d42d13063f,M12,1,14.43,15.61364,45
26,27c58396e87680d42d13063f,M13,1,14.56,15.02368,60
26,27c58396e87680d42d13063f,M14,1,11.23,12.86268,60
26,27c58396e87680d42d13063f,M15,1,14.69,15.37616,60
26,27c58396e87680d42d13063f,M16,1,27.4,38.48724,100
26,27c58396e87680d42d13063f,M17,1,3.25,5.39968,14
26,27c58396e87680d42d13063f,M18,1,5.6,7.45428,21
26,27c58396e87680d42d13063f,M19,1,5.33,6.50552,21
26,27c58396e87680d42d13063f,M20,1,5.24,8.39168,20
26,27c58396e87680d42d13063f,M21,1,4.48,6.48432,21
26,27c58396e87680d42d13063f,M22,1,7.46,12.52532,45
26,27c58396e87680d42d13063f,M23,1,6.34,10.58776,45
26,27c58396e87680d42d13063f,M24,1,7.26,12.5568,45
26,27c58396e87680d42d13063f,M25,1,12.08,10.72952,20
26,27c58396e87680d42d13063f,M26,1,10.36,9.69828,20
26,27c58396e87680d42d13063f,M27,1,12.32,12.06144,30
26,27c58396e87680d42d13063f,M28,1,10.07,10.32968,30
26,27c58396e87680d42d13063f,M29,1,12.16,11.9988,30
26,27c58396e87680d42d13063f,M30,1,7.37,7.2504,21
27,76c4529644e0b71c67b057ff,M25,0,15.65,15.6498,20
27,76c4529644e0b71c67b057ff,M26,0,14.42,14.43744,20
27,76c4529644e0b71c67b057ff,M27,0,19.69,19.762,30
27,76c4529644e0b71c67b057ff,M28,0,17.86,17.88904,30
27,76c4529644e0b71c67b057ff,M29,0,19.79,19.46076,30
27,76c4529644e0b71c67b057ff,M30,0,12.54,12.65892,21
28,8efe873c7ea952bb6b580341,M01,1,5.49,3.8836,10
28,8efe873c7ea952bb6b580341,M02,1,7.2,4.19528,15
28,8efe873c7ea952bb6b580341,M03,1,6.27,4.19724,21
28,8efe873c7ea952bb6b580341,M04,1,5.8,3.93324,21
28,8efe873c7ea952bb6b580341,M05,1,5.65,3.71316,21
28,8efe873c7ea952bb6b580341,M06,1,7.93,5.15044,21
28,8efe873c7ea952bb6b580341,M07,1,8.08,5.00256,30
28,8efe873c7ea952bb6b580341,M08,1,10.85,5.4186,30
28,8efe873c7ea952bb6b580341,M09,1,9.55,4.47912,30
28,8efe873c7ea952bb6b580341,M10,1,12.65,6.26944,30
28,8efe873c7ea952bb6b580341,M11,1,11.52,5.4438,30
28,8efe873c7ea952bb6b580341,M12,1,13.51,6.01952,45
28,8efe873c7ea952bb6b580341,M13,1,13.34,6.86896,60
28,8efe873c7ea952bb6b580341,M14,1,10.44,5.10664,60
28,8efe873c7ea952bb6b580341,M15,1,13.56,7.19348,60
28,8efe873c7ea952bb6b580341,M16,1,25.79,11.83612,100
28,8efe873c7ea952bb6b580341,M17,1,4.31,2.5916,14
28,8efe873c7ea952bb6b580341,M18,1,6.32,4.52324,21
28,8efe873c7ea952bb6b580341,M19,1,5.31,4.20944,21
28,8efe873c7ea952bb6b580341,M20,1,7.01,4.74696,20
28,8efe873c7ea952bb6b580341,M21,1,5.29,4.41224,21
28,8efe873c7ea952bb6b580341,M22,1,10.68,6.70252,45
28,8efe873c7ea952bb6b580341,M23,1,8.87,5.02992,45
28,8efe873c7ea952bb6b580341,M24,1,10.75,6.94468,45
28,8efe873c7ea952bb6b580341,M25,1,10.8,4.1606,20
28,8efe873c7ea952bb6b580341,M26,1,9.05,3.19692,20
28,8efe873c7ea952bb6b580341,M27,1,10.46,5.53668,30
28,8efe873c7ea952bb6b580341,M28,1,8.58,4.24396,30
28,8efe873c7ea952bb6b580341,M29,1,10.34,5.9104,30
28,8efe873c7ea952bb6b580341,M30,1,6.28,3.1804,21
29,e863ae07267316f831b4c0a3,M01,0,6.27,6.48208,10
29,e863ae07267316f831b4c0a3,M02,0,8.27,8.71016,15
29,e863ae07267316f831b4c0a3,M03,0,7.64,8.38568,21
29,e863ae07267316f831b4c0a3,M04,0,7,7.79492,21
29,e863ae07267316f831b4c0a3,M05,0,6.97,7.70688,21
29,e863ae07267316f831b4c0a3,M06,0,9.69,10.38472,21
29,e863ae07267316f831b4c0a3,M07,0,10.05,10.96244,30
29,e863ae07267316f831b4c0a3,M08,0,13.78,15.32268,30
29,e863ae07267316f831b4c0a3,M09,0,12.58,14.19804,30
29,e863ae07267316f831b4c0a3,M10,0,15.62,16.57324,30
29,e863ae07267316f831b4c0a3,M11,0,14.68,15.70376,30
29,e863ae07267316f831b4c0a3,M12,0,18.26,20.04116,45
29,e863ae07267316f831b4c0a3,M13,0,17.68,19.37328,60
29,e863ae07267316f831b4c0a3,M14,0,14.34,16.2932,60
29,e863ae07267316f831b4c0a3,M15,0,17.83,19.87608,60
29,e863ae07267316f831b4c0a3,M16,0,38.9,39.46556,100
29,e863ae07267316f831b4c0a3,M17,0,5.63,6.00696,14
29,e863ae07267316f831b4c0a3,M18,0,7.61,8.16644,21
29,e863ae07267316f831b4c0a3,M19,0,6.5,6.87152,21
29,e863ae07267316f831b4c0a3,M20,0,8.66,9.14624,20
29,e863ae07267316f831b4c0a3,M21,0,6.35,6.78588,21
29,e863ae07267316f831b4c0a3,M22,0,13.9,15.11836,45
29,e863ae07267316f831b4c0a3,M23,0,11.55,12.44944,45
29,e863ae07267316f831b4c0a3,M24,0,14.28,15.62296,45
29,e863ae07267316f831b4c0a3,M25,0,12.36,12.52892,20
29,e863ae07267316f831b4c0a3,M26,0,10.8,11.09948,20
29,e863ae07267316f831b4c0a3,M27,0,12.88,14.08012,30
29,e863ae07267316f831b4c0a3,M28,0,10.71,12.04064,30
29,e863ae07267316f831b4c0a3,M29,0,12.75,14.13536,30
29,e863ae07267316f831b4c0a3,M30,0,7.66,8.36104,21
31,87bd4c8586b4b78f83e43895,M01,0,5.14,5.30704,10
31,87bd4c8586b4b78f83e43895,M02,0,6.63,6.62948,15
31,87bd4c8586b4b78f83e43895,M03,0,6.09,6.08412,21
31,87bd4c8586b4b78f83e43895,M04,0,5.48,5.56272,21
31,87bd4c8586b4b78f83e43895,M05,0,5.27,5.4164,21
31,87bd4c8586b4b78f83e43895,M06,0,7.11,7.76188,21
31,87bd4c8586b4b78f83e43895,M07,0,7.64,7.94012,30
31,87bd4c8586b4b78f83e43895,M08,0,8.38,11.17632,30
31,87bd4c8586b4b78f83e43895,M09,0,6.26,9.86608,30
31,87bd4c8586b4b78f83e43895,M10,0,10.92,11.94516,30
31,87bd4c8586b4b78f83e43895,M11,0,8.62,11.30416,30
31,87bd4c8586b4b78f83e43895,M12,0,9.09,14.66636,45
31,87bd4c8586b4b78f83e43895,M13,0,7.9,13.48028,60
31,87bd4c8586b4b78f83e43895,M14,0,7.85,11.68992,60
31,87bd4c8586b4b78f83e43895,M15,0,6.17,14.62928,60
31,87bd4c8586b4b78f83e43895,M16,0,12.51,27.82304,100
31,87bd4c8586b4b78f83e43895,M17,0,3.87,4.53076,14
31,87bd4c8586b4b78f83e43895,M18,0,6.03,6.3804,21
31,87bd4c8586b4b78f83e43895,M19,0,5.01,5.244,21
31,87bd4c8586b4b78f83e43895,M20,0,6.06,7.02888,20
31,87bd4c8586b4b78f83e43895,M21,0,5.05,5.23484,21
31,87bd4c8586b4b78f83e43895,M22,0,9.31,11.03544,45
31,87bd4c8586b4b78f83e43895,M23,0,6.95,9.0324,45
31,87bd4c8586b4b78f83e43895,M24,0,9.92,11.43676,45
31,87bd4c8586b4b78f83e43895,M25,0,8.81,10.13924,20
31,87bd4c8586b4b78f83e43895,M26,0,6.03,8.3804,20
31,87bd4c8586b4b78f83e43895,M27,0,8.64,10.32004,30
31,87bd4c8586b4b78f83e43895,M28,0,6.37,8.5306,30
31,87bd4c8586b4b78f83e43895,M29,0,9.51,10.68808,30
31,87bd4c8586b4b78f83e43895,M30,0,5.4,5.8816,21
32,1db51764879da07a9a804f89,M01,3,3.62,4.86956,10
32,1db51764879da07a9a804f89,M02,3,3.04,5.9068,15
32,1db51764879da07a9a804f89,M03,3,4.02,5.42804,21
32,1db51764879da07a9a804f89,M04,3,3.21,5.155,21
32,1db51764879da07a9a804f89,M05,3,2.76,4.96872,21
32,1db51764879da07a9a804f89,M06,3,5.05,6.74324,21
32,1db51764879da07a9a804f89,M07,3,4.19,6.55892,30
32,1db51764879da07a9a804f89,M08,3,3.05,8.22104,30
32,1db51764879da07a9a804f89,M09,3,2.21,7.05896,30
32,1db51764879da07a9a804f89,M10,3,4.38,9.21708,30
32,1db51764879da07a9a804f89,M11,3,3.12,8.36896,30
32,1db51764879da07a9a804f89,M12,3,3,8.75664,45
32,1db51764879da07a9a804f89,M13,3,4.75,9.22512,60
32,1db51764879da07a9a804f89,M14,3,2.61,7.2926,60
32,1db51764879da07a9a804f89,M15,3,5.23,9.44848,60
32,1db51764879da07a9a804f89,M16,3,5.02,14.5472,100
32,1db51764879da07a9a804f89,M17,3,1.72,3.37204,14
32,1db51764879da07a9a804f89,M18,3,4.5,5.56736,21
32,1db51764879da07a9a804f89,M19,3,4.23,5.0238,21
32,1db51764879da07a9a804f89,M20,3,4.49,6.24632,20
32,1db51764879da07a9a804f89,M21,3,4.45,5.0832,21
32,1db51764879da07a9a804f89,M22,3,6.56,8.86476,45
32,1db51764879da07a9a804f89,M23,3,3.92,6.96084,45
32,1db51764879da07a9a804f89,M24,3,6.98,8.98188,45
32,1db51764879da07a9a804f89,M25,3,1.43,7.91896,20
32,1db51764879da07a9a804f89,M26,3,0.84,6.38516,20
32,1db51764879da07a9a804f89,M27,3,1.74,7.96892,30
32,1db51764879da07a9a804f89,M28,3,0.85,6.36368,30
32,1db51764879da07a9a804f89,M29,3,2.62,7.9524,30
32,1db51764879da07a9a804f89,M30,3,1.46,5.08328,21
33,267de3c8ac980a5b10b9c703,M01,2,1.74,2.21412,10
33,267de3c8ac980a5b10b9c703,M02,2,1.33,1.887,15
33,267de3c8ac980a5b10b9c703,M03,2,1.96,2.3088,21
33,267de3c8ac980a5b10b9c703,M04,2,1.46,2.13516,21
33,267de3c8ac980a5b10b9c703,M05,2,1.73,2.06796,21
33,267de3c8ac980a5b10b9c703,M06,2,2.11,2.70968,21
33,267de3c8ac980a5b10b9c703,M07,2,1.97,2.57336,30
33,267de3c8ac980a5b10b9c703,M08,2,1.34,1.78264,30
33,267de3c8ac980a5b10b9c703,M09,2,1.21,1.6102,30
33,267de3c8ac980a5b10b9c703,M10,2,1.97,2.23856,30
33,267de3c8ac980a5b10b9c703,M11,2,1.84,2.06544,30
33,267de3c8ac980a5b10b9c703,M12,2,1.33,1.972,45
33,267de3c8ac980a5b10b9c703,M13,2,1.93,2.5276,60
33,267de3c8ac980a5b10b9c703,M14,2,0.98,1.69124,60
33,267de3c8ac980a5b10b9c703,M15,2,2.67,3.0576,60
33,267de3c8ac980a5b10b9c703,M16,2,1.91,7.04024,100
33,267de3c8ac980a5b10b9c703,M17,2,0.94,1.44744,14
33,267de3c8ac980a5b10b9c703,M18,2,1.7,2.35768,21
33,267de3c8ac980a5b10b9c703,M19,2,2.04,2.35532,21
33,267de3c8ac980a5b10b9c703,M20,2,1.24,1.9828,20
33,267de3c8ac980a5b10b9c703,M21,2,1.6,2.352,21
33,267de3c8ac980a5b10b9c703,M22,2,1.75,2.47952,45
33,267de3c8ac980a5b10b9c703,M23,2,0.95,1.67428,45
33,267de3c8ac980a5b10b9c703,M24,2,3.22,2.86744,45
33,267de3c8ac980a5b10b9c703,M25,2,2.36,3.54948,20
33,267de3c8ac980a5b10b9c703,M26,2,1.06,2.69388,20
33,267de3c8ac980a5b10b9c703,M27,2,2.51,3.9588,30
33,267de3c8ac980a5b10b9c703,M28,2,1.03,2.73248,30
33,267de3c8ac980a5b10b9c703,M29,2,3.92,4.1008,30
33,267de3c8ac980a5b10b9c703,M30,2,1.98,2.44004,21
34,3577ec1a80f55e1baa422693,M01,4,6.42,5.38696,10
34,3577ec1a80f55e1baa422693,M02,4,8.38,6.8402,15
34,3577ec1a80f55e1baa422693,M03,4,7.8,6.09144,21
34,3577ec1a80f55e1baa422693,M04,4,7.03,5.76568,21
34,3577ec1a80f55e1baa422693,M05,4,6.99,5.56688,21
34,3577ec1a80f55e1baa422693,M06,4,9.95,7.99656,21
34,3577ec1a80f55e1baa422693,M07,4,10.21,8.0622,30
34,3577ec1a80f55e1baa422693,M08,4,13.69,10.742,30
34,3577ec1a80f55e1baa422693,M09,4,12.17,9.47976,30
34,3577ec1a80f55e1baa422693,M10,4,15.68,11.83644,30
34,3577ec1a80f55e1baa422693,M11,4,14.53,11.014,30
34,3577ec1a80f55e1baa422693,M12,4,17.81,12.72564,45
34,3577ec1a80f55e1baa422693,M13,4,17.66,12.53204,60
34,3577ec1a80f55e1baa422693,M14,4,14.02,10.4362,60
34,3577ec1a80f55e1baa422693,M15,4,17.95,12.81208,60
34,3577ec1a80f55e1baa422693,M16,4,37.06,21.88368,100
34,3577ec1a80f55e1baa422693,M17,4,5.56,4.36088,14
34,3577ec1a80f55e1baa422693,M18,4,7.62,6.35572,21
34,3577ec1a80f55e1baa422693,M19,4,6.43,5.34252,21
34,3577ec1a80f55e1baa422693,M20,4,8.4,7.5958,20
34,3577ec1a80f55e1baa422693,M21,4,6.19,5.56904,21
34,3577ec1a80f55e1baa422693,M22,4,13.42,11.31232,45
34,3577ec1a80f55e1baa422693,M23,4,11.06,9.32676,45
34,3577ec1a80f55e1baa422693,M24,4,13.78,11.27664,45
34,3577ec1a80f55e1baa422693,M25,4,12.52,8.96324,20
34,3577ec1a80f55e1baa422693,M26,4,10.8,7.53596,20
34,3577ec1a80f55e1baa422693,M27,4,13.05,9.28536,30
34,3577ec1a80f55e1baa422693,M28,4,10.71,7.8228,30
34,3577ec1a80f55e1baa422693,M29,4,13.04,9.26648,30
34,3577ec1a80f55e1baa422693,M30,4,7.81,5.72596,21
35,81b5b6388a6be51a7a64d27f,M01,2,8.18,6.82532,10
35,81b5b6388a6be51a7a64d27f,M02,2,10.78,9.37936,15
35,81b5b6388a6be51a7a64d27f,M03,2,12.1,9.35408,21
35,81b5b6388a6be51a7a64d27f,M04,2,11.04,8.74972,21
35,81b5b6388a6be51a7a64d27f,M05,2,11.19,8.73384,21
35,81b5b6388a6be51a7a64d27f,M06,2,14.89,11.67852,21
35,81b5b6388a6be51a7a64d27f,M07,2,16.75,12.93588,30
35,81b5b6388a6be51a7a64d27f,M08,2,21.09,17.43992,30
35,81b5b6388a6be51a7a64d27f,M09,2,19.61,16.3386,30
35,81b5b6388a6be51a7a64d27f,M10,2,22.78,18.54264,30
35,81b5b6388a6be51a7a64d27f,M11,2,21.73,17.80644,30
35,81b5b6388a6be51a7a64d27f,M12,2,30.42,23.16616,45
35,81b5b6388a6be51a7a64d27f,M13,2,31.54,22.84348,60
35,81b5b6388a6be51a7a64d27f,M14,2,27.74,19.9546,60
35,81b5b6388a6be51a7a64d27f,M15,2,31.95,23.29608,60
35,81b5b6388a6be51a7a64d27f,M16,2,60.35,47.99534,100
35,81b5b6388a6be51a7a64d27f,M17,2,8.28,6.62812,14
35,81b5b6388a6be51a7a64d27f,M18,2,11.5,9.04036,21
35,81b5b6388a6be51a7a64d27f,M19,2,10.73,7.6652,21
35,81b5b6388a6be51a7a64d27f,M20,2,12.57,9.59876,20
35,81b5b6388a6be51a7a64d27f,M21,2,9.05,7.42132,21
35,81b5b6388a6be51a7a64d27f,M22,2,24.68,17.1686,45
35,81b5b6388a6be51a7a64d27f,M23,2,19.35,14.73848,45
35,81b5b6388a6be51a7a64d27f,M24,2,25.7,17.57956,45
35,81b5b6388a6be51a7a64d27f,M25,2,15.5,13.459,20
35,81b5b6388a6be51a7a64d27f,M26,2,14.14,12.44696,20
35,81b5b6388a6be51a7a64d27f,M27,2,19.16,15.93892,30
35,81b5b6388a6be51a7a64d27f,M28,2,17.06,14.11564,30
35,81b5b6388a6be51a7a64d27f,M29,2,17.93,16.01648,30
35,81b5b6388a6be51a7a64d27f,M30,2,12.15,9.40876,21
37,7e22cb18273d1125b6e9f516,M01,4,3.7,4.40416,10
37,7e22cb18273d1125b6e9f516,M02,4,3.63,5.35576,15
37,7e22cb18273d1125b6e9f516,M03,4,4.22,4.9762,21
37,7e22cb18273d1125b6e9f516,M04,4,3.74,4.70756,21
37,7e22cb18273d1125b6e9f516,M05,4,3.49,4.51692,21
37,7e22cb18273d1125b6e9f516,M06,4,5.33,6.32824,21
37,7e22cb18273d1125b6e9f516,M07,4,4.42,6.15376,30
37,7e22cb18273d1125b6e9f516,M08,4,3.68,7.87096,30
37,7e22cb18273d1125b6e9f516,M09,4,2.42,6.83632,30
37,7e22cb18273d1125b6e9f516,M10,4,4.87,8.94752,30
37,7e22cb18273d1125b6e9f516,M11,4,3.6,8.13212,30
37,7e22cb18273d1125b6e9f516,M12,4,3.48,8.45352,45
37,7e22cb18273d1125b6e9f516,M13,4,5.14,8.99176,60
37,7e22cb18273d1125b6e9f516,M14,4,3,7.12236,60
37,7e22cb18273d1125b6e9f516,M15,4,5.55,9.21704,60
37,7e22cb18273d1125b6e9f516,M16,4,5.64,13.72072,100
37,7e22cb18273d1125b6e9f516,M17,4,1.83,3.2522,14
37,7e22cb18273d1125b6e9f516,M18,4,4.55,5.10024,21
37,7e22cb18273d1125b6e9f516,M19,4,4.17,4.60732,21
37,7e22cb18273d1125b6e9f516,M20,4,4.17,5.6528,20
37,7e22cb18273d1125b6e9f516,M21,4,4.22,4.6628,21
37,7e22cb18273d1125b6e9f516,M22,4,5.28,8.08192,45
37,7e22cb18273d1125b6e9f516,M23,4,2.76,6.5204,45
37,7e22cb18273d1125b6e9f516,M24,4,5.74,8.24892,45
37,7e22cb18273d1125b6e9f516,M25,4,2.69,7.54336,20
37,7e22cb18273d1125b6e9f516,M26,4,1.53,6.37076,20
37,7e22cb18273d1125b6e9f516,M27,4,2.92,8.53156,30
37,7e22cb18273d1125b6e9f516,M28,4,1.66,7.04816,30
37,7e22cb18273d1125b6e9f516,M29,4,4.44,8.47684,30
37,7e22cb18273d1125b6e9f516,M30,4,2.17,5.00768,21
38,025d82d93173ecb6ae20cb79,M25,4,16.44,15.073,20
38,025d82d93173ecb6ae20cb79,M26,4,15.17,14.11064,20
38,025d82d93173ecb6ae20cb79,M27,4,21.16,19.14856,30
38,025d82d93173ecb6ae20cb79,M28,4,19.39,17.29708,30
38,025d82d93173ecb6ae20cb79,M29,4,20.03,19.13744,30
38,025d82d93173ecb6ae20cb79,M30,4,13.74,11.99464,21
39,32b4a6a7cbc6bc4e42d3e216,M01,2,6.22,6.34164,10
39,32b4a6a7cbc6bc4e42d3e216,M02,2,8.27,8.33272,15
39,32b4a6a7cbc6bc4e42d3e216,M03,2,7.65,7.84688,21
39,32b4a6a7cbc6bc4e42d3e216,M04,2,7.08,7.37244,21
39,32b4a6a7cbc6bc4e42d3e216,M05,2,6.96,7.07288,21
39,32b4a6a7cbc6bc4e42d3e216,M06,2,9.58,9.9738,21
39,32b4a6a7cbc6bc4e42d3e216,M07,2,10.06,10.6372,30
39,32b4a6a7cbc6bc4e42d3e216,M08,2,13.73,13.6652,30
39,32b4a6a7cbc6bc4e42d3e216,M09,2,12.64,12.55364,30
39,32b4a6a7cbc6bc4e42d3e216,M10,2,15.6,14.9902,30
39,32b4a6a7cbc6bc4e42d3e216,M11,2,14.67,14.1818,30
39,32b4a6a7cbc6bc4e42d3e216,M12,2,18.07,17.89264,45
39,32b4a6a7cbc6bc4e42d3e216,M13,2,17.28,17.15472,60
39,32b4a6a7cbc6bc4e42d3e216,M14,2,13.98,14.82076,60
39,32b4a6a7cbc6bc4e42d3e216,M15,2,17.79,17.70912,60
39,32b4a6a7cbc6bc4e42d3e216,M16,2,37.17,39.61652,100
39,32b4a6a7cbc6bc4e42d3e216,M17,2,5.66,5.87704,14
39,32b4a6a7cbc6bc4e42d3e216,M18,2,7.69,7.73448,21
39,32b4a6a7cbc6bc4e42d3e216,M19,2,6.25,6.31684,21
39,32b4a6a7cbc6bc4e42d3e216,M20,2,8.27,8.54744,20
39,32b4a6a7cbc6bc4e42d3e216,M21,2,6.14,6.20728,21
39,32b4a6a7cbc6bc4e42d3e216,M22,2,13.09,12.63696,45
39,32b4a6a7cbc6bc4e42d3e216,M23,2,10.93,10.77188,45
39,32b4a6a7cbc6bc4e42d3e216,M24,2,13.48,13.0004,45
39,32b4a6a7cbc6bc4e42d3e216,M25,2,12.25,12.3844,20
39,32b4a6a7cbc6bc4e42d3e216,M26,2,10.71,11.05076,20
39,32b4a6a7cbc6bc4e42d3e216,M27,2,12.7,12.58648,30
39,32b4a6a7cbc6bc4e42d3e216,M28,2,10.54,10.76388,30
39,32b4a6a7cbc6bc4e42d3e216,M29,2,12.77,12.69736,30
39,32b4a6a7cbc6bc4e42d3e216,M30,2,7.67,7.79608,21
40,be488e74b9d5fd8fc60a7d96,M01,2,4.65,5.46504,10
40,be488e74b9d5fd8fc60a7d96,M02,2,6.02,7.02848,15
40,be488e74b9d5fd8fc60a7d96,M03,2,5.23,6.23244,21
40,be488e74b9d5fd8fc60a7d96,M04,2,5.01,5.87704,21
40,be488e74b9d5fd8fc60a7d96,M05,2,4.88,5.70248,21
40,be488e74b9d5fd8fc60a7d96,M06,2,6.63,7.98684,21
40,be488e74b9d5fd8fc60a7d96,M07,2,6.58,8.29748,30
40,be488e74b9d5fd8fc60a7d96,M08,2,8.1,10.76488,30
40,be488e74b9d5fd8fc60a7d96,M09,2,7.15,9.62588,30
40,be488e74b9d5fd8fc60a7d96,M10,2,9.7,11.90112,30
40,be488e74b9d5fd8fc60a7d96,M11,2,8.77,11.16808,30
40,be488e74b9d5fd8fc60a7d96,M12,2,9.47,13.18084,45
40,be488e74b9d5fd8fc60a7d96,M13,2,9.89,12.92268,60
40,be488e74b9d5fd8fc60a7d96,M14,2,7.11,10.72784,60
40,be488e74b9d5fd8fc60a7d96,M15,2,9.8,13.02524,60
40,be488e74b9d5fd8fc60a7d96,M16,2,16.73,25.62248,100
40,be488e74b9d5fd8fc60a7d96,M17,2,3.29,4.45168,14
40,be488e74b9d5fd8fc60a7d96,M18,2,5.42,6.26564,21
40,be488e74b9d5fd8fc60a7d96,M19,2,4.65,5.38952,21
40,be488e74b9d5fd8fc60a7d96,M20,2,5.5,7.206,20
40,be488e74b9d5fd8fc60a7d96,M21,2,4.66,5.43636,21
40,be488e74b9d5fd8fc60a7d96,M22,2,7.9,10.49084,45
40,be488e74b9d5fd8fc60a7d96,M23,2,6.24,8.78964,45
40,be488e74b9d5fd8fc60a7d96,M24,2,7.89,10.5448,45
40,be488e74b9d5fd8fc60a7d96,M25,2,8.87,10.30064,20
40,be488e74b9d5fd8fc60a7d96,M26,2,7.02,8.94448,20
40,be488e74b9d5fd8fc60a7d96,M27,2,8.55,10.39348,30
40,be488e74b9d5fd8fc60a7d96,M28,2,7.07,8.6226,30
40,be488e74b9d5fd8fc60a7d96,M29,2,8.23,10.28568,30
40,be488e74b9d5fd8fc60a7d96,M30,2,5.24,6.16508,21
42,f1ade222212d6fb05f2db5bc,M01,4,5.27,5.75856,10
42,f1ade222212d6fb05f2db5bc,M02,4,6.89,7.34476,15
42,f1ade222212d6fb05f2db5bc,M03,4,5.93,6.86236,21
42,f1ade222212d6fb05f2db5bc,M04,4,5.58,6.45172,21
42,f1ade222212d6fb05f2db5bc,M05,4,5.47,6.3324,21
42,f1ade222212d6fb05f2db5bc,M06,4,7.51,8.91564,21
42,f1ade222212d6fb05f2db5bc,M07,4,7.63,9.3204,30
42,f1ade222212d6fb05f2db5bc,M08,4,10.16,12.23412,30
42,f1ade222212d6fb05f2db5bc,M09,4,9.11,11.363,30
42,f1ade222212d6fb05f2db5bc,M10,4,11.87,13.41924,30
42,f1ade222212d6fb05f2db5bc,M11,4,10.9,12.79784,30
42,f1ade222212d6fb05f2db5bc,M12,4,12.56,15.89792,45
42,f1ade222212d6fb05f2db5bc,M13,4,12.56,15.5966,60
42,f1ade222212d6fb05f2db5bc,M14,4,9.87,13.11892,60
42,f1ade222212d6fb05f2db5bc,M15,4,12.44,15.95824,60
42,f1ade222212d6fb05f2db5bc,M16,4,24.3,27.3898,100
42,f1ade222212d6fb05f2db5bc,M17,4,4.17,4.8954,14
42,f1ade222212d6fb05f2db5bc,M18,4,6.06,6.93376,21
42,f1ade222212d6fb05f2db5bc,M19,4,5.16,5.60036,21
42,f1ade222212d6fb05f2db5bc,M20,4,6.55,7.77052,20
42,f1ade222212d6fb05f2db5bc,M21,4,5.14,5.8444,21
42,f1ade222212d6fb05f2db5bc,M22,4,9.89,12.17016,45
42,f1ade222212d6fb05f2db5bc,M23,4,8.1,10.3774,45
42,f1ade222212d6fb05f2db5bc,M24,4,9.94,12.28536,45
42,f1ade222212d6fb05f2db5bc,M25,4,10.37,10.75956,20
42,f1ade222212d6fb05f2db5bc,M26,4,8.62,9.54716,20
42,f1ade222212d6fb05f2db5bc,M27,4,9.9,11.49384,30
42,f1ade222212d6fb05f2db5bc,M28,4,8.2,9.83704,30
42,f1ade222212d6fb05f2db5bc,M29,4,9.63,11.34668,30
42,f1ade222212d6fb05f2db5bc,M30,4,5.95,6.89592,21
43,7f4d6eb0a9092987a5326f08,M01,3,7.07,7.1946,10
43,7f4d6eb0a9092987a5326f08,M02,3,9.37,9.41788,15
43,7f4d6eb0a9092987a5326f08,M03,3,9.46,9.4376,21
43,7f4d6eb0a9092987a5326f08,M04,3,8.74,8.83476,21
43,7f4d6eb0a9092987a5326f08,M05,3,8.76,8.76916,21
43,7f4d6eb0a9092987a5326f08,M06,3,12.02,12.31524,21
43,7f4d6eb0a9092987a5326f08,M07,3,12.85,13.39024,30
43,7f4d6eb0a9092987a5326f08,M08,3,17.14,17.82568,30
43,7f4d6eb0a9092987a5326f08,M09,3,16.03,16.878,30
43,7f4d6eb0a9092987a5326f08,M10,3,18.89,18.97908,30
43,7f4d6eb0a9092987a5326f08,M11,3,18.02,18.39448,30
43,7f4d6eb0a9092987a5326f08,M12,3,23.91,24.03736,45
43,7f4d6eb0a9092987a5326f08,M13,3,24.02,23.94208,60
43,7f4d6eb0a9092987a5326f08,M14,3,20.36,20.995,60
43,7f4d6eb0a9092987a5326f08,M15,3,23.9,24.22776,60
43,7f4d6eb0a9092987a5326f08,M16,3,51.58,48.88444,100
43,7f4d6eb0a9092987a5326f08,M17,3,6.94,7.02068,14
43,7f4d6eb0a9092987a5326f08,M18,3,9.32,9.17712,21
43,7f4d6eb0a9092987a5326f08,M19,3,7.2,7.97892,21
43,7f4d6eb0a9092987a5326f08,M20,3,9.35,10.06412,20
43,7f4d6eb0a9092987a5326f08,M21,3,6.9,7.57984,21
43,7f4d6eb0a9092987a5326f08,M22,3,15.49,18.53316,45
43,7f4d6eb0a9092987a5326f08,M23,3,13.01,15.81032,45
43,7f4d6eb0a9092987a5326f08,M24,3,15.88,18.76244,45
43,7f4d6eb0a9092987a5326f08,M25,3,13.81,13.54556,20
43,7f4d6eb0a9092987a5326f08,M26,3,12.47,12.54436,20
43,7f4d6eb0a9092987a5326f08,M27,3,15.78,15.8534,30
43,7f4d6eb0a9092987a5326f08,M28,3,13.69,13.95576,30
43,7f4d6eb0a9092987a5326f08,M29,3,15.58,15.63268,30
43,7f4d6eb0a9092987a5326f08,M30,3,9.53,9.50704,21
47,56fa096b85beceab80fd1c4e,M01,4,7.23,6.09064,10
47,56fa096b85beceab80fd1c4e,M02,4,9.54,8.03552,15
47,56fa096b85beceab80fd1c4e,M03,4,9.71,7.39404,21
47,56fa096b85beceab80fd1c4e,M04,4,8.88,6.92268,21
47,56fa096b85beceab80fd1c4e,M05,4,8.92,6.73496,21
47,56fa096b85beceab80fd1c4e,M06,4,12.33,9.28104,21
47,56fa096b85beceab80fd1c4e,M07,4,13.14,9.85084,30
47,56fa096b85beceab80fd1c4e,M08,4,17.42,13.90952,30
47,56fa096b85beceab80fd1c4e,M09,4,16.16,12.81904,30
47,56fa096b85beceab80fd1c4e,M10,4,19.22,15.35668,30
47,56fa096b85beceab80fd1c4e,M11,4,18.29,14.5174,30
47,56fa096b85beceab80fd1c4e,M12,4,24.22,18.05112,45
47,56fa096b85beceab80fd1c4e,M13,4,24.43,17.47292,60
47,56fa096b85beceab80fd1c4e,M14,4,20.46,14.43376,60
47,56fa096b85beceab80fd1c4e,M15,4,24.59,17.73408,60
47,56fa096b85beceab80fd1c4e,M16,4,51.76,37.42064,100
47,56fa096b85beceab80fd1c4e,M17,4,6.99,5.35464,14
47,56fa096b85beceab80fd1c4e,M18,4,9.47,7.39112,21
47,56fa096b85beceab80fd1c4e,M19,4,7.81,6.09484,21
47,56fa096b85beceab80fd1c4e,M20,4,9.99,8.3392,20
47,56fa096b85beceab80fd1c4e,M21,4,7.39,6.03896,21
47,56fa096b85beceab80fd1c4e,M22,4,17.17,13.50048,45
47,56fa096b85beceab80fd1c4e,M23,4,14.37,11.04972,45
47,56fa096b85beceab80fd1c4e,M24,4,17.82,13.91704,45
47,56fa096b85beceab80fd1c4e,M25,4,14.03,11.51336,20
47,56fa096b85beceab80fd1c4e,M26,4,12.58,10.17436,20
47,56fa096b85beceab80fd1c4e,M27,4,16.08,12.50864,30
47,56fa096b85beceab80fd1c4e,M28,4,13.84,10.33312,30
47,56fa096b85beceab80fd1c4e,M29,4,16.04,12.58312,30
47,56fa096b85beceab80fd1c4e,M30,4,9.74,7.30436,21
48,abc7a286c25bfc8ab683f22c,M01,1,5.47,5.53252,10
48,abc7a286c25bfc8ab683f22c,M02,1,6.73,7.11268,15
48,abc7a286c25bfc8ab683f22c,M03,1,6.17,6.55656,21
48,abc7a286c25bfc8ab683f22c,M04,1,5.53,6.12772,21
48,abc7a286c25bfc8ab683f22c,M05,1,5.32,5.6204,21
48,abc7a286c25bfc8ab683f22c,M06,1,7.86,8.51804,21
48,abc7a286c25bfc8ab683f22c,M07,1,7.65,8.81192,30
48,abc7a286c25bfc8ab683f22c,M08,1,10.47,11.2096,30
48,abc7a286c25bfc8ab683f22c,M09,1,9.16,9.75144,30
48,abc7a286c25bfc8ab683f22c,M10,1,11.04,12.55264,30
48,abc7a286c25bfc8ab683f22c,M11,1,10.9,11.49408,30
48,abc7a286c25bfc8ab683f22c,M12,1,14.13,13.6336,45
48,abc7a286c25bfc8ab683f22c,M13,1,12.5,12.8478,60
48,abc7a286c25bfc8ab683f22c,M14,1,10.64,11.30564,60
48,abc7a286c25bfc8ab683f22c,M15,1,14.12,12.59708,60
48,abc7a286c25bfc8ab683f22c,M16,1,19.18,28.76292,100
48,abc7a286c25bfc8ab683f22c,M17,1,4.52,4.89956,14
48,abc7a286c25bfc8ab683f22c,M18,1,6.65,6.61884,21
48,abc7a286c25bfc8ab683f22c,M19,1,5.17,5.47684,21
48,abc7a286c25bfc8ab683f22c,M20,1,6.66,7.36516,20
48,abc7a286c25bfc8ab683f22c,M21,1,5.16,5.42816,21
48,abc7a286c25bfc8ab683f22c,M22,1,10.33,10.68404,45
48,abc7a286c25bfc8ab683f22c,M23,1,8.2,8.73436,45
48,abc7a286c25bfc8ab683f22c,M24,1,10.93,11.01708,45
48,abc7a286c25bfc8ab683f22c,M25,1,10.28,10.2662,20
48,abc7a286c25bfc8ab683f22c,M26,1,7.9,8.8588,20
48,abc7a286c25bfc8ab683f22c,M27,1,9.9,10.33456,30
48,abc7a286c25bfc8ab683f22c,M28,1,7.8,8.36284,30
48,abc7a286c25bfc8ab683f22c,M29,1,10.67,10.68656,30
48,abc7a286c25bfc8ab683f22c,M30,1,5.78,6.3082,21
49,dddb83856cd5a1813573467f,M01,0,6.39,5.31148,10
49,dddb83856cd5a1813573467f,M02,0,8.42,6.81924,15
49,dddb83856cd5a1813573467f,M03,0,7.8,5.99508,21
49,dddb83856cd5a1813573467f,M04,0,7.05,5.65136,21
49,dddb83856cd5a1813573467f,M05,0,6.9,5.39868,21
49,dddb83856cd5a1813573467f,M06,0,9.91,7.67376,21
49,dddb83856cd5a1813573467f,M07,0,10.32,7.8272,30
49,dddb83856cd5a1813573467f,M08,0,14.27,11.08996,30
49,dddb83856cd5a1813573467f,M09,0,12.95,9.57436,30
49,dddb83856cd5a1813573467f,M10,0,16.07,12.25932,30
49,dddb83856cd5a1813573467f,M11,0,14.78,11.08628,30
49,dddb83856cd5a1813573467f,M12,0,19.15,13.659,45
49,dddb83856cd5a1813573467f,M13,0,18.31,13.49556,60
49,dddb83856cd5a1813573467f,M14,0,15,11.0798,60
49,dddb83856cd5a1813573467f,M15,0,18.5,13.65448,60
49,dddb83856cd5a1813573467f,M16,0,41.29,26.06616,100
49,dddb83856cd5a1813573467f,M17,0,5.62,4.1238,14
49,dddb83856cd5a1813573467f,M18,0,7.65,6.25624,21
49,dddb83856cd5a1813573467f,M19,0,6.42,5.24612,21
49,dddb83856cd5a1813573467f,M20,0,8.49,7.40012,20
49,dddb83856cd5a1813573467f,M21,0,6.14,5.49416,21
49,dddb83856cd5a1813573467f,M22,0,13.47,11.34328,45
49,dddb83856cd5a1813573467f,M23,0,11.3,9.40548,45
49,dddb83856cd5a1813573467f,M24,0,13.91,11.36452,45
49,dddb83856cd5a1813573467f,M25,0,11.93,8.82192,20
49,dddb83856cd5a1813573467f,M26,0,10.36,7.38476,20
49,dddb83856cd5a1813573467f,M27,0,12.11,8.96112,30
49,dddb83856cd5a1813573467f,M28,0,10.05,7.42272,30
49,dddb83856cd5a1813573467f,M29,0,12,8.95752,30
49,dddb83856cd5a1813573467f,M30,0,7.07,5.40572,21
51,8462267483bc8dc0c5eb0740,M01,0,6.49,6.79768,10
51,8462267483bc8dc0c5eb0740,M02,0,8.62,9.3218,15
51,8462267483bc8dc0c5eb0740,M03,0,8.17,9.375056,21
51,8462267483bc8dc0c5eb0740,M04,0,7.47,8.80272,21
51,8462267483bc8dc0c5eb0740,M05,0,7.43,8.759912,21
51,8462267483bc8dc0c5eb0740,M06,0,10.34,11.59788,21
51,8462267483bc8dc0c5eb0740,M07,0,10.9,12.841152,30
51,8462267483bc8dc0c5eb0740,M08,0,15.02,17.469594,30
51,8462267483bc8dc0c5eb0740,M09,0,13.93,16.48364,30
51,8462267483bc8dc0c5eb0740,M10,0,16.73,18.765284,30
51,8462267483bc8dc0c5eb0740,M11,0,15.89,17.9530686667,30
51,8462267483bc8dc0c5eb0740,M12,0,20.5,23.94792,45
51,8462267483bc8dc0c5eb0740,M13,0,19.62,23.6778933333,60
51,8462267483bc8dc0c5eb0740,M14,0,16.25,20.52616,60
51,8462267483bc8dc0c5eb0740,M15,0,19.84,24.16568,60
51,8462267483bc8dc0c5eb0740,M16,0,44.74,44.3169533333,100
51,8462267483bc8dc0c5eb0740,M17,0,6.01,6.56858,14
51,8462267483bc8dc0c5eb0740,M18,0,8.09,9.17660666667,21
51,8462267483bc8dc0c5eb0740,M19,0,6.21,7.21419,21
51,8462267483bc8dc0c5eb0740,M20,0,8.43,9.45558666667,20
51,8462267483bc8dc0c5eb0740,M21,0,6,7.03028,21
51,8462267483bc8dc0c5eb0740,M22,0,13.12,17.1643666667,45
51,8462267483bc8dc0c5eb0740,M23,0,11.27,14.5953926667,45
51,8462267483bc8dc0c5eb0740,M24,0,13.25,17.6442333333,45
51,8462267483bc8dc0c5eb0740,M25,0,12.78,13.22172,20
51,8462267483bc8dc0c5eb0740,M26,0,11.36,12.14512,20
51,8462267483bc8dc0c5eb0740,M27,0,13.72,15.53664,30
51,8462267483bc8dc0c5eb0740,M28,0,11.6,13.59492,30
51,8462267483bc8dc0c5eb0740,M29,0,13.62,15.39734,30
51,8462267483bc8dc0c5eb0740,M30,0,8.19,9.374826,21
53,de76339ba27df16100871511,M01,0,3.38,4.48864,10
53,de76339ba27df16100871511,M02,0,3.93,5.66408,15
53,de76339ba27df16100871511,M03,0,4.11,4.9644,21
53,de76339ba27df16100871511,M04,0,3.84,4.73388,21
53,de76339ba27df16100871511,M05,0,3.52,4.52504,21
53,de76339ba27df16100871511,M06,0,5.49,6.67512,21
53,de76339ba27df16100871511,M07,0,4.46,6.30564,30
53,de76339ba27df16100871511,M08,0,3.94,7.2066,30
53,de76339ba27df16100871511,M09,0,2.9,5.97804,30
53,de76339ba27df16100871511,M10,0,5.54,8.0696,30
53,de76339ba27df16100871511,M11,0,4.28,7.19364,30
53,de76339ba27df16100871511,M12,0,3.97,7.70876,45
53,de76339ba27df16100871511,M13,0,5.59,8.39816,60
53,de76339ba27df16100871511,M14,0,3.67,6.43672,60
53,de76339ba27df16100871511,M15,0,5.59,8.67024,60
53,de76339ba27df16100871511,M16,0,6.85,19.90536,100
53,de76339ba27df16100871511,M17,0,1.84,3.45072,14
53,de76339ba27df16100871511,M18,0,4.51,5.20892,21
53,de76339ba27df16100871511,M19,0,4.16,4.71256,21
53,de76339ba27df16100871511,M20,0,4.24,6.07708,20
53,de76339ba27df16100871511,M21,0,4.14,4.82568,21
53,de76339ba27df16100871511,M22,0,5.41,7.93732,45
53,de76339ba27df16100871511,M23,0,3.14,6.23996,45
53,de76339ba27df16100871511,M24,0,5.54,8.08856,45
53,de76339ba27df16100871511,M25,0,6.3,7.15784,20
53,de76339ba27df16100871511,M26,0,4.76,5.67496,20
53,de76339ba27df16100871511,M27,0,6.72,7.33736,30
53,de76339ba27df16100871511,M28,0,5.26,5.8014,30
53,de76339ba27df16100871511,M29,0,6.49,7.4604,30
53,de76339ba27df16100871511,M30,0,4.69,4.2322,21
54,1fbd74bab3e102b26979a15d,M01,3,6.95,5.70572,10
54,1fbd74bab3e102b26979a15d,M02,3,9.32,7.18896,15
54,1fbd74bab3e102b26979a15d,M03,3,9.36,6.58004,21
54,1fbd74bab3e102b26979a15d,M04,3,8.58,6.182,21
54,1fbd74bab3e102b26979a15d,M05,3,8.47,6.04224,21
54,1fbd74bab3e102b26979a15d,M06,3,11.66,8.17892,21
54,1fbd74bab3e102b26979a15d,M07,3,12.67,8.41208,30
54,1fbd74bab3e102b26979a15d,M08,3,16.97,11.007,30
54,1fbd74bab3e102b26979a15d,M09,3,15.81,9.94228,30
54,1fbd74bab3e102b26979a15d,M10,3,18.69,12.05888,30
54,1fbd74bab3e102b26979a15d,M11,3,17.71,11.39412,30
54,1fbd74bab3e102b26979a15d,M12,3,23.66,13.40568,45
54,1fbd74bab3e102b26979a15d,M13,3,23.09,13.31916,60
54,1fbd74bab3e102b26979a15d,M14,3,19.41,11.02608,60
54,1fbd74bab3e102b26979a15d,M15,3,23.49,13.48336,60
54,1fbd74bab3e102b26979a15d,M16,3,50.35,27.05268,100
54,1fbd74bab3e102b26979a15d,M17,3,6.73,4.48224,14
54,1fbd74bab3e102b26979a15d,M18,3,9.19,6.53384,21
54,1fbd74bab3e102b26979a15d,M19,3,5.99,5.67788,21
54,1fbd74bab3e102b26979a15d,M20,3,10.45,7.29188,20
54,1fbd74bab3e102b26979a15d,M21,3,7.65,5.7146,21
54,1fbd74bab3e102b26979a15d,M22,3,18.33,10.81488,45
54,1fbd74bab3e102b26979a15d,M23,3,15.35,9.11084,45
54,1fbd74bab3e102b26979a15d,M24,3,18.65,10.78612,45
54,1fbd74bab3e102b26979a15d,M25,3,13.62,10.63216,20
54,1fbd74bab3e102b26979a15d,M26,3,12.21,9.38076,20
54,1fbd74bab3e102b26979a15d,M27,3,15.35,10.70856,30
54,1fbd74bab3e102b26979a15d,M28,3,13.22,8.88132,30
54,1fbd74bab3e102b26979a15d,M29,3,15.38,10.5272,30
54,1fbd74bab3e102b26979a15d,M30,3,9.38,6.57964,21
55,d9401cbf16b2cebc83fd68dc,M01,2,5.39,6.07124,10
55,d9401cbf16b2cebc83fd68dc,M02,2,7.21,7.56756,15
55,d9401cbf16b2cebc83fd68dc,M03,2,6.3,7.10268,21
55,d9401cbf16b2cebc83fd68dc,M04,2,5.76,6.623,21
55,d9401cbf16b2cebc83fd68dc,M05,2,5.45,6.43856,21
55,d9401cbf16b2cebc83fd68dc,M06,2,7.76,9.1574,21
55,d9401cbf16b2cebc83fd68dc,M07,2,8.11,9.39536,30
55,d9401cbf16b2cebc83fd68dc,M08,2,10.91,12.85064,30
55,d9401cbf16b2cebc83fd68dc,M09,2,9.45,11.61944,30
55,d9401cbf16b2cebc83fd68dc,M10,2,12.73,14.1854,30
55,d9401cbf16b2cebc83fd68dc,M11,2,11.12,13.23052,30
55,d9401cbf16b2cebc83fd68dc,M12,2,13.56,16.24208,45
55,d9401cbf16b2cebc83fd68dc,M13,2,13.3,15.85556,60
55,d9401cbf16b2cebc83fd68dc,M14,2,10.39,13.17944,60
55,d9401cbf16b2cebc83fd68dc,M15,2,13.5,16.08676,60
55,d9401cbf16b2cebc83fd68dc,M16,2,25.91,27.08508,100
55,d9401cbf16b2cebc83fd68dc,M17,2,5.47,4.90908,14
55,d9401cbf16b2cebc83fd68dc,M18,2,7.59,6.98464,21
55,d9401cbf16b2cebc83fd68dc,M19,2,5.28,6.01352,21
55,d9401cbf16b2cebc83fd68dc,M20,2,9.12,7.9124,20
55,d9401cbf16b2cebc83fd68dc,M21,2,6.59,5.87768,21
55,d9401cbf16b2cebc83fd68dc,M22,2,14.79,12.13396,45
55,d9401cbf16b2cebc83fd68dc,M23,2,12.29,10.20684,45
55,d9401cbf16b2cebc83fd68dc,M24,2,15.29,12.24048,45
55,d9401cbf16b2cebc83fd68dc,M25,2,8.83,10.71968,20
55,d9401cbf16b2cebc83fd68dc,M26,2,6.8,9.4074,20
55,d9401cbf16b2cebc83fd68dc,M27,2,8.55,11.30892,30
55,d9401cbf16b2cebc83fd68dc,M28,2,6.99,9.4786,30
55,d9401cbf16b2cebc83fd68dc,M29,2,8.71,11.30048,30
55,d9401cbf16b2cebc83fd68dc,M30,2,5.17,6.78052,21
56,780c412e404e2d3c20298ba1,M25,3,13.86,13.6934,20
56,780c412e404e2d3c20298ba1,M26,3,12.55,12.72336,20
56,780c412e404e2d3c20298ba1,M27,3,15.99,16.03632,30
56,780c412e404e2d3c20298ba1,M28,3,13.99,14.10284,30
56,780c412e404e2d3c20298ba1,M29,3,15.68,16.03572,30
56,780c412e404e2d3c20298ba1,M30,3,9.82,10.03432,21
57,7b782a00d24f8ce3c9b9fbce,M01,2,7.56,7.65952,10
57,7b782a00d24f8ce3c9b9fbce,M02,2,10.02,10.40152,15
57,7b782a00d24f8ce3c9b9fbce,M03,2,10.68,11.9678,21
57,7b782a00d24f8ce3c9b9fbce,M04,2,9.82,11.19136,21
57,7b782a00d24f8ce3c9b9fbce,M05,2,9.89,11.25808,21
57,7b782a00d24f8ce3c9b9fbce,M06,2,13.36,14.47428,21
57,7b782a00d24f8ce3c9b9fbce,M07,2,14.66,15.98232,30
57,7b782a00d24f8ce3c9b9fbce,M08,2,19.03,20.33288,30
57,7b782a00d24f8ce3c9b9fbce,M09,2,17.81,19.32528,30
57,7b782a00d24f8ce3c9b9fbce,M10,2,20.72,21.72944,30
57,7b782a00d24f8ce3c9b9fbce,M11,2,19.83,21.27064,30
57,7b782a00d24f8ce3c9b9fbce,M12,2,27.09,28.64168,45
57,7b782a00d24f8ce3c9b9fbce,M13,2,27.6,28.94988,60
57,7b782a00d24f8ce3c9b9fbce,M14,2,23.89,25.97896,60
57,7b782a00d24f8ce3c9b9fbce,M15,2,27.74,29.35296,60
57,7b782a00d24f8ce3c9b9fbce,M16,2,55.96,55.21452,100
57,7b782a00d24f8ce3c9b9fbce,M17,2,7.57,7.73724,14
57,7b782a00d24f8ce3c9b9fbce,M18,2,10.37,11.38668,21
57,7b782a00d24f8ce3c9b9fbce,M19,2,8.67,9.56292,21
57,7b782a00d24f8ce3c9b9fbce,M20,2,10.83,11.68376,20
57,7b782a00d24f8ce3c9b9fbce,M21,2,8.12,9.0514,21
57,7b782a00d24f8ce3c9b9fbce,M22,2,19.44,23.66808,45
57,7b782a00d24f8ce3c9b9fbce,M23,2,16.26,20.61036,45
57,7b782a00d24f8ce3c9b9fbce,M24,2,20.07,23.44048,45
57,7b782a00d24f8ce3c9b9fbce,M25,2,14.56,15.06088,20
57,7b782a00d24f8ce3c9b9fbce,M26,2,13.27,14.12932,20
57,7b782a00d24f8ce3c9b9fbce,M27,2,17.35,19.06168,30
57,7b782a00d24f8ce3c9b9fbce,M28,2,15.28,17.47848,30
57,7b782a00d24f8ce3c9b9fbce,M29,2,17.28,18.95824,30
57,7b782a00d24f8ce3c9b9fbce,M30,2,10.73,12.11432,21
58,4b6408684e7ec1b4fb4f8f15,M01,3,4.78,4.67596,10
58,4b6408684e7ec1b4fb4f8f15,M02,3,6.23,5.69816,15
58,4b6408684e7ec1b4fb4f8f15,M03,3,5.37,5.32072,21
58,4b6408684e7ec1b4fb4f8f15,M04,3,5.04,5.01836,21
58,4b6408684e7ec1b4fb4f8f15,M05,3,5.03,4.88016,21
58,4b6408684e7ec1b4fb4f8f15,M06,3,7.02,6.70748,21
58,4b6408684e7ec1b4fb4f8f15,M07,3,6.97,6.59988,30
58,4b6408684e7ec1b4fb4f8f15,M08,3,8.64,7.47044,30
58,4b6408684e7ec1b4fb4f8f15,M09,3,7.23,6.51108,30
58,4b6408684e7ec1b4fb4f8f15,M10,3,10.16,8.3608,30
58,4b6408684e7ec1b4fb4f8f15,M11,3,8.93,7.82484,30
58,4b6408684e7ec1b4fb4f8f15,M12,3,9.94,8.817,45
58,4b6408684e7ec1b4fb4f8f15,M13,3,10.37,9.31088,60
58,4b6408684e7ec1b4fb4f8f15,M14,3,7.81,7.26104,60
58,4b6408684e7ec1b4fb4f8f15,M15,3,10.46,9.54384,60
58,4b6408684e7ec1b4fb4f8f15,M16,3,17.83,18.68796,100
58,4b6408684e7ec1b4fb4f8f15,M17,3,3.39,3.34112,14
58,4b6408684e7ec1b4fb4f8f15,M18,3,5.52,5.483,21
58,4b6408684e7ec1b4fb4f8f15,M19,3,4.86,4.87972,21
58,4b6408684e7ec1b4fb4f8f15,M20,3,6.25,5.99212,20
58,4b6408684e7ec1b4fb4f8f15,M21,3,4.66,4.86416,21
58,4b6408684e7ec1b4fb4f8f15,M22,3,8.35,8.22048,45
58,4b6408684e7ec1b4fb4f8f15,M23,3,6.87,6.57032,45
58,4b6408684e7ec1b4fb4f8f15,M24,3,8.21,8.25072,45
58,4b6408684e7ec1b4fb4f8f15,M25,3,5.36,7.55364,20
58,4b6408684e7ec1b4fb4f8f15,M26,3,3.59,6.07576,20
58,4b6408684e7ec1b4fb4f8f15,M27,3,6.01,7.71108,30
58,4b6408684e7ec1b4fb4f8f15,M28,3,4.42,6.255,30
58,4b6408684e7ec1b4fb4f8f15,M29,3,5.85,7.73232,30
58,4b6408684e7ec1b4fb4f8f15,M30,3,3.62,5.13612,21
60,6a754101c77952c9f22727f1,M01,4,5.95,6.61216,10
60,6a754101c77952c9f22727f1,M02,4,7.92,8.70108,15
60,6a754101c77952c9f22727f1,M03,4,7.13,8.56004,21
60,6a754101c77952c9f22727f1,M04,4,6.55,7.97372,21
60,6a754101c77952c9f22727f1,M05,4,6.38,7.8486,21
60,6a754101c77952c9f22727f1,M06,4,8.95,10.60988,21
60,6a754101c77952c9f22727f1,M07,4,9.34,11.45416,30
60,6a754101c77952c9f22727f1,M08,4,12.93,15.56048,30
60,6a754101c77952c9f22727f1,M09,4,11.72,14.65076,30
60,6a754101c77952c9f22727f1,M10,4,14.69,16.9762,30
60,6a754101c77952c9f22727f1,M11,4,13.63,16.3286,30
60,6a754101c77952c9f22727f1,M12,4,16.96,21.19932,45
60,6a754101c77952c9f22727f1,M13,4,16,20.53844,60
60,6a754101c77952c9f22727f1,M14,4,13.09,17.28764,60
60,6a754101c77952c9f22727f1,M15,4,16.22,20.9864,60
60,6a754101c77952c9f22727f1,M16,4,34.78,41.28764,100
60,6a754101c77952c9f22727f1,M17,4,5.17,6.23864,14
60,6a754101c77952c9f22727f1,M18,4,7.12,8.48248,21
60,6a754101c77952c9f22727f1,M19,4,6.09,6.74544,21
60,6a754101c77952c9f22727f1,M20,4,8.45,9.2184,20
60,6a754101c77952c9f22727f1,M21,4,5.99,6.5634,21
60,6a754101c77952c9f22727f1,M22,4,12.87,14.7904,45
60,6a754101c77952c9f22727f1,M23,4,10.87,12.358,45
60,6a754101c77952c9f22727f1,M24,4,12.67,15.08188,45
60,6a754101c77952c9f22727f1,M25,4,11.78,12.39704,20
60,6a754101c77952c9f22727f1,M26,4,10.26,11.28116,20
60,6a754101c77952c9f22727f1,M27,4,11.93,13.8678,30
60,6a754101c77952c9f22727f1,M28,4,9.89,11.87352,30
60,6a754101c77952c9f22727f1,M29,4,11.82,13.95088,30
60,6a754101c77952c9f22727f1,M30,4,7.13,8.49932,21
61,b727aabe5a35f85d668e9b3f,M01,3,5.38,5.14616,10
61,b727aabe5a35f85d668e9b3f,M02,3,7.08,6.60664,15
61,b727aabe5a35f85d668e9b3f,M03,3,6.14,5.67892,21
61,b727aabe5a35f85d668e9b3f,M04,3,5.58,5.37724,21
61,b727aabe5a35f85d668e9b3f,M05,3,5.49,5.215,21
61,b727aabe5a35f85d668e9b3f,M06,3,7.77,7.48588,21
61,b727aabe5a35f85d668e9b3f,M07,3,7.9,7.59112,30
61,b727aabe5a35f85d668e9b3f,M08,3,10.6,9.90512,30
61,b727aabe5a35f85d668e9b3f,M09,3,8.97,8.71064,30
61,b727aabe5a35f85d668e9b3f,M10,3,12.37,11.11464,30
61,b727aabe5a35f85d668e9b3f,M11,3,11.07,10.189,30
61,b727aabe5a35f85d668e9b3f,M12,3,13.23,12.33648,45
61,b727aabe5a35f85d668e9b3f,M13,3,12.98,12.09044,60
61,b727aabe5a35f85d668e9b3f,M14,3,10.19,9.84584,60
61,b727aabe5a35f85d668e9b3f,M15,3,13.09,12.14136,60
61,b727aabe5a35f85d668e9b3f,M16,3,25.09,23.75512,100
61,b727aabe5a35f85d668e9b3f,M17,3,4.05,3.89176,14
61,b727aabe5a35f85d668e9b3f,M18,3,6.07,5.71316,21
61,b727aabe5a35f85d668e9b3f,M19,3,5.43,5.01736,21
61,b727aabe5a35f85d668e9b3f,M20,3,7.6,6.61752,20
61,b727aabe5a35f85d668e9b3f,M21,3,5.35,4.9676,21
61,b727aabe5a35f85d668e9b3f,M22,3,11.16,9.42856,45
61,b727aabe5a35f85d668e9b3f,M23,3,9.11,7.8506,45
61,b727aabe5a35f85d668e9b3f,M24,3,11.73,9.3946,45
61,b727aabe5a35f85d668e9b3f,M25,3,10.51,9.19612,20
61,b727aabe5a35f85d668e9b3f,M26,3,8.73,7.75016,20
61,b727aabe5a35f85d668e9b3f,M27,3,10.11,9.31992,30
61,b727aabe5a35f85d668e9b3f,M28,3,8.33,7.6226,30
61,b727aabe5a35f85d668e9b3f,M29,3,9.93,9.09624,30
61,b727aabe5a35f85d668e9b3f,M30,3,5.97,5.55752,21
63,35a15bff1177570ab88c7499,M01,1,5.33,6.10372,10
63,35a15bff1177570ab88c7499,M02,1,6.62,8.00544,15
63,35a15bff1177570ab88c7499,M03,1,6.21,7.60452,21
63,35a15bff1177570ab88c7499,M04,1,5.48,7.1204,21
63,35a15bff1177570ab88c7499,M05,1,5.21,6.6048,21
63,35a15bff1177570ab88c7499,M06,1,7.66,9.40396,21
63,35a15bff1177570ab88c7499,M07,1,7.47,9.99348,30
63,35a15bff1177570ab88c7499,M08,1,10.31,12.89816,30
63,35a15bff1177570ab88c7499,M09,1,8.97,11.50248,30
63,35a15bff1177570ab88c7499,M10,1,11.75,14.2154,30
63,35a15bff1177570ab88c7499,M11,1,10.82,13.15184,30
63,35a15bff1177570ab88c7499,M12,1,13.93,16.84656,45
63,35a15bff1177570ab88c7499,M13,1,12.3,15.93572,60
63,35a15bff1177570ab88c7499,M14,1,10.31,13.80848,60
63,35a15bff1177570ab88c7499,M15,1,13.73,16.25684,60
63,35a15bff1177570ab88c7499,M16,1,19.75,29.4436,100
63,35a15bff1177570ab88c7499,M17,1,4.43,5.6266,14
63,35a15bff1177570ab88c7499,M18,1,6.43,7.57172,21
63,35a15bff1177570ab88c7499,M19,1,5.57,6.18024,21
63,35a15bff1177570ab88c7499,M20,1,7.69,8.05736,20
63,35a15bff1177570ab88c7499,M21,1,5.68,6.07992,21
63,35a15bff1177570ab88c7499,M22,1,11.85,12.35172,45
63,35a15bff1177570ab88c7499,M23,1,9.44,10.14276,45
63,35a15bff1177570ab88c7499,M24,1,13.24,12.7576,45
63,35a15bff1177570ab88c7499,M25,1,10.13,11.02256,20
63,35a15bff1177570ab88c7499,M26,1,7.99,9.73532,20
63,35a15bff1177570ab88c7499,M27,1,9.74,11.85848,30
63,35a15bff1177570ab88c7499,M28,1,7.85,9.76008,30
63,35a15bff1177570ab88c7499,M29,1,10.36,12.10196,30
63,35a15bff1177570ab88c7499,M30,1,5.68,7.42088,21
65,d03f670f1f126e5f040b4224,M01,1,5.39,6.00972,10
65,d03f670f1f126e5f040b4224,M02,1,7.29,7.8296,15
65,d03f670f1f126e5f040b4224,M03,1,6.24,7.2232,21
65,d03f670f1f126e5f040b4224,M04,1,5.73,6.78108,21
65,d03f670f1f126e5f040b4224,M05,1,5.55,6.59996,21
65,d03f670f1f126e5f040b4224,M06,1,7.84,8.83436,21
65,d03f670f1f126e5f040b4224,M07,1,8.05,9.03788,30
65,d03f670f1f126e5f040b4224,M08,1,11.12,12.53504,30
65,d03f670f1f126e5f040b4224,M09,1,9.93,11.33444,30
65,d03f670f1f126e5f040b4224,M10,1,12.72,13.73992,30
65,d03f670f1f126e5f040b4224,M11,1,11.72,12.85864,30
65,d03f670f1f126e5f040b4224,M12,1,14.35,15.86944,45
65,d03f670f1f126e5f040b4224,M13,1,13.7,15.48908,60
65,d03f670f1f126e5f040b4224,M14,1,11.02,12.9206,60
65,d03f670f1f126e5f040b4224,M15,1,13.76,15.72304,60
65,d03f670f1f126e5f040b4224,M16,1,28.23,35.59052,100
65,d03f670f1f126e5f040b4224,M17,1,4.47,5.25176,14
65,d03f670f1f126e5f040b4224,M18,1,6.44,7.19644,21
65,d03f670f1f126e5f040b4224,M19,1,4.93,6.22372,21
65,d03f670f1f126e5f040b4224,M20,1,7.15,8.01852,20
65,d03f670f1f126e5f040b4224,M21,1,5.11,6.07144,21
65,d03f670f1f126e5f040b4224,M22,1,11.26,12.13944,45
65,d03f670f1f126e5f040b4224,M23,1,9.45,10.00608,45
65,d03f670f1f126e5f040b4224,M24,1,11.29,12.10976,45
65,d03f670f1f126e5f040b4224,M25,1,10.73,9.64476,20
65,d03f670f1f126e5f040b4224,M26,1,9.1,8.33576,20
65,d03f670f1f126e5f040b4224,M27,1,10.32,11.0296,30
65,d03f670f1f126e5f040b4224,M28,1,8.58,9.21428,30
65,d03f670f1f126e5f040b4224,M29,1,10.08,10.89684,30
65,d03f670f1f126e5f040b4224,M30,1,6.16,6.9886,21
66,6337f9636fede46bcc35391b,M01,3,3.99,4.53424,10
66,6337f9636fede46bcc35391b,M02,3,4.44,5.64304,15
66,6337f9636fede46bcc35391b,M03,3,4.42,4.9362,21
66,6337f9636fede46bcc35391b,M04,3,4.1,4.77236,21
66,6337f9636fede46bcc35391b,M05,3,3.67,4.56628,21
66,6337f9636fede46bcc35391b,M06,3,5.7,6.46988,21
66,6337f9636fede46bcc35391b,M07,3,4.95,6.21444,30
66,6337f9636fede46bcc35391b,M08,3,4.7,7.4018,30
66,6337f9636fede46bcc35391b,M09,3,3.35,6.1466,30
66,6337f9636fede46bcc35391b,M10,3,6.27,8.3686,30
66,6337f9636fede46bcc35391b,M11,3,4.36,7.47936,30
66,6337f9636fede46bcc35391b,M12,3,4.64,7.8752,45
66,6337f9636fede46bcc35391b,M13,3,6.06,8.60964,60
66,6337f9636fede46bcc35391b,M14,3,3.74,6.27624,60
66,6337f9636fede46bcc35391b,M15,3,6.27,8.80236,60
66,6337f9636fede46bcc35391b,M16,3,7.3,16.57228,100
66,6337f9636fede46bcc35391b,M17,3,2.09,2.93024,14
66,6337f9636fede46bcc35391b,M18,3,4.72,5.1788,21
66,6337f9636fede46bcc35391b,M19,3,4.5,4.87152,21
66,6337f9636fede46bcc35391b,M20,3,4.83,6.02884,20
66,6337f9636fede46bcc35391b,M21,3,4.55,4.9482,21
66,6337f9636fede46bcc35391b,M22,3,7.06,8.82972,45
66,6337f9636fede46bcc35391b,M23,3,4.76,6.8894,45
66,6337f9636fede46bcc35391b,M24,3,7.4,8.96668,45
66,6337f9636fede46bcc35391b,M25,3,4.05,7.08836,20
66,6337f9636fede46bcc35391b,M26,3,2.99,5.21324,20
66,6337f9636fede46bcc35391b,M27,3,5.63,7.45004,30
66,6337f9636fede46bcc35391b,M28,3,3.19,5.93736,30
66,6337f9636fede46bcc35391b,M29,3,6.01,7.40072,30
66,6337f9636fede46bcc35391b,M30,3,2.23,4.36592,21
67,9699e16c8071621d55aa20c2,M01,0,6.4,5.52708,10
67,9699e16c8071621d55aa20c2,M02,0,8.41,7.16116,15
67,9699e16c8071621d55aa20c2,M03,0,7.83,6.299,21
67,9699e16c8071621d55aa20c2,M04,0,7.16,5.89124,21
67,9699e16c8071621d55aa20c2,M05,0,7.06,5.76128,21
67,9699e16c8071621d55aa20c2,M06,0,9.9,8.22848,21
67,9699e16c8071621d55aa20c2,M07,0,10.32,8.20616,30
67,9699e16c8071621d55aa20c2,M08,0,14.12,10.995,30
67,9699e16c8071621d55aa20c2,M09,0,12.92,9.6502,30
67,9699e16c8071621d55aa20c2,M10,0,15.95,12.13404,30
67,9699e16c8071621d55aa20c2,M11,0,14.91,11.05932,30
67,9699e16c8071621d55aa20c2,M12,0,18.78,13.351,45
67,9699e16c8071621d55aa20c2,M13,0,18.02,13.14804,60
67,9699e16c8071621d55aa20c2,M14,0,14.57,10.97816,60
67,9699e16c8071621d55aa20c2,M15,0,18.21,13.26752,60
67,9699e16c8071621d55aa20c2,M16,0,39.6,27.09856,100
67,9699e16c8071621d55aa20c2,M17,0,5.72,4.09988,14
67,9699e16c8071621d55aa20c2,M18,0,7.76,6.2974,21
67,9699e16c8071621d55aa20c2,M19,0,5.85,5.41388,21
67,9699e16c8071621d55aa20c2,M20,0,7.78,7.39772,20
67,9699e16c8071621d55aa20c2,M21,0,5.69,5.41236,21
67,9699e16c8071621d55aa20c2,M22,0,11.99,10.47852,45
67,9699e16c8071621d55aa20c2,M23,0,10.13,8.79812,45
67,9699e16c8071621d55aa20c2,M24,0,12.07,10.41452,45
67,9699e16c8071621d55aa20c2,M25,0,12.5,9.63352,20
67,9699e16c8071621d55aa20c2,M26,0,10.92,8.19264,20
67,9699e16c8071621d55aa20c2,M27,0,13.08,10.02908,30
67,9699e16c8071621d55aa20c2,M28,0,10.83,8.2012,30
67,9699e16c8071621d55aa20c2,M29,0,13.01,9.85892,30
67,9699e16c8071621d55aa20c2,M30,0,7.84,6.08336,21
68,37927413d1b2c33fd4f48fe4,M01,1,4.85,4.70648,10
68,37927413d1b2c33fd4f48fe4,M02,1,6.36,5.8542,15
68,37927413d1b2c33fd4f48fe4,M03,1,5.45,5.17652,21
68,37927413d1b2c33fd4f48fe4,M04,1,5.22,4.99096,21
68,37927413d1b2c33fd4f48fe4,M05,1,5.07,4.80728,21
68,37927413d1b2c33fd4f48fe4,M06,1,6.89,6.52428,21
68,37927413d1b2c33fd4f48fe4,M07,1,6.96,6.34272,30
68,37927413d1b2c33fd4f48fe4,M08,1,8.9,8.00544,30
68,37927413d1b2c33fd4f48fe4,M09,1,7.94,6.85808,30
68,37927413d1b2c33fd4f48fe4,M10,1,10.53,8.91576,30
68,37927413d1b2c33fd4f48fe4,M11,1,9.65,8.04432,30
68,37927413d1b2c33fd4f48fe4,M12,1,10.62,9.13868,45
68,37927413d1b2c33fd4f48fe4,M13,1,10.86,9.38516,60
68,37927413d1b2c33fd4f48fe4,M14,1,8.24,7.40348,60
68,37927413d1b2c33fd4f48fe4,M15,1,10.91,9.65492,60
68,37927413d1b2c33fd4f48fe4,M16,1,19.24,17.38524,100
68,37927413d1b2c33fd4f48fe4,M17,1,3.57,3.35856,14
68,37927413d1b2c33fd4f48fe4,M18,1,5.64,5.32812,21
68,37927413d1b2c33fd4f48fe4,M19,1,5.34,4.97428,21
68,37927413d1b2c33fd4f48fe4,M20,1,7.1,6.096,20
68,37927413d1b2c33fd4f48fe4,M21,1,5.39,5.02384,21
68,37927413d1b2c33fd4f48fe4,M22,1,10.94,8.8952,45
68,37927413d1b2c33fd4f48fe4,M23,1,8.87,7.08576,45
68,37927413d1b2c33fd4f48fe4,M24,1,11.07,8.94196,45
68,37927413d1b2c33fd4f48fe4,M25,1,6.88,6.48112,20
68,37927413d1b2c33fd4f48fe4,M26,1,4.45,5.07448,20
68,37927413d1b2c33fd4f48fe4,M27,1,7.3,7.76268,30
68,37927413d1b2c33fd4f48fe4,M28,1,5.78,6.01344,30
68,37927413d1b2c33fd4f48fe4,M29,1,7.24,7.71604,30
68,37927413d1b2c33fd4f48fe4,M30,1,3.62,4.5234,21
69,80a0d3bab064158ae690ad6a,M01,3,7.69,7.4112,10
69,80a0d3bab064158ae690ad6a,M02,3,10.29,9.86918,15
69,80a0d3bab064158ae690ad6a,M03,3,11.18,10.26434,21
69,80a0d3bab064158ae690ad6a,M04,3,10.17,9.65864,21
69,80a0d3bab064158ae690ad6a,M05,3,10.23,9.6404,21
69,80a0d3bab064158ae690ad6a,M06,3,13.75,13.102288,21
69,80a0d3bab064158ae690ad6a,M07,3,15.41,14.320512,30
69,80a0d3bab064158ae690ad6a,M08,3,19.78,19.01356,30
69,80a0d3bab064158ae690ad6a,M09,3,18.36,17.70504,30
69,80a0d3bab064158ae690ad6a,M10,3,21.45,20.24104,30
69,80a0d3bab064158ae690ad6a,M11,3,20.4,19.5409,30
69,80a0d3bab064158ae690ad6a,M12,3,28.35,26.79464,45
69,80a0d3bab064158ae690ad6a,M13,3,28.65,27.00876,60
69,80a0d3bab064158ae690ad6a,M14,3,24.95,23.77852,60
69,80a0d3bab064158ae690ad6a,M15,3,29.32,27.25456,60
69,80a0d3bab064158ae690ad6a,M16,3,57.18,53.1101466667,100
69,80a0d3bab064158ae690ad6a,M17,3,7.72,7.36648,14
69,80a0d3bab064158ae690ad6a,M18,3,10.7,10.00452,21
69,80a0d3bab064158ae690ad6a,M19,3,9.31,8.89572,21
69,80a0d3bab064158ae690ad6a,M20,3,11.44,10.57088,20
69,80a0d3bab064158ae690ad6a,M21,3,8.64,8.44897333333,21
69,80a0d3bab064158ae690ad6a,M22,3,21.28,20.22324,45
69,80a0d3bab064158ae690ad6a,M23,3,17.99,17.41588,45
69,80a0d3bab064158ae690ad6a,M24,3,22.08,20.99136,45
69,80a0d3bab064158ae690ad6a,M25,3,14.81,14.3092,20
69,80a0d3bab064158ae690ad6a,M26,3,13.47,13.21172,20
69,80a0d3bab064158ae690ad6a,M27,3,17.82,16.76672,30
69,80a0d3bab064158ae690ad6a,M28,3,15.75,14.835,30
69,80a0d3bab064158ae690ad6a,M29,3,17.95,16.76732,30
69,80a0d3bab064158ae690ad6a,M30,3,11.22,10.36046,21
70,6edd2232ed1ec668311aa339,M01,1,4.09,4.98288,10
70,6edd2232ed1ec668311aa339,M02,1,4.83,6.18472,15
70,6edd2232ed1ec668311aa339,M03,1,4.57,5.58048,21
70,6edd2232ed1ec668311aa339,M04,1,4.33,5.33844,21
70,6edd2232ed1ec668311aa339,M05,1,4.02,5.17016,21
70,6edd2232ed1ec668311aa339,M06,1,5.84,6.91824,21
70,6edd2232ed1ec668311aa339,M07,1,5.3,6.88732,30
70,6edd2232ed1ec668311aa339,M08,1,5.62,9.47316,30
70,6edd2232ed1ec668311aa339,M09,1,4.31,8.34136,30
70,6edd2232ed1ec668311aa339,M10,1,7.12,10.51812,30
70,6edd2232ed1ec668311aa339,M11,1,5.62,9.69464,30
70,6edd2232ed1ec668311aa339,M12,1,5.71,11.031,45
70,6edd2232ed1ec668311aa339,M13,1,6.78,11.1862,60
70,6edd2232ed1ec668311aa339,M14,1,4.38,8.97184,60
70,6edd2232ed1ec668311aa339,M15,1,6.99,11.35952,60
70,6edd2232ed1ec668311aa339,M16,1,8.87,17.5498,100
70,6edd2232ed1ec668311aa339,M17,1,2.3,3.5342,14
70,6edd2232ed1ec668311aa339,M18,1,4.86,5.7236,21
70,6edd2232ed1ec668311aa339,M19,1,4.57,5.22672,21
70,6edd2232ed1ec668311aa339,M20,1,5.31,6.41236,20
70,6edd2232ed1ec668311aa339,M21,1,4.63,5.25484,21
70,6edd2232ed1ec668311aa339,M22,1,7.53,9.99588,45
70,6edd2232ed1ec668311aa339,M23,1,5.29,8.01084,45
70,6edd2232ed1ec668311aa339,M24,1,7.8,10.14396,45
70,6edd2232ed1ec668311aa339,M25,1,6.67,6.8378,20
70,6edd2232ed1ec668311aa339,M26,1,4.85,5.35208,20
70,6edd2232ed1ec668311aa339,M27,1,7.06,8.63828,30
70,6edd2232ed1ec668311aa339,M28,1,5.43,6.90632,30
70,6edd2232ed1ec668311aa339,M29,1,6.93,8.65176,30
70,6edd2232ed1ec668311aa339,M30,1,4.27,4.92056,21
71,577bf2cb81f94acf50f2db0f,M01,0,6.07,5.41304,10
71,577bf2cb81f94acf50f2db0f,M02,0,7.98,6.97208,15
71,577bf2cb81f94acf50f2db0f,M03,0,7.21,6.14192,21
71,577bf2cb81f94acf50f2db0f,M04,0,6.57,5.85884,21
71,577bf2cb81f94acf50f2db0f,M05,0,6.48,5.7306,21
71,577bf2cb81f94acf50f2db0f,M06,0,9.13,8.32132,21
71,577bf2cb81f94acf50f2db0f,M07,0,9.45,8.40192,30
71,577bf2cb81f94acf50f2db0f,M08,0,12.95,10.24268,30
71,577bf2cb81f94acf50f2db0f,M09,0,11.84,9.18488,30
71,577bf2cb81f94acf50f2db0f,M10,0,14.77,11.38636,30
71,577bf2cb81f94acf50f2db0f,M11,0,13.79,10.46456,30
71,577bf2cb81f94acf50f2db0f,M12,0,16.87,12.69292,45
71,577bf2cb81f94acf50f2db0f,M13,0,16.27,12.80996,60
71,577bf2cb81f94acf50f2db0f,M14,0,13.17,10.63232,60
71,577bf2cb81f94acf50f2db0f,M15,0,16.47,12.8326,60
71,577bf2cb81f94acf50f2db0f,M16,0,34.83,29.253,100
71,577bf2cb81f94acf50f2db0f,M17,0,5.22,3.97504,14
71,577bf2cb81f94acf50f2db0f,M18,0,7.13,6.18376,21
71,577bf2cb81f94acf50f2db0f,M19,0,5.87,5.30888,21
71,577bf2cb81f94acf50f2db0f,M20,0,8.79,7.54848,20
71,577bf2cb81f94acf50f2db0f,M21,0,6.4,5.37396,21
71,577bf2cb81f94acf50f2db0f,M22,0,14.49,9.8608,45
71,577bf2cb81f94acf50f2db0f,M23,0,12.01,8.35672,45
71,577bf2cb81f94acf50f2db0f,M24,0,14.36,9.79852,45
71,577bf2cb81f94acf50f2db0f,M25,0,11.91,10.25068,20
71,577bf2cb81f94acf50f2db0f,M26,0,10.34,8.8364,20
71,577bf2cb81f94acf50f2db0f,M27,0,12.12,10.0228,30
71,577bf2cb81f94acf50f2db0f,M28,0,10,8.32992,30
71,577bf2cb81f94acf50f2db0f,M29,0,12.05,9.90856,30
71,577bf2cb81f94acf50f2db0f,M30,0,7.21,6.19392,21
72,199be8c56e73e5eb81a7e6f0,M01,4,7.96,7.59056,10
72,199be8c56e73e5eb81a7e6f0,M02,4,10.6,10.40156,15
72,199be8c56e73e5eb81a7e6f0,M03,4,11.83,11.00668,21
72,199be8c56e73e5eb81a7e6f0,M04,4,10.85,10.4448,21
72,199be8c56e73e5eb81a7e6f0,M05,4,11.01,10.52448,21
72,199be8c56e73e5eb81a7e6f0,M06,4,14.48,13.78568,21
72,199be8c56e73e5eb81a7e6f0,M07,4,16.41,15.35548,30
72,199be8c56e73e5eb81a7e6f0,M08,4,20.75,19.91016,30
72,199be8c56e73e5eb81a7e6f0,M09,4,19.38,18.74968,30
72,199be8c56e73e5eb81a7e6f0,M10,4,22.37,21.06052,30
72,199be8c56e73e5eb81a7e6f0,M11,4,21.47,20.39008,30
72,199be8c56e73e5eb81a7e6f0,M12,4,30,28.29856,45
72,199be8c56e73e5eb81a7e6f0,M13,4,30.76,28.24036,60
72,199be8c56e73e5eb81a7e6f0,M14,4,27.22,25.10532,60
72,199be8c56e73e5eb81a7e6f0,M15,4,31.43,28.9294,60
72,199be8c56e73e5eb81a7e6f0,M16,4,59.54,55.34152,100
72,199be8c56e73e5eb81a7e6f0,M17,4,8.15,7.5874,14
72,199be8c56e73e5eb81a7e6f0,M18,4,11.32,10.7218,21
72,199be8c56e73e5eb81a7e6f0,M19,4,10.34,9.05944,21
72,199be8c56e73e5eb81a7e6f0,M20,4,12.33,11.16436,20
72,199be8c56e73e5eb81a7e6f0,M21,4,9.5,8.51588,21
72,199be8c56e73e5eb81a7e6f0,M22,4,24.07,21.27272,45
72,199be8c56e73e5eb81a7e6f0,M23,4,20.52,18.25408,45
72,199be8c56e73e5eb81a7e6f0,M24,4,24.93,22.07388,45
72,199be8c56e73e5eb81a7e6f0,M25,4,15.22,14.64776,20
72,199be8c56e73e5eb81a7e6f0,M26,4,13.94,13.66036,20
72,199be8c56e73e5eb81a7e6f0,M27,4,18.69,17.61,30
72,199be8c56e73e5eb81a7e6f0,M28,4,16.73,15.983,30
72,199be8c56e73e5eb81a7e6f0,M29,4,18.84,17.45312,30
72,199be8c56e73e5eb81a7e6f0,M30,4,11.87,11.16224,21
73,e7d3343ab01cc92f9746bd90,M01,1,6.93,5.99708,10
73,e7d3343ab01cc92f9746bd90,M02,1,9.25,7.6448,15
73,e7d3343ab01cc92f9746bd90,M03,1,9.36,7.07616,21
73,e7d3343ab01cc92f9746bd90,M04,1,8.16,6.68328,21
73,e7d3343ab01cc92f9746bd90,M05,1,8.46,6.538,21
73,e7d3343ab01cc92f9746bd90,M06,1,11.62,8.50672,21
73,e7d3343ab01cc92f9746bd90,M07,1,12.66,8.75032,30
73,e7d3343ab01cc92f9746bd90,M08,1,16.96,12.4582,30
73,e7d3343ab01cc92f9746bd90,M09,1,15.81,11.31588,30
73,e7d3343ab01cc92f9746bd90,M10,1,18.68,13.59132,30
73,e7d3343ab01cc92f9746bd90,M11,1,17.14,12.73136,30
73,e7d3343ab01cc92f9746bd90,M12,1,23.51,15.48064,45
73,e7d3343ab01cc92f9746bd90,M13,1,22.73,15.1064,60
73,e7d3343ab01cc92f9746bd90,M14,1,19.02,12.846,60
73,e7d3343ab01cc92f9746bd90,M15,1,22.98,15.30644,60
73,e7d3343ab01cc92f9746bd90,M16,1,49.87,35.20756,100
73,e7d3343ab01cc92f9746bd90,M17,1,6.73,5.2566,14
73,e7d3343ab01cc92f9746bd90,M18,1,9.21,7.0502,21
73,e7d3343ab01cc92f9746bd90,M19,1,7.16,6.116,21
73,e7d3343ab01cc92f9746bd90,M20,1,8.78,7.89688,20
73,e7d3343ab01cc92f9746bd90,M21,1,6.18,5.94812,21
73,e7d3343ab01cc92f9746bd90,M22,1,13.98,11.82528,45
73,e7d3343ab01cc92f9746bd90,M23,1,11.93,9.98748,45
73,e7d3343ab01cc92f9746bd90,M24,1,14.14,11.87636,45
73,e7d3343ab01cc92f9746bd90,M25,1,13.44,9.019,20
73,e7d3343ab01cc92f9746bd90,M26,1,12.02,7.7542,20
73,e7d3343ab01cc92f9746bd90,M27,1,14.97,11.02524,30
73,e7d3343ab01cc92f9746bd90,M28,1,12.78,9.3672,30
73,e7d3343ab01cc92f9746bd90,M29,1,14.8,11.00608,30
73,e7d3343ab01cc92f9746bd90,M30,1,9.39,6.89832,21
74,685253186b7c8d8473d65ffa,M01,2,6.8,6.36272,10
74,685253186b7c8d8473d65ffa,M02,2,8.99,8.39608,15
74,685253186b7c8d8473d65ffa,M03,2,8.76,7.93832,21
74,685253186b7c8d8473d65ffa,M04,2,7.92,7.34284,21
74,685253186b7c8d8473d65ffa,M05,2,7.87,6.97436,21
74,685253186b7c8d8473d65ffa,M06,2,11,10.10712,21
74,685253186b7c8d8473d65ffa,M07,2,11.7,10.8156,30
74,685253186b7c8d8473d65ffa,M08,2,15.77,14.70292,30
74,685253186b7c8d8473d65ffa,M09,2,14.37,13.63016,30
74,685253186b7c8d8473d65ffa,M10,2,17.59,16.06104,30
74,685253186b7c8d8473d65ffa,M11,2,16.6,15.25992,30
74,685253186b7c8d8473d65ffa,M12,2,21.43,19.13232,45
74,685253186b7c8d8473d65ffa,M13,2,20.78,18.42156,60
74,685253186b7c8d8473d65ffa,M14,2,16.97,15.51448,60
74,685253186b7c8d8473d65ffa,M15,2,21.41,18.89308,60
74,685253186b7c8d8473d65ffa,M16,2,45.77,39.5106,100
74,685253186b7c8d8473d65ffa,M17,2,6.27,5.84948,14
74,685253186b7c8d8473d65ffa,M18,2,8.55,7.8352,21
74,685253186b7c8d8473d65ffa,M19,2,7.34,6.40832,21
74,685253186b7c8d8473d65ffa,M20,2,9.58,8.64708,20
74,685253186b7c8d8473d65ffa,M21,2,7.04,6.30756,21
74,685253186b7c8d8473d65ffa,M22,2,16.08,14.01936,45
74,685253186b7c8d8473d65ffa,M23,2,13.35,11.72828,45
74,685253186b7c8d8473d65ffa,M24,2,16.66,14.30972,45
74,685253186b7c8d8473d65ffa,M25,2,13.23,12.5066,20
74,685253186b7c8d8473d65ffa,M26,2,11.71,11.24176,20
74,685253186b7c8d8473d65ffa,M27,2,14.45,13.41188,30
74,685253186b7c8d8473d65ffa,M28,2,12.18,11.43196,30
74,685253186b7c8d8473d65ffa,M29,2,14.58,13.52764,30
74,685253186b7c8d8473d65ffa,M30,2,8.76,7.89744,21
75,1fcbc4f3ec49fb735c0f7d56,M01,3,6.41,5.9184,10
75,1fcbc4f3ec49fb735c0f7d56,M02,3,8.39,7.59296,15
75,1fcbc4f3ec49fb735c0f7d56,M03,3,7.8,6.98688,21
75,1fcbc4f3ec49fb735c0f7d56,M04,3,7.11,6.49792,21
75,1fcbc4f3ec49fb735c0f7d56,M05,3,7.01,6.34956,21
75,1fcbc4f3ec49fb735c0f7d56,M06,3,9.91,8.83616,21
75,1fcbc4f3ec49fb735c0f7d56,M07,3,10.22,9.04824,30
75,1fcbc4f3ec49fb735c0f7d56,M08,3,13.89,12.55476,30
75,1fcbc4f3ec49fb735c0f7d56,M09,3,12.64,11.1482,30
75,1fcbc4f3ec49fb735c0f7d56,M10,3,15.8,13.73424,30
75,1fcbc4f3ec49fb735c0f7d56,M11,3,14.78,12.80524,30
75,1fcbc4f3ec49fb735c0f7d56,M12,3,18.29,15.65472,45
75,1fcbc4f3ec49fb735c0f7d56,M13,3,17.83,15.19876,60
75,1fcbc4f3ec49fb735c0f7d56,M14,3,14.3,12.58704,60
75,1fcbc4f3ec49fb735c0f7d56,M15,3,18.14,15.57044,60
75,1fcbc4f3ec49fb735c0f7d56,M16,3,38.33,31.12536,100
75,1fcbc4f3ec49fb735c0f7d56,M17,3,5.64,5.11544,14
75,1fcbc4f3ec49fb735c0f7d56,M18,3,7.71,7.063,21
75,1fcbc4f3ec49fb735c0f7d56,M19,3,6.02,5.9426,21
75,1fcbc4f3ec49fb735c0f7d56,M20,3,8.02,8.2736,20
75,1fcbc4f3ec49fb735c0f7d56,M21,3,5.75,6.07808,21
75,1fcbc4f3ec49fb735c0f7d56,M22,3,12.48,12.63592,45
75,1fcbc4f3ec49fb735c0f7d56,M23,3,10.42,10.77436,45
75,1fcbc4f3ec49fb735c0f7d56,M24,3,12.65,12.87096,45
75,1fcbc4f3ec49fb735c0f7d56,M25,3,12.5,11.0646,20
75,1fcbc4f3ec49fb735c0f7d56,M26,3,10.86,9.608,20
75,1fcbc4f3ec49fb735c0f7d56,M27,3,13.06,10.74988,30
75,1fcbc4f3ec49fb735c0f7d56,M28,3,10.77,9.1738,30
75,1fcbc4f3ec49fb735c0f7d56,M29,3,13.03,10.83876,30
75,1fcbc4f3ec49fb735c0f7d56,M30,3,7.8,6.78236,21
76,1879f3c5daf4cf8a36454c58,M01,0,5.84,5.43024,10
76,1879f3c5daf4cf8a36454c58,M02,0,7.74,6.7896,15
76,1879f3c5daf4cf8a36454c58,M03,0,6.84,6.08388,21
76,1879f3c5daf4cf8a36454c58,M04,0,6.18,5.7054,21
76,1879f3c5daf4cf8a36454c58,M05,0,5.97,5.48348,21
76,1879f3c5daf4cf8a36454c58,M06,0,8.63,7.70116,21
76,1879f3c5daf4cf8a36454c58,M07,0,8.96,7.79664,30
76,1879f3c5daf4cf8a36454c58,M08,0,12.5,10.98872,30
76,1879f3c5daf4cf8a36454c58,M09,0,11.06,9.34304,30
76,1879f3c5daf4cf8a36454c58,M10,0,14.2,12.06044,30
76,1879f3c5daf4cf8a36454c58,M11,0,12.79,10.82256,30
76,1879f3c5daf4cf8a36454c58,M12,0,16.31,13.83912,45
76,1879f3c5daf4cf8a36454c58,M13,0,15.35,13.60896,60
76,1879f3c5daf4cf8a36454c58,M14,0,12.58,11.10764,60
76,1879f3c5daf4cf8a36454c58,M15,0,15.38,13.72628,60
76,1879f3c5daf4cf8a36454c58,M16,0,33.62,27.00204,100
76,1879f3c5daf4cf8a36454c58,M17,0,4.78,4.13656,14
76,1879f3c5daf4cf8a36454c58,M18,0,6.72,6.13944,21
76,1879f3c5daf4cf8a36454c58,M19,0,5.6,5.23888,21
76,1879f3c5daf4cf8a36454c58,M20,0,7.54,7.05596,20
76,1879f3c5daf4cf8a36454c58,M21,0,5.49,5.3498,21
76,1879f3c5daf4cf8a36454c58,M22,0,11.6,10.68808,45
76,1879f3c5daf4cf8a36454c58,M23,0,9.89,8.90904,45
76,1879f3c5daf4cf8a36454c58,M24,0,11.61,10.84648,45
76,1879f3c5daf4cf8a36454c58,M25,0,11.37,7.4522,20
76,1879f3c5daf4cf8a36454c58,M26,0,9.85,6.00168,20
76,1879f3c5daf4cf8a36454c58,M27,0,11.32,7.99688,30
76,1879f3c5daf4cf8a36454c58,M28,0,9.37,6.5082,30
76,1879f3c5daf4cf8a36454c58,M29,0,11.18,8.05748,30
76,1879f3c5daf4cf8a36454c58,M30,0,6.62,5.18344,21
77,047b8df66ebc85fef8294a83,M01,3,6.49,6.84768,10
77,047b8df66ebc85fef8294a83,M02,3,8.61,9.1912,15
77,047b8df66ebc85fef8294a83,M03,3,8.12,9.2386,21
77,047b8df66ebc85fef8294a83,M04,3,7.32,8.6912,21
77,047b8df66ebc85fef8294a83,M05,3,7.17,8.65408,21
77,047b8df66ebc85fef8294a83,M06,3,10.23,11.51964,21
77,047b8df66ebc85fef8294a83,M07,3,10.8,12.57724,30
77,047b8df66ebc85fef8294a83,M08,3,14.84,17.25526,30
77,047b8df66ebc85fef8294a83,M09,3,13.48,16.22144,30
77,047b8df66ebc85fef8294a83,M10,3,16.58,18.547104,30
77,047b8df66ebc85fef8294a83,M11,3,15.42,17.84862,30
77,047b8df66ebc85fef8294a83,M12,3,20.06,22.93332,45
77,047b8df66ebc85fef8294a83,M13,3,19.03,22.54396,60
77,047b8df66ebc85fef8294a83,M14,3,15.62,19.68604,60
77,047b8df66ebc85fef8294a83,M15,3,19.52,22.89648,60
77,047b8df66ebc85fef8294a83,M16,3,42.92,43.32308,100
77,047b8df66ebc85fef8294a83,M17,3,5.79,6.59004,14
77,047b8df66ebc85fef8294a83,M18,3,7.94,9.03114666667,21
77,047b8df66ebc85fef8294a83,M19,3,6.51,7.72744,21
77,047b8df66ebc85fef8294a83,M20,3,8.72,9.98652,20
77,047b8df66ebc85fef8294a83,M21,3,6.25,7.44092,21
77,047b8df66ebc85fef8294a83,M22,3,13.86,17.71888,45
77,047b8df66ebc85fef8294a83,M23,3,11.68,15.4556,45
77,047b8df66ebc85fef8294a83,M24,3,14.22,18.03216,45
77,047b8df66ebc85fef8294a83,M25,3,12.43,13.24904,20
77,047b8df66ebc85fef8294a83,M26,3,10.92,12.29684,20
77,047b8df66ebc85fef8294a83,M27,3,12.97,15.49036,30
77,047b8df66ebc85fef8294a83,M28,3,10.83,13.4176,30
77,047b8df66ebc85fef8294a83,M29,3,12.95,15.4854,30
77,047b8df66ebc85fef8294a83,M30,3,7.8,9.36296,21
78,cdebdfe424c1e2de4b6e80f5,M01,3,5.54,5.86564,10
78,cdebdfe424c1e2de4b6e80f5,M02,3,7.41,7.47684,15
78,cdebdfe424c1e2de4b6e80f5,M03,3,6.42,6.75316,21
78,cdebdfe424c1e2de4b6e80f5,M04,3,5.81,6.26476,21
78,cdebdfe424c1e2de4b6e80f5,M05,3,5.57,6.11084,21
78,cdebdfe424c1e2de4b6e80f5,M06,3,8.12,8.57588,21
78,cdebdfe424c1e2de4b6e80f5,M07,3,8.33,8.97752,30
78,cdebdfe424c1e2de4b6e80f5,M08,3,11.48,12.68228,30
78,cdebdfe424c1e2de4b6e80f5,M09,3,9.88,11.27684,30
78,cdebdfe424c1e2de4b6e80f5,M10,3,13.24,13.90776,30
78,cdebdfe424c1e2de4b6e80f5,M11,3,11.56,12.82192,30
78,cdebdfe424c1e2de4b6e80f5,M12,3,14.76,15.6234,45
78,cdebdfe424c1e2de4b6e80f5,M13,3,14.02,15.05148,60
78,cdebdfe424c1e2de4b6e80f5,M14,3,11.34,12.86504,60
78,cdebdfe424c1e2de4b6e80f5,M15,3,14.1,15.15144,60
78,cdebdfe424c1e2de4b6e80f5,M16,3,29.16,29.02224,100
78,cdebdfe424c1e2de4b6e80f5,M17,3,4.43,4.7214,14
78,cdebdfe424c1e2de4b6e80f5,M18,3,6.37,6.74372,21
78,cdebdfe424c1e2de4b6e80f5,M19,3,5.38,5.64228,21
78,cdebdfe424c1e2de4b6e80f5,M20,3,7.13,7.63788,20
78,cdebdfe424c1e2de4b6e80f5,M21,3,5.28,5.66092,21
78,cdebdfe424c1e2de4b6e80f5,M22,3,10.86,11.91876,45
78,cdebdfe424c1e2de4b6e80f5,M23,3,9.06,10.14972,45
78,cdebdfe424c1e2de4b6e80f5,M24,3,10.88,11.94592,45
78,cdebdfe424c1e2de4b6e80f5,M25,3,6.42,10.87232,20
78,cdebdfe424c1e2de4b6e80f5,M26,3,4.7,9.54408,20
78,cdebdfe424c1e2de4b6e80f5,M27,3,6.96,11.21728,30
78,cdebdfe424c1e2de4b6e80f5,M28,3,5.39,9.57704,30
78,cdebdfe424c1e2de4b6e80f5,M29,3,6.98,11.14436,30
78,cdebdfe424c1e2de4b6e80f5,M30,3,4.24,6.58204,21
79,c4ac567011a027981340b36b,M01,4,5.08,5.45828,10
79,c4ac567011a027981340b36b,M02,4,6.75,7.07336,15
79,c4ac567011a027981340b36b,M03,4,5.75,6.05032,21
79,c4ac567011a027981340b36b,M04,4,5.2,5.69112,21
79,c4ac567011a027981340b36b,M05,4,5.01,5.56396,21
79,c4ac567011a027981340b36b,M06,4,7.27,7.93888,21
79,c4ac567011a027981340b36b,M07,4,7.41,8.07408,30
79,c4ac567011a027981340b36b,M08,4,10.03,11.00432,30
79,c4ac567011a027981340b36b,M09,4,8.16,9.57028,30
79,c4ac567011a027981340b36b,M10,4,11.6,12.15448,30
79,c4ac567011a027981340b36b,M11,4,10.01,11.0834,30
79,c4ac567011a027981340b36b,M12,4,12.52,13.50168,45
79,c4ac567011a027981340b36b,M13,4,12.01,13.2868,60
79,c4ac567011a027981340b36b,M14,4,9.49,10.98744,60
79,c4ac567011a027981340b36b,M15,4,11.84,13.34812,60
79,c4ac567011a027981340b36b,M16,4,23.53,27.31928,100
79,c4ac567011a027981340b36b,M17,4,3.54,4.20384,14
79,c4ac567011a027981340b36b,M18,4,5.61,6.12368,21
79,c4ac567011a027981340b36b,M19,4,4.73,5.37668,21
79,c4ac567011a027981340b36b,M20,4,5.76,7.1964,20
79,c4ac567011a027981340b36b,M21,4,4.63,5.36788,21
79,c4ac567011a027981340b36b,M22,4,8.31,10.67676,45
79,c4ac567011a027981340b36b,M23,4,6.85,8.85916,45
79,c4ac567011a027981340b36b,M24,4,8.13,10.69124,45
79,c4ac567011a027981340b36b,M25,4,10.04,9.17196,20
79,c4ac567011a027981340b36b,M26,4,8.32,7.864,20
79,c4ac567011a027981340b36b,M27,4,9.52,9.71292,30
79,c4ac567011a027981340b36b,M28,4,7.92,8.09664,30
79,c4ac567011a027981340b36b,M29,4,9.15,9.56236,30
79,c4ac567011a027981340b36b,M30,4,5.75,5.61852,21
80,3f3242254ca882caa3780cd4,M01,3,5.92,6.19548,10
80,3f3242254ca882caa3780cd4,M02,3,8.17,8.39272,15
80,3f3242254ca882caa3780cd4,M03,3,7.57,7.93628,21
80,3f3242254ca882caa3780cd4,M04,3,6.93,7.48436,21
80,3f3242254ca882caa3780cd4,M05,3,6.63,5.60928,21
80,3f3242254ca882caa3780cd4,M06,3,8.99,10.12196,21
80,3f3242254ca882caa3780cd4,M07,3,9.99,10.95436,30
80,3f3242254ca882caa3780cd4,M08,3,13.46,14.95196,30
80,3f3242254ca882caa3780cd4,M09,3,11.95,14.0942,30
80,3f3242254ca882caa3780cd4,M10,3,15.46,16.42688,30
80,3f3242254ca882caa3780cd4,M11,3,13.99,15.65788,30
80,3f3242254ca882caa3780cd4,M12,3,17.53,19.65444,45
80,3f3242254ca882caa3780cd4,M13,3,15.88,18.68756,60
80,3f3242254ca882caa3780cd4,M14,3,12.66,15.5894,60
80,3f3242254ca882caa3780cd4,M15,3,17.46,19.44448,60
80,3f3242254ca882caa3780cd4,M16,3,31.36,38.24984,100
80,3f3242254ca882caa3780cd4,M17,3,5.49,5.92708,14
80,3f3242254ca882caa3780cd4,M18,3,7.6,7.80632,21
80,3f3242254ca882caa3780cd4,M19,3,5.46,6.08672,21
80,3f3242254ca882caa3780cd4,M20,3,7.57,8.44428,20
80,3f3242254ca882caa3780cd4,M21,3,5.59,6.03976,21
80,3f3242254ca882caa3780cd4,M22,3,11.67,13.60076,45
80,3f3242254ca882caa3780cd4,M23,3,9.6,11.29468,45
80,3f3242254ca882caa3780cd4,M24,3,12.44,14.2348,45
80,3f3242254ca882caa3780cd4,M25,3,11.58,12.39832,20
80,3f3242254ca882caa3780cd4,M26,3,9.99,11.01852,20
80,3f3242254ca882caa3780cd4,M27,3,11.65,13.28096,30
80,3f3242254ca882caa3780cd4,M28,3,9.58,11.27484,30
80,3f3242254ca882caa3780cd4,M29,3,12.32,13.61432,30
80,3f3242254ca882caa3780cd4,M30,3,6.93,7.89196,21
81,8f5373ae3303e9a701bc0449,M01,2,4.3,4.35008,10
81,8f5373ae3303e9a701bc0449,M02,2,5.09,5.42024,15
81,8f5373ae3303e9a701bc0449,M03,2,4.8,4.77644,21
81,8f5373ae3303e9a701bc0449,M04,2,4.49,4.60056,21
81,8f5373ae3303e9a701bc0449,M05,2,4.24,4.3592,21
81,8f5373ae3303e9a701bc0449,M06,2,6.11,6.3116,21
81,8f5373ae3303e9a701bc0449,M07,2,5.71,5.99384,30
81,8f5373ae3303e9a701bc0449,M08,2,6.22,6.83784,30
81,8f5373ae3303e9a701bc0449,M09,2,4.53,5.57556,30
81,8f5373ae3303e9a701bc0449,M10,2,7.71,7.95352,30
81,8f5373ae3303e9a701bc0449,M11,2,5.84,6.90364,30
81,8f5373ae3303e9a701bc0449,M12,2,6.25,7.327,45
81,8f5373ae3303e9a701bc0449,M13,2,7.66,7.96808,60
81,8f5373ae3303e9a701bc0449,M14,2,4.84,6.0162,60
81,8f5373ae3303e9a701bc0449,M15,2,7.92,8.11704,60
81,8f5373ae3303e9a701bc0449,M16,2,11.53,15.12812,100
81,8f5373ae3303e9a701bc0449,M17,2,2.62,2.9536,14
81,8f5373ae3303e9a701bc0449,M18,2,5.05,5.03,21
81,8f5373ae3303e9a701bc0449,M19,2,4.77,4.70608,21
81,8f5373ae3303e9a701bc0449,M20,2,5.55,5.68296,20
81,8f5373ae3303e9a701bc0449,M21,2,4.76,4.78996,21
81,8f5373ae3303e9a701bc0449,M22,2,8.16,8.13696,45
81,8f5373ae3303e9a701bc0449,M23,2,5.9,6.19172,45
81,8f5373ae3303e9a701bc0449,M24,2,8.33,8.24524,45
81,8f5373ae3303e9a701bc0449,M25,2,6.93,6.48764,20
81,8f5373ae3303e9a701bc0449,M26,2,4.96,4.97704,20
81,8f5373ae3303e9a701bc0449,M27,2,7.32,7.16744,30
81,8f5373ae3303e9a701bc0449,M28,2,5.58,5.62736,30
81,8f5373ae3303e9a701bc0449,M29,2,7.24,7.18688,30
81,8f5373ae3303e9a701bc0449,M30,2,4.08,4.14416,21
86,db6ca16feb506f12191f9ced,M01,3,4.92,4.44972,10
86,db6ca16feb506f12191f9ced,M02,3,6.54,5.63844,15
86,db6ca16feb506f12191f9ced,M03,3,5.55,4.975,21
86,db6ca16feb506f12191f9ced,M04,3,5.3,4.79016,21
86,db6ca16feb506f12191f9ced,M05,3,5.14,4.5238,21
86,db6ca16feb506f12191f9ced,M06,3,7.04,6.51124,21
86,db6ca16feb506f12191f9ced,M07,3,7.16,6.40432,30
86,db6ca16feb506f12191f9ced,M08,3,9.46,7.8658,30
86,db6ca16feb506f12191f9ced,M09,3,8.51,6.5852,30
86,db6ca16feb506f12191f9ced,M10,3,11.08,8.8882,30
86,db6ca16feb506f12191f9ced,M11,3,10.17,7.9444,30
86,db6ca16feb506f12191f9ced,M12,3,11.56,8.72808,45
86,db6ca16feb506f12191f9ced,M13,3,11.52,9.2348,60
86,db6ca16feb506f12191f9ced,M14,3,8.96,7.09956,60
86,db6ca16feb506f12191f9ced,M15,3,11.48,9.35596,60
86,db6ca16feb506f12191f9ced,M16,3,21.7,17.46628,100
86,db6ca16feb506f12191f9ced,M17,3,3.82,3.12288,14
86,db6ca16feb506f12191f9ced,M18,3,5.78,5.224,21
86,db6ca16feb506f12191f9ced,M19,3,5.39,4.8042,21
86,db6ca16feb506f12191f9ced,M20,3,7.36,6.01416,20
86,db6ca16feb506f12191f9ced,M21,3,5.47,4.85568,21
86,db6ca16feb506f12191f9ced,M22,3,11.32,8.88996,45
86,db6ca16feb506f12191f9ced,M23,3,9.34,7.14052,45
86,db6ca16feb506f12191f9ced,M24,3,11.44,8.952,45
86,db6ca16feb506f12191f9ced,M25,3,6.26,7.26144,20
86,db6ca16feb506f12191f9ced,M26,3,4.26,5.60336,20
86,db6ca16feb506f12191f9ced,M27,3,6.81,7.9664,30
86,db6ca16feb506f12191f9ced,M28,3,5.24,6.47368,30
86,db6ca16feb506f12191f9ced,M29,3,6.82,7.8772,30
86,db6ca16feb506f12191f9ced,M30,3,4.19,4.50732,21
88,7c5d2caf2182c8f80629097e,M01,1,6.15,7.03616,10
88,7c5d2caf2182c8f80629097e,M02,1,8.16,9.23024,15
88,7c5d2caf2182c8f80629097e,M03,1,7.46,9.24916,21
88,7c5d2caf2182c8f80629097e,M04,1,6.9,8.58232,21
88,7c5d2caf2182c8f80629097e,M05,1,6.84,8.53032,21
88,7c5d2caf2182c8f80629097e,M06,1,9.48,12.16268,21
88,7c5d2caf2182c8f80629097e,M07,1,9.85,13.11424,30
88,7c5d2caf2182c8f80629097e,M08,1,13.68,17.21284,30
88,7c5d2caf2182c8f80629097e,M09,1,12.67,16.02412,30
88,7c5d2caf2182c8f80629097e,M10,1,15.41,18.53672,30
88,7c5d2caf2182c8f80629097e,M11,1,14.59,17.9006,30
88,7c5d2caf2182c8f80629097e,M12,1,18.23,23.09616,45
88,7c5d2caf2182c8f80629097e,M13,1,17.43,22.58384,60
88,7c5d2caf2182c8f80629097e,M14,1,14.34,19.52952,60
88,7c5d2caf2182c8f80629097e,M15,1,17.43,22.96916,60
88,7c5d2caf2182c8f80629097e,M16,1,39.31,51.14344,100
88,7c5d2caf2182c8f80629097e,M17,1,5.59,6.91136,14
88,7c5d2caf2182c8f80629097e,M18,1,7.5,9.07128,21
88,7c5d2caf2182c8f80629097e,M19,1,5.97,7.65444,21
88,7c5d2caf2182c8f80629097e,M20,1,8,10.10772,20
88,7c5d2caf2182c8f80629097e,M21,1,5.83,7.40728,21
88,7c5d2caf2182c8f80629097e,M22,1,12.41,16.9082,45
88,7c5d2caf2182c8f80629097e,M23,1,10.52,14.21912,45
88,7c5d2caf2182c8f80629097e,M24,1,12.53,17.35564,45
88,7c5d2caf2182c8f80629097e,M25,1,12.23,13.57,20
88,7c5d2caf2182c8f80629097e,M26,1,10.73,12.4676,20
88,7c5d2caf2182c8f80629097e,M27,1,12.64,15.56624,30
88,7c5d2caf2182c8f80629097e,M28,1,10.61,13.98768,30
88,7c5d2caf2182c8f80629097e,M29,1,12.45,15.494,30
88,7c5d2caf2182c8f80629097e,M30,1,7.49,9.22468,21
91,6d9f9870f4d44ecb43c6008e,M25,4,14.15,14.36684,20
91,6d9f9870f4d44ecb43c6008e,M26,4,12.9,13.4088,20
91,6d9f9870f4d44ecb43c6008e,M27,4,16.68,17.25696,30
91,6d9f9870f4d44ecb43c6008e,M28,4,14.79,15.48608,30
91,6d9f9870f4d44ecb43c6008e,M29,4,16.71,17.31684,30
91,6d9f9870f4d44ecb43c6008e,M30,4,10.23,10.602,21
92,ad6b380a8fe0471ba1141477,M01,2,6.67,6.47736,10
92,ad6b380a8fe0471ba1141477,M02,2,8.9,8.42716,15
92,ad6b380a8fe0471ba1141477,M03,2,8.66,8.10212,21
92,ad6b380a8fe0471ba1141477,M04,2,7.92,7.60766,21
92,ad6b380a8fe0471ba1141477,M05,2,7.85,7.48212,21
92,ad6b380a8fe0471ba1141477,M06,2,10.89,10.9819866667,21
92,ad6b380a8fe0471ba1141477,M07,2,11.64,11.29768,30
92,ad6b380a8fe0471ba1141477,M08,2,15.88,14.97688,30
92,ad6b380a8fe0471ba1141477,M09,2,14.72,14.10572,30
92,ad6b380a8fe0471ba1141477,M10,2,17.56,16.22516,30
92,ad6b380a8fe0471ba1141477,M11,2,16.65,15.55256,30
92,ad6b380a8fe0471ba1141477,M12,2,21.91,19.86308,45
92,ad6b380a8fe0471ba1141477,M13,2,21.18,19.24463,60
92,ad6b380a8fe0471ba1141477,M14,2,17.75,16.50948,60
92,ad6b380a8fe0471ba1141477,M15,2,21.33,19.54932,60
92,ad6b380a8fe0471ba1141477,M16,2,47.62,45.17628,100
92,ad6b380a8fe0471ba1141477,M17,2,6.33,6.23652,14
92,ad6b380a8fe0471ba1141477,M18,2,8.55,8.09981333333,21
92,ad6b380a8fe0471ba1141477,M19,2,7.16,6.979232,21
92,ad6b380a8fe0471ba1141477,M20,2,9.5,9.57024,20
92,ad6b380a8fe0471ba1141477,M21,2,6.92,6.84452,21
92,ad6b380a8fe0471ba1141477,M22,2,15.84,14.22764,45
92,ad6b380a8fe0471ba1141477,M23,2,13.31,12.147,45
92,ad6b380a8fe0471ba1141477,M24,2,16.25,14.48208,45
92,ad6b380a8fe0471ba1141477,M25,2,13.14,12.65172,20
92,ad6b380a8fe0471ba1141477,M26,2,11.77,11.5416,20
92,ad6b380a8fe0471ba1141477,M27,2,14.43,13.64616,30
92,ad6b380a8fe0471ba1141477,M28,2,12.35,11.88112,30
92,ad6b380a8fe0471ba1141477,M29,2,14.35,13.74148,30
92,ad6b380a8fe0471ba1141477,M30,2,8.68,8.13072,21
93,90e4bc93a64c5319da7b3c19,M01,3,5.81,4.99012,10
93,90e4bc93a64c5319da7b3c19,M02,3,7.77,6.50828,15
93,90e4bc93a64c5319da7b3c19,M03,3,6.88,5.49708,21
93,90e4bc93a64c5319da7b3c19,M04,3,6,5.27032,21
93,90e4bc93a64c5319da7b3c19,M05,3,5.89,5.12044,21
93,90e4bc93a64c5319da7b3c19,M06,3,8.68,7.20808,21
93,90e4bc93a64c5319da7b3c19,M07,3,9.05,7.29892,30
93,90e4bc93a64c5319da7b3c19,M08,3,12.75,9.72304,30
93,90e4bc93a64c5319da7b3c19,M09,3,10.62,8.46344,30
93,90e4bc93a64c5319da7b3c19,M10,3,14.39,10.81828,30
93,90e4bc93a64c5319da7b3c19,M11,3,12.84,9.76804,30
93,90e4bc93a64c5319da7b3c19,M12,3,16.81,11.72256,45
93,90e4bc93a64c5319da7b3c19,M13,3,15.57,11.6164,60
93,90e4bc93a64c5319da7b3c19,M14,3,12.8,9.45536,60
93,90e4bc93a64c5319da7b3c19,M15,3,15.57,11.64172,60
93,90e4bc93a64c5319da7b3c19,M16,3,34.22,22.90184,100
93,90e4bc93a64c5319da7b3c19,M17,3,4.55,3.5656,14
93,90e4bc93a64c5319da7b3c19,M18,3,6.56,5.564,21
93,90e4bc93a64c5319da7b3c19,M19,3,5.45,4.99308,21
93,90e4bc93a64c5319da7b3c19,M20,3,7.4,6.32992,20
93,90e4bc93a64c5319da7b3c19,M21,3,5.28,4.9794,21
93,90e4bc93a64c5319da7b3c19,M22,3,11.32,9.12972,45
93,90e4bc93a64c5319da7b3c19,M23,3,9.55,7.68556,45
93,90e4bc93a64c5319da7b3c19,M24,3,11.32,9.11328,45
93,90e4bc93a64c5319da7b3c19,M25,3,11.54,8.76364,20
93,90e4bc93a64c5319da7b3c19,M26,3,10.06,7.5274,20
93,90e4bc93a64c5319da7b3c19,M27,3,11.58,9.14072,30
93,90e4bc93a64c5319da7b3c19,M28,3,9.61,7.64268,30
93,90e4bc93a64c5319da7b3c19,M29,3,11.31,8.94836,30
93,90e4bc93a64c5319da7b3c19,M30,3,6.86,5.44156,21
95,74e84ef329ad1064a1b82a83,M01,4,6.67,7.00644,10
95,74e84ef329ad1064a1b82a83,M02,4,8.85,9.39848,15
95,74e84ef329ad1064a1b82a83,M03,4,8.53,9.47384,21
95,74e84ef329ad1064a1b82a83,M04,4,7.84,8.88512,21
95,74e84ef329ad1064a1b82a83,M05,4,7.78,8.85344,21
95,74e84ef329ad1064a1b82a83,M06,4,10.79,11.92148,21
95,74e84ef329ad1064a1b82a83,M07,4,11.43,13.07492,30
95,74e84ef329ad1064a1b82a83,M08,4,15.58,17.36816,30
95,74e84ef329ad1064a1b82a83,M09,4,14.47,16.49132,30
95,74e84ef329ad1064a1b82a83,M10,4,17.33,18.7502,30
95,74e84ef329ad1064a1b82a83,M11,4,16.44,18.12428,30
95,74e84ef329ad1064a1b82a83,M12,4,21.33,24.79536,45
95,74e84ef329ad1064a1b82a83,M13,4,20.74,24.46716,60
95,74e84ef329ad1064a1b82a83,M14,4,17.16,21.47964,60
95,74e84ef329ad1064a1b82a83,M15,4,20.84,24.81316,60
95,74e84ef329ad1064a1b82a83,M16,4,46.57,49.73192,100
95,74e84ef329ad1064a1b82a83,M17,4,6.26,6.945,14
95,74e84ef329ad1064a1b82a83,M18,4,8.46,9.30352,21
95,74e84ef329ad1064a1b82a83,M19,4,6.78,8.18676,21
95,74e84ef329ad1064a1b82a83,M20,4,9.02,9.996,20
95,74e84ef329ad1064a1b82a83,M21,4,6.56,7.82430666667,21
95,74e84ef329ad1064a1b82a83,M22,4,14.6,18.0929466667,45
95,74e84ef329ad1064a1b82a83,M23,4,12.3,15.75636,45
95,74e84ef329ad1064a1b82a83,M24,4,14.89,18.54716,45
95,74e84ef329ad1064a1b82a83,M25,4,13.07,13.4928,20
95,74e84ef329ad1064a1b82a83,M26,4,11.67,12.37876,20
95,74e84ef329ad1064a1b82a83,M27,4,14.28,15.68796,30
95,74e84ef329ad1064a1b82a83,M28,4,12.15,14.08504,30
95,74e84ef329ad1064a1b82a83,M29,4,14.17,15.6904,30
95,74e84ef329ad1064a1b82a83,M30,4,8.55,9.5556,21
96,3cf78d38643a00824f675671,M01,3,4.98,7.22636,10
96,3cf78d38643a00824f675671,M02,3,6.45,9.78432,15
96,3cf78d38643a00824f675671,M03,3,5.51,10.11341,21
96,3cf78d38643a00824f675671,M04,3,5.38,9.52475,21
96,3cf78d38643a00824f675671,M05,3,5.31,9.49548,21
96,3cf78d38643a00824f675671,M06,3,7.14,12.5657093333,21
96,3cf78d38643a00824f675671,M07,3,7.08,13.87122,30
96,3cf78d38643a00824f675671,M08,3,9.29,18.5567846667,30
96,3cf78d38643a00824f675671,M09,3,8.78,17.4296666667,30
96,3cf78d38643a00824f675671,M10,3,10.91,19.8013333333,30
96,3cf78d38643a00824f675671,M11,3,10.69,19.2099533333,30
96,3cf78d38643a00824f675671,M12,3,11.35,26.07688,45
96,3cf78d38643a00824f675671,M13,3,11.83,25.98744,60
96,3cf78d38643a00824f675671,M14,3,10.65,22.91128,60
96,3cf78d38643a00824f675671,M15,3,11.78,26.31508,60
96,3cf78d38643a00824f675671,M16,3,22.87,52.6481933333,100
96,3cf78d38643a00824f675671,M17,3,3.93,7.2299,14
96,3cf78d38643a00824f675671,M18,3,5.78,9.960226,21
96,3cf78d38643a00824f675671,M19,3,4.91,8.18143866667,21
96,3cf78d38643a00824f675671,M20,3,6.24,10.5508,20
96,3cf78d38643a00824f675671,M21,3,4.9,7.93356,21
96,3cf78d38643a00824f675671,M22,3,9.24,19.0145226667,45
96,3cf78d38643a00824f675671,M23,3,8.36,15.982296,45
96,3cf78d38643a00824f675671,M24,3,9.03,19.53549,45
96,3cf78d38643a00824f675671,M25,3,10.48,13.85292,20
96,3cf78d38643a00824f675671,M26,3,9.65,12.71108,20
96,3cf78d38643a00824f675671,M27,3,9.97,16.25316,30
96,3cf78d38643a00824f675671,M28,3,9.03,14.28164,30
96,3cf78d38643a00824f675671,M29,3,9.86,16.27737,30
96,3cf78d38643a00824f675671,M30,3,6.41,10.0820586667,21
98,b98d74e7b8c54efd1aed9d66,M01,4,4.03,4.8138,10
98,b98d74e7b8c54efd1aed9d66,M02,4,4.75,6.12468,15
98,b98d74e7b8c54efd1aed9d66,M03,4,4.51,5.29908,21
98,b98d74e7b8c54efd1aed9d66,M04,4,4.23,5.11672,21
98,b98d74e7b8c54efd1aed9d66,M05,4,3.89,4.93796,21
98,b98d74e7b8c54efd1aed9d66,M06,4,5.78,6.89992,21
98,b98d74e7b8c54efd1aed9d66,M07,4,5.16,6.87008,30
98,b98d74e7b8c54efd1aed9d66,M08,4,5.33,8.67852,30
98,b98d74e7b8c54efd1aed9d66,M09,4,3.83,7.5428,30
98,b98d74e7b8c54efd1aed9d66,M10,4,6.79,9.72764,30
98,b98d74e7b8c54efd1aed9d66,M11,4,5.02,8.9732,30
98,b98d74e7b8c54efd1aed9d66,M12,4,5.43,10.2042,45
98,b98d74e7b8c54efd1aed9d66,M13,4,6.48,10.394,60
98,b98d74e7b8c54efd1aed9d66,M14,4,4.19,7.96564,60
98,b98d74e7b8c54efd1aed9d66,M15,4,6.56,10.48452,60
98,b98d74e7b8c54efd1aed9d66,M16,4,8.31,20.15644,100
98,b98d74e7b8c54efd1aed9d66,M17,4,2.14,3.43372,14
98,b98d74e7b8c54efd1aed9d66,M18,4,4.71,5.45532,21
98,b98d74e7b8c54efd1aed9d66,M19,4,4.37,5.1026,21
98,b98d74e7b8c54efd1aed9d66,M20,4,4.74,6.6044,20
98,b98d74e7b8c54efd1aed9d66,M21,4,4.37,5.12876,21
98,b98d74e7b8c54efd1aed9d66,M22,4,6.59,9.66116,45
98,b98d74e7b8c54efd1aed9d66,M23,4,4.76,7.71168,45
98,b98d74e7b8c54efd1aed9d66,M24,4,6.68,9.73224,45
98,b98d74e7b8c54efd1aed9d66,M25,4,6.47,7.54456,20
98,b98d74e7b8c54efd1aed9d66,M26,4,4.74,5.96896,20
98,b98d74e7b8c54efd1aed9d66,M27,4,6.91,7.76844,30
98,b98d74e7b8c54efd1aed9d66,M28,4,5.34,6.31596,30
98,b98d74e7b8c54efd1aed9d66,M29,4,6.73,7.72852,30
98,b98d74e7b8c54efd1aed9d66,M30,4,4.14,4.79024,21
99,8b9b7a85e43384ce9dc9d4e5,M01,2,6.85,6.79544,10
99,8b9b7a85e43384ce9dc9d4e5,M02,2,9.05,8.97468,15
99,8b9b7a85e43384ce9dc9d4e5,M03,2,8.88,8.9672,21
99,8b9b7a85e43384ce9dc9d4e5,M04,2,8.15,8.40376,21
99,8b9b7a85e43384ce9dc9d4e5,M05,2,8.15,8.3494,21
99,8b9b7a85e43384ce9dc9d4e5,M06,2,11.32,10.53584,21
99,8b9b7a85e43384ce9dc9d4e5,M07,2,11.94,11.6374,30
99,8b9b7a85e43384ce9dc9d4e5,M08,2,16.21,15.47108,30
99,8b9b7a85e43384ce9dc9d4e5,M09,2,15.14,14.27884,30
99,8b9b7a85e43384ce9dc9d4e5,M10,2,17.92,16.64464,30
99,8b9b7a85e43384ce9dc9d4e5,M11,2,17.06,15.8668,30
99,8b9b7a85e43384ce9dc9d4e5,M12,2,22.43,20.59392,45
99,8b9b7a85e43384ce9dc9d4e5,M13,2,22.17,20.23612,60
99,8b9b7a85e43384ce9dc9d4e5,M14,2,18.53,17.45108,60
99,8b9b7a85e43384ce9dc9d4e5,M15,2,21.94,20.52608,60
99,8b9b7a85e43384ce9dc9d4e5,M16,2,49.13,40.38856,100
99,8b9b7a85e43384ce9dc9d4e5,M17,2,6.52,6.42648,14
99,8b9b7a85e43384ce9dc9d4e5,M18,2,8.77,8.6956,21
99,8b9b7a85e43384ce9dc9d4e5,M19,2,7.05,7.21004,21
99,8b9b7a85e43384ce9dc9d4e5,M20,2,9.3,8.99684,20
99,8b9b7a85e43384ce9dc9d4e5,M21,2,6.71,6.90072,21
99,8b9b7a85e43384ce9dc9d4e5,M22,2,15.23,15.11028,45
99,8b9b7a85e43384ce9dc9d4e5,M23,2,12.78,12.78744,45
99,8b9b7a85e43384ce9dc9d4e5,M24,2,15.54,15.32052,45
99,8b9b7a85e43384ce9dc9d4e5,M25,2,13.43,11.99836,20
99,8b9b7a85e43384ce9dc9d4e5,M26,2,11.98,10.86268,20
99,8b9b7a85e43384ce9dc9d4e5,M27,2,14.93,13.79504,30
99,8b9b7a85e43384ce9dc9d4e5,M28,2,12.76,11.91452,30
99,8b9b7a85e43384ce9dc9d4e5,M29,2,14.68,13.823,30
99,8b9b7a85e43384ce9dc9d4e5,M30,2,8.93,8.99988,21
100,7a9ff14e405dc4decdd4dd4f,M01,0,6.08,6.10892,10
100,7a9ff14e405dc4decdd4dd4f,M02,0,8.45,8.29104,15
100,7a9ff14e405dc4decdd4dd4f,M03,0,7.74,7.75804,21
100,7a9ff14e405dc4decdd4dd4f,M04,0,7.34,7.27436,21
100,7a9ff14e405dc4decdd4dd4f,M05,0,3.49,7.06564,21
100,7a9ff14e405dc4decdd4dd4f,M06,0,9.48,9.78448,21
100,7a9ff14e405dc4decdd4dd4f,M07,0,10.37,10.52428,30
100,7a9ff14e405dc4decdd4dd4f,M08,0,14.27,14.33584,30
100,7a9ff14e405dc4decdd4dd4f,M09,0,13.16,13.15568,30
100,7a9ff14e405dc4decdd4dd4f,M10,0,16.04,15.68016,30
100,7a9ff14e405dc4decdd4dd4f,M11,0,14.84,14.74932,30
100,7a9ff14e405dc4decdd4dd4f,M12,0,19.15,18.7532,45
100,7a9ff14e405dc4decdd4dd4f,M13,0,17.27,17.63,60
100,7a9ff14e405dc4decdd4dd4f,M14,0,14.07,14.671,60
100,7a9ff14e405dc4decdd4dd4f,M15,0,18.83,18.58,60
100,7a9ff14e405dc4decdd4dd4f,M16,0,36.61,39.99576,100
100,7a9ff14e405dc4decdd4dd4f,M17,0,5.6,5.74344,14
100,7a9ff14e405dc4decdd4dd4f,M18,0,7.78,7.80604,21
100,7a9ff14e405dc4decdd4dd4f,M19,0,5.57,6.15372,21
100,7a9ff14e405dc4decdd4dd4f,M20,0,7.95,8.6682,20
100,7a9ff14e405dc4decdd4dd4f,M21,0,5.87,6.15264,21
100,7a9ff14e405dc4decdd4dd4f,M22,0,12.25,13.72088,45
100,7a9ff14e405dc4decdd4dd4f,M23,0,10.17,11.2804,45
100,7a9ff14e405dc4decdd4dd4f,M24,0,13.16,14.54276,45
100,7a9ff14e405dc4decdd4dd4f,M25,0,11.95,11.988,20
100,7a9ff14e405dc4decdd4dd4f,M26,0,10.5,10.68184,20
100,7a9ff14e405dc4decdd4dd4f,M27,0,12.32,12.54332,30
100,7a9ff14e405dc4decdd4dd4f,M28,0,10.32,10.66716,30
100,7a9ff14e405dc4decdd4dd4f,M29,0,12.93,12.88556,30
100,7a9ff14e405dc4decdd4dd4f,M30,0,7.58,7.5436,21
101,3a06738b335793103289ffb6,M01,3,4.49,4.85184,10
101,3a06738b335793103289ffb6,M02,3,5.75,6.2792,15
101,3a06738b335793103289ffb6,M03,3,5.06,5.34608,21
101,3a06738b335793103289ffb6,M04,3,4.85,5.15188,21
101,3a06738b335793103289ffb6,M05,3,4.64,5.00384,21
101,3a06738b335793103289ffb6,M06,3,6.43,6.8122,21
101,3a06738b335793103289ffb6,M07,3,6.28,6.81944,30
101,3a06738b335793103289ffb6,M08,3,7.46,8.85996,30
101,3a06738b335793103289ffb6,M09,3,6.55,7.7286,30
101,3a06738b335793103289ffb6,M10,3,9.03,10.07588,30
101,3a06738b335793103289ffb6,M11,3,7.96,9.37252,30
101,3a06738b335793103289ffb6,M12,3,8.44,10.21932,45
101,3a06738b335793103289ffb6,M13,3,9.05,10.40088,60
101,3a06738b335793103289ffb6,M14,3,6.63,8.15496,60
101,3a06738b335793103289ffb6,M15,3,9.06,10.3978,60
101,3a06738b335793103289ffb6,M16,3,14.49,18.70572,100
101,3a06738b335793103289ffb6,M17,3,2.87,3.42768,14
101,3a06738b335793103289ffb6,M18,3,5.26,5.50976,21
101,3a06738b335793103289ffb6,M19,3,4.96,5.04752,21
101,3a06738b335793103289ffb6,M20,3,6.17,6.46836,20
101,3a06738b335793103289ffb6,M21,3,4.95,5.0882,21
101,3a06738b335793103289ffb6,M22,3,9.2,9.46272,45
101,3a06738b335793103289ffb6,M23,3,7.32,7.70516,45
101,3a06738b335793103289ffb6,M24,3,9.3,9.57788,45
101,3a06738b335793103289ffb6,M25,3,7.1,7.84612,20
101,3a06738b335793103289ffb6,M26,3,5.04,6.35484,20
101,3a06738b335793103289ffb6,M27,3,7.86,8.25656,30
101,3a06738b335793103289ffb6,M28,3,6.09,7.10316,30
101,3a06738b335793103289ffb6,M29,3,7.56,8.2288,30
101,3a06738b335793103289ffb6,M30,3,4.08,4.78204,21
102,aff25fa1ec688ab41c7f5099,M01,2,4.66,4.67216,10
102,aff25fa1ec688ab41c7f5099,M02,2,6.08,6.047,15
102,aff25fa1ec688ab41c7f5099,M03,2,5.24,5.12984,21
102,aff25fa1ec688ab41c7f5099,M04,2,5.02,4.99136,21
102,aff25fa1ec688ab41c7f5099,M05,2,4.88,4.79868,21
102,aff25fa1ec688ab41c7f5099,M06,2,6.64,6.6178,21
102,aff25fa1ec688ab41c7f5099,M07,2,6.63,6.58476,30
102,aff25fa1ec688ab41c7f5099,M08,2,8.23,8.12376,30
102,aff25fa1ec688ab41c7f5099,M09,2,7.3,7.22744,30
102,aff25fa1ec688ab41c7f5099,M10,2,9.83,9.26072,30
102,aff25fa1ec688ab41c7f5099,M11,2,8.89,8.48156,30
102,aff25fa1ec688ab41c7f5099,M12,2,9.68,8.80856,45
102,aff25fa1ec688ab41c7f5099,M13,2,10,9.09388,60
102,aff25fa1ec688ab41c7f5099,M14,2,7.53,7.48172,60
102,aff25fa1ec688ab41c7f5099,M15,2,10,9.15512,60
102,aff25fa1ec688ab41c7f5099,M16,2,17.25,17.33748,100
102,aff25fa1ec688ab41c7f5099,M17,2,3.27,3.13416,14
102,aff25fa1ec688ab41c7f5099,M18,2,5.39,5.3208,21
102,aff25fa1ec688ab41c7f5099,M19,2,4.96,4.9856,21
102,aff25fa1ec688ab41c7f5099,M20,2,6.21,6.36984,20
102,aff25fa1ec688ab41c7f5099,M21,2,5.01,5.04588,21
102,aff25fa1ec688ab41c7f5099,M22,2,9.2,9.186,45
102,aff25fa1ec688ab41c7f5099,M23,2,7.36,7.49848,45
102,aff25fa1ec688ab41c7f5099,M24,2,9.46,9.0874,45
102,aff25fa1ec688ab41c7f5099,M25,2,7.28,7.09124,20
102,aff25fa1ec688ab41c7f5099,M26,2,5.14,5.62328,20
102,aff25fa1ec688ab41c7f5099,M27,2,7.81,7.93156,30
102,aff25fa1ec688ab41c7f5099,M28,2,7.05,6.50056,30
102,aff25fa1ec688ab41c7f5099,M29,2,8.14,7.68616,30
102,aff25fa1ec688ab41c7f5099,M30,2,4.21,4.48548,21
103,fafa20a4901e87c3d213e2c4,M01,0,4.95,4.5578,10
103,fafa20a4901e87c3d213e2c4,M02,0,6.51,5.8826,15
103,fafa20a4901e87c3d213e2c4,M03,0,5.59,5.0398,21
103,fafa20a4901e87c3d213e2c4,M04,0,5.3,4.90656,21
103,fafa20a4901e87c3d213e2c4,M05,0,5.13,4.70664,21
103,fafa20a4901e87c3d213e2c4,M06,0,7.06,6.48164,21
103,fafa20a4901e87c3d213e2c4,M07,0,7.15,6.36088,30
103,fafa20a4901e87c3d213e2c4,M08,0,9.24,7.817,30
103,fafa20a4901e87c3d213e2c4,M09,0,8.23,6.815,30
103,fafa20a4901e87c3d213e2c4,M10,0,10.92,8.9628,30
103,fafa20a4901e87c3d213e2c4,M11,0,9.9,8.26216,30
103,fafa20a4901e87c3d213e2c4,M12,0,11.12,8.65656,45
103,fafa20a4901e87c3d213e2c4,M13,0,11.26,9.14332,60
103,fafa20a4901e87c3d213e2c4,M14,0,8.56,6.9884,60
103,fafa20a4901e87c3d213e2c4,M15,0,11.37,9.13136,60
103,fafa20a4901e87c3d213e2c4,M16,0,20.25,15.62468,100
103,fafa20a4901e87c3d213e2c4,M17,0,3.67,3.05508,14
103,fafa20a4901e87c3d213e2c4,M18,0,5.73,5.23652,21
103,fafa20a4901e87c3d213e2c4,M19,0,5.15,4.93116,21
103,fafa20a4901e87c3d213e2c4,M20,0,6.58,6.22312,20
103,fafa20a4901e87c3d213e2c4,M21,0,5.12,4.97104,21
103,fafa20a4901e87c3d213e2c4,M22,0,9.95,8.97864,45
103,fafa20a4901e87c3d213e2c4,M23,0,8.09,7.10028,45
103,fafa20a4901e87c3d213e2c4,M24,0,10.05,8.94388,45
103,fafa20a4901e87c3d213e2c4,M25,0,8.66,7.04892,20
103,fafa20a4901e87c3d213e2c4,M26,0,6.74,5.16696,20
103,fafa20a4901e87c3d213e2c4,M27,0,8.47,7.87476,30
103,fafa20a4901e87c3d213e2c4,M28,0,7.05,6.35844,30
103,fafa20a4901e87c3d213e2c4,M29,0,8.14,7.74472,30
103,fafa20a4901e87c3d213e2c4,M30,0,4.95,4.22316,21
104,3a7529da11b98d32d37eb9b2,M01,1,7.31,7.04876,10
104,3a7529da11b98d32d37eb9b2,M02,1,9.78,9.5806,15
104,3a7529da11b98d32d37eb9b2,M03,1,10.29,9.7932,21
104,3a7529da11b98d32d37eb9b2,M04,1,9.5,9.19764,21
104,3a7529da11b98d32d37eb9b2,M05,1,9.54,9.1956,21
104,3a7529da11b98d32d37eb9b2,M06,1,12.86,12.09648,21
104,3a7529da11b98d32d37eb9b2,M07,1,14.12,13.15588,30
104,3a7529da11b98d32d37eb9b2,M08,1,18.5,17.49824,30
104,3a7529da11b98d32d37eb9b2,M09,1,17.4,16.46672,30
104,3a7529da11b98d32d37eb9b2,M10,1,20.13,18.87108,30
104,3a7529da11b98d32d37eb9b2,M11,1,19.36,18.10872,30
104,3a7529da11b98d32d37eb9b2,M12,1,26.34,25.58524,45
104,3a7529da11b98d32d37eb9b2,M13,1,26.56,25.43284,60
104,3a7529da11b98d32d37eb9b2,M14,1,23.05,22.6566,60
104,3a7529da11b98d32d37eb9b2,M15,1,26.79,25.68508,60
104,3a7529da11b98d32d37eb9b2,M16,1,54.88,49.80536,100
104,3a7529da11b98d32d37eb9b2,M17,1,7.33,6.90904,14
104,3a7529da11b98d32d37eb9b2,M18,1,10.07,9.4488,21
104,3a7529da11b98d32d37eb9b2,M19,1,9.14,7.91336,21
104,3a7529da11b98d32d37eb9b2,M20,1,11.44,9.79076,20
104,3a7529da11b98d32d37eb9b2,M21,1,8.71,7.35628,21
104,3a7529da11b98d32d37eb9b2,M22,1,21.42,17.04612,45
104,3a7529da11b98d32d37eb9b2,M23,1,18.23,14.68988,45
104,3a7529da11b98d32d37eb9b2,M24,1,21.96,17.29028,45
104,3a7529da11b98d32d37eb9b2,M25,1,14.27,13.57464,20
104,3a7529da11b98d32d37eb9b2,M26,1,12.95,12.32996,20
104,3a7529da11b98d32d37eb9b2,M27,1,16.77,15.65212,30
104,3a7529da11b98d32d37eb9b2,M28,1,14.82,13.88256,30
104,3a7529da11b98d32d37eb9b2,M29,1,16.71,15.71804,30
104,3a7529da11b98d32d37eb9b2,M30,1,10.31,9.77844,21
106,6a14fc3ef083f99a0815d5c0,M01,1,6.6,7.75492,10
106,6a14fc3ef083f99a0815d5c0,M02,1,8.76,10.30308,15
106,6a14fc3ef083f99a0815d5c0,M03,1,8.4,11.32164,21
106,6a14fc3ef083f99a0815d5c0,M04,1,7.68,10.59528,21
106,6a14fc3ef083f99a0815d5c0,M05,1,7.64,10.66428,21
106,6a14fc3ef083f99a0815d5c0,M06,1,10.65,13.91724,21
106,6a14fc3ef083f99a0815d5c0,M07,1,11.22,15.64052,30
106,6a14fc3ef083f99a0815d5c0,M08,1,15.34,19.86992,30
106,6a14fc3ef083f99a0815d5c0,M09,1,14.19,18.66372,30
106,6a14fc3ef083f99a0815d5c0,M10,1,17.09,21.32236,30
106,6a14fc3ef083f99a0815d5c0,M11,1,16.15,20.73844,30
106,6a14fc3ef083f99a0815d5c0,M12,1,20.97,28.57444,45
106,6a14fc3ef083f99a0815d5c0,M13,1,20.37,28.79996,60
106,6a14fc3ef083f99a0815d5c0,M14,1,16.83,25.85728,60
106,6a14fc3ef083f99a0815d5c0,M15,1,20.31,29.19556,60
106,6a14fc3ef083f99a0815d5c0,M16,1,46.05,57.7168,100
106,6a14fc3ef083f99a0815d5c0,M17,1,6.18,7.84176,14
106,6a14fc3ef083f99a0815d5c0,M18,1,8.29,10.91248,21
106,6a14fc3ef083f99a0815d5c0,M19,1,6.85,9.41232,21
106,6a14fc3ef083f99a0815d5c0,M20,1,9.12,11.45336,20
106,6a14fc3ef083f99a0815d5c0,M21,1,6.61,8.9598,21
106,6a14fc3ef083f99a0815d5c0,M22,1,14.87,21.82452,45
106,6a14fc3ef083f99a0815d5c0,M23,1,12.44,18.62928,45
106,6a14fc3ef083f99a0815d5c0,M24,1,15.13,22.947,45
106,6a14fc3ef083f99a0815d5c0,M25,1,12.98,14.74256,20
106,6a14fc3ef083f99a0815d5c0,M26,1,11.57,13.598,20
106,6a14fc3ef083f99a0815d5c0,M27,1,14.11,17.65572,30
106,6a14fc3ef083f99a0815d5c0,M28,1,11.95,15.91576,30
106,6a14fc3ef083f99a0815d5c0,M29,1,13.91,17.74312,30
106,6a14fc3ef083f99a0815d5c0,M30,1,8.42,11.39288,21
107,2ca218591068dc3467fc728a,M01,1,7.64,7.4578,10
107,2ca218591068dc3467fc728a,M02,1,10.13,10.04536,15
107,2ca218591068dc3467fc728a,M03,1,10.85,10.51968,21
107,2ca218591068dc3467fc728a,M04,1,9.91,9.86,21
107,2ca218591068dc3467fc728a,M05,1,10.02,9.85668,21
107,2ca218591068dc3467fc728a,M06,1,13.61,13.39204,21
107,2ca218591068dc3467fc728a,M07,1,14.88,14.9172,30
107,2ca218591068dc3467fc728a,M08,1,19.26,19.01312,30
107,2ca218591068dc3467fc728a,M09,1,17.39,17.8664,30
107,2ca218591068dc3467fc728a,M10,1,20.96,20.28896,30
107,2ca218591068dc3467fc728a,M11,1,20.01,19.66392,30
107,2ca218591068dc3467fc728a,M12,1,27.43,27.05976,45
107,2ca218591068dc3467fc728a,M13,1,28.21,27.1748,60
107,2ca218591068dc3467fc728a,M14,1,24.39,23.79076,60
107,2ca218591068dc3467fc728a,M15,1,28.15,27.51384,60
107,2ca218591068dc3467fc728a,M16,1,56.68,54.8756,100
107,2ca218591068dc3467fc728a,M17,1,7.63,7.5164,14
107,2ca218591068dc3467fc728a,M18,1,10.46,10.23132,21
107,2ca218591068dc3467fc728a,M19,1,9.18,8.65676,21
107,2ca218591068dc3467fc728a,M20,1,11.36,10.79728,20
107,2ca218591068dc3467fc728a,M21,1,8.51,8.24568,21
107,2ca218591068dc3467fc728a,M22,1,21.01,20.03156,45
107,2ca218591068dc3467fc728a,M23,1,17.63,16.847,45
107,2ca218591068dc3467fc728a,M24,1,21.56,20.34556,45
107,2ca218591068dc3467fc728a,M25,1,14.75,14.37092,20
107,2ca218591068dc3467fc728a,M26,1,13.4,13.2394,20
107,2ca218591068dc3467fc728a,M27,1,17.65,16.98004,30
107,2ca218591068dc3467fc728a,M28,1,15.52,15.24488,30
107,2ca218591068dc3467fc728a,M29,1,17.49,16.89748,30
107,2ca218591068dc3467fc728a,M30,1,10.9,10.5498,21
108,87974590a2f5c545466b7087,M01,2,7.76,7.732,10
108,87974590a2f5c545466b7087,M02,2,10.32,10.3666,15
108,87974590a2f5c545466b7087,M03,2,11.29,11.13592,21
108,87974590a2f5c545466b7087,M04,2,10.45,10.49464,21
108,87974590a2f5c545466b7087,M05,2,10.53,10.56368,21
108,87974590a2f5c545466b7087,M06,2,13.92,14.06472,21
108,87974590a2f5c545466b7087,M07,2,15.59,15.42556,30
108,87974590a2f5c545466b7087,M08,2,19.96,20.11,30
108,87974590a2f5c545466b7087,M09,2,18.81,18.97776,30
108,87974590a2f5c545466b7087,M10,2,21.58,21.4288,30
108,87974590a2f5c545466b7087,M11,2,20.81,20.80088,30
108,87974590a2f5c545466b7087,M12,2,28.69,28.84104,45
108,87974590a2f5c545466b7087,M13,2,29.18,28.98796,60
108,87974590a2f5c545466b7087,M14,2,25.55,26.28652,60
108,87974590a2f5c545466b7087,M15,2,29.83,29.577,60
108,87974590a2f5c545466b7087,M16,2,57.79,56.25248,100
108,87974590a2f5c545466b7087,M17,2,7.91,7.83456,14
108,87974590a2f5c545466b7087,M18,2,10.96,10.7592,21
108,87974590a2f5c545466b7087,M19,2,9.13,9.59676,21
108,87974590a2f5c545466b7087,M20,2,11.16,11.69568,20
108,87974590a2f5c545466b7087,M21,2,8.54,9.09624,21
108,87974590a2f5c545466b7087,M22,2,20.4,22.28692,45
108,87974590a2f5c545466b7087,M23,2,17.22,19.6268,45
108,87974590a2f5c545466b7087,M24,2,21.2,23.234,45
108,87974590a2f5c545466b7087,M25,2,14.9,14.69768,20
108,87974590a2f5c545466b7087,M26,2,13.6,13.68976,20
108,87974590a2f5c545466b7087,M27,2,18.02,18.08152,30
108,87974590a2f5c545466b7087,M28,2,16.01,16.28624,30
108,87974590a2f5c545466b7087,M29,2,18.1,18.1542,30
108,87974590a2f5c545466b7087,M30,2,11.3,11.1918,21
109,0481944a4fdf636307259eff,M01,2,4.85,4.52244,10
109,0481944a4fdf636307259eff,M02,2,6.29,5.65828,15
109,0481944a4fdf636307259eff,M03,2,5.43,4.94524,21
109,0481944a4fdf636307259eff,M04,2,5.15,4.7668,21
109,0481944a4fdf636307259eff,M05,2,5,4.58176,21
109,0481944a4fdf636307259eff,M06,2,6.87,6.30564,21
109,0481944a4fdf636307259eff,M07,2,6.91,6.12576,30
109,0481944a4fdf636307259eff,M08,2,8.65,7.17428,30
109,0481944a4fdf636307259eff,M09,2,7.58,6.05344,30
109,0481944a4fdf636307259eff,M10,2,10.33,8.2056,30
109,0481944a4fdf636307259eff,M11,2,9.31,7.34196,30
109,0481944a4fdf636307259eff,M12,2,10.23,8.14636,45
109,0481944a4fdf636307259eff,M13,2,10.62,8.53576,60
109,0481944a4fdf636307259eff,M14,2,7.98,6.5346,60
109,0481944a4fdf636307259eff,M15,2,10.65,8.67076,60
109,0481944a4fdf636307259eff,M16,2,18.33,16.09788,100
109,0481944a4fdf636307259eff,M17,2,3.46,2.94888,14
109,0481944a4fdf636307259eff,M18,2,5.57,5.16352,21
109,0481944a4fdf636307259eff,M19,2,5.23,4.81788,21
109,0481944a4fdf636307259eff,M20,2,6.8,5.78056,20
109,0481944a4fdf636307259eff,M21,2,5.24,4.90184,21
109,0481944a4fdf636307259eff,M22,2,10.37,8.24264,45
109,0481944a4fdf636307259eff,M23,2,8.35,6.43128,45
109,0481944a4fdf636307259eff,M24,2,10.53,8.2936,45
109,0481944a4fdf636307259eff,M25,2,6.82,6.66052,20
109,0481944a4fdf636307259eff,M26,2,4.94,5.12136,20
109,0481944a4fdf636307259eff,M27,2,7.28,7.16916,30
109,0481944a4fdf636307259eff,M28,2,5.56,5.73556,30
109,0481944a4fdf636307259eff,M29,2,7.32,7.03684,30
109,0481944a4fdf636307259eff,M30,2,4.39,4.3688,21
113,c135fd0963573003df9035bb,M01,3,7.67,8.16984,10
113,c135fd0963573003df9035bb,M02,3,10.2,10.94236,15
113,c135fd0963573003df9035bb,M03,3,11.09,12.5596,21
113,c135fd0963573003df9035bb,M04,3,10.24,11.6278,21
113,c135fd0963573003df9035bb,M05,3,10.34,11.77228,21
113,c135fd0963573003df9035bb,M06,3,13.81,15.18964,21
113,c135fd0963573003df9035bb,M07,3,15.34,17.07148,30
113,c135fd0963573003df9035bb,M08,3,19.71,21.64836,30
113,c135fd0963573003df9035bb,M09,3,18.51,20.19012,30
113,c135fd0963573003df9035bb,M10,3,21.32,23.2552,30
113,c135fd0963573003df9035bb,M11,3,20.47,22.56584,30
113,c135fd0963573003df9035bb,M12,3,28.37,31.60888,45
113,c135fd0963573003df9035bb,M13,3,29.16,32.57088,60
113,c135fd0963573003df9035bb,M14,3,25.7,29.45976,60
113,c135fd0963573003df9035bb,M15,3,29.18,32.99564,60
113,c135fd0963573003df9035bb,M16,3,57.83,61.14816,100
113,c135fd0963573003df9035bb,M17,3,7.79,8.35764,14
113,c135fd0963573003df9035bb,M18,3,10.75,11.96036,21
113,c135fd0963573003df9035bb,M19,3,8.97,11.1052,21
113,c135fd0963573003df9035bb,M20,3,11.18,12.85212,20
113,c135fd0963573003df9035bb,M21,3,8.42,10.29136,21
113,c135fd0963573003df9035bb,M22,3,20.57,26.6514,45
113,c135fd0963573003df9035bb,M23,3,17.42,23.19004,45
113,c135fd0963573003df9035bb,M24,3,21.04,27.04364,45
113,c135fd0963573003df9035bb,M25,3,14.81,15.55908,20
113,c135fd0963573003df9035bb,M26,3,13.53,14.34712,20
113,c135fd0963573003df9035bb,M27,3,17.93,19.64916,30
113,c135fd0963573003df9035bb,M28,3,15.96,17.765,30
113,c135fd0963573003df9035bb,M29,3,17.76,19.6638,30
113,c135fd0963573003df9035bb,M30,3,11.15,12.62208,21
114,5ab6d54df37caa459c1a457e,M25,3,12.55,13.75252,20
114,5ab6d54df37caa459c1a457e,M26,3,10.81,12.64144,20
114,5ab6d54df37caa459c1a457e,M27,3,12.79,15.86596,30
114,5ab6d54df37caa459c1a457e,M28,3,10.79,14.08176,30
114,5ab6d54df37caa459c1a457e,M29,3,13.25,15.88969,30
114,5ab6d54df37caa459c1a457e,M30,3,7.75,10.0416933333,21
115,1ab7eba89cafc88387549334,M01,3,8.27,8.06676,10
115,1ab7eba89cafc88387549334,M02,3,10.96,10.73448,15
115,1ab7eba89cafc88387549334,M03,3,12.64,12.25552,21
115,1ab7eba89cafc88387549334,M04,3,11.59,11.36492,21
115,1ab7eba89cafc88387549334,M05,3,11.77,11.53168,21
115,1ab7eba89cafc88387549334,M06,3,15.4,14.75056,21
115,1ab7eba89cafc88387549334,M07,3,17.69,16.75324,30
115,1ab7eba89cafc88387549334,M08,3,21.96,21.01784,30
115,1ab7eba89cafc88387549334,M09,3,20.48,19.4964,30
115,1ab7eba89cafc88387549334,M10,3,23.52,22.43224,30
115,1ab7eba89cafc88387549334,M11,3,22.59,21.80328,30
115,1ab7eba89cafc88387549334,M12,3,32.12,31.09076,45
115,1ab7eba89cafc88387549334,M13,3,33.58,31.94172,60
115,1ab7eba89cafc88387549334,M14,3,30.28,28.97804,60
115,1ab7eba89cafc88387549334,M15,3,33.96,32.39692,60
115,1ab7eba89cafc88387549334,M16,3,62.65,59.98596,100
115,1ab7eba89cafc88387549334,M17,3,8.54,8.21584,14
115,1ab7eba89cafc88387549334,M18,3,12,11.6892,21
115,1ab7eba89cafc88387549334,M19,3,11.5,10.53036,21
115,1ab7eba89cafc88387549334,M20,3,13.3,12.56264,20
115,1ab7eba89cafc88387549334,M21,3,10.62,9.92304,21
115,1ab7eba89cafc88387549334,M22,3,27.56,24.89616,45
115,1ab7eba89cafc88387549334,M23,3,23.99,21.18052,45
115,1ab7eba89cafc88387549334,M24,3,27.94,25.51768,45
115,1ab7eba89cafc88387549334,M25,3,15.74,15.18592,20
115,1ab7eba89cafc88387549334,M26,3,14.48,14.20696,20
115,1ab7eba89cafc88387549334,M27,3,19.83,19.06192,30
115,1ab7eba89cafc88387549334,M28,3,17.98,17.37096,30
115,1ab7eba89cafc88387549334,M29,3,19.79,19.00296,30
115,1ab7eba89cafc88387549334,M30,3,12.69,12.31904,21
116,9a9b3db558991f39668b2741,M01,2,4.4,4.82144,10
116,9a9b3db558991f39668b2741,M02,2,5.58,6.18536,15
116,9a9b3db558991f39668b2741,M03,2,4.9,5.49332,21
116,9a9b3db558991f39668b2741,M04,2,4.78,5.22112,21
116,9a9b3db558991f39668b2741,M05,2,4.38,5.06224,21
116,9a9b3db558991f39668b2741,M06,2,6.3,7.117,21
116,9a9b3db558991f39668b2741,M07,2,6.04,6.93852,30
116,9a9b3db558991f39668b2741,M08,2,7.49,8.931,30
116,9a9b3db558991f39668b2741,M09,2,6.88,7.83564,30
116,9a9b3db558991f39668b2741,M10,2,8.89,9.89996,30
116,9a9b3db558991f39668b2741,M11,2,8.59,9.09428,30
116,9a9b3db558991f39668b2741,M12,2,8.51,10.77672,45
116,9a9b3db558991f39668b2741,M13,2,9.25,10.97676,60
116,9a9b3db558991f39668b2741,M14,2,7.26,8.77716,60
116,9a9b3db558991f39668b2741,M15,2,9.04,11.06584,60
116,9a9b3db558991f39668b2741,M16,2,16.16,23.3223733333,100
116,9a9b3db558991f39668b2741,M17,2,2.8,3.79404,14
116,9a9b3db558991f39668b2741,M18,2,5.16,5.64428,21
116,9a9b3db558991f39668b2741,M19,2,4.56,5.16248,21
116,9a9b3db558991f39668b2741,M20,2,5.48,6.36796,20
116,9a9b3db558991f39668b2741,M21,2,4.59,5.21748,21
116,9a9b3db558991f39668b2741,M22,2,7.9,9.3916,45
116,9a9b3db558991f39668b2741,M23,2,6.57,7.69312,45
116,9a9b3db558991f39668b2741,M24,2,7.67,9.54276,45
116,9a9b3db558991f39668b2741,M25,2,10.22,7.62704,20
116,9a9b3db558991f39668b2741,M26,2,8.66,6.34208,20
116,9a9b3db558991f39668b2741,M27,2,9.64,8.23364,30
116,9a9b3db558991f39668b2741,M28,2,8.09,6.719,30
116,9a9b3db558991f39668b2741,M29,2,9.34,8.2612,30
116,9a9b3db558991f39668b2741,M30,2,5.93,5.096,21
117,1012fb46ebf465147816dc29,M01,3,6.69,6.62628,10
117,1012fb46ebf465147816dc29,M02,3,8.94,8.88768,15
117,1012fb46ebf465147816dc29,M03,3,8.7,8.67008,21
117,1012fb46ebf465147816dc29,M04,3,7.98,8.18668,21
117,1012fb46ebf465147816dc29,M05,3,7.93,8.01808,21
117,1012fb46ebf465147816dc29,M06,3,11,11.29336,21
117,1012fb46ebf465147816dc29,M07,3,11.69,11.78268,30
117,1012fb46ebf465147816dc29,M08,3,15.9,15.9036,30
117,1012fb46ebf465147816dc29,M09,3,14.76,14.87568,30
117,1012fb46ebf465147816dc29,M10,3,17.62,17.164,30
117,1012fb46ebf465147816dc29,M11,3,16.79,16.5242,30
117,1012fb46ebf465147816dc29,M12,3,21.88,21.5338,45
117,1012fb46ebf465147816dc29,M13,3,21.35,21.05528,60
117,1012fb46ebf465147816dc29,M14,3,17.75,18.2748,60
117,1012fb46ebf465147816dc29,M15,3,21.51,21.37576,60
117,1012fb46ebf465147816dc29,M16,3,47.77,47.14248,100
117,1012fb46ebf465147816dc29,M17,3,6.33,6.35092,14
117,1012fb46ebf465147816dc29,M18,3,8.61,8.54784,21
117,1012fb46ebf465147816dc29,M19,3,7.82,7.41032,21
117,1012fb46ebf465147816dc29,M20,3,10.33,9.68464,20
117,1012fb46ebf465147816dc29,M21,3,7.55,7.17276,21
117,1012fb46ebf465147816dc29,M22,3,17.81,15.85532,45
117,1012fb46ebf465147816dc29,M23,3,14.9,13.5240533333,45
117,1012fb46ebf465147816dc29,M24,3,18.31,16.01416,45
117,1012fb46ebf465147816dc29,M25,3,13.2,13.21012,20
117,1012fb46ebf465147816dc29,M26,3,11.79,12.0818,20
117,1012fb46ebf465147816dc29,M27,3,14.51,14.72132,30
117,1012fb46ebf465147816dc29,M28,3,12.41,12.7304,30
117,1012fb46ebf465147816dc29,M29,3,14.46,14.69328,30
117,1012fb46ebf465147816dc29,M30,3,8.72,8.67672,21
118,6382e37f456a6099a172d19e,M01,2,7.31,7.35224,10
118,6382e37f456a6099a172d19e,M02,2,9.78,9.8668,15
118,6382e37f456a6099a172d19e,M03,2,10.25,10.29774,21
118,6382e37f456a6099a172d19e,M04,2,9.43,9.67658,21
118,6382e37f456a6099a172d19e,M05,2,9.45,9.66404,21
118,6382e37f456a6099a172d19e,M06,2,12.8,12.8894133333,21
118,6382e37f456a6099a172d19e,M07,2,14.05,14.33908,30
118,6382e37f456a6099a172d19e,M08,2,18.42,18.62246,30
118,6382e37f456a6099a172d19e,M09,2,17.25,17.64436,30
118,6382e37f456a6099a172d19e,M10,2,20.08,19.8032933333,30
118,6382e37f456a6099a172d19e,M11,2,19.19,19.2351,30
118,6382e37f456a6099a172d19e,M12,2,26.19,26.33048,45
118,6382e37f456a6099a172d19e,M13,2,26.3,26.39016,60
118,6382e37f456a6099a172d19e,M14,2,22.71,23.38832,60
118,6382e37f456a6099a172d19e,M15,2,26.4,26.71472,60
118,6382e37f456a6099a172d19e,M16,2,54.54,50.05128,100
118,6382e37f456a6099a172d19e,M17,2,7.29,7.3272,14
118,6382e37f456a6099a172d19e,M18,2,10.01,10.02785,21
118,6382e37f456a6099a172d19e,M19,2,8.5,8.05166,21
118,6382e37f456a6099a172d19e,M20,2,10.77,10.35948,20
118,6382e37f456a6099a172d19e,M21,2,8.08,7.80756,21
118,6382e37f456a6099a172d19e,M22,2,19.4,18.4545066667,45
118,6382e37f456a6099a172d19e,M23,2,16.41,15.74424,45
118,6382e37f456a6099a172d19e,M24,2,19.86,18.8343533333,45
118,6382e37f456a6099a172d19e,M25,2,14.23,14.1118,20
118,6382e37f456a6099a172d19e,M26,2,12.93,13.00524,20
118,6382e37f456a6099a172d19e,M27,2,16.7,16.72272,30
118,6382e37f456a6099a172d19e,M28,2,14.7,14.8016,30
118,6382e37f456a6099a172d19e,M29,2,16.62,16.76304,30
118,6382e37f456a6099a172d19e,M30,2,10.29,10.3226933333,21
119,c488d0a9a839e2a349774985,M01,0,7.43,7.22356,10
119,c488d0a9a839e2a349774985,M02,0,9.87,9.65196,15
119,c488d0a9a839e2a349774985,M03,0,10.42,9.96373,21
119,c488d0a9a839e2a349774985,M04,0,9.63,9.30915333333,21
119,c488d0a9a839e2a349774985,M05,0,9.69,9.30156,21
119,c488d0a9a839e2a349774985,M06,0,13,12.71496,21
119,c488d0a9a839e2a349774985,M07,0,14.3,13.8460266667,30
119,c488d0a9a839e2a349774985,M08,0,18.67,18.2268866667,30
119,c488d0a9a839e2a349774985,M09,0,17.57,17.05604,30
119,c488d0a9a839e2a349774985,M10,0,20.32,19.55524,30
119,c488d0a9a839e2a349774985,M11,0,19.62,18.7525013333,30
119,c488d0a9a839e2a349774985,M12,0,26.58,25.2985866667,45
119,c488d0a9a839e2a349774985,M13,0,26.82,25.29586,60
119,c488d0a9a839e2a349774985,M14,0,23.22,22.18532,60
119,c488d0a9a839e2a349774985,M15,0,27.27,25.48428,60
119,c488d0a9a839e2a349774985,M16,0,55.11,50.12756,100
119,c488d0a9a839e2a349774985,M17,0,7.41,7.14716,14
119,c488d0a9a839e2a349774985,M18,0,10.2,9.76924666667,21
119,c488d0a9a839e2a349774985,M19,0,7.81,7.82474666667,21
119,c488d0a9a839e2a349774985,M20,0,10.04,10.33396,20
119,c488d0a9a839e2a349774985,M21,0,7.41,7.58544,21
119,c488d0a9a839e2a349774985,M22,0,17.21,18.6193226667,45
119,c488d0a9a839e2a349774985,M23,0,14.51,15.84923,45
119,c488d0a9a839e2a349774985,M24,0,17.67,19.0871,45
119,c488d0a9a839e2a349774985,M25,0,14.36,13.93136,20
119,c488d0a9a839e2a349774985,M26,0,13.06,12.89192,20
119,c488d0a9a839e2a349774985,M27,0,16.95,16.32568,30
119,c488d0a9a839e2a349774985,M28,0,14.95,14.51992,30
119,c488d0a9a839e2a349774985,M29,0,16.97,16.33986,30
119,c488d0a9a839e2a349774985,M30,0,10.45,10.0123666667,21
121,4ed737567275c0296b371cfd,M01,4,4.39,4.70208,10
121,4ed737567275c0296b371cfd,M02,4,5.3,5.76012,15
121,4ed737567275c0296b371cfd,M03,4,4.92,5.2254,21
121,4ed737567275c0296b371cfd,M04,4,4.58,4.9696,21
121,4ed737567275c0296b371cfd,M05,4,4.49,4.78988,21
121,4ed737567275c0296b371cfd,M06,4,6.27,6.58596,21
121,4ed737567275c0296b371cfd,M07,4,5.86,6.52656,30
121,4ed737567275c0296b371cfd,M08,4,6.24,8.55024,30
121,4ed737567275c0296b371cfd,M09,4,5.01,7.3788,30
121,4ed737567275c0296b371cfd,M10,4,7.9,9.566,30
121,4ed737567275c0296b371cfd,M11,4,6.83,8.73008,30
121,4ed737567275c0296b371cfd,M12,4,6.73,9.30304,45
121,4ed737567275c0296b371cfd,M13,4,7.48,9.64152,60
121,4ed737567275c0296b371cfd,M14,4,4.62,7.67624,60
121,4ed737567275c0296b371cfd,M15,4,7.97,9.81864,60
121,4ed737567275c0296b371cfd,M16,4,9.69,15.38856,100
121,4ed737567275c0296b371cfd,M17,4,2.65,3.60764,14
121,4ed737567275c0296b371cfd,M18,4,5.08,5.35252,21
121,4ed737567275c0296b371cfd,M19,4,4.49,4.7872,21
121,4ed737567275c0296b371cfd,M20,4,5.01,5.92848,20
121,4ed737567275c0296b371cfd,M21,4,4.45,4.86304,21
121,4ed737567275c0296b371cfd,M22,4,6.88,8.73624,45
121,4ed737567275c0296b371cfd,M23,4,4.89,7.06376,45
121,4ed737567275c0296b371cfd,M24,4,6.75,8.72028,45
121,4ed737567275c0296b371cfd,M25,4,7.53,7.2598,20
121,4ed737567275c0296b371cfd,M26,4,5.34,5.98252,20
121,4ed737567275c0296b371cfd,M27,4,7.76,8.27044,30
121,4ed737567275c0296b371cfd,M28,4,5.94,6.68968,30
121,4ed737567275c0296b371cfd,M29,4,7.63,8.09276,30
121,4ed737567275c0296b371cfd,M30,4,4.91,5.00856,21
124,aa29578ed01a37d051f2f8b7,M01,4,6.74,5.74736,10
124,aa29578ed01a37d051f2f8b7,M02,4,9.34,7.4932,15
124,aa29578ed01a37d051f2f8b7,M03,4,9.26,6.8302,21
124,aa29578ed01a37d051f2f8b7,M04,4,8.53,6.43288,21
124,aa29578ed01a37d051f2f8b7,M05,4,8.37,6.1144,21
124,aa29578ed01a37d051f2f8b7,M06,4,11.77,8.68604,21
124,aa29578ed01a37d051f2f8b7,M07,4,12.81,9.03212,30
124,aa29578ed01a37d051f2f8b7,M08,4,16.93,12.27536,30
124,aa29578ed01a37d051f2f8b7,M09,4,16.18,11.16136,30
124,aa29578ed01a37d051f2f8b7,M10,4,18.71,13.39956,30
124,aa29578ed01a37d051f2f8b7,M11,4,17.63,12.77864,30
124,aa29578ed01a37d051f2f8b7,M12,4,24.05,16.13436,45
124,aa29578ed01a37d051f2f8b7,M13,4,22.31,14.99068,60
124,aa29578ed01a37d051f2f8b7,M14,4,18.86,12.48608,60
124,aa29578ed01a37d051f2f8b7,M15,4,23.1,15.75044,60
124,aa29578ed01a37d051f2f8b7,M16,4,49.03,29.38904,100
124,aa29578ed01a37d051f2f8b7,M17,4,6.98,5.0484,14
124,aa29578ed01a37d051f2f8b7,M18,4,9.46,7.0402,21
124,aa29578ed01a37d051f2f8b7,M19,4,7.64,5.73992,21
124,aa29578ed01a37d051f2f8b7,M20,4,9.15,8.08052,20
124,aa29578ed01a37d051f2f8b7,M21,4,7.32,5.84284,21
124,aa29578ed01a37d051f2f8b7,M22,4,16.84,12.46788,45
124,aa29578ed01a37d051f2f8b7,M23,4,14.19,9.98116,45
124,aa29578ed01a37d051f2f8b7,M24,4,17.4,13.29836,45
124,aa29578ed01a37d051f2f8b7,M25,4,12.94,10.55224,20
124,aa29578ed01a37d051f2f8b7,M26,4,11.56,9.19496,20
124,aa29578ed01a37d051f2f8b7,M27,4,14.09,11.14796,30
124,aa29578ed01a37d051f2f8b7,M28,4,12.07,9.19188,30
124,aa29578ed01a37d051f2f8b7,M29,4,14.21,11.46264,30
124,aa29578ed01a37d051f2f8b7,M30,4,8.65,6.54068,21
128,ad3b009f5c46951acff42651,M01,1,5.95,6.50232,10
128,ad3b009f5c46951acff42651,M02,1,8.3,8.83148,15
128,ad3b009f5c46951acff42651,M03,1,7.73,8.56716,21
128,ad3b009f5c46951acff42651,M04,1,7.15,8.01956,21
128,ad3b009f5c46951acff42651,M05,1,6.86,7.58684,21
128,ad3b009f5c46951acff42651,M06,1,9.21,10.67336,21
128,ad3b009f5c46951acff42651,M07,1,10.28,11.47736,30
128,ad3b009f5c46951acff42651,M08,1,14.16,15.93648,30
128,ad3b009f5c46951acff42651,M09,1,13.03,15.011,30
128,ad3b009f5c46951acff42651,M10,1,15.96,17.21524,30
128,ad3b009f5c46951acff42651,M11,1,14.8,16.40816,30
128,ad3b009f5c46951acff42651,M12,1,18.97,21.39284,45
128,ad3b009f5c46951acff42651,M13,1,16.91,20.35764,60
128,ad3b009f5c46951acff42651,M14,1,13.89,16.95584,60
128,ad3b009f5c46951acff42651,M15,1,18.36,20.955,60
128,ad3b009f5c46951acff42651,M16,1,36.61,42.3578,100
128,ad3b009f5c46951acff42651,M17,1,5.69,6.26376,14
128,ad3b009f5c46951acff42651,M18,1,7.84,8.52656,21
128,ad3b009f5c46951acff42651,M19,1,6.19,7.0118,21
128,ad3b009f5c46951acff42651,M20,1,8.87,8.78408,20
128,ad3b009f5c46951acff42651,M21,1,6.34,6.85196,21
128,ad3b009f5c46951acff42651,M22,1,14.12,15.16412,45
128,ad3b009f5c46951acff42651,M23,1,11.47,12.38196,45
128,ad3b009f5c46951acff42651,M24,1,16.53,15.51232,45
128,ad3b009f5c46951acff42651,M25,1,11.81,12.44132,20
128,ad3b009f5c46951acff42651,M26,1,10.43,11.09476,20
128,ad3b009f5c46951acff42651,M27,1,12.1,13.67792,30
128,ad3b009f5c46951acff42651,M28,1,10.19,11.78296,30
128,ad3b009f5c46951acff42651,M29,1,12.62,13.89568,30
128,ad3b009f5c46951acff42651,M30,1,7.15,8.33484,21
129,1de3e41098dfdbdb2adf0ebb,M01,1,5.63,5.32316,10
129,1de3e41098dfdbdb2adf0ebb,M02,1,7.52,6.87992,15
129,1de3e41098dfdbdb2adf0ebb,M03,1,6.57,5.91956,21
129,1de3e41098dfdbdb2adf0ebb,M04,1,6.13,5.6672,21
129,1de3e41098dfdbdb2adf0ebb,M05,1,5.94,5.58124,21
129,1de3e41098dfdbdb2adf0ebb,M06,1,8.28,7.78992,21
129,1de3e41098dfdbdb2adf0ebb,M07,1,8.6,7.98996,30
129,1de3e41098dfdbdb2adf0ebb,M08,1,12.11,11.00468,30
129,1de3e41098dfdbdb2adf0ebb,M09,1,11.18,9.97236,30
129,1de3e41098dfdbdb2adf0ebb,M10,1,13.75,12.08156,30
129,1de3e41098dfdbdb2adf0ebb,M11,1,12.87,11.45892,30
129,1de3e41098dfdbdb2adf0ebb,M12,1,15.82,13.70096,45
129,1de3e41098dfdbdb2adf0ebb,M13,1,14.8,13.13348,60
129,1de3e41098dfdbdb2adf0ebb,M14,1,12.18,10.93172,60
129,1de3e41098dfdbdb2adf0ebb,M15,1,14.87,13.20176,60
129,1de3e41098dfdbdb2adf0ebb,M16,1,32.4,31.06516,100
129,1de3e41098dfdbdb2adf0ebb,M17,1,4.81,4.35096,14
129,1de3e41098dfdbdb2adf0ebb,M18,1,6.7,6.03168,21
129,1de3e41098dfdbdb2adf0ebb,M19,1,5.72,5.54696,21
129,1de3e41098dfdbdb2adf0ebb,M20,1,7.85,7.44668,20
129,1de3e41098dfdbdb2adf0ebb,M21,1,5.66,5.5396,21
129,1de3e41098dfdbdb2adf0ebb,M22,1,12.12,11.37064,45
129,1de3e41098dfdbdb2adf0ebb,M23,1,10.25,9.44228,45
129,1de3e41098dfdbdb2adf0ebb,M24,1,12.23,11.20724,45
129,1de3e41098dfdbdb2adf0ebb,M25,1,9.73,8.68028,20
129,1de3e41098dfdbdb2adf0ebb,M26,1,7.86,7.50728,20
129,1de3e41098dfdbdb2adf0ebb,M27,1,9.38,9.47888,30
129,1de3e41098dfdbdb2adf0ebb,M28,1,7.84,8.09804,30
129,1de3e41098dfdbdb2adf0ebb,M29,1,9.01,9.14776,30
129,1de3e41098dfdbdb2adf0ebb,M30,1,5.27,5.56372,21
130,cb76c9dc3ae475d3cc15b169,M01,1,8.29,8.16864,10
130,cb76c9dc3ae475d3cc15b169,M02,1,10.9,10.85904,15
130,cb76c9dc3ae475d3cc15b169,M03,1,12.56,12.55148,21
130,cb76c9dc3ae475d3cc15b169,M04,1,11.64,11.6678,21
130,cb76c9dc3ae475d3cc15b169,M05,1,11.79,11.81028,21
130,cb76c9dc3ae475d3cc15b169,M06,1,15.53,14.93904,21
130,cb76c9dc3ae475d3cc15b169,M07,1,17.57,17.20084,30
130,cb76c9dc3ae475d3cc15b169,M08,1,21.84,21.9058,30
130,cb76c9dc3ae475d3cc15b169,M09,1,20.58,20.48216,30
130,cb76c9dc3ae475d3cc15b169,M10,1,23.37,23.25408,30
130,cb76c9dc3ae475d3cc15b169,M11,1,22.57,22.65592,30
130,cb76c9dc3ae475d3cc15b169,M12,1,31.94,32.03312,45
130,cb76c9dc3ae475d3cc15b169,M13,1,33.54,33.23524,60
130,cb76c9dc3ae475d3cc15b169,M14,1,30.32,30.09636,60
130,cb76c9dc3ae475d3cc15b169,M15,1,33.68,33.49156,60
130,cb76c9dc3ae475d3cc15b169,M16,1,62.65,60.65784,100
130,cb76c9dc3ae475d3cc15b169,M17,1,8.55,8.43508,14
130,cb76c9dc3ae475d3cc15b169,M18,1,12.05,12.05436,21
130,cb76c9dc3ae475d3cc15b169,M19,1,11.45,11.00524,21
130,cb76c9dc3ae475d3cc15b169,M20,1,13.29,12.80556,20
130,cb76c9dc3ae475d3cc15b169,M21,1,10.47,10.26436,21
130,cb76c9dc3ae475d3cc15b169,M22,1,27.07,26.1706,45
130,cb76c9dc3ae475d3cc15b169,M23,1,23.76,23.292,45
130,cb76c9dc3ae475d3cc15b169,M24,1,27.59,26.27604,45
130,cb76c9dc3ae475d3cc15b169,M25,1,15.76,15.33636,20
130,cb76c9dc3ae475d3cc15b169,M26,1,14.53,14.10804,20
130,cb76c9dc3ae475d3cc15b169,M27,1,19.94,19.15,30
130,cb76c9dc3ae475d3cc15b169,M28,1,17.94,17.25224,30
130,cb76c9dc3ae475d3cc15b169,M29,1,19.85,19.08528,30
130,cb76c9dc3ae475d3cc15b169,M30,1,12.61,12.5866,21
131,cb8f65e269eb26164eb899ea,M01,1,4.24,5.08928,10
131,cb8f65e269eb26164eb899ea,M02,1,5.72,6.6178,15
131,cb8f65e269eb26164eb899ea,M03,1,4.94,5.55856,21
131,cb8f65e269eb26164eb899ea,M04,1,4.57,5.23736,21
131,cb8f65e269eb26164eb899ea,M05,1,4.24,5.1298,21
131,cb8f65e269eb26164eb899ea,M06,1,6.28,7.22668,21
131,cb8f65e269eb26164eb899ea,M07,1,6.14,7.34836,30
131,cb8f65e269eb26164eb899ea,M08,1,7.71,9.57056,30
131,cb8f65e269eb26164eb899ea,M09,1,6.25,8.33296,30
131,cb8f65e269eb26164eb899ea,M10,1,9.15,10.823,30
131,cb8f65e269eb26164eb899ea,M11,1,7.19,10.13212,30
131,cb8f65e269eb26164eb899ea,M12,1,8.87,11.72888,45
131,cb8f65e269eb26164eb899ea,M13,1,9.15,11.80008,60
131,cb8f65e269eb26164eb899ea,M14,1,7.34,10.18404,60
131,cb8f65e269eb26164eb899ea,M15,1,9.42,11.32852,60
131,cb8f65e269eb26164eb899ea,M16,1,17.11,24.26384,100
131,cb8f65e269eb26164eb899ea,M17,1,2.62,3.64704,14
131,cb8f65e269eb26164eb899ea,M18,1,5.06,5.56444,21
131,cb8f65e269eb26164eb899ea,M19,1,4.43,4.83524,21
131,cb8f65e269eb26164eb899ea,M20,1,5.22,6.11384,20
131,cb8f65e269eb26164eb899ea,M21,1,4.4,4.79004,21
131,cb8f65e269eb26164eb899ea,M22,1,7.35,9.01692,45
131,cb8f65e269eb26164eb899ea,M23,1,6.31,7.57416,45
131,cb8f65e269eb26164eb899ea,M24,1,7.15,8.80664,45
131,cb8f65e269eb26164eb899ea,M25,1,6.82,9.72376,20
131,cb8f65e269eb26164eb899ea,M26,1,5.07,8.45244,20
131,cb8f65e269eb26164eb899ea,M27,1,7.13,9.46232,30
131,cb8f65e269eb26164eb899ea,M28,1,5.56,8.0478,30
131,cb8f65e269eb26164eb899ea,M29,1,6.94,9.301,30
131,cb8f65e269eb26164eb899ea,M30,1,4.39,5.76668,21
132,76675cb970506f4cb7f9b3ef,M01,4,8.55,8.0224,10
132,76675cb970506f4cb7f9b3ef,M02,4,11.22,10.7274,15
132,76675cb970506f4cb7f9b3ef,M03,4,13.08,12.24648,21
132,76675cb970506f4cb7f9b3ef,M04,4,12.01,11.41856,21
132,76675cb970506f4cb7f9b3ef,M05,4,12.27,11.55784,21
132,76675cb970506f4cb7f9b3ef,M06,4,15.88,14.78412,21
132,76675cb970506f4cb7f9b3ef,M07,4,18.32,16.93396,30
132,76675cb970506f4cb7f9b3ef,M08,4,22.56,21.19716,30
132,76675cb970506f4cb7f9b3ef,M09,4,21.08,19.8332,30
132,76675cb970506f4cb7f9b3ef,M10,4,24.13,22.47124,30
132,76675cb970506f4cb7f9b3ef,M11,4,23.24,21.88384,30
132,76675cb970506f4cb7f9b3ef,M12,4,33.07,31.26012,45
132,76675cb970506f4cb7f9b3ef,M13,4,34.67,32.03772,60
132,76675cb970506f4cb7f9b3ef,M14,4,31.36,28.7014,60
132,76675cb970506f4cb7f9b3ef,M15,4,35.32,32.53708,60
132,76675cb970506f4cb7f9b3ef,M16,4,63.82,58.78676,100
132,76675cb970506f4cb7f9b3ef,M17,4,8.81,8.2438,14
132,76675cb970506f4cb7f9b3ef,M18,4,12.4,11.7616,21
132,76675cb970506f4cb7f9b3ef,M19,4,12.19,10.47252,21
132,76675cb970506f4cb7f9b3ef,M20,4,13.89,12.47936,20
132,76675cb970506f4cb7f9b3ef,M21,4,11.08,9.91604,21
132,76675cb970506f4cb7f9b3ef,M22,4,29.02,23.77344,45
132,76675cb970506f4cb7f9b3ef,M23,4,25.24,20.88716,45
132,76675cb970506f4cb7f9b3ef,M24,4,29.94,24.66012,45
132,76675cb970506f4cb7f9b3ef,M25,4,16.08,15.2148,20
132,76675cb970506f4cb7f9b3ef,M26,4,14.75,14.16612,20
132,76675cb970506f4cb7f9b3ef,M27,4,20.35,19.28576,30
132,76675cb970506f4cb7f9b3ef,M28,4,18.47,17.50276,30
132,76675cb970506f4cb7f9b3ef,M29,4,20.41,19.273,30
132,76675cb970506f4cb7f9b3ef,M30,4,13.13,12.31932,21
133,bcd4d25e30d0907c8a1680f0,M01,4,7.95,7.04496,10
133,bcd4d25e30d0907c8a1680f0,M02,4,10.59,9.25712,15
133,bcd4d25e30d0907c8a1680f0,M03,4,11.79,9.38104,21
133,bcd4d25e30d0907c8a1680f0,M04,4,10.74,8.7934,21
133,bcd4d25e30d0907c8a1680f0,M05,4,10.93,8.718008,21
133,bcd4d25e30d0907c8a1680f0,M06,4,14.54,12.13216,21
133,bcd4d25e30d0907c8a1680f0,M07,4,16.36,12.97006,30
133,bcd4d25e30d0907c8a1680f0,M08,4,20.71,17.14667,30
133,bcd4d25e30d0907c8a1680f0,M09,4,19.28,16.03136,30
133,bcd4d25e30d0907c8a1680f0,M10,4,22.34,18.5784,30
133,bcd4d25e30d0907c8a1680f0,M11,4,21.37,17.9098133333,30
133,bcd4d25e30d0907c8a1680f0,M12,4,29.95,23.1476,45
133,bcd4d25e30d0907c8a1680f0,M13,4,30.98,22.8484,60
133,bcd4d25e30d0907c8a1680f0,M14,4,27.48,19.57596,60
133,bcd4d25e30d0907c8a1680f0,M15,4,31.25,22.9684,60
133,bcd4d25e30d0907c8a1680f0,M16,4,59.82,51.4816266667,100
133,bcd4d25e30d0907c8a1680f0,M17,4,8.03,6.91216,14
133,bcd4d25e30d0907c8a1680f0,M18,4,11.08,9.2259,21
133,bcd4d25e30d0907c8a1680f0,M19,4,10.69,7.8783,21
133,bcd4d25e30d0907c8a1680f0,M20,4,11.99,10.16336,20
133,bcd4d25e30d0907c8a1680f0,M21,4,9.1,7.57244,21
133,bcd4d25e30d0907c8a1680f0,M22,4,23.18,17.19968,45
133,bcd4d25e30d0907c8a1680f0,M23,4,19.42,14.703544,45
133,bcd4d25e30d0907c8a1680f0,M24,4,23.82,17.50722,45
133,bcd4d25e30d0907c8a1680f0,M25,4,15.24,13.42032,20
133,bcd4d25e30d0907c8a1680f0,M26,4,13.96,12.29096,20
133,bcd4d25e30d0907c8a1680f0,M27,4,18.77,15.61036,30
133,bcd4d25e30d0907c8a1680f0,M28,4,16.83,13.70324,30
133,bcd4d25e30d0907c8a1680f0,M29,4,18.78,15.56932,30
133,bcd4d25e30d0907c8a1680f0,M30,4,11.85,9.43256,21
134,a8b1cb2553507696b13260d8,M01,4,7.77,7.94276,10
134,a8b1cb2553507696b13260d8,M02,4,10.39,10.56664,15
134,a8b1cb2553507696b13260d8,M03,4,11.57,11.83276,21
134,a8b1cb2553507696b13260d8,M04,4,10.75,10.9608,21
134,a8b1cb2553507696b13260d8,M05,4,10.84,11.09336,21
134,a8b1cb2553507696b13260d8,M06,4,14.25,14.59852,21
134,a8b1cb2553507696b13260d8,M07,4,16.09,16.44076,30
134,a8b1cb2553507696b13260d8,M08,4,20.44,20.71524,30
134,a8b1cb2553507696b13260d8,M09,4,19.23,19.57856,30
134,a8b1cb2553507696b13260d8,M10,4,21.97,22.15228,30
134,a8b1cb2553507696b13260d8,M11,4,21.19,21.52596,30
134,a8b1cb2553507696b13260d8,M12,4,29.69,30.31616,45
134,a8b1cb2553507696b13260d8,M13,4,30.56,31.04936,60
134,a8b1cb2553507696b13260d8,M14,4,27.32,28.0114,60
134,a8b1cb2553507696b13260d8,M15,4,30.77,31.39936,60
134,a8b1cb2553507696b13260d8,M16,4,59.4,59.06488,100
134,a8b1cb2553507696b13260d8,M17,4,8.05,8.16288,14
134,a8b1cb2553507696b13260d8,M18,4,11.2,11.31816,21
134,a8b1cb2553507696b13260d8,M19,4,9.88,10.20708,21
134,a8b1cb2553507696b13260d8,M20,4,12.04,12.21072,20
134,a8b1cb2553507696b13260d8,M21,4,9.26,9.627,21
134,a8b1cb2553507696b13260d8,M22,4,23.22,23.90708,45
134,a8b1cb2553507696b13260d8,M23,4,19.93,20.91028,45
134,a8b1cb2553507696b13260d8,M24,4,23.95,24.51512,45
134,a8b1cb2553507696b13260d8,M25,4,15.02,15.09392,20
134,a8b1cb2553507696b13260d8,M26,4,13.8,14.01528,20
134,a8b1cb2553507696b13260d8,M27,4,18.45,18.66076,30
134,a8b1cb2553507696b13260d8,M28,4,16.59,16.94844,30
134,a8b1cb2553507696b13260d8,M29,4,18.34,18.68744,30
134,a8b1cb2553507696b13260d8,M30,4,11.62,11.8664,21
135,2dbcd2c21100a96deb0fc79b,M01,0,7.74,7.33096,10
135,2dbcd2c21100a96deb0fc79b,M02,0,10.31,9.871884,15
135,2dbcd2c21100a96deb0fc79b,M03,0,11.32,10.29059,21
135,2dbcd2c21100a96deb0fc79b,M04,0,10.46,9.64684,21
135,2dbcd2c21100a96deb0fc79b,M05,0,10.57,9.61178,21
135,2dbcd2c21100a96deb0fc79b,M06,0,13.99,13.121948,21
135,2dbcd2c21100a96deb0fc79b,M07,0,15.68,14.3530866667,30
135,2dbcd2c21100a96deb0fc79b,M08,0,20.04,18.9336453333,30
135,2dbcd2c21100a96deb0fc79b,M09,0,18.85,17.54332,30
135,2dbcd2c21100a96deb0fc79b,M10,0,21.65,20.2028133333,30
135,2dbcd2c21100a96deb0fc79b,M11,0,20.88,19.4107466667,30
135,2dbcd2c21100a96deb0fc79b,M12,0,28.91,26.9990533333,45
135,2dbcd2c21100a96deb0fc79b,M13,0,29.56,27.1603933333,60
135,2dbcd2c21100a96deb0fc79b,M14,0,26.07,23.246,60
135,2dbcd2c21100a96deb0fc79b,M15,0,30.1,27.33314,60
135,2dbcd2c21100a96deb0fc79b,M16,0,58.24,52.4635066667,100
135,2dbcd2c21100a96deb0fc79b,M17,0,7.89,7.29704,14
135,2dbcd2c21100a96deb0fc79b,M18,0,10.96,10.0663306667,21
135,2dbcd2c21100a96deb0fc79b,M19,0,8.8,7.97697666667,21
135,2dbcd2c21100a96deb0fc79b,M20,0,10.92,10.5670133333,20
135,2dbcd2c21100a96deb0fc79b,M21,0,8.22,7.7095,21
135,2dbcd2c21100a96deb0fc79b,M22,0,19.73,19.4270733333,45
135,2dbcd2c21100a96deb0fc79b,M23,0,16.75,16.6191406667,45
135,2dbcd2c21100a96deb0fc79b,M24,0,20.34,20.005564,45
135,2dbcd2c21100a96deb0fc79b,M25,0,14.9,14.12332,20
135,2dbcd2c21100a96deb0fc79b,M26,0,13.62,13.04132,20
135,2dbcd2c21100a96deb0fc79b,M27,0,18.11,16.68696,30
135,2dbcd2c21100a96deb0fc79b,M28,0,16.16,14.97232,30
135,2dbcd2c21100a96deb0fc79b,M29,0,18.15,16.64101,30
135,2dbcd2c21100a96deb0fc79b,M30,0,11.35,10.2654033333,21
137,4d08869f6c27483a6a997511,M01,3,6.74,7.5648,10
137,4d08869f6c27483a6a997511,M02,3,9.04,10.0684,15
137,4d08869f6c27483a6a997511,M03,3,8.9,10.64772,21
137,4d08869f6c27483a6a997511,M04,3,8.26,9.95212,21
137,4d08869f6c27483a6a997511,M05,3,8.12,9.98728,21
137,4d08869f6c27483a6a997511,M06,3,11.15,13.4717333333,21
137,4d08869f6c27483a6a997511,M07,3,12.04,14.8657,30
137,4d08869f6c27483a6a997511,M08,3,16.37,19.2756266667,30
137,4d08869f6c27483a6a997511,M09,3,15.42,18.00096,30
137,4d08869f6c27483a6a997511,M10,3,18,20.46936,30
137,4d08869f6c27483a6a997511,M11,3,17.16,19.9293466667,30
137,4d08869f6c27483a6a997511,M12,3,22.81,27.76282,45
137,4d08869f6c27483a6a997511,M13,3,22.06,28.08062,60
137,4d08869f6c27483a6a997511,M14,3,18.63,24.81924,60
137,4d08869f6c27483a6a997511,M15,3,22.19,28.2644,60
137,4d08869f6c27483a6a997511,M16,3,49.2,56.61256,100
137,4d08869f6c27483a6a997511,M17,3,6.53,7.60068,14
137,4d08869f6c27483a6a997511,M18,3,8.88,10.32476,21
137,4d08869f6c27483a6a997511,M19,3,7.15,9.01516,21
137,4d08869f6c27483a6a997511,M20,3,9.5,11.3428,20
137,4d08869f6c27483a6a997511,M21,3,6.99,8.59048,21
137,4d08869f6c27483a6a997511,M22,3,15.76,21.0945573333,45
137,4d08869f6c27483a6a997511,M23,3,13.35,18.28728,45
137,4d08869f6c27483a6a997511,M24,3,16.09,21.5120186667,45
137,4d08869f6c27483a6a997511,M25,3,13.26,14.48056,20
137,4d08869f6c27483a6a997511,M26,3,11.93,13.2954,20
137,4d08869f6c27483a6a997511,M27,3,14.77,17.4276,30
137,4d08869f6c27483a6a997511,M28,3,12.74,15.48352,30
137,4d08869f6c27483a6a997511,M29,3,14.68,17.4313,30
137,4d08869f6c27483a6a997511,M30,3,8.93,10.74444,21
138,fbb6ef4dd8eafc9c107d4009,M01,0,8.66,8.07424,10
138,fbb6ef4dd8eafc9c107d4009,M02,0,11.32,10.58276,15
138,fbb6ef4dd8eafc9c107d4009,M03,0,13.49,12.0428,21
138,fbb6ef4dd8eafc9c107d4009,M04,0,12.67,11.15524,21
138,fbb6ef4dd8eafc9c107d4009,M05,0,12.85,11.2778,21
138,fbb6ef4dd8eafc9c107d4009,M06,0,16.33,14.88604,21
138,fbb6ef4dd8eafc9c107d4009,M07,0,19.05,16.65496,30
138,fbb6ef4dd8eafc9c107d4009,M08,0,23.17,21.30416,30
138,fbb6ef4dd8eafc9c107d4009,M09,0,22.06,19.8728,30
138,fbb6ef4dd8eafc9c107d4009,M10,0,24.61,22.65144,30
138,fbb6ef4dd8eafc9c107d4009,M11,0,23.94,22.08512,30
138,fbb6ef4dd8eafc9c107d4009,M12,0,34.37,30.90588,45
138,fbb6ef4dd8eafc9c107d4009,M13,0,36.42,31.66148,60
138,fbb6ef4dd8eafc9c107d4009,M14,0,33.55,28.6926,60
138,fbb6ef4dd8eafc9c107d4009,M15,0,36.6,32.01656,60
138,fbb6ef4dd8eafc9c107d4009,M16,0,65.77,60.70572,100
138,fbb6ef4dd8eafc9c107d4009,M17,0,9.09,8.33152,14
138,fbb6ef4dd8eafc9c107d4009,M18,0,12.97,11.51316,21
138,fbb6ef4dd8eafc9c107d4009,M19,0,12.28,10.50152,21
138,fbb6ef4dd8eafc9c107d4009,M20,0,13.91,12.52708,20
138,fbb6ef4dd8eafc9c107d4009,M21,0,11.32,9.81104,21
138,fbb6ef4dd8eafc9c107d4009,M22,0,29.16,25.5162,45
138,fbb6ef4dd8eafc9c107d4009,M23,0,25.5,22.73384,45
138,fbb6ef4dd8eafc9c107d4009,M24,0,29.94,25.93644,45
138,fbb6ef4dd8eafc9c107d4009,M25,0,16.27,15.26276,20
138,fbb6ef4dd8eafc9c107d4009,M26,0,15.01,14.07712,20
138,fbb6ef4dd8eafc9c107d4009,M27,0,20.92,19.04216,30
138,fbb6ef4dd8eafc9c107d4009,M28,0,19.21,17.19992,30
138,fbb6ef4dd8eafc9c107d4009,M29,0,20.72,18.99184,30
138,fbb6ef4dd8eafc9c107d4009,M30,0,13.55,12.08132,21
139,2cf7f8352a953b94c74c8f49,M01,1,5,5.60924,10
139,2cf7f8352a953b94c74c8f49,M02,1,6.54,7.00544,15
139,2cf7f8352a953b94c74c8f49,M03,1,5.6,6.12484,21
139,2cf7f8352a953b94c74c8f49,M04,1,5.31,5.94272,21
139,2cf7f8352a953b94c74c8f49,M05,1,5.21,5.82092,21
139,2cf7f8352a953b94c74c8f49,M06,1,7.1,8.09004,21
139,2cf7f8352a953b94c74c8f49,M07,1,7.18,8.34856,30
139,2cf7f8352a953b94c74c8f49,M08,1,9.39,11.8304,30
139,2cf7f8352a953b94c74c8f49,M09,1,8.44,11.00024,30
139,2cf7f8352a953b94c74c8f49,M10,1,11.02,12.77068,30
139,2cf7f8352a953b94c74c8f49,M11,1,10.09,12.30664,30
139,2cf7f8352a953b94c74c8f49,M12,1,11.43,14.46768,45
139,2cf7f8352a953b94c74c8f49,M13,1,11.49,13.78288,60
139,2cf7f8352a953b94c74c8f49,M14,1,8.89,12.13892,60
139,2cf7f8352a953b94c74c8f49,M15,1,11.4,13.83916,60
139,2cf7f8352a953b94c74c8f49,M16,1,21.41,26.09856,100
139,2cf7f8352a953b94c74c8f49,M17,1,3.82,4.23844,14
139,2cf7f8352a953b94c74c8f49,M18,1,5.76,6.28644,21
139,2cf7f8352a953b94c74c8f49,M19,1,5.31,5.66636,21
139,2cf7f8352a953b94c74c8f49,M20,1,6.99,7.74016,20
139,2cf7f8352a953b94c74c8f49,M21,1,5.3,5.675,21
139,2cf7f8352a953b94c74c8f49,M22,1,10.69,11.77116,45
139,2cf7f8352a953b94c74c8f49,M23,1,8.73,10.09556,45
139,2cf7f8352a953b94c74c8f49,M24,1,10.79,11.82128,45
139,2cf7f8352a953b94c74c8f49,M25,1,7.99,9.59668,20
139,2cf7f8352a953b94c74c8f49,M26,1,5.75,8.2358,20
139,2cf7f8352a953b94c74c8f49,M27,1,8.02,9.79284,30
139,2cf7f8352a953b94c74c8f49,M28,1,6.6,8.5544,30
139,2cf7f8352a953b94c74c8f49,M29,1,7.65,9.498,30
139,2cf7f8352a953b94c74c8f49,M30,1,4.18,5.67428,21
140,4dc9a1238a5c5e15ddab6051,M01,3,5.49,4.9534,10
140,4dc9a1238a5c5e15ddab6051,M02,3,7.35,6.3318,15
140,4dc9a1238a5c5e15ddab6051,M03,3,6.36,5.40948,21
140,4dc9a1238a5c5e15ddab6051,M04,3,5.94,5.26524,21
140,4dc9a1238a5c5e15ddab6051,M05,3,5.78,5.0916,21
140,4dc9a1238a5c5e15ddab6051,M06,3,8.05,7.00772,21
140,4dc9a1238a5c5e15ddab6051,M07,3,8.32,7.04528,30
140,4dc9a1238a5c5e15ddab6051,M08,3,11.66,9.39136,30
140,4dc9a1238a5c5e15ddab6051,M09,3,10.68,8.33044,30
140,4dc9a1238a5c5e15ddab6051,M10,3,13.3,10.61132,30
140,4dc9a1238a5c5e15ddab6051,M11,3,12.41,9.88692,30
140,4dc9a1238a5c5e15ddab6051,M12,3,15.09,11.12776,45
140,4dc9a1238a5c5e15ddab6051,M13,3,14.27,11.165,60
140,4dc9a1238a5c5e15ddab6051,M14,3,11.65,8.79776,60
140,4dc9a1238a5c5e15ddab6051,M15,3,14.24,11.07896,60
140,4dc9a1238a5c5e15ddab6051,M16,3,30.66,19.7052,100
140,4dc9a1238a5c5e15ddab6051,M17,3,4.6,3.56212,14
140,4dc9a1238a5c5e15ddab6051,M18,3,6.49,5.60812,21
140,4dc9a1238a5c5e15ddab6051,M19,3,5.72,5.19752,21
140,4dc9a1238a5c5e15ddab6051,M20,3,7.83,6.5798,20
140,4dc9a1238a5c5e15ddab6051,M21,3,5.68,5.23456,21
140,4dc9a1238a5c5e15ddab6051,M22,3,12.14,10.13988,45
140,4dc9a1238a5c5e15ddab6051,M23,3,10.22,8.2316,45
140,4dc9a1238a5c5e15ddab6051,M24,3,12.28,10.1992,45
140,4dc9a1238a5c5e15ddab6051,M25,3,9.9,7.8786,20
140,4dc9a1238a5c5e15ddab6051,M26,3,7.94,6.22352,20
140,4dc9a1238a5c5e15ddab6051,M27,3,9.63,8.27572,30
140,4dc9a1238a5c5e15ddab6051,M28,3,8,7.02064,30
140,4dc9a1238a5c5e15ddab6051,M29,3,9.11,8.18416,30
140,4dc9a1238a5c5e15ddab6051,M30,3,5.29,4.64288,21
141,0d0b0a46ce9ecd81eed45455,M01,4,7.74,8.23232,10
141,0d0b0a46ce9ecd81eed45455,M02,4,10.31,10.93168,15
141,0d0b0a46ce9ecd81eed45455,M03,4,11.3,12.42128,21
141,0d0b0a46ce9ecd81eed45455,M04,4,10.4,11.57936,21
141,0d0b0a46ce9ecd81eed45455,M05,4,10.49,11.7402,21
141,0d0b0a46ce9ecd81eed45455,M06,4,13.99,15.29532,21
141,0d0b0a46ce9ecd81eed45455,M07,4,15.65,17.49592,30
141,0d0b0a46ce9ecd81eed45455,M08,4,20.02,21.81576,30
141,0d0b0a46ce9ecd81eed45455,M09,4,18.78,20.49964,30
141,0d0b0a46ce9ecd81eed45455,M10,4,21.61,23.15448,30
141,0d0b0a46ce9ecd81eed45455,M11,4,20.7,22.48756,30
141,0d0b0a46ce9ecd81eed45455,M12,4,28.9,31.98732,45
141,0d0b0a46ce9ecd81eed45455,M13,4,29.67,33.01132,60
141,0d0b0a46ce9ecd81eed45455,M14,4,26.17,29.70308,60
141,0d0b0a46ce9ecd81eed45455,M15,4,29.78,33.37792,60
141,0d0b0a46ce9ecd81eed45455,M16,4,58.37,60.9736,100
141,0d0b0a46ce9ecd81eed45455,M17,4,7.87,8.44472,14
141,0d0b0a46ce9ecd81eed45455,M18,4,10.92,11.907,21
141,0d0b0a46ce9ecd81eed45455,M19,4,9.45,11.08944,21
141,0d0b0a46ce9ecd81eed45455,M20,4,11.64,12.5234,20
141,0d0b0a46ce9ecd81eed45455,M21,4,8.78,10.32296,21
141,0d0b0a46ce9ecd81eed45455,M22,4,21.89,26.1756,45
141,0d0b0a46ce9ecd81eed45455,M23,4,18.59,22.76572,45
141,0d0b0a46ce9ecd81eed45455,M24,4,22.42,26.33192,45
141,0d0b0a46ce9ecd81eed45455,M25,4,14.9,15.60712,20
141,0d0b0a46ce9ecd81eed45455,M26,4,13.62,14.42496,20
141,0d0b0a46ce9ecd81eed45455,M27,4,18.13,19.47816,30
141,0d0b0a46ce9ecd81eed45455,M28,4,16.2,17.83136,30
141,0d0b0a46ce9ecd81eed45455,M29,4,18.02,19.43368,30
141,0d0b0a46ce9ecd81eed45455,M30,4,11.35,12.48196,21
143,8911f3588631f37c7617db17,M01,2,8.41,8.16,10
143,8911f3588631f37c7617db17,M02,2,11.06,10.84428,15
143,8911f3588631f37c7617db17,M03,2,12.93,12.3816,21
143,8911f3588631f37c7617db17,M04,2,11.72,11.46744,21
143,8911f3588631f37c7617db17,M05,2,12.03,11.5986,21
143,8911f3588631f37c7617db17,M06,2,15.68,15.28112,21
143,8911f3588631f37c7617db17,M07,2,18.02,17.10976,30
143,8911f3588631f37c7617db17,M08,2,22.34,21.53424,30
143,8911f3588631f37c7617db17,M09,2,20.67,20.21296,30
143,8911f3588631f37c7617db17,M10,2,23.76,23.00112,30
143,8911f3588631f37c7617db17,M11,2,22.82,22.35292,30
143,8911f3588631f37c7617db17,M12,2,32.46,31.52652,45
143,8911f3588631f37c7617db17,M13,2,34.12,32.63664,60
143,8911f3588631f37c7617db17,M14,2,31.03,29.47008,60
143,8911f3588631f37c7617db17,M15,2,34.26,32.80652,60
143,8911f3588631f37c7617db17,M16,2,63.34,61.4454,100
143,8911f3588631f37c7617db17,M17,2,8.75,8.40144,14
143,8911f3588631f37c7617db17,M18,2,12.58,11.77096,21
143,8911f3588631f37c7617db17,M19,2,11.59,10.95572,21
143,8911f3588631f37c7617db17,M20,2,14.21,12.66332,20
143,8911f3588631f37c7617db17,M21,2,10.6,10.1202,21
143,8911f3588631f37c7617db17,M22,2,27.74,25.70536,45
143,8911f3588631f37c7617db17,M23,2,24.03,22.63296,45
143,8911f3588631f37c7617db17,M24,2,28.2,26.179,45
143,8911f3588631f37c7617db17,M25,2,15.9,15.5864,20
143,8911f3588631f37c7617db17,M26,2,14.62,14.35212,20
143,8911f3588631f37c7617db17,M27,2,20.05,19.53116,30
143,8911f3588631f37c7617db17,M28,2,18.26,17.64768,30
143,8911f3588631f37c7617db17,M29,2,19.94,19.4,30
143,8911f3588631f37c7617db17,M30,2,13.07,12.45536,21
144,2c5d43f76182fb5235fb9b35,M01,3,8.18,7.99436,10
144,2c5d43f76182fb5235fb9b35,M02,3,10.78,10.59374,15
144,2c5d43f76182fb5235fb9b35,M03,3,12.23,11.67228,21
144,2c5d43f76182fb5235fb9b35,M04,3,11.27,10.86166,21
144,2c5d43f76182fb5235fb9b35,M05,3,11.45,10.9918,21
144,2c5d43f76182fb5235fb9b35,M06,3,15.1,14.5222,21
144,2c5d43f76182fb5235fb9b35,M07,3,17.04,16.1730066667,30
144,2c5d43f76182fb5235fb9b35,M08,3,21.36,20.8762866667,30
144,2c5d43f76182fb5235fb9b35,M09,3,20.04,19.44924,30
144,2c5d43f76182fb5235fb9b35,M10,3,22.94,22.2094,30
144,2c5d43f76182fb5235fb9b35,M11,3,22.07,21.5431333333,30
144,2c5d43f76182fb5235fb9b35,M12,3,31.05,30.82684,45
144,2c5d43f76182fb5235fb9b35,M13,3,32.57,31.76238,60
144,2c5d43f76182fb5235fb9b35,M14,3,29.1,28.32372,60
144,2c5d43f76182fb5235fb9b35,M15,3,32.58,31.93344,60
144,2c5d43f76182fb5235fb9b35,M16,3,61.59,60.82456,100
144,2c5d43f76182fb5235fb9b35,M17,3,8.39,8.14392,14
144,2c5d43f76182fb5235fb9b35,M18,3,11.7,11.2786,21
144,2c5d43f76182fb5235fb9b35,M19,3,10.8,10.28364,21
144,2c5d43f76182fb5235fb9b35,M20,3,12.8,12.65204,20
144,2c5d43f76182fb5235fb9b35,M21,3,9.9,9.63858,21
144,2c5d43f76182fb5235fb9b35,M22,3,25.48,24.34316,45
144,2c5d43f76182fb5235fb9b35,M23,3,21.78,21.1475,45
144,2c5d43f76182fb5235fb9b35,M24,3,26.02,24.8592933333,45
144,2c5d43f76182fb5235fb9b35,M25,3,15.57,15.08088,20
144,2c5d43f76182fb5235fb9b35,M26,3,14.28,13.90184,20
144,2c5d43f76182fb5235fb9b35,M27,3,19.43,18.29772,30
144,2c5d43f76182fb5235fb9b35,M28,3,17.52,16.4,30
144,2c5d43f76182fb5235fb9b35,M29,3,19.28,18.2488,30
144,2c5d43f76182fb5235fb9b35,M30,3,12.28,11.74866,21
145,b059278e30a9ae7d8bf4fd90,M01,2,6.2,5.98384,10
145,b059278e30a9ae7d8bf4fd90,M02,2,8.26,7.82588,15
145,b059278e30a9ae7d8bf4fd90,M03,2,7.58,7.17088,21
145,b059278e30a9ae7d8bf4fd90,M04,2,6.82,6.58052,21
145,b059278e30a9ae7d8bf4fd90,M05,2,6.71,6.42832,21
145,b059278e30a9ae7d8bf4fd90,M06,2,9.62,9.08968,21
145,b059278e30a9ae7d8bf4fd90,M07,2,10.09,9.41536,30
145,b059278e30a9ae7d8bf4fd90,M08,2,14.2,13.20108,30
145,b059278e30a9ae7d8bf4fd90,M09,2,12.9,12.08356,30
145,b059278e30a9ae7d8bf4fd90,M10,2,15.77,14.4878,30
145,b059278e30a9ae7d8bf4fd90,M11,2,14.7,13.68516,30
145,b059278e30a9ae7d8bf4fd90,M12,2,19.29,17.6778,45
145,b059278e30a9ae7d8bf4fd90,M13,2,18.14,16.71356,60
145,b059278e30a9ae7d8bf4fd90,M14,2,15.09,14.23596,60
145,b059278e30a9ae7d8bf4fd90,M15,2,17.93,16.84212,60
145,b059278e30a9ae7d8bf4fd90,M16,2,42.23,38.61836,100
145,b059278e30a9ae7d8bf4fd90,M17,2,5.46,5.16172,14
145,b059278e30a9ae7d8bf4fd90,M18,2,7.44,7.02504,21
145,b059278e30a9ae7d8bf4fd90,M19,2,6.16,5.97172,21
145,b059278e30a9ae7d8bf4fd90,M20,2,8.45,8.2634,20
145,b059278e30a9ae7d8bf4fd90,M21,2,5.99,5.86392,21
145,b059278e30a9ae7d8bf4fd90,M22,2,13.22,12.5726,45
145,b059278e30a9ae7d8bf4fd90,M23,2,11.27,10.70884,45
145,b059278e30a9ae7d8bf4fd90,M24,2,13.3,12.4934,45
145,b059278e30a9ae7d8bf4fd90,M25,2,12.31,11.57656,20
145,b059278e30a9ae7d8bf4fd90,M26,2,10.92,10.32908,20
145,b059278e30a9ae7d8bf4fd90,M27,2,12.89,11.95112,30
145,b059278e30a9ae7d8bf4fd90,M28,2,10.89,10.19192,30
145,b059278e30a9ae7d8bf4fd90,M29,2,12.52,11.75072,30
145,b059278e30a9ae7d8bf4fd90,M30,2,7.62,7.12216,21
146,58130070690af2c368385354,M01,0,3.76,4.93836,10
146,58130070690af2c368385354,M02,0,3.74,6.24324,15
146,58130070690af2c368385354,M03,0,4.24,5.4282,21
146,58130070690af2c368385354,M04,0,3.64,5.17196,21
146,58130070690af2c368385354,M05,0,3.56,5.04676,21
146,58130070690af2c368385354,M06,0,5.5,7.08756,21
146,58130070690af2c368385354,M07,0,4.56,6.97828,30
146,58130070690af2c368385354,M08,0,3.74,8.978,30
146,58130070690af2c368385354,M09,0,2.55,7.65072,30
146,58130070690af2c368385354,M10,0,5.1,10.17856,30
146,58130070690af2c368385354,M11,0,3.92,9.34312,30
146,58130070690af2c368385354,M12,0,3.77,10.0404,45
146,58130070690af2c368385354,M13,0,5.35,10.28336,60
146,58130070690af2c368385354,M14,0,2.51,7.99764,60
146,58130070690af2c368385354,M15,0,5.69,10.37108,60
146,58130070690af2c368385354,M16,0,6.07,18.05956,100
146,58130070690af2c368385354,M17,0,1.93,3.62452,14
146,58130070690af2c368385354,M18,0,4.6,5.53728,21
146,58130070690af2c368385354,M19,0,3.71,4.86648,21
146,58130070690af2c368385354,M20,0,4.7,6.45676,20
146,58130070690af2c368385354,M21,0,4.2,4.89104,21
146,58130070690af2c368385354,M22,0,5.51,8.78384,45
146,58130070690af2c368385354,M23,0,2.96,7.28628,45
146,58130070690af2c368385354,M24,0,5.64,8.7162,45
146,58130070690af2c368385354,M25,0,6.02,9.03644,20
146,58130070690af2c368385354,M26,0,4.28,7.51828,20
146,58130070690af2c368385354,M27,0,6.57,9.10224,30
146,58130070690af2c368385354,M28,0,4.96,7.64248,30
146,58130070690af2c368385354,M29,0,6.48,8.89356,30
146,58130070690af2c368385354,M30,0,4.25,5.38572,21
147,1d7746b0a53dab9391e34d68,M01,4,7.83,7.6354,10
147,1d7746b0a53dab9391e34d68,M02,4,10.45,10.067336,15
147,1d7746b0a53dab9391e34d68,M03,4,11.66,10.729664,21
147,1d7746b0a53dab9391e34d68,M04,4,10.73,10.01506,21
147,1d7746b0a53dab9391e34d68,M05,4,10.84,10.05256,21
147,1d7746b0a53dab9391e34d68,M06,4,14.28,13.6012933333,21
147,1d7746b0a53dab9391e34d68,M07,4,16.23,15.2578266667,30
147,1d7746b0a53dab9391e34d68,M08,4,20.57,19.376012,30
147,1d7746b0a53dab9391e34d68,M09,4,19.27,18.27416,30
147,1d7746b0a53dab9391e34d68,M10,4,22.11,20.696116,30
147,1d7746b0a53dab9391e34d68,M11,4,21.24,20.05793,30
147,1d7746b0a53dab9391e34d68,M12,4,29.88,27.78284,45
147,1d7746b0a53dab9391e34d68,M13,4,30.65,28.0051266667,60
147,1d7746b0a53dab9391e34d68,M14,4,27.34,25.11056,60
147,1d7746b0a53dab9391e34d68,M15,4,31.03,28.32476,60
147,1d7746b0a53dab9391e34d68,M16,4,59.54,57.58118,100
147,1d7746b0a53dab9391e34d68,M17,4,8.03,7.70512,14
147,1d7746b0a53dab9391e34d68,M18,4,11.21,10.44535,21
147,1d7746b0a53dab9391e34d68,M19,4,10.53,8.93198,21
147,1d7746b0a53dab9391e34d68,M20,4,12.61,11.36908,20
147,1d7746b0a53dab9391e34d68,M21,4,9.85,8.50144,21
147,1d7746b0a53dab9391e34d68,M22,4,25.08,20.7117733333,45
147,1d7746b0a53dab9391e34d68,M23,4,21.77,17.7047415238,45
147,1d7746b0a53dab9391e34d68,M24,4,25.64,21.21053,45
147,1d7746b0a53dab9391e34d68,M25,4,15.04,14.55264,20
147,1d7746b0a53dab9391e34d68,M26,4,13.82,13.461,20
147,1d7746b0a53dab9391e34d68,M27,4,18.49,17.51628,30
147,1d7746b0a53dab9391e34d68,M28,4,16.64,15.68208,30
147,1d7746b0a53dab9391e34d68,M29,4,18.51,17.52956,30
147,1d7746b0a53dab9391e34d68,M30,4,11.7,10.77235,21
148,1b9952df1d11d663488fce0b,M01,2,7.35,7.336,10
148,1b9952df1d11d663488fce0b,M02,2,9.84,9.7835,15
148,1b9952df1d11d663488fce0b,M03,2,10.4,10.10062,21
148,1b9952df1d11d663488fce0b,M04,2,9.58,9.50848,21
148,1b9952df1d11d663488fce0b,M05,2,9.6,9.53928,21
148,1b9952df1d11d663488fce0b,M06,2,12.95,12.7789866667,21
148,1b9952df1d11d663488fce0b,M07,2,14.31,13.84052,30
148,1b9952df1d11d663488fce0b,M08,2,18.7,17.9953433333,30
148,1b9952df1d11d663488fce0b,M09,2,17.56,16.97384,30
148,1b9952df1d11d663488fce0b,M10,2,20.3,19.1293,30
148,1b9952df1d11d663488fce0b,M11,2,19.49,18.48354,30
148,1b9952df1d11d663488fce0b,M12,2,26.72,25.71824,45
148,1b9952df1d11d663488fce0b,M13,2,26.91,25.75628,60
148,1b9952df1d11d663488fce0b,M14,2,23.41,22.95564,60
148,1b9952df1d11d663488fce0b,M15,2,27.11,25.96696,60
148,1b9952df1d11d663488fce0b,M16,2,55.33,52.88848,100
148,1b9952df1d11d663488fce0b,M17,2,7.35,7.27012,14
148,1b9952df1d11d663488fce0b,M18,2,10.15,9.88496,21
148,1b9952df1d11d663488fce0b,M19,2,9,8.16878,21
148,1b9952df1d11d663488fce0b,M20,2,11.32,10.42836,20
148,1b9952df1d11d663488fce0b,M21,2,8.54,7.92596,21
148,1b9952df1d11d663488fce0b,M22,2,21.01,18.487,45
148,1b9952df1d11d663488fce0b,M23,2,17.89,15.7461706667,45
148,1b9952df1d11d663488fce0b,M24,2,21.52,18.70496,45
148,1b9952df1d11d663488fce0b,M25,2,14.29,13.84132,20
148,1b9952df1d11d663488fce0b,M26,2,13.01,12.73332,20
148,1b9952df1d11d663488fce0b,M27,2,16.91,16.35532,30
148,1b9952df1d11d663488fce0b,M28,2,14.95,14.48352,30
148,1b9952df1d11d663488fce0b,M29,2,16.84,16.3538,30
148,1b9952df1d11d663488fce0b,M30,2,10.44,10.17428,21
149,a93b32339ed8311dd7a541ef,M01,2,7.69,7.29144,10
149,a93b32339ed8311dd7a541ef,M02,2,10.27,9.998248,15
149,a93b32339ed8311dd7a541ef,M03,2,11.22,10.5325,21
149,a93b32339ed8311dd7a541ef,M04,2,10.24,9.81092333333,21
149,a93b32339ed8311dd7a541ef,M05,2,10.39,9.771128,21
149,a93b32339ed8311dd7a541ef,M06,2,13.81,12.8415066667,21
149,a93b32339ed8311dd7a541ef,M07,2,15.5,14.10354,30
149,a93b32339ed8311dd7a541ef,M08,2,19.88,19.0435166667,30
149,a93b32339ed8311dd7a541ef,M09,2,18.5,17.90304,30
149,a93b32339ed8311dd7a541ef,M10,2,21.51,20.2938666667,30
149,a93b32339ed8311dd7a541ef,M11,2,20.56,19.6355986667,30
149,a93b32339ed8311dd7a541ef,M12,2,28.59,26.72544,45
149,a93b32339ed8311dd7a541ef,M13,2,29.09,26.9025866667,60
149,a93b32339ed8311dd7a541ef,M14,2,25.6,23.7346,60
149,a93b32339ed8311dd7a541ef,M15,2,29.51,27.19008,60
149,a93b32339ed8311dd7a541ef,M16,2,57.72,52.7189666667,100
149,a93b32339ed8311dd7a541ef,M17,2,7.79,7.26913028571,14
149,a93b32339ed8311dd7a541ef,M18,2,10.77,10.2583106667,21
149,a93b32339ed8311dd7a541ef,M19,2,9.6,8.60819333333,21
149,a93b32339ed8311dd7a541ef,M20,2,11.82,10.7520266667,20
149,a93b32339ed8311dd7a541ef,M21,2,9.04,8.29588,21
149,a93b32339ed8311dd7a541ef,M22,2,22.58,20.1840106667,45
149,a93b32339ed8311dd7a541ef,M23,2,19.38,17.099282,45
149,a93b32339ed8311dd7a541ef,M24,2,23.1,20.47278,45
149,a93b32339ed8311dd7a541ef,M25,2,14.81,13.97248,20
149,a93b32339ed8311dd7a541ef,M26,2,13.53,12.87784,20
149,a93b32339ed8311dd7a541ef,M27,2,17.89,16.86112,30
149,a93b32339ed8311dd7a541ef,M28,2,15.94,15.025902,30
149,a93b32339ed8311dd7a541ef,M29,2,17.95,16.88488,30
149,a93b32339ed8311dd7a541ef,M30,2,11.26,10.4781266667,21
150,47a0e982a5cc29d0694317d1,M01,1,6.41,6.4416,10
150,47a0e982a5cc29d0694317d1,M02,1,8.91,8.77308,15
150,47a0e982a5cc29d0694317d1,M03,1,8.73,8.44064,21
150,47a0e982a5cc29d0694317d1,M04,1,8.09,8.02192,21
150,47a0e982a5cc29d0694317d1,M05,1,7.8,7.68752,21
150,47a0e982a5cc29d0694317d1,M06,1,10.41,10.79884,21
150,47a0e982a5cc29d0694317d1,M07,1,11.81,11.99716,30
150,47a0e982a5cc29d0694317d1,M08,1,16.04,16.50116,30
150,47a0e982a5cc29d0694317d1,M09,1,14.96,15.37596,30
150,47a0e982a5cc29d0694317d1,M10,1,17.74,17.73908,30
150,47a0e982a5cc29d0694317d1,M11,1,16.66,16.88068,30
150,47a0e982a5cc29d0694317d1,M12,1,22.21,22.18484,45
150,47a0e982a5cc29d0694317d1,M13,1,20.15,20.9992,60
150,47a0e982a5cc29d0694317d1,M14,1,16.91,18.11724,60
150,47a0e982a5cc29d0694317d1,M15,1,21.69,21.85412,60
150,47a0e982a5cc29d0694317d1,M16,1,45.47,44.6588,100
150,47a0e982a5cc29d0694317d1,M17,1,6.41,6.41312,14
150,47a0e982a5cc29d0694317d1,M18,1,8.78,8.49124,21
150,47a0e982a5cc29d0694317d1,M19,1,5.99,6.36644,21
150,47a0e982a5cc29d0694317d1,M20,1,8.64,9.32484,20
150,47a0e982a5cc29d0694317d1,M21,1,6.19,6.43092,21
150,47a0e982a5cc29d0694317d1,M22,1,13.6,15.09924,45
150,47a0e982a5cc29d0694317d1,M23,1,11.29,12.52176,45
150,47a0e982a5cc29d0694317d1,M24,1,14.92,16.25776,45
150,47a0e982a5cc29d0694317d1,M25,1,12.6,12.67788,20
150,47a0e982a5cc29d0694317d1,M26,1,11.34,11.58868,20
150,47a0e982a5cc29d0694317d1,M27,1,13.63,13.9616,30
150,47a0e982a5cc29d0694317d1,M28,1,11.7,12.20484,30
150,47a0e982a5cc29d0694317d1,M29,1,14.2,14.27028,30
150,47a0e982a5cc29d0694317d1,M30,1,8.17,8.26024,21
151,6b4c549deadd4454deb332d3,M01,1,6.08,6.0454,10
151,6b4c549deadd4454deb332d3,M02,1,8.06,7.78592,15
151,6b4c549deadd4454deb332d3,M03,1,7.27,7.1206,21
151,6b4c549deadd4454deb332d3,M04,1,6.55,6.55628,21
151,6b4c549deadd4454deb332d3,M05,1,6.43,6.3776,21
151,6b4c549deadd4454deb332d3,M06,1,9.26,9.09616,21
151,6b4c549deadd4454deb332d3,M07,1,9.63,9.52768,30
151,6b4c549deadd4454deb332d3,M08,1,13.63,13.283,30
151,6b4c549deadd4454deb332d3,M09,1,12.33,12.11592,30
151,6b4c549deadd4454deb332d3,M10,1,15.19,14.47332,30
151,6b4c549deadd4454deb332d3,M11,1,14.1,13.65288,30
151,6b4c549deadd4454deb332d3,M12,1,18.37,17.78868,45
151,6b4c549deadd4454deb332d3,M13,1,17.19,17.0622,60
151,6b4c549deadd4454deb332d3,M14,1,14.24,14.44328,60
151,6b4c549deadd4454deb332d3,M15,1,16.91,17.09168,60
151,6b4c549deadd4454deb332d3,M16,1,39.71,38.87504,100
151,6b4c549deadd4454deb332d3,M17,1,5.24,5.22924,14
151,6b4c549deadd4454deb332d3,M18,1,7.15,6.99604,21
151,6b4c549deadd4454deb332d3,M19,1,5.92,5.91724,21
151,6b4c549deadd4454deb332d3,M20,1,8.12,7.9854,20
151,6b4c549deadd4454deb332d3,M21,1,5.75,5.79248,21
151,6b4c549deadd4454deb332d3,M22,1,12.55,12.18408,45
151,6b4c549deadd4454deb332d3,M23,1,10.67,10.54492,45
151,6b4c549deadd4454deb332d3,M24,1,12.51,12.10908,45
151,6b4c549deadd4454deb332d3,M25,1,12.05,11.7404,20
151,6b4c549deadd4454deb332d3,M26,1,10.61,10.53456,20
151,6b4c549deadd4454deb332d3,M27,1,12.41,12.09956,30
151,6b4c549deadd4454deb332d3,M28,1,10.41,10.45792,30
151,6b4c549deadd4454deb332d3,M29,1,12.01,11.94908,30
151,6b4c549deadd4454deb332d3,M30,1,7.3,7.18436,21
152,bc994c242eeac5db55f81cd1,M01,0,5.29,6.06148,10
152,bc994c242eeac5db55f81cd1,M02,0,7.08,8.07178,15
152,bc994c242eeac5db55f81cd1,M03,0,6.06,7.50444,21
152,bc994c242eeac5db55f81cd1,M04,0,5.69,7.0572,21
152,bc994c242eeac5db55f81cd1,M05,0,5.53,6.985096,21
152,bc994c242eeac5db55f81cd1,M06,0,7.67,9.91716,21
152,bc994c242eeac5db55f81cd1,M07,0,7.87,10.1868,30
152,bc994c242eeac5db55f81cd1,M08,0,10.98,13.6212,30
152,bc994c242eeac5db55f81cd1,M09,0,9.95,12.61668,30
152,bc994c242eeac5db55f81cd1,M10,0,12.57,14.96444,30
152,bc994c242eeac5db55f81cd1,M11,0,11.63,14.15548,30
152,bc994c242eeac5db55f81cd1,M12,0,14,17.5604,45
152,bc994c242eeac5db55f81cd1,M13,0,13.4,16.89357,60
152,bc994c242eeac5db55f81cd1,M14,0,10.83,14.5338,60
152,bc994c242eeac5db55f81cd1,M15,0,13.26,17.18892,60
152,bc994c242eeac5db55f81cd1,M16,0,27.98,37.46876,100
152,bc994c242eeac5db55f81cd1,M17,0,4.33,5.31312,14
152,bc994c242eeac5db55f81cd1,M18,0,6.21,7.46456,21
152,bc994c242eeac5db55f81cd1,M19,0,5.77,6.12706,21
152,bc994c242eeac5db55f81cd1,M20,0,7.99,8.38957333333,20
152,bc994c242eeac5db55f81cd1,M21,0,5.77,6.02938,21
152,bc994c242eeac5db55f81cd1,M22,0,12.41,12.79404,45
152,bc994c242eeac5db55f81cd1,M23,0,10.42,10.8394,45
152,bc994c242eeac5db55f81cd1,M24,0,12.59,13.0455,45
152,bc994c242eeac5db55f81cd1,M25,0,9.1,11.40616,20
152,bc994c242eeac5db55f81cd1,M26,0,6.91,10.228,20
152,bc994c242eeac5db55f81cd1,M27,0,8.99,12.00816,30
152,bc994c242eeac5db55f81cd1,M28,0,7.45,10.34492,30
152,bc994c242eeac5db55f81cd1,M29,0,8.51,12.05476,30
152,bc994c242eeac5db55f81cd1,M30,0,4.89,7.37342,21
153,dd846ae5b622e8b2e6c71cac,M01,2,8.95,8.87324,10
153,dd846ae5b622e8b2e6c71cac,M02,2,11.53,12.1766,15
153,dd846ae5b622e8b2e6c71cac,M03,2,13.76,14.03876,21
153,dd846ae5b622e8b2e6c71cac,M04,2,12.75,13.16388,21
153,dd846ae5b622e8b2e6c71cac,M05,2,12.98,13.36648,21
153,dd846ae5b622e8b2e6c71cac,M06,2,16.68,17.30592,21
153,dd846ae5b622e8b2e6c71cac,M07,2,19.41,19.70236,30
153,dd846ae5b622e8b2e6c71cac,M08,2,23.51,23.14804,30
153,dd846ae5b622e8b2e6c71cac,M09,2,22.16,22.14824,30
153,dd846ae5b622e8b2e6c71cac,M10,2,25.04,24.45152,30
153,dd846ae5b622e8b2e6c71cac,M11,2,24.16,24.009,30
153,dd846ae5b622e8b2e6c71cac,M12,2,34.85,37.44932,45
153,dd846ae5b622e8b2e6c71cac,M13,2,37.07,38.7218,60
153,dd846ae5b622e8b2e6c71cac,M14,2,34.06,37.19068,60
153,dd846ae5b622e8b2e6c71cac,M15,2,37.26,39.21932,60
153,dd846ae5b622e8b2e6c71cac,M16,2,66.41,66.29152,100
153,dd846ae5b622e8b2e6c71cac,M17,2,9.14,9.21512,14
153,dd846ae5b622e8b2e6c71cac,M18,2,13.05,13.21336,21
153,dd846ae5b622e8b2e6c71cac,M19,2,12.93,13.00336,21
153,dd846ae5b622e8b2e6c71cac,M20,2,14.51,13.70384,20
153,dd846ae5b622e8b2e6c71cac,M21,2,11.65,11.91436,21
153,dd846ae5b622e8b2e6c71cac,M22,2,31.02,27.38664,45
153,dd846ae5b622e8b2e6c71cac,M23,2,27.15,25.59632,45
153,dd846ae5b622e8b2e6c71cac,M24,2,31.78,27.08552,45
153,dd846ae5b622e8b2e6c71cac,M25,2,16.54,16.82532,20
153,dd846ae5b622e8b2e6c71cac,M26,2,15.2,16.18248,20
153,dd846ae5b622e8b2e6c71cac,M27,2,21.29,23.29336,30
153,dd846ae5b622e8b2e6c71cac,M28,2,19.49,21.86932,30
153,dd846ae5b622e8b2e6c71cac,M29,2,21.08,23.26808,30
153,dd846ae5b622e8b2e6c71cac,M30,2,13.82,14.53104,21
154,f3706234c543da48bc5c0106,M01,0,8.35,7.81368,10
154,f3706234c543da48bc5c0106,M02,0,11.09,10.36332,15
154,f3706234c543da48bc5c0106,M03,0,12.89,11.368,21
154,f3706234c543da48bc5c0106,M04,0,11.84,10.57084,21
154,f3706234c543da48bc5c0106,M05,0,12.05,10.6568,21
154,f3706234c543da48bc5c0106,M06,0,15.58,14.22132,21
154,f3706234c543da48bc5c0106,M07,0,18.06,16.03964,30
154,f3706234c543da48bc5c0106,M08,0,22.3,20.26748,30
154,f3706234c543da48bc5c0106,M09,0,20.84,19.16528,30
154,f3706234c543da48bc5c0106,M10,0,23.86,21.5926,30
154,f3706234c543da48bc5c0106,M11,0,23.07,20.90844,30
154,f3706234c543da48bc5c0106,M12,0,32.72,29.6028,45
154,f3706234c543da48bc5c0106,M13,0,34.01,30.25352,60
154,f3706234c543da48bc5c0106,M14,0,30.82,27.123,60
154,f3706234c543da48bc5c0106,M15,0,34.8,30.48664,60
154,f3706234c543da48bc5c0106,M16,0,63.16,58.96684,100
154,f3706234c543da48bc5c0106,M17,0,8.68,7.94868,14
154,f3706234c543da48bc5c0106,M18,0,12.22,10.97612,21
154,f3706234c543da48bc5c0106,M19,0,11.65,9.63776,21
154,f3706234c543da48bc5c0106,M20,0,13.36,12.1168,20
154,f3706234c543da48bc5c0106,M21,0,10.59,9.06376,21
154,f3706234c543da48bc5c0106,M22,0,27.86,23.054,45
154,f3706234c543da48bc5c0106,M23,0,24.31,19.71656,45
154,f3706234c543da48bc5c0106,M24,0,27.94,23.12696,45
154,f3706234c543da48bc5c0106,M25,0,15.83,14.89936,20
154,f3706234c543da48bc5c0106,M26,0,14.59,13.7776,20
154,f3706234c543da48bc5c0106,M27,0,20,18.2516,30
154,f3706234c543da48bc5c0106,M28,0,18.18,16.59876,30
154,f3706234c543da48bc5c0106,M29,0,20.12,18.20124,30
154,f3706234c543da48bc5c0106,M30,0,12.93,11.436,21
155,8109b130d7942e795d77baa7,M01,1,6.14,6.53416,10
155,8109b130d7942e795d77baa7,M02,1,8.67,8.74516,15
155,8109b130d7942e795d77baa7,M03,1,7.79,8.44668,21
155,8109b130d7942e795d77baa7,M04,1,7.65,7.89888,21
155,8109b130d7942e795d77baa7,M05,1,7.19,7.5512,21
155,8109b130d7942e795d77baa7,M06,1,9.86,10.6286,21
155,8109b130d7942e795d77baa7,M07,1,11.24,11.39536,30
155,8109b130d7942e795d77baa7,M08,1,15.24,15.70936,30
155,8109b130d7942e795d77baa7,M09,1,13.77,14.65308,30
155,8109b130d7942e795d77baa7,M10,1,16.85,16.982,30
155,8109b130d7942e795d77baa7,M11,1,15.61,16.17224,30
155,8109b130d7942e795d77baa7,M12,1,20.33,21.0564,45
155,8109b130d7942e795d77baa7,M13,1,18.57,20.16972,60
155,8109b130d7942e795d77baa7,M14,1,15.5,16.90296,60
155,8109b130d7942e795d77baa7,M15,1,20,20.6824,60
155,8109b130d7942e795d77baa7,M16,1,42.03,42.21808,100
155,8109b130d7942e795d77baa7,M17,1,5.85,6.1738,14
155,8109b130d7942e795d77baa7,M18,1,7.91,8.39908,21
155,8109b130d7942e795d77baa7,M19,1,6.43,6.7384,21
155,8109b130d7942e795d77baa7,M20,1,9.56,8.71552,20
155,8109b130d7942e795d77baa7,M21,1,6.67,6.61736,21
155,8109b130d7942e795d77baa7,M22,1,15.22,14.30372,45
155,8109b130d7942e795d77baa7,M23,1,12.26,11.7566,45
155,8109b130d7942e795d77baa7,M24,1,18.18,14.772,45
155,8109b130d7942e795d77baa7,M25,1,12.21,12.37084,20
155,8109b130d7942e795d77baa7,M26,1,10.93,11.13492,20
155,8109b130d7942e795d77baa7,M27,1,12.87,13.50004,30
155,8109b130d7942e795d77baa7,M28,1,11.02,11.52856,30
155,8109b130d7942e795d77baa7,M29,1,13.37,13.81716,30
155,8109b130d7942e795d77baa7,M30,1,7.66,8.23976,21
156,3104d8d880d3cd06ac46bd0b,M01,0,7.63,6.66028,10
156,3104d8d880d3cd06ac46bd0b,M02,0,10.16,8.87624,15
156,3104d8d880d3cd06ac46bd0b,M03,0,10.98,8.7482,21
156,3104d8d880d3cd06ac46bd0b,M04,0,10.1,8.12216,21
156,3104d8d880d3cd06ac46bd0b,M05,0,10.2,8.10172,21
156,3104d8d880d3cd06ac46bd0b,M06,0,13.68,10.72084,21
156,3104d8d880d3cd06ac46bd0b,M07,0,15.16,11.8126,30
156,3104d8d880d3cd06ac46bd0b,M08,0,19.53,16.27252,30
156,3104d8d880d3cd06ac46bd0b,M09,0,18.29,15.25144,30
156,3104d8d880d3cd06ac46bd0b,M10,0,21.14,17.4266,30
156,3104d8d880d3cd06ac46bd0b,M11,0,20.3,16.8722,30
156,3104d8d880d3cd06ac46bd0b,M12,0,28.01,22.53732,45
156,3104d8d880d3cd06ac46bd0b,M13,0,28.67,22.38412,60
156,3104d8d880d3cd06ac46bd0b,M14,0,25.1,19.50208,60
156,3104d8d880d3cd06ac46bd0b,M15,0,28.78,22.27448,60
156,3104d8d880d3cd06ac46bd0b,M16,0,57.3,44.69252,100
156,3104d8d880d3cd06ac46bd0b,M17,0,7.49,6.19208,14
156,3104d8d880d3cd06ac46bd0b,M18,0,10.16,8.38068,21
156,3104d8d880d3cd06ac46bd0b,M19,0,9.5,6.76248,21
156,3104d8d880d3cd06ac46bd0b,M20,0,9.76,8.87656,20
156,3104d8d880d3cd06ac46bd0b,M21,0,7.1,6.67788,21
156,3104d8d880d3cd06ac46bd0b,M22,0,16.62,15.14,45
156,3104d8d880d3cd06ac46bd0b,M23,0,17.25,13.37494,45
156,3104d8d880d3cd06ac46bd0b,M24,0,17.13,15.2698,45
156,3104d8d880d3cd06ac46bd0b,M25,0,14.75,13.25812,20
156,3104d8d880d3cd06ac46bd0b,M26,0,13.47,12.07896,20
156,3104d8d880d3cd06ac46bd0b,M27,0,17.78,14.86156,30
156,3104d8d880d3cd06ac46bd0b,M28,0,15.82,13.27332,30
156,3104d8d880d3cd06ac46bd0b,M29,0,17.69,14.88212,30
156,3104d8d880d3cd06ac46bd0b,M30,0,11.07,9.08008,21
157,bd2b46e5d8d336def30a4873,M01,1,7.44,7.21344,10
157,bd2b46e5d8d336def30a4873,M02,1,9.88,9.71912,15
157,bd2b46e5d8d336def30a4873,M03,1,10.44,10.05552,21
157,bd2b46e5d8d336def30a4873,M04,1,9.54,9.40104,21
157,bd2b46e5d8d336def30a4873,M05,1,9.47,9.37276,21
157,bd2b46e5d8d336def30a4873,M06,1,13.03,12.66552,21
157,bd2b46e5d8d336def30a4873,M07,1,14.31,13.91724,30
157,bd2b46e5d8d336def30a4873,M08,1,18.7,18.21816,30
157,bd2b46e5d8d336def30a4873,M09,1,17.44,17.1914,30
157,bd2b46e5d8d336def30a4873,M10,1,20.34,19.35308,30
157,bd2b46e5d8d336def30a4873,M11,1,19.35,18.65732,30
157,bd2b46e5d8d336def30a4873,M12,1,26.64,26.11032,45
157,bd2b46e5d8d336def30a4873,M13,1,26.81,26.11332,60
157,bd2b46e5d8d336def30a4873,M14,1,23.06,23.12076,60
157,bd2b46e5d8d336def30a4873,M15,1,27.07,26.38576,60
157,bd2b46e5d8d336def30a4873,M16,1,55.15,54.8334,100
157,bd2b46e5d8d336def30a4873,M17,1,7.28,7.21908,14
157,bd2b46e5d8d336def30a4873,M18,1,10.1,9.82304,21
157,bd2b46e5d8d336def30a4873,M19,1,8.11,8.08388,21
157,bd2b46e5d8d336def30a4873,M20,1,10.53,10.21428,20
157,bd2b46e5d8d336def30a4873,M21,1,7.59,7.85828,21
157,bd2b46e5d8d336def30a4873,M22,1,18.39,17.55972,45
157,bd2b46e5d8d336def30a4873,M23,1,15.53,15.17464,45
157,bd2b46e5d8d336def30a4873,M24,1,18.86,17.91344,45
157,bd2b46e5d8d336def30a4873,M25,1,14.35,13.70092,20
157,bd2b46e5d8d336def30a4873,M26,1,13,12.59924,20
157,bd2b46e5d8d336def30a4873,M27,1,16.94,15.30712,30
157,bd2b46e5d8d336def30a4873,M28,1,14.83,13.7514,30
157,bd2b46e5d8d336def30a4873,M29,1,16.87,15.27912,30
157,bd2b46e5d8d336def30a4873,M30,1,10.42,9.9604,21
158,3fd88639055c4f90157ae592,M01,4,8.32,7.6496,10
158,3fd88639055c4f90157ae592,M02,4,10.99,10.288096,15
158,3fd88639055c4f90157ae592,M03,4,12.7,11.12264,21
158,3fd88639055c4f90157ae592,M04,4,11.65,10.38232,21
158,3fd88639055c4f90157ae592,M05,4,11.86,10.44456,21
158,3fd88639055c4f90157ae592,M06,4,15.67,13.8876613333,21
158,3fd88639055c4f90157ae592,M07,4,17.75,15.4085786667,30
158,3fd88639055c4f90157ae592,M08,4,22.02,20.0758533333,30
158,3fd88639055c4f90157ae592,M09,4,20.58,18.79616,30
158,3fd88639055c4f90157ae592,M10,4,23.59,21.4326533333,30
158,3fd88639055c4f90157ae592,M11,4,22.87,20.92784,30
158,3fd88639055c4f90157ae592,M12,4,32.47,29.07124,45
158,3fd88639055c4f90157ae592,M13,4,33.88,29.6339333333,60
158,3fd88639055c4f90157ae592,M14,4,30.62,25.99292,60
158,3fd88639055c4f90157ae592,M15,4,34.33,29.69688,60
158,3fd88639055c4f90157ae592,M16,4,63,59.1133733333,100
158,3fd88639055c4f90157ae592,M17,4,8.59,7.75352,14
158,3fd88639055c4f90157ae592,M18,4,12.06,10.73332,21
158,3fd88639055c4f90157ae592,M19,4,11.55,9.73846,21
158,3fd88639055c4f90157ae592,M20,4,13.52,11.9388133333,20
158,3fd88639055c4f90157ae592,M21,4,10.65,9.23682,21
158,3fd88639055c4f90157ae592,M22,4,27.95,23.09676,45
158,3fd88639055c4f90157ae592,M23,4,24.2,19.52056,45
158,3fd88639055c4f90157ae592,M24,4,28.58,23.50924,45
158,3fd88639055c4f90157ae592,M25,4,15.81,14.74752,20
158,3fd88639055c4f90157ae592,M26,4,14.55,13.58736,20
158,3fd88639055c4f90157ae592,M27,4,19.79,17.83744,30
158,3fd88639055c4f90157ae592,M28,4,18.1,16.01068,30
158,3fd88639055c4f90157ae592,M29,4,19.97,17.77436,30
158,3fd88639055c4f90157ae592,M30,4,12.74,11.18124,21
159,7953ee787848eada3b125164,M01,3,5.16,4.8518,10
159,7953ee787848eada3b125164,M02,3,6.25,6.21768,15
159,7953ee787848eada3b125164,M03,3,5.25,5.244,21
159,7953ee787848eada3b125164,M04,3,5.04,5.03344,21
159,7953ee787848eada3b125164,M05,3,4.89,4.89164,21
159,7953ee787848eada3b125164,M06,3,6.71,6.84388,21
159,7953ee787848eada3b125164,M07,3,6.78,6.89668,30
159,7953ee787848eada3b125164,M08,3,9.04,9.15288,30
159,7953ee787848eada3b125164,M09,3,7.99,8.089,30
159,7953ee787848eada3b125164,M10,3,10.48,10.35032,30
159,7953ee787848eada3b125164,M11,3,9.55,9.58448,30
159,7953ee787848eada3b125164,M12,3,11.15,10.76984,45
159,7953ee787848eada3b125164,M13,3,12.88,10.5874,60
159,7953ee787848eada3b125164,M14,3,10.86,9.0484,60
159,7953ee787848eada3b125164,M15,3,12.73,10.01092,60
159,7953ee787848eada3b125164,M16,3,26.84,20.93328,100
159,7953ee787848eada3b125164,M17,3,3.28,3.23208,14
159,7953ee787848eada3b125164,M18,3,5.38,5.33492,21
159,7953ee787848eada3b125164,M19,3,4.59,4.66244,21
159,7953ee787848eada3b125164,M20,3,5.68,5.78188,20
159,7953ee787848eada3b125164,M21,3,4.56,4.6444,21
159,7953ee787848eada3b125164,M22,3,8.58,8.72716,45
159,7953ee787848eada3b125164,M23,3,7.12,7.46444,45
159,7953ee787848eada3b125164,M24,3,8.05,8.60676,45
159,7953ee787848eada3b125164,M25,3,12.43,9.29056,20
159,7953ee787848eada3b125164,M26,3,10.98,8.08884,20
159,7953ee787848eada3b125164,M27,3,12.95,9.20236,30
159,7953ee787848eada3b125164,M28,3,10.91,7.93472,30
159,7953ee787848eada3b125164,M29,3,12.93,9.04672,30
159,7953ee787848eada3b125164,M30,3,7.82,5.53424,21
160,2673245c3e0a30a5c3e96d57,M01,0,4.87,4.95284,10
160,2673245c3e0a30a5c3e96d57,M02,0,6.15,6.35088,15
160,2673245c3e0a30a5c3e96d57,M03,0,5.16,5.46948,21
160,2673245c3e0a30a5c3e96d57,M04,0,4.94,5.10052,21
160,2673245c3e0a30a5c3e96d57,M05,0,4.8,4.93732,21
160,2673245c3e0a30a5c3e96d57,M06,0,6.58,6.95836,21
160,2673245c3e0a30a5c3e96d57,M07,0,6.67,7.01032,30
160,2673245c3e0a30a5c3e96d57,M08,0,8.81,9.15532,30
160,2673245c3e0a30a5c3e96d57,M09,0,7.65,8.13216,30
160,2673245c3e0a30a5c3e96d57,M10,0,10.24,10.19908,30
160,2673245c3e0a30a5c3e96d57,M11,0,9.26,9.57244,30
160,2673245c3e0a30a5c3e96d57,M12,0,10.82,10.80616,45
160,2673245c3e0a30a5c3e96d57,M13,0,10.61,11.24944,60
160,2673245c3e0a30a5c3e96d57,M14,0,10.47,9.4968,60
160,2673245c3e0a30a5c3e96d57,M15,0,8.54,11.2284,60
160,2673245c3e0a30a5c3e96d57,M16,0,18.83,24.20008,100
160,2673245c3e0a30a5c3e96d57,M17,0,3.03,3.3394,14
160,2673245c3e0a30a5c3e96d57,M18,0,5.26,5.349,21
160,2673245c3e0a30a5c3e96d57,M19,0,4.55,4.75248,21
160,2673245c3e0a30a5c3e96d57,M20,0,5.56,6.03496,20
160,2673245c3e0a30a5c3e96d57,M21,0,4.52,4.70716,21
160,2673245c3e0a30a5c3e96d57,M22,0,8.71,8.6916,45
160,2673245c3e0a30a5c3e96d57,M23,0,7.46,7.50388,45
160,2673245c3e0a30a5c3e96d57,M24,0,8.52,8.2962,45
160,2673245c3e0a30a5c3e96d57,M25,0,9.75,10.25184,20
160,2673245c3e0a30a5c3e96d57,M26,0,8.16,8.9284,20
160,2673245c3e0a30a5c3e96d57,M27,0,8.94,10.35248,30
160,2673245c3e0a30a5c3e96d57,M28,0,7.63,8.76848,30
160,2673245c3e0a30a5c3e96d57,M29,0,8.84,10.26848,30
160,2673245c3e0a30a5c3e96d57,M30,0,5.68,6.31344,21
161,cf53cfefe4d6fe2f0d464145,M01,4,6.99,7.46046,10
161,cf53cfefe4d6fe2f0d464145,M02,4,9.35,10.1642011429,15
161,cf53cfefe4d6fe2f0d464145,M03,4,9.44,10.81313,21
161,cf53cfefe4d6fe2f0d464145,M04,4,8.57,10.0485266667,21
161,cf53cfefe4d6fe2f0d464145,M05,4,8.45,10.072682,21
161,cf53cfefe4d6fe2f0d464145,M06,4,11.86,13.4285946667,21
161,cf53cfefe4d6fe2f0d464145,M07,4,12.83,14.7811906667,30
161,cf53cfefe4d6fe2f0d464145,M08,4,17.21,19.5134106667,30
161,cf53cfefe4d6fe2f0d464145,M09,4,15.96,18.20828,30
161,cf53cfefe4d6fe2f0d464145,M10,4,18.82,20.9375266667,30
161,cf53cfefe4d6fe2f0d464145,M11,4,17.84,20.2317645714,30
161,cf53cfefe4d6fe2f0d464145,M12,4,24.23,27.8029,45
161,cf53cfefe4d6fe2f0d464145,M13,4,23.8,28.03848,60
161,cf53cfefe4d6fe2f0d464145,M14,4,20.18,24.50168,60
161,cf53cfefe4d6fe2f0d464145,M15,4,23.97,28.27284,60
161,cf53cfefe4d6fe2f0d464145,M16,4,51.53,56.3188080952,100
161,cf53cfefe4d6fe2f0d464145,M17,4,6.67,7.41179657143,14
161,cf53cfefe4d6fe2f0d464145,M18,4,9.19,10.4608473333,21
161,cf53cfefe4d6fe2f0d464145,M19,4,6.67,8.54528933333,21
161,cf53cfefe4d6fe2f0d464145,M20,4,9.11,10.7510666667,20
161,cf53cfefe4d6fe2f0d464145,M21,4,6.42,8.10832,21
161,cf53cfefe4d6fe2f0d464145,M22,4,14.55,20.4058441905,45
161,cf53cfefe4d6fe2f0d464145,M23,4,12.41,17.1684311111,45
161,cf53cfefe4d6fe2f0d464145,M24,4,14.74,20.8251486667,45
161,cf53cfefe4d6fe2f0d464145,M25,4,13.66,14.50964,20
161,cf53cfefe4d6fe2f0d464145,M26,4,12.34,13.3294,20
161,cf53cfefe4d6fe2f0d464145,M27,4,15.57,17.45811,30
161,cf53cfefe4d6fe2f0d464145,M28,4,13.51,15.43628,30
161,cf53cfefe4d6fe2f0d464145,M29,4,15.46,17.38952,30
161,cf53cfefe4d6fe2f0d464145,M30,4,9.42,10.8597593333,21
162,bbde6b2455ce1854559c6709,M01,1,7.34,6.829,10
162,bbde6b2455ce1854559c6709,M02,1,9.73,8.7694,15
162,bbde6b2455ce1854559c6709,M03,1,10.16,8.76504,21
162,bbde6b2455ce1854559c6709,M04,1,9.35,8.22708,21
162,bbde6b2455ce1854559c6709,M05,1,9.19,8.16168,21
162,bbde6b2455ce1854559c6709,M06,1,12.73,11.85692,21
162,bbde6b2455ce1854559c6709,M07,1,13.91,12.733,30
162,bbde6b2455ce1854559c6709,M08,1,18.31,15.37936,30
162,bbde6b2455ce1854559c6709,M09,1,17.24,14.5522,30
162,bbde6b2455ce1854559c6709,M10,1,19.92,16.4188,30
162,bbde6b2455ce1854559c6709,M11,1,18.99,15.90732,30
162,bbde6b2455ce1854559c6709,M12,1,26.21,21.8148,45
162,bbde6b2455ce1854559c6709,M13,1,26.08,21.6872,60
162,bbde6b2455ce1854559c6709,M14,1,22.57,19.66444,60
162,bbde6b2455ce1854559c6709,M15,1,26.51,21.86,60
162,bbde6b2455ce1854559c6709,M16,1,54.3,51.76412,100
162,bbde6b2455ce1854559c6709,M17,1,7.13,6.67548,14
162,bbde6b2455ce1854559c6709,M18,1,9.97,8.63512,21
162,bbde6b2455ce1854559c6709,M19,1,7.21,6.66512,21
162,bbde6b2455ce1854559c6709,M20,1,9.66,9.40296,20
162,bbde6b2455ce1854559c6709,M21,1,6.9,6.4874,21
162,bbde6b2455ce1854559c6709,M22,1,15.93,13.9832,45
162,bbde6b2455ce1854559c6709,M23,1,13.56,12.59128,45
162,bbde6b2455ce1854559c6709,M24,1,16.19,13.92816,45
162,bbde6b2455ce1854559c6709,M25,1,14.26,13.05624,20
162,bbde6b2455ce1854559c6709,M26,1,12.91,12.14764,20
162,bbde6b2455ce1854559c6709,M27,1,16.69,14.7034,30
162,bbde6b2455ce1854559c6709,M28,1,14.58,13.2696,30
162,bbde6b2455ce1854559c6709,M29,1,16.51,14.6082,30
162,bbde6b2455ce1854559c6709,M30,1,10.14,8.79216,21
163,bbde6b2455ce1854559c6709,M01,1,7.34,6.829,10
163,bbde6b2455ce1854559c6709,M02,1,9.79,8.7694,15
163,bbde6b2455ce1854559c6709,M03,1,10.25,8.76504,21
163,bbde6b2455ce1854559c6709,M04,1,9.4,8.22708,21
163,bbde6b2455ce1854559c6709,M05,1,9.31,8.16168,21
163,bbde6b2455ce1854559c6709,M06,1,12.81,11.85692,21
163,bbde6b2455ce1854559c6709,M07,1,14.04,12.733,30
163,bbde6b2455ce1854559c6709,M08,1,18.44,15.37936,30
163,bbde6b2455ce1854559c6709,M09,1,17.24,14.5522,30
163,bbde6b2455ce1854559c6709,M10,1,20.06,16.4188,30
163,bbde6b2455ce1854559c6709,M11,1,19.12,15.90732,30
163,bbde6b2455ce1854559c6709,M12,1,26.21,21.8148,45
163,bbde6b2455ce1854559c6709,M13,1,26.31,21.6872,60
163,bbde6b2455ce1854559c6709,M14,1,22.57,19.66444,60
163,bbde6b2455ce1854559c6709,M15,1,26.51,21.86,60
163,bbde6b2455ce1854559c6709,M16,1,54.55,51.76412,100
163,bbde6b2455ce1854559c6709,M17,1,7.19,6.67548,14
163,bbde6b2455ce1854559c6709,M18,1,9.98,8.63512,21
163,bbde6b2455ce1854559c6709,M19,1,8.04,6.66512,21
163,bbde6b2455ce1854559c6709,M20,1,10.46,9.40296,20
163,bbde6b2455ce1854559c6709,M21,1,7.6,6.4874,21
163,bbde6b2455ce1854559c6709,M22,1,18.19,13.9832,45
163,bbde6b2455ce1854559c6709,M23,1,15.37,12.59128,45
163,bbde6b2455ce1854559c6709,M24,1,18.66,13.92816,45
163,bbde6b2455ce1854559c6709,M25,1,14.26,13.05624,20
163,bbde6b2455ce1854559c6709,M26,1,12.91,12.14764,20
163,bbde6b2455ce1854559c6709,M27,1,16.69,14.7034,30
163,bbde6b2455ce1854559c6709,M28,1,14.58,13.2696,30
163,bbde6b2455ce1854559c6709,M29,1,16.66,14.6082,30
163,bbde6b2455ce1854559c6709,M30,1,10.25,8.79216,21
164,2f5f0ba7541c2228903defab,M01,1,7.08,7.034,10
164,2f5f0ba7541c2228903defab,M02,1,9.44,9.47808,15
164,2f5f0ba7541c2228903defab,M03,1,9.6,9.6502,21
164,2f5f0ba7541c2228903defab,M04,1,8.77,9.00004,21
164,2f5f0ba7541c2228903defab,M05,1,8.8,8.95532,21
164,2f5f0ba7541c2228903defab,M06,1,12.11,12.22236,21
164,2f5f0ba7541c2228903defab,M07,1,13.06,13.25032,30
164,2f5f0ba7541c2228903defab,M08,1,17.41,17.74176,30
164,2f5f0ba7541c2228903defab,M09,1,16.18,16.61348,30
164,2f5f0ba7541c2228903defab,M10,1,19.08,18.95984,30
164,2f5f0ba7541c2228903defab,M11,1,18.2,18.31144,30
164,2f5f0ba7541c2228903defab,M12,1,24.47,24.6924,45
164,2f5f0ba7541c2228903defab,M13,1,24.45,24.308,60
164,2f5f0ba7541c2228903defab,M14,1,20.81,21.50504,60
164,2f5f0ba7541c2228903defab,M15,1,24.37,24.64448,60
164,2f5f0ba7541c2228903defab,M16,1,52.34,52.64324,100
164,2f5f0ba7541c2228903defab,M17,1,6.89,6.97132,14
164,2f5f0ba7541c2228903defab,M18,1,9.37,9.41452,21
164,2f5f0ba7541c2228903defab,M19,1,8.64,8.3716,21
164,2f5f0ba7541c2228903defab,M20,1,11.02,10.14324,20
164,2f5f0ba7541c2228903defab,M21,1,8.25,7.95792,21
164,2f5f0ba7541c2228903defab,M22,1,20.14,17.71244,45
164,2f5f0ba7541c2228903defab,M23,1,17.03,15.43724,45
164,2f5f0ba7541c2228903defab,M24,1,20.58,17.93216,45
164,2f5f0ba7541c2228903defab,M25,1,13.86,13.59532,20
164,2f5f0ba7541c2228903defab,M26,1,12.51,12.48888,20
164,2f5f0ba7541c2228903defab,M27,1,15.91,15.68608,30
164,2f5f0ba7541c2228903defab,M28,1,13.84,13.96604,30
164,2f5f0ba7541c2228903defab,M29,1,15.74,15.556,30
164,2f5f0ba7541c2228903defab,M30,1,9.62,9.66724,21
165,ea2b62de5e4c4a4dd0b95da6,M01,1,8.36,7.68964,10
165,ea2b62de5e4c4a4dd0b95da6,M02,1,11.08,10.2096,15
165,ea2b62de5e4c4a4dd0b95da6,M03,1,12.92,11.01972,21
165,ea2b62de5e4c4a4dd0b95da6,M04,1,11.78,10.24348,21
165,ea2b62de5e4c4a4dd0b95da6,M05,1,12.01,10.2922,21
165,ea2b62de5e4c4a4dd0b95da6,M06,1,15.59,13.97356,21
165,ea2b62de5e4c4a4dd0b95da6,M07,1,18.11,15.5006,30
165,ea2b62de5e4c4a4dd0b95da6,M08,1,22.35,19.92516,30
165,ea2b62de5e4c4a4dd0b95da6,M09,1,20.77,18.80988,30
165,ea2b62de5e4c4a4dd0b95da6,M10,1,23.88,21.2284,30
165,ea2b62de5e4c4a4dd0b95da6,M11,1,22.89,20.67432,30
165,ea2b62de5e4c4a4dd0b95da6,M12,1,32.81,28.40356,45
165,ea2b62de5e4c4a4dd0b95da6,M13,1,34.12,28.64544,60
165,ea2b62de5e4c4a4dd0b95da6,M14,1,30.96,25.92708,60
165,ea2b62de5e4c4a4dd0b95da6,M15,1,34.84,28.97476,60
165,ea2b62de5e4c4a4dd0b95da6,M16,1,63.27,58.17828,100
165,ea2b62de5e4c4a4dd0b95da6,M17,1,8.61,7.83076,14
165,ea2b62de5e4c4a4dd0b95da6,M18,1,12.15,10.65208,21
165,ea2b62de5e4c4a4dd0b95da6,M19,1,11.54,9.56972,21
165,ea2b62de5e4c4a4dd0b95da6,M20,1,13.31,11.7204,20
165,ea2b62de5e4c4a4dd0b95da6,M21,1,10.48,9.07084,21
165,ea2b62de5e4c4a4dd0b95da6,M22,1,27.28,22.09956,45
165,ea2b62de5e4c4a4dd0b95da6,M23,1,23.75,19.46172,45
165,ea2b62de5e4c4a4dd0b95da6,M24,1,28.12,22.89756,45
165,ea2b62de5e4c4a4dd0b95da6,M25,1,15.83,14.77636,20
165,ea2b62de5e4c4a4dd0b95da6,M26,1,14.59,13.625,20
165,ea2b62de5e4c4a4dd0b95da6,M27,1,20.02,17.89344,30
165,ea2b62de5e4c4a4dd0b95da6,M28,1,18.23,16.0844,30
165,ea2b62de5e4c4a4dd0b95da6,M29,1,20.15,17.83764,30
165,ea2b62de5e4c4a4dd0b95da6,M30,1,12.96,11.06884,21
166,85cf5990e92211843a2bfe23,M01,1,7.64,7.47788,10
166,85cf5990e92211843a2bfe23,M02,1,10.25,10.07372,15
166,85cf5990e92211843a2bfe23,M03,1,11.25,10.81348,21
166,85cf5990e92211843a2bfe23,M04,1,10.33,10.1404,21
166,85cf5990e92211843a2bfe23,M05,1,10.44,10.16256,21
166,85cf5990e92211843a2bfe23,M06,1,13.91,13.02336,21
166,85cf5990e92211843a2bfe23,M07,1,15.59,14.53444,30
166,85cf5990e92211843a2bfe23,M08,1,19.95,19.57984,30
166,85cf5990e92211843a2bfe23,M09,1,18.67,18.43232,30
166,85cf5990e92211843a2bfe23,M10,1,21.54,20.72312,30
166,85cf5990e92211843a2bfe23,M11,1,20.68,20.25756,30
166,85cf5990e92211843a2bfe23,M12,1,28.8,28.58804,45
166,85cf5990e92211843a2bfe23,M13,1,29.56,28.86796,60
166,85cf5990e92211843a2bfe23,M14,1,26.23,26.08072,60
166,85cf5990e92211843a2bfe23,M15,1,29.69,29.25992,60
166,85cf5990e92211843a2bfe23,M16,1,58.33,57.31464,100
166,85cf5990e92211843a2bfe23,M17,1,7.82,7.54772,14
166,85cf5990e92211843a2bfe23,M18,1,10.85,10.45164,21
166,85cf5990e92211843a2bfe23,M19,1,10.24,9.27924,21
166,85cf5990e92211843a2bfe23,M20,1,12.43,10.72976,20
166,85cf5990e92211843a2bfe23,M21,1,9.69,8.76352,21
166,85cf5990e92211843a2bfe23,M22,1,24.53,21.0856,45
166,85cf5990e92211843a2bfe23,M23,1,21.23,18.76056,45
166,85cf5990e92211843a2bfe23,M24,1,24.95,21.5056,45
166,85cf5990e92211843a2bfe23,M25,1,14.83,14.02584,20
166,85cf5990e92211843a2bfe23,M26,1,13.6,12.94872,20
166,85cf5990e92211843a2bfe23,M27,1,18.05,16.28656,30
166,85cf5990e92211843a2bfe23,M28,1,16.16,14.6162,30
166,85cf5990e92211843a2bfe23,M29,1,17.94,16.21992,30
166,85cf5990e92211843a2bfe23,M30,1,11.28,10.87844,21
169,38aad91045bd921bbb9277ed,M01,2,5.64,6.10048,10
169,38aad91045bd921bbb9277ed,M02,2,7.41,7.87668,15
169,38aad91045bd921bbb9277ed,M03,2,6.54,7.41808,21
169,38aad91045bd921bbb9277ed,M04,2,6.04,7.01988,21
169,38aad91045bd921bbb9277ed,M05,2,5.93,6.957,21
169,38aad91045bd921bbb9277ed,M06,2,8.24,8.39296,21
169,38aad91045bd921bbb9277ed,M07,2,8.43,8.44678666667,30
169,38aad91045bd921bbb9277ed,M08,2,11.15,10.723816,30
169,38aad91045bd921bbb9277ed,M09,2,9.83,9.63004,30
169,38aad91045bd921bbb9277ed,M10,2,13.12,11.74348,30
169,38aad91045bd921bbb9277ed,M11,2,12.03,10.87294,30
169,38aad91045bd921bbb9277ed,M12,2,13.75,14.7326,45
169,38aad91045bd921bbb9277ed,M13,2,13.55,14.8534533333,60
169,38aad91045bd921bbb9277ed,M14,2,10.81,12.67068,60
169,38aad91045bd921bbb9277ed,M15,2,13.68,14.9972,60
169,38aad91045bd921bbb9277ed,M16,2,26.46,30.28112,100
169,38aad91045bd921bbb9277ed,M17,2,4.57,5.19568,14
169,38aad91045bd921bbb9277ed,M18,2,6.62,7.38284,21
169,38aad91045bd921bbb9277ed,M19,2,5.52,6.34065,21
169,38aad91045bd921bbb9277ed,M20,2,7.46,7.41929333333,20
169,38aad91045bd921bbb9277ed,M21,2,5.35,6.17682,21
169,38aad91045bd921bbb9277ed,M22,2,10.75,10.730008,45
169,38aad91045bd921bbb9277ed,M23,2,8.97,8.9842,45
169,38aad91045bd921bbb9277ed,M24,2,10.94,10.75861,45
169,38aad91045bd921bbb9277ed,M25,2,11.12,9.11536,20
169,38aad91045bd921bbb9277ed,M26,2,9.28,7.8914,20
169,38aad91045bd921bbb9277ed,M27,2,10.85,9.7452,30
169,38aad91045bd921bbb9277ed,M28,2,8.94,8.11948,30
169,38aad91045bd921bbb9277ed,M29,2,10.81,9.75504,30
169,38aad91045bd921bbb9277ed,M30,2,6.52,7.03190666667,21
170,17c5451c41ce50a5b92f91d5,M01,0,7.17,8.04364,10
170,17c5451c41ce50a5b92f91d5,M02,0,9.62,10.84556,15
170,17c5451c41ce50a5b92f91d5,M03,0,10.03,12.3588,21
170,17c5451c41ce50a5b92f91d5,M04,0,9.28,11.55056,21
170,17c5451c41ce50a5b92f91d5,M05,0,9.32,11.6632,21
170,17c5451c41ce50a5b92f91d5,M06,0,12.56,14.79652,21
170,17c5451c41ce50a5b92f91d5,M07,0,13.77,16.90612,30
170,17c5451c41ce50a5b92f91d5,M08,0,18.15,21.34004,30
170,17c5451c41ce50a5b92f91d5,M09,0,17.08,20.04472,30
170,17c5451c41ce50a5b92f91d5,M10,0,19.75,22.81912,30
170,17c5451c41ce50a5b92f91d5,M11,0,19.04,22.21024,30
170,17c5451c41ce50a5b92f91d5,M12,0,25.83,31.14856,45
170,17c5451c41ce50a5b92f91d5,M13,0,25.95,32.12872,60
170,17c5451c41ce50a5b92f91d5,M14,0,22.49,28.6338,60
170,17c5451c41ce50a5b92f91d5,M15,0,26.09,32.5712,60
170,17c5451c41ce50a5b92f91d5,M16,0,54.2,59.5979,100
170,17c5451c41ce50a5b92f91d5,M17,0,7.19,8.28112,14
170,17c5451c41ce50a5b92f91d5,M18,0,9.87,11.85744,21
170,17c5451c41ce50a5b92f91d5,M19,0,8.92,10.96604,21
170,17c5451c41ce50a5b92f91d5,M20,0,11.29,12.39816,20
170,17c5451c41ce50a5b92f91d5,M21,0,8.57,10.1826,21
170,17c5451c41ce50a5b92f91d5,M22,0,21.01,25.19516,45
170,17c5451c41ce50a5b92f91d5,M23,0,17.99,21.91036,45
170,17c5451c41ce50a5b92f91d5,M24,0,21.47,25.99416,45
170,17c5451c41ce50a5b92f91d5,M25,0,14.07,15.229,20
170,17c5451c41ce50a5b92f91d5,M26,0,12.81,14.00364,20
170,17c5451c41ce50a5b92f91d5,M27,0,16.45,18.8414,30
170,17c5451c41ce50a5b92f91d5,M28,0,14.49,17.23028,30
170,17c5451c41ce50a5b92f91d5,M29,0,16.35,18.93848,30
170,17c5451c41ce50a5b92f91d5,M30,0,10.05,12.35776,21
171,198e5fddcc2aa9ebc444b3a6,M01,4,7.62,6.85948,10
171,198e5fddcc2aa9ebc444b3a6,M02,4,10.14,9.51804,15
171,198e5fddcc2aa9ebc444b3a6,M03,4,10.85,9.807692,21
171,198e5fddcc2aa9ebc444b3a6,M04,4,9.76,9.26339333333,21
171,198e5fddcc2aa9ebc444b3a6,M05,4,9.73,9.284616,21
171,198e5fddcc2aa9ebc444b3a6,M06,4,13.45,11.9689626667,21
171,198e5fddcc2aa9ebc444b3a6,M07,4,14.88,13.4584066667,30
171,198e5fddcc2aa9ebc444b3a6,M08,4,19.27,18.22601,30
171,198e5fddcc2aa9ebc444b3a6,M09,4,17.76,17.06675,30
171,198e5fddcc2aa9ebc444b3a6,M10,4,20.94,19.487056,30
171,198e5fddcc2aa9ebc444b3a6,M11,4,19.72,18.7846866667,30
171,198e5fddcc2aa9ebc444b3a6,M12,4,27.46,25.5128,45
171,198e5fddcc2aa9ebc444b3a6,M13,4,27.7,25.49669,60
171,198e5fddcc2aa9ebc444b3a6,M14,4,23.85,22.1698,60
171,198e5fddcc2aa9ebc444b3a6,M15,4,28.02,25.70042,60
171,198e5fddcc2aa9ebc444b3a6,M16,4,56.08,46.5929766667,100
171,198e5fddcc2aa9ebc444b3a6,M17,4,7.45,6.69318,14
171,198e5fddcc2aa9ebc444b3a6,M18,4,10.34,9.6016,21
171,198e5fddcc2aa9ebc444b3a6,M19,4,8.55,7.94793733333,21
171,198e5fddcc2aa9ebc444b3a6,M20,4,10.81,10.0993333333,20
171,198e5fddcc2aa9ebc444b3a6,M21,4,7.92,7.66664,21
171,198e5fddcc2aa9ebc444b3a6,M22,4,19.36,18.446996,45
171,198e5fddcc2aa9ebc444b3a6,M23,4,16.3,15.622444,45
171,198e5fddcc2aa9ebc444b3a6,M24,4,19.93,19.19661,45
171,198e5fddcc2aa9ebc444b3a6,M25,4,14.68,13.2753466667,20
171,198e5fddcc2aa9ebc444b3a6,M26,4,13.29,12.19932,20
171,198e5fddcc2aa9ebc444b3a6,M27,4,17.44,15.89324,30
171,198e5fddcc2aa9ebc444b3a6,M28,4,15.28,14.00208,30
171,198e5fddcc2aa9ebc444b3a6,M29,4,17.43,15.80238,30
171,198e5fddcc2aa9ebc444b3a6,M30,4,10.89,10.0198,21
172,7f5e8df8b8eb711b7b25801c,M01,2,7.72,7.61332,10
172,7f5e8df8b8eb711b7b25801c,M02,2,10.34,10.11232,15
172,7f5e8df8b8eb711b7b25801c,M03,2,11.45,10.68848,21
172,7f5e8df8b8eb711b7b25801c,M04,2,10.61,9.85728,21
172,7f5e8df8b8eb711b7b25801c,M05,2,10.7,9.93744,21
172,7f5e8df8b8eb711b7b25801c,M06,2,14.09,13.62564,21
172,7f5e8df8b8eb711b7b25801c,M07,2,15.93,15.2452,30
172,7f5e8df8b8eb711b7b25801c,M08,2,20.29,19.21472,30
172,7f5e8df8b8eb711b7b25801c,M09,2,19.12,18.07364,30
172,7f5e8df8b8eb711b7b25801c,M10,2,21.81,20.51788,30
172,7f5e8df8b8eb711b7b25801c,M11,2,20.99,20.00616,30
172,7f5e8df8b8eb711b7b25801c,M12,2,29.44,27.51912,45
172,7f5e8df8b8eb711b7b25801c,M13,2,30.18,27.7414,60
172,7f5e8df8b8eb711b7b25801c,M14,2,26.93,24.7544,60
172,7f5e8df8b8eb711b7b25801c,M15,2,30.4,28.01916,60
172,7f5e8df8b8eb711b7b25801c,M16,2,59.01,57.68878,100
172,7f5e8df8b8eb711b7b25801c,M17,2,7.98,7.71232,14
172,7f5e8df8b8eb711b7b25801c,M18,2,11.08,10.32872,21
172,7f5e8df8b8eb711b7b25801c,M19,2,9.92,9.39796,21
172,7f5e8df8b8eb711b7b25801c,M20,2,12.09,11.77148,20
172,7f5e8df8b8eb711b7b25801c,M21,2,9.29,8.91864,21
172,7f5e8df8b8eb711b7b25801c,M22,2,23.37,21.7896,45
172,7f5e8df8b8eb711b7b25801c,M23,2,20.1,18.36996,45
172,7f5e8df8b8eb711b7b25801c,M24,2,23.9,22.7942,45
172,7f5e8df8b8eb711b7b25801c,M25,2,14.93,14.5676,20
172,7f5e8df8b8eb711b7b25801c,M26,2,13.7,13.49436,20
172,7f5e8df8b8eb711b7b25801c,M27,2,18.24,17.67404,30
172,7f5e8df8b8eb711b7b25801c,M28,2,16.41,16.02684,30
172,7f5e8df8b8eb711b7b25801c,M29,2,18.17,17.66652,30
172,7f5e8df8b8eb711b7b25801c,M30,2,11.51,10.73484,21
173,ad9f97620dab23d56e68f899,M01,2,6.29,4.55856,10
173,ad9f97620dab23d56e68f899,M02,2,8.33,5.63104,15
173,ad9f97620dab23d56e68f899,M03,2,7.69,5.03864,21
173,ad9f97620dab23d56e68f899,M04,2,6.95,4.79712,21
173,ad9f97620dab23d56e68f899,M05,2,6.89,4.65268,21
173,ad9f97620dab23d56e68f899,M06,2,9.78,7.09184,21
173,ad9f97620dab23d56e68f899,M07,2,10.19,6.97268,30
173,ad9f97620dab23d56e68f899,M08,2,14.2,9.08956,30
173,ad9f97620dab23d56e68f899,M09,2,12.95,7.958,30
173,ad9f97620dab23d56e68f899,M10,2,15.89,10.04896,30
173,ad9f97620dab23d56e68f899,M11,2,14.93,9.15784,30
173,ad9f97620dab23d56e68f899,M12,2,19.16,10.82208,45
173,ad9f97620dab23d56e68f899,M13,2,18.21,10.97096,60
173,ad9f97620dab23d56e68f899,M14,2,15,9.11252,60
173,ad9f97620dab23d56e68f899,M15,2,18.24,10.94116,60
173,ad9f97620dab23d56e68f899,M16,2,41.68,18.53232,100
173,ad9f97620dab23d56e68f899,M17,2,5.55,3.13232,14
173,ad9f97620dab23d56e68f899,M18,2,7.56,5.12916,21
173,ad9f97620dab23d56e68f899,M19,2,5.92,4.58184,21
173,ad9f97620dab23d56e68f899,M20,2,8.02,6.0484,20
173,ad9f97620dab23d56e68f899,M21,2,5.71,4.60336,21
173,ad9f97620dab23d56e68f899,M22,2,12.39,8.63512,45
173,ad9f97620dab23d56e68f899,M23,2,10.52,7.24248,45
173,ad9f97620dab23d56e68f899,M24,2,12.41,8.54584,45
173,ad9f97620dab23d56e68f899,M25,2,12.43,8.58276,20
173,ad9f97620dab23d56e68f899,M26,2,10.94,7.20848,20
173,ad9f97620dab23d56e68f899,M27,2,13.02,8.70984,30
173,ad9f97620dab23d56e68f899,M28,2,10.91,7.23028,30
173,ad9f97620dab23d56e68f899,M29,2,12.82,8.56924,30
173,ad9f97620dab23d56e68f899,M30,2,7.7,5.05888,21
174,a0df11ab37c188b3740160a6,M01,4,7.08,7.96072,10
174,a0df11ab37c188b3740160a6,M02,4,9.49,10.61036,15
174,a0df11ab37c188b3740160a6,M03,4,9.73,12.04028,21
174,a0df11ab37c188b3740160a6,M04,4,9.02,11.31924,21
174,a0df11ab37c188b3740160a6,M05,4,9.03,11.42404,21
174,a0df11ab37c188b3740160a6,M06,4,12.21,14.52496,21
174,a0df11ab37c188b3740160a6,M07,4,13.3,16.64516,30
174,a0df11ab37c188b3740160a6,M08,4,17.67,20.92364,30
174,a0df11ab37c188b3740160a6,M09,4,16.64,19.68644,30
174,a0df11ab37c188b3740160a6,M10,4,19.29,22.31508,30
174,a0df11ab37c188b3740160a6,M11,4,18.58,21.69284,30
174,a0df11ab37c188b3740160a6,M12,4,24.98,31.13672,45
174,a0df11ab37c188b3740160a6,M13,4,24.82,31.85976,60
174,a0df11ab37c188b3740160a6,M14,4,21.36,28.39176,60
174,a0df11ab37c188b3740160a6,M15,4,25.09,32.129,60
174,a0df11ab37c188b3740160a6,M16,4,52.83,58.8666,100
174,a0df11ab37c188b3740160a6,M17,4,7.03,8.22052,14
174,a0df11ab37c188b3740160a6,M18,4,9.6,11.62972,21
174,a0df11ab37c188b3740160a6,M19,4,7.85,10.12968,21
174,a0df11ab37c188b3740160a6,M20,4,10.24,12.6416,20
174,a0df11ab37c188b3740160a6,M21,4,7.59,9.68376,21
174,a0df11ab37c188b3740160a6,M22,4,17.81,24.38604,45
174,a0df11ab37c188b3740160a6,M23,4,15.12,21.09144,45
174,a0df11ab37c188b3740160a6,M24,4,18.26,24.91748,45
174,a0df11ab37c188b3740160a6,M25,4,13.86,15.05012,20
174,a0df11ab37c188b3740160a6,M26,4,12.58,13.90276,20
174,a0df11ab37c188b3740160a6,M27,4,15.98,18.70688,30
174,a0df11ab37c188b3740160a6,M28,4,14.02,17.03436,30
174,a0df11ab37c188b3740160a6,M29,4,15.95,18.8118,30
174,a0df11ab37c188b3740160a6,M30,4,9.75,12.05918,21
175,c910d74e6c15a5b3205df411,M01,0,7.2,7.84364,10
175,c910d74e6c15a5b3205df411,M02,0,9.61,10.39608,15
175,c910d74e6c15a5b3205df411,M03,0,9.97,11.51416,21
175,c910d74e6c15a5b3205df411,M04,0,9.22,10.75272,21
175,c910d74e6c15a5b3205df411,M05,0,9.26,10.83684,21
175,c910d74e6c15a5b3205df411,M06,0,12.55,14.42496,21
175,c910d74e6c15a5b3205df411,M07,0,13.65,15.92868,30
175,c910d74e6c15a5b3205df411,M08,0,18.03,20.2704,30
175,c910d74e6c15a5b3205df411,M09,0,16.95,18.91888,30
175,c910d74e6c15a5b3205df411,M10,0,19.68,21.68964,30
175,c910d74e6c15a5b3205df411,M11,0,18.91,21.134,30
175,c910d74e6c15a5b3205df411,M12,0,25.56,29.38216,45
175,c910d74e6c15a5b3205df411,M13,0,25.7,29.96332,60
175,c910d74e6c15a5b3205df411,M14,0,22.23,26.45908,60
175,c910d74e6c15a5b3205df411,M15,0,25.84,30.32252,60
175,c910d74e6c15a5b3205df411,M16,0,53.82,58.50272,100
175,c910d74e6c15a5b3205df411,M17,0,7.18,8.00912,14
175,c910d74e6c15a5b3205df411,M18,0,9.79,11.09356,21
175,c910d74e6c15a5b3205df411,M19,0,8.09,9.99208,21
175,c910d74e6c15a5b3205df411,M20,0,10.42,11.65804,20
175,c910d74e6c15a5b3205df411,M21,0,7.72,9.36968,21
175,c910d74e6c15a5b3205df411,M22,0,18.38,23.0834,45
175,c910d74e6c15a5b3205df411,M23,0,15.57,20.6882,45
175,c910d74e6c15a5b3205df411,M24,0,18.75,23.5324,45
175,c910d74e6c15a5b3205df411,M25,0,14.07,14.9586,20
175,c910d74e6c15a5b3205df411,M26,0,12.79,13.81064,20
175,c910d74e6c15a5b3205df411,M27,0,16.39,18.3212,30
175,c910d74e6c15a5b3205df411,M28,0,14.43,16.41792,30
175,c910d74e6c15a5b3205df411,M29,0,16.29,18.30008,30
175,c910d74e6c15a5b3205df411,M30,0,10.01,11.558,21
176,e1b34eb9479ceb03b50a90a5,M01,0,6.35,6.57052,10
176,e1b34eb9479ceb03b50a90a5,M02,0,8.72,8.92472,15
176,e1b34eb9479ceb03b50a90a5,M03,0,8.65,8.72764,21
176,e1b34eb9479ceb03b50a90a5,M04,0,7.93,8.26732,21
176,e1b34eb9479ceb03b50a90a5,M05,0,7.64,8.0406,21
176,e1b34eb9479ceb03b50a90a5,M06,0,10.36,10.98776,21
176,e1b34eb9479ceb03b50a90a5,M07,0,11.73,12.24596,30
176,e1b34eb9479ceb03b50a90a5,M08,0,15.88,16.58104,30
176,e1b34eb9479ceb03b50a90a5,M09,0,14.76,15.58764,30
176,e1b34eb9479ceb03b50a90a5,M10,0,17.32,17.90328,30
176,e1b34eb9479ceb03b50a90a5,M11,0,16.34,17.08904,30
176,e1b34eb9479ceb03b50a90a5,M12,0,21.63,22.22384,45
176,e1b34eb9479ceb03b50a90a5,M13,0,19.7,20.95252,60
176,e1b34eb9479ceb03b50a90a5,M14,0,16.44,17.7156,60
176,e1b34eb9479ceb03b50a90a5,M15,0,21.32,21.93928,60
176,e1b34eb9479ceb03b50a90a5,M16,0,44.53,45.74044,100
176,e1b34eb9479ceb03b50a90a5,M17,0,6.17,6.52024,14
176,e1b34eb9479ceb03b50a90a5,M18,0,8.52,8.76864,21
176,e1b34eb9479ceb03b50a90a5,M19,0,5.93,6.89454,21
176,e1b34eb9479ceb03b50a90a5,M20,0,8.11,9.59374666667,20
176,e1b34eb9479ceb03b50a90a5,M21,0,5.83,6.86928,21
176,e1b34eb9479ceb03b50a90a5,M22,0,12.51,16.17612,45
176,e1b34eb9479ceb03b50a90a5,M23,0,10.59,13.25676,45
176,e1b34eb9479ceb03b50a90a5,M24,0,13.63,17.5766,45
176,e1b34eb9479ceb03b50a90a5,M25,0,12.51,12.79388,20
176,e1b34eb9479ceb03b50a90a5,M26,0,11.24,11.73704,20
176,e1b34eb9479ceb03b50a90a5,M27,0,13.43,14.1614,30
176,e1b34eb9479ceb03b50a90a5,M28,0,11.51,12.30628,30
176,e1b34eb9479ceb03b50a90a5,M29,0,14.06,14.42644,30
176,e1b34eb9479ceb03b50a90a5,M30,0,7.91,8.5416,21
177,3314004f55d768b9102a7c53,M01,0,5.82,5.91472,10
177,3314004f55d768b9102a7c53,M02,0,7.78,7.81288,15
177,3314004f55d768b9102a7c53,M03,0,6.89,7.00204,21
177,3314004f55d768b9102a7c53,M04,0,6.28,6.45024,21
177,3314004f55d768b9102a7c53,M05,0,6.16,6.28392,21
177,3314004f55d768b9102a7c53,M06,0,8.77,8.96088,21
177,3314004f55d768b9102a7c53,M07,0,9.09,9.23704,30
177,3314004f55d768b9102a7c53,M08,0,12.96,13.35684,30
177,3314004f55d768b9102a7c53,M09,0,11.77,12.18096,30
177,3314004f55d768b9102a7c53,M10,0,14.52,14.47664,30
177,3314004f55d768b9102a7c53,M11,0,13.53,13.66424,30
177,3314004f55d768b9102a7c53,M12,0,17.32,17.2592,45
177,3314004f55d768b9102a7c53,M13,0,16.15,16.24644,60
177,3314004f55d768b9102a7c53,M14,0,13.49,13.91664,60
177,3314004f55d768b9102a7c53,M15,0,15.87,16.33596,60
177,3314004f55d768b9102a7c53,M16,0,37.12,37.54008,100
177,3314004f55d768b9102a7c53,M17,0,5.01,5.22416,14
177,3314004f55d768b9102a7c53,M18,0,6.87,6.94248,21
177,3314004f55d768b9102a7c53,M19,0,5.88,5.8776,21
177,3314004f55d768b9102a7c53,M20,0,8.12,8.05104,20
177,3314004f55d768b9102a7c53,M21,0,5.77,5.7372,21
177,3314004f55d768b9102a7c53,M22,0,12.58,12.43176,45
177,3314004f55d768b9102a7c53,M23,0,10.7,10.56352,45
177,3314004f55d768b9102a7c53,M24,0,12.59,12.43892,45
177,3314004f55d768b9102a7c53,M25,0,11.68,11.47964,20
177,3314004f55d768b9102a7c53,M26,0,10.28,10.21092,20
177,3314004f55d768b9102a7c53,M27,0,11.8,12.0494,30
177,3314004f55d768b9102a7c53,M28,0,9.89,10.23708,30
177,3314004f55d768b9102a7c53,M29,0,11.41,11.87116,30
177,3314004f55d768b9102a7c53,M30,0,6.91,7.0246,21
178,0b4808d603cff090ae6e7e2c,M01,0,6.48,6.50588,10
178,0b4808d603cff090ae6e7e2c,M02,0,9.16,8.92812,15
178,0b4808d603cff090ae6e7e2c,M03,0,8.91,8.73508,21
178,0b4808d603cff090ae6e7e2c,M04,0,8.34,8.29452,21
178,0b4808d603cff090ae6e7e2c,M05,0,7.95,8.11296,21
178,0b4808d603cff090ae6e7e2c,M06,0,10.86,10.81608,21
178,0b4808d603cff090ae6e7e2c,M07,0,12.47,12.03968,30
178,0b4808d603cff090ae6e7e2c,M08,0,16.68,16.4842,30
178,0b4808d603cff090ae6e7e2c,M09,0,15.37,15.41648,30
178,0b4808d603cff090ae6e7e2c,M10,0,18.25,17.67596,30
178,0b4808d603cff090ae6e7e2c,M11,0,17.12,16.93408,30
178,0b4808d603cff090ae6e7e2c,M12,0,23.12,22.25624,45
178,0b4808d603cff090ae6e7e2c,M13,0,21.28,20.79032,60
178,0b4808d603cff090ae6e7e2c,M14,0,18.07,17.82676,60
178,0b4808d603cff090ae6e7e2c,M15,0,22.7,21.88876,60
178,0b4808d603cff090ae6e7e2c,M16,0,47.76,45.91872,100
178,0b4808d603cff090ae6e7e2c,M17,0,6.53,6.46688,14
178,0b4808d603cff090ae6e7e2c,M18,0,8.95,8.81388,21
178,0b4808d603cff090ae6e7e2c,M19,0,6.1,6.55388,21
178,0b4808d603cff090ae6e7e2c,M20,0,9.13,9.41226666667,20
178,0b4808d603cff090ae6e7e2c,M21,0,6.4,6.6112,21
178,0b4808d603cff090ae6e7e2c,M22,0,14.37,15.45292,45
178,0b4808d603cff090ae6e7e2c,M23,0,11.87,12.71896,45
178,0b4808d603cff090ae6e7e2c,M24,0,16.04,16.61688,45
178,0b4808d603cff090ae6e7e2c,M25,0,12.86,12.6318,20
178,0b4808d603cff090ae6e7e2c,M26,0,11.62,11.58864,20
178,0b4808d603cff090ae6e7e2c,M27,0,14.09,13.96532,30
178,0b4808d603cff090ae6e7e2c,M28,0,12.24,12.10908,30
178,0b4808d603cff090ae6e7e2c,M29,0,14.61,14.26268,30
178,0b4808d603cff090ae6e7e2c,M30,0,8.33,8.5122,21
179,c51c3841863676f35f94e5d9,M01,1,5.67,5.82944,10
179,c51c3841863676f35f94e5d9,M02,1,7.78,7.59616,15
179,c51c3841863676f35f94e5d9,M03,1,6.59,6.8072,21
179,c51c3841863676f35f94e5d9,M04,1,6.02,6.35148,21
179,c51c3841863676f35f94e5d9,M05,1,5.9,6.19776,21
179,c51c3841863676f35f94e5d9,M06,1,8.39,8.77704,21
179,c51c3841863676f35f94e5d9,M07,1,8.65,9.04484,30
179,c51c3841863676f35f94e5d9,M08,1,12.35,12.35692,30
179,c51c3841863676f35f94e5d9,M09,1,11.14,11.20412,30
179,c51c3841863676f35f94e5d9,M10,1,13.88,13.50948,30
179,c51c3841863676f35f94e5d9,M11,1,12.85,12.69324,30
179,c51c3841863676f35f94e5d9,M12,1,16.3,16.59296,45
179,c51c3841863676f35f94e5d9,M13,1,15.2,15.81748,60
179,c51c3841863676f35f94e5d9,M14,1,12.67,13.73256,60
179,c51c3841863676f35f94e5d9,M15,1,14.92,15.78624,60
179,c51c3841863676f35f94e5d9,M16,1,34.4,37.34244,100
179,c51c3841863676f35f94e5d9,M17,1,4.75,5.05212,14
179,c51c3841863676f35f94e5d9,M18,1,6.57,6.7572,21
179,c51c3841863676f35f94e5d9,M19,1,5.66,5.79188,21
179,c51c3841863676f35f94e5d9,M20,1,7.78,7.87168,20
179,c51c3841863676f35f94e5d9,M21,1,5.55,5.66676,21
179,c51c3841863676f35f94e5d9,M22,1,11.89,11.382,45
179,c51c3841863676f35f94e5d9,M23,1,10.07,9.84148,45
179,c51c3841863676f35f94e5d9,M24,1,11.87,11.30716,45
179,c51c3841863676f35f94e5d9,M25,1,11.37,11.16968,20
179,c51c3841863676f35f94e5d9,M26,1,9.93,9.9244,20
179,c51c3841863676f35f94e5d9,M27,1,11.27,11.30712,30
179,c51c3841863676f35f94e5d9,M28,1,9.41,9.66372,30
179,c51c3841863676f35f94e5d9,M29,1,10.86,11.1558,30
179,c51c3841863676f35f94e5d9,M30,1,6.61,6.8552,21
180,ecfd08db10e5477f190376da,M01,0,7.49,7.60308,10
180,ecfd08db10e5477f190376da,M02,0,10,10.1654,15
180,ecfd08db10e5477f190376da,M03,0,10.66,10.8448,21
180,ecfd08db10e5477f190376da,M04,0,9.86,10.2368,21
180,ecfd08db10e5477f190376da,M05,0,9.87,10.25504,21
180,ecfd08db10e5477f190376da,M06,0,13.19,13.8046,21
180,ecfd08db10e5477f190376da,M07,0,14.67,15.39096,30
180,ecfd08db10e5477f190376da,M08,0,19.05,19.7132,30
180,ecfd08db10e5477f190376da,M09,0,17.92,18.56264,30
180,ecfd08db10e5477f190376da,M10,0,20.68,20.94748,30
180,ecfd08db10e5477f190376da,M11,0,19.86,20.4038,30
180,ecfd08db10e5477f190376da,M12,0,27.21,28.30452,45
180,ecfd08db10e5477f190376da,M13,0,27.29,28.69716,60
180,ecfd08db10e5477f190376da,M14,0,23.63,25.90444,60
180,ecfd08db10e5477f190376da,M15,0,27.79,29.04948,60
180,ecfd08db10e5477f190376da,M16,0,55.7,57.30076,100
180,ecfd08db10e5477f190376da,M17,0,7.53,7.73488,14
180,ecfd08db10e5477f190376da,M18,0,10.4,10.52796,21
180,ecfd08db10e5477f190376da,M19,0,8.29,9.93648,21
180,ecfd08db10e5477f190376da,M20,0,10.49,12.0116,20
180,ecfd08db10e5477f190376da,M21,0,7.83,9.35748,21
180,ecfd08db10e5477f190376da,M22,0,18.43,22.62776,45
180,ecfd08db10e5477f190376da,M23,0,15.52,19.77148,45
180,ecfd08db10e5477f190376da,M24,0,18.95,23.6166,45
180,ecfd08db10e5477f190376da,M25,0,14.48,14.5714,20
180,ecfd08db10e5477f190376da,M26,0,13.15,13.41832,20
180,ecfd08db10e5477f190376da,M27,0,17.15,17.42128,30
180,ecfd08db10e5477f190376da,M28,0,15.13,15.98196,30
180,ecfd08db10e5477f190376da,M29,0,17.21,17.41964,30
180,ecfd08db10e5477f190376da,M30,0,10.68,10.8908,21
181,ae549a3bb89eeba0509b46d1,M01,0,4.96,5.20656,10
181,ae549a3bb89eeba0509b46d1,M02,0,6.36,6.90488,15
181,ae549a3bb89eeba0509b46d1,M03,0,5.31,5.95244,21
181,ae549a3bb89eeba0509b46d1,M04,0,5.1,5.62672,21
181,ae549a3bb89eeba0509b46d1,M05,0,4.95,5.49576,21
181,ae549a3bb89eeba0509b46d1,M06,0,6.78,7.83888,21
181,ae549a3bb89eeba0509b46d1,M07,0,6.91,8.04032,30
181,ae549a3bb89eeba0509b46d1,M08,0,9.32,10.97024,30
181,ae549a3bb89eeba0509b46d1,M09,0,8.26,9.89268,30
181,ae549a3bb89eeba0509b46d1,M10,0,10.79,12.22344,30
181,ae549a3bb89eeba0509b46d1,M11,0,9.81,11.45184,30
181,ae549a3bb89eeba0509b46d1,M12,0,11.64,14.2284,45
181,ae549a3bb89eeba0509b46d1,M13,0,10.81,13.65668,60
181,ae549a3bb89eeba0509b46d1,M14,0,8.06,11.5126,60
181,ae549a3bb89eeba0509b46d1,M15,0,10.73,13.76772,60
181,ae549a3bb89eeba0509b46d1,M16,0,19.14,28.09312,100
181,ae549a3bb89eeba0509b46d1,M17,0,3.41,4.20896,14
181,ae549a3bb89eeba0509b46d1,M18,0,5.44,6.00372,21
181,ae549a3bb89eeba0509b46d1,M19,0,4.63,5.13624,21
181,ae549a3bb89eeba0509b46d1,M20,0,5.78,7.06892,20
181,ae549a3bb89eeba0509b46d1,M21,0,4.6,5.09656,21
181,ae549a3bb89eeba0509b46d1,M22,0,8.53,10.19464,45
181,ae549a3bb89eeba0509b46d1,M23,0,7.04,8.96848,45
181,ae549a3bb89eeba0509b46d1,M24,0,8.45,10.02536,45
181,ae549a3bb89eeba0509b46d1,M25,0,9.65,10.79728,20
181,ae549a3bb89eeba0509b46d1,M26,0,8.21,9.4838,20
181,ae549a3bb89eeba0509b46d1,M27,0,9.16,10.72732,30
181,ae549a3bb89eeba0509b46d1,M28,0,7.84,9.23048,30
181,ae549a3bb89eeba0509b46d1,M29,0,8.92,10.56128,30
181,ae549a3bb89eeba0509b46d1,M30,0,5.71,6.11544,21
182,cde92d2cbf5ae04506b2772e,M01,0,7.68,7.19072,10
182,cde92d2cbf5ae04506b2772e,M02,0,10.23,9.777464,15
182,cde92d2cbf5ae04506b2772e,M03,0,11.17,10.15747,21
182,cde92d2cbf5ae04506b2772e,M04,0,10.27,9.47897,21
182,cde92d2cbf5ae04506b2772e,M05,0,10.4,9.444,21
182,cde92d2cbf5ae04506b2772e,M06,0,13.91,13.046232,21
182,cde92d2cbf5ae04506b2772e,M07,0,15.48,14.0834513333,30
182,cde92d2cbf5ae04506b2772e,M08,0,19.85,18.4696046667,30
182,cde92d2cbf5ae04506b2772e,M09,0,18.56,17.44656,30
182,cde92d2cbf5ae04506b2772e,M10,0,21.45,19.799456,30
182,cde92d2cbf5ae04506b2772e,M11,0,20.59,19.06872,30
182,cde92d2cbf5ae04506b2772e,M12,0,28.64,26.1193333333,45
182,cde92d2cbf5ae04506b2772e,M13,0,29.56,26.09873,60
182,cde92d2cbf5ae04506b2772e,M14,0,26.17,23.08112,60
182,cde92d2cbf5ae04506b2772e,M15,0,29.5,26.2768,60
182,cde92d2cbf5ae04506b2772e,M16,0,58.29,54.9856466667,100
182,cde92d2cbf5ae04506b2772e,M17,0,7.79,7.17554,14
182,cde92d2cbf5ae04506b2772e,M18,0,10.78,9.94796333333,21
182,cde92d2cbf5ae04506b2772e,M19,0,10.09,7.87135333333,21
182,cde92d2cbf5ae04506b2772e,M20,0,12.29,10.5649447619,20
182,cde92d2cbf5ae04506b2772e,M21,0,9.46,7.65526,21
182,cde92d2cbf5ae04506b2772e,M22,0,24.04,18.6095169524,45
182,cde92d2cbf5ae04506b2772e,M23,0,20.7,15.9366413333,45
182,cde92d2cbf5ae04506b2772e,M24,0,24.45,19.2011233333,45
182,cde92d2cbf5ae04506b2772e,M25,0,14.83,14.0201,20
182,cde92d2cbf5ae04506b2772e,M26,0,13.6,12.95636,20
182,cde92d2cbf5ae04506b2772e,M27,0,18.03,16.47088,30
182,cde92d2cbf5ae04506b2772e,M28,0,16.14,14.63096,30
182,cde92d2cbf5ae04506b2772e,M29,0,17.87,16.40894,30
182,cde92d2cbf5ae04506b2772e,M30,0,11.22,10.11158,21
183,fc0ff7763485986307ce7100,M01,1,8.23,7.49288,10
183,fc0ff7763485986307ce7100,M02,1,10.89,10.08576,15
183,fc0ff7763485986307ce7100,M03,1,12.35,10.63644,21
183,fc0ff7763485986307ce7100,M04,1,11.38,9.9322,21
183,fc0ff7763485986307ce7100,M05,1,11.57,9.98916,21
183,fc0ff7763485986307ce7100,M06,1,15.3,13.3408,21
183,fc0ff7763485986307ce7100,M07,1,17.25,14.77252,30
183,fc0ff7763485986307ce7100,M08,1,21.54,19.22572,30
183,fc0ff7763485986307ce7100,M09,1,20.21,18.10244,30
183,fc0ff7763485986307ce7100,M10,1,23.23,20.46364,30
183,fc0ff7763485986307ce7100,M11,1,22.28,19.8286,30
183,fc0ff7763485986307ce7100,M12,1,31.47,27.28764,45
183,fc0ff7763485986307ce7100,M13,1,32.84,27.46496,60
183,fc0ff7763485986307ce7100,M14,1,29.53,24.53888,60
183,fc0ff7763485986307ce7100,M15,1,33.17,27.9094,60
183,fc0ff7763485986307ce7100,M16,1,61.88,53.74568,100
183,fc0ff7763485986307ce7100,M17,1,8.4,7.52812,14
183,fc0ff7763485986307ce7100,M18,1,11.81,10.31736,21
183,fc0ff7763485986307ce7100,M19,1,11.27,8.6744,21
183,fc0ff7763485986307ce7100,M20,1,13.21,10.80788,20
183,fc0ff7763485986307ce7100,M21,1,10.29,8.22516,21
183,fc0ff7763485986307ce7100,M22,1,26.64,19.67048,45
183,fc0ff7763485986307ce7100,M23,1,23.41,17.23732,45
183,fc0ff7763485986307ce7100,M24,1,27.14,19.98068,45
183,fc0ff7763485986307ce7100,M25,1,15.64,14.43272,20
183,fc0ff7763485986307ce7100,M26,1,14.32,13.29104,20
183,fc0ff7763485986307ce7100,M27,1,19.7,17.39344,30
183,fc0ff7763485986307ce7100,M28,1,17.62,15.63752,30
183,fc0ff7763485986307ce7100,M29,1,19.65,17.37632,30
183,fc0ff7763485986307ce7100,M30,1,12.41,10.73372,21
184,378e1b4037b2208a390730ed,M01,0,1.27,4.97868,10
184,378e1b4037b2208a390730ed,M02,0,0.93,6.30368,15
184,378e1b4037b2208a390730ed,M03,0,1.39,5.4832,21
184,378e1b4037b2208a390730ed,M04,0,1.39,5.21276,21
184,378e1b4037b2208a390730ed,M05,0,1.28,5.09352,21
184,378e1b4037b2208a390730ed,M06,0,1.44,7.15276,21
184,378e1b4037b2208a390730ed,M07,0,1.39,7.12976,30
184,378e1b4037b2208a390730ed,M08,0,0.93,9.0406,30
184,378e1b4037b2208a390730ed,M09,0,0.93,7.72424,30
184,378e1b4037b2208a390730ed,M10,0,1.37,10.36664,30
184,378e1b4037b2208a390730ed,M11,0,1.31,9.5076,30
184,378e1b4037b2208a390730ed,M12,0,0.93,10.50016,45
184,378e1b4037b2208a390730ed,M13,0,1.27,10.74308,60
184,378e1b4037b2208a390730ed,M14,0,0.75,8.37052,60
184,378e1b4037b2208a390730ed,M15,0,1.6,10.6512,60
184,378e1b4037b2208a390730ed,M16,0,1.25,19.72772,100
184,378e1b4037b2208a390730ed,M17,0,0.9,3.4102,14
184,378e1b4037b2208a390730ed,M18,0,1.5,5.53388,21
184,378e1b4037b2208a390730ed,M19,0,1.39,4.81928,21
184,378e1b4037b2208a390730ed,M20,0,0.67,6.23668,20
184,378e1b4037b2208a390730ed,M21,0,1.48,4.81416,21
184,378e1b4037b2208a390730ed,M22,0,1.21,8.65152,45
184,378e1b4037b2208a390730ed,M23,0,0.75,7.19244,45
184,378e1b4037b2208a390730ed,M24,0,1.56,8.51432,45
184,378e1b4037b2208a390730ed,M25,0,6.71,9.71612,20
184,378e1b4037b2208a390730ed,M26,0,4.94,8.31604,20
184,378e1b4037b2208a390730ed,M27,0,7.12,9.35212,30
184,378e1b4037b2208a390730ed,M28,0,5.48,7.86096,30
184,378e1b4037b2208a390730ed,M29,0,6.65,9.08928,30
184,378e1b4037b2208a390730ed,M30,0,4.19,5.62312,21
185,3d1756396565a85b0e5bfd75,M01,3,8.23,7.76048,10
185,3d1756396565a85b0e5bfd75,M02,3,10.9,10.40772,15
185,3d1756396565a85b0e5bfd75,M03,3,12.56,11.48788,21
185,3d1756396565a85b0e5bfd75,M04,3,11.62,10.7034,21
185,3d1756396565a85b0e5bfd75,M05,3,11.8,10.78128,21
185,3d1756396565a85b0e5bfd75,M06,3,15.3,14.2996,21
185,3d1756396565a85b0e5bfd75,M07,3,17.6,16.47724,30
185,3d1756396565a85b0e5bfd75,M08,3,21.86,20.72344,30
185,3d1756396565a85b0e5bfd75,M09,3,20.57,19.70152,30
185,3d1756396565a85b0e5bfd75,M10,3,23.37,22.09568,30
185,3d1756396565a85b0e5bfd75,M11,3,22.55,21.48876,30
185,3d1756396565a85b0e5bfd75,M12,3,32.04,29.98676,45
185,3d1756396565a85b0e5bfd75,M13,3,33.42,30.71616,60
185,3d1756396565a85b0e5bfd75,M14,3,30.19,27.9742,60
185,3d1756396565a85b0e5bfd75,M15,3,33.76,30.99664,60
185,3d1756396565a85b0e5bfd75,M16,3,62.47,58.5422,100
185,3d1756396565a85b0e5bfd75,M17,3,8.54,7.95244,14
185,3d1756396565a85b0e5bfd75,M18,3,12.03,11.0736,21
185,3d1756396565a85b0e5bfd75,M19,3,10.94,9.94972,21
185,3d1756396565a85b0e5bfd75,M20,3,12.86,12.2789733333,20
185,3d1756396565a85b0e5bfd75,M21,3,10.01,9.50428,21
185,3d1756396565a85b0e5bfd75,M22,3,25.68,24.89036,45
185,3d1756396565a85b0e5bfd75,M23,3,22.13,21.3512,45
185,3d1756396565a85b0e5bfd75,M24,3,26.41,25.09784,45
185,3d1756396565a85b0e5bfd75,M25,3,15.68,14.91212,20
185,3d1756396565a85b0e5bfd75,M26,3,14.41,13.77316,20
185,3d1756396565a85b0e5bfd75,M27,3,19.72,18.51404,30
185,3d1756396565a85b0e5bfd75,M28,3,17.87,16.88956,30
185,3d1756396565a85b0e5bfd75,M29,3,19.66,18.47376,30
185,3d1756396565a85b0e5bfd75,M30,3,12.62,11.51404,21
186,231bee3016cdac10154eb865,M01,2,5.38,6.00664,10
186,231bee3016cdac10154eb865,M02,2,6.93,7.85736,15
186,231bee3016cdac10154eb865,M03,2,6.03,7.37031,21
186,231bee3016cdac10154eb865,M04,2,5.44,6.92108,21
186,231bee3016cdac10154eb865,M05,2,5.65,6.83888,21
186,231bee3016cdac10154eb865,M06,2,7.73,9.41578666667,21
186,231bee3016cdac10154eb865,M07,2,7.7,10.1081,30
186,231bee3016cdac10154eb865,M08,2,10.1,13.2854066667,30
186,231bee3016cdac10154eb865,M09,2,8.4,12.26012,30
186,231bee3016cdac10154eb865,M10,2,11.91,14.42136,30
186,231bee3016cdac10154eb865,M11,2,10.76,13.66532,30
186,231bee3016cdac10154eb865,M12,2,12.46,17.73008,45
186,231bee3016cdac10154eb865,M13,2,12.45,17.32704,60
186,231bee3016cdac10154eb865,M14,2,9.77,15.17172,60
186,231bee3016cdac10154eb865,M15,2,12.33,17.30356,60
186,231bee3016cdac10154eb865,M16,2,23.53,38.55768,100
186,231bee3016cdac10154eb865,M17,2,2.78,5.1822,14
186,231bee3016cdac10154eb865,M18,2,5.17,7.36896,21
186,231bee3016cdac10154eb865,M19,2,5.29,6.02341333333,21
186,231bee3016cdac10154eb865,M20,2,5.67,8.04634666667,20
186,231bee3016cdac10154eb865,M21,2,4.7,5.892,21
186,231bee3016cdac10154eb865,M22,2,8.28,12.22228,45
186,231bee3016cdac10154eb865,M23,2,6.83,10.64698,45
186,231bee3016cdac10154eb865,M24,2,8.13,12.34656,45
186,231bee3016cdac10154eb865,M25,2,11.62,11.39316,20
186,231bee3016cdac10154eb865,M26,2,10.16,10.28828,20
186,231bee3016cdac10154eb865,M27,2,11.66,12.24248,30
186,231bee3016cdac10154eb865,M28,2,9.71,10.63128,30
186,231bee3016cdac10154eb865,M29,2,11.36,12.17692,30
186,231bee3016cdac10154eb865,M30,2,6.88,7.51482666667,21
187,ceff63dc913a8d929452b72a,M01,0,7.47,8.07184,10
187,ceff63dc913a8d929452b72a,M02,0,10.05,10.79736,15
187,ceff63dc913a8d929452b72a,M03,0,10.87,12.332,21
187,ceff63dc913a8d929452b72a,M04,0,10.05,11.48252,21
187,ceff63dc913a8d929452b72a,M05,0,10.13,11.6114,21
187,ceff63dc913a8d929452b72a,M06,0,13.39,15.05452,21
187,ceff63dc913a8d929452b72a,M07,0,15.03,17.19736,30
187,ceff63dc913a8d929452b72a,M08,0,19.42,21.5632,30
187,ceff63dc913a8d929452b72a,M09,0,18.31,20.10224,30
187,ceff63dc913a8d929452b72a,M10,0,20.96,22.89144,30
187,ceff63dc913a8d929452b72a,M11,0,20.25,22.33496,30
187,ceff63dc913a8d929452b72a,M12,0,27.96,31.57832,45
187,ceff63dc913a8d929452b72a,M13,0,28.22,32.62576,60
187,ceff63dc913a8d929452b72a,M14,0,24.86,29.41784,60
187,ceff63dc913a8d929452b72a,M15,0,28.75,32.96264,60
187,ceff63dc913a8d929452b72a,M16,0,56.81,61.51188,100
187,ceff63dc913a8d929452b72a,M17,0,7.62,8.3624,14
187,ceff63dc913a8d929452b72a,M18,0,10.6,11.81952,21
187,ceff63dc913a8d929452b72a,M19,0,8.9,10.89884,21
187,ceff63dc913a8d929452b72a,M20,0,11.13,12.7598,20
187,ceff63dc913a8d929452b72a,M21,0,8.42,10.10604,21
187,ceff63dc913a8d929452b72a,M22,0,20.4,25.6238,45
187,ceff63dc913a8d929452b72a,M23,0,17.45,22.4604,45
187,ceff63dc913a8d929452b72a,M24,0,20.96,26.01365,45
187,ceff63dc913a8d929452b72a,M25,0,14.53,15.40504,20
187,ceff63dc913a8d929452b72a,M26,0,13.29,14.22048,20
187,ceff63dc913a8d929452b72a,M27,0,17.44,19.31012,30
187,ceff63dc913a8d929452b72a,M28,0,15.54,17.59732,30
187,ceff63dc913a8d929452b72a,M29,0,17.48,19.29908,30
187,ceff63dc913a8d929452b72a,M30,0,10.89,12.363,21
188,c815242a0e123343d6e3302a,M01,2,9.1,8.64512,10
188,c815242a0e123343d6e3302a,M02,2,13.17,11.91052,15
188,c815242a0e123343d6e3302a,M03,2,15.7,13.96104,21
188,c815242a0e123343d6e3302a,M04,2,14.66,13.183,21
188,c815242a0e123343d6e3302a,M05,2,14.94,13.382,21
188,c815242a0e123343d6e3302a,M06,2,18.9,17.1782,21
188,c815242a0e123343d6e3302a,M07,2,22.3,19.85972,30
188,c815242a0e123343d6e3302a,M08,2,26.22,23.74308,30
188,c815242a0e123343d6e3302a,M09,2,24.81,22.46952,30
188,c815242a0e123343d6e3302a,M10,2,27.92,24.98788,30
188,c815242a0e123343d6e3302a,M11,2,27.01,24.53644,30
188,c815242a0e123343d6e3302a,M12,2,39.21,36.19116,45
188,c815242a0e123343d6e3302a,M13,2,42.05,37.46968,60
188,c815242a0e123343d6e3302a,M14,2,39.43,35.52904,60
188,c815242a0e123343d6e3302a,M15,2,42.52,37.9854,60
188,c815242a0e123343d6e3302a,M16,2,71.79,66.72268,100
188,c815242a0e123343d6e3302a,M17,2,10.27,9.14692,14
188,c815242a0e123343d6e3302a,M18,2,14.84,13.33404,21
188,c815242a0e123343d6e3302a,M19,2,16.12,12.9486,21
188,c815242a0e123343d6e3302a,M20,2,17.03,14.81292,20
188,c815242a0e123343d6e3302a,M21,2,14.78,12.3048,21
188,c815242a0e123343d6e3302a,M22,2,38.48,29.9938,45
188,c815242a0e123343d6e3302a,M23,2,34.48,26.57848,45
188,c815242a0e123343d6e3302a,M24,2,39.98,29.99556,45
188,c815242a0e123343d6e3302a,M25,2,18.65,16.8084,20
188,c815242a0e123343d6e3302a,M26,2,16.78,15.8496,20
188,c815242a0e123343d6e3302a,M27,2,23.86,22.57132,30
188,c815242a0e123343d6e3302a,M28,2,21.94,21.2908,30
188,c815242a0e123343d6e3302a,M29,2,23.92,22.4602,30
188,c815242a0e123343d6e3302a,M30,2,15.8,14.02788,21
189,6da8b86316162ba99fec2db6,M01,2,5.5,4.73068,10
189,6da8b86316162ba99fec2db6,M02,2,7.16,5.93468,15
189,6da8b86316162ba99fec2db6,M03,2,6.24,5.23044,21
189,6da8b86316162ba99fec2db6,M04,2,5.72,4.99868,21
189,6da8b86316162ba99fec2db6,M05,2,5.67,4.86212,21
189,6da8b86316162ba99fec2db6,M06,2,7.96,7.28448,21
189,6da8b86316162ba99fec2db6,M07,2,8.03,7.30292,30
189,6da8b86316162ba99fec2db6,M08,2,10.79,9.5656,30
189,6da8b86316162ba99fec2db6,M09,2,9.46,8.48136,30
189,6da8b86316162ba99fec2db6,M10,2,12.56,10.61092,30
189,6da8b86316162ba99fec2db6,M11,2,11.44,9.89452,30
189,6da8b86316162ba99fec2db6,M12,2,13.47,11.64836,45
189,6da8b86316162ba99fec2db6,M13,2,13.51,11.67104,60
189,6da8b86316162ba99fec2db6,M14,2,10.65,9.60376,60
189,6da8b86316162ba99fec2db6,M15,2,13.31,11.52868,60
189,6da8b86316162ba99fec2db6,M16,2,27,20.3706,100
189,6da8b86316162ba99fec2db6,M17,2,4.32,3.34676,14
189,6da8b86316162ba99fec2db6,M18,2,6.22,5.32044,21
189,6da8b86316162ba99fec2db6,M19,2,5.23,4.72624,21
189,6da8b86316162ba99fec2db6,M20,2,6.75,6.4314,20
189,6da8b86316162ba99fec2db6,M21,2,5.15,4.74124,21
189,6da8b86316162ba99fec2db6,M22,2,10.17,9.06352,45
189,6da8b86316162ba99fec2db6,M23,2,8.39,7.6588,45
189,6da8b86316162ba99fec2db6,M24,2,10.06,8.9182,45
189,6da8b86316162ba99fec2db6,M25,2,10.84,8.97364,20
189,6da8b86316162ba99fec2db6,M26,2,9.1,7.63744,20
189,6da8b86316162ba99fec2db6,M27,2,10.48,9.2158,30
189,6da8b86316162ba99fec2db6,M28,2,8.62,7.66724,30
189,6da8b86316162ba99fec2db6,M29,2,10.21,8.9582,30
189,6da8b86316162ba99fec2db6,M30,2,6.23,5.40668,21
190,9f40631b794965aff4da7b4a,M01,4,8.38,7.74928,10
190,9f40631b794965aff4da7b4a,M02,4,11.03,10.55332,15
190,9f40631b794965aff4da7b4a,M03,4,12.78,11.49556,21
190,9f40631b794965aff4da7b4a,M04,4,11.69,10.75328,21
190,9f40631b794965aff4da7b4a,M05,4,11.93,10.832,21
190,9f40631b794965aff4da7b4a,M06,4,15.62,14.321072,21
190,9f40631b794965aff4da7b4a,M07,4,17.89,15.9415433333,30
190,9f40631b794965aff4da7b4a,M08,4,22.15,20.48628,30
190,9f40631b794965aff4da7b4a,M09,4,20.65,19.2048,30
190,9f40631b794965aff4da7b4a,M10,4,23.7,21.85776,30
190,9f40631b794965aff4da7b4a,M11,4,22.73,21.2007133333,30
190,9f40631b794965aff4da7b4a,M12,4,32.45,29.57212,45
190,9f40631b794965aff4da7b4a,M13,4,34.14,30.08038,60
190,9f40631b794965aff4da7b4a,M14,4,30.92,26.79384,60
190,9f40631b794965aff4da7b4a,M15,4,34.31,30.28176,60
190,9f40631b794965aff4da7b4a,M16,4,63.27,59.1568666667,100
190,9f40631b794965aff4da7b4a,M17,4,8.61,7.849,14
190,9f40631b794965aff4da7b4a,M18,4,12.09,11.13188,21
190,9f40631b794965aff4da7b4a,M19,4,11.24,9.7329,21
190,9f40631b794965aff4da7b4a,M20,4,13.16,11.55944,20
190,9f40631b794965aff4da7b4a,M21,4,10.22,9.28378,21
190,9f40631b794965aff4da7b4a,M22,4,26.76,23.49498,45
190,9f40631b794965aff4da7b4a,M23,4,23.13,20.41788,45
190,9f40631b794965aff4da7b4a,M24,4,27.32,23.8910266667,45
190,9f40631b794965aff4da7b4a,M25,4,15.88,14.95004,20
190,9f40631b794965aff4da7b4a,M26,4,14.59,13.78884,20
190,9f40631b794965aff4da7b4a,M27,4,20.06,18.31344,30
190,9f40631b794965aff4da7b4a,M28,4,18.23,16.53624,30
190,9f40631b794965aff4da7b4a,M29,4,19.96,18.31498,30
190,9f40631b794965aff4da7b4a,M30,4,12.83,11.4884,21
191,133b391bd1d233ca3265cf1b,M01,3,7.96,8.00936,10
191,133b391bd1d233ca3265cf1b,M02,3,10.62,10.5616,15
191,133b391bd1d233ca3265cf1b,M03,3,12.06,11.84232,21
191,133b391bd1d233ca3265cf1b,M04,3,11.17,11.01092,21
191,133b391bd1d233ca3265cf1b,M05,3,11.3,11.12556,21
191,133b391bd1d233ca3265cf1b,M06,3,14.73,14.6286,21
191,133b391bd1d233ca3265cf1b,M07,3,16.85,16.59284,30
191,133b391bd1d233ca3265cf1b,M08,3,21.15,20.80484,30
191,133b391bd1d233ca3265cf1b,M09,3,19.94,19.673,30
191,133b391bd1d233ca3265cf1b,M10,3,22.65,22.24956,30
191,133b391bd1d233ca3265cf1b,M11,3,21.84,21.61872,30
191,133b391bd1d233ca3265cf1b,M12,3,30.91,30.72704,45
191,133b391bd1d233ca3265cf1b,M13,3,31.99,31.3298,60
191,133b391bd1d233ca3265cf1b,M14,3,28.82,28.47908,60
191,133b391bd1d233ca3265cf1b,M15,3,32.24,31.76352,60
191,133b391bd1d233ca3265cf1b,M16,3,60.96,60.41892,100
191,133b391bd1d233ca3265cf1b,M17,3,8.28,8.21972,14
191,133b391bd1d233ca3265cf1b,M18,3,11.6,11.3778,21
191,133b391bd1d233ca3265cf1b,M19,3,10.57,10.37232,21
191,133b391bd1d233ca3265cf1b,M20,3,12.63,12.47076,20
191,133b391bd1d233ca3265cf1b,M21,3,9.81,9.80804,21
191,133b391bd1d233ca3265cf1b,M22,3,25.08,24.41404,45
191,133b391bd1d233ca3265cf1b,M23,3,21.69,21.00516,45
191,133b391bd1d233ca3265cf1b,M24,3,25.64,24.47496,45
191,133b391bd1d233ca3265cf1b,M25,3,15.29,15.19572,20
191,133b391bd1d233ca3265cf1b,M26,3,14.07,13.9774,20
191,133b391bd1d233ca3265cf1b,M27,3,19.02,18.69132,30
191,133b391bd1d233ca3265cf1b,M28,3,17.23,16.9014,30
191,133b391bd1d233ca3265cf1b,M29,3,18.95,18.67636,30
191,133b391bd1d233ca3265cf1b,M30,3,12.11,11.87168,21
193,2f9d6a91601860eeae150557,M01,2,8.49,8.02428,10
193,2f9d6a91601860eeae150557,M02,2,11.22,10.61556,15
193,2f9d6a91601860eeae150557,M03,2,13.23,12.01052,21
193,2f9d6a91601860eeae150557,M04,2,12.16,11.17972,21
193,2f9d6a91601860eeae150557,M05,2,12.41,11.28516,21
193,2f9d6a91601860eeae150557,M06,2,15.94,14.78376,21
193,2f9d6a91601860eeae150557,M07,2,18.6,16.79488,30
193,2f9d6a91601860eeae150557,M08,2,22.79,21.23808,30
193,2f9d6a91601860eeae150557,M09,2,21.34,19.97708,30
193,2f9d6a91601860eeae150557,M10,2,24.27,22.55944,30
193,2f9d6a91601860eeae150557,M11,2,23.44,21.92116,30
193,2f9d6a91601860eeae150557,M12,2,33.68,30.9978,45
193,2f9d6a91601860eeae150557,M13,2,35.2,31.80908,60
193,2f9d6a91601860eeae150557,M14,2,32.14,29.01588,60
193,2f9d6a91601860eeae150557,M15,2,35.08,31.99492,60
193,2f9d6a91601860eeae150557,M16,2,64.4,60.8438,100
193,2f9d6a91601860eeae150557,M17,2,8.83,8.2476,14
193,2f9d6a91601860eeae150557,M18,2,12.54,11.5244,21
193,2f9d6a91601860eeae150557,M19,2,12.33,10.4656,21
193,2f9d6a91601860eeae150557,M20,2,13.85,12.31516,20
193,2f9d6a91601860eeae150557,M21,2,11.22,9.75716,21
193,2f9d6a91601860eeae150557,M22,2,28.99,23.86672,45
193,2f9d6a91601860eeae150557,M23,2,25.58,21.43548,45
193,2f9d6a91601860eeae150557,M24,2,29.64,24.79136,45
193,2f9d6a91601860eeae150557,M25,2,16.03,15.21128,20
193,2f9d6a91601860eeae150557,M26,2,14.8,14.18048,20
193,2f9d6a91601860eeae150557,M27,2,20.44,18.93772,30
193,2f9d6a91601860eeae150557,M28,2,18.69,17.3318,30
193,2f9d6a91601860eeae150557,M29,2,20.31,18.85672,30
193,2f9d6a91601860eeae150557,M30,2,13.02,12.05628,21
194,b8c4be4f866a65acd44b7659,M01,3,7.17,7.70896,10
194,b8c4be4f866a65acd44b7659,M02,3,9.6,10.49436,15
194,b8c4be4f866a65acd44b7659,M03,3,9.95,11.59482,21
194,b8c4be4f866a65acd44b7659,M04,3,9.11,10.84496,21
194,b8c4be4f866a65acd44b7659,M05,3,9.17,10.89364,21
194,b8c4be4f866a65acd44b7659,M06,3,12.41,14.1666,21
194,b8c4be4f866a65acd44b7659,M07,3,13.62,16.35456,30
194,b8c4be4f866a65acd44b7659,M08,3,18,20.75716,30
194,b8c4be4f866a65acd44b7659,M09,3,16.78,19.66736,30
194,b8c4be4f866a65acd44b7659,M10,3,19.62,21.94,30
194,b8c4be4f866a65acd44b7659,M11,3,18.78,21.35276,30
194,b8c4be4f866a65acd44b7659,M12,3,25.5,30.3668,45
194,b8c4be4f866a65acd44b7659,M13,3,25.36,30.95212,60
194,b8c4be4f866a65acd44b7659,M14,3,21.76,28.57116,60
194,b8c4be4f866a65acd44b7659,M15,3,25.68,31.31264,60
194,b8c4be4f866a65acd44b7659,M16,3,53.45,59.05112,100
194,b8c4be4f866a65acd44b7659,M17,3,7.09,7.90924,14
194,b8c4be4f866a65acd44b7659,M18,3,9.7,11.16868,21
194,b8c4be4f866a65acd44b7659,M19,3,8.51,9.87372,21
194,b8c4be4f866a65acd44b7659,M20,3,10.88,12.37564,20
194,b8c4be4f866a65acd44b7659,M21,3,8.04,9.43792,21
194,b8c4be4f866a65acd44b7659,M22,3,19.57,23.39528,45
194,b8c4be4f866a65acd44b7659,M23,3,16.53,19.96368,45
194,b8c4be4f866a65acd44b7659,M24,3,20.07,23.82828,45
194,b8c4be4f866a65acd44b7659,M25,3,13.99,14.81336,20
194,b8c4be4f866a65acd44b7659,M26,3,12.67,13.71288,20
194,b8c4be4f866a65acd44b7659,M27,3,16.27,18.15376,30
194,b8c4be4f866a65acd44b7659,M28,3,14.25,16.64716,30
194,b8c4be4f866a65acd44b7659,M29,3,16.25,18.23216,30
194,b8c4be4f866a65acd44b7659,M30,3,9.97,11.64036,21
195,2f3df9eedd2906c14ce0e5d6,M01,4,8.29,7.78524,10
195,2f3df9eedd2906c14ce0e5d6,M02,4,10.96,10.4638,15
195,2f3df9eedd2906c14ce0e5d6,M03,4,12.71,11.2976,21
195,2f3df9eedd2906c14ce0e5d6,M04,4,11.75,10.61476,21
195,2f3df9eedd2906c14ce0e5d6,M05,4,11.98,10.7014,21
195,2f3df9eedd2906c14ce0e5d6,M06,4,15.51,14.34144,21
195,2f3df9eedd2906c14ce0e5d6,M07,4,17.81,16.32728,30
195,2f3df9eedd2906c14ce0e5d6,M08,4,22.07,20.72772,30
195,2f3df9eedd2906c14ce0e5d6,M09,4,20.74,19.45176,30
195,2f3df9eedd2906c14ce0e5d6,M10,4,23.57,21.93748,30
195,2f3df9eedd2906c14ce0e5d6,M11,4,22.81,21.41112,30
195,2f3df9eedd2906c14ce0e5d6,M12,4,32.37,29.71364,45
195,2f3df9eedd2906c14ce0e5d6,M13,4,34.01,30.36436,60
195,2f3df9eedd2906c14ce0e5d6,M14,4,30.82,27.08528,60
195,2f3df9eedd2906c14ce0e5d6,M15,4,34.3,30.71568,60
195,2f3df9eedd2906c14ce0e5d6,M16,4,63.09,59.2504,100
195,2f3df9eedd2906c14ce0e5d6,M17,4,8.63,8.0018,14
195,2f3df9eedd2906c14ce0e5d6,M18,4,12.14,10.91564,21
195,2f3df9eedd2906c14ce0e5d6,M19,4,11.55,10.31588,21
195,2f3df9eedd2906c14ce0e5d6,M20,4,13.4,12.64236,20
195,2f3df9eedd2906c14ce0e5d6,M21,4,10.71,9.75884,21
195,2f3df9eedd2906c14ce0e5d6,M22,4,27.92,25.1542,45
195,2f3df9eedd2906c14ce0e5d6,M23,4,24.38,22.00948,45
195,2f3df9eedd2906c14ce0e5d6,M24,4,28.54,25.77748,45
195,2f3df9eedd2906c14ce0e5d6,M25,4,15.76,14.91236,20
195,2f3df9eedd2906c14ce0e5d6,M26,4,14.55,13.7858,20
195,2f3df9eedd2906c14ce0e5d6,M27,4,19.93,18.10932,30
195,2f3df9eedd2906c14ce0e5d6,M28,4,18.16,16.72824,30
195,2f3df9eedd2906c14ce0e5d6,M29,4,19.88,18.1128,30
195,2f3df9eedd2906c14ce0e5d6,M30,4,12.75,11.33832,21
196,2c3353338941a5a1620123ce,M01,0,7.85,8.04052,10
196,2c3353338941a5a1620123ce,M02,0,10.46,10.55864,15
196,2c3353338941a5a1620123ce,M03,0,11.69,12.05948,21
196,2c3353338941a5a1620123ce,M04,0,10.75,11.20108,21
196,2c3353338941a5a1620123ce,M05,0,10.93,11.30668,21
196,2c3353338941a5a1620123ce,M06,0,14.46,14.82208,21
196,2c3353338941a5a1620123ce,M07,0,16.27,16.82652,30
196,2c3353338941a5a1620123ce,M08,0,20.61,21.20888,30
196,2c3353338941a5a1620123ce,M09,0,19.32,19.76376,30
196,2c3353338941a5a1620123ce,M10,0,22.17,22.52964,30
196,2c3353338941a5a1620123ce,M11,0,21.32,21.92832,30
196,2c3353338941a5a1620123ce,M12,0,29.95,30.93344,45
196,2c3353338941a5a1620123ce,M13,0,31.18,31.92476,60
196,2c3353338941a5a1620123ce,M14,0,27.93,28.8396,60
196,2c3353338941a5a1620123ce,M15,0,31.1,32.08084,60
196,2c3353338941a5a1620123ce,M16,0,60.08,60.78624,100
196,2c3353338941a5a1620123ce,M17,0,8.07,8.28816,14
196,2c3353338941a5a1620123ce,M18,0,11.22,11.60372,21
196,2c3353338941a5a1620123ce,M19,0,10.69,10.31584,21
196,2c3353338941a5a1620123ce,M20,0,12.8,12.52152,20
196,2c3353338941a5a1620123ce,M21,0,9.97,9.8178,21
196,2c3353338941a5a1620123ce,M22,0,25.72,24.77616,45
196,2c3353338941a5a1620123ce,M23,0,22.29,21.56476,45
196,2c3353338941a5a1620123ce,M24,0,26.08,25.09288,45
196,2c3353338941a5a1620123ce,M25,0,15.15,15.21252,20
196,2c3353338941a5a1620123ce,M26,0,13.94,13.93004,20
196,2c3353338941a5a1620123ce,M27,0,18.7,18.9926,30
196,2c3353338941a5a1620123ce,M28,0,16.87,17.07216,30
196,2c3353338941a5a1620123ce,M29,0,18.51,19.01624,30
196,2c3353338941a5a1620123ce,M30,0,11.73,12.06256,21
198,21c96a0876123a4a80b11e73,M01,2,4.47,5.23892,10
198,21c96a0876123a4a80b11e73,M02,2,6.01,6.68624,15
198,21c96a0876123a4a80b11e73,M03,2,5.2,5.89952,21
198,21c96a0876123a4a80b11e73,M04,2,5.02,5.613,21
198,21c96a0876123a4a80b11e73,M05,2,4.53,5.48648,21
198,21c96a0876123a4a80b11e73,M06,2,6.58,7.75452,21
198,21c96a0876123a4a80b11e73,M07,2,6.61,7.93388,30
198,21c96a0876123a4a80b11e73,M08,2,8.3,10.1228,30
198,21c96a0876123a4a80b11e73,M09,2,7.39,8.9966,30
198,21c96a0876123a4a80b11e73,M10,2,9.9,11.28548,30
198,21c96a0876123a4a80b11e73,M11,2,9.29,10.56084,30
198,21c96a0876123a4a80b11e73,M12,2,9.62,12.3222,45
198,21c96a0876123a4a80b11e73,M13,2,9.96,12.31392,60
198,21c96a0876123a4a80b11e73,M14,2,7.11,10.73168,60
198,21c96a0876123a4a80b11e73,M15,2,9.85,12.00648,60
198,21c96a0876123a4a80b11e73,M16,2,16.84,26.3736,100
198,21c96a0876123a4a80b11e73,M17,2,3.67,3.96748,14
198,21c96a0876123a4a80b11e73,M18,2,5.64,5.92844,21
198,21c96a0876123a4a80b11e73,M19,2,4.4,5.17748,21
198,21c96a0876123a4a80b11e73,M20,2,5.64,6.90928,20
198,21c96a0876123a4a80b11e73,M21,2,4.59,5.15072,21
198,21c96a0876123a4a80b11e73,M22,2,8.01,9.49774666667,45
198,21c96a0876123a4a80b11e73,M23,2,6.73,8.06068,45
198,21c96a0876123a4a80b11e73,M24,2,7.85,9.35512,45
198,21c96a0876123a4a80b11e73,M25,2,8.51,9.9802,20
198,21c96a0876123a4a80b11e73,M26,2,7.23,8.65968,20
198,21c96a0876123a4a80b11e73,M27,2,8.35,9.77196,30
198,21c96a0876123a4a80b11e73,M28,2,7.21,8.33468,30
198,21c96a0876123a4a80b11e73,M29,2,8.31,9.56964,30
198,21c96a0876123a4a80b11e73,M30,2,5.4,5.88616,21
199,c70e593c2e631310bfe805a0,M01,3,6.4,6.53212,10
199,c70e593c2e631310bfe805a0,M02,3,8.98,8.98772,15
199,c70e593c2e631310bfe805a0,M03,3,8.83,8.78816,21
199,c70e593c2e631310bfe805a0,M04,3,8.22,8.25424,21
199,c70e593c2e631310bfe805a0,M05,3,7.93,8.00248,21
199,c70e593c2e631310bfe805a0,M06,3,10.73,10.85596,21
199,c70e593c2e631310bfe805a0,M07,3,12.34,12.23684,30
199,c70e593c2e631310bfe805a0,M08,3,16.56,16.49112,30
199,c70e593c2e631310bfe805a0,M09,3,15.35,15.5038,30
199,c70e593c2e631310bfe805a0,M10,3,18.19,17.97044,30
199,c70e593c2e631310bfe805a0,M11,3,16.99,17.04536,30
199,c70e593c2e631310bfe805a0,M12,3,22.72,22.86948,45
199,c70e593c2e631310bfe805a0,M13,3,20.65,21.45044,60
199,c70e593c2e631310bfe805a0,M14,3,17.56,17.94788,60
199,c70e593c2e631310bfe805a0,M15,3,22.1,22.58148,60
199,c70e593c2e631310bfe805a0,M16,3,47,47.55492,100
199,c70e593c2e631310bfe805a0,M17,3,6.64,6.46396,14
199,c70e593c2e631310bfe805a0,M18,3,8.88,8.80352,21
199,c70e593c2e631310bfe805a0,M19,3,6.87,6.27628,21
199,c70e593c2e631310bfe805a0,M20,3,10.33,9.18336,20
199,c70e593c2e631310bfe805a0,M21,3,7.04,6.30108,21
199,c70e593c2e631310bfe805a0,M22,3,16.45,14.33,45
199,c70e593c2e631310bfe805a0,M23,3,13.17,11.73532,45
199,c70e593c2e631310bfe805a0,M24,3,20.03,15.24156,45
199,c70e593c2e631310bfe805a0,M25,3,12.68,12.81732,20
199,c70e593c2e631310bfe805a0,M26,3,11.44,11.59436,20
199,c70e593c2e631310bfe805a0,M27,3,13.79,14.0838,30
199,c70e593c2e631310bfe805a0,M28,3,11.94,12.03192,30
199,c70e593c2e631310bfe805a0,M29,3,14.3,14.45836,30
199,c70e593c2e631310bfe805a0,M30,3,8.35,8.46312,21
200,1157dca77a3505f7c3391cf1,M01,1,4.74,4.97156,10
200,1157dca77a3505f7c3391cf1,M02,1,6.47,6.59412,15
200,1157dca77a3505f7c3391cf1,M03,1,5.4,5.6358,21
200,1157dca77a3505f7c3391cf1,M04,1,5.17,5.4,21
200,1157dca77a3505f7c3391cf1,M05,1,5.05,5.20472,21
200,1157dca77a3505f7c3391cf1,M06,1,6.93,7.86036,21
200,1157dca77a3505f7c3391cf1,M07,1,7.04,8.09416,30
200,1157dca77a3505f7c3391cf1,M08,1,9.63,10.25684,30
200,1157dca77a3505f7c3391cf1,M09,1,8.62,9.13872,30
200,1157dca77a3505f7c3391cf1,M10,1,11.14,11.29964,30
200,1157dca77a3505f7c3391cf1,M11,1,10.24,10.45792,30
200,1157dca77a3505f7c3391cf1,M12,1,12.17,12.68496,45
200,1157dca77a3505f7c3391cf1,M13,1,11.56,12.01872,60
200,1157dca77a3505f7c3391cf1,M14,1,9.23,10.14496,60
200,1157dca77a3505f7c3391cf1,M15,1,11.53,12.15876,60
200,1157dca77a3505f7c3391cf1,M16,1,22.81,31.0246,100
200,1157dca77a3505f7c3391cf1,M17,1,3.61,3.86008,14
200,1157dca77a3505f7c3391cf1,M18,1,5.52,5.71328,21
200,1157dca77a3505f7c3391cf1,M19,1,4.69,5.04476,21
200,1157dca77a3505f7c3391cf1,M20,1,5.9,6.86336,20
200,1157dca77a3505f7c3391cf1,M21,1,4.66,4.97948,21
200,1157dca77a3505f7c3391cf1,M22,1,8.57,9.34592,45
200,1157dca77a3505f7c3391cf1,M23,1,7.23,8.2414,45
200,1157dca77a3505f7c3391cf1,M24,1,8.31,9.13616,45
200,1157dca77a3505f7c3391cf1,M25,1,8.23,10.28204,20
200,1157dca77a3505f7c3391cf1,M26,1,7.63,9.17076,20
200,1157dca77a3505f7c3391cf1,M27,1,8.29,9.53344,30
200,1157dca77a3505f7c3391cf1,M28,1,7.68,8.39156,30
200,1157dca77a3505f7c3391cf1,M29,1,8.65,9.25724,30
200,1157dca77a3505f7c3391cf1,M30,1,5.39,5.76564,21
201,a163f7a7711eeffb4a750ec3,M01,3,6.74,5.63816,10
201,a163f7a7711eeffb4a750ec3,M02,3,9.03,7.32492,15
201,a163f7a7711eeffb4a750ec3,M03,3,8.85,6.50028,21
201,a163f7a7711eeffb4a750ec3,M04,3,7.72,6.14492,21
201,a163f7a7711eeffb4a750ec3,M05,3,7.71,5.99812,21
201,a163f7a7711eeffb4a750ec3,M06,3,11.05,8.27364,21
201,a163f7a7711eeffb4a750ec3,M07,3,11.89,8.55392,30
201,a163f7a7711eeffb4a750ec3,M08,3,16.17,12.0754,30
201,a163f7a7711eeffb4a750ec3,M09,3,14.42,11.06776,30
201,a163f7a7711eeffb4a750ec3,M10,3,17.85,13.27072,30
201,a163f7a7711eeffb4a750ec3,M11,3,16.59,12.52536,30
201,a163f7a7711eeffb4a750ec3,M12,3,22.44,15.60528,45
201,a163f7a7711eeffb4a750ec3,M13,3,21.46,14.7936,60
201,a163f7a7711eeffb4a750ec3,M14,3,17.83,12.87488,60
201,a163f7a7711eeffb4a750ec3,M15,3,21.83,14.73292,60
201,a163f7a7711eeffb4a750ec3,M16,3,48.01,33.45944,100
201,a163f7a7711eeffb4a750ec3,M17,3,6.07,4.89832,14
201,a163f7a7711eeffb4a750ec3,M18,3,8.36,6.58192,21
201,a163f7a7711eeffb4a750ec3,M19,3,6.36,5.58036,21
201,a163f7a7711eeffb4a750ec3,M20,3,8.64,7.44752,20
201,a163f7a7711eeffb4a750ec3,M21,3,5.99,5.58856,21
201,a163f7a7711eeffb4a750ec3,M22,3,13.5,11.19048,45
201,a163f7a7711eeffb4a750ec3,M23,3,11.51,9.69556,45
201,a163f7a7711eeffb4a750ec3,M24,3,13.61,11.10268,45
201,a163f7a7711eeffb4a750ec3,M25,3,13.24,10.81512,20
201,a163f7a7711eeffb4a750ec3,M26,3,11.83,9.54944,20
201,a163f7a7711eeffb4a750ec3,M27,3,14.57,10.96932,30
201,a163f7a7711eeffb4a750ec3,M28,3,12.44,9.4304,30
201,a163f7a7711eeffb4a750ec3,M29,3,14.17,10.84552,30
201,a163f7a7711eeffb4a750ec3,M30,3,8.83,6.54052,21
202,f217da90d1070a3bbaec6996,M01,3,8.03,8.12284,10
202,f217da90d1070a3bbaec6996,M02,3,10.63,10.7848,15
202,f217da90d1070a3bbaec6996,M03,3,12.03,12.26132,21
202,f217da90d1070a3bbaec6996,M04,3,11.09,11.34704,21
202,f217da90d1070a3bbaec6996,M05,3,11.24,11.46972,21
202,f217da90d1070a3bbaec6996,M06,3,14.84,15.05028,21
202,f217da90d1070a3bbaec6996,M07,3,16.78,17.06756,30
202,f217da90d1070a3bbaec6996,M08,3,21.09,21.403,30
202,f217da90d1070a3bbaec6996,M09,3,19.8,20.14448,30
202,f217da90d1070a3bbaec6996,M10,3,22.62,22.78592,30
202,f217da90d1070a3bbaec6996,M11,3,21.78,22.19264,30
202,f217da90d1070a3bbaec6996,M12,3,30.72,31.26732,45
202,f217da90d1070a3bbaec6996,M13,3,32.12,32.22044,60
202,f217da90d1070a3bbaec6996,M14,3,28.82,29.54108,60
202,f217da90d1070a3bbaec6996,M15,3,32.04,32.4828,60
202,f217da90d1070a3bbaec6996,M16,3,61.1,61.81076,100
202,f217da90d1070a3bbaec6996,M17,3,8.25,8.33708,14
202,f217da90d1070a3bbaec6996,M18,3,11.54,11.671,21
202,f217da90d1070a3bbaec6996,M19,3,10.59,10.76472,21
202,f217da90d1070a3bbaec6996,M20,3,12.69,12.78124,20
202,f217da90d1070a3bbaec6996,M21,3,9.82,10.11224,21
202,f217da90d1070a3bbaec6996,M22,3,25.22,25.9064,45
202,f217da90d1070a3bbaec6996,M23,3,21.73,22.71952,45
202,f217da90d1070a3bbaec6996,M24,3,25.6,26.2252,45
202,f217da90d1070a3bbaec6996,M25,3,15.37,15.38432,20
202,f217da90d1070a3bbaec6996,M26,3,14.14,14.20556,20
202,f217da90d1070a3bbaec6996,M27,3,19.14,19.1912,30
202,f217da90d1070a3bbaec6996,M28,3,17.29,17.44856,30
202,f217da90d1070a3bbaec6996,M29,3,18.94,19.12336,30
202,f217da90d1070a3bbaec6996,M30,3,12.07,12.29172,21
203,cd59d3604f71cc60f2c12594,M01,1,4.82,4.70052,10
203,cd59d3604f71cc60f2c12594,M02,1,6.23,5.83456,15
203,cd59d3604f71cc60f2c12594,M03,1,5.39,5.22548,21
203,cd59d3604f71cc60f2c12594,M04,1,5.09,4.9764,21
203,cd59d3604f71cc60f2c12594,M05,1,4.98,4.82784,21
203,cd59d3604f71cc60f2c12594,M06,1,6.87,6.60988,21
203,cd59d3604f71cc60f2c12594,M07,1,6.84,6.46644,30
203,cd59d3604f71cc60f2c12594,M08,1,8.53,7.86788,30
203,cd59d3604f71cc60f2c12594,M09,1,7.33,6.8978,30
203,cd59d3604f71cc60f2c12594,M10,1,10.19,8.7374,30
203,cd59d3604f71cc60f2c12594,M11,1,9.15,8.13552,30
203,cd59d3604f71cc60f2c12594,M12,1,10.07,9.10268,45
203,cd59d3604f71cc60f2c12594,M13,1,10.54,9.47872,60
203,cd59d3604f71cc60f2c12594,M14,1,7.82,7.4704,60
203,cd59d3604f71cc60f2c12594,M15,1,10.4,9.6086,60
203,cd59d3604f71cc60f2c12594,M16,1,18.47,17.63644,100
203,cd59d3604f71cc60f2c12594,M17,1,3.41,3.50044,14
203,cd59d3604f71cc60f2c12594,M18,1,5.51,5.35268,21
203,cd59d3604f71cc60f2c12594,M19,1,4.75,4.71652,21
203,cd59d3604f71cc60f2c12594,M20,1,6.39,5.84108,20
203,cd59d3604f71cc60f2c12594,M21,1,4.88,4.74456,21
203,cd59d3604f71cc60f2c12594,M22,1,8.42,7.844,45
203,cd59d3604f71cc60f2c12594,M23,1,6.78,6.42952,45
203,cd59d3604f71cc60f2c12594,M24,1,8.35,7.91088,45
203,cd59d3604f71cc60f2c12594,M25,1,9.29,8.20184,20
203,cd59d3604f71cc60f2c12594,M26,1,7.49,6.88292,20
203,cd59d3604f71cc60f2c12594,M27,1,8.9,8.4674,30
203,cd59d3604f71cc60f2c12594,M28,1,7.38,7.15996,30
203,cd59d3604f71cc60f2c12594,M29,1,8.56,8.51896,30
203,cd59d3604f71cc60f2c12594,M30,1,5.39,5.4552,21
205,349160f21ef26f3bd10c02df,M01,4,4.74,6.05852,10
205,349160f21ef26f3bd10c02df,M02,4,6.42,7.91684,15
205,349160f21ef26f3bd10c02df,M03,4,5.35,7.35388,21
205,349160f21ef26f3bd10c02df,M04,4,5.11,6.81012,21
205,349160f21ef26f3bd10c02df,M05,4,4.95,6.65484,21
205,349160f21ef26f3bd10c02df,M06,4,6.78,9.27056,21
205,349160f21ef26f3bd10c02df,M07,4,6.97,9.9566,30
205,349160f21ef26f3bd10c02df,M08,4,9.62,13.74984,30
205,349160f21ef26f3bd10c02df,M09,4,8.56,12.739,30
205,349160f21ef26f3bd10c02df,M10,4,11.03,14.91472,30
205,349160f21ef26f3bd10c02df,M11,4,10.08,14.20436,30
205,349160f21ef26f3bd10c02df,M12,4,12.16,17.6848,45
205,349160f21ef26f3bd10c02df,M13,4,11.54,16.94164,60
205,349160f21ef26f3bd10c02df,M14,4,9.65,14.30124,60
205,349160f21ef26f3bd10c02df,M15,4,11.38,17.09072,60
205,349160f21ef26f3bd10c02df,M16,4,24.02,38.85416,100
205,349160f21ef26f3bd10c02df,M17,4,3.49,5.40644,14
205,349160f21ef26f3bd10c02df,M18,4,5.44,7.28372,21
205,349160f21ef26f3bd10c02df,M19,4,4.67,6.00636,21
205,349160f21ef26f3bd10c02df,M20,4,5.93,7.9556,20
205,349160f21ef26f3bd10c02df,M21,4,4.63,5.82824,21
205,349160f21ef26f3bd10c02df,M22,4,8.56,12.4578,45
205,349160f21ef26f3bd10c02df,M23,4,7.51,10.54636,45
205,349160f21ef26f3bd10c02df,M24,4,8.24,12.53824,45
205,349160f21ef26f3bd10c02df,M25,4,11.52,11.54644,20
205,349160f21ef26f3bd10c02df,M26,4,10.36,10.33864,20
205,349160f21ef26f3bd10c02df,M27,4,11.5,12.44012,30
205,349160f21ef26f3bd10c02df,M28,4,10.06,10.6944,30
205,349160f21ef26f3bd10c02df,M29,4,11.23,12.57288,30
205,349160f21ef26f3bd10c02df,M30,4,7.25,7.44088,21
208,7e8108e8aa1d6afff73a1bc0,M01,2,8.55,8.04528,10
208,7e8108e8aa1d6afff73a1bc0,M02,2,11.25,10.65316,15
208,7e8108e8aa1d6afff73a1bc0,M03,2,13.28,11.97296,21
208,7e8108e8aa1d6afff73a1bc0,M04,2,12.21,11.09264,21
208,7e8108e8aa1d6afff73a1bc0,M05,2,12.42,11.19936,21
208,7e8108e8aa1d6afff73a1bc0,M06,2,15.99,14.74564,21
208,7e8108e8aa1d6afff73a1bc0,M07,2,18.67,16.89492,30
208,7e8108e8aa1d6afff73a1bc0,M08,2,22.86,21.2556,30
208,7e8108e8aa1d6afff73a1bc0,M09,2,21.4,19.99056,30
208,7e8108e8aa1d6afff73a1bc0,M10,2,24.34,22.54836,30
208,7e8108e8aa1d6afff73a1bc0,M11,2,23.35,21.91392,30
208,7e8108e8aa1d6afff73a1bc0,M12,2,33.7,30.801,45
208,7e8108e8aa1d6afff73a1bc0,M13,2,35.29,31.71844,60
208,7e8108e8aa1d6afff73a1bc0,M14,2,32.2,28.99844,60
208,7e8108e8aa1d6afff73a1bc0,M15,2,35.95,31.91744,60
208,7e8108e8aa1d6afff73a1bc0,M16,2,64.53,61.12152,100
208,7e8108e8aa1d6afff73a1bc0,M17,2,8.85,8.30256,14
208,7e8108e8aa1d6afff73a1bc0,M18,2,12.58,11.4488,21
208,7e8108e8aa1d6afff73a1bc0,M19,2,12.35,10.61564,21
208,7e8108e8aa1d6afff73a1bc0,M20,2,13.74,12.52624,20
208,7e8108e8aa1d6afff73a1bc0,M21,2,10.87,9.82452,21
208,7e8108e8aa1d6afff73a1bc0,M22,2,28.99,24.36736,45
208,7e8108e8aa1d6afff73a1bc0,M23,2,25.5,21.69252,45
208,7e8108e8aa1d6afff73a1bc0,M24,2,29.43,25.00512,45
208,7e8108e8aa1d6afff73a1bc0,M25,2,16.1,15.17728,20
208,7e8108e8aa1d6afff73a1bc0,M26,2,14.86,14.15008,20
208,7e8108e8aa1d6afff73a1bc0,M27,2,20.51,18.97108,30
208,7e8108e8aa1d6afff73a1bc0,M28,2,18.75,17.26916,30
208,7e8108e8aa1d6afff73a1bc0,M29,2,20.14,18.89192,30
208,7e8108e8aa1d6afff73a1bc0,M30,2,13.33,11.99668,21
209,ae21572dff8704af71227db3,M01,1,4.61,5.32472,10
209,ae21572dff8704af71227db3,M02,1,6.12,6.90372,15
209,ae21572dff8704af71227db3,M03,1,5.16,6.07104,21
209,ae21572dff8704af71227db3,M04,1,4.97,5.68828,21
209,ae21572dff8704af71227db3,M05,1,4.82,5.54584,21
209,ae21572dff8704af71227db3,M06,1,6.57,7.65792,21
209,ae21572dff8704af71227db3,M07,1,6.58,7.93772,30
209,ae21572dff8704af71227db3,M08,1,8.71,10.73492,30
209,ae21572dff8704af71227db3,M09,1,7.8,9.58612,30
209,ae21572dff8704af71227db3,M10,1,10.15,11.88416,30
209,ae21572dff8704af71227db3,M11,1,9.23,11.09064,30
209,ae21572dff8704af71227db3,M12,1,10.67,13.31388,45
209,ae21572dff8704af71227db3,M13,1,10.54,12.95756,60
209,ae21572dff8704af71227db3,M14,1,8.54,11.00428,60
209,ae21572dff8704af71227db3,M15,1,10.42,12.79804,60
209,ae21572dff8704af71227db3,M16,1,20.19,27.35408,100
209,ae21572dff8704af71227db3,M17,1,3.11,4.00232,14
209,ae21572dff8704af71227db3,M18,1,5.29,6.00072,21
209,ae21572dff8704af71227db3,M19,1,4.6,5.12788,21
209,ae21572dff8704af71227db3,M20,1,5.7,6.63732,20
209,ae21572dff8704af71227db3,M21,1,4.57,5.06356,21
209,ae21572dff8704af71227db3,M22,1,8.47,9.72772,45
209,ae21572dff8704af71227db3,M23,1,7.13,8.45824,45
209,ae21572dff8704af71227db3,M24,1,7.91,9.65556,45
209,ae21572dff8704af71227db3,M25,1,11.76,10.40752,20
209,ae21572dff8704af71227db3,M26,1,10.1,9.19884,20
209,ae21572dff8704af71227db3,M27,1,11.71,10.69108,30
209,ae21572dff8704af71227db3,M28,1,9.67,9.04296,30
209,ae21572dff8704af71227db3,M29,1,12.36,10.46104,30
209,ae21572dff8704af71227db3,M30,1,7.13,6.51176,21
210,f64cb299dc715625ad27bbf2,M01,2,8.08,7.72492,10
210,f64cb299dc715625ad27bbf2,M02,2,10.81,10.16232,15
210,f64cb299dc715625ad27bbf2,M03,2,12.48,11.00208,21
210,f64cb299dc715625ad27bbf2,M04,2,11.6,10.29816,21
210,f64cb299dc715625ad27bbf2,M05,2,11.79,10.3744,21
210,f64cb299dc715625ad27bbf2,M06,2,15.15,13.83288,21
210,f64cb299dc715625ad27bbf2,M07,2,17.51,15.7006,30
210,f64cb299dc715625ad27bbf2,M08,2,21.76,19.70916,30
210,f64cb299dc715625ad27bbf2,M09,2,20.55,18.6606,30
210,f64cb299dc715625ad27bbf2,M10,2,23.21,20.99788,30
210,f64cb299dc715625ad27bbf2,M11,2,22.53,20.42316,30
210,f64cb299dc715625ad27bbf2,M12,2,31.96,28.67872,45
210,f64cb299dc715625ad27bbf2,M13,2,33.19,28.9556,60
210,f64cb299dc715625ad27bbf2,M14,2,30.16,25.6872,60
210,f64cb299dc715625ad27bbf2,M15,2,33.71,29.37752,60
210,f64cb299dc715625ad27bbf2,M16,2,62.29,57.90288,100
210,f64cb299dc715625ad27bbf2,M17,2,8.51,7.9174,14
210,f64cb299dc715625ad27bbf2,M18,2,11.99,10.7262,21
210,f64cb299dc715625ad27bbf2,M19,2,10.97,9.57624,21
210,f64cb299dc715625ad27bbf2,M20,2,13.16,11.9818,20
210,f64cb299dc715625ad27bbf2,M21,2,10.59,9.10268,21
210,f64cb299dc715625ad27bbf2,M22,2,27.2,21.93384,45
210,f64cb299dc715625ad27bbf2,M23,2,23.96,18.911,45
210,f64cb299dc715625ad27bbf2,M24,2,27.1,23.2904,45
210,f64cb299dc715625ad27bbf2,M25,2,15.51,14.6742,20
210,f64cb299dc715625ad27bbf2,M26,2,14.33,13.59844,20
210,f64cb299dc715625ad27bbf2,M27,2,19.51,17.7488,30
210,f64cb299dc715625ad27bbf2,M28,2,17.79,16.11748,30
210,f64cb299dc715625ad27bbf2,M29,2,19.51,17.73524,30
210,f64cb299dc715625ad27bbf2,M30,2,12.52,10.9964,21
211,777595a9cfdca90527f5358e,M01,4,6.91,7.58108,10
211,777595a9cfdca90527f5358e,M02,4,9.36,10.26656,15
211,777595a9cfdca90527f5358e,M03,4,9.52,10.98184,21
211,777595a9cfdca90527f5358e,M04,4,8.63,10.30798,21
211,777595a9cfdca90527f5358e,M05,4,8.26,10.36568,21
211,777595a9cfdca90527f5358e,M06,4,11.82,13.842832,21
211,777595a9cfdca90527f5358e,M07,4,13,15.4623066667,30
211,777595a9cfdca90527f5358e,M08,4,17.42,20.0298466667,30
211,777595a9cfdca90527f5358e,M09,4,16.12,18.74964,30
211,777595a9cfdca90527f5358e,M10,4,18.98,21.2337866667,30
211,777595a9cfdca90527f5358e,M11,4,17.54,20.55088,30
211,777595a9cfdca90527f5358e,M12,4,24.62,28.89072,45
211,777595a9cfdca90527f5358e,M13,4,24.03,29.26822,60
211,777595a9cfdca90527f5358e,M14,4,20.69,25.91432,60
211,777595a9cfdca90527f5358e,M15,4,24.26,29.52684,60
211,777595a9cfdca90527f5358e,M16,4,51.99,57.7139,100
211,777595a9cfdca90527f5358e,M17,4,6.98,7.65856,14
211,777595a9cfdca90527f5358e,M18,4,9.65,10.696624,21
211,777595a9cfdca90527f5358e,M19,4,6.81,9.06722666667,21
211,777595a9cfdca90527f5358e,M20,4,9.78,11.14904,20
211,777595a9cfdca90527f5358e,M21,4,7.07,8.63712,21
211,777595a9cfdca90527f5358e,M22,4,16.52,21.9351801905,45
211,777595a9cfdca90527f5358e,M23,4,14.06,18.58866,45
211,777595a9cfdca90527f5358e,M24,4,16.82,22.1357533333,45
211,777595a9cfdca90527f5358e,M25,4,12.66,14.64776,20
211,777595a9cfdca90527f5358e,M26,4,11.36,13.45356,20
211,777595a9cfdca90527f5358e,M27,4,13.65,17.605,30
211,777595a9cfdca90527f5358e,M28,4,11.75,15.68332,30
211,777595a9cfdca90527f5358e,M29,4,13.89,17.66463,30
211,777595a9cfdca90527f5358e,M30,4,8.12,10.9806,21
212,d69a1a66fdf392a9c7131312,M01,1,8.57,8.8468,10
212,d69a1a66fdf392a9c7131312,M02,1,11.27,11.554,15
212,d69a1a66fdf392a9c7131312,M03,1,13.41,13.55868,21
212,d69a1a66fdf392a9c7131312,M04,1,12.53,12.63676,21
212,d69a1a66fdf392a9c7131312,M05,1,12.72,12.88228,21
212,d69a1a66fdf392a9c7131312,M06,1,16.23,16.42352,21
212,d69a1a66fdf392a9c7131312,M07,1,18.94,19.3256,30
212,d69a1a66fdf392a9c7131312,M08,1,23.06,22.8382,30
212,d69a1a66fdf392a9c7131312,M09,1,21.87,21.62288,30
212,d69a1a66fdf392a9c7131312,M10,1,24.48,24.37252,30
212,d69a1a66fdf392a9c7131312,M11,1,23.77,23.77384,30
212,d69a1a66fdf392a9c7131312,M12,1,34.2,34.58184,45
212,d69a1a66fdf392a9c7131312,M13,1,36.18,36.45456,60
212,d69a1a66fdf392a9c7131312,M14,1,33.34,33.77384,60
212,d69a1a66fdf392a9c7131312,M15,1,36.34,36.86264,60
212,d69a1a66fdf392a9c7131312,M16,1,65.49,65.87136,100
212,d69a1a66fdf392a9c7131312,M17,1,9.01,9.10608,14
212,d69a1a66fdf392a9c7131312,M18,1,12.84,12.88944,21
212,d69a1a66fdf392a9c7131312,M19,1,12.49,12.6462,21
212,d69a1a66fdf392a9c7131312,M20,1,14.21,13.64808,20
212,d69a1a66fdf392a9c7131312,M21,1,11.48,11.51516,21
212,d69a1a66fdf392a9c7131312,M22,1,30.18,28.38028,45
212,d69a1a66fdf392a9c7131312,M23,1,26.59,25.67244,45
212,d69a1a66fdf392a9c7131312,M24,1,30.73,28.7996,45
212,d69a1a66fdf392a9c7131312,M25,1,16.17,16.34676,20
212,d69a1a66fdf392a9c7131312,M26,1,14.94,15.15104,20
212,d69a1a66fdf392a9c7131312,M27,1,20.79,21.07676,30
212,d69a1a66fdf392a9c7131312,M28,1,19.1,19.4328,30
212,d69a1a66fdf392a9c7131312,M29,1,20.6,20.91276,30
212,d69a1a66fdf392a9c7131312,M30,1,13.47,13.63844,21
213,a9ddfab67a2904172e0f1116,M01,0,6.66,6.49568,10
213,a9ddfab67a2904172e0f1116,M02,0,8.83,8.57176,15
213,a9ddfab67a2904172e0f1116,M03,0,8.5,8.39764,21
213,a9ddfab67a2904172e0f1116,M04,0,7.69,7.80988,21
213,a9ddfab67a2904172e0f1116,M05,0,7.6,7.7316,21
213,a9ddfab67a2904172e0f1116,M06,0,10.78,10.36464,21
213,a9ddfab67a2904172e0f1116,M07,0,11.41,11.31412,30
213,a9ddfab67a2904172e0f1116,M08,0,15.67,15.43036,30
213,a9ddfab67a2904172e0f1116,M09,0,14.44,14.36476,30
213,a9ddfab67a2904172e0f1116,M10,0,17.3,16.68532,30
213,a9ddfab67a2904172e0f1116,M11,0,16.33,15.8922,30
213,a9ddfab67a2904172e0f1116,M12,0,21.58,21.2498,45
213,a9ddfab67a2904172e0f1116,M13,0,20.85,20.66164,60
213,a9ddfab67a2904172e0f1116,M14,0,17.33,17.5594,60
213,a9ddfab67a2904172e0f1116,M15,0,20.83,20.80612,60
213,a9ddfab67a2904172e0f1116,M16,0,47.11,39.28928,100
213,a9ddfab67a2904172e0f1116,M17,0,6.11,5.951,14
213,a9ddfab67a2904172e0f1116,M18,0,8.33,8.167,21
213,a9ddfab67a2904172e0f1116,M19,0,5.78,6.08208,21
213,a9ddfab67a2904172e0f1116,M20,0,7.93,8.10264,20
213,a9ddfab67a2904172e0f1116,M21,0,5.57,5.9018,21
213,a9ddfab67a2904172e0f1116,M22,0,12.13,13.14512,45
213,a9ddfab67a2904172e0f1116,M23,0,10.45,11.31616,45
213,a9ddfab67a2904172e0f1116,M24,0,11.98,13.07508,45
213,a9ddfab67a2904172e0f1116,M25,0,13.07,12.2128,20
213,a9ddfab67a2904172e0f1116,M26,0,11.67,11.21944,20
213,a9ddfab67a2904172e0f1116,M27,0,14.29,13.82568,30
213,a9ddfab67a2904172e0f1116,M28,0,12.18,11.86244,30
213,a9ddfab67a2904172e0f1116,M29,0,16.64,13.73184,30
213,a9ddfab67a2904172e0f1116,M30,0,8.52,8.47652,21
214,c27fe310a5abf32c690a710e,M01,4,6.75,6.61092,10
214,c27fe310a5abf32c690a710e,M02,4,9.41,8.93588,15
214,c27fe310a5abf32c690a710e,M03,4,9.67,8.88504,21
214,c27fe310a5abf32c690a710e,M04,4,9.06,8.4224,21
214,c27fe310a5abf32c690a710e,M05,4,8.8,8.2394,21
214,c27fe310a5abf32c690a710e,M06,4,11.53,11.3054,21
214,c27fe310a5abf32c690a710e,M07,4,13.28,12.79716,30
214,c27fe310a5abf32c690a710e,M08,4,17.66,16.38336,30
214,c27fe310a5abf32c690a710e,M09,4,16.76,15.46164,30
214,c27fe310a5abf32c690a710e,M10,4,19.23,17.46788,30
214,c27fe310a5abf32c690a710e,M11,4,18.33,16.86588,30
214,c27fe310a5abf32c690a710e,M12,4,25.13,22.40532,45
214,c27fe310a5abf32c690a710e,M13,4,23.48,21.66688,60
214,c27fe310a5abf32c690a710e,M14,4,20.35,18.8276,60
214,c27fe310a5abf32c690a710e,M15,4,24.93,22.30784,60
214,c27fe310a5abf32c690a710e,M16,4,51.18,49.62624,100
214,c27fe310a5abf32c690a710e,M17,4,7.02,6.64112,14
214,c27fe310a5abf32c690a710e,M18,4,9.71,8.83164,21
214,c27fe310a5abf32c690a710e,M19,4,6.6,6.97648,21
214,c27fe310a5abf32c690a710e,M20,4,9.57,10.37344,20
214,c27fe310a5abf32c690a710e,M21,4,6.86,6.99452,21
214,c27fe310a5abf32c690a710e,M22,4,15.66,16.03556,45
214,c27fe310a5abf32c690a710e,M23,4,12.8,13.43588,45
214,c27fe310a5abf32c690a710e,M24,4,17.69,17.8792,45
214,c27fe310a5abf32c690a710e,M25,4,13.32,12.98612,20
214,c27fe310a5abf32c690a710e,M26,4,12.12,12.02476,20
214,c27fe310a5abf32c690a710e,M27,4,15.03,14.57448,30
214,c27fe310a5abf32c690a710e,M28,4,13.23,13.10876,30
214,c27fe310a5abf32c690a710e,M29,4,15.57,14.85848,30
214,c27fe310a5abf32c690a710e,M30,4,9.16,8.72364,21
215,4a4758acbcb6cbd3b156ade0,M01,2,8.84,8.156,10
215,4a4758acbcb6cbd3b156ade0,M02,2,11.51,10.71816,15
215,4a4758acbcb6cbd3b156ade0,M03,2,13.75,12.28724,21
215,4a4758acbcb6cbd3b156ade0,M04,2,12.73,11.47808,21
215,4a4758acbcb6cbd3b156ade0,M05,2,12.96,11.61472,21
215,4a4758acbcb6cbd3b156ade0,M06,2,16.59,14.95424,21
215,4a4758acbcb6cbd3b156ade0,M07,2,19.41,17.20868,30
215,4a4758acbcb6cbd3b156ade0,M08,2,23.51,21.55904,30
215,4a4758acbcb6cbd3b156ade0,M09,2,22.16,20.35028,30
215,4a4758acbcb6cbd3b156ade0,M10,2,24.99,22.90248,30
215,4a4758acbcb6cbd3b156ade0,M11,2,24.12,22.31984,30
215,4a4758acbcb6cbd3b156ade0,M12,2,34.89,31.43436,45
215,4a4758acbcb6cbd3b156ade0,M13,2,36.94,32.4244,60
215,4a4758acbcb6cbd3b156ade0,M14,2,33.95,29.44976,60
215,4a4758acbcb6cbd3b156ade0,M15,2,37.25,32.70828,60
215,4a4758acbcb6cbd3b156ade0,M16,2,66.34,61.52164,100
215,4a4758acbcb6cbd3b156ade0,M17,2,9.12,8.44712,14
215,4a4758acbcb6cbd3b156ade0,M18,2,13.05,11.84592,21
215,4a4758acbcb6cbd3b156ade0,M19,2,12.67,10.59512,21
215,4a4758acbcb6cbd3b156ade0,M20,2,14.33,12.52716,20
215,4a4758acbcb6cbd3b156ade0,M21,2,11.5,9.80004,21
215,4a4758acbcb6cbd3b156ade0,M22,2,30.51,24.87152,45
215,4a4758acbcb6cbd3b156ade0,M23,2,26.92,21.67336,45
215,4a4758acbcb6cbd3b156ade0,M24,2,31.14,25.44968,45
215,4a4758acbcb6cbd3b156ade0,M25,2,16.47,15.32396,20
215,4a4758acbcb6cbd3b156ade0,M26,2,15.18,14.1874,20
215,4a4758acbcb6cbd3b156ade0,M27,2,21.21,19.15812,30
215,4a4758acbcb6cbd3b156ade0,M28,2,19.46,17.39028,30
215,4a4758acbcb6cbd3b156ade0,M29,2,21.07,19.12468,30
215,4a4758acbcb6cbd3b156ade0,M30,2,13.8,12.31632,21
216,1ccc85fbc14570d427fc4054,M01,1,6.22,5.326,10
216,1ccc85fbc14570d427fc4054,M02,1,8.23,6.94492,15
216,1ccc85fbc14570d427fc4054,M03,1,7.55,6.00988,21
216,1ccc85fbc14570d427fc4054,M04,1,6.97,5.6532,21
216,1ccc85fbc14570d427fc4054,M05,1,6.95,5.61692,21
216,1ccc85fbc14570d427fc4054,M06,1,9.7,7.87384,21
216,1ccc85fbc14570d427fc4054,M07,1,10.03,8.0248,30
216,1ccc85fbc14570d427fc4054,M08,1,14.06,10.40884,30
216,1ccc85fbc14570d427fc4054,M09,1,13.1,9.29772,30
216,1ccc85fbc14570d427fc4054,M10,1,15.71,11.67136,30
216,1ccc85fbc14570d427fc4054,M11,1,14.94,10.91224,30
216,1ccc85fbc14570d427fc4054,M12,1,19.05,12.05752,45
216,1ccc85fbc14570d427fc4054,M13,1,18.27,11.99652,60
216,1ccc85fbc14570d427fc4054,M14,1,15.15,10.2488,60
216,1ccc85fbc14570d427fc4054,M15,1,17.91,11.85828,60
216,1ccc85fbc14570d427fc4054,M16,1,42.44,27.35072,100
216,1ccc85fbc14570d427fc4054,M17,1,5.67,4.00852,14
216,1ccc85fbc14570d427fc4054,M18,1,7.59,5.91952,21
216,1ccc85fbc14570d427fc4054,M19,1,6.06,5.15452,21
216,1ccc85fbc14570d427fc4054,M20,1,8.23,6.71512,20
216,1ccc85fbc14570d427fc4054,M21,1,5.87,5.07072,21
216,1ccc85fbc14570d427fc4054,M22,1,12.8,9.76044,45
216,1ccc85fbc14570d427fc4054,M23,1,10.93,8.2636,45
216,1ccc85fbc14570d427fc4054,M24,1,12.85,9.63076,45
216,1ccc85fbc14570d427fc4054,M25,1,12.36,10.51464,20
216,1ccc85fbc14570d427fc4054,M26,1,10.94,9.1636,20
216,1ccc85fbc14570d427fc4054,M27,1,12.94,10.55428,30
216,1ccc85fbc14570d427fc4054,M28,1,10.97,8.82432,30
216,1ccc85fbc14570d427fc4054,M29,1,12.59,10.27496,30
216,1ccc85fbc14570d427fc4054,M30,1,7.59,6.2108,21
217,f0be075ce70bbd3bac1c7259,M01,2,7.69,8.077,10
217,f0be075ce70bbd3bac1c7259,M02,2,10.28,10.73564,15
217,f0be075ce70bbd3bac1c7259,M03,2,11.3,12.21276,21
217,f0be075ce70bbd3bac1c7259,M04,2,10.46,11.26912,21
217,f0be075ce70bbd3bac1c7259,M05,2,10.57,11.39608,21
217,f0be075ce70bbd3bac1c7259,M06,2,13.99,14.9782,21
217,f0be075ce70bbd3bac1c7259,M07,2,15.68,17.15484,30
217,f0be075ce70bbd3bac1c7259,M08,2,20.04,21.37348,30
217,f0be075ce70bbd3bac1c7259,M09,2,18.9,20.10624,30
217,f0be075ce70bbd3bac1c7259,M10,2,21.6,22.80412,30
217,f0be075ce70bbd3bac1c7259,M11,2,20.86,22.1664,30
217,f0be075ce70bbd3bac1c7259,M12,2,28.99,31.38628,45
217,f0be075ce70bbd3bac1c7259,M13,2,29.83,32.52108,60
217,f0be075ce70bbd3bac1c7259,M14,2,26.45,29.38976,60
217,f0be075ce70bbd3bac1c7259,M15,2,29.97,32.65268,60
217,f0be075ce70bbd3bac1c7259,M16,2,58.56,61.7946,100
217,f0be075ce70bbd3bac1c7259,M17,2,7.87,8.31604,14
217,f0be075ce70bbd3bac1c7259,M18,2,10.96,11.61712,21
217,f0be075ce70bbd3bac1c7259,M19,2,9.88,11.063,21
217,f0be075ce70bbd3bac1c7259,M20,2,12.07,12.894,20
217,f0be075ce70bbd3bac1c7259,M21,2,9.28,10.2166,21
217,f0be075ce70bbd3bac1c7259,M22,2,23.3,26.26388,45
217,f0be075ce70bbd3bac1c7259,M23,2,20.02,22.90932,45
217,f0be075ce70bbd3bac1c7259,M24,2,23.82,26.62116,45
217,f0be075ce70bbd3bac1c7259,M25,2,14.88,15.353,20
217,f0be075ce70bbd3bac1c7259,M26,2,13.62,14.21176,20
217,f0be075ce70bbd3bac1c7259,M27,2,18.16,19.27164,30
217,f0be075ce70bbd3bac1c7259,M28,2,16.22,17.47112,30
217,f0be075ce70bbd3bac1c7259,M29,2,18.02,19.20524,30
217,f0be075ce70bbd3bac1c7259,M30,2,11.35,12.24192,21
219,0658d6d6c98ecbd57359ccef,M01,0,4.51,5.12704,10
219,0658d6d6c98ecbd57359ccef,M02,0,6.01,6.84824,15
219,0658d6d6c98ecbd57359ccef,M03,0,5.13,5.94508,21
219,0658d6d6c98ecbd57359ccef,M04,0,4.91,5.68358666667,21
219,0658d6d6c98ecbd57359ccef,M05,0,4.75,5.5204,21
219,0658d6d6c98ecbd57359ccef,M06,0,6.5,8.05892,21
219,0658d6d6c98ecbd57359ccef,M07,0,6.49,8.21844,30
219,0658d6d6c98ecbd57359ccef,M08,0,8.33,11.14928,30
219,0658d6d6c98ecbd57359ccef,M09,0,7.35,10.2338,30
219,0658d6d6c98ecbd57359ccef,M10,0,9.82,12.181,30
219,0658d6d6c98ecbd57359ccef,M11,0,8.82,11.58676,30
219,0658d6d6c98ecbd57359ccef,M12,0,10.05,14.29132,45
219,0658d6d6c98ecbd57359ccef,M13,0,10.04,13.59132,60
219,0658d6d6c98ecbd57359ccef,M14,0,8.07,11.65992,60
219,0658d6d6c98ecbd57359ccef,M15,0,10.05,13.65856,60
219,0658d6d6c98ecbd57359ccef,M16,0,18.55,31.6475933333,100
219,0658d6d6c98ecbd57359ccef,M17,0,2.84,4.2162,14
219,0658d6d6c98ecbd57359ccef,M18,0,5.22,6.04738666667,21
219,0658d6d6c98ecbd57359ccef,M19,0,4.62,5.05624,21
219,0658d6d6c98ecbd57359ccef,M20,0,5.7,6.99476,20
219,0658d6d6c98ecbd57359ccef,M21,0,4.6,5.04264,21
219,0658d6d6c98ecbd57359ccef,M22,0,8.26,9.96492,45
219,0658d6d6c98ecbd57359ccef,M23,0,7.13,8.68848,45
219,0658d6d6c98ecbd57359ccef,M24,0,7.97,9.924432,45
219,0658d6d6c98ecbd57359ccef,M25,0,7.28,10.12772,20
219,0658d6d6c98ecbd57359ccef,M26,0,5.14,9.1386,20
219,0658d6d6c98ecbd57359ccef,M27,0,8,10.01116,30
219,0658d6d6c98ecbd57359ccef,M28,0,6.32,8.98184,30
219,0658d6d6c98ecbd57359ccef,M29,0,7.65,10.114,30
219,0658d6d6c98ecbd57359ccef,M30,0,4.78,6.08264,21
220,d62a7d47244b4b6f5813dc91,M01,0,6.53,6.14964,10
220,d62a7d47244b4b6f5813dc91,M02,0,8.9,8.24812,15
220,d62a7d47244b4b6f5813dc91,M03,0,8.7,7.91432,21
220,d62a7d47244b4b6f5813dc91,M04,0,7.9,7.33476,21
220,d62a7d47244b4b6f5813dc91,M05,0,7.47,7.23756,21
220,d62a7d47244b4b6f5813dc91,M06,0,10.8,10.16204,21
220,d62a7d47244b4b6f5813dc91,M07,0,11.81,11.0516,30
220,d62a7d47244b4b6f5813dc91,M08,0,16.19,15.09232,30
220,d62a7d47244b4b6f5813dc91,M09,0,14.99,14.09748,30
220,d62a7d47244b4b6f5813dc91,M10,0,17.72,16.21952,30
220,d62a7d47244b4b6f5813dc91,M11,0,16.26,15.65892,30
220,d62a7d47244b4b6f5813dc91,M12,0,22.67,20.52688,45
220,d62a7d47244b4b6f5813dc91,M13,0,21.49,20.02956,60
220,d62a7d47244b4b6f5813dc91,M14,0,18.32,17.63316,60
220,d62a7d47244b4b6f5813dc91,M15,0,21.77,19.96284,60
220,d62a7d47244b4b6f5813dc91,M16,0,48.78,41.55236,100
220,d62a7d47244b4b6f5813dc91,M17,0,6.64,5.65512,14
220,d62a7d47244b4b6f5813dc91,M18,0,9.14,7.65392,21
220,d62a7d47244b4b6f5813dc91,M19,0,6.3,6.07576,21
220,d62a7d47244b4b6f5813dc91,M20,0,9.47,8.30672,20
220,d62a7d47244b4b6f5813dc91,M21,0,6.77,5.98872,21
220,d62a7d47244b4b6f5813dc91,M22,0,15.65,13.40324,45
220,d62a7d47244b4b6f5813dc91,M23,0,13.35,12.05368,45
220,d62a7d47244b4b6f5813dc91,M24,0,15.92,13.6068,45
220,d62a7d47244b4b6f5813dc91,M25,0,11.99,12.23092,20
220,d62a7d47244b4b6f5813dc91,M26,0,10.73,11.21156,20
220,d62a7d47244b4b6f5813dc91,M27,0,12.49,13.64232,30
220,d62a7d47244b4b6f5813dc91,M28,0,10.69,12.11856,30
220,d62a7d47244b4b6f5813dc91,M29,0,12.63,13.62612,30
220,d62a7d47244b4b6f5813dc91,M30,0,7.33,8.17412,21
221,b2055287b28edac3e1fa6789,M01,1,8.23,8.70892,10
221,b2055287b28edac3e1fa6789,M02,1,12.58,12.5426,15
221,b2055287b28edac3e1fa6789,M03,1,15.18,14.83332,21
221,b2055287b28edac3e1fa6789,M04,1,14.13,14.07224,21
221,b2055287b28edac3e1fa6789,M05,1,14.43,14.26824,21
221,b2055287b28edac3e1fa6789,M06,1,18.39,17.25552,21
221,b2055287b28edac3e1fa6789,M07,1,21.58,20.51532,30
221,b2055287b28edac3e1fa6789,M08,1,25.52,23.39476,30
221,b2055287b28edac3e1fa6789,M09,1,24.08,22.22116,30
221,b2055287b28edac3e1fa6789,M10,1,27.07,24.84632,30
221,b2055287b28edac3e1fa6789,M11,1,26.18,24.36776,30
221,b2055287b28edac3e1fa6789,M12,1,38.21,37.69992,45
221,b2055287b28edac3e1fa6789,M13,1,41.21,40.13892,60
221,b2055287b28edac3e1fa6789,M14,1,38.54,37.97408,60
221,b2055287b28edac3e1fa6789,M15,1,41.18,40.2446,60
221,b2055287b28edac3e1fa6789,M16,1,70.9,68.09024,100
221,b2055287b28edac3e1fa6789,M17,1,9.95,9.47852,14
221,b2055287b28edac3e1fa6789,M18,1,14.33,14.1664,21
221,b2055287b28edac3e1fa6789,M19,1,15.5,14.2992,21
221,b2055287b28edac3e1fa6789,M20,1,16.69,14.50916,20
221,b2055287b28edac3e1fa6789,M21,1,14.11,13.58916,21
221,b2055287b28edac3e1fa6789,M22,1,37.84,29.97812,45
221,b2055287b28edac3e1fa6789,M23,1,34.66,26.84204,45
221,b2055287b28edac3e1fa6789,M24,1,37.86,30.37964,45
221,b2055287b28edac3e1fa6789,M25,1,18.11,17.16976,20
221,b2055287b28edac3e1fa6789,M26,1,16.42,15.91924,20
221,b2055287b28edac3e1fa6789,M27,1,23.28,22.08588,30
221,b2055287b28edac3e1fa6789,M28,1,21.47,20.6134,30
221,b2055287b28edac3e1fa6789,M29,1,22.92,21.9958,30
221,b2055287b28edac3e1fa6789,M30,1,15.26,15.01504,21
222,6031d890eca7dc3190572968,M01,2,7.96,7.28792,10
222,6031d890eca7dc3190572968,M02,2,10.59,9.81946,15
222,6031d890eca7dc3190572968,M03,2,11.86,10.1602346667,21
222,6031d890eca7dc3190572968,M04,2,10.75,9.51706333333,21
222,6031d890eca7dc3190572968,M05,2,10.87,9.525,21
222,6031d890eca7dc3190572968,M06,2,14.61,13.0275108571,21
222,6031d890eca7dc3190572968,M07,2,16.49,14.2264573333,30
222,6031d890eca7dc3190572968,M08,2,20.82,19.1402733333,30
222,6031d890eca7dc3190572968,M09,2,19.27,18.05532,30
222,6031d890eca7dc3190572968,M10,2,22.41,20.451616,30
222,6031d890eca7dc3190572968,M11,2,21.32,19.7279166667,30
222,6031d890eca7dc3190572968,M12,2,30.21,26.44612,45
222,6031d890eca7dc3190572968,M13,2,31.29,26.6591026667,60
222,6031d890eca7dc3190572968,M14,2,27.83,23.91268,60
222,6031d890eca7dc3190572968,M15,2,31.47,26.7774866667,60
222,6031d890eca7dc3190572968,M16,2,60.2,54.2906,100
222,6031d890eca7dc3190572968,M17,2,8.04,7.2914,14
222,6031d890eca7dc3190572968,M18,2,11.22,9.94397,21
222,6031d890eca7dc3190572968,M19,2,10.09,8.663052,21
222,6031d890eca7dc3190572968,M20,2,12.22,10.72004,20
222,6031d890eca7dc3190572968,M21,2,9.31,8.27973333333,21
222,6031d890eca7dc3190572968,M22,2,23.81,20.165764,45
222,6031d890eca7dc3190572968,M23,2,20.46,17.1229933333,45
222,6031d890eca7dc3190572968,M24,2,24.33,20.528164,45
222,6031d890eca7dc3190572968,M25,2,15.24,14.1564,20
222,6031d890eca7dc3190572968,M26,2,14.01,12.989,20
222,6031d890eca7dc3190572968,M27,2,18.85,16.84844,30
222,6031d890eca7dc3190572968,M28,2,16.89,15.10584,30
222,6031d890eca7dc3190572968,M29,2,18.77,16.8866933333,30
222,6031d890eca7dc3190572968,M30,2,11.9,10.1597533333,21
223,a0b2ab35e6b6a3ad3cb8099a,M01,2,9.36,8.7378,10
223,a0b2ab35e6b6a3ad3cb8099a,M02,2,11.93,11.64744,15
223,a0b2ab35e6b6a3ad3cb8099a,M03,2,14.39,13.92416,21
223,a0b2ab35e6b6a3ad3cb8099a,M04,2,13.22,13.0686,21
223,a0b2ab35e6b6a3ad3cb8099a,M05,2,13.55,13.28272,21
223,a0b2ab35e6b6a3ad3cb8099a,M06,2,17.28,16.6888,21
223,a0b2ab35e6b6a3ad3cb8099a,M07,2,20.4,19.4366,30
223,a0b2ab35e6b6a3ad3cb8099a,M08,2,24.41,23.57448,30
223,a0b2ab35e6b6a3ad3cb8099a,M09,2,22.82,22.0228,30
223,a0b2ab35e6b6a3ad3cb8099a,M10,2,25.94,24.75984,30
223,a0b2ab35e6b6a3ad3cb8099a,M11,2,24.95,24.32136,30
223,a0b2ab35e6b6a3ad3cb8099a,M12,2,36.41,35.54692,45
223,a0b2ab35e6b6a3ad3cb8099a,M13,2,38.74,37.10256,60
223,a0b2ab35e6b6a3ad3cb8099a,M14,2,35.97,34.8164,60
223,a0b2ab35e6b6a3ad3cb8099a,M15,2,39.2,37.41892,60
223,a0b2ab35e6b6a3ad3cb8099a,M16,2,68.24,65.70956,100
223,a0b2ab35e6b6a3ad3cb8099a,M17,2,9.39,8.99664,14
223,a0b2ab35e6b6a3ad3cb8099a,M18,2,13.48,13.215,21
223,a0b2ab35e6b6a3ad3cb8099a,M19,2,13.48,12.879,21
223,a0b2ab35e6b6a3ad3cb8099a,M20,2,15.05,12.18784,20
223,a0b2ab35e6b6a3ad3cb8099a,M21,2,12.32,11.55292,21
223,a0b2ab35e6b6a3ad3cb8099a,M22,2,32.82,23.02344,45
223,a0b2ab35e6b6a3ad3cb8099a,M23,2,29.64,22.27312,45
223,a0b2ab35e6b6a3ad3cb8099a,M24,2,33.25,23.30248,45
223,a0b2ab35e6b6a3ad3cb8099a,M25,2,17.01,16.60232,20
223,a0b2ab35e6b6a3ad3cb8099a,M26,2,15.63,15.39912,20
223,a0b2ab35e6b6a3ad3cb8099a,M27,2,21.98,21.3456,30
223,a0b2ab35e6b6a3ad3cb8099a,M28,2,20.28,19.86172,30
223,a0b2ab35e6b6a3ad3cb8099a,M29,2,21.86,21.22652,30
223,a0b2ab35e6b6a3ad3cb8099a,M30,2,14.45,14.03836,21
225,493b94c3c8c4c9bf713f2445,M01,3,4.88,6.01684,10
225,493b94c3c8c4c9bf713f2445,M02,3,6.39,7.61972,15
225,493b94c3c8c4c9bf713f2445,M03,3,5.45,7.06264,21
225,493b94c3c8c4c9bf713f2445,M04,3,5.2,6.61692,21
225,493b94c3c8c4c9bf713f2445,M05,3,5.13,6.5808,21
225,493b94c3c8c4c9bf713f2445,M06,3,6.95,9.30012,21
225,493b94c3c8c4c9bf713f2445,M07,3,6.98,9.586,30
225,493b94c3c8c4c9bf713f2445,M08,3,9.12,12.9394,30
225,493b94c3c8c4c9bf713f2445,M09,3,8.25,12.06692,30
225,493b94c3c8c4c9bf713f2445,M10,3,10.7,13.99512,30
225,493b94c3c8c4c9bf713f2445,M11,3,9.9,13.36048,30
225,493b94c3c8c4c9bf713f2445,M12,3,11.12,16.2512,45
225,493b94c3c8c4c9bf713f2445,M13,3,11.22,15.80776,60
225,493b94c3c8c4c9bf713f2445,M14,3,8.79,14.015,60
225,493b94c3c8c4c9bf713f2445,M15,3,10.95,15.94324,60
225,493b94c3c8c4c9bf713f2445,M16,3,21.44,30.57432,100
225,493b94c3c8c4c9bf713f2445,M17,3,3.72,5.24292,14
225,493b94c3c8c4c9bf713f2445,M18,3,5.61,6.985,21
225,493b94c3c8c4c9bf713f2445,M19,3,4.87,5.79772,21
225,493b94c3c8c4c9bf713f2445,M20,3,6.12,7.85264,20
225,493b94c3c8c4c9bf713f2445,M21,3,4.86,5.67884,21
225,493b94c3c8c4c9bf713f2445,M22,3,9,11.54552,45
225,493b94c3c8c4c9bf713f2445,M23,3,7.42,10.0228,45
225,493b94c3c8c4c9bf713f2445,M24,3,8.92,11.5856,45
225,493b94c3c8c4c9bf713f2445,M25,3,9.59,11.57068,20
225,493b94c3c8c4c9bf713f2445,M26,3,7.89,10.29568,20
225,493b94c3c8c4c9bf713f2445,M27,3,9.08,12.05136,30
225,493b94c3c8c4c9bf713f2445,M28,3,7.64,10.35556,30
225,493b94c3c8c4c9bf713f2445,M29,3,8.71,11.93824,30
225,493b94c3c8c4c9bf713f2445,M30,3,5.45,7.20288,21
226,ae5a55d12ebca06a5f8ce50c,M01,0,8.24,8.051,10
226,ae5a55d12ebca06a5f8ce50c,M02,0,10.87,10.65208,15
226,ae5a55d12ebca06a5f8ce50c,M03,0,12.59,12.071,21
226,ae5a55d12ebca06a5f8ce50c,M04,0,11.57,11.21076,21
226,ae5a55d12ebca06a5f8ce50c,M05,0,11.76,11.3294,21
226,ae5a55d12ebca06a5f8ce50c,M06,0,15.34,14.94088,21
226,ae5a55d12ebca06a5f8ce50c,M07,0,17.66,16.91428,30
226,ae5a55d12ebca06a5f8ce50c,M08,0,21.85,21.30736,30
226,ae5a55d12ebca06a5f8ce50c,M09,0,20.55,20.19596,30
226,ae5a55d12ebca06a5f8ce50c,M10,0,23.32,22.78772,30
226,ae5a55d12ebca06a5f8ce50c,M11,0,22.49,22.14168,30
226,ae5a55d12ebca06a5f8ce50c,M12,0,32.13,31.26816,45
226,ae5a55d12ebca06a5f8ce50c,M13,0,33.64,32.22932,60
226,ae5a55d12ebca06a5f8ce50c,M14,0,30.45,29.38132,60
226,ae5a55d12ebca06a5f8ce50c,M15,0,33.56,32.4442,60
226,ae5a55d12ebca06a5f8ce50c,M16,0,62.71,61.31892,100
226,ae5a55d12ebca06a5f8ce50c,M17,0,8.55,8.32564,14
226,ae5a55d12ebca06a5f8ce50c,M18,0,12.07,11.57012,21
226,ae5a55d12ebca06a5f8ce50c,M19,0,11.45,10.61792,21
226,ae5a55d12ebca06a5f8ce50c,M20,0,13.26,12.79752,20
226,ae5a55d12ebca06a5f8ce50c,M21,0,10.42,10.06328,21
226,ae5a55d12ebca06a5f8ce50c,M22,0,27.12,26.12896,45
226,ae5a55d12ebca06a5f8ce50c,M23,0,23.56,22.72692,45
226,ae5a55d12ebca06a5f8ce50c,M24,0,27.52,26.02532,45
226,ae5a55d12ebca06a5f8ce50c,M25,0,15.69,15.32764,20
226,ae5a55d12ebca06a5f8ce50c,M26,0,14.43,14.15916,20
226,ae5a55d12ebca06a5f8ce50c,M27,0,19.76,19.05672,30
226,ae5a55d12ebca06a5f8ce50c,M28,0,17.94,17.24344,30
226,ae5a55d12ebca06a5f8ce50c,M29,0,19.56,19.0318,30
226,ae5a55d12ebca06a5f8ce50c,M30,0,12.63,12.11612,21
227,d13130a6033e47d102f8fa76,M01,3,4.78,6.7636,10
227,d13130a6033e47d102f8fa76,M02,3,6.68,8.39736,15
227,d13130a6033e47d102f8fa76,M03,3,5.59,8.34082,21
227,d13130a6033e47d102f8fa76,M04,3,5.37,7.83848,21
227,d13130a6033e47d102f8fa76,M05,3,5.2,7.80368,21
227,d13130a6033e47d102f8fa76,M06,3,7.17,11.585136,21
227,d13130a6033e47d102f8fa76,M07,3,7.28,12.22484,30
227,d13130a6033e47d102f8fa76,M08,3,10.17,15.5989333333,30
227,d13130a6033e47d102f8fa76,M09,3,9.31,14.48876,30
227,d13130a6033e47d102f8fa76,M10,3,11.66,16.58352,30
227,d13130a6033e47d102f8fa76,M11,3,10.84,15.8166,30
227,d13130a6033e47d102f8fa76,M12,3,12.98,20.63828,45
227,d13130a6033e47d102f8fa76,M13,3,10.54,20.33068,60
227,d13130a6033e47d102f8fa76,M14,3,7.82,18.58596,60
227,d13130a6033e47d102f8fa76,M15,3,10.41,20.51348,60
227,d13130a6033e47d102f8fa76,M16,3,18.47,46.9352,100
227,d13130a6033e47d102f8fa76,M17,3,3.88,6.48404,14
227,d13130a6033e47d102f8fa76,M18,3,5.77,8.15976,21
227,d13130a6033e47d102f8fa76,M19,3,4.88,7.43768,21
227,d13130a6033e47d102f8fa76,M20,3,6.37,9.74804,20
227,d13130a6033e47d102f8fa76,M21,3,4.85,7.20768,21
227,d13130a6033e47d102f8fa76,M22,3,8.42,15.5083066667,45
227,d13130a6033e47d102f8fa76,M23,3,6.78,13.9714533333,45
227,d13130a6033e47d102f8fa76,M24,3,8.35,15.632768,45
227,d13130a6033e47d102f8fa76,M25,3,9.69,13.26696,20
227,d13130a6033e47d102f8fa76,M26,3,8.38,12.36584,20
227,d13130a6033e47d102f8fa76,M27,3,9.2,14.51648,30
227,d13130a6033e47d102f8fa76,M28,3,7.38,12.98448,30
227,d13130a6033e47d102f8fa76,M29,3,7.54,14.61005,30
227,d13130a6033e47d102f8fa76,M30,3,5.8,8.61005,21
228,526db5d548e812e0af002e85,M01,3,7.1,6.26552,10
228,526db5d548e812e0af002e85,M02,3,9.32,7.79368,15
228,526db5d548e812e0af002e85,M03,3,9.31,7.43824,21
228,526db5d548e812e0af002e85,M04,3,8.59,6.98636,21
228,526db5d548e812e0af002e85,M05,3,8.98,6.93896,21
228,526db5d548e812e0af002e85,M06,3,11.87,10.7712,21
228,526db5d548e812e0af002e85,M07,3,12.53,11.3578266667,30
228,526db5d548e812e0af002e85,M08,3,16.79,14.03356,30
228,526db5d548e812e0af002e85,M09,3,15.84,13.19996,30
228,526db5d548e812e0af002e85,M10,3,18.56,14.923872,30
228,526db5d548e812e0af002e85,M11,3,18.47,14.23012,30
228,526db5d548e812e0af002e85,M12,3,23.29,18.75084,45
228,526db5d548e812e0af002e85,M13,3,23.34,18.2652,60
228,526db5d548e812e0af002e85,M14,3,19.7,16.81768,60
228,526db5d548e812e0af002e85,M15,3,23.65,18.4618,60
228,526db5d548e812e0af002e85,M16,3,50.53,40.54338,100
228,526db5d548e812e0af002e85,M17,3,6.43,5.80456,14
228,526db5d548e812e0af002e85,M18,3,8.79,7.27396,21
228,526db5d548e812e0af002e85,M19,3,6.37,6.63866,21
228,526db5d548e812e0af002e85,M20,3,8.06,8.81814666667,20
228,526db5d548e812e0af002e85,M21,3,5.71,6.42606666667,21
228,526db5d548e812e0af002e85,M22,3,12.32,13.50452,45
228,526db5d548e812e0af002e85,M23,3,11.2,12.397704,45
228,526db5d548e812e0af002e85,M24,3,11.91,13.620928,45
228,526db5d548e812e0af002e85,M25,3,14.29,12.73832,20
228,526db5d548e812e0af002e85,M26,3,12.99,11.89284,20
228,526db5d548e812e0af002e85,M27,3,16.84,13.76756,30
228,526db5d548e812e0af002e85,M28,3,14.77,12.2844,30
228,526db5d548e812e0af002e85,M29,3,16.77,13.87557,30
228,526db5d548e812e0af002e85,M30,3,10.35,7.82953,21
229,3b65ef9d92c67daf73ca37e7,M01,4,9.03,8.84972,10
229,3b65ef9d92c67daf73ca37e7,M02,4,11.64,11.73352,15
229,3b65ef9d92c67daf73ca37e7,M03,4,14.06,13.9732,21
229,3b65ef9d92c67daf73ca37e7,M04,4,13.19,13.11516,21
229,3b65ef9d92c67daf73ca37e7,M05,4,13.41,13.3728,21
229,3b65ef9d92c67daf73ca37e7,M06,4,16.94,16.77252,21
229,3b65ef9d92c67daf73ca37e7,M07,4,19.97,20.03976,30
229,3b65ef9d92c67daf73ca37e7,M08,4,23.96,24.01532,30
229,3b65ef9d92c67daf73ca37e7,M09,4,22.78,22.9368,30
229,3b65ef9d92c67daf73ca37e7,M10,4,25.41,25.33232,30
229,3b65ef9d92c67daf73ca37e7,M11,4,24.67,24.82776,30
229,3b65ef9d92c67daf73ca37e7,M12,4,35.78,36.56628,45
229,3b65ef9d92c67daf73ca37e7,M13,4,38.13,38.41248,60
229,3b65ef9d92c67daf73ca37e7,M14,4,35.4,36.293,60
229,3b65ef9d92c67daf73ca37e7,M15,4,38.27,38.70184,60
229,3b65ef9d92c67daf73ca37e7,M16,4,67.58,68.182,100
229,3b65ef9d92c67daf73ca37e7,M17,4,9.34,9.2998,14
229,3b65ef9d92c67daf73ca37e7,M18,4,13.43,13.3552,21
229,3b65ef9d92c67daf73ca37e7,M19,4,13.56,13.15448,21
229,3b65ef9d92c67daf73ca37e7,M20,4,15.03,14.53428,20
229,3b65ef9d92c67daf73ca37e7,M21,4,12.44,12.40076,21
229,3b65ef9d92c67daf73ca37e7,M22,4,32.88,32.0576,45
229,3b65ef9d92c67daf73ca37e7,M23,4,29.4,29.1222,45
229,3b65ef9d92c67daf73ca37e7,M24,4,33.41,32.29664,45
229,3b65ef9d92c67daf73ca37e7,M25,4,16.69,16.6828,20
229,3b65ef9d92c67daf73ca37e7,M26,4,15.39,15.54256,20
229,3b65ef9d92c67daf73ca37e7,M27,4,21.61,21.56344,30
229,3b65ef9d92c67daf73ca37e7,M28,4,19.95,20.13532,30
229,3b65ef9d92c67daf73ca37e7,M29,4,21.35,21.30384,30
229,3b65ef9d92c67daf73ca37e7,M30,4,14.14,13.96776,21
230,3d7bd96ca15710fb424119d8,M01,2,8.61,8.91008,10
230,3d7bd96ca15710fb424119d8,M02,2,12.52,12.18268,15
230,3d7bd96ca15710fb424119d8,M03,2,15.13,14.61748,21
230,3d7bd96ca15710fb424119d8,M04,2,14.3,13.78596,21
230,3d7bd96ca15710fb424119d8,M05,2,14.62,13.95264,21
230,3d7bd96ca15710fb424119d8,M06,2,18.29,17.63924,21
230,3d7bd96ca15710fb424119d8,M07,2,21.5,20.66512,30
230,3d7bd96ca15710fb424119d8,M08,2,25.44,24.46184,30
230,3d7bd96ca15710fb424119d8,M09,2,24.31,23.06,30
230,3d7bd96ca15710fb424119d8,M10,2,26.98,25.93652,30
230,3d7bd96ca15710fb424119d8,M11,2,26.47,25.33268,30
230,3d7bd96ca15710fb424119d8,M12,2,38.1,37.30928,45
230,3d7bd96ca15710fb424119d8,M13,2,41.59,39.08124,60
230,3d7bd96ca15710fb424119d8,M14,2,39,36.92952,60
230,3d7bd96ca15710fb424119d8,M15,2,41.74,39.13392,60
230,3d7bd96ca15710fb424119d8,M16,2,71.33,68.01976,100
230,3d7bd96ca15710fb424119d8,M17,2,10.04,9.39664,14
230,3d7bd96ca15710fb424119d8,M18,2,14.5,13.87584,21
230,3d7bd96ca15710fb424119d8,M19,2,15.77,14.16396,21
230,3d7bd96ca15710fb424119d8,M20,2,16.63,14.76776,20
230,3d7bd96ca15710fb424119d8,M21,2,14.34,13.08272,21
230,3d7bd96ca15710fb424119d8,M22,2,38.25,32.69436,45
230,3d7bd96ca15710fb424119d8,M23,2,35.15,29.96316,45
230,3d7bd96ca15710fb424119d8,M24,2,38.45,32.84484,45
230,3d7bd96ca15710fb424119d8,M25,2,18.32,17.10936,20
230,3d7bd96ca15710fb424119d8,M26,2,16.58,15.97232,20
230,3d7bd96ca15710fb424119d8,M27,2,23.53,22.65368,30
230,3d7bd96ca15710fb424119d8,M28,2,21.68,21.25216,30
230,3d7bd96ca15710fb424119d8,M29,2,23.32,22.47816,30
230,3d7bd96ca15710fb424119d8,M30,2,15.49,14.69484,21
231,dee02d0f4ba2425984cce9ae,M01,4,9.14,8.4742,10
231,dee02d0f4ba2425984cce9ae,M02,4,11.79,11.2108,15
231,dee02d0f4ba2425984cce9ae,M03,4,14.23,13.18344,21
231,dee02d0f4ba2425984cce9ae,M04,4,13.19,12.32752,21
231,dee02d0f4ba2425984cce9ae,M05,4,13.49,12.60532,21
231,dee02d0f4ba2425984cce9ae,M06,4,17.07,16.05552,21
231,dee02d0f4ba2425984cce9ae,M07,4,20.18,18.56272,30
231,dee02d0f4ba2425984cce9ae,M08,4,24.19,22.62664,30
231,dee02d0f4ba2425984cce9ae,M09,4,22.8,21.33172,30
231,dee02d0f4ba2425984cce9ae,M10,4,25.68,23.95504,30
231,dee02d0f4ba2425984cce9ae,M11,4,24.94,23.54896,30
231,dee02d0f4ba2425984cce9ae,M12,4,36.1,33.44476,45
231,dee02d0f4ba2425984cce9ae,M13,4,38.31,34.43296,60
231,dee02d0f4ba2425984cce9ae,M14,4,35.62,32.08788,60
231,dee02d0f4ba2425984cce9ae,M15,4,38.81,34.95908,60
231,dee02d0f4ba2425984cce9ae,M16,4,67.79,63.35044,100
231,dee02d0f4ba2425984cce9ae,M17,4,9.36,8.70308,14
231,dee02d0f4ba2425984cce9ae,M18,4,13.46,12.42716,21
231,dee02d0f4ba2425984cce9ae,M19,4,13.35,11.63872,21
231,dee02d0f4ba2425984cce9ae,M25,4,16.8,16.19048,20
231,dee02d0f4ba2425984cce9ae,M26,4,15.5,15.11732,20
231,dee02d0f4ba2425984cce9ae,M27,4,21.43,20.8236,30
231,dee02d0f4ba2425984cce9ae,M28,4,20.07,19.31912,30
231,dee02d0f4ba2425984cce9ae,M29,4,21.62,20.77196,30
231,dee02d0f4ba2425984cce9ae,M30,4,14.28,13.32832,21
232,144e67efd6d586547a1449e2,M01,2,5.21,5.97576,10
232,144e67efd6d586547a1449e2,M02,2,7.03,7.95912,15
232,144e67efd6d586547a1449e2,M03,2,5.93,7.45088,21
232,144e67efd6d586547a1449e2,M04,2,5.58,6.88352,21
232,144e67efd6d586547a1449e2,M05,2,5.43,6.75592,21
232,144e67efd6d586547a1449e2,M06,2,7.6,9.74392,21
232,144e67efd6d586547a1449e2,M07,2,7.78,10.47808,30
232,144e67efd6d586547a1449e2,M08,2,11.23,14.69664,30
232,144e67efd6d586547a1449e2,M09,2,10.26,13.68112,30
232,144e67efd6d586547a1449e2,M10,2,12.69,16.03672,30
232,144e67efd6d586547a1449e2,M11,2,11.83,15.44568,30
232,144e67efd6d586547a1449e2,M12,2,14.68,20.1284,45
232,144e67efd6d586547a1449e2,M13,2,13.85,19.34004,60
232,144e67efd6d586547a1449e2,M14,2,11.79,16.65764,60
232,144e67efd6d586547a1449e2,M15,2,13.47,19.6796,60
232,144e67efd6d586547a1449e2,M16,2,31.18,39.10696,100
232,144e67efd6d586547a1449e2,M17,2,4.25,5.24252,14
232,144e67efd6d586547a1449e2,M18,2,6.03,7.27056,21
232,144e67efd6d586547a1449e2,M19,2,4.89,5.75754,21
232,144e67efd6d586547a1449e2,M20,2,6.42,7.99072,20
232,144e67efd6d586547a1449e2,M21,2,4.85,5.65944,21
232,144e67efd6d586547a1449e2,M22,2,9.44,12.4255066667,45
232,144e67efd6d586547a1449e2,M23,2,8.38,10.90824,45
232,144e67efd6d586547a1449e2,M24,2,9.1,12.49536,45
232,144e67efd6d586547a1449e2,M25,2,11.22,11.70676,20
232,144e67efd6d586547a1449e2,M26,2,9.89,10.7826,20
232,144e67efd6d586547a1449e2,M27,2,11.05,13.10364,30
232,144e67efd6d586547a1449e2,M28,2,9.37,11.23584,30
232,144e67efd6d586547a1449e2,M29,2,11.41,13.15759,30
232,144e67efd6d586547a1449e2,M30,2,6.64,7.44329333333,21
233,a047c7c3e85649e0405c3ba7,M01,1,6.88,6.62192,10
233,a047c7c3e85649e0405c3ba7,M02,1,9.18,8.72948,15
233,a047c7c3e85649e0405c3ba7,M03,1,9.17,8.52572,21
233,a047c7c3e85649e0405c3ba7,M04,1,8.34,7.89176,21
233,a047c7c3e85649e0405c3ba7,M05,1,8.26,7.82908,21
233,a047c7c3e85649e0405c3ba7,M06,1,11.58,10.586,21
233,a047c7c3e85649e0405c3ba7,M07,1,12.45,11.25312,30
233,a047c7c3e85649e0405c3ba7,M08,1,16.82,15.71788,30
233,a047c7c3e85649e0405c3ba7,M09,1,15.64,14.67464,30
233,a047c7c3e85649e0405c3ba7,M10,1,18.4,17.0484,30
233,a047c7c3e85649e0405c3ba7,M11,1,17.52,16.40356,30
233,a047c7c3e85649e0405c3ba7,M12,1,23.6,21.5602,45
233,a047c7c3e85649e0405c3ba7,M13,1,23.17,21.0978,60
233,a047c7c3e85649e0405c3ba7,M14,1,19.68,18.43792,60
233,a047c7c3e85649e0405c3ba7,M15,1,23.14,21.35124,60
233,a047c7c3e85649e0405c3ba7,M16,1,50.75,43.73912,100
233,a047c7c3e85649e0405c3ba7,M17,1,6.54,6.20924,14
233,a047c7c3e85649e0405c3ba7,M18,1,8.98,8.26716,21
233,a047c7c3e85649e0405c3ba7,M19,1,6.29,6.18536,21
233,a047c7c3e85649e0405c3ba7,M20,1,8.61,8.29852,20
233,a047c7c3e85649e0405c3ba7,M21,1,6.02,5.9932,21
233,a047c7c3e85649e0405c3ba7,M22,1,13.48,12.8272,45
233,a047c7c3e85649e0405c3ba7,M23,1,11.63,11.18836,45
233,a047c7c3e85649e0405c3ba7,M24,1,13.44,12.9588,45
233,a047c7c3e85649e0405c3ba7,M25,1,13.5,12.73576,20
233,a047c7c3e85649e0405c3ba7,M26,1,12.19,11.57956,20
233,a047c7c3e85649e0405c3ba7,M27,1,15.28,14.28852,30
233,a047c7c3e85649e0405c3ba7,M28,1,13.24,12.08924,30
233,a047c7c3e85649e0405c3ba7,M29,1,15.04,15.05244,30
233,a047c7c3e85649e0405c3ba7,M30,1,9.19,8.60188,21
234,21eea0afa313d3769372de02,M01,4,9.97,8.45156,10
234,21eea0afa313d3769372de02,M02,4,14.42,11.07684,15
234,21eea0afa313d3769372de02,M03,4,17.03,12.70008,21
234,21eea0afa313d3769372de02,M04,4,15.29,12.11444,21
234,21eea0afa313d3769372de02,M05,4,15.62,12.26704,21
234,21eea0afa313d3769372de02,M06,4,20.38,15.9632,21
234,21eea0afa313d3769372de02,M07,4,23.17,18.39712,30
234,21eea0afa313d3769372de02,M08,4,27.22,22.20212,30
234,21eea0afa313d3769372de02,M09,4,25.81,21.4296,30
234,21eea0afa313d3769372de02,M10,4,29.31,23.47896,30
234,21eea0afa313d3769372de02,M11,4,27.83,23.15972,30
234,21eea0afa313d3769372de02,M12,4,41.17,31.71564,45
234,21eea0afa313d3769372de02,M13,4,44.31,32.3964,60
234,21eea0afa313d3769372de02,M14,4,41.45,30.80984,60
234,21eea0afa313d3769372de02,M15,4,44.94,32.66468,60
234,21eea0afa313d3769372de02,M16,4,74.09,64.46048,100
234,21eea0afa313d3769372de02,M17,4,10.68,8.73848,14
234,21eea0afa313d3769372de02,M18,4,15.23,12.24252,21
234,21eea0afa313d3769372de02,M19,4,16.69,11.20744,21
234,21eea0afa313d3769372de02,M20,4,17.68,14.11508,20
234,21eea0afa313d3769372de02,M21,4,15.45,10.53952,21
234,21eea0afa313d3769372de02,M22,4,32.95,29.3122,45
234,21eea0afa313d3769372de02,M23,4,38.55,27.12892,45
234,21eea0afa313d3769372de02,M24,4,32.54,29.15088,45
234,21eea0afa313d3769372de02,M25,4,16.59,16.26896,20
234,21eea0afa313d3769372de02,M26,4,18.03,15.2156,20
234,21eea0afa313d3769372de02,M27,4,25.9,20.99712,30
234,21eea0afa313d3769372de02,M28,4,23.28,19.63204,30
234,21eea0afa313d3769372de02,M29,4,26.1,20.8048,30
234,21eea0afa313d3769372de02,M30,4,17.03,13.22368,21
235,6ee9f7ce16b214affda797f4,M01,4,4.95,3.4052,10
235,6ee9f7ce16b214affda797f4,M02,4,6.39,3.98444,15
235,6ee9f7ce16b214affda797f4,M03,4,5.54,3.91532,21
235,6ee9f7ce16b214affda797f4,M04,4,5.14,3.67088,21
235,6ee9f7ce16b214affda797f4,M05,4,5.06,3.507,21
235,6ee9f7ce16b214affda797f4,M06,4,6.99,5.5128,21
235,6ee9f7ce16b214affda797f4,M07,4,7.03,4.86288,30
235,6ee9f7ce16b214affda797f4,M08,4,8.79,3.50492,30
235,6ee9f7ce16b214affda797f4,M09,4,7.18,3.14532,30
235,6ee9f7ce16b214affda797f4,M10,4,10.56,4.02064,30
235,6ee9f7ce16b214affda797f4,M11,4,9.35,3.71388,30
235,6ee9f7ce16b214affda797f4,M12,4,10.39,3.81244,45
235,6ee9f7ce16b214affda797f4,M13,4,10.76,4.257,60
235,6ee9f7ce16b214affda797f4,M14,4,7.99,3.32732,60
235,6ee9f7ce16b214affda797f4,M15,4,10.97,4.68468,60
235,6ee9f7ce16b214affda797f4,M16,4,18.18,16.87144,100
235,6ee9f7ce16b214affda797f4,M17,4,3.36,2.54344,14
235,6ee9f7ce16b214affda797f4,M18,4,5.57,3.92236,21
235,6ee9f7ce16b214affda797f4,M19,4,4.77,3.68616,21
235,6ee9f7ce16b214affda797f4,M20,4,5.84,4.32916,20
235,6ee9f7ce16b214affda797f4,M21,4,4.73,3.53124,21
235,6ee9f7ce16b214affda797f4,M22,4,8.55,3.70552,45
235,6ee9f7ce16b214affda797f4,M23,4,6.98,2.87828,45
235,6ee9f7ce16b214affda797f4,M24,4,8.46,3.94196,45
235,6ee9f7ce16b214affda797f4,M25,4,9.5,8.68372,20
235,6ee9f7ce16b214affda797f4,M26,4,7.6,7.52388,20
235,6ee9f7ce16b214affda797f4,M27,4,9.07,7.97172,30
235,6ee9f7ce16b214affda797f4,M28,4,7.52,6.63652,30
235,6ee9f7ce16b214affda797f4,M29,4,8.9,7.94364,30
235,6ee9f7ce16b214affda797f4,M30,4,5.55,5.08688,21
236,ecce04dcbcf0122880ef1bc4,M01,4,8.15,7.96056,10
236,ecce04dcbcf0122880ef1bc4,M02,4,10.79,10.53392,15
236,ecce04dcbcf0122880ef1bc4,M03,4,12.39,11.5106,21
236,ecce04dcbcf0122880ef1bc4,M04,4,11.54,10.68768,21
236,ecce04dcbcf0122880ef1bc4,M05,4,11.73,10.80008,21
236,ecce04dcbcf0122880ef1bc4,M06,4,15.22,15.00156,21
236,ecce04dcbcf0122880ef1bc4,M07,4,17.36,16.77876,30
236,ecce04dcbcf0122880ef1bc4,M08,4,21.62,20.94524,30
236,ecce04dcbcf0122880ef1bc4,M09,4,20.46,19.90992,30
236,ecce04dcbcf0122880ef1bc4,M10,4,23.13,22.05344,30
236,ecce04dcbcf0122880ef1bc4,M11,4,22.41,21.6084,30
236,ecce04dcbcf0122880ef1bc4,M12,4,31.7,29.28356,45
236,ecce04dcbcf0122880ef1bc4,M13,4,33.31,29.6616,60
236,ecce04dcbcf0122880ef1bc4,M14,4,30.22,27.899,60
236,ecce04dcbcf0122880ef1bc4,M15,4,33.32,29.85388,60
236,ecce04dcbcf0122880ef1bc4,M16,4,62.4,60.48616,100
236,ecce04dcbcf0122880ef1bc4,M17,4,8.51,8.27812,14
236,ecce04dcbcf0122880ef1bc4,M18,4,11.92,11.02916,21
236,ecce04dcbcf0122880ef1bc4,M19,4,10.66,10.53896,21
236,ecce04dcbcf0122880ef1bc4,M20,4,12.6,13.0974,20
236,ecce04dcbcf0122880ef1bc4,M21,4,9.88,9.99904,21
236,ecce04dcbcf0122880ef1bc4,M22,4,24.98,25.84596,45
236,ecce04dcbcf0122880ef1bc4,M23,4,21.53,23.21056,45
236,ecce04dcbcf0122880ef1bc4,M24,4,25.58,26.17552,45
236,ecce04dcbcf0122880ef1bc4,M25,4,15.57,15.4626,20
236,ecce04dcbcf0122880ef1bc4,M26,4,14.34,14.30616,20
236,ecce04dcbcf0122880ef1bc4,M27,4,19.59,18.98596,30
236,ecce04dcbcf0122880ef1bc4,M28,4,17.82,17.18692,30
236,ecce04dcbcf0122880ef1bc4,M29,4,19.41,18.86792,30
236,ecce04dcbcf0122880ef1bc4,M30,4,12.45,11.49948,21
237,fae1b0a30d608d7f0a01c6ee,M01,0,7.34,6.7318,10
237,fae1b0a30d608d7f0a01c6ee,M02,0,10.1,9.29324,15
237,fae1b0a30d608d7f0a01c6ee,M03,0,11.19,9.35262,21
237,fae1b0a30d608d7f0a01c6ee,M04,0,10.32,8.8847,21
237,fae1b0a30d608d7f0a01c6ee,M05,0,10.26,8.73788,21
237,fae1b0a30d608d7f0a01c6ee,M06,0,13.89,11.4296666667,21
237,fae1b0a30d608d7f0a01c6ee,M07,0,15.11,12.9712133333,30
237,fae1b0a30d608d7f0a01c6ee,M08,0,19.86,17.3852866667,30
237,fae1b0a30d608d7f0a01c6ee,M09,0,18.7,16.4986,30
237,fae1b0a30d608d7f0a01c6ee,M10,0,21.22,18.5232533333,30
237,fae1b0a30d608d7f0a01c6ee,M11,0,20.47,17.884588,30
237,fae1b0a30d608d7f0a01c6ee,M12,0,28.47,24.64704,45
237,fae1b0a30d608d7f0a01c6ee,M13,0,28.16,24.3636666667,60
237,fae1b0a30d608d7f0a01c6ee,M14,0,25.05,20.46876,60
237,fae1b0a30d608d7f0a01c6ee,M15,0,28.89,24.56728,60
237,fae1b0a30d608d7f0a01c6ee,M16,0,56.78,48.60128,100
237,fae1b0a30d608d7f0a01c6ee,M17,0,8.16,6.79224,14
237,fae1b0a30d608d7f0a01c6ee,M18,0,10.71,9.32144,21
237,fae1b0a30d608d7f0a01c6ee,M19,0,8.96,7.45074666667,21
237,fae1b0a30d608d7f0a01c6ee,M20,0,11.38,10.19952,20
237,fae1b0a30d608d7f0a01c6ee,M21,0,8.75,7.46494,21
237,fae1b0a30d608d7f0a01c6ee,M22,0,20.94,17.6449493333,45
237,fae1b0a30d608d7f0a01c6ee,M23,0,18.11,14.462114,45
237,fae1b0a30d608d7f0a01c6ee,M24,0,21.6,20.01618,45
237,fae1b0a30d608d7f0a01c6ee,M25,0,14.19,13.02336,20
237,fae1b0a30d608d7f0a01c6ee,M26,0,13.04,12.02476,20
237,fae1b0a30d608d7f0a01c6ee,M27,0,16.82,14.89336,30
237,fae1b0a30d608d7f0a01c6ee,M28,0,15.05,13.21732,30
237,fae1b0a30d608d7f0a01c6ee,M29,0,16.92,15.20016,30
237,fae1b0a30d608d7f0a01c6ee,M30,0,10.37,9.2202,21
238,4a69088acec0c142b3de9690,M01,3,5.06,7.46264,10
238,4a69088acec0c142b3de9690,M02,3,6.77,10.09836,15
238,4a69088acec0c142b3de9690,M03,3,5.71,10.66448,21
238,4a69088acec0c142b3de9690,M04,3,5.41,9.96448,21
238,4a69088acec0c142b3de9690,M05,3,5.34,10.01352,21
238,4a69088acec0c142b3de9690,M06,3,7.31,13.3960533333,21
238,4a69088acec0c142b3de9690,M07,3,7.41,14.81032,30
238,4a69088acec0c142b3de9690,M08,3,10.31,19.0265133333,30
238,4a69088acec0c142b3de9690,M09,3,9.36,17.86956,30
238,4a69088acec0c142b3de9690,M10,3,11.84,20.17176,30
238,4a69088acec0c142b3de9690,M11,3,10.96,19.4550633333,30
238,4a69088acec0c142b3de9690,M12,3,13.2,27.66776,45
238,4a69088acec0c142b3de9690,M13,3,12.72,27.91944,60
238,4a69088acec0c142b3de9690,M14,3,10.74,25.13628,60
238,4a69088acec0c142b3de9690,M15,3,12.66,28.11664,60
238,4a69088acec0c142b3de9690,M16,3,27.18,53.81262,100
238,4a69088acec0c142b3de9690,M17,3,3.77,7.39112,14
238,4a69088acec0c142b3de9690,M18,3,5.68,10.3153333333,21
238,4a69088acec0c142b3de9690,M19,3,4.93,8.69236,21
238,4a69088acec0c142b3de9690,M20,3,6.45,10.8625333333,20
238,4a69088acec0c142b3de9690,M21,3,4.89,8.29684,21
238,4a69088acec0c142b3de9690,M22,3,9.53,19.7776666667,45
238,4a69088acec0c142b3de9690,M23,3,8.49,16.9551933333,45
238,4a69088acec0c142b3de9690,M24,3,9.21,20.0391066667,45
238,4a69088acec0c142b3de9690,M25,3,13.35,14.3224,20
238,4a69088acec0c142b3de9690,M26,3,11.93,13.24484,20
238,4a69088acec0c142b3de9690,M27,3,14.73,17.0624,30
238,4a69088acec0c142b3de9690,M28,3,12.68,15.29496,30
238,4a69088acec0c142b3de9690,M29,3,14.54,17.041,30
238,4a69088acec0c142b3de9690,M30,3,8.87,10.70588,21
239,f8ac8d48882ea0feea3861c4,M01,1,6.72,7.27392,10
239,f8ac8d48882ea0feea3861c4,M02,1,9.4,9.99872,15
239,f8ac8d48882ea0feea3861c4,M03,1,9.69,10.57032,21
239,f8ac8d48882ea0feea3861c4,M04,1,9.13,10.03104,21
239,f8ac8d48882ea0feea3861c4,M05,1,8.87,9.94912,21
239,f8ac8d48882ea0feea3861c4,M06,1,11.53,13.2038,21
239,f8ac8d48882ea0feea3861c4,M07,1,13.31,14.6242,30
239,f8ac8d48882ea0feea3861c4,M08,1,17.73,19.16228,30
239,f8ac8d48882ea0feea3861c4,M09,1,16.92,18.16196,30
239,f8ac8d48882ea0feea3861c4,M10,1,19.27,20.36552,30
239,f8ac8d48882ea0feea3861c4,M11,1,18.44,19.78216,30
239,f8ac8d48882ea0feea3861c4,M12,1,25.3,27.42996,45
239,f8ac8d48882ea0feea3861c4,M13,1,26.39,26.99112,60
239,f8ac8d48882ea0feea3861c4,M14,1,20.65,23.78216,60
239,f8ac8d48882ea0feea3861c4,M15,1,25.07,27.69584,60
239,f8ac8d48882ea0feea3861c4,M16,1,51.57,54.09376,100
239,f8ac8d48882ea0feea3861c4,M17,1,7.06,7.50996,14
239,f8ac8d48882ea0feea3861c4,M18,1,9.77,10.30428,21
239,f8ac8d48882ea0feea3861c4,M19,1,7.55,8.2118,21
239,f8ac8d48882ea0feea3861c4,M20,1,10.81,10.5932,20
239,f8ac8d48882ea0feea3861c4,M21,1,7.9,8.09108,21
239,f8ac8d48882ea0feea3861c4,M22,1,18.78,19.4326,45
239,f8ac8d48882ea0feea3861c4,M23,1,14.97,16.16592,45
239,f8ac8d48882ea0feea3861c4,M24,1,23.71,20.56408,45
239,f8ac8d48882ea0feea3861c4,M25,1,13.27,13.90948,20
239,f8ac8d48882ea0feea3861c4,M26,1,12.15,12.88104,20
239,f8ac8d48882ea0feea3861c4,M27,1,15.06,16.05124,30
239,f8ac8d48882ea0feea3861c4,M28,1,13.34,14.51932,30
239,f8ac8d48882ea0feea3861c4,M29,1,15.6,16.15744,30
239,f8ac8d48882ea0feea3861c4,M30,1,9.2,10.29856,21
240,4fc34b6859ebf93e0c16c141,M01,4,5.63,6.78996,10
240,4fc34b6859ebf93e0c16c141,M02,4,7.14,9.00384,15
240,4fc34b6859ebf93e0c16c141,M03,4,6.03,8.9954,21
240,4fc34b6859ebf93e0c16c141,M04,4,5.66,8.29244,21
240,4fc34b6859ebf93e0c16c141,M05,4,5.54,8.33372,21
240,4fc34b6859ebf93e0c16c141,M06,4,7.71,11.1522,21
240,4fc34b6859ebf93e0c16c141,M07,4,7.94,12.046752,30
240,4fc34b6859ebf93e0c16c141,M08,4,11.57,16.20696,30
240,4fc34b6859ebf93e0c16c141,M09,4,10.66,15.31696,30
240,4fc34b6859ebf93e0c16c141,M10,4,13,17.681,30
240,4fc34b6859ebf93e0c16c141,M11,4,12.27,17.1434,30
240,4fc34b6859ebf93e0c16c141,M12,4,15.34,22.10668,45
240,4fc34b6859ebf93e0c16c141,M13,4,14.58,21.70626,60
240,4fc34b6859ebf93e0c16c141,M14,4,12.37,19.13884,60
240,4fc34b6859ebf93e0c16c141,M15,4,14.19,21.90356,60
240,4fc34b6859ebf93e0c16c141,M16,4,32.85,46.71208,100
240,4fc34b6859ebf93e0c16c141,M17,4,4.4,6.46252,14
240,4fc34b6859ebf93e0c16c141,M18,4,6.14,8.61696,21
240,4fc34b6859ebf93e0c16c141,M19,4,4.95,6.47196,21
240,4fc34b6859ebf93e0c16c141,M20,4,6.64,8.74789333333,20
240,4fc34b6859ebf93e0c16c141,M21,4,4.89,6.25324,21
240,4fc34b6859ebf93e0c16c141,M22,4,10.97,13.94372,45
240,4fc34b6859ebf93e0c16c141,M23,4,9.17,12.39864,45
240,4fc34b6859ebf93e0c16c141,M24,4,11.12,14.04172,45
240,4fc34b6859ebf93e0c16c141,M25,4,11.97,12.98456,20
240,4fc34b6859ebf93e0c16c141,M26,4,10.66,12.0526,20
240,4fc34b6859ebf93e0c16c141,M27,4,11.4,15.02796,30
240,4fc34b6859ebf93e0c16c141,M28,4,9.89,13.35048,30
240,4fc34b6859ebf93e0c16c141,M29,4,11.67,15.10812,30
240,4fc34b6859ebf93e0c16c141,M30,4,7.1,9.2982,21
241,18623281fc9dce7d70af43e9,M01,3,6.39,5.79512,10
241,18623281fc9dce7d70af43e9,M02,3,8.52,7.52816,15
241,18623281fc9dce7d70af43e9,M03,3,7.87,6.7832,21
241,18623281fc9dce7d70af43e9,M04,3,7.08,6.411,21
241,18623281fc9dce7d70af43e9,M05,3,6.81,6.23952,21
241,18623281fc9dce7d70af43e9,M06,3,9.94,8.6176,21
241,18623281fc9dce7d70af43e9,M07,3,10.63,9.04248,30
241,18623281fc9dce7d70af43e9,M08,3,14.79,12.58116,30
241,18623281fc9dce7d70af43e9,M09,3,13.45,11.60504,30
241,18623281fc9dce7d70af43e9,M10,3,16.37,13.60032,30
241,18623281fc9dce7d70af43e9,M11,3,15.01,12.82184,30
241,18623281fc9dce7d70af43e9,M12,3,20.29,16.30232,45
241,18623281fc9dce7d70af43e9,M13,3,18.35,15.67972,60
241,18623281fc9dce7d70af43e9,M14,3,15.14,13.6864,60
241,18623281fc9dce7d70af43e9,M15,3,19.01,15.6516,60
241,18623281fc9dce7d70af43e9,M16,3,41.75,36.8598,100
241,18623281fc9dce7d70af43e9,M17,3,6.14,4.95592,14
241,18623281fc9dce7d70af43e9,M18,3,8.33,6.82444,21
241,18623281fc9dce7d70af43e9,M19,3,6.87,5.63296,21
241,18623281fc9dce7d70af43e9,M20,3,9.06,7.60904,20
241,18623281fc9dce7d70af43e9,M21,3,6.45,5.71228,21
241,18623281fc9dce7d70af43e9,M22,3,14.51,11.37136,45
241,18623281fc9dce7d70af43e9,M23,3,12.13,10.06924,45
241,18623281fc9dce7d70af43e9,M24,3,14.74,11.40912,45
241,18623281fc9dce7d70af43e9,M25,3,11.57,11.03024,20
241,18623281fc9dce7d70af43e9,M26,3,10.56,9.88864,20
241,18623281fc9dce7d70af43e9,M27,3,11.63,11.21596,30
241,18623281fc9dce7d70af43e9,M28,3,10.73,9.86524,30
241,18623281fc9dce7d70af43e9,M29,3,12.74,11.3212,30
241,18623281fc9dce7d70af43e9,M30,3,7.17,6.82688,21
242,9e0901bcee50a2c1f9527fb0,M01,2,7.3,7.06784,10
242,9e0901bcee50a2c1f9527fb0,M02,2,9.81,9.56164,15
242,9e0901bcee50a2c1f9527fb0,M03,2,10.47,9.79124666667,21
242,9e0901bcee50a2c1f9527fb0,M04,2,9.56,9.09478333333,21
242,9e0901bcee50a2c1f9527fb0,M05,2,9.58,9.03359333333,21
242,9e0901bcee50a2c1f9527fb0,M06,2,13.01,12.4881866667,21
242,9e0901bcee50a2c1f9527fb0,M07,2,14.5,13.6441006667,30
242,9e0901bcee50a2c1f9527fb0,M08,2,18.92,17.9179253333,30
242,9e0901bcee50a2c1f9527fb0,M09,2,17.66,16.8382685714,30
242,9e0901bcee50a2c1f9527fb0,M10,2,20.36,19.3950666667,30
242,9e0901bcee50a2c1f9527fb0,M11,2,19.37,18.5701486667,30
242,9e0901bcee50a2c1f9527fb0,M12,2,27.27,25.35544,45
242,9e0901bcee50a2c1f9527fb0,M13,2,27.49,25.2607373333,60
242,9e0901bcee50a2c1f9527fb0,M14,2,24.29,22.28012,60
242,9e0901bcee50a2c1f9527fb0,M15,2,27.4,25.32548,60
242,9e0901bcee50a2c1f9527fb0,M16,2,56.08,54.3611666667,100
242,9e0901bcee50a2c1f9527fb0,M17,2,7.31,7.031216,14
242,9e0901bcee50a2c1f9527fb0,M18,2,10.14,9.653684,21
242,9e0901bcee50a2c1f9527fb0,M19,2,7.44,7.60681,21
242,9e0901bcee50a2c1f9527fb0,M20,2,9.81,10.1211066667,20
242,9e0901bcee50a2c1f9527fb0,M21,2,6.95,7.39810666667,21
242,9e0901bcee50a2c1f9527fb0,M22,2,16.46,17.626856,45
242,9e0901bcee50a2c1f9527fb0,M23,2,14.08,14.9987013333,45
242,9e0901bcee50a2c1f9527fb0,M24,2,16.61,17.7663333333,45
242,9e0901bcee50a2c1f9527fb0,M25,2,14.29,13.75788,20
242,9e0901bcee50a2c1f9527fb0,M26,2,13.08,12.65792,20
242,9e0901bcee50a2c1f9527fb0,M27,2,17.02,15.945816,30
242,9e0901bcee50a2c1f9527fb0,M28,2,15.2,14.21504,30
242,9e0901bcee50a2c1f9527fb0,M29,2,16.75,15.9742185714,30
242,9e0901bcee50a2c1f9527fb0,M30,2,10.52,9.66926266667,21
243,25ddcfd00b9d06444330609f,M01,3,6.95,7.4486,10
243,25ddcfd00b9d06444330609f,M02,3,9.48,10.15344,15
243,25ddcfd00b9d06444330609f,M03,3,9.78,10.74872,21
243,25ddcfd00b9d06444330609f,M04,3,8.86,10.0159733333,21
243,25ddcfd00b9d06444330609f,M05,3,8.47,10.06152,21
243,25ddcfd00b9d06444330609f,M06,3,12.04,13.34848,21
243,25ddcfd00b9d06444330609f,M07,3,13.42,14.70156,30
243,25ddcfd00b9d06444330609f,M08,3,17.83,18.8099666667,30
243,25ddcfd00b9d06444330609f,M09,3,16.53,17.5768,30
243,25ddcfd00b9d06444330609f,M10,3,19.37,20.05756,30
243,25ddcfd00b9d06444330609f,M11,3,17.85,19.1591266667,30
243,25ddcfd00b9d06444330609f,M12,3,25.37,27.68784,45
243,25ddcfd00b9d06444330609f,M13,3,24.76,27.9602,60
243,25ddcfd00b9d06444330609f,M14,3,21.46,25.05604,60
243,25ddcfd00b9d06444330609f,M15,3,25.1,28.1126,60
243,25ddcfd00b9d06444330609f,M16,3,52.9,53.39602,100
243,25ddcfd00b9d06444330609f,M17,3,7.24,7.44776,14
243,25ddcfd00b9d06444330609f,M18,3,10.05,10.43832,21
243,25ddcfd00b9d06444330609f,M19,3,7.09,7.96763333333,21
243,25ddcfd00b9d06444330609f,M20,3,10.39,10.32652,20
243,25ddcfd00b9d06444330609f,M21,3,7.6,7.71194,21
243,25ddcfd00b9d06444330609f,M22,3,18.28,19.2216913333,45
243,25ddcfd00b9d06444330609f,M23,3,15.58,16.64958,45
243,25ddcfd00b9d06444330609f,M24,3,18.62,19.65147,45
243,25ddcfd00b9d06444330609f,M25,3,12.89,14.0832,20
243,25ddcfd00b9d06444330609f,M26,3,11.69,13.08812,20
243,25ddcfd00b9d06444330609f,M27,3,14.2,17.05948,30
243,25ddcfd00b9d06444330609f,M28,3,12.37,14.98792,30
243,25ddcfd00b9d06444330609f,M29,3,14.45,16.91176,30
243,25ddcfd00b9d06444330609f,M30,3,8.54,10.71327,21
244,670b4048ec51c7fd50fc617b,M01,2,7.83,8.05352,10
244,670b4048ec51c7fd50fc617b,M02,2,10.41,10.565,15
244,670b4048ec51c7fd50fc617b,M03,2,11.55,11.97644,21
244,670b4048ec51c7fd50fc617b,M04,2,10.69,11.13396,21
244,670b4048ec51c7fd50fc617b,M05,2,10.85,11.24964,21
244,670b4048ec51c7fd50fc617b,M06,2,14.27,14.85976,21
244,670b4048ec51c7fd50fc617b,M07,2,16.06,17.00396,30
244,670b4048ec51c7fd50fc617b,M08,2,20.42,21.21924,30
244,670b4048ec51c7fd50fc617b,M09,2,19.2,20.08476,30
244,670b4048ec51c7fd50fc617b,M10,2,21.97,22.5362,30
244,670b4048ec51c7fd50fc617b,M11,2,21.2,21.9768,30
244,670b4048ec51c7fd50fc617b,M12,2,29.59,30.62608,45
244,670b4048ec51c7fd50fc617b,M13,2,30.56,31.4536,60
244,670b4048ec51c7fd50fc617b,M14,2,27.22,28.74168,60
244,670b4048ec51c7fd50fc617b,M15,2,30.76,31.79144,60
244,670b4048ec51c7fd50fc617b,M16,2,59.36,61.47708,100
244,670b4048ec51c7fd50fc617b,M17,2,8.04,8.34712,14
244,670b4048ec51c7fd50fc617b,M18,2,11.17,11.48272,21
244,670b4048ec51c7fd50fc617b,M19,2,9.66,10.39176,21
244,670b4048ec51c7fd50fc617b,M20,2,11.82,12.7328,20
244,670b4048ec51c7fd50fc617b,M21,2,9,9.6656,21
244,670b4048ec51c7fd50fc617b,M22,2,22.5,24.74052,45
244,670b4048ec51c7fd50fc617b,M23,2,19.22,21.63372,45
244,670b4048ec51c7fd50fc617b,M24,2,23.03,25.67936,45
244,670b4048ec51c7fd50fc617b,M25,2,15.04,15.28668,20
244,670b4048ec51c7fd50fc617b,M26,2,13.82,14.1576,20
244,670b4048ec51c7fd50fc617b,M27,2,18.48,19.11592,30
244,670b4048ec51c7fd50fc617b,M28,2,16.59,17.40876,30
244,670b4048ec51c7fd50fc617b,M29,2,18.38,19.0538,30
244,670b4048ec51c7fd50fc617b,M30,2,11.61,12.01752,21
245,1a63c784a90e7a00bbc469c8,M01,1,7.44,8.9396,10
245,1a63c784a90e7a00bbc469c8,M02,1,9.96,11.79932,15
245,1a63c784a90e7a00bbc469c8,M03,1,10.84,13.88116,21
245,1a63c784a90e7a00bbc469c8,M04,1,10.48,13.01432,21
245,1a63c784a90e7a00bbc469c8,M05,1,10.57,13.25092,21
245,1a63c784a90e7a00bbc469c8,M06,1,13.48,16.53692,21
245,1a63c784a90e7a00bbc469c8,M07,1,15.07,19.38588,30
245,1a63c784a90e7a00bbc469c8,M08,1,19.44,23.44592,30
245,1a63c784a90e7a00bbc469c8,M09,1,19.03,22.0016,30
245,1a63c784a90e7a00bbc469c8,M10,1,20.89,24.71284,30
245,1a63c784a90e7a00bbc469c8,M11,1,20.83,24.1674,30
245,1a63c784a90e7a00bbc469c8,M12,1,28.18,35.6688,45
245,1a63c784a90e7a00bbc469c8,M13,1,29.01,37.40536,60
245,1a63c784a90e7a00bbc469c8,M14,1,26.38,35.15636,60
245,1a63c784a90e7a00bbc469c8,M15,1,29.61,37.76928,60
245,1a63c784a90e7a00bbc469c8,M16,1,57.74,65.97516,100
245,1a63c784a90e7a00bbc469c8,M17,1,7.76,9.10508,14
245,1a63c784a90e7a00bbc469c8,M18,1,10.91,13.20508,21
245,1a63c784a90e7a00bbc469c8,M19,1,8.29,13.00172,21
245,1a63c784a90e7a00bbc469c8,M20,1,10.03,13.3164,20
245,1a63c784a90e7a00bbc469c8,M21,1,7.75,11.81092,21
245,1a63c784a90e7a00bbc469c8,M22,1,17.56,27.09204,45
245,1a63c784a90e7a00bbc469c8,M23,1,17.05,24.82532,45
245,1a63c784a90e7a00bbc469c8,M24,1,17.82,27.08228,45
245,1a63c784a90e7a00bbc469c8,M25,1,16.26,16.42232,20
245,1a63c784a90e7a00bbc469c8,M26,1,15.03,15.25944,20
245,1a63c784a90e7a00bbc469c8,M27,1,20.99,21.20384,30
245,1a63c784a90e7a00bbc469c8,M28,1,19.15,19.61796,30
245,1a63c784a90e7a00bbc469c8,M29,1,20.01,21.09932,30
245,1a63c784a90e7a00bbc469c8,M30,1,13.15,13.9376,21
246,dde8b904e95cd1e872f4f7db,M01,2,7.92,7.97464,10
246,dde8b904e95cd1e872f4f7db,M02,2,10.6,10.6778,15
246,dde8b904e95cd1e872f4f7db,M03,2,11.95,12.15648,21
246,dde8b904e95cd1e872f4f7db,M04,2,11.04,11.34996,21
246,dde8b904e95cd1e872f4f7db,M05,2,11.18,11.46212,21
246,dde8b904e95cd1e872f4f7db,M06,2,14.58,14.96448,21
246,dde8b904e95cd1e872f4f7db,M07,2,16.66,17.03248,30
246,dde8b904e95cd1e872f4f7db,M08,2,20.99,21.5424,30
246,dde8b904e95cd1e872f4f7db,M09,2,19.74,20.32308,30
246,dde8b904e95cd1e872f4f7db,M10,2,22.51,22.83604,30
246,dde8b904e95cd1e872f4f7db,M11,2,21.69,22.38016,30
246,dde8b904e95cd1e872f4f7db,M12,2,30.57,31.26544,45
246,dde8b904e95cd1e872f4f7db,M13,2,31.36,32.27852,60
246,dde8b904e95cd1e872f4f7db,M14,2,28.08,29.22204,60
246,dde8b904e95cd1e872f4f7db,M15,2,31.9,32.46428,60
246,dde8b904e95cd1e872f4f7db,M16,2,60.24,60.06156,100
246,dde8b904e95cd1e872f4f7db,M17,2,8.21,8.24752,14
246,dde8b904e95cd1e872f4f7db,M18,2,11.51,11.70944,21
246,dde8b904e95cd1e872f4f7db,M19,2,9.83,10.71332,21
246,dde8b904e95cd1e872f4f7db,M20,2,11.83,12.46832,20
246,dde8b904e95cd1e872f4f7db,M21,2,9.15,9.90876,21
246,dde8b904e95cd1e872f4f7db,M22,2,22.51,24.95252,45
246,dde8b904e95cd1e872f4f7db,M23,2,19.31,21.84544,45
246,dde8b904e95cd1e872f4f7db,M24,2,23.22,25.30896,45
246,dde8b904e95cd1e872f4f7db,M25,2,15.2,15.3744,20
246,dde8b904e95cd1e872f4f7db,M26,2,13.96,14.22656,20
246,dde8b904e95cd1e872f4f7db,M27,2,18.8,19.14136,30
246,dde8b904e95cd1e872f4f7db,M28,2,16.98,17.318,30
246,dde8b904e95cd1e872f4f7db,M29,2,18.85,19.11028,30
246,dde8b904e95cd1e872f4f7db,M30,2,11.99,12.17176,21
247,b8b3ad07e5e1039df48e43e6,M01,2,4.35,5.67788,10
247,b8b3ad07e5e1039df48e43e6,M02,2,5.23,7.223,15
247,b8b3ad07e5e1039df48e43e6,M03,2,4.82,6.7772,21
247,b8b3ad07e5e1039df48e43e6,M04,2,4.63,6.4026,21
247,b8b3ad07e5e1039df48e43e6,M05,2,4.38,6.32684,21
247,b8b3ad07e5e1039df48e43e6,M06,2,6.22,8.44144,21
247,b8b3ad07e5e1039df48e43e6,M07,2,5.83,8.82268,30
247,b8b3ad07e5e1039df48e43e6,M08,2,6.91,11.78236,30
247,b8b3ad07e5e1039df48e43e6,M09,2,6.1,10.64772,30
247,b8b3ad07e5e1039df48e43e6,M10,2,8.28,12.8882,30
247,b8b3ad07e5e1039df48e43e6,M11,2,7.02,12.16852,30
247,b8b3ad07e5e1039df48e43e6,M12,2,7.22,15.57448,45
247,b8b3ad07e5e1039df48e43e6,M13,2,8.69,15.45464,60
247,b8b3ad07e5e1039df48e43e6,M14,2,6.18,13.6076,60
247,b8b3ad07e5e1039df48e43e6,M15,2,8.8,15.545,60
247,b8b3ad07e5e1039df48e43e6,M16,2,13.83,30.18284,100
247,b8b3ad07e5e1039df48e43e6,M17,2,2.83,4.65792,14
247,b8b3ad07e5e1039df48e43e6,M18,2,5.15,6.73692,21
247,b8b3ad07e5e1039df48e43e6,M19,2,4.4,5.42188,21
247,b8b3ad07e5e1039df48e43e6,M20,2,5.05,6.97044,20
247,b8b3ad07e5e1039df48e43e6,M21,2,4.39,5.3816,21
247,b8b3ad07e5e1039df48e43e6,M22,2,6.9,10.16416,45
247,b8b3ad07e5e1039df48e43e6,M23,2,5.29,8.89948,45
247,b8b3ad07e5e1039df48e43e6,M24,2,6.87,10.13524,45
247,b8b3ad07e5e1039df48e43e6,M25,2,12.31,10.18,20
247,b8b3ad07e5e1039df48e43e6,M26,2,10.73,8.94672,20
247,b8b3ad07e5e1039df48e43e6,M27,2,12.71,11.07188,30
247,b8b3ad07e5e1039df48e43e6,M28,2,10.52,9.61984,30
247,b8b3ad07e5e1039df48e43e6,M29,2,13.1,10.90556,30
247,b8b3ad07e5e1039df48e43e6,M30,2,7.71,6.61724,21
248,5a933e414c446e00b391d67e,M01,4,7.89,7.87508,10
248,5a933e414c446e00b391d67e,M02,4,10.57,10.60036,15
248,5a933e414c446e00b391d67e,M03,4,12,11.941,21
248,5a933e414c446e00b391d67e,M04,4,11.16,11.21072,21
248,5a933e414c446e00b391d67e,M05,4,11.33,11.32588,21
248,5a933e414c446e00b391d67e,M06,4,14.67,14.5496,21
248,5a933e414c446e00b391d67e,M07,4,16.8,16.80244,30
248,5a933e414c446e00b391d67e,M08,4,21.09,21.0954,30
248,5a933e414c446e00b391d67e,M09,4,19.93,20.07568,30
248,5a933e414c446e00b391d67e,M10,4,22.57,22.46436,30
248,5a933e414c446e00b391d67e,M11,4,21.84,21.90964,30
248,5a933e414c446e00b391d67e,M12,4,30.86,30.92776,45
248,5a933e414c446e00b391d67e,M13,4,31.99,31.60544,60
248,5a933e414c446e00b391d67e,M14,4,28.92,28.53356,60
248,5a933e414c446e00b391d67e,M15,4,32.18,31.92388,60
248,5a933e414c446e00b391d67e,M16,4,60.96,60.15155,100
248,5a933e414c446e00b391d67e,M17,4,8.28,8.17708,14
248,5a933e414c446e00b391d67e,M18,4,11.6,11.57764,21
248,5a933e414c446e00b391d67e,M19,4,10.65,10.36738,21
248,5a933e414c446e00b391d67e,M20,4,12.77,12.68504,20
248,5a933e414c446e00b391d67e,M21,4,10.01,10.00128,21
248,5a933e414c446e00b391d67e,M22,4,25.58,25.0876,45
248,5a933e414c446e00b391d67e,M23,4,22.38,21.97464,45
248,5a933e414c446e00b391d67e,M24,4,25.99,25.55936,45
248,5a933e414c446e00b391d67e,M25,4,15.22,15.04176,20
248,5a933e414c446e00b391d67e,M26,4,14.07,14.0076,20
248,5a933e414c446e00b391d67e,M27,4,18.97,18.73624,30
248,5a933e414c446e00b391d67e,M28,4,17.23,17.11096,30
248,5a933e414c446e00b391d67e,M29,4,18.87,18.77532,30
248,5a933e414c446e00b391d67e,M30,4,12.04,11.89784,21
249,6f55438546f57416a8693eb4,M01,3,6.14,5.9648,10
249,6f55438546f57416a8693eb4,M02,3,8.19,7.58316,15
249,6f55438546f57416a8693eb4,M03,3,7.5,7.22432,21
249,6f55438546f57416a8693eb4,M04,3,6.78,6.84564,21
249,6f55438546f57416a8693eb4,M05,3,6.5,6.77232,21
249,6f55438546f57416a8693eb4,M06,3,9.46,8.9502,21
249,6f55438546f57416a8693eb4,M07,3,9.94,9.39212,30
249,6f55438546f57416a8693eb4,M08,3,13.93,12.60848,30
249,6f55438546f57416a8693eb4,M09,3,12.64,11.659,30
249,6f55438546f57416a8693eb4,M10,3,15.58,13.57168,30
249,6f55438546f57416a8693eb4,M11,3,14.34,12.77408,30
249,6f55438546f57416a8693eb4,M12,3,18.74,16.647,45
249,6f55438546f57416a8693eb4,M13,3,17.67,16.84864,60
249,6f55438546f57416a8693eb4,M14,3,14.66,15.31116,60
249,6f55438546f57416a8693eb4,M15,3,17.72,16.55744,60
249,6f55438546f57416a8693eb4,M16,3,40.54,29.03956,100
249,6f55438546f57416a8693eb4,M17,3,5.53,4.95316,14
249,6f55438546f57416a8693eb4,M18,3,7.56,7.0324,21
249,6f55438546f57416a8693eb4,M19,3,5.65,5.99128,21
249,6f55438546f57416a8693eb4,M20,3,7.92,7.72356,20
249,6f55438546f57416a8693eb4,M21,3,5.62,5.83804,21
249,6f55438546f57416a8693eb4,M22,3,12.22,11.53648,45
249,6f55438546f57416a8693eb4,M23,3,10.47,10.1708,45
249,6f55438546f57416a8693eb4,M24,3,12.17,11.48992,45
249,6f55438546f57416a8693eb4,M25,3,8.84,10.79492,20
249,6f55438546f57416a8693eb4,M26,3,7.09,9.66864,20
249,6f55438546f57416a8693eb4,M27,3,8.51,11.91716,30
249,6f55438546f57416a8693eb4,M28,3,7.2,10.49372,30
249,6f55438546f57416a8693eb4,M29,3,8.27,11.79276,30
249,6f55438546f57416a8693eb4,M30,3,4.98,7.4674,21
250,c757832b2167519e0ac3b967,M01,4,9.28,8.87244,10
250,c757832b2167519e0ac3b967,M02,4,11.82,11.86948,15
250,c757832b2167519e0ac3b967,M03,4,14.3,14.24804,21
250,c757832b2167519e0ac3b967,M04,4,13.29,13.38604,21
250,c757832b2167519e0ac3b967,M05,4,13.55,13.61616,21
250,c757832b2167519e0ac3b967,M06,4,17.19,16.78468,21
250,c757832b2167519e0ac3b967,M07,4,20.25,20.04164,30
250,c757832b2167519e0ac3b967,M08,4,24.25,24.0282,30
250,c757832b2167519e0ac3b967,M09,4,22.92,22.86944,30
250,c757832b2167519e0ac3b967,M10,4,25.75,25.27824,30
250,c757832b2167519e0ac3b967,M11,4,24.9,24.74712,30
250,c757832b2167519e0ac3b967,M12,4,36.22,36.57696,45
250,c757832b2167519e0ac3b967,M13,4,38.6,38.67148,60
250,c757832b2167519e0ac3b967,M14,4,35.86,36.33708,60
250,c757832b2167519e0ac3b967,M15,4,38.85,38.83604,60
250,c757832b2167519e0ac3b967,M16,4,68.13,67.58228,100
250,c757832b2167519e0ac3b967,M17,4,9.41,9.31768,14
250,c757832b2167519e0ac3b967,M18,4,13.53,13.53808,21
250,c757832b2167519e0ac3b967,M19,4,13.47,13.5862,21
250,c757832b2167519e0ac3b967,M20,4,14.98,12.92992,20
250,c757832b2167519e0ac3b967,M21,4,12.28,12.62584,21
250,c757832b2167519e0ac3b967,M22,4,32.72,29.48496,45
250,c757832b2167519e0ac3b967,M23,4,29.36,26.66152,45
250,c757832b2167519e0ac3b967,M24,4,33.22,29.73672,45
250,c757832b2167519e0ac3b967,M25,4,16.93,16.74676,20
250,c757832b2167519e0ac3b967,M26,4,15.56,15.54796,20
250,c757832b2167519e0ac3b967,M27,4,21.9,21.54084,30
250,c757832b2167519e0ac3b967,M28,4,20.18,20.10104,30
250,c757832b2167519e0ac3b967,M29,4,21.66,21.3276,30
250,c757832b2167519e0ac3b967,M30,4,14.35,14.34568,21
251,fa74b4af76ab2c2bfc0004ba,M01,2,7.71,7.9718,10
251,fa74b4af76ab2c2bfc0004ba,M02,2,10.34,10.6132,15
251,fa74b4af76ab2c2bfc0004ba,M03,2,11.55,12.02348,21
251,fa74b4af76ab2c2bfc0004ba,M04,2,10.73,11.2386,21
251,fa74b4af76ab2c2bfc0004ba,M05,2,10.9,11.34616,21
251,fa74b4af76ab2c2bfc0004ba,M06,2,14.21,14.83,21
251,fa74b4af76ab2c2bfc0004ba,M07,2,16.12,16.89724,30
251,fa74b4af76ab2c2bfc0004ba,M08,2,20.43,21.355,30
251,fa74b4af76ab2c2bfc0004ba,M09,2,19.32,20.0968,30
251,fa74b4af76ab2c2bfc0004ba,M10,2,21.92,22.70964,30
251,fa74b4af76ab2c2bfc0004ba,M11,2,21.21,22.16296,30
251,fa74b4af76ab2c2bfc0004ba,M12,2,29.78,31.05408,45
251,fa74b4af76ab2c2bfc0004ba,M13,2,30.82,31.9622,60
251,fa74b4af76ab2c2bfc0004ba,M14,2,27.77,29.15688,60
251,fa74b4af76ab2c2bfc0004ba,M15,2,30.84,32.11948,60
251,fa74b4af76ab2c2bfc0004ba,M16,2,59.72,60.51148,100
251,fa74b4af76ab2c2bfc0004ba,M17,2,8.06,8.26628,14
251,fa74b4af76ab2c2bfc0004ba,M18,2,11.2,11.61564,21
251,fa74b4af76ab2c2bfc0004ba,M19,2,10.48,10.33712,21
251,fa74b4af76ab2c2bfc0004ba,M20,2,12.69,12.46076,20
251,fa74b4af76ab2c2bfc0004ba,M21,2,9.91,9.7904,21
251,fa74b4af76ab2c2bfc0004ba,M22,2,25.29,24.69804,45
251,fa74b4af76ab2c2bfc0004ba,M23,2,22.16,21.56484,45
251,fa74b4af76ab2c2bfc0004ba,M24,2,25.6,25.0528,45
251,fa74b4af76ab2c2bfc0004ba,M25,2,14.95,15.19152,20
251,fa74b4af76ab2c2bfc0004ba,M26,2,13.8,14.0048,20
251,fa74b4af76ab2c2bfc0004ba,M27,2,18.43,18.80996,30
251,fa74b4af76ab2c2bfc0004ba,M28,2,16.71,17.10864,30
251,fa74b4af76ab2c2bfc0004ba,M29,2,18.28,18.8376,30
251,fa74b4af76ab2c2bfc0004ba,M30,2,11.57,12.00984,21
252,49f72a7b3ba95ce637b7c9ed,M01,4,7.04,7.18152,10
252,49f72a7b3ba95ce637b7c9ed,M02,4,9.79,9.90108,15
252,49f72a7b3ba95ce637b7c9ed,M03,4,10.47,10.3704,21
252,49f72a7b3ba95ce637b7c9ed,M04,4,9.87,9.88512,21
252,49f72a7b3ba95ce637b7c9ed,M05,4,9.67,9.81848,21
252,49f72a7b3ba95ce637b7c9ed,M06,4,12.45,13.06716,21
252,49f72a7b3ba95ce637b7c9ed,M07,4,14.52,14.83004,30
252,49f72a7b3ba95ce637b7c9ed,M08,4,18.91,19.10448,30
252,49f72a7b3ba95ce637b7c9ed,M09,4,18.06,18.19916,30
252,49f72a7b3ba95ce637b7c9ed,M10,4,20.4,20.30092,30
252,49f72a7b3ba95ce637b7c9ed,M11,4,19.6,19.78464,30
252,49f72a7b3ba95ce637b7c9ed,M12,4,27.28,27.12976,45
252,49f72a7b3ba95ce637b7c9ed,M13,4,26.13,26.67984,60
252,49f72a7b3ba95ce637b7c9ed,M14,4,23.13,23.7454,60
252,49f72a7b3ba95ce637b7c9ed,M15,4,27.57,27.4804,60
252,49f72a7b3ba95ce637b7c9ed,M16,4,54.55,53.61852,100
252,49f72a7b3ba95ce637b7c9ed,M17,4,7.5,7.42284,14
252,49f72a7b3ba95ce637b7c9ed,M18,4,10.46,10.11598,21
252,49f72a7b3ba95ce637b7c9ed,M19,4,7.25,8.68872,21
252,49f72a7b3ba95ce637b7c9ed,M20,4,10.46,12.00396,20
252,49f72a7b3ba95ce637b7c9ed,M21,4,7.58,8.63352,21
252,49f72a7b3ba95ce637b7c9ed,M22,4,17.94,21.15676,45
252,49f72a7b3ba95ce637b7c9ed,M23,4,14.54,17.45656,45
252,49f72a7b3ba95ce637b7c9ed,M24,4,20.87,24.42056,45
252,49f72a7b3ba95ce637b7c9ed,M25,4,13.8,13.99528,20
252,49f72a7b3ba95ce637b7c9ed,M26,4,12.71,13.06992,20
252,49f72a7b3ba95ce637b7c9ed,M27,4,16.16,16.74148,30
252,49f72a7b3ba95ce637b7c9ed,M28,4,14.46,15.08308,30
252,49f72a7b3ba95ce637b7c9ed,M29,4,16.65,16.89712,30
252,49f72a7b3ba95ce637b7c9ed,M30,4,10,10.23248,21
253,2e0625b187eb16887bc48f24,M01,3,8.4,8.82216,10
253,2e0625b187eb16887bc48f24,M02,3,11.03,11.36292,15
253,2e0625b187eb16887bc48f24,M03,3,12.67,13.45736,21
253,2e0625b187eb16887bc48f24,M04,3,11.56,12.70356,21
253,2e0625b187eb16887bc48f24,M05,3,12.44,12.85516,21
253,2e0625b187eb16887bc48f24,M06,3,15.51,16.26956,21
253,2e0625b187eb16887bc48f24,M07,3,17.61,18.84728,30
253,2e0625b187eb16887bc48f24,M08,3,21.91,23.35344,30
253,2e0625b187eb16887bc48f24,M09,3,20.39,22.17076,30
253,2e0625b187eb16887bc48f24,M10,3,23.59,24.65956,30
253,2e0625b187eb16887bc48f24,M11,3,23.46,24.17204,30
253,2e0625b187eb16887bc48f24,M12,3,31.8,34.869,45
253,2e0625b187eb16887bc48f24,M13,3,33.41,36.29484,60
253,2e0625b187eb16887bc48f24,M14,3,29.76,34.09076,60
253,2e0625b187eb16887bc48f24,M15,3,34.16,36.671,60
253,2e0625b187eb16887bc48f24,M16,3,62.37,65.71408,100
253,2e0625b187eb16887bc48f24,M17,3,7.93,9.0156,14
253,2e0625b187eb16887bc48f24,M18,3,11.03,12.80804,21
253,2e0625b187eb16887bc48f24,M19,3,10.37,11.91252,21
253,2e0625b187eb16887bc48f24,M20,3,9.96,14.12076,20
253,2e0625b187eb16887bc48f24,M21,3,7.57,11.32036,21
253,2e0625b187eb16887bc48f24,M22,3,17.32,27.79768,45
253,2e0625b187eb16887bc48f24,M23,3,16.69,24.74964,45
253,2e0625b187eb16887bc48f24,M24,3,17.31,27.88052,45
253,2e0625b187eb16887bc48f24,M25,3,16.2,16.29124,20
253,2e0625b187eb16887bc48f24,M26,3,14.97,15.26012,20
253,2e0625b187eb16887bc48f24,M27,3,20.77,20.9706,30
253,2e0625b187eb16887bc48f24,M28,3,19.01,19.48244,30
253,2e0625b187eb16887bc48f24,M29,3,20.72,20.72168,30
253,2e0625b187eb16887bc48f24,M30,3,13.5,13.62816,21
254,566ffc41d7edae3a1f739741,M01,2,8.5,8.64312,10
254,566ffc41d7edae3a1f739741,M02,2,11.28,11.38528,15
254,566ffc41d7edae3a1f739741,M03,2,13.53,13.55612,21
254,566ffc41d7edae3a1f739741,M04,2,12.67,12.76496,21
254,566ffc41d7edae3a1f739741,M05,2,12.9,12.99048,21
254,566ffc41d7edae3a1f739741,M06,2,16.26,16.45084,21
254,566ffc41d7edae3a1f739741,M07,2,19.17,19.183,30
254,566ffc41d7edae3a1f739741,M08,2,23.25,23.26292,30
254,566ffc41d7edae3a1f739741,M09,2,22.08,22.02952,30
254,566ffc41d7edae3a1f739741,M10,2,24.63,24.49716,30
254,566ffc41d7edae3a1f739741,M11,2,23.98,24.04056,30
254,566ffc41d7edae3a1f739741,M12,2,34.6,34.92032,45
254,566ffc41d7edae3a1f739741,M13,2,36.48,36.10624,60
254,566ffc41d7edae3a1f739741,M14,2,33.83,33.628,60
254,566ffc41d7edae3a1f739741,M15,2,36.58,36.67824,60
254,566ffc41d7edae3a1f739741,M16,2,65.88,65.18972,100
254,566ffc41d7edae3a1f739741,M17,2,9.05,8.95868,14
254,566ffc41d7edae3a1f739741,M18,2,12.98,12.94776,21
254,566ffc41d7edae3a1f739741,M19,2,12.7,11.84304,21
254,566ffc41d7edae3a1f739741,M20,2,14.17,13.05864,20
254,566ffc41d7edae3a1f739741,M21,2,11.76,11.0124,21
254,566ffc41d7edae3a1f739741,M22,2,30.18,27.01536,45
254,566ffc41d7edae3a1f739741,M23,2,26.72,24.41132,45
254,566ffc41d7edae3a1f739741,M24,2,30.74,27.42756,45
254,566ffc41d7edae3a1f739741,M25,2,16.17,16.46312,20
254,566ffc41d7edae3a1f739741,M26,2,14.99,15.32936,20
254,566ffc41d7edae3a1f739741,M27,2,20.85,21.35032,30
254,566ffc41d7edae3a1f739741,M28,2,19.23,19.80676,30
254,566ffc41d7edae3a1f739741,M29,2,20.61,21.24872,30
254,566ffc41d7edae3a1f739741,M30,2,13.59,13.67036,21
256,7ab835a888675d8492b11826,M01,4,8.6,8.78628,10
256,7ab835a888675d8492b11826,M02,4,11.34,11.63212,15
256,7ab835a888675d8492b11826,M03,4,13.62,13.67432,21
256,7ab835a888675d8492b11826,M04,4,12.73,12.8496,21
256,7ab835a888675d8492b11826,M05,4,12.98,13.07564,21
256,7ab835a888675d8492b11826,M06,4,16.38,16.63876,21
256,7ab835a888675d8492b11826,M07,4,19.31,19.89192,30
256,7ab835a888675d8492b11826,M08,4,23.35,23.69284,30
256,7ab835a888675d8492b11826,M09,4,22.18,22.59868,30
256,7ab835a888675d8492b11826,M10,4,24.74,25.10224,30
256,7ab835a888675d8492b11826,M11,4,24.09,24.579,30
256,7ab835a888675d8492b11826,M12,4,34.82,35.57024,45
256,7ab835a888675d8492b11826,M13,4,36.91,37.35172,60
256,7ab835a888675d8492b11826,M14,4,34.22,35.09524,60
256,7ab835a888675d8492b11826,M15,4,37.1,37.58344,60
256,7ab835a888675d8492b11826,M16,4,66.34,66.83508,100
256,7ab835a888675d8492b11826,M17,4,9.08,9.20384,14
256,7ab835a888675d8492b11826,M18,4,13.03,12.97008,21
256,7ab835a888675d8492b11826,M19,4,12.45,12.9054,21
256,7ab835a888675d8492b11826,M20,4,14.12,13.40816,20
256,7ab835a888675d8492b11826,M21,4,11.38,11.74532,21
256,7ab835a888675d8492b11826,M22,4,29.56,30.053,45
256,7ab835a888675d8492b11826,M23,4,25.74,27.27608,45
256,7ab835a888675d8492b11826,M24,4,30.09,30.43232,45
256,7ab835a888675d8492b11826,M25,4,16.23,16.58928,20
256,7ab835a888675d8492b11826,M26,4,15.06,15.4574,20
256,7ab835a888675d8492b11826,M27,4,20.99,21.6022,30
256,7ab835a888675d8492b11826,M28,4,19.4,20.11748,30
256,7ab835a888675d8492b11826,M29,4,20.84,21.32688,30
256,7ab835a888675d8492b11826,M30,4,13.66,13.92652,21
257,6245e73d8777b85805db8d4d,M01,0,9.21,8.61248,10
257,6245e73d8777b85805db8d4d,M02,0,11.81,11.08284,15
257,6245e73d8777b85805db8d4d,M03,0,14.34,13.03672,21
257,6245e73d8777b85805db8d4d,M04,0,13.41,12.21688,21
257,6245e73d8777b85805db8d4d,M05,0,13.7,12.45912,21
257,6245e73d8777b85805db8d4d,M06,0,17.2,16.11976,21
257,6245e73d8777b85805db8d4d,M07,0,20.41,18.86644,30
257,6245e73d8777b85805db8d4d,M08,0,24.37,22.82292,30
257,6245e73d8777b85805db8d4d,M09,0,23.11,21.7428,30
257,6245e73d8777b85805db8d4d,M10,0,25.83,24.2542,30
257,6245e73d8777b85805db8d4d,M11,0,25.08,23.88056,30
257,6245e73d8777b85805db8d4d,M12,0,36.78,33.70284,45
257,6245e73d8777b85805db8d4d,M13,0,38.91,34.55068,60
257,6245e73d8777b85805db8d4d,M14,0,36.35,32.28612,60
257,6245e73d8777b85805db8d4d,M15,0,39.18,35.1924,60
257,6245e73d8777b85805db8d4d,M16,0,68.45,65.39156,100
257,6245e73d8777b85805db8d4d,M17,0,9.48,8.84488,14
257,6245e73d8777b85805db8d4d,M18,0,13.66,12.3302,21
257,6245e73d8777b85805db8d4d,M19,0,13.42,11.00848,21
257,6245e73d8777b85805db8d4d,M25,0,16.91,16.13464,20
257,6245e73d8777b85805db8d4d,M26,0,15.62,15.26384,20
257,6245e73d8777b85805db8d4d,M27,0,21.92,21.00432,30
257,6245e73d8777b85805db8d4d,M28,0,20.3,19.60072,30
257,6245e73d8777b85805db8d4d,M29,0,21.67,20.96444,30
257,6245e73d8777b85805db8d4d,M30,0,14.4,13.34332,21
258,42ba4eb4f3bde44694d1974c,M01,4,6.69,5.64676,10
258,42ba4eb4f3bde44694d1974c,M02,4,8.95,7.1372,15
258,42ba4eb4f3bde44694d1974c,M03,4,8.75,6.5592,21
258,42ba4eb4f3bde44694d1974c,M04,4,8.09,6.22524,21
258,42ba4eb4f3bde44694d1974c,M05,4,8.12,6.10108,21
258,42ba4eb4f3bde44694d1974c,M06,4,11.07,8.73484,21
258,42ba4eb4f3bde44694d1974c,M07,4,11.82,9.10304,30
258,42ba4eb4f3bde44694d1974c,M08,4,16.13,11.49716,30
258,42ba4eb4f3bde44694d1974c,M09,4,15.16,10.55208,30
258,42ba4eb4f3bde44694d1974c,M10,4,17.76,12.53568,30
258,42ba4eb4f3bde44694d1974c,M11,4,17.11,11.81148,30
258,42ba4eb4f3bde44694d1974c,M12,4,22.4,13.91456,45
258,42ba4eb4f3bde44694d1974c,M13,4,21.83,13.7584,60
258,42ba4eb4f3bde44694d1974c,M14,4,18.42,12.27604,60
258,42ba4eb4f3bde44694d1974c,M15,4,21.99,13.78068,60
258,42ba4eb4f3bde44694d1974c,M16,4,48.91,34.947,100
258,42ba4eb4f3bde44694d1974c,M17,4,6.46,4.7432,14
258,42ba4eb4f3bde44694d1974c,M18,4,8.73,6.59472,21
258,42ba4eb4f3bde44694d1974c,M19,4,6.39,5.49844,21
258,42ba4eb4f3bde44694d1974c,M20,4,8.5,7.54188,20
258,42ba4eb4f3bde44694d1974c,M21,4,6.19,5.4398,21
258,42ba4eb4f3bde44694d1974c,M22,4,13.25,10.48328,45
258,42ba4eb4f3bde44694d1974c,M23,4,11.77,8.98304,45
258,42ba4eb4f3bde44694d1974c,M24,4,13.31,10.42032,45
258,42ba4eb4f3bde44694d1974c,M25,4,13.26,10.9864,20
258,42ba4eb4f3bde44694d1974c,M26,4,11.86,9.89548,20
258,42ba4eb4f3bde44694d1974c,M27,4,14.67,11.47228,30
258,42ba4eb4f3bde44694d1974c,M28,4,12.64,9.88924,30
258,42ba4eb4f3bde44694d1974c,M29,4,14.58,11.39948,30
258,42ba4eb4f3bde44694d1974c,M30,4,8.76,6.6892,21
259,41a0e87121f95316c7969dd8,M01,3,8.24,7.75796,10
259,41a0e87121f95316c7969dd8,M02,3,11,10.38444,15
259,41a0e87121f95316c7969dd8,M03,3,12.83,11.42788,21
259,41a0e87121f95316c7969dd8,M04,3,11.96,10.68388,21
259,41a0e87121f95316c7969dd8,M05,3,12.19,10.78416,21
259,41a0e87121f95316c7969dd8,M06,3,15.5,14.11168,21
259,41a0e87121f95316c7969dd8,M07,3,18.03,16.40364,30
259,41a0e87121f95316c7969dd8,M08,3,22.24,20.70464,30
259,41a0e87121f95316c7969dd8,M09,3,20.89,19.7646,30
259,41a0e87121f95316c7969dd8,M10,3,23.73,22.00068,30
259,41a0e87121f95316c7969dd8,M11,3,23.28,21.4756,30
259,41a0e87121f95316c7969dd8,M12,3,32.71,30.13128,45
259,41a0e87121f95316c7969dd8,M13,3,34.12,30.70804,60
259,41a0e87121f95316c7969dd8,M14,3,31.03,27.90556,60
259,41a0e87121f95316c7969dd8,M15,3,34.26,31.05656,60
259,41a0e87121f95316c7969dd8,M16,3,63.27,59.0477866667,100
259,41a0e87121f95316c7969dd8,M17,3,8.72,8.02464,14
259,41a0e87121f95316c7969dd8,M18,3,12.34,11.04446,21
259,41a0e87121f95316c7969dd8,M19,3,11.74,9.59992,21
259,41a0e87121f95316c7969dd8,M25,3,15.76,14.8102,20
259,41a0e87121f95316c7969dd8,M26,3,14.55,13.72104,20
259,41a0e87121f95316c7969dd8,M27,3,19.94,18.2174,30
259,41a0e87121f95316c7969dd8,M28,3,18.23,16.6444,30
259,41a0e87121f95316c7969dd8,M29,3,20.13,18.27648,30
259,41a0e87121f95316c7969dd8,M30,3,12.87,11.44536,21
260,bc37928db07519700d608f99,M01,1,7.03,7.129,10
260,bc37928db07519700d608f99,M02,1,9.88,9.89168,15
260,bc37928db07519700d608f99,M03,1,10.38,10.42064,21
260,bc37928db07519700d608f99,M04,1,9.84,9.94036,21
260,bc37928db07519700d608f99,M05,1,9.89,9.81956,21
260,bc37928db07519700d608f99,M06,1,12.58,13.11744,21
260,bc37928db07519700d608f99,M07,1,14.37,14.69748,30
260,bc37928db07519700d608f99,M08,1,19.04,19.07604,30
260,bc37928db07519700d608f99,M09,1,17.93,18.11292,30
260,bc37928db07519700d608f99,M10,1,20.02,20.30148,30
260,bc37928db07519700d608f99,M11,1,19.45,19.71384,30
260,bc37928db07519700d608f99,M12,1,27.11,27.28796,45
260,bc37928db07519700d608f99,M13,1,25.94,26.52204,60
260,bc37928db07519700d608f99,M14,1,22.91,23.49408,60
260,bc37928db07519700d608f99,M15,1,27.84,27.50924,60
260,bc37928db07519700d608f99,M16,1,54.28,55.26396,100
260,bc37928db07519700d608f99,M17,1,7.54,7.34908,14
260,bc37928db07519700d608f99,M18,1,10.02,10.23932,21
260,bc37928db07519700d608f99,M19,1,6.93,8.39612,21
260,bc37928db07519700d608f99,M20,1,9.85,11.42264,20
260,bc37928db07519700d608f99,M21,1,7.1,8.47412,21
260,bc37928db07519700d608f99,M22,1,16.12,20.9458,45
260,bc37928db07519700d608f99,M23,1,13.32,16.79112,45
260,bc37928db07519700d608f99,M24,1,18.86,24.59912,45
260,bc37928db07519700d608f99,M25,1,13.78,14.05952,20
260,bc37928db07519700d608f99,M26,1,12.66,12.97048,20
260,bc37928db07519700d608f99,M27,1,16.08,16.54644,30
260,bc37928db07519700d608f99,M28,1,14.37,14.81092,30
260,bc37928db07519700d608f99,M29,1,16.66,16.83532,30
260,bc37928db07519700d608f99,M30,1,9.83,10.2176,21
261,7baf7908c42ba7a02322fcd4,M01,3,6.77,7.55956,10
261,7baf7908c42ba7a02322fcd4,M02,3,9.14,10.2138,15
261,7baf7908c42ba7a02322fcd4,M03,3,9.19,10.83418,21
261,7baf7908c42ba7a02322fcd4,M04,3,8.54,10.1236533333,21
261,7baf7908c42ba7a02322fcd4,M05,3,8.46,10.13216,21
261,7baf7908c42ba7a02322fcd4,M06,3,11.5,13.6870133333,21
261,7baf7908c42ba7a02322fcd4,M07,3,12.56,15.10072,30
261,7baf7908c42ba7a02322fcd4,M08,3,16.97,19.33868,30
261,7baf7908c42ba7a02322fcd4,M09,3,16.05,18.1682,30
261,7baf7908c42ba7a02322fcd4,M10,3,18.5,20.5091066667,30
261,7baf7908c42ba7a02322fcd4,M11,3,17.82,19.8081066667,30
261,7baf7908c42ba7a02322fcd4,M12,3,24,28.26468,45
261,7baf7908c42ba7a02322fcd4,M13,3,23.43,28.64616,60
261,7baf7908c42ba7a02322fcd4,M14,3,20.22,25.73312,60
261,7baf7908c42ba7a02322fcd4,M15,3,23.56,28.74548,60
261,7baf7908c42ba7a02322fcd4,M16,3,51.31,56.92862,100
261,7baf7908c42ba7a02322fcd4,M17,3,6.67,7.5986,14
261,7baf7908c42ba7a02322fcd4,M18,3,9.17,10.5154533333,21
261,7baf7908c42ba7a02322fcd4,M19,3,7.71,8.30604666667,21
261,7baf7908c42ba7a02322fcd4,M20,3,10.26,10.8403333333,20
261,7baf7908c42ba7a02322fcd4,M21,3,7.53,7.99481333333,21
261,7baf7908c42ba7a02322fcd4,M22,3,17.81,19.67476,45
261,7baf7908c42ba7a02322fcd4,M23,3,15.26,16.9617733333,45
261,7baf7908c42ba7a02322fcd4,M24,3,17.96,19.85361,45
261,7baf7908c42ba7a02322fcd4,M25,3,13.44,14.34548,20
261,7baf7908c42ba7a02322fcd4,M26,3,12.17,13.28684,20
261,7baf7908c42ba7a02322fcd4,M27,3,15.22,17.23584,30
261,7baf7908c42ba7a02322fcd4,M28,3,13.39,15.25152,30
261,7baf7908c42ba7a02322fcd4,M29,3,15.64,17.16489,30
261,7baf7908c42ba7a02322fcd4,M30,3,9.18,10.79378,21
262,229504607349828a36f6f03e,M01,1,7.68,8.02404,10
262,229504607349828a36f6f03e,M02,1,10.26,10.58032,15
262,229504607349828a36f6f03e,M03,1,11.32,11.99508,21
262,229504607349828a36f6f03e,M04,1,10.48,11.08528,21
262,229504607349828a36f6f03e,M05,1,10.61,11.22684,21
262,229504607349828a36f6f03e,M06,1,14.01,14.795,21
262,229504607349828a36f6f03e,M07,1,15.74,16.81168,30
262,229504607349828a36f6f03e,M08,1,20.08,21.19864,30
262,229504607349828a36f6f03e,M09,1,18.93,19.93932,30
262,229504607349828a36f6f03e,M10,1,21.63,22.48016,30
262,229504607349828a36f6f03e,M11,1,20.92,21.91016,30
262,229504607349828a36f6f03e,M12,1,29.12,30.73524,45
262,229504607349828a36f6f03e,M13,1,30.01,31.77708,60
262,229504607349828a36f6f03e,M14,1,26.78,29.03496,60
262,229504607349828a36f6f03e,M15,1,30.24,31.98488,60
262,229504607349828a36f6f03e,M16,1,58.8,60.88196,100
262,229504607349828a36f6f03e,M17,1,7.87,8.2422,14
262,229504607349828a36f6f03e,M18,1,10.96,11.46028,21
262,229504607349828a36f6f03e,M19,1,9.5,10.39004,21
262,229504607349828a36f6f03e,M20,1,11.76,12.92212,20
262,229504607349828a36f6f03e,M21,1,9.02,9.7592,21
262,229504607349828a36f6f03e,M22,1,22.52,25.23152,45
262,229504607349828a36f6f03e,M23,1,19.45,21.68832,45
262,229504607349828a36f6f03e,M24,1,22.76,25.3946,45
262,229504607349828a36f6f03e,M25,1,14.88,15.24044,20
262,229504607349828a36f6f03e,M26,1,13.69,14.04344,20
262,229504607349828a36f6f03e,M27,1,18.17,18.96256,30
262,229504607349828a36f6f03e,M28,1,16.36,17.24008,30
262,229504607349828a36f6f03e,M29,1,18.08,18.94396,30
262,229504607349828a36f6f03e,M30,1,11.34,12.01268,21
263,7738c55f945d0df2535c994a,M01,2,7.89,7.04092,10
263,7738c55f945d0df2535c994a,M02,2,10.52,9.49548,15
263,7738c55f945d0df2535c994a,M03,2,11.83,9.633468,21
263,7738c55f945d0df2535c994a,M04,2,10.77,8.98564,21
263,7738c55f945d0df2535c994a,M05,2,10.91,8.9014,21
263,7738c55f945d0df2535c994a,M06,2,14.56,12.14292,21
263,7738c55f945d0df2535c994a,M07,2,16.49,13.3488586667,30
263,7738c55f945d0df2535c994a,M08,2,20.82,17.8669153333,30
263,7738c55f945d0df2535c994a,M09,2,19.36,16.78604,30
263,7738c55f945d0df2535c994a,M10,2,22.33,19.1369933333,30
263,7738c55f945d0df2535c994a,M11,2,21.31,18.3456893333,30
263,7738c55f945d0df2535c994a,M12,2,30.31,25.16508,45
263,7738c55f945d0df2535c994a,M13,2,31.47,24.9297,60
263,7738c55f945d0df2535c994a,M14,2,28.16,22.07356,60
263,7738c55f945d0df2535c994a,M15,2,31.47,25.056,60
263,7738c55f945d0df2535c994a,M16,2,60.42,53.21504,100
263,7738c55f945d0df2535c994a,M17,2,8.04,7.00264,14
263,7738c55f945d0df2535c994a,M18,2,11.25,9.61173666667,21
263,7738c55f945d0df2535c994a,M19,2,10.2,7.66375,21
263,7738c55f945d0df2535c994a,M20,2,12.35,10.09436,20
263,7738c55f945d0df2535c994a,M21,2,9.41,7.49506,21
263,7738c55f945d0df2535c994a,M22,2,24.26,17.8562466667,45
263,7738c55f945d0df2535c994a,M23,2,20.99,15.32984,45
263,7738c55f945d0df2535c994a,M24,2,24.63,18.0711866667,45
263,7738c55f945d0df2535c994a,M25,2,14.9,13.36084,20
263,7738c55f945d0df2535c994a,M26,2,13.69,12.28664,20
263,7738c55f945d0df2535c994a,M27,2,18.21,15.45104,30
263,7738c55f945d0df2535c994a,M28,2,16.41,13.88412,30
263,7738c55f945d0df2535c994a,M29,2,17.95,15.5376,30
263,7738c55f945d0df2535c994a,M30,2,11.48,9.324956,21
264,ad56a84d141e631b2b1c6a48,M01,2,8.09,9.00364,10
264,ad56a84d141e631b2b1c6a48,M02,2,13.33,12.18816,15
264,ad56a84d141e631b2b1c6a48,M03,2,15.84,14.58316,21
264,ad56a84d141e631b2b1c6a48,M04,2,14.78,13.73032,21
264,ad56a84d141e631b2b1c6a48,M05,2,15.11,13.9318,21
264,ad56a84d141e631b2b1c6a48,M06,2,19.66,17.53268,21
264,ad56a84d141e631b2b1c6a48,M07,2,22.51,20.42832,30
264,ad56a84d141e631b2b1c6a48,M08,2,26.43,24.69596,30
264,ad56a84d141e631b2b1c6a48,M09,2,24.93,23.41468,30
264,ad56a84d141e631b2b1c6a48,M10,2,28.2,26.022,30
264,ad56a84d141e631b2b1c6a48,M11,2,27.17,25.43016,30
264,ad56a84d141e631b2b1c6a48,M12,2,39.53,37.37644,45
264,ad56a84d141e631b2b1c6a48,M13,2,43.12,39.36728,60
264,ad56a84d141e631b2b1c6a48,M14,2,40.61,37.09288,60
264,ad56a84d141e631b2b1c6a48,M15,2,42.69,39.52232,60
264,ad56a84d141e631b2b1c6a48,M16,2,72.91,68.24888,100
264,ad56a84d141e631b2b1c6a48,M17,2,10.4,9.45872,14
264,ad56a84d141e631b2b1c6a48,M18,2,14.92,13.85516,21
264,ad56a84d141e631b2b1c6a48,M19,2,13.21,14.16544,21
264,ad56a84d141e631b2b1c6a48,M20,2,15.52,15.66084,20
264,ad56a84d141e631b2b1c6a48,M21,2,15.12,13.25832,21
264,ad56a84d141e631b2b1c6a48,M22,2,34.15,34.1988,45
264,ad56a84d141e631b2b1c6a48,M23,2,37.84,33.13776,45
264,ad56a84d141e631b2b1c6a48,M24,2,33.69,34.19952,45
264,ad56a84d141e631b2b1c6a48,M25,2,19.47,17.06596,20
264,ad56a84d141e631b2b1c6a48,M26,2,17.32,15.8932,20
264,ad56a84d141e631b2b1c6a48,M27,2,24.7,22.48236,30
264,ad56a84d141e631b2b1c6a48,M28,2,22.54,21.093,30
264,ad56a84d141e631b2b1c6a48,M29,2,24.02,22.33816,30
264,ad56a84d141e631b2b1c6a48,M30,2,15.99,14.62968,21
265,04831b0ea0bfee04fcc4eb27,M01,4,8.11,7.71904,10
265,04831b0ea0bfee04fcc4eb27,M02,4,10.82,10.29614,15
265,04831b0ea0bfee04fcc4eb27,M03,4,12.44,11.18954,21
265,04831b0ea0bfee04fcc4eb27,M04,4,11.38,10.493,21
265,04831b0ea0bfee04fcc4eb27,M05,4,11.56,10.56652,21
265,04831b0ea0bfee04fcc4eb27,M06,4,15.18,14.03968,21
265,04831b0ea0bfee04fcc4eb27,M07,4,17.43,15.7848633333,30
265,04831b0ea0bfee04fcc4eb27,M08,4,21.7,20.26378,30
265,04831b0ea0bfee04fcc4eb27,M09,4,20.24,18.977,30
265,04831b0ea0bfee04fcc4eb27,M10,4,23.18,21.51564,30
265,04831b0ea0bfee04fcc4eb27,M11,4,22.35,20.86148,30
265,04831b0ea0bfee04fcc4eb27,M12,4,31.79,29.90048,45
265,04831b0ea0bfee04fcc4eb27,M13,4,33.13,30.4897,60
265,04831b0ea0bfee04fcc4eb27,M14,4,29.92,27.5004,60
265,04831b0ea0bfee04fcc4eb27,M15,4,33.57,30.69544,60
265,04831b0ea0bfee04fcc4eb27,M16,4,62.16,57.7862,100
265,04831b0ea0bfee04fcc4eb27,M17,4,8.32,7.81624,14
265,04831b0ea0bfee04fcc4eb27,M18,4,11.82,10.827304,21
265,04831b0ea0bfee04fcc4eb27,M19,4,10.24,9.277772,21
265,04831b0ea0bfee04fcc4eb27,M20,4,12.29,11.53872,20
265,04831b0ea0bfee04fcc4eb27,M21,4,9.41,8.8707,21
265,04831b0ea0bfee04fcc4eb27,M22,4,23.94,22.75256,45
265,04831b0ea0bfee04fcc4eb27,M23,4,20.66,19.90518,45
265,04831b0ea0bfee04fcc4eb27,M24,4,24.56,23.31304,45
265,04831b0ea0bfee04fcc4eb27,M25,4,15.57,14.53208,20
265,04831b0ea0bfee04fcc4eb27,M26,4,14.34,13.52104,20
265,04831b0ea0bfee04fcc4eb27,M27,4,19.54,17.8424,30
265,04831b0ea0bfee04fcc4eb27,M28,4,17.74,15.98292,30
265,04831b0ea0bfee04fcc4eb27,M29,4,19.48,17.988,30
265,04831b0ea0bfee04fcc4eb27,M30,4,12.47,11.01079,21
266,09fdfb57668810ac2e3b712f,M01,0,7.24,6.58616,10
266,09fdfb57668810ac2e3b712f,M02,0,9.58,8.79148,15
266,09fdfb57668810ac2e3b712f,M03,0,9.89,8.72736,21
266,09fdfb57668810ac2e3b712f,M04,0,8.99,8.17988,21
266,09fdfb57668810ac2e3b712f,M05,0,9,8.12248,21
266,09fdfb57668810ac2e3b712f,M06,0,12.51,11.22908,21
266,09fdfb57668810ac2e3b712f,M07,0,13.54,11.50408,30
266,09fdfb57668810ac2e3b712f,M08,0,17.96,14.95636,30
266,09fdfb57668810ac2e3b712f,M09,0,16.71,14.0262,30
266,09fdfb57668810ac2e3b712f,M10,0,19.52,16.19828,30
266,09fdfb57668810ac2e3b712f,M11,0,18.55,15.51188,30
266,09fdfb57668810ac2e3b712f,M12,0,25.5,21.58096,45
266,09fdfb57668810ac2e3b712f,M13,0,25.67,20.97124,60
266,09fdfb57668810ac2e3b712f,M14,0,22.1,18.86636,60
266,09fdfb57668810ac2e3b712f,M15,0,25.31,21.1944,60
266,09fdfb57668810ac2e3b712f,M16,0,53.93,47.3958,100
266,09fdfb57668810ac2e3b712f,M17,0,6.99,6.26512,14
266,09fdfb57668810ac2e3b712f,M18,0,9.61,8.52472,21
266,09fdfb57668810ac2e3b712f,M19,0,7.04,6.6332,21
266,09fdfb57668810ac2e3b712f,M20,0,9.37,9.00568,20
266,09fdfb57668810ac2e3b712f,M21,0,6.6,6.40908,21
266,09fdfb57668810ac2e3b712f,M22,0,15.31,13.59936,45
266,09fdfb57668810ac2e3b712f,M23,0,13.01,12.10644,45
266,09fdfb57668810ac2e3b712f,M24,0,15.3,13.48224,45
266,09fdfb57668810ac2e3b712f,M25,0,14.06,13.13624,20
266,09fdfb57668810ac2e3b712f,M26,0,12.74,12.1026,20
266,09fdfb57668810ac2e3b712f,M27,0,16.38,14.28248,30
266,09fdfb57668810ac2e3b712f,M28,0,14.36,12.8264,30
266,09fdfb57668810ac2e3b712f,M29,0,16.03,14.2972,30
266,09fdfb57668810ac2e3b712f,M30,0,9.92,9.076,21
267,d520bf8d91251ecd00cc4b41,M01,4,4.93,5.93272,10
267,d520bf8d91251ecd00cc4b41,M02,4,6.42,7.36832,15
267,d520bf8d91251ecd00cc4b41,M03,4,5.54,6.84452,21
267,d520bf8d91251ecd00cc4b41,M04,4,5.21,6.4414,21
267,d520bf8d91251ecd00cc4b41,M05,4,5.12,6.24128,21
267,d520bf8d91251ecd00cc4b41,M06,4,7,8.55924,21
267,d520bf8d91251ecd00cc4b41,M07,4,7.02,8.95476,30
267,d520bf8d91251ecd00cc4b41,M08,4,9.23,12.60944,30
267,d520bf8d91251ecd00cc4b41,M09,4,7.93,11.58428,30
267,d520bf8d91251ecd00cc4b41,M10,4,10.74,13.65984,30
267,d520bf8d91251ecd00cc4b41,M11,4,9.74,13.08888,30
267,d520bf8d91251ecd00cc4b41,M12,4,11.11,15.7634,45
267,d520bf8d91251ecd00cc4b41,M13,4,11.08,15.49872,60
267,d520bf8d91251ecd00cc4b41,M14,4,11.32,15.03944,60
267,d520bf8d91251ecd00cc4b41,M15,4,8.72,13.73708,60
267,d520bf8d91251ecd00cc4b41,M16,4,20.42,31.41152,100
267,d520bf8d91251ecd00cc4b41,M17,4,3.43,4.91568,14
267,d520bf8d91251ecd00cc4b41,M18,4,5.49,6.91748,21
267,d520bf8d91251ecd00cc4b41,M19,4,4.77,5.24436,21
267,d520bf8d91251ecd00cc4b41,M20,4,5.92,7.19932,20
267,d520bf8d91251ecd00cc4b41,M21,4,4.74,5.2072,21
267,d520bf8d91251ecd00cc4b41,M22,4,8.65,10.47948,45
267,d520bf8d91251ecd00cc4b41,M23,4,7.38,9.5118,45
267,d520bf8d91251ecd00cc4b41,M24,4,8.43,10.4764,45
267,d520bf8d91251ecd00cc4b41,M25,4,10.08,10.80372,20
267,d520bf8d91251ecd00cc4b41,M26,4,8.43,9.72684,20
267,d520bf8d91251ecd00cc4b41,M27,4,9.5,11.261,30
267,d520bf8d91251ecd00cc4b41,M28,4,8.02,9.81904,30
267,d520bf8d91251ecd00cc4b41,M29,4,9.65,11.27644,30
267,d520bf8d91251ecd00cc4b41,M30,4,5.89,6.6354,21
268,d69eda8667f021413c4a9f83,M01,2,5.91,4.98784,10
268,d69eda8667f021413c4a9f83,M02,2,7.8,6.45848,15
268,d69eda8667f021413c4a9f83,M03,2,7.08,5.60232,21
268,d69eda8667f021413c4a9f83,M04,2,6.43,5.2588,21
268,d69eda8667f021413c4a9f83,M05,2,6.27,5.1432,21
268,d69eda8667f021413c4a9f83,M06,2,8.7,7.1106,21
268,d69eda8667f021413c4a9f83,M07,2,9.1,7.18132,30
268,d69eda8667f021413c4a9f83,M08,2,12.69,9.46984,30
268,d69eda8667f021413c4a9f83,M09,2,11.61,8.237,30
268,d69eda8667f021413c4a9f83,M10,2,14.43,10.79488,30
268,d69eda8667f021413c4a9f83,M11,2,13.51,9.979,30
268,d69eda8667f021413c4a9f83,M12,2,16.32,11.2572,45
268,d69eda8667f021413c4a9f83,M13,2,15.65,11.24616,60
268,d69eda8667f021413c4a9f83,M14,2,15.74,10.49708,60
268,d69eda8667f021413c4a9f83,M15,2,12.9,10.106,60
268,d69eda8667f021413c4a9f83,M16,2,34.55,24.3394,100
268,d69eda8667f021413c4a9f83,M17,2,5.2,3.47564,14
268,d69eda8667f021413c4a9f83,M18,2,7.21,5.53608,21
268,d69eda8667f021413c4a9f83,M19,2,5.13,4.79908,21
268,d69eda8667f021413c4a9f83,M20,2,6.96,6.10608,20
268,d69eda8667f021413c4a9f83,M21,2,5.11,4.75756,21
268,d69eda8667f021413c4a9f83,M22,2,10.41,8.73364,45
268,d69eda8667f021413c4a9f83,M23,2,9.27,7.54656,45
268,d69eda8667f021413c4a9f83,M24,2,10.34,8.57444,45
268,d69eda8667f021413c4a9f83,M25,2,11.54,9.79732,20
268,d69eda8667f021413c4a9f83,M26,2,10.06,8.34716,20
268,d69eda8667f021413c4a9f83,M27,2,11.62,9.48844,30
268,d69eda8667f021413c4a9f83,M28,2,9.91,8.00772,30
268,d69eda8667f021413c4a9f83,M29,2,11.77,9.45016,30
268,d69eda8667f021413c4a9f83,M30,2,6.83,5.76216,21
270,b8c82d904caebcfae94507d9,M01,2,6.99,7.14656,10
270,b8c82d904caebcfae94507d9,M02,2,9.81,9.90528,15
270,b8c82d904caebcfae94507d9,M03,2,10.49,10.2772,21
270,b8c82d904caebcfae94507d9,M04,2,9.85,9.85728,21
270,b8c82d904caebcfae94507d9,M05,2,9.69,9.83544,21
270,b8c82d904caebcfae94507d9,M06,2,12.46,12.70912,21
270,b8c82d904caebcfae94507d9,M07,2,14.58,14.54236,30
270,b8c82d904caebcfae94507d9,M08,2,18.92,18.94584,30
270,b8c82d904caebcfae94507d9,M09,2,18.05,18.08936,30
270,b8c82d904caebcfae94507d9,M10,2,20.37,20.0774,30
270,b8c82d904caebcfae94507d9,M11,2,19.62,19.5316,30
270,b8c82d904caebcfae94507d9,M12,2,27.34,27.21004,45
270,b8c82d904caebcfae94507d9,M13,2,26.18,26.33376,60
270,b8c82d904caebcfae94507d9,M14,2,23.28,23.13592,60
270,b8c82d904caebcfae94507d9,M15,2,27.59,27.6054,60
270,b8c82d904caebcfae94507d9,M16,2,54.65,54.60008,100
270,b8c82d904caebcfae94507d9,M17,2,7.41,7.45544,14
270,b8c82d904caebcfae94507d9,M18,2,10.19,10.11592,21
270,b8c82d904caebcfae94507d9,M19,2,8.25,7.72664,21
270,b8c82d904caebcfae94507d9,M20,2,11.78,10.80412,20
270,b8c82d904caebcfae94507d9,M21,2,8.63,7.779,21
270,b8c82d904caebcfae94507d9,M22,2,21.16,18.9676,45
270,b8c82d904caebcfae94507d9,M23,2,16.86,15.28252,45
270,b8c82d904caebcfae94507d9,M24,2,28.22,21.78032,45
270,b8c82d904caebcfae94507d9,M25,2,13.78,13.81608,20
270,b8c82d904caebcfae94507d9,M26,2,12.66,12.81304,20
270,b8c82d904caebcfae94507d9,M27,2,16.15,16.29184,30
270,b8c82d904caebcfae94507d9,M28,2,14.48,14.59332,30
270,b8c82d904caebcfae94507d9,M29,2,16.69,16.64132,30
270,b8c82d904caebcfae94507d9,M30,2,10.07,9.98272,21
271,648bc1f8679a9275b66f6275,M01,1,9.42,8.97748,10
271,648bc1f8679a9275b66f6275,M02,1,11.84,12.1764,15
271,648bc1f8679a9275b66f6275,M03,1,14.36,14.63592,21
271,648bc1f8679a9275b66f6275,M04,1,13.43,13.77008,21
271,648bc1f8679a9275b66f6275,M05,1,13.68,14.05052,21
271,648bc1f8679a9275b66f6275,M06,1,17.4,17.66152,21
271,648bc1f8679a9275b66f6275,M07,1,20.41,20.807,30
271,648bc1f8679a9275b66f6275,M08,1,24.36,24.80928,30
271,648bc1f8679a9275b66f6275,M09,1,23.11,23.57436,30
271,648bc1f8679a9275b66f6275,M10,1,25.85,26.15392,30
271,648bc1f8679a9275b66f6275,M11,1,25.02,25.55904,30
271,648bc1f8679a9275b66f6275,M12,1,36.46,37.38296,45
271,648bc1f8679a9275b66f6275,M13,1,39.26,39.35284,60
271,648bc1f8679a9275b66f6275,M14,1,36.62,37.32248,60
271,648bc1f8679a9275b66f6275,M15,1,38.98,39.61588,60
271,648bc1f8679a9275b66f6275,M16,1,68.84,69.13384,100
271,648bc1f8679a9275b66f6275,M17,1,9.5,9.51988,14
271,648bc1f8679a9275b66f6275,M18,1,13.65,13.8852,21
271,648bc1f8679a9275b66f6275,M19,1,14.35,14.21544,21
271,648bc1f8679a9275b66f6275,M20,1,15.84,15.4688,20
271,648bc1f8679a9275b66f6275,M21,1,13.14,13.14376,21
271,648bc1f8679a9275b66f6275,M22,1,35.49,33.55824,45
271,648bc1f8679a9275b66f6275,M23,1,32.24,32.08916,45
271,648bc1f8679a9275b66f6275,M24,1,35.27,33.786,45
271,648bc1f8679a9275b66f6275,M25,1,17.1,17.1806,20
271,648bc1f8679a9275b66f6275,M26,1,15.71,16.08496,20
271,648bc1f8679a9275b66f6275,M27,1,22.14,22.36064,30
271,648bc1f8679a9275b66f6275,M28,1,20.47,20.94852,30
271,648bc1f8679a9275b66f6275,M29,1,21.66,22.1722,30
271,648bc1f8679a9275b66f6275,M30,1,14.43,14.737,21
272,7fb8af142894de9d555b9983,M01,3,8.17,7.85156,10
272,7fb8af142894de9d555b9983,M02,3,10.83,10.3554,15
272,7fb8af142894de9d555b9983,M03,3,12.52,11.59928,21
272,7fb8af142894de9d555b9983,M04,3,11.56,10.8668,21
272,7fb8af142894de9d555b9983,M05,3,11.72,10.96624,21
272,7fb8af142894de9d555b9983,M06,3,15.25,14.47196,21
272,7fb8af142894de9d555b9983,M07,3,17.58,16.40596,30
272,7fb8af142894de9d555b9983,M08,3,21.82,20.58476,30
272,7fb8af142894de9d555b9983,M09,3,20.51,19.61312,30
272,7fb8af142894de9d555b9983,M10,3,23.27,21.86316,30
272,7fb8af142894de9d555b9983,M11,3,22.47,21.3496,30
272,7fb8af142894de9d555b9983,M12,3,32.08,29.8372,45
272,7fb8af142894de9d555b9983,M13,3,33.65,30.48996,60
272,7fb8af142894de9d555b9983,M14,3,30.61,27.915,60
272,7fb8af142894de9d555b9983,M15,3,33.67,30.72352,60
272,7fb8af142894de9d555b9983,M16,3,62.76,59.89204,100
272,7fb8af142894de9d555b9983,M17,3,8.45,8.0676,14
272,7fb8af142894de9d555b9983,M18,3,11.97,11.183,21
272,7fb8af142894de9d555b9983,M19,3,11.46,9.66768,21
272,7fb8af142894de9d555b9983,M20,3,13.4,11.87724,20
272,7fb8af142894de9d555b9983,M21,3,10.61,9.19548,21
272,7fb8af142894de9d555b9983,M22,3,27.86,23.19776,45
272,7fb8af142894de9d555b9983,M23,3,24.49,20.25512,45
272,7fb8af142894de9d555b9983,M24,3,27.95,23.87384,45
272,7fb8af142894de9d555b9983,M25,3,15.64,15.00792,20
272,7fb8af142894de9d555b9983,M26,3,14.39,14.02548,20
272,7fb8af142894de9d555b9983,M27,3,19.65,18.94532,30
272,7fb8af142894de9d555b9983,M28,3,17.94,17.1448,30
272,7fb8af142894de9d555b9983,M29,3,19.51,18.83432,30
272,7fb8af142894de9d555b9983,M30,3,12.55,11.64012,21
273,ca6cb56c983e5492cd15a656,M01,3,7.69,7.73416,10
273,ca6cb56c983e5492cd15a656,M02,3,10.28,10.42904,15
273,ca6cb56c983e5492cd15a656,M03,3,11.4,11.49805,21
273,ca6cb56c983e5492cd15a656,M04,3,10.48,10.84608,21
273,ca6cb56c983e5492cd15a656,M05,3,10.37,10.9256,21
273,ca6cb56c983e5492cd15a656,M06,3,14.07,14.2214586667,21
273,ca6cb56c983e5492cd15a656,M07,3,15.91,16.381584,30
273,ca6cb56c983e5492cd15a656,M08,3,20.26,20.63704,30
273,ca6cb56c983e5492cd15a656,M09,3,19,19.45392,30
273,ca6cb56c983e5492cd15a656,M10,3,21.71,21.77472,30
273,ca6cb56c983e5492cd15a656,M11,3,20.55,21.16564,30
273,ca6cb56c983e5492cd15a656,M12,3,29.5,30.25488,45
273,ca6cb56c983e5492cd15a656,M13,3,30.39,30.86952,60
273,ca6cb56c983e5492cd15a656,M14,3,27.26,27.93504,60
273,ca6cb56c983e5492cd15a656,M15,3,30.41,31.0498,60
273,ca6cb56c983e5492cd15a656,M16,3,59.23,59.03876,100
273,ca6cb56c983e5492cd15a656,M17,3,7.9,7.95377142857,14
273,ca6cb56c983e5492cd15a656,M18,3,11.09,11.16212,21
273,ca6cb56c983e5492cd15a656,M19,3,8.96,9.35,21
273,ca6cb56c983e5492cd15a656,M20,3,11.38,11.5588,20
273,ca6cb56c983e5492cd15a656,M21,3,8.54,9.01148,21
273,ca6cb56c983e5492cd15a656,M22,3,21.21,22.52096,45
273,ca6cb56c983e5492cd15a656,M23,3,18.37,20.22736,45
273,ca6cb56c983e5492cd15a656,M24,3,21.66,23.28192,45
273,ca6cb56c983e5492cd15a656,M25,3,13.93,14.6774,20
273,ca6cb56c983e5492cd15a656,M26,3,12.72,13.56684,20
273,ca6cb56c983e5492cd15a656,M27,3,16.27,18.01608,30
273,ca6cb56c983e5492cd15a656,M28,3,14.47,16.27796,30
273,ca6cb56c983e5492cd15a656,M29,3,16.5,17.9132,30
273,ca6cb56c983e5492cd15a656,M30,3,10.02,11.33536,21
274,9b385e5777f6b270736964d8,M01,4,5,5.8248,10
274,9b385e5777f6b270736964d8,M02,4,6.55,7.18924,15
274,9b385e5777f6b270736964d8,M03,4,5.62,6.71484,21
274,9b385e5777f6b270736964d8,M04,4,5.27,6.30212,21
274,9b385e5777f6b270736964d8,M05,4,5.18,6.10276,21
274,9b385e5777f6b270736964d8,M06,4,7.1,8.54372,21
274,9b385e5777f6b270736964d8,M07,4,7.18,8.97752,30
274,9b385e5777f6b270736964d8,M08,4,9.43,12.37704,30
274,9b385e5777f6b270736964d8,M09,4,8.17,11.37656,30
274,9b385e5777f6b270736964d8,M10,4,11.08,13.32544,30
274,9b385e5777f6b270736964d8,M11,4,10.07,12.7824,30
274,9b385e5777f6b270736964d8,M12,4,11.55,15.58028,45
274,9b385e5777f6b270736964d8,M13,4,11.47,15.35648,60
274,9b385e5777f6b270736964d8,M14,4,8.92,14.85388,60
274,9b385e5777f6b270736964d8,M15,4,11.8,13.77504,60
274,9b385e5777f6b270736964d8,M16,4,21.46,30.52828,100
274,9b385e5777f6b270736964d8,M17,4,3.49,4.79936,14
274,9b385e5777f6b270736964d8,M18,4,5.55,6.72336,21
274,9b385e5777f6b270736964d8,M19,4,4.7,5.17132,21
274,9b385e5777f6b270736964d8,M20,4,5.67,7.08088,20
274,9b385e5777f6b270736964d8,M21,4,4.62,5.12492,21
274,9b385e5777f6b270736964d8,M22,4,8.18,10.23852,45
274,9b385e5777f6b270736964d8,M23,4,6.95,9.40236,45
274,9b385e5777f6b270736964d8,M24,4,8.01,10.19856,45
274,9b385e5777f6b270736964d8,M25,4,9.85,10.996,20
274,9b385e5777f6b270736964d8,M26,4,8.23,10.02468,20
274,9b385e5777f6b270736964d8,M27,4,9.35,11.42364,30
274,9b385e5777f6b270736964d8,M28,4,7.95,9.9962,30
274,9b385e5777f6b270736964d8,M29,4,9.46,11.47736,30
274,9b385e5777f6b270736964d8,M30,4,5.59,6.6768,21
275,a3cc9e6104a657c18f86b132,M01,0,6.95,7.54128,10
275,a3cc9e6104a657c18f86b132,M02,0,9.83,10.2682,15
275,a3cc9e6104a657c18f86b132,M03,0,10.29,11.34948,21
275,a3cc9e6104a657c18f86b132,M04,0,9.75,10.76476,21
275,a3cc9e6104a657c18f86b132,M05,0,9.82,10.7914,21
275,a3cc9e6104a657c18f86b132,M06,0,12.38,13.9326,21
275,a3cc9e6104a657c18f86b132,M07,0,14.46,15.48868,30
275,a3cc9e6104a657c18f86b132,M08,0,18.76,19.7676,30
275,a3cc9e6104a657c18f86b132,M09,0,17.87,18.61924,30
275,a3cc9e6104a657c18f86b132,M10,0,20.01,21.00968,30
275,a3cc9e6104a657c18f86b132,M11,0,19.45,20.43052,30
275,a3cc9e6104a657c18f86b132,M12,0,27.14,28.34972,45
275,a3cc9e6104a657c18f86b132,M13,0,25.8,28.44508,60
275,a3cc9e6104a657c18f86b132,M14,0,22.84,25.34712,60
275,a3cc9e6104a657c18f86b132,M15,0,27.24,29.094,60
275,a3cc9e6104a657c18f86b132,M16,0,54.19,54.5894,100
275,a3cc9e6104a657c18f86b132,M17,0,7.27,7.81636,14
275,a3cc9e6104a657c18f86b132,M18,0,9.96,11.05112,21
275,a3cc9e6104a657c18f86b132,M19,0,8.16,9.35548,21
275,a3cc9e6104a657c18f86b132,M20,0,11.73,11.19624,20
275,a3cc9e6104a657c18f86b132,M21,0,8.59,9.05732,21
275,a3cc9e6104a657c18f86b132,M22,0,21.07,21.00276,45
275,a3cc9e6104a657c18f86b132,M23,0,16.71,17.7294,45
275,a3cc9e6104a657c18f86b132,M24,0,28.11,23.29869,45
275,a3cc9e6104a657c18f86b132,M25,0,13.72,14.63568,20
275,a3cc9e6104a657c18f86b132,M26,0,12.59,13.5008,20
275,a3cc9e6104a657c18f86b132,M27,0,15.97,17.60096,30
275,a3cc9e6104a657c18f86b132,M28,0,14.32,15.88488,30
275,a3cc9e6104a657c18f86b132,M29,0,16.45,17.81972,30
275,a3cc9e6104a657c18f86b132,M30,0,9.88,11.22292,21
277,1d0a43c80b2575e810c29b2d,M01,0,7.03,6.58696,10
277,1d0a43c80b2575e810c29b2d,M02,0,9.38,8.79212,15
277,1d0a43c80b2575e810c29b2d,M03,0,9.55,8.64416,21
277,1d0a43c80b2575e810c29b2d,M04,0,8.81,8.04084,21
277,1d0a43c80b2575e810c29b2d,M05,0,8.87,8.00924,21
277,1d0a43c80b2575e810c29b2d,M06,0,12.07,10.78092,21
277,1d0a43c80b2575e810c29b2d,M07,0,13.04,11.59132,30
277,1d0a43c80b2575e810c29b2d,M08,0,17.44,15.87424,30
277,1d0a43c80b2575e810c29b2d,M09,0,16.41,15.01316,30
277,1d0a43c80b2575e810c29b2d,M10,0,19.03,17.15584,30
277,1d0a43c80b2575e810c29b2d,M11,0,18.31,16.72424,30
277,1d0a43c80b2575e810c29b2d,M12,0,24.67,21.89812,45
277,1d0a43c80b2575e810c29b2d,M13,0,24.67,21.404,60
277,1d0a43c80b2575e810c29b2d,M14,0,21.24,18.97048,60
277,1d0a43c80b2575e810c29b2d,M15,0,24.48,21.29356,60
277,1d0a43c80b2575e810c29b2d,M16,0,52.79,47.41196,100
277,1d0a43c80b2575e810c29b2d,M17,0,6.93,6.22096,14
277,1d0a43c80b2575e810c29b2d,M18,0,9.43,8.46704,21
277,1d0a43c80b2575e810c29b2d,M19,0,7.55,5.89864,21
277,1d0a43c80b2575e810c29b2d,M20,0,9.93,8.26188,20
277,1d0a43c80b2575e810c29b2d,M21,0,7.23,5.75424,21
277,1d0a43c80b2575e810c29b2d,M22,0,16.88,12.55732,45
277,1d0a43c80b2575e810c29b2d,M23,0,14.29,11.41272,45
277,1d0a43c80b2575e810c29b2d,M24,0,17.19,12.5366,45
277,1d0a43c80b2575e810c29b2d,M25,0,13.81,13.36888,20
277,1d0a43c80b2575e810c29b2d,M26,0,12.51,12.22712,20
277,1d0a43c80b2575e810c29b2d,M27,0,15.86,15.18284,30
277,1d0a43c80b2575e810c29b2d,M28,0,13.91,13.43136,30
277,1d0a43c80b2575e810c29b2d,M29,0,15.68,14.94288,30
277,1d0a43c80b2575e810c29b2d,M30,0,9.58,9.33096,21
278,7379aff9cd07b6083d7fa843,M01,0,9.48,8.91588,10
278,7379aff9cd07b6083d7fa843,M02,0,12.01,11.8566,15
278,7379aff9cd07b6083d7fa843,M03,0,14.6,14.13696,21
278,7379aff9cd07b6083d7fa843,M04,0,13.58,13.19888,21
278,7379aff9cd07b6083d7fa843,M05,0,13.91,13.3988,21
278,7379aff9cd07b6083d7fa843,M06,0,17.48,16.84384,21
278,7379aff9cd07b6083d7fa843,M07,0,20.77,19.80584,30
278,7379aff9cd07b6083d7fa843,M08,0,24.71,23.84356,30
278,7379aff9cd07b6083d7fa843,M09,0,23.32,22.65684,30
278,7379aff9cd07b6083d7fa843,M10,0,26.17,25.36804,30
278,7379aff9cd07b6083d7fa843,M11,0,25.37,24.83188,30
278,7379aff9cd07b6083d7fa843,M12,0,37.02,36.28212,45
278,7379aff9cd07b6083d7fa843,M13,0,39.55,37.8756,60
278,7379aff9cd07b6083d7fa843,M14,0,37.02,35.74644,60
278,7379aff9cd07b6083d7fa843,M15,0,39.81,38.20236,60
278,7379aff9cd07b6083d7fa843,M16,0,69.16,67.7964,100
278,7379aff9cd07b6083d7fa843,M17,0,9.58,9.22632,14
278,7379aff9cd07b6083d7fa843,M18,0,13.81,13.3126,21
278,7379aff9cd07b6083d7fa843,M19,0,15.17,13.05664,21
278,7379aff9cd07b6083d7fa843,M25,0,17.16,16.65464,20
278,7379aff9cd07b6083d7fa843,M26,0,15.83,15.57152,20
278,7379aff9cd07b6083d7fa843,M27,0,22.25,21.36164,30
278,7379aff9cd07b6083d7fa843,M28,0,20.64,19.9096,30
278,7379aff9cd07b6083d7fa843,M29,0,22.01,21.18992,30
278,7379aff9cd07b6083d7fa843,M30,0,14.65,14.23212,21
280,bed4536832eee8371b3e89bd,M01,0,7.02,7.16184,10
280,bed4536832eee8371b3e89bd,M02,0,9.87,9.86496,15
280,bed4536832eee8371b3e89bd,M03,0,10.86,10.25317,21
280,bed4536832eee8371b3e89bd,M04,0,9.91,9.62828,21
280,bed4536832eee8371b3e89bd,M05,0,9.62,9.57244,21
280,bed4536832eee8371b3e89bd,M06,0,13.49,12.96884,21
280,bed4536832eee8371b3e89bd,M07,0,14.35,14.18192,30
280,bed4536832eee8371b3e89bd,M08,0,19.01,18.6758,30
280,bed4536832eee8371b3e89bd,M09,0,17.88,17.63292,30
280,bed4536832eee8371b3e89bd,M10,0,20.96,19.89412,30
280,bed4536832eee8371b3e89bd,M11,0,19.7,19.27396,30
280,bed4536832eee8371b3e89bd,M12,0,26.94,26.3782,45
280,bed4536832eee8371b3e89bd,M13,0,25.8,26.21244,60
280,bed4536832eee8371b3e89bd,M14,0,23.22,23.14036,60
280,bed4536832eee8371b3e89bd,M15,0,26.77,26.43972,60
280,bed4536832eee8371b3e89bd,M16,0,54.17,54.77254,100
280,bed4536832eee8371b3e89bd,M17,0,7.16,7.23752,14
280,bed4536832eee8371b3e89bd,M18,0,10.13,10.016726,21
280,bed4536832eee8371b3e89bd,M19,0,7.68,7.58402,21
280,bed4536832eee8371b3e89bd,M20,0,8.44,10.3576,20
280,bed4536832eee8371b3e89bd,M21,0,6.94,7.64126666667,21
280,bed4536832eee8371b3e89bd,M22,0,14.79,18.0219466667,45
280,bed4536832eee8371b3e89bd,M23,0,14.22,15.89934,45
280,bed4536832eee8371b3e89bd,M24,0,14.63,18.70556,45
280,bed4536832eee8371b3e89bd,M25,0,14.36,13.90216,20
280,bed4536832eee8371b3e89bd,M26,0,13.21,12.94624,20
280,bed4536832eee8371b3e89bd,M27,0,17.15,16.4472,30
280,bed4536832eee8371b3e89bd,M28,0,15.33,14.79876,30
280,bed4536832eee8371b3e89bd,M29,0,17.09,16.42116,30
280,bed4536832eee8371b3e89bd,M30,0,10.85,10.1151,21
281,bbda52a9d99ca097c7cfd477,M01,3,6.65,6.6352,10
281,bbda52a9d99ca097c7cfd477,M02,3,8.79,8.53364,15
281,bbda52a9d99ca097c7cfd477,M03,3,8.5,8.17132,21
281,bbda52a9d99ca097c7cfd477,M04,3,7.79,7.7702,21
281,bbda52a9d99ca097c7cfd477,M05,3,8.11,7.66256,21
281,bbda52a9d99ca097c7cfd477,M06,3,10.84,10.46276,21
281,bbda52a9d99ca097c7cfd477,M07,3,11.47,11.24552,30
281,bbda52a9d99ca097c7cfd477,M08,3,15.85,15.77904,30
281,bbda52a9d99ca097c7cfd477,M09,3,14.89,14.752,30
281,bbda52a9d99ca097c7cfd477,M10,3,17.38,16.8314,30
281,bbda52a9d99ca097c7cfd477,M11,3,17.09,16.107,30
281,bbda52a9d99ca097c7cfd477,M12,3,22.13,21.90236,45
281,bbda52a9d99ca097c7cfd477,M13,3,21.52,21.30484,60
281,bbda52a9d99ca097c7cfd477,M14,3,18.48,19.05828,60
281,bbda52a9d99ca097c7cfd477,M15,3,21.34,21.37196,60
281,bbda52a9d99ca097c7cfd477,M16,3,48.83,46.7412,100
281,bbda52a9d99ca097c7cfd477,M17,3,5.88,6.34868,14
281,bbda52a9d99ca097c7cfd477,M18,3,8,8.23844,21
281,bbda52a9d99ca097c7cfd477,M19,3,5.52,6.6696,21
281,bbda52a9d99ca097c7cfd477,M20,3,6.98,8.81648,20
281,bbda52a9d99ca097c7cfd477,M21,3,5.01,6.68944,21
281,bbda52a9d99ca097c7cfd477,M22,3,10.44,14.62036,45
281,bbda52a9d99ca097c7cfd477,M23,3,9.6,13.05328,45
281,bbda52a9d99ca097c7cfd477,M24,3,10.17,14.77192,45
281,bbda52a9d99ca097c7cfd477,M25,3,14.32,12.363,20
281,bbda52a9d99ca097c7cfd477,M26,3,13.04,11.2904,20
281,bbda52a9d99ca097c7cfd477,M27,3,16.98,13.5848,30
281,bbda52a9d99ca097c7cfd477,M28,3,15.06,12.18112,30
281,bbda52a9d99ca097c7cfd477,M29,3,16.73,13.4232,30
281,bbda52a9d99ca097c7cfd477,M30,3,10.45,7.92004,21
282,c18e77ce74b9a2e4ab1ae59d,M01,1,8.28,8.31488,10
282,c18e77ce74b9a2e4ab1ae59d,M02,1,11.06,11.46088,15
282,c18e77ce74b9a2e4ab1ae59d,M03,1,13.15,13.49048,21
282,c18e77ce74b9a2e4ab1ae59d,M04,1,12.3,12.72792,21
282,c18e77ce74b9a2e4ab1ae59d,M05,1,12.52,12.90672,21
282,c18e77ce74b9a2e4ab1ae59d,M06,1,15.77,15.7846,21
282,c18e77ce74b9a2e4ab1ae59d,M07,1,18.62,18.96256,30
282,c18e77ce74b9a2e4ab1ae59d,M08,1,22.73,22.3638,30
282,c18e77ce74b9a2e4ab1ae59d,M09,1,21.57,21.38544,30
282,c18e77ce74b9a2e4ab1ae59d,M10,1,24.08,23.6448,30
282,c18e77ce74b9a2e4ab1ae59d,M11,1,23.51,23.21308,30
282,c18e77ce74b9a2e4ab1ae59d,M12,1,33.77,34.13036,45
282,c18e77ce74b9a2e4ab1ae59d,M13,1,35.36,35.19448,60
282,c18e77ce74b9a2e4ab1ae59d,M14,1,32.72,32.8374,60
282,c18e77ce74b9a2e4ab1ae59d,M15,1,35.87,35.66128,60
282,c18e77ce74b9a2e4ab1ae59d,M16,1,64.63,63.90764,100
282,c18e77ce74b9a2e4ab1ae59d,M17,1,8.81,8.7354,14
282,c18e77ce74b9a2e4ab1ae59d,M18,1,12.65,12.7932,21
282,c18e77ce74b9a2e4ab1ae59d,M19,1,11.6,12.23952,21
282,c18e77ce74b9a2e4ab1ae59d,M20,1,13.43,12.66592,20
282,c18e77ce74b9a2e4ab1ae59d,M21,1,10.79,11.50468,21
282,c18e77ce74b9a2e4ab1ae59d,M22,1,27.87,24.50256,45
282,c18e77ce74b9a2e4ab1ae59d,M23,1,24.74,22.43964,45
282,c18e77ce74b9a2e4ab1ae59d,M24,1,28.52,24.26556,45
282,c18e77ce74b9a2e4ab1ae59d,M25,1,15.84,15.86892,20
282,c18e77ce74b9a2e4ab1ae59d,M26,1,14.73,14.96948,20
282,c18e77ce74b9a2e4ab1ae59d,M27,1,20.3,20.77624,30
282,c18e77ce74b9a2e4ab1ae59d,M28,1,18.73,19.4076,30
282,c18e77ce74b9a2e4ab1ae59d,M29,1,20.25,20.8334,30
282,c18e77ce74b9a2e4ab1ae59d,M30,1,13.18,13.6082,21
283,c2eedb24cf5e98af3c88b4c1,M01,1,7.36,7.6382,10
283,c2eedb24cf5e98af3c88b4c1,M02,1,9.89,10.14552,15
283,c2eedb24cf5e98af3c88b4c1,M03,1,10.61,10.93936,21
283,c2eedb24cf5e98af3c88b4c1,M04,1,9.82,10.28628,21
283,c2eedb24cf5e98af3c88b4c1,M05,1,9.82,10.16348,21
283,c2eedb24cf5e98af3c88b4c1,M06,1,13.16,13.279,21
283,c2eedb24cf5e98af3c88b4c1,M07,1,14.72,15.12484,30
283,c2eedb24cf5e98af3c88b4c1,M08,1,19.13,20.1812,30
283,c2eedb24cf5e98af3c88b4c1,M09,1,18.03,18.92036,30
283,c2eedb24cf5e98af3c88b4c1,M10,1,20.58,21.27672,30
283,c2eedb24cf5e98af3c88b4c1,M11,1,19.78,20.33404,30
283,c2eedb24cf5e98af3c88b4c1,M12,1,27.63,29.77228,45
283,c2eedb24cf5e98af3c88b4c1,M13,1,27.96,30.329,60
283,c2eedb24cf5e98af3c88b4c1,M14,1,24.84,27.57616,60
283,c2eedb24cf5e98af3c88b4c1,M15,1,27.99,30.50972,60
283,c2eedb24cf5e98af3c88b4c1,M16,1,56.63,58.68596,100
283,c2eedb24cf5e98af3c88b4c1,M17,1,7.46,7.86484,14
283,c2eedb24cf5e98af3c88b4c1,M18,1,10.4,10.74036,21
283,c2eedb24cf5e98af3c88b4c1,M19,1,8.51,8.70032,21
283,c2eedb24cf5e98af3c88b4c1,M20,1,10.93,11.02212,20
283,c2eedb24cf5e98af3c88b4c1,M21,1,8.11,8.441,21
283,c2eedb24cf5e98af3c88b4c1,M22,1,19.81,20.98864,45
283,c2eedb24cf5e98af3c88b4c1,M23,1,17.07,18.47952,45
283,c2eedb24cf5e98af3c88b4c1,M24,1,20.15,21.45872,45
283,c2eedb24cf5e98af3c88b4c1,M25,1,13.82,13.7044,20
283,c2eedb24cf5e98af3c88b4c1,M26,1,12.6,12.6086,20
283,c2eedb24cf5e98af3c88b4c1,M27,1,16.01,15.32896,30
283,c2eedb24cf5e98af3c88b4c1,M28,1,14.22,13.95656,30
283,c2eedb24cf5e98af3c88b4c1,M29,1,16.06,15.329,30
283,c2eedb24cf5e98af3c88b4c1,M30,1,9.85,10.22748,21
284,6c8bd1deff5bdb9e32c6446d,M01,2,8.11,8.86004,10
284,6c8bd1deff5bdb9e32c6446d,M02,2,12.48,11.71032,15
284,6c8bd1deff5bdb9e32c6446d,M03,2,15.18,13.95812,21
284,6c8bd1deff5bdb9e32c6446d,M04,2,14.18,13.17492,21
284,6c8bd1deff5bdb9e32c6446d,M05,2,14.5,13.38072,21
284,6c8bd1deff5bdb9e32c6446d,M06,2,18.3,16.45216,21
284,6c8bd1deff5bdb9e32c6446d,M07,2,21.63,19.37356,30
284,6c8bd1deff5bdb9e32c6446d,M08,2,25.51,24.05972,30
284,6c8bd1deff5bdb9e32c6446d,M09,2,24.15,22.95032,30
284,6c8bd1deff5bdb9e32c6446d,M10,2,26.99,25.42004,30
284,6c8bd1deff5bdb9e32c6446d,M11,2,26.18,24.83456,30
284,6c8bd1deff5bdb9e32c6446d,M12,2,38.34,35.82672,45
284,6c8bd1deff5bdb9e32c6446d,M13,2,41.36,37.73032,60
284,6c8bd1deff5bdb9e32c6446d,M14,2,38.95,35.49352,60
284,6c8bd1deff5bdb9e32c6446d,M15,2,41.18,37.89268,60
284,6c8bd1deff5bdb9e32c6446d,M16,2,71.11,67.52796,100
284,6c8bd1deff5bdb9e32c6446d,M17,2,9.96,9.13168,14
284,6c8bd1deff5bdb9e32c6446d,M18,2,14.35,13.30696,21
284,6c8bd1deff5bdb9e32c6446d,M19,2,15.22,13.21288,21
284,6c8bd1deff5bdb9e32c6446d,M20,2,16.47,15.11108,20
284,6c8bd1deff5bdb9e32c6446d,M21,2,13.94,12.43912,21
284,6c8bd1deff5bdb9e32c6446d,M22,2,37.38,33.3878,45
284,6c8bd1deff5bdb9e32c6446d,M23,2,34.54,31.91804,45
284,6c8bd1deff5bdb9e32c6446d,M24,2,37.14,33.32508,45
284,6c8bd1deff5bdb9e32c6446d,M25,2,18.01,16.27128,20
284,6c8bd1deff5bdb9e32c6446d,M26,2,16.43,15.21616,20
284,6c8bd1deff5bdb9e32c6446d,M27,2,23.21,20.43128,30
284,6c8bd1deff5bdb9e32c6446d,M28,2,21.56,19.26824,30
284,6c8bd1deff5bdb9e32c6446d,M29,2,22.75,20.36104,30
284,6c8bd1deff5bdb9e32c6446d,M30,2,15.27,13.98676,21
285,13cc0dc0c9b50911e5f7c80a,M01,1,7.29,7.40344,10
285,13cc0dc0c9b50911e5f7c80a,M02,1,9.7,10.19988,15
285,13cc0dc0c9b50911e5f7c80a,M03,1,10.2,10.77244,21
285,13cc0dc0c9b50911e5f7c80a,M04,1,9.13,10.1106,21
285,13cc0dc0c9b50911e5f7c80a,M05,1,9.3,10.18156,21
285,13cc0dc0c9b50911e5f7c80a,M06,1,12.86,13.46752,21
285,13cc0dc0c9b50911e5f7c80a,M07,1,14.05,14.93472,30
285,13cc0dc0c9b50911e5f7c80a,M08,1,18.47,19.71112,30
285,13cc0dc0c9b50911e5f7c80a,M09,1,16.98,18.55772,30
285,13cc0dc0c9b50911e5f7c80a,M10,1,19.99,20.72596,30
285,13cc0dc0c9b50911e5f7c80a,M11,1,18.99,20.06288,30
285,13cc0dc0c9b50911e5f7c80a,M12,1,26.44,28.00872,45
285,13cc0dc0c9b50911e5f7c80a,M13,1,26.93,28.4608,60
285,13cc0dc0c9b50911e5f7c80a,M14,1,23.54,25.57136,60
285,13cc0dc0c9b50911e5f7c80a,M15,1,26.37,28.65608,60
285,13cc0dc0c9b50911e5f7c80a,M16,1,55.47,53.2792,100
285,13cc0dc0c9b50911e5f7c80a,M17,1,7.1,7.38632,14
285,13cc0dc0c9b50911e5f7c80a,M18,1,9.74,10.44084,21
285,13cc0dc0c9b50911e5f7c80a,M19,1,7.94,8.14004,21
285,13cc0dc0c9b50911e5f7c80a,M20,1,10.34,10.56836,20
285,13cc0dc0c9b50911e5f7c80a,M21,1,7.42,7.84616,21
285,13cc0dc0c9b50911e5f7c80a,M22,1,17.98,19.78316,45
285,13cc0dc0c9b50911e5f7c80a,M23,1,15.32,16.99588,45
285,13cc0dc0c9b50911e5f7c80a,M24,1,18.14,19.99768,45
285,13cc0dc0c9b50911e5f7c80a,M25,1,14.23,14.3168,20
285,13cc0dc0c9b50911e5f7c80a,M26,1,12.95,13.27032,20
285,13cc0dc0c9b50911e5f7c80a,M27,1,16.81,17.26916,30
285,13cc0dc0c9b50911e5f7c80a,M28,1,14.9,15.48524,30
285,13cc0dc0c9b50911e5f7c80a,M29,1,16.41,17.16552,30
285,13cc0dc0c9b50911e5f7c80a,M30,1,10.23,10.81868,21
286,df47194b4bdae24605cf1a6e,M01,3,6.95,7.39284,10
286,df47194b4bdae24605cf1a6e,M02,3,9.95,10.19284,15
286,df47194b4bdae24605cf1a6e,M03,3,10.71,11.026904,21
286,df47194b4bdae24605cf1a6e,M04,3,9.75,10.33704,21
286,df47194b4bdae24605cf1a6e,M05,3,9.71,10.3242,21
286,df47194b4bdae24605cf1a6e,M06,3,13.13,13.6052933333,21
286,df47194b4bdae24605cf1a6e,M07,3,14.29,14.952,30
286,df47194b4bdae24605cf1a6e,M08,3,18.87,19.6251466667,30
286,df47194b4bdae24605cf1a6e,M09,3,17.73,18.71988,30
286,df47194b4bdae24605cf1a6e,M10,3,20.45,20.98136,30
286,df47194b4bdae24605cf1a6e,M11,3,19.62,20.3257,30
286,df47194b4bdae24605cf1a6e,M12,3,26.84,29.20132,45
286,df47194b4bdae24605cf1a6e,M13,3,25.55,29.5062,60
286,df47194b4bdae24605cf1a6e,M14,3,22.85,26.33152,60
286,df47194b4bdae24605cf1a6e,M15,3,26.37,29.88248,60
286,df47194b4bdae24605cf1a6e,M16,3,53.86,58.00168,100
286,df47194b4bdae24605cf1a6e,M17,3,7.03,7.64824,14
286,df47194b4bdae24605cf1a6e,M18,3,9.88,10.62636,21
286,df47194b4bdae24605cf1a6e,M19,3,6.34,8.55583,21
286,df47194b4bdae24605cf1a6e,M20,3,8.54,10.96088,20
286,df47194b4bdae24605cf1a6e,M21,3,6.99,8.39024,21
286,df47194b4bdae24605cf1a6e,M22,3,14.97,20.18424,45
286,df47194b4bdae24605cf1a6e,M23,3,14.04,17.731,45
286,df47194b4bdae24605cf1a6e,M24,3,14.7,20.95,45
286,df47194b4bdae24605cf1a6e,M25,3,13.81,14.27804,20
286,df47194b4bdae24605cf1a6e,M26,3,12.67,13.21016,20
286,df47194b4bdae24605cf1a6e,M27,3,16.11,16.85956,30
286,df47194b4bdae24605cf1a6e,M28,3,14.38,15.14852,30
286,df47194b4bdae24605cf1a6e,M29,3,16.24,16.905,30
286,df47194b4bdae24605cf1a6e,M30,3,10.11,10.9145,21
290,b4432b95902e4e88b42e2066,M01,0,7.64,6.8274,10
290,b4432b95902e4e88b42e2066,M02,0,10.22,9.14464,15
290,b4432b95902e4e88b42e2066,M03,0,11.19,9.18644,21
290,b4432b95902e4e88b42e2066,M04,0,10.22,8.57211333333,21
290,b4432b95902e4e88b42e2066,M05,0,10.41,8.5232,21
290,b4432b95902e4e88b42e2066,M06,0,13.84,12.1606,21
290,b4432b95902e4e88b42e2066,M07,0,15.54,13.1935666667,30
290,b4432b95902e4e88b42e2066,M08,0,19.91,17.39716,30
290,b4432b95902e4e88b42e2066,M09,0,18.58,16.20968,30
290,b4432b95902e4e88b42e2066,M10,0,21.43,18.6512,30
290,b4432b95902e4e88b42e2066,M11,0,20.59,17.8613466667,30
290,b4432b95902e4e88b42e2066,M12,0,28.78,24.673,45
290,b4432b95902e4e88b42e2066,M13,0,29.45,24.5534,60
290,b4432b95902e4e88b42e2066,M14,0,26.07,22.13052,60
290,b4432b95902e4e88b42e2066,M15,0,29.65,24.51524,60
290,b4432b95902e4e88b42e2066,M16,0,58.21,51.26272,100
290,b4432b95902e4e88b42e2066,M17,0,7.74,6.6658,14
290,b4432b95902e4e88b42e2066,M18,0,10.76,8.96356666667,21
290,b4432b95902e4e88b42e2066,M19,0,8.62,7.37239333333,21
290,b4432b95902e4e88b42e2066,M20,0,10.94,9.62912,20
290,b4432b95902e4e88b42e2066,M21,0,8.06,7.1142,21
290,b4432b95902e4e88b42e2066,M22,0,19.82,16.4422666667,45
290,b4432b95902e4e88b42e2066,M23,0,16.45,14.74616,45
290,b4432b95902e4e88b42e2066,M24,0,20.17,16.71304,45
290,b4432b95902e4e88b42e2066,M25,0,14.81,13.73324,20
290,b4432b95902e4e88b42e2066,M26,0,13.53,12.72132,20
290,b4432b95902e4e88b42e2066,M27,0,17.98,15.73056,30
290,b4432b95902e4e88b42e2066,M28,0,16.07,14.3018,30
290,b4432b95902e4e88b42e2066,M29,0,17.87,15.62487,30
290,b4432b95902e4e88b42e2066,M30,0,11.24,9.40563666667,21
291,bb6c0863dd45d3f74e17df3e,M01,4,7.5,7.4568,10
291,bb6c0863dd45d3f74e17df3e,M02,4,10.37,10.12608,15
291,bb6c0863dd45d3f74e17df3e,M03,4,11.74,10.77436,21
291,bb6c0863dd45d3f74e17df3e,M04,4,11.16,10.07796,21
291,bb6c0863dd45d3f74e17df3e,M05,4,11.02,10.10392,21
291,bb6c0863dd45d3f74e17df3e,M06,4,13.87,13.61076,21
291,bb6c0863dd45d3f74e17df3e,M07,4,16.5,15.4572,30
291,bb6c0863dd45d3f74e17df3e,M08,4,20.79,19.97868,30
291,bb6c0863dd45d3f74e17df3e,M09,4,19.97,18.86212,30
291,bb6c0863dd45d3f74e17df3e,M10,4,22.16,21.06324,30
291,bb6c0863dd45d3f74e17df3e,M11,4,21.47,20.56848,30
291,bb6c0863dd45d3f74e17df3e,M12,4,30.55,28.10608,45
291,bb6c0863dd45d3f74e17df3e,M13,4,30.32,28.09748,60
291,bb6c0863dd45d3f74e17df3e,M14,4,27.57,25.20292,60
291,bb6c0863dd45d3f74e17df3e,M15,4,31.54,28.7094,60
291,bb6c0863dd45d3f74e17df3e,M16,4,59.22,57.95412,100
291,bb6c0863dd45d3f74e17df3e,M17,4,8.19,7.80292,14
291,bb6c0863dd45d3f74e17df3e,M18,4,11.64,10.42904,21
291,bb6c0863dd45d3f74e17df3e,M19,4,8.61,9.10596,21
291,bb6c0863dd45d3f74e17df3e,M20,4,12.35,12.92168,20
291,bb6c0863dd45d3f74e17df3e,M21,4,9.14,9.09244,21
291,bb6c0863dd45d3f74e17df3e,M22,4,23.08,22.82276,45
291,bb6c0863dd45d3f74e17df3e,M23,4,18.43,18.9974,45
291,bb6c0863dd45d3f74e17df3e,M24,4,29.56,24.03312,45
291,bb6c0863dd45d3f74e17df3e,M25,4,14.6,14.28424,20
291,bb6c0863dd45d3f74e17df3e,M26,4,13.54,13.41356,20
291,bb6c0863dd45d3f74e17df3e,M27,4,17.87,17.17884,30
291,bb6c0863dd45d3f74e17df3e,M28,4,16.32,15.68112,30
291,bb6c0863dd45d3f74e17df3e,M29,4,18.25,17.38076,30
291,bb6c0863dd45d3f74e17df3e,M30,4,11.34,10.69752,21
294,d5d831302cba59032cb7c4e8,M01,0,7.2,8.62864,10
294,d5d831302cba59032cb7c4e8,M02,0,9.69,12.50604,15
294,d5d831302cba59032cb7c4e8,M03,0,10.41,14.9098,21
294,d5d831302cba59032cb7c4e8,M04,0,9.98,14.07476,21
294,d5d831302cba59032cb7c4e8,M05,0,10.17,14.21976,21
294,d5d831302cba59032cb7c4e8,M06,0,13.04,17.40436,21
294,d5d831302cba59032cb7c4e8,M07,0,14.5,20.5812,30
294,d5d831302cba59032cb7c4e8,M08,0,18.9,24.78652,30
294,d5d831302cba59032cb7c4e8,M09,0,18.36,23.67476,30
294,d5d831302cba59032cb7c4e8,M10,0,20.27,26.18504,30
294,d5d831302cba59032cb7c4e8,M11,0,20.26,25.63944,30
294,d5d831302cba59032cb7c4e8,M12,0,27.48,38.02588,45
294,d5d831302cba59032cb7c4e8,M13,0,28.16,39.8918,60
294,d5d831302cba59032cb7c4e8,M14,0,26.19,38.10656,60
294,d5d831302cba59032cb7c4e8,M15,0,28.1,39.98844,60
294,d5d831302cba59032cb7c4e8,M16,0,56.9,69.07712,100
294,d5d831302cba59032cb7c4e8,M17,0,7.45,9.33184,14
294,d5d831302cba59032cb7c4e8,M18,0,10.45,14.07472,21
294,d5d831302cba59032cb7c4e8,M19,0,8.12,14.59368,21
294,d5d831302cba59032cb7c4e8,M20,0,10.11,15.49236,20
294,d5d831302cba59032cb7c4e8,M21,0,7.8,13.4388,21
294,d5d831302cba59032cb7c4e8,M22,0,17.94,33.644,45
294,d5d831302cba59032cb7c4e8,M23,0,18.6,32.704,45
294,d5d831302cba59032cb7c4e8,M24,0,17.1,33.4498,45
294,d5d831302cba59032cb7c4e8,M25,0,15.46,16.76188,20
294,d5d831302cba59032cb7c4e8,M26,0,14.33,15.99128,20
294,d5d831302cba59032cb7c4e8,M27,0,19.54,21.51484,30
294,d5d831302cba59032cb7c4e8,M28,0,17.94,20.11208,30
294,d5d831302cba59032cb7c4e8,M29,0,19.44,21.27864,30
294,d5d831302cba59032cb7c4e8,M30,0,12.36,15.00836,21
295,0a411c9b61631bf103bfed61,M01,3,7.81,7.80412,10
295,0a411c9b61631bf103bfed61,M02,3,10.51,10.37688,15
295,0a411c9b61631bf103bfed61,M03,3,11.94,11.42657,21
295,0a411c9b61631bf103bfed61,M04,3,11.13,10.73432,21
295,0a411c9b61631bf103bfed61,M05,3,11.31,10.81037,21
295,0a411c9b61631bf103bfed61,M06,3,14.53,14.36384,21
295,0a411c9b61631bf103bfed61,M07,3,16.76,16.1284,30
295,0a411c9b61631bf103bfed61,M08,3,21.02,20.58496,30
295,0a411c9b61631bf103bfed61,M09,3,19.93,19.4036,30
295,0a411c9b61631bf103bfed61,M10,3,22.47,21.7348,30
295,0a411c9b61631bf103bfed61,M11,3,21.82,21.13896,30
295,0a411c9b61631bf103bfed61,M12,3,30.87,29.81988,45
295,0a411c9b61631bf103bfed61,M13,3,31.83,30.386,60
295,0a411c9b61631bf103bfed61,M14,3,28.94,27.6332,60
295,0a411c9b61631bf103bfed61,M15,3,32.16,30.57372,60
295,0a411c9b61631bf103bfed61,M16,3,60.84,58.83024,100
295,0a411c9b61631bf103bfed61,M17,3,8.23,8.01164,14
295,0a411c9b61631bf103bfed61,M18,3,11.59,11.0490133333,21
295,0a411c9b61631bf103bfed61,M19,3,10.53,9.55304,21
295,0a411c9b61631bf103bfed61,M20,3,12.62,11.66572,20
295,0a411c9b61631bf103bfed61,M21,3,9.95,9.1198,21
295,0a411c9b61631bf103bfed61,M22,3,25.27,22.0402,45
295,0a411c9b61631bf103bfed61,M23,3,22.19,19.94276,45
295,0a411c9b61631bf103bfed61,M24,3,25.76,23.05924,45
295,0a411c9b61631bf103bfed61,M25,3,15.13,14.80816,20
295,0a411c9b61631bf103bfed61,M26,3,13.98,13.77232,20
295,0a411c9b61631bf103bfed61,M27,3,18.8,18.1606,30
295,0a411c9b61631bf103bfed61,M28,3,17.18,16.49968,30
295,0a411c9b61631bf103bfed61,M29,3,18.75,18.14504,30
295,0a411c9b61631bf103bfed61,M30,3,11.98,11.36792,21
296,5cc22c63bfc2c970da060ca8,M01,1,7.49,7.54028,10
296,5cc22c63bfc2c970da060ca8,M02,1,10.34,10.33168,15
296,5cc22c63bfc2c970da060ca8,M03,1,11.67,11.54464,21
296,5cc22c63bfc2c970da060ca8,M04,1,10.88,10.9128,21
296,5cc22c63bfc2c970da060ca8,M05,1,11.01,10.94156,21
296,5cc22c63bfc2c970da060ca8,M06,1,13.91,14.08204,21
296,5cc22c63bfc2c970da060ca8,M07,1,16.45,16.31916,30
296,5cc22c63bfc2c970da060ca8,M08,1,20.91,20.88024,30
296,5cc22c63bfc2c970da060ca8,M09,1,19.85,19.87444,30
296,5cc22c63bfc2c970da060ca8,M10,1,22.01,22.0338,30
296,5cc22c63bfc2c970da060ca8,M11,1,21.43,21.52912,30
296,5cc22c63bfc2c970da060ca8,M12,1,30.47,30.05004,45
296,5cc22c63bfc2c970da060ca8,M13,1,30.22,30.2752,60
296,5cc22c63bfc2c970da060ca8,M14,1,27.4,27.55656,60
296,5cc22c63bfc2c970da060ca8,M15,1,31.59,31.0102,60
296,5cc22c63bfc2c970da060ca8,M16,1,59.11,59.23516,100
296,5cc22c63bfc2c970da060ca8,M17,1,8.51,8.06224,14
296,5cc22c63bfc2c970da060ca8,M18,1,11.27,11.39856,21
296,5cc22c63bfc2c970da060ca8,M19,1,9.11,9.3674,21
296,5cc22c63bfc2c970da060ca8,M20,1,11.78,13.48996,20
296,5cc22c63bfc2c970da060ca8,M21,1,8.58,9.7036,21
296,5cc22c63bfc2c970da060ca8,M22,1,20.46,25.4846,45
296,5cc22c63bfc2c970da060ca8,M23,1,16.59,20.71768,45
296,5cc22c63bfc2c970da060ca8,M24,1,26.25,24.26164,45
296,5cc22c63bfc2c970da060ca8,M25,1,14.6,14.4712,20
296,5cc22c63bfc2c970da060ca8,M26,1,13.54,13.56072,20
296,5cc22c63bfc2c970da060ca8,M27,1,17.51,17.94348,30
296,5cc22c63bfc2c970da060ca8,M28,1,16.28,16.57216,30
296,5cc22c63bfc2c970da060ca8,M29,1,18.29,18.08144,30
296,5cc22c63bfc2c970da060ca8,M30,1,11.3,11.325,21
297,a4d13ddf9429ac6f4154b0e3,M01,3,7.36,7.53124,10
297,a4d13ddf9429ac6f4154b0e3,M02,3,10.27,10.345,15
297,a4d13ddf9429ac6f4154b0e3,M03,3,11.44,11.55076,21
297,a4d13ddf9429ac6f4154b0e3,M04,3,10.49,10.9614,21
297,a4d13ddf9429ac6f4154b0e3,M05,3,10.63,11.00984,21
297,a4d13ddf9429ac6f4154b0e3,M06,3,14.26,13.81432,21
297,a4d13ddf9429ac6f4154b0e3,M07,3,15.71,16.323,30
297,a4d13ddf9429ac6f4154b0e3,M08,3,20.16,20.81024,30
297,a4d13ddf9429ac6f4154b0e3,M09,3,18.79,19.77872,30
297,a4d13ddf9429ac6f4154b0e3,M10,3,21.74,21.90836,30
297,a4d13ddf9429ac6f4154b0e3,M11,3,20.99,21.4292,30
297,a4d13ddf9429ac6f4154b0e3,M12,3,29.16,30.59624,45
297,a4d13ddf9429ac6f4154b0e3,M13,3,29.53,30.70776,60
297,a4d13ddf9429ac6f4154b0e3,M14,3,26.81,27.6028,60
297,a4d13ddf9429ac6f4154b0e3,M15,3,30.64,31.5464,60
297,a4d13ddf9429ac6f4154b0e3,M16,3,58.36,58.73756,100
297,a4d13ddf9429ac6f4154b0e3,M17,3,8.26,8.13408,14
297,a4d13ddf9429ac6f4154b0e3,M18,3,11.56,11.2714,21
297,a4d13ddf9429ac6f4154b0e3,M19,3,9.17,9.07532,21
297,a4d13ddf9429ac6f4154b0e3,M20,3,13.71,12.40492,20
297,a4d13ddf9429ac6f4154b0e3,M21,3,9.85,8.98072,21
297,a4d13ddf9429ac6f4154b0e3,M22,3,25.62,22.80908,45
297,a4d13ddf9429ac6f4154b0e3,M23,3,20.33,18.94396,45
297,a4d13ddf9429ac6f4154b0e3,M24,3,20.89,25.39752,45
297,a4d13ddf9429ac6f4154b0e3,M25,3,14.39,14.4516,20
297,a4d13ddf9429ac6f4154b0e3,M26,3,13.34,13.48588,20
297,a4d13ddf9429ac6f4154b0e3,M27,3,17.48,17.66612,30
297,a4d13ddf9429ac6f4154b0e3,M28,3,16,16.24976,30
297,a4d13ddf9429ac6f4154b0e3,M29,3,17.82,18.04072,30
297,a4d13ddf9429ac6f4154b0e3,M30,3,11.14,11.33084,21
300,98b5399112d2ffc2aa957c86,M01,3,8.08,8.6708,10
300,98b5399112d2ffc2aa957c86,M02,3,10.76,11.4564,15
300,98b5399112d2ffc2aa957c86,M03,3,12.31,13.02812,21
300,98b5399112d2ffc2aa957c86,M04,3,11.51,12.39636,21
300,98b5399112d2ffc2aa957c86,M05,3,11.66,12.53432,21
300,98b5399112d2ffc2aa957c86,M06,3,15.02,15.43032,21
300,98b5399112d2ffc2aa957c86,M07,3,17.21,18.33592,30
300,98b5399112d2ffc2aa957c86,M08,3,21.5,23.317,30
300,98b5399112d2ffc2aa957c86,M09,3,20.41,22.32928,30
300,98b5399112d2ffc2aa957c86,M10,3,23.01,24.54576,30
300,98b5399112d2ffc2aa957c86,M11,3,22.4,24.10668,30
300,98b5399112d2ffc2aa957c86,M12,3,31.43,34.34392,45
300,98b5399112d2ffc2aa957c86,M13,3,32.63,35.23076,60
300,98b5399112d2ffc2aa957c86,M14,3,29.36,33.31892,60
300,98b5399112d2ffc2aa957c86,M15,3,33.34,35.65596,60
300,98b5399112d2ffc2aa957c86,M16,3,61.64,64.23868,100
300,98b5399112d2ffc2aa957c86,M17,3,8.44,9.0028,14
300,98b5399112d2ffc2aa957c86,M18,3,11.93,12.61652,21
300,98b5399112d2ffc2aa957c86,M19,3,10.45,11.62188,21
300,98b5399112d2ffc2aa957c86,M20,3,12.59,13.67184,20
300,98b5399112d2ffc2aa957c86,M21,3,9.75,11.30536,21
300,98b5399112d2ffc2aa957c86,M22,3,24.73,27.10268,45
300,98b5399112d2ffc2aa957c86,M23,3,21.47,24.71844,45
300,98b5399112d2ffc2aa957c86,M24,3,25.42,27.28116,45
300,98b5399112d2ffc2aa957c86,M25,3,15.34,15.75108,20
300,98b5399112d2ffc2aa957c86,M26,3,14.11,14.89548,20
300,98b5399112d2ffc2aa957c86,M27,3,19.05,20.51748,30
300,98b5399112d2ffc2aa957c86,M28,3,17.19,19.25944,30
300,98b5399112d2ffc2aa957c86,M29,3,19.1,20.40048,30
300,98b5399112d2ffc2aa957c86,M30,3,12.13,13.14636,21
301,a7efe2a12592b5fa953c9862,M01,0,7.44,7.60568,10
301,a7efe2a12592b5fa953c9862,M02,0,10.31,10.28928,15
301,a7efe2a12592b5fa953c9862,M03,0,11.53,11.52964,21
301,a7efe2a12592b5fa953c9862,M04,0,10.89,10.89276,21
301,a7efe2a12592b5fa953c9862,M05,0,10.89,10.94104,21
301,a7efe2a12592b5fa953c9862,M06,0,13.78,13.94572,21
301,a7efe2a12592b5fa953c9862,M07,0,16.42,16.29916,30
301,a7efe2a12592b5fa953c9862,M08,0,20.88,20.69176,30
301,a7efe2a12592b5fa953c9862,M09,0,19.83,19.68968,30
301,a7efe2a12592b5fa953c9862,M10,0,22.04,21.76808,30
301,a7efe2a12592b5fa953c9862,M11,0,21.4,21.32676,30
301,a7efe2a12592b5fa953c9862,M12,0,30.48,29.92384,45
301,a7efe2a12592b5fa953c9862,M13,0,30.18,29.8736,60
301,a7efe2a12592b5fa953c9862,M14,0,27.49,27.40412,60
301,a7efe2a12592b5fa953c9862,M15,0,31.45,30.76692,60
301,a7efe2a12592b5fa953c9862,M16,0,59.09,58.79972,100
301,a7efe2a12592b5fa953c9862,M17,0,8.04,8.20348,14
301,a7efe2a12592b5fa953c9862,M18,0,11.25,11.29512,21
301,a7efe2a12592b5fa953c9862,M19,0,9.11,9.08244,21
301,a7efe2a12592b5fa953c9862,M20,0,13.98,12.3642,20
301,a7efe2a12592b5fa953c9862,M21,0,10.09,9.0394,21
301,a7efe2a12592b5fa953c9862,M22,0,26.12,22.6162,45
301,a7efe2a12592b5fa953c9862,M23,0,20.66,18.53052,45
301,a7efe2a12592b5fa953c9862,M24,0,23.45,24.59912,45
301,a7efe2a12592b5fa953c9862,M25,0,14.53,14.43104,20
301,a7efe2a12592b5fa953c9862,M26,0,13.52,13.53044,20
301,a7efe2a12592b5fa953c9862,M27,0,17.8,17.68628,30
301,a7efe2a12592b5fa953c9862,M28,0,16.28,16.26088,30
301,a7efe2a12592b5fa953c9862,M29,0,18.17,18.01052,30
301,a7efe2a12592b5fa953c9862,M30,0,11.14,11.31268,21
302,0cbfc205af64784e06b727c4,M01,3,6.84,7.48588,10
302,0cbfc205af64784e06b727c4,M02,3,9.17,10.04212,15
302,0cbfc205af64784e06b727c4,M03,3,9.35,10.53767,21
302,0cbfc205af64784e06b727c4,M04,3,8.83,9.90248,21
302,0cbfc205af64784e06b727c4,M05,3,8.92,9.91732,21
302,0cbfc205af64784e06b727c4,M06,3,11.89,13.1808133333,21
302,0cbfc205af64784e06b727c4,M07,3,12.87,14.75262,30
302,0cbfc205af64784e06b727c4,M08,3,17.3,18.875858,30
302,0cbfc205af64784e06b727c4,M09,3,16.63,17.8874,30
302,0cbfc205af64784e06b727c4,M10,3,18.74,20.01568,30
302,0cbfc205af64784e06b727c4,M11,3,18.48,19.200276,30
302,0cbfc205af64784e06b727c4,M12,3,24.73,26.95296,45
302,0cbfc205af64784e06b727c4,M13,3,24.85,27.04392,60
302,0cbfc205af64784e06b727c4,M14,3,22.08,24.58116,60
302,0cbfc205af64784e06b727c4,M15,3,24.56,27.17132,60
302,0cbfc205af64784e06b727c4,M16,3,53.18,56.6814666667,100
302,0cbfc205af64784e06b727c4,M17,3,6.83,7.58464,14
302,0cbfc205af64784e06b727c4,M18,3,9.41,10.27887,21
302,0cbfc205af64784e06b727c4,M19,3,5.81,8.20178,21
302,0cbfc205af64784e06b727c4,M20,3,8.03,10.31428,20
302,0cbfc205af64784e06b727c4,M21,3,5.58,7.90642666667,21
302,0cbfc205af64784e06b727c4,M22,3,12.24,18.88916,45
302,0cbfc205af64784e06b727c4,M23,3,11.2,16.5346733333,45
302,0cbfc205af64784e06b727c4,M24,3,11.72,18.96852,45
302,0cbfc205af64784e06b727c4,M25,3,13.75,14.14496,20
302,0cbfc205af64784e06b727c4,M26,3,12.62,13.10224,20
302,0cbfc205af64784e06b727c4,M27,3,16.09,16.7596,30
302,0cbfc205af64784e06b727c4,M28,3,14.42,15.04484,30
302,0cbfc205af64784e06b727c4,M29,3,15.76,16.53952,30
302,0cbfc205af64784e06b727c4,M30,3,9.85,10.414776,21
303,fa4fe83161caa77335eb59e7,M01,4,7.67,7.98592,10
303,fa4fe83161caa77335eb59e7,M02,4,10.6,10.80832,15
303,fa4fe83161caa77335eb59e7,M03,4,12.26,12.76748,21
303,fa4fe83161caa77335eb59e7,M04,4,11.67,12.07708,21
303,fa4fe83161caa77335eb59e7,M05,4,11.57,12.2252,21
303,fa4fe83161caa77335eb59e7,M06,4,14.43,15.08972,21
303,fa4fe83161caa77335eb59e7,M07,4,17.3,17.8722,30
303,fa4fe83161caa77335eb59e7,M08,4,21.51,21.9342,30
303,fa4fe83161caa77335eb59e7,M09,4,20.71,21.14224,30
303,fa4fe83161caa77335eb59e7,M10,4,22.85,23.15168,30
303,fa4fe83161caa77335eb59e7,M11,4,22.21,22.75848,30
303,fa4fe83161caa77335eb59e7,M12,4,31.83,32.78864,45
303,fa4fe83161caa77335eb59e7,M13,4,31.94,33.36068,60
303,fa4fe83161caa77335eb59e7,M14,4,29.36,31.23956,60
303,fa4fe83161caa77335eb59e7,M15,4,33.08,34.11104,60
303,fa4fe83161caa77335eb59e7,M16,4,60.97,62.34216,100
303,fa4fe83161caa77335eb59e7,M17,4,8.46,8.55132,14
303,fa4fe83161caa77335eb59e7,M18,4,12.1,12.30848,21
303,fa4fe83161caa77335eb59e7,M19,4,9.29,10.50308,21
303,fa4fe83161caa77335eb59e7,M20,4,13.46,14.06004,20
303,fa4fe83161caa77335eb59e7,M21,4,9.9,10.55308,21
303,fa4fe83161caa77335eb59e7,M22,4,25.92,24.81388,45
303,fa4fe83161caa77335eb59e7,M23,4,20.55,21.12884,45
303,fa4fe83161caa77335eb59e7,M24,4,26.45,24.62064,45
303,fa4fe83161caa77335eb59e7,M25,4,14.89,15.32948,20
303,fa4fe83161caa77335eb59e7,M26,4,13.89,14.38284,20
303,fa4fe83161caa77335eb59e7,M27,4,18.55,19.5728,30
303,fa4fe83161caa77335eb59e7,M28,4,17.05,18.33936,30
303,fa4fe83161caa77335eb59e7,M29,4,18.87,19.65312,30
303,fa4fe83161caa77335eb59e7,M30,4,11.89,12.771,21
304,18c5d30cfe53fd9b8fe0bc36,M01,0,7.71,7.71168,10
304,18c5d30cfe53fd9b8fe0bc36,M02,0,10.37,10.27028,15
304,18c5d30cfe53fd9b8fe0bc36,M03,0,11.66,11.2574,21
304,18c5d30cfe53fd9b8fe0bc36,M04,0,10.87,10.5858,21
304,18c5d30cfe53fd9b8fe0bc36,M05,0,10.78,10.63588,21
304,18c5d30cfe53fd9b8fe0bc36,M06,0,14.31,14.23044,21
304,18c5d30cfe53fd9b8fe0bc36,M07,0,16.33,15.81308,30
304,18c5d30cfe53fd9b8fe0bc36,M08,0,20.64,20.50676,30
304,18c5d30cfe53fd9b8fe0bc36,M09,0,19.58,19.46896,30
304,18c5d30cfe53fd9b8fe0bc36,M10,0,22.03,21.74172,30
304,18c5d30cfe53fd9b8fe0bc36,M11,0,21.07,21.18476,30
304,18c5d30cfe53fd9b8fe0bc36,M12,0,30.19,29.85532,45
304,18c5d30cfe53fd9b8fe0bc36,M13,0,31.25,30.47532,60
304,18c5d30cfe53fd9b8fe0bc36,M14,0,28.26,27.59356,60
304,18c5d30cfe53fd9b8fe0bc36,M15,0,31.16,30.64068,60
304,18c5d30cfe53fd9b8fe0bc36,M16,0,60.2,59.16696,100
304,18c5d30cfe53fd9b8fe0bc36,M17,0,8.08,7.94908,14
304,18c5d30cfe53fd9b8fe0bc36,M18,0,11.4,10.94876,21
304,18c5d30cfe53fd9b8fe0bc36,M19,0,9.56,9.21616,21
304,18c5d30cfe53fd9b8fe0bc36,M20,0,11.81,11.70676,20
304,18c5d30cfe53fd9b8fe0bc36,M21,0,9,8.77732,21
304,18c5d30cfe53fd9b8fe0bc36,M22,0,22.5,22.6228,45
304,18c5d30cfe53fd9b8fe0bc36,M23,0,19.6,20.04856,45
304,18c5d30cfe53fd9b8fe0bc36,M24,0,22.77,22.61816,45
304,18c5d30cfe53fd9b8fe0bc36,M25,0,14.07,14.66588,20
304,18c5d30cfe53fd9b8fe0bc36,M26,0,12.87,13.66008,20
304,18c5d30cfe53fd9b8fe0bc36,M27,0,16.62,17.81772,30
304,18c5d30cfe53fd9b8fe0bc36,M28,0,14.88,16.28192,30
304,18c5d30cfe53fd9b8fe0bc36,M29,0,16.65,17.73264,30
304,18c5d30cfe53fd9b8fe0bc36,M30,0,10.3,11.05876,21
306,f295586a0be60255fdd0f3df,M01,0,7.75,7.59144,10
306,f295586a0be60255fdd0f3df,M02,0,10.8,10.28548,15
306,f295586a0be60255fdd0f3df,M03,0,12.17,11.46976,21
306,f295586a0be60255fdd0f3df,M04,0,11.78,10.75036,21
306,f295586a0be60255fdd0f3df,M05,0,11.5,10.79228,21
306,f295586a0be60255fdd0f3df,M06,0,14.46,13.98448,21
306,f295586a0be60255fdd0f3df,M07,0,17.38,16.00768,30
306,f295586a0be60255fdd0f3df,M08,0,21.54,20.61652,30
306,f295586a0be60255fdd0f3df,M09,0,20.75,19.60152,30
306,f295586a0be60255fdd0f3df,M10,0,22.85,21.80604,30
306,f295586a0be60255fdd0f3df,M11,0,22.18,21.29784,30
306,f295586a0be60255fdd0f3df,M12,0,32.21,29.64484,45
306,f295586a0be60255fdd0f3df,M13,0,32.11,29.8086,60
306,f295586a0be60255fdd0f3df,M14,0,29.38,27.35152,60
306,f295586a0be60255fdd0f3df,M15,0,32.96,30.54464,60
306,f295586a0be60255fdd0f3df,M16,0,61.15,58.9392,100
306,f295586a0be60255fdd0f3df,M17,0,8.35,8.12708,14
306,f295586a0be60255fdd0f3df,M18,0,11.73,11.19004,21
306,f295586a0be60255fdd0f3df,M19,0,9.96,9.089,21
306,f295586a0be60255fdd0f3df,M20,0,13.77,12.318,20
306,f295586a0be60255fdd0f3df,M21,0,10.73,9.01948,21
306,f295586a0be60255fdd0f3df,M22,0,26.52,23.49796,45
306,f295586a0be60255fdd0f3df,M23,0,23.45,19.43672,45
306,f295586a0be60255fdd0f3df,M24,0,27.37,23.86824,45
306,f295586a0be60255fdd0f3df,M25,0,14.76,14.40016,20
306,f295586a0be60255fdd0f3df,M26,0,13.72,13.53996,20
306,f295586a0be60255fdd0f3df,M27,0,18.27,17.7516,30
306,f295586a0be60255fdd0f3df,M28,0,16.72,16.29356,30
306,f295586a0be60255fdd0f3df,M29,0,18.63,17.94668,30
306,f295586a0be60255fdd0f3df,M30,0,11.42,11.28188,21
307,e6de4d7bee014e4d0e9cdaa1,M01,1,7.15,7.8638,10
307,e6de4d7bee014e4d0e9cdaa1,M02,1,9.65,10.42252,15
307,e6de4d7bee014e4d0e9cdaa1,M03,1,10.21,11.67776,21
307,e6de4d7bee014e4d0e9cdaa1,M04,1,9.53,11.0324,21
307,e6de4d7bee014e4d0e9cdaa1,M05,1,9.57,11.11684,21
307,e6de4d7bee014e4d0e9cdaa1,M06,1,12.73,14.46904,21
307,e6de4d7bee014e4d0e9cdaa1,M07,1,14.16,16.4654,30
307,e6de4d7bee014e4d0e9cdaa1,M08,1,18.58,21.1286,30
307,e6de4d7bee014e4d0e9cdaa1,M09,1,17.62,19.89824,30
307,e6de4d7bee014e4d0e9cdaa1,M10,1,20.03,22.23932,30
307,e6de4d7bee014e4d0e9cdaa1,M11,1,19.41,21.7614,30
307,e6de4d7bee014e4d0e9cdaa1,M12,1,26.77,30.18072,45
307,e6de4d7bee014e4d0e9cdaa1,M13,1,26.98,30.8042,60
307,e6de4d7bee014e4d0e9cdaa1,M14,1,23.95,28.37688,60
307,e6de4d7bee014e4d0e9cdaa1,M15,1,26.96,31.03684,60
307,e6de4d7bee014e4d0e9cdaa1,M16,1,55.49,60.90508,100
307,e6de4d7bee014e4d0e9cdaa1,M17,1,7.31,8.14896,14
307,e6de4d7bee014e4d0e9cdaa1,M18,1,10.08,11.33332,21
307,e6de4d7bee014e4d0e9cdaa1,M19,1,8.23,9.90956,21
307,e6de4d7bee014e4d0e9cdaa1,M20,1,10.68,12.54736,20
307,e6de4d7bee014e4d0e9cdaa1,M21,1,7.97,9.56472,21
307,e6de4d7bee014e4d0e9cdaa1,M22,1,19.2,24.16272,45
307,e6de4d7bee014e4d0e9cdaa1,M23,1,16.59,21.31852,45
307,e6de4d7bee014e4d0e9cdaa1,M24,1,19.45,24.25096,45
307,e6de4d7bee014e4d0e9cdaa1,M25,1,14.07,14.84552,20
307,e6de4d7bee014e4d0e9cdaa1,M26,1,12.93,13.84248,20
307,e6de4d7bee014e4d0e9cdaa1,M27,1,16.68,18.2594,30
307,e6de4d7bee014e4d0e9cdaa1,M28,1,14.97,16.82708,30
307,e6de4d7bee014e4d0e9cdaa1,M29,1,16.48,18.28148,30
307,e6de4d7bee014e4d0e9cdaa1,M30,1,10.24,11.5782,21
309,fdc350f6670042f7c9d6d8fb,M01,0,7.56,6.4442,10
309,fdc350f6670042f7c9d6d8fb,M02,0,9.96,8.08172,15
309,fdc350f6670042f7c9d6d8fb,M03,0,10.7,7.84288,21
309,fdc350f6670042f7c9d6d8fb,M04,0,9.74,7.35968,21
309,fdc350f6670042f7c9d6d8fb,M05,0,9.85,7.24396,21
309,fdc350f6670042f7c9d6d8fb,M06,0,13.59,10.25548,21
309,fdc350f6670042f7c9d6d8fb,M07,0,14.81,10.58304,30
309,fdc350f6670042f7c9d6d8fb,M08,0,19.22,14.60796,30
309,fdc350f6670042f7c9d6d8fb,M09,0,17.88,13.69516,30
309,fdc350f6670042f7c9d6d8fb,M10,0,20.72,15.66696,30
309,fdc350f6670042f7c9d6d8fb,M11,0,19.67,15.15332,30
309,fdc350f6670042f7c9d6d8fb,M12,0,27.73,19.83648,45
309,fdc350f6670042f7c9d6d8fb,M13,0,29.01,19.33204,60
309,fdc350f6670042f7c9d6d8fb,M14,0,25.7,17.43952,60
309,fdc350f6670042f7c9d6d8fb,M15,0,27.63,19.52324,60
309,fdc350f6670042f7c9d6d8fb,M16,0,57.77,40.275,100
309,fdc350f6670042f7c9d6d8fb,M17,0,7.5,5.51624,14
309,fdc350f6670042f7c9d6d8fb,M18,0,10.31,7.76888,21
309,fdc350f6670042f7c9d6d8fb,M19,0,7.91,5.8694,21
309,fdc350f6670042f7c9d6d8fb,M20,0,10.31,8.12224,20
309,fdc350f6670042f7c9d6d8fb,M21,0,7.4,5.80376,21
309,fdc350f6670042f7c9d6d8fb,M22,0,17.87,12.18288,45
309,fdc350f6670042f7c9d6d8fb,M23,0,15.26,10.98936,45
309,fdc350f6670042f7c9d6d8fb,M24,0,17.84,12.11492,45
309,fdc350f6670042f7c9d6d8fb,M25,0,14.63,12.19416,20
309,fdc350f6670042f7c9d6d8fb,M26,0,13.4,10.87052,20
309,fdc350f6670042f7c9d6d8fb,M27,0,17.7,13.43892,30
309,fdc350f6670042f7c9d6d8fb,M28,0,15.82,11.71872,30
309,fdc350f6670042f7c9d6d8fb,M29,0,16.97,13.2946,30
309,fdc350f6670042f7c9d6d8fb,M30,0,10.75,7.87392,21
312,f6706e821cf953202aa4b547,M01,2,7.6,6.846,10
312,f6706e821cf953202aa4b547,M02,2,10.35,9.0334,15
312,f6706e821cf953202aa4b547,M03,2,11.7,9.26264,21
312,f6706e821cf953202aa4b547,M04,2,10.63,8.78857333333,21
312,f6706e821cf953202aa4b547,M05,2,10.02,8.80516,21
312,f6706e821cf953202aa4b547,M06,2,14.16,12.15664,21
312,f6706e821cf953202aa4b547,M07,2,16.46,13.4580266667,30
312,f6706e821cf953202aa4b547,M08,2,20.74,16.99376,30
312,f6706e821cf953202aa4b547,M09,2,19.27,16.33472,30
312,f6706e821cf953202aa4b547,M10,2,22.1,18.10644,30
312,f6706e821cf953202aa4b547,M11,2,20.09,17.76856,30
312,f6706e821cf953202aa4b547,M12,2,30.45,24.95532,45
312,f6706e821cf953202aa4b547,M13,2,31.01,24.79656,60
312,f6706e821cf953202aa4b547,M14,2,28.3,22.96844,60
312,f6706e821cf953202aa4b547,M15,2,31.41,24.91512,60
312,f6706e821cf953202aa4b547,M16,2,59.95,53.1661466667,100
312,f6706e821cf953202aa4b547,M17,2,8.23,6.77068,14
312,f6706e821cf953202aa4b547,M18,2,11.75,9.1074,21
312,f6706e821cf953202aa4b547,M19,2,9,7.258,21
312,f6706e821cf953202aa4b547,M20,2,11.65,9.2286,20
312,f6706e821cf953202aa4b547,M21,2,8.63,6.9462,21
312,f6706e821cf953202aa4b547,M22,2,21.97,15.2253066667,45
312,f6706e821cf953202aa4b547,M23,2,19.17,14.1593333333,45
312,f6706e821cf953202aa4b547,M24,2,22.37,15.16796,45
312,f6706e821cf953202aa4b547,M25,2,12.66,13.70512,20
312,f6706e821cf953202aa4b547,M26,2,11.54,12.864,20
312,f6706e821cf953202aa4b547,M27,2,13.85,16.34076,30
312,f6706e821cf953202aa4b547,M28,2,12.27,14.9574,30
312,f6706e821cf953202aa4b547,M29,2,13.75,16.1506,30
312,f6706e821cf953202aa4b547,M30,2,8.29,9.75536,21
313,38f5ab75bc43f62a70b6c62f,M01,4,7.84,8.00136,10
313,38f5ab75bc43f62a70b6c62f,M02,4,10.8,10.89168,15
313,38f5ab75bc43f62a70b6c62f,M03,4,12.7,12.84688,21
313,38f5ab75bc43f62a70b6c62f,M04,4,12.1,12.25492,21
313,38f5ab75bc43f62a70b6c62f,M05,4,12.03,12.33644,21
313,38f5ab75bc43f62a70b6c62f,M06,4,14.9,15.13304,21
313,38f5ab75bc43f62a70b6c62f,M07,4,17.99,18.09344,30
313,38f5ab75bc43f62a70b6c62f,M08,4,22.13,22.30628,30
313,38f5ab75bc43f62a70b6c62f,M09,4,21.31,21.521,30
313,38f5ab75bc43f62a70b6c62f,M10,4,23.42,23.39212,30
313,38f5ab75bc43f62a70b6c62f,M11,4,22.83,23.0508,30
313,38f5ab75bc43f62a70b6c62f,M12,4,32.89,33.08812,45
313,38f5ab75bc43f62a70b6c62f,M13,4,33.34,33.6448,60
313,38f5ab75bc43f62a70b6c62f,M14,4,30.81,31.53984,60
313,38f5ab75bc43f62a70b6c62f,M15,4,34.41,34.40364,60
313,38f5ab75bc43f62a70b6c62f,M16,4,62.51,63.20552,100
313,38f5ab75bc43f62a70b6c62f,M17,4,8.68,8.63792,14
313,38f5ab75bc43f62a70b6c62f,M18,4,12.49,12.45344,21
313,38f5ab75bc43f62a70b6c62f,M19,4,9.95,10.64476,21
313,38f5ab75bc43f62a70b6c62f,M20,4,15.08,14.71892,20
313,38f5ab75bc43f62a70b6c62f,M21,4,10.86,10.84808,21
313,38f5ab75bc43f62a70b6c62f,M22,4,29.15,27.16564,45
313,38f5ab75bc43f62a70b6c62f,M23,4,22.76,22.867,45
313,38f5ab75bc43f62a70b6c62f,M24,4,26.86,26.81072,45
313,38f5ab75bc43f62a70b6c62f,M25,4,15.16,15.36652,20
313,38f5ab75bc43f62a70b6c62f,M26,4,14.15,14.42588,20
313,38f5ab75bc43f62a70b6c62f,M27,4,19.12,19.37804,30
313,38f5ab75bc43f62a70b6c62f,M28,4,17.69,18.19908,30
313,38f5ab75bc43f62a70b6c62f,M29,4,19.39,19.54084,30
313,38f5ab75bc43f62a70b6c62f,M30,4,12.35,12.7694,21
314,ba56fb1d6cf7f9574ee506e9,M01,1,5.02,8.1754,10
314,ba56fb1d6cf7f9574ee506e9,M02,1,6.99,11.3328,15
314,ba56fb1d6cf7f9574ee506e9,M03,1,5.88,12.95516,21
314,ba56fb1d6cf7f9574ee506e9,M04,1,5.53,12.27332,21
314,ba56fb1d6cf7f9574ee506e9,M05,1,5.52,12.40752,21
314,ba56fb1d6cf7f9574ee506e9,M06,1,7.32,16.27756,21
314,ba56fb1d6cf7f9574ee506e9,M07,1,7.73,19.05988,30
314,ba56fb1d6cf7f9574ee506e9,M08,1,11.67,22.06976,30
314,ba56fb1d6cf7f9574ee506e9,M09,1,11.08,21.0172,30
314,ba56fb1d6cf7f9574ee506e9,M10,1,12.9,23.47644,30
314,ba56fb1d6cf7f9574ee506e9,M11,1,12.5,23.21364,30
314,ba56fb1d6cf7f9574ee506e9,M12,1,15.79,33.52008,45
314,ba56fb1d6cf7f9574ee506e9,M13,1,14.19,34.54768,60
314,ba56fb1d6cf7f9574ee506e9,M14,1,12.82,33.15636,60
314,ba56fb1d6cf7f9574ee506e9,M15,1,13.8,34.82496,60
314,ba56fb1d6cf7f9574ee506e9,M16,1,35,65.07332,100
314,ba56fb1d6cf7f9574ee506e9,M17,1,4.34,8.73768,14
314,ba56fb1d6cf7f9574ee506e9,M18,1,5.92,12.27756,21
314,ba56fb1d6cf7f9574ee506e9,M19,1,5.02,11.66352,21
314,ba56fb1d6cf7f9574ee506e9,M20,1,6.62,12.4896,20
314,ba56fb1d6cf7f9574ee506e9,M21,1,4.83,11.0544,21
314,ba56fb1d6cf7f9574ee506e9,M22,1,9.74,23.38344,45
314,ba56fb1d6cf7f9574ee506e9,M23,1,9.14,22.80984,45
314,ba56fb1d6cf7f9574ee506e9,M24,1,10.5,23.21876,45
314,ba56fb1d6cf7f9574ee506e9,M25,1,14.91,16.163,20
314,ba56fb1d6cf7f9574ee506e9,M26,1,13.6,15.43708,20
314,ba56fb1d6cf7f9574ee506e9,M27,1,18.2,21.77112,30
314,ba56fb1d6cf7f9574ee506e9,M28,1,16.15,20.5934,30
314,ba56fb1d6cf7f9574ee506e9,M29,1,17.43,21.79084,30
314,ba56fb1d6cf7f9574ee506e9,M30,1,10.88,13.38428,21
316,7b5da74713d6434883aea4ee,M01,4,6.96,6.65896,10
316,7b5da74713d6434883aea4ee,M02,4,9.32,9.65168,15
316,7b5da74713d6434883aea4ee,M03,4,9.61,10.31544,21
316,7b5da74713d6434883aea4ee,M04,4,9.14,9.74848,21
316,7b5da74713d6434883aea4ee,M05,4,9.44,9.80536,21
316,7b5da74713d6434883aea4ee,M06,4,12.12,13.74116,21
316,7b5da74713d6434883aea4ee,M07,4,13.26,14.94704,30
316,7b5da74713d6434883aea4ee,M08,4,17.7,17.59288,30
316,7b5da74713d6434883aea4ee,M09,4,17.11,16.83244,30
316,7b5da74713d6434883aea4ee,M10,4,19.11,18.53472,30
316,7b5da74713d6434883aea4ee,M11,4,19.13,18.17304,30
316,7b5da74713d6434883aea4ee,M12,4,25.42,25.63076,45
316,7b5da74713d6434883aea4ee,M13,4,25.53,25.58128,60
316,7b5da74713d6434883aea4ee,M14,4,22.71,23.95416,60
316,7b5da74713d6434883aea4ee,M15,4,25.41,25.6758,60
316,7b5da74713d6434883aea4ee,M16,4,53.99,55.117,100
316,7b5da74713d6434883aea4ee,M17,4,6.93,6.7464,14
316,7b5da74713d6434883aea4ee,M18,4,9.55,10.07188,21
316,7b5da74713d6434883aea4ee,M19,4,6.9,9.07372,21
316,7b5da74713d6434883aea4ee,M20,4,8.58,11.03048,20
316,7b5da74713d6434883aea4ee,M21,4,6.11,8.6602,21
316,7b5da74713d6434883aea4ee,M22,4,13.48,20.921,45
316,7b5da74713d6434883aea4ee,M23,4,12.44,19.34536,45
316,7b5da74713d6434883aea4ee,M24,4,13.51,21.41944,45
316,7b5da74713d6434883aea4ee,M25,4,14.61,14.583,20
316,7b5da74713d6434883aea4ee,M26,4,13.42,13.52428,20
316,7b5da74713d6434883aea4ee,M27,4,17.7,17.1308,30
316,7b5da74713d6434883aea4ee,M28,4,15.97,15.8574,30
316,7b5da74713d6434883aea4ee,M29,4,17.63,17.12668,30
316,7b5da74713d6434883aea4ee,M30,4,11.07,10.58872,21
317,31889a52aaae5d9d746527d9,M01,1,7.84,8.14044,10
317,31889a52aaae5d9d746527d9,M02,1,10.75,11.17708,15
317,31889a52aaae5d9d746527d9,M03,1,12.71,13.0066,21
317,31889a52aaae5d9d746527d9,M04,1,12.01,12.3904,21
317,31889a52aaae5d9d746527d9,M05,1,12.13,12.48376,21
317,31889a52aaae5d9d746527d9,M06,1,15.02,15.39152,21
317,31889a52aaae5d9d746527d9,M07,1,17.96,18.45016,30
317,31889a52aaae5d9d746527d9,M08,1,22.14,22.2576,30
317,31889a52aaae5d9d746527d9,M09,1,21.34,21.23752,30
317,31889a52aaae5d9d746527d9,M10,1,23.51,23.47296,30
317,31889a52aaae5d9d746527d9,M11,1,22.87,23.01336,30
317,31889a52aaae5d9d746527d9,M12,1,32.87,34.07372,45
317,31889a52aaae5d9d746527d9,M13,1,33.37,35.05208,60
317,31889a52aaae5d9d746527d9,M14,1,30.81,33.01248,60
317,31889a52aaae5d9d746527d9,M15,1,34.52,35.60996,60
317,31889a52aaae5d9d746527d9,M16,1,62.51,64.23556,100
317,31889a52aaae5d9d746527d9,M17,1,8.87,8.65404,14
317,31889a52aaae5d9d746527d9,M18,1,12.44,12.58112,21
317,31889a52aaae5d9d746527d9,M19,1,9.81,11.36852,21
317,31889a52aaae5d9d746527d9,M20,1,13.67,13.7044,20
317,31889a52aaae5d9d746527d9,M21,1,10.16,11.5102,21
317,31889a52aaae5d9d746527d9,M22,1,25.55,27.49312,45
317,31889a52aaae5d9d746527d9,M23,1,20.4,24.0444,45
317,31889a52aaae5d9d746527d9,M24,1,21.72,27.50824,45
317,31889a52aaae5d9d746527d9,M25,1,15.21,15.47252,20
317,31889a52aaae5d9d746527d9,M26,1,14.19,14.51204,20
317,31889a52aaae5d9d746527d9,M27,1,19.17,19.65928,30
317,31889a52aaae5d9d746527d9,M28,1,17.7,18.39064,30
317,31889a52aaae5d9d746527d9,M29,1,19.48,19.719,30
317,31889a52aaae5d9d746527d9,M30,1,12.28,12.91488,21
320,ef8a15c0d2220d2839b1ab33,M01,1,7.97,8.13568,10
320,ef8a15c0d2220d2839b1ab33,M02,1,10.96,11.18552,15
320,ef8a15c0d2220d2839b1ab33,M03,1,13.09,13.11404,21
320,ef8a15c0d2220d2839b1ab33,M04,1,12.48,12.60316,21
320,ef8a15c0d2220d2839b1ab33,M05,1,12.44,12.64592,21
320,ef8a15c0d2220d2839b1ab33,M06,1,15.3,15.45868,21
320,ef8a15c0d2220d2839b1ab33,M07,1,18.6,18.70164,30
320,ef8a15c0d2220d2839b1ab33,M08,1,22.66,22.84136,30
320,ef8a15c0d2220d2839b1ab33,M09,1,21.84,22.04708,30
320,ef8a15c0d2220d2839b1ab33,M10,1,23.92,23.8922,30
320,ef8a15c0d2220d2839b1ab33,M11,1,23.34,23.536,30
320,ef8a15c0d2220d2839b1ab33,M12,1,33.83,34.14208,45
320,ef8a15c0d2220d2839b1ab33,M13,1,34.57,34.60132,60
320,ef8a15c0d2220d2839b1ab33,M14,1,32.17,32.79504,60
320,ef8a15c0d2220d2839b1ab33,M15,1,35.54,35.4034,60
320,ef8a15c0d2220d2839b1ab33,M16,1,63.83,64.25988,100
320,ef8a15c0d2220d2839b1ab33,M17,1,8.86,8.76724,14
320,ef8a15c0d2220d2839b1ab33,M18,1,12.83,12.72264,21
320,ef8a15c0d2220d2839b1ab33,M19,1,10.6,11.30584,21
320,ef8a15c0d2220d2839b1ab33,M20,1,16.7,15.84192,20
320,ef8a15c0d2220d2839b1ab33,M21,1,11.78,11.8082,21
320,ef8a15c0d2220d2839b1ab33,M22,1,33.42,32.56356,45
320,ef8a15c0d2220d2839b1ab33,M23,1,25.19,28.50516,45
320,ef8a15c0d2220d2839b1ab33,M24,1,33.65,32.56304,45
320,ef8a15c0d2220d2839b1ab33,M25,1,15.41,15.48736,20
320,ef8a15c0d2220d2839b1ab33,M26,1,14.4,14.6854,20
320,ef8a15c0d2220d2839b1ab33,M27,1,19.64,19.67692,30
320,ef8a15c0d2220d2839b1ab33,M28,1,18.24,18.65132,30
320,ef8a15c0d2220d2839b1ab33,M29,1,19.84,19.84592,30
320,ef8a15c0d2220d2839b1ab33,M30,1,12.77,13.0144,21
321,1380bc3c592cb520da597f09,M01,0,8.85,8.98676,10
321,1380bc3c592cb520da597f09,M02,0,11.53,12.4572,15
321,1380bc3c592cb520da597f09,M03,0,13.96,14.75464,21
321,1380bc3c592cb520da597f09,M04,0,13.05,13.96244,21
321,1380bc3c592cb520da597f09,M05,0,13.33,14.1004,21
321,1380bc3c592cb520da597f09,M06,0,16.77,17.57508,21
321,1380bc3c592cb520da597f09,M07,0,19.83,20.50916,30
321,1380bc3c592cb520da597f09,M08,0,23.83,25.0428,30
321,1380bc3c592cb520da597f09,M09,0,22.61,23.79344,30
321,1380bc3c592cb520da597f09,M10,0,25.24,26.1966,30
321,1380bc3c592cb520da597f09,M11,0,24.52,25.70696,30
321,1380bc3c592cb520da597f09,M12,0,35.64,37.87204,45
321,1380bc3c592cb520da597f09,M13,0,37.86,39.69312,60
321,1380bc3c592cb520da597f09,M14,0,35.35,37.85584,60
321,1380bc3c592cb520da597f09,M15,0,38.02,39.68032,60
321,1380bc3c592cb520da597f09,M16,0,67.31,69.45836,100
321,1380bc3c592cb520da597f09,M17,0,9.26,9.56184,14
321,1380bc3c592cb520da597f09,M18,0,13.32,13.92968,21
321,1380bc3c592cb520da597f09,M19,0,12.75,14.47584,21
321,1380bc3c592cb520da597f09,M20,0,10.68,15.63956,20
321,1380bc3c592cb520da597f09,M21,0,12.01,13.38804,21
321,1380bc3c592cb520da597f09,M22,0,30.84,34.57788,45
321,1380bc3c592cb520da597f09,M23,0,27.45,33.29788,45
321,1380bc3c592cb520da597f09,M24,0,31.15,34.45744,45
321,1380bc3c592cb520da597f09,M25,0,16.49,16.92588,20
321,1380bc3c592cb520da597f09,M26,0,15.32,15.95244,20
321,1380bc3c592cb520da597f09,M27,0,21.41,21.32312,30
321,1380bc3c592cb520da597f09,M28,0,19.86,19.93648,30
321,1380bc3c592cb520da597f09,M29,0,21.19,21.0198,30
321,1380bc3c592cb520da597f09,M30,0,14.01,14.85168,21
322,14812f6f91f22e7ecc6c321a,M01,3,6.54,4.59044,10
322,14812f6f91f22e7ecc6c321a,M02,3,8.91,5.87348,15
322,14812f6f91f22e7ecc6c321a,M03,3,8.79,5.22164,21
322,14812f6f91f22e7ecc6c321a,M04,3,8.08,4.99972,21
322,14812f6f91f22e7ecc6c321a,M05,3,8.01,4.82024,21
322,14812f6f91f22e7ecc6c321a,M06,3,10.99,6.77828,21
322,14812f6f91f22e7ecc6c321a,M07,3,12.04,6.58892,30
322,14812f6f91f22e7ecc6c321a,M08,3,16.53,8.35212,30
322,14812f6f91f22e7ecc6c321a,M09,3,15.51,7.45184,30
322,14812f6f91f22e7ecc6c321a,M10,3,17.9,9.11048,30
322,14812f6f91f22e7ecc6c321a,M11,3,17.18,8.37628,30
322,14812f6f91f22e7ecc6c321a,M12,3,23.47,9.65644,45
322,14812f6f91f22e7ecc6c321a,M13,3,22.53,10.03732,60
322,14812f6f91f22e7ecc6c321a,M14,3,19.55,8.60264,60
322,14812f6f91f22e7ecc6c321a,M15,3,22.54,9.81664,60
322,14812f6f91f22e7ecc6c321a,M16,3,50.5,25.0786,100
322,14812f6f91f22e7ecc6c321a,M17,3,6.37,3.49132,14
322,14812f6f91f22e7ecc6c321a,M18,3,8.73,5.2488,21
322,14812f6f91f22e7ecc6c321a,M19,3,5.38,4.62008,21
322,14812f6f91f22e7ecc6c321a,M20,3,7.74,5.7672,20
322,14812f6f91f22e7ecc6c321a,M21,3,5.28,4.6414,21
322,14812f6f91f22e7ecc6c321a,M22,3,11.66,7.87776,45
322,14812f6f91f22e7ecc6c321a,M23,3,10.39,6.68224,45
322,14812f6f91f22e7ecc6c321a,M24,3,11.4,7.83656,45
322,14812f6f91f22e7ecc6c321a,M25,3,13.07,9.55092,20
322,14812f6f91f22e7ecc6c321a,M26,3,11.89,8.31212,20
322,14812f6f91f22e7ecc6c321a,M27,3,14.66,9.74928,30
322,14812f6f91f22e7ecc6c321a,M28,3,12.93,8.37244,30
322,14812f6f91f22e7ecc6c321a,M29,3,14.42,9.77064,30
322,14812f6f91f22e7ecc6c321a,M30,3,8.82,5.78048,21
323,0875c4610309c2d8522eaa6d,M01,0,7.85,7.74492,10
323,0875c4610309c2d8522eaa6d,M02,0,10.48,10.27808,15
323,0875c4610309c2d8522eaa6d,M03,0,11.81,11.36948,21
323,0875c4610309c2d8522eaa6d,M04,0,10.91,10.7372,21
323,0875c4610309c2d8522eaa6d,M05,0,11.11,10.80904,21
323,0875c4610309c2d8522eaa6d,M06,0,14.52,14.38124,21
323,0875c4610309c2d8522eaa6d,M07,0,16.49,16.13568,30
323,0875c4610309c2d8522eaa6d,M08,0,20.8,20.31484,30
323,0875c4610309c2d8522eaa6d,M09,0,19.58,19.16592,30
323,0875c4610309c2d8522eaa6d,M10,0,22.3,21.52188,30
323,0875c4610309c2d8522eaa6d,M11,0,21.59,21.17524,30
323,0875c4610309c2d8522eaa6d,M12,0,30.35,29.81852,45
323,0875c4610309c2d8522eaa6d,M13,0,31.5,30.49312,60
323,0875c4610309c2d8522eaa6d,M14,0,28.36,27.8902,60
323,0875c4610309c2d8522eaa6d,M15,0,31.69,30.75696,60
323,0875c4610309c2d8522eaa6d,M16,0,60.44,60.14804,100
323,0875c4610309c2d8522eaa6d,M17,0,8.12,8.0076,14
323,0875c4610309c2d8522eaa6d,M18,0,11.37,10.9974,21
323,0875c4610309c2d8522eaa6d,M19,0,9.97,9.63232,21
323,0875c4610309c2d8522eaa6d,M20,0,12.16,12.27156,20
323,0875c4610309c2d8522eaa6d,M21,0,9.38,9.36816,21
323,0875c4610309c2d8522eaa6d,M22,0,23.71,22.41676,45
323,0875c4610309c2d8522eaa6d,M23,0,20.64,20.06716,45
323,0875c4610309c2d8522eaa6d,M24,0,24.06,22.89208,45
323,0875c4610309c2d8522eaa6d,M25,0,15.15,14.84908,20
323,0875c4610309c2d8522eaa6d,M26,0,13.96,13.83744,20
323,0875c4610309c2d8522eaa6d,M27,0,18.78,18.32972,30
323,0875c4610309c2d8522eaa6d,M28,0,17.02,16.7944,30
323,0875c4610309c2d8522eaa6d,M29,0,18.66,18.32472,30
323,0875c4610309c2d8522eaa6d,M30,0,11.84,11.35164,21
325,b8393da9715f408e65c6f2e3,M01,0,8.1,8.14948,10
325,b8393da9715f408e65c6f2e3,M02,0,11.11,11.23964,15
325,b8393da9715f408e65c6f2e3,M03,0,13.43,13.04608,21
325,b8393da9715f408e65c6f2e3,M04,0,12.79,12.54216,21
325,b8393da9715f408e65c6f2e3,M05,0,12.8,12.5814,21
325,b8393da9715f408e65c6f2e3,M06,0,15.66,15.98064,21
325,b8393da9715f408e65c6f2e3,M07,0,19.12,18.9216,30
325,b8393da9715f408e65c6f2e3,M08,0,23.12,22.87684,30
325,b8393da9715f408e65c6f2e3,M09,0,22.28,22.0956,30
325,b8393da9715f408e65c6f2e3,M10,0,24.35,24.16024,30
325,b8393da9715f408e65c6f2e3,M11,0,23.79,23.75424,30
325,b8393da9715f408e65c6f2e3,M12,0,34.63,34.52468,45
325,b8393da9715f408e65c6f2e3,M13,0,35.64,35.15948,60
325,b8393da9715f408e65c6f2e3,M14,0,33.33,33.39528,60
325,b8393da9715f408e65c6f2e3,M15,0,36.52,35.92212,60
325,b8393da9715f408e65c6f2e3,M16,0,64.96,65.26796,100
325,b8393da9715f408e65c6f2e3,M17,0,9.03,8.82252,14
325,b8393da9715f408e65c6f2e3,M18,0,13.12,12.74888,21
325,b8393da9715f408e65c6f2e3,M19,0,11.22,11.44748,21
325,b8393da9715f408e65c6f2e3,M20,0,17.89,15.77876,20
325,b8393da9715f408e65c6f2e3,M21,0,12.73,11.85588,21
325,b8393da9715f408e65c6f2e3,M22,0,37.83,31.77228,45
325,b8393da9715f408e65c6f2e3,M23,0,27.5,28.6546,45
325,b8393da9715f408e65c6f2e3,M24,0,38.24,32.11244,45
325,b8393da9715f408e65c6f2e3,M25,0,15.63,15.71344,20
325,b8393da9715f408e65c6f2e3,M26,0,14.6,14.94808,20
325,b8393da9715f408e65c6f2e3,M27,0,20.08,20.02776,30
325,b8393da9715f408e65c6f2e3,M28,0,18.7,18.8902,30
325,b8393da9715f408e65c6f2e3,M29,0,20.23,20.17016,30
325,b8393da9715f408e65c6f2e3,M30,0,13.13,12.97304,21
326,9140024943d858a024a6c938,M01,4,7.75,6.70932,10
326,9140024943d858a024a6c938,M02,4,10.31,9.83528,15
326,9140024943d858a024a6c938,M03,4,11.54,10.48504,21
326,9140024943d858a024a6c938,M04,4,10.66,9.81204,21
326,9140024943d858a024a6c938,M05,4,10.84,9.89728,21
326,9140024943d858a024a6c938,M06,4,14.32,14.24384,21
326,9140024943d858a024a6c938,M07,4,16.17,15.07484,30
326,9140024943d858a024a6c938,M08,4,20.48,18.24484,30
326,9140024943d858a024a6c938,M09,4,19.29,17.317,30
326,9140024943d858a024a6c938,M10,4,21.89,19.23096,30
326,9140024943d858a024a6c938,M11,4,21.07,18.85576,30
326,9140024943d858a024a6c938,M12,4,29.98,25.1944,45
326,9140024943d858a024a6c938,M13,4,31.36,25.1804,60
326,9140024943d858a024a6c938,M14,4,28.46,23.724,60
326,9140024943d858a024a6c938,M15,4,30.72,25.25716,60
326,9140024943d858a024a6c938,M16,4,60.34,56.0266,100
326,9140024943d858a024a6c938,M17,4,7.97,6.86908,14
326,9140024943d858a024a6c938,M18,4,11.15,10.1184,21
326,9140024943d858a024a6c938,M19,4,8.72,9.43308,21
326,9140024943d858a024a6c938,M20,4,11.03,11.80472,20
326,9140024943d858a024a6c938,M21,4,8.18,8.9426,21
326,9140024943d858a024a6c938,M22,4,20.14,23.43668,45
326,9140024943d858a024a6c938,M23,4,17.5,21.88404,45
326,9140024943d858a024a6c938,M24,4,20.22,23.48644,45
326,9140024943d858a024a6c938,M25,4,14.99,14.91048,20
326,9140024943d858a024a6c938,M26,4,13.86,13.87312,20
326,9140024943d858a024a6c938,M27,4,18.57,17.52936,30
326,9140024943d858a024a6c938,M28,4,16.9,16.23596,30
326,9140024943d858a024a6c938,M29,4,18.14,17.54272,30
326,9140024943d858a024a6c938,M30,4,11.6,10.83352,21
328,f23a727fbe1c6f18cb88859c,M01,1,6.54,6.12828,10
328,f23a727fbe1c6f18cb88859c,M02,1,8.7,7.99252,15
328,f23a727fbe1c6f18cb88859c,M03,1,8.42,7.73316,21
328,f23a727fbe1c6f18cb88859c,M04,1,7.97,7.27308,21
328,f23a727fbe1c6f18cb88859c,M05,1,7.96,7.22228,21
328,f23a727fbe1c6f18cb88859c,M06,1,10.86,9.94068,21
328,f23a727fbe1c6f18cb88859c,M07,1,11.42,10.38788,30
328,f23a727fbe1c6f18cb88859c,M08,1,15.78,14.21548,30
328,f23a727fbe1c6f18cb88859c,M09,1,15.18,13.7212,30
328,f23a727fbe1c6f18cb88859c,M10,1,17.29,15.34612,30
328,f23a727fbe1c6f18cb88859c,M11,1,17,15.25012,30
328,f23a727fbe1c6f18cb88859c,M12,1,22.11,19.48072,45
328,f23a727fbe1c6f18cb88859c,M13,1,21.93,18.71724,60
328,f23a727fbe1c6f18cb88859c,M14,1,19.32,17.41444,60
328,f23a727fbe1c6f18cb88859c,M15,1,21.59,18.70872,60
328,f23a727fbe1c6f18cb88859c,M16,1,49.67,44.78948,100
328,f23a727fbe1c6f18cb88859c,M17,1,6.34,5.80296,14
328,f23a727fbe1c6f18cb88859c,M18,1,8.54,7.67836,21
328,f23a727fbe1c6f18cb88859c,M19,1,5.51,5.30236,21
328,f23a727fbe1c6f18cb88859c,M20,1,7.68,7.49876,20
328,f23a727fbe1c6f18cb88859c,M21,1,5.35,5.2548,21
328,f23a727fbe1c6f18cb88859c,M22,1,11.56,11.1554,45
328,f23a727fbe1c6f18cb88859c,M23,1,10.65,10.447,45
328,f23a727fbe1c6f18cb88859c,M24,1,11.16,11.20284,45
328,f23a727fbe1c6f18cb88859c,M25,1,13.62,13.382,20
328,f23a727fbe1c6f18cb88859c,M26,1,12.43,12.41008,20
328,f23a727fbe1c6f18cb88859c,M27,1,15.73,15.28116,30
328,f23a727fbe1c6f18cb88859c,M28,1,13.93,13.808,30
328,f23a727fbe1c6f18cb88859c,M29,1,15.04,14.8176,30
328,f23a727fbe1c6f18cb88859c,M30,1,9.25,8.46876,21
330,941763538c16ab57ad9d0f47,M01,4,5.56,6.58632,10
330,941763538c16ab57ad9d0f47,M02,4,7.49,8.6886,15
330,941763538c16ab57ad9d0f47,M03,4,6.54,8.50384,21
330,941763538c16ab57ad9d0f47,M04,4,6.35,7.97284,21
330,941763538c16ab57ad9d0f47,M05,4,6.3,7.95192,21
330,941763538c16ab57ad9d0f47,M06,4,8.44,11.04056,21
330,941763538c16ab57ad9d0f47,M07,4,8.67,11.84336,30
330,941763538c16ab57ad9d0f47,M08,4,12.67,16.0526,30
330,941763538c16ab57ad9d0f47,M09,4,12.47,15.35548,30
330,941763538c16ab57ad9d0f47,M10,4,14.1,17.34256,30
330,941763538c16ab57ad9d0f47,M11,4,14.08,16.97072,30
330,941763538c16ab57ad9d0f47,M12,4,17.14,22.04588,45
330,941763538c16ab57ad9d0f47,M13,4,16.12,21.76224,60
330,941763538c16ab57ad9d0f47,M14,4,14.14,19.47108,60
330,941763538c16ab57ad9d0f47,M15,4,15.83,21.58208,60
330,941763538c16ab57ad9d0f47,M16,4,38.91,50.7536,100
330,941763538c16ab57ad9d0f47,M17,4,5.13,6.36084,14
330,941763538c16ab57ad9d0f47,M18,4,6.89,8.48288,21
330,941763538c16ab57ad9d0f47,M19,4,4.91,5.73024,21
330,941763538c16ab57ad9d0f47,M20,4,6.51,8.19092,20
330,941763538c16ab57ad9d0f47,M21,4,4.82,5.53896,21
330,941763538c16ab57ad9d0f47,M22,4,9.57,11.96528,45
330,941763538c16ab57ad9d0f47,M23,4,8.75,11.19508,45
330,941763538c16ab57ad9d0f47,M24,4,9.67,11.80524,45
330,941763538c16ab57ad9d0f47,M25,4,13.46,13.38328,20
330,941763538c16ab57ad9d0f47,M26,4,12.34,12.38212,20
330,941763538c16ab57ad9d0f47,M27,4,15.67,15.06144,30
330,941763538c16ab57ad9d0f47,M28,4,13.9,13.59908,30
330,941763538c16ab57ad9d0f47,M29,4,14.58,14.7848,30
330,941763538c16ab57ad9d0f47,M30,4,8.88,9.06008,21
331,acb7f133587b4d087f763ec9,M01,1,8.98,7.79796,10
331,acb7f133587b4d087f763ec9,M02,1,12.49,10.7088,15
331,acb7f133587b4d087f763ec9,M03,1,15.08,12.21136,21
331,acb7f133587b4d087f763ec9,M04,1,13.74,11.65436,21
331,acb7f133587b4d087f763ec9,M05,1,14.12,11.79948,21
331,acb7f133587b4d087f763ec9,M06,1,18.93,15.8426,21
331,acb7f133587b4d087f763ec9,M07,1,21.43,18.34464,30
331,acb7f133587b4d087f763ec9,M08,1,25.43,20.12812,30
331,acb7f133587b4d087f763ec9,M09,1,23.34,19.57136,30
331,acb7f133587b4d087f763ec9,M10,1,26.93,21.4976,30
331,acb7f133587b4d087f763ec9,M11,1,25.8,21.183,30
331,acb7f133587b4d087f763ec9,M12,1,36.72,29.905,45
331,acb7f133587b4d087f763ec9,M13,1,38.35,30.42228,60
331,acb7f133587b4d087f763ec9,M14,1,35.83,28.98536,60
331,acb7f133587b4d087f763ec9,M15,1,37.64,30.54808,60
331,acb7f133587b4d087f763ec9,M16,1,67.88,61.8486,100
331,acb7f133587b4d087f763ec9,M17,1,10.21,8.22556,14
331,acb7f133587b4d087f763ec9,M18,1,13.95,11.75424,21
331,acb7f133587b4d087f763ec9,M19,1,15.64,10.3904,21
331,acb7f133587b4d087f763ec9,M20,1,14.56,12.15504,20
331,acb7f133587b4d087f763ec9,M21,1,13.39,9.88144,21
331,acb7f133587b4d087f763ec9,M22,1,31.47,21.18916,45
331,acb7f133587b4d087f763ec9,M23,1,27.73,20.11044,45
331,acb7f133587b4d087f763ec9,M24,1,31.16,21.687,45
331,acb7f133587b4d087f763ec9,M25,1,15.85,15.94364,20
331,acb7f133587b4d087f763ec9,M26,1,14.72,15.062,20
331,acb7f133587b4d087f763ec9,M27,1,20.27,20.877,30
331,acb7f133587b4d087f763ec9,M28,1,18.72,19.64764,30
331,acb7f133587b4d087f763ec9,M29,1,19.94,20.79308,30
331,acb7f133587b4d087f763ec9,M30,1,15.28,12.49044,21
332,a8fee72d826a954e87bca6f7,M01,3,8.37,8.27244,10
332,a8fee72d826a954e87bca6f7,M02,3,11.52,11.41376,15
332,a8fee72d826a954e87bca6f7,M03,3,13.86,13.44172,21
332,a8fee72d826a954e87bca6f7,M04,3,12.83,12.90548,21
332,a8fee72d826a954e87bca6f7,M05,3,13.15,12.97824,21
332,a8fee72d826a954e87bca6f7,M06,3,16.71,16.10012,21
332,a8fee72d826a954e87bca6f7,M07,3,19.45,19.37184,30
332,a8fee72d826a954e87bca6f7,M08,3,23.63,23.22012,30
332,a8fee72d826a954e87bca6f7,M09,3,22.43,22.42748,30
332,a8fee72d826a954e87bca6f7,M10,3,25.15,24.2138,30
332,a8fee72d826a954e87bca6f7,M11,3,24.52,23.8598,30
332,a8fee72d826a954e87bca6f7,M12,3,35.96,34.54548,45
332,a8fee72d826a954e87bca6f7,M13,3,37.38,35.39236,60
332,a8fee72d826a954e87bca6f7,M14,3,35.22,33.54988,60
332,a8fee72d826a954e87bca6f7,M15,3,38.07,35.93868,60
332,a8fee72d826a954e87bca6f7,M16,3,66.88,65.1266,100
332,a8fee72d826a954e87bca6f7,M17,3,8.92,8.98556,14
332,a8fee72d826a954e87bca6f7,M18,3,13.12,13.05044,21
332,a8fee72d826a954e87bca6f7,M19,3,12.34,11.7652,21
332,a8fee72d826a954e87bca6f7,M20,3,14.69,16.31976,20
332,a8fee72d826a954e87bca6f7,M21,3,14.25,12.04072,21
332,a8fee72d826a954e87bca6f7,M22,3,29.4,33.85328,45
332,a8fee72d826a954e87bca6f7,M23,3,33.45,29.0072,45
332,a8fee72d826a954e87bca6f7,M24,3,30.56,34.3476,45
332,a8fee72d826a954e87bca6f7,M25,3,16,15.99536,20
332,a8fee72d826a954e87bca6f7,M26,3,14.98,15.04044,20
332,a8fee72d826a954e87bca6f7,M27,3,20.81,20.50368,30
332,a8fee72d826a954e87bca6f7,M28,3,19.48,19.2636,30
332,a8fee72d826a954e87bca6f7,M29,3,20.83,20.52248,30
332,a8fee72d826a954e87bca6f7,M30,3,13.53,13.49872,21
333,14b53177e66a60df70f283c4,M01,3,7.04,6.25384,10
333,14b53177e66a60df70f283c4,M02,3,9.76,8.24712,15
333,14b53177e66a60df70f283c4,M03,3,10.47,7.91764,21
333,14b53177e66a60df70f283c4,M04,3,9.98,7.33452,21
333,14b53177e66a60df70f283c4,M05,3,9.28,7.35192,21
333,14b53177e66a60df70f283c4,M06,3,12.62,10.30372,21
333,14b53177e66a60df70f283c4,M07,3,14.59,10.81804,30
333,14b53177e66a60df70f283c4,M08,3,19.01,14.971,30
333,14b53177e66a60df70f283c4,M09,3,18.08,14.292,30
333,14b53177e66a60df70f283c4,M10,3,20.34,16.12364,30
333,14b53177e66a60df70f283c4,M11,3,19.03,15.74952,30
333,14b53177e66a60df70f283c4,M12,3,27.6,21.06172,45
333,14b53177e66a60df70f283c4,M13,3,27,20.69016,60
333,14b53177e66a60df70f283c4,M14,3,24.22,18.90964,60
333,14b53177e66a60df70f283c4,M15,3,27.64,20.48888,60
333,14b53177e66a60df70f283c4,M16,3,55.63,44.9398,100
333,14b53177e66a60df70f283c4,M17,3,7.56,5.95568,14
333,14b53177e66a60df70f283c4,M18,3,10.68,7.78088,21
333,14b53177e66a60df70f283c4,M19,3,5.89,5.6562,21
333,14b53177e66a60df70f283c4,M20,3,8.99,8.20096,20
333,14b53177e66a60df70f283c4,M21,3,6.18,5.54436,21
333,14b53177e66a60df70f283c4,M22,3,14.19,11.90692,45
333,14b53177e66a60df70f283c4,M23,3,12.59,11.11884,45
333,14b53177e66a60df70f283c4,M24,3,14.09,11.82032,45
333,14b53177e66a60df70f283c4,M25,3,12.75,13.29256,20
333,14b53177e66a60df70f283c4,M26,3,11.62,12.17596,20
333,14b53177e66a60df70f283c4,M27,3,13.97,15.36528,30
333,14b53177e66a60df70f283c4,M28,3,12.4,13.60556,30
333,14b53177e66a60df70f283c4,M29,3,13.86,14.9158,30
333,14b53177e66a60df70f283c4,M30,3,8.38,8.68652,21
336,9a7a2dc286dfaeb87974f4bc,M01,4,5.79,7.42592,10
336,9a7a2dc286dfaeb87974f4bc,M02,4,7.86,9.66944,15
336,9a7a2dc286dfaeb87974f4bc,M03,4,7.1,10.06764,21
336,9a7a2dc286dfaeb87974f4bc,M04,4,6.84,9.5774,21
336,9a7a2dc286dfaeb87974f4bc,M05,4,6.89,9.50416,21
336,9a7a2dc286dfaeb87974f4bc,M06,4,9.15,13.20872,21
336,9a7a2dc286dfaeb87974f4bc,M07,4,9.55,14.3624146667,30
336,9a7a2dc286dfaeb87974f4bc,M08,4,13.9,17.7884986667,30
336,9a7a2dc286dfaeb87974f4bc,M09,4,13.61,16.83896,30
336,9a7a2dc286dfaeb87974f4bc,M10,4,15.24,18.71648,30
336,9a7a2dc286dfaeb87974f4bc,M11,4,15.22,18.1309666667,30
336,9a7a2dc286dfaeb87974f4bc,M12,4,19.35,26.40868,45
336,9a7a2dc286dfaeb87974f4bc,M13,4,18.28,26.7193733333,60
336,9a7a2dc286dfaeb87974f4bc,M14,4,16.47,24.22956,60
336,9a7a2dc286dfaeb87974f4bc,M15,4,17.8,26.7534133333,60
336,9a7a2dc286dfaeb87974f4bc,M16,4,45,54.6974533333,100
336,9a7a2dc286dfaeb87974f4bc,M17,4,5.57,7.40248,14
336,9a7a2dc286dfaeb87974f4bc,M18,4,7.42,9.99629333333,21
336,9a7a2dc286dfaeb87974f4bc,M19,4,5.12,6.73306666667,21
336,9a7a2dc286dfaeb87974f4bc,M20,4,7.09,9.1438,20
336,9a7a2dc286dfaeb87974f4bc,M21,4,5.03,6.56416,21
336,9a7a2dc286dfaeb87974f4bc,M22,4,10.55,16.4930533333,45
336,9a7a2dc286dfaeb87974f4bc,M23,4,9.98,14.97078,45
336,9a7a2dc286dfaeb87974f4bc,M24,4,10.5,16.4487333333,45
336,9a7a2dc286dfaeb87974f4bc,M25,4,13.57,13.7144,20
336,9a7a2dc286dfaeb87974f4bc,M26,4,12.54,12.82856,20
336,9a7a2dc286dfaeb87974f4bc,M27,4,15.91,15.30404,30
336,9a7a2dc286dfaeb87974f4bc,M28,4,14.36,14.09844,30
336,9a7a2dc286dfaeb87974f4bc,M29,4,15.31,15.02784,30
336,9a7a2dc286dfaeb87974f4bc,M30,4,9.32,9.71036,21
337,7774acbf550d6a1275a6d824,M01,3,8.7,8.33496,10
337,7774acbf550d6a1275a6d824,M02,3,11.67,11.80496,15
337,7774acbf550d6a1275a6d824,M03,3,14.42,13.773,21
337,7774acbf550d6a1275a6d824,M04,3,13.21,13.16276,21
337,7774acbf550d6a1275a6d824,M05,3,13.67,13.25776,21
337,7774acbf550d6a1275a6d824,M06,3,17.25,16.71564,21
337,7774acbf550d6a1275a6d824,M07,3,20.32,19.87216,30
337,7774acbf550d6a1275a6d824,M08,3,24.17,23.90212,30
337,7774acbf550d6a1275a6d824,M09,3,23.01,22.90808,30
337,7774acbf550d6a1275a6d824,M10,3,25.74,25.07508,30
337,7774acbf550d6a1275a6d824,M11,3,25.14,24.61344,30
337,7774acbf550d6a1275a6d824,M12,3,37.13,35.87504,45
337,7774acbf550d6a1275a6d824,M13,3,38.8,37.1288,60
337,7774acbf550d6a1275a6d824,M14,3,36.75,35.42988,60
337,7774acbf550d6a1275a6d824,M15,3,39.24,37.4546,60
337,7774acbf550d6a1275a6d824,M16,3,68.44,65.24072,100
337,7774acbf550d6a1275a6d824,M17,3,8.87,9.18144,14
337,7774acbf550d6a1275a6d824,M18,3,13.53,13.24376,21
337,7774acbf550d6a1275a6d824,M19,3,13.24,12.56064,21
337,7774acbf550d6a1275a6d824,M20,3,15.19,16.2228,20
337,7774acbf550d6a1275a6d824,M21,3,11.78,12.46976,21
337,7774acbf550d6a1275a6d824,M22,3,30.57,33.63872,45
337,7774acbf550d6a1275a6d824,M23,3,34.81,30.89956,45
337,7774acbf550d6a1275a6d824,M24,3,31.27,33.82968,45
337,7774acbf550d6a1275a6d824,M25,3,16.34,16.56428,20
337,7774acbf550d6a1275a6d824,M26,3,15.32,15.50264,20
337,7774acbf550d6a1275a6d824,M27,3,21.46,20.98036,30
337,7774acbf550d6a1275a6d824,M28,3,20.12,19.76696,30
337,7774acbf550d6a1275a6d824,M29,3,21.3,20.93852,30
337,7774acbf550d6a1275a6d824,M30,3,13.08,13.96412,21
338,670fa9eb64d871d2ddb202e3,M01,2,6.41,6.68288,10
338,670fa9eb64d871d2ddb202e3,M02,2,8.6,8.96704,15
338,670fa9eb64d871d2ddb202e3,M03,2,8.32,9.00888,21
338,670fa9eb64d871d2ddb202e3,M04,2,7.81,8.54732,21
338,670fa9eb64d871d2ddb202e3,M05,2,7.99,8.44332,21
338,670fa9eb64d871d2ddb202e3,M06,2,10.73,11.17884,21
338,670fa9eb64d871d2ddb202e3,M07,2,11.39,12.33424,30
338,670fa9eb64d871d2ddb202e3,M08,2,15.85,16.59072,30
338,670fa9eb64d871d2ddb202e3,M09,2,15.16,15.9324,30
338,670fa9eb64d871d2ddb202e3,M10,2,17.21,17.72244,30
338,670fa9eb64d871d2ddb202e3,M11,2,16.92,17.30068,30
338,670fa9eb64d871d2ddb202e3,M12,2,22.28,24.28464,45
338,670fa9eb64d871d2ddb202e3,M13,2,22.06,24.09132,60
338,670fa9eb64d871d2ddb202e3,M14,2,19.62,22.45784,60
338,670fa9eb64d871d2ddb202e3,M15,2,21.33,24.11528,60
338,670fa9eb64d871d2ddb202e3,M16,2,50.1,48.33072,100
338,670fa9eb64d871d2ddb202e3,M17,2,6.24,6.53944,14
338,670fa9eb64d871d2ddb202e3,M18,2,8.37,8.84964,21
338,670fa9eb64d871d2ddb202e3,M19,2,5.66,6.20556,21
338,670fa9eb64d871d2ddb202e3,M20,2,7.96,8.69548,20
338,670fa9eb64d871d2ddb202e3,M21,2,5.45,6.04752,21
338,670fa9eb64d871d2ddb202e3,M22,2,12.06,14.06184,45
338,670fa9eb64d871d2ddb202e3,M23,2,11.07,13.0496,45
338,670fa9eb64d871d2ddb202e3,M24,2,11.47,14.0386,45
338,670fa9eb64d871d2ddb202e3,M25,2,14.16,13.67768,20
338,670fa9eb64d871d2ddb202e3,M26,2,13,12.69756,20
338,670fa9eb64d871d2ddb202e3,M27,2,16.95,15.60368,30
338,670fa9eb64d871d2ddb202e3,M28,2,15.24,14.1018,30
338,670fa9eb64d871d2ddb202e3,M29,2,16.48,15.23788,30
338,670fa9eb64d871d2ddb202e3,M30,2,10.21,9.18276,21
339,93316b96717ed8f0b461c8fc,M01,2,9.32,8.89648,10
339,93316b96717ed8f0b461c8fc,M02,2,11.81,11.95184,15
339,93316b96717ed8f0b461c8fc,M03,2,14.34,14.28816,21
339,93316b96717ed8f0b461c8fc,M04,2,13.34,13.41752,21
339,93316b96717ed8f0b461c8fc,M05,2,13.67,13.65324,21
339,93316b96717ed8f0b461c8fc,M06,2,17.36,16.8918,21
339,93316b96717ed8f0b461c8fc,M07,2,20.41,19.73988,30
339,93316b96717ed8f0b461c8fc,M08,2,24.37,24.33584,30
339,93316b96717ed8f0b461c8fc,M09,2,23.14,23.1488,30
339,93316b96717ed8f0b461c8fc,M10,2,25.79,25.692,30
339,93316b96717ed8f0b461c8fc,M11,2,25,25.12916,30
339,93316b96717ed8f0b461c8fc,M12,2,36.48,36.39108,45
339,93316b96717ed8f0b461c8fc,M13,2,39.32,38.30832,60
339,93316b96717ed8f0b461c8fc,M14,2,36.79,36.0572,60
339,93316b96717ed8f0b461c8fc,M15,2,39.1,38.41784,60
339,93316b96717ed8f0b461c8fc,M16,2,68.91,67.0002,100
339,93316b96717ed8f0b461c8fc,M17,2,9.47,9.28212,14
339,93316b96717ed8f0b461c8fc,M18,2,13.57,13.59736,21
339,93316b96717ed8f0b461c8fc,M19,2,13.37,13.7556,21
339,93316b96717ed8f0b461c8fc,M20,2,14.87,15.1366,20
339,93316b96717ed8f0b461c8fc,M21,2,12.22,12.89264,21
339,93316b96717ed8f0b461c8fc,M22,2,32.95,32.81736,45
339,93316b96717ed8f0b461c8fc,M23,2,29.86,32.42092,45
339,93316b96717ed8f0b461c8fc,M24,2,33.15,32.93124,45
339,93316b96717ed8f0b461c8fc,M25,2,17.03,16.49668,20
339,93316b96717ed8f0b461c8fc,M26,2,15.72,15.43608,20
339,93316b96717ed8f0b461c8fc,M27,2,22.11,21.30656,30
339,93316b96717ed8f0b461c8fc,M28,2,20.51,20.025,30
339,93316b96717ed8f0b461c8fc,M29,2,21.63,21.17592,30
339,93316b96717ed8f0b461c8fc,M30,2,14.39,14.1914,21
340,252e47c2ee331e80cc378cb2,M01,1,9.64,6.40332,10
340,252e47c2ee331e80cc378cb2,M02,1,12.68,8.73596,15
340,252e47c2ee331e80cc378cb2,M03,1,15.13,8.77672,21
340,252e47c2ee331e80cc378cb2,M04,1,14.16,8.35092,21
340,252e47c2ee331e80cc378cb2,M05,1,14.35,8.3094,21
340,252e47c2ee331e80cc378cb2,M06,1,19.17,10.96908,21
340,252e47c2ee331e80cc378cb2,M07,1,21.63,12.29972,30
340,252e47c2ee331e80cc378cb2,M08,1,24.32,16.3846,30
340,252e47c2ee331e80cc378cb2,M09,1,24.13,15.50236,30
340,252e47c2ee331e80cc378cb2,M10,1,26.84,17.30732,30
340,252e47c2ee331e80cc378cb2,M11,1,25.97,16.95856,30
340,252e47c2ee331e80cc378cb2,M12,1,39.23,23.28076,45
340,252e47c2ee331e80cc378cb2,M13,1,42.86,22.90004,60
340,252e47c2ee331e80cc378cb2,M14,1,40.69,20.99384,60
340,252e47c2ee331e80cc378cb2,M15,1,40.83,22.8706,60
340,252e47c2ee331e80cc378cb2,M16,1,72.65,45.84664,100
340,252e47c2ee331e80cc378cb2,M17,1,9.88,6.16096,14
340,252e47c2ee331e80cc378cb2,M18,1,14.13,8.54996,21
340,252e47c2ee331e80cc378cb2,M19,1,14.54,6.11948,21
340,252e47c2ee331e80cc378cb2,M20,1,17.21,8.18208,20
340,252e47c2ee331e80cc378cb2,M21,1,14.38,5.87192,21
340,252e47c2ee331e80cc378cb2,M22,1,39.38,13.62228,45
340,252e47c2ee331e80cc378cb2,M23,1,34.68,12.55152,45
340,252e47c2ee331e80cc378cb2,M24,1,37.81,13.5946,45
340,252e47c2ee331e80cc378cb2,M25,1,19.07,13.65052,20
340,252e47c2ee331e80cc378cb2,M26,1,17.16,12.665,20
340,252e47c2ee331e80cc378cb2,M27,1,24.4,15.64884,30
340,252e47c2ee331e80cc378cb2,M28,1,22.49,14.2988,30
340,252e47c2ee331e80cc378cb2,M29,1,22.39,15.40096,30
340,252e47c2ee331e80cc378cb2,M30,1,15.24,9.41104,21
341,fd86179619e5229f724d31d3,M01,2,4.2,8.54192,10
341,fd86179619e5229f724d31d3,M02,2,5.62,11.41964,15
341,fd86179619e5229f724d31d3,M03,2,5.03,12.48256,21
341,fd86179619e5229f724d31d3,M04,2,4.86,11.92612,21
341,fd86179619e5229f724d31d3,M05,2,4.58,12.0306,21
341,fd86179619e5229f724d31d3,M06,2,6.47,15.54188,21
341,fd86179619e5229f724d31d3,M07,2,6.11,17.0199333333,30
341,fd86179619e5229f724d31d3,M08,2,7.75,19.07464,30
341,fd86179619e5229f724d31d3,M09,2,6.88,18.65696,30
341,fd86179619e5229f724d31d3,M10,2,8.73,20.19532,30
341,fd86179619e5229f724d31d3,M11,2,8.42,19.9544,30
341,fd86179619e5229f724d31d3,M12,2,8.76,27.4722,45
341,fd86179619e5229f724d31d3,M13,2,9.48,27.92768,60
341,fd86179619e5229f724d31d3,M14,2,7.85,26.82648,60
341,fd86179619e5229f724d31d3,M15,2,8.95,27.46508,60
341,fd86179619e5229f724d31d3,M16,2,19.62,53.63059,100
341,fd86179619e5229f724d31d3,M17,2,2.89,8.56272,14
341,fd86179619e5229f724d31d3,M18,2,5.14,11.9298,21
341,fd86179619e5229f724d31d3,M19,2,4.27,11.43726,21
341,fd86179619e5229f724d31d3,M20,2,5.35,12.41832,20
341,fd86179619e5229f724d31d3,M21,2,4.37,11.17472,21
341,fd86179619e5229f724d31d3,M22,2,7.3,22.4712,45
341,fd86179619e5229f724d31d3,M23,2,6.29,21.16304,45
341,fd86179619e5229f724d31d3,M24,2,6.95,22.13764,45
341,fd86179619e5229f724d31d3,M25,2,8.2,16.31548,20
341,fd86179619e5229f724d31d3,M26,2,6.98,15.4834,20
341,fd86179619e5229f724d31d3,M27,2,7.86,19.39352,30
341,fd86179619e5229f724d31d3,M28,2,6.89,18.14724,30
341,fd86179619e5229f724d31d3,M29,2,7.36,18.78488,30
341,fd86179619e5229f724d31d3,M30,2,5.03,12.9076,21
342,6b29c617174b313bf63cc277,M01,2,3.81,7.0428,10
342,6b29c617174b313bf63cc277,M02,2,4.94,8.972,15
342,6b29c617174b313bf63cc277,M03,2,4.28,9.24144,21
342,6b29c617174b313bf63cc277,M04,2,4.21,8.76812,21
342,6b29c617174b313bf63cc277,M05,2,4.06,8.7032,21
342,6b29c617174b313bf63cc277,M06,2,5.57,11.15016,21
342,6b29c617174b313bf63cc277,M07,2,5.05,12.46532,30
342,6b29c617174b313bf63cc277,M08,2,6.39,17.13496,30
342,6b29c617174b313bf63cc277,M09,2,5.92,16.3316,30
342,6b29c617174b313bf63cc277,M10,2,7.47,18.25176,30
342,6b29c617174b313bf63cc277,M11,2,6.86,17.67676,30
342,6b29c617174b313bf63cc277,M12,2,7.5,25.16492,45
342,6b29c617174b313bf63cc277,M13,2,7.22,25.36284,60
342,6b29c617174b313bf63cc277,M14,2,5.86,23.684,60
342,6b29c617174b313bf63cc277,M15,2,6.67,25.3054,60
342,6b29c617174b313bf63cc277,M16,2,12.97,46.45052,100
342,6b29c617174b313bf63cc277,M17,2,2.32,6.82256,14
342,6b29c617174b313bf63cc277,M18,2,4.62,8.89528,21
342,6b29c617174b313bf63cc277,M19,2,4.12,6.86608,21
342,6b29c617174b313bf63cc277,M20,2,4.76,9.01356,20
342,6b29c617174b313bf63cc277,M21,2,4.16,6.774,21
342,6b29c617174b313bf63cc277,M22,2,6.55,14.89476,45
342,6b29c617174b313bf63cc277,M23,2,5.67,13.7256,45
342,6b29c617174b313bf63cc277,M24,2,6.1,14.77264,45
342,6b29c617174b313bf63cc277,M25,2,7.65,12.6604,20
342,6b29c617174b313bf63cc277,M26,2,6.62,11.84164,20
342,6b29c617174b313bf63cc277,M27,2,7.57,14.94684,30
342,6b29c617174b313bf63cc277,M28,2,6.58,13.68436,30
342,6b29c617174b313bf63cc277,M29,2,7.1,14.7954,30
342,6b29c617174b313bf63cc277,M30,2,4.94,9.10252,21
