compound_id,compound_group,method_id,cv_fold,rt_min,prediction_min,run_time_min
1,63590c74120e85ecd05c0c08,M01,0,1.27,2.73467469486,10
1,63590c74120e85ecd05c0c08,M02,0,0.92,2.52669415152,15
1,63590c74120e85ecd05c0c08,M03,0,1.36,2.81463131568,21
1,63590c74120e85ecd05c0c08,M04,0,1.38,2.71105755378,21
1,63590c74120e85ecd05c0c08,M05,0,1.31,2.6978243633,21
1,63590c74120e85ecd05c0c08,M06,0,1.4,3.19774919547,21
1,63590c74120e85ecd05c0c08,M07,0,1.37,3.03073663215,30
1,63590c74120e85ecd05c0c08,M08,0,0.91,3.13523240282,30
1,63590c74120e85ecd05c0c08,M09,0,0.93,3.00139870585,30
1,63590c74120e85ecd05c0c08,M10,0,1.35,3.35688028116,30
1,63590c74120e85ecd05c0c08,M11,0,1.33,3.21263091753,30
1,63590c74120e85ecd05c0c08,M12,0,0.94,3.34063065102,45
1,63590c74120e85ecd05c0c08,M13,0,1.27,3.60851709158,60
1,63590c74120e85ecd05c0c08,M14,0,0.75,3.27764872439,60
1,63590c74120e85ecd05c0c08,M15,0,1.6,4.04700419192,60
1,63590c74120e85ecd05c0c08,M16,0,1.25,4.29385460229,100
1,63590c74120e85ecd05c0c08,M17,0,0.92,2.33689799079,14
1,63590c74120e85ecd05c0c08,M18,0,1.44,2.97687546731,21
1,63590c74120e85ecd05c0c08,M19,0,1.37,2.90325966611,21
1,63590c74120e85ecd05c0c08,M20,0,0.63,3.08275163037,20
1,63590c74120e85ecd05c0c08,M21,0,1.41,2.97795562315,21
1,63590c74120e85ecd05c0c08,M22,0,1.21,3.68503896537,45
1,63590c74120e85ecd05c0c08,M23,0,0.75,3.31546956799,45
1,63590c74120e85ecd05c0c08,M24,0,1.56,4.02436231313,45
1,63590c74120e85ecd05c0c08,M25,0,1.3,3.39424284227,20
1,63590c74120e85ecd05c0c08,M26,0,0.78,3.11283046365,20
1,63590c74120e85ecd05c0c08,M27,0,1.29,3.99049351837,30
1,63590c74120e85ecd05c0c08,M28,0,0.78,3.57002521911,30
1,63590c74120e85ecd05c0c08,M29,0,1.67,4.34868372705,30
1,63590c74120e85ecd05c0c08,M30,0,1.35,2.89764152348,21
2,73c4545b8949e668c76a03b2,M01,0,1.41,3.0125744077,10
2,73c4545b8949e668c76a03b2,M02,0,1.03,2.83065227417,15
2,73c4545b8949e668c76a03b2,M03,0,1.57,3.07857476157,21
2,73c4545b8949e668c76a03b2,M04,0,1.44,2.96296553935,21
2,73c4545b8949e668c76a03b2,M05,0,1.32,2.9266824268,21
2,73c4545b8949e668c76a03b2,M06,0,1.66,3.60128641725,21
2,73c4545b8949e668c76a03b2,M07,0,1.58,3.43580956532,30
2,73c4545b8949e668c76a03b2,M08,0,1.05,3.43326179942,30
2,73c4545b8949e668c76a03b2,M09,0,0.98,3.27571575325,30
2,73c4545b8949e668c76a03b2,M10,0,1.55,3.65117730281,30
2,73c4545b8949e668c76a03b2,M11,0,1.6,3.48354154235,30
2,73c4545b8949e668c76a03b2,M12,0,1.13,3.58445106494,45
2,73c4545b8949e668c76a03b2,M13,0,1.45,3.8664129243,60
2,73c4545b8949e668c76a03b2,M14,0,0.82,3.51419778788,60
2,73c4545b8949e668c76a03b2,M15,0,2.01,4.3197187316,60
2,73c4545b8949e668c76a03b2,M16,0,1.43,5.27241526895,100
2,73c4545b8949e668c76a03b2,M17,0,0.96,2.57760874836,14
2,73c4545b8949e668c76a03b2,M18,0,1.63,3.24447996626,21
2,73c4545b8949e668c76a03b2,M19,0,1.55,3.17850288545,21
2,73c4545b8949e668c76a03b2,M20,0,0.87,3.49272592863,20
2,73c4545b8949e668c76a03b2,M21,0,1.63,3.25622883639,21
2,73c4545b8949e668c76a03b2,M22,0,1.62,3.95942490765,45
2,73c4545b8949e668c76a03b2,M23,0,0.85,3.56078496914,45
2,73c4545b8949e668c76a03b2,M24,0,2.13,4.3244125671,45
2,73c4545b8949e668c76a03b2,M25,0,1.44,3.85165925741,20
2,73c4545b8949e668c76a03b2,M26,0,0.85,3.54688389322,20
2,73c4545b8949e668c76a03b2,M27,0,1.46,4.32949209557,30
2,73c4545b8949e668c76a03b2,M28,0,0.83,3.87513657842,30
2,73c4545b8949e668c76a03b2,M29,0,2.17,4.70564888578,30
2,73c4545b8949e668c76a03b2,M30,0,1.34,3.14484465046,21
3,c7bcada0b8e888971aefc4c3,M01,0,1.4,2.78898714508,10
3,c7bcada0b8e888971aefc4c3,M02,0,0.9,2.57597792929,15
3,c7bcada0b8e888971aefc4c3,M03,0,1.4,2.86464331568,21
3,c7bcada0b8e888971aefc4c3,M04,0,1.43,2.75719014108,21
3,c7bcada0b8e888971aefc4c3,M05,0,1.35,2.73004771251,21
3,c7bcada0b8e888971aefc4c3,M06,0,1.48,3.25070412188,21
3,c7bcada0b8e888971aefc4c3,M07,0,1.4,3.1054644258,30
3,c7bcada0b8e888971aefc4c3,M08,0,0.95,3.25795605361,30
3,c7bcada0b8e888971aefc4c3,M09,0,0.97,3.09318219791,30
3,c7bcada0b8e888971aefc4c3,M10,0,1.4,3.48744185259,30
3,c7bcada0b8e888971aefc4c3,M11,0,1.44,3.31506483816,30
3,c7bcada0b8e888971aefc4c3,M12,0,0.93,3.46949874625,45
3,c7bcada0b8e888971aefc4c3,M13,0,1.4,3.76054617094,60
3,c7bcada0b8e888971aefc4c3,M14,0,0.83,3.44498530014,60
3,c7bcada0b8e888971aefc4c3,M15,0,1.7,4.25502620779,60
3,c7bcada0b8e888971aefc4c3,M16,0,1.43,4.89036047042,100
3,c7bcada0b8e888971aefc4c3,M17,0,0.96,2.36670805428,14
3,c7bcada0b8e888971aefc4c3,M18,0,1.43,3.03234656255,21
3,c7bcada0b8e888971aefc4c3,M19,0,1.41,2.95424760262,21
3,c7bcada0b8e888971aefc4c3,M20,0,0.69,3.11418391608,20
3,c7bcada0b8e888971aefc4c3,M21,0,1.4,3.03207505173,21
3,c7bcada0b8e888971aefc4c3,M22,0,1.52,3.91025718759,45
3,c7bcada0b8e888971aefc4c3,M23,0,0.85,3.52337368343,45
3,c7bcada0b8e888971aefc4c3,M24,0,1.97,4.25839944012,45
3,c7bcada0b8e888971aefc4c3,M25,0,1.3,3.46782472106,20
3,c7bcada0b8e888971aefc4c3,M26,0,0.78,3.18049245355,20
3,c7bcada0b8e888971aefc4c3,M27,0,1.29,4.20067587213,30
3,c7bcada0b8e888971aefc4c3,M28,0,0.77,3.75673251371,30
3,c7bcada0b8e888971aefc4c3,M29,0,1.66,4.55091760462,30
3,c7bcada0b8e888971aefc4c3,M30,0,1.41,2.95667622189,21
4,91876cd96b4863b74f62ede1,M01,4,5.06,3.22683570707,10
4,91876cd96b4863b74f62ede1,M02,4,6.32,3.22215093917,15
4,91876cd96b4863b74f62ede1,M03,4,5.61,3.37132763636,21
4,91876cd96b4863b74f62ede1,M04,4,5.29,3.14063500577,21
4,91876cd96b4863b74f62ede1,M05,4,5.11,3.12455032756,21
4,91876cd96b4863b74f62ede1,M06,4,7.07,4.04427055223,21
4,91876cd96b4863b74f62ede1,M07,4,7.05,4.05580464746,30
4,91876cd96b4863b74f62ede1,M08,4,8.27,4.16943324098,30
4,91876cd96b4863b74f62ede1,M09,4,7.05,3.88391868709,30
4,91876cd96b4863b74f62ede1,M10,4,10.19,4.38074547475,30
4,91876cd96b4863b74f62ede1,M11,4,9.08,4.17000627295,30
4,91876cd96b4863b74f62ede1,M12,4,9.36,3.90783874747,45
4,91876cd96b4863b74f62ede1,M13,4,10.46,4.17926732035,60
4,91876cd96b4863b74f62ede1,M14,4,7.3,3.69918072738,60
4,91876cd96b4863b74f62ede1,M15,4,10.88,4.53167174459,60
4,91876cd96b4863b74f62ede1,M16,4,15.77,7.54518574747,100
4,91876cd96b4863b74f62ede1,M17,4,3.5,2.66354184538,14
4,91876cd96b4863b74f62ede1,M18,4,5.76,3.1927418759,21
4,91876cd96b4863b74f62ede1,M19,4,4.89,3.34696465657,21
4,91876cd96b4863b74f62ede1,M20,4,5.68,3.50486827228,20
4,91876cd96b4863b74f62ede1,M21,4,4.88,3.19215666667,21
4,91876cd96b4863b74f62ede1,M22,4,8.49,4.21115848918,45
4,91876cd96b4863b74f62ede1,M23,4,6.48,3.61860480087,45
4,91876cd96b4863b74f62ede1,M24,4,8.68,4.49100924531,45
4,91876cd96b4863b74f62ede1,M25,4,9.4,4.22395449428,20
4,91876cd96b4863b74f62ede1,M26,4,7.2,3.84787725197,20
4,91876cd96b4863b74f62ede1,M27,4,9.08,4.6629141181,30
4,91876cd96b4863b74f62ede1,M28,4,7.31,4.04623974303,30
4,91876cd96b4863b74f62ede1,M29,4,9.04,4.86190908325,30
4,91876cd96b4863b74f62ede1,M30,4,5.55,3.39110231746,21
5,f388de2f1532bd2d15000e9e,M01,1,1.85,4.81789804673,10
5,f388de2f1532bd2d15000e9e,M02,1,1.48,5.44570321001,15
5,f388de2f1532bd2d15000e9e,M03,1,2.03,5.12603102953,21
5,f388de2f1532bd2d15000e9e,M04,1,1.62,5.00299282917,21
5,f388de2f1532bd2d15000e9e,M05,1,1.78,4.77339376202,21
5,f388de2f1532bd2d15000e9e,M06,1,2.07,6.57976604274,21
5,f388de2f1532bd2d15000e9e,M07,1,1.99,6.59477934921,30
5,f388de2f1532bd2d15000e9e,M08,1,1.37,8.23810326684,30
5,f388de2f1532bd2d15000e9e,M09,1,1.24,7.74451503386,30
5,f388de2f1532bd2d15000e9e,M10,1,1.97,8.71350580653,30
5,f388de2f1532bd2d15000e9e,M11,1,1.76,8.32015957354,30
5,f388de2f1532bd2d15000e9e,M12,1,1.43,9.1915623098,45
5,f388de2f1532bd2d15000e9e,M13,1,2.02,9.39062479032,60
5,f388de2f1532bd2d15000e9e,M14,1,1.12,7.71350610012,60
5,f388de2f1532bd2d15000e9e,M15,1,2.59,9.45346881485,60
5,f388de2f1532bd2d15000e9e,M16,1,2.03,11.7808369885,100
5,f388de2f1532bd2d15000e9e,M17,1,1.21,3.95238850827,14
5,f388de2f1532bd2d15000e9e,M18,1,1.81,5.23308146043,21
5,f388de2f1532bd2d15000e9e,M19,1,2.13,4.88901526873,21
5,f388de2f1532bd2d15000e9e,M20,1,1.35,6.15590162515,20
5,f388de2f1532bd2d15000e9e,M21,1,2,5.10214519414,21
5,f388de2f1532bd2d15000e9e,M22,1,1.96,8.45142393129,45
5,f388de2f1532bd2d15000e9e,M23,1,1.17,7.11658573094,45
5,f388de2f1532bd2d15000e9e,M24,1,2.38,8.37101735553,45
5,f388de2f1532bd2d15000e9e,M25,1,2.11,7.13399310911,20
5,f388de2f1532bd2d15000e9e,M26,1,1.01,6.67823818171,20
5,f388de2f1532bd2d15000e9e,M27,1,2.17,8.12163630381,30
5,f388de2f1532bd2d15000e9e,M28,1,0.96,6.90739506283,30
5,f388de2f1532bd2d15000e9e,M29,1,2.58,7.99203649428,30
5,f388de2f1532bd2d15000e9e,M30,1,1.78,5.11412088301,21
6,903e67b4c2f9750d37336ae2,M01,2,1.36,1.95272932323,10
6,903e67b4c2f9750d37336ae2,M02,2,0.92,1.67770033478,15
6,903e67b4c2f9750d37336ae2,M03,2,1.36,2.0370842583,21
6,903e67b4c2f9750d37336ae2,M04,2,1.38,1.98819935775,21
6,903e67b4c2f9750d37336ae2,M05,2,1.33,1.96430967532,21
6,903e67b4c2f9750d37336ae2,M06,2,1.42,2.21882931025,21
6,903e67b4c2f9750d37336ae2,M07,2,1.36,2.19022444156,30
6,903e67b4c2f9750d37336ae2,M08,2,0.93,1.75746600722,30
6,903e67b4c2f9750d37336ae2,M09,2,0.93,1.6892576811,30
6,903e67b4c2f9750d37336ae2,M10,2,1.37,2.03619965512,30
6,903e67b4c2f9750d37336ae2,M11,2,1.32,1.97265954113,30
6,903e67b4c2f9750d37336ae2,M12,2,0.92,1.96653846753,45
6,903e67b4c2f9750d37336ae2,M13,2,1.38,2.34424309524,60
6,903e67b4c2f9750d37336ae2,M14,2,0.8,1.88921631457,60
6,903e67b4c2f9750d37336ae2,M15,2,1.78,2.738570113,60
6,903e67b4c2f9750d37336ae2,M16,2,1.39,3.61829420491,100
6,903e67b4c2f9750d37336ae2,M17,2,0.9,1.42187089888,14
6,903e67b4c2f9750d37336ae2,M18,2,1.48,2.07482739094,21
6,903e67b4c2f9750d37336ae2,M19,2,1.38,2.13810450216,21
6,903e67b4c2f9750d37336ae2,M20,2,0.65,1.76347398901,20
6,903e67b4c2f9750d37336ae2,M21,2,1.46,2.05977020491,21
6,903e67b4c2f9750d37336ae2,M22,2,1.27,2.21596706061,45
6,903e67b4c2f9750d37336ae2,M23,2,0.81,1.76605867388,45
6,903e67b4c2f9750d37336ae2,M24,2,1.58,2.6310885156,45
6,903e67b4c2f9750d37336ae2,M25,2,1.52,2.31912308447,20
6,903e67b4c2f9750d37336ae2,M26,2,0.87,2.05130977067,20
6,903e67b4c2f9750d37336ae2,M27,2,1.53,2.50253293506,30
6,903e67b4c2f9750d37336ae2,M28,2,0.84,2.05478992641,30
6,903e67b4c2f9750d37336ae2,M29,2,2.49,2.87102075369,30
6,903e67b4c2f9750d37336ae2,M30,2,1.44,2.15410539116,21
8,d8974ef08904a88379044d8b,M01,1,6.18,5.53404814452,10
8,d8974ef08904a88379044d8b,M02,1,8.18,6.39365026651,15
8,d8974ef08904a88379044d8b,M03,1,7.53,6.11149712365,21
8,d8974ef08904a88379044d8b,M04,1,6.85,5.86771463015,21
8,d8974ef08904a88379044d8b,M05,1,6.63,5.62370329315,21
8,d8974ef08904a88379044d8b,M06,1,9.24,7.78794584638,21
8,d8974ef08904a88379044d8b,M07,1,9.79,8.01859202675,30
8,d8974ef08904a88379044d8b,M08,1,13.13,10.174930148,30
8,d8974ef08904a88379044d8b,M09,1,11.77,9.64556889832,30
8,d8974ef08904a88379044d8b,M10,1,15.1,10.5036114019,30
8,d8974ef08904a88379044d8b,M11,1,13.68,10.1265622793,30
8,d8974ef08904a88379044d8b,M12,1,16.87,12.2154568656,45
8,d8974ef08904a88379044d8b,M13,1,16,12.1702873389,60
8,d8974ef08904a88379044d8b,M14,1,12.63,10.8800203576,60
8,d8974ef08904a88379044d8b,M15,1,16.74,12.3138485452,60
8,d8974ef08904a88379044d8b,M16,1,32.21,30.9746072327,100
8,d8974ef08904a88379044d8b,M17,1,5.37,4.68946326551,14
8,d8974ef08904a88379044d8b,M18,1,7.44,6.06018693085,21
8,d8974ef08904a88379044d8b,M19,1,6.26,5.69381473238,21
8,d8974ef08904a88379044d8b,M20,1,7.91,7.29195790054,20
8,d8974ef08904a88379044d8b,M21,1,6.07,5.69137519558,21
8,d8974ef08904a88379044d8b,M22,1,12.46,10.0476422626,45
8,d8974ef08904a88379044d8b,M23,1,10.15,8.85793923377,45
8,d8974ef08904a88379044d8b,M24,1,13.01,10.137811544,45
8,d8974ef08904a88379044d8b,M25,1,11.99,8.4969997518,20
8,d8974ef08904a88379044d8b,M26,1,10.21,8.14033351371,20
8,d8974ef08904a88379044d8b,M27,1,12.15,9.82271108947,30
8,d8974ef08904a88379044d8b,M28,1,9.88,8.76112006638,30
8,d8974ef08904a88379044d8b,M29,1,12.38,9.92211756566,30
8,d8974ef08904a88379044d8b,M30,1,7.55,6.12829118348,21
12,f924f42d31e9b2b1918efd30,M01,1,3.73,2.0372982987,10
12,f924f42d31e9b2b1918efd30,M02,1,3.19,1.7726143088,15
12,f924f42d31e9b2b1918efd30,M03,1,4.13,2.11058693506,21
12,f924f42d31e9b2b1918efd30,M04,1,3.31,2.05253164502,21
12,f924f42d31e9b2b1918efd30,M05,1,3.05,1.97111896537,21
12,f924f42d31e9b2b1918efd30,M06,1,5.25,2.41234117568,21
12,f924f42d31e9b2b1918efd30,M07,1,4.34,2.39759533911,30
12,f924f42d31e9b2b1918efd30,M08,1,3.2,2.06215138961,30
12,f924f42d31e9b2b1918efd30,M09,1,2.27,1.92562835354,30
12,f924f42d31e9b2b1918efd30,M10,1,4.62,2.43247113054,30
12,f924f42d31e9b2b1918efd30,M11,1,3.4,2.31150019259,30
12,f924f42d31e9b2b1918efd30,M12,1,3.21,1.89457393173,45
12,f924f42d31e9b2b1918efd30,M13,1,4.85,2.28844857065,60
12,f924f42d31e9b2b1918efd30,M14,1,2.66,1.66432148918,60
12,f924f42d31e9b2b1918efd30,M15,1,5.46,2.7289625742,60
12,f924f42d31e9b2b1918efd30,M16,1,5.09,5.4326842896,100
12,f924f42d31e9b2b1918efd30,M17,1,1.82,1.49035429149,14
12,f924f42d31e9b2b1918efd30,M18,1,4.55,2.13061387956,21
12,f924f42d31e9b2b1918efd30,M19,1,4.18,2.19256952381,21
12,f924f42d31e9b2b1918efd30,M20,1,4.9,1.7733144554,20
12,f924f42d31e9b2b1918efd30,M21,1,4.37,2.11464441492,21
12,f924f42d31e9b2b1918efd30,M22,1,5.85,2.46853838961,45
12,f924f42d31e9b2b1918efd30,M23,1,3.2,1.78959661183,45
12,f924f42d31e9b2b1918efd30,M24,1,6.39,2.88373973438,45
12,f924f42d31e9b2b1918efd30,M25,1,5.63,3.59666714116,20
12,f924f42d31e9b2b1918efd30,M26,1,3.68,3.0206817793,20
12,f924f42d31e9b2b1918efd30,M27,1,6.23,3.84612351959,30
12,f924f42d31e9b2b1918efd30,M28,1,4.18,3.03156358297,30
12,f924f42d31e9b2b1918efd30,M29,1,6.37,4.07798998568,30
12,f924f42d31e9b2b1918efd30,M30,1,4.11,2.62153522367,21
13,cf7268b4f8767d681615d5ad,M01,1,1.27,2.41511400966,10
13,cf7268b4f8767d681615d5ad,M02,1,0.91,2.27829731746,15
13,cf7268b4f8767d681615d5ad,M03,1,1.4,2.57893506538,21
13,cf7268b4f8767d681615d5ad,M04,1,1.33,2.47439851493,21
13,cf7268b4f8767d681615d5ad,M05,1,1.44,2.44458235043,21
13,cf7268b4f8767d681615d5ad,M06,1,1.42,2.89060846284,21
13,cf7268b4f8767d681615d5ad,M07,1,1.37,2.96023067655,30
13,cf7268b4f8767d681615d5ad,M08,1,0.91,3.1190669899,30
13,cf7268b4f8767d681615d5ad,M09,1,0.9,2.88235408081,30
13,cf7268b4f8767d681615d5ad,M10,1,1.35,3.42047483983,30
13,cf7268b4f8767d681615d5ad,M11,1,1.32,3.21140573593,30
13,cf7268b4f8767d681615d5ad,M12,1,0.85,3.75215888023,45
13,cf7268b4f8767d681615d5ad,M13,1,1.27,4.0069253683,60
13,cf7268b4f8767d681615d5ad,M14,1,0.75,3.35432987768,60
13,cf7268b4f8767d681615d5ad,M15,1,1.68,4.52939192241,60
13,cf7268b4f8767d681615d5ad,M16,1,1.25,6.46245164791,100
13,cf7268b4f8767d681615d5ad,M17,1,0.9,1.88776299423,14
13,cf7268b4f8767d681615d5ad,M18,1,1.45,2.55402479199,21
13,cf7268b4f8767d681615d5ad,M19,1,1.28,2.58502920224,21
13,cf7268b4f8767d681615d5ad,M20,1,0.65,2.31016223551,20
13,cf7268b4f8767d681615d5ad,M21,1,1.43,2.48124368087,21
13,cf7268b4f8767d681615d5ad,M22,1,1.21,3.53934896537,45
13,cf7268b4f8767d681615d5ad,M23,1,0.77,2.79977600433,45
13,cf7268b4f8767d681615d5ad,M24,1,1.56,4.05039320202,45
13,cf7268b4f8767d681615d5ad,M25,1,1.3,3.63775448814,20
13,cf7268b4f8767d681615d5ad,M26,1,0.78,3.01280354664,20
13,cf7268b4f8767d681615d5ad,M27,1,1.29,4.43308342435,30
13,cf7268b4f8767d681615d5ad,M28,1,0.77,3.53582843834,30
13,cf7268b4f8767d681615d5ad,M29,1,1.64,4.84145571895,30
13,cf7268b4f8767d681615d5ad,M30,1,1.43,2.86151944988,21
14,37db2b79f652ee6c5f897d99,M01,3,4.07,2.72098942857,10
14,37db2b79f652ee6c5f897d99,M02,3,4.8,2.43311137374,15
14,37db2b79f652ee6c5f897d99,M03,3,4.55,2.81230332068,21
14,37db2b79f652ee6c5f897d99,M04,3,4.19,2.64641150394,21
14,37db2b79f652ee6c5f897d99,M05,3,3.9,2.53709824531,21
14,37db2b79f652ee6c5f897d99,M06,3,5.81,3.34463730969,21
14,37db2b79f652ee6c5f897d99,M07,3,5.21,3.12840044622,30
14,37db2b79f652ee6c5f897d99,M08,3,5.4,2.71519182107,30
14,37db2b79f652ee6c5f897d99,M09,3,3.64,2.45756568543,30
14,37db2b79f652ee6c5f897d99,M10,3,6.89,2.98563928372,30
14,37db2b79f652ee6c5f897d99,M11,3,5.14,2.79283487102,30
14,37db2b79f652ee6c5f897d99,M12,3,5.62,3.19075591775,45
14,37db2b79f652ee6c5f897d99,M13,3,6.56,3.58195222589,60
14,37db2b79f652ee6c5f897d99,M14,3,4.31,3.04581871429,60
14,37db2b79f652ee6c5f897d99,M15,3,6.68,4.0152138759,60
14,37db2b79f652ee6c5f897d99,M16,3,8.32,9.35750415873,100
14,37db2b79f652ee6c5f897d99,M17,3,2.17,1.98676069264,14
14,37db2b79f652ee6c5f897d99,M18,3,4.82,2.84849669408,21
14,37db2b79f652ee6c5f897d99,M19,3,4.44,2.92207702631,21
14,37db2b79f652ee6c5f897d99,M20,3,4.88,2.89169914141,20
14,37db2b79f652ee6c5f897d99,M21,3,4.51,2.81777883694,21
14,37db2b79f652ee6c5f897d99,M22,3,6.96,3.27472875269,45
14,37db2b79f652ee6c5f897d99,M23,3,5.03,2.63379738761,45
14,37db2b79f652ee6c5f897d99,M24,3,7.08,3.69911489322,45
14,37db2b79f652ee6c5f897d99,M25,3,6.86,4.36135282828,20
14,37db2b79f652ee6c5f897d99,M26,3,5.19,3.79870488456,20
14,37db2b79f652ee6c5f897d99,M27,3,7.14,4.53551423232,30
14,37db2b79f652ee6c5f897d99,M28,3,5.76,3.85125988745,30
14,37db2b79f652ee6c5f897d99,M29,3,6.92,4.71478795238,30
14,37db2b79f652ee6c5f897d99,M30,3,4.56,3.0485233582,21
15,dc48fc379a6c61beca713ed3,M01,3,1.9,4.11879075613,10
15,dc48fc379a6c61beca713ed3,M02,3,1.75,3.83574221501,15
15,dc48fc379a6c61beca713ed3,M03,3,2.14,4.09022944156,21
15,dc48fc379a6c61beca713ed3,M04,3,1.75,3.8031323269,21
15,dc48fc379a6c61beca713ed3,M05,3,1.85,3.56591026573,21
15,dc48fc379a6c61beca713ed3,M06,3,2.32,5.03642689755,21
15,dc48fc379a6c61beca713ed3,M07,3,2.13,4.53069405628,30
15,dc48fc379a6c61beca713ed3,M08,3,1.55,4.17729380231,30
15,dc48fc379a6c61beca713ed3,M09,3,1.22,3.67380094161,30
15,dc48fc379a6c61beca713ed3,M10,3,2.01,4.48614397258,30
15,dc48fc379a6c61beca713ed3,M11,3,1.81,4.16133562338,30
15,dc48fc379a6c61beca713ed3,M12,3,1.67,4.21960384993,45
15,dc48fc379a6c61beca713ed3,M13,3,2.26,4.82296818182,60
15,dc48fc379a6c61beca713ed3,M14,3,1.29,3.89580791919,60
15,dc48fc379a6c61beca713ed3,M15,3,2.81,5.30459802453,60
15,dc48fc379a6c61beca713ed3,M16,3,2.24,7.11593408947,100
15,dc48fc379a6c61beca713ed3,M17,3,1.34,2.82456044533,14
15,dc48fc379a6c61beca713ed3,M18,3,1.83,4.13845968831,21
15,dc48fc379a6c61beca713ed3,M19,3,2.24,4.15495786891,21
15,dc48fc379a6c61beca713ed3,M20,3,1.43,4.44833479221,20
15,dc48fc379a6c61beca713ed3,M21,3,1.54,4.09781933788,21
15,dc48fc379a6c61beca713ed3,M22,3,1.96,5.13536519336,45
15,dc48fc379a6c61beca713ed3,M23,3,0.88,3.84812483405,45
15,dc48fc379a6c61beca713ed3,M24,3,2.41,5.49631159596,45
15,dc48fc379a6c61beca713ed3,M25,3,4.22,5.5535439697,20
15,dc48fc379a6c61beca713ed3,M26,3,2.32,4.46820712266,20
15,dc48fc379a6c61beca713ed3,M27,3,4.87,5.88803321068,30
15,dc48fc379a6c61beca713ed3,M28,3,2.59,4.50765814286,30
15,dc48fc379a6c61beca713ed3,M29,3,5.42,6.0199169697,30
15,dc48fc379a6c61beca713ed3,M30,3,2.98,4.15311838961,21
16,6983229a0e0fe5fb5d401dcc,M01,4,4.92,3.40715124242,10
16,6983229a0e0fe5fb5d401dcc,M02,4,6.27,3.02113481818,15
16,6983229a0e0fe5fb5d401dcc,M03,4,5.49,3.48197380231,21
16,6983229a0e0fe5fb5d401dcc,M04,4,5.24,3.26503184993,21
16,6983229a0e0fe5fb5d401dcc,M05,4,5.12,3.02166719481,21
16,6983229a0e0fe5fb5d401dcc,M06,4,6.95,4.15451260173,21
16,6983229a0e0fe5fb5d401dcc,M07,4,6.92,3.79636733189,30
16,6983229a0e0fe5fb5d401dcc,M08,4,8.38,3.06549314863,30
16,6983229a0e0fe5fb5d401dcc,M09,4,7.44,2.73068336075,30
16,6983229a0e0fe5fb5d401dcc,M10,4,10.19,3.54378869986,30
16,6983229a0e0fe5fb5d401dcc,M11,4,9.36,3.30111194372,30
16,6983229a0e0fe5fb5d401dcc,M12,4,9.7,3.12434072694,45
16,6983229a0e0fe5fb5d401dcc,M13,4,10.44,3.99861584959,60
16,6983229a0e0fe5fb5d401dcc,M14,4,7.63,3.1259513532,60
16,6983229a0e0fe5fb5d401dcc,M15,4,10.7,4.55542976446,60
16,6983229a0e0fe5fb5d401dcc,M16,4,17.04,8.39809571173,100
16,6983229a0e0fe5fb5d401dcc,M17,4,3.58,2.30053595382,14
16,6983229a0e0fe5fb5d401dcc,M18,4,5.71,3.76840029459,21
16,6983229a0e0fe5fb5d401dcc,M19,4,5.07,3.66314562193,21
16,6983229a0e0fe5fb5d401dcc,M20,4,6.2,3.76329174858,20
16,6983229a0e0fe5fb5d401dcc,M21,4,5.07,3.72256227872,21
16,6983229a0e0fe5fb5d401dcc,M22,4,9.38,4.41663667111,45
16,6983229a0e0fe5fb5d401dcc,M23,4,7.4,3.26414572583,45
16,6983229a0e0fe5fb5d401dcc,M24,4,9.56,4.80910069986,45
16,6983229a0e0fe5fb5d401dcc,M25,4,7.16,4.32188608369,20
16,6983229a0e0fe5fb5d401dcc,M26,4,4.9,3.55614418326,20
16,6983229a0e0fe5fb5d401dcc,M27,4,7.72,4.76987166822,30
16,6983229a0e0fe5fb5d401dcc,M28,4,5.69,3.63142928716,30
16,6983229a0e0fe5fb5d401dcc,M29,4,7.79,4.99760015296,30
16,6983229a0e0fe5fb5d401dcc,M30,4,4.27,3.46976070707,21
17,e23aae84b93938a0352fa862,M01,0,4.13,2.70756937463,10
17,e23aae84b93938a0352fa862,M02,0,4.55,2.57612598413,15
17,e23aae84b93938a0352fa862,M03,0,4.59,2.86017693506,21
17,e23aae84b93938a0352fa862,M04,0,4.15,2.71534028549,21
17,e23aae84b93938a0352fa862,M05,0,3.82,2.65070138217,21
17,e23aae84b93938a0352fa862,M06,0,5.84,3.37272670374,21
17,e23aae84b93938a0352fa862,M07,0,5.18,3.20464687446,30
17,e23aae84b93938a0352fa862,M08,0,4.85,2.58781691631,30
17,e23aae84b93938a0352fa862,M09,0,3.27,2.41722334488,30
17,e23aae84b93938a0352fa862,M10,0,6.48,2.87674819192,30
17,e23aae84b93938a0352fa862,M11,0,4.59,2.73039566955,30
17,e23aae84b93938a0352fa862,M12,0,4.81,2.61791118038,45
17,e23aae84b93938a0352fa862,M13,0,6.23,3.06947663215,60
17,e23aae84b93938a0352fa862,M14,0,3.78,2.48166195815,60
17,e23aae84b93938a0352fa862,M15,0,6.68,3.63300336297,60
17,e23aae84b93938a0352fa862,M16,0,7.32,4.33616800899,100
17,e23aae84b93938a0352fa862,M17,0,2.08,2.08928207937,14
17,e23aae84b93938a0352fa862,M18,0,4.76,2.95135273715,21
17,e23aae84b93938a0352fa862,M19,0,4.45,3.05498383838,21
17,e23aae84b93938a0352fa862,M20,0,4.29,3.15069035764,20
17,e23aae84b93938a0352fa862,M21,0,4.35,2.95432484826,21
17,e23aae84b93938a0352fa862,M22,0,5.93,3.65799428716,45
17,e23aae84b93938a0352fa862,M23,0,3.36,2.8883612331,45
17,e23aae84b93938a0352fa862,M24,0,6.38,3.98219557798,45
17,e23aae84b93938a0352fa862,M25,0,6.67,3.93265135465,20
17,e23aae84b93938a0352fa862,M26,0,4.7,3.40550744012,20
17,e23aae84b93938a0352fa862,M27,0,7.09,4.41072329759,30
17,e23aae84b93938a0352fa862,M28,0,5.29,3.6326191443,30
17,e23aae84b93938a0352fa862,M29,0,7.06,4.64727143146,30
17,e23aae84b93938a0352fa862,M30,0,4.59,3.12937614574,21
18,b4fed703cda493a4827fa37b,M01,0,5.92,6.43563289427,10
18,b4fed703cda493a4827fa37b,M02,0,7.72,8.33112275685,15
18,b4fed703cda493a4827fa37b,M03,0,6.89,8.25007865917,21
18,b4fed703cda493a4827fa37b,M04,0,6.43,7.95328772267,21
18,b4fed703cda493a4827fa37b,M05,0,6.33,7.89951286841,21
18,b4fed703cda493a4827fa37b,M06,0,8.77,10.6135688534,21
18,b4fed703cda493a4827fa37b,M07,0,8.98,11.3783115442,30
18,b4fed703cda493a4827fa37b,M08,0,12.2,15.7282611302,30
18,b4fed703cda493a4827fa37b,M09,0,11.16,15.0758012691,30
18,b4fed703cda493a4827fa37b,M10,0,14.08,16.2167430927,30
18,b4fed703cda493a4827fa37b,M11,0,13.12,15.8221559819,30
18,b4fed703cda493a4827fa37b,M12,0,15.64,19.9996485519,45
18,b4fed703cda493a4827fa37b,M13,0,15.35,19.6058980165,60
18,b4fed703cda493a4827fa37b,M14,0,12.37,18.1249723311,60
18,b4fed703cda493a4827fa37b,M15,0,15.34,19.8972735836,60
18,b4fed703cda493a4827fa37b,M16,0,32.02,43.8427833175,100
18,b4fed703cda493a4827fa37b,M17,0,5.12,6.28499725142,14
18,b4fed703cda493a4827fa37b,M18,0,6.98,8.06893348052,21
18,b4fed703cda493a4827fa37b,M19,0,5.56,6.79662165923,21
18,b4fed703cda493a4827fa37b,M20,0,7.19,9.28005715729,20
18,b4fed703cda493a4827fa37b,M21,0,5.49,6.83428146753,21
18,b4fed703cda493a4827fa37b,M22,0,11.04,15.4765488257,45
18,b4fed703cda493a4827fa37b,M23,0,9.18,13.4425450596,45
18,b4fed703cda493a4827fa37b,M24,0,11.21,15.5844068214,45
18,b4fed703cda493a4827fa37b,M25,0,11.62,12.2738314785,20
18,b4fed703cda493a4827fa37b,M26,0,10,11.3813102929,20
18,b4fed703cda493a4827fa37b,M27,0,11.66,14.4393612269,30
18,b4fed703cda493a4827fa37b,M28,0,9.59,12.9723911497,30
18,b4fed703cda493a4827fa37b,M29,0,11.46,14.4652166526,30
18,b4fed703cda493a4827fa37b,M30,0,6.93,8.27281997663,21
19,ac149acd23b05351f726234b,M01,1,3.36,4.50545510845,10
19,ac149acd23b05351f726234b,M02,1,2.79,5.15791164147,15
19,ac149acd23b05351f726234b,M03,1,3.88,4.85709035098,21
19,ac149acd23b05351f726234b,M04,1,3.15,4.71118672061,21
19,ac149acd23b05351f726234b,M05,1,2.97,4.48572693773,21
19,ac149acd23b05351f726234b,M06,1,4.73,6.31464397403,21
19,ac149acd23b05351f726234b,M07,1,3.95,6.18706808225,30
19,ac149acd23b05351f726234b,M08,1,2.79,7.69595900433,30
19,ac149acd23b05351f726234b,M09,1,2.17,7.17634065879,30
19,ac149acd23b05351f726234b,M10,1,4.01,8.09622493085,30
19,ac149acd23b05351f726234b,M11,1,3.18,7.703757998,30
19,ac149acd23b05351f726234b,M12,1,2.79,8.64725725785,45
19,ac149acd23b05351f726234b,M13,1,4.47,8.92123837041,60
19,ac149acd23b05351f726234b,M14,1,2.43,7.4756885489,60
19,ac149acd23b05351f726234b,M15,1,4.96,9.0961900515,60
19,ac149acd23b05351f726234b,M16,1,4.61,15.8442126454,100
19,ac149acd23b05351f726234b,M17,1,1.78,3.71723595527,14
19,ac149acd23b05351f726234b,M18,1,4.5,5.00672472161,21
19,ac149acd23b05351f726234b,M19,1,3.79,4.69134993828,21
19,ac149acd23b05351f726234b,M20,1,3.8,5.78764102098,20
19,ac149acd23b05351f726234b,M21,1,4.17,4.86971157509,21
19,ac149acd23b05351f726234b,M22,1,4.32,7.99090887068,45
19,ac149acd23b05351f726234b,M23,1,2.19,6.73511907581,45
19,ac149acd23b05351f726234b,M24,1,5.36,8.02655554024,45
19,ac149acd23b05351f726234b,M25,1,5.27,6.54343362049,20
19,ac149acd23b05351f726234b,M26,1,3.39,6.02052584704,20
19,ac149acd23b05351f726234b,M27,1,5.97,7.74883083772,30
19,ac149acd23b05351f726234b,M28,1,3.95,6.54459576557,30
19,ac149acd23b05351f726234b,M29,1,6.06,7.7141645419,30
19,ac149acd23b05351f726234b,M30,1,3.2,4.75717849018,21
20,2e969e332007bc99ca627155,M01,4,1.36,3.20921348152,10
20,2e969e332007bc99ca627155,M02,4,0.93,3.03497061538,15
20,2e969e332007bc99ca627155,M03,4,1.38,3.29127216162,21
20,2e969e332007bc99ca627155,M04,4,1.38,3.1235841251,21
20,2e969e332007bc99ca627155,M05,4,1.32,2.94549793651,21
20,2e969e332007bc99ca627155,M06,4,1.44,3.91634586969,21
20,2e969e332007bc99ca627155,M07,4,1.38,3.66786274104,30
20,2e969e332007bc99ca627155,M08,4,0.92,3.41217673671,30
20,2e969e332007bc99ca627155,M09,4,0.93,3.00985649739,30
20,2e969e332007bc99ca627155,M10,4,1.37,3.81586853757,30
20,2e969e332007bc99ca627155,M11,4,1.33,3.50804747863,30
20,2e969e332007bc99ca627155,M12,4,0.93,3.51357072372,45
20,2e969e332007bc99ca627155,M13,4,1.27,4.08483166911,60
20,2e969e332007bc99ca627155,M14,4,0.75,3.21301842247,60
20,2e969e332007bc99ca627155,M15,4,1.6,4.55945578555,60
20,2e969e332007bc99ca627155,M16,4,1.25,5.01419173737,100
20,2e969e332007bc99ca627155,M17,4,0.92,2.2161187265,14
20,2e969e332007bc99ca627155,M18,4,1.48,3.43972309113,21
20,2e969e332007bc99ca627155,M19,4,1.39,3.45855792208,21
20,2e969e332007bc99ca627155,M20,4,0.68,3.44644375036,20
20,2e969e332007bc99ca627155,M21,4,1.47,3.45980286891,21
20,2e969e332007bc99ca627155,M22,4,1.27,4.59266613919,45
20,2e969e332007bc99ca627155,M23,4,0.77,3.55811016805,45
20,2e969e332007bc99ca627155,M24,4,1.63,5.02449148363,45
20,2e969e332007bc99ca627155,M25,4,5.16,3.43434719603,20
20,2e969e332007bc99ca627155,M26,4,3.17,2.8432979768,20
20,2e969e332007bc99ca627155,M27,4,5.88,4.18957812576,30
20,2e969e332007bc99ca627155,M28,4,3.83,3.14871811289,30
20,2e969e332007bc99ca627155,M29,4,4.89,4.57155935742,30
20,2e969e332007bc99ca627155,M30,4,2.44,3.11526096825,21
21,f3235c534d97f6bc0f007674,M01,4,7.56,6.05646684538,10
21,f3235c534d97f6bc0f007674,M02,4,9.96,7.85193260595,15
21,f3235c534d97f6bc0f007674,M03,4,10.42,7.60390191753,21
21,f3235c534d97f6bc0f007674,M04,4,9.41,7.23564395072,21
21,f3235c534d97f6bc0f007674,M05,4,9.45,6.96522083383,21
21,f3235c534d97f6bc0f007674,M06,4,13,9.48147804906,21
21,f3235c534d97f6bc0f007674,M07,4,14.14,10.1868638254,30
21,f3235c534d97f6bc0f007674,M08,4,18.44,13.6179184271,30
21,f3235c534d97f6bc0f007674,M09,4,16.96,12.9160446664,30
21,f3235c534d97f6bc0f007674,M10,4,20.28,14.2442461241,30
21,f3235c534d97f6bc0f007674,M11,4,19.12,13.6626227285,30
21,f3235c534d97f6bc0f007674,M12,4,25.84,17.7685310052,45
21,f3235c534d97f6bc0f007674,M13,4,26.01,17.2440986159,60
21,f3235c534d97f6bc0f007674,M14,4,21.9,15.750871489,60
21,f3235c534d97f6bc0f007674,M15,4,26.48,17.7197963227,60
21,f3235c534d97f6bc0f007674,M16,4,53.73,34.7905001313,100
21,f3235c534d97f6bc0f007674,M17,4,7.33,5.40546776546,14
21,f3235c534d97f6bc0f007674,M18,4,9.98,7.31686398679,21
21,f3235c534d97f6bc0f007674,M19,4,8.69,6.12443582429,21
21,f3235c534d97f6bc0f007674,M20,4,10.71,8.09640792274,20
21,f3235c534d97f6bc0f007674,M21,4,8,6.02915888778,21
21,f3235c534d97f6bc0f007674,M22,4,19.09,12.498499938,45
21,f3235c534d97f6bc0f007674,M23,4,15.69,11.1892577864,45
21,f3235c534d97f6bc0f007674,M24,4,19.99,12.738615746,45
21,f3235c534d97f6bc0f007674,M25,4,14.48,11.301949484,20
21,f3235c534d97f6bc0f007674,M26,4,12.99,10.4560026407,20
21,f3235c534d97f6bc0f007674,M27,4,16.89,12.2576834154,30
21,f3235c534d97f6bc0f007674,M28,4,14.59,10.8614960907,30
21,f3235c534d97f6bc0f007674,M29,4,16.97,12.3286036133,30
21,f3235c534d97f6bc0f007674,M30,4,10.46,7.64609396515,21
23,8742336b8c952dfbe6485e45,M01,4,6.74,6.06730195937,10
23,8742336b8c952dfbe6485e45,M02,4,8.97,7.58036678788,15
23,8742336b8c952dfbe6485e45,M03,4,8.72,7.25459684393,21
23,8742336b8c952dfbe6485e45,M04,4,8.05,6.72772878044,21
23,8742336b8c952dfbe6485e45,M05,4,7.99,6.38344787857,21
23,8742336b8c952dfbe6485e45,M06,4,10.99,9.32132365057,21
23,8742336b8c952dfbe6485e45,M07,4,11.69,9.8071790575,30
23,8742336b8c952dfbe6485e45,M08,4,15.81,13.4523492121,30
23,8742336b8c952dfbe6485e45,M09,4,14.69,12.7379483983,30
23,8742336b8c952dfbe6485e45,M10,4,17.59,14.3778039507,30
23,8742336b8c952dfbe6485e45,M11,4,16.76,13.824229818,30
23,8742336b8c952dfbe6485e45,M12,4,21.59,17.2365645733,45
23,8742336b8c952dfbe6485e45,M13,4,21.04,16.5682376183,60
23,8742336b8c952dfbe6485e45,M14,4,17.33,14.2579231212,60
23,8742336b8c952dfbe6485e45,M15,4,21.47,17.2599262875,60
23,8742336b8c952dfbe6485e45,M16,4,46.65,34.2756010375,100
23,8742336b8c952dfbe6485e45,M17,4,6.41,5.50198516883,14
23,8742336b8c952dfbe6485e45,M18,4,8.66,6.95071654668,21
23,8742336b8c952dfbe6485e45,M19,4,7.26,5.89830965923,21
23,8742336b8c952dfbe6485e45,M20,4,9.53,7.98087312909,20
23,8742336b8c952dfbe6485e45,M21,4,7.02,5.82440094494,21
23,8742336b8c952dfbe6485e45,M22,4,15.98,12.3893138548,45
23,8742336b8c952dfbe6485e45,M23,4,13.25,10.3576278775,45
23,8742336b8c952dfbe6485e45,M24,4,16.5,12.6115400366,45
23,8742336b8c952dfbe6485e45,M25,4,13.2,11.2898247148,20
23,8742336b8c952dfbe6485e45,M26,4,11.77,10.1971597389,20
23,8742336b8c952dfbe6485e45,M27,4,14.5,12.3299405455,30
23,8742336b8c952dfbe6485e45,M28,4,12.31,10.4105695603,30
23,8742336b8c952dfbe6485e45,M29,4,14.54,12.4491778658,30
23,8742336b8c952dfbe6485e45,M30,4,8.75,7.24288484393,21
24,e7732197de6d851c1ed1bd48,M25,4,12.53,11.4802981807,20
24,e7732197de6d851c1ed1bd48,M26,4,11.11,10.5782174131,20
24,e7732197de6d851c1ed1bd48,M27,4,13.27,12.1643906809,30
24,e7732197de6d851c1ed1bd48,M28,4,11.26,10.6763303807,30
24,e7732197de6d851c1ed1bd48,M29,4,13.1,12.1503967258,30
24,e7732197de6d851c1ed1bd48,M30,4,7.87,7.46658579487,21
25,a36f54566b3e72a686c53426,M01,2,1.27,3.37650836985,10
25,a36f54566b3e72a686c53426,M02,2,0.9,3.45095921634,15
25,a36f54566b3e72a686c53426,M03,2,1.35,3.6336416801,21
25,a36f54566b3e72a686c53426,M04,2,1.36,3.53048961372,21
25,a36f54566b3e72a686c53426,M05,2,1.35,3.45163098457,21
25,a36f54566b3e72a686c53426,M06,2,1.43,4.27809462193,21
25,a36f54566b3e72a686c53426,M07,2,1.35,4.31180662482,30
25,a36f54566b3e72a686c53426,M08,2,0.9,4.43566589599,30
25,a36f54566b3e72a686c53426,M09,2,0.91,4.24165113131,30
25,a36f54566b3e72a686c53426,M10,2,1.35,4.68828810667,30
25,a36f54566b3e72a686c53426,M11,2,1.32,4.52153114175,30
25,a36f54566b3e72a686c53426,M12,2,0.9,5.1703811186,45
25,a36f54566b3e72a686c53426,M13,2,1.27,5.54649365296,60
25,a36f54566b3e72a686c53426,M14,2,0.75,4.93578363564,60
25,a36f54566b3e72a686c53426,M15,2,1.6,6.0647227129,60
25,a36f54566b3e72a686c53426,M16,2,1.25,10.0882860101,100
25,a36f54566b3e72a686c53426,M17,2,0.9,2.81990291608,14
25,a36f54566b3e72a686c53426,M18,2,1.44,3.82094620535,21
25,a36f54566b3e72a686c53426,M19,2,1.36,3.66818255123,21
25,a36f54566b3e72a686c53426,M20,2,0.59,4.07027817449,20
25,a36f54566b3e72a686c53426,M21,2,1.4,3.70755998701,21
25,a36f54566b3e72a686c53426,M22,2,1.23,5.0806070585,45
25,a36f54566b3e72a686c53426,M23,2,0.75,4.37483277567,45
25,a36f54566b3e72a686c53426,M24,2,1.56,5.3977434067,45
25,a36f54566b3e72a686c53426,M25,2,3.54,4.47993337951,20
25,a36f54566b3e72a686c53426,M26,2,2.02,4.13955697824,20
25,a36f54566b3e72a686c53426,M27,2,3.76,5.07223399645,30
25,a36f54566b3e72a686c53426,M28,2,2.17,4.43629636586,30
25,a36f54566b3e72a686c53426,M29,2,4.98,5.38889907437,30
25,a36f54566b3e72a686c53426,M30,2,2.55,3.63169123565,21
26,27c58396e87680d42d13063f,M01,1,6.01,5.96508577056,10
26,27c58396e87680d42d13063f,M02,1,7.68,7.46176583472,15
26,27c58396e87680d42d13063f,M03,1,6.93,7.20092337074,21
26,27c58396e87680d42d13063f,M04,1,6.17,6.8540382694,21
26,27c58396e87680d42d13063f,M05,1,6.13,6.68000989555,21
26,27c58396e87680d42d13063f,M06,1,8.8,9.31125050794,21
26,27c58396e87680d42d13063f,M07,1,8.87,9.80049958586,30
26,27c58396e87680d42d13063f,M08,1,11.64,12.6205946915,30
26,27c58396e87680d42d13063f,M09,1,9.77,11.9784195135,30
26,27c58396e87680d42d13063f,M10,1,13.65,13.0458131302,30
26,27c58396e87680d42d13063f,M11,1,12.19,12.6277744174,30
26,27c58396e87680d42d13063f,M12,1,14.43,15.683003691,45
26,27c58396e87680d42d13063f,M13,1,14.56,15.3575059204,60
26,27c58396e87680d42d13063f,M14,1,11.23,13.5007590426,60
26,27c58396e87680d42d13063f,M15,1,14.69,15.6849242942,60
26,27c58396e87680d42d13063f,M16,1,27.4,39.1221455732,100
26,27c58396e87680d42d13063f,M17,1,3.25,5.44338209213,14
26,27c58396e87680d42d13063f,M18,1,5.6,7.03329996903,21
26,27c58396e87680d42d13063f,M19,1,5.33,6.2732090585,21
26,27c58396e87680d42d13063f,M20,1,5.24,8.37578571506,20
26,27c58396e87680d42d13063f,M21,1,4.48,6.17857262993,21
26,27c58396e87680d42d13063f,M22,1,7.46,12.0812047429,45
26,27c58396e87680d42d13063f,M23,1,6.34,10.4951019392,45
26,27c58396e87680d42d13063f,M24,1,7.26,12.1351388122,45
26,27c58396e87680d42d13063f,M25,1,12.08,10.4715427908,20
26,27c58396e87680d42d13063f,M26,1,10.36,9.8121323925,20
26,27c58396e87680d42d13063f,M27,1,12.32,11.6991320188,30
26,27c58396e87680d42d13063f,M28,1,10.07,10.350669075,30
26,27c58396e87680d42d13063f,M29,1,12.16,11.719689733,30
26,27c58396e87680d42d13063f,M30,1,7.37,7.16217335986,21
27,76c4529644e0b71c67b057ff,M25,0,15.65,15.22236073,20
27,76c4529644e0b71c67b057ff,M26,0,14.42,14.217561463,20
27,76c4529644e0b71c67b057ff,M27,0,19.69,19.0891473029,30
27,76c4529644e0b71c67b057ff,M28,0,17.86,17.3977961645,30
27,76c4529644e0b71c67b057ff,M29,0,19.79,19.0147411572,30
27,76c4529644e0b71c67b057ff,M30,0,12.54,11.8238334127,21
28,8efe873c7ea952bb6b580341,M01,1,5.49,3.72640846609,10
28,8efe873c7ea952bb6b580341,M02,1,7.2,3.99208792785,15
28,8efe873c7ea952bb6b580341,M03,1,6.27,3.9154045267,21
28,8efe873c7ea952bb6b580341,M04,1,5.8,3.85134398846,21
28,8efe873c7ea952bb6b580341,M05,1,5.65,3.7015804026,21
28,8efe873c7ea952bb6b580341,M06,1,7.93,4.94395391331,21
28,8efe873c7ea952bb6b580341,M07,1,8.08,4.7819927417,30
28,8efe873c7ea952bb6b580341,M08,1,10.85,5.2240935742,30
28,8efe873c7ea952bb6b580341,M09,1,9.55,4.85109754101,30
28,8efe873c7ea952bb6b580341,M10,1,12.65,5.43576065446,30
28,8efe873c7ea952bb6b580341,M11,1,11.52,5.13569952026,30
28,8efe873c7ea952bb6b580341,M12,1,13.51,6.06348055245,45
28,8efe873c7ea952bb6b580341,M13,1,13.34,6.57744093962,60
28,8efe873c7ea952bb6b580341,M14,1,10.44,5.69097092252,60
28,8efe873c7ea952bb6b580341,M15,1,13.56,6.78914588722,60
28,8efe873c7ea952bb6b580341,M16,1,25.79,11.4582214675,100
28,8efe873c7ea952bb6b580341,M17,1,4.31,2.93805884127,14
28,8efe873c7ea952bb6b580341,M18,1,6.32,4.33646019769,21
28,8efe873c7ea952bb6b580341,M19,1,5.31,4.17738959307,21
28,8efe873c7ea952bb6b580341,M20,1,7.01,4.77467520058,20
28,8efe873c7ea952bb6b580341,M21,1,5.29,4.37311919192,21
28,8efe873c7ea952bb6b580341,M22,1,10.68,6.21383905361,45
28,8efe873c7ea952bb6b580341,M23,1,8.87,5.29984774936,45
28,8efe873c7ea952bb6b580341,M24,1,10.75,6.34415423787,45
28,8efe873c7ea952bb6b580341,M25,1,10.8,4.4031687094,20
28,8efe873c7ea952bb6b580341,M26,1,9.05,3.87192906482,20
28,8efe873c7ea952bb6b580341,M27,1,10.46,5.46902740582,30
28,8efe873c7ea952bb6b580341,M28,1,8.58,4.61362871362,30
28,8efe873c7ea952bb6b580341,M29,1,10.34,5.59854326651,30
28,8efe873c7ea952bb6b580341,M30,1,6.28,3.62283265224,21
29,e863ae07267316f831b4c0a3,M01,0,6.27,6.42468792713,10
29,e863ae07267316f831b4c0a3,M02,0,8.27,8.58531469259,15
29,e863ae07267316f831b4c0a3,M03,0,7.64,8.31764437224,21
29,e863ae07267316f831b4c0a3,M04,0,7,7.93080456815,21
29,e863ae07267316f831b4c0a3,M05,0,6.97,7.78526688561,21
29,e863ae07267316f831b4c0a3,M06,0,9.69,10.142634456,21
29,e863ae07267316f831b4c0a3,M07,0,10.05,10.9459571154,30
29,e863ae07267316f831b4c0a3,M08,0,13.78,15.4442394026,30
29,e863ae07267316f831b4c0a3,M09,0,12.58,14.6830749596,30
29,e863ae07267316f831b4c0a3,M10,0,15.62,16.1117094271,30
29,e863ae07267316f831b4c0a3,M11,0,14.68,15.6575991284,30
29,e863ae07267316f831b4c0a3,M12,0,18.26,19.7500097729,45
29,e863ae07267316f831b4c0a3,M13,0,17.68,19.2357096209,60
29,e863ae07267316f831b4c0a3,M14,0,14.34,16.7019221949,60
29,e863ae07267316f831b4c0a3,M15,0,17.83,19.7018934224,60
29,e863ae07267316f831b4c0a3,M16,0,38.9,39.9584851198,100
29,e863ae07267316f831b4c0a3,M17,0,5.63,6.0755311645,14
29,e863ae07267316f831b4c0a3,M18,0,7.61,8.08238633655,21
29,e863ae07267316f831b4c0a3,M19,0,6.5,6.74442360462,21
29,e863ae07267316f831b4c0a3,M20,0,8.66,8.97133325785,20
29,e863ae07267316f831b4c0a3,M21,0,6.35,6.75115343001,21
29,e863ae07267316f831b4c0a3,M22,0,13.9,15.0004316956,45
29,e863ae07267316f831b4c0a3,M23,0,11.55,12.5476644295,45
29,e863ae07267316f831b4c0a3,M24,0,14.28,15.1136212165,45
29,e863ae07267316f831b4c0a3,M25,0,12.36,12.2376844906,20
29,e863ae07267316f831b4c0a3,M26,0,10.8,11.1673902063,20
29,e863ae07267316f831b4c0a3,M27,0,12.88,14.1643041913,30
29,e863ae07267316f831b4c0a3,M28,0,10.71,12.1375178973,30
29,e863ae07267316f831b4c0a3,M29,0,12.75,14.1893202806,30
29,e863ae07267316f831b4c0a3,M30,0,7.66,8.29850638067,21
31,87bd4c8586b4b78f83e43895,M01,0,5.14,5.34344998091,10
31,87bd4c8586b4b78f83e43895,M02,0,6.63,6.50657527561,15
31,87bd4c8586b4b78f83e43895,M03,0,6.09,6.0291976589,21
31,87bd4c8586b4b78f83e43895,M04,0,5.48,5.74711038073,21
31,87bd4c8586b4b78f83e43895,M05,0,5.27,5.63800291464,21
31,87bd4c8586b4b78f83e43895,M06,0,7.11,8.02298086924,21
31,87bd4c8586b4b78f83e43895,M07,0,7.64,8.24070930214,30
31,87bd4c8586b4b78f83e43895,M08,0,8.38,11.1036345714,30
31,87bd4c8586b4b78f83e43895,M09,0,6.26,10.3853394822,30
31,87bd4c8586b4b78f83e43895,M10,0,10.92,11.4966274286,30
31,87bd4c8586b4b78f83e43895,M11,0,8.62,10.9719276734,30
31,87bd4c8586b4b78f83e43895,M12,0,9.09,14.6411270774,45
31,87bd4c8586b4b78f83e43895,M13,0,7.9,13.928468744,60
31,87bd4c8586b4b78f83e43895,M14,0,7.85,12.594356101,60
31,87bd4c8586b4b78f83e43895,M15,0,6.17,14.5732003155,60
31,87bd4c8586b4b78f83e43895,M16,0,12.51,31.3434731328,100
31,87bd4c8586b4b78f83e43895,M17,0,3.87,4.89394988789,14
31,87bd4c8586b4b78f83e43895,M18,0,6.03,6.27865929559,21
31,87bd4c8586b4b78f83e43895,M19,0,5.01,5.37441108147,21
31,87bd4c8586b4b78f83e43895,M20,0,6.06,7.38277164358,20
31,87bd4c8586b4b78f83e43895,M21,0,5.05,5.41319631235,21
31,87bd4c8586b4b78f83e43895,M22,0,9.31,10.8527044714,45
31,87bd4c8586b4b78f83e43895,M23,0,6.95,9.4531131655,45
31,87bd4c8586b4b78f83e43895,M24,0,9.92,11.1938400173,45
31,87bd4c8586b4b78f83e43895,M25,0,8.81,9.77588238384,20
31,87bd4c8586b4b78f83e43895,M26,0,6.03,8.76244945599,20
31,87bd4c8586b4b78f83e43895,M27,0,8.64,10.3563381746,30
31,87bd4c8586b4b78f83e43895,M28,0,6.37,9.14055447042,30
31,87bd4c8586b4b78f83e43895,M29,0,9.51,10.6347851573,30
31,87bd4c8586b4b78f83e43895,M30,0,5.4,6.00185180175,21
32,1db51764879da07a9a804f89,M01,3,3.62,4.9135766241,10
32,1db51764879da07a9a804f89,M02,3,3.04,5.75227681313,15
32,1db51764879da07a9a804f89,M03,3,4.02,5.21270787374,21
32,1db51764879da07a9a804f89,M04,3,3.21,5.11742455195,21
32,1db51764879da07a9a804f89,M05,3,2.76,4.95484305267,21
32,1db51764879da07a9a804f89,M06,3,5.05,6.79965156566,21
32,1db51764879da07a9a804f89,M07,3,4.19,6.60719466067,30
32,1db51764879da07a9a804f89,M08,3,3.05,7.98242026696,30
32,1db51764879da07a9a804f89,M09,3,2.21,7.37154336075,30
32,1db51764879da07a9a804f89,M10,3,4.38,8.42186841703,30
32,1db51764879da07a9a804f89,M11,3,3.12,8.02912216883,30
32,1db51764879da07a9a804f89,M12,3,3,8.44441398124,45
32,1db51764879da07a9a804f89,M13,3,4.75,8.6607531241,60
32,1db51764879da07a9a804f89,M14,3,2.61,7.72835441126,60
32,1db51764879da07a9a804f89,M15,3,5.23,8.86497736508,60
32,1db51764879da07a9a804f89,M16,3,5.02,14.3184586205,100
32,1db51764879da07a9a804f89,M17,3,1.72,3.49476719769,14
32,1db51764879da07a9a804f89,M18,3,4.5,5.43898979293,21
32,1db51764879da07a9a804f89,M19,3,4.23,5.08218670418,21
32,1db51764879da07a9a804f89,M20,3,4.49,6.33916185981,20
32,1db51764879da07a9a804f89,M21,3,4.45,5.14110121573,21
32,1db51764879da07a9a804f89,M22,3,6.56,8.26365562271,45
32,1db51764879da07a9a804f89,M23,3,3.92,7.08024748418,45
32,1db51764879da07a9a804f89,M24,3,6.98,8.32395793151,45
32,1db51764879da07a9a804f89,M25,3,1.43,7.35414008736,20
32,1db51764879da07a9a804f89,M26,3,0.84,6.47050034133,20
32,1db51764879da07a9a804f89,M27,3,1.74,7.83243685381,30
32,1db51764879da07a9a804f89,M28,3,0.85,6.69626262848,30
32,1db51764879da07a9a804f89,M29,3,2.62,7.80105222011,30
32,1db51764879da07a9a804f89,M30,3,1.46,5.19403552392,21
33,267de3c8ac980a5b10b9c703,M01,2,1.74,2.14030104074,10
33,267de3c8ac980a5b10b9c703,M02,2,1.33,1.96578722078,15
33,267de3c8ac980a5b10b9c703,M03,2,1.96,2.20218431924,21
33,267de3c8ac980a5b10b9c703,M04,2,1.46,2.15723469153,21
33,267de3c8ac980a5b10b9c703,M05,2,1.73,2.13946229471,21
33,267de3c8ac980a5b10b9c703,M06,2,2.11,2.55685082828,21
33,267de3c8ac980a5b10b9c703,M07,2,1.97,2.46638719481,30
33,267de3c8ac980a5b10b9c703,M08,2,1.34,1.80971649883,30
33,267de3c8ac980a5b10b9c703,M09,2,1.21,1.69930262948,30
33,267de3c8ac980a5b10b9c703,M10,2,1.97,2.05216882495,30
33,267de3c8ac980a5b10b9c703,M11,2,1.84,1.95620730603,30
33,267de3c8ac980a5b10b9c703,M12,2,1.33,1.87882766045,45
33,267de3c8ac980a5b10b9c703,M13,2,1.93,2.22823623532,60
33,267de3c8ac980a5b10b9c703,M14,2,0.98,1.75281383128,60
33,267de3c8ac980a5b10b9c703,M15,2,2.67,2.71967795183,60
33,267de3c8ac980a5b10b9c703,M16,2,1.91,6.24345200344,100
33,267de3c8ac980a5b10b9c703,M17,2,0.94,1.56104657176,14
33,267de3c8ac980a5b10b9c703,M18,2,1.7,2.26757911977,21
33,267de3c8ac980a5b10b9c703,M19,2,2.04,2.34867147186,21
33,267de3c8ac980a5b10b9c703,M20,2,1.24,2.11757766123,20
33,267de3c8ac980a5b10b9c703,M21,2,1.6,2.25844084704,21
33,267de3c8ac980a5b10b9c703,M22,2,1.75,2.52750425119,45
33,267de3c8ac980a5b10b9c703,M23,2,0.95,1.88042383128,45
33,267de3c8ac980a5b10b9c703,M24,2,3.22,2.81165704462,45
33,267de3c8ac980a5b10b9c703,M25,2,2.36,3.07919548551,20
33,267de3c8ac980a5b10b9c703,M26,2,1.06,2.80685144156,20
33,267de3c8ac980a5b10b9c703,M27,2,2.51,3.27046024531,30
33,267de3c8ac980a5b10b9c703,M28,2,1.03,2.6908042684,30
33,267de3c8ac980a5b10b9c703,M29,2,3.92,3.5137059677,30
33,267de3c8ac980a5b10b9c703,M30,2,1.98,2.49619457898,21
34,3577ec1a80f55e1baa422693,M01,4,6.42,5.43518337762,10
34,3577ec1a80f55e1baa422693,M02,4,8.38,6.78377060506,15
34,3577ec1a80f55e1baa422693,M03,4,7.8,5.82137844156,21
34,3577ec1a80f55e1baa422693,M04,4,7.03,5.68211201876,21
34,3577ec1a80f55e1baa422693,M05,4,6.99,5.52166339105,21
34,3577ec1a80f55e1baa422693,M06,4,9.95,7.98184197403,21
34,3577ec1a80f55e1baa422693,M07,4,10.21,8.11203451515,30
34,3577ec1a80f55e1baa422693,M08,4,13.69,11.1932169394,30
34,3577ec1a80f55e1baa422693,M09,4,12.17,10.3072544412,30
34,3577ec1a80f55e1baa422693,M10,4,15.68,11.7149185051,30
34,3577ec1a80f55e1baa422693,M11,4,14.53,11.0861176522,30
34,3577ec1a80f55e1baa422693,M12,4,17.81,12.9285536152,45
34,3577ec1a80f55e1baa422693,M13,4,17.66,12.512448823,60
34,3577ec1a80f55e1baa422693,M14,4,14.02,11.4826616931,60
34,3577ec1a80f55e1baa422693,M15,4,17.95,13.0177109231,60
34,3577ec1a80f55e1baa422693,M16,4,37.06,22.5836656753,100
34,3577ec1a80f55e1baa422693,M17,4,5.56,4.50500419625,14
34,3577ec1a80f55e1baa422693,M18,4,7.62,5.90943166522,21
34,3577ec1a80f55e1baa422693,M19,4,6.43,5.35509300144,21
34,3577ec1a80f55e1baa422693,M20,4,8.4,7.64937607548,20
34,3577ec1a80f55e1baa422693,M21,4,6.19,5.47092352381,21
34,3577ec1a80f55e1baa422693,M22,4,13.42,10.804483355,45
34,3577ec1a80f55e1baa422693,M23,4,11.06,9.42446437374,45
34,3577ec1a80f55e1baa422693,M24,4,13.78,10.838185737,45
34,3577ec1a80f55e1baa422693,M25,4,12.52,8.60757608658,20
34,3577ec1a80f55e1baa422693,M26,4,10.8,7.90927516739,20
34,3577ec1a80f55e1baa422693,M27,4,13.05,9.2816670101,30
34,3577ec1a80f55e1baa422693,M28,4,10.71,8.22267857864,30
34,3577ec1a80f55e1baa422693,M29,4,13.04,9.31359537196,30
34,3577ec1a80f55e1baa422693,M30,4,7.81,5.67119835786,21
35,81b5b6388a6be51a7a64d27f,M01,2,8.18,6.83109460029,10
35,81b5b6388a6be51a7a64d27f,M02,2,10.78,9.37285357986,15
35,81b5b6388a6be51a7a64d27f,M03,2,12.1,9.33254999256,21
35,81b5b6388a6be51a7a64d27f,M04,2,11.04,9.06383838384,21
35,81b5b6388a6be51a7a64d27f,M05,2,11.19,9.05477916017,21
35,81b5b6388a6be51a7a64d27f,M06,2,14.89,11.9823290289,21
35,81b5b6388a6be51a7a64d27f,M07,2,16.75,13.2743200635,30
35,81b5b6388a6be51a7a64d27f,M08,2,21.09,17.5294241198,30
35,81b5b6388a6be51a7a64d27f,M09,2,19.61,16.8611905577,30
35,81b5b6388a6be51a7a64d27f,M10,2,22.78,18.0782159062,30
35,81b5b6388a6be51a7a64d27f,M11,2,21.73,17.6270897958,30
35,81b5b6388a6be51a7a64d27f,M12,2,30.42,22.8676195945,45
35,81b5b6388a6be51a7a64d27f,M13,2,31.54,22.4200931732,60
35,81b5b6388a6be51a7a64d27f,M14,2,27.74,20.7291932919,60
35,81b5b6388a6be51a7a64d27f,M15,2,31.95,22.8618621183,60
35,81b5b6388a6be51a7a64d27f,M16,2,60.35,48.7971981111,100
35,81b5b6388a6be51a7a64d27f,M17,2,8.28,6.77026230447,14
35,81b5b6388a6be51a7a64d27f,M18,2,11.5,9.12673617172,21
35,81b5b6388a6be51a7a64d27f,M19,2,10.73,7.46968785448,21
35,81b5b6388a6be51a7a64d27f,M20,2,12.57,9.67421248152,20
35,81b5b6388a6be51a7a64d27f,M21,2,9.05,7.42115988045,21
35,81b5b6388a6be51a7a64d27f,M22,2,24.68,17.0668154772,45
35,81b5b6388a6be51a7a64d27f,M23,2,19.35,15.2052633877,45
35,81b5b6388a6be51a7a64d27f,M24,2,25.7,17.2279434538,45
35,81b5b6388a6be51a7a64d27f,M25,2,15.5,13.3882660765,20
35,81b5b6388a6be51a7a64d27f,M26,2,14.14,12.7876912089,20
35,81b5b6388a6be51a7a64d27f,M27,2,19.16,15.962220768,30
35,81b5b6388a6be51a7a64d27f,M28,2,17.06,14.5564162125,30
35,81b5b6388a6be51a7a64d27f,M29,2,17.93,15.9546909206,30
35,81b5b6388a6be51a7a64d27f,M30,2,12.15,9.36095724653,21
37,7e22cb18273d1125b6e9f516,M01,4,3.7,4.40772144988,10
37,7e22cb18273d1125b6e9f516,M02,4,3.63,5.14147401243,15
37,7e22cb18273d1125b6e9f516,M03,4,4.22,4.7490036125,21
37,7e22cb18273d1125b6e9f516,M04,4,3.74,4.60370173016,21
37,7e22cb18273d1125b6e9f516,M05,4,3.49,4.41381717749,21
37,7e22cb18273d1125b6e9f516,M06,4,5.33,6.42736699856,21
37,7e22cb18273d1125b6e9f516,M07,4,4.42,6.4033608153,30
37,7e22cb18273d1125b6e9f516,M08,4,3.68,7.73066165079,30
37,7e22cb18273d1125b6e9f516,M09,4,2.42,7.17431690332,30
37,7e22cb18273d1125b6e9f516,M10,4,4.87,8.01930245455,30
37,7e22cb18273d1125b6e9f516,M11,4,3.6,7.50550968687,30
37,7e22cb18273d1125b6e9f516,M12,4,3.48,8.05597277417,45
37,7e22cb18273d1125b6e9f516,M13,4,5.14,8.09281270635,60
37,7e22cb18273d1125b6e9f516,M14,4,3,7.40384990548,60
37,7e22cb18273d1125b6e9f516,M15,4,5.55,8.47494784055,60
37,7e22cb18273d1125b6e9f516,M16,4,5.64,13.1752773452,100
37,7e22cb18273d1125b6e9f516,M17,4,1.83,3.30955889288,14
37,7e22cb18273d1125b6e9f516,M18,4,4.55,4.80446118271,21
37,7e22cb18273d1125b6e9f516,M19,4,4.17,4.63297346187,21
37,7e22cb18273d1125b6e9f516,M20,4,4.17,5.91238994805,20
37,7e22cb18273d1125b6e9f516,M21,4,4.22,4.65337646842,21
37,7e22cb18273d1125b6e9f516,M22,4,5.28,7.57216044877,45
37,7e22cb18273d1125b6e9f516,M23,4,2.76,6.78759925253,45
37,7e22cb18273d1125b6e9f516,M24,4,5.74,7.74544551515,45
37,7e22cb18273d1125b6e9f516,M25,4,2.69,7.52452379409,20
37,7e22cb18273d1125b6e9f516,M26,4,1.53,6.85185042236,20
37,7e22cb18273d1125b6e9f516,M27,4,2.92,7.99197982828,30
37,7e22cb18273d1125b6e9f516,M28,4,1.66,7.16813182107,30
37,7e22cb18273d1125b6e9f516,M29,4,4.44,8.04514106494,30
37,7e22cb18273d1125b6e9f516,M30,4,2.17,4.75273805839,21
38,025d82d93173ecb6ae20cb79,M25,4,16.44,14.8494874747,20
38,025d82d93173ecb6ae20cb79,M26,4,15.17,14.1381290476,20
38,025d82d93173ecb6ae20cb79,M27,4,21.16,18.6260532367,30
38,025d82d93173ecb6ae20cb79,M28,4,19.39,17.1158982453,30
38,025d82d93173ecb6ae20cb79,M29,4,20.03,18.6781100433,30
38,025d82d93173ecb6ae20cb79,M30,4,13.74,11.6194352251,21
39,32b4a6a7cbc6bc4e42d3e216,M01,2,6.22,6.14085293395,10
39,32b4a6a7cbc6bc4e42d3e216,M02,2,8.27,8.165575496,15
39,32b4a6a7cbc6bc4e42d3e216,M03,2,7.65,7.82843333372,21
39,32b4a6a7cbc6bc4e42d3e216,M04,2,7.08,7.45200561799,21
39,32b4a6a7cbc6bc4e42d3e216,M05,2,6.96,7.16207750832,21
39,32b4a6a7cbc6bc4e42d3e216,M06,2,9.58,9.95022834776,21
39,32b4a6a7cbc6bc4e42d3e216,M07,2,10.06,10.5095898716,30
39,32b4a6a7cbc6bc4e42d3e216,M08,2,13.73,13.6731609885,30
39,32b4a6a7cbc6bc4e42d3e216,M09,2,12.64,12.931603632,30
39,32b4a6a7cbc6bc4e42d3e216,M10,2,15.6,14.4054925123,30
39,32b4a6a7cbc6bc4e42d3e216,M11,2,14.67,13.8321686465,30
39,32b4a6a7cbc6bc4e42d3e216,M12,2,18.07,17.2882082151,45
39,32b4a6a7cbc6bc4e42d3e216,M13,2,17.28,16.8057430477,60
39,32b4a6a7cbc6bc4e42d3e216,M14,2,13.98,15.2202282711,60
39,32b4a6a7cbc6bc4e42d3e216,M15,2,17.79,17.244241407,60
39,32b4a6a7cbc6bc4e42d3e216,M16,2,37.17,38.7484741573,100
39,32b4a6a7cbc6bc4e42d3e216,M17,2,5.66,5.83020133944,14
39,32b4a6a7cbc6bc4e42d3e216,M18,2,7.69,7.7098023547,21
39,32b4a6a7cbc6bc4e42d3e216,M19,2,6.25,6.29176629582,21
39,32b4a6a7cbc6bc4e42d3e216,M20,2,8.27,8.67846129582,20
39,32b4a6a7cbc6bc4e42d3e216,M21,2,6.14,6.24413213709,21
39,32b4a6a7cbc6bc4e42d3e216,M22,2,13.09,12.6076642294,45
39,32b4a6a7cbc6bc4e42d3e216,M23,2,10.93,10.8448549495,45
39,32b4a6a7cbc6bc4e42d3e216,M24,2,13.48,12.8072542439,45
39,32b4a6a7cbc6bc4e42d3e216,M25,2,12.25,12.0669277143,20
39,32b4a6a7cbc6bc4e42d3e216,M26,2,10.71,10.950632215,20
39,32b4a6a7cbc6bc4e42d3e216,M27,2,12.7,12.3992732294,30
39,32b4a6a7cbc6bc4e42d3e216,M28,2,10.54,10.8099814603,30
39,32b4a6a7cbc6bc4e42d3e216,M29,2,12.77,12.5283462352,30
39,32b4a6a7cbc6bc4e42d3e216,M30,2,7.67,7.81126199606,21
40,be488e74b9d5fd8fc60a7d96,M01,2,4.65,5.52262981718,10
40,be488e74b9d5fd8fc60a7d96,M02,2,6.02,6.94167861472,15
40,be488e74b9d5fd8fc60a7d96,M03,2,5.23,6.21004227317,21
40,be488e74b9d5fd8fc60a7d96,M04,2,5.01,5.85338371184,21
40,be488e74b9d5fd8fc60a7d96,M05,2,4.88,5.68742972916,21
40,be488e74b9d5fd8fc60a7d96,M06,2,6.63,8.05926656943,21
40,be488e74b9d5fd8fc60a7d96,M07,2,6.58,8.23706201465,30
40,be488e74b9d5fd8fc60a7d96,M08,2,8.1,11.0306586278,30
40,be488e74b9d5fd8fc60a7d96,M09,2,7.15,10.255870293,30
40,be488e74b9d5fd8fc60a7d96,M10,2,9.7,11.7205383232,30
40,be488e74b9d5fd8fc60a7d96,M11,2,8.77,11.1619851833,30
40,be488e74b9d5fd8fc60a7d96,M12,2,9.47,13.4686167994,45
40,be488e74b9d5fd8fc60a7d96,M13,2,9.89,13.2115423449,60
40,be488e74b9d5fd8fc60a7d96,M14,2,7.11,11.9933571111,60
40,be488e74b9d5fd8fc60a7d96,M15,2,9.8,13.4463157359,60
40,be488e74b9d5fd8fc60a7d96,M16,2,16.73,26.0909244018,100
40,be488e74b9d5fd8fc60a7d96,M17,2,3.29,4.65561260606,14
40,be488e74b9d5fd8fc60a7d96,M18,2,5.42,6.13821699034,21
40,be488e74b9d5fd8fc60a7d96,M19,2,4.65,5.49412515007,21
40,be488e74b9d5fd8fc60a7d96,M20,2,5.5,7.45645660317,20
40,be488e74b9d5fd8fc60a7d96,M21,2,4.66,5.47951135498,21
40,be488e74b9d5fd8fc60a7d96,M22,2,7.9,10.5884095267,45
40,be488e74b9d5fd8fc60a7d96,M23,2,6.24,9.19991137807,45
40,be488e74b9d5fd8fc60a7d96,M24,2,7.89,10.4717489928,45
40,be488e74b9d5fd8fc60a7d96,M25,2,8.87,10.0604110928,20
40,be488e74b9d5fd8fc60a7d96,M26,2,7.02,9.38962281285,20
40,be488e74b9d5fd8fc60a7d96,M27,2,8.55,10.3727844574,30
40,be488e74b9d5fd8fc60a7d96,M28,2,7.07,9.09994648485,30
40,be488e74b9d5fd8fc60a7d96,M29,2,8.23,10.2547156097,30
40,be488e74b9d5fd8fc60a7d96,M30,2,5.24,6.14822847552,21
42,f1ade222212d6fb05f2db5bc,M01,4,5.27,5.86092912199,10
42,f1ade222212d6fb05f2db5bc,M02,4,6.89,7.3214002977,15
42,f1ade222212d6fb05f2db5bc,M03,4,5.93,6.84767698268,21
42,f1ade222212d6fb05f2db5bc,M04,4,5.58,6.61193288545,21
42,f1ade222212d6fb05f2db5bc,M05,4,5.47,6.45290090132,21
42,f1ade222212d6fb05f2db5bc,M06,4,7.51,8.98179210967,21
42,f1ade222212d6fb05f2db5bc,M07,4,7.63,9.57291299423,30
42,f1ade222212d6fb05f2db5bc,M08,4,10.16,12.629892348,30
42,f1ade222212d6fb05f2db5bc,M09,4,9.11,11.9019512583,30
42,f1ade222212d6fb05f2db5bc,M10,4,11.87,13.1020832253,30
42,f1ade222212d6fb05f2db5bc,M11,4,10.9,12.642012752,30
42,f1ade222212d6fb05f2db5bc,M12,4,12.56,15.421035176,45
42,f1ade222212d6fb05f2db5bc,M13,4,12.56,15.1387287821,60
42,f1ade222212d6fb05f2db5bc,M14,4,9.87,13.9152600202,60
42,f1ade222212d6fb05f2db5bc,M15,4,12.44,15.4782769885,60
42,f1ade222212d6fb05f2db5bc,M16,4,24.3,27.8099510563,100
42,f1ade222212d6fb05f2db5bc,M17,4,4.17,5.10792198046,14
42,f1ade222212d6fb05f2db5bc,M18,4,6.06,6.82371494583,21
42,f1ade222212d6fb05f2db5bc,M19,4,5.16,5.76251321296,21
42,f1ade222212d6fb05f2db5bc,M20,4,6.55,8.01375124442,20
42,f1ade222212d6fb05f2db5bc,M21,4,5.14,5.84424857804,21
42,f1ade222212d6fb05f2db5bc,M22,4,9.89,12.3993223203,45
42,f1ade222212d6fb05f2db5bc,M23,4,8.1,11.0791317273,45
42,f1ade222212d6fb05f2db5bc,M24,4,9.94,12.4904857951,45
42,f1ade222212d6fb05f2db5bc,M25,4,10.37,10.5383704098,20
42,f1ade222212d6fb05f2db5bc,M26,4,8.62,9.84572832323,20
42,f1ade222212d6fb05f2db5bc,M27,4,9.9,11.8100155094,30
42,f1ade222212d6fb05f2db5bc,M28,4,8.2,10.6493944073,30
42,f1ade222212d6fb05f2db5bc,M29,4,9.63,11.904201417,30
42,f1ade222212d6fb05f2db5bc,M30,4,5.95,6.85456812554,21
43,7f4d6eb0a9092987a5326f08,M01,3,7.07,6.8955508759,10
43,7f4d6eb0a9092987a5326f08,M02,3,9.37,9.50127682173,15
43,7f4d6eb0a9092987a5326f08,M03,3,9.46,9.46141792419,21
43,7f4d6eb0a9092987a5326f08,M04,3,8.74,9.16245827217,21
43,7f4d6eb0a9092987a5326f08,M05,3,8.76,9.14211858242,21
43,7f4d6eb0a9092987a5326f08,M06,3,12.02,12.0010007561,21
43,7f4d6eb0a9092987a5326f08,M07,3,12.85,13.3531536306,30
43,7f4d6eb0a9092987a5326f08,M08,3,17.14,17.7373197398,30
43,7f4d6eb0a9092987a5326f08,M09,3,16.03,17.0351211183,30
43,7f4d6eb0a9092987a5326f08,M10,3,18.89,18.3338895148,30
43,7f4d6eb0a9092987a5326f08,M11,3,18.02,18.0462926186,30
43,7f4d6eb0a9092987a5326f08,M12,3,23.91,23.3965394107,45
43,7f4d6eb0a9092987a5326f08,M13,3,24.02,23.1153716012,60
43,7f4d6eb0a9092987a5326f08,M14,3,20.36,21.1809743127,60
43,7f4d6eb0a9092987a5326f08,M15,3,23.9,23.3117701885,60
43,7f4d6eb0a9092987a5326f08,M16,3,51.58,48.8565314141,100
43,7f4d6eb0a9092987a5326f08,M17,3,6.94,6.80190494805,14
43,7f4d6eb0a9092987a5326f08,M18,3,9.32,9.27218413509,21
43,7f4d6eb0a9092987a5326f08,M19,3,7.2,7.85906690765,21
43,7f4d6eb0a9092987a5326f08,M20,3,9.35,9.86086707648,20
43,7f4d6eb0a9092987a5326f08,M21,3,6.9,7.71304377778,21
43,7f4d6eb0a9092987a5326f08,M22,3,15.49,17.6421848437,45
43,7f4d6eb0a9092987a5326f08,M23,3,13.01,15.7120640058,45
43,7f4d6eb0a9092987a5326f08,M24,3,15.88,17.8988560616,45
43,7f4d6eb0a9092987a5326f08,M25,3,13.81,13.2965940087,20
43,7f4d6eb0a9092987a5326f08,M26,3,12.47,12.4680937071,20
43,7f4d6eb0a9092987a5326f08,M27,3,15.78,15.3843081501,30
43,7f4d6eb0a9092987a5326f08,M28,3,13.69,14.1641581494,30
43,7f4d6eb0a9092987a5326f08,M29,3,15.58,15.4050667096,30
43,7f4d6eb0a9092987a5326f08,M30,3,9.53,9.47000868609,21
47,56fa096b85beceab80fd1c4e,M01,4,7.23,6.08644042557,10
47,56fa096b85beceab80fd1c4e,M02,4,9.54,7.88240808802,15
47,56fa096b85beceab80fd1c4e,M03,4,9.71,7.36976439671,21
47,56fa096b85beceab80fd1c4e,M04,4,8.88,7.00269329293,21
47,56fa096b85beceab80fd1c4e,M05,4,8.92,6.81067546465,21
47,56fa096b85beceab80fd1c4e,M06,4,12.33,9.36033914574,21
47,56fa096b85beceab80fd1c4e,M07,4,13.14,9.93130671429,30
47,56fa096b85beceab80fd1c4e,M08,4,17.42,14.0641421789,30
47,56fa096b85beceab80fd1c4e,M09,4,16.16,13.0467962002,30
47,56fa096b85beceab80fd1c4e,M10,4,19.22,14.9719871775,30
47,56fa096b85beceab80fd1c4e,M11,4,18.29,14.2941164084,30
47,56fa096b85beceab80fd1c4e,M12,4,24.22,17.6808500539,45
47,56fa096b85beceab80fd1c4e,M13,4,24.43,17.168750735,60
47,56fa096b85beceab80fd1c4e,M14,4,20.46,14.777651328,60
47,56fa096b85beceab80fd1c4e,M15,4,24.59,17.6103412776,60
47,56fa096b85beceab80fd1c4e,M16,4,51.76,34.6928150534,100
47,56fa096b85beceab80fd1c4e,M17,4,6.99,5.35247866367,14
47,56fa096b85beceab80fd1c4e,M18,4,9.47,7.31524133045,21
47,56fa096b85beceab80fd1c4e,M19,4,7.81,6.07276550649,21
47,56fa096b85beceab80fd1c4e,M20,4,9.99,8.45615779865,20
47,56fa096b85beceab80fd1c4e,M21,4,7.39,6.06519706782,21
47,56fa096b85beceab80fd1c4e,M22,4,17.17,13.3873684317,45
47,56fa096b85beceab80fd1c4e,M23,4,14.37,11.2106947316,45
47,56fa096b85beceab80fd1c4e,M24,4,17.82,13.5452487477,45
47,56fa096b85beceab80fd1c4e,M25,4,14.03,11.4801561977,20
47,56fa096b85beceab80fd1c4e,M26,4,12.58,10.2849597141,20
47,56fa096b85beceab80fd1c4e,M27,4,16.08,12.4591442756,30
47,56fa096b85beceab80fd1c4e,M28,4,13.84,10.5457735601,30
47,56fa096b85beceab80fd1c4e,M29,4,16.04,12.5276742799,30
47,56fa096b85beceab80fd1c4e,M30,4,9.74,7.31332473415,21
48,abc7a286c25bfc8ab683f22c,M01,1,5.47,5.63476238672,10
48,abc7a286c25bfc8ab683f22c,M02,1,6.73,6.92314852381,15
48,abc7a286c25bfc8ab683f22c,M03,1,6.17,6.47758722111,21
48,abc7a286c25bfc8ab683f22c,M04,1,5.53,6.21741545843,21
48,abc7a286c25bfc8ab683f22c,M05,1,5.32,5.7825684087,21
48,abc7a286c25bfc8ab683f22c,M06,1,7.86,8.75021876945,21
48,abc7a286c25bfc8ab683f22c,M07,1,7.65,9.04083501909,30
48,abc7a286c25bfc8ab683f22c,M08,1,10.47,11.8542773665,30
48,abc7a286c25bfc8ab683f22c,M09,1,9.16,11.0607441645,30
48,abc7a286c25bfc8ab683f22c,M10,1,11.04,12.4362067547,30
48,abc7a286c25bfc8ab683f22c,M11,1,10.9,11.7646527013,30
48,abc7a286c25bfc8ab683f22c,M12,1,14.13,13.8988917128,45
48,abc7a286c25bfc8ab683f22c,M13,1,12.5,13.436742626,60
48,abc7a286c25bfc8ab683f22c,M14,1,10.64,12.132409766,60
48,abc7a286c25bfc8ab683f22c,M15,1,14.12,13.8067329033,60
48,abc7a286c25bfc8ab683f22c,M16,1,19.18,30.8968880725,100
48,abc7a286c25bfc8ab683f22c,M17,1,4.52,5.24228630014,14
48,abc7a286c25bfc8ab683f22c,M18,1,6.65,6.54138150716,21
48,abc7a286c25bfc8ab683f22c,M19,1,5.17,5.56704512554,21
48,abc7a286c25bfc8ab683f22c,M20,1,6.66,7.62074946298,20
48,abc7a286c25bfc8ab683f22c,M21,1,5.16,5.53191695027,21
48,abc7a286c25bfc8ab683f22c,M22,1,10.33,10.8688349596,45
48,abc7a286c25bfc8ab683f22c,M23,1,8.2,9.31725686869,45
48,abc7a286c25bfc8ab683f22c,M24,1,10.93,11.0851681847,45
48,abc7a286c25bfc8ab683f22c,M25,1,10.28,10.1446972395,20
48,abc7a286c25bfc8ab683f22c,M26,1,7.9,9.42906737807,20
48,abc7a286c25bfc8ab683f22c,M27,1,9.9,10.5880288961,30
48,abc7a286c25bfc8ab683f22c,M28,1,7.8,9.16165991631,30
48,abc7a286c25bfc8ab683f22c,M29,1,10.67,10.7918063117,30
48,abc7a286c25bfc8ab683f22c,M30,1,5.78,6.44066933222,21
49,dddb83856cd5a1813573467f,M01,0,6.39,5.37839555389,10
49,dddb83856cd5a1813573467f,M02,0,8.42,6.7128932684,15
49,dddb83856cd5a1813573467f,M03,0,7.8,5.72885150072,21
49,dddb83856cd5a1813573467f,M04,0,7.05,5.6079570575,21
49,dddb83856cd5a1813573467f,M05,0,6.9,5.39910891897,21
49,dddb83856cd5a1813573467f,M06,0,9.91,7.82163106005,21
49,dddb83856cd5a1813573467f,M07,0,10.32,7.93031926485,30
49,dddb83856cd5a1813573467f,M08,0,14.27,11.1649495125,30
49,dddb83856cd5a1813573467f,M09,0,12.95,9.9946084914,30
49,dddb83856cd5a1813573467f,M10,0,16.07,11.6073908184,30
49,dddb83856cd5a1813573467f,M11,0,14.78,10.8111897901,30
49,dddb83856cd5a1813573467f,M12,0,19.15,13.3288169012,45
49,dddb83856cd5a1813573467f,M13,0,18.31,13.0991758478,60
49,dddb83856cd5a1813573467f,M14,0,15,11.6101767252,60
49,dddb83856cd5a1813573467f,M15,0,18.5,13.3909403615,60
49,dddb83856cd5a1813573467f,M16,0,41.29,26.233155596,100
49,dddb83856cd5a1813573467f,M17,0,5.62,4.19145169408,14
49,dddb83856cd5a1813573467f,M18,0,7.65,5.90194653369,21
49,dddb83856cd5a1813573467f,M19,0,6.42,5.31310787435,21
49,dddb83856cd5a1813573467f,M20,0,8.49,7.45423775469,20
49,dddb83856cd5a1813573467f,M21,0,6.14,5.50350828694,21
49,dddb83856cd5a1813573467f,M22,0,13.47,10.7846314877,45
49,dddb83856cd5a1813573467f,M23,0,11.3,9.6227914329,45
49,dddb83856cd5a1813573467f,M24,0,13.91,10.9797465247,45
49,dddb83856cd5a1813573467f,M25,0,11.93,8.59771180575,20
49,dddb83856cd5a1813573467f,M26,0,10.36,7.71646843756,20
49,dddb83856cd5a1813573467f,M27,0,12.11,9.16794359207,30
49,dddb83856cd5a1813573467f,M28,0,10.05,8.14003083827,30
49,dddb83856cd5a1813573467f,M29,0,12,9.21157399267,30
49,dddb83856cd5a1813573467f,M30,0,7.07,5.575179997,21
51,8462267483bc8dc0c5eb0740,M01,0,6.49,6.77060100577,10
51,8462267483bc8dc0c5eb0740,M02,0,8.62,9.38105508802,15
51,8462267483bc8dc0c5eb0740,M03,0,8.17,9.41279064935,21
51,8462267483bc8dc0c5eb0740,M04,0,7.47,9.08134706638,21
51,8462267483bc8dc0c5eb0740,M05,0,7.43,9.04758495527,21
51,8462267483bc8dc0c5eb0740,M06,0,10.34,11.7920274358,21
51,8462267483bc8dc0c5eb0740,M07,0,10.9,13.1065567617,30
51,8462267483bc8dc0c5eb0740,M08,0,15.02,17.591519186,30
51,8462267483bc8dc0c5eb0740,M09,0,13.93,16.7619812963,30
51,8462267483bc8dc0c5eb0740,M10,0,16.73,18.1641231129,30
51,8462267483bc8dc0c5eb0740,M11,0,15.89,17.6551428692,30
51,8462267483bc8dc0c5eb0740,M12,0,20.5,23.7989932672,45
51,8462267483bc8dc0c5eb0740,M13,0,19.62,23.5242604153,60
51,8462267483bc8dc0c5eb0740,M14,0,16.25,21.4225853863,60
51,8462267483bc8dc0c5eb0740,M15,0,19.84,23.7693310828,60
51,8462267483bc8dc0c5eb0740,M16,0,44.74,44.2376039917,100
51,8462267483bc8dc0c5eb0740,M17,0,6.01,6.69623543434,14
51,8462267483bc8dc0c5eb0740,M18,0,8.09,9.17371007937,21
51,8462267483bc8dc0c5eb0740,M19,0,6.21,7.29463867244,21
51,8462267483bc8dc0c5eb0740,M20,0,8.43,9.59039432401,20
51,8462267483bc8dc0c5eb0740,M21,0,6,7.24066600289,21
51,8462267483bc8dc0c5eb0740,M22,0,13.12,16.9577955214,45
51,8462267483bc8dc0c5eb0740,M23,0,11.27,14.8925064787,45
51,8462267483bc8dc0c5eb0740,M24,0,13.25,17.2277256996,45
51,8462267483bc8dc0c5eb0740,M25,0,12.78,13.2139268943,20
51,8462267483bc8dc0c5eb0740,M26,0,11.36,12.3846754993,20
51,8462267483bc8dc0c5eb0740,M27,0,13.72,15.4595890707,30
51,8462267483bc8dc0c5eb0740,M28,0,11.6,14.0895239456,30
51,8462267483bc8dc0c5eb0740,M29,0,13.62,15.5294562944,30
51,8462267483bc8dc0c5eb0740,M30,0,8.19,9.41747206782,21
53,de76339ba27df16100871511,M01,0,3.38,4.54843409746,10
53,de76339ba27df16100871511,M02,0,3.93,5.55651569691,15
53,de76339ba27df16100871511,M03,0,4.11,4.77950593284,21
53,de76339ba27df16100871511,M04,0,3.84,4.74698560384,21
53,de76339ba27df16100871511,M05,0,3.52,4.53216174093,21
53,de76339ba27df16100871511,M06,0,5.49,6.61695573393,21
53,de76339ba27df16100871511,M07,0,4.46,6.35541712121,30
53,de76339ba27df16100871511,M08,0,3.94,6.93422373593,30
53,de76339ba27df16100871511,M09,0,2.9,6.2829192381,30
53,de76339ba27df16100871511,M10,0,5.54,7.25994439827,30
53,de76339ba27df16100871511,M11,0,4.28,6.73580319625,30
53,de76339ba27df16100871511,M12,0,3.97,7.57235125108,45
53,de76339ba27df16100871511,M13,0,5.59,7.81552908525,60
53,de76339ba27df16100871511,M14,0,3.67,6.50597192363,60
53,de76339ba27df16100871511,M15,0,5.59,8.07296579165,60
53,de76339ba27df16100871511,M16,0,6.85,19.0402250543,100
53,de76339ba27df16100871511,M17,0,1.84,3.48565383694,14
53,de76339ba27df16100871511,M18,0,4.51,5.06116656699,21
53,de76339ba27df16100871511,M19,0,4.16,4.73675495094,21
53,de76339ba27df16100871511,M20,0,4.24,6.08054114741,20
53,de76339ba27df16100871511,M21,0,4.14,4.84372699134,21
53,de76339ba27df16100871511,M22,0,5.41,7.45673978155,45
53,de76339ba27df16100871511,M23,0,3.14,6.29986878877,45
53,de76339ba27df16100871511,M24,0,5.54,7.60278251315,45
53,de76339ba27df16100871511,M25,0,6.3,6.9601880494,20
53,de76339ba27df16100871511,M26,0,4.76,5.92985033278,20
53,de76339ba27df16100871511,M27,0,6.72,6.91697867921,30
53,de76339ba27df16100871511,M28,0,5.26,5.74668889133,30
53,de76339ba27df16100871511,M29,0,6.49,7.07350733866,30
53,de76339ba27df16100871511,M30,0,4.69,4.50218420269,21
54,1fbd74bab3e102b26979a15d,M01,3,6.95,5.77098603752,10
54,1fbd74bab3e102b26979a15d,M02,3,9.32,6.95740115662,15
54,1fbd74bab3e102b26979a15d,M03,3,9.36,6.35326497625,21
54,1fbd74bab3e102b26979a15d,M04,3,8.58,6.10858801665,21
54,1fbd74bab3e102b26979a15d,M05,3,8.47,5.94815983838,21
54,1fbd74bab3e102b26979a15d,M06,3,11.66,8.21284997691,21
54,1fbd74bab3e102b26979a15d,M07,3,12.67,8.14872691631,30
54,1fbd74bab3e102b26979a15d,M08,3,16.97,11.2161686258,30
54,1fbd74bab3e102b26979a15d,M09,3,15.81,10.5096446254,30
54,1fbd74bab3e102b26979a15d,M10,3,18.69,11.6485864908,30
54,1fbd74bab3e102b26979a15d,M11,3,17.71,11.1738450652,30
54,1fbd74bab3e102b26979a15d,M12,3,23.66,13.1573882987,45
54,1fbd74bab3e102b26979a15d,M13,3,23.09,12.9192954347,60
54,1fbd74bab3e102b26979a15d,M14,3,19.41,11.5626334488,60
54,1fbd74bab3e102b26979a15d,M15,3,23.49,13.1337843564,60
54,1fbd74bab3e102b26979a15d,M16,3,50.35,26.9029162626,100
54,1fbd74bab3e102b26979a15d,M17,3,6.73,4.3384424127,14
54,1fbd74bab3e102b26979a15d,M18,3,9.19,6.23425255023,21
54,1fbd74bab3e102b26979a15d,M19,3,5.99,5.71761743512,21
54,1fbd74bab3e102b26979a15d,M20,3,10.45,7.2239726327,20
54,1fbd74bab3e102b26979a15d,M21,3,7.65,5.71324588245,21
54,1fbd74bab3e102b26979a15d,M22,3,18.33,10.6285681742,45
54,1fbd74bab3e102b26979a15d,M23,3,15.35,9.44123852237,45
54,1fbd74bab3e102b26979a15d,M24,3,18.65,10.6206782482,45
54,1fbd74bab3e102b26979a15d,M25,3,13.62,10.24884102,20
54,1fbd74bab3e102b26979a15d,M26,3,12.21,9.2593736539,20
54,1fbd74bab3e102b26979a15d,M27,3,15.35,10.5859349635,30
54,1fbd74bab3e102b26979a15d,M28,3,13.22,9.44711846753,30
54,1fbd74bab3e102b26979a15d,M29,3,15.38,10.4945215291,30
54,1fbd74bab3e102b26979a15d,M30,3,9.38,6.4262529142,21
55,d9401cbf16b2cebc83fd68dc,M01,2,5.39,6.15616603053,10
55,d9401cbf16b2cebc83fd68dc,M02,2,7.21,7.41593742424,15
55,d9401cbf16b2cebc83fd68dc,M03,2,6.3,6.91269574892,21
55,d9401cbf16b2cebc83fd68dc,M04,2,5.76,6.59708119192,21
55,d9401cbf16b2cebc83fd68dc,M05,2,5.45,6.47182534377,21
55,d9401cbf16b2cebc83fd68dc,M06,2,7.76,9.01063392496,21
55,d9401cbf16b2cebc83fd68dc,M07,2,8.11,9.32093291053,30
55,d9401cbf16b2cebc83fd68dc,M08,2,10.91,12.8181795606,30
55,d9401cbf16b2cebc83fd68dc,M09,2,9.45,12.0295765058,30
55,d9401cbf16b2cebc83fd68dc,M10,2,12.73,13.5287916133,30
55,d9401cbf16b2cebc83fd68dc,M11,2,11.12,12.9205557345,30
55,d9401cbf16b2cebc83fd68dc,M12,2,13.56,15.5441879587,45
55,d9401cbf16b2cebc83fd68dc,M13,2,13.3,15.1881471371,60
55,d9401cbf16b2cebc83fd68dc,M14,2,10.39,13.5045974857,60
55,d9401cbf16b2cebc83fd68dc,M15,2,13.5,15.4687301925,60
55,d9401cbf16b2cebc83fd68dc,M16,2,25.91,25.3801063101,100
55,d9401cbf16b2cebc83fd68dc,M17,2,5.47,4.90469371451,14
55,d9401cbf16b2cebc83fd68dc,M18,2,7.59,6.75016954002,21
55,d9401cbf16b2cebc83fd68dc,M19,2,5.28,6.00402023576,21
55,d9401cbf16b2cebc83fd68dc,M20,2,9.12,8.19209437007,20
55,d9401cbf16b2cebc83fd68dc,M21,2,6.59,5.97641403408,21
55,d9401cbf16b2cebc83fd68dc,M22,2,14.79,11.8680069277,45
55,d9401cbf16b2cebc83fd68dc,M23,2,12.29,10.3347299176,45
55,d9401cbf16b2cebc83fd68dc,M24,2,15.29,11.9317871983,45
55,d9401cbf16b2cebc83fd68dc,M25,2,8.83,10.6109179837,20
55,d9401cbf16b2cebc83fd68dc,M26,2,6.8,9.73942358974,20
55,d9401cbf16b2cebc83fd68dc,M27,2,8.55,11.3298152221,30
55,d9401cbf16b2cebc83fd68dc,M28,2,6.99,10.0147927647,30
55,d9401cbf16b2cebc83fd68dc,M29,2,8.71,11.4013313109,30
55,d9401cbf16b2cebc83fd68dc,M30,2,5.17,6.86640297003,21
56,780c412e404e2d3c20298ba1,M25,3,13.86,13.6036513189,20
56,780c412e404e2d3c20298ba1,M26,3,12.55,12.7308335925,20
56,780c412e404e2d3c20298ba1,M27,3,15.99,15.9653250014,30
56,780c412e404e2d3c20298ba1,M28,3,13.99,14.4443128864,30
56,780c412e404e2d3c20298ba1,M29,3,15.68,15.9998373102,30
56,780c412e404e2d3c20298ba1,M30,3,9.82,9.90401665201,21
57,7b782a00d24f8ce3c9b9fbce,M01,2,7.56,7.81372661083,10
57,7b782a00d24f8ce3c9b9fbce,M02,2,10.02,10.5304667565,15
57,7b782a00d24f8ce3c9b9fbce,M03,2,10.68,11.6872460678,21
57,7b782a00d24f8ce3c9b9fbce,M04,2,9.82,11.1595565552,21
57,7b782a00d24f8ce3c9b9fbce,M05,2,9.89,11.2075848568,21
57,7b782a00d24f8ce3c9b9fbce,M06,2,13.36,14.7123927847,21
57,7b782a00d24f8ce3c9b9fbce,M07,2,14.66,16.4472346696,30
57,7b782a00d24f8ce3c9b9fbce,M08,2,19.03,20.6259207749,30
57,7b782a00d24f8ce3c9b9fbce,M09,2,17.81,19.8332120375,30
57,7b782a00d24f8ce3c9b9fbce,M10,2,20.72,21.4769272569,30
57,7b782a00d24f8ce3c9b9fbce,M11,2,19.83,21.2393209524,30
57,7b782a00d24f8ce3c9b9fbce,M12,2,27.09,29.1352562929,45
57,7b782a00d24f8ce3c9b9fbce,M13,2,27.6,29.0570192583,60
57,7b782a00d24f8ce3c9b9fbce,M14,2,23.89,26.9964464673,60
57,7b782a00d24f8ce3c9b9fbce,M15,2,27.74,29.3623942554,60
57,7b782a00d24f8ce3c9b9fbce,M16,2,55.96,55.58944157,100
57,7b782a00d24f8ce3c9b9fbce,M17,2,7.57,7.87830906538,14
57,7b782a00d24f8ce3c9b9fbce,M18,2,10.37,11.1798649059,21
57,7b782a00d24f8ce3c9b9fbce,M19,2,8.67,9.75784519358,21
57,7b782a00d24f8ce3c9b9fbce,M20,2,10.83,11.8203504315,20
57,7b782a00d24f8ce3c9b9fbce,M21,2,8.12,9.47414236797,21
57,7b782a00d24f8ce3c9b9fbce,M22,2,19.44,23.3365118648,45
57,7b782a00d24f8ce3c9b9fbce,M23,2,16.26,21.1770005528,45
57,7b782a00d24f8ce3c9b9fbce,M24,2,20.07,23.5812357667,45
57,7b782a00d24f8ce3c9b9fbce,M25,2,14.56,15.1417399304,20
57,7b782a00d24f8ce3c9b9fbce,M26,2,13.27,14.2597029019,20
57,7b782a00d24f8ce3c9b9fbce,M27,2,17.35,19.1119557095,30
57,7b782a00d24f8ce3c9b9fbce,M28,2,15.28,17.4817979489,30
57,7b782a00d24f8ce3c9b9fbce,M29,2,17.28,19.137430773,30
57,7b782a00d24f8ce3c9b9fbce,M30,2,10.73,11.8560221804,21
58,4b6408684e7ec1b4fb4f8f15,M01,3,4.78,4.83100804018,10
58,4b6408684e7ec1b4fb4f8f15,M02,3,6.23,5.73532850505,15
58,4b6408684e7ec1b4fb4f8f15,M03,3,5.37,5.3513883663,21
58,4b6408684e7ec1b4fb4f8f15,M04,3,5.04,5.21011567077,21
58,4b6408684e7ec1b4fb4f8f15,M05,3,5.03,5.08490177611,21
58,4b6408684e7ec1b4fb4f8f15,M06,3,7.02,6.86476698124,21
58,4b6408684e7ec1b4fb4f8f15,M07,3,6.97,6.84536032179,30
58,4b6408684e7ec1b4fb4f8f15,M08,3,8.64,7.78427950505,30
58,4b6408684e7ec1b4fb4f8f15,M09,3,7.23,7.25848423377,30
58,4b6408684e7ec1b4fb4f8f15,M10,3,10.16,8.08988271284,30
58,4b6408684e7ec1b4fb4f8f15,M11,3,8.93,7.68724105628,30
58,4b6408684e7ec1b4fb4f8f15,M12,3,9.94,8.58365824098,45
58,4b6408684e7ec1b4fb4f8f15,M13,3,10.37,8.74295692641,60
58,4b6408684e7ec1b4fb4f8f15,M14,3,7.81,7.62998272294,60
58,4b6408684e7ec1b4fb4f8f15,M15,3,10.46,9.07817437807,60
58,4b6408684e7ec1b4fb4f8f15,M16,3,17.83,17.7612774098,100
58,4b6408684e7ec1b4fb4f8f15,M17,3,3.39,3.62688495527,14
58,4b6408684e7ec1b4fb4f8f15,M18,3,5.52,5.43593454401,21
58,4b6408684e7ec1b4fb4f8f15,M19,3,4.86,5.04095610101,21
58,4b6408684e7ec1b4fb4f8f15,M20,3,6.25,6.31949253968,20
58,4b6408684e7ec1b4fb4f8f15,M21,3,4.66,5.04963695671,21
58,4b6408684e7ec1b4fb4f8f15,M22,3,8.35,8.07128646609,45
58,4b6408684e7ec1b4fb4f8f15,M23,3,6.87,7.03629652925,45
58,4b6408684e7ec1b4fb4f8f15,M24,3,8.21,8.17893221934,45
58,4b6408684e7ec1b4fb4f8f15,M25,3,5.36,7.76900345055,20
58,4b6408684e7ec1b4fb4f8f15,M26,3,3.59,6.75834504185,20
58,4b6408684e7ec1b4fb4f8f15,M27,3,6.01,7.70922718404,30
58,4b6408684e7ec1b4fb4f8f15,M28,3,4.42,6.71280484527,30
58,4b6408684e7ec1b4fb4f8f15,M29,3,5.85,7.80620773382,30
58,4b6408684e7ec1b4fb4f8f15,M30,3,3.62,5.28804926096,21
60,6a754101c77952c9f22727f1,M01,4,5.95,6.40641379221,10
60,6a754101c77952c9f22727f1,M02,4,7.92,8.62129459507,15
60,6a754101c77952c9f22727f1,M03,4,7.13,8.47219554745,21
60,6a754101c77952c9f22727f1,M04,4,6.55,8.03619146043,21
60,6a754101c77952c9f22727f1,M05,4,6.38,7.87012372294,21
60,6a754101c77952c9f22727f1,M06,4,8.95,10.6275842208,21
60,6a754101c77952c9f22727f1,M07,4,9.34,11.4516914444,30
60,6a754101c77952c9f22727f1,M08,4,12.93,15.5847794302,30
60,6a754101c77952c9f22727f1,M09,4,11.72,14.8130173954,30
60,6a754101c77952c9f22727f1,M10,4,14.69,16.3752310046,30
60,6a754101c77952c9f22727f1,M11,4,13.63,16.0140076813,30
60,6a754101c77952c9f22727f1,M12,4,16.96,20.9106413324,45
60,6a754101c77952c9f22727f1,M13,4,16,20.5007403485,60
60,6a754101c77952c9f22727f1,M14,4,13.09,17.6604103662,60
60,6a754101c77952c9f22727f1,M15,4,16.22,20.8324716975,60
60,6a754101c77952c9f22727f1,M16,4,34.78,39.2864959582,100
60,6a754101c77952c9f22727f1,M17,4,5.17,6.16078571861,14
60,6a754101c77952c9f22727f1,M18,4,7.12,8.30157049639,21
60,6a754101c77952c9f22727f1,M19,4,6.09,6.64493808825,21
60,6a754101c77952c9f22727f1,M20,4,8.45,9.17961420013,20
60,6a754101c77952c9f22727f1,M21,4,5.99,6.62311059618,21
60,6a754101c77952c9f22727f1,M22,4,12.87,14.6250670664,45
60,6a754101c77952c9f22727f1,M23,4,10.87,12.7141972149,45
60,6a754101c77952c9f22727f1,M24,4,12.67,14.7834824358,45
60,6a754101c77952c9f22727f1,M25,4,11.78,12.2908402785,20
60,6a754101c77952c9f22727f1,M26,4,10.26,11.3482244949,20
60,6a754101c77952c9f22727f1,M27,4,11.93,13.8653116578,30
60,6a754101c77952c9f22727f1,M28,4,9.89,12.1551050851,30
60,6a754101c77952c9f22727f1,M29,4,11.82,13.9733093605,30
60,6a754101c77952c9f22727f1,M30,4,7.13,8.42690945466,21
61,b727aabe5a35f85d668e9b3f,M01,3,5.38,5.21186905772,10
61,b727aabe5a35f85d668e9b3f,M02,3,7.08,6.54106385859,15
61,b727aabe5a35f85d668e9b3f,M03,3,6.14,5.60051119769,21
61,b727aabe5a35f85d668e9b3f,M04,3,5.58,5.42458014097,21
61,b727aabe5a35f85d668e9b3f,M05,3,5.49,5.29683704862,21
61,b727aabe5a35f85d668e9b3f,M06,3,7.77,7.5465951746,21
61,b727aabe5a35f85d668e9b3f,M07,3,7.9,7.58228577778,30
61,b727aabe5a35f85d668e9b3f,M08,3,10.6,10.2875411474,30
61,b727aabe5a35f85d668e9b3f,M09,3,8.97,9.26922557576,30
61,b727aabe5a35f85d668e9b3f,M10,3,12.37,10.8378196784,30
61,b727aabe5a35f85d668e9b3f,M11,3,11.07,10.239257925,30
61,b727aabe5a35f85d668e9b3f,M12,3,13.23,11.8933499858,45
61,b727aabe5a35f85d668e9b3f,M13,3,12.98,11.7207977246,60
61,b727aabe5a35f85d668e9b3f,M14,3,10.19,10.4674248689,60
61,b727aabe5a35f85d668e9b3f,M15,3,13.09,11.9119596178,60
61,b727aabe5a35f85d668e9b3f,M16,3,25.09,21.7704112266,100
61,b727aabe5a35f85d668e9b3f,M17,3,4.05,3.8903903229,14
61,b727aabe5a35f85d668e9b3f,M18,3,6.07,5.60785701254,21
61,b727aabe5a35f85d668e9b3f,M19,3,5.43,5.15632547475,21
61,b727aabe5a35f85d668e9b3f,M20,3,7.6,6.71478283261,20
61,b727aabe5a35f85d668e9b3f,M21,3,5.35,5.15047134199,21
61,b727aabe5a35f85d668e9b3f,M22,3,11.16,9.55623340404,45
61,b727aabe5a35f85d668e9b3f,M23,3,9.11,8.13218677212,45
61,b727aabe5a35f85d668e9b3f,M24,3,11.73,9.48672166522,45
61,b727aabe5a35f85d668e9b3f,M25,3,10.51,8.9130878254,20
61,b727aabe5a35f85d668e9b3f,M26,3,8.73,7.84683024986,20
61,b727aabe5a35f85d668e9b3f,M27,3,10.11,9.41875668254,30
61,b727aabe5a35f85d668e9b3f,M28,3,8.33,8.02847813287,30
61,b727aabe5a35f85d668e9b3f,M29,3,9.93,9.28510457021,30
61,b727aabe5a35f85d668e9b3f,M30,3,5.97,5.55547570274,21
63,35a15bff1177570ab88c7499,M01,1,5.33,6.16692788134,10
63,35a15bff1177570ab88c7499,M02,1,6.62,7.70803227672,15
63,35a15bff1177570ab88c7499,M03,1,6.21,7.4479230404,21
63,35a15bff1177570ab88c7499,M04,1,5.48,7.18665802109,21
63,35a15bff1177570ab88c7499,M05,1,5.21,6.77142291142,21
63,35a15bff1177570ab88c7499,M06,1,7.66,9.52820087734,21
63,35a15bff1177570ab88c7499,M07,1,7.47,10.0324060866,30
63,35a15bff1177570ab88c7499,M08,1,10.31,13.2913623611,30
63,35a15bff1177570ab88c7499,M09,1,8.97,12.5700621461,30
63,35a15bff1177570ab88c7499,M10,1,11.75,13.8615628243,30
63,35a15bff1177570ab88c7499,M11,1,10.82,13.3275343726,30
63,35a15bff1177570ab88c7499,M12,1,13.93,16.0240159784,45
63,35a15bff1177570ab88c7499,M13,1,12.3,15.5778612826,60
63,35a15bff1177570ab88c7499,M14,1,10.31,14.0586243057,60
63,35a15bff1177570ab88c7499,M15,1,13.73,16.0109197561,60
63,35a15bff1177570ab88c7499,M16,1,19.75,28.3719412947,100
63,35a15bff1177570ab88c7499,M17,1,4.43,5.77924579332,14
63,35a15bff1177570ab88c7499,M18,1,6.43,7.42555524353,21
63,35a15bff1177570ab88c7499,M19,1,5.57,6.16504671395,21
63,35a15bff1177570ab88c7499,M20,1,7.69,8.05743671373,20
63,35a15bff1177570ab88c7499,M21,1,5.68,6.13753498524,21
63,35a15bff1177570ab88c7499,M22,1,11.85,12.4081329197,45
63,35a15bff1177570ab88c7499,M23,1,9.44,10.530841811,45
63,35a15bff1177570ab88c7499,M24,1,13.24,12.5276683339,45
63,35a15bff1177570ab88c7499,M25,1,10.13,10.8790570332,20
63,35a15bff1177570ab88c7499,M26,1,7.99,10.1019000664,20
63,35a15bff1177570ab88c7499,M27,1,9.74,11.8916442052,30
63,35a15bff1177570ab88c7499,M28,1,7.85,10.1749187504,30
63,35a15bff1177570ab88c7499,M29,1,10.36,11.983138426,30
63,35a15bff1177570ab88c7499,M30,1,5.68,7.42359428571,21
65,d03f670f1f126e5f040b4224,M01,1,5.39,6.11152353968,10
65,d03f670f1f126e5f040b4224,M02,1,7.29,7.55778444444,15
65,d03f670f1f126e5f040b4224,M03,1,6.24,7.20075723865,21
65,d03f670f1f126e5f040b4224,M04,1,5.73,6.84707553669,21
65,d03f670f1f126e5f040b4224,M05,1,5.55,6.71517383317,21
65,d03f670f1f126e5f040b4224,M06,1,7.84,9.10055784416,21
65,d03f670f1f126e5f040b4224,M07,1,8.05,9.2414390404,30
65,d03f670f1f126e5f040b4224,M08,1,11.12,12.4439425006,30
65,d03f670f1f126e5f040b4224,M09,1,9.93,11.7310016862,30
65,d03f670f1f126e5f040b4224,M10,1,12.72,12.9456276536,30
65,d03f670f1f126e5f040b4224,M11,1,11.72,12.4563514905,30
65,d03f670f1f126e5f040b4224,M12,1,14.35,15.9520286306,45
65,d03f670f1f126e5f040b4224,M13,1,13.7,15.5934431905,60
65,d03f670f1f126e5f040b4224,M14,1,11.02,14.0259817994,60
65,d03f670f1f126e5f040b4224,M15,1,13.76,15.8909484401,60
65,d03f670f1f126e5f040b4224,M16,1,28.23,36.0226602918,100
65,d03f670f1f126e5f040b4224,M17,1,4.47,5.47946761472,14
65,d03f670f1f126e5f040b4224,M18,1,6.44,7.05883233677,21
65,d03f670f1f126e5f040b4224,M19,1,4.93,6.27945994517,21
65,d03f670f1f126e5f040b4224,M20,1,7.15,8.24751880664,20
65,d03f670f1f126e5f040b4224,M21,1,5.11,6.18162691053,21
65,d03f670f1f126e5f040b4224,M22,1,11.26,11.7593919007,45
65,d03f670f1f126e5f040b4224,M23,1,9.45,10.1674597951,45
65,d03f670f1f126e5f040b4224,M24,1,11.29,11.7698397996,45
65,d03f670f1f126e5f040b4224,M25,1,10.73,9.80663123177,20
65,d03f670f1f126e5f040b4224,M26,1,9.1,9.09503341126,20
65,d03f670f1f126e5f040b4224,M27,1,10.32,10.9513391775,30
65,d03f670f1f126e5f040b4224,M28,1,8.58,9.65503655267,30
65,d03f670f1f126e5f040b4224,M29,1,10.08,10.9692501876,30
65,d03f670f1f126e5f040b4224,M30,1,6.16,7.13896112465,21
66,6337f9636fede46bcc35391b,M01,3,3.99,4.51658191342,10
66,6337f9636fede46bcc35391b,M02,3,4.44,5.53770810967,15
66,6337f9636fede46bcc35391b,M03,3,4.42,4.75020975469,21
66,6337f9636fede46bcc35391b,M04,3,4.1,4.71662835786,21
66,6337f9636fede46bcc35391b,M05,3,3.67,4.51661139538,21
66,6337f9636fede46bcc35391b,M06,3,5.7,6.46930290188,21
66,6337f9636fede46bcc35391b,M07,3,4.95,6.25976741414,30
66,6337f9636fede46bcc35391b,M08,3,4.7,7.32620373715,30
66,6337f9636fede46bcc35391b,M09,3,3.35,6.54226347874,30
66,6337f9636fede46bcc35391b,M10,3,6.27,7.71688743579,30
66,6337f9636fede46bcc35391b,M11,3,4.36,7.27874488012,30
66,6337f9636fede46bcc35391b,M12,3,4.64,7.8195877013,45
66,6337f9636fede46bcc35391b,M13,3,6.06,8.21333019037,60
66,6337f9636fede46bcc35391b,M14,3,3.74,6.78514235054,60
66,6337f9636fede46bcc35391b,M15,3,6.27,8.4350741847,60
66,6337f9636fede46bcc35391b,M16,3,7.3,15.4473893492,100
66,6337f9636fede46bcc35391b,M17,3,2.09,2.95412040404,14
66,6337f9636fede46bcc35391b,M18,3,4.72,5.05112025541,21
66,6337f9636fede46bcc35391b,M19,3,4.5,4.8346425671,21
66,6337f9636fede46bcc35391b,M20,3,4.83,6.07718410656,20
66,6337f9636fede46bcc35391b,M21,3,4.55,4.96816263059,21
66,6337f9636fede46bcc35391b,M22,3,7.06,8.3257020807,45
66,6337f9636fede46bcc35391b,M23,3,4.76,6.93462767632,45
66,6337f9636fede46bcc35391b,M24,3,7.4,8.39314617605,45
66,6337f9636fede46bcc35391b,M25,3,4.05,6.90295550505,20
66,6337f9636fede46bcc35391b,M26,3,2.99,5.48817533644,20
66,6337f9636fede46bcc35391b,M27,3,5.63,7.54738020668,30
66,6337f9636fede46bcc35391b,M28,3,3.19,6.25961880497,30
66,6337f9636fede46bcc35391b,M29,3,6.01,7.53453462937,30
66,6337f9636fede46bcc35391b,M30,3,2.23,4.54906203186,21
67,9699e16c8071621d55aa20c2,M01,0,6.4,5.56653931291,10
67,9699e16c8071621d55aa20c2,M02,0,8.41,6.8986389617,15
67,9699e16c8071621d55aa20c2,M03,0,7.83,6.05710054268,21
67,9699e16c8071621d55aa20c2,M04,0,7.16,5.87779027539,21
67,9699e16c8071621d55aa20c2,M05,0,7.06,5.68669301132,21
67,9699e16c8071621d55aa20c2,M06,0,9.9,7.99116959452,21
67,9699e16c8071621d55aa20c2,M07,0,10.32,8.14901949062,30
67,9699e16c8071621d55aa20c2,M08,0,14.12,10.8803590234,30
67,9699e16c8071621d55aa20c2,M09,0,12.92,9.83594233233,30
67,9699e16c8071621d55aa20c2,M10,0,15.95,11.4430619609,30
67,9699e16c8071621d55aa20c2,M11,0,14.91,10.7925643059,30
67,9699e16c8071621d55aa20c2,M12,0,18.78,12.9951810073,45
67,9699e16c8071621d55aa20c2,M13,0,18.02,12.7648529698,60
67,9699e16c8071621d55aa20c2,M14,0,14.57,11.1860429394,60
67,9699e16c8071621d55aa20c2,M15,0,18.21,13.0024537144,60
67,9699e16c8071621d55aa20c2,M16,0,39.6,26.0299067989,100
67,9699e16c8071621d55aa20c2,M17,0,5.72,4.21717019481,14
67,9699e16c8071621d55aa20c2,M18,0,7.76,6.05661980064,21
67,9699e16c8071621d55aa20c2,M19,0,5.85,5.4276166176,21
67,9699e16c8071621d55aa20c2,M20,0,7.78,7.47141391919,20
67,9699e16c8071621d55aa20c2,M21,0,5.69,5.48931311666,21
67,9699e16c8071621d55aa20c2,M22,0,11.99,10.2356256537,45
67,9699e16c8071621d55aa20c2,M23,0,10.13,8.8600901443,45
67,9699e16c8071621d55aa20c2,M24,0,12.07,10.1098402862,45
67,9699e16c8071621d55aa20c2,M25,0,12.5,9.30963962338,20
67,9699e16c8071621d55aa20c2,M26,0,10.92,8.3731783189,20
67,9699e16c8071621d55aa20c2,M27,0,13.08,9.77157774026,30
67,9699e16c8071621d55aa20c2,M28,0,10.83,8.49523331746,30
67,9699e16c8071621d55aa20c2,M29,0,13.01,9.68740662915,30
67,9699e16c8071621d55aa20c2,M30,0,7.84,5.98440984882,21
68,37927413d1b2c33fd4f48fe4,M01,1,4.85,4.84939689992,10
68,37927413d1b2c33fd4f48fe4,M02,1,6.36,5.85376093773,15
68,37927413d1b2c33fd4f48fe4,M03,1,5.45,5.12122969335,21
68,37927413d1b2c33fd4f48fe4,M04,1,5.22,5.02569329386,21
68,37927413d1b2c33fd4f48fe4,M05,1,5.07,4.92289820584,21
68,37927413d1b2c33fd4f48fe4,M06,1,6.89,6.57106767055,21
68,37927413d1b2c33fd4f48fe4,M07,1,6.96,6.49047174159,30
68,37927413d1b2c33fd4f48fe4,M08,1,8.9,7.84670568687,30
68,37927413d1b2c33fd4f48fe4,M09,1,7.94,7.3045036176,30
68,37927413d1b2c33fd4f48fe4,M10,1,10.53,8.14303561194,30
68,37927413d1b2c33fd4f48fe4,M11,1,9.65,7.8013334965,30
68,37927413d1b2c33fd4f48fe4,M12,1,10.62,9.05510794372,45
68,37927413d1b2c33fd4f48fe4,M13,1,10.86,9.14367118759,60
68,37927413d1b2c33fd4f48fe4,M14,1,8.24,8.03813204562,60
68,37927413d1b2c33fd4f48fe4,M15,1,10.91,9.35417171362,60
68,37927413d1b2c33fd4f48fe4,M16,1,19.24,18.2384998625,100
68,37927413d1b2c33fd4f48fe4,M17,1,3.57,3.62926324531,14
68,37927413d1b2c33fd4f48fe4,M18,1,5.64,5.28730802147,21
68,37927413d1b2c33fd4f48fe4,M19,1,5.34,5.03220939638,21
68,37927413d1b2c33fd4f48fe4,M20,1,7.1,6.20170781296,20
68,37927413d1b2c33fd4f48fe4,M21,1,5.39,5.09821984493,21
68,37927413d1b2c33fd4f48fe4,M22,1,10.94,8.2405994662,45
68,37927413d1b2c33fd4f48fe4,M23,1,8.87,7.18895470274,45
68,37927413d1b2c33fd4f48fe4,M24,1,11.07,8.29353365079,45
68,37927413d1b2c33fd4f48fe4,M25,1,6.88,6.50136506738,20
68,37927413d1b2c33fd4f48fe4,M26,1,4.45,5.72354110157,20
68,37927413d1b2c33fd4f48fe4,M27,1,7.3,7.50022182695,30
68,37927413d1b2c33fd4f48fe4,M28,1,5.78,6.60800871861,30
68,37927413d1b2c33fd4f48fe4,M29,1,7.24,7.61856173882,30
68,37927413d1b2c33fd4f48fe4,M30,1,3.62,4.87764376428,21
69,80a0d3bab064158ae690ad6a,M01,3,7.69,7.41831280952,10
69,80a0d3bab064158ae690ad6a,M02,3,10.29,9.97549768409,15
69,80a0d3bab064158ae690ad6a,M03,3,11.18,10.1334757692,21
69,80a0d3bab064158ae690ad6a,M04,3,10.17,9.77204234665,21
69,80a0d3bab064158ae690ad6a,M05,3,10.23,9.78396591231,21
69,80a0d3bab064158ae690ad6a,M06,3,13.75,13.2066226089,21
69,80a0d3bab064158ae690ad6a,M07,3,15.41,14.4056774372,30
69,80a0d3bab064158ae690ad6a,M08,3,19.78,19.0127742404,30
69,80a0d3bab064158ae690ad6a,M09,3,18.36,17.9657330303,30
69,80a0d3bab064158ae690ad6a,M10,3,21.45,19.5777498725,30
69,80a0d3bab064158ae690ad6a,M11,3,20.4,19.2983196864,30
69,80a0d3bab064158ae690ad6a,M12,3,28.35,26.6962599988,45
69,80a0d3bab064158ae690ad6a,M13,3,28.65,26.5439678877,60
69,80a0d3bab064158ae690ad6a,M14,3,24.95,23.8245076672,60
69,80a0d3bab064158ae690ad6a,M15,3,29.32,26.7692254302,60
69,80a0d3bab064158ae690ad6a,M16,3,57.18,53.9143857879,100
69,80a0d3bab064158ae690ad6a,M17,3,7.72,7.40803708802,14
69,80a0d3bab064158ae690ad6a,M18,3,10.7,9.87658201443,21
69,80a0d3bab064158ae690ad6a,M19,3,9.31,8.67237215041,21
69,80a0d3bab064158ae690ad6a,M20,3,11.44,10.9083210736,20
69,80a0d3bab064158ae690ad6a,M21,3,8.64,8.46854798879,21
69,80a0d3bab064158ae690ad6a,M22,3,21.28,19.7256894824,45
69,80a0d3bab064158ae690ad6a,M23,3,17.99,17.6751671924,45
69,80a0d3bab064158ae690ad6a,M24,3,22.08,19.9829389397,45
69,80a0d3bab064158ae690ad6a,M25,3,14.81,14.0329229856,20
69,80a0d3bab064158ae690ad6a,M26,3,13.47,13.2120655611,20
69,80a0d3bab064158ae690ad6a,M27,3,17.82,16.8001224547,30
69,80a0d3bab064158ae690ad6a,M28,3,15.75,15.1009402584,30
69,80a0d3bab064158ae690ad6a,M29,3,17.95,16.6909906293,30
69,80a0d3bab064158ae690ad6a,M30,3,11.22,10.2152634965,21
70,6edd2232ed1ec668311aa339,M01,1,4.09,5.1188588355,10
70,6edd2232ed1ec668311aa339,M02,1,4.83,6.20016899423,15
70,6edd2232ed1ec668311aa339,M03,1,4.57,5.6303011594,21
70,6edd2232ed1ec668311aa339,M04,1,4.33,5.48498312843,21
70,6edd2232ed1ec668311aa339,M05,1,4.02,5.35165507426,21
70,6edd2232ed1ec668311aa339,M06,1,5.84,6.86609120491,21
70,6edd2232ed1ec668311aa339,M07,1,5.3,6.90037257287,30
70,6edd2232ed1ec668311aa339,M08,1,5.62,9.36094600899,30
70,6edd2232ed1ec668311aa339,M09,1,4.31,8.7365275974,30
70,6edd2232ed1ec668311aa339,M10,1,7.12,9.86942029326,30
70,6edd2232ed1ec668311aa339,M11,1,5.62,9.40585035065,30
70,6edd2232ed1ec668311aa339,M12,1,5.71,10.8242107998,45
70,6edd2232ed1ec668311aa339,M13,1,6.78,10.8579715238,60
70,6edd2232ed1ec668311aa339,M14,1,4.38,9.43810079165,60
70,6edd2232ed1ec668311aa339,M15,1,6.99,11.1167858967,60
70,6edd2232ed1ec668311aa339,M16,1,8.87,18.3912436663,100
70,6edd2232ed1ec668311aa339,M17,1,2.3,3.87290500433,14
70,6edd2232ed1ec668311aa339,M18,1,4.86,5.7406721958,21
70,6edd2232ed1ec668311aa339,M19,1,4.57,5.3405925782,21
70,6edd2232ed1ec668311aa339,M20,1,5.31,6.41076575325,20
70,6edd2232ed1ec668311aa339,M21,1,4.63,5.36607107293,21
70,6edd2232ed1ec668311aa339,M22,1,7.53,9.69996222511,45
70,6edd2232ed1ec668311aa339,M23,1,5.29,8.2460509798,45
70,6edd2232ed1ec668311aa339,M24,1,7.8,9.68782270185,45
70,6edd2232ed1ec668311aa339,M25,1,6.67,6.80667511544,20
70,6edd2232ed1ec668311aa339,M26,1,4.85,5.94636386558,20
70,6edd2232ed1ec668311aa339,M27,1,7.06,8.55143302597,30
70,6edd2232ed1ec668311aa339,M28,1,5.43,7.40437968543,30
70,6edd2232ed1ec668311aa339,M29,1,6.93,8.63245432956,30
70,6edd2232ed1ec668311aa339,M30,1,4.27,5.38170225341,21
71,577bf2cb81f94acf50f2db0f,M01,0,6.07,5.60376216284,10
71,577bf2cb81f94acf50f2db0f,M02,0,7.98,6.8679888093,15
71,577bf2cb81f94acf50f2db0f,M03,0,7.21,6.16302426385,21
71,577bf2cb81f94acf50f2db0f,M04,0,6.57,5.95487487712,21
71,577bf2cb81f94acf50f2db0f,M05,0,6.48,5.7983953158,21
71,577bf2cb81f94acf50f2db0f,M06,0,9.13,8.0087668184,21
71,577bf2cb81f94acf50f2db0f,M07,0,9.45,8.17141565024,30
71,577bf2cb81f94acf50f2db0f,M08,0,12.95,10.8051002592,30
71,577bf2cb81f94acf50f2db0f,M09,0,11.84,9.93215786869,30
71,577bf2cb81f94acf50f2db0f,M10,0,14.77,11.2640898374,30
71,577bf2cb81f94acf50f2db0f,M11,0,13.79,10.6831750548,30
71,577bf2cb81f94acf50f2db0f,M12,0,16.87,12.5610768573,45
71,577bf2cb81f94acf50f2db0f,M13,0,16.27,12.3941863941,60
71,577bf2cb81f94acf50f2db0f,M14,0,13.17,11.2133259683,60
71,577bf2cb81f94acf50f2db0f,M15,0,16.47,12.608244749,60
71,577bf2cb81f94acf50f2db0f,M16,0,34.83,28.1063010586,100
71,577bf2cb81f94acf50f2db0f,M17,0,5.22,4.17400878211,14
71,577bf2cb81f94acf50f2db0f,M18,0,7.13,6.10750682085,21
71,577bf2cb81f94acf50f2db0f,M19,0,5.87,5.4938315873,21
71,577bf2cb81f94acf50f2db0f,M20,0,8.79,7.34966578066,20
71,577bf2cb81f94acf50f2db0f,M21,0,6.4,5.53642227683,21
71,577bf2cb81f94acf50f2db0f,M22,0,14.49,10.1330318846,45
71,577bf2cb81f94acf50f2db0f,M23,0,12.01,9.04477251082,45
71,577bf2cb81f94acf50f2db0f,M24,0,14.36,10.0219053544,45
71,577bf2cb81f94acf50f2db0f,M25,0,11.91,9.3296376539,20
71,577bf2cb81f94acf50f2db0f,M26,0,10.34,8.50727264103,20
71,577bf2cb81f94acf50f2db0f,M27,0,12.12,9.97152245455,30
71,577bf2cb81f94acf50f2db0f,M28,0,10,8.89064359485,30
71,577bf2cb81f94acf50f2db0f,M29,0,12.05,9.85603778155,30
71,577bf2cb81f94acf50f2db0f,M30,0,7.21,6.22675358297,21
72,199be8c56e73e5eb81a7e6f0,M01,4,7.96,7.51912434343,10
72,199be8c56e73e5eb81a7e6f0,M02,4,10.6,10.4586527388,15
72,199be8c56e73e5eb81a7e6f0,M03,4,11.83,10.7439838759,21
72,199be8c56e73e5eb81a7e6f0,M04,4,10.85,10.4978085123,21
72,199be8c56e73e5eb81a7e6f0,M05,4,11.01,10.5080299351,21
72,199be8c56e73e5eb81a7e6f0,M06,4,14.48,13.7988897208,21
72,199be8c56e73e5eb81a7e6f0,M07,4,16.41,15.4344502196,30
72,199be8c56e73e5eb81a7e6f0,M08,4,20.75,20.1751505426,30
72,199be8c56e73e5eb81a7e6f0,M09,4,19.38,19.3592794661,30
72,199be8c56e73e5eb81a7e6f0,M10,4,22.37,20.7598143867,30
72,199be8c56e73e5eb81a7e6f0,M11,4,21.47,20.3572590909,30
72,199be8c56e73e5eb81a7e6f0,M12,4,30,27.7284020031,45
72,199be8c56e73e5eb81a7e6f0,M13,4,30.76,27.4944606943,60
72,199be8c56e73e5eb81a7e6f0,M14,4,27.22,25.5384594026,60
72,199be8c56e73e5eb81a7e6f0,M15,4,31.43,27.8726168054,60
72,199be8c56e73e5eb81a7e6f0,M16,4,59.54,54.7095732877,100
72,199be8c56e73e5eb81a7e6f0,M17,4,8.15,7.5382805974,14
72,199be8c56e73e5eb81a7e6f0,M18,4,11.32,10.501941101,21
72,199be8c56e73e5eb81a7e6f0,M19,4,10.34,8.77940907792,21
72,199be8c56e73e5eb81a7e6f0,M20,4,12.33,11.0037126373,20
72,199be8c56e73e5eb81a7e6f0,M21,4,9.5,8.67880422078,21
72,199be8c56e73e5eb81a7e6f0,M22,4,24.07,20.7319302814,45
72,199be8c56e73e5eb81a7e6f0,M23,4,20.52,18.9554769625,45
72,199be8c56e73e5eb81a7e6f0,M24,4,24.93,21.5169931111,45
72,199be8c56e73e5eb81a7e6f0,M25,4,15.22,14.3496417944,20
72,199be8c56e73e5eb81a7e6f0,M26,4,13.94,13.7712260657,20
72,199be8c56e73e5eb81a7e6f0,M27,4,18.69,17.102071355,30
72,199be8c56e73e5eb81a7e6f0,M28,4,16.73,16.0398239812,30
72,199be8c56e73e5eb81a7e6f0,M29,4,18.84,17.1959609755,30
72,199be8c56e73e5eb81a7e6f0,M30,4,11.87,10.7945143506,21
73,e7d3343ab01cc92f9746bd90,M01,1,6.93,6.12898020557,10
73,e7d3343ab01cc92f9746bd90,M02,1,9.25,7.52971553824,15
73,e7d3343ab01cc92f9746bd90,M03,1,9.36,7.20117842835,21
73,e7d3343ab01cc92f9746bd90,M04,1,8.16,6.84004173571,21
73,e7d3343ab01cc92f9746bd90,M05,1,8.46,6.70273125663,21
73,e7d3343ab01cc92f9746bd90,M06,1,11.62,9.09034477101,21
73,e7d3343ab01cc92f9746bd90,M07,1,12.66,9.2648808355,30
73,e7d3343ab01cc92f9746bd90,M08,1,16.96,12.5547186965,30
73,e7d3343ab01cc92f9746bd90,M09,1,15.81,11.9153283702,30
73,e7d3343ab01cc92f9746bd90,M10,1,18.68,12.9874774123,30
73,e7d3343ab01cc92f9746bd90,M11,1,17.14,12.5616533228,30
73,e7d3343ab01cc92f9746bd90,M12,1,23.51,15.5989396,45
73,e7d3343ab01cc92f9746bd90,M13,1,22.73,15.2748165844,60
73,e7d3343ab01cc92f9746bd90,M14,1,19.02,14.0310420188,60
73,e7d3343ab01cc92f9746bd90,M15,1,22.98,15.5658952655,60
73,e7d3343ab01cc92f9746bd90,M16,1,49.87,37.4895268416,100
73,e7d3343ab01cc92f9746bd90,M17,1,6.73,5.50208274603,14
73,e7d3343ab01cc92f9746bd90,M18,1,9.21,7.03072924942,21
73,e7d3343ab01cc92f9746bd90,M19,1,7.16,6.19541162771,21
73,e7d3343ab01cc92f9746bd90,M20,1,8.78,8.22164840115,20
73,e7d3343ab01cc92f9746bd90,M21,1,6.18,6.11276650361,21
73,e7d3343ab01cc92f9746bd90,M22,1,13.98,11.6449331082,45
73,e7d3343ab01cc92f9746bd90,M23,1,11.93,10.1989481169,45
73,e7d3343ab01cc92f9746bd90,M24,1,14.14,11.7164648817,45
73,e7d3343ab01cc92f9746bd90,M25,1,13.44,9.44404502831,20
73,e7d3343ab01cc92f9746bd90,M26,1,12.02,8.79845133766,20
73,e7d3343ab01cc92f9746bd90,M27,1,14.97,11.0515186696,30
73,e7d3343ab01cc92f9746bd90,M28,1,12.78,9.80068404618,30
73,e7d3343ab01cc92f9746bd90,M29,1,14.8,11.1281689235,30
73,e7d3343ab01cc92f9746bd90,M30,1,9.39,7.14843309502,21
74,685253186b7c8d8473d65ffa,M01,2,6.8,6.24550453968,10
74,685253186b7c8d8473d65ffa,M02,2,8.99,8.27172838367,15
74,685253186b7c8d8473d65ffa,M03,2,8.76,7.90675732306,21
74,685253186b7c8d8473d65ffa,M04,2,7.92,7.51773847602,21
74,685253186b7c8d8473d65ffa,M05,2,7.87,7.21457162032,21
74,685253186b7c8d8473d65ffa,M06,2,11,10.1158006141,21
74,685253186b7c8d8473d65ffa,M07,2,11.7,10.8915966068,30
74,685253186b7c8d8473d65ffa,M08,2,15.77,14.7003520476,30
74,685253186b7c8d8473d65ffa,M09,2,14.37,13.8863714553,30
74,685253186b7c8d8473d65ffa,M10,2,17.59,15.6155188543,30
74,685253186b7c8d8473d65ffa,M11,2,16.6,15.1367292323,30
74,685253186b7c8d8473d65ffa,M12,2,21.43,18.6982763629,45
74,685253186b7c8d8473d65ffa,M13,2,20.78,18.1501284985,60
74,685253186b7c8d8473d65ffa,M14,2,16.97,15.5691798373,60
74,685253186b7c8d8473d65ffa,M15,2,21.41,18.6163186024,60
74,685253186b7c8d8473d65ffa,M16,2,45.77,39.5231874343,100
74,685253186b7c8d8473d65ffa,M17,2,6.27,5.96277237085,14
74,685253186b7c8d8473d65ffa,M18,2,8.55,7.77210565495,21
74,685253186b7c8d8473d65ffa,M19,2,7.34,6.42107760273,21
74,685253186b7c8d8473d65ffa,M20,2,9.58,8.64279701354,20
74,685253186b7c8d8473d65ffa,M21,2,7.04,6.40423434299,21
74,685253186b7c8d8473d65ffa,M22,2,16.08,13.9919375368,45
74,685253186b7c8d8473d65ffa,M23,2,13.35,11.5164768139,45
74,685253186b7c8d8473d65ffa,M24,2,16.66,14.1611997864,45
74,685253186b7c8d8473d65ffa,M25,2,13.23,12.4180303911,20
74,685253186b7c8d8473d65ffa,M26,2,11.71,11.0489658586,20
74,685253186b7c8d8473d65ffa,M27,2,14.45,13.474890759,30
74,685253186b7c8d8473d65ffa,M28,2,12.18,11.3886582424,30
74,685253186b7c8d8473d65ffa,M29,2,14.58,13.5283548831,30
74,685253186b7c8d8473d65ffa,M30,2,8.76,7.89332294211,21
75,1fcbc4f3ec49fb735c0f7d56,M01,3,6.41,5.94506113475,10
75,1fcbc4f3ec49fb735c0f7d56,M02,3,8.39,7.31250959019,15
75,1fcbc4f3ec49fb735c0f7d56,M03,3,7.8,6.69187719481,21
75,1fcbc4f3ec49fb735c0f7d56,M04,3,7.11,6.42391259507,21
75,1fcbc4f3ec49fb735c0f7d56,M05,3,7.01,6.23208107126,21
75,1fcbc4f3ec49fb735c0f7d56,M06,3,9.91,8.62920923377,21
75,1fcbc4f3ec49fb735c0f7d56,M07,3,10.22,8.89070321645,30
75,1fcbc4f3ec49fb735c0f7d56,M08,3,13.89,12.6636840421,30
75,1fcbc4f3ec49fb735c0f7d56,M09,3,12.64,11.6782221496,30
75,1fcbc4f3ec49fb735c0f7d56,M10,3,15.8,13.1695833307,30
75,1fcbc4f3ec49fb735c0f7d56,M11,3,14.78,12.467293443,30
75,1fcbc4f3ec49fb735c0f7d56,M12,3,18.29,15.2665211501,45
75,1fcbc4f3ec49fb735c0f7d56,M13,3,17.83,14.8821886234,60
75,1fcbc4f3ec49fb735c0f7d56,M14,3,14.3,13.360227026,60
75,1fcbc4f3ec49fb735c0f7d56,M15,3,18.14,15.1831287879,60
75,1fcbc4f3ec49fb735c0f7d56,M16,3,38.33,30.3619695887,100
75,1fcbc4f3ec49fb735c0f7d56,M17,3,5.64,5.0339069102,14
75,1fcbc4f3ec49fb735c0f7d56,M18,3,7.71,6.75367231624,21
75,1fcbc4f3ec49fb735c0f7d56,M19,3,6.02,5.92616338672,21
75,1fcbc4f3ec49fb735c0f7d56,M20,3,8.02,8.01740479365,20
75,1fcbc4f3ec49fb735c0f7d56,M21,3,5.75,5.99835533766,21
75,1fcbc4f3ec49fb735c0f7d56,M22,3,12.48,12.1625580688,45
75,1fcbc4f3ec49fb735c0f7d56,M23,3,10.42,10.6932241828,45
75,1fcbc4f3ec49fb735c0f7d56,M24,3,12.65,12.3226988887,45
75,1fcbc4f3ec49fb735c0f7d56,M25,3,12.5,10.4685959967,20
75,1fcbc4f3ec49fb735c0f7d56,M26,3,10.86,9.523124329,20
75,1fcbc4f3ec49fb735c0f7d56,M27,3,13.06,10.8270673781,30
75,1fcbc4f3ec49fb735c0f7d56,M28,3,10.77,9.55490439683,30
75,1fcbc4f3ec49fb735c0f7d56,M29,3,13.03,10.8296330948,30
75,1fcbc4f3ec49fb735c0f7d56,M30,3,7.8,6.6881902583,21
76,1879f3c5daf4cf8a36454c58,M01,0,5.84,5.34526684848,10
76,1879f3c5daf4cf8a36454c58,M02,0,7.74,6.69808591919,15
76,1879f3c5daf4cf8a36454c58,M03,0,6.84,5.71902279099,21
76,1879f3c5daf4cf8a36454c58,M04,0,6.18,5.59019264358,21
76,1879f3c5daf4cf8a36454c58,M05,0,5.97,5.38650835642,21
76,1879f3c5daf4cf8a36454c58,M06,0,8.63,7.39909751604,21
76,1879f3c5daf4cf8a36454c58,M07,0,8.96,7.57331537807,30
76,1879f3c5daf4cf8a36454c58,M08,0,12.5,10.8635258626,30
76,1879f3c5daf4cf8a36454c58,M09,0,11.06,9.65941675547,30
76,1879f3c5daf4cf8a36454c58,M10,0,14.2,11.3776874672,30
76,1879f3c5daf4cf8a36454c58,M11,0,12.79,10.6297949661,30
76,1879f3c5daf4cf8a36454c58,M12,0,16.31,13.1821097526,45
76,1879f3c5daf4cf8a36454c58,M13,0,15.35,12.9473153182,60
76,1879f3c5daf4cf8a36454c58,M14,0,12.58,11.4258784496,60
76,1879f3c5daf4cf8a36454c58,M15,0,15.38,13.2462274192,60
76,1879f3c5daf4cf8a36454c58,M16,0,33.62,27.389999467,100
76,1879f3c5daf4cf8a36454c58,M17,0,4.78,4.11670023465,14
76,1879f3c5daf4cf8a36454c58,M18,0,6.72,5.85326810967,21
76,1879f3c5daf4cf8a36454c58,M19,0,5.6,5.20751370985,21
76,1879f3c5daf4cf8a36454c58,M20,0,7.54,7.1006232886,20
76,1879f3c5daf4cf8a36454c58,M21,0,5.49,5.420543,21
76,1879f3c5daf4cf8a36454c58,M22,0,11.6,10.2404242929,45
76,1879f3c5daf4cf8a36454c58,M23,0,9.89,9.06390212698,45
76,1879f3c5daf4cf8a36454c58,M24,0,11.61,10.444322596,45
76,1879f3c5daf4cf8a36454c58,M25,0,11.37,7.6107452967,20
76,1879f3c5daf4cf8a36454c58,M26,0,9.85,6.78528686758,20
76,1879f3c5daf4cf8a36454c58,M27,0,11.32,8.51889890565,30
76,1879f3c5daf4cf8a36454c58,M28,0,9.37,7.47003210856,30
76,1879f3c5daf4cf8a36454c58,M29,0,11.18,8.58729116395,30
76,1879f3c5daf4cf8a36454c58,M30,0,6.62,5.49081446376,21
77,047b8df66ebc85fef8294a83,M01,3,6.49,7.01772379942,10
77,047b8df66ebc85fef8294a83,M02,3,8.61,8.97369739294,15
77,047b8df66ebc85fef8294a83,M03,3,8.12,9.00152844511,21
77,047b8df66ebc85fef8294a83,M04,3,7.32,8.71213951682,21
77,047b8df66ebc85fef8294a83,M05,3,7.17,8.66757959374,21
77,047b8df66ebc85fef8294a83,M06,3,10.23,12.2863263714,21
77,047b8df66ebc85fef8294a83,M07,3,10.8,13.3248512583,30
77,047b8df66ebc85fef8294a83,M08,3,14.84,17.4932720854,30
77,047b8df66ebc85fef8294a83,M09,3,13.48,16.6723215617,30
77,047b8df66ebc85fef8294a83,M10,3,16.58,18.1362427188,30
77,047b8df66ebc85fef8294a83,M11,3,15.42,17.7840954543,30
77,047b8df66ebc85fef8294a83,M12,3,20.06,22.8153983794,45
77,047b8df66ebc85fef8294a83,M13,3,19.03,22.5736734588,60
77,047b8df66ebc85fef8294a83,M14,3,15.62,20.9286743709,60
77,047b8df66ebc85fef8294a83,M15,3,19.52,22.7645967445,60
77,047b8df66ebc85fef8294a83,M16,3,42.92,44.0617283873,100
77,047b8df66ebc85fef8294a83,M17,3,5.79,6.95749254545,14
77,047b8df66ebc85fef8294a83,M18,3,7.94,8.79770679654,21
77,047b8df66ebc85fef8294a83,M19,3,6.51,7.9076155671,21
77,047b8df66ebc85fef8294a83,M20,3,8.72,9.88190097403,20
77,047b8df66ebc85fef8294a83,M21,3,6.25,7.84332054834,21
77,047b8df66ebc85fef8294a83,M22,3,13.86,17.4017404877,45
77,047b8df66ebc85fef8294a83,M23,3,11.68,15.6584761371,45
77,047b8df66ebc85fef8294a83,M24,3,14.22,17.90848871,45
77,047b8df66ebc85fef8294a83,M25,3,12.43,13.4661878009,20
77,047b8df66ebc85fef8294a83,M26,3,10.92,12.732546443,20
77,047b8df66ebc85fef8294a83,M27,3,12.97,15.7570389091,30
77,047b8df66ebc85fef8294a83,M28,3,10.83,14.1290173222,30
77,047b8df66ebc85fef8294a83,M29,3,12.95,15.6969090678,30
77,047b8df66ebc85fef8294a83,M30,3,7.8,9.01776117671,21
78,cdebdfe424c1e2de4b6e80f5,M01,3,5.54,5.99090861305,10
78,cdebdfe424c1e2de4b6e80f5,M02,3,7.41,7.30966983694,15
78,cdebdfe424c1e2de4b6e80f5,M03,3,6.42,6.58796325175,21
78,cdebdfe424c1e2de4b6e80f5,M04,3,5.81,6.32940648607,21
78,cdebdfe424c1e2de4b6e80f5,M05,3,5.57,6.17128107337,21
78,cdebdfe424c1e2de4b6e80f5,M06,3,8.12,8.59704830381,21
78,cdebdfe424c1e2de4b6e80f5,M07,3,8.33,8.99936848563,30
78,cdebdfe424c1e2de4b6e80f5,M08,3,11.48,12.470047423,30
78,cdebdfe424c1e2de4b6e80f5,M09,3,9.88,11.4746470765,30
78,cdebdfe424c1e2de4b6e80f5,M10,3,13.24,13.0415183422,30
78,cdebdfe424c1e2de4b6e80f5,M11,3,11.56,12.2371261804,30
78,cdebdfe424c1e2de4b6e80f5,M12,3,14.76,14.9909490087,45
78,cdebdfe424c1e2de4b6e80f5,M13,3,14.02,14.6253500476,60
78,cdebdfe424c1e2de4b6e80f5,M14,3,11.34,13.291559746,60
78,cdebdfe424c1e2de4b6e80f5,M15,3,14.1,14.9281266349,60
78,cdebdfe424c1e2de4b6e80f5,M16,3,29.16,28.8850355531,100
78,cdebdfe424c1e2de4b6e80f5,M17,3,4.43,4.72975853824,14
78,cdebdfe424c1e2de4b6e80f5,M18,3,6.37,6.68176320946,21
78,cdebdfe424c1e2de4b6e80f5,M19,3,5.38,5.75978654268,21
78,cdebdfe424c1e2de4b6e80f5,M20,3,7.13,7.95232523088,20
78,cdebdfe424c1e2de4b6e80f5,M21,3,5.28,5.82025300733,21
78,cdebdfe424c1e2de4b6e80f5,M22,3,10.86,11.7031557706,45
78,cdebdfe424c1e2de4b6e80f5,M23,3,9.06,10.5100299323,45
78,cdebdfe424c1e2de4b6e80f5,M24,3,10.88,11.8844002542,45
78,cdebdfe424c1e2de4b6e80f5,M25,3,6.42,10.4899390534,20
78,cdebdfe424c1e2de4b6e80f5,M26,3,4.7,9.54230654978,20
78,cdebdfe424c1e2de4b6e80f5,M27,3,6.96,11.0577929726,30
78,cdebdfe424c1e2de4b6e80f5,M28,3,5.39,9.88930263925,30
78,cdebdfe424c1e2de4b6e80f5,M29,3,6.98,10.9892993997,30
78,cdebdfe424c1e2de4b6e80f5,M30,3,4.24,6.547913005,21
79,c4ac567011a027981340b36b,M01,4,5.08,5.50014392136,10
79,c4ac567011a027981340b36b,M02,4,6.75,6.9089500202,15
79,c4ac567011a027981340b36b,M03,4,5.75,5.88582235426,21
79,c4ac567011a027981340b36b,M04,4,5.2,5.7145002215,21
79,c4ac567011a027981340b36b,M05,4,5.01,5.53815488817,21
79,c4ac567011a027981340b36b,M06,4,7.27,7.88246817027,21
79,c4ac567011a027981340b36b,M07,4,7.41,7.96771566378,30
79,c4ac567011a027981340b36b,M08,4,10.03,11.0824694804,30
79,c4ac567011a027981340b36b,M09,4,8.16,10.0808187173,30
79,c4ac567011a027981340b36b,M10,4,11.6,11.6834487564,30
79,c4ac567011a027981340b36b,M11,4,10.01,10.9175853472,30
79,c4ac567011a027981340b36b,M12,4,12.52,13.4376480392,45
79,c4ac567011a027981340b36b,M13,4,12.01,12.9940154043,60
79,c4ac567011a027981340b36b,M14,4,9.49,11.7089322063,60
79,c4ac567011a027981340b36b,M15,4,11.84,13.3724273269,60
79,c4ac567011a027981340b36b,M16,4,23.53,26.9074473725,100
79,c4ac567011a027981340b36b,M17,4,3.54,4.25987581419,14
79,c4ac567011a027981340b36b,M18,4,5.61,5.88049182684,21
79,c4ac567011a027981340b36b,M19,4,4.73,5.37876545382,21
79,c4ac567011a027981340b36b,M20,4,5.76,7.42568698002,20
79,c4ac567011a027981340b36b,M21,4,4.63,5.44198866811,21
79,c4ac567011a027981340b36b,M22,4,8.31,10.47252534,45
79,c4ac567011a027981340b36b,M23,4,6.85,9.28381995527,45
79,c4ac567011a027981340b36b,M24,4,8.13,10.5358841073,45
79,c4ac567011a027981340b36b,M25,4,10.04,8.84934639594,20
79,c4ac567011a027981340b36b,M26,4,8.32,8.08367581874,20
79,c4ac567011a027981340b36b,M27,4,9.52,9.40004396959,30
79,c4ac567011a027981340b36b,M28,4,7.92,8.31569467965,30
79,c4ac567011a027981340b36b,M29,4,9.15,9.31495857054,30
79,c4ac567011a027981340b36b,M30,4,5.75,5.75472697908,21
80,3f3242254ca882caa3780cd4,M01,3,5.92,6.06634491153,10
80,3f3242254ca882caa3780cd4,M02,3,8.17,8.13078103175,15
80,3f3242254ca882caa3780cd4,M03,3,7.57,7.88452249895,21
80,3f3242254ca882caa3780cd4,M04,3,6.93,7.31339481918,21
80,3f3242254ca882caa3780cd4,M05,3,6.63,6.80313780941,21
80,3f3242254ca882caa3780cd4,M06,3,8.99,10.2032831053,21
80,3f3242254ca882caa3780cd4,M07,3,9.99,11.038839402,30
80,3f3242254ca882caa3780cd4,M08,3,13.46,15.1091580736,30
80,3f3242254ca882caa3780cd4,M09,3,11.95,14.4077832641,30
80,3f3242254ca882caa3780cd4,M10,3,15.46,16.1082525123,30
80,3f3242254ca882caa3780cd4,M11,3,13.99,15.683368355,30
80,3f3242254ca882caa3780cd4,M12,3,17.53,19.4065903932,45
80,3f3242254ca882caa3780cd4,M13,3,15.88,18.8409388145,60
80,3f3242254ca882caa3780cd4,M14,3,12.66,16.2376575452,60
80,3f3242254ca882caa3780cd4,M15,3,17.46,19.3292189401,60
80,3f3242254ca882caa3780cd4,M16,3,31.36,39.2847753878,100
80,3f3242254ca882caa3780cd4,M17,3,5.49,5.91473591342,14
80,3f3242254ca882caa3780cd4,M18,3,7.6,7.63537149539,21
80,3f3242254ca882caa3780cd4,M19,3,5.46,6.05332735087,21
80,3f3242254ca882caa3780cd4,M20,3,7.57,8.28850851659,20
80,3f3242254ca882caa3780cd4,M21,3,5.59,6.01357855722,21
80,3f3242254ca882caa3780cd4,M22,3,11.67,13.9932284199,45
80,3f3242254ca882caa3780cd4,M23,3,9.6,11.3067819423,45
80,3f3242254ca882caa3780cd4,M24,3,12.44,14.3077900072,45
80,3f3242254ca882caa3780cd4,M25,3,11.58,12.3597804228,20
80,3f3242254ca882caa3780cd4,M26,3,9.99,11.067812673,20
80,3f3242254ca882caa3780cd4,M27,3,11.65,13.3222193074,30
80,3f3242254ca882caa3780cd4,M28,3,9.58,11.2274630754,30
80,3f3242254ca882caa3780cd4,M29,3,12.32,13.5071473651,30
80,3f3242254ca882caa3780cd4,M30,3,6.93,7.85183359418,21
81,8f5373ae3303e9a701bc0449,M01,2,4.3,4.44496071284,10
81,8f5373ae3303e9a701bc0449,M02,2,5.09,5.46368584127,15
81,8f5373ae3303e9a701bc0449,M03,2,4.8,4.69564746609,21
81,8f5373ae3303e9a701bc0449,M04,2,4.49,4.63430811688,21
81,8f5373ae3303e9a701bc0449,M05,2,4.24,4.46938963059,21
81,8f5373ae3303e9a701bc0449,M06,2,6.11,6.28374546159,21
81,8f5373ae3303e9a701bc0449,M07,2,5.71,6.05158402042,30
81,8f5373ae3303e9a701bc0449,M08,2,6.22,7.1422625025,30
81,8f5373ae3303e9a701bc0449,M09,2,4.53,6.34484207093,30
81,8f5373ae3303e9a701bc0449,M10,2,7.71,7.62368840837,30
81,8f5373ae3303e9a701bc0449,M11,2,5.84,7.05273841703,30
81,8f5373ae3303e9a701bc0449,M12,2,6.25,7.72597197436,45
81,8f5373ae3303e9a701bc0449,M13,2,7.66,7.90432382684,60
81,8f5373ae3303e9a701bc0449,M14,2,4.84,6.53408029371,60
81,8f5373ae3303e9a701bc0449,M15,2,7.92,8.14882133233,60
81,8f5373ae3303e9a701bc0449,M16,2,11.53,16.4369307017,100
81,8f5373ae3303e9a701bc0449,M17,2,2.62,2.97533480908,14
81,8f5373ae3303e9a701bc0449,M18,2,5.05,4.98394948918,21
81,8f5373ae3303e9a701bc0449,M19,2,4.77,4.7349555257,21
81,8f5373ae3303e9a701bc0449,M20,2,5.55,5.86771022575,20
81,8f5373ae3303e9a701bc0449,M21,2,4.76,4.84886073493,21
81,8f5373ae3303e9a701bc0449,M22,2,8.16,7.99522048773,45
81,8f5373ae3303e9a701bc0449,M23,2,5.9,6.53758654301,45
81,8f5373ae3303e9a701bc0449,M24,2,8.33,8.02349403896,45
81,8f5373ae3303e9a701bc0449,M25,2,6.93,6.30546575602,20
81,8f5373ae3303e9a701bc0449,M26,2,4.96,5.17976988711,20
81,8f5373ae3303e9a701bc0449,M27,2,7.32,7.19887891386,30
81,8f5373ae3303e9a701bc0449,M28,2,5.58,5.97015470474,30
81,8f5373ae3303e9a701bc0449,M29,2,7.24,7.18312269164,30
81,8f5373ae3303e9a701bc0449,M30,2,4.08,4.38594562227,21
86,db6ca16feb506f12191f9ced,M01,3,4.92,4.5215641746,10
86,db6ca16feb506f12191f9ced,M02,3,6.54,5.60830899789,15
86,db6ca16feb506f12191f9ced,M03,3,5.55,4.87914636197,21
86,db6ca16feb506f12191f9ced,M04,3,5.3,4.80515907193,21
86,db6ca16feb506f12191f9ced,M05,3,5.14,4.61429053968,21
86,db6ca16feb506f12191f9ced,M06,3,7.04,6.57843190831,21
86,db6ca16feb506f12191f9ced,M07,3,7.16,6.51953589044,30
86,db6ca16feb506f12191f9ced,M08,3,9.46,7.99950956111,30
86,db6ca16feb506f12191f9ced,M09,3,8.51,7.23445517582,30
86,db6ca16feb506f12191f9ced,M10,3,11.08,8.51129973016,30
86,db6ca16feb506f12191f9ced,M11,3,10.17,8.08355199567,30
86,db6ca16feb506f12191f9ced,M12,3,11.56,9.02988319192,45
86,db6ca16feb506f12191f9ced,M13,3,11.52,9.17838148918,60
86,db6ca16feb506f12191f9ced,M14,3,8.96,7.81429384127,60
86,db6ca16feb506f12191f9ced,M15,3,11.48,9.3668599899,60
86,db6ca16feb506f12191f9ced,M16,3,21.7,18.4553392429,100
86,db6ca16feb506f12191f9ced,M17,3,3.82,3.13157319336,14
86,db6ca16feb506f12191f9ced,M18,3,5.78,5.12530670663,21
86,db6ca16feb506f12191f9ced,M19,3,5.39,4.7561664904,21
86,db6ca16feb506f12191f9ced,M20,3,7.36,6.17771494128,20
86,db6ca16feb506f12191f9ced,M21,3,5.47,4.88312035165,21
86,db6ca16feb506f12191f9ced,M22,3,11.32,8.61225303752,45
86,db6ca16feb506f12191f9ced,M23,3,9.34,7.29130830248,45
86,db6ca16feb506f12191f9ced,M24,3,11.44,8.65848122799,45
86,db6ca16feb506f12191f9ced,M25,3,6.26,7.19877377489,20
86,db6ca16feb506f12191f9ced,M26,3,4.26,5.88270152836,20
86,db6ca16feb506f12191f9ced,M27,3,6.81,7.956254664,30
86,db6ca16feb506f12191f9ced,M28,3,5.24,6.81511884815,30
86,db6ca16feb506f12191f9ced,M29,3,6.82,7.92607329004,30
86,db6ca16feb506f12191f9ced,M30,3,4.19,4.69881992485,21
88,7c5d2caf2182c8f80629097e,M01,1,6.15,6.98208440149,10
88,7c5d2caf2182c8f80629097e,M02,1,8.16,9.31925548485,15
88,7c5d2caf2182c8f80629097e,M03,1,7.46,9.26529511755,21
88,7c5d2caf2182c8f80629097e,M04,1,6.9,8.77197373715,21
88,7c5d2caf2182c8f80629097e,M05,1,6.84,8.70923231724,21
88,7c5d2caf2182c8f80629097e,M06,1,9.48,12.2728490536,21
88,7c5d2caf2182c8f80629097e,M07,1,9.85,13.1512539078,30
88,7c5d2caf2182c8f80629097e,M08,1,13.68,17.1591145469,30
88,7c5d2caf2182c8f80629097e,M09,1,12.67,16.2780613008,30
88,7c5d2caf2182c8f80629097e,M10,1,15.41,18.00908943,30
88,7c5d2caf2182c8f80629097e,M11,1,14.59,17.5415290245,30
88,7c5d2caf2182c8f80629097e,M12,1,18.23,23.668754483,45
88,7c5d2caf2182c8f80629097e,M13,1,17.43,23.3252467052,60
88,7c5d2caf2182c8f80629097e,M14,1,14.34,20.602175734,60
88,7c5d2caf2182c8f80629097e,M15,1,17.43,23.6142243242,60
88,7c5d2caf2182c8f80629097e,M16,1,39.31,50.7332334286,100
88,7c5d2caf2182c8f80629097e,M17,1,5.59,6.9636910999,14
88,7c5d2caf2182c8f80629097e,M18,1,7.5,9.11270672727,21
88,7c5d2caf2182c8f80629097e,M19,1,5.97,7.50871618648,21
88,7c5d2caf2182c8f80629097e,M20,1,8,10.0247818675,20
88,7c5d2caf2182c8f80629097e,M21,1,5.83,7.43076923554,21
88,7c5d2caf2182c8f80629097e,M22,1,12.41,16.4397734459,45
88,7c5d2caf2182c8f80629097e,M23,1,10.52,14.2268023175,45
88,7c5d2caf2182c8f80629097e,M24,1,12.53,16.7746161212,45
88,7c5d2caf2182c8f80629097e,M25,1,12.23,13.3719679154,20
88,7c5d2caf2182c8f80629097e,M26,1,10.73,12.5645132453,20
88,7c5d2caf2182c8f80629097e,M27,1,12.64,15.3404966255,30
88,7c5d2caf2182c8f80629097e,M28,1,10.61,13.8794714119,30
88,7c5d2caf2182c8f80629097e,M29,1,12.45,15.3074536644,30
88,7c5d2caf2182c8f80629097e,M30,1,7.49,9.28288961971,21
91,6d9f9870f4d44ecb43c6008e,M25,4,14.15,14.0170329062,20
91,6d9f9870f4d44ecb43c6008e,M26,4,12.9,13.3866662944,20
91,6d9f9870f4d44ecb43c6008e,M27,4,16.68,16.9175116258,30
91,6d9f9870f4d44ecb43c6008e,M28,4,14.79,15.5958822698,30
91,6d9f9870f4d44ecb43c6008e,M29,4,16.71,17.030156216,30
91,6d9f9870f4d44ecb43c6008e,M30,4,10.23,10.4809802742,21
92,ad6b380a8fe0471ba1141477,M01,2,6.67,6.40422125108,10
92,ad6b380a8fe0471ba1141477,M02,2,8.9,8.26713738839,15
92,ad6b380a8fe0471ba1141477,M03,2,8.66,8.11652888167,21
92,ad6b380a8fe0471ba1141477,M04,2,7.92,7.80374380231,21
92,ad6b380a8fe0471ba1141477,M05,2,7.85,7.6970938355,21
92,ad6b380a8fe0471ba1141477,M06,2,10.89,10.731408686,21
92,ad6b380a8fe0471ba1141477,M07,2,11.64,11.5095648911,30
92,ad6b380a8fe0471ba1141477,M08,2,15.88,15.2557909056,30
92,ad6b380a8fe0471ba1141477,M09,2,14.72,14.552190822,30
92,ad6b380a8fe0471ba1141477,M10,2,17.56,16.0674971407,30
92,ad6b380a8fe0471ba1141477,M11,2,16.65,15.7446711158,30
92,ad6b380a8fe0471ba1141477,M12,2,21.91,19.3017722332,45
92,ad6b380a8fe0471ba1141477,M13,2,21.18,18.7905179951,60
92,ad6b380a8fe0471ba1141477,M14,2,17.75,17.0757639576,60
92,ad6b380a8fe0471ba1141477,M15,2,21.33,19.2159128681,60
92,ad6b380a8fe0471ba1141477,M16,2,47.62,45.638953733,100
92,ad6b380a8fe0471ba1141477,M17,2,6.33,6.31067348918,14
92,ad6b380a8fe0471ba1141477,M18,2,8.55,8.00839096104,21
92,ad6b380a8fe0471ba1141477,M19,2,7.16,6.82268684438,21
92,ad6b380a8fe0471ba1141477,M20,2,9.5,9.53844383983,20
92,ad6b380a8fe0471ba1141477,M21,2,6.92,6.79085763925,21
92,ad6b380a8fe0471ba1141477,M22,2,15.84,14.5057647969,45
92,ad6b380a8fe0471ba1141477,M23,2,13.31,12.3070576961,45
92,ad6b380a8fe0471ba1141477,M24,2,16.25,14.7661489514,45
92,ad6b380a8fe0471ba1141477,M25,2,13.14,12.5349737619,20
92,ad6b380a8fe0471ba1141477,M26,2,11.77,11.6715958182,20
92,ad6b380a8fe0471ba1141477,M27,2,14.43,13.8781431945,30
92,ad6b380a8fe0471ba1141477,M28,2,12.35,12.0944186558,30
92,ad6b380a8fe0471ba1141477,M29,2,14.35,13.9936531079,30
92,ad6b380a8fe0471ba1141477,M30,2,8.68,8.10207088167,21
93,90e4bc93a64c5319da7b3c19,M01,3,5.81,5.10978786547,10
93,90e4bc93a64c5319da7b3c19,M02,3,7.77,6.51449417316,15
93,90e4bc93a64c5319da7b3c19,M03,3,6.88,5.51528745554,21
93,90e4bc93a64c5319da7b3c19,M04,3,6,5.33049837329,21
93,90e4bc93a64c5319da7b3c19,M05,3,5.89,5.16625701432,21
93,90e4bc93a64c5319da7b3c19,M06,3,8.68,7.31337054834,21
93,90e4bc93a64c5319da7b3c19,M07,3,9.05,7.34120030936,30
93,90e4bc93a64c5319da7b3c19,M08,3,12.75,9.70121777878,30
93,90e4bc93a64c5319da7b3c19,M09,3,10.62,8.8367197528,30
93,90e4bc93a64c5319da7b3c19,M10,3,14.39,10.2737568928,30
93,90e4bc93a64c5319da7b3c19,M11,3,12.84,9.69847299811,30
93,90e4bc93a64c5319da7b3c19,M12,3,16.81,11.2844750375,45
93,90e4bc93a64c5319da7b3c19,M13,3,15.57,11.1798355584,60
93,90e4bc93a64c5319da7b3c19,M14,3,12.8,9.8323958254,60
93,90e4bc93a64c5319da7b3c19,M15,3,15.57,11.2908993694,60
93,90e4bc93a64c5319da7b3c19,M16,3,34.22,22.9794250909,100
93,90e4bc93a64c5319da7b3c19,M17,3,4.55,3.68258781063,14
93,90e4bc93a64c5319da7b3c19,M18,3,6.56,5.51694886658,21
93,90e4bc93a64c5319da7b3c19,M19,3,5.45,5.08729249906,21
93,90e4bc93a64c5319da7b3c19,M20,3,7.4,6.57368065579,20
93,90e4bc93a64c5319da7b3c19,M21,3,5.28,5.0909986751,21
93,90e4bc93a64c5319da7b3c19,M22,3,11.32,9.17530110245,45
93,90e4bc93a64c5319da7b3c19,M23,3,9.55,7.89018328094,45
93,90e4bc93a64c5319da7b3c19,M24,3,11.32,9.01754844444,45
93,90e4bc93a64c5319da7b3c19,M25,3,11.54,8.77051489422,20
93,90e4bc93a64c5319da7b3c19,M26,3,10.06,8.00880623765,20
93,90e4bc93a64c5319da7b3c19,M27,3,11.58,9.01154616506,30
93,90e4bc93a64c5319da7b3c19,M28,3,9.61,7.86220882984,30
93,90e4bc93a64c5319da7b3c19,M29,3,11.31,8.9926053411,30
93,90e4bc93a64c5319da7b3c19,M30,3,6.86,5.5824847861,21
95,74e84ef329ad1064a1b82a83,M01,4,6.67,6.96297805073,10
95,74e84ef329ad1064a1b82a83,M02,4,8.85,9.41596256344,15
95,74e84ef329ad1064a1b82a83,M03,4,8.53,9.41090275913,21
95,74e84ef329ad1064a1b82a83,M04,4,7.84,9.05583524365,21
95,74e84ef329ad1064a1b82a83,M05,4,7.78,9.0287136468,21
95,74e84ef329ad1064a1b82a83,M06,4,10.79,12.3389184747,21
95,74e84ef329ad1064a1b82a83,M07,4,11.43,13.4246044746,30
95,74e84ef329ad1064a1b82a83,M08,4,15.58,17.6850296739,30
95,74e84ef329ad1064a1b82a83,M09,4,14.47,16.969283642,30
95,74e84ef329ad1064a1b82a83,M10,4,17.33,18.5294269322,30
95,74e84ef329ad1064a1b82a83,M11,4,16.44,18.154737771,30
95,74e84ef329ad1064a1b82a83,M12,4,21.33,24.7359182379,45
95,74e84ef329ad1064a1b82a83,M13,4,20.74,24.4170182843,60
95,74e84ef329ad1064a1b82a83,M14,4,17.16,22.4136851701,60
95,74e84ef329ad1064a1b82a83,M15,4,20.84,24.7844945712,60
95,74e84ef329ad1064a1b82a83,M16,4,46.57,50.8514534012,100
95,74e84ef329ad1064a1b82a83,M17,4,6.26,7.00835616184,14
95,74e84ef329ad1064a1b82a83,M18,4,8.46,9.19760394583,21
95,74e84ef329ad1064a1b82a83,M19,4,6.78,8.00110408214,21
95,74e84ef329ad1064a1b82a83,M20,4,9.02,10.0493450804,20
95,74e84ef329ad1064a1b82a83,M21,4,6.56,7.87526056987,21
95,74e84ef329ad1064a1b82a83,M22,4,14.6,17.3524443489,45
95,74e84ef329ad1064a1b82a83,M23,4,12.3,15.7897730208,45
95,74e84ef329ad1064a1b82a83,M24,4,14.89,17.5117450209,45
95,74e84ef329ad1064a1b82a83,M25,4,13.07,13.4499733693,20
95,74e84ef329ad1064a1b82a83,M26,4,11.67,12.7430128931,20
95,74e84ef329ad1064a1b82a83,M27,4,14.28,15.7457530786,30
95,74e84ef329ad1064a1b82a83,M28,4,12.15,14.4653463412,30
95,74e84ef329ad1064a1b82a83,M29,4,14.17,15.6887311782,30
95,74e84ef329ad1064a1b82a83,M30,4,8.55,9.42270271151,21
96,3cf78d38643a00824f675671,M01,3,4.98,7.18810512266,10
96,3cf78d38643a00824f675671,M02,3,6.45,9.78362414008,15
96,3cf78d38643a00824f675671,M03,3,5.51,9.88715956599,21
96,3cf78d38643a00824f675671,M04,3,5.38,9.54569047208,21
96,3cf78d38643a00824f675671,M05,3,5.31,9.53914723232,21
96,3cf78d38643a00824f675671,M06,3,7.14,12.566476191,21
96,3cf78d38643a00824f675671,M07,3,7.08,13.8910333263,30
96,3cf78d38643a00824f675671,M08,3,9.29,18.8501660666,30
96,3cf78d38643a00824f675671,M09,3,8.78,17.8226293228,30
96,3cf78d38643a00824f675671,M10,3,10.91,19.5426069902,30
96,3cf78d38643a00824f675671,M11,3,10.69,19.1355295449,30
96,3cf78d38643a00824f675671,M12,3,11.35,25.594073186,45
96,3cf78d38643a00824f675671,M13,3,11.83,25.5223319321,60
96,3cf78d38643a00824f675671,M14,3,10.65,22.9236656984,60
96,3cf78d38643a00824f675671,M15,3,11.78,25.6864050908,60
96,3cf78d38643a00824f675671,M16,3,22.87,52.1203942987,100
96,3cf78d38643a00824f675671,M17,3,3.93,7.19574597835,14
96,3cf78d38643a00824f675671,M18,3,5.78,9.70177926385,21
96,3cf78d38643a00824f675671,M19,3,4.91,8.02593835209,21
96,3cf78d38643a00824f675671,M20,3,6.24,10.6112506638,20
96,3cf78d38643a00824f675671,M21,3,4.9,7.92126250794,21
96,3cf78d38643a00824f675671,M22,3,9.24,18.7633956849,45
96,3cf78d38643a00824f675671,M23,3,8.36,16.2290600087,45
96,3cf78d38643a00824f675671,M24,3,9.03,19.3976458514,45
96,3cf78d38643a00824f675671,M25,3,10.48,13.5930136147,20
96,3cf78d38643a00824f675671,M26,3,9.65,12.7425899868,20
96,3cf78d38643a00824f675671,M27,3,9.97,16.1386546421,30
96,3cf78d38643a00824f675671,M28,3,9.03,14.452480683,30
96,3cf78d38643a00824f675671,M29,3,9.86,16.1470894961,30
96,3cf78d38643a00824f675671,M30,3,6.41,9.91435774348,21
98,b98d74e7b8c54efd1aed9d66,M01,4,4.03,4.79983404196,10
98,b98d74e7b8c54efd1aed9d66,M02,4,4.75,6.08939838684,15
98,b98d74e7b8c54efd1aed9d66,M03,4,4.51,5.17158110767,21
98,b98d74e7b8c54efd1aed9d66,M04,4,4.23,5.09547292108,21
98,b98d74e7b8c54efd1aed9d66,M05,4,3.89,4.89577327983,21
98,b98d74e7b8c54efd1aed9d66,M06,4,5.78,6.89746329582,21
98,b98d74e7b8c54efd1aed9d66,M07,4,5.16,6.84519591486,30
98,b98d74e7b8c54efd1aed9d66,M08,4,5.33,8.80773827417,30
98,b98d74e7b8c54efd1aed9d66,M09,4,3.83,7.8871610575,30
98,b98d74e7b8c54efd1aed9d66,M10,4,6.79,9.40559364358,30
98,b98d74e7b8c54efd1aed9d66,M11,4,5.02,8.93748938528,30
98,b98d74e7b8c54efd1aed9d66,M12,4,5.43,9.9231644127,45
98,b98d74e7b8c54efd1aed9d66,M13,4,6.48,9.99329972006,60
98,b98d74e7b8c54efd1aed9d66,M14,4,4.19,8.2619951907,60
98,b98d74e7b8c54efd1aed9d66,M15,4,6.56,10.1419102612,60
98,b98d74e7b8c54efd1aed9d66,M16,4,8.31,21.3881453304,100
98,b98d74e7b8c54efd1aed9d66,M17,4,2.14,3.37507146798,14
98,b98d74e7b8c54efd1aed9d66,M18,4,4.71,5.29821492935,21
98,b98d74e7b8c54efd1aed9d66,M19,4,4.37,5.05102134565,21
98,b98d74e7b8c54efd1aed9d66,M20,4,4.74,6.65454046898,20
98,b98d74e7b8c54efd1aed9d66,M21,4,4.37,5.13144458375,21
98,b98d74e7b8c54efd1aed9d66,M22,4,6.59,9.31257400433,45
98,b98d74e7b8c54efd1aed9d66,M23,4,4.76,7.81683514597,45
98,b98d74e7b8c54efd1aed9d66,M24,4,6.68,9.26964114119,45
98,b98d74e7b8c54efd1aed9d66,M25,4,6.47,7.31264886003,20
98,b98d74e7b8c54efd1aed9d66,M26,4,4.74,6.02366783294,20
98,b98d74e7b8c54efd1aed9d66,M27,4,6.91,7.87554513908,30
98,b98d74e7b8c54efd1aed9d66,M28,4,5.34,6.62978090165,30
98,b98d74e7b8c54efd1aed9d66,M29,4,6.73,7.84261153735,30
98,b98d74e7b8c54efd1aed9d66,M30,4,4.14,4.81641297081,21
99,8b9b7a85e43384ce9dc9d4e5,M01,2,6.85,6.95254584571,10
99,8b9b7a85e43384ce9dc9d4e5,M02,2,9.05,8.86044559307,15
99,8b9b7a85e43384ce9dc9d4e5,M03,2,8.88,8.79629368409,21
99,8b9b7a85e43384ce9dc9d4e5,M04,2,8.15,8.49294025264,21
99,8b9b7a85e43384ce9dc9d4e5,M05,2,8.15,8.33898644311,21
99,8b9b7a85e43384ce9dc9d4e5,M06,2,11.32,10.5813656551,21
99,8b9b7a85e43384ce9dc9d4e5,M07,2,11.94,11.5605390714,30
99,8b9b7a85e43384ce9dc9d4e5,M08,2,16.21,15.6470468005,30
99,8b9b7a85e43384ce9dc9d4e5,M09,2,15.14,14.9371240603,30
99,8b9b7a85e43384ce9dc9d4e5,M10,2,17.92,16.2134994222,30
99,8b9b7a85e43384ce9dc9d4e5,M11,2,17.06,15.8039293602,30
99,8b9b7a85e43384ce9dc9d4e5,M12,2,22.43,20.769592404,45
99,8b9b7a85e43384ce9dc9d4e5,M13,2,22.17,20.4235360043,60
99,8b9b7a85e43384ce9dc9d4e5,M14,2,18.53,18.7714105743,60
99,8b9b7a85e43384ce9dc9d4e5,M15,2,21.94,20.730952114,60
99,8b9b7a85e43384ce9dc9d4e5,M16,2,49.13,39.535617987,100
99,8b9b7a85e43384ce9dc9d4e5,M17,2,6.52,6.49219571673,14
99,8b9b7a85e43384ce9dc9d4e5,M18,2,8.77,8.52410217327,21
99,8b9b7a85e43384ce9dc9d4e5,M19,2,7.05,7.26159121656,21
99,8b9b7a85e43384ce9dc9d4e5,M20,2,9.3,9.03921077767,20
99,8b9b7a85e43384ce9dc9d4e5,M21,2,6.71,7.07302293085,21
99,8b9b7a85e43384ce9dc9d4e5,M22,2,15.23,15.1304584675,45
99,8b9b7a85e43384ce9dc9d4e5,M23,2,12.78,13.3266394921,45
99,8b9b7a85e43384ce9dc9d4e5,M24,2,15.54,15.1449324156,45
99,8b9b7a85e43384ce9dc9d4e5,M25,2,13.43,11.9699129359,20
99,8b9b7a85e43384ce9dc9d4e5,M26,2,11.98,11.2847935521,20
99,8b9b7a85e43384ce9dc9d4e5,M27,2,14.93,14.0246247784,30
99,8b9b7a85e43384ce9dc9d4e5,M28,2,12.76,12.5805167196,30
99,8b9b7a85e43384ce9dc9d4e5,M29,2,14.68,13.9723984769,30
99,8b9b7a85e43384ce9dc9d4e5,M30,2,8.93,8.82115357298,21
100,7a9ff14e405dc4decdd4dd4f,M01,0,6.08,6.05756466822,10
100,7a9ff14e405dc4decdd4dd4f,M02,0,8.45,8.15176577778,15
100,7a9ff14e405dc4decdd4dd4f,M03,0,7.74,7.69438105206,21
100,7a9ff14e405dc4decdd4dd4f,M04,0,7.34,7.32901041703,21
100,7a9ff14e405dc4decdd4dd4f,M05,0,3.49,7.20537119769,21
100,7a9ff14e405dc4decdd4dd4f,M06,0,9.48,9.94948620224,21
100,7a9ff14e405dc4decdd4dd4f,M07,0,10.37,10.6573880464,30
100,7a9ff14e405dc4decdd4dd4f,M08,0,14.27,14.6285309596,30
100,7a9ff14e405dc4decdd4dd4f,M09,0,13.16,13.771740794,30
100,7a9ff14e405dc4decdd4dd4f,M10,0,16.04,15.3457404473,30
100,7a9ff14e405dc4decdd4dd4f,M11,0,14.84,14.7347237868,30
100,7a9ff14e405dc4decdd4dd4f,M12,0,19.15,18.3452257619,45
100,7a9ff14e405dc4decdd4dd4f,M13,0,17.27,17.5336158889,60
100,7a9ff14e405dc4decdd4dd4f,M14,0,14.07,15.1586057561,60
100,7a9ff14e405dc4decdd4dd4f,M15,0,18.83,18.2234878095,60
100,7a9ff14e405dc4decdd4dd4f,M16,0,36.61,40.1068867201,100
100,7a9ff14e405dc4decdd4dd4f,M17,0,5.6,5.82323957731,14
100,7a9ff14e405dc4decdd4dd4f,M18,0,7.78,7.64217441414,21
100,7a9ff14e405dc4decdd4dd4f,M19,0,5.57,6.21657889843,21
100,7a9ff14e405dc4decdd4dd4f,M20,0,7.95,8.85715922988,20
100,7a9ff14e405dc4decdd4dd4f,M21,0,5.87,6.21897390332,21
100,7a9ff14e405dc4decdd4dd4f,M22,0,12.25,13.9650035602,45
100,7a9ff14e405dc4decdd4dd4f,M23,0,10.17,11.3872163647,45
100,7a9ff14e405dc4decdd4dd4f,M24,0,13.16,14.325693592,45
100,7a9ff14e405dc4decdd4dd4f,M25,0,11.95,11.9951362855,20
100,7a9ff14e405dc4decdd4dd4f,M26,0,10.5,10.7787227576,20
100,7a9ff14e405dc4decdd4dd4f,M27,0,12.32,12.9005655614,30
100,7a9ff14e405dc4decdd4dd4f,M28,0,10.32,10.9909841255,30
100,7a9ff14e405dc4decdd4dd4f,M29,0,12.93,13.0374614821,30
100,7a9ff14e405dc4decdd4dd4f,M30,0,7.58,7.63474926129,21
101,3a06738b335793103289ffb6,M01,3,4.49,4.88725535931,10
101,3a06738b335793103289ffb6,M02,3,5.75,6.20138589544,15
101,3a06738b335793103289ffb6,M03,3,5.06,5.22662958819,21
101,3a06738b335793103289ffb6,M04,3,4.85,5.16462545488,21
101,3a06738b335793103289ffb6,M05,3,4.64,4.96704442136,21
101,3a06738b335793103289ffb6,M06,3,6.43,6.86149026906,21
101,3a06738b335793103289ffb6,M07,3,6.28,6.90362908525,30
101,3a06738b335793103289ffb6,M08,3,7.46,8.99962717749,30
101,3a06738b335793103289ffb6,M09,3,6.55,8.04891220357,30
101,3a06738b335793103289ffb6,M10,3,9.03,9.75069495527,30
101,3a06738b335793103289ffb6,M11,3,7.96,9.29114993506,30
101,3a06738b335793103289ffb6,M12,3,8.44,10.2552624603,45
101,3a06738b335793103289ffb6,M13,3,9.05,10.2861436739,60
101,3a06738b335793103289ffb6,M14,3,6.63,8.46128278299,60
101,3a06738b335793103289ffb6,M15,3,9.06,10.2382162063,60
101,3a06738b335793103289ffb6,M16,3,14.49,18.3959497288,100
101,3a06738b335793103289ffb6,M17,3,2.87,3.43421843223,14
101,3a06738b335793103289ffb6,M18,3,5.26,5.39708813675,21
101,3a06738b335793103289ffb6,M19,3,4.96,5.03146199167,21
101,3a06738b335793103289ffb6,M20,3,6.17,6.48302109957,20
101,3a06738b335793103289ffb6,M21,3,4.95,5.13946883461,21
101,3a06738b335793103289ffb6,M22,3,9.2,9.31731237518,45
101,3a06738b335793103289ffb6,M23,3,7.32,7.70642987845,45
101,3a06738b335793103289ffb6,M24,3,9.3,9.29272741414,45
101,3a06738b335793103289ffb6,M25,3,7.1,7.8045124955,20
101,3a06738b335793103289ffb6,M26,3,5.04,6.65418371484,20
101,3a06738b335793103289ffb6,M27,3,7.86,8.3894859788,30
101,3a06738b335793103289ffb6,M28,3,6.09,7.28344761383,30
101,3a06738b335793103289ffb6,M29,3,7.56,8.34755194394,30
101,3a06738b335793103289ffb6,M30,3,4.08,5.01682438906,21
102,aff25fa1ec688ab41c7f5099,M01,2,4.66,4.77664656371,10
102,aff25fa1ec688ab41c7f5099,M02,2,6.08,6.15898680952,15
102,aff25fa1ec688ab41c7f5099,M03,2,5.24,5.00627789066,21
102,aff25fa1ec688ab41c7f5099,M04,2,5.02,4.99021636364,21
102,aff25fa1ec688ab41c7f5099,M05,2,4.88,4.83195232995,21
102,aff25fa1ec688ab41c7f5099,M06,2,6.64,6.73505315396,21
102,aff25fa1ec688ab41c7f5099,M07,2,6.63,6.76724739261,30
102,aff25fa1ec688ab41c7f5099,M08,2,8.23,8.55686282107,30
102,aff25fa1ec688ab41c7f5099,M09,2,7.3,7.86505950938,30
102,aff25fa1ec688ab41c7f5099,M10,2,9.83,9.12023312843,30
102,aff25fa1ec688ab41c7f5099,M11,2,8.89,8.6551566811,30
102,aff25fa1ec688ab41c7f5099,M12,2,9.68,9.42480948052,45
102,aff25fa1ec688ab41c7f5099,M13,2,10,9.43278090909,60
102,aff25fa1ec688ab41c7f5099,M14,2,7.53,8.27180691908,60
102,aff25fa1ec688ab41c7f5099,M15,2,10,9.41938614719,60
102,aff25fa1ec688ab41c7f5099,M16,2,17.25,19.3196122078,100
102,aff25fa1ec688ab41c7f5099,M17,2,3.27,3.37702828738,14
102,aff25fa1ec688ab41c7f5099,M18,2,5.39,5.20656834088,21
102,aff25fa1ec688ab41c7f5099,M19,2,4.96,4.90478997014,21
102,aff25fa1ec688ab41c7f5099,M20,2,6.21,6.48204984724,20
102,aff25fa1ec688ab41c7f5099,M21,2,5.01,5.02226970174,21
102,aff25fa1ec688ab41c7f5099,M22,2,9.2,8.99484036364,45
102,aff25fa1ec688ab41c7f5099,M23,2,7.36,7.7628010807,45
102,aff25fa1ec688ab41c7f5099,M24,2,9.46,8.887446886,45
102,aff25fa1ec688ab41c7f5099,M25,2,7.28,7.29020976768,20
102,aff25fa1ec688ab41c7f5099,M26,2,5.14,6.22471116894,20
102,aff25fa1ec688ab41c7f5099,M27,2,7.81,8.04638995094,30
102,aff25fa1ec688ab41c7f5099,M28,2,7.05,6.9806925267,30
102,aff25fa1ec688ab41c7f5099,M29,2,8.14,7.89930716162,30
102,aff25fa1ec688ab41c7f5099,M30,2,4.21,4.72514145344,21
103,fafa20a4901e87c3d213e2c4,M01,0,4.95,4.67133497469,10
103,fafa20a4901e87c3d213e2c4,M02,0,6.51,5.94749585859,15
103,fafa20a4901e87c3d213e2c4,M03,0,5.59,4.97520008081,21
103,fafa20a4901e87c3d213e2c4,M04,0,5.3,4.95282301154,21
103,fafa20a4901e87c3d213e2c4,M05,0,5.13,4.73839987512,21
103,fafa20a4901e87c3d213e2c4,M06,0,7.06,6.5436521322,21
103,fafa20a4901e87c3d213e2c4,M07,0,7.15,6.47167990221,30
103,fafa20a4901e87c3d213e2c4,M08,0,9.24,8.15769397169,30
103,fafa20a4901e87c3d213e2c4,M09,0,8.23,7.31853269697,30
103,fafa20a4901e87c3d213e2c4,M10,0,10.92,8.82905753269,30
103,fafa20a4901e87c3d213e2c4,M11,0,9.9,8.42590702908,30
103,fafa20a4901e87c3d213e2c4,M12,0,11.12,8.97687376279,45
103,fafa20a4901e87c3d213e2c4,M13,0,11.26,9.16778244012,60
103,fafa20a4901e87c3d213e2c4,M14,0,8.56,7.42983902831,60
103,fafa20a4901e87c3d213e2c4,M15,0,11.37,9.16351254346,60
103,fafa20a4901e87c3d213e2c4,M16,0,20.25,16.802268759,100
103,fafa20a4901e87c3d213e2c4,M17,0,3.67,3.17426499811,14
103,fafa20a4901e87c3d213e2c4,M18,0,5.73,5.17719299345,21
103,fafa20a4901e87c3d213e2c4,M19,0,5.15,4.88943491053,21
103,fafa20a4901e87c3d213e2c4,M20,0,6.58,6.26818672283,20
103,fafa20a4901e87c3d213e2c4,M21,0,5.12,4.98807933478,21
103,fafa20a4901e87c3d213e2c4,M22,0,9.95,8.74416210989,45
103,fafa20a4901e87c3d213e2c4,M23,0,8.09,7.16438405395,45
103,fafa20a4901e87c3d213e2c4,M24,0,10.05,8.65078725741,45
103,fafa20a4901e87c3d213e2c4,M25,0,8.66,7.06497832312,20
103,fafa20a4901e87c3d213e2c4,M26,0,6.74,5.64518639072,20
103,fafa20a4901e87c3d213e2c4,M27,0,8.47,7.92945621356,30
103,fafa20a4901e87c3d213e2c4,M28,0,7.05,6.64204650849,30
103,fafa20a4901e87c3d213e2c4,M29,0,8.14,7.81175731169,30
103,fafa20a4901e87c3d213e2c4,M30,0,4.95,4.45305748707,21
104,3a7529da11b98d32d37eb9b2,M01,1,7.31,7.04738813642,10
104,3a7529da11b98d32d37eb9b2,M02,1,9.78,9.48030477478,15
104,3a7529da11b98d32d37eb9b2,M03,1,10.29,9.46713281385,21
104,3a7529da11b98d32d37eb9b2,M04,1,9.5,9.07639934199,21
104,3a7529da11b98d32d37eb9b2,M05,1,9.54,9.04280966089,21
104,3a7529da11b98d32d37eb9b2,M06,1,12.86,12.0059183709,21
104,3a7529da11b98d32d37eb9b2,M07,1,14.12,12.8212483413,30
104,3a7529da11b98d32d37eb9b2,M08,1,18.5,17.8468674892,30
104,3a7529da11b98d32d37eb9b2,M09,1,17.4,17.0964067273,30
104,3a7529da11b98d32d37eb9b2,M10,1,20.13,18.5860649711,30
104,3a7529da11b98d32d37eb9b2,M11,1,19.36,18.1478493475,30
104,3a7529da11b98d32d37eb9b2,M12,1,26.34,25.0918669808,45
104,3a7529da11b98d32d37eb9b2,M13,1,26.56,24.5963304549,60
104,3a7529da11b98d32d37eb9b2,M14,1,23.05,23.37806182,60
104,3a7529da11b98d32d37eb9b2,M15,1,26.79,25.0220265681,60
104,3a7529da11b98d32d37eb9b2,M16,1,54.88,48.2246436468,100
104,3a7529da11b98d32d37eb9b2,M17,1,7.33,6.96117552958,14
104,3a7529da11b98d32d37eb9b2,M18,1,10.07,9.19608752658,21
104,3a7529da11b98d32d37eb9b2,M19,1,9.14,7.6526534248,21
104,3a7529da11b98d32d37eb9b2,M20,1,11.44,9.6536278658,20
104,3a7529da11b98d32d37eb9b2,M21,1,8.71,7.46180861183,21
104,3a7529da11b98d32d37eb9b2,M22,1,21.42,16.8174990226,45
104,3a7529da11b98d32d37eb9b2,M23,1,18.23,15.0652957864,45
104,3a7529da11b98d32d37eb9b2,M24,1,21.96,16.8705898466,45
104,3a7529da11b98d32d37eb9b2,M25,1,14.27,13.3040916657,20
104,3a7529da11b98d32d37eb9b2,M26,1,12.95,12.6016077547,20
104,3a7529da11b98d32d37eb9b2,M27,1,16.77,15.8973775916,30
104,3a7529da11b98d32d37eb9b2,M28,1,14.82,14.5954061544,30
104,3a7529da11b98d32d37eb9b2,M29,1,16.71,15.8734448687,30
104,3a7529da11b98d32d37eb9b2,M30,1,10.31,9.48908124242,21
106,6a14fc3ef083f99a0815d5c0,M01,1,6.6,7.80996296537,10
106,6a14fc3ef083f99a0815d5c0,M02,1,8.76,10.3114045339,15
106,6a14fc3ef083f99a0815d5c0,M03,1,8.4,11.0127448354,21
106,6a14fc3ef083f99a0815d5c0,M04,1,7.68,10.5986312872,21
106,6a14fc3ef083f99a0815d5c0,M05,1,7.64,10.6005808541,21
106,6a14fc3ef083f99a0815d5c0,M06,1,10.65,13.9794794454,21
106,6a14fc3ef083f99a0815d5c0,M07,1,11.22,15.3540596347,30
106,6a14fc3ef083f99a0815d5c0,M08,1,15.34,19.7898795065,30
106,6a14fc3ef083f99a0815d5c0,M09,1,14.19,18.8608382763,30
106,6a14fc3ef083f99a0815d5c0,M10,1,17.09,20.8207800036,30
106,6a14fc3ef083f99a0815d5c0,M11,1,16.15,20.5506412828,30
106,6a14fc3ef083f99a0815d5c0,M12,1,20.97,28.3530523382,45
106,6a14fc3ef083f99a0815d5c0,M13,1,20.37,28.2479179948,60
106,6a14fc3ef083f99a0815d5c0,M14,1,16.83,25.616165293,60
106,6a14fc3ef083f99a0815d5c0,M15,1,20.31,28.4328672228,60
106,6a14fc3ef083f99a0815d5c0,M16,1,46.05,56.8758212828,100
106,6a14fc3ef083f99a0815d5c0,M17,1,6.18,7.84681163203,14
106,6a14fc3ef083f99a0815d5c0,M18,1,8.29,10.6860207055,21
106,6a14fc3ef083f99a0815d5c0,M19,1,6.85,9.36653726407,21
106,6a14fc3ef083f99a0815d5c0,M20,1,9.12,11.5916207364,20
106,6a14fc3ef083f99a0815d5c0,M21,1,6.61,8.98070107359,21
106,6a14fc3ef083f99a0815d5c0,M22,1,14.87,21.6633515216,45
106,6a14fc3ef083f99a0815d5c0,M23,1,12.44,18.5960036606,45
106,6a14fc3ef083f99a0815d5c0,M24,1,15.13,22.695387667,45
106,6a14fc3ef083f99a0815d5c0,M25,1,12.98,14.4803031816,20
106,6a14fc3ef083f99a0815d5c0,M26,1,11.57,13.507217746,20
106,6a14fc3ef083f99a0815d5c0,M27,1,14.11,17.4999790215,30
106,6a14fc3ef083f99a0815d5c0,M28,1,11.95,15.6472198246,30
106,6a14fc3ef083f99a0815d5c0,M29,1,13.91,17.5381765742,30
106,6a14fc3ef083f99a0815d5c0,M30,1,8.42,11.0402272279,21
107,2ca218591068dc3467fc728a,M01,1,7.64,7.46964971895,10
107,2ca218591068dc3467fc728a,M02,1,10.13,10.2374077254,15
107,2ca218591068dc3467fc728a,M03,1,10.85,10.4972646936,21
107,2ca218591068dc3467fc728a,M04,1,9.91,10.0491598953,21
107,2ca218591068dc3467fc728a,M05,1,10.02,10.0493633874,21
107,2ca218591068dc3467fc728a,M06,1,13.61,13.3868349639,21
107,2ca218591068dc3467fc728a,M07,1,14.88,14.6636239755,30
107,2ca218591068dc3467fc728a,M08,1,19.26,19.2967353521,30
107,2ca218591068dc3467fc728a,M09,1,17.39,18.3213003997,30
107,2ca218591068dc3467fc728a,M10,1,20.96,19.993901,30
107,2ca218591068dc3467fc728a,M11,1,20.01,19.5397575974,30
107,2ca218591068dc3467fc728a,M12,1,27.43,26.9586500823,45
107,2ca218591068dc3467fc728a,M13,1,28.21,26.8012989942,60
107,2ca218591068dc3467fc728a,M14,1,24.39,24.299465215,60
107,2ca218591068dc3467fc728a,M15,1,28.15,27.130537798,60
107,2ca218591068dc3467fc728a,M16,1,56.68,54.5031503896,100
107,2ca218591068dc3467fc728a,M17,1,7.63,7.48347975069,14
107,2ca218591068dc3467fc728a,M18,1,10.46,10.1792712226,21
107,2ca218591068dc3467fc728a,M19,1,9.18,8.39926489466,21
107,2ca218591068dc3467fc728a,M20,1,11.36,10.5855134115,20
107,2ca218591068dc3467fc728a,M21,1,8.51,8.27771248196,21
107,2ca218591068dc3467fc728a,M22,1,21.01,19.4959997042,45
107,2ca218591068dc3467fc728a,M23,1,17.63,17.0350665238,45
107,2ca218591068dc3467fc728a,M24,1,21.56,19.730171267,45
107,2ca218591068dc3467fc728a,M25,1,14.75,14.0024256196,20
107,2ca218591068dc3467fc728a,M26,1,13.4,13.2944894762,20
107,2ca218591068dc3467fc728a,M27,1,17.65,16.7946857258,30
107,2ca218591068dc3467fc728a,M28,1,15.52,15.3402818903,30
107,2ca218591068dc3467fc728a,M29,1,17.49,16.7467808427,30
107,2ca218591068dc3467fc728a,M30,1,10.9,10.542006519,21
108,87974590a2f5c545466b7087,M01,2,7.76,7.73669049095,10
108,87974590a2f5c545466b7087,M02,2,10.32,10.389590654,15
108,87974590a2f5c545466b7087,M03,2,11.29,11.0530570274,21
108,87974590a2f5c545466b7087,M04,2,10.45,10.701226153,21
108,87974590a2f5c545466b7087,M05,2,10.53,10.7182998095,21
108,87974590a2f5c545466b7087,M06,2,13.92,14.0752268456,21
108,87974590a2f5c545466b7087,M07,2,15.59,15.9285414949,30
108,87974590a2f5c545466b7087,M08,2,19.96,20.3813446681,30
108,87974590a2f5c545466b7087,M09,2,18.81,19.4296598563,30
108,87974590a2f5c545466b7087,M10,2,21.58,21.239458101,30
108,87974590a2f5c545466b7087,M11,2,20.81,20.8900018759,30
108,87974590a2f5c545466b7087,M12,2,28.69,29.0479431524,45
108,87974590a2f5c545466b7087,M13,2,29.18,28.9074910731,60
108,87974590a2f5c545466b7087,M14,2,25.55,26.2875939165,60
108,87974590a2f5c545466b7087,M15,2,29.83,29.264696796,60
108,87974590a2f5c545466b7087,M16,2,57.79,56.3614633511,100
108,87974590a2f5c545466b7087,M17,2,7.91,7.78249025719,14
108,87974590a2f5c545466b7087,M18,2,10.96,10.7720715079,21
108,87974590a2f5c545466b7087,M19,2,9.13,9.56550159474,21
108,87974590a2f5c545466b7087,M20,2,11.16,11.800976417,20
108,87974590a2f5c545466b7087,M21,2,8.54,9.37727632612,21
108,87974590a2f5c545466b7087,M22,2,20.4,22.2595574906,45
108,87974590a2f5c545466b7087,M23,2,17.22,20.0854008211,45
108,87974590a2f5c545466b7087,M24,2,21.2,23.1953122727,45
108,87974590a2f5c545466b7087,M25,2,14.9,14.5799424762,20
108,87974590a2f5c545466b7087,M26,2,13.6,13.8321245988,20
108,87974590a2f5c545466b7087,M27,2,18.02,18.0304637893,30
108,87974590a2f5c545466b7087,M28,2,16.01,16.3618361631,30
108,87974590a2f5c545466b7087,M29,2,18.1,18.1608511046,30
108,87974590a2f5c545466b7087,M30,2,11.3,11.1388318918,21
109,0481944a4fdf636307259eff,M01,2,4.85,4.61761107698,10
109,0481944a4fdf636307259eff,M02,2,6.29,5.64174251371,15
109,0481944a4fdf636307259eff,M03,2,5.43,4.85960742136,21
109,0481944a4fdf636307259eff,M04,2,5.15,4.81636330048,21
109,0481944a4fdf636307259eff,M05,2,5,4.65796416101,21
109,0481944a4fdf636307259eff,M06,2,6.87,6.30662163908,21
109,0481944a4fdf636307259eff,M07,2,6.91,6.07265195416,30
109,0481944a4fdf636307259eff,M08,2,8.65,7.40846048518,30
109,0481944a4fdf636307259eff,M09,2,7.58,6.77635800289,30
109,0481944a4fdf636307259eff,M10,2,10.33,7.82951102742,30
109,0481944a4fdf636307259eff,M11,2,9.31,7.34000091053,30
109,0481944a4fdf636307259eff,M12,2,10.23,8.20821526296,45
109,0481944a4fdf636307259eff,M13,2,10.62,8.30065273593,60
109,0481944a4fdf636307259eff,M14,2,7.98,7.16044426396,60
109,0481944a4fdf636307259eff,M15,2,10.65,8.45016561616,60
109,0481944a4fdf636307259eff,M16,2,18.33,17.1343315625,100
109,0481944a4fdf636307259eff,M17,2,3.46,3.02521657986,14
109,0481944a4fdf636307259eff,M18,2,5.57,5.12070989211,21
109,0481944a4fdf636307259eff,M19,2,5.23,4.80070470751,21
109,0481944a4fdf636307259eff,M20,2,6.8,5.90985182548,20
109,0481944a4fdf636307259eff,M21,2,5.24,4.94207662993,21
109,0481944a4fdf636307259eff,M22,2,10.37,8.04128468831,45
109,0481944a4fdf636307259eff,M23,2,8.35,6.82866234477,45
109,0481944a4fdf636307259eff,M24,2,10.53,7.99619753391,45
109,0481944a4fdf636307259eff,M25,2,6.82,6.40048527273,20
109,0481944a4fdf636307259eff,M26,2,4.94,5.31005421934,20
109,0481944a4fdf636307259eff,M27,2,7.28,7.21900956566,30
109,0481944a4fdf636307259eff,M28,2,5.56,6.14291878932,30
109,0481944a4fdf636307259eff,M29,2,7.32,7.19800788312,30
109,0481944a4fdf636307259eff,M30,2,4.39,4.55879441558,21
113,c135fd0963573003df9035bb,M01,3,7.67,8.30021624098,10
113,c135fd0963573003df9035bb,M02,3,10.2,10.9606155361,15
113,c135fd0963573003df9035bb,M03,3,11.09,12.4577032207,21
113,c135fd0963573003df9035bb,M04,3,10.24,11.6974967147,21
113,c135fd0963573003df9035bb,M05,3,10.34,11.7937163384,21
113,c135fd0963573003df9035bb,M06,3,13.81,15.3356036673,21
113,c135fd0963573003df9035bb,M07,3,15.34,17.2685481339,30
113,c135fd0963573003df9035bb,M08,3,19.71,21.7433907731,30
113,c135fd0963573003df9035bb,M09,3,18.51,20.4766823321,30
113,c135fd0963573003df9035bb,M10,3,21.32,23.0273590491,30
113,c135fd0963573003df9035bb,M11,3,20.47,22.6680796421,30
113,c135fd0963573003df9035bb,M12,3,28.37,31.7524894423,45
113,c135fd0963573003df9035bb,M13,3,29.16,32.1509569228,60
113,c135fd0963573003df9035bb,M14,3,25.7,29.4667327665,60
113,c135fd0963573003df9035bb,M15,3,29.18,32.4676483616,60
113,c135fd0963573003df9035bb,M16,3,57.83,60.8060545894,100
113,c135fd0963573003df9035bb,M17,3,7.79,8.44517034921,14
113,c135fd0963573003df9035bb,M18,3,10.75,11.8442331,21
113,c135fd0963573003df9035bb,M19,3,8.97,10.9152767678,21
113,c135fd0963573003df9035bb,M20,3,11.18,12.7649667922,20
113,c135fd0963573003df9035bb,M21,3,8.42,10.3678605919,21
113,c135fd0963573003df9035bb,M22,3,20.57,26.3096945944,45
113,c135fd0963573003df9035bb,M23,3,17.42,23.3860115166,45
113,c135fd0963573003df9035bb,M24,3,21.04,26.561509912,45
113,c135fd0963573003df9035bb,M25,3,14.81,15.5707368939,20
113,c135fd0963573003df9035bb,M26,3,13.53,14.4309473146,20
113,c135fd0963573003df9035bb,M27,3,17.93,19.5471728551,30
113,c135fd0963573003df9035bb,M28,3,15.96,17.8044327937,30
113,c135fd0963573003df9035bb,M29,3,17.76,19.5386759908,30
113,c135fd0963573003df9035bb,M30,3,11.15,12.525104173,21
114,5ab6d54df37caa459c1a457e,M25,3,12.55,13.6411498052,20
114,5ab6d54df37caa459c1a457e,M26,3,10.81,12.7753857799,20
114,5ab6d54df37caa459c1a457e,M27,3,12.79,15.8168352063,30
114,5ab6d54df37caa459c1a457e,M28,3,10.79,14.1647816349,30
114,5ab6d54df37caa459c1a457e,M29,3,13.25,15.8060689769,30
114,5ab6d54df37caa459c1a457e,M30,3,7.75,9.83278281752,21
115,1ab7eba89cafc88387549334,M01,3,8.27,8.07990649084,10
115,1ab7eba89cafc88387549334,M02,3,10.96,10.7628689726,15
115,1ab7eba89cafc88387549334,M03,3,12.64,12.1923557793,21
115,1ab7eba89cafc88387549334,M04,3,11.59,11.4791235197,21
115,1ab7eba89cafc88387549334,M05,3,11.77,11.5628961275,21
115,1ab7eba89cafc88387549334,M06,3,15.4,14.7223977201,21
115,1ab7eba89cafc88387549334,M07,3,17.69,16.7061373138,30
115,1ab7eba89cafc88387549334,M08,3,21.96,20.8886710514,30
115,1ab7eba89cafc88387549334,M09,3,20.48,19.7961502107,30
115,1ab7eba89cafc88387549334,M10,3,23.52,22.0492204978,30
115,1ab7eba89cafc88387549334,M11,3,22.59,21.684003062,30
115,1ab7eba89cafc88387549334,M12,3,32.12,31.4768215135,45
115,1ab7eba89cafc88387549334,M13,3,33.58,31.8406244255,60
115,1ab7eba89cafc88387549334,M14,3,30.28,29.4768595973,60
115,1ab7eba89cafc88387549334,M15,3,33.96,32.0967781313,60
115,1ab7eba89cafc88387549334,M16,3,62.65,59.6550516639,100
115,1ab7eba89cafc88387549334,M17,3,8.54,8.20606559762,14
115,1ab7eba89cafc88387549334,M18,3,12,11.6039750854,21
115,1ab7eba89cafc88387549334,M19,3,11.5,10.4626913348,21
115,1ab7eba89cafc88387549334,M20,3,13.3,12.4220404848,20
115,1ab7eba89cafc88387549334,M21,3,10.62,9.96601304762,21
115,1ab7eba89cafc88387549334,M22,3,27.56,24.3745763414,45
115,1ab7eba89cafc88387549334,M23,3,23.99,21.2951360236,45
115,1ab7eba89cafc88387549334,M24,3,27.94,24.7902546662,45
115,1ab7eba89cafc88387549334,M25,3,15.74,14.9721737695,20
115,1ab7eba89cafc88387549334,M26,3,14.48,14.2098261443,20
115,1ab7eba89cafc88387549334,M27,3,19.83,18.7704593797,30
115,1ab7eba89cafc88387549334,M28,3,17.98,17.2478615099,30
115,1ab7eba89cafc88387549334,M29,3,19.79,18.7834935046,30
115,1ab7eba89cafc88387549334,M30,3,12.69,12.2322273912,21
116,9a9b3db558991f39668b2741,M01,2,4.4,4.99828658164,10
116,9a9b3db558991f39668b2741,M02,2,5.58,6.12345966522,15
116,9a9b3db558991f39668b2741,M03,2,4.9,5.35137386303,21
116,9a9b3db558991f39668b2741,M04,2,4.78,5.27813385148,21
116,9a9b3db558991f39668b2741,M05,2,4.38,5.15355732767,21
116,9a9b3db558991f39668b2741,M06,2,6.3,7.19375114685,21
116,9a9b3db558991f39668b2741,M07,2,6.04,7.20612086092,30
116,9a9b3db558991f39668b2741,M08,2,7.49,8.97258811422,30
116,9a9b3db558991f39668b2741,M09,2,6.88,8.40195769553,30
116,9a9b3db558991f39668b2741,M10,2,8.89,9.39141046487,30
116,9a9b3db558991f39668b2741,M11,2,8.59,8.96587939105,30
116,9a9b3db558991f39668b2741,M12,2,8.51,10.1868996016,45
116,9a9b3db558991f39668b2741,M13,2,9.25,10.2409394622,60
116,9a9b3db558991f39668b2741,M14,2,7.26,9.06995966778,60
116,9a9b3db558991f39668b2741,M15,2,9.04,10.4517487904,60
116,9a9b3db558991f39668b2741,M16,2,16.16,24.5214873262,100
116,9a9b3db558991f39668b2741,M17,2,2.8,3.69727241991,14
116,9a9b3db558991f39668b2741,M18,2,5.16,5.51455908236,21
116,9a9b3db558991f39668b2741,M19,2,4.56,5.16614155234,21
116,9a9b3db558991f39668b2741,M20,2,5.48,6.67401574648,20
116,9a9b3db558991f39668b2741,M21,2,4.59,5.29752108192,21
116,9a9b3db558991f39668b2741,M22,2,7.9,9.32054331824,45
116,9a9b3db558991f39668b2741,M23,2,6.57,8.15669550072,45
116,9a9b3db558991f39668b2741,M24,2,7.67,9.33852689899,45
116,9a9b3db558991f39668b2741,M25,2,10.22,7.68762200788,20
116,9a9b3db558991f39668b2741,M26,2,8.66,6.80127413209,20
116,9a9b3db558991f39668b2741,M27,2,9.64,8.32831553169,30
116,9a9b3db558991f39668b2741,M28,2,8.09,7.27108872394,30
116,9a9b3db558991f39668b2741,M29,2,9.34,8.29738531158,30
116,9a9b3db558991f39668b2741,M30,2,5.93,5.1860706801,21
117,1012fb46ebf465147816dc29,M01,3,6.69,6.67481628727,10
117,1012fb46ebf465147816dc29,M02,3,8.94,8.76477496681,15
117,1012fb46ebf465147816dc29,M03,3,8.7,8.64084611255,21
117,1012fb46ebf465147816dc29,M04,3,7.98,8.19269314719,21
117,1012fb46ebf465147816dc29,M05,3,7.93,8.09832904473,21
117,1012fb46ebf465147816dc29,M06,3,11,11.7640252569,21
117,1012fb46ebf465147816dc29,M07,3,11.69,12.2817448405,30
117,1012fb46ebf465147816dc29,M08,3,15.9,16.176142112,30
117,1012fb46ebf465147816dc29,M09,3,14.76,15.5151615709,30
117,1012fb46ebf465147816dc29,M10,3,17.62,17.0010689292,30
117,1012fb46ebf465147816dc29,M11,3,16.79,16.6064853939,30
117,1012fb46ebf465147816dc29,M12,3,21.88,21.7615134531,45
117,1012fb46ebf465147816dc29,M13,3,21.35,21.4513117864,60
117,1012fb46ebf465147816dc29,M14,3,17.75,19.5025236871,60
117,1012fb46ebf465147816dc29,M15,3,21.51,21.7097946912,60
117,1012fb46ebf465147816dc29,M16,3,47.77,49.4718074618,100
117,1012fb46ebf465147816dc29,M17,3,6.33,6.60650693484,14
117,1012fb46ebf465147816dc29,M18,3,8.61,8.43782720635,21
117,1012fb46ebf465147816dc29,M19,3,7.82,7.3302087619,21
117,1012fb46ebf465147816dc29,M20,3,10.33,10.0472276494,20
117,1012fb46ebf465147816dc29,M21,3,7.55,7.27686221934,21
117,1012fb46ebf465147816dc29,M22,3,17.81,15.711005377,45
117,1012fb46ebf465147816dc29,M23,3,14.9,13.9949755584,45
117,1012fb46ebf465147816dc29,M24,3,18.31,15.7919143908,45
117,1012fb46ebf465147816dc29,M25,3,13.2,13.0855481818,20
117,1012fb46ebf465147816dc29,M26,3,11.79,12.2122900563,20
117,1012fb46ebf465147816dc29,M27,3,14.51,14.8014698312,30
117,1012fb46ebf465147816dc29,M28,3,12.41,13.1797261116,30
117,1012fb46ebf465147816dc29,M29,3,14.46,14.8173465498,30
117,1012fb46ebf465147816dc29,M30,3,8.72,8.62693977922,21
118,6382e37f456a6099a172d19e,M01,2,7.31,7.36090285281,10
118,6382e37f456a6099a172d19e,M02,2,9.78,10.1008291298,15
118,6382e37f456a6099a172d19e,M03,2,10.25,10.2967637329,21
118,6382e37f456a6099a172d19e,M04,2,9.43,9.9465886912,21
118,6382e37f456a6099a172d19e,M05,2,9.45,9.91855186436,21
118,6382e37f456a6099a172d19e,M06,2,12.8,12.9619808474,21
118,6382e37f456a6099a172d19e,M07,2,14.05,14.3819085642,30
118,6382e37f456a6099a172d19e,M08,2,18.42,18.6899357388,30
118,6382e37f456a6099a172d19e,M09,2,17.25,17.8266278615,30
118,6382e37f456a6099a172d19e,M10,2,20.08,19.3961250592,30
118,6382e37f456a6099a172d19e,M11,2,19.19,18.9960207287,30
118,6382e37f456a6099a172d19e,M12,2,26.19,26.7527251064,45
118,6382e37f456a6099a172d19e,M13,2,26.3,26.6365468366,60
118,6382e37f456a6099a172d19e,M14,2,22.71,23.952368993,60
118,6382e37f456a6099a172d19e,M15,2,26.4,26.8575457342,60
118,6382e37f456a6099a172d19e,M16,2,54.54,50.9142643492,100
118,6382e37f456a6099a172d19e,M17,2,7.29,7.34067540837,14
118,6382e37f456a6099a172d19e,M18,2,10.01,10.0526131126,21
118,6382e37f456a6099a172d19e,M19,2,8.5,8.10745715296,21
118,6382e37f456a6099a172d19e,M20,2,10.77,10.3365287706,20
118,6382e37f456a6099a172d19e,M21,2,8.08,8.05070197835,21
118,6382e37f456a6099a172d19e,M22,2,19.4,18.5673109408,45
118,6382e37f456a6099a172d19e,M23,2,16.41,16.2211279538,45
118,6382e37f456a6099a172d19e,M24,2,19.86,18.9365808211,45
118,6382e37f456a6099a172d19e,M25,2,14.23,13.9239246797,20
118,6382e37f456a6099a172d19e,M26,2,12.93,13.1509362626,20
118,6382e37f456a6099a172d19e,M27,2,16.7,16.81610057,30
118,6382e37f456a6099a172d19e,M28,2,14.7,15.1487125007,30
118,6382e37f456a6099a172d19e,M29,2,16.62,16.9236654069,30
118,6382e37f456a6099a172d19e,M30,2,10.29,10.3336210504,21
119,c488d0a9a839e2a349774985,M01,0,7.43,7.2123454127,10
119,c488d0a9a839e2a349774985,M02,0,9.87,9.78548954545,15
119,c488d0a9a839e2a349774985,M03,0,10.42,9.81353467233,21
119,c488d0a9a839e2a349774985,M04,0,9.63,9.43700637019,21
119,c488d0a9a839e2a349774985,M05,0,9.69,9.41911588389,21
119,c488d0a9a839e2a349774985,M06,0,13,12.708154103,21
119,c488d0a9a839e2a349774985,M07,0,14.3,14.0343598959,30
119,c488d0a9a839e2a349774985,M08,0,18.67,18.6779012748,30
119,c488d0a9a839e2a349774985,M09,0,17.57,17.6403996001,30
119,c488d0a9a839e2a349774985,M10,0,20.32,19.3765100936,30
119,c488d0a9a839e2a349774985,M11,0,19.62,18.9122077316,30
119,c488d0a9a839e2a349774985,M12,0,26.58,25.5840960491,45
119,c488d0a9a839e2a349774985,M13,0,26.82,25.4273532799,60
119,c488d0a9a839e2a349774985,M14,0,23.22,22.8521114838,60
119,c488d0a9a839e2a349774985,M15,0,27.27,25.6093738836,60
119,c488d0a9a839e2a349774985,M16,0,55.11,49.8468375992,100
119,c488d0a9a839e2a349774985,M17,0,7.41,7.16220355556,14
119,c488d0a9a839e2a349774985,M18,0,10.2,9.5749917215,21
119,c488d0a9a839e2a349774985,M19,0,7.81,7.61009851038,21
119,c488d0a9a839e2a349774985,M20,0,10.04,10.3050702347,20
119,c488d0a9a839e2a349774985,M21,0,7.41,7.55782627062,21
119,c488d0a9a839e2a349774985,M22,0,17.21,18.9918859348,45
119,c488d0a9a839e2a349774985,M23,0,14.51,16.4551050231,45
119,c488d0a9a839e2a349774985,M24,0,17.67,19.3016259377,45
119,c488d0a9a839e2a349774985,M25,0,14.36,13.7026962063,20
119,c488d0a9a839e2a349774985,M26,0,13.06,12.8415873911,20
119,c488d0a9a839e2a349774985,M27,0,16.95,16.4139317233,30
119,c488d0a9a839e2a349774985,M28,0,14.95,14.638193552,30
119,c488d0a9a839e2a349774985,M29,0,16.97,16.3854279902,30
119,c488d0a9a839e2a349774985,M30,0,10.45,9.91032019325,21
121,4ed737567275c0296b371cfd,M01,4,4.39,4.81984331058,10
121,4ed737567275c0296b371cfd,M02,4,5.3,5.86208445166,15
121,4ed737567275c0296b371cfd,M03,4,4.92,5.09324309091,21
121,4ed737567275c0296b371cfd,M04,4,4.58,5.00509014363,21
121,4ed737567275c0296b371cfd,M05,4,4.49,4.86302466722,21
121,4ed737567275c0296b371cfd,M06,4,6.27,6.57148102875,21
121,4ed737567275c0296b371cfd,M07,4,5.86,6.48702822067,30
121,4ed737567275c0296b371cfd,M08,4,6.24,8.79544629726,30
121,4ed737567275c0296b371cfd,M09,4,5.01,8.17487398124,30
121,4ed737567275c0296b371cfd,M10,4,7.9,9.18816974603,30
121,4ed737567275c0296b371cfd,M11,4,6.83,8.76964425108,30
121,4ed737567275c0296b371cfd,M12,4,6.73,9.26498410856,45
121,4ed737567275c0296b371cfd,M13,4,7.48,9.32448620058,60
121,4ed737567275c0296b371cfd,M14,4,4.62,8.20077317316,60
121,4ed737567275c0296b371cfd,M15,4,7.97,9.51106521645,60
121,4ed737567275c0296b371cfd,M16,4,9.69,15.0591261847,100
121,4ed737567275c0296b371cfd,M17,4,2.65,3.6266659657,14
121,4ed737567275c0296b371cfd,M18,4,5.08,5.21395945366,21
121,4ed737567275c0296b371cfd,M19,4,4.49,4.89433966944,21
121,4ed737567275c0296b371cfd,M20,4,5.01,6.17530951948,20
121,4ed737567275c0296b371cfd,M21,4,4.45,4.9801022977,21
121,4ed737567275c0296b371cfd,M22,4,6.88,8.79744829149,45
121,4ed737567275c0296b371cfd,M23,4,4.89,7.6046681241,45
121,4ed737567275c0296b371cfd,M24,4,6.75,8.81585689211,45
121,4ed737567275c0296b371cfd,M25,4,7.53,7.18622796881,20
121,4ed737567275c0296b371cfd,M26,4,5.34,6.3482466932,20
121,4ed737567275c0296b371cfd,M27,4,7.76,8.22454748629,30
121,4ed737567275c0296b371cfd,M28,4,5.94,7.08432575469,30
121,4ed737567275c0296b371cfd,M29,4,7.63,8.12522858153,30
121,4ed737567275c0296b371cfd,M30,4,4.91,4.97158682351,21
124,aa29578ed01a37d051f2f8b7,M01,4,6.74,5.76960743434,10
124,aa29578ed01a37d051f2f8b7,M02,4,9.34,7.43358483838,15
124,aa29578ed01a37d051f2f8b7,M03,4,9.26,6.68782750072,21
124,aa29578ed01a37d051f2f8b7,M04,4,8.53,6.45020400866,21
124,aa29578ed01a37d051f2f8b7,M05,4,8.37,6.1808644632,21
124,aa29578ed01a37d051f2f8b7,M06,4,11.77,8.62343264058,21
124,aa29578ed01a37d051f2f8b7,M07,4,12.81,8.96218699134,30
124,aa29578ed01a37d051f2f8b7,M08,4,16.93,12.5066468691,30
124,aa29578ed01a37d051f2f8b7,M09,4,16.18,11.4211886094,30
124,aa29578ed01a37d051f2f8b7,M10,4,18.71,13.0565199297,30
124,aa29578ed01a37d051f2f8b7,M11,4,17.63,12.3751559644,30
124,aa29578ed01a37d051f2f8b7,M12,4,24.05,15.7495494297,45
124,aa29578ed01a37d051f2f8b7,M13,4,22.31,14.9243420223,60
124,aa29578ed01a37d051f2f8b7,M14,4,18.86,13.0415994504,60
124,aa29578ed01a37d051f2f8b7,M15,4,23.1,15.6346145581,60
124,aa29578ed01a37d051f2f8b7,M16,4,49.03,28.007310889,100
124,aa29578ed01a37d051f2f8b7,M17,4,6.98,5.01896925253,14
124,aa29578ed01a37d051f2f8b7,M18,4,9.46,6.77445090043,21
124,aa29578ed01a37d051f2f8b7,M19,4,7.64,5.77521916883,21
124,aa29578ed01a37d051f2f8b7,M20,4,9.15,7.94061402875,20
124,aa29578ed01a37d051f2f8b7,M21,4,7.32,5.80903294949,21
124,aa29578ed01a37d051f2f8b7,M22,4,16.84,12.0147304387,45
124,aa29578ed01a37d051f2f8b7,M23,4,14.19,10.0244037532,45
124,aa29578ed01a37d051f2f8b7,M24,4,17.4,12.4358044935,45
124,aa29578ed01a37d051f2f8b7,M25,4,12.94,10.1924843389,20
124,aa29578ed01a37d051f2f8b7,M26,4,11.56,9.16879754113,20
124,aa29578ed01a37d051f2f8b7,M27,4,14.09,11.1599713261,30
124,aa29578ed01a37d051f2f8b7,M28,4,12.07,9.57484374492,30
124,aa29578ed01a37d051f2f8b7,M29,4,14.21,11.3647470462,30
124,aa29578ed01a37d051f2f8b7,M30,4,8.65,6.60799526263,21
128,ad3b009f5c46951acff42651,M01,1,5.95,6.47619692463,10
128,ad3b009f5c46951acff42651,M02,1,8.3,8.57574263969,15
128,ad3b009f5c46951acff42651,M03,1,7.73,8.40702201809,21
128,ad3b009f5c46951acff42651,M04,1,7.15,8.09478781929,21
128,ad3b009f5c46951acff42651,M05,1,6.86,7.75656335753,21
128,ad3b009f5c46951acff42651,M06,1,9.21,10.5103137814,21
128,ad3b009f5c46951acff42651,M07,1,10.28,11.2604511783,30
128,ad3b009f5c46951acff42651,M08,1,14.16,15.7352296681,30
128,ad3b009f5c46951acff42651,M09,1,13.03,15.0115998947,30
128,ad3b009f5c46951acff42651,M10,1,15.96,16.5800578672,30
128,ad3b009f5c46951acff42651,M11,1,14.8,16.1009080823,30
128,ad3b009f5c46951acff42651,M12,1,18.97,20.3925518485,45
128,ad3b009f5c46951acff42651,M13,1,16.91,19.8123834096,60
128,ad3b009f5c46951acff42651,M14,1,13.89,17.0619935299,60
128,ad3b009f5c46951acff42651,M15,1,18.36,20.3657125945,60
128,ad3b009f5c46951acff42651,M16,1,36.61,39.1658297045,100
128,ad3b009f5c46951acff42651,M17,1,5.69,6.2855617861,14
128,ad3b009f5c46951acff42651,M18,1,7.84,8.3352937457,21
128,ad3b009f5c46951acff42651,M19,1,6.19,6.80204432201,21
128,ad3b009f5c46951acff42651,M20,1,8.87,8.62001994827,20
128,ad3b009f5c46951acff42651,M21,1,6.34,6.69911541237,21
128,ad3b009f5c46951acff42651,M22,1,14.12,14.7865929247,45
128,ad3b009f5c46951acff42651,M23,1,11.47,12.201075355,45
128,ad3b009f5c46951acff42651,M24,1,16.53,14.9793553331,45
128,ad3b009f5c46951acff42651,M25,1,11.81,12.2546087288,20
128,ad3b009f5c46951acff42651,M26,1,10.43,11.1957814799,20
128,ad3b009f5c46951acff42651,M27,1,12.1,13.9842445688,30
128,ad3b009f5c46951acff42651,M28,1,10.19,11.7629190274,30
128,ad3b009f5c46951acff42651,M29,1,12.62,14.1336401185,30
128,ad3b009f5c46951acff42651,M30,1,7.15,8.38083927928,21
129,1de3e41098dfdbdb2adf0ebb,M01,1,5.63,5.27849599345,10
129,1de3e41098dfdbdb2adf0ebb,M02,1,7.52,6.6863117457,15
129,1de3e41098dfdbdb2adf0ebb,M03,1,6.57,5.85826493917,21
129,1de3e41098dfdbdb2adf0ebb,M04,1,6.13,5.6735397588,21
129,1de3e41098dfdbdb2adf0ebb,M05,1,5.94,5.55160485259,21
129,1de3e41098dfdbdb2adf0ebb,M06,1,8.28,7.98949854446,21
129,1de3e41098dfdbdb2adf0ebb,M07,1,8.6,8.09134611544,30
129,1de3e41098dfdbdb2adf0ebb,M08,1,12.11,11.2647139297,30
129,1de3e41098dfdbdb2adf0ebb,M09,1,11.18,10.4629611561,30
129,1de3e41098dfdbdb2adf0ebb,M10,1,13.75,11.6986449817,30
129,1de3e41098dfdbdb2adf0ebb,M11,1,12.87,11.1452115748,30
129,1de3e41098dfdbdb2adf0ebb,M12,1,15.82,13.2773377659,45
129,1de3e41098dfdbdb2adf0ebb,M13,1,14.8,12.9157090779,60
129,1de3e41098dfdbdb2adf0ebb,M14,1,12.18,11.7325931005,60
129,1de3e41098dfdbdb2adf0ebb,M15,1,14.87,13.1395549791,60
129,1de3e41098dfdbdb2adf0ebb,M16,1,32.4,33.1867442355,100
129,1de3e41098dfdbdb2adf0ebb,M17,1,4.81,4.3478324632,14
129,1de3e41098dfdbdb2adf0ebb,M18,1,6.7,5.96605631724,21
129,1de3e41098dfdbdb2adf0ebb,M19,1,5.72,5.50732880975,21
129,1de3e41098dfdbdb2adf0ebb,M20,1,7.85,7.58709149251,20
129,1de3e41098dfdbdb2adf0ebb,M21,1,5.66,5.55769328716,21
129,1de3e41098dfdbdb2adf0ebb,M22,1,12.12,10.65810886,45
129,1de3e41098dfdbdb2adf0ebb,M23,1,10.25,9.41870594994,45
129,1de3e41098dfdbdb2adf0ebb,M24,1,12.23,10.5244994459,45
129,1de3e41098dfdbdb2adf0ebb,M25,1,9.73,8.84391777578,20
129,1de3e41098dfdbdb2adf0ebb,M26,1,7.86,8.39318258442,20
129,1de3e41098dfdbdb2adf0ebb,M27,1,9.38,9.65378524387,30
129,1de3e41098dfdbdb2adf0ebb,M28,1,7.84,8.69811391964,30
129,1de3e41098dfdbdb2adf0ebb,M29,1,9.01,9.48017405628,30
129,1de3e41098dfdbdb2adf0ebb,M30,1,5.27,5.8305490101,21
130,cb76c9dc3ae475d3cc15b169,M01,1,8.29,8.24111852092,10
130,cb76c9dc3ae475d3cc15b169,M02,1,10.9,10.8966781919,15
130,cb76c9dc3ae475d3cc15b169,M03,1,12.56,12.4833090871,21
130,cb76c9dc3ae475d3cc15b169,M04,1,11.64,11.7404958525,21
130,cb76c9dc3ae475d3cc15b169,M05,1,11.79,11.8092701938,21
130,cb76c9dc3ae475d3cc15b169,M06,1,15.53,15.0045297388,21
130,cb76c9dc3ae475d3cc15b169,M07,1,17.57,17.1637415786,30
130,cb76c9dc3ae475d3cc15b169,M08,1,21.84,21.8645617647,30
130,cb76c9dc3ae475d3cc15b169,M09,1,20.58,20.5711644661,30
130,cb76c9dc3ae475d3cc15b169,M10,1,23.37,23.1347167892,30
130,cb76c9dc3ae475d3cc15b169,M11,1,22.57,22.7695346781,30
130,cb76c9dc3ae475d3cc15b169,M12,1,31.94,32.1391903746,45
130,cb76c9dc3ae475d3cc15b169,M13,1,33.54,32.8611594963,60
130,cb76c9dc3ae475d3cc15b169,M14,1,30.32,29.9436139931,60
130,cb76c9dc3ae475d3cc15b169,M15,1,33.68,33.0204904256,60
130,cb76c9dc3ae475d3cc15b169,M16,1,62.65,59.566226039,100
130,cb76c9dc3ae475d3cc15b169,M17,1,8.55,8.40444043434,14
130,cb76c9dc3ae475d3cc15b169,M18,1,12.05,11.8880678813,21
130,cb76c9dc3ae475d3cc15b169,M19,1,11.45,10.8772108959,21
130,cb76c9dc3ae475d3cc15b169,M20,1,13.29,12.7536899177,20
130,cb76c9dc3ae475d3cc15b169,M21,1,10.47,10.3359517532,21
130,cb76c9dc3ae475d3cc15b169,M22,1,27.07,26.2757663939,45
130,cb76c9dc3ae475d3cc15b169,M23,1,23.76,22.8893317229,45
130,cb76c9dc3ae475d3cc15b169,M24,1,27.59,26.2898540664,45
130,cb76c9dc3ae475d3cc15b169,M25,1,15.76,15.2908107532,20
130,cb76c9dc3ae475d3cc15b169,M26,1,14.53,14.1148673695,20
130,cb76c9dc3ae475d3cc15b169,M27,1,19.94,19.0434522177,30
130,cb76c9dc3ae475d3cc15b169,M28,1,17.94,17.2052451472,30
130,cb76c9dc3ae475d3cc15b169,M29,1,19.85,19.0695057501,30
130,cb76c9dc3ae475d3cc15b169,M30,1,12.61,12.5188577379,21
131,cb8f65e269eb26164eb899ea,M01,1,4.24,5.13531215107,10
131,cb8f65e269eb26164eb899ea,M02,1,5.72,6.66825094195,15
131,cb8f65e269eb26164eb899ea,M03,1,4.94,5.56733262338,21
131,cb8f65e269eb26164eb899ea,M04,1,4.57,5.30338920857,21
131,cb8f65e269eb26164eb899ea,M05,1,4.24,5.15117386103,21
131,cb8f65e269eb26164eb899ea,M06,1,6.28,7.29643224242,21
131,cb8f65e269eb26164eb899ea,M07,1,6.14,7.43523414841,30
131,cb8f65e269eb26164eb899ea,M08,1,7.71,9.70454885603,30
131,cb8f65e269eb26164eb899ea,M09,1,6.25,8.66645477178,30
131,cb8f65e269eb26164eb899ea,M10,1,9.15,10.4991892496,30
131,cb8f65e269eb26164eb899ea,M11,1,7.19,9.9669025772,30
131,cb8f65e269eb26164eb899ea,M12,1,8.87,11.6038047961,45
131,cb8f65e269eb26164eb899ea,M13,1,9.15,11.5153088278,60
131,cb8f65e269eb26164eb899ea,M14,1,7.34,10.4904198193,60
131,cb8f65e269eb26164eb899ea,M15,1,9.42,11.5244986561,60
131,cb8f65e269eb26164eb899ea,M16,1,17.11,24.3745534048,100
131,cb8f65e269eb26164eb899ea,M17,1,2.62,3.74474761616,14
131,cb8f65e269eb26164eb899ea,M18,1,5.06,5.47316569697,21
131,cb8f65e269eb26164eb899ea,M19,1,4.43,4.89866339749,21
131,cb8f65e269eb26164eb899ea,M20,1,5.22,6.42887669264,20
131,cb8f65e269eb26164eb899ea,M21,1,4.4,4.87324995305,21
131,cb8f65e269eb26164eb899ea,M22,1,7.35,9.08310307037,45
131,cb8f65e269eb26164eb899ea,M23,1,6.31,7.8651776125,45
131,cb8f65e269eb26164eb899ea,M24,1,7.15,8.98685706727,45
131,cb8f65e269eb26164eb899ea,M25,1,6.82,9.39885434488,20
131,cb8f65e269eb26164eb899ea,M26,1,5.07,8.56558879076,20
131,cb8f65e269eb26164eb899ea,M27,1,7.13,9.27489467499,30
131,cb8f65e269eb26164eb899ea,M28,1,5.56,8.16085616017,30
131,cb8f65e269eb26164eb899ea,M29,1,6.94,9.17277648773,30
131,cb8f65e269eb26164eb899ea,M30,1,4.39,5.66803934921,21
132,76675cb970506f4cb7f9b3ef,M01,4,8.55,7.94041881763,10
132,76675cb970506f4cb7f9b3ef,M02,4,11.22,10.7585475483,15
132,76675cb970506f4cb7f9b3ef,M03,4,13.08,12.0874891732,21
132,76675cb970506f4cb7f9b3ef,M04,4,12.01,11.5770506984,21
132,76675cb970506f4cb7f9b3ef,M05,4,12.27,11.6099306768,21
132,76675cb970506f4cb7f9b3ef,M06,4,15.88,14.7700891316,21
132,76675cb970506f4cb7f9b3ef,M07,4,18.32,16.759842153,30
132,76675cb970506f4cb7f9b3ef,M08,4,22.56,21.2565171739,30
132,76675cb970506f4cb7f9b3ef,M09,4,21.08,20.1251799748,30
132,76675cb970506f4cb7f9b3ef,M10,4,24.13,22.1734444228,30
132,76675cb970506f4cb7f9b3ef,M11,4,23.24,21.9360729524,30
132,76675cb970506f4cb7f9b3ef,M12,4,33.07,31.4566925931,45
132,76675cb970506f4cb7f9b3ef,M13,4,34.67,31.7472564747,60
132,76675cb970506f4cb7f9b3ef,M14,4,31.36,29.1484888604,60
132,76675cb970506f4cb7f9b3ef,M15,4,35.32,31.9783345541,60
132,76675cb970506f4cb7f9b3ef,M16,4,63.82,58.399070969,100
132,76675cb970506f4cb7f9b3ef,M17,4,8.81,8.05525704995,14
132,76675cb970506f4cb7f9b3ef,M18,4,12.4,11.6242117767,21
132,76675cb970506f4cb7f9b3ef,M19,4,12.19,10.429175312,21
132,76675cb970506f4cb7f9b3ef,M20,4,13.89,12.3873409683,20
132,76675cb970506f4cb7f9b3ef,M21,4,11.08,9.94837185426,21
132,76675cb970506f4cb7f9b3ef,M22,4,29.02,23.5631153896,45
132,76675cb970506f4cb7f9b3ef,M23,4,25.24,21.2982446306,45
132,76675cb970506f4cb7f9b3ef,M24,4,29.94,24.5854024848,45
132,76675cb970506f4cb7f9b3ef,M25,4,16.08,14.9907087189,20
132,76675cb970506f4cb7f9b3ef,M26,4,14.75,14.1539865368,20
132,76675cb970506f4cb7f9b3ef,M27,4,20.35,18.9829796499,30
132,76675cb970506f4cb7f9b3ef,M28,4,18.47,17.3432604867,30
132,76675cb970506f4cb7f9b3ef,M29,4,20.41,19.0513414926,30
132,76675cb970506f4cb7f9b3ef,M30,4,13.13,12.1213169485,21
133,bcd4d25e30d0907c8a1680f0,M01,4,7.95,6.9572213925,10
133,bcd4d25e30d0907c8a1680f0,M02,4,10.59,9.26499775524,15
133,bcd4d25e30d0907c8a1680f0,M03,4,11.79,9.25565121989,21
133,bcd4d25e30d0907c8a1680f0,M04,4,10.74,8.8647904531,21
133,bcd4d25e30d0907c8a1680f0,M05,4,10.93,8.77895993506,21
133,bcd4d25e30d0907c8a1680f0,M06,4,14.54,12.0202031212,21
133,bcd4d25e30d0907c8a1680f0,M07,4,16.36,12.8304205556,30
133,bcd4d25e30d0907c8a1680f0,M08,4,20.71,17.0745648097,30
133,bcd4d25e30d0907c8a1680f0,M09,4,19.28,16.2180083131,30
133,bcd4d25e30d0907c8a1680f0,M10,4,22.34,17.8535595731,30
133,bcd4d25e30d0907c8a1680f0,M11,4,21.37,17.4656431878,30
133,bcd4d25e30d0907c8a1680f0,M12,4,29.95,23.3089751732,45
133,bcd4d25e30d0907c8a1680f0,M13,4,30.98,23.0157850823,60
133,bcd4d25e30d0907c8a1680f0,M14,4,27.48,20.4560284793,60
133,bcd4d25e30d0907c8a1680f0,M15,4,31.25,23.2729184473,60
133,bcd4d25e30d0907c8a1680f0,M16,4,59.82,50.6115235469,100
133,bcd4d25e30d0907c8a1680f0,M17,4,8.03,6.8998152412,14
133,bcd4d25e30d0907c8a1680f0,M18,4,11.08,9.09331172006,21
133,bcd4d25e30d0907c8a1680f0,M19,4,10.69,7.7757031342,21
133,bcd4d25e30d0907c8a1680f0,M20,4,11.99,10.2292619476,20
133,bcd4d25e30d0907c8a1680f0,M21,4,9.1,7.69419565801,21
133,bcd4d25e30d0907c8a1680f0,M22,4,23.18,16.8199620029,45
133,bcd4d25e30d0907c8a1680f0,M23,4,19.42,14.8114022077,45
133,bcd4d25e30d0907c8a1680f0,M24,4,23.82,16.9458010043,45
133,bcd4d25e30d0907c8a1680f0,M25,4,15.24,13.2483545642,20
133,bcd4d25e30d0907c8a1680f0,M26,4,13.96,12.4149262092,20
133,bcd4d25e30d0907c8a1680f0,M27,4,18.77,15.3738144348,30
133,bcd4d25e30d0907c8a1680f0,M28,4,16.83,13.6876457142,30
133,bcd4d25e30d0907c8a1680f0,M29,4,18.78,15.4331230856,30
133,bcd4d25e30d0907c8a1680f0,M30,4,11.85,9.25870219392,21
134,a8b1cb2553507696b13260d8,M01,4,7.77,7.88650744012,10
134,a8b1cb2553507696b13260d8,M02,4,10.39,10.4996369913,15
134,a8b1cb2553507696b13260d8,M03,4,11.57,11.6487721616,21
134,a8b1cb2553507696b13260d8,M04,4,10.75,10.9786322991,21
134,a8b1cb2553507696b13260d8,M05,4,10.84,11.0232569038,21
134,a8b1cb2553507696b13260d8,M06,4,14.25,14.6285540014,21
134,a8b1cb2553507696b13260d8,M07,4,16.09,16.3960966186,30
134,a8b1cb2553507696b13260d8,M08,4,20.44,20.7611055661,30
134,a8b1cb2553507696b13260d8,M09,4,19.23,19.5685206926,30
134,a8b1cb2553507696b13260d8,M10,4,21.97,21.8274403014,30
134,a8b1cb2553507696b13260d8,M11,4,21.19,21.5292459628,30
134,a8b1cb2553507696b13260d8,M12,4,29.69,30.4695047143,45
134,a8b1cb2553507696b13260d8,M13,4,30.56,30.7170122338,60
134,a8b1cb2553507696b13260d8,M14,4,27.32,28.2513041479,60
134,a8b1cb2553507696b13260d8,M15,4,30.77,30.8656997504,60
134,a8b1cb2553507696b13260d8,M16,4,59.4,59.1550001133,100
134,a8b1cb2553507696b13260d8,M17,4,8.05,8.02407024387,14
134,a8b1cb2553507696b13260d8,M18,4,11.2,11.0782714463,21
134,a8b1cb2553507696b13260d8,M19,4,9.88,10.0413022098,21
134,a8b1cb2553507696b13260d8,M20,4,12.04,12.0710469899,20
134,a8b1cb2553507696b13260d8,M21,4,9.26,9.62202700977,21
134,a8b1cb2553507696b13260d8,M22,4,23.22,23.6691315195,45
134,a8b1cb2553507696b13260d8,M23,4,19.93,20.9059226991,45
134,a8b1cb2553507696b13260d8,M24,4,23.95,24.0251814249,45
134,a8b1cb2553507696b13260d8,M25,4,15.02,14.942260303,20
134,a8b1cb2553507696b13260d8,M26,4,13.8,13.9429063241,20
134,a8b1cb2553507696b13260d8,M27,4,18.45,18.6717360779,30
134,a8b1cb2553507696b13260d8,M28,4,16.59,16.87466614,30
134,a8b1cb2553507696b13260d8,M29,4,18.34,18.7185516291,30
134,a8b1cb2553507696b13260d8,M30,4,11.62,11.6556676638,21
135,2dbcd2c21100a96deb0fc79b,M01,0,7.74,7.35841389033,10
135,2dbcd2c21100a96deb0fc79b,M02,0,10.31,10.031849557,15
135,2dbcd2c21100a96deb0fc79b,M03,0,11.32,10.2067891269,21
135,2dbcd2c21100a96deb0fc79b,M04,0,10.46,9.79549058086,21
135,2dbcd2c21100a96deb0fc79b,M05,0,10.57,9.78215641203,21
135,2dbcd2c21100a96deb0fc79b,M06,0,13.99,13.0390237206,21
135,2dbcd2c21100a96deb0fc79b,M07,0,15.68,14.3634306866,30
135,2dbcd2c21100a96deb0fc79b,M08,0,20.04,19.2129665997,30
135,2dbcd2c21100a96deb0fc79b,M09,0,18.85,18.1529176623,30
135,2dbcd2c21100a96deb0fc79b,M10,0,21.65,19.9648725931,30
135,2dbcd2c21100a96deb0fc79b,M11,0,20.88,19.5608326048,30
135,2dbcd2c21100a96deb0fc79b,M12,0,28.91,26.9293497615,45
135,2dbcd2c21100a96deb0fc79b,M13,0,29.56,26.8159449086,60
135,2dbcd2c21100a96deb0fc79b,M14,0,26.07,24.2035196104,60
135,2dbcd2c21100a96deb0fc79b,M15,0,30.1,27.0315517196,60
135,2dbcd2c21100a96deb0fc79b,M16,0,58.24,53.0700675477,100
135,2dbcd2c21100a96deb0fc79b,M17,0,7.89,7.33604235065,14
135,2dbcd2c21100a96deb0fc79b,M18,0,10.96,9.9315977619,21
135,2dbcd2c21100a96deb0fc79b,M19,0,8.8,7.86390415729,21
135,2dbcd2c21100a96deb0fc79b,M20,0,10.92,10.6152425044,20
135,2dbcd2c21100a96deb0fc79b,M21,0,8.22,7.73294996759,21
135,2dbcd2c21100a96deb0fc79b,M22,0,19.73,19.715955039,45
135,2dbcd2c21100a96deb0fc79b,M23,0,16.75,17.1141305714,45
135,2dbcd2c21100a96deb0fc79b,M24,0,20.34,20.0266098788,45
135,2dbcd2c21100a96deb0fc79b,M25,0,14.9,13.9370495033,20
135,2dbcd2c21100a96deb0fc79b,M26,0,13.62,13.1007620678,20
135,2dbcd2c21100a96deb0fc79b,M27,0,18.11,16.7530259365,30
135,2dbcd2c21100a96deb0fc79b,M28,0,16.16,14.999922954,30
135,2dbcd2c21100a96deb0fc79b,M29,0,18.15,16.7582177994,30
135,2dbcd2c21100a96deb0fc79b,M30,0,11.35,10.2620914414,21
137,4d08869f6c27483a6a997511,M01,3,6.74,7.52391714719,10
137,4d08869f6c27483a6a997511,M02,3,9.04,10.1579867203,15
137,4d08869f6c27483a6a997511,M03,3,8.9,10.4250295311,21
137,4d08869f6c27483a6a997511,M04,3,8.26,10.0267725099,21
137,4d08869f6c27483a6a997511,M05,3,8.12,10.0519284782,21
137,4d08869f6c27483a6a997511,M06,3,11.15,13.4760765368,21
137,4d08869f6c27483a6a997511,M07,3,12.04,14.79597814,30
137,4d08869f6c27483a6a997511,M08,3,16.37,19.5666602771,30
137,4d08869f6c27483a6a997511,M09,3,15.42,18.411264645,30
137,4d08869f6c27483a6a997511,M10,3,18,20.2778138586,30
137,4d08869f6c27483a6a997511,M11,3,17.16,19.916705544,30
137,4d08869f6c27483a6a997511,M12,3,22.81,27.6846725665,45
137,4d08869f6c27483a6a997511,M13,3,22.06,27.6394116618,60
137,4d08869f6c27483a6a997511,M14,3,18.63,25.0177828445,60
137,4d08869f6c27483a6a997511,M15,3,22.19,27.8171132044,60
137,4d08869f6c27483a6a997511,M16,3,49.2,56.3437797951,100
137,4d08869f6c27483a6a997511,M17,3,6.53,7.52963918182,14
137,4d08869f6c27483a6a997511,M18,3,8.88,10.1322557157,21
137,4d08869f6c27483a6a997511,M19,3,7.15,8.99627527783,21
137,4d08869f6c27483a6a997511,M20,3,9.5,11.2614729307,20
137,4d08869f6c27483a6a997511,M21,3,6.99,8.78336619192,21
137,4d08869f6c27483a6a997511,M22,3,15.76,20.9391804287,45
137,4d08869f6c27483a6a997511,M23,3,13.35,18.8274304867,45
137,4d08869f6c27483a6a997511,M24,3,16.09,21.2373226397,45
137,4d08869f6c27483a6a997511,M25,3,13.26,14.2635185628,20
137,4d08869f6c27483a6a997511,M26,3,11.93,13.2965077576,20
137,4d08869f6c27483a6a997511,M27,3,14.77,17.3089685381,30
137,4d08869f6c27483a6a997511,M28,3,12.74,15.5434896277,30
137,4d08869f6c27483a6a997511,M29,3,14.68,17.2182490339,30
137,4d08869f6c27483a6a997511,M30,3,8.93,10.5493845917,21
138,fbb6ef4dd8eafc9c107d4009,M01,0,8.66,8.08798147619,10
138,fbb6ef4dd8eafc9c107d4009,M02,0,11.32,10.5692938387,15
138,fbb6ef4dd8eafc9c107d4009,M03,0,13.49,11.9547075589,21
138,fbb6ef4dd8eafc9c107d4009,M04,0,12.67,11.2815046018,21
138,fbb6ef4dd8eafc9c107d4009,M05,0,12.85,11.3114523421,21
138,fbb6ef4dd8eafc9c107d4009,M06,0,16.33,15.0005053102,21
138,fbb6ef4dd8eafc9c107d4009,M07,0,19.05,16.8658455742,30
138,fbb6ef4dd8eafc9c107d4009,M08,0,23.17,21.2634394956,30
138,fbb6ef4dd8eafc9c107d4009,M09,0,22.06,19.8003257157,30
138,fbb6ef4dd8eafc9c107d4009,M10,0,24.61,22.449014428,30
138,fbb6ef4dd8eafc9c107d4009,M11,0,23.94,22.1035450617,30
138,fbb6ef4dd8eafc9c107d4009,M12,0,34.37,31.3049391275,45
138,fbb6ef4dd8eafc9c107d4009,M13,0,36.42,31.9099736984,60
138,fbb6ef4dd8eafc9c107d4009,M14,0,33.55,29.0589781212,60
138,fbb6ef4dd8eafc9c107d4009,M15,0,36.6,32.0627240707,60
138,fbb6ef4dd8eafc9c107d4009,M16,0,65.77,61.5691932166,100
138,fbb6ef4dd8eafc9c107d4009,M17,0,9.09,8.24790189755,14
138,fbb6ef4dd8eafc9c107d4009,M18,0,12.97,11.4230008197,21
138,fbb6ef4dd8eafc9c107d4009,M19,0,12.28,10.4535355184,21
138,fbb6ef4dd8eafc9c107d4009,M20,0,13.91,12.5403944993,20
138,fbb6ef4dd8eafc9c107d4009,M21,0,11.32,9.84113187446,21
138,fbb6ef4dd8eafc9c107d4009,M22,0,29.16,25.8790394589,45
138,fbb6ef4dd8eafc9c107d4009,M23,0,25.5,23.1842252814,45
138,fbb6ef4dd8eafc9c107d4009,M24,0,29.94,26.1928558932,45
138,fbb6ef4dd8eafc9c107d4009,M25,0,16.27,15.2109214524,20
138,fbb6ef4dd8eafc9c107d4009,M26,0,15.01,14.2295679829,20
138,fbb6ef4dd8eafc9c107d4009,M27,0,20.92,18.9363459693,30
138,fbb6ef4dd8eafc9c107d4009,M28,0,19.21,17.1428764486,30
138,fbb6ef4dd8eafc9c107d4009,M29,0,20.72,18.9373678668,30
138,fbb6ef4dd8eafc9c107d4009,M30,0,13.55,11.9612661779,21
139,2cf7f8352a953b94c74c8f49,M01,1,5,5.69625232046,10
139,2cf7f8352a953b94c74c8f49,M02,1,6.54,6.6502931241,15
139,2cf7f8352a953b94c74c8f49,M03,1,5.6,5.98633720124,21
139,2cf7f8352a953b94c74c8f49,M04,1,5.31,5.93077077933,21
139,2cf7f8352a953b94c74c8f49,M05,1,5.21,5.77160192363,21
139,2cf7f8352a953b94c74c8f49,M06,1,7.1,7.958589223,21
139,2cf7f8352a953b94c74c8f49,M07,1,7.18,8.24736235209,30
139,2cf7f8352a953b94c74c8f49,M08,1,9.39,12.1773941853,30
139,2cf7f8352a953b94c74c8f49,M09,1,8.44,11.6536494089,30
139,2cf7f8352a953b94c74c8f49,M10,1,11.02,12.3859117164,30
139,2cf7f8352a953b94c74c8f49,M11,1,10.09,12.0121628593,30
139,2cf7f8352a953b94c74c8f49,M12,1,11.43,13.6554735461,45
139,2cf7f8352a953b94c74c8f49,M13,1,11.49,13.4020590383,60
139,2cf7f8352a953b94c74c8f49,M14,1,8.89,12.9010689748,60
139,2cf7f8352a953b94c74c8f49,M15,1,11.4,13.5940465548,60
139,2cf7f8352a953b94c74c8f49,M16,1,21.41,23.4712358585,100
139,2cf7f8352a953b94c74c8f49,M17,1,3.82,4.00925506926,14
139,2cf7f8352a953b94c74c8f49,M18,1,5.76,6.05955765146,21
139,2cf7f8352a953b94c74c8f49,M19,1,5.31,5.57453732323,21
139,2cf7f8352a953b94c74c8f49,M20,1,6.99,7.70898518837,20
139,2cf7f8352a953b94c74c8f49,M21,1,5.3,5.66767709957,21
139,2cf7f8352a953b94c74c8f49,M22,1,10.69,11.1918465641,45
139,2cf7f8352a953b94c74c8f49,M23,1,8.73,10.3467152015,45
139,2cf7f8352a953b94c74c8f49,M24,1,10.79,11.2503326262,45
139,2cf7f8352a953b94c74c8f49,M25,1,7.99,8.98706006926,20
139,2cf7f8352a953b94c74c8f49,M26,1,5.75,8.29449190188,20
139,2cf7f8352a953b94c74c8f49,M27,1,8.02,10.0916740418,30
139,2cf7f8352a953b94c74c8f49,M28,1,6.6,9.3140576821,30
139,2cf7f8352a953b94c74c8f49,M29,1,7.65,10.0253710216,30
139,2cf7f8352a953b94c74c8f49,M30,1,4.18,5.9348742301,21
140,4dc9a1238a5c5e15ddab6051,M01,3,5.49,4.96099116173,10
140,4dc9a1238a5c5e15ddab6051,M02,3,7.35,6.25713529804,15
140,4dc9a1238a5c5e15ddab6051,M03,3,6.36,5.27649269553,21
140,4dc9a1238a5c5e15ddab6051,M04,3,5.94,5.24673314663,21
140,4dc9a1238a5c5e15ddab6051,M05,3,5.78,5.05944112565,21
140,4dc9a1238a5c5e15ddab6051,M06,3,8.05,6.96473136375,21
140,4dc9a1238a5c5e15ddab6051,M07,3,8.32,7.05810806449,30
140,4dc9a1238a5c5e15ddab6051,M08,3,11.66,9.4220178749,30
140,4dc9a1238a5c5e15ddab6051,M09,3,10.68,8.38115573748,30
140,4dc9a1238a5c5e15ddab6051,M10,3,13.3,10.1799825445,30
140,4dc9a1238a5c5e15ddab6051,M11,3,12.41,9.65854970707,30
140,4dc9a1238a5c5e15ddab6051,M12,3,15.09,10.9888148263,45
140,4dc9a1238a5c5e15ddab6051,M13,3,14.27,10.9667272934,60
140,4dc9a1238a5c5e15ddab6051,M14,3,11.65,8.98766391919,60
140,4dc9a1238a5c5e15ddab6051,M15,3,14.24,10.9093604644,60
140,4dc9a1238a5c5e15ddab6051,M16,3,30.66,19.675940936,100
140,4dc9a1238a5c5e15ddab6051,M17,3,4.6,3.56493691275,14
140,4dc9a1238a5c5e15ddab6051,M18,3,6.49,5.42538380009,21
140,4dc9a1238a5c5e15ddab6051,M19,3,5.72,5.07820969442,21
140,4dc9a1238a5c5e15ddab6051,M20,3,7.83,6.53619149584,20
140,4dc9a1238a5c5e15ddab6051,M21,3,5.68,5.16912403275,21
140,4dc9a1238a5c5e15ddab6051,M22,3,12.14,9.67900015873,45
140,4dc9a1238a5c5e15ddab6051,M23,3,10.22,7.92316305339,45
140,4dc9a1238a5c5e15ddab6051,M24,3,12.28,9.63862196825,45
140,4dc9a1238a5c5e15ddab6051,M25,3,9.9,7.88574154113,20
140,4dc9a1238a5c5e15ddab6051,M26,3,7.94,6.82177696248,20
140,4dc9a1238a5c5e15ddab6051,M27,3,9.63,8.61102440859,30
140,4dc9a1238a5c5e15ddab6051,M28,3,8,7.40643715584,30
140,4dc9a1238a5c5e15ddab6051,M29,3,9.11,8.56017051227,30
140,4dc9a1238a5c5e15ddab6051,M30,3,5.29,5.04393046898,21
141,0d0b0a46ce9ecd81eed45455,M01,4,7.74,8.27110228283,10
141,0d0b0a46ce9ecd81eed45455,M02,4,10.31,10.9313080505,15
141,0d0b0a46ce9ecd81eed45455,M03,4,11.3,12.3017250548,21
141,0d0b0a46ce9ecd81eed45455,M04,4,10.4,11.7015432367,21
141,0d0b0a46ce9ecd81eed45455,M05,4,10.49,11.7474000693,21
141,0d0b0a46ce9ecd81eed45455,M06,4,13.99,15.3752241443,21
141,0d0b0a46ce9ecd81eed45455,M07,4,15.65,17.4280648038,30
141,0d0b0a46ce9ecd81eed45455,M08,4,20.02,21.80617471,30
141,0d0b0a46ce9ecd81eed45455,M09,4,18.78,20.5927932727,30
141,0d0b0a46ce9ecd81eed45455,M10,4,21.61,22.9588663933,30
141,0d0b0a46ce9ecd81eed45455,M11,4,20.7,22.6353197021,30
141,0d0b0a46ce9ecd81eed45455,M12,4,28.9,32.2909174461,45
141,0d0b0a46ce9ecd81eed45455,M13,4,29.67,32.7083855442,60
141,0d0b0a46ce9ecd81eed45455,M14,4,26.17,30.2807323855,60
141,0d0b0a46ce9ecd81eed45455,M15,4,29.78,32.8748563379,60
141,0d0b0a46ce9ecd81eed45455,M16,4,58.37,60.5480023276,100
141,0d0b0a46ce9ecd81eed45455,M17,4,7.87,8.37103323088,14
141,0d0b0a46ce9ecd81eed45455,M18,4,10.92,11.7577761475,21
141,0d0b0a46ce9ecd81eed45455,M19,4,9.45,10.9769649419,21
141,0d0b0a46ce9ecd81eed45455,M20,4,11.64,12.2115115541,20
141,0d0b0a46ce9ecd81eed45455,M21,4,8.78,10.3885020632,21
141,0d0b0a46ce9ecd81eed45455,M22,4,21.89,25.8596544669,45
141,0d0b0a46ce9ecd81eed45455,M23,4,18.59,23.1620681799,45
141,0d0b0a46ce9ecd81eed45455,M24,4,22.42,26.108504451,45
141,0d0b0a46ce9ecd81eed45455,M25,4,14.9,15.5060842713,20
141,0d0b0a46ce9ecd81eed45455,M26,4,13.62,14.442133875,20
141,0d0b0a46ce9ecd81eed45455,M27,4,18.13,19.3438802637,30
141,0d0b0a46ce9ecd81eed45455,M28,4,16.2,17.7305905411,30
141,0d0b0a46ce9ecd81eed45455,M29,4,18.02,19.2561307082,30
141,0d0b0a46ce9ecd81eed45455,M30,4,11.35,12.3328954333,21
143,8911f3588631f37c7617db17,M01,2,8.41,8.20417856111,10
143,8911f3588631f37c7617db17,M02,2,11.06,10.942295226,15
143,8911f3588631f37c7617db17,M03,2,12.93,12.3793036854,21
143,8911f3588631f37c7617db17,M04,2,11.72,11.5836952668,21
143,8911f3588631f37c7617db17,M05,2,12.03,11.6682506103,21
143,8911f3588631f37c7617db17,M06,2,15.68,15.2845710765,21
143,8911f3588631f37c7617db17,M07,2,18.02,17.2556217345,30
143,8911f3588631f37c7617db17,M08,2,22.34,21.6854599466,30
143,8911f3588631f37c7617db17,M09,2,20.67,20.4688611775,30
143,8911f3588631f37c7617db17,M10,2,23.76,22.9000754921,30
143,8911f3588631f37c7617db17,M11,2,22.82,22.5803776162,30
143,8911f3588631f37c7617db17,M12,2,32.46,31.8622185526,45
143,8911f3588631f37c7617db17,M13,2,34.12,32.4247780563,60
143,8911f3588631f37c7617db17,M14,2,31.03,29.8393069423,60
143,8911f3588631f37c7617db17,M15,2,34.26,32.6806820851,60
143,8911f3588631f37c7617db17,M16,2,63.34,61.5928734694,100
143,8911f3588631f37c7617db17,M17,2,8.75,8.40071877589,14
143,8911f3588631f37c7617db17,M18,2,12.58,11.7374922827,21
143,8911f3588631f37c7617db17,M19,2,11.59,11.0033338216,21
143,8911f3588631f37c7617db17,M20,2,14.21,12.7135567561,20
143,8911f3588631f37c7617db17,M21,2,10.6,10.260033645,21
143,8911f3588631f37c7617db17,M22,2,27.74,25.7522230202,45
143,8911f3588631f37c7617db17,M23,2,24.03,22.7345990506,45
143,8911f3588631f37c7617db17,M24,2,28.2,26.1843071932,45
143,8911f3588631f37c7617db17,M25,2,15.9,15.4780636335,20
143,8911f3588631f37c7617db17,M26,2,14.62,14.3994819007,20
143,8911f3588631f37c7617db17,M27,2,20.05,19.500202089,30
143,8911f3588631f37c7617db17,M28,2,18.26,17.7590439192,30
143,8911f3588631f37c7617db17,M29,2,19.94,19.4919094512,30
143,8911f3588631f37c7617db17,M30,2,13.07,12.4352463377,21
144,2c5d43f76182fb5235fb9b35,M01,3,8.18,8.05270632179,10
144,2c5d43f76182fb5235fb9b35,M02,3,10.78,10.742142222,15
144,2c5d43f76182fb5235fb9b35,M03,3,12.23,11.5511040885,21
144,2c5d43f76182fb5235fb9b35,M04,3,11.27,10.9912969033,21
144,2c5d43f76182fb5235fb9b35,M05,3,11.45,11.0428563091,21
144,2c5d43f76182fb5235fb9b35,M06,3,15.1,14.6944117792,21
144,2c5d43f76182fb5235fb9b35,M07,3,17.04,16.3946116638,30
144,2c5d43f76182fb5235fb9b35,M08,3,21.36,20.9227213247,30
144,2c5d43f76182fb5235fb9b35,M09,3,20.04,19.6817044719,30
144,2c5d43f76182fb5235fb9b35,M10,3,22.94,21.7842474488,30
144,2c5d43f76182fb5235fb9b35,M11,3,22.07,21.4418883377,30
144,2c5d43f76182fb5235fb9b35,M12,3,31.05,31.0926596898,45
144,2c5d43f76182fb5235fb9b35,M13,3,32.57,31.5086212727,60
144,2c5d43f76182fb5235fb9b35,M14,3,29.1,28.4388650224,60
144,2c5d43f76182fb5235fb9b35,M15,3,32.58,31.7220004618,60
144,2c5d43f76182fb5235fb9b35,M16,3,61.59,60.9109246098,100
144,2c5d43f76182fb5235fb9b35,M17,3,8.39,8.1410336176,14
144,2c5d43f76182fb5235fb9b35,M18,3,11.7,11.1220316392,21
144,2c5d43f76182fb5235fb9b35,M19,3,10.8,10.2857716541,21
144,2c5d43f76182fb5235fb9b35,M20,3,12.8,12.5447834055,20
144,2c5d43f76182fb5235fb9b35,M21,3,9.9,9.90226242502,21
144,2c5d43f76182fb5235fb9b35,M22,3,25.48,23.7940725805,45
144,2c5d43f76182fb5235fb9b35,M23,3,21.78,21.2911111356,45
144,2c5d43f76182fb5235fb9b35,M24,3,26.02,24.2894749545,45
144,2c5d43f76182fb5235fb9b35,M25,3,15.57,15.1019910682,20
144,2c5d43f76182fb5235fb9b35,M26,3,14.28,14.0422996277,20
144,2c5d43f76182fb5235fb9b35,M27,3,19.43,18.4730980709,30
144,2c5d43f76182fb5235fb9b35,M28,3,17.52,17.0460677201,30
144,2c5d43f76182fb5235fb9b35,M29,3,19.28,18.4507091312,30
144,2c5d43f76182fb5235fb9b35,M30,3,12.28,11.6123573901,21
145,b059278e30a9ae7d8bf4fd90,M01,2,6.2,6.04530984016,10
145,b059278e30a9ae7d8bf4fd90,M02,2,8.26,7.73069753402,15
145,b059278e30a9ae7d8bf4fd90,M03,2,7.58,7.04977981063,21
145,b059278e30a9ae7d8bf4fd90,M04,2,6.82,6.57117410956,21
145,b059278e30a9ae7d8bf4fd90,M05,2,6.71,6.37179352081,21
145,b059278e30a9ae7d8bf4fd90,M06,2,9.62,9.09551319703,21
145,b059278e30a9ae7d8bf4fd90,M07,2,10.09,9.4320740111,30
145,b059278e30a9ae7d8bf4fd90,M08,2,14.2,13.5036367662,30
145,b059278e30a9ae7d8bf4fd90,M09,2,12.9,12.457080583,30
145,b059278e30a9ae7d8bf4fd90,M10,2,15.77,14.1323677359,30
145,b059278e30a9ae7d8bf4fd90,M11,2,14.7,13.6340386681,30
145,b059278e30a9ae7d8bf4fd90,M12,2,19.29,17.4395737623,45
145,b059278e30a9ae7d8bf4fd90,M13,2,18.14,16.6349486484,60
145,b059278e30a9ae7d8bf4fd90,M14,2,15.09,14.7304753625,60
145,b059278e30a9ae7d8bf4fd90,M15,2,17.93,16.9874979629,60
145,b059278e30a9ae7d8bf4fd90,M16,2,42.23,38.3830995126,100
145,b059278e30a9ae7d8bf4fd90,M17,2,5.46,5.23770259596,14
145,b059278e30a9ae7d8bf4fd90,M18,2,7.44,6.81841457498,21
145,b059278e30a9ae7d8bf4fd90,M19,2,6.16,5.96812405839,21
145,b059278e30a9ae7d8bf4fd90,M20,2,8.45,8.329536,20
145,b059278e30a9ae7d8bf4fd90,M21,2,5.99,5.89829443068,21
145,b059278e30a9ae7d8bf4fd90,M22,2,13.22,12.5959628918,45
145,b059278e30a9ae7d8bf4fd90,M23,2,11.27,10.6978501264,45
145,b059278e30a9ae7d8bf4fd90,M24,2,13.3,12.5040227209,45
145,b059278e30a9ae7d8bf4fd90,M25,2,12.31,11.4189799382,20
145,b059278e30a9ae7d8bf4fd90,M26,2,10.92,10.436865342,20
145,b059278e30a9ae7d8bf4fd90,M27,2,12.89,12.1373623781,30
145,b059278e30a9ae7d8bf4fd90,M28,2,10.89,10.4836258052,30
145,b059278e30a9ae7d8bf4fd90,M29,2,12.52,12.0638018297,30
145,b059278e30a9ae7d8bf4fd90,M30,2,7.62,7.06351790587,21
146,58130070690af2c368385354,M01,0,3.76,5.04492821356,10
146,58130070690af2c368385354,M02,0,3.74,6.14483635836,15
146,58130070690af2c368385354,M03,0,4.24,5.39657478544,21
146,58130070690af2c368385354,M04,0,3.64,5.29067380231,21
146,58130070690af2c368385354,M05,0,3.56,5.11435183261,21
146,58130070690af2c368385354,M06,0,5.5,7.25229220912,21
146,58130070690af2c368385354,M07,0,4.56,7.15122755544,30
146,58130070690af2c368385354,M08,0,3.74,9.08006900033,30
146,58130070690af2c368385354,M09,0,2.55,8.19627408081,30
146,58130070690af2c368385354,M10,0,5.1,9.60178807359,30
146,58130070690af2c368385354,M11,0,3.92,9.18627739827,30
146,58130070690af2c368385354,M12,0,3.77,10.0573402453,45
146,58130070690af2c368385354,M13,0,5.35,10.1317200938,60
146,58130070690af2c368385354,M14,0,2.51,8.68047061006,60
146,58130070690af2c368385354,M15,0,5.69,10.2767897691,60
146,58130070690af2c368385354,M16,0,6.07,19.8880239264,100
146,58130070690af2c368385354,M17,0,1.93,3.64749778932,14
146,58130070690af2c368385354,M18,0,4.6,5.41129290909,21
146,58130070690af2c368385354,M19,0,3.71,4.95584407115,21
146,58130070690af2c368385354,M20,0,4.7,6.66653258575,20
146,58130070690af2c368385354,M21,0,4.2,4.98107352137,21
146,58130070690af2c368385354,M22,0,5.51,8.64151812266,45
146,58130070690af2c368385354,M23,0,2.96,7.56384898701,45
146,58130070690af2c368385354,M24,0,5.64,8.70033109413,45
146,58130070690af2c368385354,M25,0,6.02,8.76089076623,20
146,58130070690af2c368385354,M26,0,4.28,7.86665781907,20
146,58130070690af2c368385354,M27,0,6.57,8.89428346609,30
146,58130070690af2c368385354,M28,0,4.96,7.68332235209,30
146,58130070690af2c368385354,M29,0,6.48,8.80254563059,30
146,58130070690af2c368385354,M30,0,4.25,5.4380779748,21
147,1d7746b0a53dab9391e34d68,M01,4,7.83,7.58575549784,10
147,1d7746b0a53dab9391e34d68,M02,4,10.45,10.0593503911,15
147,1d7746b0a53dab9391e34d68,M03,4,11.66,10.5961177157,21
147,1d7746b0a53dab9391e34d68,M04,4,10.73,10.0163492843,21
147,1d7746b0a53dab9391e34d68,M05,4,10.84,10.0122777561,21
147,1d7746b0a53dab9391e34d68,M06,4,14.28,13.6855040678,21
147,1d7746b0a53dab9391e34d68,M07,4,16.23,15.226621646,30
147,1d7746b0a53dab9391e34d68,M08,4,20.57,19.4717752814,30
147,1d7746b0a53dab9391e34d68,M09,4,19.27,18.2515121934,30
147,1d7746b0a53dab9391e34d68,M10,4,22.11,20.3930670412,30
147,1d7746b0a53dab9391e34d68,M11,4,21.24,20.0171354293,30
147,1d7746b0a53dab9391e34d68,M12,4,29.88,27.9163833541,45
147,1d7746b0a53dab9391e34d68,M13,4,30.65,27.9521542949,60
147,1d7746b0a53dab9391e34d68,M14,4,27.34,25.34552943,60
147,1d7746b0a53dab9391e34d68,M15,4,31.03,28.0712541319,60
147,1d7746b0a53dab9391e34d68,M16,4,59.54,57.3617980303,100
147,1d7746b0a53dab9391e34d68,M17,4,8.03,7.63340947908,14
147,1d7746b0a53dab9391e34d68,M18,4,11.21,10.2642200967,21
147,1d7746b0a53dab9391e34d68,M19,4,10.53,8.80905464613,21
147,1d7746b0a53dab9391e34d68,M20,4,12.61,11.2350485786,20
147,1d7746b0a53dab9391e34d68,M21,4,9.85,8.6286964369,21
147,1d7746b0a53dab9391e34d68,M22,4,25.08,20.5207025931,45
147,1d7746b0a53dab9391e34d68,M23,4,21.77,17.8007720007,45
147,1d7746b0a53dab9391e34d68,M24,4,25.64,20.9084641854,45
147,1d7746b0a53dab9391e34d68,M25,4,15.04,14.4004328701,20
147,1d7746b0a53dab9391e34d68,M26,4,13.82,13.4046353289,20
147,1d7746b0a53dab9391e34d68,M27,4,18.49,17.3855354127,30
147,1d7746b0a53dab9391e34d68,M28,4,16.64,15.6662880851,30
147,1d7746b0a53dab9391e34d68,M29,4,18.51,17.4498730476,30
147,1d7746b0a53dab9391e34d68,M30,4,11.7,10.6296371602,21
148,1b9952df1d11d663488fce0b,M01,2,7.35,7.30589622078,10
148,1b9952df1d11d663488fce0b,M02,2,9.84,9.89103546753,15
148,1b9952df1d11d663488fce0b,M03,2,10.4,9.99449682107,21
148,1b9952df1d11d663488fce0b,M04,2,9.58,9.6866301342,21
148,1b9952df1d11d663488fce0b,M05,2,9.6,9.65506167388,21
148,1b9952df1d11d663488fce0b,M06,2,12.95,12.9626272367,21
148,1b9952df1d11d663488fce0b,M07,2,14.31,14.2244431263,30
148,1b9952df1d11d663488fce0b,M08,2,18.7,18.2660354299,30
148,1b9952df1d11d663488fce0b,M09,2,17.56,17.6104755526,30
148,1b9952df1d11d663488fce0b,M10,2,20.3,18.7726207102,30
148,1b9952df1d11d663488fce0b,M11,2,19.49,18.4203389007,30
148,1b9952df1d11d663488fce0b,M12,2,26.72,25.9314274343,45
148,1b9952df1d11d663488fce0b,M13,2,26.91,25.7753396133,60
148,1b9952df1d11d663488fce0b,M14,2,23.41,23.715676039,60
148,1b9952df1d11d663488fce0b,M15,2,27.11,26.014180228,60
148,1b9952df1d11d663488fce0b,M16,2,55.33,52.9989465209,100
148,1b9952df1d11d663488fce0b,M17,2,7.35,7.25619017316,14
148,1b9952df1d11d663488fce0b,M18,2,10.15,9.80970934488,21
148,1b9952df1d11d663488fce0b,M19,2,9,8.17699562915,21
148,1b9952df1d11d663488fce0b,M20,2,11.32,10.660279329,20
148,1b9952df1d11d663488fce0b,M21,2,8.54,8.11261562915,21
148,1b9952df1d11d663488fce0b,M22,2,21.01,18.4217689396,45
148,1b9952df1d11d663488fce0b,M23,2,17.89,16.2075434317,45
148,1b9952df1d11d663488fce0b,M24,2,21.52,18.4724664346,45
148,1b9952df1d11d663488fce0b,M25,2,14.29,13.6616697908,20
148,1b9952df1d11d663488fce0b,M26,2,13.01,12.9720076046,20
148,1b9952df1d11d663488fce0b,M27,2,16.91,16.6080106812,30
148,1b9952df1d11d663488fce0b,M28,2,14.95,14.9811861084,30
148,1b9952df1d11d663488fce0b,M29,2,16.84,16.5679946336,30
148,1b9952df1d11d663488fce0b,M30,2,10.44,10.0338916306,21
149,a93b32339ed8311dd7a541ef,M01,2,7.69,7.28973789899,10
149,a93b32339ed8311dd7a541ef,M02,2,10.27,9.9925851514,15
149,a93b32339ed8311dd7a541ef,M03,2,11.22,10.1880039069,21
149,a93b32339ed8311dd7a541ef,M04,2,10.24,9.72448521945,21
149,a93b32339ed8311dd7a541ef,M05,2,10.39,9.71489897414,21
149,a93b32339ed8311dd7a541ef,M06,2,13.81,12.972018258,21
149,a93b32339ed8311dd7a541ef,M07,2,15.5,14.3011935931,30
149,a93b32339ed8311dd7a541ef,M08,2,19.88,19.0401934981,30
149,a93b32339ed8311dd7a541ef,M09,2,18.5,18.185803221,30
149,a93b32339ed8311dd7a541ef,M10,2,21.51,19.8264814115,30
149,a93b32339ed8311dd7a541ef,M11,2,20.56,19.4315691893,30
149,a93b32339ed8311dd7a541ef,M12,2,28.59,26.7703245368,45
149,a93b32339ed8311dd7a541ef,M13,2,29.09,26.6036254517,60
149,a93b32339ed8311dd7a541ef,M14,2,25.6,23.836356529,60
149,a93b32339ed8311dd7a541ef,M15,2,29.51,26.8350287749,60
149,a93b32339ed8311dd7a541ef,M16,2,57.72,53.6713900375,100
149,a93b32339ed8311dd7a541ef,M17,2,7.79,7.24923953391,14
149,a93b32339ed8311dd7a541ef,M18,2,10.77,9.92094424387,21
149,a93b32339ed8311dd7a541ef,M19,2,9.6,8.61015736497,21
149,a93b32339ed8311dd7a541ef,M20,2,11.82,10.7532487835,20
149,a93b32339ed8311dd7a541ef,M21,2,9.04,8.48690471417,21
149,a93b32339ed8311dd7a541ef,M22,2,22.58,19.6261844212,45
149,a93b32339ed8311dd7a541ef,M23,2,19.38,17.1043832308,45
149,a93b32339ed8311dd7a541ef,M24,2,23.1,19.7370621139,45
149,a93b32339ed8311dd7a541ef,M25,2,14.81,13.6397148723,20
149,a93b32339ed8311dd7a541ef,M26,2,13.53,12.9355507237,20
149,a93b32339ed8311dd7a541ef,M27,2,17.89,16.9908306174,30
149,a93b32339ed8311dd7a541ef,M28,2,15.94,15.3050174241,30
149,a93b32339ed8311dd7a541ef,M29,2,17.95,16.9811697357,30
149,a93b32339ed8311dd7a541ef,M30,2,11.26,10.226769637,21
150,47a0e982a5cc29d0694317d1,M01,1,6.41,6.43609872727,10
150,47a0e982a5cc29d0694317d1,M02,1,8.91,8.66676976157,15
150,47a0e982a5cc29d0694317d1,M03,1,8.73,8.4267997558,21
150,47a0e982a5cc29d0694317d1,M04,1,8.09,8.02535063348,21
150,47a0e982a5cc29d0694317d1,M05,1,7.8,7.87888935498,21
150,47a0e982a5cc29d0694317d1,M06,1,10.41,10.9193444444,21
150,47a0e982a5cc29d0694317d1,M07,1,11.81,12.2006770803,30
150,47a0e982a5cc29d0694317d1,M08,1,16.04,16.5645585556,30
150,47a0e982a5cc29d0694317d1,M09,1,14.96,15.5932887561,30
150,47a0e982a5cc29d0694317d1,M10,1,17.74,17.2332916133,30
150,47a0e982a5cc29d0694317d1,M11,1,16.66,16.6210247359,30
150,47a0e982a5cc29d0694317d1,M12,1,22.21,21.7213618788,45
150,47a0e982a5cc29d0694317d1,M13,1,20.15,20.8973724214,60
150,47a0e982a5cc29d0694317d1,M14,1,16.91,18.5239060369,60
150,47a0e982a5cc29d0694317d1,M15,1,21.69,21.5699437417,60
150,47a0e982a5cc29d0694317d1,M16,1,45.47,45.569443202,100
150,47a0e982a5cc29d0694317d1,M17,1,6.41,6.4118188759,14
150,47a0e982a5cc29d0694317d1,M18,1,8.78,8.42397304185,21
150,47a0e982a5cc29d0694317d1,M19,1,5.99,6.42310491109,21
150,47a0e982a5cc29d0694317d1,M20,1,8.64,9.42809866977,20
150,47a0e982a5cc29d0694317d1,M21,1,6.19,6.41659688511,21
150,47a0e982a5cc29d0694317d1,M22,1,13.6,15.2721282345,45
150,47a0e982a5cc29d0694317d1,M23,1,11.29,12.8307806075,45
150,47a0e982a5cc29d0694317d1,M24,1,14.92,15.8355256003,45
150,47a0e982a5cc29d0694317d1,M25,1,12.6,12.3583869549,20
150,47a0e982a5cc29d0694317d1,M26,1,11.34,11.6011918137,20
150,47a0e982a5cc29d0694317d1,M27,1,13.63,13.9589090303,30
150,47a0e982a5cc29d0694317d1,M28,1,11.7,12.4530290491,30
150,47a0e982a5cc29d0694317d1,M29,1,14.2,14.1016897085,30
150,47a0e982a5cc29d0694317d1,M30,1,8.17,8.36679808913,21
151,6b4c549deadd4454deb332d3,M01,1,6.08,6.00947793218,10
151,6b4c549deadd4454deb332d3,M02,1,8.06,7.51967646465,15
151,6b4c549deadd4454deb332d3,M03,1,7.27,7.14193021212,21
151,6b4c549deadd4454deb332d3,M04,1,6.55,6.6302602381,21
151,6b4c549deadd4454deb332d3,M05,1,6.43,6.41106986291,21
151,6b4c549deadd4454deb332d3,M06,1,9.26,9.09226506482,21
151,6b4c549deadd4454deb332d3,M07,1,9.63,9.55362738961,30
151,6b4c549deadd4454deb332d3,M08,1,13.63,13.3170686047,30
151,6b4c549deadd4454deb332d3,M09,1,12.33,12.5421647153,30
151,6b4c549deadd4454deb332d3,M10,1,15.19,13.946596671,30
151,6b4c549deadd4454deb332d3,M11,1,14.1,13.4508125339,30
151,6b4c549deadd4454deb332d3,M12,1,18.37,17.2520201336,45
151,6b4c549deadd4454deb332d3,M13,1,17.19,16.8082447339,60
151,6b4c549deadd4454deb332d3,M14,1,14.24,15.1792969407,60
151,6b4c549deadd4454deb332d3,M15,1,16.91,17.1267658797,60
151,6b4c549deadd4454deb332d3,M16,1,39.71,39.1012267778,100
151,6b4c549deadd4454deb332d3,M17,1,5.24,5.18394351593,14
151,6b4c549deadd4454deb332d3,M18,1,7.15,6.82790872006,21
151,6b4c549deadd4454deb332d3,M19,1,5.92,5.98169025763,21
151,6b4c549deadd4454deb332d3,M20,1,8.12,8.17892797924,20
151,6b4c549deadd4454deb332d3,M21,1,5.75,5.85509883483,21
151,6b4c549deadd4454deb332d3,M22,1,12.55,12.4385821515,45
151,6b4c549deadd4454deb332d3,M23,1,10.67,10.8776492344,45
151,6b4c549deadd4454deb332d3,M24,1,12.51,12.3485489509,45
151,6b4c549deadd4454deb332d3,M25,1,12.05,11.7083438194,20
151,6b4c549deadd4454deb332d3,M26,1,10.61,10.6714286479,20
151,6b4c549deadd4454deb332d3,M27,1,12.41,12.2156395339,30
151,6b4c549deadd4454deb332d3,M28,1,10.41,10.7437905245,30
151,6b4c549deadd4454deb332d3,M29,1,12.01,12.1219250088,30
151,6b4c549deadd4454deb332d3,M30,1,7.3,7.17027413276,21
152,bc994c242eeac5db55f81cd1,M01,0,5.29,6.0803213784,10
152,bc994c242eeac5db55f81cd1,M02,0,7.08,7.93532528349,15
152,bc994c242eeac5db55f81cd1,M03,0,6.06,7.48488637463,21
152,bc994c242eeac5db55f81cd1,M04,0,5.69,7.15026711178,21
152,bc994c242eeac5db55f81cd1,M05,0,5.53,7.06954981019,21
152,bc994c242eeac5db55f81cd1,M06,0,7.67,9.85204226895,21
152,bc994c242eeac5db55f81cd1,M07,0,7.87,10.2106558806,30
152,bc994c242eeac5db55f81cd1,M08,0,10.98,13.8250467345,30
152,bc994c242eeac5db55f81cd1,M09,0,9.95,13.0057400548,30
152,bc994c242eeac5db55f81cd1,M10,0,12.57,14.4218740022,30
152,bc994c242eeac5db55f81cd1,M11,0,11.63,14.0059520592,30
152,bc994c242eeac5db55f81cd1,M12,0,14,17.0010763956,45
152,bc994c242eeac5db55f81cd1,M13,0,13.4,16.5172819988,60
152,bc994c242eeac5db55f81cd1,M14,0,10.83,14.9346783138,60
152,bc994c242eeac5db55f81cd1,M15,0,13.26,16.9063457448,60
152,bc994c242eeac5db55f81cd1,M16,0,27.98,38.8642368403,100
152,bc994c242eeac5db55f81cd1,M17,0,4.33,5.45656215296,14
152,bc994c242eeac5db55f81cd1,M18,0,6.21,7.31639430225,21
152,bc994c242eeac5db55f81cd1,M19,0,5.77,6.08634675236,21
152,bc994c242eeac5db55f81cd1,M20,0,7.99,8.4735769899,20
152,bc994c242eeac5db55f81cd1,M21,0,5.77,6.0763614753,21
152,bc994c242eeac5db55f81cd1,M22,0,12.41,12.5400250967,45
152,bc994c242eeac5db55f81cd1,M23,0,10.42,10.7318585642,45
152,bc994c242eeac5db55f81cd1,M24,0,12.59,12.546483404,45
152,bc994c242eeac5db55f81cd1,M25,0,9.1,11.3944889001,20
152,bc994c242eeac5db55f81cd1,M26,0,6.91,10.5989873056,20
152,bc994c242eeac5db55f81cd1,M27,0,8.99,12.1945726046,30
152,bc994c242eeac5db55f81cd1,M28,0,7.45,10.5039051111,30
152,bc994c242eeac5db55f81cd1,M29,0,8.51,12.1320711659,30
152,bc994c242eeac5db55f81cd1,M30,0,4.89,7.5503940918,21
153,dd846ae5b622e8b2e6c71cac,M01,2,8.95,8.71878435354,10
153,dd846ae5b622e8b2e6c71cac,M02,2,11.53,12.1707623106,15
153,dd846ae5b622e8b2e6c71cac,M03,2,13.76,13.80427825,21
153,dd846ae5b622e8b2e6c71cac,M04,2,12.75,13.3956501263,21
153,dd846ae5b622e8b2e6c71cac,M05,2,12.98,13.4469999688,21
153,dd846ae5b622e8b2e6c71cac,M06,2,16.68,16.8752043636,21
153,dd846ae5b622e8b2e6c71cac,M07,2,19.41,20.3633063057,30
153,dd846ae5b622e8b2e6c71cac,M08,2,23.51,23.4512827334,30
153,dd846ae5b622e8b2e6c71cac,M09,2,22.16,22.7872938084,30
153,dd846ae5b622e8b2e6c71cac,M10,2,25.04,24.3015118113,30
153,dd846ae5b622e8b2e6c71cac,M11,2,24.16,24.1825780739,30
153,dd846ae5b622e8b2e6c71cac,M12,2,34.85,37.4851891515,45
153,dd846ae5b622e8b2e6c71cac,M13,2,37.07,37.8750318701,60
153,dd846ae5b622e8b2e6c71cac,M14,2,34.06,37.0536207388,60
153,dd846ae5b622e8b2e6c71cac,M15,2,37.26,37.9825076436,60
153,dd846ae5b622e8b2e6c71cac,M16,2,66.41,65.7449096739,100
153,dd846ae5b622e8b2e6c71cac,M17,2,9.14,8.98416884127,14
153,dd846ae5b622e8b2e6c71cac,M18,2,13.05,13.1662893351,21
153,dd846ae5b622e8b2e6c71cac,M19,2,12.93,12.702511514,21
153,dd846ae5b622e8b2e6c71cac,M20,2,14.51,14.1127598369,20
153,dd846ae5b622e8b2e6c71cac,M21,2,11.65,12.1006057594,21
153,dd846ae5b622e8b2e6c71cac,M22,2,31.02,28.0155146652,45
153,dd846ae5b622e8b2e6c71cac,M23,2,27.15,26.1803200087,45
153,dd846ae5b622e8b2e6c71cac,M24,2,31.78,28.198150267,45
153,dd846ae5b622e8b2e6c71cac,M25,2,16.54,16.7369505065,20
153,dd846ae5b622e8b2e6c71cac,M26,2,15.2,16.0234313203,20
153,dd846ae5b622e8b2e6c71cac,M27,2,21.29,22.592674487,30
153,dd846ae5b622e8b2e6c71cac,M28,2,19.49,21.892973574,30
153,dd846ae5b622e8b2e6c71cac,M29,2,21.08,22.5035383124,30
153,dd846ae5b622e8b2e6c71cac,M30,2,13.82,13.8342652658,21
154,f3706234c543da48bc5c0106,M01,0,8.35,7.82927320147,10
154,f3706234c543da48bc5c0106,M02,0,11.09,10.359216372,15
154,f3706234c543da48bc5c0106,M03,0,12.89,11.2580807797,21
154,f3706234c543da48bc5c0106,M04,0,11.84,10.6075113795,21
154,f3706234c543da48bc5c0106,M05,0,12.05,10.6441318398,21
154,f3706234c543da48bc5c0106,M06,0,15.58,14.2636777953,21
154,f3706234c543da48bc5c0106,M07,0,18.06,16.0441601414,30
154,f3706234c543da48bc5c0106,M08,0,22.3,20.1501271905,30
154,f3706234c543da48bc5c0106,M09,0,20.84,19.0808695613,30
154,f3706234c543da48bc5c0106,M10,0,23.86,21.260338443,30
154,f3706234c543da48bc5c0106,M11,0,23.07,20.8545138788,30
154,f3706234c543da48bc5c0106,M12,0,32.72,29.2099668629,45
154,f3706234c543da48bc5c0106,M13,0,34.01,29.3597863752,60
154,f3706234c543da48bc5c0106,M14,0,30.82,26.8004624349,60
154,f3706234c543da48bc5c0106,M15,0,34.8,29.5440763867,60
154,f3706234c543da48bc5c0106,M16,0,63.16,58.9396660461,100
154,f3706234c543da48bc5c0106,M17,0,8.68,7.92414076346,14
154,f3706234c543da48bc5c0106,M18,0,12.22,10.8614718813,21
154,f3706234c543da48bc5c0106,M19,0,11.65,9.69065232401,21
154,f3706234c543da48bc5c0106,M20,0,13.36,12.0858233232,20
154,f3706234c543da48bc5c0106,M21,0,10.59,9.23948212488,21
154,f3706234c543da48bc5c0106,M22,0,27.86,22.5000478006,45
154,f3706234c543da48bc5c0106,M23,0,24.31,19.6316788747,45
154,f3706234c543da48bc5c0106,M24,0,27.94,22.8447304098,45
154,f3706234c543da48bc5c0106,M25,0,15.83,14.8717770757,20
154,f3706234c543da48bc5c0106,M26,0,14.59,13.857477087,20
154,f3706234c543da48bc5c0106,M27,0,20,18.0400335864,30
154,f3706234c543da48bc5c0106,M28,0,18.18,16.4924636147,30
154,f3706234c543da48bc5c0106,M29,0,20.12,17.9742917596,30
154,f3706234c543da48bc5c0106,M30,0,12.93,11.3546048648,21
155,8109b130d7942e795d77baa7,M01,1,6.14,6.51389561905,10
155,8109b130d7942e795d77baa7,M02,1,8.67,8.51938151016,15
155,8109b130d7942e795d77baa7,M03,1,7.79,8.36569286369,21
155,8109b130d7942e795d77baa7,M04,1,7.65,8.02719118182,21
155,8109b130d7942e795d77baa7,M05,1,7.19,7.71402167244,21
155,8109b130d7942e795d77baa7,M06,1,9.86,10.6465216775,21
155,8109b130d7942e795d77baa7,M07,1,11.24,11.2218250657,30
155,8109b130d7942e795d77baa7,M08,1,15.24,15.4601717195,30
155,8109b130d7942e795d77baa7,M09,1,13.77,14.6633128507,30
155,8109b130d7942e795d77baa7,M10,1,16.85,16.4545006257,30
155,8109b130d7942e795d77baa7,M11,1,15.61,15.9120080738,30
155,8109b130d7942e795d77baa7,M12,1,20.33,20.2564669206,45
155,8109b130d7942e795d77baa7,M13,1,18.57,19.7469657359,60
155,8109b130d7942e795d77baa7,M14,1,15.5,17.1655580944,60
155,8109b130d7942e795d77baa7,M15,1,20,20.2172389683,60
155,8109b130d7942e795d77baa7,M16,1,42.03,39.7117586797,100
155,8109b130d7942e795d77baa7,M17,1,5.85,6.2468650938,14
155,8109b130d7942e795d77baa7,M18,1,7.91,8.29965609091,21
155,8109b130d7942e795d77baa7,M19,1,6.43,6.73265827184,21
155,8109b130d7942e795d77baa7,M20,1,9.56,8.63597417915,20
155,8109b130d7942e795d77baa7,M21,1,6.67,6.62821363203,21
155,8109b130d7942e795d77baa7,M22,1,15.22,14.2796738858,45
155,8109b130d7942e795d77baa7,M23,1,12.26,12.0167770058,45
155,8109b130d7942e795d77baa7,M24,1,18.18,14.4957499926,45
155,8109b130d7942e795d77baa7,M25,1,12.21,12.2708100549,20
155,8109b130d7942e795d77baa7,M26,1,10.93,11.2759263485,20
155,8109b130d7942e795d77baa7,M27,1,12.87,13.6330467037,30
155,8109b130d7942e795d77baa7,M28,1,11.02,11.6563299206,30
155,8109b130d7942e795d77baa7,M29,1,13.37,13.8358357817,30
155,8109b130d7942e795d77baa7,M30,1,7.66,8.33800639472,21
156,3104d8d880d3cd06ac46bd0b,M01,0,7.63,6.67275739194,10
156,3104d8d880d3cd06ac46bd0b,M02,0,10.16,8.76889257098,15
156,3104d8d880d3cd06ac46bd0b,M03,0,10.98,8.65913862438,21
156,3104d8d880d3cd06ac46bd0b,M04,0,10.1,8.15996499445,21
156,3104d8d880d3cd06ac46bd0b,M05,0,10.2,8.12210602264,21
156,3104d8d880d3cd06ac46bd0b,M06,0,13.68,10.9118349797,21
156,3104d8d880d3cd06ac46bd0b,M07,0,15.16,11.6617992774,30
156,3104d8d880d3cd06ac46bd0b,M08,0,19.53,16.3836473568,30
156,3104d8d880d3cd06ac46bd0b,M09,0,18.29,15.8697565018,30
156,3104d8d880d3cd06ac46bd0b,M10,0,21.14,17.1218114202,30
156,3104d8d880d3cd06ac46bd0b,M11,0,20.3,16.8168450256,30
156,3104d8d880d3cd06ac46bd0b,M12,0,28.01,21.8146900977,45
156,3104d8d880d3cd06ac46bd0b,M13,0,28.67,21.4502332564,60
156,3104d8d880d3cd06ac46bd0b,M14,0,25.1,19.8868905786,60
156,3104d8d880d3cd06ac46bd0b,M15,0,28.78,21.7032604786,60
156,3104d8d880d3cd06ac46bd0b,M16,0,57.3,43.468798062,100
156,3104d8d880d3cd06ac46bd0b,M17,0,7.49,6.36657655944,14
156,3104d8d880d3cd06ac46bd0b,M18,0,10.16,8.32144150605,21
156,3104d8d880d3cd06ac46bd0b,M19,0,9.5,6.61572194372,21
156,3104d8d880d3cd06ac46bd0b,M20,0,9.76,9.04565403319,20
156,3104d8d880d3cd06ac46bd0b,M21,0,7.1,6.62290572872,21
156,3104d8d880d3cd06ac46bd0b,M22,0,16.62,14.8102712658,45
156,3104d8d880d3cd06ac46bd0b,M23,0,17.25,13.9576577218,45
156,3104d8d880d3cd06ac46bd0b,M24,0,17.13,14.8645631187,45
156,3104d8d880d3cd06ac46bd0b,M25,0,14.75,13.06932259,20
156,3104d8d880d3cd06ac46bd0b,M26,0,13.47,12.2354084834,20
156,3104d8d880d3cd06ac46bd0b,M27,0,17.78,15.1198772089,30
156,3104d8d880d3cd06ac46bd0b,M28,0,15.82,14.1043416215,30
156,3104d8d880d3cd06ac46bd0b,M29,0,17.69,15.0452535437,30
156,3104d8d880d3cd06ac46bd0b,M30,0,11.07,8.95773557243,21
157,bd2b46e5d8d336def30a4873,M01,1,7.44,7.26361857065,10
157,bd2b46e5d8d336def30a4873,M02,1,9.88,9.70850605739,15
157,bd2b46e5d8d336def30a4873,M03,1,10.44,9.80426563492,21
157,bd2b46e5d8d336def30a4873,M04,1,9.54,9.53020254401,21
157,bd2b46e5d8d336def30a4873,M05,1,9.47,9.4914651746,21
157,bd2b46e5d8d336def30a4873,M06,1,13.03,12.9173217778,21
157,bd2b46e5d8d336def30a4873,M07,1,14.31,14.0671242338,30
157,bd2b46e5d8d336def30a4873,M08,1,18.7,18.3043420693,30
157,bd2b46e5d8d336def30a4873,M09,1,17.44,17.4543155065,30
157,bd2b46e5d8d336def30a4873,M10,1,20.34,18.9678784957,30
157,bd2b46e5d8d336def30a4873,M11,1,19.35,18.5595011148,30
157,bd2b46e5d8d336def30a4873,M12,1,26.64,26.4559580303,45
157,bd2b46e5d8d336def30a4873,M13,1,26.81,26.2741069235,60
157,bd2b46e5d8d336def30a4873,M14,1,23.06,24.092870443,60
157,bd2b46e5d8d336def30a4873,M15,1,27.07,26.5372261732,60
157,bd2b46e5d8d336def30a4873,M16,1,55.15,54.8874770043,100
157,bd2b46e5d8d336def30a4873,M17,1,7.28,7.29982138384,14
157,bd2b46e5d8d336def30a4873,M18,1,10.1,9.68183654113,21
157,bd2b46e5d8d336def30a4873,M19,1,8.11,8.04184605628,21
157,bd2b46e5d8d336def30a4873,M20,1,10.53,10.3257832587,20
157,bd2b46e5d8d336def30a4873,M21,1,7.59,7.94907396104,21
157,bd2b46e5d8d336def30a4873,M22,1,18.39,17.7820391566,45
157,bd2b46e5d8d336def30a4873,M23,1,15.53,16.2414260476,45
157,bd2b46e5d8d336def30a4873,M24,1,18.86,18.1294501847,45
157,bd2b46e5d8d336def30a4873,M25,1,14.35,13.5067204257,20
157,bd2b46e5d8d336def30a4873,M26,1,13,12.7852636349,20
157,bd2b46e5d8d336def30a4873,M27,1,16.94,15.6011510823,30
157,bd2b46e5d8d336def30a4873,M28,1,14.83,14.404986381,30
157,bd2b46e5d8d336def30a4873,M29,1,16.87,15.4286889105,30
157,bd2b46e5d8d336def30a4873,M30,1,10.42,9.84452503175,21
158,3fd88639055c4f90157ae592,M01,4,8.32,7.67101693173,10
158,3fd88639055c4f90157ae592,M02,4,10.99,10.4269080534,15
158,3fd88639055c4f90157ae592,M03,4,12.7,10.9825960014,21
158,3fd88639055c4f90157ae592,M04,4,11.65,10.5097750707,21
158,3fd88639055c4f90157ae592,M05,4,11.86,10.553754912,21
158,3fd88639055c4f90157ae592,M06,4,15.67,13.8893163908,21
158,3fd88639055c4f90157ae592,M07,4,17.75,15.5206502814,30
158,3fd88639055c4f90157ae592,M08,4,22.02,20.1791648874,30
158,3fd88639055c4f90157ae592,M09,4,20.58,19.1295822727,30
158,3fd88639055c4f90157ae592,M10,4,23.59,21.0871295743,30
158,3fd88639055c4f90157ae592,M11,4,22.87,20.7003946465,30
158,3fd88639055c4f90157ae592,M12,4,32.47,29.0181999329,45
158,3fd88639055c4f90157ae592,M13,4,33.88,29.1829966198,60
158,3fd88639055c4f90157ae592,M14,4,30.62,26.4017056667,60
158,3fd88639055c4f90157ae592,M15,4,34.33,29.2519577208,60
158,3fd88639055c4f90157ae592,M16,4,63,58.6438816485,100
158,3fd88639055c4f90157ae592,M17,4,8.59,7.73689355478,14
158,3fd88639055c4f90157ae592,M18,4,12.06,10.6367112107,21
158,3fd88639055c4f90157ae592,M19,4,11.55,9.52446211178,21
158,3fd88639055c4f90157ae592,M20,4,13.52,11.8007205411,20
158,3fd88639055c4f90157ae592,M21,4,10.65,9.27966608669,21
158,3fd88639055c4f90157ae592,M22,4,27.95,22.78640786,45
158,3fd88639055c4f90157ae592,M23,4,24.2,20.0545603218,45
158,3fd88639055c4f90157ae592,M24,4,28.58,23.4277042799,45
158,3fd88639055c4f90157ae592,M25,4,15.81,14.5474113071,20
158,3fd88639055c4f90157ae592,M26,4,14.55,13.6191754184,20
158,3fd88639055c4f90157ae592,M27,4,19.79,17.8752745065,30
158,3fd88639055c4f90157ae592,M28,4,18.1,16.0532552583,30
158,3fd88639055c4f90157ae592,M29,4,19.97,17.8211527778,30
158,3fd88639055c4f90157ae592,M30,4,12.74,11.0638618167,21
159,7953ee787848eada3b125164,M01,3,5.16,4.85641572727,10
159,7953ee787848eada3b125164,M02,3,6.25,6.13741016306,15
159,7953ee787848eada3b125164,M03,3,5.25,5.30788483261,21
159,7953ee787848eada3b125164,M04,3,5.04,5.07963902742,21
159,7953ee787848eada3b125164,M05,3,4.89,4.90680466411,21
159,7953ee787848eada3b125164,M06,3,6.71,6.91823938495,21
159,7953ee787848eada3b125164,M07,3,6.78,6.81773555034,30
159,7953ee787848eada3b125164,M08,3,9.04,9.32255278277,30
159,7953ee787848eada3b125164,M09,3,7.99,8.37502506449,30
159,7953ee787848eada3b125164,M10,3,10.48,9.96274973982,30
159,7953ee787848eada3b125164,M11,3,9.55,9.42430699523,30
159,7953ee787848eada3b125164,M12,3,11.15,10.6315372896,45
159,7953ee787848eada3b125164,M13,3,12.88,10.4856476085,60
159,7953ee787848eada3b125164,M14,3,10.86,9.17568180442,60
159,7953ee787848eada3b125164,M15,3,12.73,10.4708048509,60
159,7953ee787848eada3b125164,M16,3,26.84,21.5882037879,100
159,7953ee787848eada3b125164,M17,3,3.28,3.25678162593,14
159,7953ee787848eada3b125164,M18,3,5.38,5.26821726118,21
159,7953ee787848eada3b125164,M19,3,4.59,4.71574113709,21
159,7953ee787848eada3b125164,M20,3,5.68,6.01906946487,20
159,7953ee787848eada3b125164,M21,3,4.56,4.69023886291,21
159,7953ee787848eada3b125164,M22,3,8.58,8.68888096825,45
159,7953ee787848eada3b125164,M23,3,7.12,7.50475163037,45
159,7953ee787848eada3b125164,M24,3,8.05,8.52767333733,45
159,7953ee787848eada3b125164,M25,3,12.43,8.79713623543,20
159,7953ee787848eada3b125164,M26,3,10.98,8.00171465823,20
159,7953ee787848eada3b125164,M27,3,12.95,9.12920029637,30
159,7953ee787848eada3b125164,M28,3,10.91,7.97485012621,30
159,7953ee787848eada3b125164,M29,3,12.93,8.91668108569,30
159,7953ee787848eada3b125164,M30,3,7.82,5.50438981385,21
160,2673245c3e0a30a5c3e96d57,M01,0,4.87,4.92568241769,10
160,2673245c3e0a30a5c3e96d57,M02,0,6.15,6.3872349697,15
160,2673245c3e0a30a5c3e96d57,M03,0,5.16,5.39596026185,21
160,2673245c3e0a30a5c3e96d57,M04,0,4.94,5.14476723588,21
160,2673245c3e0a30a5c3e96d57,M05,0,4.8,4.96020761683,21
160,2673245c3e0a30a5c3e96d57,M06,0,6.58,7.0146875227,21
160,2673245c3e0a30a5c3e96d57,M07,0,6.67,7.07868974925,30
160,2673245c3e0a30a5c3e96d57,M08,0,8.81,9.5116560303,30
160,2673245c3e0a30a5c3e96d57,M09,0,7.65,8.4947748557,30
160,2673245c3e0a30a5c3e96d57,M10,0,10.24,10.0735126681,30
160,2673245c3e0a30a5c3e96d57,M11,0,9.26,9.53025711455,30
160,2673245c3e0a30a5c3e96d57,M12,0,10.82,10.7215984799,45
160,2673245c3e0a30a5c3e96d57,M13,0,10.61,10.8525747858,60
160,2673245c3e0a30a5c3e96d57,M14,0,10.47,9.6391948002,60
160,2673245c3e0a30a5c3e96d57,M15,0,8.54,10.9063678478,60
160,2673245c3e0a30a5c3e96d57,M16,0,18.83,24.9350410269,100
160,2673245c3e0a30a5c3e96d57,M17,0,3.03,3.50746487102,14
160,2673245c3e0a30a5c3e96d57,M18,0,5.26,5.26148485859,21
160,2673245c3e0a30a5c3e96d57,M19,0,4.55,4.78944643112,21
160,2673245c3e0a30a5c3e96d57,M20,0,5.56,6.24776842713,20
160,2673245c3e0a30a5c3e96d57,M21,0,4.52,4.76446495282,21
160,2673245c3e0a30a5c3e96d57,M22,0,8.71,8.76702876564,45
160,2673245c3e0a30a5c3e96d57,M23,0,7.46,7.73296718555,45
160,2673245c3e0a30a5c3e96d57,M24,0,8.52,8.59238528823,45
160,2673245c3e0a30a5c3e96d57,M25,0,9.75,10.0336970346,20
160,2673245c3e0a30a5c3e96d57,M26,0,8.16,8.97920680087,20
160,2673245c3e0a30a5c3e96d57,M27,0,8.94,9.97643518237,30
160,2673245c3e0a30a5c3e96d57,M28,0,7.63,8.65787322367,30
160,2673245c3e0a30a5c3e96d57,M29,0,8.84,9.78297730936,30
160,2673245c3e0a30a5c3e96d57,M30,0,5.68,5.79954620702,21
161,cf53cfefe4d6fe2f0d464145,M01,4,6.99,7.46180983544,10
161,cf53cfefe4d6fe2f0d464145,M02,4,9.35,10.2786260519,15
161,cf53cfefe4d6fe2f0d464145,M03,4,9.44,10.6899919714,21
161,cf53cfefe4d6fe2f0d464145,M04,4,8.57,10.1673068655,21
161,cf53cfefe4d6fe2f0d464145,M05,4,8.45,10.1646502078,21
161,cf53cfefe4d6fe2f0d464145,M06,4,11.86,13.5297139829,21
161,cf53cfefe4d6fe2f0d464145,M07,4,12.83,14.9363874635,30
161,cf53cfefe4d6fe2f0d464145,M08,4,17.21,19.5299903913,30
161,cf53cfefe4d6fe2f0d464145,M09,4,15.96,18.3562796058,30
161,cf53cfefe4d6fe2f0d464145,M10,4,18.82,20.5289233927,30
161,cf53cfefe4d6fe2f0d464145,M11,4,17.84,20.1236914403,30
161,cf53cfefe4d6fe2f0d464145,M12,4,24.23,27.885967026,45
161,cf53cfefe4d6fe2f0d464145,M13,4,23.8,27.9482425325,60
161,cf53cfefe4d6fe2f0d464145,M14,4,20.18,24.6461060794,60
161,cf53cfefe4d6fe2f0d464145,M15,4,23.97,28.0173581284,60
161,cf53cfefe4d6fe2f0d464145,M16,4,51.53,56.0892152388,100
161,cf53cfefe4d6fe2f0d464145,M17,4,6.67,7.45677019475,14
161,cf53cfefe4d6fe2f0d464145,M18,4,9.19,10.3556349448,21
161,cf53cfefe4d6fe2f0d464145,M19,4,6.67,8.53293718637,21
161,cf53cfefe4d6fe2f0d464145,M20,4,9.11,10.664914445,20
161,cf53cfefe4d6fe2f0d464145,M21,4,6.42,8.36467972361,21
161,cf53cfefe4d6fe2f0d464145,M22,4,14.55,20.114946798,45
161,cf53cfefe4d6fe2f0d464145,M23,4,12.41,17.4041502771,45
161,cf53cfefe4d6fe2f0d464145,M24,4,14.74,20.4704317763,45
161,cf53cfefe4d6fe2f0d464145,M25,4,13.66,14.3835750579,20
161,cf53cfefe4d6fe2f0d464145,M26,4,12.34,13.3589260981,20
161,cf53cfefe4d6fe2f0d464145,M27,4,15.57,17.4043981457,30
161,cf53cfefe4d6fe2f0d464145,M28,4,13.51,15.4300179596,30
161,cf53cfefe4d6fe2f0d464145,M29,4,15.46,17.4100296176,30
161,cf53cfefe4d6fe2f0d464145,M30,4,9.42,10.7367811229,21
162,bbde6b2455ce1854559c6709,M01,1,7.34,6.80794100178,10
162,bbde6b2455ce1854559c6709,M02,1,9.73,8.84512098235,15
162,bbde6b2455ce1854559c6709,M03,1,10.16,8.81651480342,21
162,bbde6b2455ce1854559c6709,M04,1,9.35,8.51477116128,21
162,bbde6b2455ce1854559c6709,M05,1,9.19,8.47474180342,21
162,bbde6b2455ce1854559c6709,M06,1,12.73,12.2705057475,21
162,bbde6b2455ce1854559c6709,M07,1,13.91,13.0526491429,30
162,bbde6b2455ce1854559c6709,M08,1,18.31,15.0904016879,30
162,bbde6b2455ce1854559c6709,M09,1,17.24,14.6137843978,30
162,bbde6b2455ce1854559c6709,M10,1,19.92,15.544876483,30
162,bbde6b2455ce1854559c6709,M11,1,18.99,15.2258654988,30
162,bbde6b2455ce1854559c6709,M12,1,26.21,22.2650787433,45
162,bbde6b2455ce1854559c6709,M13,1,26.08,22.0688117274,60
162,bbde6b2455ce1854559c6709,M14,1,22.57,20.701347674,60
162,bbde6b2455ce1854559c6709,M15,1,26.51,22.281567016,60
162,bbde6b2455ce1854559c6709,M16,1,54.3,50.9968904935,100
162,bbde6b2455ce1854559c6709,M17,1,7.13,6.78790074781,14
162,bbde6b2455ce1854559c6709,M18,1,9.97,8.67766144267,21
162,bbde6b2455ce1854559c6709,M19,1,7.21,6.94826589499,21
162,bbde6b2455ce1854559c6709,M20,1,9.66,9.58760441747,20
162,bbde6b2455ce1854559c6709,M21,1,6.9,6.87572979687,21
162,bbde6b2455ce1854559c6709,M22,1,15.93,13.9984851063,45
162,bbde6b2455ce1854559c6709,M23,1,13.56,13.0305478769,45
162,bbde6b2455ce1854559c6709,M24,1,16.19,14.0506976143,45
162,bbde6b2455ce1854559c6709,M25,1,14.26,12.8890863665,20
162,bbde6b2455ce1854559c6709,M26,1,12.91,12.328840189,20
162,bbde6b2455ce1854559c6709,M27,1,16.69,14.41587929,30
162,bbde6b2455ce1854559c6709,M28,1,14.58,13.2901012424,30
162,bbde6b2455ce1854559c6709,M29,1,16.51,14.2266559091,30
162,bbde6b2455ce1854559c6709,M30,1,10.14,8.82170491453,21
163,bbde6b2455ce1854559c6709,M01,1,7.34,6.80794100178,10
163,bbde6b2455ce1854559c6709,M02,1,9.79,8.84512098235,15
163,bbde6b2455ce1854559c6709,M03,1,10.25,8.81651480342,21
163,bbde6b2455ce1854559c6709,M04,1,9.4,8.51477116128,21
163,bbde6b2455ce1854559c6709,M05,1,9.31,8.47474180342,21
163,bbde6b2455ce1854559c6709,M06,1,12.81,12.2705057475,21
163,bbde6b2455ce1854559c6709,M07,1,14.04,13.0526491429,30
163,bbde6b2455ce1854559c6709,M08,1,18.44,15.0904016879,30
163,bbde6b2455ce1854559c6709,M09,1,17.24,14.6137843978,30
163,bbde6b2455ce1854559c6709,M10,1,20.06,15.544876483,30
163,bbde6b2455ce1854559c6709,M11,1,19.12,15.2258654988,30
163,bbde6b2455ce1854559c6709,M12,1,26.21,22.2650787433,45
163,bbde6b2455ce1854559c6709,M13,1,26.31,22.0688117274,60
163,bbde6b2455ce1854559c6709,M14,1,22.57,20.701347674,60
163,bbde6b2455ce1854559c6709,M15,1,26.51,22.281567016,60
163,bbde6b2455ce1854559c6709,M16,1,54.55,50.9968904935,100
163,bbde6b2455ce1854559c6709,M17,1,7.19,6.78790074781,14
163,bbde6b2455ce1854559c6709,M18,1,9.98,8.67766144267,21
163,bbde6b2455ce1854559c6709,M19,1,8.04,6.94826589499,21
163,bbde6b2455ce1854559c6709,M20,1,10.46,9.58760441747,20
163,bbde6b2455ce1854559c6709,M21,1,7.6,6.87572979687,21
163,bbde6b2455ce1854559c6709,M22,1,18.19,13.9984851063,45
163,bbde6b2455ce1854559c6709,M23,1,15.37,13.0305478769,45
163,bbde6b2455ce1854559c6709,M24,1,18.66,14.0506976143,45
163,bbde6b2455ce1854559c6709,M25,1,14.26,12.8890863665,20
163,bbde6b2455ce1854559c6709,M26,1,12.91,12.328840189,20
163,bbde6b2455ce1854559c6709,M27,1,16.69,14.41587929,30
163,bbde6b2455ce1854559c6709,M28,1,14.58,13.2901012424,30
163,bbde6b2455ce1854559c6709,M29,1,16.66,14.2266559091,30
163,bbde6b2455ce1854559c6709,M30,1,10.25,8.82170491453,21
164,2f5f0ba7541c2228903defab,M01,1,7.08,7.03041700899,10
164,2f5f0ba7541c2228903defab,M02,1,9.44,9.5367023401,15
164,2f5f0ba7541c2228903defab,M03,1,9.6,9.68489481485,21
164,2f5f0ba7541c2228903defab,M04,1,8.77,9.22286416817,21
164,2f5f0ba7541c2228903defab,M05,1,8.8,9.21005898635,21
164,2f5f0ba7541c2228903defab,M06,1,12.11,12.5201822628,21
164,2f5f0ba7541c2228903defab,M07,1,13.06,13.3010468254,30
164,2f5f0ba7541c2228903defab,M08,1,17.41,18.1999224442,30
164,2f5f0ba7541c2228903defab,M09,1,16.18,17.2983850214,30
164,2f5f0ba7541c2228903defab,M10,1,19.08,18.9225813374,30
164,2f5f0ba7541c2228903defab,M11,1,18.2,18.4829917386,30
164,2f5f0ba7541c2228903defab,M12,1,24.47,25.0111089996,45
164,2f5f0ba7541c2228903defab,M13,1,24.45,24.7555239065,60
164,2f5f0ba7541c2228903defab,M14,1,20.81,22.5127061241,60
164,2f5f0ba7541c2228903defab,M15,1,24.37,25.0908573084,60
164,2f5f0ba7541c2228903defab,M16,1,52.34,53.0536707054,100
164,2f5f0ba7541c2228903defab,M17,1,6.89,7.02236197724,14
164,2f5f0ba7541c2228903defab,M18,1,9.37,9.45574126218,21
164,2f5f0ba7541c2228903defab,M19,1,8.64,8.05762107359,21
164,2f5f0ba7541c2228903defab,M20,1,11.02,10.2334190897,20
164,2f5f0ba7541c2228903defab,M21,1,8.25,7.90870722944,21
164,2f5f0ba7541c2228903defab,M22,1,20.14,18.0670502004,45
164,2f5f0ba7541c2228903defab,M23,1,17.03,16.0665433591,45
164,2f5f0ba7541c2228903defab,M24,1,20.58,18.3569107314,45
164,2f5f0ba7541c2228903defab,M25,1,13.86,13.3987231766,20
164,2f5f0ba7541c2228903defab,M26,1,12.51,12.7301726176,20
164,2f5f0ba7541c2228903defab,M27,1,15.91,15.5635883968,30
164,2f5f0ba7541c2228903defab,M28,1,13.84,14.3188786147,30
164,2f5f0ba7541c2228903defab,M29,1,15.74,15.4719266595,30
164,2f5f0ba7541c2228903defab,M30,1,9.62,9.70164598945,21
165,ea2b62de5e4c4a4dd0b95da6,M01,1,8.36,7.71055419891,10
165,ea2b62de5e4c4a4dd0b95da6,M02,1,11.08,10.2224647778,15
165,ea2b62de5e4c4a4dd0b95da6,M03,1,12.92,10.9183042872,21
165,ea2b62de5e4c4a4dd0b95da6,M04,1,11.78,10.3588880046,21
165,ea2b62de5e4c4a4dd0b95da6,M05,1,12.01,10.3911729074,21
165,ea2b62de5e4c4a4dd0b95da6,M06,1,15.59,14.0678385086,21
165,ea2b62de5e4c4a4dd0b95da6,M07,1,18.11,15.5875253434,30
165,ea2b62de5e4c4a4dd0b95da6,M08,1,22.35,19.9859915584,30
165,ea2b62de5e4c4a4dd0b95da6,M09,1,20.77,18.9863932742,30
165,ea2b62de5e4c4a4dd0b95da6,M10,1,23.88,21.0021780757,30
165,ea2b62de5e4c4a4dd0b95da6,M11,1,22.89,20.7095615606,30
165,ea2b62de5e4c4a4dd0b95da6,M12,1,32.81,28.5056767514,45
165,ea2b62de5e4c4a4dd0b95da6,M13,1,34.12,28.5279151583,60
165,ea2b62de5e4c4a4dd0b95da6,M14,1,30.96,26.0518071603,60
165,ea2b62de5e4c4a4dd0b95da6,M15,1,34.84,28.6920534339,60
165,ea2b62de5e4c4a4dd0b95da6,M16,1,63.27,57.9544877157,100
165,ea2b62de5e4c4a4dd0b95da6,M17,1,8.61,7.79539848463,14
165,ea2b62de5e4c4a4dd0b95da6,M18,1,12.15,10.5618623273,21
165,ea2b62de5e4c4a4dd0b95da6,M19,1,11.54,9.54277178355,21
165,ea2b62de5e4c4a4dd0b95da6,M20,1,13.31,11.5882020346,20
165,ea2b62de5e4c4a4dd0b95da6,M21,1,10.48,9.19328573016,21
165,ea2b62de5e4c4a4dd0b95da6,M22,1,27.28,22.0492067496,45
165,ea2b62de5e4c4a4dd0b95da6,M23,1,23.75,19.4163867034,45
165,ea2b62de5e4c4a4dd0b95da6,M24,1,28.12,22.5780786179,45
165,ea2b62de5e4c4a4dd0b95da6,M25,1,15.83,14.6920403277,20
165,ea2b62de5e4c4a4dd0b95da6,M26,1,14.59,13.6746520707,20
165,ea2b62de5e4c4a4dd0b95da6,M27,1,20.02,17.9211193535,30
165,ea2b62de5e4c4a4dd0b95da6,M28,1,18.23,16.0752497244,30
165,ea2b62de5e4c4a4dd0b95da6,M29,1,20.15,17.9474601501,30
165,ea2b62de5e4c4a4dd0b95da6,M30,1,12.96,10.976513811,21
166,85cf5990e92211843a2bfe23,M01,1,7.64,7.52979545455,10
166,85cf5990e92211843a2bfe23,M02,1,10.25,10.1043381544,15
166,85cf5990e92211843a2bfe23,M03,1,11.25,10.834820782,21
166,85cf5990e92211843a2bfe23,M04,1,10.33,10.3219100537,21
166,85cf5990e92211843a2bfe23,M05,1,10.44,10.3319157608,21
166,85cf5990e92211843a2bfe23,M06,1,13.91,13.3128744673,21
166,85cf5990e92211843a2bfe23,M07,1,15.59,14.4195130159,30
166,85cf5990e92211843a2bfe23,M08,1,19.95,19.8664524791,30
166,85cf5990e92211843a2bfe23,M09,1,18.67,18.9440611746,30
166,85cf5990e92211843a2bfe23,M10,1,21.54,20.705128381,30
166,85cf5990e92211843a2bfe23,M11,1,20.68,20.4359180996,30
166,85cf5990e92211843a2bfe23,M12,1,28.8,29.3555066822,45
166,85cf5990e92211843a2bfe23,M13,1,29.56,29.7833725105,60
166,85cf5990e92211843a2bfe23,M14,1,26.23,27.3322235947,60
166,85cf5990e92211843a2bfe23,M15,1,29.69,29.9370924109,60
166,85cf5990e92211843a2bfe23,M16,1,58.33,57.9936948021,100
166,85cf5990e92211843a2bfe23,M17,1,7.82,7.58063691775,14
166,85cf5990e92211843a2bfe23,M18,1,10.85,10.4556076724,21
166,85cf5990e92211843a2bfe23,M19,1,10.24,9.25541329693,21
166,85cf5990e92211843a2bfe23,M20,1,12.43,10.7991257463,20
166,85cf5990e92211843a2bfe23,M21,1,9.69,8.95010338206,21
166,85cf5990e92211843a2bfe23,M22,1,24.53,22.044833176,45
166,85cf5990e92211843a2bfe23,M23,1,21.23,19.5629260531,45
166,85cf5990e92211843a2bfe23,M24,1,24.95,21.8501573899,45
166,85cf5990e92211843a2bfe23,M25,1,14.83,13.9882243964,20
166,85cf5990e92211843a2bfe23,M26,1,13.6,13.3002442424,20
166,85cf5990e92211843a2bfe23,M27,1,18.05,16.3574720519,30
166,85cf5990e92211843a2bfe23,M28,1,16.16,15.1414680447,30
166,85cf5990e92211843a2bfe23,M29,1,17.94,16.2740154834,30
166,85cf5990e92211843a2bfe23,M30,1,11.28,10.8581582106,21
169,38aad91045bd921bbb9277ed,M01,2,5.64,6.28182278499,10
169,38aad91045bd921bbb9277ed,M02,2,7.41,7.71554017027,15
169,38aad91045bd921bbb9277ed,M03,2,6.54,7.37920947308,21
169,38aad91045bd921bbb9277ed,M04,2,6.04,7.18472671839,21
169,38aad91045bd921bbb9277ed,M05,2,5.93,7.04868294517,21
169,38aad91045bd921bbb9277ed,M06,2,8.24,8.16861132018,21
169,38aad91045bd921bbb9277ed,M07,2,8.43,8.29261532129,30
169,38aad91045bd921bbb9277ed,M08,2,11.15,11.0512334968,30
169,38aad91045bd921bbb9277ed,M09,2,9.83,10.3905501633,30
169,38aad91045bd921bbb9277ed,M10,2,13.12,11.4417463583,30
169,38aad91045bd921bbb9277ed,M11,2,12.03,10.9541558776,30
169,38aad91045bd921bbb9277ed,M12,2,13.75,14.9151268876,45
169,38aad91045bd921bbb9277ed,M13,2,13.55,14.8070698513,60
169,38aad91045bd921bbb9277ed,M14,2,10.81,13.8157909223,60
169,38aad91045bd921bbb9277ed,M15,2,13.68,15.0646146824,60
169,38aad91045bd921bbb9277ed,M16,2,26.46,30.1123536782,100
169,38aad91045bd921bbb9277ed,M17,2,4.57,5.26461467965,14
169,38aad91045bd921bbb9277ed,M18,2,6.62,7.2620219132,21
169,38aad91045bd921bbb9277ed,M19,2,5.52,6.42888892685,21
169,38aad91045bd921bbb9277ed,M20,2,7.46,7.44032448107,20
169,38aad91045bd921bbb9277ed,M21,2,5.35,6.40369348241,21
169,38aad91045bd921bbb9277ed,M22,2,10.75,10.7242977564,45
169,38aad91045bd921bbb9277ed,M23,2,8.97,9.56716306605,45
169,38aad91045bd921bbb9277ed,M24,2,10.94,10.9645852155,45
169,38aad91045bd921bbb9277ed,M25,2,11.12,8.86851483478,20
169,38aad91045bd921bbb9277ed,M26,2,9.28,8.20960491126,20
169,38aad91045bd921bbb9277ed,M27,2,10.85,9.88879434932,30
169,38aad91045bd921bbb9277ed,M28,2,8.94,8.8750995984,30
169,38aad91045bd921bbb9277ed,M29,2,10.81,10.0238740508,30
169,38aad91045bd921bbb9277ed,M30,2,6.52,7.29411985725,21
170,17c5451c41ce50a5b92f91d5,M01,0,7.17,8.06933285437,10
170,17c5451c41ce50a5b92f91d5,M02,0,9.62,10.8353766165,15
170,17c5451c41ce50a5b92f91d5,M03,0,10.03,12.3638147136,21
170,17c5451c41ce50a5b92f91d5,M04,0,9.28,11.6427182738,21
170,17c5451c41ce50a5b92f91d5,M05,0,9.32,11.7271171324,21
170,17c5451c41ce50a5b92f91d5,M06,0,12.56,14.8548642309,21
170,17c5451c41ce50a5b92f91d5,M07,0,13.77,16.7580978254,30
170,17c5451c41ce50a5b92f91d5,M08,0,18.15,21.3656603608,30
170,17c5451c41ce50a5b92f91d5,M09,0,17.08,20.1789928557,30
170,17c5451c41ce50a5b92f91d5,M10,0,19.75,22.5319901351,30
170,17c5451c41ce50a5b92f91d5,M11,0,19.04,22.1552062846,30
170,17c5451c41ce50a5b92f91d5,M12,0,25.83,31.1165297974,45
170,17c5451c41ce50a5b92f91d5,M13,0,25.95,31.7896923919,60
170,17c5451c41ce50a5b92f91d5,M14,0,22.49,28.3678646598,60
170,17c5451c41ce50a5b92f91d5,M15,0,26.09,32.0438445492,60
170,17c5451c41ce50a5b92f91d5,M16,0,54.2,59.4905347677,100
170,17c5451c41ce50a5b92f91d5,M17,0,7.19,8.2585366509,14
170,17c5451c41ce50a5b92f91d5,M18,0,9.87,11.8137537443,21
170,17c5451c41ce50a5b92f91d5,M19,0,8.92,10.7245533135,21
170,17c5451c41ce50a5b92f91d5,M20,0,11.29,12.3869863715,20
170,17c5451c41ce50a5b92f91d5,M21,0,8.57,10.1428386583,21
170,17c5451c41ce50a5b92f91d5,M22,0,21.01,24.6741144661,45
170,17c5451c41ce50a5b92f91d5,M23,0,17.99,21.8665336055,45
170,17c5451c41ce50a5b92f91d5,M24,0,21.47,25.4458310188,45
170,17c5451c41ce50a5b92f91d5,M25,0,14.07,15.1936040435,20
170,17c5451c41ce50a5b92f91d5,M26,0,12.81,13.9989565521,20
170,17c5451c41ce50a5b92f91d5,M27,0,16.45,18.9314791328,30
170,17c5451c41ce50a5b92f91d5,M28,0,14.49,17.0798929354,30
170,17c5451c41ce50a5b92f91d5,M29,0,16.35,19.0590140231,30
170,17c5451c41ce50a5b92f91d5,M30,0,10.05,12.3672096342,21
171,198e5fddcc2aa9ebc444b3a6,M01,4,7.62,6.88320471373,10
171,198e5fddcc2aa9ebc444b3a6,M02,4,10.14,9.50486766778,15
171,198e5fddcc2aa9ebc444b3a6,M03,4,10.85,9.72975354545,21
171,198e5fddcc2aa9ebc444b3a6,M04,4,9.76,9.2160336145,21
171,198e5fddcc2aa9ebc444b3a6,M05,4,9.73,9.21479298246,21
171,198e5fddcc2aa9ebc444b3a6,M06,4,13.45,12.1689368954,21
171,198e5fddcc2aa9ebc444b3a6,M07,4,14.88,13.7523956329,30
171,198e5fddcc2aa9ebc444b3a6,M08,4,19.27,18.4826608678,30
171,198e5fddcc2aa9ebc444b3a6,M09,4,17.76,17.4443184666,30
171,198e5fddcc2aa9ebc444b3a6,M10,4,20.94,19.272154381,30
171,198e5fddcc2aa9ebc444b3a6,M11,4,19.72,18.9386676147,30
171,198e5fddcc2aa9ebc444b3a6,M12,4,27.46,25.3648084194,45
171,198e5fddcc2aa9ebc444b3a6,M13,4,27.7,25.2152048788,60
171,198e5fddcc2aa9ebc444b3a6,M14,4,23.85,22.8015956999,60
171,198e5fddcc2aa9ebc444b3a6,M15,4,28.02,25.4861501178,60
171,198e5fddcc2aa9ebc444b3a6,M16,4,56.08,46.9861497734,100
171,198e5fddcc2aa9ebc444b3a6,M17,4,7.45,6.83666207615,14
171,198e5fddcc2aa9ebc444b3a6,M18,4,10.34,9.39395680664,21
171,198e5fddcc2aa9ebc444b3a6,M19,4,8.55,7.71735828571,21
171,198e5fddcc2aa9ebc444b3a6,M20,4,10.81,10.0218002736,20
171,198e5fddcc2aa9ebc444b3a6,M21,4,7.92,7.61758361905,21
171,198e5fddcc2aa9ebc444b3a6,M22,4,19.36,18.7427468671,45
171,198e5fddcc2aa9ebc444b3a6,M23,4,16.3,16.2385322806,45
171,198e5fddcc2aa9ebc444b3a6,M24,4,19.93,19.1762590973,45
171,198e5fddcc2aa9ebc444b3a6,M25,4,14.68,13.0655102476,20
171,198e5fddcc2aa9ebc444b3a6,M26,4,13.29,12.3340821754,20
171,198e5fddcc2aa9ebc444b3a6,M27,4,17.44,15.7792415516,30
171,198e5fddcc2aa9ebc444b3a6,M28,4,15.28,14.3747141564,30
171,198e5fddcc2aa9ebc444b3a6,M29,4,17.43,15.7509974938,30
171,198e5fddcc2aa9ebc444b3a6,M30,4,10.89,9.75066056133,21
172,7f5e8df8b8eb711b7b25801c,M01,2,7.72,7.6298656811,10
172,7f5e8df8b8eb711b7b25801c,M02,2,10.34,10.0921724724,15
172,7f5e8df8b8eb711b7b25801c,M03,2,11.45,10.5151280837,21
172,7f5e8df8b8eb711b7b25801c,M04,2,10.61,10.0214841526,21
172,7f5e8df8b8eb711b7b25801c,M05,2,10.7,10.0579658139,21
172,7f5e8df8b8eb711b7b25801c,M06,2,14.09,13.7088440406,21
172,7f5e8df8b8eb711b7b25801c,M07,2,15.93,15.2766194646,30
172,7f5e8df8b8eb711b7b25801c,M08,2,20.29,19.6854923131,30
172,7f5e8df8b8eb711b7b25801c,M09,2,19.12,18.5362612263,30
172,7f5e8df8b8eb711b7b25801c,M10,2,21.81,20.513788878,30
172,7f5e8df8b8eb711b7b25801c,M11,2,20.99,20.2307612382,30
172,7f5e8df8b8eb711b7b25801c,M12,2,29.44,27.7569257201,45
172,7f5e8df8b8eb711b7b25801c,M13,2,30.18,27.7130696234,60
172,7f5e8df8b8eb711b7b25801c,M14,2,26.93,25.5122958947,60
172,7f5e8df8b8eb711b7b25801c,M15,2,30.4,27.870338847,60
172,7f5e8df8b8eb711b7b25801c,M16,2,59.01,58.031779518,100
172,7f5e8df8b8eb711b7b25801c,M17,2,7.98,7.71737021934,14
172,7f5e8df8b8eb711b7b25801c,M18,2,11.08,10.1866516234,21
172,7f5e8df8b8eb711b7b25801c,M19,2,9.92,9.26654608514,21
172,7f5e8df8b8eb711b7b25801c,M20,2,12.09,11.7376324964,20
172,7f5e8df8b8eb711b7b25801c,M21,2,9.29,9.01753136686,21
172,7f5e8df8b8eb711b7b25801c,M22,2,23.37,21.610719759,45
172,7f5e8df8b8eb711b7b25801c,M23,2,20.1,18.8429598216,45
172,7f5e8df8b8eb711b7b25801c,M24,2,23.9,22.5888870491,45
172,7f5e8df8b8eb711b7b25801c,M25,2,14.93,14.4266905991,20
172,7f5e8df8b8eb711b7b25801c,M26,2,13.7,13.5424151178,20
172,7f5e8df8b8eb711b7b25801c,M27,2,18.24,17.5870630577,30
172,7f5e8df8b8eb711b7b25801c,M28,2,16.41,15.9926701235,30
172,7f5e8df8b8eb711b7b25801c,M29,2,18.17,17.5401266421,30
172,7f5e8df8b8eb711b7b25801c,M30,2,11.51,10.5319800519,21
173,ad9f97620dab23d56e68f899,M01,2,6.29,4.65598999678,10
173,ad9f97620dab23d56e68f899,M02,2,8.33,5.58321752525,15
173,ad9f97620dab23d56e68f899,M03,2,7.69,5.01671201443,21
173,ad9f97620dab23d56e68f899,M04,2,6.95,4.88938358331,21
173,ad9f97620dab23d56e68f899,M05,2,6.89,4.73775744444,21
173,ad9f97620dab23d56e68f899,M06,2,9.78,7.12819038672,21
173,ad9f97620dab23d56e68f899,M07,2,10.19,7.24334935642,30
173,ad9f97620dab23d56e68f899,M08,2,14.2,9.36155058874,30
173,ad9f97620dab23d56e68f899,M09,2,12.95,8.62740525985,30
173,ad9f97620dab23d56e68f899,M10,2,15.89,9.81574070851,30
173,ad9f97620dab23d56e68f899,M11,2,14.93,9.31217389477,30
173,ad9f97620dab23d56e68f899,M12,2,19.16,10.8719123159,45
173,ad9f97620dab23d56e68f899,M13,2,18.21,10.7097678117,60
173,ad9f97620dab23d56e68f899,M14,2,15,9.65931757359,60
173,ad9f97620dab23d56e68f899,M15,2,18.24,10.8251258555,60
173,ad9f97620dab23d56e68f899,M16,2,41.68,20.2573714272,100
173,ad9f97620dab23d56e68f899,M17,2,5.55,3.15332243823,14
173,ad9f97620dab23d56e68f899,M18,2,7.56,5.0143055328,21
173,ad9f97620dab23d56e68f899,M19,2,5.92,4.65863904762,21
173,ad9f97620dab23d56e68f899,M20,2,8.02,6.46031704482,20
173,ad9f97620dab23d56e68f899,M21,2,5.71,4.65169394261,21
173,ad9f97620dab23d56e68f899,M22,2,12.39,8.64553512277,45
173,ad9f97620dab23d56e68f899,M23,2,10.52,7.59035345466,45
173,ad9f97620dab23d56e68f899,M24,2,12.41,8.60957472439,45
173,ad9f97620dab23d56e68f899,M25,2,12.43,8.36725204562,20
173,ad9f97620dab23d56e68f899,M26,2,10.94,7.73526532845,20
173,ad9f97620dab23d56e68f899,M27,2,13.02,8.62205103608,30
173,ad9f97620dab23d56e68f899,M28,2,10.91,7.57253257143,30
173,ad9f97620dab23d56e68f899,M29,2,12.82,8.57729232179,30
173,ad9f97620dab23d56e68f899,M30,2,7.7,4.95000598701,21
174,a0df11ab37c188b3740160a6,M01,4,7.08,7.91120085803,10
174,a0df11ab37c188b3740160a6,M02,4,9.49,10.5871730563,15
174,a0df11ab37c188b3740160a6,M03,4,9.73,11.9956220332,21
174,a0df11ab37c188b3740160a6,M04,4,9.02,11.4323399466,21
174,a0df11ab37c188b3740160a6,M05,4,9.03,11.4827934805,21
174,a0df11ab37c188b3740160a6,M06,4,12.21,14.5779737186,21
174,a0df11ab37c188b3740160a6,M07,4,13.3,16.4802907609,30
174,a0df11ab37c188b3740160a6,M08,4,17.67,20.82346943,30
174,a0df11ab37c188b3740160a6,M09,4,16.64,19.7658191688,30
174,a0df11ab37c188b3740160a6,M10,4,19.29,21.9490710144,30
174,a0df11ab37c188b3740160a6,M11,4,18.58,21.6224403959,30
174,a0df11ab37c188b3740160a6,M12,4,24.98,30.8126160804,45
174,a0df11ab37c188b3740160a6,M13,4,24.82,31.0500039072,60
174,a0df11ab37c188b3740160a6,M14,4,21.36,28.4704174004,60
174,a0df11ab37c188b3740160a6,M15,4,25.09,31.2978562247,60
174,a0df11ab37c188b3740160a6,M16,4,52.83,59.0709566667,100
174,a0df11ab37c188b3740160a6,M17,4,7.03,8.11517118559,14
174,a0df11ab37c188b3740160a6,M18,4,9.6,11.5729537908,21
174,a0df11ab37c188b3740160a6,M19,4,7.85,10.2092414055,21
174,a0df11ab37c188b3740160a6,M20,4,10.24,12.5658505729,20
174,a0df11ab37c188b3740160a6,M21,4,7.59,9.8269019596,21
174,a0df11ab37c188b3740160a6,M22,4,17.81,24.0303173752,45
174,a0df11ab37c188b3740160a6,M23,4,15.12,21.2145884451,45
174,a0df11ab37c188b3740160a6,M24,4,18.26,24.1574899597,45
174,a0df11ab37c188b3740160a6,M25,4,13.86,14.9169111284,20
174,a0df11ab37c188b3740160a6,M26,4,12.58,13.9563233868,20
174,a0df11ab37c188b3740160a6,M27,4,15.98,18.6843638773,30
174,a0df11ab37c188b3740160a6,M28,4,14.02,16.8482206397,30
174,a0df11ab37c188b3740160a6,M29,4,15.95,18.677782039,30
174,a0df11ab37c188b3740160a6,M30,4,9.75,11.9923463449,21
175,c910d74e6c15a5b3205df411,M01,0,7.2,7.81859516017,10
175,c910d74e6c15a5b3205df411,M02,0,9.61,10.443332027,15
175,c910d74e6c15a5b3205df411,M03,0,9.97,11.5619057811,21
175,c910d74e6c15a5b3205df411,M04,0,9.22,10.9172111136,21
175,c910d74e6c15a5b3205df411,M05,0,9.26,10.9623484023,21
175,c910d74e6c15a5b3205df411,M06,0,12.55,14.5829491573,21
175,c910d74e6c15a5b3205df411,M07,0,13.65,16.1387914645,30
175,c910d74e6c15a5b3205df411,M08,0,18.03,20.4591351277,30
175,c910d74e6c15a5b3205df411,M09,0,16.95,19.170362785,30
175,c910d74e6c15a5b3205df411,M10,0,19.68,21.4820858589,30
175,c910d74e6c15a5b3205df411,M11,0,18.91,21.1086202253,30
175,c910d74e6c15a5b3205df411,M12,0,25.56,29.6825855147,45
175,c910d74e6c15a5b3205df411,M13,0,25.7,30.1754436104,60
175,c910d74e6c15a5b3205df411,M14,0,22.23,27.4007984618,60
175,c910d74e6c15a5b3205df411,M15,0,25.84,30.3307963564,60
175,c910d74e6c15a5b3205df411,M16,0,53.82,58.80527243,100
175,c910d74e6c15a5b3205df411,M17,0,7.18,7.91629746032,14
175,c910d74e6c15a5b3205df411,M18,0,9.79,11.0718139304,21
175,c910d74e6c15a5b3205df411,M19,0,8.09,10.1907074231,21
175,c910d74e6c15a5b3205df411,M20,0,10.42,11.8600470133,20
175,c910d74e6c15a5b3205df411,M21,0,7.72,9.62155091997,21
175,c910d74e6c15a5b3205df411,M22,0,18.38,23.3486448038,45
175,c910d74e6c15a5b3205df411,M23,0,15.57,20.6964991977,45
175,c910d74e6c15a5b3205df411,M24,0,18.75,23.5788012756,45
175,c910d74e6c15a5b3205df411,M25,0,14.07,14.912292228,20
175,c910d74e6c15a5b3205df411,M26,0,12.79,13.8676023523,20
175,c910d74e6c15a5b3205df411,M27,0,16.39,18.4063570285,30
175,c910d74e6c15a5b3205df411,M28,0,14.43,16.567874577,30
175,c910d74e6c15a5b3205df411,M29,0,16.29,18.4494295105,30
175,c910d74e6c15a5b3205df411,M30,0,10.01,11.5650188287,21
176,e1b34eb9479ceb03b50a90a5,M01,0,6.35,6.5176370101,10
176,e1b34eb9479ceb03b50a90a5,M02,0,8.72,8.83736870563,15
176,e1b34eb9479ceb03b50a90a5,M03,0,8.65,8.6397457891,21
176,e1b34eb9479ceb03b50a90a5,M04,0,7.93,8.30694684393,21
176,e1b34eb9479ceb03b50a90a5,M05,0,7.64,8.19113338961,21
176,e1b34eb9479ceb03b50a90a5,M06,0,10.36,11.1473711294,21
176,e1b34eb9479ceb03b50a90a5,M07,0,11.73,12.2084471306,30
176,e1b34eb9479ceb03b50a90a5,M08,0,15.88,16.6825806825,30
176,e1b34eb9479ceb03b50a90a5,M09,0,14.76,15.9188074366,30
176,e1b34eb9479ceb03b50a90a5,M10,0,17.32,17.3544427863,30
176,e1b34eb9479ceb03b50a90a5,M11,0,16.34,16.861971979,30
176,e1b34eb9479ceb03b50a90a5,M12,0,21.63,21.8323906916,45
176,e1b34eb9479ceb03b50a90a5,M13,0,19.7,21.1069994242,60
176,e1b34eb9479ceb03b50a90a5,M14,0,16.44,18.8069240678,60
176,e1b34eb9479ceb03b50a90a5,M15,0,21.32,21.7405359954,60
176,e1b34eb9479ceb03b50a90a5,M16,0,44.53,45.5168125844,100
176,e1b34eb9479ceb03b50a90a5,M17,0,6.17,6.49313499711,14
176,e1b34eb9479ceb03b50a90a5,M18,0,8.52,8.64157098124,21
176,e1b34eb9479ceb03b50a90a5,M19,0,5.93,6.93904619991,21
176,e1b34eb9479ceb03b50a90a5,M20,0,8.11,9.80559327273,20
176,e1b34eb9479ceb03b50a90a5,M21,0,5.83,6.91764772661,21
176,e1b34eb9479ceb03b50a90a5,M22,0,12.51,15.9374146032,45
176,e1b34eb9479ceb03b50a90a5,M23,0,10.59,13.3167829076,45
176,e1b34eb9479ceb03b50a90a5,M24,0,13.63,16.6505240678,45
176,e1b34eb9479ceb03b50a90a5,M25,0,12.51,12.6046792136,20
176,e1b34eb9479ceb03b50a90a5,M26,0,11.24,11.7304074195,20
176,e1b34eb9479ceb03b50a90a5,M27,0,13.43,14.2467773542,30
176,e1b34eb9479ceb03b50a90a5,M28,0,11.51,12.5813117504,30
176,e1b34eb9479ceb03b50a90a5,M29,0,14.06,14.3385202041,30
176,e1b34eb9479ceb03b50a90a5,M30,0,7.91,8.59589199256,21
177,3314004f55d768b9102a7c53,M01,0,5.82,5.99919818371,10
177,3314004f55d768b9102a7c53,M02,0,7.78,7.63892264358,15
177,3314004f55d768b9102a7c53,M03,0,6.89,7.06311447763,21
177,3314004f55d768b9102a7c53,M04,0,6.28,6.55949048973,21
177,3314004f55d768b9102a7c53,M05,0,6.16,6.39773320835,21
177,3314004f55d768b9102a7c53,M06,0,8.77,8.97386393207,21
177,3314004f55d768b9102a7c53,M07,0,9.09,9.48059159296,30
177,3314004f55d768b9102a7c53,M08,0,12.96,13.449659088,30
177,3314004f55d768b9102a7c53,M09,0,11.77,12.5319138376,30
177,3314004f55d768b9102a7c53,M10,0,14.52,13.9639462078,30
177,3314004f55d768b9102a7c53,M11,0,13.53,13.357391785,30
177,3314004f55d768b9102a7c53,M12,0,17.32,16.8634790779,45
177,3314004f55d768b9102a7c53,M13,0,16.15,16.3574896188,60
177,3314004f55d768b9102a7c53,M14,0,13.49,14.6352201356,60
177,3314004f55d768b9102a7c53,M15,0,15.87,16.709466222,60
177,3314004f55d768b9102a7c53,M16,0,37.12,37.9011603515,100
177,3314004f55d768b9102a7c53,M17,0,5.01,5.30828740016,14
177,3314004f55d768b9102a7c53,M18,0,6.87,6.88214950849,21
177,3314004f55d768b9102a7c53,M19,0,5.88,5.922230116,21
177,3314004f55d768b9102a7c53,M20,0,8.12,8.14209936908,20
177,3314004f55d768b9102a7c53,M21,0,5.77,5.86647899911,21
177,3314004f55d768b9102a7c53,M22,0,12.58,12.4004533449,45
177,3314004f55d768b9102a7c53,M23,0,10.7,10.6730336017,45
177,3314004f55d768b9102a7c53,M24,0,12.59,12.338074811,45
177,3314004f55d768b9102a7c53,M25,0,11.68,11.1980581068,20
177,3314004f55d768b9102a7c53,M26,0,10.28,10.2896256883,20
177,3314004f55d768b9102a7c53,M27,0,11.8,12.1263476349,30
177,3314004f55d768b9102a7c53,M28,0,9.89,10.5541696997,30
177,3314004f55d768b9102a7c53,M29,0,11.41,12.0902190577,30
177,3314004f55d768b9102a7c53,M30,0,6.91,7.04643815729,21
178,0b4808d603cff090ae6e7e2c,M01,0,6.48,6.50955704329,10
178,0b4808d603cff090ae6e7e2c,M02,0,9.16,8.8209306075,15
178,0b4808d603cff090ae6e7e2c,M03,0,8.91,8.63515401998,21
178,0b4808d603cff090ae6e7e2c,M04,0,8.34,8.29917069963,21
178,0b4808d603cff090ae6e7e2c,M05,0,7.95,8.18022948773,21
178,0b4808d603cff090ae6e7e2c,M06,0,10.86,10.8996480072,21
178,0b4808d603cff090ae6e7e2c,M07,0,12.47,12.0934833265,30
178,0b4808d603cff090ae6e7e2c,M08,0,16.68,16.7153933427,30
178,0b4808d603cff090ae6e7e2c,M09,0,15.37,16.0075132647,30
178,0b4808d603cff090ae6e7e2c,M10,0,18.25,17.3635319096,30
178,0b4808d603cff090ae6e7e2c,M11,0,17.12,16.858508002,30
178,0b4808d603cff090ae6e7e2c,M12,0,23.12,21.8883597424,45
178,0b4808d603cff090ae6e7e2c,M13,0,21.28,21.0771687159,60
178,0b4808d603cff090ae6e7e2c,M14,0,18.07,18.7650469201,60
178,0b4808d603cff090ae6e7e2c,M15,0,22.7,21.7219449668,60
178,0b4808d603cff090ae6e7e2c,M16,0,47.76,45.7421534866,100
178,0b4808d603cff090ae6e7e2c,M17,0,6.53,6.47837895094,14
178,0b4808d603cff090ae6e7e2c,M18,0,8.95,8.61606247619,21
178,0b4808d603cff090ae6e7e2c,M19,0,6.1,6.66925519847,21
178,0b4808d603cff090ae6e7e2c,M20,0,9.13,9.38670747763,20
178,0b4808d603cff090ae6e7e2c,M21,0,6.4,6.65554649717,21
178,0b4808d603cff090ae6e7e2c,M22,0,14.37,15.8207450021,45
178,0b4808d603cff090ae6e7e2c,M23,0,11.87,13.0204140115,45
178,0b4808d603cff090ae6e7e2c,M24,0,16.04,16.5756330707,45
178,0b4808d603cff090ae6e7e2c,M25,0,12.86,12.5214899235,20
178,0b4808d603cff090ae6e7e2c,M26,0,11.62,11.6836495219,20
178,0b4808d603cff090ae6e7e2c,M27,0,14.09,14.1735207044,30
178,0b4808d603cff090ae6e7e2c,M28,0,12.24,12.4146598427,30
178,0b4808d603cff090ae6e7e2c,M29,0,14.61,14.3077022466,30
178,0b4808d603cff090ae6e7e2c,M30,0,8.33,8.58678308492,21
179,c51c3841863676f35f94e5d9,M01,1,5.67,5.94385432323,10
179,c51c3841863676f35f94e5d9,M02,1,7.78,7.34968986724,15
179,c51c3841863676f35f94e5d9,M03,1,6.59,6.83318093651,21
179,c51c3841863676f35f94e5d9,M04,1,6.02,6.38177447475,21
179,c51c3841863676f35f94e5d9,M05,1,5.9,6.24042151227,21
179,c51c3841863676f35f94e5d9,M06,1,8.39,8.92490336475,21
179,c51c3841863676f35f94e5d9,M07,1,8.65,9.3314868153,30
179,c51c3841863676f35f94e5d9,M08,1,12.35,12.4582330578,30
179,c51c3841863676f35f94e5d9,M09,1,11.14,11.7465827433,30
179,c51c3841863676f35f94e5d9,M10,1,13.88,13.0032331948,30
179,c51c3841863676f35f94e5d9,M11,1,12.85,12.5623228384,30
179,c51c3841863676f35f94e5d9,M12,1,16.3,16.2065021524,45
179,c51c3841863676f35f94e5d9,M13,1,15.2,15.7122273515,60
179,c51c3841863676f35f94e5d9,M14,1,12.67,14.5794126103,60
179,c51c3841863676f35f94e5d9,M15,1,14.92,16.0409053111,60
179,c51c3841863676f35f94e5d9,M16,1,34.4,38.2812338211,100
179,c51c3841863676f35f94e5d9,M17,1,4.75,5.13845677345,14
179,c51c3841863676f35f94e5d9,M18,1,6.57,6.63793879076,21
179,c51c3841863676f35f94e5d9,M19,1,5.66,5.89215952525,21
179,c51c3841863676f35f94e5d9,M20,1,7.78,8.0541158123,20
179,c51c3841863676f35f94e5d9,M21,1,5.55,5.77897130447,21
179,c51c3841863676f35f94e5d9,M22,1,11.89,11.5097732063,45
179,c51c3841863676f35f94e5d9,M23,1,10.07,10.2158536875,45
179,c51c3841863676f35f94e5d9,M24,1,11.87,11.3668829278,45
179,c51c3841863676f35f94e5d9,M25,1,11.37,11.1648771931,20
179,c51c3841863676f35f94e5d9,M26,1,9.93,10.2474443348,20
179,c51c3841863676f35f94e5d9,M27,1,11.27,11.3382919235,30
179,c51c3841863676f35f94e5d9,M28,1,9.41,10.1243917395,30
179,c51c3841863676f35f94e5d9,M29,1,10.86,11.2227291444,30
179,c51c3841863676f35f94e5d9,M30,1,6.61,6.86218233333,21
180,ecfd08db10e5477f190376da,M01,0,7.49,7.70804612698,10
180,ecfd08db10e5477f190376da,M02,0,10,10.3048684343,15
180,ecfd08db10e5477f190376da,M03,0,10.66,10.8244758759,21
180,ecfd08db10e5477f190376da,M04,0,9.86,10.3882741324,21
180,ecfd08db10e5477f190376da,M05,0,9.87,10.4194564181,21
180,ecfd08db10e5477f190376da,M06,0,13.19,14.0153128456,21
180,ecfd08db10e5477f190376da,M07,0,14.67,15.8082614603,30
180,ecfd08db10e5477f190376da,M08,0,19.05,19.9973868318,30
180,ecfd08db10e5477f190376da,M09,0,17.92,19.1211784401,30
180,ecfd08db10e5477f190376da,M10,0,20.68,20.8710917157,30
180,ecfd08db10e5477f190376da,M11,0,19.86,20.5409833766,30
180,ecfd08db10e5477f190376da,M12,0,27.21,28.5247944973,45
180,ecfd08db10e5477f190376da,M13,0,27.29,28.6318925348,60
180,ecfd08db10e5477f190376da,M14,0,23.63,26.2795706915,60
180,ecfd08db10e5477f190376da,M15,0,27.79,28.8817622794,60
180,ecfd08db10e5477f190376da,M16,0,55.7,57.6503552179,100
180,ecfd08db10e5477f190376da,M17,0,7.53,7.80034723232,14
180,ecfd08db10e5477f190376da,M18,0,10.4,10.522720193,21
180,ecfd08db10e5477f190376da,M19,0,8.29,9.75518069009,21
180,ecfd08db10e5477f190376da,M20,0,10.49,12.045389158,20
180,ecfd08db10e5477f190376da,M21,0,7.83,9.36505181707,21
180,ecfd08db10e5477f190376da,M22,0,18.43,22.624872482,45
180,ecfd08db10e5477f190376da,M23,0,15.52,19.8936289293,45
180,ecfd08db10e5477f190376da,M24,0,18.95,23.6170479062,45
180,ecfd08db10e5477f190376da,M25,0,14.48,14.5531200649,20
180,ecfd08db10e5477f190376da,M26,0,13.15,13.5999007071,20
180,ecfd08db10e5477f190376da,M27,0,17.15,17.534580684,30
180,ecfd08db10e5477f190376da,M28,0,15.13,16.2821389336,30
180,ecfd08db10e5477f190376da,M29,0,17.21,17.6352618413,30
180,ecfd08db10e5477f190376da,M30,0,10.68,10.8734738499,21
181,ae549a3bb89eeba0509b46d1,M01,0,4.96,5.34717245665,10
181,ae549a3bb89eeba0509b46d1,M02,0,6.36,6.94402208802,15
181,ae549a3bb89eeba0509b46d1,M03,0,5.31,5.99292568398,21
181,ae549a3bb89eeba0509b46d1,M04,0,5.1,5.68094407071,21
181,ae549a3bb89eeba0509b46d1,M05,0,4.95,5.53130172228,21
181,ae549a3bb89eeba0509b46d1,M06,0,6.78,7.96949579976,21
181,ae549a3bb89eeba0509b46d1,M07,0,6.91,8.35555140215,30
181,ae549a3bb89eeba0509b46d1,M08,0,9.32,11.5457644199,30
181,ae549a3bb89eeba0509b46d1,M09,0,8.26,10.7664653974,30
181,ae549a3bb89eeba0509b46d1,M10,0,10.79,12.1218010962,30
181,ae549a3bb89eeba0509b46d1,M11,0,9.81,11.6747084959,30
181,ae549a3bb89eeba0509b46d1,M12,0,11.64,14.1559921919,45
181,ae549a3bb89eeba0509b46d1,M13,0,10.81,13.704239127,60
181,ae549a3bb89eeba0509b46d1,M14,0,8.06,12.2406830679,60
181,ae549a3bb89eeba0509b46d1,M15,0,10.73,13.9674297966,60
181,ae549a3bb89eeba0509b46d1,M16,0,19.14,28.709069253,100
181,ae549a3bb89eeba0509b46d1,M17,0,3.41,4.39521575402,14
181,ae549a3bb89eeba0509b46d1,M18,0,5.44,5.99554827128,21
181,ae549a3bb89eeba0509b46d1,M19,0,4.63,5.23531096182,21
181,ae549a3bb89eeba0509b46d1,M20,0,5.78,7.1507617659,20
181,ae549a3bb89eeba0509b46d1,M21,0,4.6,5.21534709013,21
181,ae549a3bb89eeba0509b46d1,M22,0,8.53,10.5723386306,45
181,ae549a3bb89eeba0509b46d1,M23,0,7.04,9.29595607359,45
181,ae549a3bb89eeba0509b46d1,M24,0,8.45,10.4517493203,45
181,ae549a3bb89eeba0509b46d1,M25,0,9.65,10.5584707504,20
181,ae549a3bb89eeba0509b46d1,M26,0,8.21,9.64512275758,20
181,ae549a3bb89eeba0509b46d1,M27,0,9.16,10.5758771968,30
181,ae549a3bb89eeba0509b46d1,M28,0,7.84,9.22821589655,30
181,ae549a3bb89eeba0509b46d1,M29,0,8.92,10.4883791001,30
181,ae549a3bb89eeba0509b46d1,M30,0,5.71,6.11799403619,21
182,cde92d2cbf5ae04506b2772e,M01,0,7.68,7.24891518903,10
182,cde92d2cbf5ae04506b2772e,M02,0,10.23,9.96521860539,15
182,cde92d2cbf5ae04506b2772e,M03,0,11.17,10.1147425955,21
182,cde92d2cbf5ae04506b2772e,M04,0,10.27,9.70436218038,21
182,cde92d2cbf5ae04506b2772e,M05,0,10.4,9.65783184416,21
182,cde92d2cbf5ae04506b2772e,M06,0,13.91,12.9141982574,21
182,cde92d2cbf5ae04506b2772e,M07,0,15.48,14.178570596,30
182,cde92d2cbf5ae04506b2772e,M08,0,19.85,18.7325803593,30
182,cde92d2cbf5ae04506b2772e,M09,0,18.56,17.7462807215,30
182,cde92d2cbf5ae04506b2772e,M10,0,21.45,19.5392010202,30
182,cde92d2cbf5ae04506b2772e,M11,0,20.59,19.1318769351,30
182,cde92d2cbf5ae04506b2772e,M12,0,28.64,26.3549800253,45
182,cde92d2cbf5ae04506b2772e,M13,0,29.56,26.2316066646,60
182,cde92d2cbf5ae04506b2772e,M14,0,26.17,23.6610825563,60
182,cde92d2cbf5ae04506b2772e,M15,0,29.5,26.4261044091,60
182,cde92d2cbf5ae04506b2772e,M16,0,58.29,54.3090975822,100
182,cde92d2cbf5ae04506b2772e,M17,0,7.79,7.26039525253,14
182,cde92d2cbf5ae04506b2772e,M18,0,10.78,9.87933749928,21
182,cde92d2cbf5ae04506b2772e,M19,0,10.09,8.00998347131,21
182,cde92d2cbf5ae04506b2772e,M20,0,12.29,10.4496759518,20
182,cde92d2cbf5ae04506b2772e,M21,0,9.46,7.8810921816,21
182,cde92d2cbf5ae04506b2772e,M22,0,24.04,18.9291981071,45
182,cde92d2cbf5ae04506b2772e,M23,0,20.7,16.582160364,45
182,cde92d2cbf5ae04506b2772e,M24,0,24.45,19.2500609784,45
182,cde92d2cbf5ae04506b2772e,M25,0,14.83,13.7198312923,20
182,cde92d2cbf5ae04506b2772e,M26,0,13.6,12.9253698175,20
182,cde92d2cbf5ae04506b2772e,M27,0,18.03,16.4780982226,30
182,cde92d2cbf5ae04506b2772e,M28,0,16.14,14.8949842345,30
182,cde92d2cbf5ae04506b2772e,M29,0,17.87,16.4799533333,30
182,cde92d2cbf5ae04506b2772e,M30,0,11.22,10.1365756244,21
183,fc0ff7763485986307ce7100,M01,1,8.23,7.51791621012,10
183,fc0ff7763485986307ce7100,M02,1,10.89,10.1751360346,15
183,fc0ff7763485986307ce7100,M03,1,12.35,10.5200208528,21
183,fc0ff7763485986307ce7100,M04,1,11.38,10.0707283752,21
183,fc0ff7763485986307ce7100,M05,1,11.57,10.0927303593,21
183,fc0ff7763485986307ce7100,M06,1,15.3,13.4759042284,21
183,fc0ff7763485986307ce7100,M07,1,17.25,14.7919620316,30
183,fc0ff7763485986307ce7100,M08,1,21.54,19.2853536609,30
183,fc0ff7763485986307ce7100,M09,1,20.21,18.3427441068,30
183,fc0ff7763485986307ce7100,M10,1,23.23,19.9894434459,30
183,fc0ff7763485986307ce7100,M11,1,22.28,19.6177483911,30
183,fc0ff7763485986307ce7100,M12,1,31.47,26.9869157475,45
183,fc0ff7763485986307ce7100,M13,1,32.84,26.9242899033,60
183,fc0ff7763485986307ce7100,M14,1,29.53,24.5402808615,60
183,fc0ff7763485986307ce7100,M15,1,33.17,27.1483870577,60
183,fc0ff7763485986307ce7100,M16,1,61.88,52.5580225007,100
183,fc0ff7763485986307ce7100,M17,1,8.4,7.54718803552,14
183,fc0ff7763485986307ce7100,M18,1,11.81,10.2036332958,21
183,fc0ff7763485986307ce7100,M19,1,11.27,8.37745340704,21
183,fc0ff7763485986307ce7100,M20,1,13.21,10.8845277532,20
183,fc0ff7763485986307ce7100,M21,1,10.29,8.1888008789,21
183,fc0ff7763485986307ce7100,M22,1,26.64,19.4539320707,45
183,fc0ff7763485986307ce7100,M23,1,23.41,17.3200572756,45
183,fc0ff7763485986307ce7100,M24,1,27.14,19.5029204517,45
183,fc0ff7763485986307ce7100,M25,1,15.64,14.1272120322,20
183,fc0ff7763485986307ce7100,M26,1,14.32,13.3273361429,20
183,fc0ff7763485986307ce7100,M27,1,19.7,17.0197725137,30
183,fc0ff7763485986307ce7100,M28,1,17.62,15.5881217431,30
183,fc0ff7763485986307ce7100,M29,1,19.65,16.9947129423,30
183,fc0ff7763485986307ce7100,M30,1,12.41,10.5750079639,21
184,378e1b4037b2208a390730ed,M01,0,1.27,5.04043833333,10
184,378e1b4037b2208a390730ed,M02,0,0.93,6.22491414769,15
184,378e1b4037b2208a390730ed,M03,0,1.39,5.47636817938,21
184,378e1b4037b2208a390730ed,M04,0,1.39,5.31318365512,21
184,378e1b4037b2208a390730ed,M05,0,1.28,5.13101602453,21
184,378e1b4037b2208a390730ed,M06,0,1.44,7.25341354013,21
184,378e1b4037b2208a390730ed,M07,0,1.39,7.14605236985,30
184,378e1b4037b2208a390730ed,M08,0,0.93,9.3144637235,30
184,378e1b4037b2208a390730ed,M09,0,0.93,8.2274462785,30
184,378e1b4037b2208a390730ed,M10,0,1.37,9.9740611604,30
184,378e1b4037b2208a390730ed,M11,0,1.31,9.41835323687,30
184,378e1b4037b2208a390730ed,M12,0,0.93,10.5375058571,45
184,378e1b4037b2208a390730ed,M13,0,1.27,10.5172639971,60
184,378e1b4037b2208a390730ed,M14,0,0.75,8.67652911511,60
184,378e1b4037b2208a390730ed,M15,0,1.6,10.6960800952,60
184,378e1b4037b2208a390730ed,M16,0,1.25,20.6491169004,100
184,378e1b4037b2208a390730ed,M17,0,0.9,3.46713360173,14
184,378e1b4037b2208a390730ed,M18,0,1.5,5.43856885281,21
184,378e1b4037b2208a390730ed,M19,0,1.39,4.88757859785,21
184,378e1b4037b2208a390730ed,M20,0,0.67,6.38196460317,20
184,378e1b4037b2208a390730ed,M21,0,1.48,4.89484229626,21
184,378e1b4037b2208a390730ed,M22,0,1.21,8.75460423687,45
184,378e1b4037b2208a390730ed,M23,0,0.75,7.45864560462,45
184,378e1b4037b2208a390730ed,M24,0,1.56,8.69363802653,45
184,378e1b4037b2208a390730ed,M25,0,6.71,9.6377895469,20
184,378e1b4037b2208a390730ed,M26,0,4.94,8.58959131568,20
184,378e1b4037b2208a390730ed,M27,0,7.12,9.42377234488,30
184,378e1b4037b2208a390730ed,M28,0,5.48,8.03203135065,30
184,378e1b4037b2208a390730ed,M29,0,6.65,9.21804102597,30
184,378e1b4037b2208a390730ed,M30,0,4.19,5.64144962127,21
185,3d1756396565a85b0e5bfd75,M01,3,8.23,7.79228872006,10
185,3d1756396565a85b0e5bfd75,M02,3,10.9,10.5114962478,15
185,3d1756396565a85b0e5bfd75,M03,3,12.56,11.4714814921,21
185,3d1756396565a85b0e5bfd75,M04,3,11.62,10.9115217056,21
185,3d1756396565a85b0e5bfd75,M05,3,11.8,10.9406906898,21
185,3d1756396565a85b0e5bfd75,M06,3,15.3,14.4059483508,21
185,3d1756396565a85b0e5bfd75,M07,3,17.6,16.4362472696,30
185,3d1756396565a85b0e5bfd75,M08,3,21.86,20.7709180159,30
185,3d1756396565a85b0e5bfd75,M09,3,20.57,19.8271564675,30
185,3d1756396565a85b0e5bfd75,M10,3,23.37,21.8864555459,30
185,3d1756396565a85b0e5bfd75,M11,3,22.55,21.537182885,30
185,3d1756396565a85b0e5bfd75,M12,3,32.04,30.2310897637,45
185,3d1756396565a85b0e5bfd75,M13,3,33.42,30.6175633423,60
185,3d1756396565a85b0e5bfd75,M14,3,30.19,28.2734472785,60
185,3d1756396565a85b0e5bfd75,M15,3,33.76,30.7555142269,60
185,3d1756396565a85b0e5bfd75,M16,3,62.47,59.3372453309,100
185,3d1756396565a85b0e5bfd75,M17,3,8.54,7.96096534343,14
185,3d1756396565a85b0e5bfd75,M18,3,12.03,11.064252847,21
185,3d1756396565a85b0e5bfd75,M19,3,10.94,9.9049872815,21
185,3d1756396565a85b0e5bfd75,M20,3,12.86,12.2817369062,20
185,3d1756396565a85b0e5bfd75,M21,3,10.01,9.61517723865,21
185,3d1756396565a85b0e5bfd75,M22,3,25.68,24.0818658514,45
185,3d1756396565a85b0e5bfd75,M23,3,22.13,21.2467855546,45
185,3d1756396565a85b0e5bfd75,M24,3,26.41,24.7620533651,45
185,3d1756396565a85b0e5bfd75,M25,3,15.68,14.9293422896,20
185,3d1756396565a85b0e5bfd75,M26,3,14.41,13.8802411847,20
185,3d1756396565a85b0e5bfd75,M27,3,19.72,18.6377419341,30
185,3d1756396565a85b0e5bfd75,M28,3,17.87,16.8722840549,30
185,3d1756396565a85b0e5bfd75,M29,3,19.66,18.65744026,30
185,3d1756396565a85b0e5bfd75,M30,3,12.62,11.5072375426,21
186,231bee3016cdac10154eb865,M01,2,5.38,6.18558849573,10
186,231bee3016cdac10154eb865,M02,2,6.93,7.80464281674,15
186,231bee3016cdac10154eb865,M03,2,6.03,7.43780893506,21
186,231bee3016cdac10154eb865,M04,2,5.44,7.13243655123,21
186,231bee3016cdac10154eb865,M05,2,5.65,7.05133649639,21
186,231bee3016cdac10154eb865,M06,2,7.73,9.29518869986,21
186,231bee3016cdac10154eb865,M07,2,7.7,9.64153459307,30
186,231bee3016cdac10154eb865,M08,2,10.1,13.2486979761,30
186,231bee3016cdac10154eb865,M09,2,8.4,12.5662028029,30
186,231bee3016cdac10154eb865,M10,2,11.91,13.7608907467,30
186,231bee3016cdac10154eb865,M11,2,10.76,13.3364271132,30
186,231bee3016cdac10154eb865,M12,2,12.46,17.3191944809,45
186,231bee3016cdac10154eb865,M13,2,12.45,17.0904136768,60
186,231bee3016cdac10154eb865,M14,2,9.77,15.9013049351,60
186,231bee3016cdac10154eb865,M15,2,12.33,17.2823227045,60
186,231bee3016cdac10154eb865,M16,2,23.53,35.4247496471,100
186,231bee3016cdac10154eb865,M17,2,2.78,5.46091743945,14
186,231bee3016cdac10154eb865,M18,2,5.17,7.30459092352,21
186,231bee3016cdac10154eb865,M19,2,5.29,6.10180504584,21
186,231bee3016cdac10154eb865,M20,2,5.67,8.02513861538,20
186,231bee3016cdac10154eb865,M21,2,4.7,6.02950386691,21
186,231bee3016cdac10154eb865,M22,2,8.28,12.0081128499,45
186,231bee3016cdac10154eb865,M23,2,6.83,10.9512414993,45
186,231bee3016cdac10154eb865,M24,2,8.13,11.9453375815,45
186,231bee3016cdac10154eb865,M25,2,11.62,10.8766847864,20
186,231bee3016cdac10154eb865,M26,2,10.16,10.2490910144,20
186,231bee3016cdac10154eb865,M27,2,11.66,12.0235052121,30
186,231bee3016cdac10154eb865,M28,2,9.71,10.9100152208,30
186,231bee3016cdac10154eb865,M29,2,11.36,11.9300744502,30
186,231bee3016cdac10154eb865,M30,2,6.88,7.49532876657,21
187,ceff63dc913a8d929452b72a,M01,0,7.47,8.12277870996,10
187,ceff63dc913a8d929452b72a,M02,0,10.05,10.7568493131,15
187,ceff63dc913a8d929452b72a,M03,0,10.87,12.3650669524,21
187,ceff63dc913a8d929452b72a,M04,0,10.05,11.5306216435,21
187,ceff63dc913a8d929452b72a,M05,0,10.13,11.6081180013,21
187,ceff63dc913a8d929452b72a,M06,0,13.39,15.0463056354,21
187,ceff63dc913a8d929452b72a,M07,0,15.03,17.2321344429,30
187,ceff63dc913a8d929452b72a,M08,0,19.42,21.6144609124,30
187,ceff63dc913a8d929452b72a,M09,0,18.31,20.185837543,30
187,ceff63dc913a8d929452b72a,M10,0,20.96,22.7277251295,30
187,ceff63dc913a8d929452b72a,M11,0,20.25,22.379298563,30
187,ceff63dc913a8d929452b72a,M12,0,27.96,31.5794811669,45
187,ceff63dc913a8d929452b72a,M13,0,28.22,32.384307579,60
187,ceff63dc913a8d929452b72a,M14,0,24.86,29.3312301414,60
187,ceff63dc913a8d929452b72a,M15,0,28.75,32.5583461879,60
187,ceff63dc913a8d929452b72a,M16,0,56.81,61.1391975248,100
187,ceff63dc913a8d929452b72a,M17,0,7.62,8.32198249784,14
187,ceff63dc913a8d929452b72a,M18,0,10.6,11.7448461284,21
187,ceff63dc913a8d929452b72a,M19,0,8.9,10.8115591429,21
187,ceff63dc913a8d929452b72a,M20,0,11.13,12.6390348289,20
187,ceff63dc913a8d929452b72a,M21,0,8.42,10.1303192328,21
187,ceff63dc913a8d929452b72a,M22,0,20.4,25.8227130496,45
187,ceff63dc913a8d929452b72a,M23,0,17.45,22.4833206099,45
187,ceff63dc913a8d929452b72a,M24,0,20.96,25.9717953117,45
187,ceff63dc913a8d929452b72a,M25,0,14.53,15.2970424776,20
187,ceff63dc913a8d929452b72a,M26,0,13.29,14.2552528651,20
187,ceff63dc913a8d929452b72a,M27,0,17.44,19.338576404,30
187,ceff63dc913a8d929452b72a,M28,0,15.54,17.5064228757,30
187,ceff63dc913a8d929452b72a,M29,0,17.48,19.3734789336,30
187,ceff63dc913a8d929452b72a,M30,0,10.89,12.3746866825,21
188,c815242a0e123343d6e3302a,M01,2,9.1,8.67044709668,10
188,c815242a0e123343d6e3302a,M02,2,13.17,12.0548749062,15
188,c815242a0e123343d6e3302a,M03,2,15.7,13.7901895123,21
188,c815242a0e123343d6e3302a,M04,2,14.66,13.3561539048,21
188,c815242a0e123343d6e3302a,M05,2,14.94,13.4253548889,21
188,c815242a0e123343d6e3302a,M06,2,18.9,16.8821568185,21
188,c815242a0e123343d6e3302a,M07,2,22.3,19.9361956462,30
188,c815242a0e123343d6e3302a,M08,2,26.22,23.6964752156,30
188,c815242a0e123343d6e3302a,M09,2,24.81,22.8240167114,30
188,c815242a0e123343d6e3302a,M10,2,27.92,24.662510645,30
188,c815242a0e123343d6e3302a,M11,2,27.01,24.4886235974,30
188,c815242a0e123343d6e3302a,M12,2,39.21,36.9006114892,45
188,c815242a0e123343d6e3302a,M13,2,42.05,37.5449331544,60
188,c815242a0e123343d6e3302a,M14,2,39.43,36.3881089841,60
188,c815242a0e123343d6e3302a,M15,2,42.52,37.7461202063,60
188,c815242a0e123343d6e3302a,M16,2,71.79,66.396548583,100
188,c815242a0e123343d6e3302a,M17,2,10.27,8.96277213131,14
188,c815242a0e123343d6e3302a,M18,2,14.84,13.2808299567,21
188,c815242a0e123343d6e3302a,M19,2,16.12,12.6746129294,21
188,c815242a0e123343d6e3302a,M20,2,17.03,14.6496988268,20
188,c815242a0e123343d6e3302a,M21,2,14.78,12.284227029,21
188,c815242a0e123343d6e3302a,M22,2,38.48,29.0279995296,45
188,c815242a0e123343d6e3302a,M23,2,34.48,26.897990099,45
188,c815242a0e123343d6e3302a,M24,2,39.98,29.3327292942,45
188,c815242a0e123343d6e3302a,M25,2,18.65,16.7960439954,20
188,c815242a0e123343d6e3302a,M26,2,16.78,16.0565067819,20
188,c815242a0e123343d6e3302a,M27,2,23.86,22.3135220281,30
188,c815242a0e123343d6e3302a,M28,2,21.94,21.6181791883,30
188,c815242a0e123343d6e3302a,M29,2,23.92,22.2818792965,30
188,c815242a0e123343d6e3302a,M30,2,15.8,13.8109855671,21
189,6da8b86316162ba99fec2db6,M01,2,5.5,4.81499174426,10
189,6da8b86316162ba99fec2db6,M02,2,7.16,5.85974391486,15
189,6da8b86316162ba99fec2db6,M03,2,6.24,5.24933195382,21
189,6da8b86316162ba99fec2db6,M04,2,5.72,5.06525702453,21
189,6da8b86316162ba99fec2db6,M05,2,5.67,4.9198467558,21
189,6da8b86316162ba99fec2db6,M06,2,7.96,7.37390674892,21
189,6da8b86316162ba99fec2db6,M07,2,8.03,7.48104046898,30
189,6da8b86316162ba99fec2db6,M08,2,10.79,9.86078761228,30
189,6da8b86316162ba99fec2db6,M09,2,9.46,9.05063698857,30
189,6da8b86316162ba99fec2db6,M10,2,12.56,10.4111652501,30
189,6da8b86316162ba99fec2db6,M11,2,11.44,9.89055607226,30
189,6da8b86316162ba99fec2db6,M12,2,13.47,11.4652934639,45
189,6da8b86316162ba99fec2db6,M13,2,13.51,11.3461677294,60
189,6da8b86316162ba99fec2db6,M14,2,10.65,10.160912184,60
189,6da8b86316162ba99fec2db6,M15,2,13.31,11.3656361623,60
189,6da8b86316162ba99fec2db6,M16,2,27,21.0645102829,100
189,6da8b86316162ba99fec2db6,M17,2,4.32,3.4241071554,14
189,6da8b86316162ba99fec2db6,M18,2,6.22,5.20868877345,21
189,6da8b86316162ba99fec2db6,M19,2,5.23,4.82177583172,21
189,6da8b86316162ba99fec2db6,M20,2,6.75,6.66539208522,20
189,6da8b86316162ba99fec2db6,M21,2,5.15,4.76908075092,21
189,6da8b86316162ba99fec2db6,M22,2,10.17,9.07823131668,45
189,6da8b86316162ba99fec2db6,M23,2,8.39,7.97310874037,45
189,6da8b86316162ba99fec2db6,M24,2,10.06,8.97575242047,45
189,6da8b86316162ba99fec2db6,M25,2,10.84,8.83049411822,20
189,6da8b86316162ba99fec2db6,M26,2,9.1,8.11161542557,20
189,6da8b86316162ba99fec2db6,M27,2,10.48,9.16534786192,30
189,6da8b86316162ba99fec2db6,M28,2,8.62,8.00169860451,30
189,6da8b86316162ba99fec2db6,M29,2,10.21,8.99460440737,30
189,6da8b86316162ba99fec2db6,M30,2,6.23,5.26479350794,21
190,9f40631b794965aff4da7b4a,M01,4,8.38,7.6250152381,10
190,9f40631b794965aff4da7b4a,M02,4,11.03,10.8723139437,15
190,9f40631b794965aff4da7b4a,M03,4,12.78,11.3683728862,21
190,9f40631b794965aff4da7b4a,M04,4,11.69,10.9143005601,21
190,9f40631b794965aff4da7b4a,M05,4,11.93,10.9467567982,21
190,9f40631b794965aff4da7b4a,M06,4,15.62,14.2360261976,21
190,9f40631b794965aff4da7b4a,M07,4,17.89,15.947658267,30
190,9f40631b794965aff4da7b4a,M08,4,22.15,20.5377071602,30
190,9f40631b794965aff4da7b4a,M09,4,20.65,19.4143914487,30
190,9f40631b794965aff4da7b4a,M10,4,23.7,21.5756139399,30
190,9f40631b794965aff4da7b4a,M11,4,22.73,21.1870421896,30
190,9f40631b794965aff4da7b4a,M12,4,32.45,29.5217734927,45
190,9f40631b794965aff4da7b4a,M13,4,34.14,29.6704562676,60
190,9f40631b794965aff4da7b4a,M14,4,30.92,27.153662026,60
190,9f40631b794965aff4da7b4a,M15,4,34.31,29.8258165663,60
190,9f40631b794965aff4da7b4a,M16,4,63.27,58.6150239674,100
190,9f40631b794965aff4da7b4a,M17,4,8.61,7.6652255873,14
190,9f40631b794965aff4da7b4a,M18,4,12.09,11.0045227803,21
190,9f40631b794965aff4da7b4a,M19,4,11.24,9.38446255556,21
190,9f40631b794965aff4da7b4a,M20,4,13.16,11.6301453267,20
190,9f40631b794965aff4da7b4a,M21,4,10.22,9.13182928327,21
190,9f40631b794965aff4da7b4a,M22,4,26.76,22.6101233535,45
190,9f40631b794965aff4da7b4a,M23,4,23.13,20.5090473377,45
190,9f40631b794965aff4da7b4a,M24,4,27.32,23.206035114,45
190,9f40631b794965aff4da7b4a,M25,4,15.88,14.6837694184,20
190,9f40631b794965aff4da7b4a,M26,4,14.59,13.6906218341,20
190,9f40631b794965aff4da7b4a,M27,4,20.06,18.3409328009,30
190,9f40631b794965aff4da7b4a,M28,4,18.23,16.4149546551,30
190,9f40631b794965aff4da7b4a,M29,4,19.96,18.283941899,30
190,9f40631b794965aff4da7b4a,M30,4,12.83,11.4048005281,21
191,133b391bd1d233ca3265cf1b,M01,3,7.96,8.01914183172,10
191,133b391bd1d233ca3265cf1b,M02,3,10.62,10.5701829005,15
191,133b391bd1d233ca3265cf1b,M03,3,12.06,11.7938877417,21
191,133b391bd1d233ca3265cf1b,M04,3,11.17,11.1220434311,21
191,133b391bd1d233ca3265cf1b,M05,3,11.3,11.1772310404,21
191,133b391bd1d233ca3265cf1b,M06,3,14.73,14.684046697,21
191,133b391bd1d233ca3265cf1b,M07,3,16.85,16.7023082309,30
191,133b391bd1d233ca3265cf1b,M08,3,21.15,21.0451419818,30
191,133b391bd1d233ca3265cf1b,M09,3,19.94,19.8734773261,30
191,133b391bd1d233ca3265cf1b,M10,3,22.65,22.2757858658,30
191,133b391bd1d233ca3265cf1b,M11,3,21.84,21.9212784805,30
191,133b391bd1d233ca3265cf1b,M12,3,30.91,31.1178006325,45
191,133b391bd1d233ca3265cf1b,M13,3,31.99,31.6210416306,60
191,133b391bd1d233ca3265cf1b,M14,3,28.82,29.1730442165,60
191,133b391bd1d233ca3265cf1b,M15,3,32.24,31.7934660996,60
191,133b391bd1d233ca3265cf1b,M16,3,60.96,60.711679041,100
191,133b391bd1d233ca3265cf1b,M17,3,8.28,8.17225733677,14
191,133b391bd1d233ca3265cf1b,M18,3,11.6,11.3190197128,21
191,133b391bd1d233ca3265cf1b,M19,3,10.57,10.3308439203,21
191,133b391bd1d233ca3265cf1b,M20,3,12.63,12.6059037001,20
191,133b391bd1d233ca3265cf1b,M21,3,9.81,9.84913031646,21
191,133b391bd1d233ca3265cf1b,M22,3,25.08,24.1975509296,45
191,133b391bd1d233ca3265cf1b,M23,3,21.69,21.4176191934,45
191,133b391bd1d233ca3265cf1b,M24,3,25.64,24.2004681674,45
191,133b391bd1d233ca3265cf1b,M25,3,15.29,15.0837179625,20
191,133b391bd1d233ca3265cf1b,M26,3,14.07,14.0530088534,20
191,133b391bd1d233ca3265cf1b,M27,3,19.02,18.7047993157,30
191,133b391bd1d233ca3265cf1b,M28,3,17.23,17.0253365743,30
191,133b391bd1d233ca3265cf1b,M29,3,18.95,18.7353782551,30
191,133b391bd1d233ca3265cf1b,M30,3,12.11,11.8272528846,21
193,2f9d6a91601860eeae150557,M01,2,8.49,8.08819592929,10
193,2f9d6a91601860eeae150557,M02,2,11.22,10.6263729538,15
193,2f9d6a91601860eeae150557,M03,2,13.23,11.9125994444,21
193,2f9d6a91601860eeae150557,M04,2,12.16,11.2731728996,21
193,2f9d6a91601860eeae150557,M05,2,12.41,11.3268481732,21
193,2f9d6a91601860eeae150557,M06,2,15.94,14.8532647345,21
193,2f9d6a91601860eeae150557,M07,2,18.6,16.820549228,30
193,2f9d6a91601860eeae150557,M08,2,22.79,21.4201117648,30
193,2f9d6a91601860eeae150557,M09,2,21.34,20.1747863221,30
193,2f9d6a91601860eeae150557,M10,2,24.27,22.3379269134,30
193,2f9d6a91601860eeae150557,M11,2,23.44,22.068852785,30
193,2f9d6a91601860eeae150557,M12,2,33.68,31.3958586162,45
193,2f9d6a91601860eeae150557,M13,2,35.2,31.98053914,60
193,2f9d6a91601860eeae150557,M14,2,32.14,29.1402984877,60
193,2f9d6a91601860eeae150557,M15,2,35.08,32.114268443,60
193,2f9d6a91601860eeae150557,M16,2,64.4,61.1175829203,100
193,2f9d6a91601860eeae150557,M17,2,8.83,8.2620924228,14
193,2f9d6a91601860eeae150557,M18,2,12.54,11.4258021299,21
193,2f9d6a91601860eeae150557,M19,2,12.33,10.4749130548,21
193,2f9d6a91601860eeae150557,M20,2,13.85,12.5526713348,20
193,2f9d6a91601860eeae150557,M21,2,11.22,9.91106839105,21
193,2f9d6a91601860eeae150557,M22,2,28.99,24.8528497879,45
193,2f9d6a91601860eeae150557,M23,2,25.58,21.9507310173,45
193,2f9d6a91601860eeae150557,M24,2,29.64,25.2379640433,45
193,2f9d6a91601860eeae150557,M25,2,16.03,15.2120381227,20
193,2f9d6a91601860eeae150557,M26,2,14.8,14.1447707363,20
193,2f9d6a91601860eeae150557,M27,2,20.44,18.9146862004,30
193,2f9d6a91601860eeae150557,M28,2,18.69,17.3198555469,30
193,2f9d6a91601860eeae150557,M29,2,20.31,18.8578821527,30
193,2f9d6a91601860eeae150557,M30,2,13.02,11.93169714,21
194,b8c4be4f866a65acd44b7659,M01,3,7.17,7.79444699711,10
194,b8c4be4f866a65acd44b7659,M02,3,9.6,10.4039739095,15
194,b8c4be4f866a65acd44b7659,M03,3,9.95,11.4999664141,21
194,b8c4be4f866a65acd44b7659,M04,3,9.11,10.9717465137,21
194,b8c4be4f866a65acd44b7659,M05,3,9.17,11.0150059206,21
194,b8c4be4f866a65acd44b7659,M06,3,12.41,14.2049814762,21
194,b8c4be4f866a65acd44b7659,M07,3,13.62,16.3193166291,30
194,b8c4be4f866a65acd44b7659,M08,3,18,20.7239404176,30
194,b8c4be4f866a65acd44b7659,M09,3,16.78,19.7868818135,30
194,b8c4be4f866a65acd44b7659,M10,3,19.62,21.6774614897,30
194,b8c4be4f866a65acd44b7659,M11,3,18.78,21.4256856006,30
194,b8c4be4f866a65acd44b7659,M12,3,25.5,30.690554259,45
194,b8c4be4f866a65acd44b7659,M13,3,25.36,30.7908003956,60
194,b8c4be4f866a65acd44b7659,M14,3,21.76,28.6002482857,60
194,b8c4be4f866a65acd44b7659,M15,3,25.68,31.1396692571,60
194,b8c4be4f866a65acd44b7659,M16,3,53.45,59.3577084259,100
194,b8c4be4f866a65acd44b7659,M17,3,7.09,7.96032264358,14
194,b8c4be4f866a65acd44b7659,M18,3,9.7,11.1022000375,21
194,b8c4be4f866a65acd44b7659,M19,3,8.51,9.67253179798,21
194,b8c4be4f866a65acd44b7659,M20,3,10.88,12.3863057504,20
194,b8c4be4f866a65acd44b7659,M21,3,8.04,9.37052654734,21
194,b8c4be4f866a65acd44b7659,M22,3,19.57,23.4021476843,45
194,b8c4be4f866a65acd44b7659,M23,3,16.53,20.5036961645,45
194,b8c4be4f866a65acd44b7659,M24,3,20.07,24.0771907166,45
194,b8c4be4f866a65acd44b7659,M25,3,13.99,14.666418798,20
194,b8c4be4f866a65acd44b7659,M26,3,12.67,13.7477522199,20
194,b8c4be4f866a65acd44b7659,M27,3,16.27,18.2350024454,30
194,b8c4be4f866a65acd44b7659,M28,3,14.25,16.6719643535,30
194,b8c4be4f866a65acd44b7659,M29,3,16.25,18.2683095984,30
194,b8c4be4f866a65acd44b7659,M30,3,9.97,11.5177404646,21
195,2f3df9eedd2906c14ce0e5d6,M01,4,8.29,7.903585114,10
195,2f3df9eedd2906c14ce0e5d6,M02,4,10.96,10.4114824863,15
195,2f3df9eedd2906c14ce0e5d6,M03,4,12.71,11.04396314,21
195,2f3df9eedd2906c14ce0e5d6,M04,4,11.75,10.5773463808,21
195,2f3df9eedd2906c14ce0e5d6,M05,4,11.98,10.6133150389,21
195,2f3df9eedd2906c14ce0e5d6,M06,4,15.51,14.2721767055,21
195,2f3df9eedd2906c14ce0e5d6,M07,4,17.81,16.1697056825,30
195,2f3df9eedd2906c14ce0e5d6,M08,4,22.07,20.4975760847,30
195,2f3df9eedd2906c14ce0e5d6,M09,4,20.74,19.6974524871,30
195,2f3df9eedd2906c14ce0e5d6,M10,4,23.57,21.6338956515,30
195,2f3df9eedd2906c14ce0e5d6,M11,4,22.81,21.3650117741,30
195,2f3df9eedd2906c14ce0e5d6,M12,4,32.37,29.7312917633,45
195,2f3df9eedd2906c14ce0e5d6,M13,4,34.01,29.8770957792,60
195,2f3df9eedd2906c14ce0e5d6,M14,4,30.82,27.6867588514,60
195,2f3df9eedd2906c14ce0e5d6,M15,4,34.3,30.1300469069,60
195,2f3df9eedd2906c14ce0e5d6,M16,4,63.09,58.8977874329,100
195,2f3df9eedd2906c14ce0e5d6,M17,4,8.63,8.04921829149,14
195,2f3df9eedd2906c14ce0e5d6,M18,4,12.14,10.674926124,21
195,2f3df9eedd2906c14ce0e5d6,M19,4,11.55,10.1235252092,21
195,2f3df9eedd2906c14ce0e5d6,M20,4,13.4,12.7379376378,20
195,2f3df9eedd2906c14ce0e5d6,M21,4,10.71,9.80823170996,21
195,2f3df9eedd2906c14ce0e5d6,M22,4,27.92,24.590645776,45
195,2f3df9eedd2906c14ce0e5d6,M23,4,24.38,21.6854211656,45
195,2f3df9eedd2906c14ce0e5d6,M24,4,28.54,25.030967359,45
195,2f3df9eedd2906c14ce0e5d6,M25,4,15.76,14.7091741673,20
195,2f3df9eedd2906c14ce0e5d6,M26,4,14.55,13.789402153,20
195,2f3df9eedd2906c14ce0e5d6,M27,4,19.93,18.0029095904,30
195,2f3df9eedd2906c14ce0e5d6,M28,4,18.16,16.477082544,30
195,2f3df9eedd2906c14ce0e5d6,M29,4,19.88,18.0631469237,30
195,2f3df9eedd2906c14ce0e5d6,M30,4,12.75,11.0557972828,21
196,2c3353338941a5a1620123ce,M01,0,7.85,8.06005995382,10
196,2c3353338941a5a1620123ce,M02,0,10.46,10.6014530383,15
196,2c3353338941a5a1620123ce,M03,0,11.69,12.0999061169,21
196,2c3353338941a5a1620123ce,M04,0,10.75,11.3367116031,21
196,2c3353338941a5a1620123ce,M05,0,10.93,11.3968863831,21
196,2c3353338941a5a1620123ce,M06,0,14.46,14.8935102771,21
196,2c3353338941a5a1620123ce,M07,0,16.27,16.8589555361,30
196,2c3353338941a5a1620123ce,M08,0,20.61,21.2465112409,30
196,2c3353338941a5a1620123ce,M09,0,19.32,19.9186755786,30
196,2c3353338941a5a1620123ce,M10,0,22.17,22.3148329282,30
196,2c3353338941a5a1620123ce,M11,0,21.32,21.9059625844,30
196,2c3353338941a5a1620123ce,M12,0,29.95,30.8948891294,45
196,2c3353338941a5a1620123ce,M13,0,31.18,31.6131573925,60
196,2c3353338941a5a1620123ce,M14,0,27.93,28.9951752768,60
196,2c3353338941a5a1620123ce,M15,0,31.1,31.7280443766,60
196,2c3353338941a5a1620123ce,M16,0,60.08,60.6185579727,100
196,2c3353338941a5a1620123ce,M17,0,8.07,8.26636544389,14
196,2c3353338941a5a1620123ce,M18,0,11.22,11.544734839,21
196,2c3353338941a5a1620123ce,M19,0,10.69,10.4163364007,21
196,2c3353338941a5a1620123ce,M20,0,12.8,12.5268660774,20
196,2c3353338941a5a1620123ce,M21,0,9.97,9.8565373966,21
196,2c3353338941a5a1620123ce,M22,0,25.72,25.0932411252,45
196,2c3353338941a5a1620123ce,M23,0,22.29,21.8877530294,45
196,2c3353338941a5a1620123ce,M24,0,26.08,25.3523044935,45
196,2c3353338941a5a1620123ce,M25,0,15.15,15.1381082469,20
196,2c3353338941a5a1620123ce,M26,0,13.94,14.0357757801,20
196,2c3353338941a5a1620123ce,M27,0,18.7,18.8801250477,30
196,2c3353338941a5a1620123ce,M28,0,16.87,17.1864435726,30
196,2c3353338941a5a1620123ce,M29,0,18.51,18.8696599308,30
196,2c3353338941a5a1620123ce,M30,0,11.73,12.1119681645,21
198,21c96a0876123a4a80b11e73,M01,2,4.47,5.3192773562,10
198,21c96a0876123a4a80b11e73,M02,2,6.01,6.53885021789,15
198,21c96a0876123a4a80b11e73,M03,2,5.2,5.84087699223,21
198,21c96a0876123a4a80b11e73,M04,2,5.02,5.65562356499,21
198,21c96a0876123a4a80b11e73,M05,2,4.53,5.5321190585,21
198,21c96a0876123a4a80b11e73,M06,2,6.58,7.86940789377,21
198,21c96a0876123a4a80b11e73,M07,2,6.61,7.82441009701,30
198,21c96a0876123a4a80b11e73,M08,2,8.3,10.0063570924,30
198,21c96a0876123a4a80b11e73,M09,2,7.39,9.10084994228,30
198,21c96a0876123a4a80b11e73,M10,2,9.9,10.7525779048,30
198,21c96a0876123a4a80b11e73,M11,2,9.29,10.1798014387,30
198,21c96a0876123a4a80b11e73,M12,2,9.62,11.6933701736,45
198,21c96a0876123a4a80b11e73,M13,2,9.96,11.6801430002,60
198,21c96a0876123a4a80b11e73,M14,2,7.11,10.665676879,60
198,21c96a0876123a4a80b11e73,M15,2,9.85,11.5747588574,60
198,21c96a0876123a4a80b11e73,M16,2,16.84,25.4331697114,100
198,21c96a0876123a4a80b11e73,M17,2,3.67,4.06636829892,14
198,21c96a0876123a4a80b11e73,M18,2,5.64,5.8764586811,21
198,21c96a0876123a4a80b11e73,M19,2,4.4,5.22665392441,21
198,21c96a0876123a4a80b11e73,M20,2,5.64,7.03381714982,20
198,21c96a0876123a4a80b11e73,M21,2,4.59,5.2378194289,21
198,21c96a0876123a4a80b11e73,M22,2,8.01,9.3362202684,45
198,21c96a0876123a4a80b11e73,M23,2,6.73,8.18485516017,45
198,21c96a0876123a4a80b11e73,M24,2,7.85,9.24854699711,45
198,21c96a0876123a4a80b11e73,M25,2,8.51,9.68962973449,20
198,21c96a0876123a4a80b11e73,M26,2,7.23,8.83607408225,20
198,21c96a0876123a4a80b11e73,M27,2,8.35,9.43551249928,30
198,21c96a0876123a4a80b11e73,M28,2,7.21,8.23176150938,30
198,21c96a0876123a4a80b11e73,M29,2,8.31,9.31863803752,30
198,21c96a0876123a4a80b11e73,M30,2,5.4,5.84170333755,21
199,c70e593c2e631310bfe805a0,M01,3,6.4,6.49575359252,10
199,c70e593c2e631310bfe805a0,M02,3,8.98,8.91217595038,15
199,c70e593c2e631310bfe805a0,M03,3,8.83,8.71750364302,21
199,c70e593c2e631310bfe805a0,M04,3,8.22,8.20618335043,21
199,c70e593c2e631310bfe805a0,M05,3,7.93,8.04842023787,21
199,c70e593c2e631310bfe805a0,M06,3,10.73,10.8907313652,21
199,c70e593c2e631310bfe805a0,M07,3,12.34,12.1460295944,30
199,c70e593c2e631310bfe805a0,M08,3,16.56,16.4183279176,30
199,c70e593c2e631310bfe805a0,M09,3,15.35,15.5612562035,30
199,c70e593c2e631310bfe805a0,M10,3,18.19,17.5745560425,30
199,c70e593c2e631310bfe805a0,M11,3,16.99,16.921368422,30
199,c70e593c2e631310bfe805a0,M12,3,22.72,22.2814425527,45
199,c70e593c2e631310bfe805a0,M13,3,20.65,21.4218826089,60
199,c70e593c2e631310bfe805a0,M14,3,17.56,17.9221246162,60
199,c70e593c2e631310bfe805a0,M15,3,22.1,22.1520492987,60
199,c70e593c2e631310bfe805a0,M16,3,47,47.3959790834,100
199,c70e593c2e631310bfe805a0,M17,3,6.64,6.40668595871,14
199,c70e593c2e631310bfe805a0,M18,3,8.88,8.70462831713,21
199,c70e593c2e631310bfe805a0,M19,3,6.87,6.26980504618,21
199,c70e593c2e631310bfe805a0,M20,3,10.33,8.97697126407,20
199,c70e593c2e631310bfe805a0,M21,3,7.04,6.26231466522,21
199,c70e593c2e631310bfe805a0,M22,3,16.45,14.4648304315,45
199,c70e593c2e631310bfe805a0,M23,3,13.17,12.0131949492,45
199,c70e593c2e631310bfe805a0,M24,3,20.03,14.8931600828,45
199,c70e593c2e631310bfe805a0,M25,3,12.68,12.6895919761,20
199,c70e593c2e631310bfe805a0,M26,3,11.44,11.6599522213,20
199,c70e593c2e631310bfe805a0,M27,3,13.79,14.1106133506,30
199,c70e593c2e631310bfe805a0,M28,3,11.94,12.1520345158,30
199,c70e593c2e631310bfe805a0,M29,3,14.3,14.3268172805,30
199,c70e593c2e631310bfe805a0,M30,3,8.35,8.61447409235,21
200,1157dca77a3505f7c3391cf1,M01,1,4.74,5.09951808436,10
200,1157dca77a3505f7c3391cf1,M02,1,6.47,6.49648326562,15
200,1157dca77a3505f7c3391cf1,M03,1,5.4,5.69551028283,21
200,1157dca77a3505f7c3391cf1,M04,1,5.17,5.43179733256,21
200,1157dca77a3505f7c3391cf1,M05,1,5.05,5.28626652015,21
200,1157dca77a3505f7c3391cf1,M06,1,6.93,7.92994136064,21
200,1157dca77a3505f7c3391cf1,M07,1,7.04,8.06625035209,30
200,1157dca77a3505f7c3391cf1,M08,1,9.63,10.1499392395,30
200,1157dca77a3505f7c3391cf1,M09,1,8.62,9.54143027217,30
200,1157dca77a3505f7c3391cf1,M10,1,11.14,10.6171500462,30
200,1157dca77a3505f7c3391cf1,M11,1,10.24,10.2710549885,30
200,1157dca77a3505f7c3391cf1,M12,1,12.17,12.2421350736,45
200,1157dca77a3505f7c3391cf1,M13,1,11.56,11.758264342,60
200,1157dca77a3505f7c3391cf1,M14,1,9.23,10.9044502044,60
200,1157dca77a3505f7c3391cf1,M15,1,11.53,12.0144658276,60
200,1157dca77a3505f7c3391cf1,M16,1,22.81,33.2499369423,100
200,1157dca77a3505f7c3391cf1,M17,1,3.61,4.08417385714,14
200,1157dca77a3505f7c3391cf1,M18,1,5.52,5.67273339172,21
200,1157dca77a3505f7c3391cf1,M19,1,4.69,5.09988455322,21
200,1157dca77a3505f7c3391cf1,M20,1,5.9,7.29441912532,20
200,1157dca77a3505f7c3391cf1,M21,1,4.66,5.0597361564,21
200,1157dca77a3505f7c3391cf1,M22,1,8.57,9.53548592929,45
200,1157dca77a3505f7c3391cf1,M23,1,7.23,8.49222647231,45
200,1157dca77a3505f7c3391cf1,M24,1,8.31,9.3870321443,45
200,1157dca77a3505f7c3391cf1,M25,1,8.23,10.1301975152,20
200,1157dca77a3505f7c3391cf1,M26,1,7.63,9.38418957576,20
200,1157dca77a3505f7c3391cf1,M27,1,8.29,9.56184407215,30
200,1157dca77a3505f7c3391cf1,M28,1,7.68,8.54500899467,30
200,1157dca77a3505f7c3391cf1,M29,1,8.65,9.39899297114,30
200,1157dca77a3505f7c3391cf1,M30,1,5.39,5.77877421645,21
201,a163f7a7711eeffb4a750ec3,M01,3,6.74,5.58853548141,10
201,a163f7a7711eeffb4a750ec3,M02,3,9.03,7.17861585925,15
201,a163f7a7711eeffb4a750ec3,M03,3,8.85,6.33776985803,21
201,a163f7a7711eeffb4a750ec3,M04,3,7.72,6.0600955449,21
201,a163f7a7711eeffb4a750ec3,M05,3,7.71,5.91063175702,21
201,a163f7a7711eeffb4a750ec3,M06,3,11.05,8.17654947652,21
201,a163f7a7711eeffb4a750ec3,M07,3,11.89,8.63185071573,30
201,a163f7a7711eeffb4a750ec3,M08,3,16.17,11.9881423977,30
201,a163f7a7711eeffb4a750ec3,M09,3,14.42,11.4127810456,30
201,a163f7a7711eeffb4a750ec3,M10,3,17.85,12.5194483111,30
201,a163f7a7711eeffb4a750ec3,M11,3,16.59,12.2165854742,30
201,a163f7a7711eeffb4a750ec3,M12,3,22.44,14.7127372771,45
201,a163f7a7711eeffb4a750ec3,M13,3,21.46,14.1680955786,60
201,a163f7a7711eeffb4a750ec3,M14,3,17.83,13.0703642121,60
201,a163f7a7711eeffb4a750ec3,M15,3,21.83,14.4050876263,60
201,a163f7a7711eeffb4a750ec3,M16,3,48.01,33.7511213579,100
201,a163f7a7711eeffb4a750ec3,M17,3,6.07,4.80745962049,14
201,a163f7a7711eeffb4a750ec3,M18,3,8.36,6.231012555,21
201,a163f7a7711eeffb4a750ec3,M19,3,6.36,5.53813208514,21
201,a163f7a7711eeffb4a750ec3,M20,3,8.64,7.56909587013,20
201,a163f7a7711eeffb4a750ec3,M21,3,5.99,5.48245751804,21
201,a163f7a7711eeffb4a750ec3,M22,3,13.5,11.0264803645,45
201,a163f7a7711eeffb4a750ec3,M23,3,11.51,9.86267834599,45
201,a163f7a7711eeffb4a750ec3,M24,3,13.61,10.965606138,45
201,a163f7a7711eeffb4a750ec3,M25,3,13.24,10.4760754502,20
201,a163f7a7711eeffb4a750ec3,M26,3,11.83,9.65390053569,20
201,a163f7a7711eeffb4a750ec3,M27,3,14.57,10.6035370202,30
201,a163f7a7711eeffb4a750ec3,M28,3,12.44,9.56061273182,30
201,a163f7a7711eeffb4a750ec3,M29,3,14.17,10.5619101111,30
201,a163f7a7711eeffb4a750ec3,M30,3,8.83,6.35605215096,21
202,f217da90d1070a3bbaec6996,M01,3,8.03,8.12877274814,10
202,f217da90d1070a3bbaec6996,M02,3,10.63,10.7318136471,15
202,f217da90d1070a3bbaec6996,M03,3,12.03,12.1311836765,21
202,f217da90d1070a3bbaec6996,M04,3,11.09,11.4402057551,21
202,f217da90d1070a3bbaec6996,M05,3,11.24,11.5178135246,21
202,f217da90d1070a3bbaec6996,M06,3,14.84,14.9887849856,21
202,f217da90d1070a3bbaec6996,M07,3,16.78,17.0296019538,30
202,f217da90d1070a3bbaec6996,M08,3,21.09,21.4439412684,30
202,f217da90d1070a3bbaec6996,M09,3,19.8,20.2621555386,30
202,f217da90d1070a3bbaec6996,M10,3,22.62,22.5366892517,30
202,f217da90d1070a3bbaec6996,M11,3,21.78,22.1441165226,30
202,f217da90d1070a3bbaec6996,M12,3,30.72,31.7868083069,45
202,f217da90d1070a3bbaec6996,M13,3,32.12,32.3321214296,60
202,f217da90d1070a3bbaec6996,M14,3,28.82,29.9920026227,60
202,f217da90d1070a3bbaec6996,M15,3,32.04,32.4370051121,60
202,f217da90d1070a3bbaec6996,M16,3,61.1,61.3671791494,100
202,f217da90d1070a3bbaec6996,M17,3,8.25,8.28583537374,14
202,f217da90d1070a3bbaec6996,M18,3,11.54,11.6142661032,21
202,f217da90d1070a3bbaec6996,M19,3,10.59,10.7012079891,21
202,f217da90d1070a3bbaec6996,M20,3,12.69,12.9077642828,20
202,f217da90d1070a3bbaec6996,M21,3,9.82,10.2372540689,21
202,f217da90d1070a3bbaec6996,M22,3,25.22,26.0216053339,45
202,f217da90d1070a3bbaec6996,M23,3,21.73,22.7472173684,45
202,f217da90d1070a3bbaec6996,M24,3,25.6,26.2932477217,45
202,f217da90d1070a3bbaec6996,M25,3,15.37,15.2365378632,20
202,f217da90d1070a3bbaec6996,M26,3,14.14,14.2438214937,20
202,f217da90d1070a3bbaec6996,M27,3,19.14,19.0464675778,30
202,f217da90d1070a3bbaec6996,M28,3,17.29,17.459356,30
202,f217da90d1070a3bbaec6996,M29,3,18.94,19.0671267719,30
202,f217da90d1070a3bbaec6996,M30,3,12.07,12.1472506217,21
203,cd59d3604f71cc60f2c12594,M01,1,4.82,4.79981033,10
203,cd59d3604f71cc60f2c12594,M02,1,6.23,5.73239912343,15
203,cd59d3604f71cc60f2c12594,M03,1,5.39,5.20760099567,21
203,cd59d3604f71cc60f2c12594,M04,1,5.09,5.02343180886,21
203,cd59d3604f71cc60f2c12594,M05,1,4.98,4.82575290454,21
203,cd59d3604f71cc60f2c12594,M06,1,6.87,6.72278357509,21
203,cd59d3604f71cc60f2c12594,M07,1,6.84,6.55458297336,30
203,cd59d3604f71cc60f2c12594,M08,1,8.53,8.00389453247,30
203,cd59d3604f71cc60f2c12594,M09,1,7.33,7.37066454545,30
203,cd59d3604f71cc60f2c12594,M10,1,10.19,8.3511576912,30
203,cd59d3604f71cc60f2c12594,M11,1,9.15,8.03080479942,30
203,cd59d3604f71cc60f2c12594,M12,1,10.07,8.53898442846,45
203,cd59d3604f71cc60f2c12594,M13,1,10.54,8.86427601576,60
203,cd59d3604f71cc60f2c12594,M14,1,7.82,7.72170877911,60
203,cd59d3604f71cc60f2c12594,M15,1,10.4,9.04293521001,60
203,cd59d3604f71cc60f2c12594,M16,1,18.47,17.2569232872,100
203,cd59d3604f71cc60f2c12594,M17,1,3.41,3.52798463203,14
203,cd59d3604f71cc60f2c12594,M18,1,5.51,5.19077639372,21
203,cd59d3604f71cc60f2c12594,M19,1,4.75,4.81561225008,21
203,cd59d3604f71cc60f2c12594,M20,1,6.39,6.28784787812,20
203,cd59d3604f71cc60f2c12594,M21,1,4.88,4.80952734898,21
203,cd59d3604f71cc60f2c12594,M22,1,8.42,7.92319741558,45
203,cd59d3604f71cc60f2c12594,M23,1,6.78,6.91611416262,45
203,cd59d3604f71cc60f2c12594,M24,1,8.35,7.97401630248,45
203,cd59d3604f71cc60f2c12594,M25,1,9.29,7.89697523743,20
203,cd59d3604f71cc60f2c12594,M26,1,7.49,7.18826938528,20
203,cd59d3604f71cc60f2c12594,M27,1,8.9,8.3635603824,30
203,cd59d3604f71cc60f2c12594,M28,1,7.38,7.31375041514,30
203,cd59d3604f71cc60f2c12594,M29,1,8.56,8.34975196193,30
203,cd59d3604f71cc60f2c12594,M30,1,5.39,5.31069344589,21
205,349160f21ef26f3bd10c02df,M01,4,4.74,6.05671041325,10
205,349160f21ef26f3bd10c02df,M02,4,6.42,7.68737060684,15
205,349160f21ef26f3bd10c02df,M03,4,5.35,7.14837221123,21
205,349160f21ef26f3bd10c02df,M04,4,5.11,6.82317364358,21
205,349160f21ef26f3bd10c02df,M05,4,4.95,6.66387491542,21
205,349160f21ef26f3bd10c02df,M06,4,6.78,9.41009833189,21
205,349160f21ef26f3bd10c02df,M07,4,6.97,9.90426143723,30
205,349160f21ef26f3bd10c02df,M08,4,9.62,13.784769196,30
205,349160f21ef26f3bd10c02df,M09,4,8.56,12.8498668079,30
205,349160f21ef26f3bd10c02df,M10,4,11.03,14.3998253696,30
205,349160f21ef26f3bd10c02df,M11,4,10.08,13.8321628571,30
205,349160f21ef26f3bd10c02df,M12,4,12.16,17.3210892814,45
205,349160f21ef26f3bd10c02df,M13,4,11.54,16.8034426727,60
205,349160f21ef26f3bd10c02df,M14,4,9.65,15.3061319033,60
205,349160f21ef26f3bd10c02df,M15,4,11.38,17.1020931068,60
205,349160f21ef26f3bd10c02df,M16,4,24.02,38.6466463319,100
205,349160f21ef26f3bd10c02df,M17,4,3.49,5.4835070938,14
205,349160f21ef26f3bd10c02df,M18,4,5.44,7.06279762193,21
205,349160f21ef26f3bd10c02df,M19,4,4.67,5.9581945711,21
205,349160f21ef26f3bd10c02df,M20,4,5.93,8.14211938384,20
205,349160f21ef26f3bd10c02df,M21,4,4.63,5.88253828394,21
205,349160f21ef26f3bd10c02df,M22,4,8.56,12.1758460361,45
205,349160f21ef26f3bd10c02df,M23,4,7.51,10.5515672395,45
205,349160f21ef26f3bd10c02df,M24,4,8.24,12.2156701833,45
205,349160f21ef26f3bd10c02df,M25,4,11.52,11.6044041653,20
205,349160f21ef26f3bd10c02df,M26,4,10.36,10.5729923601,20
205,349160f21ef26f3bd10c02df,M27,4,11.5,12.2265358846,30
205,349160f21ef26f3bd10c02df,M28,4,10.06,10.6846479221,30
205,349160f21ef26f3bd10c02df,M29,4,11.23,12.2937423434,30
205,349160f21ef26f3bd10c02df,M30,4,7.25,7.18477853447,21
208,7e8108e8aa1d6afff73a1bc0,M01,2,8.55,8.11101934343,10
208,7e8108e8aa1d6afff73a1bc0,M02,2,11.25,10.6834949812,15
208,7e8108e8aa1d6afff73a1bc0,M03,2,13.28,11.9120455916,21
208,7e8108e8aa1d6afff73a1bc0,M04,2,12.21,11.2595329235,21
208,7e8108e8aa1d6afff73a1bc0,M05,2,12.42,11.3203713045,21
208,7e8108e8aa1d6afff73a1bc0,M06,2,15.99,14.8702590505,21
208,7e8108e8aa1d6afff73a1bc0,M07,2,18.67,16.9070688788,30
208,7e8108e8aa1d6afff73a1bc0,M08,2,22.86,21.4445717417,30
208,7e8108e8aa1d6afff73a1bc0,M09,2,21.4,20.2000233914,30
208,7e8108e8aa1d6afff73a1bc0,M10,2,24.34,22.4917580115,30
208,7e8108e8aa1d6afff73a1bc0,M11,2,23.35,22.2172302944,30
208,7e8108e8aa1d6afff73a1bc0,M12,2,33.7,31.3436121296,45
208,7e8108e8aa1d6afff73a1bc0,M13,2,35.29,31.9206238569,60
208,7e8108e8aa1d6afff73a1bc0,M14,2,32.2,29.2473970806,60
208,7e8108e8aa1d6afff73a1bc0,M15,2,35.95,32.0965833273,60
208,7e8108e8aa1d6afff73a1bc0,M16,2,64.53,61.210780815,100
208,7e8108e8aa1d6afff73a1bc0,M17,2,8.85,8.3064870101,14
208,7e8108e8aa1d6afff73a1bc0,M18,2,12.58,11.4344954084,21
208,7e8108e8aa1d6afff73a1bc0,M19,2,12.35,10.5788310289,21
208,7e8108e8aa1d6afff73a1bc0,M20,2,13.74,12.6241712294,20
208,7e8108e8aa1d6afff73a1bc0,M21,2,10.87,9.99334171284,21
208,7e8108e8aa1d6afff73a1bc0,M22,2,28.99,24.9598381443,45
208,7e8108e8aa1d6afff73a1bc0,M23,2,25.5,22.1280699942,45
208,7e8108e8aa1d6afff73a1bc0,M24,2,29.43,25.4366490317,45
208,7e8108e8aa1d6afff73a1bc0,M25,2,16.1,15.209315671,20
208,7e8108e8aa1d6afff73a1bc0,M26,2,14.86,14.1449395786,20
208,7e8108e8aa1d6afff73a1bc0,M27,2,20.51,18.9156540099,30
208,7e8108e8aa1d6afff73a1bc0,M28,2,18.75,17.2587082294,30
208,7e8108e8aa1d6afff73a1bc0,M29,2,20.14,18.8818863432,30
208,7e8108e8aa1d6afff73a1bc0,M30,2,13.33,11.9317231962,21
209,ae21572dff8704af71227db3,M01,1,4.61,5.38616109679,10
209,ae21572dff8704af71227db3,M02,1,6.12,6.86616951915,15
209,ae21572dff8704af71227db3,M03,1,5.16,6.05989624098,21
209,ae21572dff8704af71227db3,M04,1,4.97,5.73873315163,21
209,ae21572dff8704af71227db3,M05,1,4.82,5.55670523821,21
209,ae21572dff8704af71227db3,M06,1,6.57,7.76154769264,21
209,ae21572dff8704af71227db3,M07,1,6.58,8.09019405916,30
209,ae21572dff8704af71227db3,M08,1,8.71,10.7794419644,30
209,ae21572dff8704af71227db3,M09,1,7.8,9.99027583394,30
209,ae21572dff8704af71227db3,M10,1,10.15,11.3952560148,30
209,ae21572dff8704af71227db3,M11,1,9.23,10.9204110638,30
209,ae21572dff8704af71227db3,M12,1,10.67,13.1604369597,45
209,ae21572dff8704af71227db3,M13,1,10.54,12.7881032613,60
209,ae21572dff8704af71227db3,M14,1,8.54,11.7028290403,60
209,ae21572dff8704af71227db3,M15,1,10.42,12.9909947375,60
209,ae21572dff8704af71227db3,M16,1,20.19,29.0891125015,100
209,ae21572dff8704af71227db3,M17,1,3.11,4.17157567821,14
209,ae21572dff8704af71227db3,M18,1,5.29,5.9309524561,21
209,ae21572dff8704af71227db3,M19,1,4.6,5.19631575813,21
209,ae21572dff8704af71227db3,M20,1,5.7,7.00274475758,20
209,ae21572dff8704af71227db3,M21,1,4.57,5.11488542191,21
209,ae21572dff8704af71227db3,M22,1,8.47,9.87471884127,45
209,ae21572dff8704af71227db3,M23,1,7.13,8.75527769031,45
209,ae21572dff8704af71227db3,M24,1,7.91,9.75647289033,45
209,ae21572dff8704af71227db3,M25,1,11.76,10.2246871057,20
209,ae21572dff8704af71227db3,M26,1,10.1,9.2682271544,20
209,ae21572dff8704af71227db3,M27,1,11.71,10.3806137677,30
209,ae21572dff8704af71227db3,M28,1,9.67,9.2278818729,30
209,ae21572dff8704af71227db3,M29,1,12.36,10.245914521,30
209,ae21572dff8704af71227db3,M30,1,7.13,6.2493490938,21
210,f64cb299dc715625ad27bbf2,M01,2,8.08,7.63473725108,10
210,f64cb299dc715625ad27bbf2,M02,2,10.81,10.2338492828,15
210,f64cb299dc715625ad27bbf2,M03,2,12.48,10.9384069755,21
210,f64cb299dc715625ad27bbf2,M04,2,11.6,10.4861785047,21
210,f64cb299dc715625ad27bbf2,M05,2,11.79,10.5110373247,21
210,f64cb299dc715625ad27bbf2,M06,2,15.15,13.8195368384,21
210,f64cb299dc715625ad27bbf2,M07,2,17.51,15.526868873,30
210,f64cb299dc715625ad27bbf2,M08,2,21.76,19.8812111342,30
210,f64cb299dc715625ad27bbf2,M09,2,20.55,18.8418838742,30
210,f64cb299dc715625ad27bbf2,M10,2,23.21,20.7835810914,30
210,f64cb299dc715625ad27bbf2,M11,2,22.53,20.4874998094,30
210,f64cb299dc715625ad27bbf2,M12,2,31.96,28.5498571999,45
210,f64cb299dc715625ad27bbf2,M13,2,33.19,28.4937882634,60
210,f64cb299dc715625ad27bbf2,M14,2,30.16,25.9766938565,60
210,f64cb299dc715625ad27bbf2,M15,2,33.71,28.7677838348,60
210,f64cb299dc715625ad27bbf2,M16,2,62.29,57.733801066,100
210,f64cb299dc715625ad27bbf2,M17,2,8.51,7.7597057417,14
210,f64cb299dc715625ad27bbf2,M18,2,11.99,10.6354799683,21
210,f64cb299dc715625ad27bbf2,M19,2,10.97,9.34682328139,21
210,f64cb299dc715625ad27bbf2,M20,2,13.16,11.9697565354,20
210,f64cb299dc715625ad27bbf2,M21,2,10.59,9.12739434088,21
210,f64cb299dc715625ad27bbf2,M22,2,27.2,21.8414043189,45
210,f64cb299dc715625ad27bbf2,M23,2,23.96,18.9705486975,45
210,f64cb299dc715625ad27bbf2,M24,2,27.1,23.1570644546,45
210,f64cb299dc715625ad27bbf2,M25,2,15.51,14.4471398242,20
210,f64cb299dc715625ad27bbf2,M26,2,14.33,13.5253127641,20
210,f64cb299dc715625ad27bbf2,M27,2,19.51,17.7411250222,30
210,f64cb299dc715625ad27bbf2,M28,2,17.79,16.0337299045,30
210,f64cb299dc715625ad27bbf2,M29,2,19.51,17.7475646283,30
210,f64cb299dc715625ad27bbf2,M30,2,12.52,10.9380310707,21
211,777595a9cfdca90527f5358e,M01,4,6.91,7.60885278932,10
211,777595a9cfdca90527f5358e,M02,4,9.36,10.3428748571,15
211,777595a9cfdca90527f5358e,M03,4,9.52,10.7973729189,21
211,777595a9cfdca90527f5358e,M04,4,8.63,10.3327100906,21
211,777595a9cfdca90527f5358e,M05,4,8.26,10.3525566003,21
211,777595a9cfdca90527f5358e,M06,4,11.82,13.8736197518,21
211,777595a9cfdca90527f5358e,M07,4,13,15.4386517507,30
211,777595a9cfdca90527f5358e,M08,4,17.42,20.2490772041,30
211,777595a9cfdca90527f5358e,M09,4,16.12,19.0328889595,30
211,777595a9cfdca90527f5358e,M10,4,18.98,21.1260859098,30
211,777595a9cfdca90527f5358e,M11,4,17.54,20.697076474,30
211,777595a9cfdca90527f5358e,M12,4,24.62,28.7047332072,45
211,777595a9cfdca90527f5358e,M13,4,24.03,28.8094625368,60
211,777595a9cfdca90527f5358e,M14,4,20.69,26.0672032035,60
211,777595a9cfdca90527f5358e,M15,4,24.26,28.8936702433,60
211,777595a9cfdca90527f5358e,M16,4,51.99,57.1880321058,100
211,777595a9cfdca90527f5358e,M17,4,6.98,7.64907634921,14
211,777595a9cfdca90527f5358e,M18,4,9.65,10.4833784387,21
211,777595a9cfdca90527f5358e,M19,4,6.81,9.03460210201,21
211,777595a9cfdca90527f5358e,M20,4,9.78,11.2309336263,20
211,777595a9cfdca90527f5358e,M21,4,7.07,8.82528514474,21
211,777595a9cfdca90527f5358e,M22,4,16.52,21.7992658161,45
211,777595a9cfdca90527f5358e,M23,4,14.06,18.9303203694,45
211,777595a9cfdca90527f5358e,M24,4,16.82,22.1169498161,45
211,777595a9cfdca90527f5358e,M25,4,12.66,14.4746365873,20
211,777595a9cfdca90527f5358e,M26,4,11.36,13.4170063366,20
211,777595a9cfdca90527f5358e,M27,4,13.65,17.5664466306,30
211,777595a9cfdca90527f5358e,M28,4,11.75,15.7828563853,30
211,777595a9cfdca90527f5358e,M29,4,13.89,17.5703040418,30
211,777595a9cfdca90527f5358e,M30,4,8.12,10.8000091497,21
212,d69a1a66fdf392a9c7131312,M01,1,8.57,8.82102993695,10
212,d69a1a66fdf392a9c7131312,M02,1,11.27,11.5306355339,15
212,d69a1a66fdf392a9c7131312,M03,1,13.41,13.4610271847,21
212,d69a1a66fdf392a9c7131312,M04,1,12.53,12.7037056291,21
212,d69a1a66fdf392a9c7131312,M05,1,12.72,12.7860172488,21
212,d69a1a66fdf392a9c7131312,M06,1,16.23,16.4453389941,21
212,d69a1a66fdf392a9c7131312,M07,1,18.94,19.5585564935,30
212,d69a1a66fdf392a9c7131312,M08,1,23.06,22.9502967742,30
212,d69a1a66fdf392a9c7131312,M09,1,21.87,21.8831051591,30
212,d69a1a66fdf392a9c7131312,M10,1,24.48,24.2032071998,30
212,d69a1a66fdf392a9c7131312,M11,1,23.77,23.8612239935,30
212,d69a1a66fdf392a9c7131312,M12,1,34.2,34.9423040534,45
212,d69a1a66fdf392a9c7131312,M13,1,36.18,36.1563472294,60
212,d69a1a66fdf392a9c7131312,M14,1,33.34,34.349459031,60
212,d69a1a66fdf392a9c7131312,M15,1,36.34,36.5586724098,60
212,d69a1a66fdf392a9c7131312,M16,1,65.49,66.1188816566,100
212,d69a1a66fdf392a9c7131312,M17,1,9.01,9.10102899001,14
212,d69a1a66fdf392a9c7131312,M18,1,12.84,12.7139272516,21
212,d69a1a66fdf392a9c7131312,M19,1,12.49,12.5730187763,21
212,d69a1a66fdf392a9c7131312,M20,1,14.21,13.9894135873,20
212,d69a1a66fdf392a9c7131312,M21,1,11.48,11.6732849769,21
212,d69a1a66fdf392a9c7131312,M22,1,30.18,28.6216808863,45
212,d69a1a66fdf392a9c7131312,M23,1,26.59,26.4360077453,45
212,d69a1a66fdf392a9c7131312,M24,1,30.73,28.764741589,45
212,d69a1a66fdf392a9c7131312,M25,1,16.17,16.2955973715,20
212,d69a1a66fdf392a9c7131312,M26,1,14.94,15.246948222,20
212,d69a1a66fdf392a9c7131312,M27,1,20.79,20.9773057854,30
212,d69a1a66fdf392a9c7131312,M28,1,19.1,19.6977335583,30
212,d69a1a66fdf392a9c7131312,M29,1,20.6,20.9340472727,30
212,d69a1a66fdf392a9c7131312,M30,1,13.47,13.463703619,21
213,a9ddfab67a2904172e0f1116,M01,0,6.66,6.55864438029,10
213,a9ddfab67a2904172e0f1116,M02,0,8.83,8.53496332579,15
213,a9ddfab67a2904172e0f1116,M03,0,8.5,8.248959666,21
213,a9ddfab67a2904172e0f1116,M04,0,7.69,7.68572884083,21
213,a9ddfab67a2904172e0f1116,M05,0,7.6,7.60884133944,21
213,a9ddfab67a2904172e0f1116,M06,0,10.78,10.2149614875,21
213,a9ddfab67a2904172e0f1116,M07,0,11.41,10.9860257083,30
213,a9ddfab67a2904172e0f1116,M08,0,15.67,15.5494655391,30
213,a9ddfab67a2904172e0f1116,M09,0,14.44,14.7674557918,30
213,a9ddfab67a2904172e0f1116,M10,0,17.3,16.337609463,30
213,a9ddfab67a2904172e0f1116,M11,0,16.33,15.8808422511,30
213,a9ddfab67a2904172e0f1116,M12,0,21.58,20.4328444773,45
213,a9ddfab67a2904172e0f1116,M13,0,20.85,19.9571336158,60
213,a9ddfab67a2904172e0f1116,M14,0,17.33,17.8234483373,60
213,a9ddfab67a2904172e0f1116,M15,0,20.83,20.3905733157,60
213,a9ddfab67a2904172e0f1116,M16,0,47.11,39.2097175902,100
213,a9ddfab67a2904172e0f1116,M17,0,6.11,6.08300407104,14
213,a9ddfab67a2904172e0f1116,M18,0,8.33,7.83652258042,21
213,a9ddfab67a2904172e0f1116,M19,0,5.78,6.06539334088,21
213,a9ddfab67a2904172e0f1116,M20,0,7.93,8.24138398091,20
213,a9ddfab67a2904172e0f1116,M21,0,5.57,6.01164624853,21
213,a9ddfab67a2904172e0f1116,M22,0,12.13,13.3110139577,45
213,a9ddfab67a2904172e0f1116,M23,0,10.45,11.43263314,45
213,a9ddfab67a2904172e0f1116,M24,0,11.98,13.3275681833,45
213,a9ddfab67a2904172e0f1116,M25,0,13.07,12.1870664026,20
213,a9ddfab67a2904172e0f1116,M26,0,11.67,11.3404627287,20
213,a9ddfab67a2904172e0f1116,M27,0,14.29,13.6244377879,30
213,a9ddfab67a2904172e0f1116,M28,0,12.18,11.705736886,30
213,a9ddfab67a2904172e0f1116,M29,0,16.64,13.6010022698,30
213,a9ddfab67a2904172e0f1116,M30,0,8.52,8.31620565823,21
214,c27fe310a5abf32c690a710e,M01,4,6.75,6.81819137518,10
214,c27fe310a5abf32c690a710e,M02,4,9.41,8.86656408125,15
214,c27fe310a5abf32c690a710e,M03,4,9.67,8.7626279576,21
214,c27fe310a5abf32c690a710e,M04,4,9.06,8.41442246176,21
214,c27fe310a5abf32c690a710e,M05,4,8.8,8.33013817749,21
214,c27fe310a5abf32c690a710e,M06,4,11.53,11.6966654502,21
214,c27fe310a5abf32c690a710e,M07,4,13.28,12.951484999,30
214,c27fe310a5abf32c690a710e,M08,4,17.66,16.3583866701,30
214,c27fe310a5abf32c690a710e,M09,4,16.76,15.5869337632,30
214,c27fe310a5abf32c690a710e,M10,4,19.23,17.1146079004,30
214,c27fe310a5abf32c690a710e,M11,4,18.33,16.4795242403,30
214,c27fe310a5abf32c690a710e,M12,4,25.13,23.10382663,45
214,c27fe310a5abf32c690a710e,M13,4,23.48,22.4733670514,60
214,c27fe310a5abf32c690a710e,M14,4,20.35,19.778007228,60
214,c27fe310a5abf32c690a710e,M15,4,24.93,23.0393678523,60
214,c27fe310a5abf32c690a710e,M16,4,51.18,50.4441264005,100
214,c27fe310a5abf32c690a710e,M17,4,7.02,6.83387104185,14
214,c27fe310a5abf32c690a710e,M18,4,9.71,8.72453524431,21
214,c27fe310a5abf32c690a710e,M19,4,6.6,7.15755846653,21
214,c27fe310a5abf32c690a710e,M20,4,9.57,10.3755154618,20
214,c27fe310a5abf32c690a710e,M21,4,6.86,7.15007319669,21
214,c27fe310a5abf32c690a710e,M22,4,15.66,15.7923612519,45
214,c27fe310a5abf32c690a710e,M23,4,12.8,13.8877238586,45
214,c27fe310a5abf32c690a710e,M24,4,17.69,16.8192927555,45
214,c27fe310a5abf32c690a710e,M25,4,13.32,12.9172339307,20
214,c27fe310a5abf32c690a710e,M26,4,12.12,12.1469992703,20
214,c27fe310a5abf32c690a710e,M27,4,15.03,14.6325069831,30
214,c27fe310a5abf32c690a710e,M28,4,13.23,13.2613614723,30
214,c27fe310a5abf32c690a710e,M29,4,15.57,14.7919932761,30
214,c27fe310a5abf32c690a710e,M30,4,9.16,8.69962577878,21
215,4a4758acbcb6cbd3b156ade0,M01,2,8.84,8.17269634799,10
215,4a4758acbcb6cbd3b156ade0,M02,2,11.51,10.7527676854,15
215,4a4758acbcb6cbd3b156ade0,M03,2,13.75,12.1895614098,21
215,4a4758acbcb6cbd3b156ade0,M04,2,12.73,11.5731466407,21
215,4a4758acbcb6cbd3b156ade0,M05,2,12.96,11.6241491111,21
215,4a4758acbcb6cbd3b156ade0,M06,2,16.59,15.0147936955,21
215,4a4758acbcb6cbd3b156ade0,M07,2,19.41,17.1952199134,30
215,4a4758acbcb6cbd3b156ade0,M08,2,23.51,21.6485762208,30
215,4a4758acbcb6cbd3b156ade0,M09,2,22.16,20.3613009408,30
215,4a4758acbcb6cbd3b156ade0,M10,2,24.99,22.7192306139,30
215,4a4758acbcb6cbd3b156ade0,M11,2,24.12,22.3410261328,30
215,4a4758acbcb6cbd3b156ade0,M12,2,34.89,31.6462444892,45
215,4a4758acbcb6cbd3b156ade0,M13,2,36.94,32.4131103975,60
215,4a4758acbcb6cbd3b156ade0,M14,2,33.95,29.4774860253,60
215,4a4758acbcb6cbd3b156ade0,M15,2,37.25,32.5763309054,60
215,4a4758acbcb6cbd3b156ade0,M16,2,66.34,61.1884394332,100
215,4a4758acbcb6cbd3b156ade0,M17,2,9.12,8.41892381674,14
215,4a4758acbcb6cbd3b156ade0,M18,2,13.05,11.7416530525,21
215,4a4758acbcb6cbd3b156ade0,M19,2,12.67,10.5249212756,21
215,4a4758acbcb6cbd3b156ade0,M20,2,14.33,12.5227171833,20
215,4a4758acbcb6cbd3b156ade0,M21,2,11.5,9.97397762338,21
215,4a4758acbcb6cbd3b156ade0,M22,2,30.51,24.9648206061,45
215,4a4758acbcb6cbd3b156ade0,M23,2,26.92,21.7796390996,45
215,4a4758acbcb6cbd3b156ade0,M24,2,31.14,25.2538940765,45
215,4a4758acbcb6cbd3b156ade0,M25,2,16.47,15.2846742742,20
215,4a4758acbcb6cbd3b156ade0,M26,2,15.18,14.184030684,20
215,4a4758acbcb6cbd3b156ade0,M27,2,21.21,19.0192579175,30
215,4a4758acbcb6cbd3b156ade0,M28,2,19.46,17.387990301,30
215,4a4758acbcb6cbd3b156ade0,M29,2,21.07,19.0412026159,30
215,4a4758acbcb6cbd3b156ade0,M30,2,13.8,12.1996635974,21
216,1ccc85fbc14570d427fc4054,M01,1,6.22,5.50779695815,10
216,1ccc85fbc14570d427fc4054,M02,1,8.23,6.94685266336,15
216,1ccc85fbc14570d427fc4054,M03,1,7.55,6.12547619825,21
216,1ccc85fbc14570d427fc4054,M04,1,6.97,5.81824653158,21
216,1ccc85fbc14570d427fc4054,M05,1,6.95,5.71569703974,21
216,1ccc85fbc14570d427fc4054,M06,1,9.7,7.91629330736,21
216,1ccc85fbc14570d427fc4054,M07,1,10.03,7.9424056347,30
216,1ccc85fbc14570d427fc4054,M08,1,14.06,10.4719545227,30
216,1ccc85fbc14570d427fc4054,M09,1,13.1,9.54638854168,30
216,1ccc85fbc14570d427fc4054,M10,1,15.71,11.2933536118,30
216,1ccc85fbc14570d427fc4054,M11,1,14.94,10.8235344928,30
216,1ccc85fbc14570d427fc4054,M12,1,19.05,12.0912016059,45
216,1ccc85fbc14570d427fc4054,M13,1,18.27,12.0854806391,60
216,1ccc85fbc14570d427fc4054,M14,1,15.15,10.9907084675,60
216,1ccc85fbc14570d427fc4054,M15,1,17.91,12.0768686247,60
216,1ccc85fbc14570d427fc4054,M16,1,42.44,28.6224896999,100
216,1ccc85fbc14570d427fc4054,M17,1,5.67,4.28813659008,14
216,1ccc85fbc14570d427fc4054,M18,1,7.59,5.96752369098,21
216,1ccc85fbc14570d427fc4054,M19,1,6.06,5.28656736497,21
216,1ccc85fbc14570d427fc4054,M20,1,8.23,6.90245972294,20
216,1ccc85fbc14570d427fc4054,M21,1,5.87,5.22373314852,21
216,1ccc85fbc14570d427fc4054,M22,1,12.8,9.76729695604,45
216,1ccc85fbc14570d427fc4054,M23,1,10.93,8.53114270563,45
216,1ccc85fbc14570d427fc4054,M24,1,12.85,9.65985572783,45
216,1ccc85fbc14570d427fc4054,M25,1,12.36,10.1244538955,20
216,1ccc85fbc14570d427fc4054,M26,1,10.94,9.37854352758,20
216,1ccc85fbc14570d427fc4054,M27,1,12.94,10.278753357,30
216,1ccc85fbc14570d427fc4054,M28,1,10.97,8.97871224154,30
216,1ccc85fbc14570d427fc4054,M29,1,12.59,10.0879845839,30
216,1ccc85fbc14570d427fc4054,M30,1,7.59,6.26333015806,21
217,f0be075ce70bbd3bac1c7259,M01,2,7.69,8.11519848107,10
217,f0be075ce70bbd3bac1c7259,M02,2,10.28,10.7593065382,15
217,f0be075ce70bbd3bac1c7259,M03,2,11.3,12.2078421126,21
217,f0be075ce70bbd3bac1c7259,M04,2,10.46,11.3939443283,21
217,f0be075ce70bbd3bac1c7259,M05,2,10.57,11.4529655938,21
217,f0be075ce70bbd3bac1c7259,M06,2,13.99,15.0229071021,21
217,f0be075ce70bbd3bac1c7259,M07,2,15.68,17.2370750173,30
217,f0be075ce70bbd3bac1c7259,M08,2,20.04,21.4877529567,30
217,f0be075ce70bbd3bac1c7259,M09,2,18.9,20.2412896425,30
217,f0be075ce70bbd3bac1c7259,M10,2,21.6,22.6923368398,30
217,f0be075ce70bbd3bac1c7259,M11,2,20.86,22.2846899452,30
217,f0be075ce70bbd3bac1c7259,M12,2,28.99,31.6519305047,45
217,f0be075ce70bbd3bac1c7259,M13,2,29.83,32.4694886232,60
217,f0be075ce70bbd3bac1c7259,M14,2,26.45,29.5801640604,60
217,f0be075ce70bbd3bac1c7259,M15,2,29.97,32.6059814688,60
217,f0be075ce70bbd3bac1c7259,M16,2,58.56,61.5845067837,100
217,f0be075ce70bbd3bac1c7259,M17,2,7.87,8.3193868042,14
217,f0be075ce70bbd3bac1c7259,M18,2,10.96,11.5865830007,21
217,f0be075ce70bbd3bac1c7259,M19,2,9.88,10.8807686479,21
217,f0be075ce70bbd3bac1c7259,M20,2,12.07,12.8365605685,20
217,f0be075ce70bbd3bac1c7259,M21,2,9.28,10.1857493896,21
217,f0be075ce70bbd3bac1c7259,M22,2,23.3,26.194964329,45
217,f0be075ce70bbd3bac1c7259,M23,2,20.02,22.8915477027,45
217,f0be075ce70bbd3bac1c7259,M24,2,23.82,26.5320965483,45
217,f0be075ce70bbd3bac1c7259,M25,2,14.88,15.3003185639,20
217,f0be075ce70bbd3bac1c7259,M26,2,13.62,14.2200396435,20
217,f0be075ce70bbd3bac1c7259,M27,2,18.16,19.2022101183,30
217,f0be075ce70bbd3bac1c7259,M28,2,16.22,17.4951943001,30
217,f0be075ce70bbd3bac1c7259,M29,2,18.02,19.1617946421,30
217,f0be075ce70bbd3bac1c7259,M30,2,11.35,12.2240465887,21
219,0658d6d6c98ecbd57359ccef,M01,0,4.51,5.31044050649,10
219,0658d6d6c98ecbd57359ccef,M02,0,6.01,6.9076438153,15
219,0658d6d6c98ecbd57359ccef,M03,0,5.13,6.0737242876,21
219,0658d6d6c98ecbd57359ccef,M04,0,4.91,5.78906371118,21
219,0658d6d6c98ecbd57359ccef,M05,0,4.75,5.65558986347,21
219,0658d6d6c98ecbd57359ccef,M06,0,6.5,8.19945103608,21
219,0658d6d6c98ecbd57359ccef,M07,0,6.49,8.39054847908,30
219,0658d6d6c98ecbd57359ccef,M08,0,8.33,11.3649994069,30
219,0658d6d6c98ecbd57359ccef,M09,0,7.35,10.7257050712,30
219,0658d6d6c98ecbd57359ccef,M10,0,9.82,11.9667281505,30
219,0658d6d6c98ecbd57359ccef,M11,0,8.82,11.5932442641,30
219,0658d6d6c98ecbd57359ccef,M12,0,10.05,13.8860390779,45
219,0658d6d6c98ecbd57359ccef,M13,0,10.04,13.4575125118,60
219,0658d6d6c98ecbd57359ccef,M14,0,8.07,12.1976810812,60
219,0658d6d6c98ecbd57359ccef,M15,0,10.05,13.6943982627,60
219,0658d6d6c98ecbd57359ccef,M16,0,18.55,32.3929089566,100
219,0658d6d6c98ecbd57359ccef,M17,0,2.84,4.56033353391,14
219,0658d6d6c98ecbd57359ccef,M18,0,5.22,6.04631917027,21
219,0658d6d6c98ecbd57359ccef,M19,0,4.62,5.25778900722,21
219,0658d6d6c98ecbd57359ccef,M20,0,5.7,7.09701267677,20
219,0658d6d6c98ecbd57359ccef,M21,0,4.6,5.22167326118,21
219,0658d6d6c98ecbd57359ccef,M22,0,8.26,10.1408247229,45
219,0658d6d6c98ecbd57359ccef,M23,0,7.13,9.39554349784,45
219,0658d6d6c98ecbd57359ccef,M24,0,7.97,10.0311108725,45
219,0658d6d6c98ecbd57359ccef,M25,0,7.28,10.2644255455,20
219,0658d6d6c98ecbd57359ccef,M26,0,5.14,9.55013526551,20
219,0658d6d6c98ecbd57359ccef,M27,0,8,10.0189823704,30
219,0658d6d6c98ecbd57359ccef,M28,0,6.32,9.24198941558,30
219,0658d6d6c98ecbd57359ccef,M29,0,7.65,9.85815001199,30
219,0658d6d6c98ecbd57359ccef,M30,0,4.78,6.26160767288,21
220,d62a7d47244b4b6f5813dc91,M01,0,6.53,6.17605251515,10
220,d62a7d47244b4b6f5813dc91,M02,0,8.9,8.09007117605,15
220,d62a7d47244b4b6f5813dc91,M03,0,8.7,7.83065545355,21
220,d62a7d47244b4b6f5813dc91,M04,0,7.9,7.3360164016,21
220,d62a7d47244b4b6f5813dc91,M05,0,7.47,7.25078799112,21
220,d62a7d47244b4b6f5813dc91,M06,0,10.8,9.99132392297,21
220,d62a7d47244b4b6f5813dc91,M07,0,11.81,10.8287734645,30
220,d62a7d47244b4b6f5813dc91,M08,0,16.19,15.1813952486,30
220,d62a7d47244b4b6f5813dc91,M09,0,14.99,14.6589931263,30
220,d62a7d47244b4b6f5813dc91,M10,0,17.72,15.9322621606,30
220,d62a7d47244b4b6f5813dc91,M11,0,16.26,15.558951451,30
220,d62a7d47244b4b6f5813dc91,M12,0,22.67,20.1480136089,45
220,d62a7d47244b4b6f5813dc91,M13,0,21.49,19.7143146969,60
220,d62a7d47244b4b6f5813dc91,M14,0,18.32,18.4985934783,60
220,d62a7d47244b4b6f5813dc91,M15,0,21.77,20.0237110693,60
220,d62a7d47244b4b6f5813dc91,M16,0,48.78,42.3710620159,100
220,d62a7d47244b4b6f5813dc91,M17,0,6.64,5.695672226,14
220,d62a7d47244b4b6f5813dc91,M18,0,9.14,7.49398951659,21
220,d62a7d47244b4b6f5813dc91,M19,0,6.3,5.91933427273,21
220,d62a7d47244b4b6f5813dc91,M20,0,9.47,8.438095559,20
220,d62a7d47244b4b6f5813dc91,M21,0,6.77,5.89648743579,21
220,d62a7d47244b4b6f5813dc91,M22,0,15.65,12.7113337547,45
220,d62a7d47244b4b6f5813dc91,M23,0,13.35,11.9458453608,45
220,d62a7d47244b4b6f5813dc91,M24,0,15.92,12.6967425758,45
220,d62a7d47244b4b6f5813dc91,M25,0,11.99,12.1622248523,20
220,d62a7d47244b4b6f5813dc91,M26,0,10.73,11.3937944192,20
220,d62a7d47244b4b6f5813dc91,M27,0,12.49,13.7309983712,30
220,d62a7d47244b4b6f5813dc91,M28,0,10.69,12.7347798124,30
220,d62a7d47244b4b6f5813dc91,M29,0,12.63,13.5968084837,30
220,d62a7d47244b4b6f5813dc91,M30,0,7.33,8.06001750549,21
221,b2055287b28edac3e1fa6789,M01,1,8.23,8.8306323088,10
221,b2055287b28edac3e1fa6789,M02,1,12.58,12.8009525108,15
221,b2055287b28edac3e1fa6789,M03,1,15.18,14.8591480678,21
221,b2055287b28edac3e1fa6789,M04,1,14.13,14.1846150981,21
221,b2055287b28edac3e1fa6789,M05,1,14.43,14.2791571241,21
221,b2055287b28edac3e1fa6789,M06,1,18.39,17.1438655804,21
221,b2055287b28edac3e1fa6789,M07,1,21.58,20.7329523054,30
221,b2055287b28edac3e1fa6789,M08,1,25.52,23.2825899643,30
221,b2055287b28edac3e1fa6789,M09,1,24.08,22.272323904,30
221,b2055287b28edac3e1fa6789,M10,1,27.07,24.7667099234,30
221,b2055287b28edac3e1fa6789,M11,1,26.18,24.5590497228,30
221,b2055287b28edac3e1fa6789,M12,1,38.21,38.3272008874,45
221,b2055287b28edac3e1fa6789,M13,1,41.21,39.4230007172,60
221,b2055287b28edac3e1fa6789,M14,1,38.54,38.3127692078,60
221,b2055287b28edac3e1fa6789,M15,1,41.18,39.6468493593,60
221,b2055287b28edac3e1fa6789,M16,1,70.9,67.7189591544,100
221,b2055287b28edac3e1fa6789,M17,1,9.95,9.3427379359,14
221,b2055287b28edac3e1fa6789,M18,1,14.33,14.0470975195,21
221,b2055287b28edac3e1fa6789,M19,1,15.5,14.2757518716,21
221,b2055287b28edac3e1fa6789,M20,1,16.69,14.4294241908,20
221,b2055287b28edac3e1fa6789,M21,1,14.11,13.4860652482,21
221,b2055287b28edac3e1fa6789,M22,1,37.84,29.3156019529,45
221,b2055287b28edac3e1fa6789,M23,1,34.66,26.9965940392,45
221,b2055287b28edac3e1fa6789,M24,1,37.86,29.4637442678,45
221,b2055287b28edac3e1fa6789,M25,1,18.11,16.9197634058,20
221,b2055287b28edac3e1fa6789,M26,1,16.42,16.1100013875,20
221,b2055287b28edac3e1fa6789,M27,1,23.28,22.0439201362,30
221,b2055287b28edac3e1fa6789,M28,1,21.47,20.9336365267,30
221,b2055287b28edac3e1fa6789,M29,1,22.92,21.9790186479,30
221,b2055287b28edac3e1fa6789,M30,1,15.26,14.9734833102,21
222,6031d890eca7dc3190572968,M01,2,7.96,7.21426990765,10
222,6031d890eca7dc3190572968,M02,2,10.59,9.81611815673,15
222,6031d890eca7dc3190572968,M03,2,11.86,10.0035841575,21
222,6031d890eca7dc3190572968,M04,2,10.75,9.56194492785,21
222,6031d890eca7dc3190572968,M05,2,10.87,9.50782694106,21
222,6031d890eca7dc3190572968,M06,2,14.61,12.9246417063,21
222,6031d890eca7dc3190572968,M07,2,16.49,14.1477958787,30
222,6031d890eca7dc3190572968,M08,2,20.82,19.0770035148,30
222,6031d890eca7dc3190572968,M09,2,19.27,18.2743738453,30
222,6031d890eca7dc3190572968,M10,2,22.41,20.0319648355,30
222,6031d890eca7dc3190572968,M11,2,21.32,19.6852365229,30
222,6031d890eca7dc3190572968,M12,2,30.21,26.5807880159,45
222,6031d890eca7dc3190572968,M13,2,31.29,26.3901391616,60
222,6031d890eca7dc3190572968,M14,2,27.83,24.1570790837,60
222,6031d890eca7dc3190572968,M15,2,31.47,26.6497682222,60
222,6031d890eca7dc3190572968,M16,2,60.2,54.5472647677,100
222,6031d890eca7dc3190572968,M17,2,8.04,7.2011658759,14
222,6031d890eca7dc3190572968,M18,2,11.22,9.77700262993,21
222,6031d890eca7dc3190572968,M19,2,10.09,8.56480237374,21
222,6031d890eca7dc3190572968,M20,2,12.22,10.6195573232,20
222,6031d890eca7dc3190572968,M21,2,9.31,8.43065902453,21
222,6031d890eca7dc3190572968,M22,2,23.81,19.6931094672,45
222,6031d890eca7dc3190572968,M23,2,20.46,17.2532993633,45
222,6031d890eca7dc3190572968,M24,2,24.33,19.6053772522,45
222,6031d890eca7dc3190572968,M25,2,15.24,13.884306008,20
222,6031d890eca7dc3190572968,M26,2,14.01,12.9745599888,20
222,6031d890eca7dc3190572968,M27,2,18.85,16.9698673027,30
222,6031d890eca7dc3190572968,M28,2,16.89,15.4327584166,30
222,6031d890eca7dc3190572968,M29,2,18.77,16.9260678813,30
222,6031d890eca7dc3190572968,M30,2,11.9,10.0388822095,21
223,a0b2ab35e6b6a3ad3cb8099a,M01,2,9.36,8.70585923954,10
223,a0b2ab35e6b6a3ad3cb8099a,M02,2,11.93,11.6282515209,15
223,a0b2ab35e6b6a3ad3cb8099a,M03,2,14.39,13.8225008124,21
223,a0b2ab35e6b6a3ad3cb8099a,M04,2,13.22,13.1789623872,21
223,a0b2ab35e6b6a3ad3cb8099a,M05,2,13.55,13.2935267126,21
223,a0b2ab35e6b6a3ad3cb8099a,M06,2,17.28,16.4827606162,21
223,a0b2ab35e6b6a3ad3cb8099a,M07,2,20.4,19.1158358301,30
223,a0b2ab35e6b6a3ad3cb8099a,M08,2,24.41,23.2839376704,30
223,a0b2ab35e6b6a3ad3cb8099a,M09,2,22.82,22.17292957,30
223,a0b2ab35e6b6a3ad3cb8099a,M10,2,25.94,24.4058691459,30
223,a0b2ab35e6b6a3ad3cb8099a,M11,2,24.95,24.2022093195,30
223,a0b2ab35e6b6a3ad3cb8099a,M12,2,36.41,35.7735472698,45
223,a0b2ab35e6b6a3ad3cb8099a,M13,2,38.74,36.6260583867,60
223,a0b2ab35e6b6a3ad3cb8099a,M14,2,35.97,35.2566598095,60
223,a0b2ab35e6b6a3ad3cb8099a,M15,2,39.2,36.9718323074,60
223,a0b2ab35e6b6a3ad3cb8099a,M16,2,68.24,64.7002657031,100
223,a0b2ab35e6b6a3ad3cb8099a,M17,2,9.39,8.90431015584,14
223,a0b2ab35e6b6a3ad3cb8099a,M18,2,13.48,13.1648622781,21
223,a0b2ab35e6b6a3ad3cb8099a,M19,2,13.48,12.5374737879,21
223,a0b2ab35e6b6a3ad3cb8099a,M20,2,15.05,12.3314838557,20
223,a0b2ab35e6b6a3ad3cb8099a,M21,2,12.32,11.7104197345,21
223,a0b2ab35e6b6a3ad3cb8099a,M22,2,32.82,23.8905362063,45
223,a0b2ab35e6b6a3ad3cb8099a,M23,2,29.64,22.6880470911,45
223,a0b2ab35e6b6a3ad3cb8099a,M24,2,33.25,23.8095121429,45
223,a0b2ab35e6b6a3ad3cb8099a,M25,2,17.01,16.4621782323,20
223,a0b2ab35e6b6a3ad3cb8099a,M26,2,15.63,15.5105123377,20
223,a0b2ab35e6b6a3ad3cb8099a,M27,2,21.98,21.2556610584,30
223,a0b2ab35e6b6a3ad3cb8099a,M28,2,20.28,19.8062501072,30
223,a0b2ab35e6b6a3ad3cb8099a,M29,2,21.86,21.1658490267,30
223,a0b2ab35e6b6a3ad3cb8099a,M30,2,14.45,13.8523431847,21
225,493b94c3c8c4c9bf713f2445,M01,3,4.88,6.20786039272,10
225,493b94c3c8c4c9bf713f2445,M02,3,6.39,7.41822063259,15
225,493b94c3c8c4c9bf713f2445,M03,3,5.45,7.07617257343,21
225,493b94c3c8c4c9bf713f2445,M04,3,5.2,6.73527425253,21
225,493b94c3c8c4c9bf713f2445,M05,3,5.13,6.58591048074,21
225,493b94c3c8c4c9bf713f2445,M06,3,6.95,9.31906774892,21
225,493b94c3c8c4c9bf713f2445,M07,3,6.98,9.61939235642,30
225,493b94c3c8c4c9bf713f2445,M08,3,9.12,13.3225202927,30
225,493b94c3c8c4c9bf713f2445,M09,3,8.25,12.8843362162,30
225,493b94c3c8c4c9bf713f2445,M10,3,10.7,13.8068428817,30
225,493b94c3c8c4c9bf713f2445,M11,3,9.9,13.472557254,30
225,493b94c3c8c4c9bf713f2445,M12,3,11.12,16.6259554552,45
225,493b94c3c8c4c9bf713f2445,M13,3,11.22,16.245055396,60
225,493b94c3c8c4c9bf713f2445,M14,3,8.79,15.6451135267,60
225,493b94c3c8c4c9bf713f2445,M15,3,10.95,16.6568954076,60
225,493b94c3c8c4c9bf713f2445,M16,3,21.44,31.7628429432,100
225,493b94c3c8c4c9bf713f2445,M17,3,3.72,5.32657241558,14
225,493b94c3c8c4c9bf713f2445,M18,3,5.61,6.83767178322,21
225,493b94c3c8c4c9bf713f2445,M19,3,4.87,5.90479437229,21
225,493b94c3c8c4c9bf713f2445,M20,3,6.12,8.29441075402,20
225,493b94c3c8c4c9bf713f2445,M21,3,4.86,5.8784700404,21
225,493b94c3c8c4c9bf713f2445,M22,3,9,11.6737024502,45
225,493b94c3c8c4c9bf713f2445,M23,3,7.42,10.6194967789,45
225,493b94c3c8c4c9bf713f2445,M24,3,8.92,11.7069867677,45
225,493b94c3c8c4c9bf713f2445,M25,3,9.59,11.2684373622,20
225,493b94c3c8c4c9bf713f2445,M26,3,7.89,10.5997308384,20
225,493b94c3c8c4c9bf713f2445,M27,3,9.08,11.8930008947,30
225,493b94c3c8c4c9bf713f2445,M28,3,7.64,10.7872833085,30
225,493b94c3c8c4c9bf713f2445,M29,3,8.71,11.8808809752,30
225,493b94c3c8c4c9bf713f2445,M30,3,5.45,7.10038211744,21
226,ae5a55d12ebca06a5f8ce50c,M01,0,8.24,8.11907053535,10
226,ae5a55d12ebca06a5f8ce50c,M02,0,10.87,10.6398670977,15
226,ae5a55d12ebca06a5f8ce50c,M03,0,12.59,12.0513746941,21
226,ae5a55d12ebca06a5f8ce50c,M04,0,11.57,11.3251897893,21
226,ae5a55d12ebca06a5f8ce50c,M05,0,11.76,11.376649,21
226,ae5a55d12ebca06a5f8ce50c,M06,0,15.34,14.9714390722,21
226,ae5a55d12ebca06a5f8ce50c,M07,0,17.66,17.0072570043,30
226,ae5a55d12ebca06a5f8ce50c,M08,0,21.85,21.4285559609,30
226,ae5a55d12ebca06a5f8ce50c,M09,0,20.55,20.2409133957,30
226,ae5a55d12ebca06a5f8ce50c,M10,0,23.32,22.5664926138,30
226,ae5a55d12ebca06a5f8ce50c,M11,0,22.49,22.2311230087,30
226,ae5a55d12ebca06a5f8ce50c,M12,0,32.13,31.3137384044,45
226,ae5a55d12ebca06a5f8ce50c,M13,0,33.64,31.8316763423,60
226,ae5a55d12ebca06a5f8ce50c,M14,0,30.45,29.4395302436,60
226,ae5a55d12ebca06a5f8ce50c,M15,0,33.56,31.9357676903,60
226,ae5a55d12ebca06a5f8ce50c,M16,0,62.71,61.2392652493,100
226,ae5a55d12ebca06a5f8ce50c,M17,0,8.55,8.34692342369,14
226,ae5a55d12ebca06a5f8ce50c,M18,0,12.07,11.4991004719,21
226,ae5a55d12ebca06a5f8ce50c,M19,0,11.45,10.469053356,21
226,ae5a55d12ebca06a5f8ce50c,M20,0,13.26,12.7445842994,20
226,ae5a55d12ebca06a5f8ce50c,M21,0,10.42,9.99414861094,21
226,ae5a55d12ebca06a5f8ce50c,M22,0,27.12,26.0138153423,45
226,ae5a55d12ebca06a5f8ce50c,M23,0,23.56,22.7578514519,45
226,ae5a55d12ebca06a5f8ce50c,M24,0,27.52,26.2549172687,45
226,ae5a55d12ebca06a5f8ce50c,M25,0,15.69,15.2840091876,20
226,ae5a55d12ebca06a5f8ce50c,M26,0,14.43,14.1754739523,20
226,ae5a55d12ebca06a5f8ce50c,M27,0,19.76,18.9154032599,30
226,ae5a55d12ebca06a5f8ce50c,M28,0,17.94,17.3077590281,30
226,ae5a55d12ebca06a5f8ce50c,M29,0,19.56,18.875533508,30
226,ae5a55d12ebca06a5f8ce50c,M30,0,12.63,12.0829534401,21
227,d13130a6033e47d102f8fa76,M01,3,4.78,7.06356831568,10
227,d13130a6033e47d102f8fa76,M02,3,6.68,8.21970228904,15
227,d13130a6033e47d102f8fa76,M03,3,5.59,8.3710711332,21
227,d13130a6033e47d102f8fa76,M04,3,5.37,8.11433558297,21
227,d13130a6033e47d102f8fa76,M05,3,5.2,8.10664545788,21
227,d13130a6033e47d102f8fa76,M06,3,7.17,12.6732540245,21
227,d13130a6033e47d102f8fa76,M07,3,7.28,13.4492171717,30
227,d13130a6033e47d102f8fa76,M08,3,10.17,16.411623254,30
227,d13130a6033e47d102f8fa76,M09,3,9.31,15.8023214329,30
227,d13130a6033e47d102f8fa76,M10,3,11.66,16.8651250938,30
227,d13130a6033e47d102f8fa76,M11,3,10.84,16.4893065253,30
227,d13130a6033e47d102f8fa76,M12,3,12.98,22.3143322655,45
227,d13130a6033e47d102f8fa76,M13,3,10.54,22.1989087893,60
227,d13130a6033e47d102f8fa76,M14,3,7.82,21.5445495238,60
227,d13130a6033e47d102f8fa76,M15,3,10.41,22.3387881703,60
227,d13130a6033e47d102f8fa76,M16,3,18.47,49.7953299048,100
227,d13130a6033e47d102f8fa76,M17,3,3.88,7.03387129981,14
227,d13130a6033e47d102f8fa76,M18,3,5.77,8.17553275036,21
227,d13130a6033e47d102f8fa76,M19,3,4.88,7.67869533333,21
227,d13130a6033e47d102f8fa76,M20,3,6.37,10.3072479269,20
227,d13130a6033e47d102f8fa76,M21,3,4.85,7.61702206782,21
227,d13130a6033e47d102f8fa76,M22,3,8.42,16.4366506378,45
227,d13130a6033e47d102f8fa76,M23,3,6.78,15.5429227294,45
227,d13130a6033e47d102f8fa76,M24,3,8.35,16.6090679495,45
227,d13130a6033e47d102f8fa76,M25,3,9.69,13.2467503478,20
227,d13130a6033e47d102f8fa76,M26,3,8.38,12.6844185364,20
227,d13130a6033e47d102f8fa76,M27,3,9.2,15.4845143665,30
227,d13130a6033e47d102f8fa76,M28,3,7.38,14.2621843752,30
227,d13130a6033e47d102f8fa76,M29,3,7.54,15.4573706588,30
227,d13130a6033e47d102f8fa76,M30,3,5.8,8.38696868731,21
228,526db5d548e812e0af002e85,M01,3,7.1,6.64062544156,10
228,526db5d548e812e0af002e85,M02,3,9.32,7.63059895427,15
228,526db5d548e812e0af002e85,M03,3,9.31,7.65639050982,21
228,526db5d548e812e0af002e85,M04,3,8.59,7.40355188745,21
228,526db5d548e812e0af002e85,M05,3,8.98,7.3868695358,21
228,526db5d548e812e0af002e85,M06,3,11.87,11.9178169322,21
228,526db5d548e812e0af002e85,M07,3,12.53,12.6408487937,30
228,526db5d548e812e0af002e85,M08,3,16.79,14.4795544215,30
228,526db5d548e812e0af002e85,M09,3,15.84,14.0814350505,30
228,526db5d548e812e0af002e85,M10,3,18.56,14.7932838327,30
228,526db5d548e812e0af002e85,M11,3,18.47,14.4995866812,30
228,526db5d548e812e0af002e85,M12,3,23.29,20.3742446147,45
228,526db5d548e812e0af002e85,M13,3,23.34,20.2840294719,60
228,526db5d548e812e0af002e85,M14,3,19.7,19.5332634776,60
228,526db5d548e812e0af002e85,M15,3,23.65,20.4124606465,60
228,526db5d548e812e0af002e85,M16,3,50.53,43.5687989899,100
228,526db5d548e812e0af002e85,M17,3,6.43,6.51652187951,14
228,526db5d548e812e0af002e85,M18,3,8.79,7.44745863925,21
228,526db5d548e812e0af002e85,M19,3,6.37,6.95214278427,21
228,526db5d548e812e0af002e85,M20,3,8.06,9.26787136264,20
228,526db5d548e812e0af002e85,M21,3,5.71,6.88125695455,21
228,526db5d548e812e0af002e85,M22,3,12.32,14.2262415743,45
228,526db5d548e812e0af002e85,M23,3,11.2,13.8605738312,45
228,526db5d548e812e0af002e85,M24,3,11.91,14.3296560115,45
228,526db5d548e812e0af002e85,M25,3,14.29,12.7645474935,20
228,526db5d548e812e0af002e85,M26,3,12.99,12.1992017629,20
228,526db5d548e812e0af002e85,M27,3,16.84,14.4800727143,30
228,526db5d548e812e0af002e85,M28,3,14.77,13.3389524459,30
228,526db5d548e812e0af002e85,M29,3,16.77,14.3959892143,30
228,526db5d548e812e0af002e85,M30,3,10.35,7.67439389078,21
229,3b65ef9d92c67daf73ca37e7,M01,4,9.03,8.88707510101,10
229,3b65ef9d92c67daf73ca37e7,M02,4,11.64,11.8329519432,15
229,3b65ef9d92c67daf73ca37e7,M03,4,14.06,13.9000223181,21
229,3b65ef9d92c67daf73ca37e7,M04,4,13.19,13.1798522482,21
229,3b65ef9d92c67daf73ca37e7,M05,4,13.41,13.3083430722,21
229,3b65ef9d92c67daf73ca37e7,M06,4,16.94,16.7844395079,21
229,3b65ef9d92c67daf73ca37e7,M07,4,19.97,20.2664853521,30
229,3b65ef9d92c67daf73ca37e7,M08,4,23.96,24.0412274326,30
229,3b65ef9d92c67daf73ca37e7,M09,4,22.78,23.0217748207,30
229,3b65ef9d92c67daf73ca37e7,M10,4,25.41,25.0890508258,30
229,3b65ef9d92c67daf73ca37e7,M11,4,24.67,24.8273635921,30
229,3b65ef9d92c67daf73ca37e7,M12,4,35.78,36.6565522823,45
229,3b65ef9d92c67daf73ca37e7,M13,4,38.13,38.1945879505,60
229,3b65ef9d92c67daf73ca37e7,M14,4,35.4,36.5485270326,60
229,3b65ef9d92c67daf73ca37e7,M15,4,38.27,38.3025431466,60
229,3b65ef9d92c67daf73ca37e7,M16,4,67.58,68.0709033977,100
229,3b65ef9d92c67daf73ca37e7,M17,4,9.34,9.32574190065,14
229,3b65ef9d92c67daf73ca37e7,M18,4,13.43,13.2035365714,21
229,3b65ef9d92c67daf73ca37e7,M19,4,13.56,13.1207040895,21
229,3b65ef9d92c67daf73ca37e7,M20,4,15.03,14.5196646866,20
229,3b65ef9d92c67daf73ca37e7,M21,4,12.44,12.428444417,21
229,3b65ef9d92c67daf73ca37e7,M22,4,32.88,31.5601312309,45
229,3b65ef9d92c67daf73ca37e7,M23,4,29.4,29.29331949,45
229,3b65ef9d92c67daf73ca37e7,M24,4,33.41,31.8147838975,45
229,3b65ef9d92c67daf73ca37e7,M25,4,16.69,16.6204816898,20
229,3b65ef9d92c67daf73ca37e7,M26,4,15.39,15.5714087597,20
229,3b65ef9d92c67daf73ca37e7,M27,4,21.61,21.4068445144,30
229,3b65ef9d92c67daf73ca37e7,M28,4,19.95,20.1753932684,30
229,3b65ef9d92c67daf73ca37e7,M29,4,21.35,21.2585192013,30
229,3b65ef9d92c67daf73ca37e7,M30,4,14.14,13.9078391305,21
230,3d7bd96ca15710fb424119d8,M01,2,8.61,8.93551596392,10
230,3d7bd96ca15710fb424119d8,M02,2,12.52,12.5014500289,15
230,3d7bd96ca15710fb424119d8,M03,2,15.13,14.5329791039,21
230,3d7bd96ca15710fb424119d8,M04,2,14.3,13.8979701919,21
230,3d7bd96ca15710fb424119d8,M05,2,14.62,13.9592036479,21
230,3d7bd96ca15710fb424119d8,M06,2,18.29,17.4681494644,21
230,3d7bd96ca15710fb424119d8,M07,2,21.5,20.6852571066,30
230,3d7bd96ca15710fb424119d8,M08,2,25.44,24.4547393842,30
230,3d7bd96ca15710fb424119d8,M09,2,24.31,23.3685050667,30
230,3d7bd96ca15710fb424119d8,M10,2,26.98,25.4884272933,30
230,3d7bd96ca15710fb424119d8,M11,2,26.47,25.3042375746,30
230,3d7bd96ca15710fb424119d8,M12,2,38.1,37.8915116522,45
230,3d7bd96ca15710fb424119d8,M13,2,41.59,38.9361871962,60
230,3d7bd96ca15710fb424119d8,M14,2,39,37.5375031154,60
230,3d7bd96ca15710fb424119d8,M15,2,41.74,39.0593707244,60
230,3d7bd96ca15710fb424119d8,M16,2,71.33,67.8682119755,100
230,3d7bd96ca15710fb424119d8,M17,2,10.04,9.31198695671,14
230,3d7bd96ca15710fb424119d8,M18,2,14.5,13.8141079351,21
230,3d7bd96ca15710fb424119d8,M19,2,15.77,13.8871090592,21
230,3d7bd96ca15710fb424119d8,M20,2,16.63,14.6742949668,20
230,3d7bd96ca15710fb424119d8,M21,2,14.34,13.0616704589,21
230,3d7bd96ca15710fb424119d8,M22,2,38.25,32.0502526955,45
230,3d7bd96ca15710fb424119d8,M23,2,35.15,29.8952950402,45
230,3d7bd96ca15710fb424119d8,M24,2,38.45,31.9327159983,45
230,3d7bd96ca15710fb424119d8,M25,2,18.32,17.2565120359,20
230,3d7bd96ca15710fb424119d8,M26,2,16.58,16.3507353172,20
230,3d7bd96ca15710fb424119d8,M27,2,23.53,22.6570276056,30
230,3d7bd96ca15710fb424119d8,M28,2,21.68,21.8370697889,30
230,3d7bd96ca15710fb424119d8,M29,2,23.32,22.5809506677,30
230,3d7bd96ca15710fb424119d8,M30,2,15.49,14.5797797547,21
231,dee02d0f4ba2425984cce9ae,M01,4,9.14,8.4053779798,10
231,dee02d0f4ba2425984cce9ae,M02,4,11.79,11.1501431717,15
231,dee02d0f4ba2425984cce9ae,M03,4,14.23,13.0474950306,21
231,dee02d0f4ba2425984cce9ae,M04,4,13.19,12.467015901,21
231,dee02d0f4ba2425984cce9ae,M05,4,13.49,12.5589932343,21
231,dee02d0f4ba2425984cce9ae,M06,4,17.07,16.006634355,21
231,dee02d0f4ba2425984cce9ae,M07,4,20.18,18.8499254675,30
231,dee02d0f4ba2425984cce9ae,M08,4,24.19,22.5735930107,30
231,dee02d0f4ba2425984cce9ae,M09,4,22.8,21.6311120058,30
231,dee02d0f4ba2425984cce9ae,M10,4,25.68,23.7736133151,30
231,dee02d0f4ba2425984cce9ae,M11,4,24.94,23.6019017013,30
231,dee02d0f4ba2425984cce9ae,M12,4,36.1,33.7865722179,45
231,dee02d0f4ba2425984cce9ae,M13,4,38.31,34.0908145599,60
231,dee02d0f4ba2425984cce9ae,M14,4,35.62,32.576652266,60
231,dee02d0f4ba2425984cce9ae,M15,4,38.81,34.4342947056,60
231,dee02d0f4ba2425984cce9ae,M16,4,67.79,63.6293718492,100
231,dee02d0f4ba2425984cce9ae,M17,4,9.36,8.57651471284,14
231,dee02d0f4ba2425984cce9ae,M18,4,13.46,12.455529287,21
231,dee02d0f4ba2425984cce9ae,M19,4,13.35,11.6195557648,21
231,dee02d0f4ba2425984cce9ae,M25,4,16.8,16.047614583,20
231,dee02d0f4ba2425984cce9ae,M26,4,15.5,15.08913178,20
231,dee02d0f4ba2425984cce9ae,M27,4,21.43,20.6040354603,30
231,dee02d0f4ba2425984cce9ae,M28,4,20.07,19.3569488617,30
231,dee02d0f4ba2425984cce9ae,M29,4,21.62,20.5192395628,30
231,dee02d0f4ba2425984cce9ae,M30,4,14.28,13.0714078041,21
232,144e67efd6d586547a1449e2,M01,2,5.21,6.1607192381,10
232,144e67efd6d586547a1449e2,M02,2,7.03,7.69078630447,15
232,144e67efd6d586547a1449e2,M03,2,5.93,7.31203165079,21
232,144e67efd6d586547a1449e2,M04,2,5.58,6.92030679321,21
232,144e67efd6d586547a1449e2,M05,2,5.43,6.79496714097,21
232,144e67efd6d586547a1449e2,M06,2,7.6,9.70887551326,21
232,144e67efd6d586547a1449e2,M07,2,7.78,10.4464840606,30
232,144e67efd6d586547a1449e2,M08,2,11.23,14.2520637359,30
232,144e67efd6d586547a1449e2,M09,2,10.26,13.4952197893,30
232,144e67efd6d586547a1449e2,M10,2,12.69,15.123027583,30
232,144e67efd6d586547a1449e2,M11,2,11.83,14.5856028413,30
232,144e67efd6d586547a1449e2,M12,2,14.68,19.0184884351,45
232,144e67efd6d586547a1449e2,M13,2,13.85,18.4434457133,60
232,144e67efd6d586547a1449e2,M14,2,11.79,16.843015241,60
232,144e67efd6d586547a1449e2,M15,2,13.47,18.8745739445,60
232,144e67efd6d586547a1449e2,M16,2,31.18,39.6427939553,100
232,144e67efd6d586547a1449e2,M17,2,4.25,5.39358091642,14
232,144e67efd6d586547a1449e2,M18,2,6.03,7.12993425974,21
232,144e67efd6d586547a1449e2,M19,2,4.89,5.87041530436,21
232,144e67efd6d586547a1449e2,M20,2,6.42,8.15410915007,20
232,144e67efd6d586547a1449e2,M21,2,4.85,5.85995194938,21
232,144e67efd6d586547a1449e2,M22,2,9.44,12.0666032583,45
232,144e67efd6d586547a1449e2,M23,2,8.38,10.9592799942,45
232,144e67efd6d586547a1449e2,M24,2,9.1,12.0836443319,45
232,144e67efd6d586547a1449e2,M25,2,11.22,11.4683914545,20
232,144e67efd6d586547a1449e2,M26,2,9.89,10.810782518,20
232,144e67efd6d586547a1449e2,M27,2,11.05,12.5337011033,30
232,144e67efd6d586547a1449e2,M28,2,9.37,11.1913273106,30
232,144e67efd6d586547a1449e2,M29,2,11.41,12.5365224958,30
232,144e67efd6d586547a1449e2,M30,2,6.64,7.32148787734,21
233,a047c7c3e85649e0405c3ba7,M01,1,6.88,6.63859580619,10
233,a047c7c3e85649e0405c3ba7,M02,1,9.18,8.59588222644,15
233,a047c7c3e85649e0405c3ba7,M03,1,9.17,8.49577288167,21
233,a047c7c3e85649e0405c3ba7,M04,1,8.34,8.03798551227,21
233,a047c7c3e85649e0405c3ba7,M05,1,8.26,7.95459480375,21
233,a047c7c3e85649e0405c3ba7,M06,1,11.58,10.6914039697,21
233,a047c7c3e85649e0405c3ba7,M07,1,12.45,11.3767146032,30
233,a047c7c3e85649e0405c3ba7,M08,1,16.82,15.9620740924,30
233,a047c7c3e85649e0405c3ba7,M09,1,15.64,15.2301570346,30
233,a047c7c3e85649e0405c3ba7,M10,1,18.4,16.6072132049,30
233,a047c7c3e85649e0405c3ba7,M11,1,17.52,16.1440236335,30
233,a047c7c3e85649e0405c3ba7,M12,1,23.6,21.3418025988,45
233,a047c7c3e85649e0405c3ba7,M13,1,23.17,20.8646378701,60
233,a047c7c3e85649e0405c3ba7,M14,1,19.68,19.1233043939,60
233,a047c7c3e85649e0405c3ba7,M15,1,23.14,21.2642856623,60
233,a047c7c3e85649e0405c3ba7,M16,1,50.75,42.1366386912,100
233,a047c7c3e85649e0405c3ba7,M17,1,6.54,6.30115940837,14
233,a047c7c3e85649e0405c3ba7,M18,1,8.98,8.233939554,21
233,a047c7c3e85649e0405c3ba7,M19,1,6.29,6.14858509946,21
233,a047c7c3e85649e0405c3ba7,M20,1,8.61,8.38877873427,20
233,a047c7c3e85649e0405c3ba7,M21,1,6.02,6.05632968676,21
233,a047c7c3e85649e0405c3ba7,M22,1,13.48,13.4825019526,45
233,a047c7c3e85649e0405c3ba7,M23,1,11.63,12.0826264358,45
233,a047c7c3e85649e0405c3ba7,M24,1,13.44,13.7116927708,45
233,a047c7c3e85649e0405c3ba7,M25,1,13.5,12.4921922857,20
233,a047c7c3e85649e0405c3ba7,M26,1,12.19,11.7381730505,20
233,a047c7c3e85649e0405c3ba7,M27,1,15.28,14.260393417,30
233,a047c7c3e85649e0405c3ba7,M28,1,13.24,12.4067793088,30
233,a047c7c3e85649e0405c3ba7,M29,1,15.04,14.534890886,30
233,a047c7c3e85649e0405c3ba7,M30,1,9.19,8.52621201299,21
234,21eea0afa313d3769372de02,M01,4,9.97,8.62613703896,10
234,21eea0afa313d3769372de02,M02,4,14.42,11.1350411717,15
234,21eea0afa313d3769372de02,M03,4,17.03,12.8090200924,21
234,21eea0afa313d3769372de02,M04,4,15.29,12.331034057,21
234,21eea0afa313d3769372de02,M05,4,15.62,12.4222174408,21
234,21eea0afa313d3769372de02,M06,4,20.38,15.8812258975,21
234,21eea0afa313d3769372de02,M07,4,23.17,19.1020808745,30
234,21eea0afa313d3769372de02,M08,4,27.22,22.6136408095,30
234,21eea0afa313d3769372de02,M09,4,25.81,22.0061686118,30
234,21eea0afa313d3769372de02,M10,4,29.31,23.5341897562,30
234,21eea0afa313d3769372de02,M11,4,27.83,23.3894556192,30
234,21eea0afa313d3769372de02,M12,4,41.17,33.3425696696,45
234,21eea0afa313d3769372de02,M13,4,44.31,33.8335933925,60
234,21eea0afa313d3769372de02,M14,4,41.45,33.1397212845,60
234,21eea0afa313d3769372de02,M15,4,44.94,34.0078725569,60
234,21eea0afa313d3769372de02,M16,4,74.09,65.5877169114,100
234,21eea0afa313d3769372de02,M17,4,10.68,8.95873508802,14
234,21eea0afa313d3769372de02,M18,4,15.23,12.2517235014,21
234,21eea0afa313d3769372de02,M19,4,16.69,11.3969416407,21
234,21eea0afa313d3769372de02,M20,4,17.68,14.1872925166,20
234,21eea0afa313d3769372de02,M21,4,15.45,11.0550681501,21
234,21eea0afa313d3769372de02,M22,4,32.95,29.6688989654,45
234,21eea0afa313d3769372de02,M23,4,38.55,28.1110869538,45
234,21eea0afa313d3769372de02,M24,4,32.54,29.7086861602,45
234,21eea0afa313d3769372de02,M25,4,16.59,15.9632251443,20
234,21eea0afa313d3769372de02,M26,4,18.03,15.2762085772,20
234,21eea0afa313d3769372de02,M27,4,25.9,20.7077115758,30
234,21eea0afa313d3769372de02,M28,4,23.28,19.7081224271,30
234,21eea0afa313d3769372de02,M29,4,26.1,20.5778147662,30
234,21eea0afa313d3769372de02,M30,4,17.03,12.8318095051,21
235,6ee9f7ce16b214affda797f4,M01,4,4.95,3.55730744844,10
235,6ee9f7ce16b214affda797f4,M02,4,6.39,4.12126550006,15
235,6ee9f7ce16b214affda797f4,M03,4,5.54,4.09968878555,21
235,6ee9f7ce16b214affda797f4,M04,4,5.14,3.80191086624,21
235,6ee9f7ce16b214affda797f4,M05,4,5.06,3.72778850261,21
235,6ee9f7ce16b214affda797f4,M06,4,6.99,5.46249994084,21
235,6ee9f7ce16b214affda797f4,M07,4,7.03,5.09423839061,30
235,6ee9f7ce16b214affda797f4,M08,4,8.79,3.99999107659,30
235,6ee9f7ce16b214affda797f4,M09,4,7.18,3.8247880131,30
235,6ee9f7ce16b214affda797f4,M10,4,10.56,4.08824733777,30
235,6ee9f7ce16b214affda797f4,M11,4,9.35,3.90954824831,30
235,6ee9f7ce16b214affda797f4,M12,4,10.39,4.7998606675,45
235,6ee9f7ce16b214affda797f4,M13,4,10.76,5.02164720585,60
235,6ee9f7ce16b214affda797f4,M14,4,7.99,4.79776025347,60
235,6ee9f7ce16b214affda797f4,M15,4,10.97,5.3025759692,60
235,6ee9f7ce16b214affda797f4,M16,4,18.18,21.9417934127,100
235,6ee9f7ce16b214affda797f4,M17,4,3.36,3.02554112088,14
235,6ee9f7ce16b214affda797f4,M18,4,5.57,3.7973774117,21
235,6ee9f7ce16b214affda797f4,M19,4,4.77,3.77816346953,21
235,6ee9f7ce16b214affda797f4,M20,4,5.84,4.70699285426,20
235,6ee9f7ce16b214affda797f4,M21,4,4.73,3.55227177534,21
235,6ee9f7ce16b214affda797f4,M22,4,8.55,3.9342451675,45
235,6ee9f7ce16b214affda797f4,M23,4,6.98,3.75346102464,45
235,6ee9f7ce16b214affda797f4,M24,4,8.46,4.06325215451,45
235,6ee9f7ce16b214affda797f4,M25,4,9.5,7.83235920652,20
235,6ee9f7ce16b214affda797f4,M26,4,7.6,7.33917304029,20
235,6ee9f7ce16b214affda797f4,M27,4,9.07,7.22436499451,30
235,6ee9f7ce16b214affda797f4,M28,4,7.52,6.73644304329,30
235,6ee9f7ce16b214affda797f4,M29,4,8.9,7.20954270302,30
235,6ee9f7ce16b214affda797f4,M30,4,5.55,4.23963348829,21
236,ecce04dcbcf0122880ef1bc4,M01,4,8.15,8.02791810634,10
236,ecce04dcbcf0122880ef1bc4,M02,4,10.79,10.6689354055,15
236,ecce04dcbcf0122880ef1bc4,M03,4,12.39,11.6145747098,21
236,ecce04dcbcf0122880ef1bc4,M04,4,11.54,11.0984023463,21
236,ecce04dcbcf0122880ef1bc4,M05,4,11.73,11.1327435887,21
236,ecce04dcbcf0122880ef1bc4,M06,4,15.22,15.2490232678,21
236,ecce04dcbcf0122880ef1bc4,M07,4,17.36,16.9897857903,30
236,ecce04dcbcf0122880ef1bc4,M08,4,21.62,21.4830353025,30
236,ecce04dcbcf0122880ef1bc4,M09,4,20.46,20.4659865584,30
236,ecce04dcbcf0122880ef1bc4,M10,4,23.13,22.5197889899,30
236,ecce04dcbcf0122880ef1bc4,M11,4,22.41,22.2350145051,30
236,ecce04dcbcf0122880ef1bc4,M12,4,31.7,30.8960300029,45
236,ecce04dcbcf0122880ef1bc4,M13,4,33.31,31.0962787965,60
236,ecce04dcbcf0122880ef1bc4,M14,4,30.22,29.0016506046,60
236,ecce04dcbcf0122880ef1bc4,M15,4,33.32,31.2212623853,60
236,ecce04dcbcf0122880ef1bc4,M16,4,62.4,60.7359862776,100
236,ecce04dcbcf0122880ef1bc4,M17,4,8.51,8.29901282107,14
236,ecce04dcbcf0122880ef1bc4,M18,4,11.92,11.1838336941,21
236,ecce04dcbcf0122880ef1bc4,M19,4,10.66,10.5733740159,21
236,ecce04dcbcf0122880ef1bc4,M20,4,12.6,13.2202798831,20
236,ecce04dcbcf0122880ef1bc4,M21,4,9.88,10.316348899,21
236,ecce04dcbcf0122880ef1bc4,M22,4,24.98,26.694837013,45
236,ecce04dcbcf0122880ef1bc4,M23,4,21.53,25.119252267,45
236,ecce04dcbcf0122880ef1bc4,M24,4,25.58,27.0347886984,45
236,ecce04dcbcf0122880ef1bc4,M25,4,15.57,15.3882023428,20
236,ecce04dcbcf0122880ef1bc4,M26,4,14.34,14.4605263755,20
236,ecce04dcbcf0122880ef1bc4,M27,4,19.59,18.4261154592,30
236,ecce04dcbcf0122880ef1bc4,M28,4,17.82,17.0304212765,30
236,ecce04dcbcf0122880ef1bc4,M29,4,19.41,18.4083191201,30
236,ecce04dcbcf0122880ef1bc4,M30,4,12.45,11.6248862332,21
237,fae1b0a30d608d7f0a01c6ee,M01,0,7.34,6.69910899667,10
237,fae1b0a30d608d7f0a01c6ee,M02,0,10.1,9.17080381652,15
237,fae1b0a30d608d7f0a01c6ee,M03,0,11.19,9.08836030425,21
237,fae1b0a30d608d7f0a01c6ee,M04,0,10.32,8.81551282196,21
237,fae1b0a30d608d7f0a01c6ee,M05,0,10.26,8.74309070829,21
237,fae1b0a30d608d7f0a01c6ee,M06,0,13.89,11.6111996585,21
237,fae1b0a30d608d7f0a01c6ee,M07,0,15.11,12.8787575235,30
237,fae1b0a30d608d7f0a01c6ee,M08,0,19.86,18.0470260418,30
237,fae1b0a30d608d7f0a01c6ee,M09,0,18.7,17.1435369466,30
237,fae1b0a30d608d7f0a01c6ee,M10,0,21.22,18.6416979509,30
237,fae1b0a30d608d7f0a01c6ee,M11,0,20.47,18.0619847922,30
237,fae1b0a30d608d7f0a01c6ee,M12,0,28.47,24.1875877049,45
237,fae1b0a30d608d7f0a01c6ee,M13,0,28.16,23.8780412626,60
237,fae1b0a30d608d7f0a01c6ee,M14,0,25.05,21.1250225772,60
237,fae1b0a30d608d7f0a01c6ee,M15,0,28.89,24.1524109033,60
237,fae1b0a30d608d7f0a01c6ee,M16,0,56.78,47.9258940707,100
237,fae1b0a30d608d7f0a01c6ee,M17,0,8.16,6.69896782207,14
237,fae1b0a30d608d7f0a01c6ee,M18,0,10.71,8.99319364191,21
237,fae1b0a30d608d7f0a01c6ee,M19,0,8.96,7.32184846398,21
237,fae1b0a30d608d7f0a01c6ee,M20,0,11.38,10.0160116176,20
237,fae1b0a30d608d7f0a01c6ee,M21,0,8.75,7.30502726052,21
237,fae1b0a30d608d7f0a01c6ee,M22,0,20.94,17.5634761053,45
237,fae1b0a30d608d7f0a01c6ee,M23,0,18.11,14.9283564343,45
237,fae1b0a30d608d7f0a01c6ee,M24,0,21.6,18.5262273131,45
237,fae1b0a30d608d7f0a01c6ee,M25,0,14.19,12.8549515578,20
237,fae1b0a30d608d7f0a01c6ee,M26,0,13.04,12.0423881284,20
237,fae1b0a30d608d7f0a01c6ee,M27,0,16.82,14.945682765,30
237,fae1b0a30d608d7f0a01c6ee,M28,0,15.05,13.5521821486,30
237,fae1b0a30d608d7f0a01c6ee,M29,0,16.92,15.0820462813,30
237,fae1b0a30d608d7f0a01c6ee,M30,0,10.37,9.08034994061,21
238,4a69088acec0c142b3de9690,M01,3,5.06,7.36644626662,10
238,4a69088acec0c142b3de9690,M02,3,6.77,10.2316688024,15
238,4a69088acec0c142b3de9690,M03,3,5.71,10.5168338601,21
238,4a69088acec0c142b3de9690,M04,3,5.41,10.1019796939,21
238,4a69088acec0c142b3de9690,M05,3,5.34,10.1229315871,21
238,4a69088acec0c142b3de9690,M06,3,7.31,13.4460824343,21
238,4a69088acec0c142b3de9690,M07,3,7.41,14.7855045844,30
238,4a69088acec0c142b3de9690,M08,3,10.31,19.3270397446,30
238,4a69088acec0c142b3de9690,M09,3,9.36,18.4463955296,30
238,4a69088acec0c142b3de9690,M10,3,11.84,20.0687749111,30
238,4a69088acec0c142b3de9690,M11,3,10.96,19.7146377365,30
238,4a69088acec0c142b3de9690,M12,3,13.2,27.8418427682,45
238,4a69088acec0c142b3de9690,M13,3,12.72,27.8029292661,60
238,4a69088acec0c142b3de9690,M14,3,10.74,25.271494733,60
238,4a69088acec0c142b3de9690,M15,3,12.66,27.9330130072,60
238,4a69088acec0c142b3de9690,M16,3,27.18,54.3417555685,100
238,4a69088acec0c142b3de9690,M17,3,3.77,7.33889795926,14
238,4a69088acec0c142b3de9690,M18,3,5.68,10.1965972234,21
238,4a69088acec0c142b3de9690,M19,3,4.93,8.51212880952,21
238,4a69088acec0c142b3de9690,M20,3,6.45,10.6191863973,20
238,4a69088acec0c142b3de9690,M21,3,4.89,8.38103377922,21
238,4a69088acec0c142b3de9690,M22,3,9.53,19.9758907965,45
238,4a69088acec0c142b3de9690,M23,3,8.49,17.5704075606,45
238,4a69088acec0c142b3de9690,M24,3,9.21,20.0149771573,45
238,4a69088acec0c142b3de9690,M25,3,13.35,14.1970971486,20
238,4a69088acec0c142b3de9690,M26,3,11.93,13.2712593459,20
238,4a69088acec0c142b3de9690,M27,3,14.73,17.1876287976,30
238,4a69088acec0c142b3de9690,M28,3,12.68,15.4472478052,30
238,4a69088acec0c142b3de9690,M29,3,14.54,17.2067666007,30
238,4a69088acec0c142b3de9690,M30,3,8.87,10.5881613984,21
239,f8ac8d48882ea0feea3861c4,M01,1,6.72,7.25539299423,10
239,f8ac8d48882ea0feea3861c4,M02,1,9.4,10.0916507965,15
239,f8ac8d48882ea0feea3861c4,M03,1,9.69,10.2671373192,21
239,f8ac8d48882ea0feea3861c4,M04,1,9.13,9.99274820813,21
239,f8ac8d48882ea0feea3861c4,M05,1,8.87,9.99296068432,21
239,f8ac8d48882ea0feea3861c4,M06,1,11.53,13.0646890909,21
239,f8ac8d48882ea0feea3861c4,M07,1,13.31,14.5016487561,30
239,f8ac8d48882ea0feea3861c4,M08,1,17.73,19.2391742083,30
239,f8ac8d48882ea0feea3861c4,M09,1,16.92,18.2767025534,30
239,f8ac8d48882ea0feea3861c4,M10,1,19.27,19.9157408346,30
239,f8ac8d48882ea0feea3861c4,M11,1,18.44,19.5727169948,30
239,f8ac8d48882ea0feea3861c4,M12,1,25.3,27.2085936226,45
239,f8ac8d48882ea0feea3861c4,M13,1,26.39,26.99433014,60
239,f8ac8d48882ea0feea3861c4,M14,1,20.65,23.9571106094,60
239,f8ac8d48882ea0feea3861c4,M15,1,25.07,27.3522967496,60
239,f8ac8d48882ea0feea3861c4,M16,1,51.57,53.4736622381,100
239,f8ac8d48882ea0feea3861c4,M17,1,7.06,7.32029540815,14
239,f8ac8d48882ea0feea3861c4,M18,1,9.77,10.1145192182,21
239,f8ac8d48882ea0feea3861c4,M19,1,7.55,8.08329384127,21
239,f8ac8d48882ea0feea3861c4,M20,1,10.81,10.3140946891,20
239,f8ac8d48882ea0feea3861c4,M21,1,7.9,8.07505976912,21
239,f8ac8d48882ea0feea3861c4,M22,1,18.78,18.9630047165,45
239,f8ac8d48882ea0feea3861c4,M23,1,14.97,16.2556489205,45
239,f8ac8d48882ea0feea3861c4,M24,1,23.71,19.6948478499,45
239,f8ac8d48882ea0feea3861c4,M25,1,13.27,13.661291912,20
239,f8ac8d48882ea0feea3861c4,M26,1,12.15,13.0049036926,20
239,f8ac8d48882ea0feea3861c4,M27,1,15.06,16.009938191,30
239,f8ac8d48882ea0feea3861c4,M28,1,13.34,14.8325767435,30
239,f8ac8d48882ea0feea3861c4,M29,1,15.6,15.9751098736,30
239,f8ac8d48882ea0feea3861c4,M30,1,9.2,10.2803270595,21
240,4fc34b6859ebf93e0c16c141,M01,4,5.63,6.72937950072,10
240,4fc34b6859ebf93e0c16c141,M02,4,7.14,9.02638249772,15
240,4fc34b6859ebf93e0c16c141,M03,4,6.03,8.9913647588,21
240,4fc34b6859ebf93e0c16c141,M04,4,5.66,8.49122005472,21
240,4fc34b6859ebf93e0c16c141,M05,4,5.54,8.42203687002,21
240,4fc34b6859ebf93e0c16c141,M06,4,7.71,11.4567482872,21
240,4fc34b6859ebf93e0c16c141,M07,4,7.94,12.4905536277,30
240,4fc34b6859ebf93e0c16c141,M08,4,11.57,16.3065467607,30
240,4fc34b6859ebf93e0c16c141,M09,4,10.66,15.6631477188,30
240,4fc34b6859ebf93e0c16c141,M10,4,13,17.1177583024,30
240,4fc34b6859ebf93e0c16c141,M11,4,12.27,16.7769178175,30
240,4fc34b6859ebf93e0c16c141,M12,4,15.34,22.1035704221,45
240,4fc34b6859ebf93e0c16c141,M13,4,14.58,21.7652517226,60
240,4fc34b6859ebf93e0c16c141,M14,4,12.37,20.146490677,60
240,4fc34b6859ebf93e0c16c141,M15,4,14.19,22.0817393788,60
240,4fc34b6859ebf93e0c16c141,M16,4,32.85,46.2693897807,100
240,4fc34b6859ebf93e0c16c141,M17,4,4.4,6.43272109113,14
240,4fc34b6859ebf93e0c16c141,M18,4,6.14,8.63806426551,21
240,4fc34b6859ebf93e0c16c141,M19,4,4.95,6.67445678644,21
240,4fc34b6859ebf93e0c16c141,M20,4,6.64,8.80650536031,20
240,4fc34b6859ebf93e0c16c141,M21,4,4.89,6.59270673882,21
240,4fc34b6859ebf93e0c16c141,M22,4,10.97,14.1984139538,45
240,4fc34b6859ebf93e0c16c141,M23,4,9.17,12.9145153341,45
240,4fc34b6859ebf93e0c16c141,M24,4,11.12,14.2160346551,45
240,4fc34b6859ebf93e0c16c141,M25,4,11.97,13.0255086118,20
240,4fc34b6859ebf93e0c16c141,M26,4,10.66,12.2558207746,20
240,4fc34b6859ebf93e0c16c141,M27,4,11.4,14.9650940412,30
240,4fc34b6859ebf93e0c16c141,M28,4,9.89,13.4448974106,30
240,4fc34b6859ebf93e0c16c141,M29,4,11.67,14.98288271,30
240,4fc34b6859ebf93e0c16c141,M30,4,7.1,9.04001085403,21
241,18623281fc9dce7d70af43e9,M01,3,6.39,5.8232601554,10
241,18623281fc9dce7d70af43e9,M02,3,8.52,7.19098426329,15
241,18623281fc9dce7d70af43e9,M03,3,7.87,6.53497423898,21
241,18623281fc9dce7d70af43e9,M04,3,7.08,6.25097568343,21
241,18623281fc9dce7d70af43e9,M05,3,6.81,6.09265124631,21
241,18623281fc9dce7d70af43e9,M06,3,9.94,8.61287580952,21
241,18623281fc9dce7d70af43e9,M07,3,10.63,9.00523057143,30
241,18623281fc9dce7d70af43e9,M08,3,14.79,12.7026856344,30
241,18623281fc9dce7d70af43e9,M09,3,13.45,12.2464207758,30
241,18623281fc9dce7d70af43e9,M10,3,16.37,13.2415626979,30
241,18623281fc9dce7d70af43e9,M11,3,15.01,12.9503175059,30
241,18623281fc9dce7d70af43e9,M12,3,20.29,15.8829615455,45
241,18623281fc9dce7d70af43e9,M13,3,18.35,15.3343503074,60
241,18623281fc9dce7d70af43e9,M14,3,15.14,14.3019797879,60
241,18623281fc9dce7d70af43e9,M15,3,19.01,15.5543887821,60
241,18623281fc9dce7d70af43e9,M16,3,41.75,36.1217886104,100
241,18623281fc9dce7d70af43e9,M17,3,6.14,4.79912039105,14
241,18623281fc9dce7d70af43e9,M18,3,8.33,6.34435405717,21
241,18623281fc9dce7d70af43e9,M19,3,6.87,5.6255754329,21
241,18623281fc9dce7d70af43e9,M20,3,9.06,7.84188524032,20
241,18623281fc9dce7d70af43e9,M21,3,6.45,5.55849464502,21
241,18623281fc9dce7d70af43e9,M22,3,14.51,11.4823455117,45
241,18623281fc9dce7d70af43e9,M23,3,12.13,10.5473832738,45
241,18623281fc9dce7d70af43e9,M24,3,14.74,11.4509467585,45
241,18623281fc9dce7d70af43e9,M25,3,11.57,10.9251122049,20
241,18623281fc9dce7d70af43e9,M26,3,10.56,10.1098543838,20
241,18623281fc9dce7d70af43e9,M27,3,11.63,11.2738214704,30
241,18623281fc9dce7d70af43e9,M28,3,10.73,10.1437340276,30
241,18623281fc9dce7d70af43e9,M29,3,12.74,11.2403597778,30
241,18623281fc9dce7d70af43e9,M30,3,7.17,6.58942618848,21
242,9e0901bcee50a2c1f9527fb0,M01,2,7.3,7.11313928571,10
242,9e0901bcee50a2c1f9527fb0,M02,2,9.81,9.61401446176,15
242,9e0901bcee50a2c1f9527fb0,M03,2,10.47,9.65398152958,21
242,9e0901bcee50a2c1f9527fb0,M04,2,9.56,9.16727322655,21
242,9e0901bcee50a2c1f9527fb0,M05,2,9.58,9.08084240693,21
242,9e0901bcee50a2c1f9527fb0,M06,2,13.01,12.4384701933,21
242,9e0901bcee50a2c1f9527fb0,M07,2,14.5,13.5851206268,30
242,9e0901bcee50a2c1f9527fb0,M08,2,18.92,18.0618325738,30
242,9e0901bcee50a2c1f9527fb0,M09,2,17.66,17.2158736941,30
242,9e0901bcee50a2c1f9527fb0,M10,2,20.36,19.1061034469,30
242,9e0901bcee50a2c1f9527fb0,M11,2,19.37,18.6512697817,30
242,9e0901bcee50a2c1f9527fb0,M12,2,27.27,25.4394772381,45
242,9e0901bcee50a2c1f9527fb0,M13,2,27.49,25.2881336681,60
242,9e0901bcee50a2c1f9527fb0,M14,2,24.29,22.7380671068,60
242,9e0901bcee50a2c1f9527fb0,M15,2,27.4,25.4318827475,60
242,9e0901bcee50a2c1f9527fb0,M16,2,56.08,53.8565316595,100
242,9e0901bcee50a2c1f9527fb0,M17,2,7.31,7.10562492929,14
242,9e0901bcee50a2c1f9527fb0,M18,2,10.14,9.48650645743,21
242,9e0901bcee50a2c1f9527fb0,M19,2,7.44,7.48796249784,21
242,9e0901bcee50a2c1f9527fb0,M20,2,9.81,10.1654287439,20
242,9e0901bcee50a2c1f9527fb0,M21,2,6.95,7.38127364069,21
242,9e0901bcee50a2c1f9527fb0,M22,2,16.46,17.3164938874,45
242,9e0901bcee50a2c1f9527fb0,M23,2,14.08,15.1678661254,45
242,9e0901bcee50a2c1f9527fb0,M24,2,16.61,17.4043524039,45
242,9e0901bcee50a2c1f9527fb0,M25,2,14.29,13.5335470072,20
242,9e0901bcee50a2c1f9527fb0,M26,2,13.08,12.6842081713,20
242,9e0901bcee50a2c1f9527fb0,M27,2,17.02,15.88193814,30
242,9e0901bcee50a2c1f9527fb0,M28,2,15.2,14.2329087554,30
242,9e0901bcee50a2c1f9527fb0,M29,2,16.75,15.8746563911,30
242,9e0901bcee50a2c1f9527fb0,M30,2,10.52,9.65564252814,21
243,25ddcfd00b9d06444330609f,M01,3,6.95,7.4082292866,10
243,25ddcfd00b9d06444330609f,M02,3,9.48,10.1680587132,15
243,25ddcfd00b9d06444330609f,M03,3,9.78,10.4078308041,21
243,25ddcfd00b9d06444330609f,M04,3,8.86,10.0875536411,21
243,25ddcfd00b9d06444330609f,M05,3,8.47,10.109349784,21
243,25ddcfd00b9d06444330609f,M06,3,12.04,13.4863515512,21
243,25ddcfd00b9d06444330609f,M07,3,13.42,14.7323646681,30
243,25ddcfd00b9d06444330609f,M08,3,17.83,19.1913947375,30
243,25ddcfd00b9d06444330609f,M09,3,16.53,18.2819508427,30
243,25ddcfd00b9d06444330609f,M10,3,19.37,19.850303547,30
243,25ddcfd00b9d06444330609f,M11,3,17.85,19.4717620391,30
243,25ddcfd00b9d06444330609f,M12,3,25.37,27.8946810369,45
243,25ddcfd00b9d06444330609f,M13,3,24.76,27.9100318839,60
243,25ddcfd00b9d06444330609f,M14,3,21.46,25.6800269829,60
243,25ddcfd00b9d06444330609f,M15,3,25.1,28.0223546409,60
243,25ddcfd00b9d06444330609f,M16,3,52.9,53.6830354329,100
243,25ddcfd00b9d06444330609f,M17,3,7.24,7.4024622361,14
243,25ddcfd00b9d06444330609f,M18,3,10.05,10.1835841649,21
243,25ddcfd00b9d06444330609f,M19,3,7.09,7.95608952381,21
243,25ddcfd00b9d06444330609f,M20,3,10.39,10.6838597696,20
243,25ddcfd00b9d06444330609f,M21,3,7.6,7.86585746032,21
243,25ddcfd00b9d06444330609f,M22,3,18.28,19.4636826898,45
243,25ddcfd00b9d06444330609f,M23,3,15.58,17.5949521306,45
243,25ddcfd00b9d06444330609f,M24,3,18.62,19.5284309365,45
243,25ddcfd00b9d06444330609f,M25,3,12.89,14.1060012453,20
243,25ddcfd00b9d06444330609f,M26,3,11.69,13.2276933322,20
243,25ddcfd00b9d06444330609f,M27,3,14.2,17.0640670361,30
243,25ddcfd00b9d06444330609f,M28,3,12.37,15.2584101717,30
243,25ddcfd00b9d06444330609f,M29,3,14.45,17.0212587165,30
243,25ddcfd00b9d06444330609f,M30,3,8.54,10.4544834073,21
244,670b4048ec51c7fd50fc617b,M01,2,7.83,8.10131012987,10
244,670b4048ec51c7fd50fc617b,M02,2,10.41,10.6334260577,15
244,670b4048ec51c7fd50fc617b,M03,2,11.55,12.0181928254,21
244,670b4048ec51c7fd50fc617b,M04,2,10.69,11.3846577157,21
244,670b4048ec51c7fd50fc617b,M05,2,10.85,11.440755811,21
244,670b4048ec51c7fd50fc617b,M06,2,14.27,14.949417182,21
244,670b4048ec51c7fd50fc617b,M07,2,16.06,17.0823493841,30
244,670b4048ec51c7fd50fc617b,M08,2,20.42,21.3996181118,30
244,670b4048ec51c7fd50fc617b,M09,2,19.2,20.3165626417,30
244,670b4048ec51c7fd50fc617b,M10,2,21.97,22.4229051608,30
244,670b4048ec51c7fd50fc617b,M11,2,21.2,22.1080353903,30
244,670b4048ec51c7fd50fc617b,M12,2,29.59,31.1722204457,45
244,670b4048ec51c7fd50fc617b,M13,2,30.56,31.6014800936,60
244,670b4048ec51c7fd50fc617b,M14,2,27.22,29.0156946203,60
244,670b4048ec51c7fd50fc617b,M15,2,30.76,31.8570178309,60
244,670b4048ec51c7fd50fc617b,M16,2,59.36,61.6051103535,100
244,670b4048ec51c7fd50fc617b,M17,2,8.04,8.31184052192,14
244,670b4048ec51c7fd50fc617b,M18,2,11.17,11.521618772,21
244,670b4048ec51c7fd50fc617b,M19,2,9.66,10.365855215,21
244,670b4048ec51c7fd50fc617b,M20,2,11.82,12.65555557,20
244,670b4048ec51c7fd50fc617b,M21,2,9,9.82845422511,21
244,670b4048ec51c7fd50fc617b,M22,2,22.5,25.1621430426,45
244,670b4048ec51c7fd50fc617b,M23,2,19.22,22.1793197222,45
244,670b4048ec51c7fd50fc617b,M24,2,23.03,25.6229465549,45
244,670b4048ec51c7fd50fc617b,M25,2,15.04,15.2816288022,20
244,670b4048ec51c7fd50fc617b,M26,2,13.82,14.2632402698,20
244,670b4048ec51c7fd50fc617b,M27,2,18.48,19.0132485106,30
244,670b4048ec51c7fd50fc617b,M28,2,16.59,17.4174745334,30
244,670b4048ec51c7fd50fc617b,M29,2,18.38,19.0371643374,30
244,670b4048ec51c7fd50fc617b,M30,2,11.61,12.0254340332,21
245,1a63c784a90e7a00bbc469c8,M01,1,7.44,8.93162092496,10
245,1a63c784a90e7a00bbc469c8,M02,1,9.96,11.6789901515,15
245,1a63c784a90e7a00bbc469c8,M03,1,10.84,13.7699961392,21
245,1a63c784a90e7a00bbc469c8,M04,1,10.48,13.0722064921,21
245,1a63c784a90e7a00bbc469c8,M05,1,10.57,13.1872234436,21
245,1a63c784a90e7a00bbc469c8,M06,1,13.48,16.3992217518,21
245,1a63c784a90e7a00bbc469c8,M07,1,15.07,19.4044535137,30
245,1a63c784a90e7a00bbc469c8,M08,1,19.44,23.2810225751,30
245,1a63c784a90e7a00bbc469c8,M09,1,19.03,22.0359315299,30
245,1a63c784a90e7a00bbc469c8,M10,1,20.89,24.414974808,30
245,1a63c784a90e7a00bbc469c8,M11,1,20.83,24.1009416781,30
245,1a63c784a90e7a00bbc469c8,M12,1,28.18,35.6670176691,45
245,1a63c784a90e7a00bbc469c8,M13,1,29.01,36.9210200332,60
245,1a63c784a90e7a00bbc469c8,M14,1,26.38,35.1388320717,60
245,1a63c784a90e7a00bbc469c8,M15,1,29.61,37.342521,60
245,1a63c784a90e7a00bbc469c8,M16,1,57.74,65.9426439364,100
245,1a63c784a90e7a00bbc469c8,M17,1,7.76,9.10941440371,14
245,1a63c784a90e7a00bbc469c8,M18,1,10.91,13.1106058745,21
245,1a63c784a90e7a00bbc469c8,M19,1,8.29,12.7717561659,21
245,1a63c784a90e7a00bbc469c8,M20,1,10.03,13.4211478707,20
245,1a63c784a90e7a00bbc469c8,M21,1,7.75,11.824927,21
245,1a63c784a90e7a00bbc469c8,M22,1,17.56,25.9025128245,45
245,1a63c784a90e7a00bbc469c8,M23,1,17.05,24.6639172314,45
245,1a63c784a90e7a00bbc469c8,M24,1,17.82,26.3279886081,45
245,1a63c784a90e7a00bbc469c8,M25,1,16.26,16.3002662216,20
245,1a63c784a90e7a00bbc469c8,M26,1,15.03,15.3216070657,20
245,1a63c784a90e7a00bbc469c8,M27,1,20.99,21.1610019755,30
245,1a63c784a90e7a00bbc469c8,M28,1,19.15,19.8089537945,30
245,1a63c784a90e7a00bbc469c8,M29,1,20.01,21.0836570548,30
245,1a63c784a90e7a00bbc469c8,M30,1,13.15,13.7880553585,21
246,dde8b904e95cd1e872f4f7db,M01,2,7.92,8.02635699889,10
246,dde8b904e95cd1e872f4f7db,M02,2,10.6,10.6947556075,15
246,dde8b904e95cd1e872f4f7db,M03,2,11.95,12.0958332742,21
246,dde8b904e95cd1e872f4f7db,M04,2,11.04,11.3961512691,21
246,dde8b904e95cd1e872f4f7db,M05,2,11.18,11.4575646977,21
246,dde8b904e95cd1e872f4f7db,M06,2,14.58,14.9510356565,21
246,dde8b904e95cd1e872f4f7db,M07,2,16.66,17.2382612698,30
246,dde8b904e95cd1e872f4f7db,M08,2,20.99,21.4217151154,30
246,dde8b904e95cd1e872f4f7db,M09,2,19.74,20.2555896955,30
246,dde8b904e95cd1e872f4f7db,M10,2,22.51,22.6030507489,30
246,dde8b904e95cd1e872f4f7db,M11,2,21.69,22.2319675108,30
246,dde8b904e95cd1e872f4f7db,M12,2,30.57,31.5786163057,45
246,dde8b904e95cd1e872f4f7db,M13,2,31.36,32.3525984312,60
246,dde8b904e95cd1e872f4f7db,M14,2,28.08,29.3149314589,60
246,dde8b904e95cd1e872f4f7db,M15,2,31.9,32.4501529868,60
246,dde8b904e95cd1e872f4f7db,M16,2,60.24,59.831654228,100
246,dde8b904e95cd1e872f4f7db,M17,2,8.21,8.21778600722,14
246,dde8b904e95cd1e872f4f7db,M18,2,11.51,11.584608318,21
246,dde8b904e95cd1e872f4f7db,M19,2,9.83,10.6025739697,21
246,dde8b904e95cd1e872f4f7db,M20,2,11.83,12.271739241,20
246,dde8b904e95cd1e872f4f7db,M21,2,9.15,10.0543897619,21
246,dde8b904e95cd1e872f4f7db,M22,2,22.51,24.9473297114,45
246,dde8b904e95cd1e872f4f7db,M23,2,19.31,21.8153420636,45
246,dde8b904e95cd1e872f4f7db,M24,2,23.22,24.7338172338,45
246,dde8b904e95cd1e872f4f7db,M25,2,15.2,15.2166115049,20
246,dde8b904e95cd1e872f4f7db,M26,2,13.96,14.1883769687,20
246,dde8b904e95cd1e872f4f7db,M27,2,18.8,19.1911851304,30
246,dde8b904e95cd1e872f4f7db,M28,2,16.98,17.4101416849,30
246,dde8b904e95cd1e872f4f7db,M29,2,18.85,19.1800399876,30
246,dde8b904e95cd1e872f4f7db,M30,2,11.99,12.1287640967,21
247,b8b3ad07e5e1039df48e43e6,M01,2,4.35,5.90266772583,10
247,b8b3ad07e5e1039df48e43e6,M02,2,5.23,7.11292921934,15
247,b8b3ad07e5e1039df48e43e6,M03,2,4.82,6.85681528116,21
247,b8b3ad07e5e1039df48e43e6,M04,2,4.63,6.55579701565,21
247,b8b3ad07e5e1039df48e43e6,M05,2,4.38,6.47721231746,21
247,b8b3ad07e5e1039df48e43e6,M06,2,6.22,8.37434809735,21
247,b8b3ad07e5e1039df48e43e6,M07,2,5.83,8.6742064733,30
247,b8b3ad07e5e1039df48e43e6,M08,2,6.91,11.5780869499,30
247,b8b3ad07e5e1039df48e43e6,M09,2,6.1,10.8987141227,30
247,b8b3ad07e5e1039df48e43e6,M10,2,8.28,12.1193627178,30
247,b8b3ad07e5e1039df48e43e6,M11,2,7.02,11.6328595269,30
247,b8b3ad07e5e1039df48e43e6,M12,2,7.22,14.5898022847,45
247,b8b3ad07e5e1039df48e43e6,M13,2,8.69,14.3760812126,60
247,b8b3ad07e5e1039df48e43e6,M14,2,6.18,13.6449834204,60
247,b8b3ad07e5e1039df48e43e6,M15,2,8.8,14.6785884983,60
247,b8b3ad07e5e1039df48e43e6,M16,2,13.83,31.3587840823,100
247,b8b3ad07e5e1039df48e43e6,M17,2,2.83,4.96659712443,14
247,b8b3ad07e5e1039df48e43e6,M18,2,5.15,6.68142149761,21
247,b8b3ad07e5e1039df48e43e6,M19,2,4.4,5.65554898679,21
247,b8b3ad07e5e1039df48e43e6,M20,2,5.05,7.28876514774,20
247,b8b3ad07e5e1039df48e43e6,M21,2,4.39,5.64119624942,21
247,b8b3ad07e5e1039df48e43e6,M22,2,6.9,9.93775190232,45
247,b8b3ad07e5e1039df48e43e6,M23,2,5.29,9.19375993407,45
247,b8b3ad07e5e1039df48e43e6,M24,2,6.87,9.91194937585,45
247,b8b3ad07e5e1039df48e43e6,M25,2,12.31,9.68939781474,20
247,b8b3ad07e5e1039df48e43e6,M26,2,10.73,9.01536983539,20
247,b8b3ad07e5e1039df48e43e6,M27,2,12.71,10.5042704276,30
247,b8b3ad07e5e1039df48e43e6,M28,2,10.52,9.64761239294,30
247,b8b3ad07e5e1039df48e43e6,M29,2,13.1,10.5007182214,30
247,b8b3ad07e5e1039df48e43e6,M30,2,7.71,6.86325681219,21
248,5a933e414c446e00b391d67e,M01,4,7.89,7.88340133034,10
248,5a933e414c446e00b391d67e,M02,4,10.57,10.6016258869,15
248,5a933e414c446e00b391d67e,M03,4,12,11.9027036277,21
248,5a933e414c446e00b391d67e,M04,4,11.16,11.2929962814,21
248,5a933e414c446e00b391d67e,M05,4,11.33,11.3322470794,21
248,5a933e414c446e00b391d67e,M06,4,14.67,14.5913765829,21
248,5a933e414c446e00b391d67e,M07,4,16.8,16.7940042694,30
248,5a933e414c446e00b391d67e,M08,4,21.09,21.1179663246,30
248,5a933e414c446e00b391d67e,M09,4,19.93,20.1093838817,30
248,5a933e414c446e00b391d67e,M10,4,22.57,22.3049689639,30
248,5a933e414c446e00b391d67e,M11,4,21.84,21.9075627489,30
248,5a933e414c446e00b391d67e,M12,4,30.86,31.0521582515,45
248,5a933e414c446e00b391d67e,M13,4,31.99,31.3848426595,60
248,5a933e414c446e00b391d67e,M14,4,28.92,28.566385202,60
248,5a933e414c446e00b391d67e,M15,4,32.18,31.5352095974,60
248,5a933e414c446e00b391d67e,M16,4,60.96,59.9685433062,100
248,5a933e414c446e00b391d67e,M17,4,8.28,8.13867491964,14
248,5a933e414c446e00b391d67e,M18,4,11.6,11.4692047662,21
248,5a933e414c446e00b391d67e,M19,4,10.65,10.3502082924,21
248,5a933e414c446e00b391d67e,M20,4,12.77,12.607613961,20
248,5a933e414c446e00b391d67e,M21,4,10.01,10.0755827606,21
248,5a933e414c446e00b391d67e,M22,4,25.58,25.0059581934,45
248,5a933e414c446e00b391d67e,M23,4,22.38,21.9059399322,45
248,5a933e414c446e00b391d67e,M24,4,25.99,25.1847911005,45
248,5a933e414c446e00b391d67e,M25,4,15.22,14.9273188412,20
248,5a933e414c446e00b391d67e,M26,4,14.07,13.9756972165,20
248,5a933e414c446e00b391d67e,M27,4,18.97,18.6546954458,30
248,5a933e414c446e00b391d67e,M28,4,17.23,17.0677169115,30
248,5a933e414c446e00b391d67e,M29,4,18.87,18.7110251399,30
248,5a933e414c446e00b391d67e,M30,4,12.04,11.8751217518,21
249,6f55438546f57416a8693eb4,M01,3,6.14,6.24262901421,10
249,6f55438546f57416a8693eb4,M02,3,8.19,7.33248677878,15
249,6f55438546f57416a8693eb4,M03,3,7.5,7.05343630547,21
249,6f55438546f57416a8693eb4,M04,3,6.78,6.79018187546,21
249,6f55438546f57416a8693eb4,M05,3,6.5,6.63570904451,21
249,6f55438546f57416a8693eb4,M06,3,9.46,8.91860734022,21
249,6f55438546f57416a8693eb4,M07,3,9.94,9.27331498413,30
249,6f55438546f57416a8693eb4,M08,3,13.93,13.4365482626,30
249,6f55438546f57416a8693eb4,M09,3,12.64,12.8527258543,30
249,6f55438546f57416a8693eb4,M10,3,15.58,13.7320380433,30
249,6f55438546f57416a8693eb4,M11,3,14.34,13.2894790159,30
249,6f55438546f57416a8693eb4,M12,3,18.74,17.0475224985,45
249,6f55438546f57416a8693eb4,M13,3,17.67,16.9341762763,60
249,6f55438546f57416a8693eb4,M14,3,14.66,16.5264953102,60
249,6f55438546f57416a8693eb4,M15,3,17.72,17.0954127842,60
249,6f55438546f57416a8693eb4,M16,3,40.54,28.4422851762,100
249,6f55438546f57416a8693eb4,M17,3,5.53,5.01482980486,14
249,6f55438546f57416a8693eb4,M18,3,7.56,6.77857374847,21
249,6f55438546f57416a8693eb4,M19,3,5.65,6.08935029626,21
249,6f55438546f57416a8693eb4,M20,3,7.92,8.00894433289,20
249,6f55438546f57416a8693eb4,M21,3,5.62,6.01886338284,21
249,6f55438546f57416a8693eb4,M22,3,12.22,11.9168978485,45
249,6f55438546f57416a8693eb4,M23,3,10.47,11.2039742684,45
249,6f55438546f57416a8693eb4,M24,3,12.17,11.965258241,45
249,6f55438546f57416a8693eb4,M25,3,8.84,10.4789373175,20
249,6f55438546f57416a8693eb4,M26,3,7.09,9.96277496825,20
249,6f55438546f57416a8693eb4,M27,3,8.51,12.1583828225,30
249,6f55438546f57416a8693eb4,M28,3,7.2,11.4042816869,30
249,6f55438546f57416a8693eb4,M29,3,8.27,12.1738072511,30
249,6f55438546f57416a8693eb4,M30,3,4.98,7.13518450605,21
250,c757832b2167519e0ac3b967,M01,4,9.28,8.85866580952,10
250,c757832b2167519e0ac3b967,M02,4,11.82,11.8514655198,15
250,c757832b2167519e0ac3b967,M03,4,14.3,14.1720318314,21
250,c757832b2167519e0ac3b967,M04,4,13.29,13.4500511502,21
250,c757832b2167519e0ac3b967,M05,4,13.55,13.564389889,21
250,c757832b2167519e0ac3b967,M06,4,17.19,16.7073992612,21
250,c757832b2167519e0ac3b967,M07,4,20.25,20.0299467489,30
250,c757832b2167519e0ac3b967,M08,4,24.25,23.9798304081,30
250,c757832b2167519e0ac3b967,M09,4,22.92,22.9418463651,30
250,c757832b2167519e0ac3b967,M10,4,25.75,25.1477396202,30
250,c757832b2167519e0ac3b967,M11,4,24.9,24.8576156375,30
250,c757832b2167519e0ac3b967,M12,4,36.22,36.5295541068,45
250,c757832b2167519e0ac3b967,M13,4,38.6,37.9988020987,60
250,c757832b2167519e0ac3b967,M14,4,35.86,36.3667554923,60
250,c757832b2167519e0ac3b967,M15,4,38.85,38.1247149221,60
250,c757832b2167519e0ac3b967,M16,4,68.13,66.9624091429,100
250,c757832b2167519e0ac3b967,M17,4,9.41,9.22257624986,14
250,c757832b2167519e0ac3b967,M18,4,13.53,13.4224975382,21
250,c757832b2167519e0ac3b967,M19,4,13.47,13.4246309162,21
250,c757832b2167519e0ac3b967,M20,4,14.98,12.755500751,20
250,c757832b2167519e0ac3b967,M21,4,12.28,12.528320176,21
250,c757832b2167519e0ac3b967,M22,4,32.72,28.6939259307,45
250,c757832b2167519e0ac3b967,M23,4,29.36,26.6520032136,45
250,c757832b2167519e0ac3b967,M24,4,33.22,28.7189380418,45
250,c757832b2167519e0ac3b967,M25,4,16.93,16.639749303,20
250,c757832b2167519e0ac3b967,M26,4,15.56,15.5476757577,20
250,c757832b2167519e0ac3b967,M27,4,21.9,21.5513113014,30
250,c757832b2167519e0ac3b967,M28,4,20.18,20.2952314014,30
250,c757832b2167519e0ac3b967,M29,4,21.66,21.3926686304,30
250,c757832b2167519e0ac3b967,M30,4,14.35,14.21779654,21
251,fa74b4af76ab2c2bfc0004ba,M01,2,7.71,7.99523820524,10
251,fa74b4af76ab2c2bfc0004ba,M02,2,10.34,10.6407453492,15
251,fa74b4af76ab2c2bfc0004ba,M03,2,11.55,12.0998978456,21
251,fa74b4af76ab2c2bfc0004ba,M04,2,10.73,11.368380233,21
251,fa74b4af76ab2c2bfc0004ba,M05,2,10.9,11.408552689,21
251,fa74b4af76ab2c2bfc0004ba,M06,2,14.21,14.8488484138,21
251,fa74b4af76ab2c2bfc0004ba,M07,2,16.12,17.0790919524,30
251,fa74b4af76ab2c2bfc0004ba,M08,2,20.43,21.3864123867,30
251,fa74b4af76ab2c2bfc0004ba,M09,2,19.32,20.2218595137,30
251,fa74b4af76ab2c2bfc0004ba,M10,2,21.92,22.5902308918,30
251,fa74b4af76ab2c2bfc0004ba,M11,2,21.21,22.1854824863,30
251,fa74b4af76ab2c2bfc0004ba,M12,2,29.78,31.5406889937,45
251,fa74b4af76ab2c2bfc0004ba,M13,2,30.82,32.0613361511,60
251,fa74b4af76ab2c2bfc0004ba,M14,2,27.77,29.1855863744,60
251,fa74b4af76ab2c2bfc0004ba,M15,2,30.84,32.1641393682,60
251,fa74b4af76ab2c2bfc0004ba,M16,2,59.72,61.1390355542,100
251,fa74b4af76ab2c2bfc0004ba,M17,2,8.06,8.24196402242,14
251,fa74b4af76ab2c2bfc0004ba,M18,2,11.2,11.5519328591,21
251,fa74b4af76ab2c2bfc0004ba,M19,2,10.48,10.2616469798,21
251,fa74b4af76ab2c2bfc0004ba,M20,2,12.69,12.3382950693,20
251,fa74b4af76ab2c2bfc0004ba,M21,2,9.91,9.79814075036,21
251,fa74b4af76ab2c2bfc0004ba,M22,2,25.29,24.5717069466,45
251,fa74b4af76ab2c2bfc0004ba,M23,2,22.16,21.7851644878,45
251,fa74b4af76ab2c2bfc0004ba,M24,2,25.6,24.6221462179,45
251,fa74b4af76ab2c2bfc0004ba,M25,2,14.95,15.1031559708,20
251,fa74b4af76ab2c2bfc0004ba,M26,2,13.8,14.0759271907,20
251,fa74b4af76ab2c2bfc0004ba,M27,2,18.43,18.9212449423,30
251,fa74b4af76ab2c2bfc0004ba,M28,2,16.71,17.1808959971,30
251,fa74b4af76ab2c2bfc0004ba,M29,2,18.28,18.909441443,30
251,fa74b4af76ab2c2bfc0004ba,M30,2,11.57,12.1138816522,21
252,49f72a7b3ba95ce637b7c9ed,M01,4,7.04,7.32725882196,10
252,49f72a7b3ba95ce637b7c9ed,M02,4,9.79,9.79837328427,15
252,49f72a7b3ba95ce637b7c9ed,M03,4,10.47,10.18186196,21
252,49f72a7b3ba95ce637b7c9ed,M04,4,9.87,9.93004976512,21
252,49f72a7b3ba95ce637b7c9ed,M05,4,9.67,9.91681273626,21
252,49f72a7b3ba95ce637b7c9ed,M06,4,12.45,13.144983299,21
252,49f72a7b3ba95ce637b7c9ed,M07,4,14.52,14.9173065743,30
252,49f72a7b3ba95ce637b7c9ed,M08,4,18.91,19.2059951602,30
252,49f72a7b3ba95ce637b7c9ed,M09,4,18.06,18.4665518398,30
252,49f72a7b3ba95ce637b7c9ed,M10,4,20.4,20.0740414812,30
252,49f72a7b3ba95ce637b7c9ed,M11,4,19.6,19.8237566327,30
252,49f72a7b3ba95ce637b7c9ed,M12,4,27.28,26.993060557,45
252,49f72a7b3ba95ce637b7c9ed,M13,4,26.13,26.6632834603,60
252,49f72a7b3ba95ce637b7c9ed,M14,4,23.13,24.3526568413,60
252,49f72a7b3ba95ce637b7c9ed,M15,4,27.57,27.1190095411,60
252,49f72a7b3ba95ce637b7c9ed,M16,4,54.55,54.387521956,100
252,49f72a7b3ba95ce637b7c9ed,M17,4,7.5,7.43727831113,14
252,49f72a7b3ba95ce637b7c9ed,M18,4,10.46,10.019322895,21
252,49f72a7b3ba95ce637b7c9ed,M19,4,7.25,8.77762688456,21
252,49f72a7b3ba95ce637b7c9ed,M20,4,10.46,11.9721768499,20
252,49f72a7b3ba95ce637b7c9ed,M21,4,7.58,8.66302591342,21
252,49f72a7b3ba95ce637b7c9ed,M22,4,17.94,21.3936043247,45
252,49f72a7b3ba95ce637b7c9ed,M23,4,14.54,18.4378619553,45
252,49f72a7b3ba95ce637b7c9ed,M24,4,20.87,23.5492169048,45
252,49f72a7b3ba95ce637b7c9ed,M25,4,13.8,13.6916772586,20
252,49f72a7b3ba95ce637b7c9ed,M26,4,12.71,13.1431289278,20
252,49f72a7b3ba95ce637b7c9ed,M27,4,16.16,16.514980202,30
252,49f72a7b3ba95ce637b7c9ed,M28,4,14.46,15.3230200476,30
252,49f72a7b3ba95ce637b7c9ed,M29,4,16.65,16.6803169668,30
252,49f72a7b3ba95ce637b7c9ed,M30,4,10,10.1748712458,21
253,2e0625b187eb16887bc48f24,M01,3,8.4,8.82888501443,10
253,2e0625b187eb16887bc48f24,M02,3,11.03,11.2616208416,15
253,2e0625b187eb16887bc48f24,M03,3,12.67,13.4316769966,21
253,2e0625b187eb16887bc48f24,M04,3,11.56,12.8348145839,21
253,2e0625b187eb16887bc48f24,M05,3,12.44,12.9076687094,21
253,2e0625b187eb16887bc48f24,M06,3,15.51,16.1216280319,21
253,2e0625b187eb16887bc48f24,M07,3,17.61,19.0691622612,30
253,2e0625b187eb16887bc48f24,M08,3,21.91,23.3102463478,30
253,2e0625b187eb16887bc48f24,M09,3,20.39,22.2276426623,30
253,2e0625b187eb16887bc48f24,M10,3,23.59,24.4825085873,30
253,2e0625b187eb16887bc48f24,M11,3,23.46,24.2741832468,30
253,2e0625b187eb16887bc48f24,M12,3,31.8,34.9475804252,45
253,2e0625b187eb16887bc48f24,M13,3,33.41,35.7629666912,60
253,2e0625b187eb16887bc48f24,M14,3,29.76,34.5355668081,60
253,2e0625b187eb16887bc48f24,M15,3,34.16,35.9676621552,60
253,2e0625b187eb16887bc48f24,M16,3,62.37,65.5839985628,100
253,2e0625b187eb16887bc48f24,M17,3,7.93,8.95790971051,14
253,2e0625b187eb16887bc48f24,M18,3,11.03,12.8253331077,21
253,2e0625b187eb16887bc48f24,M19,3,10.37,11.7984366912,21
253,2e0625b187eb16887bc48f24,M20,3,9.96,14.138266039,20
253,2e0625b187eb16887bc48f24,M21,3,7.57,11.2870575617,21
253,2e0625b187eb16887bc48f24,M22,3,17.32,27.4304052814,45
253,2e0625b187eb16887bc48f24,M23,3,16.69,25.4962088442,45
253,2e0625b187eb16887bc48f24,M24,3,17.31,27.3819729726,45
253,2e0625b187eb16887bc48f24,M25,3,16.2,16.0794542267,20
253,2e0625b187eb16887bc48f24,M26,3,14.97,15.2364364333,20
253,2e0625b187eb16887bc48f24,M27,3,20.77,20.7092222828,30
253,2e0625b187eb16887bc48f24,M28,3,19.01,19.4324081956,30
253,2e0625b187eb16887bc48f24,M29,3,20.72,20.6454896739,30
253,2e0625b187eb16887bc48f24,M30,3,13.5,13.4572951899,21
254,566ffc41d7edae3a1f739741,M01,2,8.5,8.58766512266,10
254,566ffc41d7edae3a1f739741,M02,2,11.28,11.4142929394,15
254,566ffc41d7edae3a1f739741,M03,2,13.53,13.5486755988,21
254,566ffc41d7edae3a1f739741,M04,2,12.67,12.9721190408,21
254,566ffc41d7edae3a1f739741,M05,2,12.9,13.0597800219,21
254,566ffc41d7edae3a1f739741,M06,2,16.26,16.3483474228,21
254,566ffc41d7edae3a1f739741,M07,2,19.17,19.1422293175,30
254,566ffc41d7edae3a1f739741,M08,2,23.25,23.1192724509,30
254,566ffc41d7edae3a1f739741,M09,2,22.08,22.0694819986,30
254,566ffc41d7edae3a1f739741,M10,2,24.63,24.2699398945,30
254,566ffc41d7edae3a1f739741,M11,2,23.98,24.0931443062,30
254,566ffc41d7edae3a1f739741,M12,2,34.6,35.3995870534,45
254,566ffc41d7edae3a1f739741,M13,2,36.48,36.0883445455,60
254,566ffc41d7edae3a1f739741,M14,2,33.83,34.3360371703,60
254,566ffc41d7edae3a1f739741,M15,2,36.58,36.3801792597,60
254,566ffc41d7edae3a1f739741,M16,2,65.88,64.9862477016,100
254,566ffc41d7edae3a1f739741,M17,2,9.05,8.82912578455,14
254,566ffc41d7edae3a1f739741,M18,2,12.98,12.9411114747,21
254,566ffc41d7edae3a1f739741,M19,2,12.7,11.8488559899,21
254,566ffc41d7edae3a1f739741,M20,2,14.17,12.986723798,20
254,566ffc41d7edae3a1f739741,M21,2,11.76,11.251457938,21
254,566ffc41d7edae3a1f739741,M22,2,30.18,26.7217301293,45
254,566ffc41d7edae3a1f739741,M23,2,26.72,24.7039631582,45
254,566ffc41d7edae3a1f739741,M24,2,30.74,26.8288845983,45
254,566ffc41d7edae3a1f739741,M25,2,16.17,16.3170973723,20
254,566ffc41d7edae3a1f739741,M26,2,14.99,15.3483078427,20
254,566ffc41d7edae3a1f739741,M27,2,20.85,21.1442165949,30
254,566ffc41d7edae3a1f739741,M28,2,19.23,19.7109860336,30
254,566ffc41d7edae3a1f739741,M29,2,20.61,21.091589452,30
254,566ffc41d7edae3a1f739741,M30,2,13.59,13.5706912569,21
256,7ab835a888675d8492b11826,M01,4,8.6,8.77693766378,10
256,7ab835a888675d8492b11826,M02,4,11.34,11.4840297262,15
256,7ab835a888675d8492b11826,M03,4,13.62,13.7100973078,21
256,7ab835a888675d8492b11826,M04,4,12.73,12.9870562171,21
256,7ab835a888675d8492b11826,M05,4,12.98,13.1208266919,21
256,7ab835a888675d8492b11826,M06,4,16.38,16.5392340072,21
256,7ab835a888675d8492b11826,M07,4,19.31,19.5286870087,30
256,7ab835a888675d8492b11826,M08,4,23.35,23.6725009264,30
256,7ab835a888675d8492b11826,M09,4,22.18,22.6414504242,30
256,7ab835a888675d8492b11826,M10,4,24.74,24.9005722352,30
256,7ab835a888675d8492b11826,M11,4,24.09,24.6380226623,30
256,7ab835a888675d8492b11826,M12,4,34.82,35.7029731674,45
256,7ab835a888675d8492b11826,M13,4,36.91,36.7993003555,60
256,7ab835a888675d8492b11826,M14,4,34.22,35.5542390955,60
256,7ab835a888675d8492b11826,M15,4,37.1,36.9892880014,60
256,7ab835a888675d8492b11826,M16,4,66.34,66.479709228,100
256,7ab835a888675d8492b11826,M17,4,9.08,9.12645029748,14
256,7ab835a888675d8492b11826,M18,4,13.03,12.9574974646,21
256,7ab835a888675d8492b11826,M19,4,12.45,12.5651326889,21
256,7ab835a888675d8492b11826,M20,4,14.12,13.2880431955,20
256,7ab835a888675d8492b11826,M21,4,11.38,11.8552874603,21
256,7ab835a888675d8492b11826,M22,4,29.56,29.0475377642,45
256,7ab835a888675d8492b11826,M23,4,25.74,26.9702225644,45
256,7ab835a888675d8492b11826,M24,4,30.09,29.1120385896,45
256,7ab835a888675d8492b11826,M25,4,16.23,16.4896349784,20
256,7ab835a888675d8492b11826,M26,4,15.06,15.4715698506,20
256,7ab835a888675d8492b11826,M27,4,20.99,21.3297591903,30
256,7ab835a888675d8492b11826,M28,4,19.4,20.0690717287,30
256,7ab835a888675d8492b11826,M29,4,20.84,21.140700349,30
256,7ab835a888675d8492b11826,M30,4,13.66,13.7859722032,21
257,6245e73d8777b85805db8d4d,M01,0,9.21,8.51661070307,10
257,6245e73d8777b85805db8d4d,M02,0,11.81,10.9339596485,15
257,6245e73d8777b85805db8d4d,M03,0,14.34,12.9102719697,21
257,6245e73d8777b85805db8d4d,M04,0,13.41,12.3018643395,21
257,6245e73d8777b85805db8d4d,M05,0,13.7,12.425314784,21
257,6245e73d8777b85805db8d4d,M06,0,17.2,15.9668936912,21
257,6245e73d8777b85805db8d4d,M07,0,20.41,18.7506172503,30
257,6245e73d8777b85805db8d4d,M08,0,24.37,22.7337464305,30
257,6245e73d8777b85805db8d4d,M09,0,23.11,21.9678020087,30
257,6245e73d8777b85805db8d4d,M10,0,25.83,23.7459022597,30
257,6245e73d8777b85805db8d4d,M11,0,25.08,23.5860259105,30
257,6245e73d8777b85805db8d4d,M12,0,36.78,33.6229969885,45
257,6245e73d8777b85805db8d4d,M13,0,38.91,33.8830603892,60
257,6245e73d8777b85805db8d4d,M14,0,36.35,32.6911907066,60
257,6245e73d8777b85805db8d4d,M15,0,39.18,34.3310502973,60
257,6245e73d8777b85805db8d4d,M16,0,68.45,64.8048182171,100
257,6245e73d8777b85805db8d4d,M17,0,9.48,8.75206658908,14
257,6245e73d8777b85805db8d4d,M18,0,13.66,12.2866542414,21
257,6245e73d8777b85805db8d4d,M19,0,13.42,10.9914947247,21
257,6245e73d8777b85805db8d4d,M25,0,16.91,15.9838228115,20
257,6245e73d8777b85805db8d4d,M26,0,15.62,15.2025753483,20
257,6245e73d8777b85805db8d4d,M27,0,21.92,20.7553945143,30
257,6245e73d8777b85805db8d4d,M28,0,20.3,19.5471194461,30
257,6245e73d8777b85805db8d4d,M29,0,21.67,20.6805102993,30
257,6245e73d8777b85805db8d4d,M30,0,14.4,13.0421619827,21
258,42ba4eb4f3bde44694d1974c,M01,4,6.69,5.94100449284,10
258,42ba4eb4f3bde44694d1974c,M02,4,8.95,7.08322577489,15
258,42ba4eb4f3bde44694d1974c,M03,4,8.75,6.60444839938,21
258,42ba4eb4f3bde44694d1974c,M04,4,8.09,6.37194537163,21
258,42ba4eb4f3bde44694d1974c,M05,4,8.12,6.26448956499,21
258,42ba4eb4f3bde44694d1974c,M06,4,11.07,8.66801769697,21
258,42ba4eb4f3bde44694d1974c,M07,4,11.82,8.80941055988,30
258,42ba4eb4f3bde44694d1974c,M08,4,16.13,11.4786614315,30
258,42ba4eb4f3bde44694d1974c,M09,4,15.16,10.8696622035,30
258,42ba4eb4f3bde44694d1974c,M10,4,17.76,11.7936127524,30
258,42ba4eb4f3bde44694d1974c,M11,4,17.11,11.4481881977,30
258,42ba4eb4f3bde44694d1974c,M12,4,22.4,13.7208058554,45
258,42ba4eb4f3bde44694d1974c,M13,4,21.83,13.5718851411,60
258,42ba4eb4f3bde44694d1974c,M14,4,18.42,13.1201384155,60
258,42ba4eb4f3bde44694d1974c,M15,4,21.99,13.7671970026,60
258,42ba4eb4f3bde44694d1974c,M16,4,48.91,35.419451022,100
258,42ba4eb4f3bde44694d1974c,M17,4,6.46,4.85016907792,14
258,42ba4eb4f3bde44694d1974c,M18,4,8.73,6.37314093151,21
258,42ba4eb4f3bde44694d1974c,M19,4,6.39,5.72205826773,21
258,42ba4eb4f3bde44694d1974c,M20,4,8.5,7.68342486147,20
258,42ba4eb4f3bde44694d1974c,M21,4,6.19,5.64631398779,21
258,42ba4eb4f3bde44694d1974c,M22,4,13.25,10.2526238759,45
258,42ba4eb4f3bde44694d1974c,M23,4,11.77,9.44831758297,45
258,42ba4eb4f3bde44694d1974c,M24,4,13.31,10.1460100433,45
258,42ba4eb4f3bde44694d1974c,M25,4,13.26,10.7370992873,20
258,42ba4eb4f3bde44694d1974c,M26,4,11.86,10.0518439537,20
258,42ba4eb4f3bde44694d1974c,M27,4,14.67,10.9314619719,30
258,42ba4eb4f3bde44694d1974c,M28,4,12.64,9.96176688933,30
258,42ba4eb4f3bde44694d1974c,M29,4,14.58,10.7992111999,30
258,42ba4eb4f3bde44694d1974c,M30,4,8.76,6.73492511577,21
259,41a0e87121f95316c7969dd8,M01,3,8.24,7.77225748918,10
259,41a0e87121f95316c7969dd8,M02,3,11,10.3919472525,15
259,41a0e87121f95316c7969dd8,M03,3,12.83,11.4287995328,21
259,41a0e87121f95316c7969dd8,M04,3,11.96,10.8051803276,21
259,41a0e87121f95316c7969dd8,M05,3,12.19,10.8771861833,21
259,41a0e87121f95316c7969dd8,M06,3,15.5,14.0816443175,21
259,41a0e87121f95316c7969dd8,M07,3,18.03,16.2892423997,30
259,41a0e87121f95316c7969dd8,M08,3,22.24,20.7462508745,30
259,41a0e87121f95316c7969dd8,M09,3,20.89,19.7043469899,30
259,41a0e87121f95316c7969dd8,M10,3,23.73,21.797376526,30
259,41a0e87121f95316c7969dd8,M11,3,23.28,21.4304867585,30
259,41a0e87121f95316c7969dd8,M12,3,32.71,30.1479043448,45
259,41a0e87121f95316c7969dd8,M13,3,34.12,30.4003604327,60
259,41a0e87121f95316c7969dd8,M14,3,31.03,27.936007544,60
259,41a0e87121f95316c7969dd8,M15,3,34.26,30.6535089084,60
259,41a0e87121f95316c7969dd8,M16,3,63.27,59.1562979027,100
259,41a0e87121f95316c7969dd8,M17,3,8.72,7.9496690303,14
259,41a0e87121f95316c7969dd8,M18,3,12.34,11.0301400447,21
259,41a0e87121f95316c7969dd8,M19,3,11.74,9.56772391486,21
259,41a0e87121f95316c7969dd8,M25,3,15.76,14.6601128225,20
259,41a0e87121f95316c7969dd8,M26,3,14.55,13.7224651749,20
259,41a0e87121f95316c7969dd8,M27,3,19.94,18.2435460767,30
259,41a0e87121f95316c7969dd8,M28,3,18.23,16.5833627016,30
259,41a0e87121f95316c7969dd8,M29,3,20.13,18.2177532513,30
259,41a0e87121f95316c7969dd8,M30,3,12.87,11.4340944852,21
260,bc37928db07519700d608f99,M01,1,7.03,7.15293596559,10
260,bc37928db07519700d608f99,M02,1,9.88,9.92880742136,15
260,bc37928db07519700d608f99,M03,1,10.38,10.3112131634,21
260,bc37928db07519700d608f99,M04,1,9.84,9.99528024964,21
260,bc37928db07519700d608f99,M05,1,9.89,9.96421888267,21
260,bc37928db07519700d608f99,M06,1,12.58,13.0698930043,21
260,bc37928db07519700d608f99,M07,1,14.37,14.682738976,30
260,bc37928db07519700d608f99,M08,1,19.04,18.9533918622,30
260,bc37928db07519700d608f99,M09,1,17.93,18.0616119625,30
260,bc37928db07519700d608f99,M10,1,20.02,20.0681580729,30
260,bc37928db07519700d608f99,M11,1,19.45,19.7374835722,30
260,bc37928db07519700d608f99,M12,1,27.11,27.1007654448,45
260,bc37928db07519700d608f99,M13,1,25.94,26.7250687558,60
260,bc37928db07519700d608f99,M14,1,22.91,23.6166169355,60
260,bc37928db07519700d608f99,M15,1,27.84,27.237766048,60
260,bc37928db07519700d608f99,M16,1,54.28,54.8905603273,100
260,bc37928db07519700d608f99,M17,1,7.54,7.28965292208,14
260,bc37928db07519700d608f99,M18,1,10.02,10.1621820518,21
260,bc37928db07519700d608f99,M19,1,6.93,8.38550806327,21
260,bc37928db07519700d608f99,M20,1,9.85,11.3404667862,20
260,bc37928db07519700d608f99,M21,1,7.1,8.36390615995,21
260,bc37928db07519700d608f99,M22,1,16.12,20.5931938412,45
260,bc37928db07519700d608f99,M23,1,13.32,16.7458210852,45
260,bc37928db07519700d608f99,M24,1,18.86,23.995931583,45
260,bc37928db07519700d608f99,M25,1,13.78,13.8093603695,20
260,bc37928db07519700d608f99,M26,1,12.66,13.0315713034,20
260,bc37928db07519700d608f99,M27,1,16.08,16.475916544,30
260,bc37928db07519700d608f99,M28,1,14.37,14.9229538066,30
260,bc37928db07519700d608f99,M29,1,16.66,16.62157757,30
260,bc37928db07519700d608f99,M30,1,9.83,10.3103618936,21
261,7baf7908c42ba7a02322fcd4,M01,3,6.77,7.58502758097,10
261,7baf7908c42ba7a02322fcd4,M02,3,9.14,10.4243200191,15
261,7baf7908c42ba7a02322fcd4,M03,3,9.19,10.6856556093,21
261,7baf7908c42ba7a02322fcd4,M04,3,8.54,10.3409437254,21
261,7baf7908c42ba7a02322fcd4,M05,3,8.46,10.3631922651,21
261,7baf7908c42ba7a02322fcd4,M06,3,11.5,13.7063983478,21
261,7baf7908c42ba7a02322fcd4,M07,3,12.56,15.1077000707,30
261,7baf7908c42ba7a02322fcd4,M08,3,16.97,19.5629808241,30
261,7baf7908c42ba7a02322fcd4,M09,3,16.05,18.6612972835,30
261,7baf7908c42ba7a02322fcd4,M10,3,18.5,20.207578396,30
261,7baf7908c42ba7a02322fcd4,M11,3,17.82,19.8237197063,30
261,7baf7908c42ba7a02322fcd4,M12,3,24,28.415529912,45
261,7baf7908c42ba7a02322fcd4,M13,3,23.43,28.4455035685,60
261,7baf7908c42ba7a02322fcd4,M14,3,20.22,25.8768166392,60
261,7baf7908c42ba7a02322fcd4,M15,3,23.56,28.5377563304,60
261,7baf7908c42ba7a02322fcd4,M16,3,51.31,56.815244658,100
261,7baf7908c42ba7a02322fcd4,M17,3,6.67,7.59112831113,14
261,7baf7908c42ba7a02322fcd4,M18,3,9.17,10.426938139,21
261,7baf7908c42ba7a02322fcd4,M19,3,7.71,8.31035193795,21
261,7baf7908c42ba7a02322fcd4,M20,3,10.26,10.7111855824,20
261,7baf7908c42ba7a02322fcd4,M21,3,7.53,8.19024279509,21
261,7baf7908c42ba7a02322fcd4,M22,3,17.81,19.5640251068,45
261,7baf7908c42ba7a02322fcd4,M23,3,15.26,17.6167255988,45
261,7baf7908c42ba7a02322fcd4,M24,3,17.96,19.7245073651,45
261,7baf7908c42ba7a02322fcd4,M25,3,13.44,14.2916344661,20
261,7baf7908c42ba7a02322fcd4,M26,3,12.17,13.3375886294,20
261,7baf7908c42ba7a02322fcd4,M27,3,15.22,17.1427500635,30
261,7baf7908c42ba7a02322fcd4,M28,3,13.39,15.4912485382,30
261,7baf7908c42ba7a02322fcd4,M29,3,15.64,17.1249456429,30
261,7baf7908c42ba7a02322fcd4,M30,3,9.18,10.7225766526,21
262,229504607349828a36f6f03e,M01,1,7.68,8.0394361746,10
262,229504607349828a36f6f03e,M02,1,10.26,10.5585716956,15
262,229504607349828a36f6f03e,M03,1,11.32,12.0308765502,21
262,229504607349828a36f6f03e,M04,1,10.48,11.255801987,21
262,229504607349828a36f6f03e,M05,1,10.61,11.3184371804,21
262,229504607349828a36f6f03e,M06,1,14.01,14.8269495603,21
262,229504607349828a36f6f03e,M07,1,15.74,16.8714531851,30
262,229504607349828a36f6f03e,M08,1,20.08,21.2985820878,30
262,229504607349828a36f6f03e,M09,1,18.93,20.0789592381,30
262,229504607349828a36f6f03e,M10,1,21.63,22.4311946099,30
262,229504607349828a36f6f03e,M11,1,20.92,22.0949521294,30
262,229504607349828a36f6f03e,M12,1,29.12,30.9991315699,45
262,229504607349828a36f6f03e,M13,1,30.01,31.6084459918,60
262,229504607349828a36f6f03e,M14,1,26.78,29.0761493983,60
262,229504607349828a36f6f03e,M15,1,30.24,31.6795771318,60
262,229504607349828a36f6f03e,M16,1,58.8,60.813286619,100
262,229504607349828a36f6f03e,M17,1,7.87,8.20197977245,14
262,229504607349828a36f6f03e,M18,1,10.96,11.4366480233,21
262,229504607349828a36f6f03e,M19,1,9.5,10.3299770361,21
262,229504607349828a36f6f03e,M20,1,11.76,12.8985558615,20
262,229504607349828a36f6f03e,M21,1,9.02,9.89450705295,21
262,229504607349828a36f6f03e,M22,1,22.52,25.0806483867,45
262,229504607349828a36f6f03e,M23,1,19.45,22.0232063069,45
262,229504607349828a36f6f03e,M24,1,22.76,25.4300275718,45
262,229504607349828a36f6f03e,M25,1,14.88,15.1675801492,20
262,229504607349828a36f6f03e,M26,1,13.69,14.1145639841,20
262,229504607349828a36f6f03e,M27,1,18.17,19.0705390635,30
262,229504607349828a36f6f03e,M28,1,16.36,17.3642716306,30
262,229504607349828a36f6f03e,M29,1,18.08,19.0402563665,30
262,229504607349828a36f6f03e,M30,1,11.34,12.0618494867,21
263,7738c55f945d0df2535c994a,M01,2,7.89,7.09830906349,10
263,7738c55f945d0df2535c994a,M02,2,10.52,9.43380817605,15
263,7738c55f945d0df2535c994a,M03,2,11.83,9.34989828139,21
263,7738c55f945d0df2535c994a,M04,2,10.77,9.00160060029,21
263,7738c55f945d0df2535c994a,M05,2,10.91,8.90886897114,21
263,7738c55f945d0df2535c994a,M06,2,14.56,12.208940326,21
263,7738c55f945d0df2535c994a,M07,2,16.49,13.4496179544,30
263,7738c55f945d0df2535c994a,M08,2,20.82,18.0437068866,30
263,7738c55f945d0df2535c994a,M09,2,19.36,17.2765661616,30
263,7738c55f945d0df2535c994a,M10,2,22.33,19.0582171074,30
263,7738c55f945d0df2535c994a,M11,2,21.31,18.5904851883,30
263,7738c55f945d0df2535c994a,M12,2,30.31,24.9639528913,45
263,7738c55f945d0df2535c994a,M13,2,31.47,24.7899571136,60
263,7738c55f945d0df2535c994a,M14,2,28.16,22.515056355,60
263,7738c55f945d0df2535c994a,M15,2,31.47,24.9264673199,60
263,7738c55f945d0df2535c994a,M16,2,60.42,53.206965619,100
263,7738c55f945d0df2535c994a,M17,2,8.04,7.07448216739,14
263,7738c55f945d0df2535c994a,M18,2,11.25,9.35459497114,21
263,7738c55f945d0df2535c994a,M19,2,10.2,7.58906782684,21
263,7738c55f945d0df2535c994a,M20,2,12.35,10.2161676768,20
263,7738c55f945d0df2535c994a,M21,2,9.41,7.48750723954,21
263,7738c55f945d0df2535c994a,M22,2,24.26,17.5108338745,45
263,7738c55f945d0df2535c994a,M23,2,20.99,15.4016644299,45
263,7738c55f945d0df2535c994a,M24,2,24.63,17.6399289811,45
263,7738c55f945d0df2535c994a,M25,2,14.9,13.1919136349,20
263,7738c55f945d0df2535c994a,M26,2,13.69,12.5142175137,20
263,7738c55f945d0df2535c994a,M27,2,18.21,15.6038602713,30
263,7738c55f945d0df2535c994a,M28,2,16.41,14.1989457279,30
263,7738c55f945d0df2535c994a,M29,2,17.95,15.5796662525,30
263,7738c55f945d0df2535c994a,M30,2,11.48,9.32801013853,21
264,ad56a84d141e631b2b1c6a48,M01,2,8.09,9.01733905339,10
264,ad56a84d141e631b2b1c6a48,M02,2,13.33,12.4616767215,15
264,ad56a84d141e631b2b1c6a48,M03,2,15.84,14.5221401275,21
264,ad56a84d141e631b2b1c6a48,M04,2,14.78,13.8576088884,21
264,ad56a84d141e631b2b1c6a48,M05,2,15.11,13.9567538307,21
264,ad56a84d141e631b2b1c6a48,M06,2,19.66,17.3222092713,21
264,ad56a84d141e631b2b1c6a48,M07,2,22.51,20.5958514143,30
264,ad56a84d141e631b2b1c6a48,M08,2,26.43,24.5663652766,30
264,ad56a84d141e631b2b1c6a48,M09,2,24.93,23.6548244116,30
264,ad56a84d141e631b2b1c6a48,M10,2,28.2,25.6057804517,30
264,ad56a84d141e631b2b1c6a48,M11,2,27.17,25.3735870693,30
264,ad56a84d141e631b2b1c6a48,M12,2,39.53,37.6632393009,45
264,ad56a84d141e631b2b1c6a48,M13,2,43.12,38.844350381,60
264,ad56a84d141e631b2b1c6a48,M14,2,40.61,37.4290541768,60
264,ad56a84d141e631b2b1c6a48,M15,2,42.69,38.9731795584,60
264,ad56a84d141e631b2b1c6a48,M16,2,72.91,67.8474843968,100
264,ad56a84d141e631b2b1c6a48,M17,2,10.4,9.30546480808,14
264,ad56a84d141e631b2b1c6a48,M18,2,14.92,13.7981471833,21
264,ad56a84d141e631b2b1c6a48,M19,2,13.21,14.022861077,21
264,ad56a84d141e631b2b1c6a48,M20,2,15.52,15.524089,20
264,ad56a84d141e631b2b1c6a48,M21,2,15.12,13.2508407128,21
264,ad56a84d141e631b2b1c6a48,M22,2,34.15,33.5096366075,45
264,ad56a84d141e631b2b1c6a48,M23,2,37.84,32.6354388918,45
264,ad56a84d141e631b2b1c6a48,M24,2,33.69,33.3944469538,45
264,ad56a84d141e631b2b1c6a48,M25,2,19.47,17.0447144113,20
264,ad56a84d141e631b2b1c6a48,M26,2,17.32,16.0059586535,20
264,ad56a84d141e631b2b1c6a48,M27,2,24.7,22.5260940024,30
264,ad56a84d141e631b2b1c6a48,M28,2,22.54,21.7021269476,30
264,ad56a84d141e631b2b1c6a48,M29,2,24.02,22.4548472232,30
264,ad56a84d141e631b2b1c6a48,M30,2,15.99,14.5405441434,21
265,04831b0ea0bfee04fcc4eb27,M01,4,8.11,7.53120995815,10
265,04831b0ea0bfee04fcc4eb27,M02,4,10.82,10.2591098214,15
265,04831b0ea0bfee04fcc4eb27,M03,4,12.44,10.8438114819,21
265,04831b0ea0bfee04fcc4eb27,M04,4,11.38,10.514861659,21
265,04831b0ea0bfee04fcc4eb27,M05,4,11.56,10.5274016175,21
265,04831b0ea0bfee04fcc4eb27,M06,4,15.18,13.7378998384,21
265,04831b0ea0bfee04fcc4eb27,M07,4,17.43,15.6818453925,30
265,04831b0ea0bfee04fcc4eb27,M08,4,21.7,20.2883309367,30
265,04831b0ea0bfee04fcc4eb27,M09,4,20.24,19.3966617304,30
265,04831b0ea0bfee04fcc4eb27,M10,4,23.18,21.1025091301,30
265,04831b0ea0bfee04fcc4eb27,M11,4,22.35,20.7855295904,30
265,04831b0ea0bfee04fcc4eb27,M12,4,31.79,29.5610236337,45
265,04831b0ea0bfee04fcc4eb27,M13,4,33.13,29.6995070299,60
265,04831b0ea0bfee04fcc4eb27,M14,4,29.92,27.6957745246,60
265,04831b0ea0bfee04fcc4eb27,M15,4,33.57,29.8208502686,60
265,04831b0ea0bfee04fcc4eb27,M16,4,62.16,55.5553615051,100
265,04831b0ea0bfee04fcc4eb27,M17,4,8.32,7.62722060606,14
265,04831b0ea0bfee04fcc4eb27,M18,4,11.82,10.5877735444,21
265,04831b0ea0bfee04fcc4eb27,M19,4,10.24,9.14159585792,21
265,04831b0ea0bfee04fcc4eb27,M20,4,12.29,11.1266068105,20
265,04831b0ea0bfee04fcc4eb27,M21,4,9.41,8.96514637907,21
265,04831b0ea0bfee04fcc4eb27,M22,4,23.94,22.5937959019,45
265,04831b0ea0bfee04fcc4eb27,M23,4,20.66,20.3573595628,45
265,04831b0ea0bfee04fcc4eb27,M24,4,24.56,22.9655185584,45
265,04831b0ea0bfee04fcc4eb27,M25,4,15.57,14.1802847749,20
265,04831b0ea0bfee04fcc4eb27,M26,4,14.34,13.3116039181,20
265,04831b0ea0bfee04fcc4eb27,M27,4,19.54,17.7455757893,30
265,04831b0ea0bfee04fcc4eb27,M28,4,17.74,16.0296644026,30
265,04831b0ea0bfee04fcc4eb27,M29,4,19.48,17.7496522323,30
265,04831b0ea0bfee04fcc4eb27,M30,4,12.47,10.8187957834,21
266,09fdfb57668810ac2e3b712f,M01,0,7.24,6.49004021501,10
266,09fdfb57668810ac2e3b712f,M02,0,9.58,8.65657864502,15
266,09fdfb57668810ac2e3b712f,M03,0,9.89,8.58151799345,21
266,09fdfb57668810ac2e3b712f,M04,0,8.99,8.24603228205,21
266,09fdfb57668810ac2e3b712f,M05,0,9,8.18235847142,21
266,09fdfb57668810ac2e3b712f,M06,0,12.51,10.8853352828,21
266,09fdfb57668810ac2e3b712f,M07,0,13.54,11.7834703296,30
266,09fdfb57668810ac2e3b712f,M08,0,17.96,15.244972884,30
266,09fdfb57668810ac2e3b712f,M09,0,16.71,14.7832541938,30
266,09fdfb57668810ac2e3b712f,M10,0,19.52,15.7488148667,30
266,09fdfb57668810ac2e3b712f,M11,0,18.55,15.4820183338,30
266,09fdfb57668810ac2e3b712f,M12,0,25.5,20.9092133338,45
266,09fdfb57668810ac2e3b712f,M13,0,25.67,20.4609160957,60
266,09fdfb57668810ac2e3b712f,M14,0,22.1,19.5371062193,60
266,09fdfb57668810ac2e3b712f,M15,0,25.31,20.8636401909,60
266,09fdfb57668810ac2e3b712f,M16,0,53.93,46.2448620649,100
266,09fdfb57668810ac2e3b712f,M17,0,6.99,6.16817951182,14
266,09fdfb57668810ac2e3b712f,M18,0,9.61,8.35211869808,21
266,09fdfb57668810ac2e3b712f,M19,0,7.04,6.44921804584,21
266,09fdfb57668810ac2e3b712f,M20,0,9.37,8.92195938961,20
266,09fdfb57668810ac2e3b712f,M21,0,6.6,6.36413055378,21
266,09fdfb57668810ac2e3b712f,M22,0,15.31,13.9730074838,45
266,09fdfb57668810ac2e3b712f,M23,0,13.01,12.8766843746,45
266,09fdfb57668810ac2e3b712f,M24,0,15.3,13.8911336878,45
266,09fdfb57668810ac2e3b712f,M25,0,14.06,12.5509450908,20
266,09fdfb57668810ac2e3b712f,M26,0,12.74,11.8973959306,20
266,09fdfb57668810ac2e3b712f,M27,0,16.38,14.2209992595,30
266,09fdfb57668810ac2e3b712f,M28,0,14.36,12.970373379,30
266,09fdfb57668810ac2e3b712f,M29,0,16.03,14.1460096549,30
266,09fdfb57668810ac2e3b712f,M30,0,9.92,8.65645463892,21
267,d520bf8d91251ecd00cc4b41,M01,4,4.93,6.13426299245,10
267,d520bf8d91251ecd00cc4b41,M02,4,6.42,7.06982686436,15
267,d520bf8d91251ecd00cc4b41,M03,4,5.54,6.72144000688,21
267,d520bf8d91251ecd00cc4b41,M04,4,5.21,6.50391943834,21
267,d520bf8d91251ecd00cc4b41,M05,4,5.12,6.29895430125,21
267,d520bf8d91251ecd00cc4b41,M06,4,7,8.50257230536,21
267,d520bf8d91251ecd00cc4b41,M07,4,7.02,8.85163560262,30
267,d520bf8d91251ecd00cc4b41,M08,4,9.23,12.9391241948,30
267,d520bf8d91251ecd00cc4b41,M09,4,7.93,12.3458021068,30
267,d520bf8d91251ecd00cc4b41,M10,4,10.74,13.3792676869,30
267,d520bf8d91251ecd00cc4b41,M11,4,9.74,12.9168311342,30
267,d520bf8d91251ecd00cc4b41,M12,4,11.11,14.9544315459,45
267,d520bf8d91251ecd00cc4b41,M13,4,11.08,14.8057861563,60
267,d520bf8d91251ecd00cc4b41,M14,4,11.32,14.5549559878,60
267,d520bf8d91251ecd00cc4b41,M15,4,8.72,14.6797001159,60
267,d520bf8d91251ecd00cc4b41,M16,4,20.42,30.0657490566,100
267,d520bf8d91251ecd00cc4b41,M17,4,3.43,4.75497891486,14
267,d520bf8d91251ecd00cc4b41,M18,4,5.49,6.586544447,21
267,d520bf8d91251ecd00cc4b41,M19,4,4.77,5.48463245599,21
267,d520bf8d91251ecd00cc4b41,M20,4,5.92,7.65897923354,20
267,d520bf8d91251ecd00cc4b41,M21,4,4.74,5.5113867417,21
267,d520bf8d91251ecd00cc4b41,M22,4,8.65,10.6941177105,45
267,d520bf8d91251ecd00cc4b41,M23,4,7.38,9.95517953347,45
267,d520bf8d91251ecd00cc4b41,M24,4,8.43,10.7390586747,45
267,d520bf8d91251ecd00cc4b41,M25,4,10.08,10.2153674704,20
267,d520bf8d91251ecd00cc4b41,M26,4,8.43,9.68885054612,20
267,d520bf8d91251ecd00cc4b41,M27,4,9.5,10.8262133911,30
267,d520bf8d91251ecd00cc4b41,M28,4,8.02,10.0824204558,30
267,d520bf8d91251ecd00cc4b41,M29,4,9.65,10.8222236684,30
267,d520bf8d91251ecd00cc4b41,M30,4,5.89,6.66737568942,21
268,d69eda8667f021413c4a9f83,M01,2,5.91,5.00700673149,10
268,d69eda8667f021413c4a9f83,M02,2,7.8,6.38578436075,15
268,d69eda8667f021413c4a9f83,M03,2,7.08,5.61096607126,21
268,d69eda8667f021413c4a9f83,M04,2,6.43,5.29646078666,21
268,d69eda8667f021413c4a9f83,M05,2,6.27,5.1301910737,21
268,d69eda8667f021413c4a9f83,M06,2,8.7,7.23207909446,21
268,d69eda8667f021413c4a9f83,M07,2,9.1,7.23637154401,30
268,d69eda8667f021413c4a9f83,M08,2,12.69,9.52981527273,30
268,d69eda8667f021413c4a9f83,M09,2,11.61,8.46959731313,30
268,d69eda8667f021413c4a9f83,M10,2,14.43,10.4179282744,30
268,d69eda8667f021413c4a9f83,M11,2,13.51,9.70639232057,30
268,d69eda8667f021413c4a9f83,M12,2,16.32,11.2973399928,45
268,d69eda8667f021413c4a9f83,M13,2,15.65,11.2279427299,60
268,d69eda8667f021413c4a9f83,M14,2,15.74,10.2358220488,60
268,d69eda8667f021413c4a9f83,M15,2,12.9,10.9957437574,60
268,d69eda8667f021413c4a9f83,M16,2,34.55,25.5810427431,100
268,d69eda8667f021413c4a9f83,M17,2,5.2,3.63190474303,14
268,d69eda8667f021413c4a9f83,M18,2,7.21,5.50164718282,21
268,d69eda8667f021413c4a9f83,M19,2,5.13,4.80175726551,21
268,d69eda8667f021413c4a9f83,M20,2,6.96,6.38209728694,20
268,d69eda8667f021413c4a9f83,M21,2,5.11,4.78239218038,21
268,d69eda8667f021413c4a9f83,M22,2,10.41,8.79356640404,45
268,d69eda8667f021413c4a9f83,M23,2,9.27,7.67362649928,45
268,d69eda8667f021413c4a9f83,M24,2,10.34,8.60896099278,45
268,d69eda8667f021413c4a9f83,M25,2,11.54,9.29197902398,20
268,d69eda8667f021413c4a9f83,M26,2,10.06,8.40217022311,20
268,d69eda8667f021413c4a9f83,M27,2,11.62,9.25043320491,30
268,d69eda8667f021413c4a9f83,M28,2,9.91,7.91960486436,30
268,d69eda8667f021413c4a9f83,M29,2,11.77,9.10088647186,30
268,d69eda8667f021413c4a9f83,M30,2,6.83,5.64598977922,21
270,b8c82d904caebcfae94507d9,M01,2,6.99,7.2415250605,10
270,b8c82d904caebcfae94507d9,M02,2,9.81,9.8843192583,15
270,b8c82d904caebcfae94507d9,M03,2,10.49,10.1617814315,21
270,b8c82d904caebcfae94507d9,M04,2,9.85,9.89078773737,21
270,b8c82d904caebcfae94507d9,M05,2,9.69,9.88782337374,21
270,b8c82d904caebcfae94507d9,M06,2,12.46,12.8017630707,21
270,b8c82d904caebcfae94507d9,M07,2,14.58,14.6164476248,30
270,b8c82d904caebcfae94507d9,M08,2,18.92,19.2615780693,30
270,b8c82d904caebcfae94507d9,M09,2,18.05,18.2958571461,30
270,b8c82d904caebcfae94507d9,M10,2,20.37,20.0346788038,30
270,b8c82d904caebcfae94507d9,M11,2,19.62,19.6025668571,30
270,b8c82d904caebcfae94507d9,M12,2,27.34,27.2613656864,45
270,b8c82d904caebcfae94507d9,M13,2,26.18,26.6657768262,60
270,b8c82d904caebcfae94507d9,M14,2,23.28,23.6189259729,60
270,b8c82d904caebcfae94507d9,M15,2,27.59,27.4113291748,60
270,b8c82d904caebcfae94507d9,M16,2,54.65,54.3849920794,100
270,b8c82d904caebcfae94507d9,M17,2,7.41,7.36618587579,14
270,b8c82d904caebcfae94507d9,M18,2,10.19,10.0407037186,21
270,b8c82d904caebcfae94507d9,M19,2,8.25,7.87287006638,21
270,b8c82d904caebcfae94507d9,M20,2,11.78,11.1784993247,20
270,b8c82d904caebcfae94507d9,M21,2,8.63,7.8931257709,21
270,b8c82d904caebcfae94507d9,M22,2,21.16,19.347078711,45
270,b8c82d904caebcfae94507d9,M23,2,16.86,16.4016773925,45
270,b8c82d904caebcfae94507d9,M24,2,28.22,21.3712268538,45
270,b8c82d904caebcfae94507d9,M25,2,13.78,13.6041632294,20
270,b8c82d904caebcfae94507d9,M26,2,12.66,12.9249464424,20
270,b8c82d904caebcfae94507d9,M27,2,16.15,16.439833743,30
270,b8c82d904caebcfae94507d9,M28,2,14.48,14.7796078629,30
270,b8c82d904caebcfae94507d9,M29,2,16.69,16.5391387769,30
270,b8c82d904caebcfae94507d9,M30,2,10.07,10.1095486157,21
271,648bc1f8679a9275b66f6275,M01,1,9.42,8.89686180952,10
271,648bc1f8679a9275b66f6275,M02,1,11.84,12.609744899,15
271,648bc1f8679a9275b66f6275,M03,1,14.36,14.6458906118,21
271,648bc1f8679a9275b66f6275,M04,1,13.43,13.8603433122,21
271,648bc1f8679a9275b66f6275,M05,1,13.68,13.9885707298,21
271,648bc1f8679a9275b66f6275,M06,1,17.4,17.6574621038,21
271,648bc1f8679a9275b66f6275,M07,1,20.41,21.220735264,30
271,648bc1f8679a9275b66f6275,M08,1,24.36,24.8193364185,30
271,648bc1f8679a9275b66f6275,M09,1,23.11,23.819950922,30
271,648bc1f8679a9275b66f6275,M10,1,25.85,26.0193918778,30
271,648bc1f8679a9275b66f6275,M11,1,25.02,25.7722366512,30
271,648bc1f8679a9275b66f6275,M12,1,36.46,37.9030837519,45
271,648bc1f8679a9275b66f6275,M13,1,39.26,39.5384664145,60
271,648bc1f8679a9275b66f6275,M14,1,36.62,37.9829887579,60
271,648bc1f8679a9275b66f6275,M15,1,38.98,39.6386940162,60
271,648bc1f8679a9275b66f6275,M16,1,68.84,69.37171574,100
271,648bc1f8679a9275b66f6275,M17,1,9.5,9.53064647009,14
271,648bc1f8679a9275b66f6275,M18,1,13.65,13.8620821231,21
271,648bc1f8679a9275b66f6275,M19,1,14.35,14.1347497201,21
271,648bc1f8679a9275b66f6275,M20,1,15.84,15.3372483112,20
271,648bc1f8679a9275b66f6275,M21,1,13.14,13.2205999452,21
271,648bc1f8679a9275b66f6275,M22,1,35.49,32.2570560254,45
271,648bc1f8679a9275b66f6275,M23,1,32.24,31.3045259971,45
271,648bc1f8679a9275b66f6275,M24,1,35.27,32.3631919706,45
271,648bc1f8679a9275b66f6275,M25,1,17.1,17.2047465309,20
271,648bc1f8679a9275b66f6275,M26,1,15.71,16.3424523511,20
271,648bc1f8679a9275b66f6275,M27,1,22.14,22.4956267286,30
271,648bc1f8679a9275b66f6275,M28,1,20.47,21.4136960028,30
271,648bc1f8679a9275b66f6275,M29,1,21.66,22.3557723952,30
271,648bc1f8679a9275b66f6275,M30,1,14.43,14.7064754661,21
272,7fb8af142894de9d555b9983,M01,3,8.17,7.91985570485,10
272,7fb8af142894de9d555b9983,M02,3,10.83,10.3442268085,15
272,7fb8af142894de9d555b9983,M03,3,12.52,11.4713274982,21
272,7fb8af142894de9d555b9983,M04,3,11.56,10.9043324075,21
272,7fb8af142894de9d555b9983,M05,3,11.72,10.9358112935,21
272,7fb8af142894de9d555b9983,M06,3,15.25,14.6003490332,21
272,7fb8af142894de9d555b9983,M07,3,17.58,16.5577622684,30
272,7fb8af142894de9d555b9983,M08,3,21.82,20.6779828052,30
272,7fb8af142894de9d555b9983,M09,3,20.51,19.6242759455,30
272,7fb8af142894de9d555b9983,M10,3,23.27,21.6195209944,30
272,7fb8af142894de9d555b9983,M11,3,22.47,21.27573457,30
272,7fb8af142894de9d555b9983,M12,3,32.08,30.1023437935,45
272,7fb8af142894de9d555b9983,M13,3,33.65,30.4439317329,60
272,7fb8af142894de9d555b9983,M14,3,30.61,28.2055052896,60
272,7fb8af142894de9d555b9983,M15,3,33.67,30.599398479,60
272,7fb8af142894de9d555b9983,M16,3,62.76,59.7310392158,100
272,7fb8af142894de9d555b9983,M17,3,8.45,8.09495537951,14
272,7fb8af142894de9d555b9983,M18,3,11.97,11.0249321168,21
272,7fb8af142894de9d555b9983,M19,3,11.46,9.5416698587,21
272,7fb8af142894de9d555b9983,M20,3,13.4,12.0936127821,20
272,7fb8af142894de9d555b9983,M21,3,10.61,9.36019213031,21
272,7fb8af142894de9d555b9983,M22,3,27.86,22.9703152395,45
272,7fb8af142894de9d555b9983,M23,3,24.49,20.72409514,45
272,7fb8af142894de9d555b9983,M24,3,27.95,23.5291183489,45
272,7fb8af142894de9d555b9983,M25,3,15.64,14.9713250635,20
272,7fb8af142894de9d555b9983,M26,3,14.39,14.1020108456,20
272,7fb8af142894de9d555b9983,M27,3,19.65,18.6082611553,30
272,7fb8af142894de9d555b9983,M28,3,17.94,17.1402110447,30
272,7fb8af142894de9d555b9983,M29,3,19.51,18.629000938,30
272,7fb8af142894de9d555b9983,M30,3,12.55,11.4763142918,21
273,ca6cb56c983e5492cd15a656,M01,3,7.69,7.76283692285,10
273,ca6cb56c983e5492cd15a656,M02,3,10.28,10.4186143564,15
273,ca6cb56c983e5492cd15a656,M03,3,11.4,11.3303644488,21
273,ca6cb56c983e5492cd15a656,M04,3,10.48,10.8982260115,21
273,ca6cb56c983e5492cd15a656,M05,3,10.37,10.9191519048,21
273,ca6cb56c983e5492cd15a656,M06,3,14.07,14.1083790245,21
273,ca6cb56c983e5492cd15a656,M07,3,15.91,16.2156235793,30
273,ca6cb56c983e5492cd15a656,M08,3,20.26,20.6018004695,30
273,ca6cb56c983e5492cd15a656,M09,3,19,19.622651516,30
273,ca6cb56c983e5492cd15a656,M10,3,21.71,21.6062922954,30
273,ca6cb56c983e5492cd15a656,M11,3,20.55,21.3150980383,30
273,ca6cb56c983e5492cd15a656,M12,3,29.5,30.3357594438,45
273,ca6cb56c983e5492cd15a656,M13,3,30.39,30.6278863918,60
273,ca6cb56c983e5492cd15a656,M14,3,27.26,28.1150086753,60
273,ca6cb56c983e5492cd15a656,M15,3,30.41,30.7128978521,60
273,ca6cb56c983e5492cd15a656,M16,3,59.23,58.519785862,100
273,ca6cb56c983e5492cd15a656,M17,3,7.9,7.9364436559,14
273,ca6cb56c983e5492cd15a656,M18,3,11.09,11.0132405512,21
273,ca6cb56c983e5492cd15a656,M19,3,8.96,9.31801798557,21
273,ca6cb56c983e5492cd15a656,M20,3,11.38,11.5799068225,20
273,ca6cb56c983e5492cd15a656,M21,3,8.54,9.16235244378,21
273,ca6cb56c983e5492cd15a656,M22,3,21.21,22.605281021,45
273,ca6cb56c983e5492cd15a656,M23,3,18.37,20.2878815118,45
273,ca6cb56c983e5492cd15a656,M24,3,21.66,23.0122613373,45
273,ca6cb56c983e5492cd15a656,M25,3,13.93,14.5303597042,20
273,ca6cb56c983e5492cd15a656,M26,3,12.72,13.6717601472,20
273,ca6cb56c983e5492cd15a656,M27,3,16.27,18.0934299161,30
273,ca6cb56c983e5492cd15a656,M28,3,14.47,16.5320056854,30
273,ca6cb56c983e5492cd15a656,M29,3,16.5,18.0503409954,30
273,ca6cb56c983e5492cd15a656,M30,3,10.02,11.3226988297,21
274,9b385e5777f6b270736964d8,M01,4,5,6.05067084959,10
274,9b385e5777f6b270736964d8,M02,4,6.55,7.0207441776,15
274,9b385e5777f6b270736964d8,M03,4,5.62,6.64308681796,21
274,9b385e5777f6b270736964d8,M04,4,5.27,6.38034015118,21
274,9b385e5777f6b270736964d8,M05,4,5.18,6.21396050183,21
274,9b385e5777f6b270736964d8,M06,4,7.1,8.37954791597,21
274,9b385e5777f6b270736964d8,M07,4,7.18,8.7264219213,30
274,9b385e5777f6b270736964d8,M08,4,9.43,12.8198808528,30
274,9b385e5777f6b270736964d8,M09,4,8.17,12.2688046782,30
274,9b385e5777f6b270736964d8,M10,4,11.08,13.2621204401,30
274,9b385e5777f6b270736964d8,M11,4,10.07,12.8009535628,30
274,9b385e5777f6b270736964d8,M12,4,11.55,14.5029869341,45
274,9b385e5777f6b270736964d8,M13,4,11.47,14.3428719023,60
274,9b385e5777f6b270736964d8,M14,4,8.92,14.0825874481,60
274,9b385e5777f6b270736964d8,M15,4,11.8,14.2408214016,60
274,9b385e5777f6b270736964d8,M16,4,21.46,28.7496019744,100
274,9b385e5777f6b270736964d8,M17,4,3.49,4.68900633333,14
274,9b385e5777f6b270736964d8,M18,4,5.55,6.46245928538,21
274,9b385e5777f6b270736964d8,M19,4,4.7,5.50248688756,21
274,9b385e5777f6b270736964d8,M20,4,5.67,7.56412508225,20
274,9b385e5777f6b270736964d8,M21,4,4.62,5.48082704185,21
274,9b385e5777f6b270736964d8,M22,4,8.18,10.6140062098,45
274,9b385e5777f6b270736964d8,M23,4,6.95,9.90409339782,45
274,9b385e5777f6b270736964d8,M24,4,8.01,10.6698717454,45
274,9b385e5777f6b270736964d8,M25,4,9.85,10.3058465088,20
274,9b385e5777f6b270736964d8,M26,4,8.23,9.8451643068,20
274,9b385e5777f6b270736964d8,M27,4,9.35,10.8489033832,30
274,9b385e5777f6b270736964d8,M28,4,7.95,10.1301297256,30
274,9b385e5777f6b270736964d8,M29,4,9.46,10.8282343271,30
274,9b385e5777f6b270736964d8,M30,4,5.59,6.64703199256,21
275,a3cc9e6104a657c18f86b132,M01,0,6.95,7.63263433333,10
275,a3cc9e6104a657c18f86b132,M02,0,9.83,10.3083696025,15
275,a3cc9e6104a657c18f86b132,M03,0,10.29,11.285011153,21
275,a3cc9e6104a657c18f86b132,M04,0,9.75,10.8753274791,21
275,a3cc9e6104a657c18f86b132,M05,0,9.82,10.89868643,21
275,a3cc9e6104a657c18f86b132,M06,0,12.38,14.0880072958,21
275,a3cc9e6104a657c18f86b132,M07,0,14.46,15.6358528456,30
275,a3cc9e6104a657c18f86b132,M08,0,18.76,20.1743495173,30
275,a3cc9e6104a657c18f86b132,M09,0,17.87,19.0105864257,30
275,a3cc9e6104a657c18f86b132,M10,0,20.01,21.0941480289,30
275,a3cc9e6104a657c18f86b132,M11,0,19.45,20.7476294727,30
275,a3cc9e6104a657c18f86b132,M12,0,27.14,28.6032223802,45
275,a3cc9e6104a657c18f86b132,M13,0,25.8,28.6427095173,60
275,a3cc9e6104a657c18f86b132,M14,0,22.84,25.679512641,60
275,a3cc9e6104a657c18f86b132,M15,0,27.24,29.0556019256,60
275,a3cc9e6104a657c18f86b132,M16,0,54.19,54.1266384746,100
275,a3cc9e6104a657c18f86b132,M17,0,7.27,7.77505267244,14
275,a3cc9e6104a657c18f86b132,M18,0,9.96,11.0139989062,21
275,a3cc9e6104a657c18f86b132,M19,0,8.16,9.31022896614,21
275,a3cc9e6104a657c18f86b132,M20,0,11.73,11.4047836069,20
275,a3cc9e6104a657c18f86b132,M21,0,8.59,9.00136551227,21
275,a3cc9e6104a657c18f86b132,M22,0,21.07,21.7201308658,45
275,a3cc9e6104a657c18f86b132,M23,0,16.71,18.3029644199,45
275,a3cc9e6104a657c18f86b132,M24,0,28.11,23.0693796291,45
275,a3cc9e6104a657c18f86b132,M25,0,13.72,14.5772094892,20
275,a3cc9e6104a657c18f86b132,M26,0,12.59,13.6230692826,20
275,a3cc9e6104a657c18f86b132,M27,0,15.97,17.7023612695,30
275,a3cc9e6104a657c18f86b132,M28,0,14.32,16.0989975382,30
275,a3cc9e6104a657c18f86b132,M29,0,16.45,17.8021097356,30
275,a3cc9e6104a657c18f86b132,M30,0,9.88,11.2890551861,21
277,1d0a43c80b2575e810c29b2d,M01,0,7.03,6.61311877056,10
277,1d0a43c80b2575e810c29b2d,M02,0,9.38,8.73254405051,15
277,1d0a43c80b2575e810c29b2d,M03,0,9.55,8.68277665657,21
277,1d0a43c80b2575e810c29b2d,M04,0,8.81,8.11351269075,21
277,1d0a43c80b2575e810c29b2d,M05,0,8.87,8.08486067488,21
277,1d0a43c80b2575e810c29b2d,M06,0,12.07,10.7113655384,21
277,1d0a43c80b2575e810c29b2d,M07,0,13.04,11.3673006023,30
277,1d0a43c80b2575e810c29b2d,M08,0,17.44,16.0382697706,30
277,1d0a43c80b2575e810c29b2d,M09,0,16.41,15.5510857136,30
277,1d0a43c80b2575e810c29b2d,M10,0,19.03,16.9554561053,30
277,1d0a43c80b2575e810c29b2d,M11,0,18.31,16.6937071306,30
277,1d0a43c80b2575e810c29b2d,M12,0,24.67,21.6159009488,45
277,1d0a43c80b2575e810c29b2d,M13,0,24.67,21.1883039503,60
277,1d0a43c80b2575e810c29b2d,M14,0,21.24,19.7996136977,60
277,1d0a43c80b2575e810c29b2d,M15,0,24.48,21.3897544885,60
277,1d0a43c80b2575e810c29b2d,M16,0,52.79,46.2928600794,100
277,1d0a43c80b2575e810c29b2d,M17,0,6.93,6.24911559607,14
277,1d0a43c80b2575e810c29b2d,M18,0,9.43,8.3200513986,21
277,1d0a43c80b2575e810c29b2d,M19,0,7.55,5.9051317013,21
277,1d0a43c80b2575e810c29b2d,M20,0,9.93,8.3305821867,20
277,1d0a43c80b2575e810c29b2d,M21,0,7.23,5.83639501732,21
277,1d0a43c80b2575e810c29b2d,M22,0,16.88,12.3940365604,45
277,1d0a43c80b2575e810c29b2d,M23,0,14.29,11.7917255397,45
277,1d0a43c80b2575e810c29b2d,M24,0,17.19,12.3495956239,45
277,1d0a43c80b2575e810c29b2d,M25,0,13.81,13.2537607748,20
277,1d0a43c80b2575e810c29b2d,M26,0,12.51,12.2685055782,20
277,1d0a43c80b2575e810c29b2d,M27,0,15.86,15.0548693168,30
277,1d0a43c80b2575e810c29b2d,M28,0,13.91,13.7838794295,30
277,1d0a43c80b2575e810c29b2d,M29,0,15.68,14.9013717468,30
277,1d0a43c80b2575e810c29b2d,M30,0,9.58,9.05451273105,21
278,7379aff9cd07b6083d7fa843,M01,0,9.48,8.82923991631,10
278,7379aff9cd07b6083d7fa843,M02,0,12.01,11.9419467495,15
278,7379aff9cd07b6083d7fa843,M03,0,14.6,13.9029871896,21
278,7379aff9cd07b6083d7fa843,M04,0,13.58,13.3256206931,21
278,7379aff9cd07b6083d7fa843,M05,0,13.91,13.4279444102,21
278,7379aff9cd07b6083d7fa843,M06,0,17.48,16.6903659644,21
278,7379aff9cd07b6083d7fa843,M07,0,20.77,19.6836915178,30
278,7379aff9cd07b6083d7fa843,M08,0,24.71,23.8786637162,30
278,7379aff9cd07b6083d7fa843,M09,0,23.32,22.8173732828,30
278,7379aff9cd07b6083d7fa843,M10,0,26.17,24.9461285902,30
278,7379aff9cd07b6083d7fa843,M11,0,25.37,24.8151201429,30
278,7379aff9cd07b6083d7fa843,M12,0,37.02,36.2828008645,45
278,7379aff9cd07b6083d7fa843,M13,0,39.55,36.9484340919,60
278,7379aff9cd07b6083d7fa843,M14,0,37.02,35.9449278958,60
278,7379aff9cd07b6083d7fa843,M15,0,39.81,37.1483904633,60
278,7379aff9cd07b6083d7fa843,M16,0,69.16,66.8460216926,100
278,7379aff9cd07b6083d7fa843,M17,0,9.58,9.15367002453,14
278,7379aff9cd07b6083d7fa843,M18,0,13.81,13.2617275314,21
278,7379aff9cd07b6083d7fa843,M19,0,15.17,12.7118550799,21
278,7379aff9cd07b6083d7fa843,M25,0,17.16,16.503275823,20
278,7379aff9cd07b6083d7fa843,M26,0,15.83,15.6576099284,20
278,7379aff9cd07b6083d7fa843,M27,0,22.25,21.1856244,30
278,7379aff9cd07b6083d7fa843,M28,0,20.64,20.0682653199,30
278,7379aff9cd07b6083d7fa843,M29,0,22.01,21.089282439,30
278,7379aff9cd07b6083d7fa843,M30,0,14.65,13.9536251896,21
280,bed4536832eee8371b3e89bd,M01,0,7.02,7.18372345699,10
280,bed4536832eee8371b3e89bd,M02,0,9.87,9.94722996204,15
280,bed4536832eee8371b3e89bd,M03,0,10.86,10.0799202073,21
280,bed4536832eee8371b3e89bd,M04,0,9.91,9.74467924675,21
280,bed4536832eee8371b3e89bd,M05,0,9.62,9.68973484704,21
280,bed4536832eee8371b3e89bd,M06,0,13.49,12.950465028,21
280,bed4536832eee8371b3e89bd,M07,0,14.35,14.2501861785,30
280,bed4536832eee8371b3e89bd,M08,0,19.01,18.6505449452,30
280,bed4536832eee8371b3e89bd,M09,0,17.88,17.6797836797,30
280,bed4536832eee8371b3e89bd,M10,0,20.96,19.3661747994,30
280,bed4536832eee8371b3e89bd,M11,0,19.7,18.8927174387,30
280,bed4536832eee8371b3e89bd,M12,0,26.94,26.2022659146,45
280,bed4536832eee8371b3e89bd,M13,0,25.8,25.9960861527,60
280,bed4536832eee8371b3e89bd,M14,0,23.22,23.4712520195,60
280,bed4536832eee8371b3e89bd,M15,0,26.77,26.2208093798,60
280,bed4536832eee8371b3e89bd,M16,0,54.17,54.2502084779,100
280,bed4536832eee8371b3e89bd,M17,0,7.16,7.20666986969,14
280,bed4536832eee8371b3e89bd,M18,0,10.13,9.88427865945,21
280,bed4536832eee8371b3e89bd,M19,0,7.68,7.68833774525,21
280,bed4536832eee8371b3e89bd,M20,0,8.44,10.2011005007,20
280,bed4536832eee8371b3e89bd,M21,0,6.94,7.64403243434,21
280,bed4536832eee8371b3e89bd,M22,0,14.79,18.0297071501,45
280,bed4536832eee8371b3e89bd,M23,0,14.22,16.10665286,45
280,bed4536832eee8371b3e89bd,M24,0,14.63,18.8111200837,45
280,bed4536832eee8371b3e89bd,M25,0,14.36,13.6945223665,20
280,bed4536832eee8371b3e89bd,M26,0,13.21,12.993620179,20
280,bed4536832eee8371b3e89bd,M27,0,17.15,16.21364454,30
280,bed4536832eee8371b3e89bd,M28,0,15.33,14.8766298059,30
280,bed4536832eee8371b3e89bd,M29,0,17.09,16.3445083651,30
280,bed4536832eee8371b3e89bd,M30,0,10.85,10.0890994267,21
281,bbda52a9d99ca097c7cfd477,M01,3,6.65,6.86409030958,10
281,bbda52a9d99ca097c7cfd477,M02,3,8.79,8.07237205339,15
281,bbda52a9d99ca097c7cfd477,M03,3,8.5,7.90005122289,21
281,bbda52a9d99ca097c7cfd477,M04,3,7.79,7.66542001654,21
281,bbda52a9d99ca097c7cfd477,M05,3,8.11,7.57234551593,21
281,bbda52a9d99ca097c7cfd477,M06,3,10.84,10.1769856277,21
281,bbda52a9d99ca097c7cfd477,M07,3,11.47,10.8684183333,30
281,bbda52a9d99ca097c7cfd477,M08,3,15.85,15.6352209489,30
281,bbda52a9d99ca097c7cfd477,M09,3,14.89,15.2097928912,30
281,bbda52a9d99ca097c7cfd477,M10,3,17.38,16.1492351755,30
281,bbda52a9d99ca097c7cfd477,M11,3,17.09,15.8735354987,30
281,bbda52a9d99ca097c7cfd477,M12,3,22.13,21.26232614,45
281,bbda52a9d99ca097c7cfd477,M13,3,21.52,20.875049886,60
281,bbda52a9d99ca097c7cfd477,M14,3,18.48,20.0190109726,60
281,bbda52a9d99ca097c7cfd477,M15,3,21.34,21.0815973622,60
281,bbda52a9d99ca097c7cfd477,M16,3,48.83,46.5684550678,100
281,bbda52a9d99ca097c7cfd477,M17,3,5.88,6.17155343212,14
281,bbda52a9d99ca097c7cfd477,M18,3,8,7.69960754901,21
281,bbda52a9d99ca097c7cfd477,M19,3,5.52,6.77876450139,21
281,bbda52a9d99ca097c7cfd477,M20,3,6.98,8.95676612632,20
281,bbda52a9d99ca097c7cfd477,M21,3,5.01,6.753596448,21
281,bbda52a9d99ca097c7cfd477,M22,3,10.44,14.1212295688,45
281,bbda52a9d99ca097c7cfd477,M23,3,9.6,13.248350428,45
281,bbda52a9d99ca097c7cfd477,M24,3,10.17,14.0823720637,45
281,bbda52a9d99ca097c7cfd477,M25,3,14.32,12.1918481919,20
281,bbda52a9d99ca097c7cfd477,M26,3,13.04,11.5121284892,20
281,bbda52a9d99ca097c7cfd477,M27,3,16.98,13.6522446588,30
281,bbda52a9d99ca097c7cfd477,M28,3,15.06,12.724471632,30
281,bbda52a9d99ca097c7cfd477,M29,3,16.73,13.5997060325,30
281,bbda52a9d99ca097c7cfd477,M30,3,10.45,7.9380750959,21
282,c18e77ce74b9a2e4ab1ae59d,M01,1,8.28,8.2954954228,10
282,c18e77ce74b9a2e4ab1ae59d,M02,1,11.06,11.6867529928,15
282,c18e77ce74b9a2e4ab1ae59d,M03,1,13.15,13.3551910866,21
282,c18e77ce74b9a2e4ab1ae59d,M04,1,12.3,12.8596181631,21
282,c18e77ce74b9a2e4ab1ae59d,M05,1,12.52,12.9318030736,21
282,c18e77ce74b9a2e4ab1ae59d,M06,1,15.77,15.9221064854,21
282,c18e77ce74b9a2e4ab1ae59d,M07,1,18.62,19.3991733992,30
282,c18e77ce74b9a2e4ab1ae59d,M08,1,22.73,22.1780603833,30
282,c18e77ce74b9a2e4ab1ae59d,M09,1,21.57,21.2696581957,30
282,c18e77ce74b9a2e4ab1ae59d,M10,1,24.08,23.1718023126,30
282,c18e77ce74b9a2e4ab1ae59d,M11,1,23.51,22.9321197642,30
282,c18e77ce74b9a2e4ab1ae59d,M12,1,33.77,34.8064838485,45
282,c18e77ce74b9a2e4ab1ae59d,M13,1,35.36,35.2814173867,60
282,c18e77ce74b9a2e4ab1ae59d,M14,1,32.72,34.1744853319,60
282,c18e77ce74b9a2e4ab1ae59d,M15,1,35.87,35.5525087359,60
282,c18e77ce74b9a2e4ab1ae59d,M16,1,64.63,63.9497025901,100
282,c18e77ce74b9a2e4ab1ae59d,M17,1,8.81,8.58467932695,14
282,c18e77ce74b9a2e4ab1ae59d,M18,1,12.65,12.7724040231,21
282,c18e77ce74b9a2e4ab1ae59d,M19,1,11.6,12.1513259971,21
282,c18e77ce74b9a2e4ab1ae59d,M20,1,13.43,13.1190719072,20
282,c18e77ce74b9a2e4ab1ae59d,M21,1,10.79,11.5487818514,21
282,c18e77ce74b9a2e4ab1ae59d,M22,1,27.87,24.3005787893,45
282,c18e77ce74b9a2e4ab1ae59d,M23,1,24.74,23.1253387186,45
282,c18e77ce74b9a2e4ab1ae59d,M24,1,28.52,24.4944982193,45
282,c18e77ce74b9a2e4ab1ae59d,M25,1,15.84,15.8227446672,20
282,c18e77ce74b9a2e4ab1ae59d,M26,1,14.73,15.1680220452,20
282,c18e77ce74b9a2e4ab1ae59d,M27,1,20.3,20.6669003803,30
282,c18e77ce74b9a2e4ab1ae59d,M28,1,18.73,19.7316501164,30
282,c18e77ce74b9a2e4ab1ae59d,M29,1,20.25,20.6606892301,30
282,c18e77ce74b9a2e4ab1ae59d,M30,1,13.18,13.4076178485,21
283,c2eedb24cf5e98af3c88b4c1,M01,1,7.36,7.62145820058,10
283,c2eedb24cf5e98af3c88b4c1,M02,1,9.89,10.245673849,15
283,c2eedb24cf5e98af3c88b4c1,M03,1,10.61,10.6585994747,21
283,c2eedb24cf5e98af3c88b4c1,M04,1,9.82,10.4443397662,21
283,c2eedb24cf5e98af3c88b4c1,M05,1,9.82,10.3683385166,21
283,c2eedb24cf5e98af3c88b4c1,M06,1,13.16,13.0990649457,21
283,c2eedb24cf5e98af3c88b4c1,M07,1,14.72,14.7566946522,30
283,c2eedb24cf5e98af3c88b4c1,M08,1,19.13,20.288290709,30
283,c2eedb24cf5e98af3c88b4c1,M09,1,18.03,19.4537499158,30
283,c2eedb24cf5e98af3c88b4c1,M10,1,20.58,20.9137755904,30
283,c2eedb24cf5e98af3c88b4c1,M11,1,19.78,20.4533254519,30
283,c2eedb24cf5e98af3c88b4c1,M12,1,27.63,29.7446628213,45
283,c2eedb24cf5e98af3c88b4c1,M13,1,27.96,30.0969279901,60
283,c2eedb24cf5e98af3c88b4c1,M14,1,24.84,27.7130839221,60
283,c2eedb24cf5e98af3c88b4c1,M15,1,27.99,30.2464760464,60
283,c2eedb24cf5e98af3c88b4c1,M16,1,56.63,58.2103160029,100
283,c2eedb24cf5e98af3c88b4c1,M17,1,7.46,7.77871046509,14
283,c2eedb24cf5e98af3c88b4c1,M18,1,10.4,10.6281911674,21
283,c2eedb24cf5e98af3c88b4c1,M19,1,8.51,8.72971060606,21
283,c2eedb24cf5e98af3c88b4c1,M20,1,10.93,10.5924622789,20
283,c2eedb24cf5e98af3c88b4c1,M21,1,8.11,8.60140101687,21
283,c2eedb24cf5e98af3c88b4c1,M22,1,19.81,20.9896797547,45
283,c2eedb24cf5e98af3c88b4c1,M23,1,17.07,19.186499531,45
283,c2eedb24cf5e98af3c88b4c1,M24,1,20.15,21.0944200303,45
283,c2eedb24cf5e98af3c88b4c1,M25,1,13.82,13.4986460842,20
283,c2eedb24cf5e98af3c88b4c1,M26,1,12.6,12.8104037778,20
283,c2eedb24cf5e98af3c88b4c1,M27,1,16.01,15.5134116811,30
283,c2eedb24cf5e98af3c88b4c1,M28,1,14.22,14.6541807707,30
283,c2eedb24cf5e98af3c88b4c1,M29,1,16.06,15.2945417446,30
283,c2eedb24cf5e98af3c88b4c1,M30,1,9.85,10.5336739293,21
284,6c8bd1deff5bdb9e32c6446d,M01,2,8.11,8.72589858231,10
284,6c8bd1deff5bdb9e32c6446d,M02,2,12.48,11.9093013579,15
284,6c8bd1deff5bdb9e32c6446d,M03,2,15.18,13.9414144545,21
284,6c8bd1deff5bdb9e32c6446d,M04,2,14.18,13.3001283055,21
284,6c8bd1deff5bdb9e32c6446d,M05,2,14.5,13.4036170313,21
284,6c8bd1deff5bdb9e32c6446d,M06,2,18.3,16.3447722323,21
284,6c8bd1deff5bdb9e32c6446d,M07,2,21.63,19.2587760346,30
284,6c8bd1deff5bdb9e32c6446d,M08,2,25.51,23.9673374322,30
284,6c8bd1deff5bdb9e32c6446d,M09,2,24.15,23.1430348975,30
284,6c8bd1deff5bdb9e32c6446d,M10,2,26.99,25.0027465388,30
284,6c8bd1deff5bdb9e32c6446d,M11,2,26.18,24.7426161521,30
284,6c8bd1deff5bdb9e32c6446d,M12,2,38.34,35.7861233447,45
284,6c8bd1deff5bdb9e32c6446d,M13,2,41.36,37.1888391017,60
284,6c8bd1deff5bdb9e32c6446d,M14,2,38.95,35.5450266064,60
284,6c8bd1deff5bdb9e32c6446d,M15,2,41.18,37.362276093,60
284,6c8bd1deff5bdb9e32c6446d,M16,2,71.11,66.6263187085,100
284,6c8bd1deff5bdb9e32c6446d,M17,2,9.96,8.97538837019,14
284,6c8bd1deff5bdb9e32c6446d,M18,2,14.35,13.304740734,21
284,6c8bd1deff5bdb9e32c6446d,M19,2,15.22,13.1435714286,21
284,6c8bd1deff5bdb9e32c6446d,M20,2,16.47,14.5330838889,20
284,6c8bd1deff5bdb9e32c6446d,M21,2,13.94,12.5187170433,21
284,6c8bd1deff5bdb9e32c6446d,M22,2,37.38,33.0594339351,45
284,6c8bd1deff5bdb9e32c6446d,M23,2,34.54,31.9327964257,45
284,6c8bd1deff5bdb9e32c6446d,M24,2,37.14,33.0278584228,45
284,6c8bd1deff5bdb9e32c6446d,M25,2,18.01,16.0867702771,20
284,6c8bd1deff5bdb9e32c6446d,M26,2,16.43,15.1374081328,20
284,6c8bd1deff5bdb9e32c6446d,M27,2,23.21,20.3284603629,30
284,6c8bd1deff5bdb9e32c6446d,M28,2,21.56,19.1763546976,30
284,6c8bd1deff5bdb9e32c6446d,M29,2,22.75,20.2959976399,30
284,6c8bd1deff5bdb9e32c6446d,M30,2,15.27,13.9212553434,21
285,13cc0dc0c9b50911e5f7c80a,M01,1,7.29,7.33240129881,10
285,13cc0dc0c9b50911e5f7c80a,M02,1,9.7,10.3901330477,15
285,13cc0dc0c9b50911e5f7c80a,M03,1,10.2,10.6266659972,21
285,13cc0dc0c9b50911e5f7c80a,M04,1,9.13,10.3310915153,21
285,13cc0dc0c9b50911e5f7c80a,M05,1,9.3,10.3018877057,21
285,13cc0dc0c9b50911e5f7c80a,M06,1,12.86,13.3793655508,21
285,13cc0dc0c9b50911e5f7c80a,M07,1,14.05,14.8483924299,30
285,13cc0dc0c9b50911e5f7c80a,M08,1,18.47,19.576419095,30
285,13cc0dc0c9b50911e5f7c80a,M09,1,16.98,18.8728013418,30
285,13cc0dc0c9b50911e5f7c80a,M10,1,19.99,20.0222921138,30
285,13cc0dc0c9b50911e5f7c80a,M11,1,18.99,19.6892107646,30
285,13cc0dc0c9b50911e5f7c80a,M12,1,26.44,27.4213118569,45
285,13cc0dc0c9b50911e5f7c80a,M13,1,26.93,27.309149927,60
285,13cc0dc0c9b50911e5f7c80a,M14,1,23.54,25.2209713635,60
285,13cc0dc0c9b50911e5f7c80a,M15,1,26.37,27.5017039767,60
285,13cc0dc0c9b50911e5f7c80a,M16,1,55.47,50.6151596652,100
285,13cc0dc0c9b50911e5f7c80a,M17,1,7.1,7.32348467976,14
285,13cc0dc0c9b50911e5f7c80a,M18,1,9.74,10.3860503623,21
285,13cc0dc0c9b50911e5f7c80a,M19,1,7.94,8.18835858874,21
285,13cc0dc0c9b50911e5f7c80a,M20,1,10.34,10.3657560708,20
285,13cc0dc0c9b50911e5f7c80a,M21,1,7.42,8.05648019913,21
285,13cc0dc0c9b50911e5f7c80a,M22,1,17.98,19.2596626462,45
285,13cc0dc0c9b50911e5f7c80a,M23,1,15.32,17.2280013865,45
285,13cc0dc0c9b50911e5f7c80a,M24,1,18.14,19.3199610012,45
285,13cc0dc0c9b50911e5f7c80a,M25,1,14.23,13.9304748466,20
285,13cc0dc0c9b50911e5f7c80a,M26,1,12.95,13.1746509841,20
285,13cc0dc0c9b50911e5f7c80a,M27,1,16.81,17.0679444286,30
285,13cc0dc0c9b50911e5f7c80a,M28,1,14.9,15.6132004358,30
285,13cc0dc0c9b50911e5f7c80a,M29,1,16.41,16.9015666825,30
285,13cc0dc0c9b50911e5f7c80a,M30,1,10.23,10.6666963378,21
286,df47194b4bdae24605cf1a6e,M01,3,6.95,7.37554804052,10
286,df47194b4bdae24605cf1a6e,M02,3,9.95,10.393070026,15
286,df47194b4bdae24605cf1a6e,M03,3,10.71,10.8582038874,21
286,df47194b4bdae24605cf1a6e,M04,3,9.75,10.4592640222,21
286,df47194b4bdae24605cf1a6e,M05,3,9.71,10.4565875994,21
286,df47194b4bdae24605cf1a6e,M06,3,13.13,13.7912447359,21
286,df47194b4bdae24605cf1a6e,M07,3,14.29,15.3658602482,30
286,df47194b4bdae24605cf1a6e,M08,3,18.87,19.6773703512,30
286,df47194b4bdae24605cf1a6e,M09,3,17.73,18.6904649917,30
286,df47194b4bdae24605cf1a6e,M10,3,20.45,20.4254190069,30
286,df47194b4bdae24605cf1a6e,M11,3,19.62,20.0154148337,30
286,df47194b4bdae24605cf1a6e,M12,3,26.84,28.9256794286,45
286,df47194b4bdae24605cf1a6e,M13,3,25.55,28.938244342,60
286,df47194b4bdae24605cf1a6e,M14,3,22.85,26.1684243564,60
286,df47194b4bdae24605cf1a6e,M15,3,26.37,29.1014516147,60
286,df47194b4bdae24605cf1a6e,M16,3,53.86,57.6702302889,100
286,df47194b4bdae24605cf1a6e,M17,3,7.03,7.53478697991,14
286,df47194b4bdae24605cf1a6e,M18,3,9.88,10.5976417763,21
286,df47194b4bdae24605cf1a6e,M19,3,6.34,8.67719438384,21
286,df47194b4bdae24605cf1a6e,M20,3,8.54,11.1744679423,20
286,df47194b4bdae24605cf1a6e,M21,3,6.99,8.57691028716,21
286,df47194b4bdae24605cf1a6e,M22,3,14.97,20.0663059015,45
286,df47194b4bdae24605cf1a6e,M23,3,14.04,17.5964666277,45
286,df47194b4bdae24605cf1a6e,M24,3,14.7,20.6633118178,45
286,df47194b4bdae24605cf1a6e,M25,3,13.81,14.2241894618,20
286,df47194b4bdae24605cf1a6e,M26,3,12.67,13.3615339784,20
286,df47194b4bdae24605cf1a6e,M27,3,16.11,17.0682729221,30
286,df47194b4bdae24605cf1a6e,M28,3,14.38,15.5761927969,30
286,df47194b4bdae24605cf1a6e,M29,3,16.24,17.126604342,30
286,df47194b4bdae24605cf1a6e,M30,3,10.11,10.8420076811,21
290,b4432b95902e4e88b42e2066,M01,0,7.64,6.6706791756,10
290,b4432b95902e4e88b42e2066,M02,0,10.22,9.20880016739,15
290,b4432b95902e4e88b42e2066,M03,0,11.19,9.2204475469,21
290,b4432b95902e4e88b42e2066,M04,0,10.22,8.85658395582,21
290,b4432b95902e4e88b42e2066,M05,0,10.41,8.80020653535,21
290,b4432b95902e4e88b42e2066,M06,0,13.84,12.1510961991,21
290,b4432b95902e4e88b42e2066,M07,0,15.54,13.1871871989,30
290,b4432b95902e4e88b42e2066,M08,0,19.91,17.5239695377,30
290,b4432b95902e4e88b42e2066,M09,0,18.58,16.6847306782,30
290,b4432b95902e4e88b42e2066,M10,0,21.43,18.1727453838,30
290,b4432b95902e4e88b42e2066,M11,0,20.59,17.6161538788,30
290,b4432b95902e4e88b42e2066,M12,0,28.78,23.9990126263,45
290,b4432b95902e4e88b42e2066,M13,0,29.45,23.7872601717,60
290,b4432b95902e4e88b42e2066,M14,0,26.07,22.4334835455,60
290,b4432b95902e4e88b42e2066,M15,0,29.65,23.9755812453,60
290,b4432b95902e4e88b42e2066,M16,0,58.21,47.9780622355,100
290,b4432b95902e4e88b42e2066,M17,0,7.74,6.58180722322,14
290,b4432b95902e4e88b42e2066,M18,0,10.76,8.95718747619,21
290,b4432b95902e4e88b42e2066,M19,0,8.62,7.44960194739,21
290,b4432b95902e4e88b42e2066,M20,0,10.94,9.61071664791,20
290,b4432b95902e4e88b42e2066,M21,0,8.06,7.36393281896,21
290,b4432b95902e4e88b42e2066,M22,0,19.82,16.5507415067,45
290,b4432b95902e4e88b42e2066,M23,0,16.45,15.249304697,45
290,b4432b95902e4e88b42e2066,M24,0,20.17,16.6043275919,45
290,b4432b95902e4e88b42e2066,M25,0,14.81,13.287432622,20
290,b4432b95902e4e88b42e2066,M26,0,13.53,12.704849886,20
290,b4432b95902e4e88b42e2066,M27,0,17.98,15.7345343333,30
290,b4432b95902e4e88b42e2066,M28,0,16.07,14.4607686667,30
290,b4432b95902e4e88b42e2066,M29,0,17.87,15.6881521645,30
290,b4432b95902e4e88b42e2066,M30,0,11.24,9.26336032179,21
291,bb6c0863dd45d3f74e17df3e,M01,4,7.5,7.50133015174,10
291,bb6c0863dd45d3f74e17df3e,M02,4,10.37,10.0098259336,15
291,bb6c0863dd45d3f74e17df3e,M03,4,11.74,10.5694338184,21
291,bb6c0863dd45d3f74e17df3e,M04,4,11.16,10.2159132772,21
291,bb6c0863dd45d3f74e17df3e,M05,4,11.02,10.1992305629,21
291,bb6c0863dd45d3f74e17df3e,M06,4,13.87,13.6214918567,21
291,bb6c0863dd45d3f74e17df3e,M07,4,16.5,15.5524411775,30
291,bb6c0863dd45d3f74e17df3e,M08,4,20.79,19.8691343304,30
291,bb6c0863dd45d3f74e17df3e,M09,4,19.97,19.1089022915,30
291,bb6c0863dd45d3f74e17df3e,M10,4,22.16,20.9039892222,30
291,bb6c0863dd45d3f74e17df3e,M11,4,21.47,20.6581274459,30
291,bb6c0863dd45d3f74e17df3e,M12,4,30.55,28.1168966743,45
291,bb6c0863dd45d3f74e17df3e,M13,4,30.32,27.9933353929,60
291,bb6c0863dd45d3f74e17df3e,M14,4,27.57,26.0868849639,60
291,bb6c0863dd45d3f74e17df3e,M15,4,31.54,28.343182359,60
291,bb6c0863dd45d3f74e17df3e,M16,4,59.22,57.6793209711,100
291,bb6c0863dd45d3f74e17df3e,M17,4,8.19,7.69495076046,14
291,bb6c0863dd45d3f74e17df3e,M18,4,11.64,10.310325293,21
291,bb6c0863dd45d3f74e17df3e,M19,4,8.61,9.19039530481,21
291,bb6c0863dd45d3f74e17df3e,M20,4,12.35,12.6443846898,20
291,bb6c0863dd45d3f74e17df3e,M21,4,9.14,9.12912932179,21
291,bb6c0863dd45d3f74e17df3e,M22,4,23.08,23.057235241,45
291,bb6c0863dd45d3f74e17df3e,M23,4,18.43,20.1545933556,45
291,bb6c0863dd45d3f74e17df3e,M24,4,29.56,23.9545537077,45
291,bb6c0863dd45d3f74e17df3e,M25,4,14.6,13.965432755,20
291,bb6c0863dd45d3f74e17df3e,M26,4,13.54,13.4124164084,20
291,bb6c0863dd45d3f74e17df3e,M27,4,17.87,16.9419423853,30
291,bb6c0863dd45d3f74e17df3e,M28,4,16.32,15.7089161342,30
291,bb6c0863dd45d3f74e17df3e,M29,4,18.25,17.0986246566,30
291,bb6c0863dd45d3f74e17df3e,M30,4,11.34,10.5423305341,21
294,d5d831302cba59032cb7c4e8,M01,0,7.2,8.62238944012,10
294,d5d831302cba59032cb7c4e8,M02,0,9.69,12.6697264118,15
294,d5d831302cba59032cb7c4e8,M03,0,10.41,14.6757363189,21
294,d5d831302cba59032cb7c4e8,M04,0,9.98,14.1497924271,21
294,d5d831302cba59032cb7c4e8,M05,0,10.17,14.2353084401,21
294,d5d831302cba59032cb7c4e8,M06,0,13.04,16.8998600619,21
294,d5d831302cba59032cb7c4e8,M07,0,14.5,20.2067288026,30
294,d5d831302cba59032cb7c4e8,M08,0,18.9,24.6961955588,30
294,d5d831302cba59032cb7c4e8,M09,0,18.36,23.633986227,30
294,d5d831302cba59032cb7c4e8,M10,0,20.27,25.7672611558,30
294,d5d831302cba59032cb7c4e8,M11,0,20.26,25.5823447706,30
294,d5d831302cba59032cb7c4e8,M12,0,27.48,37.3691219618,45
294,d5d831302cba59032cb7c4e8,M13,0,28.16,38.4665922522,60
294,d5d831302cba59032cb7c4e8,M14,0,26.19,37.4262729185,60
294,d5d831302cba59032cb7c4e8,M15,0,28.1,38.461495473,60
294,d5d831302cba59032cb7c4e8,M16,0,56.9,67.0712157467,100
294,d5d831302cba59032cb7c4e8,M17,0,7.45,9.2677434914,14
294,d5d831302cba59032cb7c4e8,M18,0,10.45,13.9311074877,21
294,d5d831302cba59032cb7c4e8,M19,0,8.12,14.5231955455,21
294,d5d831302cba59032cb7c4e8,M20,0,10.11,15.3837951068,20
294,d5d831302cba59032cb7c4e8,M21,0,7.8,13.5296048182,21
294,d5d831302cba59032cb7c4e8,M22,0,17.94,33.0827036609,45
294,d5d831302cba59032cb7c4e8,M23,0,18.6,32.8263624791,45
294,d5d831302cba59032cb7c4e8,M24,0,17.1,33.1095907893,45
294,d5d831302cba59032cb7c4e8,M25,0,15.46,16.4119375426,20
294,d5d831302cba59032cb7c4e8,M26,0,14.33,15.6921406277,20
294,d5d831302cba59032cb7c4e8,M27,0,19.54,20.8422656032,30
294,d5d831302cba59032cb7c4e8,M28,0,17.94,19.9496603401,30
294,d5d831302cba59032cb7c4e8,M29,0,19.44,20.8380788413,30
294,d5d831302cba59032cb7c4e8,M30,0,12.36,14.7210137951,21
295,0a411c9b61631bf103bfed61,M01,3,7.81,7.83000045055,10
295,0a411c9b61631bf103bfed61,M02,3,10.51,10.3426046349,15
295,0a411c9b61631bf103bfed61,M03,3,11.94,11.2232779596,21
295,0a411c9b61631bf103bfed61,M04,3,11.13,10.7640208345,21
295,0a411c9b61631bf103bfed61,M05,3,11.31,10.7930692631,21
295,0a411c9b61631bf103bfed61,M06,3,14.53,14.2497674964,21
295,0a411c9b61631bf103bfed61,M07,3,16.76,16.1600446022,30
295,0a411c9b61631bf103bfed61,M08,3,21.02,20.6450247619,30
295,0a411c9b61631bf103bfed61,M09,3,19.93,19.6008372759,30
295,0a411c9b61631bf103bfed61,M10,3,22.47,21.3223942253,30
295,0a411c9b61631bf103bfed61,M11,3,21.82,21.018938987,30
295,0a411c9b61631bf103bfed61,M12,3,30.87,29.9412391028,45
295,0a411c9b61631bf103bfed61,M13,3,31.83,30.1537084318,60
295,0a411c9b61631bf103bfed61,M14,3,28.94,28.1115288928,60
295,0a411c9b61631bf103bfed61,M15,3,32.16,30.2804955746,60
295,0a411c9b61631bf103bfed61,M16,3,60.84,58.6427520837,100
295,0a411c9b61631bf103bfed61,M17,3,8.23,7.95912473193,14
295,0a411c9b61631bf103bfed61,M18,3,11.59,10.8472149543,21
295,0a411c9b61631bf103bfed61,M19,3,10.53,9.50746786402,21
295,0a411c9b61631bf103bfed61,M20,3,12.62,11.4720095065,20
295,0a411c9b61631bf103bfed61,M21,3,9.95,9.31373234921,21
295,0a411c9b61631bf103bfed61,M22,3,25.27,22.4256530202,45
295,0a411c9b61631bf103bfed61,M23,3,22.19,20.4761780837,45
295,0a411c9b61631bf103bfed61,M24,3,25.76,23.0018105105,45
295,0a411c9b61631bf103bfed61,M25,3,15.13,14.6386300462,20
295,0a411c9b61631bf103bfed61,M26,3,13.98,13.8129312222,20
295,0a411c9b61631bf103bfed61,M27,3,18.8,18.0886692529,30
295,0a411c9b61631bf103bfed61,M28,3,17.18,16.6624045945,30
295,0a411c9b61631bf103bfed61,M29,3,18.75,18.1017606482,30
295,0a411c9b61631bf103bfed61,M30,3,11.98,11.2525350231,21
296,5cc22c63bfc2c970da060ca8,M01,1,7.49,7.64860571684,10
296,5cc22c63bfc2c970da060ca8,M02,1,10.34,10.3713215028,15
296,5cc22c63bfc2c970da060ca8,M03,1,11.67,11.3663666882,21
296,5cc22c63bfc2c970da060ca8,M04,1,10.88,10.9740935166,21
296,5cc22c63bfc2c970da060ca8,M05,1,11.01,10.9864426364,21
296,5cc22c63bfc2c970da060ca8,M06,1,13.91,14.1311996675,21
296,5cc22c63bfc2c970da060ca8,M07,1,16.45,16.3538820159,30
296,5cc22c63bfc2c970da060ca8,M08,1,20.91,20.8187375253,30
296,5cc22c63bfc2c970da060ca8,M09,1,19.85,19.8985062756,30
296,5cc22c63bfc2c970da060ca8,M10,1,22.01,21.8179883213,30
296,5cc22c63bfc2c970da060ca8,M11,1,21.43,21.3928823372,30
296,5cc22c63bfc2c970da060ca8,M12,1,30.47,30.1126153096,45
296,5cc22c63bfc2c970da060ca8,M13,1,30.22,30.2744052022,60
296,5cc22c63bfc2c970da060ca8,M14,1,27.4,27.7981671618,60
296,5cc22c63bfc2c970da060ca8,M15,1,31.59,30.5494179901,60
296,5cc22c63bfc2c970da060ca8,M16,1,59.11,58.6650988914,100
296,5cc22c63bfc2c970da060ca8,M17,1,8.51,8.01405489577,14
296,5cc22c63bfc2c970da060ca8,M18,1,11.27,11.2336237338,21
296,5cc22c63bfc2c970da060ca8,M19,1,9.11,9.58154281074,21
296,5cc22c63bfc2c970da060ca8,M20,1,11.78,13.458811806,20
296,5cc22c63bfc2c970da060ca8,M21,1,8.58,9.58336786469,21
296,5cc22c63bfc2c970da060ca8,M22,1,20.46,24.5745543392,45
296,5cc22c63bfc2c970da060ca8,M23,1,16.59,20.6182782882,45
296,5cc22c63bfc2c970da060ca8,M24,1,26.25,24.1974105079,45
296,5cc22c63bfc2c970da060ca8,M25,1,14.6,14.4290630289,20
296,5cc22c63bfc2c970da060ca8,M26,1,13.54,13.5515614361,20
296,5cc22c63bfc2c970da060ca8,M27,1,17.51,17.8469137677,30
296,5cc22c63bfc2c970da060ca8,M28,1,16.28,16.4521816205,30
296,5cc22c63bfc2c970da060ca8,M29,1,18.29,17.9525241804,30
296,5cc22c63bfc2c970da060ca8,M30,1,11.3,11.3189129129,21
297,a4d13ddf9429ac6f4154b0e3,M01,3,7.36,7.60556024387,10
297,a4d13ddf9429ac6f4154b0e3,M02,3,10.27,10.3320834892,15
297,a4d13ddf9429ac6f4154b0e3,M03,3,11.44,11.4641421028,21
297,a4d13ddf9429ac6f4154b0e3,M04,3,10.49,11.0485539726,21
297,a4d13ddf9429ac6f4154b0e3,M05,3,10.63,11.0811424892,21
297,a4d13ddf9429ac6f4154b0e3,M06,3,14.26,13.8080563838,21
297,a4d13ddf9429ac6f4154b0e3,M07,3,15.71,16.4067168122,30
297,a4d13ddf9429ac6f4154b0e3,M08,3,20.16,20.775140733,30
297,a4d13ddf9429ac6f4154b0e3,M09,3,18.79,19.8557596454,30
297,a4d13ddf9429ac6f4154b0e3,M10,3,21.74,21.7054597835,30
297,a4d13ddf9429ac6f4154b0e3,M11,3,20.99,21.3595620072,30
297,a4d13ddf9429ac6f4154b0e3,M12,3,29.16,30.5733306163,45
297,a4d13ddf9429ac6f4154b0e3,M13,3,29.53,30.7380024622,60
297,a4d13ddf9429ac6f4154b0e3,M14,3,26.81,27.6167756811,60
297,a4d13ddf9429ac6f4154b0e3,M15,3,30.64,31.1497957417,60
297,a4d13ddf9429ac6f4154b0e3,M16,3,58.36,58.6197498979,100
297,a4d13ddf9429ac6f4154b0e3,M17,3,8.26,8.01961579221,14
297,a4d13ddf9429ac6f4154b0e3,M18,3,11.56,11.230194746,21
297,a4d13ddf9429ac6f4154b0e3,M19,3,9.17,9.12936818015,21
297,a4d13ddf9429ac6f4154b0e3,M20,3,13.71,12.4790248326,20
297,a4d13ddf9429ac6f4154b0e3,M21,3,9.85,9.09966336053,21
297,a4d13ddf9429ac6f4154b0e3,M22,3,25.62,22.9072946595,45
297,a4d13ddf9429ac6f4154b0e3,M23,3,20.33,19.2249313405,45
297,a4d13ddf9429ac6f4154b0e3,M24,3,20.89,24.6751958759,45
297,a4d13ddf9429ac6f4154b0e3,M25,3,14.39,14.2974743892,20
297,a4d13ddf9429ac6f4154b0e3,M26,3,13.34,13.5014693189,20
297,a4d13ddf9429ac6f4154b0e3,M27,3,17.48,17.7527232929,30
297,a4d13ddf9429ac6f4154b0e3,M28,3,16,16.2979379218,30
297,a4d13ddf9429ac6f4154b0e3,M29,3,17.82,17.9574326263,30
297,a4d13ddf9429ac6f4154b0e3,M30,3,11.14,11.3974210507,21
300,98b5399112d2ffc2aa957c86,M01,3,8.08,8.55585937807,10
300,98b5399112d2ffc2aa957c86,M02,3,10.76,11.2632203506,15
300,98b5399112d2ffc2aa957c86,M03,3,12.31,13.0407203905,21
300,98b5399112d2ffc2aa957c86,M04,3,11.51,12.6453857143,21
300,98b5399112d2ffc2aa957c86,M05,3,11.66,12.6947160317,21
300,98b5399112d2ffc2aa957c86,M06,3,15.02,15.2956989899,21
300,98b5399112d2ffc2aa957c86,M07,3,17.21,18.804157759,30
300,98b5399112d2ffc2aa957c86,M08,3,21.5,22.9156682239,30
300,98b5399112d2ffc2aa957c86,M09,3,20.41,22.0690797438,30
300,98b5399112d2ffc2aa957c86,M10,3,23.01,23.7799639755,30
300,98b5399112d2ffc2aa957c86,M11,3,22.4,23.6410632193,30
300,98b5399112d2ffc2aa957c86,M12,3,31.43,33.6672212706,45
300,98b5399112d2ffc2aa957c86,M13,3,32.63,34.0605682044,60
300,98b5399112d2ffc2aa957c86,M14,3,29.36,33.141013581,60
300,98b5399112d2ffc2aa957c86,M15,3,33.34,34.2394968898,60
300,98b5399112d2ffc2aa957c86,M16,3,61.64,63.6500315094,100
300,98b5399112d2ffc2aa957c86,M17,3,8.44,8.74220580575,14
300,98b5399112d2ffc2aa957c86,M18,3,11.93,12.6061674892,21
300,98b5399112d2ffc2aa957c86,M19,3,10.45,11.4828385455,21
300,98b5399112d2ffc2aa957c86,M20,3,12.59,13.644387469,20
300,98b5399112d2ffc2aa957c86,M21,3,9.75,11.210563987,21
300,98b5399112d2ffc2aa957c86,M22,3,24.73,27.0972247225,45
300,98b5399112d2ffc2aa957c86,M23,3,21.47,25.3229796844,45
300,98b5399112d2ffc2aa957c86,M24,3,25.42,27.0360309765,45
300,98b5399112d2ffc2aa957c86,M25,3,15.34,15.4415532886,20
300,98b5399112d2ffc2aa957c86,M26,3,14.11,14.8155468038,20
300,98b5399112d2ffc2aa957c86,M27,3,19.05,20.2215905786,30
300,98b5399112d2ffc2aa957c86,M28,3,17.19,19.2627699726,30
300,98b5399112d2ffc2aa957c86,M29,3,19.1,20.2219667215,30
300,98b5399112d2ffc2aa957c86,M30,3,12.13,13.0896563905,21
301,a7efe2a12592b5fa953c9862,M01,0,7.44,7.67189822655,10
301,a7efe2a12592b5fa953c9862,M02,0,10.31,10.278910518,15
301,a7efe2a12592b5fa953c9862,M03,0,11.53,11.3411746176,21
301,a7efe2a12592b5fa953c9862,M04,0,10.89,10.9665600952,21
301,a7efe2a12592b5fa953c9862,M05,0,10.89,10.9825619538,21
301,a7efe2a12592b5fa953c9862,M06,0,13.78,13.9971211876,21
301,a7efe2a12592b5fa953c9862,M07,0,16.42,16.1091124736,30
301,a7efe2a12592b5fa953c9862,M08,0,20.88,20.6224700837,30
301,a7efe2a12592b5fa953c9862,M09,0,19.83,19.6974583482,30
301,a7efe2a12592b5fa953c9862,M10,0,22.04,21.5572980223,30
301,a7efe2a12592b5fa953c9862,M11,0,21.4,21.2964327561,30
301,a7efe2a12592b5fa953c9862,M12,0,30.48,30.0103572753,45
301,a7efe2a12592b5fa953c9862,M13,0,30.18,29.8974446086,60
301,a7efe2a12592b5fa953c9862,M14,0,27.49,27.3464507085,60
301,a7efe2a12592b5fa953c9862,M15,0,31.45,30.3665733336,60
301,a7efe2a12592b5fa953c9862,M16,0,59.09,58.634500489,100
301,a7efe2a12592b5fa953c9862,M17,0,8.04,7.98662489322,14
301,a7efe2a12592b5fa953c9862,M18,0,11.25,11.1592436753,21
301,a7efe2a12592b5fa953c9862,M19,0,9.11,9.05798569408,21
301,a7efe2a12592b5fa953c9862,M20,0,13.98,12.1886080837,20
301,a7efe2a12592b5fa953c9862,M21,0,10.09,8.99422345022,21
301,a7efe2a12592b5fa953c9862,M22,0,26.12,22.7231427454,45
301,a7efe2a12592b5fa953c9862,M23,0,20.66,18.8308913478,45
301,a7efe2a12592b5fa953c9862,M24,0,23.45,23.8643861126,45
301,a7efe2a12592b5fa953c9862,M25,0,14.53,14.3094789993,20
301,a7efe2a12592b5fa953c9862,M26,0,13.52,13.7016941328,20
301,a7efe2a12592b5fa953c9862,M27,0,17.8,17.5901816527,30
301,a7efe2a12592b5fa953c9862,M28,0,16.28,16.1888955628,30
301,a7efe2a12592b5fa953c9862,M29,0,18.17,17.6794947623,30
301,a7efe2a12592b5fa953c9862,M30,0,11.14,11.318031824,21
302,0cbfc205af64784e06b727c4,M01,3,6.84,7.19296831169,10
302,0cbfc205af64784e06b727c4,M02,3,9.17,10.1194631602,15
302,0cbfc205af64784e06b727c4,M03,3,9.35,10.2658747027,21
302,0cbfc205af64784e06b727c4,M04,3,8.83,10.0184133478,21
302,0cbfc205af64784e06b727c4,M05,3,8.92,9.98926836264,21
302,0cbfc205af64784e06b727c4,M06,3,11.89,13.4831453939,21
302,0cbfc205af64784e06b727c4,M07,3,12.87,14.8007495573,30
302,0cbfc205af64784e06b727c4,M08,3,17.3,19.1278605836,30
302,0cbfc205af64784e06b727c4,M09,3,16.63,18.3171048517,30
302,0cbfc205af64784e06b727c4,M10,3,18.74,19.5837117565,30
302,0cbfc205af64784e06b727c4,M11,3,18.48,19.2513356439,30
302,0cbfc205af64784e06b727c4,M12,3,24.73,27.5463945846,45
302,0cbfc205af64784e06b727c4,M13,3,24.85,27.6238234201,60
302,0cbfc205af64784e06b727c4,M14,3,22.08,25.3800750955,60
302,0cbfc205af64784e06b727c4,M15,3,24.56,27.6477671691,60
302,0cbfc205af64784e06b727c4,M16,3,53.18,56.1571823558,100
302,0cbfc205af64784e06b727c4,M17,3,6.83,7.22073764502,14
302,0cbfc205af64784e06b727c4,M18,3,9.41,10.1236056003,21
302,0cbfc205af64784e06b727c4,M19,3,5.81,8.01968593506,21
302,0cbfc205af64784e06b727c4,M20,3,8.03,10.9088509452,20
302,0cbfc205af64784e06b727c4,M21,3,5.58,7.93642442569,21
302,0cbfc205af64784e06b727c4,M22,3,12.24,18.8669895556,45
302,0cbfc205af64784e06b727c4,M23,3,11.2,17.2192783853,45
302,0cbfc205af64784e06b727c4,M24,3,11.72,19.1987388543,45
302,0cbfc205af64784e06b727c4,M25,3,13.75,14.0221986825,20
302,0cbfc205af64784e06b727c4,M26,3,12.62,13.3455567525,20
302,0cbfc205af64784e06b727c4,M27,3,16.09,16.8084194179,30
302,0cbfc205af64784e06b727c4,M28,3,14.42,15.1883265833,30
302,0cbfc205af64784e06b727c4,M29,3,15.76,16.7059003847,30
302,0cbfc205af64784e06b727c4,M30,3,9.85,10.2178389091,21
303,fa4fe83161caa77335eb59e7,M01,4,7.67,8.10991034488,10
303,fa4fe83161caa77335eb59e7,M02,4,10.6,10.6947730117,15
303,fa4fe83161caa77335eb59e7,M03,4,12.26,12.6019641732,21
303,fa4fe83161caa77335eb59e7,M04,4,11.67,12.1179113715,21
303,fa4fe83161caa77335eb59e7,M05,4,11.57,12.2131270064,21
303,fa4fe83161caa77335eb59e7,M06,4,14.43,15.2047438427,21
303,fa4fe83161caa77335eb59e7,M07,4,17.3,18.1305387273,30
303,fa4fe83161caa77335eb59e7,M08,4,21.51,22.0567659156,30
303,fa4fe83161caa77335eb59e7,M09,4,20.71,21.26719949,30
303,fa4fe83161caa77335eb59e7,M10,4,22.85,23.0222481558,30
303,fa4fe83161caa77335eb59e7,M11,4,22.21,22.8221157071,30
303,fa4fe83161caa77335eb59e7,M12,4,31.83,32.9221727228,45
303,fa4fe83161caa77335eb59e7,M13,4,31.94,33.078203023,60
303,fa4fe83161caa77335eb59e7,M14,4,29.36,31.5815209684,60
303,fa4fe83161caa77335eb59e7,M15,4,33.08,33.6039379169,60
303,fa4fe83161caa77335eb59e7,M16,4,60.97,62.4477091823,100
303,fa4fe83161caa77335eb59e7,M17,4,8.46,8.5382443925,14
303,fa4fe83161caa77335eb59e7,M18,4,12.1,12.1459538225,21
303,fa4fe83161caa77335eb59e7,M19,4,9.29,10.5244937923,21
303,fa4fe83161caa77335eb59e7,M20,4,13.46,13.9817315238,20
303,fa4fe83161caa77335eb59e7,M21,4,9.9,10.5052614633,21
303,fa4fe83161caa77335eb59e7,M22,4,25.92,25.1197239445,45
303,fa4fe83161caa77335eb59e7,M23,4,20.55,22.5586843407,45
303,fa4fe83161caa77335eb59e7,M24,4,26.45,25.2757007829,45
303,fa4fe83161caa77335eb59e7,M25,4,14.89,15.3327479942,20
303,fa4fe83161caa77335eb59e7,M26,4,13.89,14.5452694416,20
303,fa4fe83161caa77335eb59e7,M27,4,18.55,19.5642941368,30
303,fa4fe83161caa77335eb59e7,M28,4,17.05,18.4845346012,30
303,fa4fe83161caa77335eb59e7,M29,4,18.87,19.5870622868,30
303,fa4fe83161caa77335eb59e7,M30,4,11.89,12.6212800938,21
304,18c5d30cfe53fd9b8fe0bc36,M01,0,7.71,7.75344663348,10
304,18c5d30cfe53fd9b8fe0bc36,M02,0,10.37,10.1598513001,15
304,18c5d30cfe53fd9b8fe0bc36,M03,0,11.66,11.0347927417,21
304,18c5d30cfe53fd9b8fe0bc36,M04,0,10.87,10.6334116551,21
304,18c5d30cfe53fd9b8fe0bc36,M05,0,10.78,10.6730489509,21
304,18c5d30cfe53fd9b8fe0bc36,M06,0,14.31,14.2840030029,21
304,18c5d30cfe53fd9b8fe0bc36,M07,0,16.33,15.9847602424,30
304,18c5d30cfe53fd9b8fe0bc36,M08,0,20.64,20.4222408709,30
304,18c5d30cfe53fd9b8fe0bc36,M09,0,19.58,19.3905755356,30
304,18c5d30cfe53fd9b8fe0bc36,M10,0,22.03,21.2639868819,30
304,18c5d30cfe53fd9b8fe0bc36,M11,0,21.07,21.0408892152,30
304,18c5d30cfe53fd9b8fe0bc36,M12,0,30.19,29.7428228113,45
304,18c5d30cfe53fd9b8fe0bc36,M13,0,31.25,29.9844468084,60
304,18c5d30cfe53fd9b8fe0bc36,M14,0,28.26,27.8086570895,60
304,18c5d30cfe53fd9b8fe0bc36,M15,0,31.16,30.1452121342,60
304,18c5d30cfe53fd9b8fe0bc36,M16,0,60.2,58.432348324,100
304,18c5d30cfe53fd9b8fe0bc36,M17,0,8.08,7.91393769986,14
304,18c5d30cfe53fd9b8fe0bc36,M18,0,11.4,10.7331629928,21
304,18c5d30cfe53fd9b8fe0bc36,M19,0,9.56,9.18347622799,21
304,18c5d30cfe53fd9b8fe0bc36,M20,0,11.81,11.6125256003,20
304,18c5d30cfe53fd9b8fe0bc36,M21,0,9,8.91117899278,21
304,18c5d30cfe53fd9b8fe0bc36,M22,0,22.5,22.0998015714,45
304,18c5d30cfe53fd9b8fe0bc36,M23,0,19.6,20.223916101,45
304,18c5d30cfe53fd9b8fe0bc36,M24,0,22.77,22.6466022828,45
304,18c5d30cfe53fd9b8fe0bc36,M25,0,14.07,14.6342465759,20
304,18c5d30cfe53fd9b8fe0bc36,M26,0,12.87,13.7611845428,20
304,18c5d30cfe53fd9b8fe0bc36,M27,0,16.62,17.8826574126,30
304,18c5d30cfe53fd9b8fe0bc36,M28,0,14.88,16.5994550367,30
304,18c5d30cfe53fd9b8fe0bc36,M29,0,16.65,17.8882559725,30
304,18c5d30cfe53fd9b8fe0bc36,M30,0,10.3,11.0536222496,21
306,f295586a0be60255fdd0f3df,M01,0,7.75,7.66081391464,10
306,f295586a0be60255fdd0f3df,M02,0,10.8,10.2580333391,15
306,f295586a0be60255fdd0f3df,M03,0,12.17,11.2747104127,21
306,f295586a0be60255fdd0f3df,M04,0,11.78,10.8794391472,21
306,f295586a0be60255fdd0f3df,M05,0,11.5,10.8998995166,21
306,f295586a0be60255fdd0f3df,M06,0,14.46,13.9329040037,21
306,f295586a0be60255fdd0f3df,M07,0,17.38,16.0189750231,30
306,f295586a0be60255fdd0f3df,M08,0,21.54,20.549761026,30
306,f295586a0be60255fdd0f3df,M09,0,20.75,19.5824378745,30
306,f295586a0be60255fdd0f3df,M10,0,22.85,21.4826000844,30
306,f295586a0be60255fdd0f3df,M11,0,22.18,21.2124448167,30
306,f295586a0be60255fdd0f3df,M12,0,32.21,29.7261487111,45
306,f295586a0be60255fdd0f3df,M13,0,32.11,29.6478652681,60
306,f295586a0be60255fdd0f3df,M14,0,29.38,27.338547342,60
306,f295586a0be60255fdd0f3df,M15,0,32.96,30.0795354836,60
306,f295586a0be60255fdd0f3df,M16,0,61.15,58.5620835931,100
306,f295586a0be60255fdd0f3df,M17,0,8.35,7.91813729149,14
306,f295586a0be60255fdd0f3df,M18,0,11.73,11.07021414,21
306,f295586a0be60255fdd0f3df,M19,0,9.96,9.03521627328,21
306,f295586a0be60255fdd0f3df,M20,0,13.77,12.2200569256,20
306,f295586a0be60255fdd0f3df,M21,0,10.73,8.9555197336,21
306,f295586a0be60255fdd0f3df,M22,0,26.52,22.6308506696,45
306,f295586a0be60255fdd0f3df,M23,0,23.45,19.2802663463,45
306,f295586a0be60255fdd0f3df,M24,0,27.37,23.3039968182,45
306,f295586a0be60255fdd0f3df,M25,0,14.76,14.2442950758,20
306,f295586a0be60255fdd0f3df,M26,0,13.72,13.6641464702,20
306,f295586a0be60255fdd0f3df,M27,0,18.27,17.6046057782,30
306,f295586a0be60255fdd0f3df,M28,0,16.72,16.2213940231,30
306,f295586a0be60255fdd0f3df,M29,0,18.63,17.6668370986,30
306,f295586a0be60255fdd0f3df,M30,0,11.42,11.2537084127,21
307,e6de4d7bee014e4d0e9cdaa1,M01,1,7.15,7.9230073491,10
307,e6de4d7bee014e4d0e9cdaa1,M02,1,9.65,10.3776328918,15
307,e6de4d7bee014e4d0e9cdaa1,M03,1,10.21,11.6102520779,21
307,e6de4d7bee014e4d0e9cdaa1,M04,1,9.53,11.1596169351,21
307,e6de4d7bee014e4d0e9cdaa1,M05,1,9.57,11.1949696378,21
307,e6de4d7bee014e4d0e9cdaa1,M06,1,12.73,14.6033277273,21
307,e6de4d7bee014e4d0e9cdaa1,M07,1,14.16,16.6385009928,30
307,e6de4d7bee014e4d0e9cdaa1,M08,1,18.58,21.2209359798,30
307,e6de4d7bee014e4d0e9cdaa1,M09,1,17.62,20.1281078153,30
307,e6de4d7bee014e4d0e9cdaa1,M10,1,20.03,22.1416290432,30
307,e6de4d7bee014e4d0e9cdaa1,M11,1,19.41,21.8426352005,30
307,e6de4d7bee014e4d0e9cdaa1,M12,1,26.77,30.5799298016,45
307,e6de4d7bee014e4d0e9cdaa1,M13,1,26.98,31.0788366025,60
307,e6de4d7bee014e4d0e9cdaa1,M14,1,23.95,28.6498056308,60
307,e6de4d7bee014e4d0e9cdaa1,M15,1,26.96,31.1636112533,60
307,e6de4d7bee014e4d0e9cdaa1,M16,1,55.49,60.6903502886,100
307,e6de4d7bee014e4d0e9cdaa1,M17,1,7.31,8.12825930714,14
307,e6de4d7bee014e4d0e9cdaa1,M18,1,10.08,11.2766860851,21
307,e6de4d7bee014e4d0e9cdaa1,M19,1,8.23,9.86034515873,21
307,e6de4d7bee014e4d0e9cdaa1,M20,1,10.68,12.4460999063,20
307,e6de4d7bee014e4d0e9cdaa1,M21,1,7.97,9.57163097691,21
307,e6de4d7bee014e4d0e9cdaa1,M22,1,19.2,24.16177386,45
307,e6de4d7bee014e4d0e9cdaa1,M23,1,16.59,21.7064116071,45
307,e6de4d7bee014e4d0e9cdaa1,M24,1,19.45,24.3567019149,45
307,e6de4d7bee014e4d0e9cdaa1,M25,1,14.07,14.8568363463,20
307,e6de4d7bee014e4d0e9cdaa1,M26,1,12.93,13.9609262384,20
307,e6de4d7bee014e4d0e9cdaa1,M27,1,16.68,18.2030145224,30
307,e6de4d7bee014e4d0e9cdaa1,M28,1,14.97,16.8693831631,30
307,e6de4d7bee014e4d0e9cdaa1,M29,1,16.48,18.2384491768,30
307,e6de4d7bee014e4d0e9cdaa1,M30,1,10.24,11.6057885224,21
309,fdc350f6670042f7c9d6d8fb,M01,0,7.56,6.69658723288,10
309,fdc350f6670042f7c9d6d8fb,M02,0,9.96,7.67923560617,15
309,fdc350f6670042f7c9d6d8fb,M03,0,10.7,7.4342924561,21
309,fdc350f6670042f7c9d6d8fb,M04,0,9.74,7.1667058658,21
309,fdc350f6670042f7c9d6d8fb,M05,0,9.85,6.99815416595,21
309,fdc350f6670042f7c9d6d8fb,M06,0,13.59,9.59862690909,21
309,fdc350f6670042f7c9d6d8fb,M07,0,14.81,9.95296026288,30
309,fdc350f6670042f7c9d6d8fb,M08,0,19.22,14.4098605281,30
309,fdc350f6670042f7c9d6d8fb,M09,0,17.88,14.0576044618,30
309,fdc350f6670042f7c9d6d8fb,M10,0,20.72,14.7246136147,30
309,fdc350f6670042f7c9d6d8fb,M11,0,19.67,14.3991980245,30
309,fdc350f6670042f7c9d6d8fb,M12,0,27.73,18.8342414228,45
309,fdc350f6670042f7c9d6d8fb,M13,0,29.01,18.5169180274,60
309,fdc350f6670042f7c9d6d8fb,M14,0,25.7,18.0925961385,60
309,fdc350f6670042f7c9d6d8fb,M15,0,27.63,18.9180945657,60
309,fdc350f6670042f7c9d6d8fb,M16,0,57.77,36.7465083348,100
309,fdc350f6670042f7c9d6d8fb,M17,0,7.5,5.07730766434,14
309,fdc350f6670042f7c9d6d8fb,M18,0,10.31,7.22264067965,21
309,fdc350f6670042f7c9d6d8fb,M19,0,7.91,6.18753226551,21
309,fdc350f6670042f7c9d6d8fb,M20,0,10.31,8.36641616162,20
309,fdc350f6670042f7c9d6d8fb,M21,0,7.4,6.15349255123,21
309,fdc350f6670042f7c9d6d8fb,M22,0,17.87,11.989048531,45
309,fdc350f6670042f7c9d6d8fb,M23,0,15.26,11.4370324675,45
309,fdc350f6670042f7c9d6d8fb,M24,0,17.84,12.0545620447,45
309,fdc350f6670042f7c9d6d8fb,M25,0,14.63,11.9292183146,20
309,fdc350f6670042f7c9d6d8fb,M26,0,13.4,10.9569238238,20
309,fdc350f6670042f7c9d6d8fb,M27,0,17.7,12.7000115123,30
309,fdc350f6670042f7c9d6d8fb,M28,0,15.82,11.8730181789,30
309,fdc350f6670042f7c9d6d8fb,M29,0,16.97,12.6743704069,30
309,fdc350f6670042f7c9d6d8fb,M30,0,10.75,7.52074448063,21
312,f6706e821cf953202aa4b547,M01,2,7.6,6.71724703463,10
312,f6706e821cf953202aa4b547,M02,2,10.35,9.44208708603,15
312,f6706e821cf953202aa4b547,M03,2,11.7,9.66130469553,21
312,f6706e821cf953202aa4b547,M04,2,10.63,9.33790532834,21
312,f6706e821cf953202aa4b547,M05,2,10.02,9.33419004262,21
312,f6706e821cf953202aa4b547,M06,2,14.16,12.6107073636,21
312,f6706e821cf953202aa4b547,M07,2,16.46,13.9231343904,30
312,f6706e821cf953202aa4b547,M08,2,20.74,17.147198543,30
312,f6706e821cf953202aa4b547,M09,2,19.27,16.6595731908,30
312,f6706e821cf953202aa4b547,M10,2,22.1,17.6333880973,30
312,f6706e821cf953202aa4b547,M11,2,20.09,17.2562642358,30
312,f6706e821cf953202aa4b547,M12,2,30.45,24.7323017373,45
312,f6706e821cf953202aa4b547,M13,2,31.01,24.5758040071,60
312,f6706e821cf953202aa4b547,M14,2,28.3,23.4309992264,60
312,f6706e821cf953202aa4b547,M15,2,31.41,24.7541657531,60
312,f6706e821cf953202aa4b547,M16,2,59.95,53.4771182482,100
312,f6706e821cf953202aa4b547,M17,2,8.23,6.71185875469,14
312,f6706e821cf953202aa4b547,M18,2,11.75,9.38899051027,21
312,f6706e821cf953202aa4b547,M19,2,9,7.42914678211,21
312,f6706e821cf953202aa4b547,M20,2,11.65,10.0077374277,20
312,f6706e821cf953202aa4b547,M21,2,8.63,7.30655599278,21
312,f6706e821cf953202aa4b547,M22,2,21.97,15.6621049253,45
312,f6706e821cf953202aa4b547,M23,2,19.17,14.7837464228,45
312,f6706e821cf953202aa4b547,M24,2,22.37,15.7781148533,45
312,f6706e821cf953202aa4b547,M25,2,12.66,13.4608787316,20
312,f6706e821cf953202aa4b547,M26,2,11.54,12.929499368,20
312,f6706e821cf953202aa4b547,M27,2,13.85,16.259633417,30
312,f6706e821cf953202aa4b547,M28,2,12.27,15.1041225108,30
312,f6706e821cf953202aa4b547,M29,2,13.75,16.176426746,30
312,f6706e821cf953202aa4b547,M30,2,8.29,9.6848232987,21
313,38f5ab75bc43f62a70b6c62f,M01,4,7.84,8.16292887413,10
313,38f5ab75bc43f62a70b6c62f,M02,4,10.8,10.861990472,15
313,38f5ab75bc43f62a70b6c62f,M03,4,12.7,12.7691303968,21
313,38f5ab75bc43f62a70b6c62f,M04,4,12.1,12.3898428852,21
313,38f5ab75bc43f62a70b6c62f,M05,4,12.03,12.4453145692,21
313,38f5ab75bc43f62a70b6c62f,M06,4,14.9,15.3089121313,21
313,38f5ab75bc43f62a70b6c62f,M07,4,17.99,18.1722204387,30
313,38f5ab75bc43f62a70b6c62f,M08,4,22.13,22.4812685289,30
313,38f5ab75bc43f62a70b6c62f,M09,4,21.31,21.7078907006,30
313,38f5ab75bc43f62a70b6c62f,M10,4,23.42,23.3473097443,30
313,38f5ab75bc43f62a70b6c62f,M11,4,22.83,23.1587739621,30
313,38f5ab75bc43f62a70b6c62f,M12,4,32.89,33.2818652277,45
313,38f5ab75bc43f62a70b6c62f,M13,4,33.34,33.4072436577,60
313,38f5ab75bc43f62a70b6c62f,M14,4,30.81,32.1143728267,60
313,38f5ab75bc43f62a70b6c62f,M15,4,34.41,33.9232033293,60
313,38f5ab75bc43f62a70b6c62f,M16,4,62.51,63.2177858965,100
313,38f5ab75bc43f62a70b6c62f,M17,4,8.68,8.62847975036,14
313,38f5ab75bc43f62a70b6c62f,M18,4,12.49,12.3930680577,21
313,38f5ab75bc43f62a70b6c62f,M19,4,9.95,10.8423845917,21
313,38f5ab75bc43f62a70b6c62f,M20,4,15.08,14.4404207778,20
313,38f5ab75bc43f62a70b6c62f,M21,4,10.86,10.867481156,21
313,38f5ab75bc43f62a70b6c62f,M22,4,29.15,27.0023885203,45
313,38f5ab75bc43f62a70b6c62f,M23,4,22.76,24.5229347721,45
313,38f5ab75bc43f62a70b6c62f,M24,4,26.86,27.0630395246,45
313,38f5ab75bc43f62a70b6c62f,M25,4,15.16,15.428796632,20
313,38f5ab75bc43f62a70b6c62f,M26,4,14.15,14.6459116465,20
313,38f5ab75bc43f62a70b6c62f,M27,4,19.12,19.3100064401,30
313,38f5ab75bc43f62a70b6c62f,M28,4,17.69,18.331363555,30
313,38f5ab75bc43f62a70b6c62f,M29,4,19.39,19.3227197215,30
313,38f5ab75bc43f62a70b6c62f,M30,4,12.35,12.7754608095,21
314,ba56fb1d6cf7f9574ee506e9,M01,1,5.02,8.38468756421,10
314,ba56fb1d6cf7f9574ee506e9,M02,1,6.99,11.3616298361,15
314,ba56fb1d6cf7f9574ee506e9,M03,1,5.88,12.711131952,21
314,ba56fb1d6cf7f9574ee506e9,M04,1,5.53,12.5420961829,21
314,ba56fb1d6cf7f9574ee506e9,M05,1,5.52,12.5908578972,21
314,ba56fb1d6cf7f9574ee506e9,M06,1,7.32,15.8490523983,21
314,ba56fb1d6cf7f9574ee506e9,M07,1,7.73,19.8406741758,30
314,ba56fb1d6cf7f9574ee506e9,M08,1,11.67,22.2829659832,30
314,ba56fb1d6cf7f9574ee506e9,M09,1,11.08,21.7918177985,30
314,ba56fb1d6cf7f9574ee506e9,M10,1,12.9,23.0947199112,30
314,ba56fb1d6cf7f9574ee506e9,M11,1,12.5,22.9825328795,30
314,ba56fb1d6cf7f9574ee506e9,M12,1,15.79,34.1475370679,45
314,ba56fb1d6cf7f9574ee506e9,M13,1,14.19,34.5776049756,60
314,ba56fb1d6cf7f9574ee506e9,M14,1,12.82,34.0583777851,60
314,ba56fb1d6cf7f9574ee506e9,M15,1,13.8,34.7741344777,60
314,ba56fb1d6cf7f9574ee506e9,M16,1,35,65.6201130431,100
314,ba56fb1d6cf7f9574ee506e9,M17,1,4.34,8.75111159596,14
314,ba56fb1d6cf7f9574ee506e9,M18,1,5.92,12.3749928958,21
314,ba56fb1d6cf7f9574ee506e9,M19,1,5.02,11.8425196398,21
314,ba56fb1d6cf7f9574ee506e9,M20,1,6.62,13.2631271111,20
314,ba56fb1d6cf7f9574ee506e9,M21,1,4.83,11.6461752156,21
314,ba56fb1d6cf7f9574ee506e9,M22,1,9.74,26.6595177475,45
314,ba56fb1d6cf7f9574ee506e9,M23,1,9.14,26.0141691602,45
314,ba56fb1d6cf7f9574ee506e9,M24,1,10.5,26.7712737792,45
314,ba56fb1d6cf7f9574ee506e9,M25,1,14.91,15.6549840635,20
314,ba56fb1d6cf7f9574ee506e9,M26,1,13.6,15.1504012381,20
314,ba56fb1d6cf7f9574ee506e9,M27,1,18.2,21.056177746,30
314,ba56fb1d6cf7f9574ee506e9,M28,1,16.15,20.475778582,30
314,ba56fb1d6cf7f9574ee506e9,M29,1,17.43,21.0494094127,30
314,ba56fb1d6cf7f9574ee506e9,M30,1,10.88,12.7116233806,21
316,7b5da74713d6434883aea4ee,M01,4,6.96,7.38629820912,10
316,7b5da74713d6434883aea4ee,M02,4,9.32,9.42786949761,15
316,7b5da74713d6434883aea4ee,M03,4,9.61,10.137976841,21
316,7b5da74713d6434883aea4ee,M04,4,9.14,9.7844594601,21
316,7b5da74713d6434883aea4ee,M05,4,9.44,9.80398769819,21
316,7b5da74713d6434883aea4ee,M06,4,12.12,14.2865153726,21
316,7b5da74713d6434883aea4ee,M07,4,13.26,16.2065345983,30
316,7b5da74713d6434883aea4ee,M08,4,17.7,18.1367520765,30
316,7b5da74713d6434883aea4ee,M09,4,17.11,17.5257603146,30
316,7b5da74713d6434883aea4ee,M10,4,19.11,18.6578704502,30
316,7b5da74713d6434883aea4ee,M11,4,19.13,18.5048973232,30
316,7b5da74713d6434883aea4ee,M12,4,25.42,27.0667444826,45
316,7b5da74713d6434883aea4ee,M13,4,25.53,27.1212558953,60
316,7b5da74713d6434883aea4ee,M14,4,22.71,25.9969768343,60
316,7b5da74713d6434883aea4ee,M15,4,25.41,27.2111007049,60
316,7b5da74713d6434883aea4ee,M16,4,53.99,57.1944539033,100
316,7b5da74713d6434883aea4ee,M17,4,6.93,7.69207201732,14
316,7b5da74713d6434883aea4ee,M18,4,9.55,9.78076310512,21
316,7b5da74713d6434883aea4ee,M19,4,6.9,9.0043314601,21
316,7b5da74713d6434883aea4ee,M20,4,8.58,12.0317306376,20
316,7b5da74713d6434883aea4ee,M21,4,6.11,8.76543643701,21
316,7b5da74713d6434883aea4ee,M22,4,13.48,22.0772736118,45
316,7b5da74713d6434883aea4ee,M23,4,12.44,20.9539213001,45
316,7b5da74713d6434883aea4ee,M24,4,13.51,22.1615415758,45
316,7b5da74713d6434883aea4ee,M25,4,14.61,14.3583211792,20
316,7b5da74713d6434883aea4ee,M26,4,13.42,13.6553621656,20
316,7b5da74713d6434883aea4ee,M27,4,17.7,16.9888193236,30
316,7b5da74713d6434883aea4ee,M28,4,15.97,16.1115310951,30
316,7b5da74713d6434883aea4ee,M29,4,17.63,17.0365361504,30
316,7b5da74713d6434883aea4ee,M30,4,11.07,10.0920913504,21
317,31889a52aaae5d9d746527d9,M01,1,7.84,8.15463967166,10
317,31889a52aaae5d9d746527d9,M02,1,10.75,11.2477993902,15
317,31889a52aaae5d9d746527d9,M03,1,12.71,12.8160526375,21
317,31889a52aaae5d9d746527d9,M04,1,12.01,12.4010915153,21
317,31889a52aaae5d9d746527d9,M05,1,12.13,12.4905930376,21
317,31889a52aaae5d9d746527d9,M06,1,15.02,15.3355839935,21
317,31889a52aaae5d9d746527d9,M07,1,17.96,18.252964922,30
317,31889a52aaae5d9d746527d9,M08,1,22.14,22.2371243181,30
317,31889a52aaae5d9d746527d9,M09,1,21.34,21.4157731522,30
317,31889a52aaae5d9d746527d9,M10,1,23.51,23.1458845033,30
317,31889a52aaae5d9d746527d9,M11,1,22.87,22.9402644225,30
317,31889a52aaae5d9d746527d9,M12,1,32.87,34.4879679102,45
317,31889a52aaae5d9d746527d9,M13,1,33.37,34.9184066317,60
317,31889a52aaae5d9d746527d9,M14,1,30.81,33.5971419668,60
317,31889a52aaae5d9d746527d9,M15,1,34.52,35.3606920776,60
317,31889a52aaae5d9d746527d9,M16,1,62.51,64.0427815916,100
317,31889a52aaae5d9d746527d9,M17,1,8.87,8.47492995954,14
317,31889a52aaae5d9d746527d9,M18,1,12.44,12.4037137193,21
317,31889a52aaae5d9d746527d9,M19,1,9.81,11.50247822,21
317,31889a52aaae5d9d746527d9,M20,1,13.67,13.9781783889,20
317,31889a52aaae5d9d746527d9,M21,1,10.16,11.2921848709,21
317,31889a52aaae5d9d746527d9,M22,1,25.55,27.2151006499,45
317,31889a52aaae5d9d746527d9,M23,1,20.4,24.762240546,45
317,31889a52aaae5d9d746527d9,M24,1,21.72,27.2997830713,45
317,31889a52aaae5d9d746527d9,M25,1,15.21,15.2814043666,20
317,31889a52aaae5d9d746527d9,M26,1,14.19,14.5984698468,20
317,31889a52aaae5d9d746527d9,M27,1,19.17,19.477931174,30
317,31889a52aaae5d9d746527d9,M28,1,17.7,18.6795515006,30
317,31889a52aaae5d9d746527d9,M29,1,19.48,19.5821750644,30
317,31889a52aaae5d9d746527d9,M30,1,12.28,12.8193878077,21
320,ef8a15c0d2220d2839b1ab33,M01,1,7.97,8.30883869941,10
320,ef8a15c0d2220d2839b1ab33,M02,1,10.96,11.3607138184,15
320,ef8a15c0d2220d2839b1ab33,M03,1,13.09,12.985218202,21
320,ef8a15c0d2220d2839b1ab33,M04,1,12.48,12.6587724661,21
320,ef8a15c0d2220d2839b1ab33,M05,1,12.44,12.7314020693,21
320,ef8a15c0d2220d2839b1ab33,M06,1,15.3,15.6969068492,21
320,ef8a15c0d2220d2839b1ab33,M07,1,18.6,18.6270485445,30
320,ef8a15c0d2220d2839b1ab33,M08,1,22.66,23.0057336595,30
320,ef8a15c0d2220d2839b1ab33,M09,1,21.84,22.3496175469,30
320,ef8a15c0d2220d2839b1ab33,M10,1,23.92,23.9327618987,30
320,ef8a15c0d2220d2839b1ab33,M11,1,23.34,23.8123513936,30
320,ef8a15c0d2220d2839b1ab33,M12,1,33.83,34.4655755844,45
320,ef8a15c0d2220d2839b1ab33,M13,1,34.57,34.6856201674,60
320,ef8a15c0d2220d2839b1ab33,M14,1,32.17,33.6399615036,60
320,ef8a15c0d2220d2839b1ab33,M15,1,35.54,35.0622377561,60
320,ef8a15c0d2220d2839b1ab33,M16,1,63.83,64.7228117575,100
320,ef8a15c0d2220d2839b1ab33,M17,1,8.86,8.56620677633,14
320,ef8a15c0d2220d2839b1ab33,M18,1,12.83,12.6551143867,21
320,ef8a15c0d2220d2839b1ab33,M19,1,10.6,11.6518409048,21
320,ef8a15c0d2220d2839b1ab33,M20,1,16.7,15.2738810866,20
320,ef8a15c0d2220d2839b1ab33,M21,1,11.78,11.5729129885,21
320,ef8a15c0d2220d2839b1ab33,M22,1,33.42,31.41097586,45
320,ef8a15c0d2220d2839b1ab33,M23,1,25.19,30.1137192626,45
320,ef8a15c0d2220d2839b1ab33,M24,1,33.65,31.5882029711,45
320,ef8a15c0d2220d2839b1ab33,M25,1,15.41,15.5693538962,20
320,ef8a15c0d2220d2839b1ab33,M26,1,14.4,15.0100281306,20
320,ef8a15c0d2220d2839b1ab33,M27,1,19.64,19.5725153203,30
320,ef8a15c0d2220d2839b1ab33,M28,1,18.24,18.9471359413,30
320,ef8a15c0d2220d2839b1ab33,M29,1,19.84,19.6455555729,30
320,ef8a15c0d2220d2839b1ab33,M30,1,12.77,12.9564781457,21
321,1380bc3c592cb520da597f09,M01,0,8.85,8.89289398191,10
321,1380bc3c592cb520da597f09,M02,0,11.53,12.4929600309,15
321,1380bc3c592cb520da597f09,M03,0,13.96,14.5451624964,21
321,1380bc3c592cb520da597f09,M04,0,13.05,13.9433695166,21
321,1380bc3c592cb520da597f09,M05,0,13.33,14.0529225613,21
321,1380bc3c592cb520da597f09,M06,0,16.77,17.1718941557,21
321,1380bc3c592cb520da597f09,M07,0,19.83,20.2895230133,30
321,1380bc3c592cb520da597f09,M08,0,23.83,24.8679823957,30
321,1380bc3c592cb520da597f09,M09,0,22.61,23.8635383266,30
321,1380bc3c592cb520da597f09,M10,0,25.24,25.8773582698,30
321,1380bc3c592cb520da597f09,M11,0,24.52,25.712824202,30
321,1380bc3c592cb520da597f09,M12,0,35.64,37.8556821368,45
321,1380bc3c592cb520da597f09,M13,0,37.86,38.9986359033,60
321,1380bc3c592cb520da597f09,M14,0,35.35,37.9593632839,60
321,1380bc3c592cb520da597f09,M15,0,38.02,39.0469003232,60
321,1380bc3c592cb520da597f09,M16,0,67.31,68.3586269567,100
321,1380bc3c592cb520da597f09,M17,0,9.26,9.50071420124,14
321,1380bc3c592cb520da597f09,M18,0,13.32,13.8344569076,21
321,1380bc3c592cb520da597f09,M19,0,12.75,14.3303442251,21
321,1380bc3c592cb520da597f09,M20,0,10.68,15.5216449921,20
321,1380bc3c592cb520da597f09,M21,0,12.01,13.3782248586,21
321,1380bc3c592cb520da597f09,M22,0,30.84,33.1670641514,45
321,1380bc3c592cb520da597f09,M23,0,27.45,32.7636157446,45
321,1380bc3c592cb520da597f09,M24,0,31.15,33.2774524732,45
321,1380bc3c592cb520da597f09,M25,0,16.49,16.7138985006,20
321,1380bc3c592cb520da597f09,M26,0,15.32,15.9179805251,20
321,1380bc3c592cb520da597f09,M27,0,21.41,20.7669419843,30
321,1380bc3c592cb520da597f09,M28,0,19.86,19.9576217905,30
321,1380bc3c592cb520da597f09,M29,0,21.19,20.6914314447,30
321,1380bc3c592cb520da597f09,M30,0,14.01,14.6025041472,21
322,14812f6f91f22e7ecc6c321a,M01,3,6.54,4.72273278666,10
322,14812f6f91f22e7ecc6c321a,M02,3,8.91,5.70468508658,15
322,14812f6f91f22e7ecc6c321a,M03,3,8.79,5.15396404274,21
322,14812f6f91f22e7ecc6c321a,M04,3,8.08,4.99896388456,21
322,14812f6f91f22e7ecc6c321a,M05,3,8.01,4.80309178521,21
322,14812f6f91f22e7ecc6c321a,M06,3,10.99,6.32940429193,21
322,14812f6f91f22e7ecc6c321a,M07,3,12.04,6.23646340737,30
322,14812f6f91f22e7ecc6c321a,M08,3,16.53,8.41088994661,30
322,14812f6f91f22e7ecc6c321a,M09,3,15.51,7.93881166955,30
322,14812f6f91f22e7ecc6c321a,M10,3,17.9,8.74398946609,30
322,14812f6f91f22e7ecc6c321a,M11,3,17.18,8.43661910678,30
322,14812f6f91f22e7ecc6c321a,M12,3,23.47,9.38713705628,45
322,14812f6f91f22e7ecc6c321a,M13,3,22.53,9.60717177633,60
322,14812f6f91f22e7ecc6c321a,M14,3,19.55,8.69459086869,60
322,14812f6f91f22e7ecc6c321a,M15,3,22.54,9.5748598759,60
322,14812f6f91f22e7ecc6c321a,M16,3,50.5,25.0318019467,100
322,14812f6f91f22e7ecc6c321a,M17,3,6.37,3.46284519481,14
322,14812f6f91f22e7ecc6c321a,M18,3,8.73,5.06704831313,21
322,14812f6f91f22e7ecc6c321a,M19,3,5.38,4.77454424009,21
322,14812f6f91f22e7ecc6c321a,M20,3,7.74,5.71971169553,20
322,14812f6f91f22e7ecc6c321a,M21,3,5.28,4.73840478555,21
322,14812f6f91f22e7ecc6c321a,M22,3,11.66,7.78849565368,45
322,14812f6f91f22e7ecc6c321a,M23,3,10.39,7.09002190043,45
322,14812f6f91f22e7ecc6c321a,M24,3,11.4,7.7346492381,45
322,14812f6f91f22e7ecc6c321a,M25,3,13.07,8.93141860784,20
322,14812f6f91f22e7ecc6c321a,M26,3,11.89,8.28023079831,20
322,14812f6f91f22e7ecc6c321a,M27,3,14.66,9.1609700969,30
322,14812f6f91f22e7ecc6c321a,M28,3,12.93,8.27740240837,30
322,14812f6f91f22e7ecc6c321a,M29,3,14.42,9.01438332035,30
322,14812f6f91f22e7ecc6c321a,M30,3,8.82,5.39834116539,21
323,0875c4610309c2d8522eaa6d,M01,0,7.85,7.778656329,10
323,0875c4610309c2d8522eaa6d,M02,0,10.48,10.2540356926,15
323,0875c4610309c2d8522eaa6d,M03,0,11.81,11.1267316104,21
323,0875c4610309c2d8522eaa6d,M04,0,10.91,10.7368469452,21
323,0875c4610309c2d8522eaa6d,M05,0,11.11,10.7707004257,21
323,0875c4610309c2d8522eaa6d,M06,0,14.52,14.4743550707,21
323,0875c4610309c2d8522eaa6d,M07,0,16.49,16.352156478,30
323,0875c4610309c2d8522eaa6d,M08,0,20.8,20.2704763131,30
323,0875c4610309c2d8522eaa6d,M09,0,19.58,19.3674687944,30
323,0875c4610309c2d8522eaa6d,M10,0,22.3,21.1603534704,30
323,0875c4610309c2d8522eaa6d,M11,0,21.59,20.9994391243,30
323,0875c4610309c2d8522eaa6d,M12,0,30.35,29.5784140379,45
323,0875c4610309c2d8522eaa6d,M13,0,31.5,29.6259196886,60
323,0875c4610309c2d8522eaa6d,M14,0,28.36,27.6895021969,60
323,0875c4610309c2d8522eaa6d,M15,0,31.69,29.8945563137,60
323,0875c4610309c2d8522eaa6d,M16,0,60.44,60.2565401032,100
323,0875c4610309c2d8522eaa6d,M17,0,8.12,7.95825243867,14
323,0875c4610309c2d8522eaa6d,M18,0,11.37,10.7840575916,21
323,0875c4610309c2d8522eaa6d,M19,0,9.97,9.59223716739,21
323,0875c4610309c2d8522eaa6d,M20,0,12.16,12.2199025512,20
323,0875c4610309c2d8522eaa6d,M21,0,9.38,9.28540886436,21
323,0875c4610309c2d8522eaa6d,M22,0,23.71,22.6658146898,45
323,0875c4610309c2d8522eaa6d,M23,0,20.64,20.1851101991,45
323,0875c4610309c2d8522eaa6d,M24,0,24.06,23.5073545859,45
323,0875c4610309c2d8522eaa6d,M25,0,15.15,14.7474734192,20
323,0875c4610309c2d8522eaa6d,M26,0,13.96,13.9482261429,20
323,0875c4610309c2d8522eaa6d,M27,0,18.78,18.188638909,30
323,0875c4610309c2d8522eaa6d,M28,0,17.02,16.8632507085,30
323,0875c4610309c2d8522eaa6d,M29,0,18.66,18.2230622034,30
323,0875c4610309c2d8522eaa6d,M30,0,11.84,11.1289200866,21
325,b8393da9715f408e65c6f2e3,M01,0,8.1,8.27441297991,10
325,b8393da9715f408e65c6f2e3,M02,0,11.11,11.4134069841,15
325,b8393da9715f408e65c6f2e3,M03,0,13.43,12.9277236043,21
325,b8393da9715f408e65c6f2e3,M04,0,12.79,12.6157150668,21
325,b8393da9715f408e65c6f2e3,M05,0,12.8,12.6658380509,21
325,b8393da9715f408e65c6f2e3,M06,0,15.66,15.9179376412,21
325,b8393da9715f408e65c6f2e3,M07,0,19.12,19.0391170041,30
325,b8393da9715f408e65c6f2e3,M08,0,23.12,23.1606519124,30
325,b8393da9715f408e65c6f2e3,M09,0,22.28,22.3344697215,30
325,b8393da9715f408e65c6f2e3,M10,0,24.35,24.104858368,30
325,b8393da9715f408e65c6f2e3,M11,0,23.79,23.9749291775,30
325,b8393da9715f408e65c6f2e3,M12,0,34.63,34.8993531596,45
325,b8393da9715f408e65c6f2e3,M13,0,35.64,35.1258654496,60
325,b8393da9715f408e65c6f2e3,M14,0,33.33,33.953604775,60
325,b8393da9715f408e65c6f2e3,M15,0,36.52,35.4435927267,60
325,b8393da9715f408e65c6f2e3,M16,0,64.96,65.3193561421,100
325,b8393da9715f408e65c6f2e3,M17,0,9.03,8.71485196936,14
325,b8393da9715f408e65c6f2e3,M18,0,13.12,12.6090603063,21
325,b8393da9715f408e65c6f2e3,M19,0,11.22,11.549604325,21
325,b8393da9715f408e65c6f2e3,M20,0,17.89,15.3254394024,20
325,b8393da9715f408e65c6f2e3,M21,0,12.73,11.5846970927,21
325,b8393da9715f408e65c6f2e3,M22,0,37.83,30.7905007244,45
325,b8393da9715f408e65c6f2e3,M23,0,27.5,29.4495415224,45
325,b8393da9715f408e65c6f2e3,M24,0,38.24,31.0467078798,45
325,b8393da9715f408e65c6f2e3,M25,0,15.63,15.7434086912,20
325,b8393da9715f408e65c6f2e3,M26,0,14.6,15.0368466004,20
325,b8393da9715f408e65c6f2e3,M27,0,20.08,20.0295795094,30
325,b8393da9715f408e65c6f2e3,M28,0,18.7,19.2086205685,30
325,b8393da9715f408e65c6f2e3,M29,0,20.23,20.0418359856,30
325,b8393da9715f408e65c6f2e3,M30,0,13.13,12.9546361441,21
326,9140024943d858a024a6c938,M01,4,7.75,7.51562606627,10
326,9140024943d858a024a6c938,M02,4,10.31,9.55964879199,15
326,9140024943d858a024a6c938,M03,4,11.54,10.2494543576,21
326,9140024943d858a024a6c938,M04,4,10.66,9.85889831435,21
326,9140024943d858a024a6c938,M05,4,10.84,9.87629572705,21
326,9140024943d858a024a6c938,M06,4,14.32,14.6958742658,21
326,9140024943d858a024a6c938,M07,4,16.17,16.6498812173,30
326,9140024943d858a024a6c938,M08,4,20.48,18.7732334013,30
326,9140024943d858a024a6c938,M09,4,19.29,18.1558046076,30
326,9140024943d858a024a6c938,M10,4,21.89,19.2827870766,30
326,9140024943d858a024a6c938,M11,4,21.07,19.1518549496,30
326,9140024943d858a024a6c938,M12,4,29.98,27.3076398044,45
326,9140024943d858a024a6c938,M13,4,31.36,27.4016640584,60
326,9140024943d858a024a6c938,M14,4,28.46,26.3397468862,60
326,9140024943d858a024a6c938,M15,4,30.72,27.4891935663,60
326,9140024943d858a024a6c938,M16,4,60.34,57.8192127619,100
326,9140024943d858a024a6c938,M17,4,7.97,7.84083419192,14
326,9140024943d858a024a6c938,M18,4,11.15,9.81597676457,21
326,9140024943d858a024a6c938,M19,4,8.72,9.28619831724,21
326,9140024943d858a024a6c938,M20,4,11.03,12.87601759,20
326,9140024943d858a024a6c938,M21,4,8.18,8.98306199256,21
326,9140024943d858a024a6c938,M22,4,20.14,24.7722918687,45
326,9140024943d858a024a6c938,M23,4,17.5,23.5854190577,45
326,9140024943d858a024a6c938,M24,4,20.22,24.8845010505,45
326,9140024943d858a024a6c938,M25,4,14.99,14.7068391943,20
326,9140024943d858a024a6c938,M26,4,13.86,14.0012086367,20
326,9140024943d858a024a6c938,M27,4,18.57,17.3938241764,30
326,9140024943d858a024a6c938,M28,4,16.9,16.5327407575,30
326,9140024943d858a024a6c938,M29,4,18.14,17.4253446223,30
326,9140024943d858a024a6c938,M30,4,11.6,10.2188622004,21
328,f23a727fbe1c6f18cb88859c,M01,1,6.54,6.43467433566,10
328,f23a727fbe1c6f18cb88859c,M02,1,8.7,7.94268536674,15
328,f23a727fbe1c6f18cb88859c,M03,1,8.42,7.91471554967,21
328,f23a727fbe1c6f18cb88859c,M04,1,7.97,7.55633891331,21
328,f23a727fbe1c6f18cb88859c,M05,1,7.96,7.5290091514,21
328,f23a727fbe1c6f18cb88859c,M06,1,10.86,10.6858475913,21
328,f23a727fbe1c6f18cb88859c,M07,1,11.42,11.3552030891,30
328,f23a727fbe1c6f18cb88859c,M08,1,15.78,14.7590524127,30
328,f23a727fbe1c6f18cb88859c,M09,1,15.18,14.4543612641,30
328,f23a727fbe1c6f18cb88859c,M10,1,17.29,15.1949638672,30
328,f23a727fbe1c6f18cb88859c,M11,1,17,15.0110149221,30
328,f23a727fbe1c6f18cb88859c,M12,1,22.11,19.7808804901,45
328,f23a727fbe1c6f18cb88859c,M13,1,21.93,19.5073550485,60
328,f23a727fbe1c6f18cb88859c,M14,1,19.32,19.0463598797,60
328,f23a727fbe1c6f18cb88859c,M15,1,21.59,19.7009529663,60
328,f23a727fbe1c6f18cb88859c,M16,1,49.67,46.4331123964,100
328,f23a727fbe1c6f18cb88859c,M17,1,6.34,6.1375553088,14
328,f23a727fbe1c6f18cb88859c,M18,1,8.54,7.61502319947,21
328,f23a727fbe1c6f18cb88859c,M19,1,5.51,5.58393962193,21
328,f23a727fbe1c6f18cb88859c,M20,1,7.68,7.97400551049,20
328,f23a727fbe1c6f18cb88859c,M21,1,5.35,5.54467968831,21
328,f23a727fbe1c6f18cb88859c,M22,1,11.56,11.7679951025,45
328,f23a727fbe1c6f18cb88859c,M23,1,10.65,11.311765381,45
328,f23a727fbe1c6f18cb88859c,M24,1,11.16,11.7284330952,45
328,f23a727fbe1c6f18cb88859c,M25,1,13.62,12.9003089019,20
328,f23a727fbe1c6f18cb88859c,M26,1,12.43,12.2988001223,20
328,f23a727fbe1c6f18cb88859c,M27,1,15.73,14.6711652828,30
328,f23a727fbe1c6f18cb88859c,M28,1,13.93,13.7387982208,30
328,f23a727fbe1c6f18cb88859c,M29,1,15.04,14.5865367027,30
328,f23a727fbe1c6f18cb88859c,M30,1,9.25,8.04197764491,21
330,941763538c16ab57ad9d0f47,M01,4,5.56,6.60416857143,10
330,941763538c16ab57ad9d0f47,M02,4,7.49,8.69603468354,15
330,941763538c16ab57ad9d0f47,M03,4,6.54,8.65395423132,21
330,941763538c16ab57ad9d0f47,M04,4,6.35,8.18409557087,21
330,941763538c16ab57ad9d0f47,M05,4,6.3,8.16596799423,21
330,941763538c16ab57ad9d0f47,M06,4,8.44,11.3718566457,21
330,941763538c16ab57ad9d0f47,M07,4,8.67,12.0362215786,30
330,941763538c16ab57ad9d0f47,M08,4,12.67,16.2205641789,30
330,941763538c16ab57ad9d0f47,M09,4,12.47,15.6824550043,30
330,941763538c16ab57ad9d0f47,M10,4,14.1,17.0912785379,30
330,941763538c16ab57ad9d0f47,M11,4,14.08,16.9452864378,30
330,941763538c16ab57ad9d0f47,M12,4,17.14,22.1041146024,45
330,941763538c16ab57ad9d0f47,M13,4,16.12,21.6827727496,60
330,941763538c16ab57ad9d0f47,M14,4,14.14,20.3737392039,60
330,941763538c16ab57ad9d0f47,M15,4,15.83,21.8919255375,60
330,941763538c16ab57ad9d0f47,M16,4,38.91,50.8260742287,100
330,941763538c16ab57ad9d0f47,M17,4,5.13,6.46736093651,14
330,941763538c16ab57ad9d0f47,M18,4,6.89,8.43394237762,21
330,941763538c16ab57ad9d0f47,M19,4,4.91,5.83978626263,21
330,941763538c16ab57ad9d0f47,M20,4,6.51,8.55664767921,20
330,941763538c16ab57ad9d0f47,M21,4,4.82,5.7401025974,21
330,941763538c16ab57ad9d0f47,M22,4,9.57,12.2493682395,45
330,941763538c16ab57ad9d0f47,M23,4,8.75,11.7038955469,45
330,941763538c16ab57ad9d0f47,M24,4,9.67,12.2030798384,45
330,941763538c16ab57ad9d0f47,M25,4,13.46,13.1270617128,20
330,941763538c16ab57ad9d0f47,M26,4,12.34,12.3811978687,20
330,941763538c16ab57ad9d0f47,M27,4,15.67,14.6209028173,30
330,941763538c16ab57ad9d0f47,M28,4,13.9,13.6148866753,30
330,941763538c16ab57ad9d0f47,M29,4,14.58,14.5396671905,30
330,941763538c16ab57ad9d0f47,M30,4,8.88,8.87685794561,21
331,acb7f133587b4d087f763ec9,M01,1,8.98,8.11553659296,10
331,acb7f133587b4d087f763ec9,M02,1,12.49,10.8863341465,15
331,acb7f133587b4d087f763ec9,M03,1,15.08,11.9691941018,21
331,acb7f133587b4d087f763ec9,M04,1,13.74,11.7049250874,21
331,acb7f133587b4d087f763ec9,M05,1,14.12,11.7824740715,21
331,acb7f133587b4d087f763ec9,M06,1,18.93,15.7495203665,21
331,acb7f133587b4d087f763ec9,M07,1,21.43,19.315138557,30
331,acb7f133587b4d087f763ec9,M08,1,25.43,20.5558030823,30
331,acb7f133587b4d087f763ec9,M09,1,23.34,20.1785928918,30
331,acb7f133587b4d087f763ec9,M10,1,26.93,21.2301261602,30
331,acb7f133587b4d087f763ec9,M11,1,25.8,21.0840563939,30
331,acb7f133587b4d087f763ec9,M12,1,36.72,32.6916783248,45
331,acb7f133587b4d087f763ec9,M13,1,38.35,32.9674717793,60
331,acb7f133587b4d087f763ec9,M14,1,35.83,32.5952176249,60
331,acb7f133587b4d087f763ec9,M15,1,37.64,33.121400586,60
331,acb7f133587b4d087f763ec9,M16,1,67.88,62.1330712567,100
331,acb7f133587b4d087f763ec9,M17,1,10.21,8.42467560018,14
331,acb7f133587b4d087f763ec9,M18,1,13.95,11.554578604,21
331,acb7f133587b4d087f763ec9,M19,1,15.64,10.8881664628,21
331,acb7f133587b4d087f763ec9,M20,1,14.56,12.7125586263,20
331,acb7f133587b4d087f763ec9,M21,1,13.39,10.6932761136,21
331,acb7f133587b4d087f763ec9,M22,1,31.47,23.7139932468,45
331,acb7f133587b4d087f763ec9,M23,1,27.73,23.0395702785,45
331,acb7f133587b4d087f763ec9,M24,1,31.16,24.2114546768,45
331,acb7f133587b4d087f763ec9,M25,1,15.85,15.6666877302,20
331,acb7f133587b4d087f763ec9,M26,1,14.72,15.0539159567,20
331,acb7f133587b4d087f763ec9,M27,1,20.27,20.5231274603,30
331,acb7f133587b4d087f763ec9,M28,1,18.72,19.8886627864,30
331,acb7f133587b4d087f763ec9,M29,1,19.94,20.4787557778,30
331,acb7f133587b4d087f763ec9,M30,1,15.28,11.9586453875,21
332,a8fee72d826a954e87bca6f7,M01,3,8.37,8.17946832801,10
332,a8fee72d826a954e87bca6f7,M02,3,11.52,11.6284155655,15
332,a8fee72d826a954e87bca6f7,M03,3,13.86,13.2619951907,21
332,a8fee72d826a954e87bca6f7,M04,3,12.83,12.9654697645,21
332,a8fee72d826a954e87bca6f7,M05,3,13.15,13.0239172565,21
332,a8fee72d826a954e87bca6f7,M06,3,16.71,15.9844102058,21
332,a8fee72d826a954e87bca6f7,M07,3,19.45,19.0186560319,30
332,a8fee72d826a954e87bca6f7,M08,3,23.63,22.9433300484,30
332,a8fee72d826a954e87bca6f7,M09,3,22.43,22.272531463,30
332,a8fee72d826a954e87bca6f7,M10,3,25.15,23.8215361169,30
332,a8fee72d826a954e87bca6f7,M11,3,24.52,23.7400296522,30
332,a8fee72d826a954e87bca6f7,M12,3,35.96,35.0327981067,45
332,a8fee72d826a954e87bca6f7,M13,3,37.38,35.1985185584,60
332,a8fee72d826a954e87bca6f7,M14,3,35.22,34.1263735152,60
332,a8fee72d826a954e87bca6f7,M15,3,38.07,35.4676010722,60
332,a8fee72d826a954e87bca6f7,M16,3,66.88,63.9557957071,100
332,a8fee72d826a954e87bca6f7,M17,3,8.92,8.83285460795,14
332,a8fee72d826a954e87bca6f7,M18,3,13.12,12.8366541515,21
332,a8fee72d826a954e87bca6f7,M19,3,12.34,11.8650749759,21
332,a8fee72d826a954e87bca6f7,M20,3,14.69,15.7025043014,20
332,a8fee72d826a954e87bca6f7,M21,3,14.25,11.778732844,21
332,a8fee72d826a954e87bca6f7,M22,3,29.4,32.9981176811,45
332,a8fee72d826a954e87bca6f7,M23,3,33.45,30.4893070678,45
332,a8fee72d826a954e87bca6f7,M24,3,30.56,33.0412360736,45
332,a8fee72d826a954e87bca6f7,M25,3,16,15.8021608537,20
332,a8fee72d826a954e87bca6f7,M26,3,14.98,15.3466773794,20
332,a8fee72d826a954e87bca6f7,M27,3,20.81,20.0230274064,30
332,a8fee72d826a954e87bca6f7,M28,3,19.48,19.2199140377,30
332,a8fee72d826a954e87bca6f7,M29,3,20.83,20.0856446386,30
332,a8fee72d826a954e87bca6f7,M30,3,13.53,13.2643178097,21
333,14b53177e66a60df70f283c4,M01,3,7.04,6.38234700033,10
333,14b53177e66a60df70f283c4,M02,3,9.76,8.15299961183,15
333,14b53177e66a60df70f283c4,M03,3,10.47,8.04767936641,21
333,14b53177e66a60df70f283c4,M04,3,9.98,7.51777892197,21
333,14b53177e66a60df70f283c4,M05,3,9.28,7.47622779643,21
333,14b53177e66a60df70f283c4,M06,3,12.62,10.3651345743,21
333,14b53177e66a60df70f283c4,M07,3,14.59,11.0823825729,30
333,14b53177e66a60df70f283c4,M08,3,19.01,15.3263033362,30
333,14b53177e66a60df70f283c4,M09,3,18.08,14.7793764488,30
333,14b53177e66a60df70f283c4,M10,3,20.34,16.1124482684,30
333,14b53177e66a60df70f283c4,M11,3,19.03,15.7309049968,30
333,14b53177e66a60df70f283c4,M12,3,27.6,20.3648945413,45
333,14b53177e66a60df70f283c4,M13,3,27,19.8681037347,60
333,14b53177e66a60df70f283c4,M14,3,24.22,18.9210426813,60
333,14b53177e66a60df70f283c4,M15,3,27.64,20.2321113206,60
333,14b53177e66a60df70f283c4,M16,3,55.63,46.092270811,100
333,14b53177e66a60df70f283c4,M17,3,7.56,6.05293768687,14
333,14b53177e66a60df70f283c4,M18,3,10.68,7.73272739683,21
333,14b53177e66a60df70f283c4,M19,3,5.89,5.80609552814,21
333,14b53177e66a60df70f283c4,M20,3,8.99,8.55768046398,20
333,14b53177e66a60df70f283c4,M21,3,6.18,5.77686815729,21
333,14b53177e66a60df70f283c4,M22,3,14.19,12.2363848701,45
333,14b53177e66a60df70f283c4,M23,3,12.59,11.578536632,45
333,14b53177e66a60df70f283c4,M24,3,14.09,12.236627824,45
333,14b53177e66a60df70f283c4,M25,3,12.75,12.8255440115,20
333,14b53177e66a60df70f283c4,M26,3,11.62,12.1992809683,20
333,14b53177e66a60df70f283c4,M27,3,13.97,14.5708207114,30
333,14b53177e66a60df70f283c4,M28,3,12.4,13.4833379134,30
333,14b53177e66a60df70f283c4,M29,3,13.86,14.4618904228,30
333,14b53177e66a60df70f283c4,M30,3,8.38,8.2381805873,21
336,9a7a2dc286dfaeb87974f4bc,M01,4,5.79,6.97805264169,10
336,9a7a2dc286dfaeb87974f4bc,M02,4,7.86,9.88886116517,15
336,9a7a2dc286dfaeb87974f4bc,M03,4,7.1,9.99636680009,21
336,9a7a2dc286dfaeb87974f4bc,M04,4,6.84,9.80244201221,21
336,9a7a2dc286dfaeb87974f4bc,M05,4,6.89,9.79441138739,21
336,9a7a2dc286dfaeb87974f4bc,M06,4,9.15,12.3490960289,21
336,9a7a2dc286dfaeb87974f4bc,M07,4,9.55,13.4601222049,30
336,9a7a2dc286dfaeb87974f4bc,M08,4,13.9,17.3764551823,30
336,9a7a2dc286dfaeb87974f4bc,M09,4,13.61,16.8649331188,30
336,9a7a2dc286dfaeb87974f4bc,M10,4,15.24,17.7855336931,30
336,9a7a2dc286dfaeb87974f4bc,M11,4,15.22,17.5083348183,30
336,9a7a2dc286dfaeb87974f4bc,M12,4,19.35,24.5989409061,45
336,9a7a2dc286dfaeb87974f4bc,M13,4,18.28,24.5158603029,60
336,9a7a2dc286dfaeb87974f4bc,M14,4,16.47,23.1754248368,60
336,9a7a2dc286dfaeb87974f4bc,M15,4,17.8,24.6896652236,60
336,9a7a2dc286dfaeb87974f4bc,M16,4,45,52.6735807087,100
336,9a7a2dc286dfaeb87974f4bc,M17,4,5.57,6.94825949883,14
336,9a7a2dc286dfaeb87974f4bc,M18,4,7.42,9.85472683183,21
336,9a7a2dc286dfaeb87974f4bc,M19,4,5.12,7.16625773882,21
336,9a7a2dc286dfaeb87974f4bc,M20,4,7.09,9.49741132612,20
336,9a7a2dc286dfaeb87974f4bc,M21,4,5.03,7.09751342136,21
336,9a7a2dc286dfaeb87974f4bc,M22,4,10.55,16.4118380073,45
336,9a7a2dc286dfaeb87974f4bc,M23,4,9.98,15.5329628975,45
336,9a7a2dc286dfaeb87974f4bc,M24,4,10.5,16.435845038,45
336,9a7a2dc286dfaeb87974f4bc,M25,4,13.57,12.595394759,20
336,9a7a2dc286dfaeb87974f4bc,M26,4,12.54,12.1220246003,20
336,9a7a2dc286dfaeb87974f4bc,M27,4,15.91,14.4618187739,30
336,9a7a2dc286dfaeb87974f4bc,M28,4,14.36,13.7698658975,30
336,9a7a2dc286dfaeb87974f4bc,M29,4,15.31,14.4141574838,30
336,9a7a2dc286dfaeb87974f4bc,M30,4,9.32,9.9365069112,21
337,7774acbf550d6a1275a6d824,M01,3,8.7,8.206181556,10
337,7774acbf550d6a1275a6d824,M02,3,11.67,11.9857325331,15
337,7774acbf550d6a1275a6d824,M03,3,14.42,13.6790326128,21
337,7774acbf550d6a1275a6d824,M04,3,13.21,13.3185494787,21
337,7774acbf550d6a1275a6d824,M05,3,13.67,13.3775464629,21
337,7774acbf550d6a1275a6d824,M06,3,17.25,16.4188950519,21
337,7774acbf550d6a1275a6d824,M07,3,20.32,19.4382503652,30
337,7774acbf550d6a1275a6d824,M08,3,24.17,23.6314091612,30
337,7774acbf550d6a1275a6d824,M09,3,23.01,22.84743319,30
337,7774acbf550d6a1275a6d824,M10,3,25.74,24.6967764603,30
337,7774acbf550d6a1275a6d824,M11,3,25.14,24.6157720043,30
337,7774acbf550d6a1275a6d824,M12,3,37.13,36.5864297792,45
337,7774acbf550d6a1275a6d824,M13,3,38.8,37.0241848297,60
337,7774acbf550d6a1275a6d824,M14,3,36.75,36.2017798211,60
337,7774acbf550d6a1275a6d824,M15,3,39.24,37.1992117417,60
337,7774acbf550d6a1275a6d824,M16,3,68.44,64.0108158586,100
337,7774acbf550d6a1275a6d824,M17,3,8.87,8.97697076668,14
337,7774acbf550d6a1275a6d824,M18,3,13.53,13.1437207576,21
337,7774acbf550d6a1275a6d824,M19,3,13.24,12.4970426304,21
337,7774acbf550d6a1275a6d824,M20,3,15.19,15.7464957247,20
337,7774acbf550d6a1275a6d824,M21,3,11.78,12.2405775122,21
337,7774acbf550d6a1275a6d824,M22,3,30.57,33.0274448696,45
337,7774acbf550d6a1275a6d824,M23,3,34.81,31.4707946906,45
337,7774acbf550d6a1275a6d824,M24,3,31.27,33.0306960052,45
337,7774acbf550d6a1275a6d824,M25,3,16.34,16.1965628644,20
337,7774acbf550d6a1275a6d824,M26,3,15.32,15.6475686758,20
337,7774acbf550d6a1275a6d824,M27,3,21.46,20.4888420254,30
337,7774acbf550d6a1275a6d824,M28,3,20.12,19.7192123076,30
337,7774acbf550d6a1275a6d824,M29,3,21.3,20.5349382735,30
337,7774acbf550d6a1275a6d824,M30,3,13.08,13.7240212189,21
338,670fa9eb64d871d2ddb202e3,M01,2,6.41,6.98036725397,10
338,670fa9eb64d871d2ddb202e3,M02,2,8.6,8.82006754834,15
338,670fa9eb64d871d2ddb202e3,M03,2,8.32,8.91793281097,21
338,670fa9eb64d871d2ddb202e3,M04,2,7.81,8.65242100289,21
338,670fa9eb64d871d2ddb202e3,M05,2,7.99,8.62972171284,21
338,670fa9eb64d871d2ddb202e3,M06,2,10.73,11.6244484949,21
338,670fa9eb64d871d2ddb202e3,M07,2,11.39,12.7876761587,30
338,670fa9eb64d871d2ddb202e3,M08,2,15.85,16.8684699774,30
338,670fa9eb64d871d2ddb202e3,M09,2,15.16,16.4600345483,30
338,670fa9eb64d871d2ddb202e3,M10,2,17.21,17.2633987393,30
338,670fa9eb64d871d2ddb202e3,M11,2,16.92,17.0779882761,30
338,670fa9eb64d871d2ddb202e3,M12,2,22.28,23.5346062139,45
338,670fa9eb64d871d2ddb202e3,M13,2,22.06,23.3297672395,60
338,670fa9eb64d871d2ddb202e3,M14,2,19.62,22.3846080563,60
338,670fa9eb64d871d2ddb202e3,M15,2,21.33,23.4843320552,60
338,670fa9eb64d871d2ddb202e3,M16,2,50.1,50.0826926007,100
338,670fa9eb64d871d2ddb202e3,M17,2,6.24,6.7559341443,14
338,670fa9eb64d871d2ddb202e3,M18,2,8.37,8.75883551804,21
338,670fa9eb64d871d2ddb202e3,M19,2,5.66,6.16772569264,21
338,670fa9eb64d871d2ddb202e3,M20,2,7.96,8.93162660306,20
338,670fa9eb64d871d2ddb202e3,M21,2,5.45,6.07563185281,21
338,670fa9eb64d871d2ddb202e3,M22,2,12.06,13.5785401055,45
338,670fa9eb64d871d2ddb202e3,M23,2,11.07,13.0601835066,45
338,670fa9eb64d871d2ddb202e3,M24,2,11.47,13.5792929294,45
338,670fa9eb64d871d2ddb202e3,M25,2,14.16,13.4960060375,20
338,670fa9eb64d871d2ddb202e3,M26,2,13,12.863060733,20
338,670fa9eb64d871d2ddb202e3,M27,2,16.95,15.3914284762,30
338,670fa9eb64d871d2ddb202e3,M28,2,15.24,14.4249505703,30
338,670fa9eb64d871d2ddb202e3,M29,2,16.48,15.3182246652,30
338,670fa9eb64d871d2ddb202e3,M30,2,10.21,8.95094622367,21
339,93316b96717ed8f0b461c8fc,M01,2,9.32,8.87784390476,10
339,93316b96717ed8f0b461c8fc,M02,2,11.81,12.2129644199,15
339,93316b96717ed8f0b461c8fc,M03,2,14.34,14.1928091554,21
339,93316b96717ed8f0b461c8fc,M04,2,13.34,13.5312034613,21
339,93316b96717ed8f0b461c8fc,M05,2,13.67,13.6346120529,21
339,93316b96717ed8f0b461c8fc,M06,2,17.36,16.9215248574,21
339,93316b96717ed8f0b461c8fc,M07,2,20.41,19.886068296,30
339,93316b96717ed8f0b461c8fc,M08,2,24.37,24.2932107398,30
339,93316b96717ed8f0b461c8fc,M09,2,23.14,23.3429233249,30
339,93316b96717ed8f0b461c8fc,M10,2,25.79,25.3694745157,30
339,93316b96717ed8f0b461c8fc,M11,2,25,25.1436096874,30
339,93316b96717ed8f0b461c8fc,M12,2,36.48,36.8958546415,45
339,93316b96717ed8f0b461c8fc,M13,2,39.32,38.1465456263,60
339,93316b96717ed8f0b461c8fc,M14,2,36.79,36.6481524539,60
339,93316b96717ed8f0b461c8fc,M15,2,39.1,38.301212026,60
339,93316b96717ed8f0b461c8fc,M16,2,68.91,66.3681803247,100
339,93316b96717ed8f0b461c8fc,M17,2,9.47,9.17383642136,14
339,93316b96717ed8f0b461c8fc,M18,2,13.57,13.5233915815,21
339,93316b96717ed8f0b461c8fc,M19,2,13.37,13.5265778048,21
339,93316b96717ed8f0b461c8fc,M20,2,14.87,15.0382706825,20
339,93316b96717ed8f0b461c8fc,M21,2,12.22,12.9174892367,21
339,93316b96717ed8f0b461c8fc,M22,2,32.95,32.8884197244,45
339,93316b96717ed8f0b461c8fc,M23,2,29.86,32.1432817388,45
339,93316b96717ed8f0b461c8fc,M24,2,33.15,32.8007690851,45
339,93316b96717ed8f0b461c8fc,M25,2,17.03,16.5870352917,20
339,93316b96717ed8f0b461c8fc,M26,2,15.72,15.4745475022,20
339,93316b96717ed8f0b461c8fc,M27,2,22.11,21.2977640173,30
339,93316b96717ed8f0b461c8fc,M28,2,20.51,20.2011169226,30
339,93316b96717ed8f0b461c8fc,M29,2,21.63,21.2248024906,30
339,93316b96717ed8f0b461c8fc,M30,2,14.39,14.204149584,21
340,252e47c2ee331e80cc378cb2,M01,1,9.64,6.54985889277,10
340,252e47c2ee331e80cc378cb2,M02,1,12.68,8.78842853513,15
340,252e47c2ee331e80cc378cb2,M03,1,15.13,8.88663534466,21
340,252e47c2ee331e80cc378cb2,M04,1,14.16,8.53925379421,21
340,252e47c2ee331e80cc378cb2,M05,1,14.35,8.48913460373,21
340,252e47c2ee331e80cc378cb2,M06,1,19.17,11.3935312034,21
340,252e47c2ee331e80cc378cb2,M07,1,21.63,12.2297470078,30
340,252e47c2ee331e80cc378cb2,M08,1,24.32,16.4461389091,30
340,252e47c2ee331e80cc378cb2,M09,1,24.13,16.1543929957,30
340,252e47c2ee331e80cc378cb2,M10,1,26.84,16.9815222597,30
340,252e47c2ee331e80cc378cb2,M11,1,25.97,16.8966351441,30
340,252e47c2ee331e80cc378cb2,M12,1,39.23,22.515966031,45
340,252e47c2ee331e80cc378cb2,M13,1,42.86,22.1375495772,60
340,252e47c2ee331e80cc378cb2,M14,1,40.69,21.5933900981,60
340,252e47c2ee331e80cc378cb2,M15,1,40.83,22.3437252373,60
340,252e47c2ee331e80cc378cb2,M16,1,72.65,46.1387153776,100
340,252e47c2ee331e80cc378cb2,M17,1,9.88,6.29650768243,14
340,252e47c2ee331e80cc378cb2,M18,1,14.13,8.56332090809,21
340,252e47c2ee331e80cc378cb2,M19,1,14.54,6.1359903895,21
340,252e47c2ee331e80cc378cb2,M20,1,17.21,8.44206320602,20
340,252e47c2ee331e80cc378cb2,M21,1,14.38,6.05178181807,21
340,252e47c2ee331e80cc378cb2,M22,1,39.38,13.4517946487,45
340,252e47c2ee331e80cc378cb2,M23,1,34.68,12.8239268334,45
340,252e47c2ee331e80cc378cb2,M24,1,37.81,13.405620565,45
340,252e47c2ee331e80cc378cb2,M25,1,19.07,13.2804032586,20
340,252e47c2ee331e80cc378cb2,M26,1,17.16,12.6419585815,20
340,252e47c2ee331e80cc378cb2,M27,1,24.4,15.3480992086,30
340,252e47c2ee331e80cc378cb2,M28,1,22.49,14.4367253861,30
340,252e47c2ee331e80cc378cb2,M29,1,22.39,15.2608056429,30
340,252e47c2ee331e80cc378cb2,M30,1,15.24,8.98649884893,21
341,fd86179619e5229f724d31d3,M01,2,4.2,8.465992893,10
341,fd86179619e5229f724d31d3,M02,2,5.62,11.8530018931,15
341,fd86179619e5229f724d31d3,M03,2,5.03,12.2692076925,21
341,fd86179619e5229f724d31d3,M04,2,4.86,12.0522516334,21
341,fd86179619e5229f724d31d3,M05,2,4.58,12.0891861096,21
341,fd86179619e5229f724d31d3,M06,2,6.47,14.4794534473,21
341,fd86179619e5229f724d31d3,M07,2,6.11,16.4518335887,30
341,fd86179619e5229f724d31d3,M08,2,7.75,20.408622733,30
341,fd86179619e5229f724d31d3,M09,2,6.88,20.1101337056,30
341,fd86179619e5229f724d31d3,M10,2,8.73,20.8103942107,30
341,fd86179619e5229f724d31d3,M11,2,8.42,20.791917671,30
341,fd86179619e5229f724d31d3,M12,2,8.76,26.7729789971,45
341,fd86179619e5229f724d31d3,M13,2,9.48,26.691199886,60
341,fd86179619e5229f724d31d3,M14,2,7.85,26.2269026595,60
341,fd86179619e5229f724d31d3,M15,2,8.95,26.7934894574,60
341,fd86179619e5229f724d31d3,M16,2,19.62,52.8957899175,100
341,fd86179619e5229f724d31d3,M17,2,2.89,8.31302540093,14
341,fd86179619e5229f724d31d3,M18,2,5.14,11.9333842842,21
341,fd86179619e5229f724d31d3,M19,2,4.27,10.3484199657,21
341,fd86179619e5229f724d31d3,M20,2,5.35,10.6831079048,20
341,fd86179619e5229f724d31d3,M21,2,4.37,10.0699061086,21
341,fd86179619e5229f724d31d3,M22,2,7.3,21.2765721674,45
341,fd86179619e5229f724d31d3,M23,2,6.29,21.0796210491,45
341,fd86179619e5229f724d31d3,M24,2,6.95,20.8858518644,45
341,fd86179619e5229f724d31d3,M25,2,8.2,15.2610755022,20
341,fd86179619e5229f724d31d3,M26,2,6.98,14.9537261443,20
341,fd86179619e5229f724d31d3,M27,2,7.86,20.0212459481,30
341,fd86179619e5229f724d31d3,M28,2,6.89,19.4183475613,30
341,fd86179619e5229f724d31d3,M29,2,7.36,19.7528987691,30
341,fd86179619e5229f724d31d3,M30,2,5.03,12.2748450259,21
342,6b29c617174b313bf63cc277,M01,2,3.81,7.43528824675,10
342,6b29c617174b313bf63cc277,M02,2,4.94,8.88440480808,15
342,6b29c617174b313bf63cc277,M03,2,4.28,9.05153019481,21
342,6b29c617174b313bf63cc277,M04,2,4.21,8.82431643723,21
342,6b29c617174b313bf63cc277,M05,2,4.06,8.77439116306,21
342,6b29c617174b313bf63cc277,M06,2,5.57,10.9684839959,21
342,6b29c617174b313bf63cc277,M07,2,5.05,11.834451303,30
342,6b29c617174b313bf63cc277,M08,2,6.39,17.4227483795,30
342,6b29c617174b313bf63cc277,M09,2,5.92,17.2198699336,30
342,6b29c617174b313bf63cc277,M10,2,7.47,17.7756729351,30
342,6b29c617174b313bf63cc277,M11,2,6.86,17.670364013,30
342,6b29c617174b313bf63cc277,M12,2,7.5,23.5055763192,45
342,6b29c617174b313bf63cc277,M13,2,7.22,23.1400574877,60
342,6b29c617174b313bf63cc277,M14,2,5.86,22.8250673261,60
342,6b29c617174b313bf63cc277,M15,2,6.67,23.4874243986,60
342,6b29c617174b313bf63cc277,M16,2,12.97,40.0051485253,100
342,6b29c617174b313bf63cc277,M17,2,2.32,6.95649160029,14
342,6b29c617174b313bf63cc277,M18,2,4.62,8.7719756075,21
342,6b29c617174b313bf63cc277,M19,2,4.12,7.04479295094,21
342,6b29c617174b313bf63cc277,M20,2,4.76,9.53314403541,20
342,6b29c617174b313bf63cc277,M21,2,4.16,6.99436647475,21
342,6b29c617174b313bf63cc277,M22,2,6.55,14.9721079004,45
342,6b29c617174b313bf63cc277,M23,2,5.67,14.8212399004,45
342,6b29c617174b313bf63cc277,M24,2,6.1,14.9570148528,45
342,6b29c617174b313bf63cc277,M25,2,7.65,12.0494233276,20
342,6b29c617174b313bf63cc277,M26,2,6.62,11.6623847879,20
342,6b29c617174b313bf63cc277,M27,2,7.57,15.0196984993,30
342,6b29c617174b313bf63cc277,M28,2,6.58,14.6458415339,30
342,6b29c617174b313bf63cc277,M29,2,7.1,15.0368894517,30
342,6b29c617174b313bf63cc277,M30,2,4.94,9.02929008369,21
