compound_id,compound_group,method_id,cv_fold,rt_min,prediction_min,run_time_min
1,63590c74120e85ecd05c0c08,M01,0,1.27,2.16730999947,10
1,63590c74120e85ecd05c0c08,M02,0,0.92,2.20514917374,15
1,63590c74120e85ecd05c0c08,M03,0,1.36,2.51284074783,21
1,63590c74120e85ecd05c0c08,M04,0,1.38,2.12040066719,21
1,63590c74120e85ecd05c0c08,M05,0,1.31,2.06150221825,21
1,63590c74120e85ecd05c0c08,M06,0,1.4,2.99917030334,21
1,63590c74120e85ecd05c0c08,M07,0,1.37,3.0549659729,30
1,63590c74120e85ecd05c0c08,M08,0,0.91,4.48322200775,30
1,63590c74120e85ecd05c0c08,M09,0,0.93,3.8855881691,30
1,63590c74120e85ecd05c0c08,M10,0,1.35,5.00006198883,30
1,63590c74120e85ecd05c0c08,M11,0,1.33,4.88871622086,30
1,63590c74120e85ecd05c0c08,M12,0,0.94,5.10613965988,45
1,63590c74120e85ecd05c0c08,M13,0,1.27,5.68347930908,60
1,63590c74120e85ecd05c0c08,M14,0,0.75,4.71129846573,60
1,63590c74120e85ecd05c0c08,M15,0,1.6,6.28493595123,60
1,63590c74120e85ecd05c0c08,M16,0,1.25,2.52674627304,100
1,63590c74120e85ecd05c0c08,M17,0,0.92,1.12806797028,14
1,63590c74120e85ecd05c0c08,M18,0,1.44,2.4444642067,21
1,63590c74120e85ecd05c0c08,M19,0,1.37,2.30101799965,21
1,63590c74120e85ecd05c0c08,M20,0,0.63,2.00313425064,20
1,63590c74120e85ecd05c0c08,M21,0,1.41,2.06388282776,21
1,63590c74120e85ecd05c0c08,M22,0,1.21,4.95238447189,45
1,63590c74120e85ecd05c0c08,M23,0,0.75,4.02369642258,45
1,63590c74120e85ecd05c0c08,M24,0,1.56,5.21264743805,45
1,63590c74120e85ecd05c0c08,M25,0,1.3,3.43678164482,20
1,63590c74120e85ecd05c0c08,M26,0,0.78,2.42427039146,20
1,63590c74120e85ecd05c0c08,M27,0,1.29,4.95408964157,30
1,63590c74120e85ecd05c0c08,M28,0,0.78,3.85810756683,30
1,63590c74120e85ecd05c0c08,M29,0,1.67,5.0706744194,30
1,63590c74120e85ecd05c0c08,M30,0,1.35,2.3682308197,21
2,73c4545b8949e668c76a03b2,M01,0,1.41,2.89877462387,10
2,73c4545b8949e668c76a03b2,M02,0,1.03,2.95712137222,15
2,73c4545b8949e668c76a03b2,M03,0,1.57,3.2214448452,21
2,73c4545b8949e668c76a03b2,M04,0,1.44,2.77894377708,21
2,73c4545b8949e668c76a03b2,M05,0,1.32,2.73202013969,21
2,73c4545b8949e668c76a03b2,M06,0,1.66,3.66474175453,21
2,73c4545b8949e668c76a03b2,M07,0,1.58,3.71450424194,30
2,73c4545b8949e668c76a03b2,M08,0,1.05,5.37138080597,30
2,73c4545b8949e668c76a03b2,M09,0,0.98,4.6063542366,30
2,73c4545b8949e668c76a03b2,M10,0,1.55,5.94546079636,30
2,73c4545b8949e668c76a03b2,M11,0,1.6,5.74329948425,30
2,73c4545b8949e668c76a03b2,M12,0,1.13,5.68170452118,45
2,73c4545b8949e668c76a03b2,M13,0,1.45,6.24578142166,60
2,73c4545b8949e668c76a03b2,M14,0,0.82,5.1425743103,60
2,73c4545b8949e668c76a03b2,M15,0,2.01,6.80791807175,60
2,73c4545b8949e668c76a03b2,M16,0,1.43,4.30360841751,100
2,73c4545b8949e668c76a03b2,M17,0,0.96,1.78715956211,14
2,73c4545b8949e668c76a03b2,M18,0,1.63,3.15808367729,21
2,73c4545b8949e668c76a03b2,M19,0,1.55,2.90024113655,21
2,73c4545b8949e668c76a03b2,M20,0,0.87,2.68038678169,20
2,73c4545b8949e668c76a03b2,M21,0,1.63,2.69458174706,21
2,73c4545b8949e668c76a03b2,M22,0,1.62,5.80288505554,45
2,73c4545b8949e668c76a03b2,M23,0,0.85,4.69846391678,45
2,73c4545b8949e668c76a03b2,M24,0,2.13,6.12328147888,45
2,73c4545b8949e668c76a03b2,M25,0,1.44,4.25453186035,20
2,73c4545b8949e668c76a03b2,M26,0,0.85,3.13140392303,20
2,73c4545b8949e668c76a03b2,M27,0,1.46,5.69262933731,30
2,73c4545b8949e668c76a03b2,M28,0,0.83,4.46508073807,30
2,73c4545b8949e668c76a03b2,M29,0,2.17,5.79113054276,30
2,73c4545b8949e668c76a03b2,M30,0,1.34,3.04447817802,21
3,c7bcada0b8e888971aefc4c3,M01,0,1.4,2.72399139404,10
3,c7bcada0b8e888971aefc4c3,M02,0,0.9,2.82564067841,15
3,c7bcada0b8e888971aefc4c3,M03,0,1.4,3.18050742149,21
3,c7bcada0b8e888971aefc4c3,M04,0,1.43,2.77610707283,21
3,c7bcada0b8e888971aefc4c3,M05,0,1.35,2.70041871071,21
3,c7bcada0b8e888971aefc4c3,M06,0,1.48,3.76001238823,21
3,c7bcada0b8e888971aefc4c3,M07,0,1.4,3.8192076683,30
3,c7bcada0b8e888971aefc4c3,M08,0,0.95,5.45319271088,30
3,c7bcada0b8e888971aefc4c3,M09,0,0.97,4.72272109985,30
3,c7bcada0b8e888971aefc4c3,M10,0,1.4,5.97344064713,30
3,c7bcada0b8e888971aefc4c3,M11,0,1.44,5.84342575073,30
3,c7bcada0b8e888971aefc4c3,M12,0,0.93,6.04220819473,45
3,c7bcada0b8e888971aefc4c3,M13,0,1.4,6.89215326309,60
3,c7bcada0b8e888971aefc4c3,M14,0,0.83,6.01691770554,60
3,c7bcada0b8e888971aefc4c3,M15,0,1.7,7.42132091522,60
3,c7bcada0b8e888971aefc4c3,M16,0,1.43,3.21602129936,100
3,c7bcada0b8e888971aefc4c3,M17,0,0.96,1.67568540573,14
3,c7bcada0b8e888971aefc4c3,M18,0,1.43,3.36745977402,21
3,c7bcada0b8e888971aefc4c3,M19,0,1.41,2.98807668686,21
3,c7bcada0b8e888971aefc4c3,M20,0,0.69,2.84184908867,20
3,c7bcada0b8e888971aefc4c3,M21,0,1.4,2.91869401932,21
3,c7bcada0b8e888971aefc4c3,M22,0,1.52,6.53351783752,45
3,c7bcada0b8e888971aefc4c3,M23,0,0.85,5.42422485352,45
3,c7bcada0b8e888971aefc4c3,M24,0,1.97,6.75483179092,45
3,c7bcada0b8e888971aefc4c3,M25,0,1.3,4.60202503204,20
3,c7bcada0b8e888971aefc4c3,M26,0,0.78,3.35323905945,20
3,c7bcada0b8e888971aefc4c3,M27,0,1.29,6.15248966217,30
3,c7bcada0b8e888971aefc4c3,M28,0,0.77,4.95916700363,30
3,c7bcada0b8e888971aefc4c3,M29,0,1.66,6.38807725906,30
3,c7bcada0b8e888971aefc4c3,M30,0,1.41,3.14651083946,21
4,91876cd96b4863b74f62ede1,M01,4,5.06,3.09643387794,10
4,91876cd96b4863b74f62ede1,M02,4,6.32,3.5358581543,15
4,91876cd96b4863b74f62ede1,M03,4,5.61,3.46003603935,21
4,91876cd96b4863b74f62ede1,M04,4,5.29,3.11186504364,21
4,91876cd96b4863b74f62ede1,M05,4,5.11,2.94712781906,21
4,91876cd96b4863b74f62ede1,M06,4,7.07,3.85213685036,21
4,91876cd96b4863b74f62ede1,M07,4,7.05,3.39870166779,30
4,91876cd96b4863b74f62ede1,M08,4,8.27,3.77731537819,30
4,91876cd96b4863b74f62ede1,M09,4,7.05,3.13029575348,30
4,91876cd96b4863b74f62ede1,M10,4,10.19,4.74656438828,30
4,91876cd96b4863b74f62ede1,M11,4,9.08,4.18563842773,30
4,91876cd96b4863b74f62ede1,M12,4,9.36,4.04477882385,45
4,91876cd96b4863b74f62ede1,M13,4,10.46,4.01677417755,60
4,91876cd96b4863b74f62ede1,M14,4,7.3,3.04263234138,60
4,91876cd96b4863b74f62ede1,M15,4,10.88,4.37780094147,60
4,91876cd96b4863b74f62ede1,M16,4,15.77,5.7986741066,100
4,91876cd96b4863b74f62ede1,M17,4,3.5,2.02209091187,14
4,91876cd96b4863b74f62ede1,M18,4,5.76,3.55436611176,21
4,91876cd96b4863b74f62ede1,M19,4,4.89,3.04550552368,21
4,91876cd96b4863b74f62ede1,M20,4,5.68,3.13752746582,20
4,91876cd96b4863b74f62ede1,M21,4,4.88,2.97598576546,21
4,91876cd96b4863b74f62ede1,M22,4,8.49,4.12782669067,45
4,91876cd96b4863b74f62ede1,M23,4,6.48,2.87772512436,45
4,91876cd96b4863b74f62ede1,M24,4,8.68,4.50794792175,45
4,91876cd96b4863b74f62ede1,M25,4,9.4,4.31658935547,20
4,91876cd96b4863b74f62ede1,M26,4,7.2,3.08859324455,20
4,91876cd96b4863b74f62ede1,M27,4,9.08,4.39126968384,30
4,91876cd96b4863b74f62ede1,M28,4,7.31,3.17283463478,30
4,91876cd96b4863b74f62ede1,M29,4,9.04,4.64444255829,30
4,91876cd96b4863b74f62ede1,M30,4,5.55,3.2120616436,21
5,f388de2f1532bd2d15000e9e,M01,1,1.85,4.15418624878,10
5,f388de2f1532bd2d15000e9e,M02,1,1.48,4.67734289169,15
5,f388de2f1532bd2d15000e9e,M03,1,2.03,4.59473419189,21
5,f388de2f1532bd2d15000e9e,M04,1,1.62,4.33428812027,21
5,f388de2f1532bd2d15000e9e,M05,1,1.78,4.22973108292,21
5,f388de2f1532bd2d15000e9e,M06,1,2.07,5.3054523468,21
5,f388de2f1532bd2d15000e9e,M07,1,1.99,5.48387956619,30
5,f388de2f1532bd2d15000e9e,M08,1,1.37,6.35386991501,30
5,f388de2f1532bd2d15000e9e,M09,1,1.24,5.55392217636,30
5,f388de2f1532bd2d15000e9e,M10,1,1.97,7.34436416626,30
5,f388de2f1532bd2d15000e9e,M11,1,1.76,6.74056959152,30
5,f388de2f1532bd2d15000e9e,M12,1,1.43,6.59795808792,45
5,f388de2f1532bd2d15000e9e,M13,1,2.02,6.80407953262,60
5,f388de2f1532bd2d15000e9e,M14,1,1.12,5.46734952927,60
5,f388de2f1532bd2d15000e9e,M15,1,2.59,6.96867227554,60
5,f388de2f1532bd2d15000e9e,M16,1,2.03,10.6934862137,100
5,f388de2f1532bd2d15000e9e,M17,1,1.21,3.2237830162,14
5,f388de2f1532bd2d15000e9e,M18,1,1.81,4.81703615189,21
5,f388de2f1532bd2d15000e9e,M19,1,2.13,4.34909963608,21
5,f388de2f1532bd2d15000e9e,M20,1,1.35,4.58993721008,20
5,f388de2f1532bd2d15000e9e,M21,1,2,4.31806707382,21
5,f388de2f1532bd2d15000e9e,M22,1,1.96,6.56609249115,45
5,f388de2f1532bd2d15000e9e,M23,1,1.17,5.40395402908,45
5,f388de2f1532bd2d15000e9e,M24,1,2.38,6.90192890167,45
5,f388de2f1532bd2d15000e9e,M25,1,2.11,5.893034935,20
5,f388de2f1532bd2d15000e9e,M26,1,1.01,4.81383037567,20
5,f388de2f1532bd2d15000e9e,M27,1,2.17,6.69658565521,30
5,f388de2f1532bd2d15000e9e,M28,1,0.96,5.56690359116,30
5,f388de2f1532bd2d15000e9e,M29,1,2.58,6.54609537125,30
5,f388de2f1532bd2d15000e9e,M30,1,1.78,4.43129301071,21
6,903e67b4c2f9750d37336ae2,M01,2,1.36,2.21247243881,10
6,903e67b4c2f9750d37336ae2,M02,2,0.92,1.88161599636,15
6,903e67b4c2f9750d37336ae2,M03,2,1.36,2.27210974693,21
6,903e67b4c2f9750d37336ae2,M04,2,1.38,2.1330575943,21
6,903e67b4c2f9750d37336ae2,M05,2,1.33,2.0845580101,21
6,903e67b4c2f9750d37336ae2,M06,2,1.42,2.67053866386,21
6,903e67b4c2f9750d37336ae2,M07,2,1.36,2.35016012192,30
6,903e67b4c2f9750d37336ae2,M08,2,0.93,2.31784176826,30
6,903e67b4c2f9750d37336ae2,M09,2,0.93,1.7958060503,30
6,903e67b4c2f9750d37336ae2,M10,2,1.37,2.85618901253,30
6,903e67b4c2f9750d37336ae2,M11,2,1.32,2.66168427467,30
6,903e67b4c2f9750d37336ae2,M12,2,0.92,2.77621269226,45
6,903e67b4c2f9750d37336ae2,M13,2,1.38,3.51114535332,60
6,903e67b4c2f9750d37336ae2,M14,2,0.8,2.54811525345,60
6,903e67b4c2f9750d37336ae2,M15,2,1.78,3.97661948204,60
6,903e67b4c2f9750d37336ae2,M16,2,1.39,2.84129261971,100
6,903e67b4c2f9750d37336ae2,M17,2,0.9,1.19914984703,14
6,903e67b4c2f9750d37336ae2,M18,2,1.48,2.51220655441,21
6,903e67b4c2f9750d37336ae2,M19,2,1.38,1.88506305218,21
6,903e67b4c2f9750d37336ae2,M20,2,0.65,1.71143531799,20
6,903e67b4c2f9750d37336ae2,M21,2,1.46,2.02910923958,21
6,903e67b4c2f9750d37336ae2,M22,2,1.27,2.82180857658,45
6,903e67b4c2f9750d37336ae2,M23,2,0.81,1.84902489185,45
6,903e67b4c2f9750d37336ae2,M24,2,1.58,3.34088134766,45
6,903e67b4c2f9750d37336ae2,M25,2,1.52,3.16797709465,20
6,903e67b4c2f9750d37336ae2,M26,2,0.87,2.15451979637,20
6,903e67b4c2f9750d37336ae2,M27,2,1.53,3.30136704445,30
6,903e67b4c2f9750d37336ae2,M28,2,0.84,2.27687430382,30
6,903e67b4c2f9750d37336ae2,M29,2,2.49,3.54012537003,30
6,903e67b4c2f9750d37336ae2,M30,2,1.44,2.29377555847,21
8,d8974ef08904a88379044d8b,M01,1,6.18,6.51355457306,10
8,d8974ef08904a88379044d8b,M02,1,8.18,7.7943983078,15
8,d8974ef08904a88379044d8b,M03,1,7.53,7.40627527237,21
8,d8974ef08904a88379044d8b,M04,1,6.85,6.86304855347,21
8,d8974ef08904a88379044d8b,M05,1,6.63,6.73282623291,21
8,d8974ef08904a88379044d8b,M06,1,9.24,9.44501113892,21
8,d8974ef08904a88379044d8b,M07,1,9.79,9.07758235931,30
8,d8974ef08904a88379044d8b,M08,1,13.13,12.5221424103,30
8,d8974ef08904a88379044d8b,M09,1,11.77,11.3928508759,30
8,d8974ef08904a88379044d8b,M10,1,15.1,13.922990799,30
8,d8974ef08904a88379044d8b,M11,1,13.68,13.1620941162,30
8,d8974ef08904a88379044d8b,M12,1,16.87,14.0067110062,45
8,d8974ef08904a88379044d8b,M13,1,16,14.4594478607,60
8,d8974ef08904a88379044d8b,M14,1,12.63,12.5401849747,60
8,d8974ef08904a88379044d8b,M15,1,16.74,14.4914855957,60
8,d8974ef08904a88379044d8b,M16,1,32.21,24.5779571533,100
8,d8974ef08904a88379044d8b,M17,1,5.37,5.84415817261,14
8,d8974ef08904a88379044d8b,M18,1,7.44,7.3905415535,21
8,d8974ef08904a88379044d8b,M19,1,6.26,6.65699481964,21
8,d8974ef08904a88379044d8b,M20,1,7.91,7.53946399689,20
8,d8974ef08904a88379044d8b,M21,1,6.07,5.92541122437,21
8,d8974ef08904a88379044d8b,M22,1,12.46,12.1844730377,45
8,d8974ef08904a88379044d8b,M23,1,10.15,10.2325534821,45
8,d8974ef08904a88379044d8b,M24,1,13.01,12.3630542755,45
8,d8974ef08904a88379044d8b,M25,1,11.99,11.647190094,20
8,d8974ef08904a88379044d8b,M26,1,10.21,10.248167038,20
8,d8974ef08904a88379044d8b,M27,1,12.15,12.4138336182,30
8,d8974ef08904a88379044d8b,M28,1,9.88,10.7410755157,30
8,d8974ef08904a88379044d8b,M29,1,12.38,12.0329208374,30
8,d8974ef08904a88379044d8b,M30,1,7.55,7.49483251572,21
12,f924f42d31e9b2b1918efd30,M01,1,3.73,2.35178494453,10
12,f924f42d31e9b2b1918efd30,M02,1,3.19,2.71874117851,15
12,f924f42d31e9b2b1918efd30,M03,1,4.13,2.69069910049,21
12,f924f42d31e9b2b1918efd30,M04,1,3.31,2.34619164467,21
12,f924f42d31e9b2b1918efd30,M05,1,3.05,2.24598002434,21
12,f924f42d31e9b2b1918efd30,M06,1,5.25,3.4673268795,21
12,f924f42d31e9b2b1918efd30,M07,1,4.34,2.88906145096,30
12,f924f42d31e9b2b1918efd30,M08,1,3.2,3.1754887104,30
12,f924f42d31e9b2b1918efd30,M09,1,2.27,2.30388784409,30
12,f924f42d31e9b2b1918efd30,M10,1,4.62,4.09306621552,30
12,f924f42d31e9b2b1918efd30,M11,1,3.4,3.59262657166,30
12,f924f42d31e9b2b1918efd30,M12,1,3.21,3.67742609978,45
12,f924f42d31e9b2b1918efd30,M13,1,4.85,4.0812163353,60
12,f924f42d31e9b2b1918efd30,M14,1,2.66,2.62650084496,60
12,f924f42d31e9b2b1918efd30,M15,1,5.46,4.22742938995,60
12,f924f42d31e9b2b1918efd30,M16,1,5.09,5.17707872391,100
12,f924f42d31e9b2b1918efd30,M17,1,1.82,1.25675773621,14
12,f924f42d31e9b2b1918efd30,M18,1,4.55,2.7443819046,21
12,f924f42d31e9b2b1918efd30,M19,1,4.18,2.39707803726,21
12,f924f42d31e9b2b1918efd30,M20,1,4.9,2.44510269165,20
12,f924f42d31e9b2b1918efd30,M21,1,4.37,2.30148935318,21
12,f924f42d31e9b2b1918efd30,M22,1,5.85,3.90337443352,45
12,f924f42d31e9b2b1918efd30,M23,1,3.2,2.34217143059,45
12,f924f42d31e9b2b1918efd30,M24,1,6.39,4.28823375702,45
12,f924f42d31e9b2b1918efd30,M25,1,5.63,4.37461853027,20
12,f924f42d31e9b2b1918efd30,M26,1,3.68,2.818379879,20
12,f924f42d31e9b2b1918efd30,M27,1,6.23,4.21477842331,30
12,f924f42d31e9b2b1918efd30,M28,1,4.18,2.68684005737,30
12,f924f42d31e9b2b1918efd30,M29,1,6.37,4.34909248352,30
12,f924f42d31e9b2b1918efd30,M30,1,4.11,2.6375849247,21
13,cf7268b4f8767d681615d5ad,M01,1,1.27,2.69201278687,10
13,cf7268b4f8767d681615d5ad,M02,1,0.91,2.78155207634,15
13,cf7268b4f8767d681615d5ad,M03,1,1.4,3.02971887589,21
13,cf7268b4f8767d681615d5ad,M04,1,1.33,2.60484814644,21
13,cf7268b4f8767d681615d5ad,M05,1,1.44,2.51358580589,21
13,cf7268b4f8767d681615d5ad,M06,1,1.42,3.32939743996,21
13,cf7268b4f8767d681615d5ad,M07,1,1.37,3.32018637657,30
13,cf7268b4f8767d681615d5ad,M08,1,0.91,3.8833861351,30
13,cf7268b4f8767d681615d5ad,M09,1,0.9,2.95270371437,30
13,cf7268b4f8767d681615d5ad,M10,1,1.35,4.72968578339,30
13,cf7268b4f8767d681615d5ad,M11,1,1.32,4.24007368088,30
13,cf7268b4f8767d681615d5ad,M12,1,0.85,5.14840984344,45
13,cf7268b4f8767d681615d5ad,M13,1,1.27,5.27191781998,60
13,cf7268b4f8767d681615d5ad,M14,1,0.75,3.63135313988,60
13,cf7268b4f8767d681615d5ad,M15,1,1.68,5.93216753006,60
13,cf7268b4f8767d681615d5ad,M16,1,1.25,7.8560128212,100
13,cf7268b4f8767d681615d5ad,M17,1,0.9,1.62406396866,14
13,cf7268b4f8767d681615d5ad,M18,1,1.45,2.97471523285,21
13,cf7268b4f8767d681615d5ad,M19,1,1.28,2.6691031456,21
13,cf7268b4f8767d681615d5ad,M20,1,0.65,2.29820489883,20
13,cf7268b4f8767d681615d5ad,M21,1,1.43,2.52445363998,21
13,cf7268b4f8767d681615d5ad,M22,1,1.21,4.18092441559,45
13,cf7268b4f8767d681615d5ad,M23,1,0.77,2.48684239388,45
13,cf7268b4f8767d681615d5ad,M24,1,1.56,4.9632434845,45
13,cf7268b4f8767d681615d5ad,M25,1,1.3,3.92799568176,20
13,cf7268b4f8767d681615d5ad,M26,1,0.78,2.4861536026,20
13,cf7268b4f8767d681615d5ad,M27,1,1.29,4.70163488388,30
13,cf7268b4f8767d681615d5ad,M28,1,0.77,3.014939785,30
13,cf7268b4f8767d681615d5ad,M29,1,1.64,5.18652820587,30
13,cf7268b4f8767d681615d5ad,M30,1,1.43,2.98983073235,21
14,37db2b79f652ee6c5f897d99,M01,3,4.07,3.35969161987,10
14,37db2b79f652ee6c5f897d99,M02,3,4.8,3.92472243309,15
14,37db2b79f652ee6c5f897d99,M03,3,4.55,3.71448683739,21
14,37db2b79f652ee6c5f897d99,M04,3,4.19,3.32630062103,21
14,37db2b79f652ee6c5f897d99,M05,3,3.9,3.1413064003,21
14,37db2b79f652ee6c5f897d99,M06,3,5.81,4.67783498764,21
14,37db2b79f652ee6c5f897d99,M07,3,5.21,4.11965656281,30
14,37db2b79f652ee6c5f897d99,M08,3,5.4,4.66593933105,30
14,37db2b79f652ee6c5f897d99,M09,3,3.64,3.66283106804,30
14,37db2b79f652ee6c5f897d99,M10,3,6.89,5.69256258011,30
14,37db2b79f652ee6c5f897d99,M11,3,5.14,4.97101736069,30
14,37db2b79f652ee6c5f897d99,M12,3,5.62,6.70626354218,45
14,37db2b79f652ee6c5f897d99,M13,3,6.56,7.02101755142,60
14,37db2b79f652ee6c5f897d99,M14,3,4.31,4.78086280823,60
14,37db2b79f652ee6c5f897d99,M15,3,6.68,7.23713350296,60
14,37db2b79f652ee6c5f897d99,M16,3,8.32,10.5394582748,100
14,37db2b79f652ee6c5f897d99,M17,3,2.17,2.34312486649,14
14,37db2b79f652ee6c5f897d99,M18,3,4.82,3.86387372017,21
14,37db2b79f652ee6c5f897d99,M19,3,4.44,3.4710624218,21
14,37db2b79f652ee6c5f897d99,M20,3,4.88,3.88924098015,20
14,37db2b79f652ee6c5f897d99,M21,3,4.51,3.51799678802,21
14,37db2b79f652ee6c5f897d99,M22,3,6.96,5.22048425674,45
14,37db2b79f652ee6c5f897d99,M23,3,5.03,3.48487401009,45
14,37db2b79f652ee6c5f897d99,M24,3,7.08,5.43152809143,45
14,37db2b79f652ee6c5f897d99,M25,3,6.86,6.51678943634,20
14,37db2b79f652ee6c5f897d99,M26,3,5.19,4.84080600739,20
14,37db2b79f652ee6c5f897d99,M27,3,7.14,5.891061306,30
14,37db2b79f652ee6c5f897d99,M28,3,5.76,4.07291984558,30
14,37db2b79f652ee6c5f897d99,M29,3,6.92,5.79827213287,30
14,37db2b79f652ee6c5f897d99,M30,3,4.56,3.68919444084,21
15,dc48fc379a6c61beca713ed3,M01,3,1.9,3.36865854263,10
15,dc48fc379a6c61beca713ed3,M02,3,1.75,3.51233267784,15
15,dc48fc379a6c61beca713ed3,M03,3,2.14,3.66312718391,21
15,dc48fc379a6c61beca713ed3,M04,3,1.75,3.29801058769,21
15,dc48fc379a6c61beca713ed3,M05,3,1.85,3.1526350975,21
15,dc48fc379a6c61beca713ed3,M06,3,2.32,4.37256383896,21
15,dc48fc379a6c61beca713ed3,M07,3,2.13,3.84305810928,30
15,dc48fc379a6c61beca713ed3,M08,3,1.55,3.65637683868,30
15,dc48fc379a6c61beca713ed3,M09,3,1.22,2.7558529377,30
15,dc48fc379a6c61beca713ed3,M10,3,2.01,4.60868740082,30
15,dc48fc379a6c61beca713ed3,M11,3,1.81,4.05111408234,30
15,dc48fc379a6c61beca713ed3,M12,3,1.67,3.65027952194,45
15,dc48fc379a6c61beca713ed3,M13,3,2.26,4.26194858551,60
15,dc48fc379a6c61beca713ed3,M14,3,1.29,2.93969464302,60
15,dc48fc379a6c61beca713ed3,M15,3,2.81,4.55539941788,60
15,dc48fc379a6c61beca713ed3,M16,3,2.24,5.43449783325,100
15,dc48fc379a6c61beca713ed3,M17,3,1.34,1.96455419064,14
15,dc48fc379a6c61beca713ed3,M18,3,1.83,3.77603435516,21
15,dc48fc379a6c61beca713ed3,M19,3,2.24,3.4167983532,21
15,dc48fc379a6c61beca713ed3,M20,3,1.43,3.33082699776,20
15,dc48fc379a6c61beca713ed3,M21,3,1.54,3.431422472,21
15,dc48fc379a6c61beca713ed3,M22,3,1.96,4.45248222351,45
15,dc48fc379a6c61beca713ed3,M23,3,0.88,2.80401492119,45
15,dc48fc379a6c61beca713ed3,M24,3,2.41,4.91439819336,45
15,dc48fc379a6c61beca713ed3,M25,3,4.22,5.74149703979,20
15,dc48fc379a6c61beca713ed3,M26,3,2.32,4.02637338638,20
15,dc48fc379a6c61beca713ed3,M27,3,4.87,5.41840314865,30
15,dc48fc379a6c61beca713ed3,M28,3,2.59,3.7072467804,30
15,dc48fc379a6c61beca713ed3,M29,3,5.42,5.59562730789,30
15,dc48fc379a6c61beca713ed3,M30,3,2.98,3.68560934067,21
16,6983229a0e0fe5fb5d401dcc,M01,4,4.92,2.7895014286,10
16,6983229a0e0fe5fb5d401dcc,M02,4,6.27,3.04421281815,15
16,6983229a0e0fe5fb5d401dcc,M03,4,5.49,3.17646169662,21
16,6983229a0e0fe5fb5d401dcc,M04,4,5.24,2.8866944313,21
16,6983229a0e0fe5fb5d401dcc,M05,4,5.12,2.68052387238,21
16,6983229a0e0fe5fb5d401dcc,M06,4,6.95,3.52091121674,21
16,6983229a0e0fe5fb5d401dcc,M07,4,6.92,3.24393177032,30
16,6983229a0e0fe5fb5d401dcc,M08,4,8.38,2.78442406654,30
16,6983229a0e0fe5fb5d401dcc,M09,4,7.44,2.13237166405,30
16,6983229a0e0fe5fb5d401dcc,M10,4,10.19,3.88285374641,30
16,6983229a0e0fe5fb5d401dcc,M11,4,9.36,3.29001450539,30
16,6983229a0e0fe5fb5d401dcc,M12,4,9.7,3.16472959518,45
16,6983229a0e0fe5fb5d401dcc,M13,4,10.44,3.63695383072,60
16,6983229a0e0fe5fb5d401dcc,M14,4,7.63,2.25800156593,60
16,6983229a0e0fe5fb5d401dcc,M15,4,10.7,4.11307954788,60
16,6983229a0e0fe5fb5d401dcc,M16,4,17.04,4.84435224533,100
16,6983229a0e0fe5fb5d401dcc,M17,4,3.58,1.75736808777,14
16,6983229a0e0fe5fb5d401dcc,M18,4,5.71,3.5058324337,21
16,6983229a0e0fe5fb5d401dcc,M19,4,5.07,2.84392571449,21
16,6983229a0e0fe5fb5d401dcc,M20,4,6.2,2.95284581184,20
16,6983229a0e0fe5fb5d401dcc,M21,4,5.07,2.94497418404,21
16,6983229a0e0fe5fb5d401dcc,M22,4,9.38,3.79412722588,45
16,6983229a0e0fe5fb5d401dcc,M23,4,7.4,2.44866919518,45
16,6983229a0e0fe5fb5d401dcc,M24,4,9.56,4.38130617142,45
16,6983229a0e0fe5fb5d401dcc,M25,4,7.16,4.38504505157,20
16,6983229a0e0fe5fb5d401dcc,M26,4,4.9,3.21064424515,20
16,6983229a0e0fe5fb5d401dcc,M27,4,7.72,3.94689440727,30
16,6983229a0e0fe5fb5d401dcc,M28,4,5.69,2.69540858269,30
16,6983229a0e0fe5fb5d401dcc,M29,4,7.79,4.42637443542,30
16,6983229a0e0fe5fb5d401dcc,M30,4,4.27,3.13220977783,21
17,e23aae84b93938a0352fa862,M01,0,4.13,2.65911722183,10
17,e23aae84b93938a0352fa862,M02,0,4.55,2.97404527664,15
17,e23aae84b93938a0352fa862,M03,0,4.59,3.06665945053,21
17,e23aae84b93938a0352fa862,M04,0,4.15,2.7490632534,21
17,e23aae84b93938a0352fa862,M05,0,3.82,2.65451431274,21
17,e23aae84b93938a0352fa862,M06,0,5.84,3.63078022003,21
17,e23aae84b93938a0352fa862,M07,0,5.18,3.40496468544,30
17,e23aae84b93938a0352fa862,M08,0,4.85,2.15669441223,30
17,e23aae84b93938a0352fa862,M09,0,3.27,1.41742634773,30
17,e23aae84b93938a0352fa862,M10,0,6.48,2.73454284668,30
17,e23aae84b93938a0352fa862,M11,0,4.59,2.55886602402,30
17,e23aae84b93938a0352fa862,M12,0,4.81,1.85594248772,45
17,e23aae84b93938a0352fa862,M13,0,6.23,2.52792859077,60
17,e23aae84b93938a0352fa862,M14,0,3.78,1.12227368355,60
17,e23aae84b93938a0352fa862,M15,0,6.68,2.98658251762,60
17,e23aae84b93938a0352fa862,M16,0,7.32,3.86682510376,100
17,e23aae84b93938a0352fa862,M17,0,2.08,1.76738846302,14
17,e23aae84b93938a0352fa862,M18,0,4.76,3.2890765667,21
17,e23aae84b93938a0352fa862,M19,0,4.45,2.92232990265,21
17,e23aae84b93938a0352fa862,M20,0,4.29,3.00144004822,20
17,e23aae84b93938a0352fa862,M21,0,4.35,2.87889194489,21
17,e23aae84b93938a0352fa862,M22,0,5.93,3.17823719978,45
17,e23aae84b93938a0352fa862,M23,0,3.36,1.49881243706,45
17,e23aae84b93938a0352fa862,M24,0,6.38,3.24715137482,45
17,e23aae84b93938a0352fa862,M25,0,6.67,4.88930416107,20
17,e23aae84b93938a0352fa862,M26,0,4.7,3.32293009758,20
17,e23aae84b93938a0352fa862,M27,0,7.09,4.72766017914,30
17,e23aae84b93938a0352fa862,M28,0,5.29,3.05637836456,30
17,e23aae84b93938a0352fa862,M29,0,7.06,4.90499973297,30
17,e23aae84b93938a0352fa862,M30,0,4.59,3.13431119919,21
18,b4fed703cda493a4827fa37b,M01,0,5.92,6.2874879837,10
18,b4fed703cda493a4827fa37b,M02,0,7.72,7.98927307129,15
18,b4fed703cda493a4827fa37b,M03,0,6.89,7.70161151886,21
18,b4fed703cda493a4827fa37b,M04,0,6.43,7.19097423553,21
18,b4fed703cda493a4827fa37b,M05,0,6.33,7.12094974518,21
18,b4fed703cda493a4827fa37b,M06,0,8.77,9.8827085495,21
18,b4fed703cda493a4827fa37b,M07,0,8.98,10.566283226,30
18,b4fed703cda493a4827fa37b,M08,0,12.2,14.9105987549,30
18,b4fed703cda493a4827fa37b,M09,0,11.16,13.5040931702,30
18,b4fed703cda493a4827fa37b,M10,0,14.08,16.0615081787,30
18,b4fed703cda493a4827fa37b,M11,0,13.12,15.1840362549,30
18,b4fed703cda493a4827fa37b,M12,0,15.64,20.30427742,45
18,b4fed703cda493a4827fa37b,M13,0,15.35,20.0340118408,60
18,b4fed703cda493a4827fa37b,M14,0,12.37,17.0637016296,60
18,b4fed703cda493a4827fa37b,M15,0,15.34,20.3571281433,60
18,b4fed703cda493a4827fa37b,M16,0,32.02,38.6141586304,100
18,b4fed703cda493a4827fa37b,M17,0,5.12,5.78777551651,14
18,b4fed703cda493a4827fa37b,M18,0,6.98,7.73105335236,21
18,b4fed703cda493a4827fa37b,M19,0,5.56,6.6047000885,21
18,b4fed703cda493a4827fa37b,M20,0,7.19,8.37252616882,20
18,b4fed703cda493a4827fa37b,M21,0,5.49,6.27646589279,21
18,b4fed703cda493a4827fa37b,M22,0,11.04,14.3737840652,45
18,b4fed703cda493a4827fa37b,M23,0,9.18,11.6586313248,45
18,b4fed703cda493a4827fa37b,M24,0,11.21,14.9957332611,45
18,b4fed703cda493a4827fa37b,M25,0,11.62,11.804391861,20
18,b4fed703cda493a4827fa37b,M26,0,10,10.4998168945,20
18,b4fed703cda493a4827fa37b,M27,0,11.66,13.7177038193,30
18,b4fed703cda493a4827fa37b,M28,0,9.59,11.1700696945,30
18,b4fed703cda493a4827fa37b,M29,0,11.46,13.5442028046,30
18,b4fed703cda493a4827fa37b,M30,0,6.93,7.73466300964,21
19,ac149acd23b05351f726234b,M01,1,3.36,4.96541404724,10
19,ac149acd23b05351f726234b,M02,1,2.79,5.83373451233,15
19,ac149acd23b05351f726234b,M03,1,3.88,5.64708328247,21
19,ac149acd23b05351f726234b,M04,1,3.15,5.20091485977,21
19,ac149acd23b05351f726234b,M05,1,2.97,5.17992782593,21
19,ac149acd23b05351f726234b,M06,1,4.73,6.36255455017,21
19,ac149acd23b05351f726234b,M07,1,3.95,6.55929756165,30
19,ac149acd23b05351f726234b,M08,1,2.79,8.10321235657,30
19,ac149acd23b05351f726234b,M09,1,2.17,6.99412345886,30
19,ac149acd23b05351f726234b,M10,1,4.01,9.74822711945,30
19,ac149acd23b05351f726234b,M11,1,3.18,8.63148880005,30
19,ac149acd23b05351f726234b,M12,1,2.79,9.65300559998,45
19,ac149acd23b05351f726234b,M13,1,4.47,9.13000392914,60
19,ac149acd23b05351f726234b,M14,1,2.43,7.0814499855,60
19,ac149acd23b05351f726234b,M15,1,4.96,9.23834991455,60
19,ac149acd23b05351f726234b,M16,1,4.61,16.4082145691,100
19,ac149acd23b05351f726234b,M17,1,1.78,3.93973302841,14
19,ac149acd23b05351f726234b,M18,1,4.5,5.60818004608,21
19,ac149acd23b05351f726234b,M19,1,3.79,4.93856239319,21
19,ac149acd23b05351f726234b,M20,1,3.8,5.51811695099,20
19,ac149acd23b05351f726234b,M21,1,4.17,4.77384567261,21
19,ac149acd23b05351f726234b,M22,1,4.32,8.1605796814,45
19,ac149acd23b05351f726234b,M23,1,2.19,6.31223392487,45
19,ac149acd23b05351f726234b,M24,1,5.36,8.37661266327,45
19,ac149acd23b05351f726234b,M25,1,5.27,7.19814586639,20
19,ac149acd23b05351f726234b,M26,1,3.39,5.87897920609,20
19,ac149acd23b05351f726234b,M27,1,5.97,8.24196624756,30
19,ac149acd23b05351f726234b,M28,1,3.95,6.65509939194,30
19,ac149acd23b05351f726234b,M29,1,6.06,8.11138534546,30
19,ac149acd23b05351f726234b,M30,1,3.2,5.48297786713,21
20,2e969e332007bc99ca627155,M01,4,1.36,2.4189081192,10
20,2e969e332007bc99ca627155,M02,4,0.93,2.61540031433,15
20,2e969e332007bc99ca627155,M03,4,1.38,2.63674616814,21
20,2e969e332007bc99ca627155,M04,4,1.38,2.32262349129,21
20,2e969e332007bc99ca627155,M05,4,1.32,2.20730686188,21
20,2e969e332007bc99ca627155,M06,4,1.44,3.11219668388,21
20,2e969e332007bc99ca627155,M07,4,1.38,2.61057782173,30
20,2e969e332007bc99ca627155,M08,4,0.92,2.30229759216,30
20,2e969e332007bc99ca627155,M09,4,0.93,1.51509475708,30
20,2e969e332007bc99ca627155,M10,4,1.37,3.26108169556,30
20,2e969e332007bc99ca627155,M11,4,1.33,2.70624232292,30
20,2e969e332007bc99ca627155,M12,4,0.93,2.18618273735,45
20,2e969e332007bc99ca627155,M13,4,1.27,2.83843326569,60
20,2e969e332007bc99ca627155,M14,4,0.75,1.39578747749,60
20,2e969e332007bc99ca627155,M15,4,1.6,3.61789226532,60
20,2e969e332007bc99ca627155,M16,4,1.25,1.71928572655,100
20,2e969e332007bc99ca627155,M17,4,0.92,1.23758506775,14
20,2e969e332007bc99ca627155,M18,4,1.48,3.00133180618,21
20,2e969e332007bc99ca627155,M19,4,1.39,2.69007825851,21
20,2e969e332007bc99ca627155,M20,4,0.68,2.73031949997,20
20,2e969e332007bc99ca627155,M21,4,1.47,2.6105465889,21
20,2e969e332007bc99ca627155,M22,4,1.27,3.7316596508,45
20,2e969e332007bc99ca627155,M23,4,0.77,2.30637931824,45
20,2e969e332007bc99ca627155,M24,4,1.63,4.6393237114,45
20,2e969e332007bc99ca627155,M25,4,5.16,4.04841852188,20
20,2e969e332007bc99ca627155,M26,4,3.17,2.50009083748,20
20,2e969e332007bc99ca627155,M27,4,5.88,3.91883778572,30
20,2e969e332007bc99ca627155,M28,4,3.83,2.27726364136,30
20,2e969e332007bc99ca627155,M29,4,4.89,4.67547416687,30
20,2e969e332007bc99ca627155,M30,4,2.44,2.88389086723,21
21,f3235c534d97f6bc0f007674,M01,4,7.56,6.6806640625,10
21,f3235c534d97f6bc0f007674,M02,4,9.96,8.44842624664,15
21,f3235c534d97f6bc0f007674,M03,4,10.42,8.59570217133,21
21,f3235c534d97f6bc0f007674,M04,4,9.41,7.78847789764,21
21,f3235c534d97f6bc0f007674,M05,4,9.45,7.92393779755,21
21,f3235c534d97f6bc0f007674,M06,4,13,10.1807527542,21
21,f3235c534d97f6bc0f007674,M07,4,14.14,10.7948932648,30
21,f3235c534d97f6bc0f007674,M08,4,18.44,14.8226556778,30
21,f3235c534d97f6bc0f007674,M09,4,16.96,13.7249507904,30
21,f3235c534d97f6bc0f007674,M10,4,20.28,16.3609333038,30
21,f3235c534d97f6bc0f007674,M11,4,19.12,15.4474658966,30
21,f3235c534d97f6bc0f007674,M12,4,25.84,19.2243347168,45
21,f3235c534d97f6bc0f007674,M13,4,26.01,19.9696464539,60
21,f3235c534d97f6bc0f007674,M14,4,21.9,16.6754512787,60
21,f3235c534d97f6bc0f007674,M15,4,26.48,20.0283641815,60
21,f3235c534d97f6bc0f007674,M16,4,53.73,39.2466506958,100
21,f3235c534d97f6bc0f007674,M17,4,7.33,5.9070224762,14
21,f3235c534d97f6bc0f007674,M18,4,9.98,8.14326953888,21
21,f3235c534d97f6bc0f007674,M19,4,8.69,7.35335445404,21
21,f3235c534d97f6bc0f007674,M20,4,10.71,8.52994632721,20
21,f3235c534d97f6bc0f007674,M21,4,8,6.69465255737,21
21,f3235c534d97f6bc0f007674,M22,4,19.09,15.6445713043,45
21,f3235c534d97f6bc0f007674,M23,4,15.69,12.8447580338,45
21,f3235c534d97f6bc0f007674,M24,4,19.99,15.9253978729,45
21,f3235c534d97f6bc0f007674,M25,4,14.48,12.2981872559,20
21,f3235c534d97f6bc0f007674,M26,4,12.99,11.0158071518,20
21,f3235c534d97f6bc0f007674,M27,4,16.89,14.0975551605,30
21,f3235c534d97f6bc0f007674,M28,4,14.59,11.8693332672,30
21,f3235c534d97f6bc0f007674,M29,4,16.97,13.8445463181,30
21,f3235c534d97f6bc0f007674,M30,4,10.46,8.74599647522,21
23,8742336b8c952dfbe6485e45,M01,4,6.74,5.80191516876,10
23,8742336b8c952dfbe6485e45,M02,4,8.97,7.52722454071,15
23,8742336b8c952dfbe6485e45,M03,4,8.72,7.31353473663,21
23,8742336b8c952dfbe6485e45,M04,4,8.05,6.77068948746,21
23,8742336b8c952dfbe6485e45,M05,4,7.99,6.69502687454,21
23,8742336b8c952dfbe6485e45,M06,4,10.99,9.14709186554,21
23,8742336b8c952dfbe6485e45,M07,4,11.69,9.38725185394,30
23,8742336b8c952dfbe6485e45,M08,4,15.81,12.5702924728,30
23,8742336b8c952dfbe6485e45,M09,4,14.69,11.6052742004,30
23,8742336b8c952dfbe6485e45,M10,4,17.59,14.2855834961,30
23,8742336b8c952dfbe6485e45,M11,4,16.76,13.1123027802,30
23,8742336b8c952dfbe6485e45,M12,4,21.59,16.4870567322,45
23,8742336b8c952dfbe6485e45,M13,4,21.04,16.1844863892,60
23,8742336b8c952dfbe6485e45,M14,4,17.33,13.3490819931,60
23,8742336b8c952dfbe6485e45,M15,4,21.47,16.4103107452,60
23,8742336b8c952dfbe6485e45,M16,4,46.65,36.1013832092,100
23,8742336b8c952dfbe6485e45,M17,4,6.41,4.91767501831,14
23,8742336b8c952dfbe6485e45,M18,4,8.66,7.20113182068,21
23,8742336b8c952dfbe6485e45,M19,4,7.26,5.83209705353,21
23,8742336b8c952dfbe6485e45,M20,4,9.53,7.37348222733,20
23,8742336b8c952dfbe6485e45,M21,4,7.02,5.59001493454,21
23,8742336b8c952dfbe6485e45,M22,4,15.98,12.2143735886,45
23,8742336b8c952dfbe6485e45,M23,4,13.25,9.52308750153,45
23,8742336b8c952dfbe6485e45,M24,4,16.5,12.5096139908,45
23,8742336b8c952dfbe6485e45,M25,4,13.2,10.8814125061,20
23,8742336b8c952dfbe6485e45,M26,4,11.77,9.78236484528,20
23,8742336b8c952dfbe6485e45,M27,4,14.5,11.8028392792,30
23,8742336b8c952dfbe6485e45,M28,4,12.31,9.82521533966,30
23,8742336b8c952dfbe6485e45,M29,4,14.54,11.8610877991,30
23,8742336b8c952dfbe6485e45,M30,4,8.75,7.19547748566,21
24,e7732197de6d851c1ed1bd48,M25,4,12.53,11.88463974,20
24,e7732197de6d851c1ed1bd48,M26,4,11.11,10.7854890823,20
24,e7732197de6d851c1ed1bd48,M27,4,13.27,13.0615987778,30
24,e7732197de6d851c1ed1bd48,M28,4,11.26,10.9924564362,30
24,e7732197de6d851c1ed1bd48,M29,4,13.1,12.9178686142,30
24,e7732197de6d851c1ed1bd48,M30,4,7.87,7.88535118103,21
25,a36f54566b3e72a686c53426,M01,2,1.27,3.34563660622,10
25,a36f54566b3e72a686c53426,M02,2,0.9,3.41565680504,15
25,a36f54566b3e72a686c53426,M03,2,1.35,3.66309452057,21
25,a36f54566b3e72a686c53426,M04,2,1.36,3.23460817337,21
25,a36f54566b3e72a686c53426,M05,2,1.35,3.13685202599,21
25,a36f54566b3e72a686c53426,M06,2,1.43,4.01215219498,21
25,a36f54566b3e72a686c53426,M07,2,1.35,4.4783372879,30
25,a36f54566b3e72a686c53426,M08,2,0.9,6.1261973381,30
25,a36f54566b3e72a686c53426,M09,2,0.91,5.44565200806,30
25,a36f54566b3e72a686c53426,M10,2,1.35,7.49625444412,30
25,a36f54566b3e72a686c53426,M11,2,1.32,6.5799241066,30
25,a36f54566b3e72a686c53426,M12,2,0.9,6.74364376068,45
25,a36f54566b3e72a686c53426,M13,2,1.27,7.06861543655,60
25,a36f54566b3e72a686c53426,M14,2,0.75,5.55060434341,60
25,a36f54566b3e72a686c53426,M15,2,1.6,7.49249172211,60
25,a36f54566b3e72a686c53426,M16,2,1.25,10.525519371,100
25,a36f54566b3e72a686c53426,M17,2,0.9,2.28390669823,14
25,a36f54566b3e72a686c53426,M18,2,1.44,3.74168920517,21
25,a36f54566b3e72a686c53426,M19,2,1.36,3.34995961189,21
25,a36f54566b3e72a686c53426,M20,2,0.59,3.2182559967,20
25,a36f54566b3e72a686c53426,M21,2,1.4,3.22774553299,21
25,a36f54566b3e72a686c53426,M22,2,1.23,6.5882525444,45
25,a36f54566b3e72a686c53426,M23,2,0.75,5.18272256851,45
25,a36f54566b3e72a686c53426,M24,2,1.56,7.21155405045,45
25,a36f54566b3e72a686c53426,M25,2,3.54,4.9195728302,20
25,a36f54566b3e72a686c53426,M26,2,2.02,3.75106787682,20
25,a36f54566b3e72a686c53426,M27,2,3.76,6.50203418732,30
25,a36f54566b3e72a686c53426,M28,2,2.17,5.21064710617,30
25,a36f54566b3e72a686c53426,M29,2,4.98,6.9237947464,30
25,a36f54566b3e72a686c53426,M30,2,2.55,3.67863440514,21
26,27c58396e87680d42d13063f,M01,1,6.01,5.86518955231,10
26,27c58396e87680d42d13063f,M02,1,7.68,7.6281876564,15
26,27c58396e87680d42d13063f,M03,1,6.93,7.33287382126,21
26,27c58396e87680d42d13063f,M04,1,6.17,6.93171691895,21
26,27c58396e87680d42d13063f,M05,1,6.13,6.84288978577,21
26,27c58396e87680d42d13063f,M06,1,8.8,9.42740631104,21
26,27c58396e87680d42d13063f,M07,1,8.87,9.72909164429,30
26,27c58396e87680d42d13063f,M08,1,11.64,13.1290206909,30
26,27c58396e87680d42d13063f,M09,1,9.77,12.139954567,30
26,27c58396e87680d42d13063f,M10,1,13.65,14.2457332611,30
26,27c58396e87680d42d13063f,M11,1,12.19,13.4991979599,30
26,27c58396e87680d42d13063f,M12,1,14.43,16.781665802,45
26,27c58396e87680d42d13063f,M13,1,14.56,16.6526012421,60
26,27c58396e87680d42d13063f,M14,1,11.23,13.5978002548,60
26,27c58396e87680d42d13063f,M15,1,14.69,16.8309936523,60
26,27c58396e87680d42d13063f,M16,1,27.4,33.2351531982,100
26,27c58396e87680d42d13063f,M17,1,3.25,5.48244857788,14
26,27c58396e87680d42d13063f,M18,1,5.6,7.40572929382,21
26,27c58396e87680d42d13063f,M19,1,5.33,5.93572425842,21
26,27c58396e87680d42d13063f,M20,1,5.24,7.91437339783,20
26,27c58396e87680d42d13063f,M21,1,4.48,5.79681396484,21
26,27c58396e87680d42d13063f,M22,1,7.46,12.8385791779,45
26,27c58396e87680d42d13063f,M23,1,6.34,10.6583404541,45
26,27c58396e87680d42d13063f,M24,1,7.26,13.1471710205,45
26,27c58396e87680d42d13063f,M25,1,12.08,11.6180334091,20
26,27c58396e87680d42d13063f,M26,1,10.36,10.1828336716,20
26,27c58396e87680d42d13063f,M27,1,12.32,12.4107627869,30
26,27c58396e87680d42d13063f,M28,1,10.07,10.5324516296,30
26,27c58396e87680d42d13063f,M29,1,12.16,12.3002719879,30
26,27c58396e87680d42d13063f,M30,1,7.37,7.30416679382,21
27,76c4529644e0b71c67b057ff,M25,0,15.65,16.2426013947,20
27,76c4529644e0b71c67b057ff,M26,0,14.42,15.1127662659,20
27,76c4529644e0b71c67b057ff,M27,0,19.69,20.2993125916,30
27,76c4529644e0b71c67b057ff,M28,0,17.86,18.4289207458,30
27,76c4529644e0b71c67b057ff,M29,0,19.79,20.1594276428,30
27,76c4529644e0b71c67b057ff,M30,0,12.54,12.6291713715,21
28,8efe873c7ea952bb6b580341,M01,1,5.49,4.81696176529,10
28,8efe873c7ea952bb6b580341,M02,1,7.2,5.721367836,15
28,8efe873c7ea952bb6b580341,M03,1,6.27,5.50853347778,21
28,8efe873c7ea952bb6b580341,M04,1,5.8,5.1218996048,21
28,8efe873c7ea952bb6b580341,M05,1,5.65,4.9691567421,21
28,8efe873c7ea952bb6b580341,M06,1,7.93,6.69316577911,21
28,8efe873c7ea952bb6b580341,M07,1,8.08,6.89248466492,30
28,8efe873c7ea952bb6b580341,M08,1,10.85,8.46144866943,30
28,8efe873c7ea952bb6b580341,M09,1,9.55,7.39261293411,30
28,8efe873c7ea952bb6b580341,M10,1,12.65,9.96803855896,30
28,8efe873c7ea952bb6b580341,M11,1,11.52,9.01799297333,30
28,8efe873c7ea952bb6b580341,M12,1,13.51,10.0436592102,45
28,8efe873c7ea952bb6b580341,M13,1,13.34,10.2636556625,60
28,8efe873c7ea952bb6b580341,M14,1,10.44,7.84934711456,60
28,8efe873c7ea952bb6b580341,M15,1,13.56,10.6875648499,60
28,8efe873c7ea952bb6b580341,M16,1,25.79,13.5731277466,100
28,8efe873c7ea952bb6b580341,M17,1,4.31,3.66994452477,14
28,8efe873c7ea952bb6b580341,M18,1,6.32,5.84452867508,21
28,8efe873c7ea952bb6b580341,M19,1,5.31,5.31806755066,21
28,8efe873c7ea952bb6b580341,M20,1,7.01,6.26550626755,20
28,8efe873c7ea952bb6b580341,M21,1,5.29,5.30781841278,21
28,8efe873c7ea952bb6b580341,M22,1,10.68,9.56445407867,45
28,8efe873c7ea952bb6b580341,M23,1,8.87,7.66410303116,45
28,8efe873c7ea952bb6b580341,M24,1,10.75,9.96114349365,45
28,8efe873c7ea952bb6b580341,M25,1,10.8,6.76529359818,20
28,8efe873c7ea952bb6b580341,M26,1,9.05,5.30392169952,20
28,8efe873c7ea952bb6b580341,M27,1,10.46,7.91867685318,30
28,8efe873c7ea952bb6b580341,M28,1,8.58,6.34595918655,30
28,8efe873c7ea952bb6b580341,M29,1,10.34,8.04630661011,30
28,8efe873c7ea952bb6b580341,M30,1,6.28,5.13855266571,21
29,e863ae07267316f831b4c0a3,M01,0,6.27,6.60893630981,10
29,e863ae07267316f831b4c0a3,M02,0,8.27,8.4298582077,15
29,e863ae07267316f831b4c0a3,M03,0,7.64,8.14166545868,21
29,e863ae07267316f831b4c0a3,M04,0,7,7.62251186371,21
29,e863ae07267316f831b4c0a3,M05,0,6.97,7.537733078,21
29,e863ae07267316f831b4c0a3,M06,0,9.69,10.7233982086,21
29,e863ae07267316f831b4c0a3,M07,0,10.05,11.2527265549,30
29,e863ae07267316f831b4c0a3,M08,0,13.78,15.2968635559,30
29,e863ae07267316f831b4c0a3,M09,0,12.58,14.0216274261,30
29,e863ae07267316f831b4c0a3,M10,0,15.62,17.0214366913,30
29,e863ae07267316f831b4c0a3,M11,0,14.68,15.7689218521,30
29,e863ae07267316f831b4c0a3,M12,0,18.26,19.9592685699,45
29,e863ae07267316f831b4c0a3,M13,0,17.68,19.8535327911,60
29,e863ae07267316f831b4c0a3,M14,0,14.34,16.0857124329,60
29,e863ae07267316f831b4c0a3,M15,0,17.83,20.1256465912,60
29,e863ae07267316f831b4c0a3,M16,0,38.9,41.7821540833,100
29,e863ae07267316f831b4c0a3,M17,0,5.63,5.94146060944,14
29,e863ae07267316f831b4c0a3,M18,0,7.61,8.10010147095,21
29,e863ae07267316f831b4c0a3,M19,0,6.5,6.81150579453,21
29,e863ae07267316f831b4c0a3,M20,0,8.66,8.89701366425,20
29,e863ae07267316f831b4c0a3,M21,0,6.35,6.56134033203,21
29,e863ae07267316f831b4c0a3,M22,0,13.9,15.2717342377,45
29,e863ae07267316f831b4c0a3,M23,0,11.55,12.8166971207,45
29,e863ae07267316f831b4c0a3,M24,0,14.28,15.6804962158,45
29,e863ae07267316f831b4c0a3,M25,0,12.36,12.7950572968,20
29,e863ae07267316f831b4c0a3,M26,0,10.8,11.6179141998,20
29,e863ae07267316f831b4c0a3,M27,0,12.88,14.0501012802,30
29,e863ae07267316f831b4c0a3,M28,0,10.71,11.7531375885,30
29,e863ae07267316f831b4c0a3,M29,0,12.75,13.8511629105,30
29,e863ae07267316f831b4c0a3,M30,0,7.66,8.2785654068,21
31,87bd4c8586b4b78f83e43895,M01,0,5.14,5.31650161743,10
31,87bd4c8586b4b78f83e43895,M02,0,6.63,6.65332508087,15
31,87bd4c8586b4b78f83e43895,M03,0,6.09,6.06884384155,21
31,87bd4c8586b4b78f83e43895,M04,0,5.48,5.63627767563,21
31,87bd4c8586b4b78f83e43895,M05,0,5.27,5.51108932495,21
31,87bd4c8586b4b78f83e43895,M06,0,7.11,7.92611598969,21
31,87bd4c8586b4b78f83e43895,M07,0,7.64,7.97618103027,30
31,87bd4c8586b4b78f83e43895,M08,0,8.38,10.9045219421,30
31,87bd4c8586b4b78f83e43895,M09,0,6.26,10.1345081329,30
31,87bd4c8586b4b78f83e43895,M10,0,10.92,11.8136558533,30
31,87bd4c8586b4b78f83e43895,M11,0,8.62,11.3549528122,30
31,87bd4c8586b4b78f83e43895,M12,0,9.09,13.8435583115,45
31,87bd4c8586b4b78f83e43895,M13,0,7.9,13.3215227127,60
31,87bd4c8586b4b78f83e43895,M14,0,7.85,11.2439537048,60
31,87bd4c8586b4b78f83e43895,M15,0,6.17,14.2416381836,60
31,87bd4c8586b4b78f83e43895,M16,0,12.51,23.0658378601,100
31,87bd4c8586b4b78f83e43895,M17,0,3.87,4.49710321426,14
31,87bd4c8586b4b78f83e43895,M18,0,6.03,6.32289743423,21
31,87bd4c8586b4b78f83e43895,M19,0,5.01,5.14282178879,21
31,87bd4c8586b4b78f83e43895,M20,0,6.06,6.70101642609,20
31,87bd4c8586b4b78f83e43895,M21,0,5.05,5.17659425735,21
31,87bd4c8586b4b78f83e43895,M22,0,9.31,10.3223619461,45
31,87bd4c8586b4b78f83e43895,M23,0,6.95,8.5131816864,45
31,87bd4c8586b4b78f83e43895,M24,0,9.92,11.1182727814,45
31,87bd4c8586b4b78f83e43895,M25,0,8.81,9.82681179047,20
31,87bd4c8586b4b78f83e43895,M26,0,6.03,8.4996881485,20
31,87bd4c8586b4b78f83e43895,M27,0,8.64,9.97315120697,30
31,87bd4c8586b4b78f83e43895,M28,0,6.37,8.39193248749,30
31,87bd4c8586b4b78f83e43895,M29,0,9.51,10.2877464294,30
31,87bd4c8586b4b78f83e43895,M30,0,5.4,5.92093801498,21
32,1db51764879da07a9a804f89,M01,3,3.62,4.56825971603,10
32,1db51764879da07a9a804f89,M02,3,3.04,5.44218492508,15
32,1db51764879da07a9a804f89,M03,3,4.02,5.08908128738,21
32,1db51764879da07a9a804f89,M04,3,3.21,4.72061395645,21
32,1db51764879da07a9a804f89,M05,3,2.76,4.62393569946,21
32,1db51764879da07a9a804f89,M06,3,5.05,6.33657884598,21
32,1db51764879da07a9a804f89,M07,3,4.19,6.25738191605,30
32,1db51764879da07a9a804f89,M08,3,3.05,7.71046733856,30
32,1db51764879da07a9a804f89,M09,3,2.21,6.81956624985,30
32,1db51764879da07a9a804f89,M10,3,4.38,9.32191562653,30
32,1db51764879da07a9a804f89,M11,3,3.12,8.14111232758,30
32,1db51764879da07a9a804f89,M12,3,3,9.43608856201,45
32,1db51764879da07a9a804f89,M13,3,4.75,9.74763298035,60
32,1db51764879da07a9a804f89,M14,3,2.61,7.82367706299,60
32,1db51764879da07a9a804f89,M15,3,5.23,9.90187740326,60
32,1db51764879da07a9a804f89,M16,3,5.02,18.5711650848,100
32,1db51764879da07a9a804f89,M17,3,1.72,3.49415326118,14
32,1db51764879da07a9a804f89,M18,3,4.5,5.24434900284,21
32,1db51764879da07a9a804f89,M19,3,4.23,4.61272859573,21
32,1db51764879da07a9a804f89,M20,3,4.49,5.15356636047,20
32,1db51764879da07a9a804f89,M21,3,4.45,4.67187261581,21
32,1db51764879da07a9a804f89,M22,3,6.56,7.87004947662,45
32,1db51764879da07a9a804f89,M23,3,3.92,6.39445161819,45
32,1db51764879da07a9a804f89,M24,3,6.98,8.10201835632,45
32,1db51764879da07a9a804f89,M25,3,1.43,7.82409763336,20
32,1db51764879da07a9a804f89,M26,3,0.84,6.27519607544,20
32,1db51764879da07a9a804f89,M27,3,1.74,7.92168855667,30
32,1db51764879da07a9a804f89,M28,3,0.85,6.45155096054,30
32,1db51764879da07a9a804f89,M29,3,2.62,7.84705734253,30
32,1db51764879da07a9a804f89,M30,3,1.46,4.99903964996,21
33,267de3c8ac980a5b10b9c703,M01,2,1.74,2.75387072563,10
33,267de3c8ac980a5b10b9c703,M02,2,1.33,2.83852577209,15
33,267de3c8ac980a5b10b9c703,M03,2,1.96,2.96743559837,21
33,267de3c8ac980a5b10b9c703,M04,2,1.46,2.71671819687,21
33,267de3c8ac980a5b10b9c703,M05,2,1.73,2.65496683121,21
33,267de3c8ac980a5b10b9c703,M06,2,2.11,4.08385276794,21
33,267de3c8ac980a5b10b9c703,M07,2,1.97,3.54081869125,30
33,267de3c8ac980a5b10b9c703,M08,2,1.34,2.66320490837,30
33,267de3c8ac980a5b10b9c703,M09,2,1.21,1.86054432392,30
33,267de3c8ac980a5b10b9c703,M10,2,1.97,3.7603187561,30
33,267de3c8ac980a5b10b9c703,M11,2,1.84,3.0545976162,30
33,267de3c8ac980a5b10b9c703,M12,2,1.33,3.13592004776,45
33,267de3c8ac980a5b10b9c703,M13,2,1.93,3.72991323471,60
33,267de3c8ac980a5b10b9c703,M14,2,0.98,2.39190578461,60
33,267de3c8ac980a5b10b9c703,M15,2,2.67,4.56519889832,60
33,267de3c8ac980a5b10b9c703,M16,2,1.91,4.10429430008,100
33,267de3c8ac980a5b10b9c703,M17,2,0.94,1.49969553947,14
33,267de3c8ac980a5b10b9c703,M18,2,1.7,3.24051213264,21
33,267de3c8ac980a5b10b9c703,M19,2,2.04,2.75548529625,21
33,267de3c8ac980a5b10b9c703,M20,2,1.24,3.06227850914,20
33,267de3c8ac980a5b10b9c703,M21,2,1.6,2.84839653969,21
33,267de3c8ac980a5b10b9c703,M22,2,1.75,3.67241287231,45
33,267de3c8ac980a5b10b9c703,M23,2,0.95,2.36126327515,45
33,267de3c8ac980a5b10b9c703,M24,2,3.22,4.27825784683,45
33,267de3c8ac980a5b10b9c703,M25,2,2.36,4.67038583755,20
33,267de3c8ac980a5b10b9c703,M26,2,1.06,3.08946442604,20
33,267de3c8ac980a5b10b9c703,M27,2,2.51,4.58575773239,30
33,267de3c8ac980a5b10b9c703,M28,2,1.03,2.97624802589,30
33,267de3c8ac980a5b10b9c703,M29,2,3.92,4.64519309998,30
33,267de3c8ac980a5b10b9c703,M30,2,1.98,2.74279260635,21
34,3577ec1a80f55e1baa422693,M01,4,6.42,5.48917722702,10
34,3577ec1a80f55e1baa422693,M02,4,8.38,6.86572647095,15
34,3577ec1a80f55e1baa422693,M03,4,7.8,6.31349563599,21
34,3577ec1a80f55e1baa422693,M04,4,7.03,5.81834602356,21
34,3577ec1a80f55e1baa422693,M05,4,6.99,5.66786193848,21
34,3577ec1a80f55e1baa422693,M06,4,9.95,8.24047470093,21
34,3577ec1a80f55e1baa422693,M07,4,10.21,8.34456157684,30
34,3577ec1a80f55e1baa422693,M08,4,13.69,11.3277082443,30
34,3577ec1a80f55e1baa422693,M09,4,12.17,9.95998954773,30
34,3577ec1a80f55e1baa422693,M10,4,15.68,12.7727041245,30
34,3577ec1a80f55e1baa422693,M11,4,14.53,11.5534820557,30
34,3577ec1a80f55e1baa422693,M12,4,17.81,14.5907154083,45
34,3577ec1a80f55e1baa422693,M13,4,17.66,14.6103372574,60
34,3577ec1a80f55e1baa422693,M14,4,14.02,11.6645765305,60
34,3577ec1a80f55e1baa422693,M15,4,17.95,14.8505220413,60
34,3577ec1a80f55e1baa422693,M16,4,37.06,27.0212097168,100
34,3577ec1a80f55e1baa422693,M17,4,5.56,4.40873765945,14
34,3577ec1a80f55e1baa422693,M18,4,7.62,6.42301988602,21
34,3577ec1a80f55e1baa422693,M19,4,6.43,5.62624931335,21
34,3577ec1a80f55e1baa422693,M20,4,8.4,7.28651285172,20
34,3577ec1a80f55e1baa422693,M21,4,6.19,5.4827671051,21
34,3577ec1a80f55e1baa422693,M22,4,13.42,11.4098491669,45
34,3577ec1a80f55e1baa422693,M23,4,11.06,9.44219970703,45
34,3577ec1a80f55e1baa422693,M24,4,13.78,11.8059387207,45
34,3577ec1a80f55e1baa422693,M25,4,12.52,9.30061340332,20
34,3577ec1a80f55e1baa422693,M26,4,10.8,7.45670413971,20
34,3577ec1a80f55e1baa422693,M27,4,13.05,10.2107276917,30
34,3577ec1a80f55e1baa422693,M28,4,10.71,8.24910449982,30
34,3577ec1a80f55e1baa422693,M29,4,13.04,10.1321687698,30
34,3577ec1a80f55e1baa422693,M30,4,7.81,5.95836877823,21
35,81b5b6388a6be51a7a64d27f,M01,2,8.18,7.73808002472,10
35,81b5b6388a6be51a7a64d27f,M02,2,10.78,10.0496587753,15
35,81b5b6388a6be51a7a64d27f,M03,2,12.1,10.3059797287,21
35,81b5b6388a6be51a7a64d27f,M04,2,11.04,9.56455516815,21
35,81b5b6388a6be51a7a64d27f,M05,2,11.19,9.59746837616,21
35,81b5b6388a6be51a7a64d27f,M06,2,14.89,12.8788757324,21
35,81b5b6388a6be51a7a64d27f,M07,2,16.75,13.9605379105,30
35,81b5b6388a6be51a7a64d27f,M08,2,21.09,18.012544632,30
35,81b5b6388a6be51a7a64d27f,M09,2,19.61,16.5554637909,30
35,81b5b6388a6be51a7a64d27f,M10,2,22.78,19.7141075134,30
35,81b5b6388a6be51a7a64d27f,M11,2,21.73,18.5984477997,30
35,81b5b6388a6be51a7a64d27f,M12,2,30.42,25.3860416412,45
35,81b5b6388a6be51a7a64d27f,M13,2,31.54,26.0201358795,60
35,81b5b6388a6be51a7a64d27f,M14,2,27.74,21.4436149597,60
35,81b5b6388a6be51a7a64d27f,M15,2,31.95,26.1224002838,60
35,81b5b6388a6be51a7a64d27f,M16,2,60.35,55.886100769,100
35,81b5b6388a6be51a7a64d27f,M17,2,8.28,7.43093681335,14
35,81b5b6388a6be51a7a64d27f,M18,2,11.5,9.97249412537,21
35,81b5b6388a6be51a7a64d27f,M19,2,10.73,8.56958293915,21
35,81b5b6388a6be51a7a64d27f,M20,2,12.57,10.6843509674,20
35,81b5b6388a6be51a7a64d27f,M21,2,9.05,8.11483573914,21
35,81b5b6388a6be51a7a64d27f,M22,2,24.68,18.83710289,45
35,81b5b6388a6be51a7a64d27f,M23,2,19.35,15.8300037384,45
35,81b5b6388a6be51a7a64d27f,M24,2,25.7,19.1265716553,45
35,81b5b6388a6be51a7a64d27f,M25,2,15.5,14.3225440979,20
35,81b5b6388a6be51a7a64d27f,M26,2,14.14,12.9039182663,20
35,81b5b6388a6be51a7a64d27f,M27,2,19.16,17.0636348724,30
35,81b5b6388a6be51a7a64d27f,M28,2,17.06,14.7688560486,30
35,81b5b6388a6be51a7a64d27f,M29,2,17.93,16.8842868805,30
35,81b5b6388a6be51a7a64d27f,M30,2,12.15,10.5302038193,21
37,7e22cb18273d1125b6e9f516,M01,4,3.7,3.12461423874,10
37,7e22cb18273d1125b6e9f516,M02,4,3.63,3.91129136086,15
37,7e22cb18273d1125b6e9f516,M03,4,4.22,3.63625574112,21
37,7e22cb18273d1125b6e9f516,M04,4,3.74,3.3389081955,21
37,7e22cb18273d1125b6e9f516,M05,4,3.49,3.26707220078,21
37,7e22cb18273d1125b6e9f516,M06,4,5.33,4.50392150879,21
37,7e22cb18273d1125b6e9f516,M07,4,4.42,4.27671575546,30
37,7e22cb18273d1125b6e9f516,M08,4,3.68,4.50307607651,30
37,7e22cb18273d1125b6e9f516,M09,4,2.42,3.81051945686,30
37,7e22cb18273d1125b6e9f516,M10,4,4.87,5.11895990372,30
37,7e22cb18273d1125b6e9f516,M11,4,3.6,4.92976474762,30
37,7e22cb18273d1125b6e9f516,M12,4,3.48,5.40759944916,45
37,7e22cb18273d1125b6e9f516,M13,4,5.14,5.91548109055,60
37,7e22cb18273d1125b6e9f516,M14,4,3,4.30223464966,60
37,7e22cb18273d1125b6e9f516,M15,4,5.55,6.01239919662,60
37,7e22cb18273d1125b6e9f516,M16,4,5.64,7.00132322311,100
37,7e22cb18273d1125b6e9f516,M17,4,1.83,2.30247950554,14
37,7e22cb18273d1125b6e9f516,M18,4,4.55,3.83978056908,21
37,7e22cb18273d1125b6e9f516,M19,4,4.17,3.32476639748,21
37,7e22cb18273d1125b6e9f516,M20,4,4.17,3.65976572037,20
37,7e22cb18273d1125b6e9f516,M21,4,4.22,3.08716058731,21
37,7e22cb18273d1125b6e9f516,M22,4,5.28,5.04980564117,45
37,7e22cb18273d1125b6e9f516,M23,4,2.76,3.69809055328,45
37,7e22cb18273d1125b6e9f516,M24,4,5.74,5.32313680649,45
37,7e22cb18273d1125b6e9f516,M25,4,2.69,6.57872533798,20
37,7e22cb18273d1125b6e9f516,M26,4,1.53,5.13864612579,20
37,7e22cb18273d1125b6e9f516,M27,4,2.92,6.31312942505,30
37,7e22cb18273d1125b6e9f516,M28,4,1.66,5.05050086975,30
37,7e22cb18273d1125b6e9f516,M29,4,4.44,6.39089155197,30
37,7e22cb18273d1125b6e9f516,M30,4,2.17,4.35790538788,21
38,025d82d93173ecb6ae20cb79,M25,4,16.44,15.6523275375,20
38,025d82d93173ecb6ae20cb79,M26,4,15.17,14.5979118347,20
38,025d82d93173ecb6ae20cb79,M27,4,21.16,19.2868709564,30
38,025d82d93173ecb6ae20cb79,M28,4,19.39,17.3519859314,30
38,025d82d93173ecb6ae20cb79,M29,4,20.03,19.3982219696,30
38,025d82d93173ecb6ae20cb79,M30,4,13.74,12.2765922546,21
39,32b4a6a7cbc6bc4e42d3e216,M01,2,6.22,6.37898397446,10
39,32b4a6a7cbc6bc4e42d3e216,M02,2,8.27,8.11650562286,15
39,32b4a6a7cbc6bc4e42d3e216,M03,2,7.65,7.74089956284,21
39,32b4a6a7cbc6bc4e42d3e216,M04,2,7.08,7.25719833374,21
39,32b4a6a7cbc6bc4e42d3e216,M05,2,6.96,7.13875579834,21
39,32b4a6a7cbc6bc4e42d3e216,M06,2,9.58,10.0699672699,21
39,32b4a6a7cbc6bc4e42d3e216,M07,2,10.06,10.6801185608,30
39,32b4a6a7cbc6bc4e42d3e216,M08,2,13.73,13.8264083862,30
39,32b4a6a7cbc6bc4e42d3e216,M09,2,12.64,12.6717433929,30
39,32b4a6a7cbc6bc4e42d3e216,M10,2,15.6,15.0978870392,30
39,32b4a6a7cbc6bc4e42d3e216,M11,2,14.67,14.2232341766,30
39,32b4a6a7cbc6bc4e42d3e216,M12,2,18.07,18.4295711517,45
39,32b4a6a7cbc6bc4e42d3e216,M13,2,17.28,18.2626094818,60
39,32b4a6a7cbc6bc4e42d3e216,M14,2,13.98,14.4403247833,60
39,32b4a6a7cbc6bc4e42d3e216,M15,2,17.79,18.2278671265,60
39,32b4a6a7cbc6bc4e42d3e216,M16,2,37.17,36.6303291321,100
39,32b4a6a7cbc6bc4e42d3e216,M17,2,5.66,5.75900840759,14
39,32b4a6a7cbc6bc4e42d3e216,M18,2,7.69,7.6111946106,21
39,32b4a6a7cbc6bc4e42d3e216,M19,2,6.25,6.41940641403,21
39,32b4a6a7cbc6bc4e42d3e216,M20,2,8.27,8.30875205994,20
39,32b4a6a7cbc6bc4e42d3e216,M21,2,6.14,6.25792884827,21
39,32b4a6a7cbc6bc4e42d3e216,M22,2,13.09,13.295091629,45
39,32b4a6a7cbc6bc4e42d3e216,M23,2,10.93,10.5200910568,45
39,32b4a6a7cbc6bc4e42d3e216,M24,2,13.48,13.4079313278,45
39,32b4a6a7cbc6bc4e42d3e216,M25,2,12.25,12.2815418243,20
39,32b4a6a7cbc6bc4e42d3e216,M26,2,10.71,10.7155370712,20
39,32b4a6a7cbc6bc4e42d3e216,M27,2,12.7,13.0111942291,30
39,32b4a6a7cbc6bc4e42d3e216,M28,2,10.54,10.7466459274,30
39,32b4a6a7cbc6bc4e42d3e216,M29,2,12.77,12.8872089386,30
39,32b4a6a7cbc6bc4e42d3e216,M30,2,7.67,7.7153263092,21
40,be488e74b9d5fd8fc60a7d96,M01,2,4.65,5.71748685837,10
40,be488e74b9d5fd8fc60a7d96,M02,2,6.02,6.93622350693,15
40,be488e74b9d5fd8fc60a7d96,M03,2,5.23,6.55009555817,21
40,be488e74b9d5fd8fc60a7d96,M04,2,5.01,6.05122852325,21
40,be488e74b9d5fd8fc60a7d96,M05,2,4.88,5.9768743515,21
40,be488e74b9d5fd8fc60a7d96,M06,2,6.63,8.32036304474,21
40,be488e74b9d5fd8fc60a7d96,M07,2,6.58,8.45569229126,30
40,be488e74b9d5fd8fc60a7d96,M08,2,8.1,10.9043636322,30
40,be488e74b9d5fd8fc60a7d96,M09,2,7.15,9.61168670654,30
40,be488e74b9d5fd8fc60a7d96,M10,2,9.7,12.5027732849,30
40,be488e74b9d5fd8fc60a7d96,M11,2,8.77,11.2283935547,30
40,be488e74b9d5fd8fc60a7d96,M12,2,9.47,13.3796615601,45
40,be488e74b9d5fd8fc60a7d96,M13,2,9.89,13.498049736,60
40,be488e74b9d5fd8fc60a7d96,M14,2,7.11,10.5570259094,60
40,be488e74b9d5fd8fc60a7d96,M15,2,9.8,13.9604024887,60
40,be488e74b9d5fd8fc60a7d96,M16,2,16.73,26.780632019,100
40,be488e74b9d5fd8fc60a7d96,M17,2,3.29,4.47785520554,14
40,be488e74b9d5fd8fc60a7d96,M18,2,5.42,6.57994127274,21
40,be488e74b9d5fd8fc60a7d96,M19,2,4.65,5.66280603409,21
40,be488e74b9d5fd8fc60a7d96,M20,2,5.5,7.352891922,20
40,be488e74b9d5fd8fc60a7d96,M21,2,4.66,5.64503574371,21
40,be488e74b9d5fd8fc60a7d96,M22,2,7.9,11.2851314545,45
40,be488e74b9d5fd8fc60a7d96,M23,2,6.24,9.1804857254,45
40,be488e74b9d5fd8fc60a7d96,M24,2,7.89,11.9328050613,45
40,be488e74b9d5fd8fc60a7d96,M25,2,8.87,10.0040779114,20
40,be488e74b9d5fd8fc60a7d96,M26,2,7.02,8.41282272339,20
40,be488e74b9d5fd8fc60a7d96,M27,2,8.55,10.9022016525,30
40,be488e74b9d5fd8fc60a7d96,M28,2,7.07,9.13558197021,30
40,be488e74b9d5fd8fc60a7d96,M29,2,8.23,11.1745862961,30
40,be488e74b9d5fd8fc60a7d96,M30,2,5.24,6.36873674393,21
42,f1ade222212d6fb05f2db5bc,M01,4,5.27,6.21071529388,10
42,f1ade222212d6fb05f2db5bc,M02,4,6.89,7.46210956573,15
42,f1ade222212d6fb05f2db5bc,M03,4,5.93,6.98646497726,21
42,f1ade222212d6fb05f2db5bc,M04,4,5.58,6.6473326683,21
42,f1ade222212d6fb05f2db5bc,M05,4,5.47,6.48971748352,21
42,f1ade222212d6fb05f2db5bc,M06,4,7.51,9.20595359802,21
42,f1ade222212d6fb05f2db5bc,M07,4,7.63,9.48933029175,30
42,f1ade222212d6fb05f2db5bc,M08,4,10.16,11.8753099442,30
42,f1ade222212d6fb05f2db5bc,M09,4,9.11,10.9246730804,30
42,f1ade222212d6fb05f2db5bc,M10,4,11.87,13.3967180252,30
42,f1ade222212d6fb05f2db5bc,M11,4,10.9,12.4749488831,30
42,f1ade222212d6fb05f2db5bc,M12,4,12.56,15.4532785416,45
42,f1ade222212d6fb05f2db5bc,M13,4,12.56,15.2193841934,60
42,f1ade222212d6fb05f2db5bc,M14,4,9.87,12.8433446884,60
42,f1ade222212d6fb05f2db5bc,M15,4,12.44,15.7842855453,60
42,f1ade222212d6fb05f2db5bc,M16,4,24.3,25.7393932343,100
42,f1ade222212d6fb05f2db5bc,M17,4,4.17,5.26717424393,14
42,f1ade222212d6fb05f2db5bc,M18,4,6.06,7.15709018707,21
42,f1ade222212d6fb05f2db5bc,M19,4,5.16,6.16163682938,21
42,f1ade222212d6fb05f2db5bc,M20,4,6.55,7.96004533768,20
42,f1ade222212d6fb05f2db5bc,M21,4,5.14,6.15635299683,21
42,f1ade222212d6fb05f2db5bc,M22,4,9.89,12.0550374985,45
42,f1ade222212d6fb05f2db5bc,M23,4,8.1,10.4873580933,45
42,f1ade222212d6fb05f2db5bc,M24,4,9.94,12.5444259644,45
42,f1ade222212d6fb05f2db5bc,M25,4,10.37,11.3507585526,20
42,f1ade222212d6fb05f2db5bc,M26,4,8.62,9.85487270355,20
42,f1ade222212d6fb05f2db5bc,M27,4,9.9,12.0997209549,30
42,f1ade222212d6fb05f2db5bc,M28,4,8.2,10.5367355347,30
42,f1ade222212d6fb05f2db5bc,M29,4,9.63,12.2192792892,30
42,f1ade222212d6fb05f2db5bc,M30,4,5.95,6.98853874207,21
43,7f4d6eb0a9092987a5326f08,M01,3,7.07,6.68023538589,10
43,7f4d6eb0a9092987a5326f08,M02,3,9.37,8.69949817657,15
43,7f4d6eb0a9092987a5326f08,M03,3,9.46,8.78978538513,21
43,7f4d6eb0a9092987a5326f08,M04,3,8.74,8.26374053955,21
43,7f4d6eb0a9092987a5326f08,M05,3,8.76,8.16218185425,21
43,7f4d6eb0a9092987a5326f08,M06,3,12.02,12.0477495193,21
43,7f4d6eb0a9092987a5326f08,M07,3,12.85,12.5742197037,30
43,7f4d6eb0a9092987a5326f08,M08,3,17.14,16.4227142334,30
43,7f4d6eb0a9092987a5326f08,M09,3,16.03,15.2091579437,30
43,7f4d6eb0a9092987a5326f08,M10,3,18.89,17.8805732727,30
43,7f4d6eb0a9092987a5326f08,M11,3,18.02,16.9998397827,30
43,7f4d6eb0a9092987a5326f08,M12,3,23.91,21.4004402161,45
43,7f4d6eb0a9092987a5326f08,M13,3,24.02,21.4683704376,60
43,7f4d6eb0a9092987a5326f08,M14,3,20.36,18.0517711639,60
43,7f4d6eb0a9092987a5326f08,M15,3,23.9,21.5647754669,60
43,7f4d6eb0a9092987a5326f08,M16,3,51.58,49.2327384949,100
43,7f4d6eb0a9092987a5326f08,M17,3,6.94,6.50852870941,14
43,7f4d6eb0a9092987a5326f08,M18,3,9.32,8.79171180725,21
43,7f4d6eb0a9092987a5326f08,M19,3,7.2,7.2817864418,21
43,7f4d6eb0a9092987a5326f08,M20,3,9.35,9.57329082489,20
43,7f4d6eb0a9092987a5326f08,M21,3,6.9,6.95158195496,21
43,7f4d6eb0a9092987a5326f08,M22,3,15.49,16.3152389526,45
43,7f4d6eb0a9092987a5326f08,M23,3,13.01,12.7619104385,45
43,7f4d6eb0a9092987a5326f08,M24,3,15.88,16.8336734772,45
43,7f4d6eb0a9092987a5326f08,M25,3,13.81,13.3255605698,20
43,7f4d6eb0a9092987a5326f08,M26,3,12.47,12.230055809,20
43,7f4d6eb0a9092987a5326f08,M27,3,15.78,14.9669876099,30
43,7f4d6eb0a9092987a5326f08,M28,3,13.69,12.4350070953,30
43,7f4d6eb0a9092987a5326f08,M29,3,15.58,14.8695983887,30
43,7f4d6eb0a9092987a5326f08,M30,3,9.53,8.90929317474,21
47,56fa096b85beceab80fd1c4e,M01,4,7.23,6.10620164871,10
47,56fa096b85beceab80fd1c4e,M02,4,9.54,7.90602493286,15
47,56fa096b85beceab80fd1c4e,M03,4,9.71,7.25246191025,21
47,56fa096b85beceab80fd1c4e,M04,4,8.88,6.75295972824,21
47,56fa096b85beceab80fd1c4e,M05,4,8.92,6.62976980209,21
47,56fa096b85beceab80fd1c4e,M06,4,12.33,9.58961105347,21
47,56fa096b85beceab80fd1c4e,M07,4,13.14,10.1723690033,30
47,56fa096b85beceab80fd1c4e,M08,4,17.42,13.888584137,30
47,56fa096b85beceab80fd1c4e,M09,4,16.16,12.6687812805,30
47,56fa096b85beceab80fd1c4e,M10,4,19.22,15.6332111359,30
47,56fa096b85beceab80fd1c4e,M11,4,18.29,14.285741806,30
47,56fa096b85beceab80fd1c4e,M12,4,24.22,17.7573051453,45
47,56fa096b85beceab80fd1c4e,M13,4,24.43,17.372385025,60
47,56fa096b85beceab80fd1c4e,M14,4,20.46,14.8149051666,60
47,56fa096b85beceab80fd1c4e,M15,4,24.59,17.905254364,60
47,56fa096b85beceab80fd1c4e,M16,4,51.76,36.6539077759,100
47,56fa096b85beceab80fd1c4e,M17,4,6.99,5.46385335922,14
47,56fa096b85beceab80fd1c4e,M18,4,9.47,7.32199478149,21
47,56fa096b85beceab80fd1c4e,M19,4,7.81,6.32524108887,21
47,56fa096b85beceab80fd1c4e,M20,4,9.99,8.61814308167,20
47,56fa096b85beceab80fd1c4e,M21,4,7.39,6.17339038849,21
47,56fa096b85beceab80fd1c4e,M22,4,17.17,13.8342056274,45
47,56fa096b85beceab80fd1c4e,M23,4,14.37,11.8855056763,45
47,56fa096b85beceab80fd1c4e,M24,4,17.82,14.378361702,45
47,56fa096b85beceab80fd1c4e,M25,4,14.03,11.4525527954,20
47,56fa096b85beceab80fd1c4e,M26,4,12.58,9.8087348938,20
47,56fa096b85beceab80fd1c4e,M27,4,16.08,12.5422363281,30
47,56fa096b85beceab80fd1c4e,M28,4,13.84,10.7290306091,30
47,56fa096b85beceab80fd1c4e,M29,4,16.04,12.4498071671,30
47,56fa096b85beceab80fd1c4e,M30,4,9.74,7.18432378769,21
48,abc7a286c25bfc8ab683f22c,M01,1,5.47,5.46562242508,10
48,abc7a286c25bfc8ab683f22c,M02,1,6.73,7.17266607285,15
48,abc7a286c25bfc8ab683f22c,M03,1,6.17,6.6230711937,21
48,abc7a286c25bfc8ab683f22c,M04,1,5.53,6.24466609955,21
48,abc7a286c25bfc8ab683f22c,M05,1,5.32,5.97212123871,21
48,abc7a286c25bfc8ab683f22c,M06,1,7.86,7.85696077347,21
48,abc7a286c25bfc8ab683f22c,M07,1,7.65,8.40182876587,30
48,abc7a286c25bfc8ab683f22c,M08,1,10.47,11.0997714996,30
48,abc7a286c25bfc8ab683f22c,M09,1,9.16,10.0158033371,30
48,abc7a286c25bfc8ab683f22c,M10,1,11.04,12.9096794128,30
48,abc7a286c25bfc8ab683f22c,M11,1,10.9,11.5573673248,30
48,abc7a286c25bfc8ab683f22c,M12,1,14.13,13.646607399,45
48,abc7a286c25bfc8ab683f22c,M13,1,12.5,12.8516235352,60
48,abc7a286c25bfc8ab683f22c,M14,1,10.64,10.5401525497,60
48,abc7a286c25bfc8ab683f22c,M15,1,14.12,13.3045034409,60
48,abc7a286c25bfc8ab683f22c,M16,1,19.18,22.9298915863,100
48,abc7a286c25bfc8ab683f22c,M17,1,4.52,4.76710987091,14
48,abc7a286c25bfc8ab683f22c,M18,1,6.65,6.8092546463,21
48,abc7a286c25bfc8ab683f22c,M19,1,5.17,5.19274997711,21
48,abc7a286c25bfc8ab683f22c,M20,1,6.66,6.67526054382,20
48,abc7a286c25bfc8ab683f22c,M21,1,5.16,5.29448986053,21
48,abc7a286c25bfc8ab683f22c,M22,1,10.33,10.5611782074,45
48,abc7a286c25bfc8ab683f22c,M23,1,8.2,8.45656967163,45
48,abc7a286c25bfc8ab683f22c,M24,1,10.93,11.3656759262,45
48,abc7a286c25bfc8ab683f22c,M25,1,10.28,9.43776035309,20
48,abc7a286c25bfc8ab683f22c,M26,1,7.9,8.45661735535,20
48,abc7a286c25bfc8ab683f22c,M27,1,9.9,10.7468166351,30
48,abc7a286c25bfc8ab683f22c,M28,1,7.8,8.73104476929,30
48,abc7a286c25bfc8ab683f22c,M29,1,10.67,11.1401691437,30
48,abc7a286c25bfc8ab683f22c,M30,1,5.78,6.46154594421,21
49,dddb83856cd5a1813573467f,M01,0,6.39,5.47625112534,10
49,dddb83856cd5a1813573467f,M02,0,8.42,6.61561632156,15
49,dddb83856cd5a1813573467f,M03,0,7.8,6.04670286179,21
49,dddb83856cd5a1813573467f,M04,0,7.05,5.63412857056,21
49,dddb83856cd5a1813573467f,M05,0,6.9,5.57830429077,21
49,dddb83856cd5a1813573467f,M06,0,9.91,8.28568935394,21
49,dddb83856cd5a1813573467f,M07,0,10.32,8.30021381378,30
49,dddb83856cd5a1813573467f,M08,0,14.27,10.7350921631,30
49,dddb83856cd5a1813573467f,M09,0,12.95,9.47274875641,30
49,dddb83856cd5a1813573467f,M10,0,16.07,12.4327106476,30
49,dddb83856cd5a1813573467f,M11,0,14.78,11.2667198181,30
49,dddb83856cd5a1813573467f,M12,0,19.15,13.360824585,45
49,dddb83856cd5a1813573467f,M13,0,18.31,13.5855360031,60
49,dddb83856cd5a1813573467f,M14,0,15,10.9301319122,60
49,dddb83856cd5a1813573467f,M15,0,18.5,13.8542051315,60
49,dddb83856cd5a1813573467f,M16,0,41.29,25.431180954,100
49,dddb83856cd5a1813573467f,M17,0,5.62,4.35433530807,14
49,dddb83856cd5a1813573467f,M18,0,7.65,6.40088129044,21
49,dddb83856cd5a1813573467f,M19,0,6.42,5.59406089783,21
49,dddb83856cd5a1813573467f,M20,0,8.49,7.50751066208,20
49,dddb83856cd5a1813573467f,M21,0,6.14,5.57807683945,21
49,dddb83856cd5a1813573467f,M22,0,13.47,11.6498756409,45
49,dddb83856cd5a1813573467f,M23,0,11.3,9.65085601807,45
49,dddb83856cd5a1813573467f,M24,0,13.91,12.1335849762,45
49,dddb83856cd5a1813573467f,M25,0,11.93,9.29684829712,20
49,dddb83856cd5a1813573467f,M26,0,10.36,7.69383049011,20
49,dddb83856cd5a1813573467f,M27,0,12.11,10.096496582,30
49,dddb83856cd5a1813573467f,M28,0,10.05,8.41468048096,30
49,dddb83856cd5a1813573467f,M29,0,12,10.2766885757,30
49,dddb83856cd5a1813573467f,M30,0,7.07,5.77238798141,21
51,8462267483bc8dc0c5eb0740,M01,0,6.49,6.63630008698,10
51,8462267483bc8dc0c5eb0740,M02,0,8.62,8.77945804596,15
51,8462267483bc8dc0c5eb0740,M03,0,8.17,8.56259822845,21
51,8462267483bc8dc0c5eb0740,M04,0,7.47,7.96043777466,21
51,8462267483bc8dc0c5eb0740,M05,0,7.43,7.91905975342,21
51,8462267483bc8dc0c5eb0740,M06,0,10.34,11.3887147903,21
51,8462267483bc8dc0c5eb0740,M07,0,10.9,12.2151508331,30
51,8462267483bc8dc0c5eb0740,M08,0,15.02,15.6643228531,30
51,8462267483bc8dc0c5eb0740,M09,0,13.93,14.4242973328,30
51,8462267483bc8dc0c5eb0740,M10,0,16.73,17.1354789734,30
51,8462267483bc8dc0c5eb0740,M11,0,15.89,15.9307565689,30
51,8462267483bc8dc0c5eb0740,M12,0,20.5,21.3347911835,45
51,8462267483bc8dc0c5eb0740,M13,0,19.62,21.2586402893,60
51,8462267483bc8dc0c5eb0740,M14,0,16.25,17.3398952484,60
51,8462267483bc8dc0c5eb0740,M15,0,19.84,21.5570716858,60
51,8462267483bc8dc0c5eb0740,M16,0,44.74,43.1441268921,100
51,8462267483bc8dc0c5eb0740,M17,0,6.01,6.02150201797,14
51,8462267483bc8dc0c5eb0740,M18,0,8.09,8.44694137573,21
51,8462267483bc8dc0c5eb0740,M19,0,6.21,6.9883313179,21
51,8462267483bc8dc0c5eb0740,M20,0,8.43,9.02807712555,20
51,8462267483bc8dc0c5eb0740,M21,0,6,6.57856893539,21
51,8462267483bc8dc0c5eb0740,M22,0,13.12,15.1190652847,45
51,8462267483bc8dc0c5eb0740,M23,0,11.27,12.0191011429,45
51,8462267483bc8dc0c5eb0740,M24,0,13.25,15.6878671646,45
51,8462267483bc8dc0c5eb0740,M25,0,12.78,12.7273015976,20
51,8462267483bc8dc0c5eb0740,M26,0,11.36,11.3699645996,20
51,8462267483bc8dc0c5eb0740,M27,0,13.72,14.4321250916,30
51,8462267483bc8dc0c5eb0740,M28,0,11.6,11.7785205841,30
51,8462267483bc8dc0c5eb0740,M29,0,13.62,14.2899971008,30
51,8462267483bc8dc0c5eb0740,M30,0,8.19,8.60329627991,21
53,de76339ba27df16100871511,M01,0,3.38,4.63544464111,10
53,de76339ba27df16100871511,M02,0,3.93,5.44966554642,15
53,de76339ba27df16100871511,M03,0,4.11,4.94451141357,21
53,de76339ba27df16100871511,M04,0,3.84,4.83924722672,21
53,de76339ba27df16100871511,M05,0,3.52,4.7558722496,21
53,de76339ba27df16100871511,M06,0,5.49,6.50540447235,21
53,de76339ba27df16100871511,M07,0,4.46,6.11857318878,30
53,de76339ba27df16100871511,M08,0,3.94,8.01493358612,30
53,de76339ba27df16100871511,M09,0,2.9,7.27191495895,30
53,de76339ba27df16100871511,M10,0,5.54,10.0369873047,30
53,de76339ba27df16100871511,M11,0,4.28,8.90129184723,30
53,de76339ba27df16100871511,M12,0,3.97,9.72630405426,45
53,de76339ba27df16100871511,M13,0,5.59,10.1555700302,60
53,de76339ba27df16100871511,M14,0,3.67,7.45842456818,60
53,de76339ba27df16100871511,M15,0,5.59,10.1513500214,60
53,de76339ba27df16100871511,M16,0,6.85,17.5680274963,100
53,de76339ba27df16100871511,M17,0,1.84,3.50027894974,14
53,de76339ba27df16100871511,M18,0,4.51,5.14486265182,21
53,de76339ba27df16100871511,M19,0,4.16,4.16421937943,21
53,de76339ba27df16100871511,M20,0,4.24,5.38203144073,20
53,de76339ba27df16100871511,M21,0,4.14,4.26688098907,21
53,de76339ba27df16100871511,M22,0,5.41,8.02238464355,45
53,de76339ba27df16100871511,M23,0,3.14,6.38272190094,45
53,de76339ba27df16100871511,M24,0,5.54,8.19379806519,45
53,de76339ba27df16100871511,M25,0,6.3,8.03923988342,20
53,de76339ba27df16100871511,M26,0,4.76,6.92963266373,20
53,de76339ba27df16100871511,M27,0,6.72,8.28172302246,30
53,de76339ba27df16100871511,M28,0,5.26,7.15505218506,30
53,de76339ba27df16100871511,M29,0,6.49,8.26923942566,30
53,de76339ba27df16100871511,M30,0,4.69,5.13147974014,21
54,1fbd74bab3e102b26979a15d,M01,3,6.95,5.74469470978,10
54,1fbd74bab3e102b26979a15d,M02,3,9.32,7.19404459,15
54,1fbd74bab3e102b26979a15d,M03,3,9.36,6.47326374054,21
54,1fbd74bab3e102b26979a15d,M04,3,8.58,6.07019948959,21
54,1fbd74bab3e102b26979a15d,M05,3,8.47,5.9700756073,21
54,1fbd74bab3e102b26979a15d,M06,3,11.66,8.00442409515,21
54,1fbd74bab3e102b26979a15d,M07,3,12.67,8.38609027863,30
54,1fbd74bab3e102b26979a15d,M08,3,16.97,11.1721868515,30
54,1fbd74bab3e102b26979a15d,M09,3,15.81,9.94228935242,30
54,1fbd74bab3e102b26979a15d,M10,3,18.69,12.6252985001,30
54,1fbd74bab3e102b26979a15d,M11,3,17.71,11.7239179611,30
54,1fbd74bab3e102b26979a15d,M12,3,23.66,13.5549631119,45
54,1fbd74bab3e102b26979a15d,M13,3,23.09,13.5528802872,60
54,1fbd74bab3e102b26979a15d,M14,3,19.41,9.97205638885,60
54,1fbd74bab3e102b26979a15d,M15,3,23.49,13.7322301865,60
54,1fbd74bab3e102b26979a15d,M16,3,50.35,30.8771095276,100
54,1fbd74bab3e102b26979a15d,M17,3,6.73,4.83997678757,14
54,1fbd74bab3e102b26979a15d,M18,3,9.19,6.53068399429,21
54,1fbd74bab3e102b26979a15d,M19,3,5.99,5.79492950439,21
54,1fbd74bab3e102b26979a15d,M20,3,10.45,7.06836032867,20
54,1fbd74bab3e102b26979a15d,M21,3,7.65,5.76177406311,21
54,1fbd74bab3e102b26979a15d,M22,3,18.33,11.7203741074,45
54,1fbd74bab3e102b26979a15d,M23,3,15.35,9.46979045868,45
54,1fbd74bab3e102b26979a15d,M24,3,18.65,11.8710594177,45
54,1fbd74bab3e102b26979a15d,M25,3,13.62,10.7391424179,20
54,1fbd74bab3e102b26979a15d,M26,3,12.21,8.98974895477,20
54,1fbd74bab3e102b26979a15d,M27,3,15.35,10.7342710495,30
54,1fbd74bab3e102b26979a15d,M28,3,13.22,8.61774158478,30
54,1fbd74bab3e102b26979a15d,M29,3,15.38,10.7671775818,30
54,1fbd74bab3e102b26979a15d,M30,3,9.38,6.37186288834,21
55,d9401cbf16b2cebc83fd68dc,M01,2,5.39,6.04535245895,10
55,d9401cbf16b2cebc83fd68dc,M02,2,7.21,7.35795211792,15
55,d9401cbf16b2cebc83fd68dc,M03,2,6.3,6.85935163498,21
55,d9401cbf16b2cebc83fd68dc,M04,2,5.76,6.47312736511,21
55,d9401cbf16b2cebc83fd68dc,M05,2,5.45,6.32245016098,21
55,d9401cbf16b2cebc83fd68dc,M06,2,7.76,8.87135410309,21
55,d9401cbf16b2cebc83fd68dc,M07,2,8.11,8.96226596832,30
55,d9401cbf16b2cebc83fd68dc,M08,2,10.91,11.5035324097,30
55,d9401cbf16b2cebc83fd68dc,M09,2,9.45,10.4674987793,30
55,d9401cbf16b2cebc83fd68dc,M10,2,12.73,13.2264699936,30
55,d9401cbf16b2cebc83fd68dc,M11,2,11.12,11.9576072693,30
55,d9401cbf16b2cebc83fd68dc,M12,2,13.56,14.758430481,45
55,d9401cbf16b2cebc83fd68dc,M13,2,13.3,15.0350828171,60
55,d9401cbf16b2cebc83fd68dc,M14,2,10.39,12.3491134644,60
55,d9401cbf16b2cebc83fd68dc,M15,2,13.5,15.1326637268,60
55,d9401cbf16b2cebc83fd68dc,M16,2,25.91,30.7689037323,100
55,d9401cbf16b2cebc83fd68dc,M17,2,5.47,4.83524131775,14
55,d9401cbf16b2cebc83fd68dc,M18,2,7.59,6.94747638702,21
55,d9401cbf16b2cebc83fd68dc,M19,2,5.28,6.10048723221,21
55,d9401cbf16b2cebc83fd68dc,M20,2,9.12,7.75490283966,20
55,d9401cbf16b2cebc83fd68dc,M21,2,6.59,6.03415155411,21
55,d9401cbf16b2cebc83fd68dc,M22,2,14.79,11.9775371552,45
55,d9401cbf16b2cebc83fd68dc,M23,2,12.29,10.287902832,45
55,d9401cbf16b2cebc83fd68dc,M24,2,15.29,11.9941892624,45
55,d9401cbf16b2cebc83fd68dc,M25,2,8.83,10.633564949,20
55,d9401cbf16b2cebc83fd68dc,M26,2,6.8,9.12509441376,20
55,d9401cbf16b2cebc83fd68dc,M27,2,8.55,11.9209747314,30
55,d9401cbf16b2cebc83fd68dc,M28,2,6.99,10.2605371475,30
55,d9401cbf16b2cebc83fd68dc,M29,2,8.71,11.7256317139,30
55,d9401cbf16b2cebc83fd68dc,M30,2,5.17,6.78211832047,21
56,780c412e404e2d3c20298ba1,M25,3,13.86,13.3089427948,20
56,780c412e404e2d3c20298ba1,M26,3,12.55,12.190653801,20
56,780c412e404e2d3c20298ba1,M27,3,15.99,15.7358484268,30
56,780c412e404e2d3c20298ba1,M28,3,13.99,13.4643115997,30
56,780c412e404e2d3c20298ba1,M29,3,15.68,15.6123313904,30
56,780c412e404e2d3c20298ba1,M30,3,9.82,9.6500453949,21
57,7b782a00d24f8ce3c9b9fbce,M01,2,7.56,8.66231250763,10
57,7b782a00d24f8ce3c9b9fbce,M02,2,10.02,11.1191549301,15
57,7b782a00d24f8ce3c9b9fbce,M03,2,10.68,11.9839382172,21
57,7b782a00d24f8ce3c9b9fbce,M04,2,9.82,11.3770141602,21
57,7b782a00d24f8ce3c9b9fbce,M05,2,9.89,11.5004997253,21
57,7b782a00d24f8ce3c9b9fbce,M06,2,13.36,14.8834142685,21
57,7b782a00d24f8ce3c9b9fbce,M07,2,14.66,17.2338409424,30
57,7b782a00d24f8ce3c9b9fbce,M08,2,19.03,21.8227558136,30
57,7b782a00d24f8ce3c9b9fbce,M09,2,17.81,20.2877044678,30
57,7b782a00d24f8ce3c9b9fbce,M10,2,20.72,23.1915645599,30
57,7b782a00d24f8ce3c9b9fbce,M11,2,19.83,22.5803775787,30
57,7b782a00d24f8ce3c9b9fbce,M12,2,27.09,30.209104538,45
57,7b782a00d24f8ce3c9b9fbce,M13,2,27.6,31.0190162659,60
57,7b782a00d24f8ce3c9b9fbce,M14,2,23.89,27.2496490479,60
57,7b782a00d24f8ce3c9b9fbce,M15,2,27.74,31.0310344696,60
57,7b782a00d24f8ce3c9b9fbce,M16,2,55.96,56.2313041687,100
57,7b782a00d24f8ce3c9b9fbce,M17,2,7.57,8.57014751434,14
57,7b782a00d24f8ce3c9b9fbce,M18,2,10.37,11.7120304108,21
57,7b782a00d24f8ce3c9b9fbce,M19,2,8.67,10.4627513885,21
57,7b782a00d24f8ce3c9b9fbce,M20,2,10.83,12.6076726913,20
57,7b782a00d24f8ce3c9b9fbce,M21,2,8.12,9.93473339081,21
57,7b782a00d24f8ce3c9b9fbce,M22,2,19.44,24.5623073578,45
57,7b782a00d24f8ce3c9b9fbce,M23,2,16.26,21.3116798401,45
57,7b782a00d24f8ce3c9b9fbce,M24,2,20.07,24.9115276337,45
57,7b782a00d24f8ce3c9b9fbce,M25,2,14.56,15.6095752716,20
57,7b782a00d24f8ce3c9b9fbce,M26,2,13.27,14.6199760437,20
57,7b782a00d24f8ce3c9b9fbce,M27,2,17.35,19.6179828644,30
57,7b782a00d24f8ce3c9b9fbce,M28,2,15.28,17.6539916992,30
57,7b782a00d24f8ce3c9b9fbce,M29,2,17.28,19.4286003113,30
57,7b782a00d24f8ce3c9b9fbce,M30,2,10.73,12.2009477615,21
58,4b6408684e7ec1b4fb4f8f15,M01,3,4.78,5.42653942108,10
58,4b6408684e7ec1b4fb4f8f15,M02,3,6.23,6.83010053635,15
58,4b6408684e7ec1b4fb4f8f15,M03,3,5.37,6.30247974396,21
58,4b6408684e7ec1b4fb4f8f15,M04,3,5.04,5.979616642,21
58,4b6408684e7ec1b4fb4f8f15,M05,3,5.03,5.87514400482,21
58,4b6408684e7ec1b4fb4f8f15,M06,3,7.02,8.30965042114,21
58,4b6408684e7ec1b4fb4f8f15,M07,3,6.97,8.32730293274,30
58,4b6408684e7ec1b4fb4f8f15,M08,3,8.64,10.0402870178,30
58,4b6408684e7ec1b4fb4f8f15,M09,3,7.23,8.89410495758,30
58,4b6408684e7ec1b4fb4f8f15,M10,3,10.16,11.4677095413,30
58,4b6408684e7ec1b4fb4f8f15,M11,3,8.93,10.4965991974,30
58,4b6408684e7ec1b4fb4f8f15,M12,3,9.94,12.7071046829,45
58,4b6408684e7ec1b4fb4f8f15,M13,3,10.37,12.3735704422,60
58,4b6408684e7ec1b4fb4f8f15,M14,3,7.81,9.87568855286,60
58,4b6408684e7ec1b4fb4f8f15,M15,3,10.46,12.3273916245,60
58,4b6408684e7ec1b4fb4f8f15,M16,3,17.83,21.2578849792,100
58,4b6408684e7ec1b4fb4f8f15,M17,3,3.39,4.49505281448,14
58,4b6408684e7ec1b4fb4f8f15,M18,3,5.52,6.48443126678,21
58,4b6408684e7ec1b4fb4f8f15,M19,3,4.86,5.78005599976,21
58,4b6408684e7ec1b4fb4f8f15,M20,3,6.25,7.43691253662,20
58,4b6408684e7ec1b4fb4f8f15,M21,3,4.66,5.73849821091,21
58,4b6408684e7ec1b4fb4f8f15,M22,3,8.35,10.0370912552,45
58,4b6408684e7ec1b4fb4f8f15,M23,3,6.87,8.0235080719,45
58,4b6408684e7ec1b4fb4f8f15,M24,3,8.21,10.2234573364,45
58,4b6408684e7ec1b4fb4f8f15,M25,3,5.36,9.84563922882,20
58,4b6408684e7ec1b4fb4f8f15,M26,3,3.59,8.0964641571,20
58,4b6408684e7ec1b4fb4f8f15,M27,3,6.01,9.96130943298,30
58,4b6408684e7ec1b4fb4f8f15,M28,3,4.42,8.04588985443,30
58,4b6408684e7ec1b4fb4f8f15,M29,3,5.85,9.96154403687,30
58,4b6408684e7ec1b4fb4f8f15,M30,3,3.62,6.54306602478,21
60,6a754101c77952c9f22727f1,M01,4,5.95,7.22238969803,10
60,6a754101c77952c9f22727f1,M02,4,7.92,9.30463886261,15
60,6a754101c77952c9f22727f1,M03,4,7.13,8.98168182373,21
60,6a754101c77952c9f22727f1,M04,4,6.55,8.404255867,21
60,6a754101c77952c9f22727f1,M05,4,6.38,8.29926776886,21
60,6a754101c77952c9f22727f1,M06,4,8.95,11.2488136292,21
60,6a754101c77952c9f22727f1,M07,4,9.34,11.9128131866,30
60,6a754101c77952c9f22727f1,M08,4,12.93,15.9742155075,30
60,6a754101c77952c9f22727f1,M09,4,11.72,14.878745079,30
60,6a754101c77952c9f22727f1,M10,4,14.69,17.7135677338,30
60,6a754101c77952c9f22727f1,M11,4,13.63,16.4715003967,30
60,6a754101c77952c9f22727f1,M12,4,16.96,21.7890720367,45
60,6a754101c77952c9f22727f1,M13,4,16,21.3569488525,60
60,6a754101c77952c9f22727f1,M14,4,13.09,17.353094101,60
60,6a754101c77952c9f22727f1,M15,4,16.22,21.5064525604,60
60,6a754101c77952c9f22727f1,M16,4,34.78,45.4230308533,100
60,6a754101c77952c9f22727f1,M17,4,5.17,6.56249094009,14
60,6a754101c77952c9f22727f1,M18,4,7.12,8.91622447968,21
60,6a754101c77952c9f22727f1,M19,4,6.09,7.52335357666,21
60,6a754101c77952c9f22727f1,M20,4,8.45,9.65229701996,20
60,6a754101c77952c9f22727f1,M21,4,5.99,7.32114553452,21
60,6a754101c77952c9f22727f1,M22,4,12.87,16.3153839111,45
60,6a754101c77952c9f22727f1,M23,4,10.87,13.6208362579,45
60,6a754101c77952c9f22727f1,M24,4,12.67,16.5086669922,45
60,6a754101c77952c9f22727f1,M25,4,11.78,13.1214418411,20
60,6a754101c77952c9f22727f1,M26,4,10.26,11.643324852,20
60,6a754101c77952c9f22727f1,M27,4,11.93,14.3072242737,30
60,6a754101c77952c9f22727f1,M28,4,9.89,12.0897655487,30
60,6a754101c77952c9f22727f1,M29,4,11.82,14.1605005264,30
60,6a754101c77952c9f22727f1,M30,4,7.13,8.99647521973,21
61,b727aabe5a35f85d668e9b3f,M01,3,5.38,5.28201293945,10
61,b727aabe5a35f85d668e9b3f,M02,3,7.08,6.847427845,15
61,b727aabe5a35f85d668e9b3f,M03,3,6.14,5.88770341873,21
61,b727aabe5a35f85d668e9b3f,M04,3,5.58,5.5265288353,21
61,b727aabe5a35f85d668e9b3f,M05,3,5.49,5.39991664886,21
61,b727aabe5a35f85d668e9b3f,M06,3,7.77,7.65747880936,21
61,b727aabe5a35f85d668e9b3f,M07,3,7.9,7.9044470787,30
61,b727aabe5a35f85d668e9b3f,M08,3,10.6,10.1627511978,30
61,b727aabe5a35f85d668e9b3f,M09,3,8.97,8.93414878845,30
61,b727aabe5a35f85d668e9b3f,M10,3,12.37,11.7108078003,30
61,b727aabe5a35f85d668e9b3f,M11,3,11.07,10.5082244873,30
61,b727aabe5a35f85d668e9b3f,M12,3,13.23,12.4716815948,45
61,b727aabe5a35f85d668e9b3f,M13,3,12.98,12.2501516342,60
61,b727aabe5a35f85d668e9b3f,M14,3,10.19,9.56523799896,60
61,b727aabe5a35f85d668e9b3f,M15,3,13.09,12.2470092773,60
61,b727aabe5a35f85d668e9b3f,M16,3,25.09,21.8348484039,100
61,b727aabe5a35f85d668e9b3f,M17,3,4.05,4.08479881287,14
61,b727aabe5a35f85d668e9b3f,M18,3,6.07,5.94360351562,21
61,b727aabe5a35f85d668e9b3f,M19,3,5.43,5.28756332397,21
61,b727aabe5a35f85d668e9b3f,M20,3,7.6,7.02186346054,20
61,b727aabe5a35f85d668e9b3f,M21,3,5.35,5.45462369919,21
61,b727aabe5a35f85d668e9b3f,M22,3,11.16,10.221745491,45
61,b727aabe5a35f85d668e9b3f,M23,3,9.11,8.46400356293,45
61,b727aabe5a35f85d668e9b3f,M24,3,11.73,10.3040933609,45
61,b727aabe5a35f85d668e9b3f,M25,3,10.51,9.41865825653,20
61,b727aabe5a35f85d668e9b3f,M26,3,8.73,7.80781507492,20
61,b727aabe5a35f85d668e9b3f,M27,3,10.11,9.75239086151,30
61,b727aabe5a35f85d668e9b3f,M28,3,8.33,8.10936355591,30
61,b727aabe5a35f85d668e9b3f,M29,3,9.93,9.50768756866,30
61,b727aabe5a35f85d668e9b3f,M30,3,5.97,5.63606786728,21
63,35a15bff1177570ab88c7499,M01,1,5.33,5.67728805542,10
63,35a15bff1177570ab88c7499,M02,1,6.62,7.33312892914,15
63,35a15bff1177570ab88c7499,M03,1,6.21,6.78195667267,21
63,35a15bff1177570ab88c7499,M04,1,5.48,6.31887626648,21
63,35a15bff1177570ab88c7499,M05,1,5.21,5.92806863785,21
63,35a15bff1177570ab88c7499,M06,1,7.66,8.28493785858,21
63,35a15bff1177570ab88c7499,M07,1,7.47,8.73042678833,30
63,35a15bff1177570ab88c7499,M08,1,10.31,11.4439153671,30
63,35a15bff1177570ab88c7499,M09,1,8.97,10.2447872162,30
63,35a15bff1177570ab88c7499,M10,1,11.75,13.149805069,30
63,35a15bff1177570ab88c7499,M11,1,10.82,11.6886148453,30
63,35a15bff1177570ab88c7499,M12,1,13.93,13.9870624542,45
63,35a15bff1177570ab88c7499,M13,1,12.3,13.2233247757,60
63,35a15bff1177570ab88c7499,M14,1,10.31,11.1959285736,60
63,35a15bff1177570ab88c7499,M15,1,13.73,13.8676681519,60
63,35a15bff1177570ab88c7499,M16,1,19.75,22.28399086,100
63,35a15bff1177570ab88c7499,M17,1,4.43,4.84506797791,14
63,35a15bff1177570ab88c7499,M18,1,6.43,6.77452087402,21
63,35a15bff1177570ab88c7499,M19,1,5.57,5.53552627563,21
63,35a15bff1177570ab88c7499,M20,1,7.69,7.20018768311,20
63,35a15bff1177570ab88c7499,M21,1,5.68,5.66520690918,21
63,35a15bff1177570ab88c7499,M22,1,11.85,10.9384002686,45
63,35a15bff1177570ab88c7499,M23,1,9.44,8.73413181305,45
63,35a15bff1177570ab88c7499,M24,1,13.24,11.8470649719,45
63,35a15bff1177570ab88c7499,M25,1,10.13,10.1061115265,20
63,35a15bff1177570ab88c7499,M26,1,7.99,8.67627334595,20
63,35a15bff1177570ab88c7499,M27,1,9.74,10.9277029037,30
63,35a15bff1177570ab88c7499,M28,1,7.85,9.06736946106,30
63,35a15bff1177570ab88c7499,M29,1,10.36,11.3952951431,30
63,35a15bff1177570ab88c7499,M30,1,5.68,6.50500774384,21
65,d03f670f1f126e5f040b4224,M01,1,5.39,5.64066934586,10
65,d03f670f1f126e5f040b4224,M02,1,7.29,7.60941314697,15
65,d03f670f1f126e5f040b4224,M03,1,6.24,6.96045398712,21
65,d03f670f1f126e5f040b4224,M04,1,5.73,6.40703201294,21
65,d03f670f1f126e5f040b4224,M05,1,5.55,6.30294895172,21
65,d03f670f1f126e5f040b4224,M06,1,7.84,9.00198078156,21
65,d03f670f1f126e5f040b4224,M07,1,8.05,9.33873176575,30
65,d03f670f1f126e5f040b4224,M08,1,11.12,12.8245573044,30
65,d03f670f1f126e5f040b4224,M09,1,9.93,11.5716600418,30
65,d03f670f1f126e5f040b4224,M10,1,12.72,14.3982286453,30
65,d03f670f1f126e5f040b4224,M11,1,11.72,13.1073350906,30
65,d03f670f1f126e5f040b4224,M12,1,14.35,15.4575529099,45
65,d03f670f1f126e5f040b4224,M13,1,13.7,15.1695775986,60
65,d03f670f1f126e5f040b4224,M14,1,11.02,12.0667543411,60
65,d03f670f1f126e5f040b4224,M15,1,13.76,15.3717308044,60
65,d03f670f1f126e5f040b4224,M16,1,28.23,32.2845191956,100
65,d03f670f1f126e5f040b4224,M17,1,4.47,5.17762327194,14
65,d03f670f1f126e5f040b4224,M18,1,6.44,7.20483875275,21
65,d03f670f1f126e5f040b4224,M19,1,4.93,5.90208053589,21
65,d03f670f1f126e5f040b4224,M20,1,7.15,8.21624183655,20
65,d03f670f1f126e5f040b4224,M21,1,5.11,5.86773109436,21
65,d03f670f1f126e5f040b4224,M22,1,11.26,12.7682590485,45
65,d03f670f1f126e5f040b4224,M23,1,9.45,10.6723413467,45
65,d03f670f1f126e5f040b4224,M24,1,11.29,13.051940918,45
65,d03f670f1f126e5f040b4224,M25,1,10.73,10.8245973587,20
65,d03f670f1f126e5f040b4224,M26,1,9.1,9.19279289246,20
65,d03f670f1f126e5f040b4224,M27,1,10.32,11.2348546982,30
65,d03f670f1f126e5f040b4224,M28,1,8.58,9.42590045929,30
65,d03f670f1f126e5f040b4224,M29,1,10.08,11.1398229599,30
65,d03f670f1f126e5f040b4224,M30,1,6.16,6.53464031219,21
66,6337f9636fede46bcc35391b,M01,3,3.99,4.16693305969,10
66,6337f9636fede46bcc35391b,M02,3,4.44,5.40958356857,15
66,6337f9636fede46bcc35391b,M03,3,4.42,4.73068094254,21
66,6337f9636fede46bcc35391b,M04,3,4.1,4.38783454895,21
66,6337f9636fede46bcc35391b,M05,3,3.67,4.31944942474,21
66,6337f9636fede46bcc35391b,M06,3,5.7,6.02113771439,21
66,6337f9636fede46bcc35391b,M07,3,4.95,5.98598670959,30
66,6337f9636fede46bcc35391b,M08,3,4.7,7.68090820312,30
66,6337f9636fede46bcc35391b,M09,3,3.35,6.42287921906,30
66,6337f9636fede46bcc35391b,M10,3,6.27,9.01953887939,30
66,6337f9636fede46bcc35391b,M11,3,4.36,8.13793087006,30
66,6337f9636fede46bcc35391b,M12,3,4.64,8.94840240479,45
66,6337f9636fede46bcc35391b,M13,3,6.06,9.06165122986,60
66,6337f9636fede46bcc35391b,M14,3,3.74,6.75359582901,60
66,6337f9636fede46bcc35391b,M15,3,6.27,9.06167888641,60
66,6337f9636fede46bcc35391b,M16,3,7.3,15.3140382767,100
66,6337f9636fede46bcc35391b,M17,3,2.09,3.01192593575,14
66,6337f9636fede46bcc35391b,M18,3,4.72,4.87033748627,21
66,6337f9636fede46bcc35391b,M19,3,4.5,4.24634361267,21
66,6337f9636fede46bcc35391b,M20,3,4.83,5.4279460907,20
66,6337f9636fede46bcc35391b,M21,3,4.55,4.39693450928,21
66,6337f9636fede46bcc35391b,M22,3,7.06,8.15506744385,45
66,6337f9636fede46bcc35391b,M23,3,4.76,6.44520282745,45
66,6337f9636fede46bcc35391b,M24,3,7.4,8.18085193634,45
66,6337f9636fede46bcc35391b,M25,3,4.05,7.446352005,20
66,6337f9636fede46bcc35391b,M26,3,2.99,5.64709281921,20
66,6337f9636fede46bcc35391b,M27,3,5.63,7.58680725098,30
66,6337f9636fede46bcc35391b,M28,3,3.19,5.83326101303,30
66,6337f9636fede46bcc35391b,M29,3,6.01,7.29572057724,30
66,6337f9636fede46bcc35391b,M30,3,2.23,4.52726125717,21
67,9699e16c8071621d55aa20c2,M01,0,6.4,6.31413507462,10
67,9699e16c8071621d55aa20c2,M02,0,8.41,7.3829536438,15
67,9699e16c8071621d55aa20c2,M03,0,7.83,6.85027551651,21
67,9699e16c8071621d55aa20c2,M04,0,7.16,6.36426067352,21
67,9699e16c8071621d55aa20c2,M05,0,7.06,6.28303384781,21
67,9699e16c8071621d55aa20c2,M06,0,9.9,8.95954990387,21
67,9699e16c8071621d55aa20c2,M07,0,10.32,8.92545986176,30
67,9699e16c8071621d55aa20c2,M08,0,14.12,11.0048017502,30
67,9699e16c8071621d55aa20c2,M09,0,12.92,9.8642206192,30
67,9699e16c8071621d55aa20c2,M10,0,15.95,12.619726181,30
67,9699e16c8071621d55aa20c2,M11,0,14.91,11.5959472656,30
67,9699e16c8071621d55aa20c2,M12,0,18.78,14.4765920639,45
67,9699e16c8071621d55aa20c2,M13,0,18.02,14.1202220917,60
67,9699e16c8071621d55aa20c2,M14,0,14.57,10.9527673721,60
67,9699e16c8071621d55aa20c2,M15,0,18.21,14.5188179016,60
67,9699e16c8071621d55aa20c2,M16,0,39.6,31.6126651764,100
67,9699e16c8071621d55aa20c2,M17,0,5.72,4.97873497009,14
67,9699e16c8071621d55aa20c2,M18,0,7.76,6.78863811493,21
67,9699e16c8071621d55aa20c2,M19,0,5.85,6.00722265244,21
67,9699e16c8071621d55aa20c2,M20,0,7.78,8.21766757965,20
67,9699e16c8071621d55aa20c2,M21,0,5.69,6.00370025635,21
67,9699e16c8071621d55aa20c2,M22,0,11.99,11.1491031647,45
67,9699e16c8071621d55aa20c2,M23,0,10.13,9.30438423157,45
67,9699e16c8071621d55aa20c2,M24,0,12.07,11.7237672806,45
67,9699e16c8071621d55aa20c2,M25,0,12.5,10.1222362518,20
67,9699e16c8071621d55aa20c2,M26,0,10.92,8.55774116516,20
67,9699e16c8071621d55aa20c2,M27,0,13.08,10.559595108,30
67,9699e16c8071621d55aa20c2,M28,0,10.83,9.06345653534,30
67,9699e16c8071621d55aa20c2,M29,0,13.01,10.6586198807,30
67,9699e16c8071621d55aa20c2,M30,0,7.84,6.47416877747,21
68,37927413d1b2c33fd4f48fe4,M01,1,4.85,4.45397472382,10
68,37927413d1b2c33fd4f48fe4,M02,1,6.36,5.72320222855,15
68,37927413d1b2c33fd4f48fe4,M03,1,5.45,5.17919397354,21
68,37927413d1b2c33fd4f48fe4,M04,1,5.22,4.65979909897,21
68,37927413d1b2c33fd4f48fe4,M05,1,5.07,4.5590801239,21
68,37927413d1b2c33fd4f48fe4,M06,1,6.89,6.42523193359,21
68,37927413d1b2c33fd4f48fe4,M07,1,6.96,6.46300888062,30
68,37927413d1b2c33fd4f48fe4,M08,1,8.9,8.38066673279,30
68,37927413d1b2c33fd4f48fe4,M09,1,7.94,7.21371221542,30
68,37927413d1b2c33fd4f48fe4,M10,1,10.53,9.93496417999,30
68,37927413d1b2c33fd4f48fe4,M11,1,9.65,8.89858150482,30
68,37927413d1b2c33fd4f48fe4,M12,1,10.62,9.95970249176,45
68,37927413d1b2c33fd4f48fe4,M13,1,10.86,10.1844768524,60
68,37927413d1b2c33fd4f48fe4,M14,1,8.24,7.52597141266,60
68,37927413d1b2c33fd4f48fe4,M15,1,10.91,10.2774457932,60
68,37927413d1b2c33fd4f48fe4,M16,1,19.24,14.6879863739,100
68,37927413d1b2c33fd4f48fe4,M17,1,3.57,3.27109479904,14
68,37927413d1b2c33fd4f48fe4,M18,1,5.64,5.60672187805,21
68,37927413d1b2c33fd4f48fe4,M19,1,5.34,4.77148389816,21
68,37927413d1b2c33fd4f48fe4,M20,1,7.1,6.17278766632,20
68,37927413d1b2c33fd4f48fe4,M21,1,5.39,4.98919248581,21
68,37927413d1b2c33fd4f48fe4,M22,1,10.94,9.71022510529,45
68,37927413d1b2c33fd4f48fe4,M23,1,8.87,7.67906904221,45
68,37927413d1b2c33fd4f48fe4,M24,1,11.07,9.8424949646,45
68,37927413d1b2c33fd4f48fe4,M25,1,6.88,6.77296686172,20
68,37927413d1b2c33fd4f48fe4,M26,1,4.45,4.68209695816,20
68,37927413d1b2c33fd4f48fe4,M27,1,7.3,7.44168901443,30
68,37927413d1b2c33fd4f48fe4,M28,1,5.78,5.39451026917,30
68,37927413d1b2c33fd4f48fe4,M29,1,7.24,7.40723514557,30
68,37927413d1b2c33fd4f48fe4,M30,1,3.62,4.28458499908,21
69,80a0d3bab064158ae690ad6a,M01,3,7.69,7.69539499283,10
69,80a0d3bab064158ae690ad6a,M02,3,10.29,10.0017051697,15
69,80a0d3bab064158ae690ad6a,M03,3,11.18,10.261007309,21
69,80a0d3bab064158ae690ad6a,M04,3,10.17,9.70597171783,21
69,80a0d3bab064158ae690ad6a,M05,3,10.23,9.61880874634,21
69,80a0d3bab064158ae690ad6a,M06,3,13.75,13.2894296646,21
69,80a0d3bab064158ae690ad6a,M07,3,15.41,14.1417455673,30
69,80a0d3bab064158ae690ad6a,M08,3,19.78,17.9886798859,30
69,80a0d3bab064158ae690ad6a,M09,3,18.36,16.7524452209,30
69,80a0d3bab064158ae690ad6a,M10,3,21.45,19.5404872894,30
69,80a0d3bab064158ae690ad6a,M11,3,20.4,18.5664825439,30
69,80a0d3bab064158ae690ad6a,M12,3,28.35,26.0572814941,45
69,80a0d3bab064158ae690ad6a,M13,3,28.65,26.4314918518,60
69,80a0d3bab064158ae690ad6a,M14,3,24.95,23.197927475,60
69,80a0d3bab064158ae690ad6a,M15,3,29.32,26.7610569,60
69,80a0d3bab064158ae690ad6a,M16,3,57.18,55.4588470459,100
69,80a0d3bab064158ae690ad6a,M17,3,7.72,7.58201885223,14
69,80a0d3bab064158ae690ad6a,M18,3,10.7,10.1907482147,21
69,80a0d3bab064158ae690ad6a,M19,3,9.31,8.7806596756,21
69,80a0d3bab064158ae690ad6a,M20,3,11.44,10.7451715469,20
69,80a0d3bab064158ae690ad6a,M21,3,8.64,8.36470222473,21
69,80a0d3bab064158ae690ad6a,M22,3,21.28,19.4107437134,45
69,80a0d3bab064158ae690ad6a,M23,3,17.99,16.0371437073,45
69,80a0d3bab064158ae690ad6a,M24,3,22.08,19.6824893951,45
69,80a0d3bab064158ae690ad6a,M25,3,14.81,14.2758426666,20
69,80a0d3bab064158ae690ad6a,M26,3,13.47,13.3132324219,20
69,80a0d3bab064158ae690ad6a,M27,3,17.82,16.6931343079,30
69,80a0d3bab064158ae690ad6a,M28,3,15.75,14.4753684998,30
69,80a0d3bab064158ae690ad6a,M29,3,17.95,16.6455631256,30
69,80a0d3bab064158ae690ad6a,M30,3,11.22,10.4852104187,21
70,6edd2232ed1ec668311aa339,M01,1,4.09,4.0723938942,10
70,6edd2232ed1ec668311aa339,M02,1,4.83,5.32290744781,15
70,6edd2232ed1ec668311aa339,M03,1,4.57,4.83460760117,21
70,6edd2232ed1ec668311aa339,M04,1,4.33,4.34567117691,21
70,6edd2232ed1ec668311aa339,M05,1,4.02,4.27591943741,21
70,6edd2232ed1ec668311aa339,M06,1,5.84,6.07136535645,21
70,6edd2232ed1ec668311aa339,M07,1,5.3,6.31018352509,30
70,6edd2232ed1ec668311aa339,M08,1,5.62,8.85316467285,30
70,6edd2232ed1ec668311aa339,M09,1,4.31,7.67771959305,30
70,6edd2232ed1ec668311aa339,M10,1,7.12,10.2506370544,30
70,6edd2232ed1ec668311aa339,M11,1,5.62,9.34646606445,30
70,6edd2232ed1ec668311aa339,M12,1,5.71,10.7584342957,45
70,6edd2232ed1ec668311aa339,M13,1,6.78,10.7719564438,60
70,6edd2232ed1ec668311aa339,M14,1,4.38,8.47512626648,60
70,6edd2232ed1ec668311aa339,M15,1,6.99,10.9333772659,60
70,6edd2232ed1ec668311aa339,M16,1,8.87,13.6817798615,100
70,6edd2232ed1ec668311aa339,M17,1,2.3,3.20878767967,14
70,6edd2232ed1ec668311aa339,M18,1,4.86,5.2734041214,21
70,6edd2232ed1ec668311aa339,M19,1,4.57,4.56625556946,21
70,6edd2232ed1ec668311aa339,M20,1,5.31,5.77202224731,20
70,6edd2232ed1ec668311aa339,M21,1,4.63,4.65429401398,21
70,6edd2232ed1ec668311aa339,M22,1,7.53,10.2044506073,45
70,6edd2232ed1ec668311aa339,M23,1,5.29,8.43102741241,45
70,6edd2232ed1ec668311aa339,M24,1,7.8,10.3843708038,45
70,6edd2232ed1ec668311aa339,M25,1,6.67,6.72889947891,20
70,6edd2232ed1ec668311aa339,M26,1,4.85,5.0053319931,20
70,6edd2232ed1ec668311aa339,M27,1,7.06,8.1533241272,30
70,6edd2232ed1ec668311aa339,M28,1,5.43,6.62850570679,30
70,6edd2232ed1ec668311aa339,M29,1,6.93,8.07793426514,30
70,6edd2232ed1ec668311aa339,M30,1,4.27,4.1797208786,21
71,577bf2cb81f94acf50f2db0f,M01,0,6.07,6.71039152145,10
71,577bf2cb81f94acf50f2db0f,M02,0,7.98,8.01199817657,15
71,577bf2cb81f94acf50f2db0f,M03,0,7.21,7.74517917633,21
71,577bf2cb81f94acf50f2db0f,M04,0,6.57,7.35198354721,21
71,577bf2cb81f94acf50f2db0f,M05,0,6.48,7.18833351135,21
71,577bf2cb81f94acf50f2db0f,M06,0,9.13,10.06021595,21
71,577bf2cb81f94acf50f2db0f,M07,0,9.45,10.3478841782,30
71,577bf2cb81f94acf50f2db0f,M08,0,12.95,13.3041191101,30
71,577bf2cb81f94acf50f2db0f,M09,0,11.84,12.1975946426,30
71,577bf2cb81f94acf50f2db0f,M10,0,14.77,14.8904056549,30
71,577bf2cb81f94acf50f2db0f,M11,0,13.79,13.8387126923,30
71,577bf2cb81f94acf50f2db0f,M12,0,16.87,17.1797027588,45
71,577bf2cb81f94acf50f2db0f,M13,0,16.27,17.2506923676,60
71,577bf2cb81f94acf50f2db0f,M14,0,13.17,13.7872648239,60
71,577bf2cb81f94acf50f2db0f,M15,0,16.47,17.4574985504,60
71,577bf2cb81f94acf50f2db0f,M16,0,34.83,36.7213134766,100
71,577bf2cb81f94acf50f2db0f,M17,0,5.22,5.56191015244,14
71,577bf2cb81f94acf50f2db0f,M18,0,7.13,7.60559415817,21
71,577bf2cb81f94acf50f2db0f,M19,0,5.87,6.68859529495,21
71,577bf2cb81f94acf50f2db0f,M20,0,8.79,8.81062793732,20
71,577bf2cb81f94acf50f2db0f,M21,0,6.4,6.66029548645,21
71,577bf2cb81f94acf50f2db0f,M22,0,14.49,13.7565469742,45
71,577bf2cb81f94acf50f2db0f,M23,0,12.01,11.9180927277,45
71,577bf2cb81f94acf50f2db0f,M24,0,14.36,14.1183834076,45
71,577bf2cb81f94acf50f2db0f,M25,0,11.91,11.1934747696,20
71,577bf2cb81f94acf50f2db0f,M26,0,10.34,9.44534397125,20
71,577bf2cb81f94acf50f2db0f,M27,0,12.12,11.9684467316,30
71,577bf2cb81f94acf50f2db0f,M28,0,10,10.2547693253,30
71,577bf2cb81f94acf50f2db0f,M29,0,12.05,11.9930334091,30
71,577bf2cb81f94acf50f2db0f,M30,0,7.21,7.46219921112,21
72,199be8c56e73e5eb81a7e6f0,M01,4,7.96,8.23307514191,10
72,199be8c56e73e5eb81a7e6f0,M02,4,10.6,10.8890237808,15
72,199be8c56e73e5eb81a7e6f0,M03,4,11.83,11.88788414,21
72,199be8c56e73e5eb81a7e6f0,M04,4,10.85,10.9646453857,21
72,199be8c56e73e5eb81a7e6f0,M05,4,11.01,11.1495485306,21
72,199be8c56e73e5eb81a7e6f0,M06,4,14.48,14.5308246613,21
72,199be8c56e73e5eb81a7e6f0,M07,4,16.41,16.3848190308,30
72,199be8c56e73e5eb81a7e6f0,M08,4,20.75,21.2725524902,30
72,199be8c56e73e5eb81a7e6f0,M09,4,19.38,19.8996810913,30
72,199be8c56e73e5eb81a7e6f0,M10,4,22.37,22.3932723999,30
72,199be8c56e73e5eb81a7e6f0,M11,4,21.47,21.9139308929,30
72,199be8c56e73e5eb81a7e6f0,M12,4,30,29.9852581024,45
72,199be8c56e73e5eb81a7e6f0,M13,4,30.76,30.9069347382,60
72,199be8c56e73e5eb81a7e6f0,M14,4,27.22,27.2828140259,60
72,199be8c56e73e5eb81a7e6f0,M15,4,31.43,31.3394241333,60
72,199be8c56e73e5eb81a7e6f0,M16,4,59.54,60.1656188965,100
72,199be8c56e73e5eb81a7e6f0,M17,4,8.15,8.07803249359,14
72,199be8c56e73e5eb81a7e6f0,M18,4,11.32,11.2946834564,21
72,199be8c56e73e5eb81a7e6f0,M19,4,10.34,10.2131948471,21
72,199be8c56e73e5eb81a7e6f0,M20,4,12.33,12.3754730225,20
72,199be8c56e73e5eb81a7e6f0,M21,4,9.5,9.47969913483,21
72,199be8c56e73e5eb81a7e6f0,M22,4,24.07,23.8529891968,45
72,199be8c56e73e5eb81a7e6f0,M23,4,20.52,20.3016777039,45
72,199be8c56e73e5eb81a7e6f0,M24,4,24.93,24.471868515,45
72,199be8c56e73e5eb81a7e6f0,M25,4,15.22,15.2303390503,20
72,199be8c56e73e5eb81a7e6f0,M26,4,13.94,14.125005722,20
72,199be8c56e73e5eb81a7e6f0,M27,4,18.69,18.8636817932,30
72,199be8c56e73e5eb81a7e6f0,M28,4,16.73,17.0681018829,30
72,199be8c56e73e5eb81a7e6f0,M29,4,18.84,18.9249744415,30
72,199be8c56e73e5eb81a7e6f0,M30,4,11.87,12.0808410645,21
73,e7d3343ab01cc92f9746bd90,M01,1,6.93,5.5013256073,10
73,e7d3343ab01cc92f9746bd90,M02,1,9.25,7.40031242371,15
73,e7d3343ab01cc92f9746bd90,M03,1,9.36,6.80614471436,21
73,e7d3343ab01cc92f9746bd90,M04,1,8.16,6.22986268997,21
73,e7d3343ab01cc92f9746bd90,M05,1,8.46,6.1206111908,21
73,e7d3343ab01cc92f9746bd90,M06,1,11.62,8.66121006012,21
73,e7d3343ab01cc92f9746bd90,M07,1,12.66,9.05471611023,30
73,e7d3343ab01cc92f9746bd90,M08,1,16.96,13.1926012039,30
73,e7d3343ab01cc92f9746bd90,M09,1,15.81,11.9891376495,30
73,e7d3343ab01cc92f9746bd90,M10,1,18.68,14.6021947861,30
73,e7d3343ab01cc92f9746bd90,M11,1,17.14,13.3634004593,30
73,e7d3343ab01cc92f9746bd90,M12,1,23.51,16.3900623322,45
73,e7d3343ab01cc92f9746bd90,M13,1,22.73,15.8536844254,60
73,e7d3343ab01cc92f9746bd90,M14,1,19.02,12.9760541916,60
73,e7d3343ab01cc92f9746bd90,M15,1,22.98,15.917339325,60
73,e7d3343ab01cc92f9746bd90,M16,1,49.87,29.8103542328,100
73,e7d3343ab01cc92f9746bd90,M17,1,6.73,5.07775068283,14
73,e7d3343ab01cc92f9746bd90,M18,1,9.21,7.11948823929,21
73,e7d3343ab01cc92f9746bd90,M19,1,7.16,5.88226175308,21
73,e7d3343ab01cc92f9746bd90,M20,1,8.78,8.10259819031,20
73,e7d3343ab01cc92f9746bd90,M21,1,6.18,5.9139509201,21
73,e7d3343ab01cc92f9746bd90,M22,1,13.98,12.858496666,45
73,e7d3343ab01cc92f9746bd90,M23,1,11.93,10.8362503052,45
73,e7d3343ab01cc92f9746bd90,M24,1,14.14,13.0097589493,45
73,e7d3343ab01cc92f9746bd90,M25,1,13.44,9.53794384003,20
73,e7d3343ab01cc92f9746bd90,M26,1,12.02,8.01846981049,20
73,e7d3343ab01cc92f9746bd90,M27,1,14.97,10.3654470444,30
73,e7d3343ab01cc92f9746bd90,M28,1,12.78,8.50248908997,30
73,e7d3343ab01cc92f9746bd90,M29,1,14.8,10.5104341507,30
73,e7d3343ab01cc92f9746bd90,M30,1,9.39,6.13131570816,21
74,685253186b7c8d8473d65ffa,M01,2,6.8,6.24885749817,10
74,685253186b7c8d8473d65ffa,M02,2,8.99,8.23248100281,15
74,685253186b7c8d8473d65ffa,M03,2,8.76,7.71225452423,21
74,685253186b7c8d8473d65ffa,M04,2,7.92,7.14545440674,21
74,685253186b7c8d8473d65ffa,M05,2,7.87,7.04013538361,21
74,685253186b7c8d8473d65ffa,M06,2,11,9.72145080566,21
74,685253186b7c8d8473d65ffa,M07,2,11.7,10.3532047272,30
74,685253186b7c8d8473d65ffa,M08,2,15.77,13.869761467,30
74,685253186b7c8d8473d65ffa,M09,2,14.37,12.7481040955,30
74,685253186b7c8d8473d65ffa,M10,2,17.59,15.7937107086,30
74,685253186b7c8d8473d65ffa,M11,2,16.6,14.3218154907,30
74,685253186b7c8d8473d65ffa,M12,2,21.43,18.6413784027,45
74,685253186b7c8d8473d65ffa,M13,2,20.78,18.0940685272,60
74,685253186b7c8d8473d65ffa,M14,2,16.97,14.2586107254,60
74,685253186b7c8d8473d65ffa,M15,2,21.41,18.2799282074,60
74,685253186b7c8d8473d65ffa,M16,2,45.77,42.1126213074,100
74,685253186b7c8d8473d65ffa,M17,2,6.27,5.59607362747,14
74,685253186b7c8d8473d65ffa,M18,2,8.55,7.49691486359,21
74,685253186b7c8d8473d65ffa,M19,2,7.34,6.36399459839,21
74,685253186b7c8d8473d65ffa,M20,2,9.58,8.31024169922,20
74,685253186b7c8d8473d65ffa,M21,2,7.04,6.06540393829,21
74,685253186b7c8d8473d65ffa,M22,2,16.08,13.0482034683,45
74,685253186b7c8d8473d65ffa,M23,2,13.35,10.3749551773,45
74,685253186b7c8d8473d65ffa,M24,2,16.66,13.2598962784,45
74,685253186b7c8d8473d65ffa,M25,2,13.23,12.3383932114,20
74,685253186b7c8d8473d65ffa,M26,2,11.71,10.9946136475,20
74,685253186b7c8d8473d65ffa,M27,2,14.45,12.604596138,30
74,685253186b7c8d8473d65ffa,M28,2,12.18,10.645655632,30
74,685253186b7c8d8473d65ffa,M29,2,14.58,12.4735631943,30
74,685253186b7c8d8473d65ffa,M30,2,8.76,7.72534179688,21
75,1fcbc4f3ec49fb735c0f7d56,M01,3,6.41,5.86972808838,10
75,1fcbc4f3ec49fb735c0f7d56,M02,3,8.39,7.49680662155,15
75,1fcbc4f3ec49fb735c0f7d56,M03,3,7.8,6.8187289238,21
75,1fcbc4f3ec49fb735c0f7d56,M04,3,7.11,6.34806632996,21
75,1fcbc4f3ec49fb735c0f7d56,M05,3,7.01,6.26422071457,21
75,1fcbc4f3ec49fb735c0f7d56,M06,3,9.91,8.75423336029,21
75,1fcbc4f3ec49fb735c0f7d56,M07,3,10.22,9.00109767914,30
75,1fcbc4f3ec49fb735c0f7d56,M08,3,13.89,11.7608785629,30
75,1fcbc4f3ec49fb735c0f7d56,M09,3,12.64,10.5872154236,30
75,1fcbc4f3ec49fb735c0f7d56,M10,3,15.8,13.416891098,30
75,1fcbc4f3ec49fb735c0f7d56,M11,3,14.78,12.2629480362,30
75,1fcbc4f3ec49fb735c0f7d56,M12,3,18.29,14.7469701767,45
75,1fcbc4f3ec49fb735c0f7d56,M13,3,17.83,14.5368232727,60
75,1fcbc4f3ec49fb735c0f7d56,M14,3,14.3,11.420627594,60
75,1fcbc4f3ec49fb735c0f7d56,M15,3,18.14,14.5386180878,60
75,1fcbc4f3ec49fb735c0f7d56,M16,3,38.33,34.8914527893,100
75,1fcbc4f3ec49fb735c0f7d56,M17,3,5.64,4.96361923218,14
75,1fcbc4f3ec49fb735c0f7d56,M18,3,7.71,6.85803079605,21
75,1fcbc4f3ec49fb735c0f7d56,M19,3,6.02,6.00127840042,21
75,1fcbc4f3ec49fb735c0f7d56,M20,3,8.02,7.55829334259,20
75,1fcbc4f3ec49fb735c0f7d56,M21,3,5.75,5.98856306076,21
75,1fcbc4f3ec49fb735c0f7d56,M22,3,12.48,11.786236763,45
75,1fcbc4f3ec49fb735c0f7d56,M23,3,10.42,9.69996547699,45
75,1fcbc4f3ec49fb735c0f7d56,M24,3,12.65,11.9303855896,45
75,1fcbc4f3ec49fb735c0f7d56,M25,3,12.5,10.4991445541,20
75,1fcbc4f3ec49fb735c0f7d56,M26,3,10.86,9.05340671539,20
75,1fcbc4f3ec49fb735c0f7d56,M27,3,13.06,11.0495462418,30
75,1fcbc4f3ec49fb735c0f7d56,M28,3,10.77,9.24542808533,30
75,1fcbc4f3ec49fb735c0f7d56,M29,3,13.03,10.9502429962,30
75,1fcbc4f3ec49fb735c0f7d56,M30,3,7.8,6.7859711647,21
76,1879f3c5daf4cf8a36454c58,M01,0,5.84,5.29073905945,10
76,1879f3c5daf4cf8a36454c58,M02,0,7.74,6.51338243484,15
76,1879f3c5daf4cf8a36454c58,M03,0,6.84,5.84490776062,21
76,1879f3c5daf4cf8a36454c58,M04,0,6.18,5.46171760559,21
76,1879f3c5daf4cf8a36454c58,M05,0,5.97,5.38591241837,21
76,1879f3c5daf4cf8a36454c58,M06,0,8.63,7.79782295227,21
76,1879f3c5daf4cf8a36454c58,M07,0,8.96,7.70190858841,30
76,1879f3c5daf4cf8a36454c58,M08,0,12.5,10.022190094,30
76,1879f3c5daf4cf8a36454c58,M09,0,11.06,8.83177566528,30
76,1879f3c5daf4cf8a36454c58,M10,0,14.2,11.7304162979,30
76,1879f3c5daf4cf8a36454c58,M11,0,12.79,10.5538053513,30
76,1879f3c5daf4cf8a36454c58,M12,0,16.31,12.9841594696,45
76,1879f3c5daf4cf8a36454c58,M13,0,15.35,12.9937019348,60
76,1879f3c5daf4cf8a36454c58,M14,0,12.58,10.6270971298,60
76,1879f3c5daf4cf8a36454c58,M15,0,15.38,12.8039598465,60
76,1879f3c5daf4cf8a36454c58,M16,0,33.62,27.6912727356,100
76,1879f3c5daf4cf8a36454c58,M17,0,4.78,4.0754737854,14
76,1879f3c5daf4cf8a36454c58,M18,0,6.72,6.08652019501,21
76,1879f3c5daf4cf8a36454c58,M19,0,5.6,5.37997817993,21
76,1879f3c5daf4cf8a36454c58,M20,0,7.54,7.27045536041,20
76,1879f3c5daf4cf8a36454c58,M21,0,5.49,5.34711503983,21
76,1879f3c5daf4cf8a36454c58,M22,0,11.6,10.2415018082,45
76,1879f3c5daf4cf8a36454c58,M23,0,9.89,8.48658084869,45
76,1879f3c5daf4cf8a36454c58,M24,0,11.61,10.176990509,45
76,1879f3c5daf4cf8a36454c58,M25,0,11.37,8.2676448822,20
76,1879f3c5daf4cf8a36454c58,M26,0,9.85,6.48708200455,20
76,1879f3c5daf4cf8a36454c58,M27,0,11.32,9.11070632935,30
76,1879f3c5daf4cf8a36454c58,M28,0,9.37,7.29550886154,30
76,1879f3c5daf4cf8a36454c58,M29,0,11.18,8.83023166656,30
76,1879f3c5daf4cf8a36454c58,M30,0,6.62,5.21497297287,21
77,047b8df66ebc85fef8294a83,M01,3,6.49,7.07330417633,10
77,047b8df66ebc85fef8294a83,M02,3,8.61,9.61166000366,15
77,047b8df66ebc85fef8294a83,M03,3,8.12,9.20673084259,21
77,047b8df66ebc85fef8294a83,M04,3,7.32,8.64971733093,21
77,047b8df66ebc85fef8294a83,M05,3,7.17,8.52273273468,21
77,047b8df66ebc85fef8294a83,M06,3,10.23,11.8788833618,21
77,047b8df66ebc85fef8294a83,M07,3,10.8,13.1291265488,30
77,047b8df66ebc85fef8294a83,M08,3,14.84,18.2595729828,30
77,047b8df66ebc85fef8294a83,M09,3,13.48,16.9923496246,30
77,047b8df66ebc85fef8294a83,M10,3,16.58,19.9974594116,30
77,047b8df66ebc85fef8294a83,M11,3,15.42,18.585943222,30
77,047b8df66ebc85fef8294a83,M12,3,20.06,26.0763149261,45
77,047b8df66ebc85fef8294a83,M13,3,19.03,25.3287525177,60
77,047b8df66ebc85fef8294a83,M14,3,15.62,22.0234642029,60
77,047b8df66ebc85fef8294a83,M15,3,19.52,25.7350006104,60
77,047b8df66ebc85fef8294a83,M16,3,42.92,51.9069137573,100
77,047b8df66ebc85fef8294a83,M17,3,5.79,6.58870172501,14
77,047b8df66ebc85fef8294a83,M18,3,7.94,9.24925327301,21
77,047b8df66ebc85fef8294a83,M19,3,6.51,7.49669122696,21
77,047b8df66ebc85fef8294a83,M20,3,8.72,9.82991886139,20
77,047b8df66ebc85fef8294a83,M21,3,6.25,7.31960916519,21
77,047b8df66ebc85fef8294a83,M22,3,13.86,17.8678226471,45
77,047b8df66ebc85fef8294a83,M23,3,11.68,15.1979446411,45
77,047b8df66ebc85fef8294a83,M24,3,14.22,18.6687507629,45
77,047b8df66ebc85fef8294a83,M25,3,12.43,13.5124378204,20
77,047b8df66ebc85fef8294a83,M26,3,10.92,12.154086113,20
77,047b8df66ebc85fef8294a83,M27,3,12.97,15.520149231,30
77,047b8df66ebc85fef8294a83,M28,3,10.83,13.2728004456,30
77,047b8df66ebc85fef8294a83,M29,3,12.95,15.510093689,30
77,047b8df66ebc85fef8294a83,M30,3,7.8,9.18850708008,21
78,cdebdfe424c1e2de4b6e80f5,M01,3,5.54,5.69339942932,10
78,cdebdfe424c1e2de4b6e80f5,M02,3,7.41,7.18398666382,15
78,cdebdfe424c1e2de4b6e80f5,M03,3,6.42,6.43423128128,21
78,cdebdfe424c1e2de4b6e80f5,M04,3,5.81,6.01444149017,21
78,cdebdfe424c1e2de4b6e80f5,M05,3,5.57,5.91815376282,21
78,cdebdfe424c1e2de4b6e80f5,M06,3,8.12,8.46524429321,21
78,cdebdfe424c1e2de4b6e80f5,M07,3,8.33,8.89813041687,30
78,cdebdfe424c1e2de4b6e80f5,M08,3,11.48,11.6648769379,30
78,cdebdfe424c1e2de4b6e80f5,M09,3,9.88,10.3420715332,30
78,cdebdfe424c1e2de4b6e80f5,M10,3,13.24,13.2732696533,30
78,cdebdfe424c1e2de4b6e80f5,M11,3,11.56,11.9895029068,30
78,cdebdfe424c1e2de4b6e80f5,M12,3,14.76,14.9999799728,45
78,cdebdfe424c1e2de4b6e80f5,M13,3,14.02,14.6748771667,60
78,cdebdfe424c1e2de4b6e80f5,M14,3,11.34,11.7983589172,60
78,cdebdfe424c1e2de4b6e80f5,M15,3,14.1,14.6416196823,60
78,cdebdfe424c1e2de4b6e80f5,M16,3,29.16,30.7370491028,100
78,cdebdfe424c1e2de4b6e80f5,M17,3,4.43,4.56984949112,14
78,cdebdfe424c1e2de4b6e80f5,M18,3,6.37,6.46190643311,21
78,cdebdfe424c1e2de4b6e80f5,M19,3,5.38,5.70716571808,21
78,cdebdfe424c1e2de4b6e80f5,M20,3,7.13,7.51603555679,20
78,cdebdfe424c1e2de4b6e80f5,M21,3,5.28,5.56351280212,21
78,cdebdfe424c1e2de4b6e80f5,M22,3,10.86,11.1450357437,45
78,cdebdfe424c1e2de4b6e80f5,M23,3,9.06,9.33479785919,45
78,cdebdfe424c1e2de4b6e80f5,M24,3,10.88,11.4696817398,45
78,cdebdfe424c1e2de4b6e80f5,M25,3,6.42,10.3061475754,20
78,cdebdfe424c1e2de4b6e80f5,M26,3,4.7,8.81647777557,20
78,cdebdfe424c1e2de4b6e80f5,M27,3,6.96,10.8484640121,30
78,cdebdfe424c1e2de4b6e80f5,M28,3,5.39,9.22229862213,30
78,cdebdfe424c1e2de4b6e80f5,M29,3,6.98,10.6559753418,30
78,cdebdfe424c1e2de4b6e80f5,M30,3,4.24,6.35724401474,21
79,c4ac567011a027981340b36b,M01,4,5.08,5.51351451874,10
79,c4ac567011a027981340b36b,M02,4,6.75,6.88035917282,15
79,c4ac567011a027981340b36b,M03,4,5.75,6.22829294205,21
79,c4ac567011a027981340b36b,M04,4,5.2,5.70689201355,21
79,c4ac567011a027981340b36b,M05,4,5.01,5.53827667236,21
79,c4ac567011a027981340b36b,M06,4,7.27,7.81124019623,21
79,c4ac567011a027981340b36b,M07,4,7.41,7.93303966522,30
79,c4ac567011a027981340b36b,M08,4,10.03,10.9112863541,30
79,c4ac567011a027981340b36b,M09,4,8.16,9.48094177246,30
79,c4ac567011a027981340b36b,M10,4,11.6,12.3933382034,30
79,c4ac567011a027981340b36b,M11,4,10.01,11.0895214081,30
79,c4ac567011a027981340b36b,M12,4,12.52,13.786242485,45
79,c4ac567011a027981340b36b,M13,4,12.01,13.5566129684,60
79,c4ac567011a027981340b36b,M14,4,9.49,11.382894516,60
79,c4ac567011a027981340b36b,M15,4,11.84,13.694984436,60
79,c4ac567011a027981340b36b,M16,4,23.53,26.6766529083,100
79,c4ac567011a027981340b36b,M17,4,3.54,4.36743450165,14
79,c4ac567011a027981340b36b,M18,4,5.61,6.31564664841,21
79,c4ac567011a027981340b36b,M19,4,4.73,5.54676103592,21
79,c4ac567011a027981340b36b,M20,4,5.76,7.17785692215,20
79,c4ac567011a027981340b36b,M21,4,4.63,5.63318157196,21
79,c4ac567011a027981340b36b,M22,4,8.31,10.8619890213,45
79,c4ac567011a027981340b36b,M23,4,6.85,8.93299102783,45
79,c4ac567011a027981340b36b,M24,4,8.13,11.1340227127,45
79,c4ac567011a027981340b36b,M25,4,10.04,9.03796482086,20
79,c4ac567011a027981340b36b,M26,4,8.32,7.60735702515,20
79,c4ac567011a027981340b36b,M27,4,9.52,9.97076225281,30
79,c4ac567011a027981340b36b,M28,4,7.92,8.30380725861,30
79,c4ac567011a027981340b36b,M29,4,9.15,9.79311180115,30
79,c4ac567011a027981340b36b,M30,4,5.75,5.87196540833,21
80,3f3242254ca882caa3780cd4,M01,3,5.92,5.82634925842,10
80,3f3242254ca882caa3780cd4,M02,3,8.17,8.32873153687,15
80,3f3242254ca882caa3780cd4,M03,3,7.57,7.84853219986,21
80,3f3242254ca882caa3780cd4,M04,3,6.93,7.16078519821,21
80,3f3242254ca882caa3780cd4,M05,3,6.63,6.81755399704,21
80,3f3242254ca882caa3780cd4,M06,3,8.99,10.0021800995,21
80,3f3242254ca882caa3780cd4,M07,3,9.99,10.3170843124,30
80,3f3242254ca882caa3780cd4,M08,3,13.46,14.1928815842,30
80,3f3242254ca882caa3780cd4,M09,3,11.95,12.9015817642,30
80,3f3242254ca882caa3780cd4,M10,3,15.46,15.6927928925,30
80,3f3242254ca882caa3780cd4,M11,3,13.99,14.3484392166,30
80,3f3242254ca882caa3780cd4,M12,3,17.53,19.0540924072,45
80,3f3242254ca882caa3780cd4,M13,3,15.88,17.7685508728,60
80,3f3242254ca882caa3780cd4,M14,3,12.66,14.1234579086,60
80,3f3242254ca882caa3780cd4,M15,3,17.46,18.5803833008,60
80,3f3242254ca882caa3780cd4,M16,3,31.36,32.9956169128,100
80,3f3242254ca882caa3780cd4,M17,3,5.49,5.31521177292,14
80,3f3242254ca882caa3780cd4,M18,3,7.6,7.97470617294,21
80,3f3242254ca882caa3780cd4,M19,3,5.46,6.11514186859,21
80,3f3242254ca882caa3780cd4,M20,3,7.57,8.3452167511,20
80,3f3242254ca882caa3780cd4,M21,3,5.59,6.19303131104,21
80,3f3242254ca882caa3780cd4,M22,3,11.67,13.2606248856,45
80,3f3242254ca882caa3780cd4,M23,3,9.6,10.4635467529,45
80,3f3242254ca882caa3780cd4,M24,3,12.44,14.0112276077,45
80,3f3242254ca882caa3780cd4,M25,3,11.58,11.9780073166,20
80,3f3242254ca882caa3780cd4,M26,3,9.99,10.5343427658,20
80,3f3242254ca882caa3780cd4,M27,3,11.65,12.4353075027,30
80,3f3242254ca882caa3780cd4,M28,3,9.58,10.1768045425,30
80,3f3242254ca882caa3780cd4,M29,3,12.32,12.7209863663,30
80,3f3242254ca882caa3780cd4,M30,3,6.93,7.70536899567,21
81,8f5373ae3303e9a701bc0449,M01,2,4.3,4.30022668839,10
81,8f5373ae3303e9a701bc0449,M02,2,5.09,5.66133785248,15
81,8f5373ae3303e9a701bc0449,M03,2,4.8,5.04515075684,21
81,8f5373ae3303e9a701bc0449,M04,2,4.49,4.62658548355,21
81,8f5373ae3303e9a701bc0449,M05,2,4.24,4.49645233154,21
81,8f5373ae3303e9a701bc0449,M06,2,6.11,6.43415880203,21
81,8f5373ae3303e9a701bc0449,M07,2,5.71,6.25665140152,30
81,8f5373ae3303e9a701bc0449,M08,2,6.22,8.0856180191,30
81,8f5373ae3303e9a701bc0449,M09,2,4.53,6.81462812424,30
81,8f5373ae3303e9a701bc0449,M10,2,7.71,9.21283435822,30
81,8f5373ae3303e9a701bc0449,M11,2,5.84,8.45570468903,30
81,8f5373ae3303e9a701bc0449,M12,2,6.25,8.86513805389,45
81,8f5373ae3303e9a701bc0449,M13,2,7.66,9.12066364288,60
81,8f5373ae3303e9a701bc0449,M14,2,4.84,6.43586015701,60
81,8f5373ae3303e9a701bc0449,M15,2,7.92,9.22805500031,60
81,8f5373ae3303e9a701bc0449,M16,2,11.53,13.2202615738,100
81,8f5373ae3303e9a701bc0449,M17,2,2.62,3.12891721725,14
81,8f5373ae3303e9a701bc0449,M18,2,5.05,5.21860027313,21
81,8f5373ae3303e9a701bc0449,M19,2,4.77,4.5466594696,21
81,8f5373ae3303e9a701bc0449,M20,2,5.55,5.9570941925,20
81,8f5373ae3303e9a701bc0449,M21,2,4.76,4.65055561066,21
81,8f5373ae3303e9a701bc0449,M22,2,8.16,8.7225522995,45
81,8f5373ae3303e9a701bc0449,M23,2,5.9,7.06642436981,45
81,8f5373ae3303e9a701bc0449,M24,2,8.33,8.95486450195,45
81,8f5373ae3303e9a701bc0449,M25,2,6.93,7.33217954636,20
81,8f5373ae3303e9a701bc0449,M26,2,4.96,5.48301362991,20
81,8f5373ae3303e9a701bc0449,M27,2,7.32,7.57307004929,30
81,8f5373ae3303e9a701bc0449,M28,2,5.58,5.70299005508,30
81,8f5373ae3303e9a701bc0449,M29,2,7.24,7.51231384277,30
81,8f5373ae3303e9a701bc0449,M30,2,4.08,4.56247186661,21
86,db6ca16feb506f12191f9ced,M01,3,4.92,4.23599624634,10
86,db6ca16feb506f12191f9ced,M02,3,6.54,5.4405579567,15
86,db6ca16feb506f12191f9ced,M03,3,5.55,4.81189870834,21
86,db6ca16feb506f12191f9ced,M04,3,5.3,4.51643610001,21
86,db6ca16feb506f12191f9ced,M05,3,5.14,4.39018774033,21
86,db6ca16feb506f12191f9ced,M06,3,7.04,5.96202707291,21
86,db6ca16feb506f12191f9ced,M07,3,7.16,5.77098989487,30
86,db6ca16feb506f12191f9ced,M08,3,9.46,7.03093767166,30
86,db6ca16feb506f12191f9ced,M09,3,8.51,5.70082521439,30
86,db6ca16feb506f12191f9ced,M10,3,11.08,8.37182331085,30
86,db6ca16feb506f12191f9ced,M11,3,10.17,7.34007883072,30
86,db6ca16feb506f12191f9ced,M12,3,11.56,8.23215007782,45
86,db6ca16feb506f12191f9ced,M13,3,11.52,8.5155544281,60
86,db6ca16feb506f12191f9ced,M14,3,8.96,5.85191631317,60
86,db6ca16feb506f12191f9ced,M15,3,11.48,8.63607978821,60
86,db6ca16feb506f12191f9ced,M16,3,21.7,15.102976799,100
86,db6ca16feb506f12191f9ced,M17,3,3.82,2.88995504379,14
86,db6ca16feb506f12191f9ced,M18,3,5.78,5.12921571732,21
86,db6ca16feb506f12191f9ced,M19,3,5.39,4.26929950714,21
86,db6ca16feb506f12191f9ced,M20,3,7.36,5.33790874481,20
86,db6ca16feb506f12191f9ced,M21,3,5.47,4.52842950821,21
86,db6ca16feb506f12191f9ced,M22,3,11.32,7.9119849205,45
86,db6ca16feb506f12191f9ced,M23,3,9.34,6.16346311569,45
86,db6ca16feb506f12191f9ced,M24,3,11.44,8.12725925446,45
86,db6ca16feb506f12191f9ced,M25,3,6.26,7.25198602676,20
86,db6ca16feb506f12191f9ced,M26,3,4.26,5.34517002106,20
86,db6ca16feb506f12191f9ced,M27,3,6.81,7.44954586029,30
86,db6ca16feb506f12191f9ced,M28,3,5.24,5.65197277069,30
86,db6ca16feb506f12191f9ced,M29,3,6.82,7.24379253387,30
86,db6ca16feb506f12191f9ced,M30,3,4.19,4.56123781204,21
88,7c5d2caf2182c8f80629097e,M01,1,6.15,6.74962234497,10
88,7c5d2caf2182c8f80629097e,M02,1,8.16,9.06082344055,15
88,7c5d2caf2182c8f80629097e,M03,1,7.46,9.04873371124,21
88,7c5d2caf2182c8f80629097e,M04,1,6.9,8.50279903412,21
88,7c5d2caf2182c8f80629097e,M05,1,6.84,8.46349716187,21
88,7c5d2caf2182c8f80629097e,M06,1,9.48,11.857673645,21
88,7c5d2caf2182c8f80629097e,M07,1,9.85,12.9938564301,30
88,7c5d2caf2182c8f80629097e,M08,1,13.68,16.9947090149,30
88,7c5d2caf2182c8f80629097e,M09,1,12.67,16.0334129333,30
88,7c5d2caf2182c8f80629097e,M10,1,15.41,18.677614212,30
88,7c5d2caf2182c8f80629097e,M11,1,14.59,17.5299377441,30
88,7c5d2caf2182c8f80629097e,M12,1,18.23,23.8029937744,45
88,7c5d2caf2182c8f80629097e,M13,1,17.43,23.5543403625,60
88,7c5d2caf2182c8f80629097e,M14,1,14.34,19.645280838,60
88,7c5d2caf2182c8f80629097e,M15,1,17.43,23.8835849762,60
88,7c5d2caf2182c8f80629097e,M16,1,39.31,52.8923301697,100
88,7c5d2caf2182c8f80629097e,M17,1,5.59,6.58798885345,14
88,7c5d2caf2182c8f80629097e,M18,1,7.5,9.04633617401,21
88,7c5d2caf2182c8f80629097e,M19,1,5.97,7.5662856102,21
88,7c5d2caf2182c8f80629097e,M20,1,8,9.91508293152,20
88,7c5d2caf2182c8f80629097e,M21,1,5.83,7.25457859039,21
88,7c5d2caf2182c8f80629097e,M22,1,12.41,17.1115245819,45
88,7c5d2caf2182c8f80629097e,M23,1,10.52,14.0902242661,45
88,7c5d2caf2182c8f80629097e,M24,1,12.53,17.6076259613,45
88,7c5d2caf2182c8f80629097e,M25,1,12.23,13.6241559982,20
88,7c5d2caf2182c8f80629097e,M26,1,10.73,12.0733213425,20
88,7c5d2caf2182c8f80629097e,M27,1,12.64,15.2799263,30
88,7c5d2caf2182c8f80629097e,M28,1,10.61,13.0048828125,30
88,7c5d2caf2182c8f80629097e,M29,1,12.45,15.2650604248,30
88,7c5d2caf2182c8f80629097e,M30,1,7.49,9.24948787689,21
91,6d9f9870f4d44ecb43c6008e,M25,4,14.15,13.9797496796,20
91,6d9f9870f4d44ecb43c6008e,M26,4,12.9,13.0328445435,20
91,6d9f9870f4d44ecb43c6008e,M27,4,16.68,16.6435756683,30
91,6d9f9870f4d44ecb43c6008e,M28,4,14.79,14.7600250244,30
91,6d9f9870f4d44ecb43c6008e,M29,4,16.71,16.7608146667,30
91,6d9f9870f4d44ecb43c6008e,M30,4,10.23,10.1890897751,21
92,ad6b380a8fe0471ba1141477,M01,2,6.67,6.48251676559,10
92,ad6b380a8fe0471ba1141477,M02,2,8.9,8.69269752502,15
92,ad6b380a8fe0471ba1141477,M03,2,8.66,8.36824226379,21
92,ad6b380a8fe0471ba1141477,M04,2,7.92,7.76718091965,21
92,ad6b380a8fe0471ba1141477,M05,2,7.85,7.710916996,21
92,ad6b380a8fe0471ba1141477,M06,2,10.89,10.6654434204,21
92,ad6b380a8fe0471ba1141477,M07,2,11.64,10.9837493896,30
92,ad6b380a8fe0471ba1141477,M08,2,15.88,14.2543983459,30
92,ad6b380a8fe0471ba1141477,M09,2,14.72,13.1208696365,30
92,ad6b380a8fe0471ba1141477,M10,2,17.56,15.9019479752,30
92,ad6b380a8fe0471ba1141477,M11,2,16.65,14.9585638046,30
92,ad6b380a8fe0471ba1141477,M12,2,21.91,19.8823547363,45
92,ad6b380a8fe0471ba1141477,M13,2,21.18,19.9647579193,60
92,ad6b380a8fe0471ba1141477,M14,2,17.75,15.9282569885,60
92,ad6b380a8fe0471ba1141477,M15,2,21.33,19.7229824066,60
92,ad6b380a8fe0471ba1141477,M16,2,47.62,44.1271934509,100
92,ad6b380a8fe0471ba1141477,M17,2,6.33,6.10437774658,14
92,ad6b380a8fe0471ba1141477,M18,2,8.55,8.25540828705,21
92,ad6b380a8fe0471ba1141477,M19,2,7.16,6.63785791397,21
92,ad6b380a8fe0471ba1141477,M20,2,9.5,8.98573684692,20
92,ad6b380a8fe0471ba1141477,M21,2,6.92,6.49817419052,21
92,ad6b380a8fe0471ba1141477,M22,2,15.84,14.480723381,45
92,ad6b380a8fe0471ba1141477,M23,2,13.31,11.2305879593,45
92,ad6b380a8fe0471ba1141477,M24,2,16.25,14.0699367523,45
92,ad6b380a8fe0471ba1141477,M25,2,13.14,12.5391998291,20
92,ad6b380a8fe0471ba1141477,M26,2,11.77,10.8557443619,20
92,ad6b380a8fe0471ba1141477,M27,2,14.43,13.6461172104,30
92,ad6b380a8fe0471ba1141477,M28,2,12.35,11.0341520309,30
92,ad6b380a8fe0471ba1141477,M29,2,14.35,13.2400693893,30
92,ad6b380a8fe0471ba1141477,M30,2,8.68,8.41946601868,21
93,90e4bc93a64c5319da7b3c19,M01,3,5.81,4.82795858383,10
93,90e4bc93a64c5319da7b3c19,M02,3,7.77,6.4368262291,15
93,90e4bc93a64c5319da7b3c19,M03,3,6.88,5.48224306107,21
93,90e4bc93a64c5319da7b3c19,M04,3,6,5.08000040054,21
93,90e4bc93a64c5319da7b3c19,M05,3,5.89,4.9486374855,21
93,90e4bc93a64c5319da7b3c19,M06,3,8.68,7.32779788971,21
93,90e4bc93a64c5319da7b3c19,M07,3,9.05,7.06128692627,30
93,90e4bc93a64c5319da7b3c19,M08,3,12.75,9.12815856934,30
93,90e4bc93a64c5319da7b3c19,M09,3,10.62,7.76713228226,30
93,90e4bc93a64c5319da7b3c19,M10,3,14.39,10.5239419937,30
93,90e4bc93a64c5319da7b3c19,M11,3,12.84,9.50712394714,30
93,90e4bc93a64c5319da7b3c19,M12,3,16.81,11.1367959976,45
93,90e4bc93a64c5319da7b3c19,M13,3,15.57,11.2112789154,60
93,90e4bc93a64c5319da7b3c19,M14,3,12.8,8.55207538605,60
93,90e4bc93a64c5319da7b3c19,M15,3,15.57,11.1986703873,60
93,90e4bc93a64c5319da7b3c19,M16,3,34.22,19.2840766907,100
93,90e4bc93a64c5319da7b3c19,M17,3,4.55,3.50872015953,14
93,90e4bc93a64c5319da7b3c19,M18,3,6.56,5.54456138611,21
93,90e4bc93a64c5319da7b3c19,M19,3,5.45,4.7683763504,21
93,90e4bc93a64c5319da7b3c19,M20,3,7.4,6.45662403107,20
93,90e4bc93a64c5319da7b3c19,M21,3,5.28,4.89364004135,21
93,90e4bc93a64c5319da7b3c19,M22,3,11.32,9.30723381042,45
93,90e4bc93a64c5319da7b3c19,M23,3,9.55,7.656062603,45
93,90e4bc93a64c5319da7b3c19,M24,3,11.32,9.38847541809,45
93,90e4bc93a64c5319da7b3c19,M25,3,11.54,8.72718143463,20
93,90e4bc93a64c5319da7b3c19,M26,3,10.06,7.11398649216,20
93,90e4bc93a64c5319da7b3c19,M27,3,11.58,9.0775384903,30
93,90e4bc93a64c5319da7b3c19,M28,3,9.61,7.40184831619,30
93,90e4bc93a64c5319da7b3c19,M29,3,11.31,8.82023334503,30
93,90e4bc93a64c5319da7b3c19,M30,3,6.86,5.1531124115,21
95,74e84ef329ad1064a1b82a83,M01,4,6.67,6.72501134872,10
95,74e84ef329ad1064a1b82a83,M02,4,8.85,9.04974746704,15
95,74e84ef329ad1064a1b82a83,M03,4,8.53,9.01910877228,21
95,74e84ef329ad1064a1b82a83,M04,4,7.84,8.35371303558,21
95,74e84ef329ad1064a1b82a83,M05,4,7.78,8.33591842651,21
95,74e84ef329ad1064a1b82a83,M06,4,10.79,11.6696357727,21
95,74e84ef329ad1064a1b82a83,M07,4,11.43,12.4047651291,30
95,74e84ef329ad1064a1b82a83,M08,4,15.58,16.7937240601,30
95,74e84ef329ad1064a1b82a83,M09,4,14.47,15.692943573,30
95,74e84ef329ad1064a1b82a83,M10,4,17.33,18.410533905,30
95,74e84ef329ad1064a1b82a83,M11,4,16.44,17.3628311157,30
95,74e84ef329ad1064a1b82a83,M12,4,21.33,23.6975059509,45
95,74e84ef329ad1064a1b82a83,M13,4,20.74,23.5938301086,60
95,74e84ef329ad1064a1b82a83,M14,4,17.16,20.5775470734,60
95,74e84ef329ad1064a1b82a83,M15,4,20.84,23.6482601166,60
95,74e84ef329ad1064a1b82a83,M16,4,46.57,47.7521820068,100
95,74e84ef329ad1064a1b82a83,M17,4,6.26,6.59431648254,14
95,74e84ef329ad1064a1b82a83,M18,4,8.46,9.00892925262,21
95,74e84ef329ad1064a1b82a83,M19,4,6.78,7.63330841064,21
95,74e84ef329ad1064a1b82a83,M20,4,9.02,9.95906066895,20
95,74e84ef329ad1064a1b82a83,M21,4,6.56,7.33560466766,21
95,74e84ef329ad1064a1b82a83,M22,4,14.6,16.9761734009,45
95,74e84ef329ad1064a1b82a83,M23,4,12.3,14.4648084641,45
95,74e84ef329ad1064a1b82a83,M24,4,14.89,17.0813064575,45
95,74e84ef329ad1064a1b82a83,M25,4,13.07,13.1875038147,20
95,74e84ef329ad1064a1b82a83,M26,4,11.67,11.7895298004,20
95,74e84ef329ad1064a1b82a83,M27,4,14.28,14.9029493332,30
95,74e84ef329ad1064a1b82a83,M28,4,12.15,12.9665002823,30
95,74e84ef329ad1064a1b82a83,M29,4,14.17,14.7032384872,30
95,74e84ef329ad1064a1b82a83,M30,4,8.55,9.00778388977,21
96,3cf78d38643a00824f675671,M01,3,4.98,6.56932115555,10
96,3cf78d38643a00824f675671,M02,3,6.45,8.6122045517,15
96,3cf78d38643a00824f675671,M03,3,5.51,8.87920951843,21
96,3cf78d38643a00824f675671,M04,3,5.38,8.31210708618,21
96,3cf78d38643a00824f675671,M05,3,5.31,8.23841667175,21
96,3cf78d38643a00824f675671,M06,3,7.14,11.662320137,21
96,3cf78d38643a00824f675671,M07,3,7.08,13.1162118912,30
96,3cf78d38643a00824f675671,M08,3,9.29,17.0209083557,30
96,3cf78d38643a00824f675671,M09,3,8.78,15.8381004333,30
96,3cf78d38643a00824f675671,M10,3,10.91,18.3277111053,30
96,3cf78d38643a00824f675671,M11,3,10.69,17.4356765747,30
96,3cf78d38643a00824f675671,M12,3,11.35,24.3246421814,45
96,3cf78d38643a00824f675671,M13,3,11.83,23.925611496,60
96,3cf78d38643a00824f675671,M14,3,10.65,20.5174560547,60
96,3cf78d38643a00824f675671,M15,3,11.78,24.4114685059,60
96,3cf78d38643a00824f675671,M16,3,22.87,49.0188446045,100
96,3cf78d38643a00824f675671,M17,3,3.93,6.26917600632,14
96,3cf78d38643a00824f675671,M18,3,5.78,8.95826530457,21
96,3cf78d38643a00824f675671,M19,3,4.91,7.16396951675,21
96,3cf78d38643a00824f675671,M20,3,6.24,9.54708385468,20
96,3cf78d38643a00824f675671,M21,3,4.9,7.08478355408,21
96,3cf78d38643a00824f675671,M22,3,9.24,17.5527477264,45
96,3cf78d38643a00824f675671,M23,3,8.36,14.2343263626,45
96,3cf78d38643a00824f675671,M24,3,9.03,18.0627613068,45
96,3cf78d38643a00824f675671,M25,3,10.48,13.0256509781,20
96,3cf78d38643a00824f675671,M26,3,9.65,11.8656644821,20
96,3cf78d38643a00824f675671,M27,3,9.97,15.5428924561,30
96,3cf78d38643a00824f675671,M28,3,9.03,13.2851285934,30
96,3cf78d38643a00824f675671,M29,3,9.86,15.5882720947,30
96,3cf78d38643a00824f675671,M30,3,6.41,9.15522956848,21
98,b98d74e7b8c54efd1aed9d66,M01,4,4.03,4.83422899246,10
98,b98d74e7b8c54efd1aed9d66,M02,4,4.75,6.2371764183,15
98,b98d74e7b8c54efd1aed9d66,M03,4,4.51,5.58615684509,21
98,b98d74e7b8c54efd1aed9d66,M04,4,4.23,5.1346783638,21
98,b98d74e7b8c54efd1aed9d66,M05,4,3.89,5.02344655991,21
98,b98d74e7b8c54efd1aed9d66,M06,4,5.78,6.98508930206,21
98,b98d74e7b8c54efd1aed9d66,M07,4,5.16,7.15664672852,30
98,b98d74e7b8c54efd1aed9d66,M08,4,5.33,9.27420806885,30
98,b98d74e7b8c54efd1aed9d66,M09,4,3.83,8.03498458862,30
98,b98d74e7b8c54efd1aed9d66,M10,4,6.79,10.8056106567,30
98,b98d74e7b8c54efd1aed9d66,M11,4,5.02,9.70965671539,30
98,b98d74e7b8c54efd1aed9d66,M12,4,5.43,11.056137085,45
98,b98d74e7b8c54efd1aed9d66,M13,4,6.48,11.2425136566,60
98,b98d74e7b8c54efd1aed9d66,M14,4,4.19,8.52285575867,60
98,b98d74e7b8c54efd1aed9d66,M15,4,6.56,11.2656154633,60
98,b98d74e7b8c54efd1aed9d66,M16,4,8.31,21.777633667,100
98,b98d74e7b8c54efd1aed9d66,M17,4,2.14,3.76718378067,14
98,b98d74e7b8c54efd1aed9d66,M18,4,4.71,5.80695343018,21
98,b98d74e7b8c54efd1aed9d66,M19,4,4.37,5.04774427414,21
98,b98d74e7b8c54efd1aed9d66,M20,4,4.74,6.52696895599,20
98,b98d74e7b8c54efd1aed9d66,M21,4,4.37,5.13238477707,21
98,b98d74e7b8c54efd1aed9d66,M22,4,6.59,9.80820560455,45
98,b98d74e7b8c54efd1aed9d66,M23,4,4.76,8.10053730011,45
98,b98d74e7b8c54efd1aed9d66,M24,4,6.68,9.85034656525,45
98,b98d74e7b8c54efd1aed9d66,M25,4,6.47,8.039270401,20
98,b98d74e7b8c54efd1aed9d66,M26,4,4.74,6.12983083725,20
98,b98d74e7b8c54efd1aed9d66,M27,4,6.91,8.20462322235,30
98,b98d74e7b8c54efd1aed9d66,M28,4,5.34,6.30359458923,30
98,b98d74e7b8c54efd1aed9d66,M29,4,6.73,8.06419563293,30
98,b98d74e7b8c54efd1aed9d66,M30,4,4.14,5.10049295425,21
99,8b9b7a85e43384ce9dc9d4e5,M01,2,6.85,6.55627775192,10
99,8b9b7a85e43384ce9dc9d4e5,M02,2,9.05,8.50984096527,15
99,8b9b7a85e43384ce9dc9d4e5,M03,2,8.88,8.15386009216,21
99,8b9b7a85e43384ce9dc9d4e5,M04,2,8.15,7.58057641983,21
99,8b9b7a85e43384ce9dc9d4e5,M05,2,8.15,7.470307827,21
99,8b9b7a85e43384ce9dc9d4e5,M06,2,11.32,10.5654916763,21
99,8b9b7a85e43384ce9dc9d4e5,M07,2,11.94,10.8251266479,30
99,8b9b7a85e43384ce9dc9d4e5,M08,2,16.21,15.0812883377,30
99,8b9b7a85e43384ce9dc9d4e5,M09,2,15.14,14.1033029556,30
99,8b9b7a85e43384ce9dc9d4e5,M10,2,17.92,16.5015716553,30
99,8b9b7a85e43384ce9dc9d4e5,M11,2,17.06,15.5135154724,30
99,8b9b7a85e43384ce9dc9d4e5,M12,2,22.43,21.477432251,45
99,8b9b7a85e43384ce9dc9d4e5,M13,2,22.17,21.1782665253,60
99,8b9b7a85e43384ce9dc9d4e5,M14,2,18.53,18.5253715515,60
99,8b9b7a85e43384ce9dc9d4e5,M15,2,21.94,21.5453643799,60
99,8b9b7a85e43384ce9dc9d4e5,M16,2,49.13,45.8792228699,100
99,8b9b7a85e43384ce9dc9d4e5,M17,2,6.52,5.99126243591,14
99,8b9b7a85e43384ce9dc9d4e5,M18,2,8.77,8.00489521027,21
99,8b9b7a85e43384ce9dc9d4e5,M19,2,7.05,7.23851013184,21
99,8b9b7a85e43384ce9dc9d4e5,M20,2,9.3,9.3021478653,20
99,8b9b7a85e43384ce9dc9d4e5,M21,2,6.71,6.87793254852,21
99,8b9b7a85e43384ce9dc9d4e5,M22,2,15.23,15.6838922501,45
99,8b9b7a85e43384ce9dc9d4e5,M23,2,12.78,13.8219718933,45
99,8b9b7a85e43384ce9dc9d4e5,M24,2,15.54,16.3489494324,45
99,8b9b7a85e43384ce9dc9d4e5,M25,2,13.43,12.3810606003,20
99,8b9b7a85e43384ce9dc9d4e5,M26,2,11.98,10.7056350708,20
99,8b9b7a85e43384ce9dc9d4e5,M27,2,14.93,13.5532178879,30
99,8b9b7a85e43384ce9dc9d4e5,M28,2,12.76,12.0033731461,30
99,8b9b7a85e43384ce9dc9d4e5,M29,2,14.68,13.9021692276,30
99,8b9b7a85e43384ce9dc9d4e5,M30,2,8.93,8.25055408478,21
100,7a9ff14e405dc4decdd4dd4f,M01,0,6.08,6.09598398209,10
100,7a9ff14e405dc4decdd4dd4f,M02,0,8.45,8.16959476471,15
100,7a9ff14e405dc4decdd4dd4f,M03,0,7.74,7.69157743454,21
100,7a9ff14e405dc4decdd4dd4f,M04,0,7.34,7.15178632736,21
100,7a9ff14e405dc4decdd4dd4f,M05,0,3.49,7.05649757385,21
100,7a9ff14e405dc4decdd4dd4f,M06,0,9.48,9.73083400726,21
100,7a9ff14e405dc4decdd4dd4f,M07,0,10.37,10.5171327591,30
100,7a9ff14e405dc4decdd4dd4f,M08,0,14.27,14.3790016174,30
100,7a9ff14e405dc4decdd4dd4f,M09,0,13.16,13.0477705002,30
100,7a9ff14e405dc4decdd4dd4f,M10,0,16.04,16.0428543091,30
100,7a9ff14e405dc4decdd4dd4f,M11,0,14.84,14.6578445435,30
100,7a9ff14e405dc4decdd4dd4f,M12,0,19.15,18.4686317444,45
100,7a9ff14e405dc4decdd4dd4f,M13,0,17.27,17.6640586853,60
100,7a9ff14e405dc4decdd4dd4f,M14,0,14.07,13.7968854904,60
100,7a9ff14e405dc4decdd4dd4f,M15,0,18.83,18.1607589722,60
100,7a9ff14e405dc4decdd4dd4f,M16,0,36.61,38.3598022461,100
100,7a9ff14e405dc4decdd4dd4f,M17,0,5.6,5.69167661667,14
100,7a9ff14e405dc4decdd4dd4f,M18,0,7.78,7.70712709427,21
100,7a9ff14e405dc4decdd4dd4f,M19,0,5.57,6.08531045914,21
100,7a9ff14e405dc4decdd4dd4f,M20,0,7.95,8.44381427765,20
100,7a9ff14e405dc4decdd4dd4f,M21,0,5.87,6.12179231644,21
100,7a9ff14e405dc4decdd4dd4f,M22,0,12.25,13.6108999252,45
100,7a9ff14e405dc4decdd4dd4f,M23,0,10.17,10.4431152344,45
100,7a9ff14e405dc4decdd4dd4f,M24,0,13.16,14.3585338593,45
100,7a9ff14e405dc4decdd4dd4f,M25,0,11.95,11.7808475494,20
100,7a9ff14e405dc4decdd4dd4f,M26,0,10.5,10.4046545029,20
100,7a9ff14e405dc4decdd4dd4f,M27,0,12.32,12.7116041183,30
100,7a9ff14e405dc4decdd4dd4f,M28,0,10.32,10.0273323059,30
100,7a9ff14e405dc4decdd4dd4f,M29,0,12.93,12.8173131943,30
100,7a9ff14e405dc4decdd4dd4f,M30,0,7.58,7.53146409988,21
101,3a06738b335793103289ffb6,M01,3,4.49,4.85368013382,10
101,3a06738b335793103289ffb6,M02,3,5.75,6.25895166397,15
101,3a06738b335793103289ffb6,M03,3,5.06,5.43075370789,21
101,3a06738b335793103289ffb6,M04,3,4.85,5.08881044388,21
101,3a06738b335793103289ffb6,M05,3,4.64,4.98529624939,21
101,3a06738b335793103289ffb6,M06,3,6.43,6.82405471802,21
101,3a06738b335793103289ffb6,M07,3,6.28,6.81830978394,30
101,3a06738b335793103289ffb6,M08,3,7.46,8.93386554718,30
101,3a06738b335793103289ffb6,M09,3,6.55,7.6879529953,30
101,3a06738b335793103289ffb6,M10,3,9.03,10.4593629837,30
101,3a06738b335793103289ffb6,M11,3,7.96,9.36489295959,30
101,3a06738b335793103289ffb6,M12,3,8.44,10.9797334671,45
101,3a06738b335793103289ffb6,M13,3,9.05,11.1173362732,60
101,3a06738b335793103289ffb6,M14,3,6.63,8.69754219055,60
101,3a06738b335793103289ffb6,M15,3,9.06,11.1268978119,60
101,3a06738b335793103289ffb6,M16,3,14.49,19.6587524414,100
101,3a06738b335793103289ffb6,M17,3,2.87,3.70110607147,14
101,3a06738b335793103289ffb6,M18,3,5.26,5.70791816711,21
101,3a06738b335793103289ffb6,M19,3,4.96,5.03417348862,21
101,3a06738b335793103289ffb6,M20,3,6.17,6.57406044006,20
101,3a06738b335793103289ffb6,M21,3,4.95,5.25496768951,21
101,3a06738b335793103289ffb6,M22,3,9.2,9.48684597015,45
101,3a06738b335793103289ffb6,M23,3,7.32,7.81791639328,45
101,3a06738b335793103289ffb6,M24,3,9.3,9.7133769989,45
101,3a06738b335793103289ffb6,M25,3,7.1,7.93719577789,20
101,3a06738b335793103289ffb6,M26,3,5.04,6.22632026672,20
101,3a06738b335793103289ffb6,M27,3,7.86,8.25374889374,30
101,3a06738b335793103289ffb6,M28,3,6.09,6.60174465179,30
101,3a06738b335793103289ffb6,M29,3,7.56,8.05624008179,30
101,3a06738b335793103289ffb6,M30,3,4.08,5.04228115082,21
102,aff25fa1ec688ab41c7f5099,M01,2,4.66,4.46242284775,10
102,aff25fa1ec688ab41c7f5099,M02,2,6.08,5.61458349228,15
102,aff25fa1ec688ab41c7f5099,M03,2,5.24,5.08165740967,21
102,aff25fa1ec688ab41c7f5099,M04,2,5.02,4.62118244171,21
102,aff25fa1ec688ab41c7f5099,M05,2,4.88,4.53930187225,21
102,aff25fa1ec688ab41c7f5099,M06,2,6.64,6.55528450012,21
102,aff25fa1ec688ab41c7f5099,M07,2,6.63,6.46870040894,30
102,aff25fa1ec688ab41c7f5099,M08,2,8.23,8.01843833923,30
102,aff25fa1ec688ab41c7f5099,M09,2,7.3,6.71374368668,30
102,aff25fa1ec688ab41c7f5099,M10,2,9.83,9.44983386993,30
102,aff25fa1ec688ab41c7f5099,M11,2,8.89,8.45356369019,30
102,aff25fa1ec688ab41c7f5099,M12,2,9.68,9.30474758148,45
102,aff25fa1ec688ab41c7f5099,M13,2,10,9.37279129028,60
102,aff25fa1ec688ab41c7f5099,M14,2,7.53,6.75620603561,60
102,aff25fa1ec688ab41c7f5099,M15,2,10,9.33775520325,60
102,aff25fa1ec688ab41c7f5099,M16,2,17.25,17.2779693604,100
102,aff25fa1ec688ab41c7f5099,M17,2,3.27,3.31937170029,14
102,aff25fa1ec688ab41c7f5099,M18,2,5.39,5.36845302582,21
102,aff25fa1ec688ab41c7f5099,M19,2,4.96,4.6910610199,21
102,aff25fa1ec688ab41c7f5099,M20,2,6.21,6.27975320816,20
102,aff25fa1ec688ab41c7f5099,M21,2,5.01,4.81133842468,21
102,aff25fa1ec688ab41c7f5099,M22,2,9.2,9.11439800262,45
102,aff25fa1ec688ab41c7f5099,M23,2,7.36,7.23329734802,45
102,aff25fa1ec688ab41c7f5099,M24,2,9.46,9.10211753845,45
102,aff25fa1ec688ab41c7f5099,M25,2,7.28,7.30523920059,20
102,aff25fa1ec688ab41c7f5099,M26,2,5.14,5.76483249664,20
102,aff25fa1ec688ab41c7f5099,M27,2,7.81,7.45444536209,30
102,aff25fa1ec688ab41c7f5099,M28,2,7.05,5.95666456223,30
102,aff25fa1ec688ab41c7f5099,M29,2,8.14,7.12097835541,30
102,aff25fa1ec688ab41c7f5099,M30,2,4.21,4.62047338486,21
103,fafa20a4901e87c3d213e2c4,M01,0,4.95,4.55318069458,10
103,fafa20a4901e87c3d213e2c4,M02,0,6.51,5.71016168594,15
103,fafa20a4901e87c3d213e2c4,M03,0,5.59,5.10340929031,21
103,fafa20a4901e87c3d213e2c4,M04,0,5.3,4.69425868988,21
103,fafa20a4901e87c3d213e2c4,M05,0,5.13,4.63544368744,21
103,fafa20a4901e87c3d213e2c4,M06,0,7.06,6.4547700882,21
103,fafa20a4901e87c3d213e2c4,M07,0,7.15,6.29376888275,30
103,fafa20a4901e87c3d213e2c4,M08,0,9.24,8.02580928802,30
103,fafa20a4901e87c3d213e2c4,M09,0,8.23,6.75073719025,30
103,fafa20a4901e87c3d213e2c4,M10,0,10.92,9.5754032135,30
103,fafa20a4901e87c3d213e2c4,M11,0,9.9,8.56142139435,30
103,fafa20a4901e87c3d213e2c4,M12,0,11.12,9.11005496979,45
103,fafa20a4901e87c3d213e2c4,M13,0,11.26,9.41765975952,60
103,fafa20a4901e87c3d213e2c4,M14,0,8.56,7.15425491333,60
103,fafa20a4901e87c3d213e2c4,M15,0,11.37,9.50032806396,60
103,fafa20a4901e87c3d213e2c4,M16,0,20.25,15.647936821,100
103,fafa20a4901e87c3d213e2c4,M17,0,3.67,3.38898015022,14
103,fafa20a4901e87c3d213e2c4,M18,0,5.73,5.39735603333,21
103,fafa20a4901e87c3d213e2c4,M19,0,5.15,4.77020931244,21
103,fafa20a4901e87c3d213e2c4,M20,0,6.58,6.02293014526,20
103,fafa20a4901e87c3d213e2c4,M21,0,5.12,4.80335855484,21
103,fafa20a4901e87c3d213e2c4,M22,0,9.95,8.78490829468,45
103,fafa20a4901e87c3d213e2c4,M23,0,8.09,7.07732391357,45
103,fafa20a4901e87c3d213e2c4,M24,0,10.05,8.94376850128,45
103,fafa20a4901e87c3d213e2c4,M25,0,8.66,7.22225475311,20
103,fafa20a4901e87c3d213e2c4,M26,0,6.74,5.52574634552,20
103,fafa20a4901e87c3d213e2c4,M27,0,8.47,7.58671951294,30
103,fafa20a4901e87c3d213e2c4,M28,0,7.05,5.91390419006,30
103,fafa20a4901e87c3d213e2c4,M29,0,8.14,7.54133033752,30
103,fafa20a4901e87c3d213e2c4,M30,0,4.95,4.77013063431,21
104,3a7529da11b98d32d37eb9b2,M01,1,7.31,6.92110490799,10
104,3a7529da11b98d32d37eb9b2,M02,1,9.78,9.13083839417,15
104,3a7529da11b98d32d37eb9b2,M03,1,10.29,8.91829967499,21
104,3a7529da11b98d32d37eb9b2,M04,1,9.5,8.41066837311,21
104,3a7529da11b98d32d37eb9b2,M05,1,9.54,8.31441879272,21
104,3a7529da11b98d32d37eb9b2,M06,1,12.86,11.0228738785,21
104,3a7529da11b98d32d37eb9b2,M07,1,14.12,12.2077989578,30
104,3a7529da11b98d32d37eb9b2,M08,1,18.5,17.4797859192,30
104,3a7529da11b98d32d37eb9b2,M09,1,17.4,16.6451148987,30
104,3a7529da11b98d32d37eb9b2,M10,1,20.13,19.1423130035,30
104,3a7529da11b98d32d37eb9b2,M11,1,19.36,18.1411266327,30
104,3a7529da11b98d32d37eb9b2,M12,1,26.34,23.9536857605,45
104,3a7529da11b98d32d37eb9b2,M13,1,26.56,23.3644733429,60
104,3a7529da11b98d32d37eb9b2,M14,1,23.05,20.7193012238,60
104,3a7529da11b98d32d37eb9b2,M15,1,26.79,23.7080478668,60
104,3a7529da11b98d32d37eb9b2,M16,1,54.88,48.993144989,100
104,3a7529da11b98d32d37eb9b2,M17,1,7.33,6.55202054977,14
104,3a7529da11b98d32d37eb9b2,M18,1,10.07,8.94472408295,21
104,3a7529da11b98d32d37eb9b2,M19,1,9.14,7.13960504532,21
104,3a7529da11b98d32d37eb9b2,M20,1,11.44,9.43027019501,20
104,3a7529da11b98d32d37eb9b2,M21,1,8.71,7.10850667953,21
104,3a7529da11b98d32d37eb9b2,M22,1,21.42,16.8145046234,45
104,3a7529da11b98d32d37eb9b2,M23,1,18.23,14.9995517731,45
104,3a7529da11b98d32d37eb9b2,M24,1,21.96,17.2846717834,45
104,3a7529da11b98d32d37eb9b2,M25,1,14.27,12.9114151001,20
104,3a7529da11b98d32d37eb9b2,M26,1,12.95,11.7003479004,20
104,3a7529da11b98d32d37eb9b2,M27,1,16.77,14.8438777924,30
104,3a7529da11b98d32d37eb9b2,M28,1,14.82,13.1582860947,30
104,3a7529da11b98d32d37eb9b2,M29,1,16.71,14.9693527222,30
104,3a7529da11b98d32d37eb9b2,M30,1,10.31,8.9318447113,21
106,6a14fc3ef083f99a0815d5c0,M01,1,6.6,7.19618177414,10
106,6a14fc3ef083f99a0815d5c0,M02,1,8.76,9.81059265137,15
106,6a14fc3ef083f99a0815d5c0,M03,1,8.4,10.2642860413,21
106,6a14fc3ef083f99a0815d5c0,M04,1,7.68,9.7228717804,21
106,6a14fc3ef083f99a0815d5c0,M05,1,7.64,9.70113563538,21
106,6a14fc3ef083f99a0815d5c0,M06,1,10.65,13.0084428787,21
106,6a14fc3ef083f99a0815d5c0,M07,1,11.22,14.4663200378,30
106,6a14fc3ef083f99a0815d5c0,M08,1,15.34,18.8503761292,30
106,6a14fc3ef083f99a0815d5c0,M09,1,14.19,17.5055217743,30
106,6a14fc3ef083f99a0815d5c0,M10,1,17.09,20.5202388763,30
106,6a14fc3ef083f99a0815d5c0,M11,1,16.15,19.7438983917,30
106,6a14fc3ef083f99a0815d5c0,M12,1,20.97,27.8747329712,45
106,6a14fc3ef083f99a0815d5c0,M13,1,20.37,28.0217895508,60
106,6a14fc3ef083f99a0815d5c0,M14,1,16.83,24.0728206635,60
106,6a14fc3ef083f99a0815d5c0,M15,1,20.31,28.3428001404,60
106,6a14fc3ef083f99a0815d5c0,M16,1,46.05,56.7821769714,100
106,6a14fc3ef083f99a0815d5c0,M17,1,6.18,7.21091079712,14
106,6a14fc3ef083f99a0815d5c0,M18,1,8.29,10.1516160965,21
106,6a14fc3ef083f99a0815d5c0,M19,1,6.85,8.92789554596,21
106,6a14fc3ef083f99a0815d5c0,M20,1,9.12,11.2633981705,20
106,6a14fc3ef083f99a0815d5c0,M21,1,6.61,8.55010509491,21
106,6a14fc3ef083f99a0815d5c0,M22,1,14.87,21.2138271332,45
106,6a14fc3ef083f99a0815d5c0,M23,1,12.44,17.334438324,45
106,6a14fc3ef083f99a0815d5c0,M24,1,15.13,22.0710086823,45
106,6a14fc3ef083f99a0815d5c0,M25,1,12.98,14.1196718216,20
106,6a14fc3ef083f99a0815d5c0,M26,1,11.57,12.7953023911,20
106,6a14fc3ef083f99a0815d5c0,M27,1,14.11,16.3949069977,30
106,6a14fc3ef083f99a0815d5c0,M28,1,11.95,14.0627403259,30
106,6a14fc3ef083f99a0815d5c0,M29,1,13.91,16.2813529968,30
106,6a14fc3ef083f99a0815d5c0,M30,1,8.42,10.4117498398,21
107,2ca218591068dc3467fc728a,M01,1,7.64,8.04525661469,10
107,2ca218591068dc3467fc728a,M02,1,10.13,10.4534025192,15
107,2ca218591068dc3467fc728a,M03,1,10.85,10.8131303787,21
107,2ca218591068dc3467fc728a,M04,1,9.91,10.0969743729,21
107,2ca218591068dc3467fc728a,M05,1,10.02,10.1055431366,21
107,2ca218591068dc3467fc728a,M06,1,13.61,13.6567754745,21
107,2ca218591068dc3467fc728a,M07,1,14.88,15.3395652771,30
107,2ca218591068dc3467fc728a,M08,1,19.26,19.9104709625,30
107,2ca218591068dc3467fc728a,M09,1,17.39,18.8029499054,30
107,2ca218591068dc3467fc728a,M10,1,20.96,21.55493927,30
107,2ca218591068dc3467fc728a,M11,1,20.01,20.5259189606,30
107,2ca218591068dc3467fc728a,M12,1,27.43,28.2339420319,45
107,2ca218591068dc3467fc728a,M13,1,28.21,29.1402206421,60
107,2ca218591068dc3467fc728a,M14,1,24.39,25.3422012329,60
107,2ca218591068dc3467fc728a,M15,1,28.15,29.4974975586,60
107,2ca218591068dc3467fc728a,M16,1,56.68,57.2430000305,100
107,2ca218591068dc3467fc728a,M17,1,7.63,7.9853181839,14
107,2ca218591068dc3467fc728a,M18,1,10.46,10.4946393967,21
107,2ca218591068dc3467fc728a,M19,1,9.18,9.13235855103,21
107,2ca218591068dc3467fc728a,M20,1,11.36,11.4280071259,20
107,2ca218591068dc3467fc728a,M21,1,8.51,8.55493736267,21
107,2ca218591068dc3467fc728a,M22,1,21.01,21.1189994812,45
107,2ca218591068dc3467fc728a,M23,1,17.63,18.5408630371,45
107,2ca218591068dc3467fc728a,M24,1,21.56,21.6101551056,45
107,2ca218591068dc3467fc728a,M25,1,14.75,14.8960847855,20
107,2ca218591068dc3467fc728a,M26,1,13.4,13.4932041168,20
107,2ca218591068dc3467fc728a,M27,1,17.65,17.8616886139,30
107,2ca218591068dc3467fc728a,M28,1,15.52,16.0198116302,30
107,2ca218591068dc3467fc728a,M29,1,17.49,17.9639587402,30
107,2ca218591068dc3467fc728a,M30,1,10.9,10.9996767044,21
108,87974590a2f5c545466b7087,M01,2,7.76,8.09692955017,10
108,87974590a2f5c545466b7087,M02,2,10.32,10.3456363678,15
108,87974590a2f5c545466b7087,M03,2,11.29,11.0382375717,21
108,87974590a2f5c545466b7087,M04,2,10.45,10.4965295792,21
108,87974590a2f5c545466b7087,M05,2,10.53,10.4900665283,21
108,87974590a2f5c545466b7087,M06,2,13.92,13.9238376617,21
108,87974590a2f5c545466b7087,M07,2,15.59,15.8189277649,30
108,87974590a2f5c545466b7087,M08,2,19.96,20.0965099335,30
108,87974590a2f5c545466b7087,M09,2,18.81,18.9501209259,30
108,87974590a2f5c545466b7087,M10,2,21.58,21.4835968018,30
108,87974590a2f5c545466b7087,M11,2,20.81,20.8787117004,30
108,87974590a2f5c545466b7087,M12,2,28.69,27.6828365326,45
108,87974590a2f5c545466b7087,M13,2,29.18,28.4860210419,60
108,87974590a2f5c545466b7087,M14,2,25.55,25.2079544067,60
108,87974590a2f5c545466b7087,M15,2,29.83,28.714761734,60
108,87974590a2f5c545466b7087,M16,2,57.79,58.5029983521,100
108,87974590a2f5c545466b7087,M17,2,7.91,7.90958309174,14
108,87974590a2f5c545466b7087,M18,2,10.96,10.9231538773,21
108,87974590a2f5c545466b7087,M19,2,9.13,9.61638736725,21
108,87974590a2f5c545466b7087,M20,2,11.16,11.8465099335,20
108,87974590a2f5c545466b7087,M21,2,8.54,9.19608688354,21
108,87974590a2f5c545466b7087,M22,2,20.4,22.599363327,45
108,87974590a2f5c545466b7087,M23,2,17.22,19.3962440491,45
108,87974590a2f5c545466b7087,M24,2,21.2,23.1767444611,45
108,87974590a2f5c545466b7087,M25,2,14.9,14.8989877701,20
108,87974590a2f5c545466b7087,M26,2,13.6,13.8736877441,20
108,87974590a2f5c545466b7087,M27,2,18.02,18.1967868805,30
108,87974590a2f5c545466b7087,M28,2,16.01,16.4226417542,30
108,87974590a2f5c545466b7087,M29,2,18.1,18.147851944,30
108,87974590a2f5c545466b7087,M30,2,11.3,11.3238391876,21
109,0481944a4fdf636307259eff,M01,2,4.85,4.00683832169,10
109,0481944a4fdf636307259eff,M02,2,6.29,5.32174396515,15
109,0481944a4fdf636307259eff,M03,2,5.43,4.73644256592,21
109,0481944a4fdf636307259eff,M04,2,5.15,4.33361053467,21
109,0481944a4fdf636307259eff,M05,2,5,4.20286989212,21
109,0481944a4fdf636307259eff,M06,2,6.87,5.97224664688,21
109,0481944a4fdf636307259eff,M07,2,6.91,5.6352725029,30
109,0481944a4fdf636307259eff,M08,2,8.65,6.5678396225,30
109,0481944a4fdf636307259eff,M09,2,7.58,5.4255862236,30
109,0481944a4fdf636307259eff,M10,2,10.33,7.78776836395,30
109,0481944a4fdf636307259eff,M11,2,9.31,6.99731254578,30
109,0481944a4fdf636307259eff,M12,2,10.23,7.14505147934,45
109,0481944a4fdf636307259eff,M13,2,10.62,7.52044439316,60
109,0481944a4fdf636307259eff,M14,2,7.98,4.88426876068,60
109,0481944a4fdf636307259eff,M15,2,10.65,7.60698080063,60
109,0481944a4fdf636307259eff,M16,2,18.33,13.4587926865,100
109,0481944a4fdf636307259eff,M17,2,3.46,2.83204603195,14
109,0481944a4fdf636307259eff,M18,2,5.57,4.99298000336,21
109,0481944a4fdf636307259eff,M19,2,5.23,4.39380502701,21
109,0481944a4fdf636307259eff,M20,2,6.8,5.36124181747,20
109,0481944a4fdf636307259eff,M21,2,5.24,4.53656864166,21
109,0481944a4fdf636307259eff,M22,2,10.37,7.31913280487,45
109,0481944a4fdf636307259eff,M23,2,8.35,5.5639257431,45
109,0481944a4fdf636307259eff,M24,2,10.53,7.49882125854,45
109,0481944a4fdf636307259eff,M25,2,6.82,7.17601299286,20
109,0481944a4fdf636307259eff,M26,2,4.94,5.42066049576,20
109,0481944a4fdf636307259eff,M27,2,7.28,7.14351844788,30
109,0481944a4fdf636307259eff,M28,2,5.56,5.38384962082,30
109,0481944a4fdf636307259eff,M29,2,7.32,7.06000757217,30
109,0481944a4fdf636307259eff,M30,2,4.39,4.46845340729,21
113,c135fd0963573003df9035bb,M01,3,7.67,7.75093603134,10
113,c135fd0963573003df9035bb,M02,3,10.2,10.3468999863,15
113,c135fd0963573003df9035bb,M03,3,11.09,11.3927211761,21
113,c135fd0963573003df9035bb,M04,3,10.24,10.5455312729,21
113,c135fd0963573003df9035bb,M05,3,10.34,10.7047643661,21
113,c135fd0963573003df9035bb,M06,3,13.81,14.1945362091,21
113,c135fd0963573003df9035bb,M07,3,15.34,16.2017269135,30
113,c135fd0963573003df9035bb,M08,3,19.71,20.8742027283,30
113,c135fd0963573003df9035bb,M09,3,18.51,19.4741764069,30
113,c135fd0963573003df9035bb,M10,3,21.32,22.343662262,30
113,c135fd0963573003df9035bb,M11,3,20.47,21.5183887482,30
113,c135fd0963573003df9035bb,M12,3,28.37,29.6787071228,45
113,c135fd0963573003df9035bb,M13,3,29.16,30.5093460083,60
113,c135fd0963573003df9035bb,M14,3,25.7,27.2155361176,60
113,c135fd0963573003df9035bb,M15,3,29.18,30.8929386139,60
113,c135fd0963573003df9035bb,M16,3,57.83,59.3871688843,100
113,c135fd0963573003df9035bb,M17,3,7.79,7.70668888092,14
113,c135fd0963573003df9035bb,M18,3,10.75,10.923201561,21
113,c135fd0963573003df9035bb,M19,3,8.97,10.0643625259,21
113,c135fd0963573003df9035bb,M20,3,11.18,12.1191740036,20
113,c135fd0963573003df9035bb,M21,3,8.42,9.26401138306,21
113,c135fd0963573003df9035bb,M22,3,20.57,24.1490440369,45
113,c135fd0963573003df9035bb,M23,3,17.42,21.1915626526,45
113,c135fd0963573003df9035bb,M24,3,21.04,24.8296413422,45
113,c135fd0963573003df9035bb,M25,3,14.81,15.031452179,20
113,c135fd0963573003df9035bb,M26,3,13.53,13.6727304459,20
113,c135fd0963573003df9035bb,M27,3,17.93,18.6467056274,30
113,c135fd0963573003df9035bb,M28,3,15.96,16.9023036957,30
113,c135fd0963573003df9035bb,M29,3,17.76,18.5473670959,30
113,c135fd0963573003df9035bb,M30,3,11.15,11.6658267975,21
114,5ab6d54df37caa459c1a457e,M25,3,12.55,13.2648010254,20
114,5ab6d54df37caa459c1a457e,M26,3,10.81,12.0426292419,20
114,5ab6d54df37caa459c1a457e,M27,3,12.79,15.5167970657,30
114,5ab6d54df37caa459c1a457e,M28,3,10.79,13.1948394775,30
114,5ab6d54df37caa459c1a457e,M29,3,13.25,15.6423635483,30
114,5ab6d54df37caa459c1a457e,M30,3,7.75,9.44694232941,21
115,1ab7eba89cafc88387549334,M01,3,8.27,8.43736934662,10
115,1ab7eba89cafc88387549334,M02,3,10.96,11.0327558517,15
115,1ab7eba89cafc88387549334,M03,3,12.64,12.3349676132,21
115,1ab7eba89cafc88387549334,M04,3,11.59,11.5650272369,21
115,1ab7eba89cafc88387549334,M05,3,11.77,11.6617174149,21
115,1ab7eba89cafc88387549334,M06,3,15.4,15.1460113525,21
115,1ab7eba89cafc88387549334,M07,3,17.69,17.0544586182,30
115,1ab7eba89cafc88387549334,M08,3,21.96,20.981962204,30
115,1ab7eba89cafc88387549334,M09,3,20.48,19.5391044617,30
115,1ab7eba89cafc88387549334,M10,3,23.52,22.3878517151,30
115,1ab7eba89cafc88387549334,M11,3,22.59,21.7716522217,30
115,1ab7eba89cafc88387549334,M12,3,32.12,31.5335998535,45
115,1ab7eba89cafc88387549334,M13,3,33.58,32.4323730469,60
115,1ab7eba89cafc88387549334,M14,3,30.28,28.0760383606,60
115,1ab7eba89cafc88387549334,M15,3,33.96,32.7039222717,60
115,1ab7eba89cafc88387549334,M16,3,62.65,59.5117759705,100
115,1ab7eba89cafc88387549334,M17,3,8.54,8.50551509857,14
115,1ab7eba89cafc88387549334,M18,3,12,11.9542255402,21
115,1ab7eba89cafc88387549334,M19,3,11.5,10.9772901535,21
115,1ab7eba89cafc88387549334,M20,3,13.3,12.9688482285,20
115,1ab7eba89cafc88387549334,M21,3,10.62,10.2308588028,21
115,1ab7eba89cafc88387549334,M22,3,27.56,24.490814209,45
115,1ab7eba89cafc88387549334,M23,3,23.99,21.1393604279,45
115,1ab7eba89cafc88387549334,M24,3,27.94,25.1237258911,45
115,1ab7eba89cafc88387549334,M25,3,15.74,15.5984992981,20
115,1ab7eba89cafc88387549334,M26,3,14.48,14.2791976929,20
115,1ab7eba89cafc88387549334,M27,3,19.83,19.2978992462,30
115,1ab7eba89cafc88387549334,M28,3,17.98,17.2652244568,30
115,1ab7eba89cafc88387549334,M29,3,19.79,19.2768535614,30
115,1ab7eba89cafc88387549334,M30,3,12.69,12.4867105484,21
116,9a9b3db558991f39668b2741,M01,2,4.4,4.08693218231,10
116,9a9b3db558991f39668b2741,M02,2,5.58,5.23783779144,15
116,9a9b3db558991f39668b2741,M03,2,4.9,4.79379320145,21
116,9a9b3db558991f39668b2741,M04,2,4.78,4.62442016602,21
116,9a9b3db558991f39668b2741,M05,2,4.38,4.50911617279,21
116,9a9b3db558991f39668b2741,M06,2,6.3,6.47692155838,21
116,9a9b3db558991f39668b2741,M07,2,6.04,6.33138990402,30
116,9a9b3db558991f39668b2741,M08,2,7.49,8.1577835083,30
116,9a9b3db558991f39668b2741,M09,2,6.88,6.97963905334,30
116,9a9b3db558991f39668b2741,M10,2,8.89,9.43055820465,30
116,9a9b3db558991f39668b2741,M11,2,8.59,8.4914598465,30
116,9a9b3db558991f39668b2741,M12,2,8.51,10.4006357193,45
116,9a9b3db558991f39668b2741,M13,2,9.25,10.4117832184,60
116,9a9b3db558991f39668b2741,M14,2,7.26,7.90822267532,60
116,9a9b3db558991f39668b2741,M15,2,9.04,10.7233943939,60
116,9a9b3db558991f39668b2741,M16,2,16.16,25.4186191559,100
116,9a9b3db558991f39668b2741,M17,2,2.8,3.11958885193,14
116,9a9b3db558991f39668b2741,M18,2,5.16,5.29541730881,21
116,9a9b3db558991f39668b2741,M19,2,4.56,4.27191114426,21
116,9a9b3db558991f39668b2741,M20,2,5.48,5.79736280441,20
116,9a9b3db558991f39668b2741,M21,2,4.59,4.44354248047,21
116,9a9b3db558991f39668b2741,M22,2,7.9,8.68920993805,45
116,9a9b3db558991f39668b2741,M23,2,6.57,6.90080213547,45
116,9a9b3db558991f39668b2741,M24,2,7.67,9.07778930664,45
116,9a9b3db558991f39668b2741,M25,2,10.22,7.89714574814,20
116,9a9b3db558991f39668b2741,M26,2,8.66,6.12833118439,20
116,9a9b3db558991f39668b2741,M27,2,9.64,8.28699111938,30
116,9a9b3db558991f39668b2741,M28,2,8.09,6.5792016983,30
116,9a9b3db558991f39668b2741,M29,2,9.34,8.20027065277,30
116,9a9b3db558991f39668b2741,M30,2,5.93,4.85137891769,21
117,1012fb46ebf465147816dc29,M01,3,6.69,6.41216754913,10
117,1012fb46ebf465147816dc29,M02,3,8.94,8.77857875824,15
117,1012fb46ebf465147816dc29,M03,3,8.7,8.87267971039,21
117,1012fb46ebf465147816dc29,M04,3,7.98,8.23070430756,21
117,1012fb46ebf465147816dc29,M05,3,7.93,8.12288951874,21
117,1012fb46ebf465147816dc29,M06,3,11,11.8761491776,21
117,1012fb46ebf465147816dc29,M07,3,11.69,12.2958507538,30
117,1012fb46ebf465147816dc29,M08,3,15.9,15.7749185562,30
117,1012fb46ebf465147816dc29,M09,3,14.76,14.6514787674,30
117,1012fb46ebf465147816dc29,M10,3,17.62,17.2625732422,30
117,1012fb46ebf465147816dc29,M11,3,16.79,16.2939567566,30
117,1012fb46ebf465147816dc29,M12,3,21.88,21.4771385193,45
117,1012fb46ebf465147816dc29,M13,3,21.35,21.4563541412,60
117,1012fb46ebf465147816dc29,M14,3,17.75,18.0144767761,60
117,1012fb46ebf465147816dc29,M15,3,21.51,21.7721214294,60
117,1012fb46ebf465147816dc29,M16,3,47.77,47.314125061,100
117,1012fb46ebf465147816dc29,M17,3,6.33,6.19827127457,14
117,1012fb46ebf465147816dc29,M18,3,8.61,8.70546913147,21
117,1012fb46ebf465147816dc29,M19,3,7.82,7.34312677383,21
117,1012fb46ebf465147816dc29,M20,3,10.33,9.79366016388,20
117,1012fb46ebf465147816dc29,M21,3,7.55,7.03037548065,21
117,1012fb46ebf465147816dc29,M22,3,17.81,15.6739292145,45
117,1012fb46ebf465147816dc29,M23,3,14.9,12.8525571823,45
117,1012fb46ebf465147816dc29,M24,3,18.31,16.2225055695,45
117,1012fb46ebf465147816dc29,M25,3,13.2,13.7100524902,20
117,1012fb46ebf465147816dc29,M26,3,11.79,12.4924097061,20
117,1012fb46ebf465147816dc29,M27,3,14.51,14.8722448349,30
117,1012fb46ebf465147816dc29,M28,3,12.41,12.6382846832,30
117,1012fb46ebf465147816dc29,M29,3,14.46,14.8723602295,30
117,1012fb46ebf465147816dc29,M30,3,8.72,9.1528673172,21
118,6382e37f456a6099a172d19e,M01,2,7.31,7.62104701996,10
118,6382e37f456a6099a172d19e,M02,2,9.78,9.88877487183,15
118,6382e37f456a6099a172d19e,M03,2,10.25,9.83831596375,21
118,6382e37f456a6099a172d19e,M04,2,9.43,9.20063781738,21
118,6382e37f456a6099a172d19e,M05,2,9.45,9.12618541718,21
118,6382e37f456a6099a172d19e,M06,2,12.8,12.2701396942,21
118,6382e37f456a6099a172d19e,M07,2,14.05,13.5746040344,30
118,6382e37f456a6099a172d19e,M08,2,18.42,17.7975635529,30
118,6382e37f456a6099a172d19e,M09,2,17.25,16.5697078705,30
118,6382e37f456a6099a172d19e,M10,2,20.08,19.5790939331,30
118,6382e37f456a6099a172d19e,M11,2,19.19,18.3116836548,30
118,6382e37f456a6099a172d19e,M12,2,26.19,26.4926586151,45
118,6382e37f456a6099a172d19e,M13,2,26.3,26.2787456512,60
118,6382e37f456a6099a172d19e,M14,2,22.71,22.6617946625,60
118,6382e37f456a6099a172d19e,M15,2,26.4,26.612197876,60
118,6382e37f456a6099a172d19e,M16,2,54.54,52.1527442932,100
118,6382e37f456a6099a172d19e,M17,2,7.29,7.33356904984,14
118,6382e37f456a6099a172d19e,M18,2,10.01,9.65370464325,21
118,6382e37f456a6099a172d19e,M19,2,8.5,8.0446767807,21
118,6382e37f456a6099a172d19e,M20,2,10.77,10.1995067596,20
118,6382e37f456a6099a172d19e,M21,2,8.08,7.77554607391,21
118,6382e37f456a6099a172d19e,M22,2,19.4,17.8333454132,45
118,6382e37f456a6099a172d19e,M23,2,16.41,14.6930265427,45
118,6382e37f456a6099a172d19e,M24,2,19.86,18.161075592,45
118,6382e37f456a6099a172d19e,M25,2,14.23,14.1527605057,20
118,6382e37f456a6099a172d19e,M26,2,12.93,12.9145669937,20
118,6382e37f456a6099a172d19e,M27,2,16.7,16.4105682373,30
118,6382e37f456a6099a172d19e,M28,2,14.7,14.0877304077,30
118,6382e37f456a6099a172d19e,M29,2,16.62,16.3220767975,30
118,6382e37f456a6099a172d19e,M30,2,10.29,9.93047428131,21
119,c488d0a9a839e2a349774985,M01,0,7.43,7.27020454407,10
119,c488d0a9a839e2a349774985,M02,0,9.87,9.61092567444,15
119,c488d0a9a839e2a349774985,M03,0,10.42,9.52816200256,21
119,c488d0a9a839e2a349774985,M04,0,9.63,9.01940917969,21
119,c488d0a9a839e2a349774985,M05,0,9.69,8.96217632294,21
119,c488d0a9a839e2a349774985,M06,0,13,12.2199392319,21
119,c488d0a9a839e2a349774985,M07,0,14.3,13.4104528427,30
119,c488d0a9a839e2a349774985,M08,0,18.67,17.9917201996,30
119,c488d0a9a839e2a349774985,M09,0,17.57,16.7832336426,30
119,c488d0a9a839e2a349774985,M10,0,20.32,19.5621261597,30
119,c488d0a9a839e2a349774985,M11,0,19.62,18.3693714142,30
119,c488d0a9a839e2a349774985,M12,0,26.58,25.428062439,45
119,c488d0a9a839e2a349774985,M13,0,26.82,25.2618179321,60
119,c488d0a9a839e2a349774985,M14,0,23.22,22.1115055084,60
119,c488d0a9a839e2a349774985,M15,0,27.27,25.5631980896,60
119,c488d0a9a839e2a349774985,M16,0,55.11,51.2959098816,100
119,c488d0a9a839e2a349774985,M17,0,7.41,6.97389793396,14
119,c488d0a9a839e2a349774985,M18,0,10.2,9.53184127808,21
119,c488d0a9a839e2a349774985,M19,0,7.81,8.06283378601,21
119,c488d0a9a839e2a349774985,M20,0,10.04,10.3002929688,20
119,c488d0a9a839e2a349774985,M21,0,7.41,7.8582572937,21
119,c488d0a9a839e2a349774985,M22,0,17.21,18.5006542206,45
119,c488d0a9a839e2a349774985,M23,0,14.51,15.6489744186,45
119,c488d0a9a839e2a349774985,M24,0,17.67,18.9435596466,45
119,c488d0a9a839e2a349774985,M25,0,14.36,13.6648550034,20
119,c488d0a9a839e2a349774985,M26,0,13.06,12.4669723511,20
119,c488d0a9a839e2a349774985,M27,0,16.95,16.072467804,30
119,c488d0a9a839e2a349774985,M28,0,14.95,13.7501487732,30
119,c488d0a9a839e2a349774985,M29,0,16.97,15.9867753983,30
119,c488d0a9a839e2a349774985,M30,0,10.45,9.55498123169,21
121,4ed737567275c0296b371cfd,M01,4,4.39,3.76500654221,10
121,4ed737567275c0296b371cfd,M02,4,5.3,4.53888082504,15
121,4ed737567275c0296b371cfd,M03,4,4.92,4.24538135529,21
121,4ed737567275c0296b371cfd,M04,4,4.58,3.82961773872,21
121,4ed737567275c0296b371cfd,M05,4,4.49,3.73735761642,21
121,4ed737567275c0296b371cfd,M06,4,6.27,5.19795131683,21
121,4ed737567275c0296b371cfd,M07,4,5.86,5.28391027451,30
121,4ed737567275c0296b371cfd,M08,4,6.24,6.05194950104,30
121,4ed737567275c0296b371cfd,M09,4,5.01,4.95488452911,30
121,4ed737567275c0296b371cfd,M10,4,7.9,6.86768198013,30
121,4ed737567275c0296b371cfd,M11,4,6.83,6.29699277878,30
121,4ed737567275c0296b371cfd,M12,4,6.73,7.01780319214,45
121,4ed737567275c0296b371cfd,M13,4,7.48,6.91391801834,60
121,4ed737567275c0296b371cfd,M14,4,4.62,5.28343820572,60
121,4ed737567275c0296b371cfd,M15,4,7.97,7.30903816223,60
121,4ed737567275c0296b371cfd,M16,4,9.69,13.7256088257,100
121,4ed737567275c0296b371cfd,M17,4,2.65,2.75573849678,14
121,4ed737567275c0296b371cfd,M18,4,5.08,4.42190694809,21
121,4ed737567275c0296b371cfd,M19,4,4.49,3.67568802834,21
121,4ed737567275c0296b371cfd,M20,4,5.01,4.60140705109,20
121,4ed737567275c0296b371cfd,M21,4,4.45,3.67877674103,21
121,4ed737567275c0296b371cfd,M22,4,6.88,6.17700576782,45
121,4ed737567275c0296b371cfd,M23,4,4.89,4.75109052658,45
121,4ed737567275c0296b371cfd,M24,4,6.75,6.62270689011,45
121,4ed737567275c0296b371cfd,M25,4,7.53,6.61342573166,20
121,4ed737567275c0296b371cfd,M26,4,5.34,4.98236274719,20
121,4ed737567275c0296b371cfd,M27,4,7.76,6.43909263611,30
121,4ed737567275c0296b371cfd,M28,4,5.94,5.02712059021,30
121,4ed737567275c0296b371cfd,M29,4,7.63,6.50005054474,30
121,4ed737567275c0296b371cfd,M30,4,4.91,4.12366342545,21
124,aa29578ed01a37d051f2f8b7,M01,4,6.74,5.76552152634,10
124,aa29578ed01a37d051f2f8b7,M02,4,9.34,7.71918535233,15
124,aa29578ed01a37d051f2f8b7,M03,4,9.26,6.96771383286,21
124,aa29578ed01a37d051f2f8b7,M04,4,8.53,6.48169612885,21
124,aa29578ed01a37d051f2f8b7,M05,4,8.37,6.27150058746,21
124,aa29578ed01a37d051f2f8b7,M06,4,11.77,9.10463142395,21
124,aa29578ed01a37d051f2f8b7,M07,4,12.81,9.65865039825,30
124,aa29578ed01a37d051f2f8b7,M08,4,16.93,13.1453876495,30
124,aa29578ed01a37d051f2f8b7,M09,4,16.18,11.9279537201,30
124,aa29578ed01a37d051f2f8b7,M10,4,18.71,14.7478923798,30
124,aa29578ed01a37d051f2f8b7,M11,4,17.63,13.5834341049,30
124,aa29578ed01a37d051f2f8b7,M12,4,24.05,17.2733383179,45
124,aa29578ed01a37d051f2f8b7,M13,4,22.31,16.2095584869,60
124,aa29578ed01a37d051f2f8b7,M14,4,18.86,13.6901674271,60
124,aa29578ed01a37d051f2f8b7,M15,4,23.1,17.2389431,60
124,aa29578ed01a37d051f2f8b7,M16,4,49.03,31.9845905304,100
124,aa29578ed01a37d051f2f8b7,M17,4,6.98,5.11900043488,14
124,aa29578ed01a37d051f2f8b7,M18,4,9.46,7.10863637924,21
124,aa29578ed01a37d051f2f8b7,M19,4,7.64,6.11900091171,21
124,aa29578ed01a37d051f2f8b7,M20,4,9.15,8.27844905853,20
124,aa29578ed01a37d051f2f8b7,M21,4,7.32,6.15997600555,21
124,aa29578ed01a37d051f2f8b7,M22,4,16.84,12.7708539963,45
124,aa29578ed01a37d051f2f8b7,M23,4,14.19,11.0370998383,45
124,aa29578ed01a37d051f2f8b7,M24,4,17.4,14.1307430267,45
124,aa29578ed01a37d051f2f8b7,M25,4,12.94,11.0797195435,20
124,aa29578ed01a37d051f2f8b7,M26,4,11.56,9.55294036865,20
124,aa29578ed01a37d051f2f8b7,M27,4,14.09,11.6096258163,30
124,aa29578ed01a37d051f2f8b7,M28,4,12.07,9.86075973511,30
124,aa29578ed01a37d051f2f8b7,M29,4,14.21,11.8228940964,30
124,aa29578ed01a37d051f2f8b7,M30,4,8.65,6.84351301193,21
128,ad3b009f5c46951acff42651,M01,1,5.95,6.42194318771,10
128,ad3b009f5c46951acff42651,M02,1,8.3,8.80159759521,15
128,ad3b009f5c46951acff42651,M03,1,7.73,8.42864608765,21
128,ad3b009f5c46951acff42651,M04,1,7.15,7.76784992218,21
128,ad3b009f5c46951acff42651,M05,1,6.86,7.59690141678,21
128,ad3b009f5c46951acff42651,M06,1,9.21,10.2493457794,21
128,ad3b009f5c46951acff42651,M07,1,10.28,11.3260583878,30
128,ad3b009f5c46951acff42651,M08,1,14.16,16.2740345001,30
128,ad3b009f5c46951acff42651,M09,1,13.03,15.1670646667,30
128,ad3b009f5c46951acff42651,M10,1,15.96,17.8087158203,30
128,ad3b009f5c46951acff42651,M11,1,14.8,16.645280838,30
128,ad3b009f5c46951acff42651,M12,1,18.97,21.9139194489,45
128,ad3b009f5c46951acff42651,M13,1,16.91,20.8367595673,60
128,ad3b009f5c46951acff42651,M14,1,13.89,17.3089523315,60
128,ad3b009f5c46951acff42651,M15,1,18.36,21.50740242,60
128,ad3b009f5c46951acff42651,M16,1,36.61,40.7828712463,100
128,ad3b009f5c46951acff42651,M17,1,5.69,6.14338541031,14
128,ad3b009f5c46951acff42651,M18,1,7.84,8.3701581955,21
128,ad3b009f5c46951acff42651,M19,1,6.19,6.60488080978,21
128,ad3b009f5c46951acff42651,M20,1,8.87,8.6946811676,20
128,ad3b009f5c46951acff42651,M21,1,6.34,6.5980796814,21
128,ad3b009f5c46951acff42651,M22,1,14.12,15.4183158875,45
128,ad3b009f5c46951acff42651,M23,1,11.47,12.8499956131,45
128,ad3b009f5c46951acff42651,M24,1,16.53,16.5486316681,45
128,ad3b009f5c46951acff42651,M25,1,11.81,12.1586713791,20
128,ad3b009f5c46951acff42651,M26,1,10.43,10.9359121323,20
128,ad3b009f5c46951acff42651,M27,1,12.1,13.9485721588,30
128,ad3b009f5c46951acff42651,M28,1,10.19,11.9211530685,30
128,ad3b009f5c46951acff42651,M29,1,12.62,14.296749115,30
128,ad3b009f5c46951acff42651,M30,1,7.15,8.09494972229,21
129,1de3e41098dfdbdb2adf0ebb,M01,1,5.63,5.14218950272,10
129,1de3e41098dfdbdb2adf0ebb,M02,1,7.52,6.87681913376,15
129,1de3e41098dfdbdb2adf0ebb,M03,1,6.57,6.27658176422,21
129,1de3e41098dfdbdb2adf0ebb,M04,1,6.13,5.74971103668,21
129,1de3e41098dfdbdb2adf0ebb,M05,1,5.94,5.67301511765,21
129,1de3e41098dfdbdb2adf0ebb,M06,1,8.28,8.13395023346,21
129,1de3e41098dfdbdb2adf0ebb,M07,1,8.6,8.062458992,30
129,1de3e41098dfdbdb2adf0ebb,M08,1,12.11,10.5160179138,30
129,1de3e41098dfdbdb2adf0ebb,M09,1,11.18,9.36147594452,30
129,1de3e41098dfdbdb2adf0ebb,M10,1,13.75,11.9200954437,30
129,1de3e41098dfdbdb2adf0ebb,M11,1,12.87,10.9681119919,30
129,1de3e41098dfdbdb2adf0ebb,M12,1,15.82,13.1982116699,45
129,1de3e41098dfdbdb2adf0ebb,M13,1,14.8,13.0247621536,60
129,1de3e41098dfdbdb2adf0ebb,M14,1,12.18,10.2041978836,60
129,1de3e41098dfdbdb2adf0ebb,M15,1,14.87,12.9966402054,60
129,1de3e41098dfdbdb2adf0ebb,M16,1,32.4,27.649646759,100
129,1de3e41098dfdbdb2adf0ebb,M17,1,4.81,4.45278263092,14
129,1de3e41098dfdbdb2adf0ebb,M18,1,6.7,6.57694482803,21
129,1de3e41098dfdbdb2adf0ebb,M19,1,5.72,5.38625097275,21
129,1de3e41098dfdbdb2adf0ebb,M20,1,7.85,7.47578191757,20
129,1de3e41098dfdbdb2adf0ebb,M21,1,5.66,5.3260717392,21
129,1de3e41098dfdbdb2adf0ebb,M22,1,12.12,10.7391929626,45
129,1de3e41098dfdbdb2adf0ebb,M23,1,10.25,8.6742181778,45
129,1de3e41098dfdbdb2adf0ebb,M24,1,12.23,10.8800678253,45
129,1de3e41098dfdbdb2adf0ebb,M25,1,9.73,9.50308609009,20
129,1de3e41098dfdbdb2adf0ebb,M26,1,7.86,7.91363763809,20
129,1de3e41098dfdbdb2adf0ebb,M27,1,9.38,9.49990940094,30
129,1de3e41098dfdbdb2adf0ebb,M28,1,7.84,7.7124171257,30
129,1de3e41098dfdbdb2adf0ebb,M29,1,9.01,9.43059825897,30
129,1de3e41098dfdbdb2adf0ebb,M30,1,5.27,5.98381137848,21
130,cb76c9dc3ae475d3cc15b169,M01,1,8.29,8.41877174377,10
130,cb76c9dc3ae475d3cc15b169,M02,1,10.9,10.9670829773,15
130,cb76c9dc3ae475d3cc15b169,M03,1,12.56,12.1975984573,21
130,cb76c9dc3ae475d3cc15b169,M04,1,11.64,11.4445152283,21
130,cb76c9dc3ae475d3cc15b169,M05,1,11.79,11.572312355,21
130,cb76c9dc3ae475d3cc15b169,M06,1,15.53,15.0367584229,21
130,cb76c9dc3ae475d3cc15b169,M07,1,17.57,16.7740936279,30
130,cb76c9dc3ae475d3cc15b169,M08,1,21.84,21.8421783447,30
130,cb76c9dc3ae475d3cc15b169,M09,1,20.58,20.3571624756,30
130,cb76c9dc3ae475d3cc15b169,M10,1,23.37,23.3707408905,30
130,cb76c9dc3ae475d3cc15b169,M11,1,22.57,22.7805156708,30
130,cb76c9dc3ae475d3cc15b169,M12,1,31.94,31.1577911377,45
130,cb76c9dc3ae475d3cc15b169,M13,1,33.54,31.8416004181,60
130,cb76c9dc3ae475d3cc15b169,M14,1,30.32,27.6813545227,60
130,cb76c9dc3ae475d3cc15b169,M15,1,33.68,32.1615066528,60
130,cb76c9dc3ae475d3cc15b169,M16,1,62.65,59.8488540649,100
130,cb76c9dc3ae475d3cc15b169,M17,1,8.55,8.47115421295,14
130,cb76c9dc3ae475d3cc15b169,M18,1,12.05,11.8303251266,21
130,cb76c9dc3ae475d3cc15b169,M19,1,11.45,10.7963218689,21
130,cb76c9dc3ae475d3cc15b169,M20,1,13.29,12.8327617645,20
130,cb76c9dc3ae475d3cc15b169,M21,1,10.47,10.1464757919,21
130,cb76c9dc3ae475d3cc15b169,M22,1,27.07,25.5364551544,45
130,cb76c9dc3ae475d3cc15b169,M23,1,23.76,21.9516468048,45
130,cb76c9dc3ae475d3cc15b169,M24,1,27.59,26.3823509216,45
130,cb76c9dc3ae475d3cc15b169,M25,1,15.76,15.7710208893,20
130,cb76c9dc3ae475d3cc15b169,M26,1,14.53,14.3575363159,20
130,cb76c9dc3ae475d3cc15b169,M27,1,19.94,19.0997467041,30
130,cb76c9dc3ae475d3cc15b169,M28,1,17.94,17.2285480499,30
130,cb76c9dc3ae475d3cc15b169,M29,1,19.85,19.0166797638,30
130,cb76c9dc3ae475d3cc15b169,M30,1,12.61,12.2974243164,21
131,cb8f65e269eb26164eb899ea,M01,1,4.24,5.18065929413,10
131,cb8f65e269eb26164eb899ea,M02,1,5.72,6.40737390518,15
131,cb8f65e269eb26164eb899ea,M03,1,4.94,5.88437366486,21
131,cb8f65e269eb26164eb899ea,M04,1,4.57,5.37070131302,21
131,cb8f65e269eb26164eb899ea,M05,1,4.24,5.3229804039,21
131,cb8f65e269eb26164eb899ea,M06,1,6.28,7.6196436882,21
131,cb8f65e269eb26164eb899ea,M07,1,6.14,7.58737325668,30
131,cb8f65e269eb26164eb899ea,M08,1,7.71,9.6838684082,30
131,cb8f65e269eb26164eb899ea,M09,1,6.25,8.43598937988,30
131,cb8f65e269eb26164eb899ea,M10,1,9.15,11.2057952881,30
131,cb8f65e269eb26164eb899ea,M11,1,7.19,10.0629053116,30
131,cb8f65e269eb26164eb899ea,M12,1,8.87,11.8590908051,45
131,cb8f65e269eb26164eb899ea,M13,1,9.15,11.8869810104,60
131,cb8f65e269eb26164eb899ea,M14,1,7.34,9.56272315979,60
131,cb8f65e269eb26164eb899ea,M15,1,9.42,11.827044487,60
131,cb8f65e269eb26164eb899ea,M16,1,17.11,23.2920036316,100
131,cb8f65e269eb26164eb899ea,M17,1,2.62,3.79403758049,14
131,cb8f65e269eb26164eb899ea,M18,1,5.06,5.89070749283,21
131,cb8f65e269eb26164eb899ea,M19,1,4.43,5.14623975754,21
131,cb8f65e269eb26164eb899ea,M20,1,5.22,6.41342449188,20
131,cb8f65e269eb26164eb899ea,M21,1,4.4,4.88503837585,21
131,cb8f65e269eb26164eb899ea,M22,1,7.35,9.43989181519,45
131,cb8f65e269eb26164eb899ea,M23,1,6.31,7.63076400757,45
131,cb8f65e269eb26164eb899ea,M24,1,7.15,9.4859752655,45
131,cb8f65e269eb26164eb899ea,M25,1,6.82,9.7714548111,20
131,cb8f65e269eb26164eb899ea,M26,1,5.07,8.00826072693,20
131,cb8f65e269eb26164eb899ea,M27,1,7.13,9.96113204956,30
131,cb8f65e269eb26164eb899ea,M28,1,5.56,8.30315876007,30
131,cb8f65e269eb26164eb899ea,M29,1,6.94,9.73896980286,30
131,cb8f65e269eb26164eb899ea,M30,1,4.39,5.91150569916,21
132,76675cb970506f4cb7f9b3ef,M01,4,8.55,8.39995098114,10
132,76675cb970506f4cb7f9b3ef,M02,4,11.22,10.8922958374,15
132,76675cb970506f4cb7f9b3ef,M03,4,13.08,12.1725883484,21
132,76675cb970506f4cb7f9b3ef,M04,4,12.01,11.3298072815,21
132,76675cb970506f4cb7f9b3ef,M05,4,12.27,11.4068021774,21
132,76675cb970506f4cb7f9b3ef,M06,4,15.88,14.9746980667,21
132,76675cb970506f4cb7f9b3ef,M07,4,18.32,17.1319332123,30
132,76675cb970506f4cb7f9b3ef,M08,4,22.56,21.453453064,30
132,76675cb970506f4cb7f9b3ef,M09,4,21.08,20.0115871429,30
132,76675cb970506f4cb7f9b3ef,M10,4,24.13,22.9699840546,30
132,76675cb970506f4cb7f9b3ef,M11,4,23.24,22.3549728394,30
132,76675cb970506f4cb7f9b3ef,M12,4,33.07,30.6521720886,45
132,76675cb970506f4cb7f9b3ef,M13,4,34.67,31.5833301544,60
132,76675cb970506f4cb7f9b3ef,M14,4,31.36,28.6261234283,60
132,76675cb970506f4cb7f9b3ef,M15,4,35.32,32.1758270264,60
132,76675cb970506f4cb7f9b3ef,M16,4,63.82,61.0690956116,100
132,76675cb970506f4cb7f9b3ef,M17,4,8.81,8.40289783478,14
132,76675cb970506f4cb7f9b3ef,M18,4,12.4,11.6843366623,21
132,76675cb970506f4cb7f9b3ef,M19,4,12.19,10.7934303284,21
132,76675cb970506f4cb7f9b3ef,M20,4,13.89,13.0911874771,20
132,76675cb970506f4cb7f9b3ef,M21,4,11.08,10.2226009369,21
132,76675cb970506f4cb7f9b3ef,M22,4,29.02,25.5779132843,45
132,76675cb970506f4cb7f9b3ef,M23,4,25.24,22.160326004,45
132,76675cb970506f4cb7f9b3ef,M24,4,29.94,26.2070674896,45
132,76675cb970506f4cb7f9b3ef,M25,4,16.08,15.7628583908,20
132,76675cb970506f4cb7f9b3ef,M26,4,14.75,14.476099968,20
132,76675cb970506f4cb7f9b3ef,M27,4,20.35,19.3094673157,30
132,76675cb970506f4cb7f9b3ef,M28,4,18.47,17.1742458344,30
132,76675cb970506f4cb7f9b3ef,M29,4,20.41,19.3763866425,30
132,76675cb970506f4cb7f9b3ef,M30,4,13.13,12.3449201584,21
133,bcd4d25e30d0907c8a1680f0,M01,4,7.95,7.46185827255,10
133,bcd4d25e30d0907c8a1680f0,M02,4,10.59,9.76966285706,15
133,bcd4d25e30d0907c8a1680f0,M03,4,11.79,9.85041332245,21
133,bcd4d25e30d0907c8a1680f0,M04,4,10.74,9.25233650208,21
133,bcd4d25e30d0907c8a1680f0,M05,4,10.93,9.23491859436,21
133,bcd4d25e30d0907c8a1680f0,M06,4,14.54,12.6289787292,21
133,bcd4d25e30d0907c8a1680f0,M07,4,16.36,13.7236509323,30
133,bcd4d25e30d0907c8a1680f0,M08,4,20.71,17.3887424469,30
133,bcd4d25e30d0907c8a1680f0,M09,4,19.28,16.2603435516,30
133,bcd4d25e30d0907c8a1680f0,M10,4,22.34,19.0451526642,30
133,bcd4d25e30d0907c8a1680f0,M11,4,21.37,18.0374717712,30
133,bcd4d25e30d0907c8a1680f0,M12,4,29.95,24.9521942139,45
133,bcd4d25e30d0907c8a1680f0,M13,4,30.98,25.1781482697,60
133,bcd4d25e30d0907c8a1680f0,M14,4,27.48,22.0185775757,60
133,bcd4d25e30d0907c8a1680f0,M15,4,31.25,25.4493846893,60
133,bcd4d25e30d0907c8a1680f0,M16,4,59.82,55.3742828369,100
133,bcd4d25e30d0907c8a1680f0,M17,4,8.03,7.18400669098,14
133,bcd4d25e30d0907c8a1680f0,M18,4,11.08,9.69374275208,21
133,bcd4d25e30d0907c8a1680f0,M19,4,10.69,8.48378658295,21
133,bcd4d25e30d0907c8a1680f0,M20,4,11.99,10.6089744568,20
133,bcd4d25e30d0907c8a1680f0,M21,4,9.1,8.1266746521,21
133,bcd4d25e30d0907c8a1680f0,M22,4,23.18,18.9894199371,45
133,bcd4d25e30d0907c8a1680f0,M23,4,19.42,16.5650806427,45
133,bcd4d25e30d0907c8a1680f0,M24,4,23.82,19.3442707062,45
133,bcd4d25e30d0907c8a1680f0,M25,4,15.24,14.5237398148,20
133,bcd4d25e30d0907c8a1680f0,M26,4,13.96,13.1977119446,20
133,bcd4d25e30d0907c8a1680f0,M27,4,18.77,16.5420093536,30
133,bcd4d25e30d0907c8a1680f0,M28,4,16.83,14.8215084076,30
133,bcd4d25e30d0907c8a1680f0,M29,4,18.78,16.5982208252,30
133,bcd4d25e30d0907c8a1680f0,M30,4,11.85,10.066819191,21
134,a8b1cb2553507696b13260d8,M01,4,7.77,8.13474273682,10
134,a8b1cb2553507696b13260d8,M02,4,10.39,10.720659256,15
134,a8b1cb2553507696b13260d8,M03,4,11.57,11.7226829529,21
134,a8b1cb2553507696b13260d8,M04,4,10.75,11.0163259506,21
134,a8b1cb2553507696b13260d8,M05,4,10.84,11.0882129669,21
134,a8b1cb2553507696b13260d8,M06,4,14.25,14.7440671921,21
134,a8b1cb2553507696b13260d8,M07,4,16.09,16.6445465088,30
134,a8b1cb2553507696b13260d8,M08,4,20.44,20.5366210938,30
134,a8b1cb2553507696b13260d8,M09,4,19.23,19.1670227051,30
134,a8b1cb2553507696b13260d8,M10,4,21.97,22.0750675201,30
134,a8b1cb2553507696b13260d8,M11,4,21.19,21.3682861328,30
134,a8b1cb2553507696b13260d8,M12,4,29.69,30.3677654266,45
134,a8b1cb2553507696b13260d8,M13,4,30.56,31.0721626282,60
134,a8b1cb2553507696b13260d8,M14,4,27.32,27.2887458801,60
134,a8b1cb2553507696b13260d8,M15,4,30.77,31.2558383942,60
134,a8b1cb2553507696b13260d8,M16,4,59.4,60.7370529175,100
134,a8b1cb2553507696b13260d8,M17,4,8.05,8.22524166107,14
134,a8b1cb2553507696b13260d8,M18,4,11.2,11.3363780975,21
134,a8b1cb2553507696b13260d8,M19,4,9.88,10.3829545975,21
134,a8b1cb2553507696b13260d8,M20,4,12.04,12.5049190521,20
134,a8b1cb2553507696b13260d8,M21,4,9.26,9.68375396729,21
134,a8b1cb2553507696b13260d8,M22,4,23.22,23.1876888275,45
134,a8b1cb2553507696b13260d8,M23,4,19.93,19.9814929962,45
134,a8b1cb2553507696b13260d8,M24,4,23.95,23.485376358,45
134,a8b1cb2553507696b13260d8,M25,4,15.02,15.3628149033,20
134,a8b1cb2553507696b13260d8,M26,4,13.8,14.1274795532,20
134,a8b1cb2553507696b13260d8,M27,4,18.45,18.5923137665,30
134,a8b1cb2553507696b13260d8,M28,4,16.59,16.6736087799,30
134,a8b1cb2553507696b13260d8,M29,4,18.34,18.5318508148,30
134,a8b1cb2553507696b13260d8,M30,4,11.62,11.9764881134,21
135,2dbcd2c21100a96deb0fc79b,M01,0,7.74,7.28004693985,10
135,2dbcd2c21100a96deb0fc79b,M02,0,10.31,9.72495365143,15
135,2dbcd2c21100a96deb0fc79b,M03,0,11.32,9.99521923065,21
135,2dbcd2c21100a96deb0fc79b,M04,0,10.46,9.53614807129,21
135,2dbcd2c21100a96deb0fc79b,M05,0,10.57,9.48316383362,21
135,2dbcd2c21100a96deb0fc79b,M06,0,13.99,12.5989141464,21
135,2dbcd2c21100a96deb0fc79b,M07,0,15.68,14.1517963409,30
135,2dbcd2c21100a96deb0fc79b,M08,0,20.04,18.481962204,30
135,2dbcd2c21100a96deb0fc79b,M09,0,18.85,17.380607605,30
135,2dbcd2c21100a96deb0fc79b,M10,0,21.65,19.9951877594,30
135,2dbcd2c21100a96deb0fc79b,M11,0,20.88,19.0422878265,30
135,2dbcd2c21100a96deb0fc79b,M12,0,28.91,26.1105556488,45
135,2dbcd2c21100a96deb0fc79b,M13,0,29.56,26.181186676,60
135,2dbcd2c21100a96deb0fc79b,M14,0,26.07,22.8662433624,60
135,2dbcd2c21100a96deb0fc79b,M15,0,30.1,26.4411678314,60
135,2dbcd2c21100a96deb0fc79b,M16,0,58.24,52.5069046021,100
135,2dbcd2c21100a96deb0fc79b,M17,0,7.89,7.09916353226,14
135,2dbcd2c21100a96deb0fc79b,M18,0,10.96,9.9031047821,21
135,2dbcd2c21100a96deb0fc79b,M19,0,8.8,8.33791828156,21
135,2dbcd2c21100a96deb0fc79b,M20,0,10.92,10.4213600159,20
135,2dbcd2c21100a96deb0fc79b,M21,0,8.22,8.07789134979,21
135,2dbcd2c21100a96deb0fc79b,M22,0,19.73,19.8487682343,45
135,2dbcd2c21100a96deb0fc79b,M23,0,16.75,16.8089618683,45
135,2dbcd2c21100a96deb0fc79b,M24,0,20.34,20.432094574,45
135,2dbcd2c21100a96deb0fc79b,M25,0,14.9,14.0651025772,20
135,2dbcd2c21100a96deb0fc79b,M26,0,13.62,12.8001270294,20
135,2dbcd2c21100a96deb0fc79b,M27,0,18.11,16.8821525574,30
135,2dbcd2c21100a96deb0fc79b,M28,0,16.16,14.7351446152,30
135,2dbcd2c21100a96deb0fc79b,M29,0,18.15,16.8614997864,30
135,2dbcd2c21100a96deb0fc79b,M30,0,11.35,10.0926055908,21
137,4d08869f6c27483a6a997511,M01,3,6.74,7.25366020203,10
137,4d08869f6c27483a6a997511,M02,3,9.04,9.78929615021,15
137,4d08869f6c27483a6a997511,M03,3,8.9,10.0912399292,21
137,4d08869f6c27483a6a997511,M04,3,8.26,9.31584644318,21
137,4d08869f6c27483a6a997511,M05,3,8.12,9.38300323486,21
137,4d08869f6c27483a6a997511,M06,3,11.15,12.8798017502,21
137,4d08869f6c27483a6a997511,M07,3,12.04,14.4592695236,30
137,4d08869f6c27483a6a997511,M08,3,16.37,19.2402744293,30
137,4d08869f6c27483a6a997511,M09,3,15.42,17.7451782227,30
137,4d08869f6c27483a6a997511,M10,3,18,20.7515125275,30
137,4d08869f6c27483a6a997511,M11,3,17.16,19.7297725677,30
137,4d08869f6c27483a6a997511,M12,3,22.81,25.9349555969,45
137,4d08869f6c27483a6a997511,M13,3,22.06,26.1622524261,60
137,4d08869f6c27483a6a997511,M14,3,18.63,22.7952518463,60
137,4d08869f6c27483a6a997511,M15,3,22.19,26.370054245,60
137,4d08869f6c27483a6a997511,M16,3,49.2,54.6807746887,100
137,4d08869f6c27483a6a997511,M17,3,6.53,7.12127161026,14
137,4d08869f6c27483a6a997511,M18,3,8.88,9.79194831848,21
137,4d08869f6c27483a6a997511,M19,3,7.15,8.72135066986,21
137,4d08869f6c27483a6a997511,M20,3,9.5,10.4916553497,20
137,4d08869f6c27483a6a997511,M21,3,6.99,8.05223178864,21
137,4d08869f6c27483a6a997511,M22,3,15.76,20.1442584991,45
137,4d08869f6c27483a6a997511,M23,3,13.35,17.2944431305,45
137,4d08869f6c27483a6a997511,M24,3,16.09,20.3657894135,45
137,4d08869f6c27483a6a997511,M25,3,13.26,14.2450265884,20
137,4d08869f6c27483a6a997511,M26,3,11.93,12.9725418091,20
137,4d08869f6c27483a6a997511,M27,3,14.77,17.1073284149,30
137,4d08869f6c27483a6a997511,M28,3,12.74,15.229265213,30
137,4d08869f6c27483a6a997511,M29,3,14.68,17.0182476044,30
137,4d08869f6c27483a6a997511,M30,3,8.93,10.4459905624,21
138,fbb6ef4dd8eafc9c107d4009,M01,0,8.66,7.7412610054,10
138,fbb6ef4dd8eafc9c107d4009,M02,0,11.32,10.3924970627,15
138,fbb6ef4dd8eafc9c107d4009,M03,0,13.49,11.4144477844,21
138,fbb6ef4dd8eafc9c107d4009,M04,0,12.67,10.7035541534,21
138,fbb6ef4dd8eafc9c107d4009,M05,0,12.85,10.8531455994,21
138,fbb6ef4dd8eafc9c107d4009,M06,0,16.33,14.2225379944,21
138,fbb6ef4dd8eafc9c107d4009,M07,0,19.05,16.1596660614,30
138,fbb6ef4dd8eafc9c107d4009,M08,0,23.17,20.1637611389,30
138,fbb6ef4dd8eafc9c107d4009,M09,0,22.06,18.902141571,30
138,fbb6ef4dd8eafc9c107d4009,M10,0,24.61,21.5821590424,30
138,fbb6ef4dd8eafc9c107d4009,M11,0,23.94,21.1043930054,30
138,fbb6ef4dd8eafc9c107d4009,M12,0,34.37,30.3222389221,45
138,fbb6ef4dd8eafc9c107d4009,M13,0,36.42,31.4220733643,60
138,fbb6ef4dd8eafc9c107d4009,M14,0,33.55,28.4807224274,60
138,fbb6ef4dd8eafc9c107d4009,M15,0,36.6,31.5839080811,60
138,fbb6ef4dd8eafc9c107d4009,M16,0,65.77,58.4192352295,100
138,fbb6ef4dd8eafc9c107d4009,M17,0,9.09,7.90670871735,14
138,fbb6ef4dd8eafc9c107d4009,M18,0,12.97,11.040594101,21
138,fbb6ef4dd8eafc9c107d4009,M19,0,12.28,10.2719192505,21
138,fbb6ef4dd8eafc9c107d4009,M20,0,13.91,12.4825878143,20
138,fbb6ef4dd8eafc9c107d4009,M21,0,11.32,9.67524433136,21
138,fbb6ef4dd8eafc9c107d4009,M22,0,29.16,24.9033985138,45
138,fbb6ef4dd8eafc9c107d4009,M23,0,25.5,22.1628684998,45
138,fbb6ef4dd8eafc9c107d4009,M24,0,29.94,25.3623180389,45
138,fbb6ef4dd8eafc9c107d4009,M25,0,16.27,15.308013916,20
138,fbb6ef4dd8eafc9c107d4009,M26,0,15.01,13.8908729553,20
138,fbb6ef4dd8eafc9c107d4009,M27,0,20.92,18.560585022,30
138,fbb6ef4dd8eafc9c107d4009,M28,0,19.21,16.9914970398,30
138,fbb6ef4dd8eafc9c107d4009,M29,0,20.72,18.4482212067,30
138,fbb6ef4dd8eafc9c107d4009,M30,0,13.55,11.5840806961,21
139,2cf7f8352a953b94c74c8f49,M01,1,5,5.60220336914,10
139,2cf7f8352a953b94c74c8f49,M02,1,6.54,7.22075128555,15
139,2cf7f8352a953b94c74c8f49,M03,1,5.6,6.41168642044,21
139,2cf7f8352a953b94c74c8f49,M04,1,5.31,5.90822124481,21
139,2cf7f8352a953b94c74c8f49,M05,1,5.21,5.85500621796,21
139,2cf7f8352a953b94c74c8f49,M06,1,7.1,7.92381429672,21
139,2cf7f8352a953b94c74c8f49,M07,1,7.18,8.07060432434,30
139,2cf7f8352a953b94c74c8f49,M08,1,9.39,11.4398965836,30
139,2cf7f8352a953b94c74c8f49,M09,1,8.44,10.1521959305,30
139,2cf7f8352a953b94c74c8f49,M10,1,11.02,12.803229332,30
139,2cf7f8352a953b94c74c8f49,M11,1,10.09,11.6972885132,30
139,2cf7f8352a953b94c74c8f49,M12,1,11.43,14.0759468079,45
139,2cf7f8352a953b94c74c8f49,M13,1,11.49,13.7607145309,60
139,2cf7f8352a953b94c74c8f49,M14,1,8.89,11.3480806351,60
139,2cf7f8352a953b94c74c8f49,M15,1,11.4,13.7767801285,60
139,2cf7f8352a953b94c74c8f49,M16,1,21.41,29.1948814392,100
139,2cf7f8352a953b94c74c8f49,M17,1,3.82,4.52815914154,14
139,2cf7f8352a953b94c74c8f49,M18,1,5.76,6.58131361008,21
139,2cf7f8352a953b94c74c8f49,M19,1,5.31,5.74945497513,21
139,2cf7f8352a953b94c74c8f49,M20,1,6.99,7.59412193298,20
139,2cf7f8352a953b94c74c8f49,M21,1,5.3,5.80708885193,21
139,2cf7f8352a953b94c74c8f49,M22,1,10.69,11.354511261,45
139,2cf7f8352a953b94c74c8f49,M23,1,8.73,9.6969165802,45
139,2cf7f8352a953b94c74c8f49,M24,1,10.79,11.5165510178,45
139,2cf7f8352a953b94c74c8f49,M25,1,7.99,9.23957920074,20
139,2cf7f8352a953b94c74c8f49,M26,1,5.75,7.81182813644,20
139,2cf7f8352a953b94c74c8f49,M27,1,8.02,9.88486194611,30
139,2cf7f8352a953b94c74c8f49,M28,1,6.6,8.5293674469,30
139,2cf7f8352a953b94c74c8f49,M29,1,7.65,9.73363018036,30
139,2cf7f8352a953b94c74c8f49,M30,1,4.18,6.14359426498,21
140,4dc9a1238a5c5e15ddab6051,M01,3,5.49,4.42700862885,10
140,4dc9a1238a5c5e15ddab6051,M02,3,7.35,5.63315963745,15
140,4dc9a1238a5c5e15ddab6051,M03,3,6.36,5.07799768448,21
140,4dc9a1238a5c5e15ddab6051,M04,3,5.94,4.78427457809,21
140,4dc9a1238a5c5e15ddab6051,M05,3,5.78,4.69029045105,21
140,4dc9a1238a5c5e15ddab6051,M06,3,8.05,6.43893623352,21
140,4dc9a1238a5c5e15ddab6051,M07,3,8.32,6.30326795578,30
140,4dc9a1238a5c5e15ddab6051,M08,3,11.66,7.88648319244,30
140,4dc9a1238a5c5e15ddab6051,M09,3,10.68,6.73094654083,30
140,4dc9a1238a5c5e15ddab6051,M10,3,13.3,9.59709262848,30
140,4dc9a1238a5c5e15ddab6051,M11,3,12.41,8.38193511963,30
140,4dc9a1238a5c5e15ddab6051,M12,3,15.09,9.53481960297,45
140,4dc9a1238a5c5e15ddab6051,M13,3,14.27,9.7069683075,60
140,4dc9a1238a5c5e15ddab6051,M14,3,11.65,7.51934623718,60
140,4dc9a1238a5c5e15ddab6051,M15,3,14.24,9.63695144653,60
140,4dc9a1238a5c5e15ddab6051,M16,3,30.66,17.1647148132,100
140,4dc9a1238a5c5e15ddab6051,M17,3,4.6,3.28811264038,14
140,4dc9a1238a5c5e15ddab6051,M18,3,6.49,5.40385293961,21
140,4dc9a1238a5c5e15ddab6051,M19,3,5.72,4.59130716324,21
140,4dc9a1238a5c5e15ddab6051,M20,3,7.83,5.67693805695,20
140,4dc9a1238a5c5e15ddab6051,M21,3,5.68,4.79083681107,21
140,4dc9a1238a5c5e15ddab6051,M22,3,12.14,8.51679992676,45
140,4dc9a1238a5c5e15ddab6051,M23,3,10.22,6.84872627258,45
140,4dc9a1238a5c5e15ddab6051,M24,3,12.28,8.63769435883,45
140,4dc9a1238a5c5e15ddab6051,M25,3,9.9,7.48787641525,20
140,4dc9a1238a5c5e15ddab6051,M26,3,7.94,5.85108327866,20
140,4dc9a1238a5c5e15ddab6051,M27,3,9.63,7.90939474106,30
140,4dc9a1238a5c5e15ddab6051,M28,3,8,6.31782674789,30
140,4dc9a1238a5c5e15ddab6051,M29,3,9.11,7.67857694626,30
140,4dc9a1238a5c5e15ddab6051,M30,3,5.29,4.73512172699,21
141,0d0b0a46ce9ecd81eed45455,M01,4,7.74,8.43819332123,10
141,0d0b0a46ce9ecd81eed45455,M02,4,10.31,11.0578956604,15
141,0d0b0a46ce9ecd81eed45455,M03,4,11.3,12.0025205612,21
141,0d0b0a46ce9ecd81eed45455,M04,4,10.4,11.3006696701,21
141,0d0b0a46ce9ecd81eed45455,M05,4,10.49,11.4998455048,21
141,0d0b0a46ce9ecd81eed45455,M06,4,13.99,15.0228738785,21
141,0d0b0a46ce9ecd81eed45455,M07,4,15.65,16.8746852875,30
141,0d0b0a46ce9ecd81eed45455,M08,4,20.02,21.6865730286,30
141,0d0b0a46ce9ecd81eed45455,M09,4,18.78,20.2766227722,30
141,0d0b0a46ce9ecd81eed45455,M10,4,21.61,23.2150726318,30
141,0d0b0a46ce9ecd81eed45455,M11,4,20.7,22.608959198,30
141,0d0b0a46ce9ecd81eed45455,M12,4,28.9,31.0122070312,45
141,0d0b0a46ce9ecd81eed45455,M13,4,29.67,32.5238189697,60
141,0d0b0a46ce9ecd81eed45455,M14,4,26.17,28.8924236298,60
141,0d0b0a46ce9ecd81eed45455,M15,4,29.78,32.6444396973,60
141,0d0b0a46ce9ecd81eed45455,M16,4,58.37,61.7148399353,100
141,0d0b0a46ce9ecd81eed45455,M17,4,7.87,8.30675506592,14
141,0d0b0a46ce9ecd81eed45455,M18,4,10.92,11.4454307556,21
141,0d0b0a46ce9ecd81eed45455,M19,4,9.45,10.7323999405,21
141,0d0b0a46ce9ecd81eed45455,M20,4,11.64,12.0655040741,20
141,0d0b0a46ce9ecd81eed45455,M21,4,8.78,9.36862945557,21
141,0d0b0a46ce9ecd81eed45455,M22,4,21.89,23.7683601379,45
141,0d0b0a46ce9ecd81eed45455,M23,4,18.59,21.1118488312,45
141,0d0b0a46ce9ecd81eed45455,M24,4,22.42,24.0652389526,45
141,0d0b0a46ce9ecd81eed45455,M25,4,14.9,15.7853078842,20
141,0d0b0a46ce9ecd81eed45455,M26,4,13.62,14.5409660339,20
141,0d0b0a46ce9ecd81eed45455,M27,4,18.13,19.5003089905,30
141,0d0b0a46ce9ecd81eed45455,M28,4,16.2,17.7338657379,30
141,0d0b0a46ce9ecd81eed45455,M29,4,18.02,19.3878097534,30
141,0d0b0a46ce9ecd81eed45455,M30,4,11.35,12.4800853729,21
143,8911f3588631f37c7617db17,M01,2,8.41,8.6507358551,10
143,8911f3588631f37c7617db17,M02,2,11.06,11.2715272903,15
143,8911f3588631f37c7617db17,M03,2,12.93,12.8281259537,21
143,8911f3588631f37c7617db17,M04,2,11.72,12.154999733,21
143,8911f3588631f37c7617db17,M05,2,12.03,12.2050971985,21
143,8911f3588631f37c7617db17,M06,2,15.68,15.7365560532,21
143,8911f3588631f37c7617db17,M07,2,18.02,18.1954936981,30
143,8911f3588631f37c7617db17,M08,2,22.34,22.2287731171,30
143,8911f3588631f37c7617db17,M09,2,20.67,21.0580158234,30
143,8911f3588631f37c7617db17,M10,2,23.76,23.8737125397,30
143,8911f3588631f37c7617db17,M11,2,22.82,23.2166976929,30
143,8911f3588631f37c7617db17,M12,2,32.46,32.8520050049,45
143,8911f3588631f37c7617db17,M13,2,34.12,34.0751876831,60
143,8911f3588631f37c7617db17,M14,2,31.03,30.7987346649,60
143,8911f3588631f37c7617db17,M15,2,34.26,34.5573043823,60
143,8911f3588631f37c7617db17,M16,2,63.34,63.5105323792,100
143,8911f3588631f37c7617db17,M17,2,8.75,8.85799121857,14
143,8911f3588631f37c7617db17,M18,2,12.58,12.5464334488,21
143,8911f3588631f37c7617db17,M19,2,11.59,11.3756599426,21
143,8911f3588631f37c7617db17,M20,2,14.21,13.4010400772,20
143,8911f3588631f37c7617db17,M21,2,10.6,10.5976047516,21
143,8911f3588631f37c7617db17,M22,2,27.74,27.418340683,45
143,8911f3588631f37c7617db17,M23,2,24.03,24.1845874786,45
143,8911f3588631f37c7617db17,M24,2,28.2,28.3100566864,45
143,8911f3588631f37c7617db17,M25,2,15.9,15.9841117859,20
143,8911f3588631f37c7617db17,M26,2,14.62,14.8502893448,20
143,8911f3588631f37c7617db17,M27,2,20.05,19.9715976715,30
143,8911f3588631f37c7617db17,M28,2,18.26,18.3553638458,30
143,8911f3588631f37c7617db17,M29,2,19.94,20.0364093781,30
143,8911f3588631f37c7617db17,M30,2,13.07,12.8455228806,21
144,2c5d43f76182fb5235fb9b35,M01,3,8.18,8.30324554443,10
144,2c5d43f76182fb5235fb9b35,M02,3,10.78,10.765583992,15
144,2c5d43f76182fb5235fb9b35,M03,3,12.23,12.020318985,21
144,2c5d43f76182fb5235fb9b35,M04,3,11.27,11.1868333817,21
144,2c5d43f76182fb5235fb9b35,M05,3,11.45,11.3078670502,21
144,2c5d43f76182fb5235fb9b35,M06,3,15.1,14.7924871445,21
144,2c5d43f76182fb5235fb9b35,M07,3,17.04,16.6778736115,30
144,2c5d43f76182fb5235fb9b35,M08,3,21.36,21.120136261,30
144,2c5d43f76182fb5235fb9b35,M09,3,20.04,19.6955814362,30
144,2c5d43f76182fb5235fb9b35,M10,3,22.94,22.6453514099,30
144,2c5d43f76182fb5235fb9b35,M11,3,22.07,21.8686065674,30
144,2c5d43f76182fb5235fb9b35,M12,3,31.05,31.4217967987,45
144,2c5d43f76182fb5235fb9b35,M13,3,32.57,32.5073280334,60
144,2c5d43f76182fb5235fb9b35,M14,3,29.1,28.8896102905,60
144,2c5d43f76182fb5235fb9b35,M15,3,32.58,32.8779373169,60
144,2c5d43f76182fb5235fb9b35,M16,3,61.59,61.8606491089,100
144,2c5d43f76182fb5235fb9b35,M17,3,8.39,8.38882541656,14
144,2c5d43f76182fb5235fb9b35,M18,3,11.7,11.5934486389,21
144,2c5d43f76182fb5235fb9b35,M19,3,10.8,10.5738229752,21
144,2c5d43f76182fb5235fb9b35,M20,3,12.8,12.443564415,20
144,2c5d43f76182fb5235fb9b35,M21,3,9.9,9.73478603363,21
144,2c5d43f76182fb5235fb9b35,M22,3,25.48,25.1543769836,45
144,2c5d43f76182fb5235fb9b35,M23,3,21.78,22.079788208,45
144,2c5d43f76182fb5235fb9b35,M24,3,26.02,25.7687091827,45
144,2c5d43f76182fb5235fb9b35,M25,3,15.57,15.4804039001,20
144,2c5d43f76182fb5235fb9b35,M26,3,14.28,14.1224746704,20
144,2c5d43f76182fb5235fb9b35,M27,3,19.43,18.7989044189,30
144,2c5d43f76182fb5235fb9b35,M28,3,17.52,17.0043964386,30
144,2c5d43f76182fb5235fb9b35,M29,3,19.28,18.7208042145,30
144,2c5d43f76182fb5235fb9b35,M30,3,12.28,12.1690406799,21
145,b059278e30a9ae7d8bf4fd90,M01,2,6.2,6.52316331863,10
145,b059278e30a9ae7d8bf4fd90,M02,2,8.26,8.32313632965,15
145,b059278e30a9ae7d8bf4fd90,M03,2,7.58,7.7402639389,21
145,b059278e30a9ae7d8bf4fd90,M04,2,6.82,7.08598089218,21
145,b059278e30a9ae7d8bf4fd90,M05,2,6.71,7.01042985916,21
145,b059278e30a9ae7d8bf4fd90,M06,2,9.62,9.80032157898,21
145,b059278e30a9ae7d8bf4fd90,M07,2,10.09,10.4804878235,30
145,b059278e30a9ae7d8bf4fd90,M08,2,14.2,14.8251037598,30
145,b059278e30a9ae7d8bf4fd90,M09,2,12.9,13.464343071,30
145,b059278e30a9ae7d8bf4fd90,M10,2,15.77,16.4401664734,30
145,b059278e30a9ae7d8bf4fd90,M11,2,14.7,15.1524467468,30
145,b059278e30a9ae7d8bf4fd90,M12,2,19.29,19.065612793,45
145,b059278e30a9ae7d8bf4fd90,M13,2,18.14,18.4677791595,60
145,b059278e30a9ae7d8bf4fd90,M14,2,15.09,14.6424283981,60
145,b059278e30a9ae7d8bf4fd90,M15,2,17.93,18.6354808807,60
145,b059278e30a9ae7d8bf4fd90,M16,2,42.23,42.7461967468,100
145,b059278e30a9ae7d8bf4fd90,M17,2,5.46,5.83216714859,14
145,b059278e30a9ae7d8bf4fd90,M18,2,7.44,7.58621025085,21
145,b059278e30a9ae7d8bf4fd90,M19,2,6.16,6.58879566193,21
145,b059278e30a9ae7d8bf4fd90,M20,2,8.45,8.689494133,20
145,b059278e30a9ae7d8bf4fd90,M21,2,5.99,6.24908065796,21
145,b059278e30a9ae7d8bf4fd90,M22,2,13.22,14.3669929504,45
145,b059278e30a9ae7d8bf4fd90,M23,2,11.27,11.9942092896,45
145,b059278e30a9ae7d8bf4fd90,M24,2,13.3,14.5674314499,45
145,b059278e30a9ae7d8bf4fd90,M25,2,12.31,12.5323734283,20
145,b059278e30a9ae7d8bf4fd90,M26,2,10.92,10.9256563187,20
145,b059278e30a9ae7d8bf4fd90,M27,2,12.89,13.0435304642,30
145,b059278e30a9ae7d8bf4fd90,M28,2,10.89,11.0652217865,30
145,b059278e30a9ae7d8bf4fd90,M29,2,12.52,12.9330186844,30
145,b059278e30a9ae7d8bf4fd90,M30,2,7.62,7.9489235878,21
146,58130070690af2c368385354,M01,0,3.76,4.70654201508,10
146,58130070690af2c368385354,M02,0,3.74,5.82793998718,15
146,58130070690af2c368385354,M03,0,4.24,5.27836179733,21
146,58130070690af2c368385354,M04,0,3.64,4.88342952728,21
146,58130070690af2c368385354,M05,0,3.56,4.80963182449,21
146,58130070690af2c368385354,M06,0,5.5,6.91986036301,21
146,58130070690af2c368385354,M07,0,4.56,6.66884231567,30
146,58130070690af2c368385354,M08,0,3.74,8.38190460205,30
146,58130070690af2c368385354,M09,0,2.55,7.2720489502,30
146,58130070690af2c368385354,M10,0,5.1,9.62801933289,30
146,58130070690af2c368385354,M11,0,3.92,8.92198848724,30
146,58130070690af2c368385354,M12,0,3.77,9.10974216461,45
146,58130070690af2c368385354,M13,0,5.35,9.46641921997,60
146,58130070690af2c368385354,M14,0,2.51,7.95329618454,60
146,58130070690af2c368385354,M15,0,5.69,9.55290794373,60
146,58130070690af2c368385354,M16,0,6.07,14.589723587,100
146,58130070690af2c368385354,M17,0,1.93,3.62828588486,14
146,58130070690af2c368385354,M18,0,4.6,5.47173547745,21
146,58130070690af2c368385354,M19,0,3.71,4.64285612106,21
146,58130070690af2c368385354,M20,0,4.7,5.90598917007,20
146,58130070690af2c368385354,M21,0,4.2,4.61163139343,21
146,58130070690af2c368385354,M22,0,5.51,8.3946018219,45
146,58130070690af2c368385354,M23,0,2.96,6.90018320084,45
146,58130070690af2c368385354,M24,0,5.64,8.35245132446,45
146,58130070690af2c368385354,M25,0,6.02,9.64897251129,20
146,58130070690af2c368385354,M26,0,4.28,7.86567878723,20
146,58130070690af2c368385354,M27,0,6.57,9.33936691284,30
146,58130070690af2c368385354,M28,0,4.96,7.69751834869,30
146,58130070690af2c368385354,M29,0,6.48,9.30404663086,30
146,58130070690af2c368385354,M30,0,4.25,5.48520517349,21
147,1d7746b0a53dab9391e34d68,M01,4,7.83,7.71831274033,10
147,1d7746b0a53dab9391e34d68,M02,4,10.45,10.3185691833,15
147,1d7746b0a53dab9391e34d68,M03,4,11.66,10.9573984146,21
147,1d7746b0a53dab9391e34d68,M04,4,10.73,10.3797464371,21
147,1d7746b0a53dab9391e34d68,M05,4,10.84,10.3739080429,21
147,1d7746b0a53dab9391e34d68,M06,4,14.28,13.4877958298,21
147,1d7746b0a53dab9391e34d68,M07,4,16.23,15.1086807251,30
147,1d7746b0a53dab9391e34d68,M08,4,20.57,19.8991947174,30
147,1d7746b0a53dab9391e34d68,M09,4,19.27,18.7033996582,30
147,1d7746b0a53dab9391e34d68,M10,4,22.11,21.1660442352,30
147,1d7746b0a53dab9391e34d68,M11,4,21.24,20.4944343567,30
147,1d7746b0a53dab9391e34d68,M12,4,29.88,29.0214309692,45
147,1d7746b0a53dab9391e34d68,M13,4,30.65,29.0606689453,60
147,1d7746b0a53dab9391e34d68,M14,4,27.34,24.931634903,60
147,1d7746b0a53dab9391e34d68,M15,4,31.03,29.2349205017,60
147,1d7746b0a53dab9391e34d68,M16,4,59.54,59.0435028076,100
147,1d7746b0a53dab9391e34d68,M17,4,8.03,7.83164596558,14
147,1d7746b0a53dab9391e34d68,M18,4,11.21,10.8072290421,21
147,1d7746b0a53dab9391e34d68,M19,4,10.53,9.47066497803,21
147,1d7746b0a53dab9391e34d68,M20,4,12.61,11.8211984634,20
147,1d7746b0a53dab9391e34d68,M21,4,9.85,9.1328125,21
147,1d7746b0a53dab9391e34d68,M22,4,25.08,21.9761047363,45
147,1d7746b0a53dab9391e34d68,M23,4,21.77,18.7134552002,45
147,1d7746b0a53dab9391e34d68,M24,4,25.64,22.3515262604,45
147,1d7746b0a53dab9391e34d68,M25,4,15.04,14.6346187592,20
147,1d7746b0a53dab9391e34d68,M26,4,13.82,13.4480056763,20
147,1d7746b0a53dab9391e34d68,M27,4,18.49,17.4925613403,30
147,1d7746b0a53dab9391e34d68,M28,4,16.64,15.721950531,30
147,1d7746b0a53dab9391e34d68,M29,4,18.51,17.4229450226,30
147,1d7746b0a53dab9391e34d68,M30,4,11.7,11.2546653748,21
148,1b9952df1d11d663488fce0b,M01,2,7.35,7.49217987061,10
148,1b9952df1d11d663488fce0b,M02,2,9.84,10.0395212173,15
148,1b9952df1d11d663488fce0b,M03,2,10.4,10.1141891479,21
148,1b9952df1d11d663488fce0b,M04,2,9.58,9.47748947144,21
148,1b9952df1d11d663488fce0b,M05,2,9.6,9.44551563263,21
148,1b9952df1d11d663488fce0b,M06,2,12.95,12.6870746613,21
148,1b9952df1d11d663488fce0b,M07,2,14.31,14.0402536392,30
148,1b9952df1d11d663488fce0b,M08,2,18.7,18.4407939911,30
148,1b9952df1d11d663488fce0b,M09,2,17.56,17.2843742371,30
148,1b9952df1d11d663488fce0b,M10,2,20.3,20.1249046326,30
148,1b9952df1d11d663488fce0b,M11,2,19.49,18.9954032898,30
148,1b9952df1d11d663488fce0b,M12,2,26.72,26.9153671265,45
148,1b9952df1d11d663488fce0b,M13,2,26.91,26.9454879761,60
148,1b9952df1d11d663488fce0b,M14,2,23.41,23.3192386627,60
148,1b9952df1d11d663488fce0b,M15,2,27.11,27.0074176788,60
148,1b9952df1d11d663488fce0b,M16,2,55.33,52.9724388123,100
148,1b9952df1d11d663488fce0b,M17,2,7.35,7.45471763611,14
148,1b9952df1d11d663488fce0b,M18,2,10.15,9.87984657288,21
148,1b9952df1d11d663488fce0b,M19,2,9,8.53022480011,21
148,1b9952df1d11d663488fce0b,M20,2,11.32,10.5993251801,20
148,1b9952df1d11d663488fce0b,M21,2,8.54,8.22410583496,21
148,1b9952df1d11d663488fce0b,M22,2,21.01,19.0690326691,45
148,1b9952df1d11d663488fce0b,M23,2,17.89,16.2647247314,45
148,1b9952df1d11d663488fce0b,M24,2,21.52,19.2262916565,45
148,1b9952df1d11d663488fce0b,M25,2,14.29,14.2116174698,20
148,1b9952df1d11d663488fce0b,M26,2,13.01,12.8822288513,20
148,1b9952df1d11d663488fce0b,M27,2,16.91,17.0335388184,30
148,1b9952df1d11d663488fce0b,M28,2,14.95,14.9000053406,30
148,1b9952df1d11d663488fce0b,M29,2,16.84,16.7385501862,30
148,1b9952df1d11d663488fce0b,M30,2,10.44,10.2032413483,21
149,a93b32339ed8311dd7a541ef,M01,2,7.69,7.07021093369,10
149,a93b32339ed8311dd7a541ef,M02,2,10.27,9.64347076416,15
149,a93b32339ed8311dd7a541ef,M03,2,11.22,9.93885231018,21
149,a93b32339ed8311dd7a541ef,M04,2,10.24,9.35970020294,21
149,a93b32339ed8311dd7a541ef,M05,2,10.39,9.37146949768,21
149,a93b32339ed8311dd7a541ef,M06,2,13.81,12.8428735733,21
149,a93b32339ed8311dd7a541ef,M07,2,15.5,14.0231132507,30
149,a93b32339ed8311dd7a541ef,M08,2,19.88,18.4068889618,30
149,a93b32339ed8311dd7a541ef,M09,2,18.5,17.1243057251,30
149,a93b32339ed8311dd7a541ef,M10,2,21.51,19.9969959259,30
149,a93b32339ed8311dd7a541ef,M11,2,20.56,18.9120311737,30
149,a93b32339ed8311dd7a541ef,M12,2,28.59,25.5149173737,45
149,a93b32339ed8311dd7a541ef,M13,2,29.09,25.7470588684,60
149,a93b32339ed8311dd7a541ef,M14,2,25.6,22.3346195221,60
149,a93b32339ed8311dd7a541ef,M15,2,29.51,25.9971942902,60
149,a93b32339ed8311dd7a541ef,M16,2,57.72,55.4793128967,100
149,a93b32339ed8311dd7a541ef,M17,2,7.79,7.04893350601,14
149,a93b32339ed8311dd7a541ef,M18,2,10.77,9.69313335419,21
149,a93b32339ed8311dd7a541ef,M19,2,9.6,8.27075195312,21
149,a93b32339ed8311dd7a541ef,M20,2,11.82,10.3903131485,20
149,a93b32339ed8311dd7a541ef,M21,2,9.04,7.82371997833,21
149,a93b32339ed8311dd7a541ef,M22,2,22.58,19.7411785126,45
149,a93b32339ed8311dd7a541ef,M23,2,19.38,17.2663230896,45
149,a93b32339ed8311dd7a541ef,M24,2,23.1,20.2529621124,45
149,a93b32339ed8311dd7a541ef,M25,2,14.81,13.9748249054,20
149,a93b32339ed8311dd7a541ef,M26,2,13.53,12.6462211609,20
149,a93b32339ed8311dd7a541ef,M27,2,17.89,16.7687911987,30
149,a93b32339ed8311dd7a541ef,M28,2,15.94,14.8831377029,30
149,a93b32339ed8311dd7a541ef,M29,2,17.95,16.8338832855,30
149,a93b32339ed8311dd7a541ef,M30,2,11.26,10.0072402954,21
150,47a0e982a5cc29d0694317d1,M01,1,6.41,6.33766746521,10
150,47a0e982a5cc29d0694317d1,M02,1,8.91,8.99864387512,15
150,47a0e982a5cc29d0694317d1,M03,1,8.73,8.77005195618,21
150,47a0e982a5cc29d0694317d1,M04,1,8.09,8.12301921844,21
150,47a0e982a5cc29d0694317d1,M05,1,7.8,7.90345335007,21
150,47a0e982a5cc29d0694317d1,M06,1,10.41,10.8941993713,21
150,47a0e982a5cc29d0694317d1,M07,1,11.81,12.2784023285,30
150,47a0e982a5cc29d0694317d1,M08,1,16.04,16.6017303467,30
150,47a0e982a5cc29d0694317d1,M09,1,14.96,15.5810565948,30
150,47a0e982a5cc29d0694317d1,M10,1,17.74,18.2742385864,30
150,47a0e982a5cc29d0694317d1,M11,1,16.66,16.9996337891,30
150,47a0e982a5cc29d0694317d1,M12,1,22.21,21.5635128021,45
150,47a0e982a5cc29d0694317d1,M13,1,20.15,20.3303165436,60
150,47a0e982a5cc29d0694317d1,M14,1,16.91,17.1357345581,60
150,47a0e982a5cc29d0694317d1,M15,1,21.69,21.1784858704,60
150,47a0e982a5cc29d0694317d1,M16,1,45.47,42.1081199646,100
150,47a0e982a5cc29d0694317d1,M17,1,6.41,6.45869016647,14
150,47a0e982a5cc29d0694317d1,M18,1,8.78,8.63908004761,21
150,47a0e982a5cc29d0694317d1,M19,1,5.99,6.51074123383,21
150,47a0e982a5cc29d0694317d1,M20,1,8.64,8.96466827393,20
150,47a0e982a5cc29d0694317d1,M21,1,6.19,6.46555900574,21
150,47a0e982a5cc29d0694317d1,M22,1,13.6,14.7823038101,45
150,47a0e982a5cc29d0694317d1,M23,1,11.29,11.8635559082,45
150,47a0e982a5cc29d0694317d1,M24,1,14.92,15.9837284088,45
150,47a0e982a5cc29d0694317d1,M25,1,12.6,12.5547580719,20
150,47a0e982a5cc29d0694317d1,M26,1,11.34,11.2513561249,20
150,47a0e982a5cc29d0694317d1,M27,1,13.63,14.2398357391,30
150,47a0e982a5cc29d0694317d1,M28,1,11.7,12.0233163834,30
150,47a0e982a5cc29d0694317d1,M29,1,14.2,14.5804634094,30
150,47a0e982a5cc29d0694317d1,M30,1,8.17,8.64627170563,21
151,6b4c549deadd4454deb332d3,M01,1,6.08,5.99275064468,10
151,6b4c549deadd4454deb332d3,M02,1,8.06,8.15480899811,15
151,6b4c549deadd4454deb332d3,M03,1,7.27,7.40245199203,21
151,6b4c549deadd4454deb332d3,M04,1,6.55,6.78675270081,21
151,6b4c549deadd4454deb332d3,M05,1,6.43,6.73063325882,21
151,6b4c549deadd4454deb332d3,M06,1,9.26,9.731133461,21
151,6b4c549deadd4454deb332d3,M07,1,9.63,9.81218242645,30
151,6b4c549deadd4454deb332d3,M08,1,13.63,13.7671575546,30
151,6b4c549deadd4454deb332d3,M09,1,12.33,12.4999427795,30
151,6b4c549deadd4454deb332d3,M10,1,15.19,15.4755277634,30
151,6b4c549deadd4454deb332d3,M11,1,14.1,14.2440633774,30
151,6b4c549deadd4454deb332d3,M12,1,18.37,17.908744812,45
151,6b4c549deadd4454deb332d3,M13,1,17.19,17.53191185,60
151,6b4c549deadd4454deb332d3,M14,1,14.24,14.438990593,60
151,6b4c549deadd4454deb332d3,M15,1,16.91,17.4217243195,60
151,6b4c549deadd4454deb332d3,M16,1,39.71,41.2841415405,100
151,6b4c549deadd4454deb332d3,M17,1,5.24,5.29659223557,14
151,6b4c549deadd4454deb332d3,M18,1,7.15,7.24379777908,21
151,6b4c549deadd4454deb332d3,M19,1,5.92,5.95448589325,21
151,6b4c549deadd4454deb332d3,M20,1,8.12,8.10628890991,20
151,6b4c549deadd4454deb332d3,M21,1,5.75,5.66388034821,21
151,6b4c549deadd4454deb332d3,M22,1,12.55,13.0654993057,45
151,6b4c549deadd4454deb332d3,M23,1,10.67,10.891907692,45
151,6b4c549deadd4454deb332d3,M24,1,12.51,13.0879793167,45
151,6b4c549deadd4454deb332d3,M25,1,12.05,12.4795064926,20
151,6b4c549deadd4454deb332d3,M26,1,10.61,10.7979097366,20
151,6b4c549deadd4454deb332d3,M27,1,12.41,12.4648122787,30
151,6b4c549deadd4454deb332d3,M28,1,10.41,10.7866287231,30
151,6b4c549deadd4454deb332d3,M29,1,12.01,12.3433694839,30
151,6b4c549deadd4454deb332d3,M30,1,7.3,7.49190807343,21
152,bc994c242eeac5db55f81cd1,M01,0,5.29,5.92757129669,10
152,bc994c242eeac5db55f81cd1,M02,0,7.08,7.92796945572,15
152,bc994c242eeac5db55f81cd1,M03,0,6.06,7.36762332916,21
152,bc994c242eeac5db55f81cd1,M04,0,5.69,6.83852767944,21
152,bc994c242eeac5db55f81cd1,M05,0,5.53,6.80283403397,21
152,bc994c242eeac5db55f81cd1,M06,0,7.67,9.7511882782,21
152,bc994c242eeac5db55f81cd1,M07,0,7.87,10.4682302475,30
152,bc994c242eeac5db55f81cd1,M08,0,10.98,14.0939273834,30
152,bc994c242eeac5db55f81cd1,M09,0,9.95,12.7377538681,30
152,bc994c242eeac5db55f81cd1,M10,0,12.57,15.5499315262,30
152,bc994c242eeac5db55f81cd1,M11,0,11.63,14.2489900589,30
152,bc994c242eeac5db55f81cd1,M12,0,14,18.3609333038,45
152,bc994c242eeac5db55f81cd1,M13,0,13.4,18.0036220551,60
152,bc994c242eeac5db55f81cd1,M14,0,10.83,14.5657987595,60
152,bc994c242eeac5db55f81cd1,M15,0,13.26,18.2181377411,60
152,bc994c242eeac5db55f81cd1,M16,0,27.98,41.059463501,100
152,bc994c242eeac5db55f81cd1,M17,0,4.33,5.4692568779,14
152,bc994c242eeac5db55f81cd1,M18,0,6.21,7.33398485184,21
152,bc994c242eeac5db55f81cd1,M19,0,5.77,6.1055150032,21
152,bc994c242eeac5db55f81cd1,M20,0,7.99,8.41150474548,20
152,bc994c242eeac5db55f81cd1,M21,0,5.77,5.85551834106,21
152,bc994c242eeac5db55f81cd1,M22,0,12.41,13.5359067917,45
152,bc994c242eeac5db55f81cd1,M23,0,10.42,11.0211439133,45
152,bc994c242eeac5db55f81cd1,M24,0,12.59,13.8844680786,45
152,bc994c242eeac5db55f81cd1,M25,0,9.1,12.0746479034,20
152,bc994c242eeac5db55f81cd1,M26,0,6.91,10.4647264481,20
152,bc994c242eeac5db55f81cd1,M27,0,8.99,13.1367702484,30
152,bc994c242eeac5db55f81cd1,M28,0,7.45,10.6095790863,30
152,bc994c242eeac5db55f81cd1,M29,0,8.51,12.9990606308,30
152,bc994c242eeac5db55f81cd1,M30,0,4.89,7.33889102936,21
153,dd846ae5b622e8b2e6c71cac,M01,2,8.95,9.10351371765,10
153,dd846ae5b622e8b2e6c71cac,M02,2,11.53,12.3101634979,15
153,dd846ae5b622e8b2e6c71cac,M03,2,13.76,14.3630275726,21
153,dd846ae5b622e8b2e6c71cac,M04,2,12.75,13.5358781815,21
153,dd846ae5b622e8b2e6c71cac,M05,2,12.98,13.602678299,21
153,dd846ae5b622e8b2e6c71cac,M06,2,16.68,17.4881439209,21
153,dd846ae5b622e8b2e6c71cac,M07,2,19.41,19.7347488403,30
153,dd846ae5b622e8b2e6c71cac,M08,2,23.51,23.6950950623,30
153,dd846ae5b622e8b2e6c71cac,M09,2,22.16,22.5779209137,30
153,dd846ae5b622e8b2e6c71cac,M10,2,25.04,25.217710495,30
153,dd846ae5b622e8b2e6c71cac,M11,2,24.16,24.8082027435,30
153,dd846ae5b622e8b2e6c71cac,M12,2,34.85,35.7220649719,45
153,dd846ae5b622e8b2e6c71cac,M13,2,37.07,37.3729667664,60
153,dd846ae5b622e8b2e6c71cac,M14,2,34.06,34.8850746155,60
153,dd846ae5b622e8b2e6c71cac,M15,2,37.26,37.1662826538,60
153,dd846ae5b622e8b2e6c71cac,M16,2,66.41,63.8224563599,100
153,dd846ae5b622e8b2e6c71cac,M17,2,9.14,9.30770397186,14
153,dd846ae5b622e8b2e6c71cac,M18,2,13.05,13.9406394958,21
153,dd846ae5b622e8b2e6c71cac,M19,2,12.93,13.3645973206,21
153,dd846ae5b622e8b2e6c71cac,M20,2,14.51,14.8337335587,20
153,dd846ae5b622e8b2e6c71cac,M21,2,11.65,12.5975952148,21
153,dd846ae5b622e8b2e6c71cac,M22,2,31.02,29.758687973,45
153,dd846ae5b622e8b2e6c71cac,M23,2,27.15,27.5068702698,45
153,dd846ae5b622e8b2e6c71cac,M24,2,31.78,29.4678592682,45
153,dd846ae5b622e8b2e6c71cac,M25,2,16.54,17.1989097595,20
153,dd846ae5b622e8b2e6c71cac,M26,2,15.2,16.3623313904,20
153,dd846ae5b622e8b2e6c71cac,M27,2,21.29,22.0158958435,30
153,dd846ae5b622e8b2e6c71cac,M28,2,19.49,20.8281154633,30
153,dd846ae5b622e8b2e6c71cac,M29,2,21.08,21.7163887024,30
153,dd846ae5b622e8b2e6c71cac,M30,2,13.82,14.5402021408,21
154,f3706234c543da48bc5c0106,M01,0,8.35,8.12145900726,10
154,f3706234c543da48bc5c0106,M02,0,11.09,10.6155385971,15
154,f3706234c543da48bc5c0106,M03,0,12.89,11.4718866348,21
154,f3706234c543da48bc5c0106,M04,0,11.84,10.8504619598,21
154,f3706234c543da48bc5c0106,M05,0,12.05,10.9031085968,21
154,f3706234c543da48bc5c0106,M06,0,15.58,14.2455787659,21
154,f3706234c543da48bc5c0106,M07,0,18.06,16.4012107849,30
154,f3706234c543da48bc5c0106,M08,0,22.3,20.6509380341,30
154,f3706234c543da48bc5c0106,M09,0,20.84,19.0836620331,30
154,f3706234c543da48bc5c0106,M10,0,23.86,22.0763874054,30
154,f3706234c543da48bc5c0106,M11,0,23.07,21.3034973145,30
154,f3706234c543da48bc5c0106,M12,0,32.72,29.3802127838,45
154,f3706234c543da48bc5c0106,M13,0,34.01,30.4221153259,60
154,f3706234c543da48bc5c0106,M14,0,30.82,27.2048473358,60
154,f3706234c543da48bc5c0106,M15,0,34.8,30.4235687256,60
154,f3706234c543da48bc5c0106,M16,0,63.16,59.7783088684,100
154,f3706234c543da48bc5c0106,M17,0,8.68,8.04671859741,14
154,f3706234c543da48bc5c0106,M18,0,12.22,11.1545448303,21
154,f3706234c543da48bc5c0106,M19,0,11.65,10.136554718,21
154,f3706234c543da48bc5c0106,M20,0,13.36,12.1082334518,20
154,f3706234c543da48bc5c0106,M21,0,10.59,9.4417924881,21
154,f3706234c543da48bc5c0106,M22,0,27.86,23.1671714783,45
154,f3706234c543da48bc5c0106,M23,0,24.31,19.9708824158,45
154,f3706234c543da48bc5c0106,M24,0,27.94,23.3878040314,45
154,f3706234c543da48bc5c0106,M25,0,15.83,15.1363420486,20
154,f3706234c543da48bc5c0106,M26,0,14.59,13.9485836029,20
154,f3706234c543da48bc5c0106,M27,0,20,18.5780353546,30
154,f3706234c543da48bc5c0106,M28,0,18.18,16.6932086945,30
154,f3706234c543da48bc5c0106,M29,0,20.12,18.4089012146,30
154,f3706234c543da48bc5c0106,M30,0,12.93,11.7078542709,21
155,8109b130d7942e795d77baa7,M01,1,6.14,6.30039310455,10
155,8109b130d7942e795d77baa7,M02,1,8.67,8.60654830933,15
155,8109b130d7942e795d77baa7,M03,1,7.79,8.15819644928,21
155,8109b130d7942e795d77baa7,M04,1,7.65,7.63860416412,21
155,8109b130d7942e795d77baa7,M05,1,7.19,7.45229053497,21
155,8109b130d7942e795d77baa7,M06,1,9.86,9.89641952515,21
155,8109b130d7942e795d77baa7,M07,1,11.24,10.8544111252,30
155,8109b130d7942e795d77baa7,M08,1,15.24,15.5466394424,30
155,8109b130d7942e795d77baa7,M09,1,13.77,14.5031328201,30
155,8109b130d7942e795d77baa7,M10,1,16.85,17.1907196045,30
155,8109b130d7942e795d77baa7,M11,1,15.61,16.0314388275,30
155,8109b130d7942e795d77baa7,M12,1,20.33,20.27866745,45
155,8109b130d7942e795d77baa7,M13,1,18.57,19.1876430511,60
155,8109b130d7942e795d77baa7,M14,1,15.5,15.8719682693,60
155,8109b130d7942e795d77baa7,M15,1,20,19.8098583221,60
155,8109b130d7942e795d77baa7,M16,1,42.03,41.7712593079,100
155,8109b130d7942e795d77baa7,M17,1,5.85,5.98565292358,14
155,8109b130d7942e795d77baa7,M18,1,7.91,8.28899478912,21
155,8109b130d7942e795d77baa7,M19,1,6.43,6.3489947319,21
155,8109b130d7942e795d77baa7,M20,1,9.56,8.68302345276,20
155,8109b130d7942e795d77baa7,M21,1,6.67,6.48075294495,21
155,8109b130d7942e795d77baa7,M22,1,15.22,14.8519916534,45
155,8109b130d7942e795d77baa7,M23,1,12.26,12.4935426712,45
155,8109b130d7942e795d77baa7,M24,1,18.18,15.4983587265,45
155,8109b130d7942e795d77baa7,M25,1,12.21,12.1601276398,20
155,8109b130d7942e795d77baa7,M26,1,10.93,10.8261537552,20
155,8109b130d7942e795d77baa7,M27,1,12.87,13.4252634048,30
155,8109b130d7942e795d77baa7,M28,1,11.02,11.5224227905,30
155,8109b130d7942e795d77baa7,M29,1,13.37,13.6851453781,30
155,8109b130d7942e795d77baa7,M30,1,7.66,8.03886890411,21
156,3104d8d880d3cd06ac46bd0b,M01,0,7.63,6.95952415466,10
156,3104d8d880d3cd06ac46bd0b,M02,0,10.16,8.80497360229,15
156,3104d8d880d3cd06ac46bd0b,M03,0,10.98,8.57967281342,21
156,3104d8d880d3cd06ac46bd0b,M04,0,10.1,7.8793554306,21
156,3104d8d880d3cd06ac46bd0b,M05,0,10.2,7.95787525177,21
156,3104d8d880d3cd06ac46bd0b,M06,0,13.68,10.7414722443,21
156,3104d8d880d3cd06ac46bd0b,M07,0,15.16,11.0050354004,30
156,3104d8d880d3cd06ac46bd0b,M08,0,19.53,15.9271011353,30
156,3104d8d880d3cd06ac46bd0b,M09,0,18.29,14.8610038757,30
156,3104d8d880d3cd06ac46bd0b,M10,0,21.14,17.4925460815,30
156,3104d8d880d3cd06ac46bd0b,M11,0,20.3,16.4334468842,30
156,3104d8d880d3cd06ac46bd0b,M12,0,28.01,21.5677642822,45
156,3104d8d880d3cd06ac46bd0b,M13,0,28.67,21.3917446136,60
156,3104d8d880d3cd06ac46bd0b,M14,0,25.1,18.0523414612,60
156,3104d8d880d3cd06ac46bd0b,M15,0,28.78,21.5036411285,60
156,3104d8d880d3cd06ac46bd0b,M16,0,57.3,48.4493865967,100
156,3104d8d880d3cd06ac46bd0b,M17,0,7.49,5.87726306915,14
156,3104d8d880d3cd06ac46bd0b,M18,0,10.16,8.21116447449,21
156,3104d8d880d3cd06ac46bd0b,M19,0,9.5,6.90090656281,21
156,3104d8d880d3cd06ac46bd0b,M20,0,9.76,8.41307067871,20
156,3104d8d880d3cd06ac46bd0b,M21,0,7.1,6.51537847519,21
156,3104d8d880d3cd06ac46bd0b,M22,0,16.62,14.5085134506,45
156,3104d8d880d3cd06ac46bd0b,M23,0,17.25,12.4690198898,45
156,3104d8d880d3cd06ac46bd0b,M24,0,17.13,14.5895023346,45
156,3104d8d880d3cd06ac46bd0b,M25,0,14.75,12.9586181641,20
156,3104d8d880d3cd06ac46bd0b,M26,0,13.47,11.5527362823,20
156,3104d8d880d3cd06ac46bd0b,M27,0,17.78,14.4094591141,30
156,3104d8d880d3cd06ac46bd0b,M28,0,15.82,12.8127651215,30
156,3104d8d880d3cd06ac46bd0b,M29,0,17.69,14.1433706284,30
156,3104d8d880d3cd06ac46bd0b,M30,0,11.07,8.9367275238,21
157,bd2b46e5d8d336def30a4873,M01,1,7.44,7.16882276535,10
157,bd2b46e5d8d336def30a4873,M02,1,9.88,9.37633800507,15
157,bd2b46e5d8d336def30a4873,M03,1,10.44,9.85136985779,21
157,bd2b46e5d8d336def30a4873,M04,1,9.54,9.2156457901,21
157,bd2b46e5d8d336def30a4873,M05,1,9.47,9.17492008209,21
157,bd2b46e5d8d336def30a4873,M06,1,13.03,12.4894962311,21
157,bd2b46e5d8d336def30a4873,M07,1,14.31,13.9278364182,30
157,bd2b46e5d8d336def30a4873,M08,1,18.7,17.8750572205,30
157,bd2b46e5d8d336def30a4873,M09,1,17.44,16.8456115723,30
157,bd2b46e5d8d336def30a4873,M10,1,20.34,19.5148906708,30
157,bd2b46e5d8d336def30a4873,M11,1,19.35,18.4485149384,30
157,bd2b46e5d8d336def30a4873,M12,1,26.64,25.9157981873,45
157,bd2b46e5d8d336def30a4873,M13,1,26.81,26.0350589752,60
157,bd2b46e5d8d336def30a4873,M14,1,23.06,22.5495090485,60
157,bd2b46e5d8d336def30a4873,M15,1,27.07,26.0743274689,60
157,bd2b46e5d8d336def30a4873,M16,1,55.15,53.7586479187,100
157,bd2b46e5d8d336def30a4873,M17,1,7.28,6.98729276657,14
157,bd2b46e5d8d336def30a4873,M18,1,10.1,9.69504642487,21
157,bd2b46e5d8d336def30a4873,M19,1,8.11,7.85987901688,21
157,bd2b46e5d8d336def30a4873,M20,1,10.53,10.0139856339,20
157,bd2b46e5d8d336def30a4873,M21,1,7.59,7.51680040359,21
157,bd2b46e5d8d336def30a4873,M22,1,18.39,18.7287311554,45
157,bd2b46e5d8d336def30a4873,M23,1,15.53,15.2168617249,45
157,bd2b46e5d8d336def30a4873,M24,1,18.86,18.935136795,45
157,bd2b46e5d8d336def30a4873,M25,1,14.35,13.6689395905,20
157,bd2b46e5d8d336def30a4873,M26,1,13,12.5620794296,20
157,bd2b46e5d8d336def30a4873,M27,1,16.94,16.0505180359,30
157,bd2b46e5d8d336def30a4873,M28,1,14.83,14.1854810715,30
157,bd2b46e5d8d336def30a4873,M29,1,16.87,16.0010223389,30
157,bd2b46e5d8d336def30a4873,M30,1,10.42,10.0784187317,21
158,3fd88639055c4f90157ae592,M01,4,8.32,8.05401802063,10
158,3fd88639055c4f90157ae592,M02,4,10.99,10.6793193817,15
158,3fd88639055c4f90157ae592,M03,4,12.7,11.3757581711,21
158,3fd88639055c4f90157ae592,M04,4,11.65,10.7581739426,21
158,3fd88639055c4f90157ae592,M05,4,11.86,10.7285556793,21
158,3fd88639055c4f90157ae592,M06,4,15.67,14.2096385956,21
158,3fd88639055c4f90157ae592,M07,4,17.75,16.1699085236,30
158,3fd88639055c4f90157ae592,M08,4,22.02,20.207868576,30
158,3fd88639055c4f90157ae592,M09,4,20.58,19.0156230927,30
158,3fd88639055c4f90157ae592,M10,4,23.59,21.6237258911,30
158,3fd88639055c4f90157ae592,M11,4,22.87,20.7879104614,30
158,3fd88639055c4f90157ae592,M12,4,32.47,29.5690326691,45
158,3fd88639055c4f90157ae592,M13,4,33.88,30.0941371918,60
158,3fd88639055c4f90157ae592,M14,4,30.62,26.7370643616,60
158,3fd88639055c4f90157ae592,M15,4,34.33,30.2869491577,60
158,3fd88639055c4f90157ae592,M16,4,63,60.4349021912,100
158,3fd88639055c4f90157ae592,M17,4,8.59,8.13558101654,14
158,3fd88639055c4f90157ae592,M18,4,12.06,11.183760643,21
158,3fd88639055c4f90157ae592,M19,4,11.55,9.82218170166,21
158,3fd88639055c4f90157ae592,M20,4,13.52,12.109377861,20
158,3fd88639055c4f90157ae592,M21,4,10.65,9.48526763916,21
158,3fd88639055c4f90157ae592,M22,4,27.95,23.8261108398,45
158,3fd88639055c4f90157ae592,M23,4,24.2,20.5550041199,45
158,3fd88639055c4f90157ae592,M24,4,28.58,24.247756958,45
158,3fd88639055c4f90157ae592,M25,4,15.81,15.2623147964,20
158,3fd88639055c4f90157ae592,M26,4,14.55,14.028339386,20
158,3fd88639055c4f90157ae592,M27,4,19.79,18.6362133026,30
158,3fd88639055c4f90157ae592,M28,4,18.1,16.9634361267,30
158,3fd88639055c4f90157ae592,M29,4,19.97,18.5823612213,30
158,3fd88639055c4f90157ae592,M30,4,12.74,11.5947027206,21
159,7953ee787848eada3b125164,M01,3,5.16,4.63399124146,10
159,7953ee787848eada3b125164,M02,3,6.25,5.82965278625,15
159,7953ee787848eada3b125164,M03,3,5.25,5.35501050949,21
159,7953ee787848eada3b125164,M04,3,5.04,4.99597930908,21
159,7953ee787848eada3b125164,M05,3,4.89,4.90757131577,21
159,7953ee787848eada3b125164,M06,3,6.71,7.12452554703,21
159,7953ee787848eada3b125164,M07,3,6.78,7.2482714653,30
159,7953ee787848eada3b125164,M08,3,9.04,9.08552074432,30
159,7953ee787848eada3b125164,M09,3,7.99,7.93875360489,30
159,7953ee787848eada3b125164,M10,3,10.48,10.4552412033,30
159,7953ee787848eada3b125164,M11,3,9.55,9.60683727264,30
159,7953ee787848eada3b125164,M12,3,11.15,10.4898815155,45
159,7953ee787848eada3b125164,M13,3,12.88,10.790514946,60
159,7953ee787848eada3b125164,M14,3,10.86,8.51747512817,60
159,7953ee787848eada3b125164,M15,3,12.73,10.2535438538,60
159,7953ee787848eada3b125164,M16,3,26.84,17.9491615295,100
159,7953ee787848eada3b125164,M17,3,3.28,3.46067786217,14
159,7953ee787848eada3b125164,M18,3,5.38,5.44403076172,21
159,7953ee787848eada3b125164,M19,3,4.59,4.5541138649,21
159,7953ee787848eada3b125164,M20,3,5.68,6.12642240524,20
159,7953ee787848eada3b125164,M21,3,4.56,4.50911569595,21
159,7953ee787848eada3b125164,M22,3,8.58,9.17340946198,45
159,7953ee787848eada3b125164,M23,3,7.12,7.5862827301,45
159,7953ee787848eada3b125164,M24,3,8.05,8.6778087616,45
159,7953ee787848eada3b125164,M25,3,12.43,8.68043804169,20
159,7953ee787848eada3b125164,M26,3,10.98,7.32471895218,20
159,7953ee787848eada3b125164,M27,3,12.95,9.18314361572,30
159,7953ee787848eada3b125164,M28,3,10.91,7.73316049576,30
159,7953ee787848eada3b125164,M29,3,12.93,8.77893638611,30
159,7953ee787848eada3b125164,M30,3,7.82,5.30811977386,21
160,2673245c3e0a30a5c3e96d57,M01,0,4.87,4.92668104172,10
160,2673245c3e0a30a5c3e96d57,M02,0,6.15,6.10498571396,15
160,2673245c3e0a30a5c3e96d57,M03,0,5.16,5.66492795944,21
160,2673245c3e0a30a5c3e96d57,M04,0,4.94,5.20056581497,21
160,2673245c3e0a30a5c3e96d57,M05,0,4.8,5.15181159973,21
160,2673245c3e0a30a5c3e96d57,M06,0,6.58,7.55335950851,21
160,2673245c3e0a30a5c3e96d57,M07,0,6.67,7.42847967148,30
160,2673245c3e0a30a5c3e96d57,M08,0,8.81,9.36878299713,30
160,2673245c3e0a30a5c3e96d57,M09,0,7.65,8.20645809174,30
160,2673245c3e0a30a5c3e96d57,M10,0,10.24,10.9389410019,30
160,2673245c3e0a30a5c3e96d57,M11,0,9.26,9.93221759796,30
160,2673245c3e0a30a5c3e96d57,M12,0,10.82,11.960357666,45
160,2673245c3e0a30a5c3e96d57,M13,0,10.61,12.2566614151,60
160,2673245c3e0a30a5c3e96d57,M14,0,10.47,9.85879707336,60
160,2673245c3e0a30a5c3e96d57,M15,0,8.54,12.2366142273,60
160,2673245c3e0a30a5c3e96d57,M16,0,18.83,24.6851978302,100
160,2673245c3e0a30a5c3e96d57,M17,0,3.03,3.77051687241,14
160,2673245c3e0a30a5c3e96d57,M18,0,5.26,5.74413013458,21
160,2673245c3e0a30a5c3e96d57,M19,0,4.55,4.98044157028,21
160,2673245c3e0a30a5c3e96d57,M20,0,5.56,6.45732975006,20
160,2673245c3e0a30a5c3e96d57,M21,0,4.52,4.79984092712,21
160,2673245c3e0a30a5c3e96d57,M22,0,8.71,9.4102306366,45
160,2673245c3e0a30a5c3e96d57,M23,0,7.46,7.50967311859,45
160,2673245c3e0a30a5c3e96d57,M24,0,8.52,9.3516292572,45
160,2673245c3e0a30a5c3e96d57,M25,0,9.75,9.90329456329,20
160,2673245c3e0a30a5c3e96d57,M26,0,8.16,8.19274902344,20
160,2673245c3e0a30a5c3e96d57,M27,0,8.94,9.91766834259,30
160,2673245c3e0a30a5c3e96d57,M28,0,7.63,8.27340507507,30
160,2673245c3e0a30a5c3e96d57,M29,0,8.84,9.82635879517,30
160,2673245c3e0a30a5c3e96d57,M30,0,5.68,5.65674448013,21
161,cf53cfefe4d6fe2f0d464145,M01,4,6.99,7.1700592041,10
161,cf53cfefe4d6fe2f0d464145,M02,4,9.35,9.68147945404,15
161,cf53cfefe4d6fe2f0d464145,M03,4,9.44,10.2738008499,21
161,cf53cfefe4d6fe2f0d464145,M04,4,8.57,9.58941745758,21
161,cf53cfefe4d6fe2f0d464145,M05,4,8.45,9.6007604599,21
161,cf53cfefe4d6fe2f0d464145,M06,4,11.86,12.4035758972,21
161,cf53cfefe4d6fe2f0d464145,M07,4,12.83,14.0729227066,30
161,cf53cfefe4d6fe2f0d464145,M08,4,17.21,18.5983047485,30
161,cf53cfefe4d6fe2f0d464145,M09,4,15.96,17.4436645508,30
161,cf53cfefe4d6fe2f0d464145,M10,4,18.82,20.2900829315,30
161,cf53cfefe4d6fe2f0d464145,M11,4,17.84,19.144493103,30
161,cf53cfefe4d6fe2f0d464145,M12,4,24.23,25.7069816589,45
161,cf53cfefe4d6fe2f0d464145,M13,4,23.8,26.0422153473,60
161,cf53cfefe4d6fe2f0d464145,M14,4,20.18,23.267250061,60
161,cf53cfefe4d6fe2f0d464145,M15,4,23.97,26.3636741638,60
161,cf53cfefe4d6fe2f0d464145,M16,4,51.53,54.9286613464,100
161,cf53cfefe4d6fe2f0d464145,M17,4,6.67,7.04753446579,14
161,cf53cfefe4d6fe2f0d464145,M18,4,9.19,10.0306472778,21
161,cf53cfefe4d6fe2f0d464145,M19,4,6.67,8.32159900665,21
161,cf53cfefe4d6fe2f0d464145,M20,4,9.11,9.8879327774,20
161,cf53cfefe4d6fe2f0d464145,M21,4,6.42,7.88466215134,21
161,cf53cfefe4d6fe2f0d464145,M22,4,14.55,18.9566383362,45
161,cf53cfefe4d6fe2f0d464145,M23,4,12.41,16.3889446259,45
161,cf53cfefe4d6fe2f0d464145,M24,4,14.74,19.4215526581,45
161,cf53cfefe4d6fe2f0d464145,M25,4,13.66,13.4693698883,20
161,cf53cfefe4d6fe2f0d464145,M26,4,12.34,12.3784294128,20
161,cf53cfefe4d6fe2f0d464145,M27,4,15.57,16.1354808807,30
161,cf53cfefe4d6fe2f0d464145,M28,4,13.51,14.4991903305,30
161,cf53cfefe4d6fe2f0d464145,M29,4,15.46,16.4759712219,30
161,cf53cfefe4d6fe2f0d464145,M30,4,9.42,10.3160514832,21
162,bbde6b2455ce1854559c6709,M01,1,7.34,6.90910720825,10
162,bbde6b2455ce1854559c6709,M02,1,9.73,8.99518203735,15
162,bbde6b2455ce1854559c6709,M03,1,10.16,9.20087146759,21
162,bbde6b2455ce1854559c6709,M04,1,9.35,8.56574821472,21
162,bbde6b2455ce1854559c6709,M05,1,9.19,8.52486038208,21
162,bbde6b2455ce1854559c6709,M06,1,12.73,11.8109302521,21
162,bbde6b2455ce1854559c6709,M07,1,13.91,12.5422525406,30
162,bbde6b2455ce1854559c6709,M08,1,18.31,15.1960124969,30
162,bbde6b2455ce1854559c6709,M09,1,17.24,14.4122104645,30
162,bbde6b2455ce1854559c6709,M10,1,19.92,16.8390769958,30
162,bbde6b2455ce1854559c6709,M11,1,18.99,15.7792921066,30
162,bbde6b2455ce1854559c6709,M12,1,26.21,21.8360652924,45
162,bbde6b2455ce1854559c6709,M13,1,26.08,21.9256343842,60
162,bbde6b2455ce1854559c6709,M14,1,22.57,18.9650993347,60
162,bbde6b2455ce1854559c6709,M15,1,26.51,21.9625110626,60
162,bbde6b2455ce1854559c6709,M16,1,54.3,49.4600067139,100
162,bbde6b2455ce1854559c6709,M17,1,7.13,6.63092470169,14
162,bbde6b2455ce1854559c6709,M18,1,9.97,9.0616607666,21
162,bbde6b2455ce1854559c6709,M19,1,7.21,7.12805128098,21
162,bbde6b2455ce1854559c6709,M20,1,9.66,9.13762283325,20
162,bbde6b2455ce1854559c6709,M21,1,6.9,6.81557798386,21
162,bbde6b2455ce1854559c6709,M22,1,15.93,14.667924881,45
162,bbde6b2455ce1854559c6709,M23,1,13.56,12.7744045258,45
162,bbde6b2455ce1854559c6709,M24,1,16.19,14.7360496521,45
162,bbde6b2455ce1854559c6709,M25,1,14.26,13.4406919479,20
162,bbde6b2455ce1854559c6709,M26,1,12.91,12.1255950928,20
162,bbde6b2455ce1854559c6709,M27,1,16.69,15.0038585663,30
162,bbde6b2455ce1854559c6709,M28,1,14.58,13.3221321106,30
162,bbde6b2455ce1854559c6709,M29,1,16.51,14.9758396149,30
162,bbde6b2455ce1854559c6709,M30,1,10.14,9.53567504883,21
163,bbde6b2455ce1854559c6709,M01,1,7.34,6.90910720825,10
163,bbde6b2455ce1854559c6709,M02,1,9.79,8.99518203735,15
163,bbde6b2455ce1854559c6709,M03,1,10.25,9.20087146759,21
163,bbde6b2455ce1854559c6709,M04,1,9.4,8.56574821472,21
163,bbde6b2455ce1854559c6709,M05,1,9.31,8.52486038208,21
163,bbde6b2455ce1854559c6709,M06,1,12.81,11.8109302521,21
163,bbde6b2455ce1854559c6709,M07,1,14.04,12.5422525406,30
163,bbde6b2455ce1854559c6709,M08,1,18.44,15.1960124969,30
163,bbde6b2455ce1854559c6709,M09,1,17.24,14.4122104645,30
163,bbde6b2455ce1854559c6709,M10,1,20.06,16.8390769958,30
163,bbde6b2455ce1854559c6709,M11,1,19.12,15.7792921066,30
163,bbde6b2455ce1854559c6709,M12,1,26.21,21.8360652924,45
163,bbde6b2455ce1854559c6709,M13,1,26.31,21.9256343842,60
163,bbde6b2455ce1854559c6709,M14,1,22.57,18.9650993347,60
163,bbde6b2455ce1854559c6709,M15,1,26.51,21.9625110626,60
163,bbde6b2455ce1854559c6709,M16,1,54.55,49.4600067139,100
163,bbde6b2455ce1854559c6709,M17,1,7.19,6.63092470169,14
163,bbde6b2455ce1854559c6709,M18,1,9.98,9.0616607666,21
163,bbde6b2455ce1854559c6709,M19,1,8.04,7.12805128098,21
163,bbde6b2455ce1854559c6709,M20,1,10.46,9.13762283325,20
163,bbde6b2455ce1854559c6709,M21,1,7.6,6.81557798386,21
163,bbde6b2455ce1854559c6709,M22,1,18.19,14.667924881,45
163,bbde6b2455ce1854559c6709,M23,1,15.37,12.7744045258,45
163,bbde6b2455ce1854559c6709,M24,1,18.66,14.7360496521,45
163,bbde6b2455ce1854559c6709,M25,1,14.26,13.4406919479,20
163,bbde6b2455ce1854559c6709,M26,1,12.91,12.1255950928,20
163,bbde6b2455ce1854559c6709,M27,1,16.69,15.0038585663,30
163,bbde6b2455ce1854559c6709,M28,1,14.58,13.3221321106,30
163,bbde6b2455ce1854559c6709,M29,1,16.66,14.9758396149,30
163,bbde6b2455ce1854559c6709,M30,1,10.25,9.53567504883,21
164,2f5f0ba7541c2228903defab,M01,1,7.08,7.26872014999,10
164,2f5f0ba7541c2228903defab,M02,1,9.44,10.0887422562,15
164,2f5f0ba7541c2228903defab,M03,1,9.6,10.547082901,21
164,2f5f0ba7541c2228903defab,M04,1,8.77,9.75381851196,21
164,2f5f0ba7541c2228903defab,M05,1,8.8,9.82776069641,21
164,2f5f0ba7541c2228903defab,M06,1,12.11,13.3864660263,21
164,2f5f0ba7541c2228903defab,M07,1,13.06,14.4862594604,30
164,2f5f0ba7541c2228903defab,M08,1,17.41,18.2745304108,30
164,2f5f0ba7541c2228903defab,M09,1,16.18,17.1004657745,30
164,2f5f0ba7541c2228903defab,M10,1,19.08,19.8588352203,30
164,2f5f0ba7541c2228903defab,M11,1,18.2,18.9060993195,30
164,2f5f0ba7541c2228903defab,M12,1,24.47,25.891620636,45
164,2f5f0ba7541c2228903defab,M13,1,24.45,25.8424930573,60
164,2f5f0ba7541c2228903defab,M14,1,20.81,21.9957675934,60
164,2f5f0ba7541c2228903defab,M15,1,24.37,26.1981239319,60
164,2f5f0ba7541c2228903defab,M16,1,52.34,54.4970817566,100
164,2f5f0ba7541c2228903defab,M17,1,6.89,7.30240154266,14
164,2f5f0ba7541c2228903defab,M18,1,9.37,10.1848201752,21
164,2f5f0ba7541c2228903defab,M19,1,8.64,8.85214138031,21
164,2f5f0ba7541c2228903defab,M20,1,11.02,10.7048282623,20
164,2f5f0ba7541c2228903defab,M21,1,8.25,8.40208053589,21
164,2f5f0ba7541c2228903defab,M22,1,20.14,18.8792514801,45
164,2f5f0ba7541c2228903defab,M23,1,17.03,16.30443573,45
164,2f5f0ba7541c2228903defab,M24,1,20.58,19.2365913391,45
164,2f5f0ba7541c2228903defab,M25,1,13.86,14.3751211166,20
164,2f5f0ba7541c2228903defab,M26,1,12.51,13.061835289,20
164,2f5f0ba7541c2228903defab,M27,1,15.91,16.408285141,30
164,2f5f0ba7541c2228903defab,M28,1,13.84,14.6153469086,30
164,2f5f0ba7541c2228903defab,M29,1,15.74,16.5633831024,30
164,2f5f0ba7541c2228903defab,M30,1,9.62,10.5339317322,21
165,ea2b62de5e4c4a4dd0b95da6,M01,1,8.36,7.65350866318,10
165,ea2b62de5e4c4a4dd0b95da6,M02,1,11.08,10.113776207,15
165,ea2b62de5e4c4a4dd0b95da6,M03,1,12.92,11.0338859558,21
165,ea2b62de5e4c4a4dd0b95da6,M04,1,11.78,10.3229007721,21
165,ea2b62de5e4c4a4dd0b95da6,M05,1,12.01,10.446395874,21
165,ea2b62de5e4c4a4dd0b95da6,M06,1,15.59,13.8034858704,21
165,ea2b62de5e4c4a4dd0b95da6,M07,1,18.11,15.7469806671,30
165,ea2b62de5e4c4a4dd0b95da6,M08,1,22.35,20.1139755249,30
165,ea2b62de5e4c4a4dd0b95da6,M09,1,20.77,18.788564682,30
165,ea2b62de5e4c4a4dd0b95da6,M10,1,23.88,21.2702693939,30
165,ea2b62de5e4c4a4dd0b95da6,M11,1,22.89,20.7235774994,30
165,ea2b62de5e4c4a4dd0b95da6,M12,1,32.81,28.7919502258,45
165,ea2b62de5e4c4a4dd0b95da6,M13,1,34.12,29.3845005035,60
165,ea2b62de5e4c4a4dd0b95da6,M14,1,30.96,26.2491149902,60
165,ea2b62de5e4c4a4dd0b95da6,M15,1,34.84,29.5403213501,60
165,ea2b62de5e4c4a4dd0b95da6,M16,1,63.27,57.7617530823,100
165,ea2b62de5e4c4a4dd0b95da6,M17,1,8.61,7.68900346756,14
165,ea2b62de5e4c4a4dd0b95da6,M18,1,12.15,10.6741390228,21
165,ea2b62de5e4c4a4dd0b95da6,M19,1,11.54,9.71489906311,21
165,ea2b62de5e4c4a4dd0b95da6,M20,1,13.31,11.5880641937,20
165,ea2b62de5e4c4a4dd0b95da6,M21,1,10.48,9.13467788696,21
165,ea2b62de5e4c4a4dd0b95da6,M22,1,27.28,21.3568077087,45
165,ea2b62de5e4c4a4dd0b95da6,M23,1,23.75,18.8913803101,45
165,ea2b62de5e4c4a4dd0b95da6,M24,1,28.12,21.8664531708,45
165,ea2b62de5e4c4a4dd0b95da6,M25,1,15.83,14.7038269043,20
165,ea2b62de5e4c4a4dd0b95da6,M26,1,14.59,13.5066843033,20
165,ea2b62de5e4c4a4dd0b95da6,M27,1,20.02,18.161693573,30
165,ea2b62de5e4c4a4dd0b95da6,M28,1,18.23,16.0111103058,30
165,ea2b62de5e4c4a4dd0b95da6,M29,1,20.15,17.9136772156,30
165,ea2b62de5e4c4a4dd0b95da6,M30,1,12.96,11.203461647,21
166,85cf5990e92211843a2bfe23,M01,1,7.64,7.47985267639,10
166,85cf5990e92211843a2bfe23,M02,1,10.25,10.1152124405,15
166,85cf5990e92211843a2bfe23,M03,1,11.25,10.833817482,21
166,85cf5990e92211843a2bfe23,M04,1,10.33,10.1154613495,21
166,85cf5990e92211843a2bfe23,M05,1,10.44,10.20890522,21
166,85cf5990e92211843a2bfe23,M06,1,13.91,13.7185811996,21
166,85cf5990e92211843a2bfe23,M07,1,15.59,14.7589073181,30
166,85cf5990e92211843a2bfe23,M08,1,19.95,18.2214374542,30
166,85cf5990e92211843a2bfe23,M09,1,18.67,17.0090293884,30
166,85cf5990e92211843a2bfe23,M10,1,21.54,20.1805992126,30
166,85cf5990e92211843a2bfe23,M11,1,20.68,19.2101688385,30
166,85cf5990e92211843a2bfe23,M12,1,28.8,26.7394256592,45
166,85cf5990e92211843a2bfe23,M13,1,29.56,27.092092514,60
166,85cf5990e92211843a2bfe23,M14,1,26.23,23.2487869263,60
166,85cf5990e92211843a2bfe23,M15,1,29.69,27.2110233307,60
166,85cf5990e92211843a2bfe23,M16,1,58.33,54.7766876221,100
166,85cf5990e92211843a2bfe23,M17,1,7.82,7.50961923599,14
166,85cf5990e92211843a2bfe23,M18,1,10.85,10.5408525467,21
166,85cf5990e92211843a2bfe23,M19,1,10.24,9.1522808075,21
166,85cf5990e92211843a2bfe23,M20,1,12.43,11.0916414261,20
166,85cf5990e92211843a2bfe23,M21,1,9.69,8.70658111572,21
166,85cf5990e92211843a2bfe23,M22,1,24.53,19.9775257111,45
166,85cf5990e92211843a2bfe23,M23,1,21.23,17.0347824097,45
166,85cf5990e92211843a2bfe23,M24,1,24.95,19.9284534454,45
166,85cf5990e92211843a2bfe23,M25,1,14.83,14.4562120438,20
166,85cf5990e92211843a2bfe23,M26,1,13.6,13.1975736618,20
166,85cf5990e92211843a2bfe23,M27,1,18.05,16.5009365082,30
166,85cf5990e92211843a2bfe23,M28,1,16.16,15.0148878098,30
166,85cf5990e92211843a2bfe23,M29,1,17.94,16.2779445648,30
166,85cf5990e92211843a2bfe23,M30,1,11.28,10.8047409058,21
169,38aad91045bd921bbb9277ed,M01,2,5.64,5.66338157654,10
169,38aad91045bd921bbb9277ed,M02,2,7.41,7.30746889114,15
169,38aad91045bd921bbb9277ed,M03,2,6.54,6.9128370285,21
169,38aad91045bd921bbb9277ed,M04,2,6.04,6.53819990158,21
169,38aad91045bd921bbb9277ed,M05,2,5.93,6.42153501511,21
169,38aad91045bd921bbb9277ed,M06,2,8.24,8.43001079559,21
169,38aad91045bd921bbb9277ed,M07,2,8.43,8.37705612183,30
169,38aad91045bd921bbb9277ed,M08,2,11.15,11.8428554535,30
169,38aad91045bd921bbb9277ed,M09,2,9.83,10.7693347931,30
169,38aad91045bd921bbb9277ed,M10,2,13.12,13.1025495529,30
169,38aad91045bd921bbb9277ed,M11,2,12.03,12.1513719559,30
169,38aad91045bd921bbb9277ed,M12,2,13.75,15.4047613144,45
169,38aad91045bd921bbb9277ed,M13,2,13.55,15.4237747192,60
169,38aad91045bd921bbb9277ed,M14,2,10.81,13.5413627625,60
169,38aad91045bd921bbb9277ed,M15,2,13.68,15.6678628922,60
169,38aad91045bd921bbb9277ed,M16,2,26.46,29.4873809814,100
169,38aad91045bd921bbb9277ed,M17,2,4.57,4.62095785141,14
169,38aad91045bd921bbb9277ed,M18,2,6.62,7.19203948975,21
169,38aad91045bd921bbb9277ed,M19,2,5.52,6.09583520889,21
169,38aad91045bd921bbb9277ed,M20,2,7.46,7.62630271912,20
169,38aad91045bd921bbb9277ed,M21,2,5.35,6.10003137589,21
169,38aad91045bd921bbb9277ed,M22,2,10.75,12.2473745346,45
169,38aad91045bd921bbb9277ed,M23,2,8.97,10.4363174438,45
169,38aad91045bd921bbb9277ed,M24,2,10.94,12.5101718903,45
169,38aad91045bd921bbb9277ed,M25,2,11.12,9.38380432129,20
169,38aad91045bd921bbb9277ed,M26,2,9.28,7.61929512024,20
169,38aad91045bd921bbb9277ed,M27,2,10.85,10.4035825729,30
169,38aad91045bd921bbb9277ed,M28,2,8.94,8.8141374588,30
169,38aad91045bd921bbb9277ed,M29,2,10.81,10.4419612885,30
169,38aad91045bd921bbb9277ed,M30,2,6.52,6.65845394135,21
170,17c5451c41ce50a5b92f91d5,M01,0,7.17,7.85890436172,10
170,17c5451c41ce50a5b92f91d5,M02,0,9.62,10.4689617157,15
170,17c5451c41ce50a5b92f91d5,M03,0,10.03,11.4509706497,21
170,17c5451c41ce50a5b92f91d5,M04,0,9.28,10.9548273087,21
170,17c5451c41ce50a5b92f91d5,M05,0,9.32,10.9430885315,21
170,17c5451c41ce50a5b92f91d5,M06,0,12.56,14.1742067337,21
170,17c5451c41ce50a5b92f91d5,M07,0,13.77,16.1948204041,30
170,17c5451c41ce50a5b92f91d5,M08,0,18.15,20.4817085266,30
170,17c5451c41ce50a5b92f91d5,M09,0,17.08,19.2788639069,30
170,17c5451c41ce50a5b92f91d5,M10,0,19.75,21.9797039032,30
170,17c5451c41ce50a5b92f91d5,M11,0,19.04,21.1802616119,30
170,17c5451c41ce50a5b92f91d5,M12,0,25.83,30.0942363739,45
170,17c5451c41ce50a5b92f91d5,M13,0,25.95,30.5089874268,60
170,17c5451c41ce50a5b92f91d5,M14,0,22.49,27.0448455811,60
170,17c5451c41ce50a5b92f91d5,M15,0,26.09,31.2168388367,60
170,17c5451c41ce50a5b92f91d5,M16,0,54.2,59.2350158691,100
170,17c5451c41ce50a5b92f91d5,M17,0,7.19,8.00225257874,14
170,17c5451c41ce50a5b92f91d5,M18,0,9.87,11.2161560059,21
170,17c5451c41ce50a5b92f91d5,M19,0,8.92,10.065246582,21
170,17c5451c41ce50a5b92f91d5,M20,0,11.29,12.1798639297,20
170,17c5451c41ce50a5b92f91d5,M21,0,8.57,9.65850639343,21
170,17c5451c41ce50a5b92f91d5,M22,0,21.01,23.4720058441,45
170,17c5451c41ce50a5b92f91d5,M23,0,17.99,20.4327068329,45
170,17c5451c41ce50a5b92f91d5,M24,0,21.47,24.5433635712,45
170,17c5451c41ce50a5b92f91d5,M25,0,14.07,14.9953985214,20
170,17c5451c41ce50a5b92f91d5,M26,0,12.81,13.7770318985,20
170,17c5451c41ce50a5b92f91d5,M27,0,16.45,18.4837474823,30
170,17c5451c41ce50a5b92f91d5,M28,0,14.49,16.5965824127,30
170,17c5451c41ce50a5b92f91d5,M29,0,16.35,18.6550445557,30
170,17c5451c41ce50a5b92f91d5,M30,0,10.05,11.538225174,21
171,198e5fddcc2aa9ebc444b3a6,M01,4,7.62,5.61461830139,10
171,198e5fddcc2aa9ebc444b3a6,M02,4,10.14,8.19113636017,15
171,198e5fddcc2aa9ebc444b3a6,M03,4,10.85,7.79242324829,21
171,198e5fddcc2aa9ebc444b3a6,M04,4,9.76,7.18880033493,21
171,198e5fddcc2aa9ebc444b3a6,M05,4,9.73,7.1895031929,21
171,198e5fddcc2aa9ebc444b3a6,M06,4,13.45,9.97594451904,21
171,198e5fddcc2aa9ebc444b3a6,M07,4,14.88,10.8938150406,30
171,198e5fddcc2aa9ebc444b3a6,M08,4,19.27,14.0960893631,30
171,198e5fddcc2aa9ebc444b3a6,M09,4,17.76,12.6832714081,30
171,198e5fddcc2aa9ebc444b3a6,M10,4,20.94,15.3652534485,30
171,198e5fddcc2aa9ebc444b3a6,M11,4,19.72,14.3528528214,30
171,198e5fddcc2aa9ebc444b3a6,M12,4,27.46,18.528427124,45
171,198e5fddcc2aa9ebc444b3a6,M13,4,27.7,17.1846122742,60
171,198e5fddcc2aa9ebc444b3a6,M14,4,23.85,14.8917417526,60
171,198e5fddcc2aa9ebc444b3a6,M15,4,28.02,17.295085907,60
171,198e5fddcc2aa9ebc444b3a6,M16,4,56.08,36.3736915588,100
171,198e5fddcc2aa9ebc444b3a6,M17,4,7.45,5.44476127625,14
171,198e5fddcc2aa9ebc444b3a6,M18,4,10.34,7.8342499733,21
171,198e5fddcc2aa9ebc444b3a6,M19,4,8.55,6.36041688919,21
171,198e5fddcc2aa9ebc444b3a6,M20,4,10.81,8.61232471466,20
171,198e5fddcc2aa9ebc444b3a6,M21,4,7.92,6.05447006226,21
171,198e5fddcc2aa9ebc444b3a6,M22,4,19.36,13.2501583099,45
171,198e5fddcc2aa9ebc444b3a6,M23,4,16.3,10.6565294266,45
171,198e5fddcc2aa9ebc444b3a6,M24,4,19.93,13.3895339966,45
171,198e5fddcc2aa9ebc444b3a6,M25,4,14.68,12.3847103119,20
171,198e5fddcc2aa9ebc444b3a6,M26,4,13.29,11.4439668655,20
171,198e5fddcc2aa9ebc444b3a6,M27,4,17.44,13.0726051331,30
171,198e5fddcc2aa9ebc444b3a6,M28,4,15.28,11.3010911942,30
171,198e5fddcc2aa9ebc444b3a6,M29,4,17.43,12.9423093796,30
171,198e5fddcc2aa9ebc444b3a6,M30,4,10.89,8.17913818359,21
172,7f5e8df8b8eb711b7b25801c,M01,2,7.72,7.24024438858,10
172,7f5e8df8b8eb711b7b25801c,M02,2,10.34,9.81049156189,15
172,7f5e8df8b8eb711b7b25801c,M03,2,11.45,10.4563627243,21
172,7f5e8df8b8eb711b7b25801c,M04,2,10.61,9.95294475555,21
172,7f5e8df8b8eb711b7b25801c,M05,2,10.7,9.93885707855,21
172,7f5e8df8b8eb711b7b25801c,M06,2,14.09,13.1327953339,21
172,7f5e8df8b8eb711b7b25801c,M07,2,15.93,14.8542060852,30
172,7f5e8df8b8eb711b7b25801c,M08,2,20.29,19.1396827698,30
172,7f5e8df8b8eb711b7b25801c,M09,2,19.12,17.9883308411,30
172,7f5e8df8b8eb711b7b25801c,M10,2,21.81,20.4024753571,30
172,7f5e8df8b8eb711b7b25801c,M11,2,20.99,19.8653507233,30
172,7f5e8df8b8eb711b7b25801c,M12,2,29.44,27.4310283661,45
172,7f5e8df8b8eb711b7b25801c,M13,2,30.18,28.0116977692,60
172,7f5e8df8b8eb711b7b25801c,M14,2,26.93,24.9827861786,60
172,7f5e8df8b8eb711b7b25801c,M15,2,30.4,28.3423786163,60
172,7f5e8df8b8eb711b7b25801c,M16,2,59.01,56.7208747864,100
172,7f5e8df8b8eb711b7b25801c,M17,2,7.98,7.39717340469,14
172,7f5e8df8b8eb711b7b25801c,M18,2,11.08,10.3427534103,21
172,7f5e8df8b8eb711b7b25801c,M19,2,9.92,9.16683292389,21
172,7f5e8df8b8eb711b7b25801c,M20,2,12.09,11.1149463654,20
172,7f5e8df8b8eb711b7b25801c,M21,2,9.29,8.83186244965,21
172,7f5e8df8b8eb711b7b25801c,M22,2,23.37,21.687959671,45
172,7f5e8df8b8eb711b7b25801c,M23,2,20.1,18.3415374756,45
172,7f5e8df8b8eb711b7b25801c,M24,2,23.9,22.2305908203,45
172,7f5e8df8b8eb711b7b25801c,M25,2,14.93,13.9628953934,20
172,7f5e8df8b8eb711b7b25801c,M26,2,13.7,13.1500816345,20
172,7f5e8df8b8eb711b7b25801c,M27,2,18.24,17.4144268036,30
172,7f5e8df8b8eb711b7b25801c,M28,2,16.41,15.5276288986,30
172,7f5e8df8b8eb711b7b25801c,M29,2,18.17,17.454240799,30
172,7f5e8df8b8eb711b7b25801c,M30,2,11.51,10.6717214584,21
173,ad9f97620dab23d56e68f899,M01,2,6.29,4.51375436783,10
173,ad9f97620dab23d56e68f899,M02,2,8.33,5.40956020355,15
173,ad9f97620dab23d56e68f899,M03,2,7.69,5.19061374664,21
173,ad9f97620dab23d56e68f899,M04,2,6.95,4.67636060715,21
173,ad9f97620dab23d56e68f899,M05,2,6.89,4.62331819534,21
173,ad9f97620dab23d56e68f899,M06,2,9.78,6.39647817612,21
173,ad9f97620dab23d56e68f899,M07,2,10.19,6.35150194168,30
173,ad9f97620dab23d56e68f899,M08,2,14.2,8.013215065,30
173,ad9f97620dab23d56e68f899,M09,2,12.95,6.80808019638,30
173,ad9f97620dab23d56e68f899,M10,2,15.89,9.18821811676,30
173,ad9f97620dab23d56e68f899,M11,2,14.93,8.44019699097,30
173,ad9f97620dab23d56e68f899,M12,2,19.16,10.1053237915,45
173,ad9f97620dab23d56e68f899,M13,2,18.21,10.2969894409,60
173,ad9f97620dab23d56e68f899,M14,2,15,8.35475730896,60
173,ad9f97620dab23d56e68f899,M15,2,18.24,10.2436323166,60
173,ad9f97620dab23d56e68f899,M16,2,41.68,17.5248336792,100
173,ad9f97620dab23d56e68f899,M17,2,5.55,3.24092841148,14
173,ad9f97620dab23d56e68f899,M18,2,7.56,5.26058912277,21
173,ad9f97620dab23d56e68f899,M19,2,5.92,4.65732049942,21
173,ad9f97620dab23d56e68f899,M20,2,8.02,5.36909389496,20
173,ad9f97620dab23d56e68f899,M21,2,5.71,4.41727781296,21
173,ad9f97620dab23d56e68f899,M22,2,12.39,8.13028621674,45
173,ad9f97620dab23d56e68f899,M23,2,10.52,6.57884645462,45
173,ad9f97620dab23d56e68f899,M24,2,12.41,8.04966259003,45
173,ad9f97620dab23d56e68f899,M25,2,12.43,8.37580680847,20
173,ad9f97620dab23d56e68f899,M26,2,10.94,7.09449148178,20
173,ad9f97620dab23d56e68f899,M27,2,13.02,8.58629703522,30
173,ad9f97620dab23d56e68f899,M28,2,10.91,7.19152641296,30
173,ad9f97620dab23d56e68f899,M29,2,12.82,8.44637870789,30
173,ad9f97620dab23d56e68f899,M30,2,7.7,5.3746638298,21
174,a0df11ab37c188b3740160a6,M01,4,7.08,7.44113063812,10
174,a0df11ab37c188b3740160a6,M02,4,9.49,9.97430801392,15
174,a0df11ab37c188b3740160a6,M03,4,9.73,10.937297821,21
174,a0df11ab37c188b3740160a6,M04,4,9.02,10.3311729431,21
174,a0df11ab37c188b3740160a6,M05,4,9.03,10.3321685791,21
174,a0df11ab37c188b3740160a6,M06,4,12.21,13.7577610016,21
174,a0df11ab37c188b3740160a6,M07,4,13.3,15.5487794876,30
174,a0df11ab37c188b3740160a6,M08,4,17.67,19.5912971497,30
174,a0df11ab37c188b3740160a6,M09,4,16.64,18.2917766571,30
174,a0df11ab37c188b3740160a6,M10,4,19.29,21.1093616486,30
174,a0df11ab37c188b3740160a6,M11,4,18.58,20.4920063019,30
174,a0df11ab37c188b3740160a6,M12,4,24.98,28.8389129639,45
174,a0df11ab37c188b3740160a6,M13,4,24.82,29.479883194,60
174,a0df11ab37c188b3740160a6,M14,4,21.36,25.9761123657,60
174,a0df11ab37c188b3740160a6,M15,4,25.09,29.8198184967,60
174,a0df11ab37c188b3740160a6,M16,4,52.83,58.4162559509,100
174,a0df11ab37c188b3740160a6,M17,4,7.03,7.70985078812,14
174,a0df11ab37c188b3740160a6,M18,4,9.6,10.7101135254,21
174,a0df11ab37c188b3740160a6,M19,4,7.85,9.6674079895,21
174,a0df11ab37c188b3740160a6,M20,4,10.24,11.7529449463,20
174,a0df11ab37c188b3740160a6,M21,4,7.59,9.25309944153,21
174,a0df11ab37c188b3740160a6,M22,4,17.81,22.6673736572,45
174,a0df11ab37c188b3740160a6,M23,4,15.12,19.2670860291,45
174,a0df11ab37c188b3740160a6,M24,4,18.26,23.3589363098,45
174,a0df11ab37c188b3740160a6,M25,4,13.86,14.5045137405,20
174,a0df11ab37c188b3740160a6,M26,4,12.58,13.3887376785,20
174,a0df11ab37c188b3740160a6,M27,4,15.98,17.4998321533,30
174,a0df11ab37c188b3740160a6,M28,4,14.02,15.4518642426,30
174,a0df11ab37c188b3740160a6,M29,4,15.95,17.5041980743,30
174,a0df11ab37c188b3740160a6,M30,4,9.75,11.1328830719,21
175,c910d74e6c15a5b3205df411,M01,0,7.2,7.14311933517,10
175,c910d74e6c15a5b3205df411,M02,0,9.61,9.74683094025,15
175,c910d74e6c15a5b3205df411,M03,0,9.97,10.7094726562,21
175,c910d74e6c15a5b3205df411,M04,0,9.22,10.1015481949,21
175,c910d74e6c15a5b3205df411,M05,0,9.26,10.1892995834,21
175,c910d74e6c15a5b3205df411,M06,0,12.55,13.4854059219,21
175,c910d74e6c15a5b3205df411,M07,0,13.65,14.7880210876,30
175,c910d74e6c15a5b3205df411,M08,0,18.03,19.196641922,30
175,c910d74e6c15a5b3205df411,M09,0,16.95,17.760635376,30
175,c910d74e6c15a5b3205df411,M10,0,19.68,20.5981235504,30
175,c910d74e6c15a5b3205df411,M11,0,18.91,20.0845966339,30
175,c910d74e6c15a5b3205df411,M12,0,25.56,27.9994373322,45
175,c910d74e6c15a5b3205df411,M13,0,25.7,28.504737854,60
175,c910d74e6c15a5b3205df411,M14,0,22.23,24.9167690277,60
175,c910d74e6c15a5b3205df411,M15,0,25.84,28.8395385742,60
175,c910d74e6c15a5b3205df411,M16,0,53.82,56.8327026367,100
175,c910d74e6c15a5b3205df411,M17,0,7.18,7.39850568771,14
175,c910d74e6c15a5b3205df411,M18,0,9.79,10.468503952,21
175,c910d74e6c15a5b3205df411,M19,0,8.09,9.30292701721,21
175,c910d74e6c15a5b3205df411,M20,0,10.42,11.3779191971,20
175,c910d74e6c15a5b3205df411,M21,0,7.72,8.86394119263,21
175,c910d74e6c15a5b3205df411,M22,0,18.38,22.0043029785,45
175,c910d74e6c15a5b3205df411,M23,0,15.57,19.0154705048,45
175,c910d74e6c15a5b3205df411,M24,0,18.75,22.7569580078,45
175,c910d74e6c15a5b3205df411,M25,0,14.07,14.3959150314,20
175,c910d74e6c15a5b3205df411,M26,0,12.79,13.132809639,20
175,c910d74e6c15a5b3205df411,M27,0,16.39,17.52684021,30
175,c910d74e6c15a5b3205df411,M28,0,14.43,16.0130615234,30
175,c910d74e6c15a5b3205df411,M29,0,16.29,17.293296814,30
175,c910d74e6c15a5b3205df411,M30,0,10.01,10.8494377136,21
176,e1b34eb9479ceb03b50a90a5,M01,0,6.35,6.3194975853,10
176,e1b34eb9479ceb03b50a90a5,M02,0,8.72,8.49884223938,15
176,e1b34eb9479ceb03b50a90a5,M03,0,8.65,8.15589523315,21
176,e1b34eb9479ceb03b50a90a5,M04,0,7.93,7.60250425339,21
176,e1b34eb9479ceb03b50a90a5,M05,0,7.64,7.50796508789,21
176,e1b34eb9479ceb03b50a90a5,M06,0,10.36,10.338353157,21
176,e1b34eb9479ceb03b50a90a5,M07,0,11.73,11.3813781738,30
176,e1b34eb9479ceb03b50a90a5,M08,0,15.88,15.7601060867,30
176,e1b34eb9479ceb03b50a90a5,M09,0,14.76,14.3300428391,30
176,e1b34eb9479ceb03b50a90a5,M10,0,17.32,17.205657959,30
176,e1b34eb9479ceb03b50a90a5,M11,0,16.34,15.8551902771,30
176,e1b34eb9479ceb03b50a90a5,M12,0,21.63,21.6347179413,45
176,e1b34eb9479ceb03b50a90a5,M13,0,19.7,20.7513694763,60
176,e1b34eb9479ceb03b50a90a5,M14,0,16.44,17.058013916,60
176,e1b34eb9479ceb03b50a90a5,M15,0,21.32,21.708114624,60
176,e1b34eb9479ceb03b50a90a5,M16,0,44.53,44.2525405884,100
176,e1b34eb9479ceb03b50a90a5,M17,0,6.17,6.0042142868,14
176,e1b34eb9479ceb03b50a90a5,M18,0,8.52,8.14954566956,21
176,e1b34eb9479ceb03b50a90a5,M19,0,5.93,6.57727003098,21
176,e1b34eb9479ceb03b50a90a5,M20,0,8.11,9.02867412567,20
176,e1b34eb9479ceb03b50a90a5,M21,0,5.83,6.56505012512,21
176,e1b34eb9479ceb03b50a90a5,M22,0,12.51,15.2026634216,45
176,e1b34eb9479ceb03b50a90a5,M23,0,10.59,12.2490644455,45
176,e1b34eb9479ceb03b50a90a5,M24,0,13.63,17.0848007202,45
176,e1b34eb9479ceb03b50a90a5,M25,0,12.51,12.2008619308,20
176,e1b34eb9479ceb03b50a90a5,M26,0,11.24,11.1467046738,20
176,e1b34eb9479ceb03b50a90a5,M27,0,13.43,13.6342525482,30
176,e1b34eb9479ceb03b50a90a5,M28,0,11.51,11.4154081345,30
176,e1b34eb9479ceb03b50a90a5,M29,0,14.06,14.0667085648,30
176,e1b34eb9479ceb03b50a90a5,M30,0,7.91,7.9834728241,21
177,3314004f55d768b9102a7c53,M01,0,5.82,5.74943685532,10
177,3314004f55d768b9102a7c53,M02,0,7.78,7.60160017014,15
177,3314004f55d768b9102a7c53,M03,0,6.89,6.86233377457,21
177,3314004f55d768b9102a7c53,M04,0,6.28,6.24087953568,21
177,3314004f55d768b9102a7c53,M05,0,6.16,6.20905399323,21
177,3314004f55d768b9102a7c53,M06,0,8.77,8.98658466339,21
177,3314004f55d768b9102a7c53,M07,0,9.09,8.99361801147,30
177,3314004f55d768b9102a7c53,M08,0,12.96,13.0634965897,30
177,3314004f55d768b9102a7c53,M09,0,11.77,11.9010276794,30
177,3314004f55d768b9102a7c53,M10,0,14.52,14.5848464966,30
177,3314004f55d768b9102a7c53,M11,0,13.53,13.6218709946,30
177,3314004f55d768b9102a7c53,M12,0,17.32,17.2159862518,45
177,3314004f55d768b9102a7c53,M13,0,16.15,16.7025184631,60
177,3314004f55d768b9102a7c53,M14,0,13.49,13.9023427963,60
177,3314004f55d768b9102a7c53,M15,0,15.87,16.4295482635,60
177,3314004f55d768b9102a7c53,M16,0,37.12,41.9889259338,100
177,3314004f55d768b9102a7c53,M17,0,5.01,5.01560211182,14
177,3314004f55d768b9102a7c53,M18,0,6.87,6.85006856918,21
177,3314004f55d768b9102a7c53,M19,0,5.88,6.05579900742,21
177,3314004f55d768b9102a7c53,M20,0,8.12,7.87292146683,20
177,3314004f55d768b9102a7c53,M21,0,5.77,5.77861833572,21
177,3314004f55d768b9102a7c53,M22,0,12.58,12.7850112915,45
177,3314004f55d768b9102a7c53,M23,0,10.7,10.9938831329,45
177,3314004f55d768b9102a7c53,M24,0,12.59,12.6005649567,45
177,3314004f55d768b9102a7c53,M25,0,11.68,11.4438333511,20
177,3314004f55d768b9102a7c53,M26,0,10.28,10.073012352,20
177,3314004f55d768b9102a7c53,M27,0,11.8,12.0047960281,30
177,3314004f55d768b9102a7c53,M28,0,9.89,10.4807653427,30
177,3314004f55d768b9102a7c53,M29,0,11.41,11.8157939911,30
177,3314004f55d768b9102a7c53,M30,0,6.91,7.07450151443,21
178,0b4808d603cff090ae6e7e2c,M01,0,6.48,6.28959846497,10
178,0b4808d603cff090ae6e7e2c,M02,0,9.16,8.64386081696,15
178,0b4808d603cff090ae6e7e2c,M03,0,8.91,8.50810050964,21
178,0b4808d603cff090ae6e7e2c,M04,0,8.34,8.02940654755,21
178,0b4808d603cff090ae6e7e2c,M05,0,7.95,7.93766355515,21
178,0b4808d603cff090ae6e7e2c,M06,0,10.86,10.9704418182,21
178,0b4808d603cff090ae6e7e2c,M07,0,12.47,12.3429336548,30
178,0b4808d603cff090ae6e7e2c,M08,0,16.68,16.4139137268,30
178,0b4808d603cff090ae6e7e2c,M09,0,15.37,15.2703542709,30
178,0b4808d603cff090ae6e7e2c,M10,0,18.25,17.8936481476,30
178,0b4808d603cff090ae6e7e2c,M11,0,17.12,16.6121292114,30
178,0b4808d603cff090ae6e7e2c,M12,0,23.12,21.9410018921,45
178,0b4808d603cff090ae6e7e2c,M13,0,21.28,21.1118888855,60
178,0b4808d603cff090ae6e7e2c,M14,0,18.07,17.4523925781,60
178,0b4808d603cff090ae6e7e2c,M15,0,22.7,21.8775978088,60
178,0b4808d603cff090ae6e7e2c,M16,0,47.76,46.907875061,100
178,0b4808d603cff090ae6e7e2c,M17,0,6.53,6.18981266022,14
178,0b4808d603cff090ae6e7e2c,M18,0,8.95,8.53595542908,21
178,0b4808d603cff090ae6e7e2c,M19,0,6.1,6.76463603973,21
178,0b4808d603cff090ae6e7e2c,M20,0,9.13,9.34827518463,20
178,0b4808d603cff090ae6e7e2c,M21,0,6.4,6.77958202362,21
178,0b4808d603cff090ae6e7e2c,M22,0,14.37,15.8267059326,45
178,0b4808d603cff090ae6e7e2c,M23,0,11.87,12.6320371628,45
178,0b4808d603cff090ae6e7e2c,M24,0,16.04,17.0771217346,45
178,0b4808d603cff090ae6e7e2c,M25,0,12.86,12.5856800079,20
178,0b4808d603cff090ae6e7e2c,M26,0,11.62,11.5079050064,20
178,0b4808d603cff090ae6e7e2c,M27,0,14.09,14.1573972702,30
178,0b4808d603cff090ae6e7e2c,M28,0,12.24,11.7361001968,30
178,0b4808d603cff090ae6e7e2c,M29,0,14.61,14.6303405762,30
178,0b4808d603cff090ae6e7e2c,M30,0,8.33,8.45026493073,21
179,c51c3841863676f35f94e5d9,M01,1,5.67,5.66360330582,10
179,c51c3841863676f35f94e5d9,M02,1,7.78,7.7704668045,15
179,c51c3841863676f35f94e5d9,M03,1,6.59,7.0141453743,21
179,c51c3841863676f35f94e5d9,M04,1,6.02,6.45683813095,21
179,c51c3841863676f35f94e5d9,M05,1,5.9,6.3974647522,21
179,c51c3841863676f35f94e5d9,M06,1,8.39,9.3781080246,21
179,c51c3841863676f35f94e5d9,M07,1,8.65,9.41569232941,30
179,c51c3841863676f35f94e5d9,M08,1,12.35,13.4446821213,30
179,c51c3841863676f35f94e5d9,M09,1,11.14,12.2818059921,30
179,c51c3841863676f35f94e5d9,M10,1,13.88,15.1066846848,30
179,c51c3841863676f35f94e5d9,M11,1,12.85,13.9962749481,30
179,c51c3841863676f35f94e5d9,M12,1,16.3,17.800157547,45
179,c51c3841863676f35f94e5d9,M13,1,15.2,17.4045753479,60
179,c51c3841863676f35f94e5d9,M14,1,12.67,14.4035959244,60
179,c51c3841863676f35f94e5d9,M15,1,14.92,17.19181633,60
179,c51c3841863676f35f94e5d9,M16,1,34.4,35.9727554321,100
179,c51c3841863676f35f94e5d9,M17,1,4.75,5.11632728577,14
179,c51c3841863676f35f94e5d9,M18,1,6.57,6.96255159378,21
179,c51c3841863676f35f94e5d9,M19,1,5.66,5.736140728,21
179,c51c3841863676f35f94e5d9,M20,1,7.78,7.84866428375,20
179,c51c3841863676f35f94e5d9,M21,1,5.55,5.45158720016,21
179,c51c3841863676f35f94e5d9,M22,1,11.89,12.4624795914,45
179,c51c3841863676f35f94e5d9,M23,1,10.07,10.2705984116,45
179,c51c3841863676f35f94e5d9,M24,1,11.87,12.3652133942,45
179,c51c3841863676f35f94e5d9,M25,1,11.37,12.1734447479,20
179,c51c3841863676f35f94e5d9,M26,1,9.93,10.5879554749,20
179,c51c3841863676f35f94e5d9,M27,1,11.27,11.9922046661,30
179,c51c3841863676f35f94e5d9,M28,1,9.41,10.3012580872,30
179,c51c3841863676f35f94e5d9,M29,1,10.86,11.8055973053,30
179,c51c3841863676f35f94e5d9,M30,1,6.61,7.2279715538,21
180,ecfd08db10e5477f190376da,M01,0,7.49,7.7718744278,10
180,ecfd08db10e5477f190376da,M02,0,10,10.2616081238,15
180,ecfd08db10e5477f190376da,M03,0,10.66,11.1772890091,21
180,ecfd08db10e5477f190376da,M04,0,9.86,10.6270666122,21
180,ecfd08db10e5477f190376da,M05,0,9.87,10.661108017,21
180,ecfd08db10e5477f190376da,M06,0,13.19,13.9545993805,21
180,ecfd08db10e5477f190376da,M07,0,14.67,15.6325826645,30
180,ecfd08db10e5477f190376da,M08,0,19.05,20.0636024475,30
180,ecfd08db10e5477f190376da,M09,0,17.92,18.5870094299,30
180,ecfd08db10e5477f190376da,M10,0,20.68,21.5210113525,30
180,ecfd08db10e5477f190376da,M11,0,19.86,20.8151168823,30
180,ecfd08db10e5477f190376da,M12,0,27.21,29.0617694855,45
180,ecfd08db10e5477f190376da,M13,0,27.29,29.6575660706,60
180,ecfd08db10e5477f190376da,M14,0,23.63,26.2929725647,60
180,ecfd08db10e5477f190376da,M15,0,27.79,29.9049377441,60
180,ecfd08db10e5477f190376da,M16,0,55.7,57.4138412476,100
180,ecfd08db10e5477f190376da,M17,0,7.53,7.67579603195,14
180,ecfd08db10e5477f190376da,M18,0,10.4,10.9247360229,21
180,ecfd08db10e5477f190376da,M19,0,8.29,9.84678936005,21
180,ecfd08db10e5477f190376da,M20,0,10.49,11.855512619,20
180,ecfd08db10e5477f190376da,M21,0,7.83,9.2525806427,21
180,ecfd08db10e5477f190376da,M22,0,18.43,23.0615653992,45
180,ecfd08db10e5477f190376da,M23,0,15.52,19.9126853943,45
180,ecfd08db10e5477f190376da,M24,0,18.95,23.4540081024,45
180,ecfd08db10e5477f190376da,M25,0,14.48,14.7589683533,20
180,ecfd08db10e5477f190376da,M26,0,13.15,13.6109409332,20
180,ecfd08db10e5477f190376da,M27,0,17.15,18.0503692627,30
180,ecfd08db10e5477f190376da,M28,0,15.13,16.1116199493,30
180,ecfd08db10e5477f190376da,M29,0,17.21,17.9653911591,30
180,ecfd08db10e5477f190376da,M30,0,10.68,11.2509784698,21
181,ae549a3bb89eeba0509b46d1,M01,0,4.96,4.96019649506,10
181,ae549a3bb89eeba0509b46d1,M02,0,6.36,6.63924598694,15
181,ae549a3bb89eeba0509b46d1,M03,0,5.31,5.94060230255,21
181,ae549a3bb89eeba0509b46d1,M04,0,5.1,5.36617803574,21
181,ae549a3bb89eeba0509b46d1,M05,0,4.95,5.2878985405,21
181,ae549a3bb89eeba0509b46d1,M06,0,6.78,7.96541833878,21
181,ae549a3bb89eeba0509b46d1,M07,0,6.91,7.95936536789,30
181,ae549a3bb89eeba0509b46d1,M08,0,9.32,10.5565605164,30
181,ae549a3bb89eeba0509b46d1,M09,0,8.26,9.38980388641,30
181,ae549a3bb89eeba0509b46d1,M10,0,10.79,12.1025543213,30
181,ae549a3bb89eeba0509b46d1,M11,0,9.81,11.1113023758,30
181,ae549a3bb89eeba0509b46d1,M12,0,11.64,13.6880064011,45
181,ae549a3bb89eeba0509b46d1,M13,0,10.81,13.6734294891,60
181,ae549a3bb89eeba0509b46d1,M14,0,8.06,10.7306642532,60
181,ae549a3bb89eeba0509b46d1,M15,0,10.73,13.5752973557,60
181,ae549a3bb89eeba0509b46d1,M16,0,19.14,22.0277042389,100
181,ae549a3bb89eeba0509b46d1,M17,0,3.41,3.85070633888,14
181,ae549a3bb89eeba0509b46d1,M18,0,5.44,5.88240528107,21
181,ae549a3bb89eeba0509b46d1,M19,0,4.63,5.02698755264,21
181,ae549a3bb89eeba0509b46d1,M20,0,5.78,6.55415296555,20
181,ae549a3bb89eeba0509b46d1,M21,0,4.6,4.72989702225,21
181,ae549a3bb89eeba0509b46d1,M22,0,8.53,9.49758529663,45
181,ae549a3bb89eeba0509b46d1,M23,0,7.04,7.43275403976,45
181,ae549a3bb89eeba0509b46d1,M24,0,8.45,9.23619270325,45
181,ae549a3bb89eeba0509b46d1,M25,0,9.65,10.5420951843,20
181,ae549a3bb89eeba0509b46d1,M26,0,8.21,9.10095596313,20
181,ae549a3bb89eeba0509b46d1,M27,0,9.16,10.7681131363,30
181,ae549a3bb89eeba0509b46d1,M28,0,7.84,9.11065483093,30
181,ae549a3bb89eeba0509b46d1,M29,0,8.92,10.5617799759,30
181,ae549a3bb89eeba0509b46d1,M30,0,5.71,6.28828907013,21
182,cde92d2cbf5ae04506b2772e,M01,0,7.68,7.2363910675,10
182,cde92d2cbf5ae04506b2772e,M02,0,10.23,9.88406562805,15
182,cde92d2cbf5ae04506b2772e,M03,0,11.17,10.2202301025,21
182,cde92d2cbf5ae04506b2772e,M04,0,10.27,9.68172740936,21
182,cde92d2cbf5ae04506b2772e,M05,0,10.4,9.69536590576,21
182,cde92d2cbf5ae04506b2772e,M06,0,13.91,12.8946723938,21
182,cde92d2cbf5ae04506b2772e,M07,0,15.48,14.5655612946,30
182,cde92d2cbf5ae04506b2772e,M08,0,19.85,18.9588031769,30
182,cde92d2cbf5ae04506b2772e,M09,0,18.56,17.7774200439,30
182,cde92d2cbf5ae04506b2772e,M10,0,21.45,20.4212799072,30
182,cde92d2cbf5ae04506b2772e,M11,0,20.59,19.4756660461,30
182,cde92d2cbf5ae04506b2772e,M12,0,28.64,25.6700839996,45
182,cde92d2cbf5ae04506b2772e,M13,0,29.56,25.8576107025,60
182,cde92d2cbf5ae04506b2772e,M14,0,26.17,23.0109653473,60
182,cde92d2cbf5ae04506b2772e,M15,0,29.5,26.3226966858,60
182,cde92d2cbf5ae04506b2772e,M16,0,58.29,55.4854736328,100
182,cde92d2cbf5ae04506b2772e,M17,0,7.79,7.19713830948,14
182,cde92d2cbf5ae04506b2772e,M18,0,10.78,10.1849822998,21
182,cde92d2cbf5ae04506b2772e,M19,0,10.09,8.71901416779,21
182,cde92d2cbf5ae04506b2772e,M20,0,12.29,10.6597213745,20
182,cde92d2cbf5ae04506b2772e,M21,0,9.46,8.37187099457,21
182,cde92d2cbf5ae04506b2772e,M22,0,24.04,20.4119739532,45
182,cde92d2cbf5ae04506b2772e,M23,0,20.7,17.1928672791,45
182,cde92d2cbf5ae04506b2772e,M24,0,24.45,21.1861763,45
182,cde92d2cbf5ae04506b2772e,M25,0,14.83,14.202252388,20
182,cde92d2cbf5ae04506b2772e,M26,0,13.6,13.0254602432,20
182,cde92d2cbf5ae04506b2772e,M27,0,18.03,17.1155338287,30
182,cde92d2cbf5ae04506b2772e,M28,0,16.14,14.9919033051,30
182,cde92d2cbf5ae04506b2772e,M29,0,17.87,17.3791656494,30
182,cde92d2cbf5ae04506b2772e,M30,0,11.22,10.44277668,21
183,fc0ff7763485986307ce7100,M01,1,8.23,7.12663602829,10
183,fc0ff7763485986307ce7100,M02,1,10.89,9.44849395752,15
183,fc0ff7763485986307ce7100,M03,1,12.35,9.94952106476,21
183,fc0ff7763485986307ce7100,M04,1,11.38,9.04748821259,21
183,fc0ff7763485986307ce7100,M05,1,11.57,9.20170402527,21
183,fc0ff7763485986307ce7100,M06,1,15.3,12.5639533997,21
183,fc0ff7763485986307ce7100,M07,1,17.25,13.7498044968,30
183,fc0ff7763485986307ce7100,M08,1,21.54,18.4663105011,30
183,fc0ff7763485986307ce7100,M09,1,20.21,17.327457428,30
183,fc0ff7763485986307ce7100,M10,1,23.23,19.939157486,30
183,fc0ff7763485986307ce7100,M11,1,22.28,19.0122089386,30
183,fc0ff7763485986307ce7100,M12,1,31.47,25.8270149231,45
183,fc0ff7763485986307ce7100,M13,1,32.84,26.0404853821,60
183,fc0ff7763485986307ce7100,M14,1,29.53,22.1976547241,60
183,fc0ff7763485986307ce7100,M15,1,33.17,26.4333019257,60
183,fc0ff7763485986307ce7100,M16,1,61.88,50.7945632935,100
183,fc0ff7763485986307ce7100,M17,1,8.4,6.94250583649,14
183,fc0ff7763485986307ce7100,M18,1,11.81,9.50792312622,21
183,fc0ff7763485986307ce7100,M19,1,11.27,8.26114749908,21
183,fc0ff7763485986307ce7100,M20,1,13.21,9.98138618469,20
183,fc0ff7763485986307ce7100,M21,1,10.29,7.4904050827,21
183,fc0ff7763485986307ce7100,M22,1,26.64,18.8332157135,45
183,fc0ff7763485986307ce7100,M23,1,23.41,16.3133811951,45
183,fc0ff7763485986307ce7100,M24,1,27.14,18.9065227509,45
183,fc0ff7763485986307ce7100,M25,1,15.64,14.3313951492,20
183,fc0ff7763485986307ce7100,M26,1,14.32,12.7492418289,20
183,fc0ff7763485986307ce7100,M27,1,19.7,16.6091823578,30
183,fc0ff7763485986307ce7100,M28,1,17.62,14.691327095,30
183,fc0ff7763485986307ce7100,M29,1,19.65,16.8189315796,30
183,fc0ff7763485986307ce7100,M30,1,12.41,10.2653484344,21
184,378e1b4037b2208a390730ed,M01,0,1.27,4.56384754181,10
184,378e1b4037b2208a390730ed,M02,0,0.93,5.96412086487,15
184,378e1b4037b2208a390730ed,M03,0,1.39,5.40098285675,21
184,378e1b4037b2208a390730ed,M04,0,1.39,4.89004898071,21
184,378e1b4037b2208a390730ed,M05,0,1.28,4.83400630951,21
184,378e1b4037b2208a390730ed,M06,0,1.44,6.85461139679,21
184,378e1b4037b2208a390730ed,M07,0,1.39,6.81652879715,30
184,378e1b4037b2208a390730ed,M08,0,0.93,8.595952034,30
184,378e1b4037b2208a390730ed,M09,0,0.93,7.40483665466,30
184,378e1b4037b2208a390730ed,M10,0,1.37,9.82389163971,30
184,378e1b4037b2208a390730ed,M11,0,1.31,9.07519435883,30
184,378e1b4037b2208a390730ed,M12,0,0.93,9.0380115509,45
184,378e1b4037b2208a390730ed,M13,0,1.27,9.17609119415,60
184,378e1b4037b2208a390730ed,M14,0,0.75,7.32420969009,60
184,378e1b4037b2208a390730ed,M15,0,1.6,9.14799308777,60
184,378e1b4037b2208a390730ed,M16,0,1.25,13.1665372849,100
184,378e1b4037b2208a390730ed,M17,0,0.9,3.51916623116,14
184,378e1b4037b2208a390730ed,M18,0,1.5,5.43436527252,21
184,378e1b4037b2208a390730ed,M19,0,1.39,4.60756397247,21
184,378e1b4037b2208a390730ed,M20,0,0.67,5.74387454987,20
184,378e1b4037b2208a390730ed,M21,0,1.48,4.46254253387,21
184,378e1b4037b2208a390730ed,M22,0,1.21,8.24301815033,45
184,378e1b4037b2208a390730ed,M23,0,0.75,6.63123321533,45
184,378e1b4037b2208a390730ed,M24,0,1.56,8.2488451004,45
184,378e1b4037b2208a390730ed,M25,0,6.71,9.70871543884,20
184,378e1b4037b2208a390730ed,M26,0,4.94,8.113904953,20
184,378e1b4037b2208a390730ed,M27,0,7.12,9.46513462067,30
184,378e1b4037b2208a390730ed,M28,0,5.48,8.03276062012,30
184,378e1b4037b2208a390730ed,M29,0,6.65,9.42875480652,30
184,378e1b4037b2208a390730ed,M30,0,4.19,5.68907403946,21
185,3d1756396565a85b0e5bfd75,M01,3,8.23,7.48675823212,10
185,3d1756396565a85b0e5bfd75,M02,3,10.9,10.1295900345,15
185,3d1756396565a85b0e5bfd75,M03,3,12.56,10.8640327454,21
185,3d1756396565a85b0e5bfd75,M04,3,11.62,10.3613834381,21
185,3d1756396565a85b0e5bfd75,M05,3,11.8,10.3572053909,21
185,3d1756396565a85b0e5bfd75,M06,3,15.3,13.6273031235,21
185,3d1756396565a85b0e5bfd75,M07,3,17.6,15.4637489319,30
185,3d1756396565a85b0e5bfd75,M08,3,21.86,19.7660331726,30
185,3d1756396565a85b0e5bfd75,M09,3,20.57,18.49518013,30
185,3d1756396565a85b0e5bfd75,M10,3,23.37,21.338476181,30
185,3d1756396565a85b0e5bfd75,M11,3,22.55,20.4776306152,30
185,3d1756396565a85b0e5bfd75,M12,3,32.04,29.8097286224,45
185,3d1756396565a85b0e5bfd75,M13,3,33.42,30.2643108368,60
185,3d1756396565a85b0e5bfd75,M14,3,30.19,27.5965709686,60
185,3d1756396565a85b0e5bfd75,M15,3,33.76,30.8086452484,60
185,3d1756396565a85b0e5bfd75,M16,3,62.47,57.3674468994,100
185,3d1756396565a85b0e5bfd75,M17,3,8.54,7.49612665176,14
185,3d1756396565a85b0e5bfd75,M18,3,12.03,10.7107076645,21
185,3d1756396565a85b0e5bfd75,M19,3,10.94,9.33951854706,21
185,3d1756396565a85b0e5bfd75,M20,3,12.86,11.6831178665,20
185,3d1756396565a85b0e5bfd75,M21,3,10.01,8.95202159882,21
185,3d1756396565a85b0e5bfd75,M22,3,25.68,22.4589519501,45
185,3d1756396565a85b0e5bfd75,M23,3,22.13,19.4484024048,45
185,3d1756396565a85b0e5bfd75,M24,3,26.41,23.5857830048,45
185,3d1756396565a85b0e5bfd75,M25,3,15.68,14.4164857864,20
185,3d1756396565a85b0e5bfd75,M26,3,14.41,13.330119133,20
185,3d1756396565a85b0e5bfd75,M27,3,19.72,17.5550880432,30
185,3d1756396565a85b0e5bfd75,M28,3,17.87,15.7372217178,30
185,3d1756396565a85b0e5bfd75,M29,3,19.66,17.7256717682,30
185,3d1756396565a85b0e5bfd75,M30,3,12.62,10.9932975769,21
186,231bee3016cdac10154eb865,M01,2,5.38,6.15310335159,10
186,231bee3016cdac10154eb865,M02,2,6.93,7.84569168091,15
186,231bee3016cdac10154eb865,M03,2,6.03,7.65782308578,21
186,231bee3016cdac10154eb865,M04,2,5.44,7.04857683182,21
186,231bee3016cdac10154eb865,M05,2,5.65,7.0358080864,21
186,231bee3016cdac10154eb865,M06,2,7.73,9.90365409851,21
186,231bee3016cdac10154eb865,M07,2,7.7,10.1441764832,30
186,231bee3016cdac10154eb865,M08,2,10.1,13.8449087143,30
186,231bee3016cdac10154eb865,M09,2,8.4,12.5295972824,30
186,231bee3016cdac10154eb865,M10,2,11.91,15.0474720001,30
186,231bee3016cdac10154eb865,M11,2,10.76,14.1624097824,30
186,231bee3016cdac10154eb865,M12,2,12.46,18.7105007172,45
186,231bee3016cdac10154eb865,M13,2,12.45,19.2557430267,60
186,231bee3016cdac10154eb865,M14,2,9.77,16.1766681671,60
186,231bee3016cdac10154eb865,M15,2,12.33,18.8770427704,60
186,231bee3016cdac10154eb865,M16,2,23.53,39.419303894,100
186,231bee3016cdac10154eb865,M17,2,2.78,5.34438562393,14
186,231bee3016cdac10154eb865,M18,2,5.17,7.45898246765,21
186,231bee3016cdac10154eb865,M19,2,5.29,6.68040943146,21
186,231bee3016cdac10154eb865,M20,2,5.67,8.2819480896,20
186,231bee3016cdac10154eb865,M21,2,4.7,6.28138446808,21
186,231bee3016cdac10154eb865,M22,2,8.28,13.2734060287,45
186,231bee3016cdac10154eb865,M23,2,6.83,11.1330032349,45
186,231bee3016cdac10154eb865,M24,2,8.13,13.0069255829,45
186,231bee3016cdac10154eb865,M25,2,11.62,11.1902446747,20
186,231bee3016cdac10154eb865,M26,2,10.16,9.70556545258,20
186,231bee3016cdac10154eb865,M27,2,11.66,12.6840629578,30
186,231bee3016cdac10154eb865,M28,2,9.71,11.086306572,30
186,231bee3016cdac10154eb865,M29,2,11.36,12.6136341095,30
186,231bee3016cdac10154eb865,M30,2,6.88,7.53375387192,21
187,ceff63dc913a8d929452b72a,M01,0,7.47,8.06749916077,10
187,ceff63dc913a8d929452b72a,M02,0,10.05,10.8992757797,15
187,ceff63dc913a8d929452b72a,M03,0,10.87,12.1295528412,21
187,ceff63dc913a8d929452b72a,M04,0,10.05,11.3908596039,21
187,ceff63dc913a8d929452b72a,M05,0,10.13,11.5370578766,21
187,ceff63dc913a8d929452b72a,M06,0,13.39,14.8268270493,21
187,ceff63dc913a8d929452b72a,M07,0,15.03,17.0666599274,30
187,ceff63dc913a8d929452b72a,M08,0,19.42,21.7367744446,30
187,ceff63dc913a8d929452b72a,M09,0,18.31,20.3124485016,30
187,ceff63dc913a8d929452b72a,M10,0,20.96,23.1764163971,30
187,ceff63dc913a8d929452b72a,M11,0,20.25,22.4698371887,30
187,ceff63dc913a8d929452b72a,M12,0,27.96,31.3228187561,45
187,ceff63dc913a8d929452b72a,M13,0,28.22,31.996925354,60
187,ceff63dc913a8d929452b72a,M14,0,24.86,28.5171260834,60
187,ceff63dc913a8d929452b72a,M15,0,28.75,32.5937271118,60
187,ceff63dc913a8d929452b72a,M16,0,56.81,61.0102424622,100
187,ceff63dc913a8d929452b72a,M17,0,7.62,8.16308879852,14
187,ceff63dc913a8d929452b72a,M18,0,10.6,11.7307224274,21
187,ceff63dc913a8d929452b72a,M19,0,8.9,10.7585744858,21
187,ceff63dc913a8d929452b72a,M20,0,11.13,12.8051328659,20
187,ceff63dc913a8d929452b72a,M21,0,8.42,10.1259098053,21
187,ceff63dc913a8d929452b72a,M22,0,20.4,25.7878456116,45
187,ceff63dc913a8d929452b72a,M23,0,17.45,22.6640853882,45
187,ceff63dc913a8d929452b72a,M24,0,20.96,26.7052078247,45
187,ceff63dc913a8d929452b72a,M25,0,14.53,15.469291687,20
187,ceff63dc913a8d929452b72a,M26,0,13.29,14.2145147324,20
187,ceff63dc913a8d929452b72a,M27,0,17.44,19.2082939148,30
187,ceff63dc913a8d929452b72a,M28,0,15.54,17.4674797058,30
187,ceff63dc913a8d929452b72a,M29,0,17.48,19.2646980286,30
187,ceff63dc913a8d929452b72a,M30,0,10.89,12.2927522659,21
188,c815242a0e123343d6e3302a,M01,2,9.1,9.05908966064,10
188,c815242a0e123343d6e3302a,M02,2,13.17,12.4125261307,15
188,c815242a0e123343d6e3302a,M03,2,15.7,14.3815002441,21
188,c815242a0e123343d6e3302a,M04,2,14.66,13.8133468628,21
188,c815242a0e123343d6e3302a,M05,2,14.94,13.8359165192,21
188,c815242a0e123343d6e3302a,M06,2,18.9,17.511932373,21
188,c815242a0e123343d6e3302a,M07,2,22.3,20.2949638367,30
188,c815242a0e123343d6e3302a,M08,2,26.22,24.184387207,30
188,c815242a0e123343d6e3302a,M09,2,24.81,23.3774089813,30
188,c815242a0e123343d6e3302a,M10,2,27.92,25.6479644775,30
188,c815242a0e123343d6e3302a,M11,2,27.01,25.3096179962,30
188,c815242a0e123343d6e3302a,M12,2,39.21,37.3564720154,45
188,c815242a0e123343d6e3302a,M13,2,42.05,38.9273223877,60
188,c815242a0e123343d6e3302a,M14,2,39.43,36.3043022156,60
188,c815242a0e123343d6e3302a,M15,2,42.52,39.2348213196,60
188,c815242a0e123343d6e3302a,M16,2,71.79,67.0710067749,100
188,c815242a0e123343d6e3302a,M17,2,10.27,9.47182369232,14
188,c815242a0e123343d6e3302a,M18,2,14.84,14.1639842987,21
188,c815242a0e123343d6e3302a,M19,2,16.12,13.5898923874,21
188,c815242a0e123343d6e3302a,M20,2,17.03,15.5493688583,20
188,c815242a0e123343d6e3302a,M21,2,14.78,13.1565418243,21
188,c815242a0e123343d6e3302a,M22,2,38.48,32.2627220154,45
188,c815242a0e123343d6e3302a,M23,2,34.48,29.4694862366,45
188,c815242a0e123343d6e3302a,M24,2,39.98,32.7543983459,45
188,c815242a0e123343d6e3302a,M25,2,18.65,17.5376567841,20
188,c815242a0e123343d6e3302a,M26,2,16.78,16.3961830139,20
188,c815242a0e123343d6e3302a,M27,2,23.86,22.0827198029,30
188,c815242a0e123343d6e3302a,M28,2,21.94,20.4819431305,30
188,c815242a0e123343d6e3302a,M29,2,23.92,21.9633903503,30
188,c815242a0e123343d6e3302a,M30,2,15.8,14.4781932831,21
189,6da8b86316162ba99fec2db6,M01,2,5.5,5.13001394272,10
189,6da8b86316162ba99fec2db6,M02,2,7.16,6.05514192581,15
189,6da8b86316162ba99fec2db6,M03,2,6.24,5.96605968475,21
189,6da8b86316162ba99fec2db6,M04,2,5.72,5.4067029953,21
189,6da8b86316162ba99fec2db6,M05,2,5.67,5.36461496353,21
189,6da8b86316162ba99fec2db6,M06,2,7.96,7.16025829315,21
189,6da8b86316162ba99fec2db6,M07,2,8.03,7.05131435394,30
189,6da8b86316162ba99fec2db6,M08,2,10.79,8.94665336609,30
189,6da8b86316162ba99fec2db6,M09,2,9.46,7.51758384705,30
189,6da8b86316162ba99fec2db6,M10,2,12.56,10.273768425,30
189,6da8b86316162ba99fec2db6,M11,2,11.44,9.26659965515,30
189,6da8b86316162ba99fec2db6,M12,2,13.47,11.0951795578,45
189,6da8b86316162ba99fec2db6,M13,2,13.51,11.0551376343,60
189,6da8b86316162ba99fec2db6,M14,2,10.65,8.80412197113,60
189,6da8b86316162ba99fec2db6,M15,2,13.31,11.2097940445,60
189,6da8b86316162ba99fec2db6,M16,2,27,20.5647315979,100
189,6da8b86316162ba99fec2db6,M17,2,4.32,3.87139964104,14
189,6da8b86316162ba99fec2db6,M18,2,6.22,5.95882034302,21
189,6da8b86316162ba99fec2db6,M19,2,5.23,5.32944869995,21
189,6da8b86316162ba99fec2db6,M20,2,6.75,6.09848308563,20
189,6da8b86316162ba99fec2db6,M21,2,5.15,5.10591316223,21
189,6da8b86316162ba99fec2db6,M22,2,10.17,9.24422836304,45
189,6da8b86316162ba99fec2db6,M23,2,8.39,7.27194881439,45
189,6da8b86316162ba99fec2db6,M24,2,10.06,9.24816703796,45
189,6da8b86316162ba99fec2db6,M25,2,10.84,9.42361354828,20
189,6da8b86316162ba99fec2db6,M26,2,9.1,7.94649648666,20
189,6da8b86316162ba99fec2db6,M27,2,10.48,9.54296112061,30
189,6da8b86316162ba99fec2db6,M28,2,8.62,7.82160425186,30
189,6da8b86316162ba99fec2db6,M29,2,10.21,9.41732788086,30
189,6da8b86316162ba99fec2db6,M30,2,6.23,5.94048213959,21
190,9f40631b794965aff4da7b4a,M01,4,8.38,7.86601734161,10
190,9f40631b794965aff4da7b4a,M02,4,11.03,10.5582027435,15
190,9f40631b794965aff4da7b4a,M03,4,12.78,11.4383621216,21
190,9f40631b794965aff4da7b4a,M04,4,11.69,10.6098518372,21
190,9f40631b794965aff4da7b4a,M05,4,11.93,10.7191743851,21
190,9f40631b794965aff4da7b4a,M06,4,15.62,14.2487363815,21
190,9f40631b794965aff4da7b4a,M07,4,17.89,15.9487037659,30
190,9f40631b794965aff4da7b4a,M08,4,22.15,19.9379825592,30
190,9f40631b794965aff4da7b4a,M09,4,20.65,18.5648536682,30
190,9f40631b794965aff4da7b4a,M10,4,23.7,21.5022945404,30
190,9f40631b794965aff4da7b4a,M11,4,22.73,20.5738315582,30
190,9f40631b794965aff4da7b4a,M12,4,32.45,26.5098266602,45
190,9f40631b794965aff4da7b4a,M13,4,34.14,27.2743015289,60
190,9f40631b794965aff4da7b4a,M14,4,30.92,24.2336578369,60
190,9f40631b794965aff4da7b4a,M15,4,34.31,27.2509899139,60
190,9f40631b794965aff4da7b4a,M16,4,63.27,57.8162765503,100
190,9f40631b794965aff4da7b4a,M17,4,8.61,8.08922100067,14
190,9f40631b794965aff4da7b4a,M18,4,12.09,10.9865512848,21
190,9f40631b794965aff4da7b4a,M19,4,11.24,9.89165592194,21
190,9f40631b794965aff4da7b4a,M20,4,13.16,12.2397651672,20
190,9f40631b794965aff4da7b4a,M21,4,10.22,9.35186672211,21
190,9f40631b794965aff4da7b4a,M22,4,26.76,23.2773799896,45
190,9f40631b794965aff4da7b4a,M23,4,23.13,20.6363296509,45
190,9f40631b794965aff4da7b4a,M24,4,27.32,23.3892173767,45
190,9f40631b794965aff4da7b4a,M25,4,15.88,15.3265790939,20
190,9f40631b794965aff4da7b4a,M26,4,14.59,13.905339241,20
190,9f40631b794965aff4da7b4a,M27,4,20.06,18.6234455109,30
190,9f40631b794965aff4da7b4a,M28,4,18.23,16.8629150391,30
190,9f40631b794965aff4da7b4a,M29,4,19.96,18.4886341095,30
190,9f40631b794965aff4da7b4a,M30,4,12.83,11.629201889,21
191,133b391bd1d233ca3265cf1b,M01,3,7.96,8.08873939514,10
191,133b391bd1d233ca3265cf1b,M02,3,10.62,10.6852674484,15
191,133b391bd1d233ca3265cf1b,M03,3,12.06,11.9039974213,21
191,133b391bd1d233ca3265cf1b,M04,3,11.17,11.2873220444,21
191,133b391bd1d233ca3265cf1b,M05,3,11.3,11.3912277222,21
191,133b391bd1d233ca3265cf1b,M06,3,14.73,14.8257951736,21
191,133b391bd1d233ca3265cf1b,M07,3,16.85,16.7290000916,30
191,133b391bd1d233ca3265cf1b,M08,3,21.15,21.2313766479,30
191,133b391bd1d233ca3265cf1b,M09,3,19.94,20.067861557,30
191,133b391bd1d233ca3265cf1b,M10,3,22.65,22.7300319672,30
191,133b391bd1d233ca3265cf1b,M11,3,21.84,22.1031208038,30
191,133b391bd1d233ca3265cf1b,M12,3,30.91,30.9383468628,45
191,133b391bd1d233ca3265cf1b,M13,3,31.99,32.0631446838,60
191,133b391bd1d233ca3265cf1b,M14,3,28.82,29.0329837799,60
191,133b391bd1d233ca3265cf1b,M15,3,32.24,32.0993232727,60
191,133b391bd1d233ca3265cf1b,M16,3,60.96,60.78307724,100
191,133b391bd1d233ca3265cf1b,M17,3,8.28,8.15228748322,14
191,133b391bd1d233ca3265cf1b,M18,3,11.6,11.6163301468,21
191,133b391bd1d233ca3265cf1b,M19,3,10.57,10.6048688889,21
191,133b391bd1d233ca3265cf1b,M20,3,12.63,12.435795784,20
191,133b391bd1d233ca3265cf1b,M21,3,9.81,9.94457244873,21
191,133b391bd1d233ca3265cf1b,M22,3,25.08,25.0869426727,45
191,133b391bd1d233ca3265cf1b,M23,3,21.69,22.1945991516,45
191,133b391bd1d233ca3265cf1b,M24,3,25.64,25.368888855,45
191,133b391bd1d233ca3265cf1b,M25,3,15.29,15.3645706177,20
191,133b391bd1d233ca3265cf1b,M26,3,14.07,14.0157318115,20
191,133b391bd1d233ca3265cf1b,M27,3,19.02,18.974357605,30
191,133b391bd1d233ca3265cf1b,M28,3,17.23,17.2309837341,30
191,133b391bd1d233ca3265cf1b,M29,3,18.95,18.8155155182,30
191,133b391bd1d233ca3265cf1b,M30,3,12.11,11.9971971512,21
193,2f9d6a91601860eeae150557,M01,2,8.49,8.30798053741,10
193,2f9d6a91601860eeae150557,M02,2,11.22,10.9924354553,15
193,2f9d6a91601860eeae150557,M03,2,13.23,12.5178766251,21
193,2f9d6a91601860eeae150557,M04,2,12.16,11.6616926193,21
193,2f9d6a91601860eeae150557,M05,2,12.41,11.7765703201,21
193,2f9d6a91601860eeae150557,M06,2,15.94,15.3154268265,21
193,2f9d6a91601860eeae150557,M07,2,18.6,17.6345844269,30
193,2f9d6a91601860eeae150557,M08,2,22.79,21.7540893555,30
193,2f9d6a91601860eeae150557,M09,2,21.34,20.4229011536,30
193,2f9d6a91601860eeae150557,M10,2,24.27,23.2779750824,30
193,2f9d6a91601860eeae150557,M11,2,23.44,22.6387500763,30
193,2f9d6a91601860eeae150557,M12,2,33.68,31.6427021027,45
193,2f9d6a91601860eeae150557,M13,2,35.2,33.2126846313,60
193,2f9d6a91601860eeae150557,M14,2,32.14,29.9646720886,60
193,2f9d6a91601860eeae150557,M15,2,35.08,33.4515533447,60
193,2f9d6a91601860eeae150557,M16,2,64.4,62.6706390381,100
193,2f9d6a91601860eeae150557,M17,2,8.83,8.4658613205,14
193,2f9d6a91601860eeae150557,M18,2,12.54,11.9780845642,21
193,2f9d6a91601860eeae150557,M19,2,12.33,11.0547351837,21
193,2f9d6a91601860eeae150557,M20,2,13.85,12.8890838623,20
193,2f9d6a91601860eeae150557,M21,2,11.22,10.1861391068,21
193,2f9d6a91601860eeae150557,M22,2,28.99,25.6693553925,45
193,2f9d6a91601860eeae150557,M23,2,25.58,22.8506317139,45
193,2f9d6a91601860eeae150557,M24,2,29.64,26.1467876434,45
193,2f9d6a91601860eeae150557,M25,2,16.03,15.6181793213,20
193,2f9d6a91601860eeae150557,M26,2,14.8,14.5331354141,20
193,2f9d6a91601860eeae150557,M27,2,20.44,19.4770736694,30
193,2f9d6a91601860eeae150557,M28,2,18.69,17.8728084564,30
193,2f9d6a91601860eeae150557,M29,2,20.31,19.4658088684,30
193,2f9d6a91601860eeae150557,M30,2,13.02,12.5471038818,21
194,b8c4be4f866a65acd44b7659,M01,3,7.17,7.89188194275,10
194,b8c4be4f866a65acd44b7659,M02,3,9.6,10.4121541977,15
194,b8c4be4f866a65acd44b7659,M03,3,9.95,11.3221197128,21
194,b8c4be4f866a65acd44b7659,M04,3,9.11,10.8303575516,21
194,b8c4be4f866a65acd44b7659,M05,3,9.17,10.8668708801,21
194,b8c4be4f866a65acd44b7659,M06,3,12.41,13.9372587204,21
194,b8c4be4f866a65acd44b7659,M07,3,13.62,15.8458108902,30
194,b8c4be4f866a65acd44b7659,M08,3,18,20.358669281,30
194,b8c4be4f866a65acd44b7659,M09,3,16.78,19.2141494751,30
194,b8c4be4f866a65acd44b7659,M10,3,19.62,21.7896518707,30
194,b8c4be4f866a65acd44b7659,M11,3,18.78,21.1182899475,30
194,b8c4be4f866a65acd44b7659,M12,3,25.5,29.8549346924,45
194,b8c4be4f866a65acd44b7659,M13,3,25.36,30.6669502258,60
194,b8c4be4f866a65acd44b7659,M14,3,21.76,27.6813163757,60
194,b8c4be4f866a65acd44b7659,M15,3,25.68,30.763130188,60
194,b8c4be4f866a65acd44b7659,M16,3,53.45,58.9603271484,100
194,b8c4be4f866a65acd44b7659,M17,3,7.09,7.82104587555,14
194,b8c4be4f866a65acd44b7659,M18,3,9.7,11.1619939804,21
194,b8c4be4f866a65acd44b7659,M19,3,8.51,9.77976989746,21
194,b8c4be4f866a65acd44b7659,M20,3,10.88,11.5874814987,20
194,b8c4be4f866a65acd44b7659,M21,3,8.04,9.36747932434,21
194,b8c4be4f866a65acd44b7659,M22,3,19.57,22.7090988159,45
194,b8c4be4f866a65acd44b7659,M23,3,16.53,19.7629718781,45
194,b8c4be4f866a65acd44b7659,M24,3,20.07,23.1308021545,45
194,b8c4be4f866a65acd44b7659,M25,3,13.99,14.8034725189,20
194,b8c4be4f866a65acd44b7659,M26,3,12.67,13.6738061905,20
194,b8c4be4f866a65acd44b7659,M27,3,16.27,18.23853302,30
194,b8c4be4f866a65acd44b7659,M28,3,14.25,16.1048030853,30
194,b8c4be4f866a65acd44b7659,M29,3,16.25,18.1450557709,30
194,b8c4be4f866a65acd44b7659,M30,3,9.97,11.5089120865,21
195,2f3df9eedd2906c14ce0e5d6,M01,4,8.29,8.4632692337,10
195,2f3df9eedd2906c14ce0e5d6,M02,4,10.96,11.0616140366,15
195,2f3df9eedd2906c14ce0e5d6,M03,4,12.71,12.1059083939,21
195,2f3df9eedd2906c14ce0e5d6,M04,4,11.75,11.4117517471,21
195,2f3df9eedd2906c14ce0e5d6,M05,4,11.98,11.4777956009,21
195,2f3df9eedd2906c14ce0e5d6,M06,4,15.51,15.0270318985,21
195,2f3df9eedd2906c14ce0e5d6,M07,4,17.81,16.8613910675,30
195,2f3df9eedd2906c14ce0e5d6,M08,4,22.07,21.6766414642,30
195,2f3df9eedd2906c14ce0e5d6,M09,4,20.74,20.3850135803,30
195,2f3df9eedd2906c14ce0e5d6,M10,4,23.57,22.9913444519,30
195,2f3df9eedd2906c14ce0e5d6,M11,4,22.81,22.3121452332,30
195,2f3df9eedd2906c14ce0e5d6,M12,4,32.37,30.2875766754,45
195,2f3df9eedd2906c14ce0e5d6,M13,4,34.01,30.7341403961,60
195,2f3df9eedd2906c14ce0e5d6,M14,4,30.82,28.3762016296,60
195,2f3df9eedd2906c14ce0e5d6,M15,4,34.3,31.0827445984,60
195,2f3df9eedd2906c14ce0e5d6,M16,4,63.09,59.4140357971,100
195,2f3df9eedd2906c14ce0e5d6,M17,4,8.63,8.47848320007,14
195,2f3df9eedd2906c14ce0e5d6,M18,4,12.14,11.7297105789,21
195,2f3df9eedd2906c14ce0e5d6,M19,4,11.55,10.98051548,21
195,2f3df9eedd2906c14ce0e5d6,M20,4,13.4,12.9338274002,20
195,2f3df9eedd2906c14ce0e5d6,M21,4,10.71,10.4696969986,21
195,2f3df9eedd2906c14ce0e5d6,M22,4,27.92,26.1530094147,45
195,2f3df9eedd2906c14ce0e5d6,M23,4,24.38,24.0292015076,45
195,2f3df9eedd2906c14ce0e5d6,M24,4,28.54,26.7248744965,45
195,2f3df9eedd2906c14ce0e5d6,M25,4,15.76,16.0325698853,20
195,2f3df9eedd2906c14ce0e5d6,M26,4,14.55,15.0619506836,20
195,2f3df9eedd2906c14ce0e5d6,M27,4,19.93,19.5109405518,30
195,2f3df9eedd2906c14ce0e5d6,M28,4,18.16,18.0708808899,30
195,2f3df9eedd2906c14ce0e5d6,M29,4,19.88,19.5831871033,30
195,2f3df9eedd2906c14ce0e5d6,M30,4,12.75,12.4115142822,21
196,2c3353338941a5a1620123ce,M01,0,7.85,8.09407520294,10
196,2c3353338941a5a1620123ce,M02,0,10.46,10.9518136978,15
196,2c3353338941a5a1620123ce,M03,0,11.69,12.0390939713,21
196,2c3353338941a5a1620123ce,M04,0,10.75,11.4930849075,21
196,2c3353338941a5a1620123ce,M05,0,10.93,11.5159816742,21
196,2c3353338941a5a1620123ce,M06,0,14.46,14.7747058868,21
196,2c3353338941a5a1620123ce,M07,0,16.27,17.1161975861,30
196,2c3353338941a5a1620123ce,M08,0,20.61,21.2494812012,30
196,2c3353338941a5a1620123ce,M09,0,19.32,20.033000946,30
196,2c3353338941a5a1620123ce,M10,0,22.17,22.8257846832,30
196,2c3353338941a5a1620123ce,M11,0,21.32,22.0180187225,30
196,2c3353338941a5a1620123ce,M12,0,29.95,31.6508312225,45
196,2c3353338941a5a1620123ce,M13,0,31.18,32.314655304,60
196,2c3353338941a5a1620123ce,M14,0,27.93,29.1789779663,60
196,2c3353338941a5a1620123ce,M15,0,31.1,32.9947433472,60
196,2c3353338941a5a1620123ce,M16,0,60.08,62.0589523315,100
196,2c3353338941a5a1620123ce,M17,0,8.07,8.28841876984,14
196,2c3353338941a5a1620123ce,M18,0,11.22,11.8641757965,21
196,2c3353338941a5a1620123ce,M19,0,10.69,10.5983009338,21
196,2c3353338941a5a1620123ce,M20,0,12.8,12.7179956436,20
196,2c3353338941a5a1620123ce,M21,0,9.97,10.1670970917,21
196,2c3353338941a5a1620123ce,M22,0,25.72,24.9863758087,45
196,2c3353338941a5a1620123ce,M23,0,22.29,21.5552177429,45
196,2c3353338941a5a1620123ce,M24,0,26.08,26.039144516,45
196,2c3353338941a5a1620123ce,M25,0,15.15,15.3558473587,20
196,2c3353338941a5a1620123ce,M26,0,13.94,14.1779851913,20
196,2c3353338941a5a1620123ce,M27,0,18.7,19.121515274,30
196,2c3353338941a5a1620123ce,M28,0,16.87,17.2120094299,30
196,2c3353338941a5a1620123ce,M29,0,18.51,19.2869758606,30
196,2c3353338941a5a1620123ce,M30,0,11.73,12.1607761383,21
198,21c96a0876123a4a80b11e73,M01,2,4.47,4.91010427475,10
198,21c96a0876123a4a80b11e73,M02,2,6.01,6.40226411819,15
198,21c96a0876123a4a80b11e73,M03,2,5.2,6.1023774147,21
198,21c96a0876123a4a80b11e73,M04,2,5.02,5.5056438446,21
198,21c96a0876123a4a80b11e73,M05,2,4.53,5.44419384003,21
198,21c96a0876123a4a80b11e73,M06,2,6.58,7.66850996017,21
198,21c96a0876123a4a80b11e73,M07,2,6.61,7.80628442764,30
198,21c96a0876123a4a80b11e73,M08,2,8.3,10.7183218002,30
198,21c96a0876123a4a80b11e73,M09,2,7.39,9.3746843338,30
198,21c96a0876123a4a80b11e73,M10,2,9.9,11.8864927292,30
198,21c96a0876123a4a80b11e73,M11,2,9.29,10.7791633606,30
198,21c96a0876123a4a80b11e73,M12,2,9.62,11.6429710388,45
198,21c96a0876123a4a80b11e73,M13,2,9.96,11.7122402191,60
198,21c96a0876123a4a80b11e73,M14,2,7.11,9.67794322968,60
198,21c96a0876123a4a80b11e73,M15,2,9.85,11.6625471115,60
198,21c96a0876123a4a80b11e73,M16,2,16.84,24.7372360229,100
198,21c96a0876123a4a80b11e73,M17,2,3.67,3.95549345016,14
198,21c96a0876123a4a80b11e73,M18,2,5.64,6.06006383896,21
198,21c96a0876123a4a80b11e73,M19,2,4.4,5.16754722595,21
198,21c96a0876123a4a80b11e73,M20,2,5.64,6.08304548264,20
198,21c96a0876123a4a80b11e73,M21,2,4.59,4.84295845032,21
198,21c96a0876123a4a80b11e73,M22,2,8.01,9.90683841705,45
198,21c96a0876123a4a80b11e73,M23,2,6.73,8.32761478424,45
198,21c96a0876123a4a80b11e73,M24,2,7.85,9.9189157486,45
198,21c96a0876123a4a80b11e73,M25,2,8.51,9.04119682312,20
198,21c96a0876123a4a80b11e73,M26,2,7.23,7.77503108978,20
198,21c96a0876123a4a80b11e73,M27,2,8.35,9.9738702774,30
198,21c96a0876123a4a80b11e73,M28,2,7.21,8.52606868744,30
198,21c96a0876123a4a80b11e73,M29,2,8.31,9.82546615601,30
198,21c96a0876123a4a80b11e73,M30,2,5.4,6.20361948013,21
199,c70e593c2e631310bfe805a0,M01,3,6.4,6.72029924393,10
199,c70e593c2e631310bfe805a0,M02,3,8.98,9.00586986542,15
199,c70e593c2e631310bfe805a0,M03,3,8.83,9.02216815948,21
199,c70e593c2e631310bfe805a0,M04,3,8.22,8.54706096649,21
199,c70e593c2e631310bfe805a0,M05,3,7.93,8.42634010315,21
199,c70e593c2e631310bfe805a0,M06,3,10.73,11.4633731842,21
199,c70e593c2e631310bfe805a0,M07,3,12.34,12.3989591599,30
199,c70e593c2e631310bfe805a0,M08,3,16.56,16.5212306976,30
199,c70e593c2e631310bfe805a0,M09,3,15.35,15.4747152328,30
199,c70e593c2e631310bfe805a0,M10,3,18.19,18.0167064667,30
199,c70e593c2e631310bfe805a0,M11,3,16.99,16.7898578644,30
199,c70e593c2e631310bfe805a0,M12,3,22.72,22.8762531281,45
199,c70e593c2e631310bfe805a0,M13,3,20.65,21.9634380341,60
199,c70e593c2e631310bfe805a0,M14,3,17.56,18.2311725616,60
199,c70e593c2e631310bfe805a0,M15,3,22.1,22.8948822021,60
199,c70e593c2e631310bfe805a0,M16,3,47,48.2330703735,100
199,c70e593c2e631310bfe805a0,M17,3,6.64,6.90311670303,14
199,c70e593c2e631310bfe805a0,M18,3,8.88,9.10235500336,21
199,c70e593c2e631310bfe805a0,M19,3,6.87,6.69703865051,21
199,c70e593c2e631310bfe805a0,M20,3,10.33,9.2888469696,20
199,c70e593c2e631310bfe805a0,M21,3,7.04,6.67768859863,21
199,c70e593c2e631310bfe805a0,M22,3,16.45,15.2398605347,45
199,c70e593c2e631310bfe805a0,M23,3,13.17,11.914440155,45
199,c70e593c2e631310bfe805a0,M24,3,20.03,16.8067417145,45
199,c70e593c2e631310bfe805a0,M25,3,12.68,13.0602664948,20
199,c70e593c2e631310bfe805a0,M26,3,11.44,12.0216789246,20
199,c70e593c2e631310bfe805a0,M27,3,13.79,14.4591360092,30
199,c70e593c2e631310bfe805a0,M28,3,11.94,12.3904409409,30
199,c70e593c2e631310bfe805a0,M29,3,14.3,14.6618118286,30
199,c70e593c2e631310bfe805a0,M30,3,8.35,8.93031597137,21
200,1157dca77a3505f7c3391cf1,M01,1,4.74,4.99917697906,10
200,1157dca77a3505f7c3391cf1,M02,1,6.47,6.85194206238,15
200,1157dca77a3505f7c3391cf1,M03,1,5.4,6.27874994278,21
200,1157dca77a3505f7c3391cf1,M04,1,5.17,5.65719366074,21
200,1157dca77a3505f7c3391cf1,M05,1,5.05,5.67275238037,21
200,1157dca77a3505f7c3391cf1,M06,1,6.93,8.07092189789,21
200,1157dca77a3505f7c3391cf1,M07,1,7.04,8.22388362885,30
200,1157dca77a3505f7c3391cf1,M08,1,9.63,10.647983551,30
200,1157dca77a3505f7c3391cf1,M09,1,8.62,9.59397125244,30
200,1157dca77a3505f7c3391cf1,M10,1,11.14,12.1585083008,30
200,1157dca77a3505f7c3391cf1,M11,1,10.24,11.2017917633,30
200,1157dca77a3505f7c3391cf1,M12,1,12.17,13.7474889755,45
200,1157dca77a3505f7c3391cf1,M13,1,11.56,13.4937009811,60
200,1157dca77a3505f7c3391cf1,M14,1,9.23,10.6732873917,60
200,1157dca77a3505f7c3391cf1,M15,1,11.53,13.0836219788,60
200,1157dca77a3505f7c3391cf1,M16,1,22.81,34.5530052185,100
200,1157dca77a3505f7c3391cf1,M17,1,3.61,4.49943161011,14
200,1157dca77a3505f7c3391cf1,M18,1,5.52,6.36287117004,21
200,1157dca77a3505f7c3391cf1,M19,1,4.69,5.04413127899,21
200,1157dca77a3505f7c3391cf1,M20,1,5.9,6.76470708847,20
200,1157dca77a3505f7c3391cf1,M21,1,4.66,4.71671199799,21
200,1157dca77a3505f7c3391cf1,M22,1,8.57,10.0004768372,45
200,1157dca77a3505f7c3391cf1,M23,1,7.23,7.97517251968,45
200,1157dca77a3505f7c3391cf1,M24,1,8.31,9.69005680084,45
200,1157dca77a3505f7c3391cf1,M25,1,8.23,10.4823312759,20
200,1157dca77a3505f7c3391cf1,M26,1,7.63,9.19877433777,20
200,1157dca77a3505f7c3391cf1,M27,1,8.29,10.2541685104,30
200,1157dca77a3505f7c3391cf1,M28,1,7.68,8.65357017517,30
200,1157dca77a3505f7c3391cf1,M29,1,8.65,10.2212247849,30
200,1157dca77a3505f7c3391cf1,M30,1,5.39,6.46021032333,21
201,a163f7a7711eeffb4a750ec3,M01,3,6.74,4.97282361984,10
201,a163f7a7711eeffb4a750ec3,M02,3,9.03,6.94042253494,15
201,a163f7a7711eeffb4a750ec3,M03,3,8.85,6.13006401062,21
201,a163f7a7711eeffb4a750ec3,M04,3,7.72,5.58688688278,21
201,a163f7a7711eeffb4a750ec3,M05,3,7.71,5.50493717194,21
201,a163f7a7711eeffb4a750ec3,M06,3,11.05,7.9395108223,21
201,a163f7a7711eeffb4a750ec3,M07,3,11.89,8.26453876495,30
201,a163f7a7711eeffb4a750ec3,M08,3,16.17,11.1045265198,30
201,a163f7a7711eeffb4a750ec3,M09,3,14.42,10.114900589,30
201,a163f7a7711eeffb4a750ec3,M10,3,17.85,12.6414041519,30
201,a163f7a7711eeffb4a750ec3,M11,3,16.59,11.5554733276,30
201,a163f7a7711eeffb4a750ec3,M12,3,22.44,14.2940101624,45
201,a163f7a7711eeffb4a750ec3,M13,3,21.46,14.1957874298,60
201,a163f7a7711eeffb4a750ec3,M14,3,17.83,11.7734708786,60
201,a163f7a7711eeffb4a750ec3,M15,3,21.83,14.1576623917,60
201,a163f7a7711eeffb4a750ec3,M16,3,48.01,28.9654808044,100
201,a163f7a7711eeffb4a750ec3,M17,3,6.07,4.23715162277,14
201,a163f7a7711eeffb4a750ec3,M18,3,8.36,6.10470962524,21
201,a163f7a7711eeffb4a750ec3,M19,3,6.36,4.8167848587,21
201,a163f7a7711eeffb4a750ec3,M20,3,8.64,6.69165277481,20
201,a163f7a7711eeffb4a750ec3,M21,3,5.99,4.70422506332,21
201,a163f7a7711eeffb4a750ec3,M22,3,13.5,10.1204748154,45
201,a163f7a7711eeffb4a750ec3,M23,3,11.51,8.55305099487,45
201,a163f7a7711eeffb4a750ec3,M24,3,13.61,10.2940130234,45
201,a163f7a7711eeffb4a750ec3,M25,3,13.24,10.7940425873,20
201,a163f7a7711eeffb4a750ec3,M26,3,11.83,9.42664241791,20
201,a163f7a7711eeffb4a750ec3,M27,3,14.57,11.0364818573,30
201,a163f7a7711eeffb4a750ec3,M28,3,12.44,9.54159355164,30
201,a163f7a7711eeffb4a750ec3,M29,3,14.17,10.9667196274,30
201,a163f7a7711eeffb4a750ec3,M30,3,8.83,6.6668753624,21
202,f217da90d1070a3bbaec6996,M01,3,8.03,7.88428258896,10
202,f217da90d1070a3bbaec6996,M02,3,10.63,10.8635091782,15
202,f217da90d1070a3bbaec6996,M03,3,12.03,11.9102945328,21
202,f217da90d1070a3bbaec6996,M04,3,11.09,11.2007112503,21
202,f217da90d1070a3bbaec6996,M05,3,11.24,11.2854423523,21
202,f217da90d1070a3bbaec6996,M06,3,14.84,14.7503509521,21
202,f217da90d1070a3bbaec6996,M07,3,16.78,16.8257007599,30
202,f217da90d1070a3bbaec6996,M08,3,21.09,21.2128276825,30
202,f217da90d1070a3bbaec6996,M09,3,19.8,19.8169670105,30
202,f217da90d1070a3bbaec6996,M10,3,22.62,22.6259059906,30
202,f217da90d1070a3bbaec6996,M11,3,21.78,22.0473823547,30
202,f217da90d1070a3bbaec6996,M12,3,30.72,30.8007354736,45
202,f217da90d1070a3bbaec6996,M13,3,32.12,31.7296066284,60
202,f217da90d1070a3bbaec6996,M14,3,28.82,28.4170379639,60
202,f217da90d1070a3bbaec6996,M15,3,32.04,31.924369812,60
202,f217da90d1070a3bbaec6996,M16,3,61.1,59.4926795959,100
202,f217da90d1070a3bbaec6996,M17,3,8.25,8.11217498779,14
202,f217da90d1070a3bbaec6996,M18,3,11.54,11.5542325974,21
202,f217da90d1070a3bbaec6996,M19,3,10.59,10.6065607071,21
202,f217da90d1070a3bbaec6996,M20,3,12.69,12.7475614548,20
202,f217da90d1070a3bbaec6996,M21,3,9.82,9.90143203735,21
202,f217da90d1070a3bbaec6996,M22,3,25.22,25.2162399292,45
202,f217da90d1070a3bbaec6996,M23,3,21.73,21.8823223114,45
202,f217da90d1070a3bbaec6996,M24,3,25.6,25.7362098694,45
202,f217da90d1070a3bbaec6996,M25,3,15.37,15.5069894791,20
202,f217da90d1070a3bbaec6996,M26,3,14.14,14.0521192551,20
202,f217da90d1070a3bbaec6996,M27,3,19.14,19.3110618591,30
202,f217da90d1070a3bbaec6996,M28,3,17.29,17.320848465,30
202,f217da90d1070a3bbaec6996,M29,3,18.94,19.2186775208,30
202,f217da90d1070a3bbaec6996,M30,3,12.07,12.0452070236,21
203,cd59d3604f71cc60f2c12594,M01,1,4.82,5.20314264297,10
203,cd59d3604f71cc60f2c12594,M02,1,6.23,6.15698194504,15
203,cd59d3604f71cc60f2c12594,M03,1,5.39,6.03455114365,21
203,cd59d3604f71cc60f2c12594,M04,1,5.09,5.44642305374,21
203,cd59d3604f71cc60f2c12594,M05,1,4.98,5.43801546097,21
203,cd59d3604f71cc60f2c12594,M06,1,6.87,6.7046751976,21
203,cd59d3604f71cc60f2c12594,M07,1,6.84,6.99089097977,30
203,cd59d3604f71cc60f2c12594,M08,1,8.53,8.12312602997,30
203,cd59d3604f71cc60f2c12594,M09,1,7.33,7.11647558212,30
203,cd59d3604f71cc60f2c12594,M10,1,10.19,9.14245796204,30
203,cd59d3604f71cc60f2c12594,M11,1,9.15,8.47316360474,30
203,cd59d3604f71cc60f2c12594,M12,1,10.07,9.64917755127,45
203,cd59d3604f71cc60f2c12594,M13,1,10.54,9.30587387085,60
203,cd59d3604f71cc60f2c12594,M14,1,7.82,7.15911769867,60
203,cd59d3604f71cc60f2c12594,M15,1,10.4,9.68528747559,60
203,cd59d3604f71cc60f2c12594,M16,1,18.47,15.6343650818,100
203,cd59d3604f71cc60f2c12594,M17,1,3.41,4.16051387787,14
203,cd59d3604f71cc60f2c12594,M18,1,5.51,5.91243505478,21
203,cd59d3604f71cc60f2c12594,M19,1,4.75,5.21575307846,21
203,cd59d3604f71cc60f2c12594,M20,1,6.39,5.80940771103,20
203,cd59d3604f71cc60f2c12594,M21,1,4.88,5.05569219589,21
203,cd59d3604f71cc60f2c12594,M22,1,8.42,7.57726144791,45
203,cd59d3604f71cc60f2c12594,M23,1,6.78,5.7875828743,45
203,cd59d3604f71cc60f2c12594,M24,1,8.35,7.73397254944,45
203,cd59d3604f71cc60f2c12594,M25,1,9.29,9.95232582092,20
203,cd59d3604f71cc60f2c12594,M26,1,7.49,8.43636226654,20
203,cd59d3604f71cc60f2c12594,M27,1,8.9,9.50906658173,30
203,cd59d3604f71cc60f2c12594,M28,1,7.38,7.82954311371,30
203,cd59d3604f71cc60f2c12594,M29,1,8.56,9.5565776825,30
203,cd59d3604f71cc60f2c12594,M30,1,5.39,6.11071157455,21
205,349160f21ef26f3bd10c02df,M01,4,4.74,6.19346284866,10
205,349160f21ef26f3bd10c02df,M02,4,6.42,8.20879268646,15
205,349160f21ef26f3bd10c02df,M03,4,5.35,7.51263189316,21
205,349160f21ef26f3bd10c02df,M04,4,5.11,6.73465871811,21
205,349160f21ef26f3bd10c02df,M05,4,4.95,6.68827342987,21
205,349160f21ef26f3bd10c02df,M06,4,6.78,9.4051733017,21
205,349160f21ef26f3bd10c02df,M07,4,6.97,10.2023878098,30
205,349160f21ef26f3bd10c02df,M08,4,9.62,14.4902925491,30
205,349160f21ef26f3bd10c02df,M09,4,8.56,13.174492836,30
205,349160f21ef26f3bd10c02df,M10,4,11.03,16.0718288422,30
205,349160f21ef26f3bd10c02df,M11,4,10.08,14.6892213821,30
205,349160f21ef26f3bd10c02df,M12,4,12.16,19.450258255,45
205,349160f21ef26f3bd10c02df,M13,4,11.54,18.4712944031,60
205,349160f21ef26f3bd10c02df,M14,4,9.65,15.1087627411,60
205,349160f21ef26f3bd10c02df,M15,4,11.38,18.5916595459,60
205,349160f21ef26f3bd10c02df,M16,4,24.02,36.4443321228,100
205,349160f21ef26f3bd10c02df,M17,4,3.49,5.29619693756,14
205,349160f21ef26f3bd10c02df,M18,4,5.44,6.98799228668,21
205,349160f21ef26f3bd10c02df,M19,4,4.67,5.89905452728,21
205,349160f21ef26f3bd10c02df,M20,4,5.93,7.65670251846,20
205,349160f21ef26f3bd10c02df,M21,4,4.63,5.48018074036,21
205,349160f21ef26f3bd10c02df,M22,4,8.56,12.3043832779,45
205,349160f21ef26f3bd10c02df,M23,4,7.51,10.4216108322,45
205,349160f21ef26f3bd10c02df,M24,4,8.24,12.563375473,45
205,349160f21ef26f3bd10c02df,M25,4,11.52,12.1374778748,20
205,349160f21ef26f3bd10c02df,M26,4,10.36,10.6093683243,20
205,349160f21ef26f3bd10c02df,M27,4,11.5,12.8593416214,30
205,349160f21ef26f3bd10c02df,M28,4,10.06,11.1951446533,30
205,349160f21ef26f3bd10c02df,M29,4,11.23,12.7569379807,30
205,349160f21ef26f3bd10c02df,M30,4,7.25,7.72022628784,21
208,7e8108e8aa1d6afff73a1bc0,M01,2,8.55,8.49540233612,10
208,7e8108e8aa1d6afff73a1bc0,M02,2,11.25,11.1840591431,15
208,7e8108e8aa1d6afff73a1bc0,M03,2,13.28,12.8009023666,21
208,7e8108e8aa1d6afff73a1bc0,M04,2,12.21,12.0767688751,21
208,7e8108e8aa1d6afff73a1bc0,M05,2,12.42,12.1813907623,21
208,7e8108e8aa1d6afff73a1bc0,M06,2,15.99,15.6159152985,21
208,7e8108e8aa1d6afff73a1bc0,M07,2,18.67,18.0719661713,30
208,7e8108e8aa1d6afff73a1bc0,M08,2,22.86,22.3207798004,30
208,7e8108e8aa1d6afff73a1bc0,M09,2,21.4,21.0069580078,30
208,7e8108e8aa1d6afff73a1bc0,M10,2,24.34,23.9243907928,30
208,7e8108e8aa1d6afff73a1bc0,M11,2,23.35,23.22382164,30
208,7e8108e8aa1d6afff73a1bc0,M12,2,33.7,33.3786697388,45
208,7e8108e8aa1d6afff73a1bc0,M13,2,35.29,34.6087188721,60
208,7e8108e8aa1d6afff73a1bc0,M14,2,32.2,31.6499919891,60
208,7e8108e8aa1d6afff73a1bc0,M15,2,35.95,34.9920272827,60
208,7e8108e8aa1d6afff73a1bc0,M16,2,64.53,62.9968147278,100
208,7e8108e8aa1d6afff73a1bc0,M17,2,8.85,8.70325660706,14
208,7e8108e8aa1d6afff73a1bc0,M18,2,12.58,12.3700332642,21
208,7e8108e8aa1d6afff73a1bc0,M19,2,12.35,11.4460668564,21
208,7e8108e8aa1d6afff73a1bc0,M20,2,13.74,13.182516098,20
208,7e8108e8aa1d6afff73a1bc0,M21,2,10.87,10.5807914734,21
208,7e8108e8aa1d6afff73a1bc0,M22,2,28.99,26.9827442169,45
208,7e8108e8aa1d6afff73a1bc0,M23,2,25.5,24.3078365326,45
208,7e8108e8aa1d6afff73a1bc0,M24,2,29.43,27.7285747528,45
208,7e8108e8aa1d6afff73a1bc0,M25,2,16.1,15.8033294678,20
208,7e8108e8aa1d6afff73a1bc0,M26,2,14.86,14.7363204956,20
208,7e8108e8aa1d6afff73a1bc0,M27,2,20.51,19.9363975525,30
208,7e8108e8aa1d6afff73a1bc0,M28,2,18.75,18.2961921692,30
208,7e8108e8aa1d6afff73a1bc0,M29,2,20.14,19.9053230286,30
208,7e8108e8aa1d6afff73a1bc0,M30,2,13.33,12.8462219238,21
209,ae21572dff8704af71227db3,M01,1,4.61,5.07357406616,10
209,ae21572dff8704af71227db3,M02,1,6.12,6.67852306366,15
209,ae21572dff8704af71227db3,M03,1,5.16,5.95843744278,21
209,ae21572dff8704af71227db3,M04,1,4.97,5.38462352753,21
209,ae21572dff8704af71227db3,M05,1,4.82,5.29352998734,21
209,ae21572dff8704af71227db3,M06,1,6.57,7.68294095993,21
209,ae21572dff8704af71227db3,M07,1,6.58,7.64404201508,30
209,ae21572dff8704af71227db3,M08,1,8.71,10.5831708908,30
209,ae21572dff8704af71227db3,M09,1,7.8,9.4100484848,30
209,ae21572dff8704af71227db3,M10,1,10.15,12.2788333893,30
209,ae21572dff8704af71227db3,M11,1,9.23,10.9659471512,30
209,ae21572dff8704af71227db3,M12,1,10.67,13.7153282166,45
209,ae21572dff8704af71227db3,M13,1,10.54,13.5387058258,60
209,ae21572dff8704af71227db3,M14,1,8.54,10.4006195068,60
209,ae21572dff8704af71227db3,M15,1,10.42,13.246679306,60
209,ae21572dff8704af71227db3,M16,1,20.19,25.1262340546,100
209,ae21572dff8704af71227db3,M17,1,3.11,3.94604158401,14
209,ae21572dff8704af71227db3,M18,1,5.29,5.91371059418,21
209,ae21572dff8704af71227db3,M19,1,4.6,5.02508592606,21
209,ae21572dff8704af71227db3,M20,1,5.7,6.35995149612,20
209,ae21572dff8704af71227db3,M21,1,4.57,4.73629426956,21
209,ae21572dff8704af71227db3,M22,1,8.47,10.1109962463,45
209,ae21572dff8704af71227db3,M23,1,7.13,8.00755310059,45
209,ae21572dff8704af71227db3,M24,1,7.91,9.65092563629,45
209,ae21572dff8704af71227db3,M25,1,11.76,9.79955291748,20
209,ae21572dff8704af71227db3,M26,1,10.1,8.22280597687,20
209,ae21572dff8704af71227db3,M27,1,11.71,10.1188497543,30
209,ae21572dff8704af71227db3,M28,1,9.67,8.36317253113,30
209,ae21572dff8704af71227db3,M29,1,12.36,9.78570365906,30
209,ae21572dff8704af71227db3,M30,1,7.13,5.97148895264,21
210,f64cb299dc715625ad27bbf2,M01,2,8.08,7.24267148972,10
210,f64cb299dc715625ad27bbf2,M02,2,10.81,9.70890903473,15
210,f64cb299dc715625ad27bbf2,M03,2,12.48,10.4481115341,21
210,f64cb299dc715625ad27bbf2,M04,2,11.6,9.94545841217,21
210,f64cb299dc715625ad27bbf2,M05,2,11.79,9.93729496002,21
210,f64cb299dc715625ad27bbf2,M06,2,15.15,13.0473690033,21
210,f64cb299dc715625ad27bbf2,M07,2,17.51,14.7008581161,30
210,f64cb299dc715625ad27bbf2,M08,2,21.76,18.9307842255,30
210,f64cb299dc715625ad27bbf2,M09,2,20.55,17.7109775543,30
210,f64cb299dc715625ad27bbf2,M10,2,23.21,20.5039615631,30
210,f64cb299dc715625ad27bbf2,M11,2,22.53,19.6592502594,30
210,f64cb299dc715625ad27bbf2,M12,2,31.96,28.3516921997,45
210,f64cb299dc715625ad27bbf2,M13,2,33.19,28.9808120728,60
210,f64cb299dc715625ad27bbf2,M14,2,30.16,25.9609146118,60
210,f64cb299dc715625ad27bbf2,M15,2,33.71,29.5944023132,60
210,f64cb299dc715625ad27bbf2,M16,2,62.29,58.3326911926,100
210,f64cb299dc715625ad27bbf2,M17,2,8.51,7.40911197662,14
210,f64cb299dc715625ad27bbf2,M18,2,11.99,10.3779191971,21
210,f64cb299dc715625ad27bbf2,M19,2,10.97,9.23431301117,21
210,f64cb299dc715625ad27bbf2,M20,2,13.16,11.264456749,20
210,f64cb299dc715625ad27bbf2,M21,2,10.59,8.8225774765,21
210,f64cb299dc715625ad27bbf2,M22,2,27.2,22.2837600708,45
210,f64cb299dc715625ad27bbf2,M23,2,23.96,18.9014282227,45
210,f64cb299dc715625ad27bbf2,M24,2,27.1,23.1231307983,45
210,f64cb299dc715625ad27bbf2,M25,2,15.51,13.7745914459,20
210,f64cb299dc715625ad27bbf2,M26,2,14.33,12.545466423,20
210,f64cb299dc715625ad27bbf2,M27,2,19.51,17.033164978,30
210,f64cb299dc715625ad27bbf2,M28,2,17.79,14.9078979492,30
210,f64cb299dc715625ad27bbf2,M29,2,19.51,17.0960865021,30
210,f64cb299dc715625ad27bbf2,M30,2,12.52,10.6665754318,21
211,777595a9cfdca90527f5358e,M01,4,6.91,7.6144733429,10
211,777595a9cfdca90527f5358e,M02,4,9.36,10.3337507248,15
211,777595a9cfdca90527f5358e,M03,4,9.52,11.0847053528,21
211,777595a9cfdca90527f5358e,M04,4,8.63,10.4129896164,21
211,777595a9cfdca90527f5358e,M05,4,8.26,10.460319519,21
211,777595a9cfdca90527f5358e,M06,4,11.82,13.4562988281,21
211,777595a9cfdca90527f5358e,M07,4,13,15.3852853775,30
211,777595a9cfdca90527f5358e,M08,4,17.42,19.9266586304,30
211,777595a9cfdca90527f5358e,M09,4,16.12,18.9037590027,30
211,777595a9cfdca90527f5358e,M10,4,18.98,21.3435192108,30
211,777595a9cfdca90527f5358e,M11,4,17.54,20.3468132019,30
211,777595a9cfdca90527f5358e,M12,4,24.62,29.0884819031,45
211,777595a9cfdca90527f5358e,M13,4,24.03,29.003068924,60
211,777595a9cfdca90527f5358e,M14,4,20.69,25.5240592957,60
211,777595a9cfdca90527f5358e,M15,4,24.26,29.6087608337,60
211,777595a9cfdca90527f5358e,M16,4,51.99,58.109588623,100
211,777595a9cfdca90527f5358e,M17,4,6.98,7.81774616241,14
211,777595a9cfdca90527f5358e,M18,4,9.65,10.8319272995,21
211,777595a9cfdca90527f5358e,M19,4,6.81,9.307762146,21
211,777595a9cfdca90527f5358e,M20,4,9.78,11.0890264511,20
211,777595a9cfdca90527f5358e,M21,4,7.07,9.03489589691,21
211,777595a9cfdca90527f5358e,M22,4,16.52,21.7715950012,45
211,777595a9cfdca90527f5358e,M23,4,14.06,19.0847492218,45
211,777595a9cfdca90527f5358e,M24,4,16.82,22.4473667145,45
211,777595a9cfdca90527f5358e,M25,4,12.66,14.2691326141,20
211,777595a9cfdca90527f5358e,M26,4,11.36,13.1736574173,20
211,777595a9cfdca90527f5358e,M27,4,13.65,17.3592681885,30
211,777595a9cfdca90527f5358e,M28,4,11.75,15.7382860184,30
211,777595a9cfdca90527f5358e,M29,4,13.89,17.469619751,30
211,777595a9cfdca90527f5358e,M30,4,8.12,11.0352334976,21
212,d69a1a66fdf392a9c7131312,M01,1,8.57,8.38142585754,10
212,d69a1a66fdf392a9c7131312,M02,1,11.27,11.3946113586,15
212,d69a1a66fdf392a9c7131312,M03,1,13.41,13.0497465134,21
212,d69a1a66fdf392a9c7131312,M04,1,12.53,12.3194608688,21
212,d69a1a66fdf392a9c7131312,M05,1,12.72,12.4281978607,21
212,d69a1a66fdf392a9c7131312,M06,1,16.23,15.7180862427,21
212,d69a1a66fdf392a9c7131312,M07,1,18.94,18.5654220581,30
212,d69a1a66fdf392a9c7131312,M08,1,23.06,21.6536121368,30
212,d69a1a66fdf392a9c7131312,M09,1,21.87,20.2178897858,30
212,d69a1a66fdf392a9c7131312,M10,1,24.48,23.2139339447,30
212,d69a1a66fdf392a9c7131312,M11,1,23.77,22.5846347809,30
212,d69a1a66fdf392a9c7131312,M12,1,34.2,33.56772995,45
212,d69a1a66fdf392a9c7131312,M13,1,36.18,34.9516220093,60
212,d69a1a66fdf392a9c7131312,M14,1,33.34,32.681728363,60
212,d69a1a66fdf392a9c7131312,M15,1,36.34,35.4603919983,60
212,d69a1a66fdf392a9c7131312,M16,1,65.49,64.4792480469,100
212,d69a1a66fdf392a9c7131312,M17,1,9.01,8.61211204529,14
212,d69a1a66fdf392a9c7131312,M18,1,12.84,12.6165246964,21
212,d69a1a66fdf392a9c7131312,M19,1,12.49,11.9556789398,21
212,d69a1a66fdf392a9c7131312,M20,1,14.21,13.7165327072,20
212,d69a1a66fdf392a9c7131312,M21,1,11.48,11.2344522476,21
212,d69a1a66fdf392a9c7131312,M22,1,30.18,27.3084335327,45
212,d69a1a66fdf392a9c7131312,M23,1,26.59,24.2595500946,45
212,d69a1a66fdf392a9c7131312,M24,1,30.73,28.2214946747,45
212,d69a1a66fdf392a9c7131312,M25,1,16.17,16.0631446838,20
212,d69a1a66fdf392a9c7131312,M26,1,14.94,14.8373746872,20
212,d69a1a66fdf392a9c7131312,M27,1,20.79,20.6082992554,30
212,d69a1a66fdf392a9c7131312,M28,1,19.1,18.9771785736,30
212,d69a1a66fdf392a9c7131312,M29,1,20.6,20.6743431091,30
212,d69a1a66fdf392a9c7131312,M30,1,13.47,13.2321596146,21
213,a9ddfab67a2904172e0f1116,M01,0,6.66,6.49356412888,10
213,a9ddfab67a2904172e0f1116,M02,0,8.83,8.34765529633,15
213,a9ddfab67a2904172e0f1116,M03,0,8.5,7.55983400345,21
213,a9ddfab67a2904172e0f1116,M04,0,7.69,7.02905607224,21
213,a9ddfab67a2904172e0f1116,M05,0,7.6,6.94720983505,21
213,a9ddfab67a2904172e0f1116,M06,0,10.78,9.70208644867,21
213,a9ddfab67a2904172e0f1116,M07,0,11.41,9.96897697449,30
213,a9ddfab67a2904172e0f1116,M08,0,15.67,14.9251794815,30
213,a9ddfab67a2904172e0f1116,M09,0,14.44,13.7749652863,30
213,a9ddfab67a2904172e0f1116,M10,0,17.3,16.3447151184,30
213,a9ddfab67a2904172e0f1116,M11,0,16.33,15.2459964752,30
213,a9ddfab67a2904172e0f1116,M12,0,21.58,18.9778671265,45
213,a9ddfab67a2904172e0f1116,M13,0,20.85,18.6530036926,60
213,a9ddfab67a2904172e0f1116,M14,0,17.33,15.085773468,60
213,a9ddfab67a2904172e0f1116,M15,0,20.83,18.7701740265,60
213,a9ddfab67a2904172e0f1116,M16,0,47.11,39.8025779724,100
213,a9ddfab67a2904172e0f1116,M17,0,6.11,5.25958156586,14
213,a9ddfab67a2904172e0f1116,M18,0,8.33,7.20875120163,21
213,a9ddfab67a2904172e0f1116,M19,0,5.78,5.66793012619,21
213,a9ddfab67a2904172e0f1116,M20,0,7.93,7.68453598022,20
213,a9ddfab67a2904172e0f1116,M21,0,5.57,5.33275604248,21
213,a9ddfab67a2904172e0f1116,M22,0,12.13,12.7841739655,45
213,a9ddfab67a2904172e0f1116,M23,0,10.45,11.0237855911,45
213,a9ddfab67a2904172e0f1116,M24,0,11.98,12.6866722107,45
213,a9ddfab67a2904172e0f1116,M25,0,13.07,11.9990034103,20
213,a9ddfab67a2904172e0f1116,M26,0,11.67,10.6803884506,20
213,a9ddfab67a2904172e0f1116,M27,0,14.29,12.5400819778,30
213,a9ddfab67a2904172e0f1116,M28,0,12.18,10.98391819,30
213,a9ddfab67a2904172e0f1116,M29,0,16.64,12.495057106,30
213,a9ddfab67a2904172e0f1116,M30,0,8.52,7.74345493317,21
214,c27fe310a5abf32c690a710e,M01,4,6.75,6.77567815781,10
214,c27fe310a5abf32c690a710e,M02,4,9.41,9.14844322205,15
214,c27fe310a5abf32c690a710e,M03,4,9.67,9.45310878754,21
214,c27fe310a5abf32c690a710e,M04,4,9.06,8.861577034,21
214,c27fe310a5abf32c690a710e,M05,4,8.8,8.78976345062,21
214,c27fe310a5abf32c690a710e,M06,4,11.53,11.7410058975,21
214,c27fe310a5abf32c690a710e,M07,4,13.28,13.205280304,30
214,c27fe310a5abf32c690a710e,M08,4,17.66,17.614118576,30
214,c27fe310a5abf32c690a710e,M09,4,16.76,16.4593639374,30
214,c27fe310a5abf32c690a710e,M10,4,19.23,19.2375221252,30
214,c27fe310a5abf32c690a710e,M11,4,18.33,18.0356941223,30
214,c27fe310a5abf32c690a710e,M12,4,25.13,24.5639572144,45
214,c27fe310a5abf32c690a710e,M13,4,23.48,23.5349750519,60
214,c27fe310a5abf32c690a710e,M14,4,20.35,19.3895225525,60
214,c27fe310a5abf32c690a710e,M15,4,24.93,24.7697906494,60
214,c27fe310a5abf32c690a710e,M16,4,51.18,51.7961616516,100
214,c27fe310a5abf32c690a710e,M17,4,7.02,7.04600858688,14
214,c27fe310a5abf32c690a710e,M18,4,9.71,9.41567134857,21
214,c27fe310a5abf32c690a710e,M19,4,6.6,7.35367584229,21
214,c27fe310a5abf32c690a710e,M20,4,9.57,10.356133461,20
214,c27fe310a5abf32c690a710e,M21,4,6.86,7.41816139221,21
214,c27fe310a5abf32c690a710e,M22,4,15.66,17.7932014465,45
214,c27fe310a5abf32c690a710e,M23,4,12.8,13.927195549,45
214,c27fe310a5abf32c690a710e,M24,4,17.69,20.2146778107,45
214,c27fe310a5abf32c690a710e,M25,4,13.32,12.9234352112,20
214,c27fe310a5abf32c690a710e,M26,4,12.12,11.9568424225,20
214,c27fe310a5abf32c690a710e,M27,4,15.03,14.9564628601,30
214,c27fe310a5abf32c690a710e,M28,4,13.23,12.7816934586,30
214,c27fe310a5abf32c690a710e,M29,4,15.57,15.2307987213,30
214,c27fe310a5abf32c690a710e,M30,4,9.16,9.24456882477,21
215,4a4758acbcb6cbd3b156ade0,M01,2,8.84,8.37878704071,10
215,4a4758acbcb6cbd3b156ade0,M02,2,11.51,11.2848062515,15
215,4a4758acbcb6cbd3b156ade0,M03,2,13.75,12.6734666824,21
215,4a4758acbcb6cbd3b156ade0,M04,2,12.73,11.9203882217,21
215,4a4758acbcb6cbd3b156ade0,M05,2,12.96,12.0132808685,21
215,4a4758acbcb6cbd3b156ade0,M06,2,16.59,15.697678566,21
215,4a4758acbcb6cbd3b156ade0,M07,2,19.41,18.2793312073,30
215,4a4758acbcb6cbd3b156ade0,M08,2,23.51,22.278169632,30
215,4a4758acbcb6cbd3b156ade0,M09,2,22.16,20.9453411102,30
215,4a4758acbcb6cbd3b156ade0,M10,2,24.99,23.919927597,30
215,4a4758acbcb6cbd3b156ade0,M11,2,24.12,23.2148017883,30
215,4a4758acbcb6cbd3b156ade0,M12,2,34.89,33.1455726624,45
215,4a4758acbcb6cbd3b156ade0,M13,2,36.94,34.3832550049,60
215,4a4758acbcb6cbd3b156ade0,M14,2,33.95,31.3068218231,60
215,4a4758acbcb6cbd3b156ade0,M15,2,37.25,34.6669311523,60
215,4a4758acbcb6cbd3b156ade0,M16,2,66.34,62.5016403198,100
215,4a4758acbcb6cbd3b156ade0,M17,2,9.12,8.44102668762,14
215,4a4758acbcb6cbd3b156ade0,M18,2,13.05,12.1890172958,21
215,4a4758acbcb6cbd3b156ade0,M19,2,12.67,11.4030704498,21
215,4a4758acbcb6cbd3b156ade0,M20,2,14.33,13.0284900665,20
215,4a4758acbcb6cbd3b156ade0,M21,2,11.5,10.4133148193,21
215,4a4758acbcb6cbd3b156ade0,M22,2,30.51,25.8938865662,45
215,4a4758acbcb6cbd3b156ade0,M23,2,26.92,22.7876338959,45
215,4a4758acbcb6cbd3b156ade0,M24,2,31.14,26.4694633484,45
215,4a4758acbcb6cbd3b156ade0,M25,2,16.47,15.9826126099,20
215,4a4758acbcb6cbd3b156ade0,M26,2,15.18,14.6244735718,20
215,4a4758acbcb6cbd3b156ade0,M27,2,21.21,20.1555805206,30
215,4a4758acbcb6cbd3b156ade0,M28,2,19.46,18.1195011139,30
215,4a4758acbcb6cbd3b156ade0,M29,2,21.07,19.9720611572,30
215,4a4758acbcb6cbd3b156ade0,M30,2,13.8,12.787062645,21
216,1ccc85fbc14570d427fc4054,M01,1,6.22,5.0619392395,10
216,1ccc85fbc14570d427fc4054,M02,1,8.23,6.52704334259,15
216,1ccc85fbc14570d427fc4054,M03,1,7.55,6.14254951477,21
216,1ccc85fbc14570d427fc4054,M04,1,6.97,5.47085666656,21
216,1ccc85fbc14570d427fc4054,M05,1,6.95,5.46799230576,21
216,1ccc85fbc14570d427fc4054,M06,1,9.7,7.91602611542,21
216,1ccc85fbc14570d427fc4054,M07,1,10.03,7.86360311508,30
216,1ccc85fbc14570d427fc4054,M08,1,14.06,11.0758895874,30
216,1ccc85fbc14570d427fc4054,M09,1,13.1,9.68083286285,30
216,1ccc85fbc14570d427fc4054,M10,1,15.71,12.4636259079,30
216,1ccc85fbc14570d427fc4054,M11,1,14.94,11.2200393677,30
216,1ccc85fbc14570d427fc4054,M12,1,19.05,13.3673210144,45
216,1ccc85fbc14570d427fc4054,M13,1,18.27,13.2148084641,60
216,1ccc85fbc14570d427fc4054,M14,1,15.15,10.443819046,60
216,1ccc85fbc14570d427fc4054,M15,1,17.91,13.4364013672,60
216,1ccc85fbc14570d427fc4054,M16,1,42.44,28.1987724304,100
216,1ccc85fbc14570d427fc4054,M17,1,5.67,3.74324631691,14
216,1ccc85fbc14570d427fc4054,M18,1,7.59,5.66424703598,21
216,1ccc85fbc14570d427fc4054,M19,1,6.06,5.07056045532,21
216,1ccc85fbc14570d427fc4054,M20,1,8.23,6.40114212036,20
216,1ccc85fbc14570d427fc4054,M21,1,5.87,4.44191169739,21
216,1ccc85fbc14570d427fc4054,M22,1,12.8,9.5464887619,45
216,1ccc85fbc14570d427fc4054,M23,1,10.93,7.58856248856,45
216,1ccc85fbc14570d427fc4054,M24,1,12.85,9.40667629242,45
216,1ccc85fbc14570d427fc4054,M25,1,12.36,10.080163002,20
216,1ccc85fbc14570d427fc4054,M26,1,10.94,8.42466926575,20
216,1ccc85fbc14570d427fc4054,M27,1,12.94,10.5207872391,30
216,1ccc85fbc14570d427fc4054,M28,1,10.97,8.83201980591,30
216,1ccc85fbc14570d427fc4054,M29,1,12.59,10.3808469772,30
216,1ccc85fbc14570d427fc4054,M30,1,7.59,6.29978609085,21
217,f0be075ce70bbd3bac1c7259,M01,2,7.69,8.07758998871,10
217,f0be075ce70bbd3bac1c7259,M02,2,10.28,10.7830200195,15
217,f0be075ce70bbd3bac1c7259,M03,2,11.3,12.0703611374,21
217,f0be075ce70bbd3bac1c7259,M04,2,10.46,11.3596172333,21
217,f0be075ce70bbd3bac1c7259,M05,2,10.57,11.4339265823,21
217,f0be075ce70bbd3bac1c7259,M06,2,13.99,14.9133968353,21
217,f0be075ce70bbd3bac1c7259,M07,2,15.68,17.3946037292,30
217,f0be075ce70bbd3bac1c7259,M08,2,20.04,21.4215393066,30
217,f0be075ce70bbd3bac1c7259,M09,2,18.9,20.1200389862,30
217,f0be075ce70bbd3bac1c7259,M10,2,21.6,23.0384902954,30
217,f0be075ce70bbd3bac1c7259,M11,2,20.86,22.3079719543,30
217,f0be075ce70bbd3bac1c7259,M12,2,28.99,31.3295154572,45
217,f0be075ce70bbd3bac1c7259,M13,2,29.83,32.350856781,60
217,f0be075ce70bbd3bac1c7259,M14,2,26.45,29.3803939819,60
217,f0be075ce70bbd3bac1c7259,M15,2,29.97,32.7950248718,60
217,f0be075ce70bbd3bac1c7259,M16,2,58.56,60.9087753296,100
217,f0be075ce70bbd3bac1c7259,M17,2,7.87,8.2279214859,14
217,f0be075ce70bbd3bac1c7259,M18,2,10.96,11.7052106857,21
217,f0be075ce70bbd3bac1c7259,M19,2,9.88,10.5827283859,21
217,f0be075ce70bbd3bac1c7259,M20,2,12.07,12.7718763351,20
217,f0be075ce70bbd3bac1c7259,M21,2,9.28,9.87857532501,21
217,f0be075ce70bbd3bac1c7259,M22,2,23.3,25.1408004761,45
217,f0be075ce70bbd3bac1c7259,M23,2,20.02,22.1615142822,45
217,f0be075ce70bbd3bac1c7259,M24,2,23.82,25.8226699829,45
217,f0be075ce70bbd3bac1c7259,M25,2,14.88,15.2812376022,20
217,f0be075ce70bbd3bac1c7259,M26,2,13.62,14.0746355057,20
217,f0be075ce70bbd3bac1c7259,M27,2,18.16,18.9784832001,30
217,f0be075ce70bbd3bac1c7259,M28,2,16.22,17.221446991,30
217,f0be075ce70bbd3bac1c7259,M29,2,18.02,18.9874801636,30
217,f0be075ce70bbd3bac1c7259,M30,2,11.35,11.9595880508,21
219,0658d6d6c98ecbd57359ccef,M01,0,4.51,5.15626478195,10
219,0658d6d6c98ecbd57359ccef,M02,0,6.01,6.89051151276,15
219,0658d6d6c98ecbd57359ccef,M03,0,5.13,6.35853433609,21
219,0658d6d6c98ecbd57359ccef,M04,0,4.91,5.81466245651,21
219,0658d6d6c98ecbd57359ccef,M05,0,4.75,5.77677822113,21
219,0658d6d6c98ecbd57359ccef,M06,0,6.5,8.49360561371,21
219,0658d6d6c98ecbd57359ccef,M07,0,6.49,8.59350395203,30
219,0658d6d6c98ecbd57359ccef,M08,0,8.33,11.0979042053,30
219,0658d6d6c98ecbd57359ccef,M09,0,7.35,10.0248565674,30
219,0658d6d6c98ecbd57359ccef,M10,0,9.82,12.7005586624,30
219,0658d6d6c98ecbd57359ccef,M11,0,8.82,11.6302700043,30
219,0658d6d6c98ecbd57359ccef,M12,0,10.05,14.910990715,45
219,0658d6d6c98ecbd57359ccef,M13,0,10.04,14.9476251602,60
219,0658d6d6c98ecbd57359ccef,M14,0,8.07,11.9849319458,60
219,0658d6d6c98ecbd57359ccef,M15,0,10.05,15.025188446,60
219,0658d6d6c98ecbd57359ccef,M16,0,18.55,27.0985774994,100
219,0658d6d6c98ecbd57359ccef,M17,0,2.84,4.30975723267,14
219,0658d6d6c98ecbd57359ccef,M18,0,5.22,6.35374403,21
219,0658d6d6c98ecbd57359ccef,M19,0,4.62,5.32826185226,21
219,0658d6d6c98ecbd57359ccef,M20,0,5.7,6.91437244415,20
219,0658d6d6c98ecbd57359ccef,M21,0,4.6,5.06504249573,21
219,0658d6d6c98ecbd57359ccef,M22,0,8.26,10.5159378052,45
219,0658d6d6c98ecbd57359ccef,M23,0,7.13,8.47555446625,45
219,0658d6d6c98ecbd57359ccef,M24,0,7.97,10.8724994659,45
219,0658d6d6c98ecbd57359ccef,M25,0,7.28,10.7649793625,20
219,0658d6d6c98ecbd57359ccef,M26,0,5.14,9.62568092346,20
219,0658d6d6c98ecbd57359ccef,M27,0,8,11.0402984619,30
219,0658d6d6c98ecbd57359ccef,M28,0,6.32,9.60057640076,30
219,0658d6d6c98ecbd57359ccef,M29,0,7.65,11.1873369217,30
219,0658d6d6c98ecbd57359ccef,M30,0,4.78,6.63271331787,21
220,d62a7d47244b4b6f5813dc91,M01,0,6.53,5.85678195953,10
220,d62a7d47244b4b6f5813dc91,M02,0,8.9,7.69209909439,15
220,d62a7d47244b4b6f5813dc91,M03,0,8.7,6.98612213135,21
220,d62a7d47244b4b6f5813dc91,M04,0,7.9,6.33155488968,21
220,d62a7d47244b4b6f5813dc91,M05,0,7.47,6.38561248779,21
220,d62a7d47244b4b6f5813dc91,M06,0,10.8,9.04260826111,21
220,d62a7d47244b4b6f5813dc91,M07,0,11.81,9.28220748901,30
220,d62a7d47244b4b6f5813dc91,M08,0,16.19,14.0321521759,30
220,d62a7d47244b4b6f5813dc91,M09,0,14.99,13.0045223236,30
220,d62a7d47244b4b6f5813dc91,M10,0,17.72,15.6144237518,30
220,d62a7d47244b4b6f5813dc91,M11,0,16.26,14.3980312347,30
220,d62a7d47244b4b6f5813dc91,M12,0,22.67,18.5645370483,45
220,d62a7d47244b4b6f5813dc91,M13,0,21.49,18.239112854,60
220,d62a7d47244b4b6f5813dc91,M14,0,18.32,14.9563102722,60
220,d62a7d47244b4b6f5813dc91,M15,0,21.77,18.2376213074,60
220,d62a7d47244b4b6f5813dc91,M16,0,48.78,40.4175987244,100
220,d62a7d47244b4b6f5813dc91,M17,0,6.64,5.04282283783,14
220,d62a7d47244b4b6f5813dc91,M18,0,9.14,6.95919132233,21
220,d62a7d47244b4b6f5813dc91,M19,0,6.3,5.76408290863,21
220,d62a7d47244b4b6f5813dc91,M20,0,9.47,7.68774271011,20
220,d62a7d47244b4b6f5813dc91,M21,0,6.77,5.37902355194,21
220,d62a7d47244b4b6f5813dc91,M22,0,15.65,12.6818141937,45
220,d62a7d47244b4b6f5813dc91,M23,0,13.35,10.6371498108,45
220,d62a7d47244b4b6f5813dc91,M24,0,15.92,12.6279315948,45
220,d62a7d47244b4b6f5813dc91,M25,0,11.99,11.3700904846,20
220,d62a7d47244b4b6f5813dc91,M26,0,10.73,9.68789863586,20
220,d62a7d47244b4b6f5813dc91,M27,0,12.49,12.3821496964,30
220,d62a7d47244b4b6f5813dc91,M28,0,10.69,10.3803701401,30
220,d62a7d47244b4b6f5813dc91,M29,0,12.63,12.2394866943,30
220,d62a7d47244b4b6f5813dc91,M30,0,7.33,7.21901702881,21
221,b2055287b28edac3e1fa6789,M01,1,8.23,8.27378749847,10
221,b2055287b28edac3e1fa6789,M02,1,12.58,11.5792827606,15
221,b2055287b28edac3e1fa6789,M03,1,15.18,13.4014005661,21
221,b2055287b28edac3e1fa6789,M04,1,14.13,12.5384817123,21
221,b2055287b28edac3e1fa6789,M05,1,14.43,12.7312726974,21
221,b2055287b28edac3e1fa6789,M06,1,18.39,16.2902412415,21
221,b2055287b28edac3e1fa6789,M07,1,21.58,18.4620628357,30
221,b2055287b28edac3e1fa6789,M08,1,25.52,22.8818950653,30
221,b2055287b28edac3e1fa6789,M09,1,24.08,21.4841804504,30
221,b2055287b28edac3e1fa6789,M10,1,27.07,24.4328727722,30
221,b2055287b28edac3e1fa6789,M11,1,26.18,23.8435268402,30
221,b2055287b28edac3e1fa6789,M12,1,38.21,34.4413909912,45
221,b2055287b28edac3e1fa6789,M13,1,41.21,36.8542327881,60
221,b2055287b28edac3e1fa6789,M14,1,38.54,33.6032791138,60
221,b2055287b28edac3e1fa6789,M15,1,41.18,37.1573104858,60
221,b2055287b28edac3e1fa6789,M16,1,70.9,69.0120544434,100
221,b2055287b28edac3e1fa6789,M17,1,9.95,8.91406536102,14
221,b2055287b28edac3e1fa6789,M18,1,14.33,12.819070816,21
221,b2055287b28edac3e1fa6789,M19,1,15.5,12.2797870636,21
221,b2055287b28edac3e1fa6789,M20,1,16.69,13.9518251419,20
221,b2055287b28edac3e1fa6789,M21,1,14.11,11.5171499252,21
221,b2055287b28edac3e1fa6789,M22,1,37.84,29.9624481201,45
221,b2055287b28edac3e1fa6789,M23,1,34.66,27.2396945953,45
221,b2055287b28edac3e1fa6789,M24,1,37.86,30.7251358032,45
221,b2055287b28edac3e1fa6789,M25,1,18.11,16.5586509705,20
221,b2055287b28edac3e1fa6789,M26,1,16.42,15.1163663864,20
221,b2055287b28edac3e1fa6789,M27,1,23.28,20.6833591461,30
221,b2055287b28edac3e1fa6789,M28,1,21.47,18.6327095032,30
221,b2055287b28edac3e1fa6789,M29,1,22.92,20.4470062256,30
221,b2055287b28edac3e1fa6789,M30,1,15.26,13.5473146439,21
222,6031d890eca7dc3190572968,M01,2,7.96,7.29524755478,10
222,6031d890eca7dc3190572968,M02,2,10.59,9.93146419525,15
222,6031d890eca7dc3190572968,M03,2,11.86,10.164607048,21
222,6031d890eca7dc3190572968,M04,2,10.75,9.46725559235,21
222,6031d890eca7dc3190572968,M05,2,10.87,9.4429063797,21
222,6031d890eca7dc3190572968,M06,2,14.61,13.0330066681,21
222,6031d890eca7dc3190572968,M07,2,16.49,14.0171957016,30
222,6031d890eca7dc3190572968,M08,2,20.82,18.2863311768,30
222,6031d890eca7dc3190572968,M09,2,19.27,17.2472381592,30
222,6031d890eca7dc3190572968,M10,2,22.41,19.9915523529,30
222,6031d890eca7dc3190572968,M11,2,21.32,19.0721969604,30
222,6031d890eca7dc3190572968,M12,2,30.21,26.634103775,45
222,6031d890eca7dc3190572968,M13,2,31.29,26.9009628296,60
222,6031d890eca7dc3190572968,M14,2,27.83,23.3075218201,60
222,6031d890eca7dc3190572968,M15,2,31.47,26.4764308929,60
222,6031d890eca7dc3190572968,M16,2,60.2,54.9323196411,100
222,6031d890eca7dc3190572968,M17,2,8.04,7.37080192566,14
222,6031d890eca7dc3190572968,M18,2,11.22,9.87381362915,21
222,6031d890eca7dc3190572968,M19,2,10.09,8.43169975281,21
222,6031d890eca7dc3190572968,M20,2,12.22,10.4271631241,20
222,6031d890eca7dc3190572968,M21,2,9.31,7.93198299408,21
222,6031d890eca7dc3190572968,M22,2,23.81,19.0168552399,45
222,6031d890eca7dc3190572968,M23,2,20.46,16.432723999,45
222,6031d890eca7dc3190572968,M24,2,24.33,18.5786762238,45
222,6031d890eca7dc3190572968,M25,2,15.24,14.3513383865,20
222,6031d890eca7dc3190572968,M26,2,14.01,12.6614160538,20
222,6031d890eca7dc3190572968,M27,2,18.85,16.9055747986,30
222,6031d890eca7dc3190572968,M28,2,16.89,14.6530828476,30
222,6031d890eca7dc3190572968,M29,2,18.77,16.3643302917,30
222,6031d890eca7dc3190572968,M30,2,11.9,10.1937065125,21
223,a0b2ab35e6b6a3ad3cb8099a,M01,2,9.36,9.17941093445,10
223,a0b2ab35e6b6a3ad3cb8099a,M02,2,11.93,12.2059898376,15
223,a0b2ab35e6b6a3ad3cb8099a,M03,2,14.39,14.3898124695,21
223,a0b2ab35e6b6a3ad3cb8099a,M04,2,13.22,13.5395755768,21
223,a0b2ab35e6b6a3ad3cb8099a,M05,2,13.55,13.7679653168,21
223,a0b2ab35e6b6a3ad3cb8099a,M06,2,17.28,17.2764282227,21
223,a0b2ab35e6b6a3ad3cb8099a,M07,2,20.4,20.2379302979,30
223,a0b2ab35e6b6a3ad3cb8099a,M08,2,24.41,23.8359336853,30
223,a0b2ab35e6b6a3ad3cb8099a,M09,2,22.82,22.6194248199,30
223,a0b2ab35e6b6a3ad3cb8099a,M10,2,25.94,25.5099124908,30
223,a0b2ab35e6b6a3ad3cb8099a,M11,2,24.95,24.7653484344,30
223,a0b2ab35e6b6a3ad3cb8099a,M12,2,36.41,36.6670608521,45
223,a0b2ab35e6b6a3ad3cb8099a,M13,2,38.74,38.8648529053,60
223,a0b2ab35e6b6a3ad3cb8099a,M14,2,35.97,36.1902008057,60
223,a0b2ab35e6b6a3ad3cb8099a,M15,2,39.2,39.1936035156,60
223,a0b2ab35e6b6a3ad3cb8099a,M16,2,68.24,67.8359603882,100
223,a0b2ab35e6b6a3ad3cb8099a,M17,2,9.39,9.3536195755,14
223,a0b2ab35e6b6a3ad3cb8099a,M18,2,13.48,13.6662731171,21
223,a0b2ab35e6b6a3ad3cb8099a,M19,2,13.48,13.0677804947,21
223,a0b2ab35e6b6a3ad3cb8099a,M20,2,15.05,13.9411592484,20
223,a0b2ab35e6b6a3ad3cb8099a,M21,2,12.32,11.8819150925,21
223,a0b2ab35e6b6a3ad3cb8099a,M22,2,32.82,28.424079895,45
223,a0b2ab35e6b6a3ad3cb8099a,M23,2,29.64,25.8589668274,45
223,a0b2ab35e6b6a3ad3cb8099a,M24,2,33.25,28.7017173767,45
223,a0b2ab35e6b6a3ad3cb8099a,M25,2,17.01,17.158908844,20
223,a0b2ab35e6b6a3ad3cb8099a,M26,2,15.63,15.8420219421,20
223,a0b2ab35e6b6a3ad3cb8099a,M27,2,21.98,22.2455654144,30
223,a0b2ab35e6b6a3ad3cb8099a,M28,2,20.28,20.4332065582,30
223,a0b2ab35e6b6a3ad3cb8099a,M29,2,21.86,22.1820716858,30
223,a0b2ab35e6b6a3ad3cb8099a,M30,2,14.45,14.5849170685,21
225,493b94c3c8c4c9bf713f2445,M01,3,4.88,6.29973506927,10
225,493b94c3c8c4c9bf713f2445,M02,3,6.39,8.09780311584,15
225,493b94c3c8c4c9bf713f2445,M03,3,5.45,7.46618938446,21
225,493b94c3c8c4c9bf713f2445,M04,3,5.2,6.96601581573,21
225,493b94c3c8c4c9bf713f2445,M05,3,5.13,6.88018417358,21
225,493b94c3c8c4c9bf713f2445,M06,3,6.95,9.73801708221,21
225,493b94c3c8c4c9bf713f2445,M07,3,6.98,10.3063726425,30
225,493b94c3c8c4c9bf713f2445,M08,3,9.12,14.1115436554,30
225,493b94c3c8c4c9bf713f2445,M09,3,8.25,13.0606660843,30
225,493b94c3c8c4c9bf713f2445,M10,3,10.7,15.6482143402,30
225,493b94c3c8c4c9bf713f2445,M11,3,9.9,14.436372757,30
225,493b94c3c8c4c9bf713f2445,M12,3,11.12,18.4515457153,45
225,493b94c3c8c4c9bf713f2445,M13,3,11.22,18.1193904877,60
225,493b94c3c8c4c9bf713f2445,M14,3,8.79,14.924539566,60
225,493b94c3c8c4c9bf713f2445,M15,3,10.95,17.9583683014,60
225,493b94c3c8c4c9bf713f2445,M16,3,21.44,35.9996299744,100
225,493b94c3c8c4c9bf713f2445,M17,3,3.72,5.31878614426,14
225,493b94c3c8c4c9bf713f2445,M18,3,5.61,7.35029172897,21
225,493b94c3c8c4c9bf713f2445,M19,3,4.87,6.32376146317,21
225,493b94c3c8c4c9bf713f2445,M20,3,6.12,8.11999416351,20
225,493b94c3c8c4c9bf713f2445,M21,3,4.86,6.08451271057,21
225,493b94c3c8c4c9bf713f2445,M22,3,9,12.8093776703,45
225,493b94c3c8c4c9bf713f2445,M23,3,7.42,10.9474163055,45
225,493b94c3c8c4c9bf713f2445,M24,3,8.92,12.922618866,45
225,493b94c3c8c4c9bf713f2445,M25,3,9.59,11.9509048462,20
225,493b94c3c8c4c9bf713f2445,M26,3,7.89,10.4791078568,20
225,493b94c3c8c4c9bf713f2445,M27,3,9.08,13.641494751,30
225,493b94c3c8c4c9bf713f2445,M28,3,7.64,11.8109731674,30
225,493b94c3c8c4c9bf713f2445,M29,3,8.71,13.6029310226,30
225,493b94c3c8c4c9bf713f2445,M30,3,5.45,7.64064741135,21
226,ae5a55d12ebca06a5f8ce50c,M01,0,8.24,8.23205280304,10
226,ae5a55d12ebca06a5f8ce50c,M02,0,10.87,11.2788982391,15
226,ae5a55d12ebca06a5f8ce50c,M03,0,12.59,12.2994632721,21
226,ae5a55d12ebca06a5f8ce50c,M04,0,11.57,11.5827598572,21
226,ae5a55d12ebca06a5f8ce50c,M05,0,11.76,11.7158136368,21
226,ae5a55d12ebca06a5f8ce50c,M06,0,15.34,15.2659845352,21
226,ae5a55d12ebca06a5f8ce50c,M07,0,17.66,17.7511520386,30
226,ae5a55d12ebca06a5f8ce50c,M08,0,21.85,21.8074932098,30
226,ae5a55d12ebca06a5f8ce50c,M09,0,20.55,20.6416034698,30
226,ae5a55d12ebca06a5f8ce50c,M10,0,23.32,23.3860244751,30
226,ae5a55d12ebca06a5f8ce50c,M11,0,22.49,22.6983337402,30
226,ae5a55d12ebca06a5f8ce50c,M12,0,32.13,32.2937660217,45
226,ae5a55d12ebca06a5f8ce50c,M13,0,33.64,33.2721595764,60
226,ae5a55d12ebca06a5f8ce50c,M14,0,30.45,30.4233722687,60
226,ae5a55d12ebca06a5f8ce50c,M15,0,33.56,33.4703025818,60
226,ae5a55d12ebca06a5f8ce50c,M16,0,62.71,63.7098999023,100
226,ae5a55d12ebca06a5f8ce50c,M17,0,8.55,8.41301059723,14
226,ae5a55d12ebca06a5f8ce50c,M18,0,12.07,11.8658781052,21
226,ae5a55d12ebca06a5f8ce50c,M19,0,11.45,10.8143129349,21
226,ae5a55d12ebca06a5f8ce50c,M20,0,13.26,13.1830224991,20
226,ae5a55d12ebca06a5f8ce50c,M21,0,10.42,10.1770610809,21
226,ae5a55d12ebca06a5f8ce50c,M22,0,27.12,25.5840053558,45
226,ae5a55d12ebca06a5f8ce50c,M23,0,23.56,22.6116085052,45
226,ae5a55d12ebca06a5f8ce50c,M24,0,27.52,26.1536712646,45
226,ae5a55d12ebca06a5f8ce50c,M25,0,15.69,15.8175058365,20
226,ae5a55d12ebca06a5f8ce50c,M26,0,14.43,14.4792499542,20
226,ae5a55d12ebca06a5f8ce50c,M27,0,19.76,19.6180973053,30
226,ae5a55d12ebca06a5f8ce50c,M28,0,17.94,18.0210037231,30
226,ae5a55d12ebca06a5f8ce50c,M29,0,19.56,19.578119278,30
226,ae5a55d12ebca06a5f8ce50c,M30,0,12.63,12.433218956,21
227,d13130a6033e47d102f8fa76,M01,3,4.78,6.84634113312,10
227,d13130a6033e47d102f8fa76,M02,3,6.68,9.32506752014,15
227,d13130a6033e47d102f8fa76,M03,3,5.59,9.3595199585,21
227,d13130a6033e47d102f8fa76,M04,3,5.37,8.77870464325,21
227,d13130a6033e47d102f8fa76,M05,3,5.2,8.67140674591,21
227,d13130a6033e47d102f8fa76,M06,3,7.17,11.8389234543,21
227,d13130a6033e47d102f8fa76,M07,3,7.28,13.0485038757,30
227,d13130a6033e47d102f8fa76,M08,3,10.17,16.7497825623,30
227,d13130a6033e47d102f8fa76,M09,3,9.31,15.7778425217,30
227,d13130a6033e47d102f8fa76,M10,3,11.66,18.1098651886,30
227,d13130a6033e47d102f8fa76,M11,3,10.84,17.2730293274,30
227,d13130a6033e47d102f8fa76,M12,3,12.98,23.5368728638,45
227,d13130a6033e47d102f8fa76,M13,3,10.54,23.4999866486,60
227,d13130a6033e47d102f8fa76,M14,3,7.82,21.0343132019,60
227,d13130a6033e47d102f8fa76,M15,3,10.41,23.1910190582,60
227,d13130a6033e47d102f8fa76,M16,3,18.47,48.5275230408,100
227,d13130a6033e47d102f8fa76,M17,3,3.88,6.44765758514,14
227,d13130a6033e47d102f8fa76,M18,3,5.77,9.20827102661,21
227,d13130a6033e47d102f8fa76,M19,3,4.88,7.5343298912,21
227,d13130a6033e47d102f8fa76,M20,3,6.37,9.73357582092,20
227,d13130a6033e47d102f8fa76,M21,3,4.85,7.14910316467,21
227,d13130a6033e47d102f8fa76,M22,3,8.42,16.9467868805,45
227,d13130a6033e47d102f8fa76,M23,3,6.78,14.7676753998,45
227,d13130a6033e47d102f8fa76,M24,3,8.35,16.6485977173,45
227,d13130a6033e47d102f8fa76,M25,3,9.69,13.0798206329,20
227,d13130a6033e47d102f8fa76,M26,3,8.38,11.9085607529,20
227,d13130a6033e47d102f8fa76,M27,3,9.2,15.1263160706,30
227,d13130a6033e47d102f8fa76,M28,3,7.38,13.2893409729,30
227,d13130a6033e47d102f8fa76,M29,3,7.54,14.9844255447,30
227,d13130a6033e47d102f8fa76,M30,3,5.8,9.4568862915,21
228,526db5d548e812e0af002e85,M01,3,7.1,5.72156572342,10
228,526db5d548e812e0af002e85,M02,3,9.32,8.36905288696,15
228,526db5d548e812e0af002e85,M03,3,9.31,7.97515726089,21
228,526db5d548e812e0af002e85,M04,3,8.59,7.43301725388,21
228,526db5d548e812e0af002e85,M05,3,8.98,7.33259248734,21
228,526db5d548e812e0af002e85,M06,3,11.87,10.1393985748,21
228,526db5d548e812e0af002e85,M07,3,12.53,11.2585754395,30
228,526db5d548e812e0af002e85,M08,3,16.79,14.3783130646,30
228,526db5d548e812e0af002e85,M09,3,15.84,13.2431783676,30
228,526db5d548e812e0af002e85,M10,3,18.56,15.7588720322,30
228,526db5d548e812e0af002e85,M11,3,18.47,14.8334760666,30
228,526db5d548e812e0af002e85,M12,3,23.29,21.2505912781,45
228,526db5d548e812e0af002e85,M13,3,23.34,21.032453537,60
228,526db5d548e812e0af002e85,M14,3,19.7,18.8254356384,60
228,526db5d548e812e0af002e85,M15,3,23.65,20.8329048157,60
228,526db5d548e812e0af002e85,M16,3,50.53,41.5066337585,100
228,526db5d548e812e0af002e85,M17,3,6.43,5.2505812645,14
228,526db5d548e812e0af002e85,M18,3,8.79,7.88568592072,21
228,526db5d548e812e0af002e85,M19,3,6.37,6.15638828278,21
228,526db5d548e812e0af002e85,M20,3,8.06,8.22589969635,20
228,526db5d548e812e0af002e85,M21,3,5.71,5.96194934845,21
228,526db5d548e812e0af002e85,M22,3,12.32,13.89935112,45
228,526db5d548e812e0af002e85,M23,3,11.2,12.0138721466,45
228,526db5d548e812e0af002e85,M24,3,11.91,13.7140159607,45
228,526db5d548e812e0af002e85,M25,3,14.29,12.2687072754,20
228,526db5d548e812e0af002e85,M26,3,12.99,11.156208992,20
228,526db5d548e812e0af002e85,M27,3,16.84,13.6779623032,30
228,526db5d548e812e0af002e85,M28,3,14.77,11.7834644318,30
228,526db5d548e812e0af002e85,M29,3,16.77,13.452712059,30
228,526db5d548e812e0af002e85,M30,3,10.35,8.28361606598,21
229,3b65ef9d92c67daf73ca37e7,M01,4,9.03,8.59009361267,10
229,3b65ef9d92c67daf73ca37e7,M02,4,11.64,12.1347789764,15
229,3b65ef9d92c67daf73ca37e7,M03,4,14.06,13.9103908539,21
229,3b65ef9d92c67daf73ca37e7,M04,4,13.19,13.2194910049,21
229,3b65ef9d92c67daf73ca37e7,M05,4,13.41,13.2297611237,21
229,3b65ef9d92c67daf73ca37e7,M06,4,16.94,16.7234687805,21
229,3b65ef9d92c67daf73ca37e7,M07,4,19.97,19.6936969757,30
229,3b65ef9d92c67daf73ca37e7,M08,4,23.96,23.9899501801,30
229,3b65ef9d92c67daf73ca37e7,M09,4,22.78,22.8328895569,30
229,3b65ef9d92c67daf73ca37e7,M10,4,25.41,25.3427467346,30
229,3b65ef9d92c67daf73ca37e7,M11,4,24.67,24.8090953827,30
229,3b65ef9d92c67daf73ca37e7,M12,4,35.78,36.2367973328,45
229,3b65ef9d92c67daf73ca37e7,M13,4,38.13,38.5733909607,60
229,3b65ef9d92c67daf73ca37e7,M14,4,35.4,35.8651199341,60
229,3b65ef9d92c67daf73ca37e7,M15,4,38.27,38.8018417358,60
229,3b65ef9d92c67daf73ca37e7,M16,4,67.58,67.7120666504,100
229,3b65ef9d92c67daf73ca37e7,M17,4,9.34,9.29893875122,14
229,3b65ef9d92c67daf73ca37e7,M18,4,13.43,13.4416589737,21
229,3b65ef9d92c67daf73ca37e7,M19,4,13.56,13.2476930618,21
229,3b65ef9d92c67daf73ca37e7,M20,4,15.03,14.7992782593,20
229,3b65ef9d92c67daf73ca37e7,M21,4,12.44,12.6838846207,21
229,3b65ef9d92c67daf73ca37e7,M22,4,32.88,32.8775062561,45
229,3b65ef9d92c67daf73ca37e7,M23,4,29.4,29.5315876007,45
229,3b65ef9d92c67daf73ca37e7,M24,4,33.41,33.3302383423,45
229,3b65ef9d92c67daf73ca37e7,M25,4,16.69,17.2910690308,20
229,3b65ef9d92c67daf73ca37e7,M26,4,15.39,16.0473117828,20
229,3b65ef9d92c67daf73ca37e7,M27,4,21.61,21.8829231262,30
229,3b65ef9d92c67daf73ca37e7,M28,4,19.95,19.9870948792,30
229,3b65ef9d92c67daf73ca37e7,M29,4,21.35,21.8484077454,30
229,3b65ef9d92c67daf73ca37e7,M30,4,14.14,14.299030304,21
230,3d7bd96ca15710fb424119d8,M01,2,8.61,8.92730236053,10
230,3d7bd96ca15710fb424119d8,M02,2,12.52,12.5925092697,15
230,3d7bd96ca15710fb424119d8,M03,2,15.13,14.5348911285,21
230,3d7bd96ca15710fb424119d8,M04,2,14.3,13.7579402924,21
230,3d7bd96ca15710fb424119d8,M05,2,14.62,13.893737793,21
230,3d7bd96ca15710fb424119d8,M06,2,18.29,17.8054924011,21
230,3d7bd96ca15710fb424119d8,M07,2,21.5,20.6842327118,30
230,3d7bd96ca15710fb424119d8,M08,2,25.44,24.0836315155,30
230,3d7bd96ca15710fb424119d8,M09,2,24.31,22.7696437836,30
230,3d7bd96ca15710fb424119d8,M10,2,26.98,25.8309192657,30
230,3d7bd96ca15710fb424119d8,M11,2,26.47,25.2287960052,30
230,3d7bd96ca15710fb424119d8,M12,2,38.1,37.530456543,45
230,3d7bd96ca15710fb424119d8,M13,2,41.59,39.7105827332,60
230,3d7bd96ca15710fb424119d8,M14,2,39,37.2016296387,60
230,3d7bd96ca15710fb424119d8,M15,2,41.74,39.8049697876,60
230,3d7bd96ca15710fb424119d8,M16,2,71.33,68.5346832275,100
230,3d7bd96ca15710fb424119d8,M17,2,10.04,9.71737861633,14
230,3d7bd96ca15710fb424119d8,M18,2,14.5,14.0562057495,21
230,3d7bd96ca15710fb424119d8,M19,2,15.77,13.7472438812,21
230,3d7bd96ca15710fb424119d8,M20,2,16.63,15.1800966263,20
230,3d7bd96ca15710fb424119d8,M21,2,14.34,13.0851345062,21
230,3d7bd96ca15710fb424119d8,M22,2,38.25,32.9383544922,45
230,3d7bd96ca15710fb424119d8,M23,2,35.15,30.3743953705,45
230,3d7bd96ca15710fb424119d8,M24,2,38.45,33.2487373352,45
230,3d7bd96ca15710fb424119d8,M25,2,18.32,17.698059082,20
230,3d7bd96ca15710fb424119d8,M26,2,16.58,16.1496906281,20
230,3d7bd96ca15710fb424119d8,M27,2,23.53,22.6318378448,30
230,3d7bd96ca15710fb424119d8,M28,2,21.68,20.9074687958,30
230,3d7bd96ca15710fb424119d8,M29,2,23.32,22.4850673676,30
230,3d7bd96ca15710fb424119d8,M30,2,15.49,14.7171163559,21
231,dee02d0f4ba2425984cce9ae,M01,4,9.14,8.27281284332,10
231,dee02d0f4ba2425984cce9ae,M02,4,11.79,11.5328998566,15
231,dee02d0f4ba2425984cce9ae,M03,4,14.23,12.8367891312,21
231,dee02d0f4ba2425984cce9ae,M04,4,13.19,12.1184930801,21
231,dee02d0f4ba2425984cce9ae,M05,4,13.49,12.2138147354,21
231,dee02d0f4ba2425984cce9ae,M06,4,17.07,15.6029672623,21
231,dee02d0f4ba2425984cce9ae,M07,4,20.18,18.3716583252,30
231,dee02d0f4ba2425984cce9ae,M08,4,24.19,22.4410305023,30
231,dee02d0f4ba2425984cce9ae,M09,4,22.8,20.9654598236,30
231,dee02d0f4ba2425984cce9ae,M10,4,25.68,23.7311935425,30
231,dee02d0f4ba2425984cce9ae,M11,4,24.94,23.1017990112,30
231,dee02d0f4ba2425984cce9ae,M12,4,36.1,33.8866844177,45
231,dee02d0f4ba2425984cce9ae,M13,4,38.31,34.6622695923,60
231,dee02d0f4ba2425984cce9ae,M14,4,35.62,32.3776512146,60
231,dee02d0f4ba2425984cce9ae,M15,4,38.81,35.2264900208,60
231,dee02d0f4ba2425984cce9ae,M16,4,67.79,63.4269218445,100
231,dee02d0f4ba2425984cce9ae,M17,4,9.36,8.60698986053,14
231,dee02d0f4ba2425984cce9ae,M18,4,13.46,12.3423099518,21
231,dee02d0f4ba2425984cce9ae,M19,4,13.35,11.8914823532,21
231,dee02d0f4ba2425984cce9ae,M25,4,16.8,15.9531650543,20
231,dee02d0f4ba2425984cce9ae,M26,4,15.5,14.8417291641,20
231,dee02d0f4ba2425984cce9ae,M27,4,21.43,20.4373035431,30
231,dee02d0f4ba2425984cce9ae,M28,4,20.07,18.740316391,30
231,dee02d0f4ba2425984cce9ae,M29,4,21.62,20.4245586395,30
231,dee02d0f4ba2425984cce9ae,M30,4,14.28,13.0410165787,21
232,144e67efd6d586547a1449e2,M01,2,5.21,5.00359106064,10
232,144e67efd6d586547a1449e2,M02,2,7.03,6.97858524323,15
232,144e67efd6d586547a1449e2,M03,2,5.93,6.42390680313,21
232,144e67efd6d586547a1449e2,M04,2,5.58,5.78129339218,21
232,144e67efd6d586547a1449e2,M05,2,5.43,5.68743848801,21
232,144e67efd6d586547a1449e2,M06,2,7.6,8.40682029724,21
232,144e67efd6d586547a1449e2,M07,2,7.78,8.52432441711,30
232,144e67efd6d586547a1449e2,M08,2,11.23,11.3681440353,30
232,144e67efd6d586547a1449e2,M09,2,10.26,10.4362802505,30
232,144e67efd6d586547a1449e2,M10,2,12.69,12.7434158325,30
232,144e67efd6d586547a1449e2,M11,2,11.83,11.9054231644,30
232,144e67efd6d586547a1449e2,M12,2,14.68,15.4928445816,45
232,144e67efd6d586547a1449e2,M13,2,13.85,15.2091302872,60
232,144e67efd6d586547a1449e2,M14,2,11.79,12.4695339203,60
232,144e67efd6d586547a1449e2,M15,2,13.47,15.2230157852,60
232,144e67efd6d586547a1449e2,M16,2,31.18,36.7490577698,100
232,144e67efd6d586547a1449e2,M17,2,4.25,4.40197086334,14
232,144e67efd6d586547a1449e2,M18,2,6.03,6.30272102356,21
232,144e67efd6d586547a1449e2,M19,2,4.89,4.87830114365,21
232,144e67efd6d586547a1449e2,M20,2,6.42,6.79184436798,20
232,144e67efd6d586547a1449e2,M21,2,4.85,4.7600030899,21
232,144e67efd6d586547a1449e2,M22,2,9.44,9.76299285889,45
232,144e67efd6d586547a1449e2,M23,2,8.38,8.35672473907,45
232,144e67efd6d586547a1449e2,M24,2,9.1,9.69555187225,45
232,144e67efd6d586547a1449e2,M25,2,11.22,11.3762369156,20
232,144e67efd6d586547a1449e2,M26,2,9.89,10.118188858,20
232,144e67efd6d586547a1449e2,M27,2,11.05,11.5280704498,30
232,144e67efd6d586547a1449e2,M28,2,9.37,9.97852897644,30
232,144e67efd6d586547a1449e2,M29,2,11.41,11.3457593918,30
232,144e67efd6d586547a1449e2,M30,2,6.64,6.90071105957,21
233,a047c7c3e85649e0405c3ba7,M01,1,6.88,6.68957805634,10
233,a047c7c3e85649e0405c3ba7,M02,1,9.18,8.7104139328,15
233,a047c7c3e85649e0405c3ba7,M03,1,9.17,8.36191558838,21
233,a047c7c3e85649e0405c3ba7,M04,1,8.34,7.58774852753,21
233,a047c7c3e85649e0405c3ba7,M05,1,8.26,7.5979218483,21
233,a047c7c3e85649e0405c3ba7,M06,1,11.58,10.4118108749,21
233,a047c7c3e85649e0405c3ba7,M07,1,12.45,11.1240882874,30
233,a047c7c3e85649e0405c3ba7,M08,1,16.82,15.3860778809,30
233,a047c7c3e85649e0405c3ba7,M09,1,15.64,14.2089538574,30
233,a047c7c3e85649e0405c3ba7,M10,1,18.4,17.0371742249,30
233,a047c7c3e85649e0405c3ba7,M11,1,17.52,15.8197202682,30
233,a047c7c3e85649e0405c3ba7,M12,1,23.6,20.5509624481,45
233,a047c7c3e85649e0405c3ba7,M13,1,23.17,20.4582653046,60
233,a047c7c3e85649e0405c3ba7,M14,1,19.68,17.0720481873,60
233,a047c7c3e85649e0405c3ba7,M15,1,23.14,20.2780971527,60
233,a047c7c3e85649e0405c3ba7,M16,1,50.75,46.3572158813,100
233,a047c7c3e85649e0405c3ba7,M17,1,6.54,5.90113306046,14
233,a047c7c3e85649e0405c3ba7,M18,1,8.98,7.89940023422,21
233,a047c7c3e85649e0405c3ba7,M19,1,6.29,6.28802871704,21
233,a047c7c3e85649e0405c3ba7,M20,1,8.61,8.07397842407,20
233,a047c7c3e85649e0405c3ba7,M21,1,6.02,5.8818602562,21
233,a047c7c3e85649e0405c3ba7,M22,1,13.48,13.753610611,45
233,a047c7c3e85649e0405c3ba7,M23,1,11.63,11.4113712311,45
233,a047c7c3e85649e0405c3ba7,M24,1,13.44,13.4380331039,45
233,a047c7c3e85649e0405c3ba7,M25,1,13.5,12.640835762,20
233,a047c7c3e85649e0405c3ba7,M26,1,12.19,11.2795820236,20
233,a047c7c3e85649e0405c3ba7,M27,1,15.28,14.4938964844,30
233,a047c7c3e85649e0405c3ba7,M28,1,13.24,12.3811855316,30
233,a047c7c3e85649e0405c3ba7,M29,1,15.04,14.4517498016,30
233,a047c7c3e85649e0405c3ba7,M30,1,9.19,8.36284542084,21
234,21eea0afa313d3769372de02,M01,4,9.97,8.15050029755,10
234,21eea0afa313d3769372de02,M02,4,14.42,11.361374855,15
234,21eea0afa313d3769372de02,M03,4,17.03,13.1815624237,21
234,21eea0afa313d3769372de02,M04,4,15.29,12.4511270523,21
234,21eea0afa313d3769372de02,M05,4,15.62,12.5895223618,21
234,21eea0afa313d3769372de02,M06,4,20.38,16.3919487,21
234,21eea0afa313d3769372de02,M07,4,23.17,19.4272575378,30
234,21eea0afa313d3769372de02,M08,4,27.22,23.0746078491,30
234,21eea0afa313d3769372de02,M09,4,25.81,22.0326461792,30
234,21eea0afa313d3769372de02,M10,4,29.31,24.6038208008,30
234,21eea0afa313d3769372de02,M11,4,27.83,24.0211772919,30
234,21eea0afa313d3769372de02,M12,4,41.17,34.4336204529,45
234,21eea0afa313d3769372de02,M13,4,44.31,35.8703193665,60
234,21eea0afa313d3769372de02,M14,4,41.45,33.2025527954,60
234,21eea0afa313d3769372de02,M15,4,44.94,36.3479270935,60
234,21eea0afa313d3769372de02,M16,4,74.09,68.1283721924,100
234,21eea0afa313d3769372de02,M17,4,10.68,8.75706863403,14
234,21eea0afa313d3769372de02,M18,4,15.23,12.7107143402,21
234,21eea0afa313d3769372de02,M19,4,16.69,11.9572973251,21
234,21eea0afa313d3769372de02,M20,4,17.68,14.3757295609,20
234,21eea0afa313d3769372de02,M21,4,15.45,11.4213228226,21
234,21eea0afa313d3769372de02,M22,4,32.95,30.141702652,45
234,21eea0afa313d3769372de02,M23,4,38.55,26.5351600647,45
234,21eea0afa313d3769372de02,M24,4,32.54,30.4421634674,45
234,21eea0afa313d3769372de02,M25,4,16.59,16.6109580994,20
234,21eea0afa313d3769372de02,M26,4,18.03,15.5231218338,20
234,21eea0afa313d3769372de02,M27,4,25.9,21.3093795776,30
234,21eea0afa313d3769372de02,M28,4,23.28,19.6770763397,30
234,21eea0afa313d3769372de02,M29,4,26.1,21.528213501,30
234,21eea0afa313d3769372de02,M30,4,17.03,13.6622409821,21
235,6ee9f7ce16b214affda797f4,M01,4,4.95,3.4071893692,10
235,6ee9f7ce16b214affda797f4,M02,4,6.39,4.23513364792,15
235,6ee9f7ce16b214affda797f4,M03,4,5.54,4.35979223251,21
235,6ee9f7ce16b214affda797f4,M04,4,5.14,3.99801659584,21
235,6ee9f7ce16b214affda797f4,M05,4,5.06,3.88244247437,21
235,6ee9f7ce16b214affda797f4,M06,4,6.99,5.49642705917,21
235,6ee9f7ce16b214affda797f4,M07,4,7.03,5.10767793655,30
235,6ee9f7ce16b214affda797f4,M08,4,8.79,6.40034723282,30
235,6ee9f7ce16b214affda797f4,M09,4,7.18,5.6026725769,30
235,6ee9f7ce16b214affda797f4,M10,4,10.56,7.04222345352,30
235,6ee9f7ce16b214affda797f4,M11,4,9.35,6.76079845428,30
235,6ee9f7ce16b214affda797f4,M12,4,10.39,7.40493965149,45
235,6ee9f7ce16b214affda797f4,M13,4,10.76,7.77336931229,60
235,6ee9f7ce16b214affda797f4,M14,4,7.99,5.82634592056,60
235,6ee9f7ce16b214affda797f4,M15,4,10.97,7.98892450333,60
235,6ee9f7ce16b214affda797f4,M16,4,18.18,12.5689201355,100
235,6ee9f7ce16b214affda797f4,M17,4,3.36,2.58173465729,14
235,6ee9f7ce16b214affda797f4,M18,4,5.57,4.4250497818,21
235,6ee9f7ce16b214affda797f4,M19,4,4.77,3.66640710831,21
235,6ee9f7ce16b214affda797f4,M20,4,5.84,4.10147762299,20
235,6ee9f7ce16b214affda797f4,M21,4,4.73,3.41521048546,21
235,6ee9f7ce16b214affda797f4,M22,4,8.55,6.20207548141,45
235,6ee9f7ce16b214affda797f4,M23,4,6.98,4.80371713638,45
235,6ee9f7ce16b214affda797f4,M24,4,8.46,6.64539670944,45
235,6ee9f7ce16b214affda797f4,M25,4,9.5,10.4477481842,20
235,6ee9f7ce16b214affda797f4,M26,4,7.6,9.25079631805,20
235,6ee9f7ce16b214affda797f4,M27,4,9.07,10.4093379974,30
235,6ee9f7ce16b214affda797f4,M28,4,7.52,9.23157405853,30
235,6ee9f7ce16b214affda797f4,M29,4,8.9,10.5681352615,30
235,6ee9f7ce16b214affda797f4,M30,4,5.55,6.54253196716,21
236,ecce04dcbcf0122880ef1bc4,M01,4,8.15,7.92027330399,10
236,ecce04dcbcf0122880ef1bc4,M02,4,10.79,10.8199462891,15
236,ecce04dcbcf0122880ef1bc4,M03,4,12.39,12.0169668198,21
236,ecce04dcbcf0122880ef1bc4,M04,4,11.54,11.4730234146,21
236,ecce04dcbcf0122880ef1bc4,M05,4,11.73,11.5133886337,21
236,ecce04dcbcf0122880ef1bc4,M06,4,15.22,15.4557619095,21
236,ecce04dcbcf0122880ef1bc4,M07,4,17.36,17.0541992188,30
236,ecce04dcbcf0122880ef1bc4,M08,4,21.62,21.4772377014,30
236,ecce04dcbcf0122880ef1bc4,M09,4,20.46,20.2384567261,30
236,ecce04dcbcf0122880ef1bc4,M10,4,23.13,23.0245132446,30
236,ecce04dcbcf0122880ef1bc4,M11,4,22.41,22.4119968414,30
236,ecce04dcbcf0122880ef1bc4,M12,4,31.7,30.8677482605,45
236,ecce04dcbcf0122880ef1bc4,M13,4,33.31,32.1300697327,60
236,ecce04dcbcf0122880ef1bc4,M14,4,30.22,29.9088745117,60
236,ecce04dcbcf0122880ef1bc4,M15,4,33.32,32.1775665283,60
236,ecce04dcbcf0122880ef1bc4,M16,4,62.4,60.8991928101,100
236,ecce04dcbcf0122880ef1bc4,M17,4,8.51,8.45090866089,14
236,ecce04dcbcf0122880ef1bc4,M18,4,11.92,11.902384758,21
236,ecce04dcbcf0122880ef1bc4,M19,4,10.66,10.3989143372,21
236,ecce04dcbcf0122880ef1bc4,M20,4,12.6,12.4441051483,20
236,ecce04dcbcf0122880ef1bc4,M21,4,9.88,10.3210468292,21
236,ecce04dcbcf0122880ef1bc4,M22,4,24.98,25.5124664307,45
236,ecce04dcbcf0122880ef1bc4,M23,4,21.53,24.3398151398,45
236,ecce04dcbcf0122880ef1bc4,M24,4,25.58,25.6156482697,45
236,ecce04dcbcf0122880ef1bc4,M25,4,15.57,15.7819633484,20
236,ecce04dcbcf0122880ef1bc4,M26,4,14.34,14.3500928879,20
236,ecce04dcbcf0122880ef1bc4,M27,4,19.59,19.9670715332,30
236,ecce04dcbcf0122880ef1bc4,M28,4,17.82,18.2722377777,30
236,ecce04dcbcf0122880ef1bc4,M29,4,19.41,19.651222229,30
236,ecce04dcbcf0122880ef1bc4,M30,4,12.45,12.2332868576,21
237,fae1b0a30d608d7f0a01c6ee,M01,0,7.34,6.8732175827,10
237,fae1b0a30d608d7f0a01c6ee,M02,0,10.1,9.08305549622,15
237,fae1b0a30d608d7f0a01c6ee,M03,0,11.19,9.12949466705,21
237,fae1b0a30d608d7f0a01c6ee,M04,0,10.32,8.70401573181,21
237,fae1b0a30d608d7f0a01c6ee,M05,0,10.26,8.60939788818,21
237,fae1b0a30d608d7f0a01c6ee,M06,0,13.89,11.5071239471,21
237,fae1b0a30d608d7f0a01c6ee,M07,0,15.11,13.0410871506,30
237,fae1b0a30d608d7f0a01c6ee,M08,0,19.86,17.6879653931,30
237,fae1b0a30d608d7f0a01c6ee,M09,0,18.7,16.5834522247,30
237,fae1b0a30d608d7f0a01c6ee,M10,0,21.22,19.075920105,30
237,fae1b0a30d608d7f0a01c6ee,M11,0,20.47,17.900724411,30
237,fae1b0a30d608d7f0a01c6ee,M12,0,28.47,23.706281662,45
237,fae1b0a30d608d7f0a01c6ee,M13,0,28.16,23.1998825073,60
237,fae1b0a30d608d7f0a01c6ee,M14,0,25.05,19.8553352356,60
237,fae1b0a30d608d7f0a01c6ee,M15,0,28.89,24.0171318054,60
237,fae1b0a30d608d7f0a01c6ee,M16,0,56.78,48.9475402832,100
237,fae1b0a30d608d7f0a01c6ee,M17,0,8.16,6.85128116608,14
237,fae1b0a30d608d7f0a01c6ee,M18,0,10.71,9.16203022003,21
237,fae1b0a30d608d7f0a01c6ee,M19,0,8.96,7.28535985947,21
237,fae1b0a30d608d7f0a01c6ee,M20,0,11.38,10.3534326553,20
237,fae1b0a30d608d7f0a01c6ee,M21,0,8.75,7.49471664429,21
237,fae1b0a30d608d7f0a01c6ee,M22,0,20.94,17.799533844,45
237,fae1b0a30d608d7f0a01c6ee,M23,0,18.11,14.3065814972,45
237,fae1b0a30d608d7f0a01c6ee,M24,0,21.6,20.0150794983,45
237,fae1b0a30d608d7f0a01c6ee,M25,0,14.19,12.9642620087,20
237,fae1b0a30d608d7f0a01c6ee,M26,0,13.04,11.8055086136,20
237,fae1b0a30d608d7f0a01c6ee,M27,0,16.82,15.0551214218,30
237,fae1b0a30d608d7f0a01c6ee,M28,0,15.05,12.5776901245,30
237,fae1b0a30d608d7f0a01c6ee,M29,0,16.92,15.3563489914,30
237,fae1b0a30d608d7f0a01c6ee,M30,0,10.37,8.96547794342,21
238,4a69088acec0c142b3de9690,M01,3,5.06,7.24128961563,10
238,4a69088acec0c142b3de9690,M02,3,6.77,9.71020030975,15
238,4a69088acec0c142b3de9690,M03,3,5.71,9.95741844177,21
238,4a69088acec0c142b3de9690,M04,3,5.41,9.31929397583,21
238,4a69088acec0c142b3de9690,M05,3,5.34,9.34795188904,21
238,4a69088acec0c142b3de9690,M06,3,7.31,12.5263442993,21
238,4a69088acec0c142b3de9690,M07,3,7.41,13.8455257416,30
238,4a69088acec0c142b3de9690,M08,3,10.31,17.6138935089,30
238,4a69088acec0c142b3de9690,M09,3,9.36,16.6458835602,30
238,4a69088acec0c142b3de9690,M10,3,11.84,19.1036090851,30
238,4a69088acec0c142b3de9690,M11,3,10.96,18.2387218475,30
238,4a69088acec0c142b3de9690,M12,3,13.2,25.6801338196,45
238,4a69088acec0c142b3de9690,M13,3,12.72,25.7756519318,60
238,4a69088acec0c142b3de9690,M14,3,10.74,22.933681488,60
238,4a69088acec0c142b3de9690,M15,3,12.66,25.8565120697,60
238,4a69088acec0c142b3de9690,M16,3,27.18,52.4590263367,100
238,4a69088acec0c142b3de9690,M17,3,3.77,6.90669059753,14
238,4a69088acec0c142b3de9690,M18,3,5.68,9.71766376495,21
238,4a69088acec0c142b3de9690,M19,3,4.93,8.0508928299,21
238,4a69088acec0c142b3de9690,M20,3,6.45,10.1171264648,20
238,4a69088acec0c142b3de9690,M21,3,4.89,7.68310451508,21
238,4a69088acec0c142b3de9690,M22,3,9.53,17.9899902344,45
238,4a69088acec0c142b3de9690,M23,3,8.49,15.8684024811,45
238,4a69088acec0c142b3de9690,M24,3,9.21,18.2774734497,45
238,4a69088acec0c142b3de9690,M25,3,13.35,13.3978490829,20
238,4a69088acec0c142b3de9690,M26,3,11.93,12.2882785797,20
238,4a69088acec0c142b3de9690,M27,3,14.73,15.91472435,30
238,4a69088acec0c142b3de9690,M28,3,12.68,14.129488945,30
238,4a69088acec0c142b3de9690,M29,3,14.54,15.9669685364,30
238,4a69088acec0c142b3de9690,M30,3,8.87,9.98709869385,21
239,f8ac8d48882ea0feea3861c4,M01,1,6.72,7.52778720856,10
239,f8ac8d48882ea0feea3861c4,M02,1,9.4,10.0356092453,15
239,f8ac8d48882ea0feea3861c4,M03,1,9.69,10.5116834641,21
239,f8ac8d48882ea0feea3861c4,M04,1,9.13,9.97882080078,21
239,f8ac8d48882ea0feea3861c4,M05,1,8.87,9.89135551453,21
239,f8ac8d48882ea0feea3861c4,M06,1,11.53,12.9244308472,21
239,f8ac8d48882ea0feea3861c4,M07,1,13.31,14.5003499985,30
239,f8ac8d48882ea0feea3861c4,M08,1,17.73,19.0013160706,30
239,f8ac8d48882ea0feea3861c4,M09,1,16.92,18.0023174286,30
239,f8ac8d48882ea0feea3861c4,M10,1,19.27,20.5372161865,30
239,f8ac8d48882ea0feea3861c4,M11,1,18.44,19.4332103729,30
239,f8ac8d48882ea0feea3861c4,M12,1,25.3,26.6799964905,45
239,f8ac8d48882ea0feea3861c4,M13,1,26.39,26.0510749817,60
239,f8ac8d48882ea0feea3861c4,M14,1,20.65,22.2019290924,60
239,f8ac8d48882ea0feea3861c4,M15,1,25.07,26.9103755951,60
239,f8ac8d48882ea0feea3861c4,M16,1,51.57,54.4138412476,100
239,f8ac8d48882ea0feea3861c4,M17,1,7.06,7.67767620087,14
239,f8ac8d48882ea0feea3861c4,M18,1,9.77,10.3879899979,21
239,f8ac8d48882ea0feea3861c4,M19,1,7.55,8.10114860535,21
239,f8ac8d48882ea0feea3861c4,M20,1,10.81,11.1831903458,20
239,f8ac8d48882ea0feea3861c4,M21,1,7.9,8.30339622498,21
239,f8ac8d48882ea0feea3861c4,M22,1,18.78,19.8712291718,45
239,f8ac8d48882ea0feea3861c4,M23,1,14.97,15.645813942,45
239,f8ac8d48882ea0feea3861c4,M24,1,23.71,21.4192962646,45
239,f8ac8d48882ea0feea3861c4,M25,1,13.27,13.7963275909,20
239,f8ac8d48882ea0feea3861c4,M26,1,12.15,12.7224445343,20
239,f8ac8d48882ea0feea3861c4,M27,1,15.06,16.0862178802,30
239,f8ac8d48882ea0feea3861c4,M28,1,13.34,14.022146225,30
239,f8ac8d48882ea0feea3861c4,M29,1,15.6,16.3116474152,30
239,f8ac8d48882ea0feea3861c4,M30,1,9.2,10.2706680298,21
240,4fc34b6859ebf93e0c16c141,M01,4,5.63,7.09012937546,10
240,4fc34b6859ebf93e0c16c141,M02,4,7.14,9.41982936859,15
240,4fc34b6859ebf93e0c16c141,M03,4,6.03,9.29762554169,21
240,4fc34b6859ebf93e0c16c141,M04,4,5.66,8.58596038818,21
240,4fc34b6859ebf93e0c16c141,M05,4,5.54,8.5939912796,21
240,4fc34b6859ebf93e0c16c141,M06,4,7.71,11.5981082916,21
240,4fc34b6859ebf93e0c16c141,M07,4,7.94,12.7584609985,30
240,4fc34b6859ebf93e0c16c141,M08,4,11.57,16.7179965973,30
240,4fc34b6859ebf93e0c16c141,M09,4,10.66,15.6225061417,30
240,4fc34b6859ebf93e0c16c141,M10,4,13,18.163105011,30
240,4fc34b6859ebf93e0c16c141,M11,4,12.27,17.1878471375,30
240,4fc34b6859ebf93e0c16c141,M12,4,15.34,24.0232944489,45
240,4fc34b6859ebf93e0c16c141,M13,4,14.58,23.3396034241,60
240,4fc34b6859ebf93e0c16c141,M14,4,12.37,20.0988101959,60
240,4fc34b6859ebf93e0c16c141,M15,4,14.19,23.4672775269,60
240,4fc34b6859ebf93e0c16c141,M16,4,32.85,46.8304595947,100
240,4fc34b6859ebf93e0c16c141,M17,4,4.4,6.80849695206,14
240,4fc34b6859ebf93e0c16c141,M18,4,6.14,9.00198745728,21
240,4fc34b6859ebf93e0c16c141,M19,4,4.95,7.39049863815,21
240,4fc34b6859ebf93e0c16c141,M20,4,6.64,9.18210315704,20
240,4fc34b6859ebf93e0c16c141,M21,4,4.89,6.8191614151,21
240,4fc34b6859ebf93e0c16c141,M22,4,10.97,15.1661319733,45
240,4fc34b6859ebf93e0c16c141,M23,4,9.17,12.7197122574,45
240,4fc34b6859ebf93e0c16c141,M24,4,11.12,15.3362588882,45
240,4fc34b6859ebf93e0c16c141,M25,4,11.97,13.7095842361,20
240,4fc34b6859ebf93e0c16c141,M26,4,10.66,12.3602247238,20
240,4fc34b6859ebf93e0c16c141,M27,4,11.4,15.2297506332,30
240,4fc34b6859ebf93e0c16c141,M28,4,9.89,13.3991308212,30
240,4fc34b6859ebf93e0c16c141,M29,4,11.67,15.1265792847,30
240,4fc34b6859ebf93e0c16c141,M30,4,7.1,9.49889755249,21
241,18623281fc9dce7d70af43e9,M01,3,6.39,5.09260606766,10
241,18623281fc9dce7d70af43e9,M02,3,8.52,7.3146648407,15
241,18623281fc9dce7d70af43e9,M03,3,7.87,6.23431777954,21
241,18623281fc9dce7d70af43e9,M04,3,7.08,5.65580463409,21
241,18623281fc9dce7d70af43e9,M05,3,6.81,5.58818674088,21
241,18623281fc9dce7d70af43e9,M06,3,9.94,7.71052503586,21
241,18623281fc9dce7d70af43e9,M07,3,10.63,8.03615283966,30
241,18623281fc9dce7d70af43e9,M08,3,14.79,11.7960987091,30
241,18623281fc9dce7d70af43e9,M09,3,13.45,10.6996650696,30
241,18623281fc9dce7d70af43e9,M10,3,16.37,13.3132982254,30
241,18623281fc9dce7d70af43e9,M11,3,15.01,12.2094488144,30
241,18623281fc9dce7d70af43e9,M12,3,20.29,15.6108407974,45
241,18623281fc9dce7d70af43e9,M13,3,18.35,15.2444801331,60
241,18623281fc9dce7d70af43e9,M14,3,15.14,12.5530033112,60
241,18623281fc9dce7d70af43e9,M15,3,19.01,14.9627275467,60
241,18623281fc9dce7d70af43e9,M16,3,41.75,32.0011024475,100
241,18623281fc9dce7d70af43e9,M17,3,6.14,4.39738464355,14
241,18623281fc9dce7d70af43e9,M18,3,8.33,6.17204046249,21
241,18623281fc9dce7d70af43e9,M19,3,6.87,4.76835680008,21
241,18623281fc9dce7d70af43e9,M20,3,9.06,6.12132453918,20
241,18623281fc9dce7d70af43e9,M21,3,6.45,4.43356561661,21
241,18623281fc9dce7d70af43e9,M22,3,14.51,9.90140914917,45
241,18623281fc9dce7d70af43e9,M23,3,12.13,7.96504449844,45
241,18623281fc9dce7d70af43e9,M24,3,14.74,9.69267654419,45
241,18623281fc9dce7d70af43e9,M25,3,11.57,10.55078125,20
241,18623281fc9dce7d70af43e9,M26,3,10.56,9.15027999878,20
241,18623281fc9dce7d70af43e9,M27,3,11.63,10.5590820312,30
241,18623281fc9dce7d70af43e9,M28,3,10.73,8.85302066803,30
241,18623281fc9dce7d70af43e9,M29,3,12.74,10.3423395157,30
241,18623281fc9dce7d70af43e9,M30,3,7.17,6.32389545441,21
242,9e0901bcee50a2c1f9527fb0,M01,2,7.3,7.20299100876,10
242,9e0901bcee50a2c1f9527fb0,M02,2,9.81,9.87846755981,15
242,9e0901bcee50a2c1f9527fb0,M03,2,10.47,10.2370576859,21
242,9e0901bcee50a2c1f9527fb0,M04,2,9.56,9.62904930115,21
242,9e0901bcee50a2c1f9527fb0,M05,2,9.58,9.6143245697,21
242,9e0901bcee50a2c1f9527fb0,M06,2,13.01,12.9572992325,21
242,9e0901bcee50a2c1f9527fb0,M07,2,14.5,14.1952953339,30
242,9e0901bcee50a2c1f9527fb0,M08,2,18.92,18.1103382111,30
242,9e0901bcee50a2c1f9527fb0,M09,2,17.66,17.2061443329,30
242,9e0901bcee50a2c1f9527fb0,M10,2,20.36,19.8780498505,30
242,9e0901bcee50a2c1f9527fb0,M11,2,19.37,18.997959137,30
242,9e0901bcee50a2c1f9527fb0,M12,2,27.27,27.0560741425,45
242,9e0901bcee50a2c1f9527fb0,M13,2,27.49,27.3335533142,60
242,9e0901bcee50a2c1f9527fb0,M14,2,24.29,23.8201560974,60
242,9e0901bcee50a2c1f9527fb0,M15,2,27.4,26.9424552917,60
242,9e0901bcee50a2c1f9527fb0,M16,2,56.08,58.1958770752,100
242,9e0901bcee50a2c1f9527fb0,M17,2,7.31,7.2768497467,14
242,9e0901bcee50a2c1f9527fb0,M18,2,10.14,10.0248146057,21
242,9e0901bcee50a2c1f9527fb0,M19,2,7.44,8.01898860931,21
242,9e0901bcee50a2c1f9527fb0,M20,2,9.81,10.307012558,20
242,9e0901bcee50a2c1f9527fb0,M21,2,6.95,7.81858587265,21
242,9e0901bcee50a2c1f9527fb0,M22,2,16.46,18.5470085144,45
242,9e0901bcee50a2c1f9527fb0,M23,2,14.08,15.4292783737,45
242,9e0901bcee50a2c1f9527fb0,M24,2,16.61,18.1131458282,45
242,9e0901bcee50a2c1f9527fb0,M25,2,14.29,14.1088447571,20
242,9e0901bcee50a2c1f9527fb0,M26,2,13.08,12.6214847565,20
242,9e0901bcee50a2c1f9527fb0,M27,2,17.02,16.6096782684,30
242,9e0901bcee50a2c1f9527fb0,M28,2,15.2,14.1630916595,30
242,9e0901bcee50a2c1f9527fb0,M29,2,16.75,16.2202949524,30
242,9e0901bcee50a2c1f9527fb0,M30,2,10.52,10.2351560593,21
243,25ddcfd00b9d06444330609f,M01,3,6.95,7.42044210434,10
243,25ddcfd00b9d06444330609f,M02,3,9.48,10.1488485336,15
243,25ddcfd00b9d06444330609f,M03,3,9.78,10.253993988,21
243,25ddcfd00b9d06444330609f,M04,3,8.86,9.6159734726,21
243,25ddcfd00b9d06444330609f,M05,3,8.47,9.60683822632,21
243,25ddcfd00b9d06444330609f,M06,3,12.04,12.7057323456,21
243,25ddcfd00b9d06444330609f,M07,3,13.42,14.3481388092,30
243,25ddcfd00b9d06444330609f,M08,3,17.83,18.8326339722,30
243,25ddcfd00b9d06444330609f,M09,3,16.53,17.7963867188,30
243,25ddcfd00b9d06444330609f,M10,3,19.37,20.5412712097,30
243,25ddcfd00b9d06444330609f,M11,3,17.85,19.4450798035,30
243,25ddcfd00b9d06444330609f,M12,3,25.37,27.6635532379,45
243,25ddcfd00b9d06444330609f,M13,3,24.76,27.4843292236,60
243,25ddcfd00b9d06444330609f,M14,3,21.46,24.3264713287,60
243,25ddcfd00b9d06444330609f,M15,3,25.1,27.5888347626,60
243,25ddcfd00b9d06444330609f,M16,3,52.9,53.8103294373,100
243,25ddcfd00b9d06444330609f,M17,3,7.24,7.13316774368,14
243,25ddcfd00b9d06444330609f,M18,3,10.05,9.98309898376,21
243,25ddcfd00b9d06444330609f,M19,3,7.09,8.20424175262,21
243,25ddcfd00b9d06444330609f,M20,3,10.39,10.4406471252,20
243,25ddcfd00b9d06444330609f,M21,3,7.6,7.94323682785,21
243,25ddcfd00b9d06444330609f,M22,3,18.28,19.168422699,45
243,25ddcfd00b9d06444330609f,M23,3,15.58,16.7948875427,45
243,25ddcfd00b9d06444330609f,M24,3,18.62,19.3534679413,45
243,25ddcfd00b9d06444330609f,M25,3,12.89,13.4892816544,20
243,25ddcfd00b9d06444330609f,M26,3,11.69,12.4271459579,20
243,25ddcfd00b9d06444330609f,M27,3,14.2,15.9033746719,30
243,25ddcfd00b9d06444330609f,M28,3,12.37,14.0586175919,30
243,25ddcfd00b9d06444330609f,M29,3,14.45,15.9302482605,30
243,25ddcfd00b9d06444330609f,M30,3,8.54,10.0786867142,21
244,670b4048ec51c7fd50fc617b,M01,2,7.83,8.26061248779,10
244,670b4048ec51c7fd50fc617b,M02,2,10.41,10.9387645721,15
244,670b4048ec51c7fd50fc617b,M03,2,11.55,12.3352012634,21
244,670b4048ec51c7fd50fc617b,M04,2,10.69,11.6872644424,21
244,670b4048ec51c7fd50fc617b,M05,2,10.85,11.7751617432,21
244,670b4048ec51c7fd50fc617b,M06,2,14.27,15.2957239151,21
244,670b4048ec51c7fd50fc617b,M07,2,16.06,17.8140563965,30
244,670b4048ec51c7fd50fc617b,M08,2,20.42,22.1066703796,30
244,670b4048ec51c7fd50fc617b,M09,2,19.2,20.8377323151,30
244,670b4048ec51c7fd50fc617b,M10,2,21.97,23.555267334,30
244,670b4048ec51c7fd50fc617b,M11,2,21.2,22.9177837372,30
244,670b4048ec51c7fd50fc617b,M12,2,29.59,33.4232368469,45
244,670b4048ec51c7fd50fc617b,M13,2,30.56,34.4596443176,60
244,670b4048ec51c7fd50fc617b,M14,2,27.22,31.3107700348,60
244,670b4048ec51c7fd50fc617b,M15,2,30.76,34.8989677429,60
244,670b4048ec51c7fd50fc617b,M16,2,59.36,64.1721191406,100
244,670b4048ec51c7fd50fc617b,M17,2,8.04,8.51628303528,14
244,670b4048ec51c7fd50fc617b,M18,2,11.17,12.0611610413,21
244,670b4048ec51c7fd50fc617b,M19,2,9.66,10.9441680908,21
244,670b4048ec51c7fd50fc617b,M20,2,11.82,13.2360601425,20
244,670b4048ec51c7fd50fc617b,M21,2,9,10.3393726349,21
244,670b4048ec51c7fd50fc617b,M22,2,22.5,26.5242137909,45
244,670b4048ec51c7fd50fc617b,M23,2,19.22,23.3089771271,45
244,670b4048ec51c7fd50fc617b,M24,2,23.03,27.3859806061,45
244,670b4048ec51c7fd50fc617b,M25,2,15.04,15.5956897736,20
244,670b4048ec51c7fd50fc617b,M26,2,13.82,14.454583168,20
244,670b4048ec51c7fd50fc617b,M27,2,18.48,19.6617069244,30
244,670b4048ec51c7fd50fc617b,M28,2,16.59,17.8510055542,30
244,670b4048ec51c7fd50fc617b,M29,2,18.38,19.6697425842,30
244,670b4048ec51c7fd50fc617b,M30,2,11.61,12.3763113022,21
245,1a63c784a90e7a00bbc469c8,M01,1,7.44,8.84859466553,10
245,1a63c784a90e7a00bbc469c8,M02,1,9.96,11.7018184662,15
245,1a63c784a90e7a00bbc469c8,M03,1,10.84,13.6017484665,21
245,1a63c784a90e7a00bbc469c8,M04,1,10.48,12.72448349,21
245,1a63c784a90e7a00bbc469c8,M05,1,10.57,12.8828058243,21
245,1a63c784a90e7a00bbc469c8,M06,1,13.48,16.2452735901,21
245,1a63c784a90e7a00bbc469c8,M07,1,15.07,19.6751346588,30
245,1a63c784a90e7a00bbc469c8,M08,1,19.44,23.2065258026,30
245,1a63c784a90e7a00bbc469c8,M09,1,19.03,21.4928779602,30
245,1a63c784a90e7a00bbc469c8,M10,1,20.89,24.5700054169,30
245,1a63c784a90e7a00bbc469c8,M11,1,20.83,23.8932151794,30
245,1a63c784a90e7a00bbc469c8,M12,1,28.18,35.2937088013,45
245,1a63c784a90e7a00bbc469c8,M13,1,29.01,36.9050064087,60
245,1a63c784a90e7a00bbc469c8,M14,1,26.38,34.1296958923,60
245,1a63c784a90e7a00bbc469c8,M15,1,29.61,37.1055412292,60
245,1a63c784a90e7a00bbc469c8,M16,1,57.74,67.3184509277,100
245,1a63c784a90e7a00bbc469c8,M17,1,7.76,8.89673137665,14
245,1a63c784a90e7a00bbc469c8,M18,1,10.91,12.8498029709,21
245,1a63c784a90e7a00bbc469c8,M19,1,8.29,12.4199991226,21
245,1a63c784a90e7a00bbc469c8,M20,1,10.03,13.7517929077,20
245,1a63c784a90e7a00bbc469c8,M21,1,7.75,11.38052845,21
245,1a63c784a90e7a00bbc469c8,M22,1,17.56,29.170671463,45
245,1a63c784a90e7a00bbc469c8,M23,1,17.05,26.262720108,45
245,1a63c784a90e7a00bbc469c8,M24,1,17.82,29.269952774,45
245,1a63c784a90e7a00bbc469c8,M25,1,16.26,16.3987159729,20
245,1a63c784a90e7a00bbc469c8,M26,1,15.03,15.2159309387,20
245,1a63c784a90e7a00bbc469c8,M27,1,20.99,21.683965683,30
245,1a63c784a90e7a00bbc469c8,M28,1,19.15,19.8179130554,30
245,1a63c784a90e7a00bbc469c8,M29,1,20.01,21.4077453613,30
245,1a63c784a90e7a00bbc469c8,M30,1,13.15,13.8410339355,21
246,dde8b904e95cd1e872f4f7db,M01,2,7.92,8.19149875641,10
246,dde8b904e95cd1e872f4f7db,M02,2,10.6,11.0535116196,15
246,dde8b904e95cd1e872f4f7db,M03,2,11.95,12.3629007339,21
246,dde8b904e95cd1e872f4f7db,M04,2,11.04,11.5362033844,21
246,dde8b904e95cd1e872f4f7db,M05,2,11.18,11.7265319824,21
246,dde8b904e95cd1e872f4f7db,M06,2,14.58,15.1089773178,21
246,dde8b904e95cd1e872f4f7db,M07,2,16.66,17.6756210327,30
246,dde8b904e95cd1e872f4f7db,M08,2,20.99,21.8788871765,30
246,dde8b904e95cd1e872f4f7db,M09,2,19.74,20.4480991364,30
246,dde8b904e95cd1e872f4f7db,M10,2,22.51,23.0914230347,30
246,dde8b904e95cd1e872f4f7db,M11,2,21.69,22.3043937683,30
246,dde8b904e95cd1e872f4f7db,M12,2,30.57,31.6690254211,45
246,dde8b904e95cd1e872f4f7db,M13,2,31.36,32.3313674927,60
246,dde8b904e95cd1e872f4f7db,M14,2,28.08,29.4752502441,60
246,dde8b904e95cd1e872f4f7db,M15,2,31.9,32.5970802307,60
246,dde8b904e95cd1e872f4f7db,M16,2,60.24,57.045753479,100
246,dde8b904e95cd1e872f4f7db,M17,2,8.21,8.35698127747,14
246,dde8b904e95cd1e872f4f7db,M18,2,11.51,11.9065351486,21
246,dde8b904e95cd1e872f4f7db,M19,2,9.83,11.2092514038,21
246,dde8b904e95cd1e872f4f7db,M20,2,11.83,13.1537275314,20
246,dde8b904e95cd1e872f4f7db,M21,2,9.15,10.2928409576,21
246,dde8b904e95cd1e872f4f7db,M22,2,22.51,24.9135303497,45
246,dde8b904e95cd1e872f4f7db,M23,2,19.31,22.1195259094,45
246,dde8b904e95cd1e872f4f7db,M24,2,23.22,25.4106655121,45
246,dde8b904e95cd1e872f4f7db,M25,2,15.2,15.6669864655,20
246,dde8b904e95cd1e872f4f7db,M26,2,13.96,14.6359796524,20
246,dde8b904e95cd1e872f4f7db,M27,2,18.8,19.8823547363,30
246,dde8b904e95cd1e872f4f7db,M28,2,16.98,17.888666153,30
246,dde8b904e95cd1e872f4f7db,M29,2,18.85,19.8331279755,30
246,dde8b904e95cd1e872f4f7db,M30,2,11.99,12.7327432632,21
247,b8b3ad07e5e1039df48e43e6,M01,2,4.35,5.21840715408,10
247,b8b3ad07e5e1039df48e43e6,M02,2,5.23,6.5675110817,15
247,b8b3ad07e5e1039df48e43e6,M03,2,4.82,6.4063501358,21
247,b8b3ad07e5e1039df48e43e6,M04,2,4.63,5.92719078064,21
247,b8b3ad07e5e1039df48e43e6,M05,2,4.38,5.93210458755,21
247,b8b3ad07e5e1039df48e43e6,M06,2,6.22,8.20008087158,21
247,b8b3ad07e5e1039df48e43e6,M07,2,5.83,8.34960460663,30
247,b8b3ad07e5e1039df48e43e6,M08,2,6.91,10.1014537811,30
247,b8b3ad07e5e1039df48e43e6,M09,2,6.1,9.18357849121,30
247,b8b3ad07e5e1039df48e43e6,M10,2,8.28,11.5331554413,30
247,b8b3ad07e5e1039df48e43e6,M11,2,7.02,10.6055231094,30
247,b8b3ad07e5e1039df48e43e6,M12,2,7.22,14.3168134689,45
247,b8b3ad07e5e1039df48e43e6,M13,2,8.69,14.324098587,60
247,b8b3ad07e5e1039df48e43e6,M14,2,6.18,12.3592643738,60
247,b8b3ad07e5e1039df48e43e6,M15,2,8.8,14.3405160904,60
247,b8b3ad07e5e1039df48e43e6,M16,2,13.83,26.4526386261,100
247,b8b3ad07e5e1039df48e43e6,M17,2,2.83,4.65322303772,14
247,b8b3ad07e5e1039df48e43e6,M18,2,5.15,6.33619308472,21
247,b8b3ad07e5e1039df48e43e6,M19,2,4.4,5.24944448471,21
247,b8b3ad07e5e1039df48e43e6,M20,2,5.05,6.69495296478,20
247,b8b3ad07e5e1039df48e43e6,M21,2,4.39,4.94689702988,21
247,b8b3ad07e5e1039df48e43e6,M22,2,6.9,9.34585952759,45
247,b8b3ad07e5e1039df48e43e6,M23,2,5.29,7.74495172501,45
247,b8b3ad07e5e1039df48e43e6,M24,2,6.87,9.23080825806,45
247,b8b3ad07e5e1039df48e43e6,M25,2,12.31,9.7250213623,20
247,b8b3ad07e5e1039df48e43e6,M26,2,10.73,8.10791015625,20
247,b8b3ad07e5e1039df48e43e6,M27,2,12.71,10.0698308945,30
247,b8b3ad07e5e1039df48e43e6,M28,2,10.52,8.4286365509,30
247,b8b3ad07e5e1039df48e43e6,M29,2,13.1,9.86155891418,30
247,b8b3ad07e5e1039df48e43e6,M30,2,7.71,6.45336008072,21
248,5a933e414c446e00b391d67e,M01,4,7.89,8.09464263916,10
248,5a933e414c446e00b391d67e,M02,4,10.57,10.6686115265,15
248,5a933e414c446e00b391d67e,M03,4,12,11.7778358459,21
248,5a933e414c446e00b391d67e,M04,4,11.16,11.0764703751,21
248,5a933e414c446e00b391d67e,M05,4,11.33,11.1652317047,21
248,5a933e414c446e00b391d67e,M06,4,14.67,14.5422859192,21
248,5a933e414c446e00b391d67e,M07,4,16.8,16.5031089783,30
248,5a933e414c446e00b391d67e,M08,4,21.09,21.0178203583,30
248,5a933e414c446e00b391d67e,M09,4,19.93,19.7145442963,30
248,5a933e414c446e00b391d67e,M10,4,22.57,22.2997970581,30
248,5a933e414c446e00b391d67e,M11,4,21.84,21.7411594391,30
248,5a933e414c446e00b391d67e,M12,4,30.86,30.7993392944,45
248,5a933e414c446e00b391d67e,M13,4,31.99,31.2313556671,60
248,5a933e414c446e00b391d67e,M14,4,28.92,28.1827545166,60
248,5a933e414c446e00b391d67e,M15,4,32.18,31.5803508759,60
248,5a933e414c446e00b391d67e,M16,4,60.96,60.3891487122,100
248,5a933e414c446e00b391d67e,M17,4,8.28,8.25160980225,14
248,5a933e414c446e00b391d67e,M18,4,11.6,11.4433879852,21
248,5a933e414c446e00b391d67e,M19,4,10.65,10.5341005325,21
248,5a933e414c446e00b391d67e,M20,4,12.77,12.7088756561,20
248,5a933e414c446e00b391d67e,M21,4,10.01,9.97729682922,21
248,5a933e414c446e00b391d67e,M22,4,25.58,24.1399555206,45
248,5a933e414c446e00b391d67e,M23,4,22.38,21.3866977692,45
248,5a933e414c446e00b391d67e,M24,4,25.99,24.7538700104,45
248,5a933e414c446e00b391d67e,M25,4,15.22,15.0513601303,20
248,5a933e414c446e00b391d67e,M26,4,14.07,13.7242422104,20
248,5a933e414c446e00b391d67e,M27,4,18.97,18.7421970367,30
248,5a933e414c446e00b391d67e,M28,4,17.23,16.7527198792,30
248,5a933e414c446e00b391d67e,M29,4,18.87,18.5771179199,30
248,5a933e414c446e00b391d67e,M30,4,12.04,11.9373407364,21
249,6f55438546f57416a8693eb4,M01,3,6.14,6.33060884476,10
249,6f55438546f57416a8693eb4,M02,3,8.19,8.13049125671,15
249,6f55438546f57416a8693eb4,M03,3,7.5,7.63362026215,21
249,6f55438546f57416a8693eb4,M04,3,6.78,7.17863035202,21
249,6f55438546f57416a8693eb4,M05,3,6.5,7.15362024307,21
249,6f55438546f57416a8693eb4,M06,3,9.46,10.2161073685,21
249,6f55438546f57416a8693eb4,M07,3,9.94,11.0270433426,30
249,6f55438546f57416a8693eb4,M08,3,13.93,14.6620550156,30
249,6f55438546f57416a8693eb4,M09,3,12.64,13.9717235565,30
249,6f55438546f57416a8693eb4,M10,3,15.58,16.2380123138,30
249,6f55438546f57416a8693eb4,M11,3,14.34,15.1596574783,30
249,6f55438546f57416a8693eb4,M12,3,18.74,19.1892852783,45
249,6f55438546f57416a8693eb4,M13,3,17.67,19.2211894989,60
249,6f55438546f57416a8693eb4,M14,3,14.66,17.076921463,60
249,6f55438546f57416a8693eb4,M15,3,17.72,18.7139663696,60
249,6f55438546f57416a8693eb4,M16,3,40.54,32.8796463013,100
249,6f55438546f57416a8693eb4,M17,3,5.53,5.48866415024,14
249,6f55438546f57416a8693eb4,M18,3,7.56,7.56116247177,21
249,6f55438546f57416a8693eb4,M19,3,5.65,6.35848379135,21
249,6f55438546f57416a8693eb4,M20,3,7.92,8.7955083847,20
249,6f55438546f57416a8693eb4,M21,3,5.62,6.42093801498,21
249,6f55438546f57416a8693eb4,M22,3,12.22,13.8442792892,45
249,6f55438546f57416a8693eb4,M23,3,10.47,12.5507802963,45
249,6f55438546f57416a8693eb4,M24,3,12.17,13.9365663528,45
249,6f55438546f57416a8693eb4,M25,3,8.84,11.3661193848,20
249,6f55438546f57416a8693eb4,M26,3,7.09,10.1262111664,20
249,6f55438546f57416a8693eb4,M27,3,8.51,13.6183280945,30
249,6f55438546f57416a8693eb4,M28,3,7.2,12.4647712708,30
249,6f55438546f57416a8693eb4,M29,3,8.27,13.5684022903,30
249,6f55438546f57416a8693eb4,M30,3,4.98,7.41547775269,21
250,c757832b2167519e0ac3b967,M01,4,9.28,8.97891902924,10
250,c757832b2167519e0ac3b967,M02,4,11.82,11.9605226517,15
250,c757832b2167519e0ac3b967,M03,4,14.3,14.0899238586,21
250,c757832b2167519e0ac3b967,M04,4,13.29,13.2786493301,21
250,c757832b2167519e0ac3b967,M05,4,13.55,13.5193796158,21
250,c757832b2167519e0ac3b967,M06,4,17.19,16.9022216797,21
250,c757832b2167519e0ac3b967,M07,4,20.25,19.8138237,30
250,c757832b2167519e0ac3b967,M08,4,24.25,24.0642375946,30
250,c757832b2167519e0ac3b967,M09,4,22.92,22.8759365082,30
250,c757832b2167519e0ac3b967,M10,4,25.75,25.469833374,30
250,c757832b2167519e0ac3b967,M11,4,24.9,24.9217777252,30
250,c757832b2167519e0ac3b967,M12,4,36.22,36.0580482483,45
250,c757832b2167519e0ac3b967,M13,4,38.6,38.2905845642,60
250,c757832b2167519e0ac3b967,M14,4,35.86,35.1302642822,60
250,c757832b2167519e0ac3b967,M15,4,38.85,38.2161712646,60
250,c757832b2167519e0ac3b967,M16,4,68.13,66.8806533813,100
250,c757832b2167519e0ac3b967,M17,4,9.41,9.17524814606,14
250,c757832b2167519e0ac3b967,M18,4,13.53,13.5395812988,21
250,c757832b2167519e0ac3b967,M19,4,13.47,12.8986024857,21
250,c757832b2167519e0ac3b967,M20,4,14.98,14.1225538254,20
250,c757832b2167519e0ac3b967,M21,4,12.28,12.1996145248,21
250,c757832b2167519e0ac3b967,M22,4,32.72,30.0267543793,45
250,c757832b2167519e0ac3b967,M23,4,29.36,26.5156135559,45
250,c757832b2167519e0ac3b967,M24,4,33.22,30.0634708405,45
250,c757832b2167519e0ac3b967,M25,4,16.93,16.9796485901,20
250,c757832b2167519e0ac3b967,M26,4,15.56,15.7294778824,20
250,c757832b2167519e0ac3b967,M27,4,21.9,21.8005962372,30
250,c757832b2167519e0ac3b967,M28,4,20.18,19.9496631622,30
250,c757832b2167519e0ac3b967,M29,4,21.66,21.6188163757,30
250,c757832b2167519e0ac3b967,M30,4,14.35,14.1411476135,21
251,fa74b4af76ab2c2bfc0004ba,M01,2,7.71,8.19982337952,10
251,fa74b4af76ab2c2bfc0004ba,M02,2,10.34,10.9972143173,15
251,fa74b4af76ab2c2bfc0004ba,M03,2,11.55,12.1833734512,21
251,fa74b4af76ab2c2bfc0004ba,M04,2,10.73,11.6778354645,21
251,fa74b4af76ab2c2bfc0004ba,M05,2,10.9,11.7280111313,21
251,fa74b4af76ab2c2bfc0004ba,M06,2,14.21,15.0565423965,21
251,fa74b4af76ab2c2bfc0004ba,M07,2,16.12,17.6322116852,30
251,fa74b4af76ab2c2bfc0004ba,M08,2,20.43,21.7936668396,30
251,fa74b4af76ab2c2bfc0004ba,M09,2,19.32,20.7812385559,30
251,fa74b4af76ab2c2bfc0004ba,M10,2,21.92,23.2810630798,30
251,fa74b4af76ab2c2bfc0004ba,M11,2,21.21,22.4906826019,30
251,fa74b4af76ab2c2bfc0004ba,M12,2,29.78,32.0649909973,45
251,fa74b4af76ab2c2bfc0004ba,M13,2,30.82,32.6201629639,60
251,fa74b4af76ab2c2bfc0004ba,M14,2,27.77,29.5966663361,60
251,fa74b4af76ab2c2bfc0004ba,M15,2,30.84,33.5120658875,60
251,fa74b4af76ab2c2bfc0004ba,M16,2,59.72,60.2915534973,100
251,fa74b4af76ab2c2bfc0004ba,M17,2,8.06,8.41118907928,14
251,fa74b4af76ab2c2bfc0004ba,M18,2,11.2,12.0446596146,21
251,fa74b4af76ab2c2bfc0004ba,M19,2,10.48,10.3164815903,21
251,fa74b4af76ab2c2bfc0004ba,M20,2,12.69,12.7511854172,20
251,fa74b4af76ab2c2bfc0004ba,M21,2,9.91,9.99385929108,21
251,fa74b4af76ab2c2bfc0004ba,M22,2,25.29,24.3458118439,45
251,fa74b4af76ab2c2bfc0004ba,M23,2,22.16,21.2271289825,45
251,fa74b4af76ab2c2bfc0004ba,M24,2,25.6,25.3616447449,45
251,fa74b4af76ab2c2bfc0004ba,M25,2,14.95,15.2056570053,20
251,fa74b4af76ab2c2bfc0004ba,M26,2,13.8,14.2651519775,20
251,fa74b4af76ab2c2bfc0004ba,M27,2,18.43,18.988161087,30
251,fa74b4af76ab2c2bfc0004ba,M28,2,16.71,17.1932506561,30
251,fa74b4af76ab2c2bfc0004ba,M29,2,18.28,19.3049182892,30
251,fa74b4af76ab2c2bfc0004ba,M30,2,11.57,12.1922254562,21
252,49f72a7b3ba95ce637b7c9ed,M01,4,7.04,7.45521640778,10
252,49f72a7b3ba95ce637b7c9ed,M02,4,9.79,9.79806613922,15
252,49f72a7b3ba95ce637b7c9ed,M03,4,10.47,10.3960914612,21
252,49f72a7b3ba95ce637b7c9ed,M04,4,9.87,9.96316051483,21
252,49f72a7b3ba95ce637b7c9ed,M05,4,9.67,9.86565971375,21
252,49f72a7b3ba95ce637b7c9ed,M06,4,12.45,13.1267518997,21
252,49f72a7b3ba95ce637b7c9ed,M07,4,14.52,14.6525669098,30
252,49f72a7b3ba95ce637b7c9ed,M08,4,18.91,19.5173339844,30
252,49f72a7b3ba95ce637b7c9ed,M09,4,18.06,18.4057617188,30
252,49f72a7b3ba95ce637b7c9ed,M10,4,20.4,20.8898715973,30
252,49f72a7b3ba95ce637b7c9ed,M11,4,19.6,20.0517406464,30
252,49f72a7b3ba95ce637b7c9ed,M12,4,27.28,27.29322052,45
252,49f72a7b3ba95ce637b7c9ed,M13,4,26.13,26.9688873291,60
252,49f72a7b3ba95ce637b7c9ed,M14,4,23.13,23.2965393066,60
252,49f72a7b3ba95ce637b7c9ed,M15,4,27.57,27.9906272888,60
252,49f72a7b3ba95ce637b7c9ed,M16,4,54.55,54.0459709167,100
252,49f72a7b3ba95ce637b7c9ed,M17,4,7.5,7.8627948761,14
252,49f72a7b3ba95ce637b7c9ed,M18,4,10.46,10.456870079,21
252,49f72a7b3ba95ce637b7c9ed,M19,4,7.25,8.69636631012,21
252,49f72a7b3ba95ce637b7c9ed,M20,4,10.46,12.2669315338,20
252,49f72a7b3ba95ce637b7c9ed,M21,4,7.58,8.8684091568,21
252,49f72a7b3ba95ce637b7c9ed,M22,4,17.94,21.6852531433,45
252,49f72a7b3ba95ce637b7c9ed,M23,4,14.54,17.1680431366,45
252,49f72a7b3ba95ce637b7c9ed,M24,4,20.87,24.0909633636,45
252,49f72a7b3ba95ce637b7c9ed,M25,4,13.8,14.0390253067,20
252,49f72a7b3ba95ce637b7c9ed,M26,4,12.71,13.0344753265,20
252,49f72a7b3ba95ce637b7c9ed,M27,4,16.16,16.7613277435,30
252,49f72a7b3ba95ce637b7c9ed,M28,4,14.46,14.4445667267,30
252,49f72a7b3ba95ce637b7c9ed,M29,4,16.65,17.1243400574,30
252,49f72a7b3ba95ce637b7c9ed,M30,4,10,10.1589593887,21
253,2e0625b187eb16887bc48f24,M01,3,8.4,8.90940570831,10
253,2e0625b187eb16887bc48f24,M02,3,11.03,11.7197132111,15
253,2e0625b187eb16887bc48f24,M03,3,12.67,13.5874862671,21
253,2e0625b187eb16887bc48f24,M04,3,11.56,12.8420734406,21
253,2e0625b187eb16887bc48f24,M05,3,12.44,12.9631204605,21
253,2e0625b187eb16887bc48f24,M06,3,15.51,16.2963752747,21
253,2e0625b187eb16887bc48f24,M07,3,17.61,19.1858711243,30
253,2e0625b187eb16887bc48f24,M08,3,21.91,23.3549671173,30
253,2e0625b187eb16887bc48f24,M09,3,20.39,22.3204498291,30
253,2e0625b187eb16887bc48f24,M10,3,23.59,24.7716026306,30
253,2e0625b187eb16887bc48f24,M11,3,23.46,24.1777095795,30
253,2e0625b187eb16887bc48f24,M12,3,31.8,35.4742088318,45
253,2e0625b187eb16887bc48f24,M13,3,33.41,36.8794555664,60
253,2e0625b187eb16887bc48f24,M14,3,29.76,34.0808753967,60
253,2e0625b187eb16887bc48f24,M15,3,34.16,37.1299552917,60
253,2e0625b187eb16887bc48f24,M16,3,62.37,64.8844451904,100
253,2e0625b187eb16887bc48f24,M17,3,7.93,9.11719703674,14
253,2e0625b187eb16887bc48f24,M18,3,11.03,13.1593818665,21
253,2e0625b187eb16887bc48f24,M19,3,10.37,12.5360813141,21
253,2e0625b187eb16887bc48f24,M20,3,9.96,14.0749959946,20
253,2e0625b187eb16887bc48f24,M21,3,7.57,11.7130298615,21
253,2e0625b187eb16887bc48f24,M22,3,17.32,29.3763618469,45
253,2e0625b187eb16887bc48f24,M23,3,16.69,26.4144573212,45
253,2e0625b187eb16887bc48f24,M24,3,17.31,29.4861030579,45
253,2e0625b187eb16887bc48f24,M25,3,16.2,16.5381851196,20
253,2e0625b187eb16887bc48f24,M26,3,14.97,15.0635919571,20
253,2e0625b187eb16887bc48f24,M27,3,20.77,21.1458587646,30
253,2e0625b187eb16887bc48f24,M28,3,19.01,19.6122150421,30
253,2e0625b187eb16887bc48f24,M29,3,20.72,21.0368404388,30
253,2e0625b187eb16887bc48f24,M30,3,13.5,13.7604055405,21
254,566ffc41d7edae3a1f739741,M01,2,8.5,8.86945915222,10
254,566ffc41d7edae3a1f739741,M02,2,11.28,12.0708179474,15
254,566ffc41d7edae3a1f739741,M03,2,13.53,13.5714263916,21
254,566ffc41d7edae3a1f739741,M04,2,12.67,12.9171772003,21
254,566ffc41d7edae3a1f739741,M05,2,12.9,13.047164917,21
254,566ffc41d7edae3a1f739741,M06,2,16.26,16.4017868042,21
254,566ffc41d7edae3a1f739741,M07,2,19.17,19.4302101135,30
254,566ffc41d7edae3a1f739741,M08,2,23.25,23.4701194763,30
254,566ffc41d7edae3a1f739741,M09,2,22.08,22.2440929413,30
254,566ffc41d7edae3a1f739741,M10,2,24.63,24.9934120178,30
254,566ffc41d7edae3a1f739741,M11,2,23.98,24.3496837616,30
254,566ffc41d7edae3a1f739741,M12,2,34.6,35.9531745911,45
254,566ffc41d7edae3a1f739741,M13,2,36.48,37.2480125427,60
254,566ffc41d7edae3a1f739741,M14,2,33.83,35.0791778564,60
254,566ffc41d7edae3a1f739741,M15,2,36.58,37.6261482239,60
254,566ffc41d7edae3a1f739741,M16,2,65.88,67.1846160889,100
254,566ffc41d7edae3a1f739741,M17,2,9.05,9.11836242676,14
254,566ffc41d7edae3a1f739741,M18,2,12.98,13.3047361374,21
254,566ffc41d7edae3a1f739741,M19,2,12.7,12.3336029053,21
254,566ffc41d7edae3a1f739741,M20,2,14.17,13.7648801804,20
254,566ffc41d7edae3a1f739741,M21,2,11.76,11.7822294235,21
254,566ffc41d7edae3a1f739741,M22,2,30.18,28.6823558807,45
254,566ffc41d7edae3a1f739741,M23,2,26.72,26.0287723541,45
254,566ffc41d7edae3a1f739741,M24,2,30.74,29.3248538971,45
254,566ffc41d7edae3a1f739741,M25,2,16.17,16.7411575317,20
254,566ffc41d7edae3a1f739741,M26,2,14.99,15.3773422241,20
254,566ffc41d7edae3a1f739741,M27,2,20.85,21.5237369537,30
254,566ffc41d7edae3a1f739741,M28,2,19.23,19.6489753723,30
254,566ffc41d7edae3a1f739741,M29,2,20.61,21.4530563354,30
254,566ffc41d7edae3a1f739741,M30,2,13.59,13.7778396606,21
256,7ab835a888675d8492b11826,M01,4,8.6,8.72707080841,10
256,7ab835a888675d8492b11826,M02,4,11.34,11.695892334,15
256,7ab835a888675d8492b11826,M03,4,13.62,13.733923912,21
256,7ab835a888675d8492b11826,M04,4,12.73,12.9175567627,21
256,7ab835a888675d8492b11826,M05,4,12.98,13.1429357529,21
256,7ab835a888675d8492b11826,M06,4,16.38,16.512758255,21
256,7ab835a888675d8492b11826,M07,4,19.31,19.4574356079,30
256,7ab835a888675d8492b11826,M08,4,23.35,23.9855766296,30
256,7ab835a888675d8492b11826,M09,4,22.18,22.7468242645,30
256,7ab835a888675d8492b11826,M10,4,24.74,25.3166732788,30
256,7ab835a888675d8492b11826,M11,4,24.09,24.8435230255,30
256,7ab835a888675d8492b11826,M12,4,34.82,35.7884254456,45
256,7ab835a888675d8492b11826,M13,4,36.91,38.0255279541,60
256,7ab835a888675d8492b11826,M14,4,34.22,35.151473999,60
256,7ab835a888675d8492b11826,M15,4,37.1,38.0557785034,60
256,7ab835a888675d8492b11826,M16,4,66.34,66.9658203125,100
256,7ab835a888675d8492b11826,M17,4,9.08,8.94339847565,14
256,7ab835a888675d8492b11826,M18,4,13.03,13.1021986008,21
256,7ab835a888675d8492b11826,M19,4,12.45,12.6097297668,21
256,7ab835a888675d8492b11826,M20,4,14.12,13.9332132339,20
256,7ab835a888675d8492b11826,M21,4,11.38,11.8624696732,21
256,7ab835a888675d8492b11826,M22,4,29.56,30.3499240875,45
256,7ab835a888675d8492b11826,M23,4,25.74,26.9711608887,45
256,7ab835a888675d8492b11826,M24,4,30.09,30.561668396,45
256,7ab835a888675d8492b11826,M25,4,16.23,16.8664703369,20
256,7ab835a888675d8492b11826,M26,4,15.06,15.7250881195,20
256,7ab835a888675d8492b11826,M27,4,20.99,21.7616062164,30
256,7ab835a888675d8492b11826,M28,4,19.4,20.0539836884,30
256,7ab835a888675d8492b11826,M29,4,20.84,21.630273819,30
256,7ab835a888675d8492b11826,M30,4,13.66,14.1646661758,21
257,6245e73d8777b85805db8d4d,M01,0,9.21,8.9858341217,10
257,6245e73d8777b85805db8d4d,M02,0,11.81,11.763756752,15
257,6245e73d8777b85805db8d4d,M03,0,14.34,13.7394037247,21
257,6245e73d8777b85805db8d4d,M04,0,13.41,12.9644317627,21
257,6245e73d8777b85805db8d4d,M05,0,13.7,13.107047081,21
257,6245e73d8777b85805db8d4d,M06,0,17.2,16.6042060852,21
257,6245e73d8777b85805db8d4d,M07,0,20.41,19.5098419189,30
257,6245e73d8777b85805db8d4d,M08,0,24.37,23.4074001312,30
257,6245e73d8777b85805db8d4d,M09,0,23.11,22.2511672974,30
257,6245e73d8777b85805db8d4d,M10,0,25.83,24.8361854553,30
257,6245e73d8777b85805db8d4d,M11,0,25.08,24.2174301147,30
257,6245e73d8777b85805db8d4d,M12,0,36.78,35.7108421326,45
257,6245e73d8777b85805db8d4d,M13,0,38.91,37.0574455261,60
257,6245e73d8777b85805db8d4d,M14,0,36.35,34.4609603882,60
257,6245e73d8777b85805db8d4d,M15,0,39.18,37.2837867737,60
257,6245e73d8777b85805db8d4d,M16,0,68.45,67.5124664307,100
257,6245e73d8777b85805db8d4d,M17,0,9.48,8.99900531769,14
257,6245e73d8777b85805db8d4d,M18,0,13.66,13.1877641678,21
257,6245e73d8777b85805db8d4d,M19,0,13.42,12.1852254868,21
257,6245e73d8777b85805db8d4d,M25,0,16.91,16.7691192627,20
257,6245e73d8777b85805db8d4d,M26,0,15.62,15.5878686905,20
257,6245e73d8777b85805db8d4d,M27,0,21.92,21.358663559,30
257,6245e73d8777b85805db8d4d,M28,0,20.3,19.6132297516,30
257,6245e73d8777b85805db8d4d,M29,0,21.67,21.2329978943,30
257,6245e73d8777b85805db8d4d,M30,0,14.4,14.0227937698,21
258,42ba4eb4f3bde44694d1974c,M01,4,6.69,6.11251115799,10
258,42ba4eb4f3bde44694d1974c,M02,4,8.95,7.85883426666,15
258,42ba4eb4f3bde44694d1974c,M03,4,8.75,7.60833501816,21
258,42ba4eb4f3bde44694d1974c,M04,4,8.09,7.04260015488,21
258,42ba4eb4f3bde44694d1974c,M05,4,8.12,7.02844047546,21
258,42ba4eb4f3bde44694d1974c,M06,4,11.07,10.1260976791,21
258,42ba4eb4f3bde44694d1974c,M07,4,11.82,10.2776174545,30
258,42ba4eb4f3bde44694d1974c,M08,4,16.13,13.5065517426,30
258,42ba4eb4f3bde44694d1974c,M09,4,15.16,12.7266550064,30
258,42ba4eb4f3bde44694d1974c,M10,4,17.76,15.0420064926,30
258,42ba4eb4f3bde44694d1974c,M11,4,17.11,13.9712572098,30
258,42ba4eb4f3bde44694d1974c,M12,4,22.4,18.3121204376,45
258,42ba4eb4f3bde44694d1974c,M13,4,21.83,18.3916053772,60
258,42ba4eb4f3bde44694d1974c,M14,4,18.42,15.3260803223,60
258,42ba4eb4f3bde44694d1974c,M15,4,21.99,18.4235687256,60
258,42ba4eb4f3bde44694d1974c,M16,4,48.91,38.8082351685,100
258,42ba4eb4f3bde44694d1974c,M17,4,6.46,5.42847728729,14
258,42ba4eb4f3bde44694d1974c,M18,4,8.73,7.47589492798,21
258,42ba4eb4f3bde44694d1974c,M19,4,6.39,6.05227470398,21
258,42ba4eb4f3bde44694d1974c,M20,4,8.5,8.14684009552,20
258,42ba4eb4f3bde44694d1974c,M21,4,6.19,5.74320316315,21
258,42ba4eb4f3bde44694d1974c,M22,4,13.25,12.5909557343,45
258,42ba4eb4f3bde44694d1974c,M23,4,11.77,10.6907863617,45
258,42ba4eb4f3bde44694d1974c,M24,4,13.31,12.5866060257,45
258,42ba4eb4f3bde44694d1974c,M25,4,13.26,12.0770616531,20
258,42ba4eb4f3bde44694d1974c,M26,4,11.86,10.6797218323,20
258,42ba4eb4f3bde44694d1974c,M27,4,14.67,13.1608304977,30
258,42ba4eb4f3bde44694d1974c,M28,4,12.64,11.6064453125,30
258,42ba4eb4f3bde44694d1974c,M29,4,14.58,13.1319131851,30
258,42ba4eb4f3bde44694d1974c,M30,4,8.76,7.53102874756,21
259,41a0e87121f95316c7969dd8,M01,3,8.24,7.66241407394,10
259,41a0e87121f95316c7969dd8,M02,3,11,10.3311243057,15
259,41a0e87121f95316c7969dd8,M03,3,12.83,11.3847303391,21
259,41a0e87121f95316c7969dd8,M04,3,11.96,10.8009328842,21
259,41a0e87121f95316c7969dd8,M05,3,12.19,10.8105401993,21
259,41a0e87121f95316c7969dd8,M06,3,15.5,14.1179008484,21
259,41a0e87121f95316c7969dd8,M07,3,18.03,15.8972625732,30
259,41a0e87121f95316c7969dd8,M08,3,22.24,20.5530128479,30
259,41a0e87121f95316c7969dd8,M09,3,20.89,19.3814201355,30
259,41a0e87121f95316c7969dd8,M10,3,23.73,21.9998378754,30
259,41a0e87121f95316c7969dd8,M11,3,23.28,21.3894767761,30
259,41a0e87121f95316c7969dd8,M12,3,32.71,29.8149166107,45
259,41a0e87121f95316c7969dd8,M13,3,34.12,30.5416297913,60
259,41a0e87121f95316c7969dd8,M14,3,31.03,27.7298202515,60
259,41a0e87121f95316c7969dd8,M15,3,34.26,30.76304245,60
259,41a0e87121f95316c7969dd8,M16,3,63.27,60.1138458252,100
259,41a0e87121f95316c7969dd8,M17,3,8.72,7.72744083405,14
259,41a0e87121f95316c7969dd8,M18,3,12.34,11.1482543945,21
259,41a0e87121f95316c7969dd8,M19,3,11.74,9.6389799118,21
259,41a0e87121f95316c7969dd8,M25,3,15.76,14.7101221085,20
259,41a0e87121f95316c7969dd8,M26,3,14.55,13.5201644897,20
259,41a0e87121f95316c7969dd8,M27,3,19.94,18.2477474213,30
259,41a0e87121f95316c7969dd8,M28,3,18.23,16.1150856018,30
259,41a0e87121f95316c7969dd8,M29,3,20.13,18.2495326996,30
259,41a0e87121f95316c7969dd8,M30,3,12.87,11.401301384,21
260,bc37928db07519700d608f99,M01,1,7.03,6.94901943207,10
260,bc37928db07519700d608f99,M02,1,9.88,9.68874835968,15
260,bc37928db07519700d608f99,M03,1,10.38,10.1389541626,21
260,bc37928db07519700d608f99,M04,1,9.84,9.65403747559,21
260,bc37928db07519700d608f99,M05,1,9.89,9.56891059875,21
260,bc37928db07519700d608f99,M06,1,12.58,12.5579385757,21
260,bc37928db07519700d608f99,M07,1,14.37,14.4369878769,30
260,bc37928db07519700d608f99,M08,1,19.04,19.1493530273,30
260,bc37928db07519700d608f99,M09,1,17.93,17.8659000397,30
260,bc37928db07519700d608f99,M10,1,20.02,20.5339488983,30
260,bc37928db07519700d608f99,M11,1,19.45,19.7461071014,30
260,bc37928db07519700d608f99,M12,1,27.11,27.4905147552,45
260,bc37928db07519700d608f99,M13,1,25.94,27.0115413666,60
260,bc37928db07519700d608f99,M14,1,22.91,23.0734329224,60
260,bc37928db07519700d608f99,M15,1,27.84,28.1993751526,60
260,bc37928db07519700d608f99,M16,1,54.28,55.5260391235,100
260,bc37928db07519700d608f99,M17,1,7.54,7.27606868744,14
260,bc37928db07519700d608f99,M18,1,10.02,10.0273303986,21
260,bc37928db07519700d608f99,M19,1,6.93,7.87353944778,21
260,bc37928db07519700d608f99,M20,1,9.85,10.6653556824,20
260,bc37928db07519700d608f99,M21,1,7.1,7.84562349319,21
260,bc37928db07519700d608f99,M22,1,16.12,19.9666175842,45
260,bc37928db07519700d608f99,M23,1,13.32,16.0852680206,45
260,bc37928db07519700d608f99,M24,1,18.86,21.9679317474,45
260,bc37928db07519700d608f99,M25,1,13.78,13.8573522568,20
260,bc37928db07519700d608f99,M26,1,12.66,12.7211856842,20
260,bc37928db07519700d608f99,M27,1,16.08,16.4347820282,30
260,bc37928db07519700d608f99,M28,1,14.37,14.0946655273,30
260,bc37928db07519700d608f99,M29,1,16.66,16.8588180542,30
260,bc37928db07519700d608f99,M30,1,9.83,10.1239271164,21
261,7baf7908c42ba7a02322fcd4,M01,3,6.77,7.61677074432,10
261,7baf7908c42ba7a02322fcd4,M02,3,9.14,10.2375860214,15
261,7baf7908c42ba7a02322fcd4,M03,3,9.19,10.6717758179,21
261,7baf7908c42ba7a02322fcd4,M04,3,8.54,10.0782852173,21
261,7baf7908c42ba7a02322fcd4,M05,3,8.46,10.0818567276,21
261,7baf7908c42ba7a02322fcd4,M06,3,11.5,13.4658088684,21
261,7baf7908c42ba7a02322fcd4,M07,3,12.56,15.1117992401,30
261,7baf7908c42ba7a02322fcd4,M08,3,16.97,19.6908111572,30
261,7baf7908c42ba7a02322fcd4,M09,3,16.05,18.6138000488,30
261,7baf7908c42ba7a02322fcd4,M10,3,18.5,21.315952301,30
261,7baf7908c42ba7a02322fcd4,M11,3,17.82,20.3041934967,30
261,7baf7908c42ba7a02322fcd4,M12,3,24,28.2097320557,45
261,7baf7908c42ba7a02322fcd4,M13,3,23.43,28.270198822,60
261,7baf7908c42ba7a02322fcd4,M14,3,20.22,25.1605834961,60
261,7baf7908c42ba7a02322fcd4,M15,3,23.56,28.2528781891,60
261,7baf7908c42ba7a02322fcd4,M16,3,51.31,56.3527450562,100
261,7baf7908c42ba7a02322fcd4,M17,3,6.67,7.58408021927,14
261,7baf7908c42ba7a02322fcd4,M18,3,9.17,10.521323204,21
261,7baf7908c42ba7a02322fcd4,M19,3,7.71,8.72210121155,21
261,7baf7908c42ba7a02322fcd4,M20,3,10.26,10.9771270752,20
261,7baf7908c42ba7a02322fcd4,M21,3,7.53,8.57272911072,21
261,7baf7908c42ba7a02322fcd4,M22,3,17.81,20.8964481354,45
261,7baf7908c42ba7a02322fcd4,M23,3,15.26,17.8692264557,45
261,7baf7908c42ba7a02322fcd4,M24,3,17.96,20.8790111542,45
261,7baf7908c42ba7a02322fcd4,M25,3,13.44,14.2241249084,20
261,7baf7908c42ba7a02322fcd4,M26,3,12.17,13.2873802185,20
261,7baf7908c42ba7a02322fcd4,M27,3,15.22,17.0178947449,30
261,7baf7908c42ba7a02322fcd4,M28,3,13.39,15.0821199417,30
261,7baf7908c42ba7a02322fcd4,M29,3,15.64,16.9051589966,30
261,7baf7908c42ba7a02322fcd4,M30,3,9.18,10.5575094223,21
262,229504607349828a36f6f03e,M01,1,7.68,7.5951051712,10
262,229504607349828a36f6f03e,M02,1,10.26,10.3164625168,15
262,229504607349828a36f6f03e,M03,1,11.32,11.5579195023,21
262,229504607349828a36f6f03e,M04,1,10.48,10.8728618622,21
262,229504607349828a36f6f03e,M05,1,10.61,10.933590889,21
262,229504607349828a36f6f03e,M06,1,14.01,14.361907959,21
262,229504607349828a36f6f03e,M07,1,15.74,16.3182182312,30
262,229504607349828a36f6f03e,M08,1,20.08,20.5928325653,30
262,229504607349828a36f6f03e,M09,1,18.93,19.3448123932,30
262,229504607349828a36f6f03e,M10,1,21.63,22.1964645386,30
262,229504607349828a36f6f03e,M11,1,20.92,21.6204299927,30
262,229504607349828a36f6f03e,M12,1,29.12,29.8997402191,45
262,229504607349828a36f6f03e,M13,1,30.01,30.8798408508,60
262,229504607349828a36f6f03e,M14,1,26.78,27.9546260834,60
262,229504607349828a36f6f03e,M15,1,30.24,31.1816101074,60
262,229504607349828a36f6f03e,M16,1,58.8,60.529258728,100
262,229504607349828a36f6f03e,M17,1,7.87,7.9169921875,14
262,229504607349828a36f6f03e,M18,1,10.96,11.2628898621,21
262,229504607349828a36f6f03e,M19,1,9.5,9.9597158432,21
262,229504607349828a36f6f03e,M20,1,11.76,12.1438426971,20
262,229504607349828a36f6f03e,M21,1,9.02,9.54900169373,21
262,229504607349828a36f6f03e,M22,1,22.52,23.6222267151,45
262,229504607349828a36f6f03e,M23,1,19.45,20.5340061188,45
262,229504607349828a36f6f03e,M24,1,22.76,24.0483379364,45
262,229504607349828a36f6f03e,M25,1,14.88,15.0681848526,20
262,229504607349828a36f6f03e,M26,1,13.69,13.9045705795,20
262,229504607349828a36f6f03e,M27,1,18.17,18.7966861725,30
262,229504607349828a36f6f03e,M28,1,16.36,16.5581455231,30
262,229504607349828a36f6f03e,M29,1,18.08,18.6906356812,30
262,229504607349828a36f6f03e,M30,1,11.34,11.7330989838,21
263,7738c55f945d0df2535c994a,M01,2,7.89,7.20104694366,10
263,7738c55f945d0df2535c994a,M02,2,10.52,9.83710384369,15
263,7738c55f945d0df2535c994a,M03,2,11.83,10.0709161758,21
263,7738c55f945d0df2535c994a,M04,2,10.77,9.44947528839,21
263,7738c55f945d0df2535c994a,M05,2,10.91,9.47001266479,21
263,7738c55f945d0df2535c994a,M06,2,14.56,12.7677001953,21
263,7738c55f945d0df2535c994a,M07,2,16.49,13.9668264389,30
263,7738c55f945d0df2535c994a,M08,2,20.82,18.0878314972,30
263,7738c55f945d0df2535c994a,M09,2,19.36,17.2010364532,30
263,7738c55f945d0df2535c994a,M10,2,22.33,19.9482326508,30
263,7738c55f945d0df2535c994a,M11,2,21.31,18.9716415405,30
263,7738c55f945d0df2535c994a,M12,2,30.31,27.4153652191,45
263,7738c55f945d0df2535c994a,M13,2,31.47,27.6221141815,60
263,7738c55f945d0df2535c994a,M14,2,28.16,23.9646549225,60
263,7738c55f945d0df2535c994a,M15,2,31.47,27.4793434143,60
263,7738c55f945d0df2535c994a,M16,2,60.42,58.8079452515,100
263,7738c55f945d0df2535c994a,M17,2,8.04,7.20502328873,14
263,7738c55f945d0df2535c994a,M18,2,11.25,9.84976387024,21
263,7738c55f945d0df2535c994a,M19,2,10.2,7.80689620972,21
263,7738c55f945d0df2535c994a,M20,2,12.35,10.0143556595,20
263,7738c55f945d0df2535c994a,M21,2,9.41,7.54960012436,21
263,7738c55f945d0df2535c994a,M22,2,24.26,18.3945999146,45
263,7738c55f945d0df2535c994a,M23,2,20.99,14.8892707825,45
263,7738c55f945d0df2535c994a,M24,2,24.63,18.072052002,45
263,7738c55f945d0df2535c994a,M25,2,14.9,13.9373350143,20
263,7738c55f945d0df2535c994a,M26,2,13.69,12.3653831482,20
263,7738c55f945d0df2535c994a,M27,2,18.21,16.5520019531,30
263,7738c55f945d0df2535c994a,M28,2,16.41,13.9096097946,30
263,7738c55f945d0df2535c994a,M29,2,17.95,16.2649669647,30
263,7738c55f945d0df2535c994a,M30,2,11.48,10.1071481705,21
264,ad56a84d141e631b2b1c6a48,M01,2,8.09,8.3898229599,10
264,ad56a84d141e631b2b1c6a48,M02,2,13.33,11.4107780457,15
264,ad56a84d141e631b2b1c6a48,M03,2,15.84,13.5364923477,21
264,ad56a84d141e631b2b1c6a48,M04,2,14.78,12.7145214081,21
264,ad56a84d141e631b2b1c6a48,M05,2,15.11,12.8272895813,21
264,ad56a84d141e631b2b1c6a48,M06,2,19.66,16.2244987488,21
264,ad56a84d141e631b2b1c6a48,M07,2,22.51,19.1339931488,30
264,ad56a84d141e631b2b1c6a48,M08,2,26.43,23.4342670441,30
264,ad56a84d141e631b2b1c6a48,M09,2,24.93,22.5614738464,30
264,ad56a84d141e631b2b1c6a48,M10,2,28.2,24.7247924805,30
264,ad56a84d141e631b2b1c6a48,M11,2,27.17,24.3638706207,30
264,ad56a84d141e631b2b1c6a48,M12,2,39.53,34.4206733704,45
264,ad56a84d141e631b2b1c6a48,M13,2,43.12,36.529548645,60
264,ad56a84d141e631b2b1c6a48,M14,2,40.61,34.4439506531,60
264,ad56a84d141e631b2b1c6a48,M15,2,42.69,36.3512535095,60
264,ad56a84d141e631b2b1c6a48,M16,2,72.91,62.788848877,100
264,ad56a84d141e631b2b1c6a48,M17,2,10.4,8.88010501862,14
264,ad56a84d141e631b2b1c6a48,M18,2,14.92,13.1382331848,21
264,ad56a84d141e631b2b1c6a48,M19,2,13.21,13.0727109909,21
264,ad56a84d141e631b2b1c6a48,M20,2,15.52,14.850353241,20
264,ad56a84d141e631b2b1c6a48,M21,2,15.12,12.5801115036,21
264,ad56a84d141e631b2b1c6a48,M22,2,34.15,32.5771751404,45
264,ad56a84d141e631b2b1c6a48,M23,2,37.84,32.0065612793,45
264,ad56a84d141e631b2b1c6a48,M24,2,33.69,32.1695632935,45
264,ad56a84d141e631b2b1c6a48,M25,2,19.47,16.134727478,20
264,ad56a84d141e631b2b1c6a48,M26,2,17.32,15.2066907883,20
264,ad56a84d141e631b2b1c6a48,M27,2,24.7,20.9283542633,30
264,ad56a84d141e631b2b1c6a48,M28,2,22.54,19.8249492645,30
264,ad56a84d141e631b2b1c6a48,M29,2,24.02,20.79155159,30
264,ad56a84d141e631b2b1c6a48,M30,2,15.99,13.621254921,21
265,04831b0ea0bfee04fcc4eb27,M01,4,8.11,7.58109235764,10
265,04831b0ea0bfee04fcc4eb27,M02,4,10.82,10.1728982925,15
265,04831b0ea0bfee04fcc4eb27,M03,4,12.44,11.0081548691,21
265,04831b0ea0bfee04fcc4eb27,M04,4,11.38,10.3139753342,21
265,04831b0ea0bfee04fcc4eb27,M05,4,11.56,10.4065113068,21
265,04831b0ea0bfee04fcc4eb27,M06,4,15.18,13.3428478241,21
265,04831b0ea0bfee04fcc4eb27,M07,4,17.43,15.6353807449,30
265,04831b0ea0bfee04fcc4eb27,M08,4,21.7,19.8606414795,30
265,04831b0ea0bfee04fcc4eb27,M09,4,20.24,18.7661762238,30
265,04831b0ea0bfee04fcc4eb27,M10,4,23.18,21.1495704651,30
265,04831b0ea0bfee04fcc4eb27,M11,4,22.35,20.4114875793,30
265,04831b0ea0bfee04fcc4eb27,M12,4,31.79,30.5263900757,45
265,04831b0ea0bfee04fcc4eb27,M13,4,33.13,30.6173343658,60
265,04831b0ea0bfee04fcc4eb27,M14,4,29.92,27.4950027466,60
265,04831b0ea0bfee04fcc4eb27,M15,4,33.57,30.9101200104,60
265,04831b0ea0bfee04fcc4eb27,M16,4,62.16,54.4851074219,100
265,04831b0ea0bfee04fcc4eb27,M17,4,8.32,7.69652223587,14
265,04831b0ea0bfee04fcc4eb27,M18,4,11.82,10.6872825623,21
265,04831b0ea0bfee04fcc4eb27,M19,4,10.24,8.96008491516,21
265,04831b0ea0bfee04fcc4eb27,M20,4,12.29,11.0210075378,20
265,04831b0ea0bfee04fcc4eb27,M21,4,9.41,8.41154289246,21
265,04831b0ea0bfee04fcc4eb27,M22,4,23.94,20.5557174683,45
265,04831b0ea0bfee04fcc4eb27,M23,4,20.66,17.4509811401,45
265,04831b0ea0bfee04fcc4eb27,M24,4,24.56,21.0737934113,45
265,04831b0ea0bfee04fcc4eb27,M25,4,15.57,14.9653902054,20
265,04831b0ea0bfee04fcc4eb27,M26,4,14.34,14.0865879059,20
265,04831b0ea0bfee04fcc4eb27,M27,4,19.54,18.4904594421,30
265,04831b0ea0bfee04fcc4eb27,M28,4,17.74,16.6668243408,30
265,04831b0ea0bfee04fcc4eb27,M29,4,19.48,18.5316314697,30
265,04831b0ea0bfee04fcc4eb27,M30,4,12.47,11.6981287003,21
266,09fdfb57668810ac2e3b712f,M01,0,7.24,7.44217634201,10
266,09fdfb57668810ac2e3b712f,M02,0,9.58,10.1316299438,15
266,09fdfb57668810ac2e3b712f,M03,0,9.89,10.3617458344,21
266,09fdfb57668810ac2e3b712f,M04,0,8.99,9.57303142548,21
266,09fdfb57668810ac2e3b712f,M05,0,9,9.71289348602,21
266,09fdfb57668810ac2e3b712f,M06,0,12.51,12.5535097122,21
266,09fdfb57668810ac2e3b712f,M07,0,13.54,13.9302196503,30
266,09fdfb57668810ac2e3b712f,M08,0,17.96,17.617105484,30
266,09fdfb57668810ac2e3b712f,M09,0,16.71,16.3897323608,30
266,09fdfb57668810ac2e3b712f,M10,0,19.52,19.224111557,30
266,09fdfb57668810ac2e3b712f,M11,0,18.55,18.4018974304,30
266,09fdfb57668810ac2e3b712f,M12,0,25.5,24.5027103424,45
266,09fdfb57668810ac2e3b712f,M13,0,25.67,24.7263908386,60
266,09fdfb57668810ac2e3b712f,M14,0,22.1,21.0051059723,60
266,09fdfb57668810ac2e3b712f,M15,0,25.31,24.0350494385,60
266,09fdfb57668810ac2e3b712f,M16,0,53.93,54.2199440002,100
266,09fdfb57668810ac2e3b712f,M17,0,6.99,7.15682601929,14
266,09fdfb57668810ac2e3b712f,M18,0,9.61,10.0369567871,21
266,09fdfb57668810ac2e3b712f,M19,0,7.04,8.5868730545,21
266,09fdfb57668810ac2e3b712f,M20,0,9.37,9.65717601776,20
266,09fdfb57668810ac2e3b712f,M21,0,6.6,8.03613758087,21
266,09fdfb57668810ac2e3b712f,M22,0,15.31,17.9249572754,45
266,09fdfb57668810ac2e3b712f,M23,0,13.01,15.064581871,45
266,09fdfb57668810ac2e3b712f,M24,0,15.3,17.4972286224,45
266,09fdfb57668810ac2e3b712f,M25,0,14.06,13.7630119324,20
266,09fdfb57668810ac2e3b712f,M26,0,12.74,12.4189119339,20
266,09fdfb57668810ac2e3b712f,M27,0,16.38,15.0843868256,30
266,09fdfb57668810ac2e3b712f,M28,0,14.36,13.1841602325,30
266,09fdfb57668810ac2e3b712f,M29,0,16.03,14.8775587082,30
266,09fdfb57668810ac2e3b712f,M30,0,9.92,10.5736942291,21
267,d520bf8d91251ecd00cc4b41,M01,4,4.93,5.8479590416,10
267,d520bf8d91251ecd00cc4b41,M02,4,6.42,7.56150245667,15
267,d520bf8d91251ecd00cc4b41,M03,4,5.54,6.95340108871,21
267,d520bf8d91251ecd00cc4b41,M04,4,5.21,6.5218834877,21
267,d520bf8d91251ecd00cc4b41,M05,4,5.12,6.5106883049,21
267,d520bf8d91251ecd00cc4b41,M06,4,7,8.46705532074,21
267,d520bf8d91251ecd00cc4b41,M07,4,7.02,8.64205646515,30
267,d520bf8d91251ecd00cc4b41,M08,4,9.23,12.7628736496,30
267,d520bf8d91251ecd00cc4b41,M09,4,7.93,12.0856609344,30
267,d520bf8d91251ecd00cc4b41,M10,4,10.74,14.4669618607,30
267,d520bf8d91251ecd00cc4b41,M11,4,9.74,13.3238983154,30
267,d520bf8d91251ecd00cc4b41,M12,4,11.11,16.116230011,45
267,d520bf8d91251ecd00cc4b41,M13,4,11.08,16.0176029205,60
267,d520bf8d91251ecd00cc4b41,M14,4,11.32,14.4445257187,60
267,d520bf8d91251ecd00cc4b41,M15,4,8.72,14.8357620239,60
267,d520bf8d91251ecd00cc4b41,M16,4,20.42,32.0029983521,100
267,d520bf8d91251ecd00cc4b41,M17,4,3.43,5.3031463623,14
267,d520bf8d91251ecd00cc4b41,M18,4,5.49,7.17998027802,21
267,d520bf8d91251ecd00cc4b41,M19,4,4.77,5.53552532196,21
267,d520bf8d91251ecd00cc4b41,M20,4,5.92,6.88657188416,20
267,d520bf8d91251ecd00cc4b41,M21,4,4.74,5.50393915176,21
267,d520bf8d91251ecd00cc4b41,M22,4,8.65,10.9619541168,45
267,d520bf8d91251ecd00cc4b41,M23,4,7.38,9.57234191895,45
267,d520bf8d91251ecd00cc4b41,M24,4,8.43,10.2948303223,45
267,d520bf8d91251ecd00cc4b41,M25,4,10.08,10.6688785553,20
267,d520bf8d91251ecd00cc4b41,M26,4,8.43,9.64281368256,20
267,d520bf8d91251ecd00cc4b41,M27,4,9.5,11.5836820602,30
267,d520bf8d91251ecd00cc4b41,M28,4,8.02,10.3778047562,30
267,d520bf8d91251ecd00cc4b41,M29,4,9.65,11.09263134,30
267,d520bf8d91251ecd00cc4b41,M30,4,5.89,7.06329870224,21
268,d69eda8667f021413c4a9f83,M01,2,5.91,4.96595621109,10
268,d69eda8667f021413c4a9f83,M02,2,7.8,6.45891666412,15
268,d69eda8667f021413c4a9f83,M03,2,7.08,5.91356372833,21
268,d69eda8667f021413c4a9f83,M04,2,6.43,5.39406204224,21
268,d69eda8667f021413c4a9f83,M05,2,6.27,5.38438272476,21
268,d69eda8667f021413c4a9f83,M06,2,8.7,7.41506576538,21
268,d69eda8667f021413c4a9f83,M07,2,9.1,7.26757764816,30
268,d69eda8667f021413c4a9f83,M08,2,12.69,9.60026931763,30
268,d69eda8667f021413c4a9f83,M09,2,11.61,8.2520866394,30
268,d69eda8667f021413c4a9f83,M10,2,14.43,10.9899816513,30
268,d69eda8667f021413c4a9f83,M11,2,13.51,9.88420677185,30
268,d69eda8667f021413c4a9f83,M12,2,16.32,11.3768720627,45
268,d69eda8667f021413c4a9f83,M13,2,15.65,11.2416582108,60
268,d69eda8667f021413c4a9f83,M14,2,15.74,9.60870170593,60
268,d69eda8667f021413c4a9f83,M15,2,12.9,10.9735660553,60
268,d69eda8667f021413c4a9f83,M16,2,34.55,21.4291744232,100
268,d69eda8667f021413c4a9f83,M17,2,5.2,3.94316458702,14
268,d69eda8667f021413c4a9f83,M18,2,7.21,5.81850719452,21
268,d69eda8667f021413c4a9f83,M19,2,5.13,4.81219244003,21
268,d69eda8667f021413c4a9f83,M20,2,6.96,5.88503360748,20
268,d69eda8667f021413c4a9f83,M21,2,5.11,4.60941362381,21
268,d69eda8667f021413c4a9f83,M22,2,10.41,8.80205154419,45
268,d69eda8667f021413c4a9f83,M23,2,9.27,7.18766307831,45
268,d69eda8667f021413c4a9f83,M24,2,10.34,8.44169044495,45
268,d69eda8667f021413c4a9f83,M25,2,11.54,9.62963676453,20
268,d69eda8667f021413c4a9f83,M26,2,10.06,8.43085384369,20
268,d69eda8667f021413c4a9f83,M27,2,11.62,9.77340602875,30
268,d69eda8667f021413c4a9f83,M28,2,9.91,8.30659008026,30
268,d69eda8667f021413c4a9f83,M29,2,11.77,9.42217063904,30
268,d69eda8667f021413c4a9f83,M30,2,6.83,6.10906505585,21
270,b8c82d904caebcfae94507d9,M01,2,6.99,7.20416688919,10
270,b8c82d904caebcfae94507d9,M02,2,9.81,9.65591335297,15
270,b8c82d904caebcfae94507d9,M03,2,10.49,10.2957515717,21
270,b8c82d904caebcfae94507d9,M04,2,9.85,9.85700035095,21
270,b8c82d904caebcfae94507d9,M05,2,9.69,9.78081321716,21
270,b8c82d904caebcfae94507d9,M06,2,12.46,12.7080917358,21
270,b8c82d904caebcfae94507d9,M07,2,14.58,14.8906145096,30
270,b8c82d904caebcfae94507d9,M08,2,18.92,19.081401825,30
270,b8c82d904caebcfae94507d9,M09,2,18.05,17.9792785645,30
270,b8c82d904caebcfae94507d9,M10,2,20.37,20.1722831726,30
270,b8c82d904caebcfae94507d9,M11,2,19.62,19.3736858368,30
270,b8c82d904caebcfae94507d9,M12,2,27.34,26.6699714661,45
270,b8c82d904caebcfae94507d9,M13,2,26.18,26.394235611,60
270,b8c82d904caebcfae94507d9,M14,2,23.28,22.7902183533,60
270,b8c82d904caebcfae94507d9,M15,2,27.59,27.3978157043,60
270,b8c82d904caebcfae94507d9,M16,2,54.65,53.2195014954,100
270,b8c82d904caebcfae94507d9,M17,2,7.41,7.45998287201,14
270,b8c82d904caebcfae94507d9,M18,2,10.19,10.1874141693,21
270,b8c82d904caebcfae94507d9,M19,2,8.25,8.06162834167,21
270,b8c82d904caebcfae94507d9,M20,2,11.78,11.0428791046,20
270,b8c82d904caebcfae94507d9,M21,2,8.63,7.97588396072,21
270,b8c82d904caebcfae94507d9,M22,2,21.16,20.1738185883,45
270,b8c82d904caebcfae94507d9,M23,2,16.86,16.0421981812,45
270,b8c82d904caebcfae94507d9,M24,2,28.22,21.8342037201,45
270,b8c82d904caebcfae94507d9,M25,2,13.78,13.818066597,20
270,b8c82d904caebcfae94507d9,M26,2,12.66,12.8352689743,20
270,b8c82d904caebcfae94507d9,M27,2,16.15,16.5010585785,30
270,b8c82d904caebcfae94507d9,M28,2,14.48,14.33796978,30
270,b8c82d904caebcfae94507d9,M29,2,16.69,16.8928890228,30
270,b8c82d904caebcfae94507d9,M30,2,10.07,10.1524782181,21
271,648bc1f8679a9275b66f6275,M01,1,9.42,8.40545940399,10
271,648bc1f8679a9275b66f6275,M02,1,11.84,12.2411317825,15
271,648bc1f8679a9275b66f6275,M03,1,14.36,14.56483078,21
271,648bc1f8679a9275b66f6275,M04,1,13.43,13.647321701,21
271,648bc1f8679a9275b66f6275,M05,1,13.68,13.9250621796,21
271,648bc1f8679a9275b66f6275,M06,1,17.4,17.8265628815,21
271,648bc1f8679a9275b66f6275,M07,1,20.41,20.9503879547,30
271,648bc1f8679a9275b66f6275,M08,1,24.36,24.8681316376,30
271,648bc1f8679a9275b66f6275,M09,1,23.11,23.9172458649,30
271,648bc1f8679a9275b66f6275,M10,1,25.85,26.4731864929,30
271,648bc1f8679a9275b66f6275,M11,1,25.02,25.8390274048,30
271,648bc1f8679a9275b66f6275,M12,1,36.46,37.5586013794,45
271,648bc1f8679a9275b66f6275,M13,1,39.26,40.1943321228,60
271,648bc1f8679a9275b66f6275,M14,1,36.62,37.8361206055,60
271,648bc1f8679a9275b66f6275,M15,1,38.98,40.1715431213,60
271,648bc1f8679a9275b66f6275,M16,1,68.84,68.6693572998,100
271,648bc1f8679a9275b66f6275,M17,1,9.5,9.33385467529,14
271,648bc1f8679a9275b66f6275,M18,1,13.65,13.9756498337,21
271,648bc1f8679a9275b66f6275,M19,1,14.35,13.5681810379,21
271,648bc1f8679a9275b66f6275,M20,1,15.84,15.6687107086,20
271,648bc1f8679a9275b66f6275,M21,1,13.14,13.121556282,21
271,648bc1f8679a9275b66f6275,M22,1,35.49,34.2460517883,45
271,648bc1f8679a9275b66f6275,M23,1,32.24,32.6879386902,45
271,648bc1f8679a9275b66f6275,M24,1,35.27,34.1482276917,45
271,648bc1f8679a9275b66f6275,M25,1,17.1,17.2918682098,20
271,648bc1f8679a9275b66f6275,M26,1,15.71,16.0913982391,20
271,648bc1f8679a9275b66f6275,M27,1,22.14,22.9561080933,30
271,648bc1f8679a9275b66f6275,M28,1,20.47,21.3863735199,30
271,648bc1f8679a9275b66f6275,M29,1,21.66,22.7231616974,30
271,648bc1f8679a9275b66f6275,M30,1,14.43,14.6389408112,21
272,7fb8af142894de9d555b9983,M01,3,8.17,7.41021823883,10
272,7fb8af142894de9d555b9983,M02,3,10.83,10.4723796844,15
272,7fb8af142894de9d555b9983,M03,3,12.52,11.5317211151,21
272,7fb8af142894de9d555b9983,M04,3,11.56,10.8335819244,21
272,7fb8af142894de9d555b9983,M05,3,11.72,10.8462209702,21
272,7fb8af142894de9d555b9983,M06,3,15.25,14.4514923096,21
272,7fb8af142894de9d555b9983,M07,3,17.58,16.3731765747,30
272,7fb8af142894de9d555b9983,M08,3,21.82,20.8243350983,30
272,7fb8af142894de9d555b9983,M09,3,20.51,19.6378421783,30
272,7fb8af142894de9d555b9983,M10,3,23.27,22.17927742,30
272,7fb8af142894de9d555b9983,M11,3,22.47,21.5222816467,30
272,7fb8af142894de9d555b9983,M12,3,32.08,31.4939861298,45
272,7fb8af142894de9d555b9983,M13,3,33.65,32.0719413757,60
272,7fb8af142894de9d555b9983,M14,3,30.61,29.3873996735,60
272,7fb8af142894de9d555b9983,M15,3,33.67,32.2407493591,60
272,7fb8af142894de9d555b9983,M16,3,62.76,59.8510131836,100
272,7fb8af142894de9d555b9983,M17,3,8.45,7.81381320953,14
272,7fb8af142894de9d555b9983,M18,3,11.97,11.1997652054,21
272,7fb8af142894de9d555b9983,M19,3,11.46,10.0556488037,21
272,7fb8af142894de9d555b9983,M20,3,13.4,12.142821312,20
272,7fb8af142894de9d555b9983,M21,3,10.61,9.34800243378,21
272,7fb8af142894de9d555b9983,M22,3,27.86,24.2844238281,45
272,7fb8af142894de9d555b9983,M23,3,24.49,21.0979061127,45
272,7fb8af142894de9d555b9983,M24,3,27.95,25.0534477234,45
272,7fb8af142894de9d555b9983,M25,3,15.64,15.4872159958,20
272,7fb8af142894de9d555b9983,M26,3,14.39,14.2466926575,20
272,7fb8af142894de9d555b9983,M27,3,19.65,18.9014492035,30
272,7fb8af142894de9d555b9983,M28,3,17.94,16.9977436066,30
272,7fb8af142894de9d555b9983,M29,3,19.51,18.8647060394,30
272,7fb8af142894de9d555b9983,M30,3,12.55,12.05397892,21
273,ca6cb56c983e5492cd15a656,M01,3,7.69,7.25134038925,10
273,ca6cb56c983e5492cd15a656,M02,3,10.28,10.0504722595,15
273,ca6cb56c983e5492cd15a656,M03,3,11.4,10.9163856506,21
273,ca6cb56c983e5492cd15a656,M04,3,10.48,10.248298645,21
273,ca6cb56c983e5492cd15a656,M05,3,10.37,10.2883138657,21
273,ca6cb56c983e5492cd15a656,M06,3,14.07,13.9283838272,21
273,ca6cb56c983e5492cd15a656,M07,3,15.91,15.7626342773,30
273,ca6cb56c983e5492cd15a656,M08,3,20.26,20.3461227417,30
273,ca6cb56c983e5492cd15a656,M09,3,19,19.0978755951,30
273,ca6cb56c983e5492cd15a656,M10,3,21.71,21.8148059845,30
273,ca6cb56c983e5492cd15a656,M11,3,20.55,21.0552120209,30
273,ca6cb56c983e5492cd15a656,M12,3,29.5,30.8490524292,45
273,ca6cb56c983e5492cd15a656,M13,3,30.39,31.8997421265,60
273,ca6cb56c983e5492cd15a656,M14,3,27.26,28.7517795563,60
273,ca6cb56c983e5492cd15a656,M15,3,30.41,31.8490867615,60
273,ca6cb56c983e5492cd15a656,M16,3,59.23,61.5875396729,100
273,ca6cb56c983e5492cd15a656,M17,3,7.9,7.42339038849,14
273,ca6cb56c983e5492cd15a656,M18,3,11.09,10.5177612305,21
273,ca6cb56c983e5492cd15a656,M19,3,8.96,9.10420799255,21
273,ca6cb56c983e5492cd15a656,M20,3,11.38,11.4464836121,20
273,ca6cb56c983e5492cd15a656,M21,3,8.54,8.45399093628,21
273,ca6cb56c983e5492cd15a656,M22,3,21.21,22.3253479004,45
273,ca6cb56c983e5492cd15a656,M23,3,18.37,18.7171878815,45
273,ca6cb56c983e5492cd15a656,M24,3,21.66,22.5224952698,45
273,ca6cb56c983e5492cd15a656,M25,3,13.93,15.0121946335,20
273,ca6cb56c983e5492cd15a656,M26,3,12.72,13.6188106537,20
273,ca6cb56c983e5492cd15a656,M27,3,16.27,18.2887477875,30
273,ca6cb56c983e5492cd15a656,M28,3,14.47,16.0786857605,30
273,ca6cb56c983e5492cd15a656,M29,3,16.5,18.133058548,30
273,ca6cb56c983e5492cd15a656,M30,3,10.02,11.4885530472,21
274,9b385e5777f6b270736964d8,M01,4,5,5.66221952438,10
274,9b385e5777f6b270736964d8,M02,4,6.55,7.08700990677,15
274,9b385e5777f6b270736964d8,M03,4,5.62,6.77549648285,21
274,9b385e5777f6b270736964d8,M04,4,5.27,6.38288784027,21
274,9b385e5777f6b270736964d8,M05,4,5.18,6.38539028168,21
274,9b385e5777f6b270736964d8,M06,4,7.1,8.3566942215,21
274,9b385e5777f6b270736964d8,M07,4,7.18,8.52498435974,30
274,9b385e5777f6b270736964d8,M08,4,9.43,11.2936573029,30
274,9b385e5777f6b270736964d8,M09,4,8.17,10.7696380615,30
274,9b385e5777f6b270736964d8,M10,4,11.08,12.3571891785,30
274,9b385e5777f6b270736964d8,M11,4,10.07,11.7601423264,30
274,9b385e5777f6b270736964d8,M12,4,11.55,14.9095315933,45
274,9b385e5777f6b270736964d8,M13,4,11.47,14.7511034012,60
274,9b385e5777f6b270736964d8,M14,4,8.92,13.4891967773,60
274,9b385e5777f6b270736964d8,M15,4,11.8,13.745426178,60
274,9b385e5777f6b270736964d8,M16,4,21.46,30.7111358643,100
274,9b385e5777f6b270736964d8,M17,4,3.49,5.29410791397,14
274,9b385e5777f6b270736964d8,M18,4,5.55,7.00897884369,21
274,9b385e5777f6b270736964d8,M19,4,4.7,5.29931783676,21
274,9b385e5777f6b270736964d8,M20,4,5.67,6.621489048,20
274,9b385e5777f6b270736964d8,M21,4,4.62,5.39222240448,21
274,9b385e5777f6b270736964d8,M22,4,8.18,9.81406116486,45
274,9b385e5777f6b270736964d8,M23,4,6.95,8.71010398865,45
274,9b385e5777f6b270736964d8,M24,4,8.01,9.34296703339,45
274,9b385e5777f6b270736964d8,M25,4,9.85,11.1870183945,20
274,9b385e5777f6b270736964d8,M26,4,8.23,10.1729698181,20
274,9b385e5777f6b270736964d8,M27,4,9.35,11.9658346176,30
274,9b385e5777f6b270736964d8,M28,4,7.95,10.8517370224,30
274,9b385e5777f6b270736964d8,M29,4,9.46,11.6069698334,30
274,9b385e5777f6b270736964d8,M30,4,5.59,6.98230886459,21
275,a3cc9e6104a657c18f86b132,M01,0,6.95,7.17066192627,10
275,a3cc9e6104a657c18f86b132,M02,0,9.83,9.58849239349,15
275,a3cc9e6104a657c18f86b132,M03,0,10.29,10.292142868,21
275,a3cc9e6104a657c18f86b132,M04,0,9.75,9.83930587769,21
275,a3cc9e6104a657c18f86b132,M05,0,9.82,9.83885478973,21
275,a3cc9e6104a657c18f86b132,M06,0,12.38,13.0600404739,21
275,a3cc9e6104a657c18f86b132,M07,0,14.46,14.8204183578,30
275,a3cc9e6104a657c18f86b132,M08,0,18.76,19.3163757324,30
275,a3cc9e6104a657c18f86b132,M09,0,17.87,17.916934967,30
275,a3cc9e6104a657c18f86b132,M10,0,20.01,20.7212429047,30
275,a3cc9e6104a657c18f86b132,M11,0,19.45,19.7330703735,30
275,a3cc9e6104a657c18f86b132,M12,0,27.14,28.3940219879,45
275,a3cc9e6104a657c18f86b132,M13,0,25.8,28.2257728577,60
275,a3cc9e6104a657c18f86b132,M14,0,22.84,24.4853210449,60
275,a3cc9e6104a657c18f86b132,M15,0,27.24,29.2021045685,60
275,a3cc9e6104a657c18f86b132,M16,0,54.19,51.3697319031,100
275,a3cc9e6104a657c18f86b132,M17,0,7.27,7.30301904678,14
275,a3cc9e6104a657c18f86b132,M18,0,9.96,10.2630271912,21
275,a3cc9e6104a657c18f86b132,M19,0,8.16,8.69448566437,21
275,a3cc9e6104a657c18f86b132,M20,0,11.73,11.321231842,20
275,a3cc9e6104a657c18f86b132,M21,0,8.59,8.40782833099,21
275,a3cc9e6104a657c18f86b132,M22,0,21.07,21.467168808,45
275,a3cc9e6104a657c18f86b132,M23,0,16.71,18.1405887604,45
275,a3cc9e6104a657c18f86b132,M24,0,28.11,23.1060695648,45
275,a3cc9e6104a657c18f86b132,M25,0,13.72,14.0601949692,20
275,a3cc9e6104a657c18f86b132,M26,0,12.59,12.888171196,20
275,a3cc9e6104a657c18f86b132,M27,0,15.97,16.9778900146,30
275,a3cc9e6104a657c18f86b132,M28,0,14.32,15.0277519226,30
275,a3cc9e6104a657c18f86b132,M29,0,16.45,17.1028385162,30
275,a3cc9e6104a657c18f86b132,M30,0,9.88,10.3085765839,21
277,1d0a43c80b2575e810c29b2d,M01,0,7.03,7.56000995636,10
277,1d0a43c80b2575e810c29b2d,M02,0,9.38,9.68984222412,15
277,1d0a43c80b2575e810c29b2d,M03,0,9.55,8.96369552612,21
277,1d0a43c80b2575e810c29b2d,M04,0,8.81,8.30593776703,21
277,1d0a43c80b2575e810c29b2d,M05,0,8.87,8.30488109589,21
277,1d0a43c80b2575e810c29b2d,M06,0,12.07,11.2359600067,21
277,1d0a43c80b2575e810c29b2d,M07,0,13.04,11.5948057175,30
277,1d0a43c80b2575e810c29b2d,M08,0,17.44,16.884979248,30
277,1d0a43c80b2575e810c29b2d,M09,0,16.41,16.0410995483,30
277,1d0a43c80b2575e810c29b2d,M10,0,19.03,18.409948349,30
277,1d0a43c80b2575e810c29b2d,M11,0,18.31,17.2622280121,30
277,1d0a43c80b2575e810c29b2d,M12,0,24.67,23.0541362762,45
277,1d0a43c80b2575e810c29b2d,M13,0,24.67,22.6859226227,60
277,1d0a43c80b2575e810c29b2d,M14,0,21.24,19.3011360168,60
277,1d0a43c80b2575e810c29b2d,M15,0,24.48,22.5720653534,60
277,1d0a43c80b2575e810c29b2d,M16,0,52.79,48.1117897034,100
277,1d0a43c80b2575e810c29b2d,M17,0,6.93,6.84089565277,14
277,1d0a43c80b2575e810c29b2d,M18,0,9.43,8.50915431976,21
277,1d0a43c80b2575e810c29b2d,M19,0,7.55,6.74355220795,21
277,1d0a43c80b2575e810c29b2d,M20,0,9.93,8.39702510834,20
277,1d0a43c80b2575e810c29b2d,M21,0,7.23,6.24671506882,21
277,1d0a43c80b2575e810c29b2d,M22,0,16.88,13.6970682144,45
277,1d0a43c80b2575e810c29b2d,M23,0,14.29,11.2997245789,45
277,1d0a43c80b2575e810c29b2d,M24,0,17.19,13.27891922,45
277,1d0a43c80b2575e810c29b2d,M25,0,13.81,14.0287895203,20
277,1d0a43c80b2575e810c29b2d,M26,0,12.51,12.7042360306,20
277,1d0a43c80b2575e810c29b2d,M27,0,15.86,15.4756145477,30
277,1d0a43c80b2575e810c29b2d,M28,0,13.91,13.9791345596,30
277,1d0a43c80b2575e810c29b2d,M29,0,15.68,15.3386907578,30
277,1d0a43c80b2575e810c29b2d,M30,0,9.58,9.62480449677,21
278,7379aff9cd07b6083d7fa843,M01,0,9.48,9.0059223175,10
278,7379aff9cd07b6083d7fa843,M02,0,12.01,12.0556564331,15
278,7379aff9cd07b6083d7fa843,M03,0,14.6,14.2029523849,21
278,7379aff9cd07b6083d7fa843,M04,0,13.58,13.2477579117,21
278,7379aff9cd07b6083d7fa843,M05,0,13.91,13.4818916321,21
278,7379aff9cd07b6083d7fa843,M06,0,17.48,16.8999176025,21
278,7379aff9cd07b6083d7fa843,M07,0,20.77,19.8127651215,30
278,7379aff9cd07b6083d7fa843,M08,0,24.71,24.1662826538,30
278,7379aff9cd07b6083d7fa843,M09,0,23.32,22.7780323029,30
278,7379aff9cd07b6083d7fa843,M10,0,26.17,25.4932174683,30
278,7379aff9cd07b6083d7fa843,M11,0,25.37,24.8846492767,30
278,7379aff9cd07b6083d7fa843,M12,0,37.02,36.6943321228,45
278,7379aff9cd07b6083d7fa843,M13,0,39.55,38.8263168335,60
278,7379aff9cd07b6083d7fa843,M14,0,37.02,36.0009040833,60
278,7379aff9cd07b6083d7fa843,M15,0,39.81,39.2890510559,60
278,7379aff9cd07b6083d7fa843,M16,0,69.16,67.4008102417,100
278,7379aff9cd07b6083d7fa843,M17,0,9.58,9.17162322998,14
278,7379aff9cd07b6083d7fa843,M18,0,13.81,13.5491523743,21
278,7379aff9cd07b6083d7fa843,M19,0,15.17,13.0755195618,21
278,7379aff9cd07b6083d7fa843,M25,0,17.16,17.0253295898,20
278,7379aff9cd07b6083d7fa843,M26,0,15.83,15.654709816,20
278,7379aff9cd07b6083d7fa843,M27,0,22.25,21.7966308594,30
278,7379aff9cd07b6083d7fa843,M28,0,20.64,20.2733783722,30
278,7379aff9cd07b6083d7fa843,M29,0,22.01,21.93932724,30
278,7379aff9cd07b6083d7fa843,M30,0,14.65,14.5606441498,21
280,bed4536832eee8371b3e89bd,M01,0,7.02,7.01574707031,10
280,bed4536832eee8371b3e89bd,M02,0,9.87,9.48276519775,15
280,bed4536832eee8371b3e89bd,M03,0,10.86,10.5716896057,21
280,bed4536832eee8371b3e89bd,M04,0,9.91,9.95781326294,21
280,bed4536832eee8371b3e89bd,M05,0,9.62,9.99956512451,21
280,bed4536832eee8371b3e89bd,M06,0,13.49,12.7569684982,21
280,bed4536832eee8371b3e89bd,M07,0,14.35,14.7949151993,30
280,bed4536832eee8371b3e89bd,M08,0,19.01,19.3708190918,30
280,bed4536832eee8371b3e89bd,M09,0,17.88,18.1028938293,30
280,bed4536832eee8371b3e89bd,M10,0,20.96,20.814699173,30
280,bed4536832eee8371b3e89bd,M11,0,19.7,20.0313415527,30
280,bed4536832eee8371b3e89bd,M12,0,26.94,26.9776153564,45
280,bed4536832eee8371b3e89bd,M13,0,25.8,26.4790668488,60
280,bed4536832eee8371b3e89bd,M14,0,23.22,22.9360847473,60
280,bed4536832eee8371b3e89bd,M15,0,26.77,26.9513568878,60
280,bed4536832eee8371b3e89bd,M16,0,54.17,56.4053077698,100
280,bed4536832eee8371b3e89bd,M17,0,7.16,7.3428478241,14
280,bed4536832eee8371b3e89bd,M18,0,10.13,10.3814954758,21
280,bed4536832eee8371b3e89bd,M19,0,7.68,7.81599473953,21
280,bed4536832eee8371b3e89bd,M20,0,8.44,10.0563869476,20
280,bed4536832eee8371b3e89bd,M21,0,6.94,7.86276769638,21
280,bed4536832eee8371b3e89bd,M22,0,14.79,19.392791748,45
280,bed4536832eee8371b3e89bd,M23,0,14.22,15.3899593353,45
280,bed4536832eee8371b3e89bd,M24,0,14.63,20.0061378479,45
280,bed4536832eee8371b3e89bd,M25,0,14.36,13.830821991,20
280,bed4536832eee8371b3e89bd,M26,0,13.21,12.7477941513,20
280,bed4536832eee8371b3e89bd,M27,0,17.15,16.8524951935,30
280,bed4536832eee8371b3e89bd,M28,0,15.33,14.6178455353,30
280,bed4536832eee8371b3e89bd,M29,0,17.09,16.9829940796,30
280,bed4536832eee8371b3e89bd,M30,0,10.85,10.5496912003,21
281,bbda52a9d99ca097c7cfd477,M01,3,6.65,6.66196775436,10
281,bbda52a9d99ca097c7cfd477,M02,3,8.79,8.83382511139,15
281,bbda52a9d99ca097c7cfd477,M03,3,8.5,8.36207103729,21
281,bbda52a9d99ca097c7cfd477,M04,3,7.79,7.75611543655,21
281,bbda52a9d99ca097c7cfd477,M05,3,8.11,7.72006177902,21
281,bbda52a9d99ca097c7cfd477,M06,3,10.84,10.8794145584,21
281,bbda52a9d99ca097c7cfd477,M07,3,11.47,11.7053117752,30
281,bbda52a9d99ca097c7cfd477,M08,3,15.85,16.0574798584,30
281,bbda52a9d99ca097c7cfd477,M09,3,14.89,15.2738599777,30
281,bbda52a9d99ca097c7cfd477,M10,3,17.38,17.6323318481,30
281,bbda52a9d99ca097c7cfd477,M11,3,17.09,16.7265281677,30
281,bbda52a9d99ca097c7cfd477,M12,3,22.13,21.9154663086,45
281,bbda52a9d99ca097c7cfd477,M13,3,21.52,21.8885955811,60
281,bbda52a9d99ca097c7cfd477,M14,3,18.48,19.1857051849,60
281,bbda52a9d99ca097c7cfd477,M15,3,21.34,21.6957397461,60
281,bbda52a9d99ca097c7cfd477,M16,3,48.83,48.4911422729,100
281,bbda52a9d99ca097c7cfd477,M17,3,5.88,6.11144208908,14
281,bbda52a9d99ca097c7cfd477,M18,3,8,8.17036819458,21
281,bbda52a9d99ca097c7cfd477,M19,3,5.52,6.55432748795,21
281,bbda52a9d99ca097c7cfd477,M20,3,6.98,8.70331573486,20
281,bbda52a9d99ca097c7cfd477,M21,3,5.01,6.21087551117,21
281,bbda52a9d99ca097c7cfd477,M22,3,10.44,14.7458314896,45
281,bbda52a9d99ca097c7cfd477,M23,3,9.6,12.8042125702,45
281,bbda52a9d99ca097c7cfd477,M24,3,10.17,14.5747270584,45
281,bbda52a9d99ca097c7cfd477,M25,3,14.32,13.1415214539,20
281,bbda52a9d99ca097c7cfd477,M26,3,13.04,11.7755842209,20
281,bbda52a9d99ca097c7cfd477,M27,3,16.98,14.4166841507,30
281,bbda52a9d99ca097c7cfd477,M28,3,15.06,12.9472808838,30
281,bbda52a9d99ca097c7cfd477,M29,3,16.73,14.2445545197,30
281,bbda52a9d99ca097c7cfd477,M30,3,10.45,8.53032493591,21
282,c18e77ce74b9a2e4ab1ae59d,M01,1,8.28,8.12444400787,10
282,c18e77ce74b9a2e4ab1ae59d,M02,1,11.06,10.6729621887,15
282,c18e77ce74b9a2e4ab1ae59d,M03,1,13.15,11.9968271255,21
282,c18e77ce74b9a2e4ab1ae59d,M04,1,12.3,11.4712438583,21
282,c18e77ce74b9a2e4ab1ae59d,M05,1,12.52,11.539059639,21
282,c18e77ce74b9a2e4ab1ae59d,M06,1,15.77,14.6611747742,21
282,c18e77ce74b9a2e4ab1ae59d,M07,1,18.62,17.9387550354,30
282,c18e77ce74b9a2e4ab1ae59d,M08,1,22.73,21.5570487976,30
282,c18e77ce74b9a2e4ab1ae59d,M09,1,21.57,20.3642463684,30
282,c18e77ce74b9a2e4ab1ae59d,M10,1,24.08,22.7956867218,30
282,c18e77ce74b9a2e4ab1ae59d,M11,1,23.51,22.1351490021,30
282,c18e77ce74b9a2e4ab1ae59d,M12,1,33.77,32.0335044861,45
282,c18e77ce74b9a2e4ab1ae59d,M13,1,35.36,33.0588760376,60
282,c18e77ce74b9a2e4ab1ae59d,M14,1,32.72,30.8549423218,60
282,c18e77ce74b9a2e4ab1ae59d,M15,1,35.87,33.1385307312,60
282,c18e77ce74b9a2e4ab1ae59d,M16,1,64.63,60.1221122742,100
282,c18e77ce74b9a2e4ab1ae59d,M17,1,8.81,8.28424453735,14
282,c18e77ce74b9a2e4ab1ae59d,M18,1,12.65,11.5835533142,21
282,c18e77ce74b9a2e4ab1ae59d,M19,1,11.6,10.690410614,21
282,c18e77ce74b9a2e4ab1ae59d,M20,1,13.43,12.4925422668,20
282,c18e77ce74b9a2e4ab1ae59d,M21,1,10.79,9.95295715332,21
282,c18e77ce74b9a2e4ab1ae59d,M22,1,27.87,23.7220687866,45
282,c18e77ce74b9a2e4ab1ae59d,M23,1,24.74,21.5997810364,45
282,c18e77ce74b9a2e4ab1ae59d,M24,1,28.52,23.8903083801,45
282,c18e77ce74b9a2e4ab1ae59d,M25,1,15.84,15.2096500397,20
282,c18e77ce74b9a2e4ab1ae59d,M26,1,14.73,14.0247106552,20
282,c18e77ce74b9a2e4ab1ae59d,M27,1,20.3,19.867723465,30
282,c18e77ce74b9a2e4ab1ae59d,M28,1,18.73,17.8168373108,30
282,c18e77ce74b9a2e4ab1ae59d,M29,1,20.25,19.7331066132,30
282,c18e77ce74b9a2e4ab1ae59d,M30,1,13.18,12.1230669022,21
283,c2eedb24cf5e98af3c88b4c1,M01,1,7.36,7.58639955521,10
283,c2eedb24cf5e98af3c88b4c1,M02,1,9.89,10.0452432632,15
283,c2eedb24cf5e98af3c88b4c1,M03,1,10.61,10.9407958984,21
283,c2eedb24cf5e98af3c88b4c1,M04,1,9.82,10.3892211914,21
283,c2eedb24cf5e98af3c88b4c1,M05,1,9.82,10.3799161911,21
283,c2eedb24cf5e98af3c88b4c1,M06,1,13.16,13.1617946625,21
283,c2eedb24cf5e98af3c88b4c1,M07,1,14.72,14.3506345749,30
283,c2eedb24cf5e98af3c88b4c1,M08,1,19.13,19.9739494324,30
283,c2eedb24cf5e98af3c88b4c1,M09,1,18.03,18.7764320374,30
283,c2eedb24cf5e98af3c88b4c1,M10,1,20.58,21.4832077026,30
283,c2eedb24cf5e98af3c88b4c1,M11,1,19.78,20.5087738037,30
283,c2eedb24cf5e98af3c88b4c1,M12,1,27.63,30.0096092224,45
283,c2eedb24cf5e98af3c88b4c1,M13,1,27.96,30.2132072449,60
283,c2eedb24cf5e98af3c88b4c1,M14,1,24.84,27.1212425232,60
283,c2eedb24cf5e98af3c88b4c1,M15,1,27.99,30.2382621765,60
283,c2eedb24cf5e98af3c88b4c1,M16,1,56.63,61.2495803833,100
283,c2eedb24cf5e98af3c88b4c1,M17,1,7.46,7.75055503845,14
283,c2eedb24cf5e98af3c88b4c1,M18,1,10.4,10.8487873077,21
283,c2eedb24cf5e98af3c88b4c1,M19,1,8.51,8.61928749084,21
283,c2eedb24cf5e98af3c88b4c1,M20,1,10.93,10.1803750992,20
283,c2eedb24cf5e98af3c88b4c1,M21,1,8.11,8.18568897247,21
283,c2eedb24cf5e98af3c88b4c1,M22,1,19.81,20.3518047333,45
283,c2eedb24cf5e98af3c88b4c1,M23,1,17.07,17.3610477448,45
283,c2eedb24cf5e98af3c88b4c1,M24,1,20.15,20.3828315735,45
283,c2eedb24cf5e98af3c88b4c1,M25,1,13.82,14.0357704163,20
283,c2eedb24cf5e98af3c88b4c1,M26,1,12.6,12.8078317642,20
283,c2eedb24cf5e98af3c88b4c1,M27,1,16.01,16.353181839,30
283,c2eedb24cf5e98af3c88b4c1,M28,1,14.22,14.3080587387,30
283,c2eedb24cf5e98af3c88b4c1,M29,1,16.06,16.254650116,30
283,c2eedb24cf5e98af3c88b4c1,M30,1,9.85,11.0005016327,21
284,6c8bd1deff5bdb9e32c6446d,M01,2,8.11,8.67205905914,10
284,6c8bd1deff5bdb9e32c6446d,M02,2,12.48,11.4958744049,15
284,6c8bd1deff5bdb9e32c6446d,M03,2,15.18,13.8057928085,21
284,6c8bd1deff5bdb9e32c6446d,M04,2,14.18,13.1481456757,21
284,6c8bd1deff5bdb9e32c6446d,M05,2,14.5,13.2418422699,21
284,6c8bd1deff5bdb9e32c6446d,M06,2,18.3,16.5823154449,21
284,6c8bd1deff5bdb9e32c6446d,M07,2,21.63,19.3849964142,30
284,6c8bd1deff5bdb9e32c6446d,M08,2,25.51,23.8246421814,30
284,6c8bd1deff5bdb9e32c6446d,M09,2,24.15,22.9480991364,30
284,6c8bd1deff5bdb9e32c6446d,M10,2,26.99,25.3118343353,30
284,6c8bd1deff5bdb9e32c6446d,M11,2,26.18,24.711025238,30
284,6c8bd1deff5bdb9e32c6446d,M12,2,38.34,36.0195922852,45
284,6c8bd1deff5bdb9e32c6446d,M13,2,41.36,38.1579399109,60
284,6c8bd1deff5bdb9e32c6446d,M14,2,38.95,35.5678710938,60
284,6c8bd1deff5bdb9e32c6446d,M15,2,41.18,38.2992782593,60
284,6c8bd1deff5bdb9e32c6446d,M16,2,71.11,66.8023681641,100
284,6c8bd1deff5bdb9e32c6446d,M17,2,9.96,8.90531349182,14
284,6c8bd1deff5bdb9e32c6446d,M18,2,14.35,13.39868927,21
284,6c8bd1deff5bdb9e32c6446d,M19,2,15.22,12.8599500656,21
284,6c8bd1deff5bdb9e32c6446d,M20,2,16.47,14.8246269226,20
284,6c8bd1deff5bdb9e32c6446d,M21,2,13.94,12.366809845,21
284,6c8bd1deff5bdb9e32c6446d,M22,2,37.38,32.8363723755,45
284,6c8bd1deff5bdb9e32c6446d,M23,2,34.54,31.2946567535,45
284,6c8bd1deff5bdb9e32c6446d,M24,2,37.14,33.0344390869,45
284,6c8bd1deff5bdb9e32c6446d,M25,2,18.01,16.5012264252,20
284,6c8bd1deff5bdb9e32c6446d,M26,2,16.43,15.4181280136,20
284,6c8bd1deff5bdb9e32c6446d,M27,2,23.21,21.4347171783,30
284,6c8bd1deff5bdb9e32c6446d,M28,2,21.56,20.0237197876,30
284,6c8bd1deff5bdb9e32c6446d,M29,2,22.75,21.2922687531,30
284,6c8bd1deff5bdb9e32c6446d,M30,2,15.27,13.8485879898,21
285,13cc0dc0c9b50911e5f7c80a,M01,1,7.29,7.9321436882,10
285,13cc0dc0c9b50911e5f7c80a,M02,1,9.7,10.4603443146,15
285,13cc0dc0c9b50911e5f7c80a,M03,1,10.2,11.0788459778,21
285,13cc0dc0c9b50911e5f7c80a,M04,1,9.13,10.2546129227,21
285,13cc0dc0c9b50911e5f7c80a,M05,1,9.3,10.3828001022,21
285,13cc0dc0c9b50911e5f7c80a,M06,1,12.86,13.7849988937,21
285,13cc0dc0c9b50911e5f7c80a,M07,1,14.05,15.6150951385,30
285,13cc0dc0c9b50911e5f7c80a,M08,1,18.47,19.7424678802,30
285,13cc0dc0c9b50911e5f7c80a,M09,1,16.98,18.6991672516,30
285,13cc0dc0c9b50911e5f7c80a,M10,1,19.99,21.3378105164,30
285,13cc0dc0c9b50911e5f7c80a,M11,1,18.99,20.1996574402,30
285,13cc0dc0c9b50911e5f7c80a,M12,1,26.44,28.9572143555,45
285,13cc0dc0c9b50911e5f7c80a,M13,1,26.93,29.1601219177,60
285,13cc0dc0c9b50911e5f7c80a,M14,1,23.54,25.663022995,60
285,13cc0dc0c9b50911e5f7c80a,M15,1,26.37,29.1441783905,60
285,13cc0dc0c9b50911e5f7c80a,M16,1,55.47,56.961933136,100
285,13cc0dc0c9b50911e5f7c80a,M17,1,7.1,7.87821340561,14
285,13cc0dc0c9b50911e5f7c80a,M18,1,9.74,10.7223110199,21
285,13cc0dc0c9b50911e5f7c80a,M19,1,7.94,8.52419281006,21
285,13cc0dc0c9b50911e5f7c80a,M20,1,10.34,10.6765565872,20
285,13cc0dc0c9b50911e5f7c80a,M21,1,7.42,8.00806331635,21
285,13cc0dc0c9b50911e5f7c80a,M22,1,17.98,19.1900959015,45
285,13cc0dc0c9b50911e5f7c80a,M23,1,15.32,16.4914054871,45
285,13cc0dc0c9b50911e5f7c80a,M24,1,18.14,19.342792511,45
285,13cc0dc0c9b50911e5f7c80a,M25,1,14.23,15.1444349289,20
285,13cc0dc0c9b50911e5f7c80a,M26,1,12.95,13.8312673569,20
285,13cc0dc0c9b50911e5f7c80a,M27,1,16.81,17.6663017273,30
285,13cc0dc0c9b50911e5f7c80a,M28,1,14.9,15.8541469574,30
285,13cc0dc0c9b50911e5f7c80a,M29,1,16.41,17.6527938843,30
285,13cc0dc0c9b50911e5f7c80a,M30,1,10.23,11.212179184,21
286,df47194b4bdae24605cf1a6e,M01,3,6.95,7.60971164703,10
286,df47194b4bdae24605cf1a6e,M02,3,9.95,9.99240589142,15
286,df47194b4bdae24605cf1a6e,M03,3,10.71,10.9716768265,21
286,df47194b4bdae24605cf1a6e,M04,3,9.75,10.408572197,21
286,df47194b4bdae24605cf1a6e,M05,3,9.71,10.404797554,21
286,df47194b4bdae24605cf1a6e,M06,3,13.13,13.4756174088,21
286,df47194b4bdae24605cf1a6e,M07,3,14.29,15.3418016434,30
286,df47194b4bdae24605cf1a6e,M08,3,18.87,19.7964916229,30
286,df47194b4bdae24605cf1a6e,M09,3,17.73,18.6693305969,30
286,df47194b4bdae24605cf1a6e,M10,3,20.45,21.0504379272,30
286,df47194b4bdae24605cf1a6e,M11,3,19.62,20.3405990601,30
286,df47194b4bdae24605cf1a6e,M12,3,26.84,27.9635467529,45
286,df47194b4bdae24605cf1a6e,M13,3,25.55,28.073846817,60
286,df47194b4bdae24605cf1a6e,M14,3,22.85,24.6895503998,60
286,df47194b4bdae24605cf1a6e,M15,3,26.37,28.4102535248,60
286,df47194b4bdae24605cf1a6e,M16,3,53.86,57.6765060425,100
286,df47194b4bdae24605cf1a6e,M17,3,7.03,7.77253770828,14
286,df47194b4bdae24605cf1a6e,M18,3,9.88,10.7018566132,21
286,df47194b4bdae24605cf1a6e,M19,3,6.34,8.81679534912,21
286,df47194b4bdae24605cf1a6e,M20,3,8.54,10.9578580856,20
286,df47194b4bdae24605cf1a6e,M21,3,6.99,8.46096801758,21
286,df47194b4bdae24605cf1a6e,M22,3,14.97,21.1639232635,45
286,df47194b4bdae24605cf1a6e,M23,3,14.04,17.1688194275,45
286,df47194b4bdae24605cf1a6e,M24,3,14.7,21.9830131531,45
286,df47194b4bdae24605cf1a6e,M25,3,13.81,14.0282297134,20
286,df47194b4bdae24605cf1a6e,M26,3,12.67,12.9518508911,20
286,df47194b4bdae24605cf1a6e,M27,3,16.11,17.2948665619,30
286,df47194b4bdae24605cf1a6e,M28,3,14.38,15.1580066681,30
286,df47194b4bdae24605cf1a6e,M29,3,16.24,17.3326072693,30
286,df47194b4bdae24605cf1a6e,M30,3,10.11,10.9530639648,21
290,b4432b95902e4e88b42e2066,M01,0,7.64,7.04918479919,10
290,b4432b95902e4e88b42e2066,M02,0,10.22,9.5380563736,15
290,b4432b95902e4e88b42e2066,M03,0,11.19,9.76868629456,21
290,b4432b95902e4e88b42e2066,M04,0,10.22,9.10528182983,21
290,b4432b95902e4e88b42e2066,M05,0,10.41,9.12670898438,21
290,b4432b95902e4e88b42e2066,M06,0,13.84,12.5262174606,21
290,b4432b95902e4e88b42e2066,M07,0,15.54,13.9276885986,30
290,b4432b95902e4e88b42e2066,M08,0,19.91,17.4784469604,30
290,b4432b95902e4e88b42e2066,M09,0,18.58,16.4884414673,30
290,b4432b95902e4e88b42e2066,M10,0,21.43,19.0284862518,30
290,b4432b95902e4e88b42e2066,M11,0,20.59,18.001373291,30
290,b4432b95902e4e88b42e2066,M12,0,28.78,25.3562583923,45
290,b4432b95902e4e88b42e2066,M13,0,29.45,25.3699703217,60
290,b4432b95902e4e88b42e2066,M14,0,26.07,22.17827034,60
290,b4432b95902e4e88b42e2066,M15,0,29.65,25.0696048737,60
290,b4432b95902e4e88b42e2066,M16,0,58.21,50.3660011292,100
290,b4432b95902e4e88b42e2066,M17,0,7.74,6.84905910492,14
290,b4432b95902e4e88b42e2066,M18,0,10.76,9.58482551575,21
290,b4432b95902e4e88b42e2066,M19,0,8.62,7.47650003433,21
290,b4432b95902e4e88b42e2066,M20,0,10.94,9.66766262054,20
290,b4432b95902e4e88b42e2066,M21,0,8.06,7.00198793411,21
290,b4432b95902e4e88b42e2066,M22,0,19.82,16.5544662476,45
290,b4432b95902e4e88b42e2066,M23,0,16.45,14.0608882904,45
290,b4432b95902e4e88b42e2066,M24,0,20.17,16.2532062531,45
290,b4432b95902e4e88b42e2066,M25,0,14.81,14.0863399506,20
290,b4432b95902e4e88b42e2066,M26,0,13.53,12.9886703491,20
290,b4432b95902e4e88b42e2066,M27,0,17.98,15.943157196,30
290,b4432b95902e4e88b42e2066,M28,0,16.07,14.1262521744,30
290,b4432b95902e4e88b42e2066,M29,0,17.87,15.8736047745,30
290,b4432b95902e4e88b42e2066,M30,0,11.24,10.1037044525,21
291,bb6c0863dd45d3f74e17df3e,M01,4,7.5,7.29084730148,10
291,bb6c0863dd45d3f74e17df3e,M02,4,10.37,10.0148229599,15
291,bb6c0863dd45d3f74e17df3e,M03,4,11.74,10.9112005234,21
291,bb6c0863dd45d3f74e17df3e,M04,4,11.16,10.4142093658,21
291,bb6c0863dd45d3f74e17df3e,M05,4,11.02,10.3972024918,21
291,bb6c0863dd45d3f74e17df3e,M06,4,13.87,13.573636055,21
291,bb6c0863dd45d3f74e17df3e,M07,4,16.5,15.3537559509,30
291,bb6c0863dd45d3f74e17df3e,M08,4,20.79,19.8296470642,30
291,bb6c0863dd45d3f74e17df3e,M09,4,19.97,18.5529556274,30
291,bb6c0863dd45d3f74e17df3e,M10,4,22.16,21.0429973602,30
291,bb6c0863dd45d3f74e17df3e,M11,4,21.47,20.3792533875,30
291,bb6c0863dd45d3f74e17df3e,M12,4,30.55,28.184053421,45
291,bb6c0863dd45d3f74e17df3e,M13,4,30.32,28.0553340912,60
291,bb6c0863dd45d3f74e17df3e,M14,4,27.57,24.6562595367,60
291,bb6c0863dd45d3f74e17df3e,M15,4,31.54,29.0964279175,60
291,bb6c0863dd45d3f74e17df3e,M16,4,59.22,58.3309555054,100
291,bb6c0863dd45d3f74e17df3e,M17,4,8.19,7.84518671036,14
291,bb6c0863dd45d3f74e17df3e,M18,4,11.64,10.8424520493,21
291,bb6c0863dd45d3f74e17df3e,M19,4,8.61,9.13986682892,21
291,bb6c0863dd45d3f74e17df3e,M20,4,12.35,12.6685180664,20
291,bb6c0863dd45d3f74e17df3e,M21,4,9.14,9.15515613556,21
291,bb6c0863dd45d3f74e17df3e,M22,4,23.08,22.3400707245,45
291,bb6c0863dd45d3f74e17df3e,M23,4,18.43,17.7106590271,45
291,bb6c0863dd45d3f74e17df3e,M24,4,29.56,24.2485160828,45
291,bb6c0863dd45d3f74e17df3e,M25,4,14.6,14.1337413788,20
291,bb6c0863dd45d3f74e17df3e,M26,4,13.54,13.1018543243,20
291,bb6c0863dd45d3f74e17df3e,M27,4,17.87,16.8892173767,30
291,bb6c0863dd45d3f74e17df3e,M28,4,16.32,14.6924629211,30
291,bb6c0863dd45d3f74e17df3e,M29,4,18.25,17.2118968964,30
291,bb6c0863dd45d3f74e17df3e,M30,4,11.34,10.7919950485,21
294,d5d831302cba59032cb7c4e8,M01,0,7.2,8.64943981171,10
294,d5d831302cba59032cb7c4e8,M02,0,9.69,11.8908729553,15
294,d5d831302cba59032cb7c4e8,M03,0,10.41,14.1264028549,21
294,d5d831302cba59032cb7c4e8,M04,0,9.98,12.9947471619,21
294,d5d831302cba59032cb7c4e8,M05,0,10.17,13.3479356766,21
294,d5d831302cba59032cb7c4e8,M06,0,13.04,16.6095600128,21
294,d5d831302cba59032cb7c4e8,M07,0,14.5,19.1463813782,30
294,d5d831302cba59032cb7c4e8,M08,0,18.9,24.1428089142,30
294,d5d831302cba59032cb7c4e8,M09,0,18.36,22.6908683777,30
294,d5d831302cba59032cb7c4e8,M10,0,20.27,25.4143371582,30
294,d5d831302cba59032cb7c4e8,M11,0,20.26,24.6866149902,30
294,d5d831302cba59032cb7c4e8,M12,0,27.48,36.2295455933,45
294,d5d831302cba59032cb7c4e8,M13,0,28.16,37.9950714111,60
294,d5d831302cba59032cb7c4e8,M14,0,26.19,35.2051467896,60
294,d5d831302cba59032cb7c4e8,M15,0,28.1,38.3709945679,60
294,d5d831302cba59032cb7c4e8,M16,0,56.9,60.6399307251,100
294,d5d831302cba59032cb7c4e8,M17,0,7.45,8.81787872314,14
294,d5d831302cba59032cb7c4e8,M18,0,10.45,13.3135318756,21
294,d5d831302cba59032cb7c4e8,M19,0,8.12,12.6992454529,21
294,d5d831302cba59032cb7c4e8,M20,0,10.11,13.8114309311,20
294,d5d831302cba59032cb7c4e8,M21,0,7.8,11.5235700607,21
294,d5d831302cba59032cb7c4e8,M22,0,17.94,29.1093559265,45
294,d5d831302cba59032cb7c4e8,M23,0,18.6,26.8572406769,45
294,d5d831302cba59032cb7c4e8,M24,0,17.1,29.6381950378,45
294,d5d831302cba59032cb7c4e8,M25,0,15.46,16.5175914764,20
294,d5d831302cba59032cb7c4e8,M26,0,14.33,15.2938575745,20
294,d5d831302cba59032cb7c4e8,M27,0,19.54,21.1368141174,30
294,d5d831302cba59032cb7c4e8,M28,0,17.94,19.8074092865,30
294,d5d831302cba59032cb7c4e8,M29,0,19.44,21.3499889374,30
294,d5d831302cba59032cb7c4e8,M30,0,12.36,14.445681572,21
295,0a411c9b61631bf103bfed61,M01,3,7.81,7.82848167419,10
295,0a411c9b61631bf103bfed61,M02,3,10.51,10.5061092377,15
295,0a411c9b61631bf103bfed61,M03,3,11.94,11.2884941101,21
295,0a411c9b61631bf103bfed61,M04,3,11.13,10.7391738892,21
295,0a411c9b61631bf103bfed61,M05,3,11.31,10.7903490067,21
295,0a411c9b61631bf103bfed61,M06,3,14.53,14.2326984406,21
295,0a411c9b61631bf103bfed61,M07,3,16.76,15.7482414246,30
295,0a411c9b61631bf103bfed61,M08,3,21.02,20.3381824493,30
295,0a411c9b61631bf103bfed61,M09,3,19.93,19.0919742584,30
295,0a411c9b61631bf103bfed61,M10,3,22.47,21.9148426056,30
295,0a411c9b61631bf103bfed61,M11,3,21.82,21.0269775391,30
295,0a411c9b61631bf103bfed61,M12,3,30.87,30.4092731476,45
295,0a411c9b61631bf103bfed61,M13,3,31.83,30.421579361,60
295,0a411c9b61631bf103bfed61,M14,3,28.94,27.3433189392,60
295,0a411c9b61631bf103bfed61,M15,3,32.16,30.5841293335,60
295,0a411c9b61631bf103bfed61,M16,3,60.84,61.6599769592,100
295,0a411c9b61631bf103bfed61,M17,3,8.23,7.93570375443,14
295,0a411c9b61631bf103bfed61,M18,3,11.59,11.091178894,21
295,0a411c9b61631bf103bfed61,M19,3,10.53,9.77808380127,21
295,0a411c9b61631bf103bfed61,M20,3,12.62,11.8967161179,20
295,0a411c9b61631bf103bfed61,M21,3,9.95,9.280128479,21
295,0a411c9b61631bf103bfed61,M22,3,25.27,20.8553085327,45
295,0a411c9b61631bf103bfed61,M23,3,22.19,17.9322185516,45
295,0a411c9b61631bf103bfed61,M24,3,25.76,21.2555522919,45
295,0a411c9b61631bf103bfed61,M25,3,15.13,15.1264696121,20
295,0a411c9b61631bf103bfed61,M26,3,13.98,13.8541612625,20
295,0a411c9b61631bf103bfed61,M27,3,18.8,18.2264842987,30
295,0a411c9b61631bf103bfed61,M28,3,17.18,16.5451087952,30
295,0a411c9b61631bf103bfed61,M29,3,18.75,18.0964641571,30
295,0a411c9b61631bf103bfed61,M30,3,11.98,11.48072052,21
296,5cc22c63bfc2c970da060ca8,M01,1,7.49,7.47076845169,10
296,5cc22c63bfc2c970da060ca8,M02,1,10.34,10.3500843048,15
296,5cc22c63bfc2c970da060ca8,M03,1,11.67,11.4754095078,21
296,5cc22c63bfc2c970da060ca8,M04,1,10.88,11.0069541931,21
296,5cc22c63bfc2c970da060ca8,M05,1,11.01,10.9814758301,21
296,5cc22c63bfc2c970da060ca8,M06,1,13.91,14.0935020447,21
296,5cc22c63bfc2c970da060ca8,M07,1,16.45,16.3860569,30
296,5cc22c63bfc2c970da060ca8,M08,1,20.91,20.8565559387,30
296,5cc22c63bfc2c970da060ca8,M09,1,19.85,19.7781257629,30
296,5cc22c63bfc2c970da060ca8,M10,1,22.01,22.2350006104,30
296,5cc22c63bfc2c970da060ca8,M11,1,21.43,21.6077537537,30
296,5cc22c63bfc2c970da060ca8,M12,1,30.47,30.0373039246,45
296,5cc22c63bfc2c970da060ca8,M13,1,30.22,30.400308609,60
296,5cc22c63bfc2c970da060ca8,M14,1,27.4,27.3700141907,60
296,5cc22c63bfc2c970da060ca8,M15,1,31.59,30.9857845306,60
296,5cc22c63bfc2c970da060ca8,M16,1,59.11,58.7122802734,100
296,5cc22c63bfc2c970da060ca8,M17,1,8.51,8.04232978821,14
296,5cc22c63bfc2c970da060ca8,M18,1,11.27,11.4195270538,21
296,5cc22c63bfc2c970da060ca8,M19,1,9.11,9.23356056213,21
296,5cc22c63bfc2c970da060ca8,M20,1,11.78,13.0109329224,20
296,5cc22c63bfc2c970da060ca8,M21,1,8.58,9.59396743774,21
296,5cc22c63bfc2c970da060ca8,M22,1,20.46,24.318819046,45
296,5cc22c63bfc2c970da060ca8,M23,1,16.59,20.2272586823,45
296,5cc22c63bfc2c970da060ca8,M24,1,26.25,24.4404563904,45
296,5cc22c63bfc2c970da060ca8,M25,1,14.6,14.604801178,20
296,5cc22c63bfc2c970da060ca8,M26,1,13.54,13.7123422623,20
296,5cc22c63bfc2c970da060ca8,M27,1,17.51,18.140007019,30
296,5cc22c63bfc2c970da060ca8,M28,1,16.28,16.0466651917,30
296,5cc22c63bfc2c970da060ca8,M29,1,18.29,18.2550830841,30
296,5cc22c63bfc2c970da060ca8,M30,1,11.3,11.351934433,21
297,a4d13ddf9429ac6f4154b0e3,M01,3,7.36,7.93676042557,10
297,a4d13ddf9429ac6f4154b0e3,M02,3,10.27,10.6615381241,15
297,a4d13ddf9429ac6f4154b0e3,M03,3,11.44,11.6865339279,21
297,a4d13ddf9429ac6f4154b0e3,M04,3,10.49,11.2143859863,21
297,a4d13ddf9429ac6f4154b0e3,M05,3,10.63,11.1870536804,21
297,a4d13ddf9429ac6f4154b0e3,M06,3,14.26,14.1559562683,21
297,a4d13ddf9429ac6f4154b0e3,M07,3,15.71,16.1489830017,30
297,a4d13ddf9429ac6f4154b0e3,M08,3,20.16,20.6461868286,30
297,a4d13ddf9429ac6f4154b0e3,M09,3,18.79,19.5705108643,30
297,a4d13ddf9429ac6f4154b0e3,M10,3,21.74,21.9139785767,30
297,a4d13ddf9429ac6f4154b0e3,M11,3,20.99,21.31001091,30
297,a4d13ddf9429ac6f4154b0e3,M12,3,29.16,30.0188465118,45
297,a4d13ddf9429ac6f4154b0e3,M13,3,29.53,30.0769100189,60
297,a4d13ddf9429ac6f4154b0e3,M14,3,26.81,26.851436615,60
297,a4d13ddf9429ac6f4154b0e3,M15,3,30.64,30.8434104919,60
297,a4d13ddf9429ac6f4154b0e3,M16,3,58.36,60.3121604919,100
297,a4d13ddf9429ac6f4154b0e3,M17,3,8.26,8.26295852661,14
297,a4d13ddf9429ac6f4154b0e3,M18,3,11.56,11.5526504517,21
297,a4d13ddf9429ac6f4154b0e3,M19,3,9.17,9.60298919678,21
297,a4d13ddf9429ac6f4154b0e3,M20,3,13.71,12.3293800354,20
297,a4d13ddf9429ac6f4154b0e3,M21,3,9.85,9.43723583221,21
297,a4d13ddf9429ac6f4154b0e3,M22,3,25.62,22.7332077026,45
297,a4d13ddf9429ac6f4154b0e3,M23,3,20.33,18.6383228302,45
297,a4d13ddf9429ac6f4154b0e3,M24,3,20.89,24.5491714478,45
297,a4d13ddf9429ac6f4154b0e3,M25,3,14.39,14.5688495636,20
297,a4d13ddf9429ac6f4154b0e3,M26,3,13.34,13.6347074509,20
297,a4d13ddf9429ac6f4154b0e3,M27,3,17.48,17.9431819916,30
297,a4d13ddf9429ac6f4154b0e3,M28,3,16,16.1333618164,30
297,a4d13ddf9429ac6f4154b0e3,M29,3,17.82,18.2038269043,30
297,a4d13ddf9429ac6f4154b0e3,M30,3,11.14,11.5233421326,21
300,98b5399112d2ffc2aa957c86,M01,3,8.08,8.83244037628,10
300,98b5399112d2ffc2aa957c86,M02,3,10.76,11.4523134232,15
300,98b5399112d2ffc2aa957c86,M03,3,12.31,12.7792139053,21
300,98b5399112d2ffc2aa957c86,M04,3,11.51,12.1332521439,21
300,98b5399112d2ffc2aa957c86,M05,3,11.66,12.1722145081,21
300,98b5399112d2ffc2aa957c86,M06,3,15.02,15.0564880371,21
300,98b5399112d2ffc2aa957c86,M07,3,17.21,17.842874527,30
300,98b5399112d2ffc2aa957c86,M08,3,21.5,22.3819026947,30
300,98b5399112d2ffc2aa957c86,M09,3,20.41,21.4185504913,30
300,98b5399112d2ffc2aa957c86,M10,3,23.01,23.9392204285,30
300,98b5399112d2ffc2aa957c86,M11,3,22.4,23.2753772736,30
300,98b5399112d2ffc2aa957c86,M12,3,31.43,32.5613059998,45
300,98b5399112d2ffc2aa957c86,M13,3,32.63,33.4641456604,60
300,98b5399112d2ffc2aa957c86,M14,3,29.36,30.8178730011,60
300,98b5399112d2ffc2aa957c86,M15,3,33.34,33.6764297485,60
300,98b5399112d2ffc2aa957c86,M16,3,61.64,59.4344673157,100
300,98b5399112d2ffc2aa957c86,M17,3,8.44,8.95184326172,14
300,98b5399112d2ffc2aa957c86,M18,3,11.93,12.4845523834,21
300,98b5399112d2ffc2aa957c86,M19,3,10.45,11.5412912369,21
300,98b5399112d2ffc2aa957c86,M20,3,12.59,13.3278865814,20
300,98b5399112d2ffc2aa957c86,M21,3,9.75,10.9933452606,21
300,98b5399112d2ffc2aa957c86,M22,3,24.73,27.1074199677,45
300,98b5399112d2ffc2aa957c86,M23,3,21.47,23.9885845184,45
300,98b5399112d2ffc2aa957c86,M24,3,25.42,27.4180011749,45
300,98b5399112d2ffc2aa957c86,M25,3,15.34,15.8575983047,20
300,98b5399112d2ffc2aa957c86,M26,3,14.11,14.4421310425,20
300,98b5399112d2ffc2aa957c86,M27,3,19.05,19.7688789368,30
300,98b5399112d2ffc2aa957c86,M28,3,17.19,18.1730136871,30
300,98b5399112d2ffc2aa957c86,M29,3,19.1,19.6268138885,30
300,98b5399112d2ffc2aa957c86,M30,3,12.13,12.8208217621,21
301,a7efe2a12592b5fa953c9862,M01,0,7.44,7.47750759125,10
301,a7efe2a12592b5fa953c9862,M02,0,10.31,10.1308803558,15
301,a7efe2a12592b5fa953c9862,M03,0,11.53,11.3446588516,21
301,a7efe2a12592b5fa953c9862,M04,0,10.89,10.8636207581,21
301,a7efe2a12592b5fa953c9862,M05,0,10.89,10.8881692886,21
301,a7efe2a12592b5fa953c9862,M06,0,13.78,13.7838878632,21
301,a7efe2a12592b5fa953c9862,M07,0,16.42,16.3561019897,30
301,a7efe2a12592b5fa953c9862,M08,0,20.88,20.4074840546,30
301,a7efe2a12592b5fa953c9862,M09,0,19.83,19.3956699371,30
301,a7efe2a12592b5fa953c9862,M10,0,22.04,21.8049468994,30
301,a7efe2a12592b5fa953c9862,M11,0,21.4,21.126121521,30
301,a7efe2a12592b5fa953c9862,M12,0,30.48,29.9660129547,45
301,a7efe2a12592b5fa953c9862,M13,0,30.18,30.1473674774,60
301,a7efe2a12592b5fa953c9862,M14,0,27.49,26.7859344482,60
301,a7efe2a12592b5fa953c9862,M15,0,31.45,31.0756721497,60
301,a7efe2a12592b5fa953c9862,M16,0,59.09,58.2718238831,100
301,a7efe2a12592b5fa953c9862,M17,0,8.04,7.97226810455,14
301,a7efe2a12592b5fa953c9862,M18,0,11.25,11.2115879059,21
301,a7efe2a12592b5fa953c9862,M19,0,9.11,8.98025226593,21
301,a7efe2a12592b5fa953c9862,M20,0,13.98,12.4126586914,20
301,a7efe2a12592b5fa953c9862,M21,0,10.09,9.11730861664,21
301,a7efe2a12592b5fa953c9862,M22,0,26.12,22.5373649597,45
301,a7efe2a12592b5fa953c9862,M23,0,20.66,18.2039661407,45
301,a7efe2a12592b5fa953c9862,M24,0,23.45,24.0006904602,45
301,a7efe2a12592b5fa953c9862,M25,0,14.53,14.4519329071,20
301,a7efe2a12592b5fa953c9862,M26,0,13.52,13.5317964554,20
301,a7efe2a12592b5fa953c9862,M27,0,17.8,17.9023990631,30
301,a7efe2a12592b5fa953c9862,M28,0,16.28,15.9143266678,30
301,a7efe2a12592b5fa953c9862,M29,0,18.17,18.1163234711,30
301,a7efe2a12592b5fa953c9862,M30,0,11.14,11.1580696106,21
302,0cbfc205af64784e06b727c4,M01,3,6.84,7.11403417587,10
302,0cbfc205af64784e06b727c4,M02,3,9.17,9.87658596039,15
302,0cbfc205af64784e06b727c4,M03,3,9.35,10.4877462387,21
302,0cbfc205af64784e06b727c4,M04,3,8.83,9.79653167725,21
302,0cbfc205af64784e06b727c4,M05,3,8.92,9.79462718964,21
302,0cbfc205af64784e06b727c4,M06,3,11.89,13.3791017532,21
302,0cbfc205af64784e06b727c4,M07,3,12.87,14.9648227692,30
302,0cbfc205af64784e06b727c4,M08,3,17.3,19.0612850189,30
302,0cbfc205af64784e06b727c4,M09,3,16.63,17.8775062561,30
302,0cbfc205af64784e06b727c4,M10,3,18.74,20.7223472595,30
302,0cbfc205af64784e06b727c4,M11,3,18.48,19.7451934814,30
302,0cbfc205af64784e06b727c4,M12,3,24.73,25.627822876,45
302,0cbfc205af64784e06b727c4,M13,3,24.85,26.9716377258,60
302,0cbfc205af64784e06b727c4,M14,3,22.08,23.6547813416,60
302,0cbfc205af64784e06b727c4,M15,3,24.56,26.8379497528,60
302,0cbfc205af64784e06b727c4,M16,3,53.18,61.8396186829,100
302,0cbfc205af64784e06b727c4,M17,3,6.83,7.2716999054,14
302,0cbfc205af64784e06b727c4,M18,3,9.41,10.3543119431,21
302,0cbfc205af64784e06b727c4,M19,3,5.81,8.3559923172,21
302,0cbfc205af64784e06b727c4,M20,3,8.03,10.756108284,20
302,0cbfc205af64784e06b727c4,M21,3,5.58,8.07260704041,21
302,0cbfc205af64784e06b727c4,M22,3,12.24,20.1330738068,45
302,0cbfc205af64784e06b727c4,M23,3,11.2,16.6769638062,45
302,0cbfc205af64784e06b727c4,M24,3,11.72,20.2916545868,45
302,0cbfc205af64784e06b727c4,M25,3,13.75,13.9905700684,20
302,0cbfc205af64784e06b727c4,M26,3,12.62,12.6957654953,20
302,0cbfc205af64784e06b727c4,M27,3,16.09,16.7825965881,30
302,0cbfc205af64784e06b727c4,M28,3,14.42,14.3711490631,30
302,0cbfc205af64784e06b727c4,M29,3,15.76,16.6137943268,30
302,0cbfc205af64784e06b727c4,M30,3,9.85,10.3333845139,21
303,fa4fe83161caa77335eb59e7,M01,4,7.67,7.68457937241,10
303,fa4fe83161caa77335eb59e7,M02,4,10.6,10.7531871796,15
303,fa4fe83161caa77335eb59e7,M03,4,12.26,12.0798339844,21
303,fa4fe83161caa77335eb59e7,M04,4,11.67,11.5473594666,21
303,fa4fe83161caa77335eb59e7,M05,4,11.57,11.5511522293,21
303,fa4fe83161caa77335eb59e7,M06,4,14.43,14.6859521866,21
303,fa4fe83161caa77335eb59e7,M07,4,17.3,17.6154441833,30
303,fa4fe83161caa77335eb59e7,M08,4,21.51,21.8827476501,30
303,fa4fe83161caa77335eb59e7,M09,4,20.71,20.7539176941,30
303,fa4fe83161caa77335eb59e7,M10,4,22.85,23.1879634857,30
303,fa4fe83161caa77335eb59e7,M11,4,22.21,22.5340366364,30
303,fa4fe83161caa77335eb59e7,M12,4,31.83,32.5571784973,45
303,fa4fe83161caa77335eb59e7,M13,4,31.94,32.6061859131,60
303,fa4fe83161caa77335eb59e7,M14,4,29.36,30.2000713348,60
303,fa4fe83161caa77335eb59e7,M15,4,33.08,33.4342193604,60
303,fa4fe83161caa77335eb59e7,M16,4,60.97,61.1373062134,100
303,fa4fe83161caa77335eb59e7,M17,4,8.46,8.2525844574,14
303,fa4fe83161caa77335eb59e7,M18,4,12.1,11.9579868317,21
303,fa4fe83161caa77335eb59e7,M19,4,9.29,10.2501487732,21
303,fa4fe83161caa77335eb59e7,M20,4,13.46,14.1475496292,20
303,fa4fe83161caa77335eb59e7,M21,4,9.9,10.6442279816,21
303,fa4fe83161caa77335eb59e7,M22,4,25.92,26.3429298401,45
303,fa4fe83161caa77335eb59e7,M23,4,20.55,22.2166538239,45
303,fa4fe83161caa77335eb59e7,M24,4,26.45,27.4620571136,45
303,fa4fe83161caa77335eb59e7,M25,4,14.89,15.0847864151,20
303,fa4fe83161caa77335eb59e7,M26,4,13.89,14.0316009521,20
303,fa4fe83161caa77335eb59e7,M27,4,18.55,18.9891662598,30
303,fa4fe83161caa77335eb59e7,M28,4,17.05,17.1564674377,30
303,fa4fe83161caa77335eb59e7,M29,4,18.87,19.2186794281,30
303,fa4fe83161caa77335eb59e7,M30,4,11.89,11.8795404434,21
304,18c5d30cfe53fd9b8fe0bc36,M01,0,7.71,7.7788977623,10
304,18c5d30cfe53fd9b8fe0bc36,M02,0,10.37,10.3256196976,15
304,18c5d30cfe53fd9b8fe0bc36,M03,0,11.66,11.4145708084,21
304,18c5d30cfe53fd9b8fe0bc36,M04,0,10.87,10.7904558182,21
304,18c5d30cfe53fd9b8fe0bc36,M05,0,10.78,10.8628406525,21
304,18c5d30cfe53fd9b8fe0bc36,M06,0,14.31,14.2170801163,21
304,18c5d30cfe53fd9b8fe0bc36,M07,0,16.33,16.298002243,30
304,18c5d30cfe53fd9b8fe0bc36,M08,0,20.64,20.3579769135,30
304,18c5d30cfe53fd9b8fe0bc36,M09,0,19.58,19.2609119415,30
304,18c5d30cfe53fd9b8fe0bc36,M10,0,22.03,21.8343925476,30
304,18c5d30cfe53fd9b8fe0bc36,M11,0,21.07,21.0385513306,30
304,18c5d30cfe53fd9b8fe0bc36,M12,0,30.19,30.9740467072,45
304,18c5d30cfe53fd9b8fe0bc36,M13,0,31.25,31.0985126495,60
304,18c5d30cfe53fd9b8fe0bc36,M14,0,28.26,28.5899085999,60
304,18c5d30cfe53fd9b8fe0bc36,M15,0,31.16,31.4506607056,60
304,18c5d30cfe53fd9b8fe0bc36,M16,0,60.2,60.5586013794,100
304,18c5d30cfe53fd9b8fe0bc36,M17,0,8.08,8.00010108948,14
304,18c5d30cfe53fd9b8fe0bc36,M18,0,11.4,11.1982908249,21
304,18c5d30cfe53fd9b8fe0bc36,M19,0,9.56,9.42457294464,21
304,18c5d30cfe53fd9b8fe0bc36,M20,0,11.81,11.7557640076,20
304,18c5d30cfe53fd9b8fe0bc36,M21,0,9,8.91437530518,21
304,18c5d30cfe53fd9b8fe0bc36,M22,0,22.5,21.2046928406,45
304,18c5d30cfe53fd9b8fe0bc36,M23,0,19.6,18.8020191193,45
304,18c5d30cfe53fd9b8fe0bc36,M24,0,22.77,21.84724617,45
304,18c5d30cfe53fd9b8fe0bc36,M25,0,14.07,15.0510940552,20
304,18c5d30cfe53fd9b8fe0bc36,M26,0,12.87,13.8884134293,20
304,18c5d30cfe53fd9b8fe0bc36,M27,0,16.62,18.5390739441,30
304,18c5d30cfe53fd9b8fe0bc36,M28,0,14.88,17.0504970551,30
304,18c5d30cfe53fd9b8fe0bc36,M29,0,16.65,18.3478603363,30
304,18c5d30cfe53fd9b8fe0bc36,M30,0,10.3,11.6457281113,21
306,f295586a0be60255fdd0f3df,M01,0,7.75,7.29700279236,10
306,f295586a0be60255fdd0f3df,M02,0,10.8,9.78268814087,15
306,f295586a0be60255fdd0f3df,M03,0,12.17,11.131565094,21
306,f295586a0be60255fdd0f3df,M04,0,11.78,10.6533508301,21
306,f295586a0be60255fdd0f3df,M05,0,11.5,10.7268190384,21
306,f295586a0be60255fdd0f3df,M06,0,14.46,13.5813121796,21
306,f295586a0be60255fdd0f3df,M07,0,17.38,15.925951004,30
306,f295586a0be60255fdd0f3df,M08,0,21.54,19.9885597229,30
306,f295586a0be60255fdd0f3df,M09,0,20.75,18.9973564148,30
306,f295586a0be60255fdd0f3df,M10,0,22.85,21.4750862122,30
306,f295586a0be60255fdd0f3df,M11,0,22.18,20.7315044403,30
306,f295586a0be60255fdd0f3df,M12,0,32.21,29.4814224243,45
306,f295586a0be60255fdd0f3df,M13,0,32.11,29.4407100677,60
306,f295586a0be60255fdd0f3df,M14,0,29.38,26.131362915,60
306,f295586a0be60255fdd0f3df,M15,0,32.96,29.9435005188,60
306,f295586a0be60255fdd0f3df,M16,0,61.15,59.5844497681,100
306,f295586a0be60255fdd0f3df,M17,0,8.35,7.76345682144,14
306,f295586a0be60255fdd0f3df,M18,0,11.73,10.9654474258,21
306,f295586a0be60255fdd0f3df,M19,0,9.96,8.57496738434,21
306,f295586a0be60255fdd0f3df,M20,0,13.77,11.7172117233,20
306,f295586a0be60255fdd0f3df,M21,0,10.73,8.69590759277,21
306,f295586a0be60255fdd0f3df,M22,0,26.52,21.4736614227,45
306,f295586a0be60255fdd0f3df,M23,0,23.45,17.6397399902,45
306,f295586a0be60255fdd0f3df,M24,0,27.37,22.1015281677,45
306,f295586a0be60255fdd0f3df,M25,0,14.76,14.0872144699,20
306,f295586a0be60255fdd0f3df,M26,0,13.72,13.067358017,20
306,f295586a0be60255fdd0f3df,M27,0,18.27,17.8248786926,30
306,f295586a0be60255fdd0f3df,M28,0,16.72,15.7728700638,30
306,f295586a0be60255fdd0f3df,M29,0,18.63,17.4647750854,30
306,f295586a0be60255fdd0f3df,M30,0,11.42,11.0821590424,21
307,e6de4d7bee014e4d0e9cdaa1,M01,1,7.15,8.3508644104,10
307,e6de4d7bee014e4d0e9cdaa1,M02,1,9.65,11.0908889771,15
307,e6de4d7bee014e4d0e9cdaa1,M03,1,10.21,12.3952064514,21
307,e6de4d7bee014e4d0e9cdaa1,M04,1,9.53,11.8313369751,21
307,e6de4d7bee014e4d0e9cdaa1,M05,1,9.57,11.878534317,21
307,e6de4d7bee014e4d0e9cdaa1,M06,1,12.73,15.22286129,21
307,e6de4d7bee014e4d0e9cdaa1,M07,1,14.16,17.1529045105,30
307,e6de4d7bee014e4d0e9cdaa1,M08,1,18.58,21.6668052673,30
307,e6de4d7bee014e4d0e9cdaa1,M09,1,17.62,20.5015335083,30
307,e6de4d7bee014e4d0e9cdaa1,M10,1,20.03,23.1856517792,30
307,e6de4d7bee014e4d0e9cdaa1,M11,1,19.41,22.6618289948,30
307,e6de4d7bee014e4d0e9cdaa1,M12,1,26.77,31.2103748322,45
307,e6de4d7bee014e4d0e9cdaa1,M13,1,26.98,32.6570930481,60
307,e6de4d7bee014e4d0e9cdaa1,M14,1,23.95,29.7066364288,60
307,e6de4d7bee014e4d0e9cdaa1,M15,1,26.96,32.7572250366,60
307,e6de4d7bee014e4d0e9cdaa1,M16,1,55.49,63.1709823608,100
307,e6de4d7bee014e4d0e9cdaa1,M17,1,7.31,8.63345623016,14
307,e6de4d7bee014e4d0e9cdaa1,M18,1,10.08,11.9954547882,21
307,e6de4d7bee014e4d0e9cdaa1,M19,1,8.23,9.90073013306,21
307,e6de4d7bee014e4d0e9cdaa1,M20,1,10.68,11.8388652802,20
307,e6de4d7bee014e4d0e9cdaa1,M21,1,7.97,9.55844211578,21
307,e6de4d7bee014e4d0e9cdaa1,M22,1,19.2,23.9836044312,45
307,e6de4d7bee014e4d0e9cdaa1,M23,1,16.59,21.7329711914,45
307,e6de4d7bee014e4d0e9cdaa1,M24,1,19.45,23.6844863892,45
307,e6de4d7bee014e4d0e9cdaa1,M25,1,14.07,15.4377985001,20
307,e6de4d7bee014e4d0e9cdaa1,M26,1,12.93,14.1284103394,20
307,e6de4d7bee014e4d0e9cdaa1,M27,1,16.68,19.545003891,30
307,e6de4d7bee014e4d0e9cdaa1,M28,1,14.97,17.3707675934,30
307,e6de4d7bee014e4d0e9cdaa1,M29,1,16.48,19.2142410278,30
307,e6de4d7bee014e4d0e9cdaa1,M30,1,10.24,12.4231338501,21
309,fdc350f6670042f7c9d6d8fb,M01,0,7.56,6.56342554092,10
309,fdc350f6670042f7c9d6d8fb,M02,0,9.96,8.26048564911,15
309,fdc350f6670042f7c9d6d8fb,M03,0,10.7,7.81406402588,21
309,fdc350f6670042f7c9d6d8fb,M04,0,9.74,7.40355396271,21
309,fdc350f6670042f7c9d6d8fb,M05,0,9.85,7.38543462753,21
309,fdc350f6670042f7c9d6d8fb,M06,0,13.59,10.2057132721,21
309,fdc350f6670042f7c9d6d8fb,M07,0,14.81,10.5927762985,30
309,fdc350f6670042f7c9d6d8fb,M08,0,19.22,14.5602216721,30
309,fdc350f6670042f7c9d6d8fb,M09,0,17.88,13.8279933929,30
309,fdc350f6670042f7c9d6d8fb,M10,0,20.72,16.3142490387,30
309,fdc350f6670042f7c9d6d8fb,M11,0,19.67,15.1374521255,30
309,fdc350f6670042f7c9d6d8fb,M12,0,27.73,20.1284446716,45
309,fdc350f6670042f7c9d6d8fb,M13,0,29.01,19.9008674622,60
309,fdc350f6670042f7c9d6d8fb,M14,0,25.7,17.0794124603,60
309,fdc350f6670042f7c9d6d8fb,M15,0,27.63,19.6487236023,60
309,fdc350f6670042f7c9d6d8fb,M16,0,57.77,44.1584777832,100
309,fdc350f6670042f7c9d6d8fb,M17,0,7.5,5.99578285217,14
309,fdc350f6670042f7c9d6d8fb,M18,0,10.31,7.69729089737,21
309,fdc350f6670042f7c9d6d8fb,M19,0,7.91,5.75609350204,21
309,fdc350f6670042f7c9d6d8fb,M20,0,10.31,7.87864494324,20
309,fdc350f6670042f7c9d6d8fb,M21,0,7.4,5.52533435822,21
309,fdc350f6670042f7c9d6d8fb,M22,0,17.87,12.2848863602,45
309,fdc350f6670042f7c9d6d8fb,M23,0,15.26,10.2414016724,45
309,fdc350f6670042f7c9d6d8fb,M24,0,17.84,11.8624734879,45
309,fdc350f6670042f7c9d6d8fb,M25,0,14.63,12.9180755615,20
309,fdc350f6670042f7c9d6d8fb,M26,0,13.4,11.8395414352,20
309,fdc350f6670042f7c9d6d8fb,M27,0,17.7,14.1581926346,30
309,fdc350f6670042f7c9d6d8fb,M28,0,15.82,13.2219371796,30
309,fdc350f6670042f7c9d6d8fb,M29,0,16.97,13.8753175735,30
309,fdc350f6670042f7c9d6d8fb,M30,0,10.75,8.1261138916,21
312,f6706e821cf953202aa4b547,M01,2,7.6,6.46066951752,10
312,f6706e821cf953202aa4b547,M02,2,10.35,8.53679656982,15
312,f6706e821cf953202aa4b547,M03,2,11.7,9.22417163849,21
312,f6706e821cf953202aa4b547,M04,2,10.63,8.72696495056,21
312,f6706e821cf953202aa4b547,M05,2,10.02,8.8144826889,21
312,f6706e821cf953202aa4b547,M06,2,14.16,12.6054735184,21
312,f6706e821cf953202aa4b547,M07,2,16.46,13.4514703751,30
312,f6706e821cf953202aa4b547,M08,2,20.74,17.367937088,30
312,f6706e821cf953202aa4b547,M09,2,19.27,16.3522911072,30
312,f6706e821cf953202aa4b547,M10,2,22.1,18.6898574829,30
312,f6706e821cf953202aa4b547,M11,2,20.09,17.9511241913,30
312,f6706e821cf953202aa4b547,M12,2,30.45,22.5546703339,45
312,f6706e821cf953202aa4b547,M13,2,31.01,22.5953884125,60
312,f6706e821cf953202aa4b547,M14,2,28.3,20.0591812134,60
312,f6706e821cf953202aa4b547,M15,2,31.41,22.6513442993,60
312,f6706e821cf953202aa4b547,M16,2,59.95,56.0316123962,100
312,f6706e821cf953202aa4b547,M17,2,8.23,6.28544998169,14
312,f6706e821cf953202aa4b547,M18,2,11.75,8.92394447327,21
312,f6706e821cf953202aa4b547,M19,2,9,6.50455474854,21
312,f6706e821cf953202aa4b547,M20,2,11.65,8.85251426697,20
312,f6706e821cf953202aa4b547,M21,2,8.63,5.88583374023,21
312,f6706e821cf953202aa4b547,M22,2,21.97,15.9666070938,45
312,f6706e821cf953202aa4b547,M23,2,19.17,13.4628353119,45
312,f6706e821cf953202aa4b547,M24,2,22.37,16.1122608185,45
312,f6706e821cf953202aa4b547,M25,2,12.66,14.1803827286,20
312,f6706e821cf953202aa4b547,M26,2,11.54,13.0892000198,20
312,f6706e821cf953202aa4b547,M27,2,13.85,16.4255466461,30
312,f6706e821cf953202aa4b547,M28,2,12.27,14.2773475647,30
312,f6706e821cf953202aa4b547,M29,2,13.75,16.1275749207,30
312,f6706e821cf953202aa4b547,M30,2,8.29,10.018787384,21
313,38f5ab75bc43f62a70b6c62f,M01,4,7.84,7.99818229675,10
313,38f5ab75bc43f62a70b6c62f,M02,4,10.8,10.9194660187,15
313,38f5ab75bc43f62a70b6c62f,M03,4,12.7,12.5484046936,21
313,38f5ab75bc43f62a70b6c62f,M04,4,12.1,12.0922574997,21
313,38f5ab75bc43f62a70b6c62f,M05,4,12.03,12.0900001526,21
313,38f5ab75bc43f62a70b6c62f,M06,4,14.9,15.1357698441,21
313,38f5ab75bc43f62a70b6c62f,M07,4,17.99,18.099981308,30
313,38f5ab75bc43f62a70b6c62f,M08,4,22.13,22.4392166138,30
313,38f5ab75bc43f62a70b6c62f,M09,4,21.31,21.4143047333,30
313,38f5ab75bc43f62a70b6c62f,M10,4,23.42,23.7441101074,30
313,38f5ab75bc43f62a70b6c62f,M11,4,22.83,23.0911159515,30
313,38f5ab75bc43f62a70b6c62f,M12,4,32.89,33.692489624,45
313,38f5ab75bc43f62a70b6c62f,M13,4,33.34,34.077960968,60
313,38f5ab75bc43f62a70b6c62f,M14,4,30.81,31.202293396,60
313,38f5ab75bc43f62a70b6c62f,M15,4,34.41,34.8877792358,60
313,38f5ab75bc43f62a70b6c62f,M16,4,62.51,61.9386825562,100
313,38f5ab75bc43f62a70b6c62f,M17,4,8.68,8.60070514679,14
313,38f5ab75bc43f62a70b6c62f,M18,4,12.49,12.4708518982,21
313,38f5ab75bc43f62a70b6c62f,M19,4,9.95,10.6022186279,21
313,38f5ab75bc43f62a70b6c62f,M20,4,15.08,14.8169412613,20
313,38f5ab75bc43f62a70b6c62f,M21,4,10.86,11.1375598907,21
313,38f5ab75bc43f62a70b6c62f,M22,4,29.15,29.4262084961,45
313,38f5ab75bc43f62a70b6c62f,M23,4,22.76,24.3989028931,45
313,38f5ab75bc43f62a70b6c62f,M24,4,26.86,30.3107147217,45
313,38f5ab75bc43f62a70b6c62f,M25,4,15.16,15.3821992874,20
313,38f5ab75bc43f62a70b6c62f,M26,4,14.15,14.3473920822,20
313,38f5ab75bc43f62a70b6c62f,M27,4,19.12,19.4668941498,30
313,38f5ab75bc43f62a70b6c62f,M28,4,17.69,17.8669261932,30
313,38f5ab75bc43f62a70b6c62f,M29,4,19.39,19.7084751129,30
313,38f5ab75bc43f62a70b6c62f,M30,4,12.35,12.2934036255,21
314,ba56fb1d6cf7f9574ee506e9,M01,1,5.02,8.72891616821,10
314,ba56fb1d6cf7f9574ee506e9,M02,1,6.99,11.6498670578,15
314,ba56fb1d6cf7f9574ee506e9,M03,1,5.88,13.7585220337,21
314,ba56fb1d6cf7f9574ee506e9,M04,1,5.53,13.18775177,21
314,ba56fb1d6cf7f9574ee506e9,M05,1,5.52,13.2352800369,21
314,ba56fb1d6cf7f9574ee506e9,M06,1,7.32,16.3996810913,21
314,ba56fb1d6cf7f9574ee506e9,M07,1,7.73,19.4041614532,30
314,ba56fb1d6cf7f9574ee506e9,M08,1,11.67,21.1873435974,30
314,ba56fb1d6cf7f9574ee506e9,M09,1,11.08,20.3531341553,30
314,ba56fb1d6cf7f9574ee506e9,M10,1,12.9,22.5763034821,30
314,ba56fb1d6cf7f9574ee506e9,M11,1,12.5,22.0448627472,30
314,ba56fb1d6cf7f9574ee506e9,M12,1,15.79,35.7823028564,45
314,ba56fb1d6cf7f9574ee506e9,M13,1,14.19,36.7970504761,60
314,ba56fb1d6cf7f9574ee506e9,M14,1,12.82,34.1554260254,60
314,ba56fb1d6cf7f9574ee506e9,M15,1,13.8,36.7704353333,60
314,ba56fb1d6cf7f9574ee506e9,M16,1,35,66.0289916992,100
314,ba56fb1d6cf7f9574ee506e9,M17,1,4.34,9.10600566864,14
314,ba56fb1d6cf7f9574ee506e9,M18,1,5.92,13.5151338577,21
314,ba56fb1d6cf7f9574ee506e9,M19,1,5.02,11.8537483215,21
314,ba56fb1d6cf7f9574ee506e9,M20,1,6.62,13.7380847931,20
314,ba56fb1d6cf7f9574ee506e9,M21,1,4.83,11.3508396149,21
314,ba56fb1d6cf7f9574ee506e9,M22,1,9.74,24.7319431305,45
314,ba56fb1d6cf7f9574ee506e9,M23,1,9.14,22.5534038544,45
314,ba56fb1d6cf7f9574ee506e9,M24,1,10.5,24.6404895782,45
314,ba56fb1d6cf7f9574ee506e9,M25,1,14.91,15.9311256409,20
314,ba56fb1d6cf7f9574ee506e9,M26,1,13.6,14.7962465286,20
314,ba56fb1d6cf7f9574ee506e9,M27,1,18.2,20.3898849487,30
314,ba56fb1d6cf7f9574ee506e9,M28,1,16.15,18.8706932068,30
314,ba56fb1d6cf7f9574ee506e9,M29,1,17.43,20.2273044586,30
314,ba56fb1d6cf7f9574ee506e9,M30,1,10.88,13.4618473053,21
316,7b5da74713d6434883aea4ee,M01,4,6.96,7.83937931061,10
316,7b5da74713d6434883aea4ee,M02,4,9.32,10.9101800919,15
316,7b5da74713d6434883aea4ee,M03,4,9.61,12.2030010223,21
316,7b5da74713d6434883aea4ee,M04,4,9.14,11.5551233292,21
316,7b5da74713d6434883aea4ee,M05,4,9.44,11.6382665634,21
316,7b5da74713d6434883aea4ee,M06,4,12.12,14.9574575424,21
316,7b5da74713d6434883aea4ee,M07,4,13.26,17.4916439056,30
316,7b5da74713d6434883aea4ee,M08,4,17.7,21.5246906281,30
316,7b5da74713d6434883aea4ee,M09,4,17.11,20.3749217987,30
316,7b5da74713d6434883aea4ee,M10,4,19.11,22.9406337738,30
316,7b5da74713d6434883aea4ee,M11,4,19.13,22.1051425934,30
316,7b5da74713d6434883aea4ee,M12,4,25.42,30.9831943512,45
316,7b5da74713d6434883aea4ee,M13,4,25.53,31.6612892151,60
316,7b5da74713d6434883aea4ee,M14,4,22.71,28.7666664124,60
316,7b5da74713d6434883aea4ee,M15,4,25.41,31.6503944397,60
316,7b5da74713d6434883aea4ee,M16,4,53.99,57.9728965759,100
316,7b5da74713d6434883aea4ee,M17,4,6.93,8.30527877808,14
316,7b5da74713d6434883aea4ee,M18,4,9.55,11.9287900925,21
316,7b5da74713d6434883aea4ee,M19,4,6.9,10.6549310684,21
316,7b5da74713d6434883aea4ee,M20,4,8.58,12.2903318405,20
316,7b5da74713d6434883aea4ee,M21,4,6.11,10.3773374557,21
316,7b5da74713d6434883aea4ee,M22,4,13.48,23.9504566193,45
316,7b5da74713d6434883aea4ee,M23,4,12.44,21.9293136597,45
316,7b5da74713d6434883aea4ee,M24,4,13.51,23.993265152,45
316,7b5da74713d6434883aea4ee,M25,4,14.61,14.9033889771,20
316,7b5da74713d6434883aea4ee,M26,4,13.42,13.3939990997,20
316,7b5da74713d6434883aea4ee,M27,4,17.7,18.5659351349,30
316,7b5da74713d6434883aea4ee,M28,4,15.97,16.5024986267,30
316,7b5da74713d6434883aea4ee,M29,4,17.63,18.2627944946,30
316,7b5da74713d6434883aea4ee,M30,4,11.07,11.971540451,21
317,31889a52aaae5d9d746527d9,M01,1,7.84,8.05367946625,10
317,31889a52aaae5d9d746527d9,M02,1,10.75,10.9617366791,15
317,31889a52aaae5d9d746527d9,M03,1,12.71,12.4464969635,21
317,31889a52aaae5d9d746527d9,M04,1,12.01,11.9270582199,21
317,31889a52aaae5d9d746527d9,M05,1,12.13,11.9344711304,21
317,31889a52aaae5d9d746527d9,M06,1,15.02,15.0902709961,21
317,31889a52aaae5d9d746527d9,M07,1,17.96,18.561006546,30
317,31889a52aaae5d9d746527d9,M08,1,22.14,21.4808082581,30
317,31889a52aaae5d9d746527d9,M09,1,21.34,20.3279724121,30
317,31889a52aaae5d9d746527d9,M10,1,23.51,22.8717899323,30
317,31889a52aaae5d9d746527d9,M11,1,22.87,22.2682418823,30
317,31889a52aaae5d9d746527d9,M12,1,32.87,33.9664497375,45
317,31889a52aaae5d9d746527d9,M13,1,33.37,34.7155952454,60
317,31889a52aaae5d9d746527d9,M14,1,30.81,31.9069061279,60
317,31889a52aaae5d9d746527d9,M15,1,34.52,35.3676338196,60
317,31889a52aaae5d9d746527d9,M16,1,62.51,64.6320724487,100
317,31889a52aaae5d9d746527d9,M17,1,8.87,8.57479095459,14
317,31889a52aaae5d9d746527d9,M18,1,12.44,12.2384929657,21
317,31889a52aaae5d9d746527d9,M19,1,9.81,10.4782648087,21
317,31889a52aaae5d9d746527d9,M20,1,13.67,14.2995939255,20
317,31889a52aaae5d9d746527d9,M21,1,10.16,10.590839386,21
317,31889a52aaae5d9d746527d9,M22,1,25.55,27.6011581421,45
317,31889a52aaae5d9d746527d9,M23,1,20.4,23.2502555847,45
317,31889a52aaae5d9d746527d9,M24,1,21.72,28.2143764496,45
317,31889a52aaae5d9d746527d9,M25,1,15.21,15.2784976959,20
317,31889a52aaae5d9d746527d9,M26,1,14.19,14.1752128601,20
317,31889a52aaae5d9d746527d9,M27,1,19.17,19.9600028992,30
317,31889a52aaae5d9d746527d9,M28,1,17.7,17.8224601746,30
317,31889a52aaae5d9d746527d9,M29,1,19.48,20.0056591034,30
317,31889a52aaae5d9d746527d9,M30,1,12.28,12.2668819427,21
320,ef8a15c0d2220d2839b1ab33,M01,1,7.97,8.31831264496,10
320,ef8a15c0d2220d2839b1ab33,M02,1,10.96,11.2944002151,15
320,ef8a15c0d2220d2839b1ab33,M03,1,13.09,13.0373439789,21
320,ef8a15c0d2220d2839b1ab33,M04,1,12.48,12.5600128174,21
320,ef8a15c0d2220d2839b1ab33,M05,1,12.44,12.5689878464,21
320,ef8a15c0d2220d2839b1ab33,M06,1,15.3,15.5075454712,21
320,ef8a15c0d2220d2839b1ab33,M07,1,18.6,18.7576885223,30
320,ef8a15c0d2220d2839b1ab33,M08,1,22.66,23.0781955719,30
320,ef8a15c0d2220d2839b1ab33,M09,1,21.84,22.182144165,30
320,ef8a15c0d2220d2839b1ab33,M10,1,23.92,24.4786949158,30
320,ef8a15c0d2220d2839b1ab33,M11,1,23.34,23.8626899719,30
320,ef8a15c0d2220d2839b1ab33,M12,1,33.83,34.8046531677,45
320,ef8a15c0d2220d2839b1ab33,M13,1,34.57,35.4671325684,60
320,ef8a15c0d2220d2839b1ab33,M14,1,32.17,32.5584411621,60
320,ef8a15c0d2220d2839b1ab33,M15,1,35.54,36.2100410461,60
320,ef8a15c0d2220d2839b1ab33,M16,1,63.83,64.4074859619,100
320,ef8a15c0d2220d2839b1ab33,M17,1,8.86,8.92956829071,14
320,ef8a15c0d2220d2839b1ab33,M18,1,12.83,12.8282566071,21
320,ef8a15c0d2220d2839b1ab33,M19,1,10.6,11.2466869354,21
320,ef8a15c0d2220d2839b1ab33,M20,1,16.7,15.2605810165,20
320,ef8a15c0d2220d2839b1ab33,M21,1,11.78,11.427863121,21
320,ef8a15c0d2220d2839b1ab33,M22,1,33.42,32.010055542,45
320,ef8a15c0d2220d2839b1ab33,M23,1,25.19,26.9379634857,45
320,ef8a15c0d2220d2839b1ab33,M24,1,33.65,32.4145469666,45
320,ef8a15c0d2220d2839b1ab33,M25,1,15.41,15.7433795929,20
320,ef8a15c0d2220d2839b1ab33,M26,1,14.4,14.4051446915,20
320,ef8a15c0d2220d2839b1ab33,M27,1,19.64,19.9987373352,30
320,ef8a15c0d2220d2839b1ab33,M28,1,18.24,18.0840530396,30
320,ef8a15c0d2220d2839b1ab33,M29,1,19.84,20.0731258392,30
320,ef8a15c0d2220d2839b1ab33,M30,1,12.77,12.827038765,21
321,1380bc3c592cb520da597f09,M01,0,8.85,8.7864151001,10
321,1380bc3c592cb520da597f09,M02,0,11.53,12.1984004974,15
321,1380bc3c592cb520da597f09,M03,0,13.96,14.0233249664,21
321,1380bc3c592cb520da597f09,M04,0,13.05,13.2619409561,21
321,1380bc3c592cb520da597f09,M05,0,13.33,13.435667038,21
321,1380bc3c592cb520da597f09,M06,0,16.77,16.899389267,21
321,1380bc3c592cb520da597f09,M07,0,19.83,19.3409118652,30
321,1380bc3c592cb520da597f09,M08,0,23.83,24.1619167328,30
321,1380bc3c592cb520da597f09,M09,0,22.61,22.9899082184,30
321,1380bc3c592cb520da597f09,M10,0,25.24,25.5246562958,30
321,1380bc3c592cb520da597f09,M11,0,24.52,24.9180183411,30
321,1380bc3c592cb520da597f09,M12,0,35.64,35.0501060486,45
321,1380bc3c592cb520da597f09,M13,0,37.86,36.9471244812,60
321,1380bc3c592cb520da597f09,M14,0,35.35,34.1320037842,60
321,1380bc3c592cb520da597f09,M15,0,38.02,37.0939216614,60
321,1380bc3c592cb520da597f09,M16,0,67.31,67.6756057739,100
321,1380bc3c592cb520da597f09,M17,0,9.26,9.41753292084,14
321,1380bc3c592cb520da597f09,M18,0,13.32,13.5957965851,21
321,1380bc3c592cb520da597f09,M19,0,12.75,12.928062439,21
321,1380bc3c592cb520da597f09,M20,0,10.68,15.0828886032,20
321,1380bc3c592cb520da597f09,M21,0,12.01,12.3644151688,21
321,1380bc3c592cb520da597f09,M22,0,30.84,30.9292221069,45
321,1380bc3c592cb520da597f09,M23,0,27.45,28.1086082458,45
321,1380bc3c592cb520da597f09,M24,0,31.15,31.1225070953,45
321,1380bc3c592cb520da597f09,M25,0,16.49,17.254360199,20
321,1380bc3c592cb520da597f09,M26,0,15.32,15.7296075821,20
321,1380bc3c592cb520da597f09,M27,0,21.41,21.3503227234,30
321,1380bc3c592cb520da597f09,M28,0,19.86,19.6573219299,30
321,1380bc3c592cb520da597f09,M29,0,21.19,21.3016738892,30
321,1380bc3c592cb520da597f09,M30,0,14.01,14.3974046707,21
322,14812f6f91f22e7ecc6c321a,M01,3,6.54,4.80829143524,10
322,14812f6f91f22e7ecc6c321a,M02,3,8.91,6.47081184387,15
322,14812f6f91f22e7ecc6c321a,M03,3,8.79,5.98131370544,21
322,14812f6f91f22e7ecc6c321a,M04,3,8.08,5.6041226387,21
322,14812f6f91f22e7ecc6c321a,M05,3,8.01,5.56319999695,21
322,14812f6f91f22e7ecc6c321a,M06,3,10.99,7.87251424789,21
322,14812f6f91f22e7ecc6c321a,M07,3,12.04,7.49205112457,30
322,14812f6f91f22e7ecc6c321a,M08,3,16.53,9.3653087616,30
322,14812f6f91f22e7ecc6c321a,M09,3,15.51,8.83258152008,30
322,14812f6f91f22e7ecc6c321a,M10,3,17.9,10.798494339,30
322,14812f6f91f22e7ecc6c321a,M11,3,17.18,10.0239667892,30
322,14812f6f91f22e7ecc6c321a,M12,3,23.47,11.6125593185,45
322,14812f6f91f22e7ecc6c321a,M13,3,22.53,11.9376115799,60
322,14812f6f91f22e7ecc6c321a,M14,3,19.55,10.1468248367,60
322,14812f6f91f22e7ecc6c321a,M15,3,22.54,11.0813522339,60
322,14812f6f91f22e7ecc6c321a,M16,3,50.5,24.038438797,100
322,14812f6f91f22e7ecc6c321a,M17,3,6.37,4.10847711563,14
322,14812f6f91f22e7ecc6c321a,M18,3,8.73,5.923204422,21
322,14812f6f91f22e7ecc6c321a,M19,3,5.38,4.81962823868,21
322,14812f6f91f22e7ecc6c321a,M20,3,7.74,6.0193810463,20
322,14812f6f91f22e7ecc6c321a,M21,3,5.28,4.61598348618,21
322,14812f6f91f22e7ecc6c321a,M22,3,11.66,9.28916740417,45
322,14812f6f91f22e7ecc6c321a,M23,3,10.39,7.84465885162,45
322,14812f6f91f22e7ecc6c321a,M24,3,11.4,8.52971935272,45
322,14812f6f91f22e7ecc6c321a,M25,3,13.07,9.33593082428,20
322,14812f6f91f22e7ecc6c321a,M26,3,11.89,8.07147407532,20
322,14812f6f91f22e7ecc6c321a,M27,3,14.66,9.11002731323,30
322,14812f6f91f22e7ecc6c321a,M28,3,12.93,7.82918071747,30
322,14812f6f91f22e7ecc6c321a,M29,3,14.42,8.65607261658,30
322,14812f6f91f22e7ecc6c321a,M30,3,8.82,6.05762815475,21
323,0875c4610309c2d8522eaa6d,M01,0,7.85,7.87943887711,10
323,0875c4610309c2d8522eaa6d,M02,0,10.48,10.4532899857,15
323,0875c4610309c2d8522eaa6d,M03,0,11.81,12.0444993973,21
323,0875c4610309c2d8522eaa6d,M04,0,10.91,11.4748163223,21
323,0875c4610309c2d8522eaa6d,M05,0,11.11,11.5541706085,21
323,0875c4610309c2d8522eaa6d,M06,0,14.52,14.8349075317,21
323,0875c4610309c2d8522eaa6d,M07,0,16.49,16.9584960938,30
323,0875c4610309c2d8522eaa6d,M08,0,20.8,20.962556839,30
323,0875c4610309c2d8522eaa6d,M09,0,19.58,20.0317077637,30
323,0875c4610309c2d8522eaa6d,M10,0,22.3,22.6235427856,30
323,0875c4610309c2d8522eaa6d,M11,0,21.59,22.136932373,30
323,0875c4610309c2d8522eaa6d,M12,0,30.35,30.3212604523,45
323,0875c4610309c2d8522eaa6d,M13,0,31.5,31.5167789459,60
323,0875c4610309c2d8522eaa6d,M14,0,28.36,28.8480796814,60
323,0875c4610309c2d8522eaa6d,M15,0,31.69,31.4694671631,60
323,0875c4610309c2d8522eaa6d,M16,0,60.44,63.0451278687,100
323,0875c4610309c2d8522eaa6d,M17,0,8.12,8.27280044556,14
323,0875c4610309c2d8522eaa6d,M18,0,11.37,11.8367385864,21
323,0875c4610309c2d8522eaa6d,M19,0,9.97,10.4598369598,21
323,0875c4610309c2d8522eaa6d,M20,0,12.16,12.63509655,20
323,0875c4610309c2d8522eaa6d,M21,0,9.38,10.1183195114,21
323,0875c4610309c2d8522eaa6d,M22,0,23.71,25.0160217285,45
323,0875c4610309c2d8522eaa6d,M23,0,20.64,21.7261276245,45
323,0875c4610309c2d8522eaa6d,M24,0,24.06,25.0738868713,45
323,0875c4610309c2d8522eaa6d,M25,0,15.15,15.6153011322,20
323,0875c4610309c2d8522eaa6d,M26,0,13.96,14.1715936661,20
323,0875c4610309c2d8522eaa6d,M27,0,18.78,19.1641025543,30
323,0875c4610309c2d8522eaa6d,M28,0,17.02,17.0492343903,30
323,0875c4610309c2d8522eaa6d,M29,0,18.66,18.8920993805,30
323,0875c4610309c2d8522eaa6d,M30,0,11.84,12.224111557,21
325,b8393da9715f408e65c6f2e3,M01,0,8.1,8.41835403442,10
325,b8393da9715f408e65c6f2e3,M02,0,11.11,11.5949287415,15
325,b8393da9715f408e65c6f2e3,M03,0,13.43,13.7174987793,21
325,b8393da9715f408e65c6f2e3,M04,0,12.79,13.0656299591,21
325,b8393da9715f408e65c6f2e3,M05,0,12.8,13.1514902115,21
325,b8393da9715f408e65c6f2e3,M06,0,15.66,16.3548107147,21
325,b8393da9715f408e65c6f2e3,M07,0,19.12,19.4525222778,30
325,b8393da9715f408e65c6f2e3,M08,0,23.12,23.4053115845,30
325,b8393da9715f408e65c6f2e3,M09,0,22.28,22.3881416321,30
325,b8393da9715f408e65c6f2e3,M10,0,24.35,24.8132820129,30
325,b8393da9715f408e65c6f2e3,M11,0,23.79,24.1468334198,30
325,b8393da9715f408e65c6f2e3,M12,0,34.63,35.7419281006,45
325,b8393da9715f408e65c6f2e3,M13,0,35.64,37.1502151489,60
325,b8393da9715f408e65c6f2e3,M14,0,33.33,35.5052528381,60
325,b8393da9715f408e65c6f2e3,M15,0,36.52,37.5347900391,60
325,b8393da9715f408e65c6f2e3,M16,0,64.96,65.8121948242,100
325,b8393da9715f408e65c6f2e3,M17,0,9.03,9.14292144775,14
325,b8393da9715f408e65c6f2e3,M18,0,13.12,13.3306732178,21
325,b8393da9715f408e65c6f2e3,M19,0,11.22,12.3532762527,21
325,b8393da9715f408e65c6f2e3,M20,0,17.89,14.8876190186,20
325,b8393da9715f408e65c6f2e3,M21,0,12.73,12.8132314682,21
325,b8393da9715f408e65c6f2e3,M22,0,37.83,30.891078949,45
325,b8393da9715f408e65c6f2e3,M23,0,27.5,30.5988140106,45
325,b8393da9715f408e65c6f2e3,M24,0,38.24,30.8735256195,45
325,b8393da9715f408e65c6f2e3,M25,0,15.63,15.9108734131,20
325,b8393da9715f408e65c6f2e3,M26,0,14.6,14.9094352722,20
325,b8393da9715f408e65c6f2e3,M27,0,20.08,20.7898674011,30
325,b8393da9715f408e65c6f2e3,M28,0,18.7,19.6303386688,30
325,b8393da9715f408e65c6f2e3,M29,0,20.23,20.6916446686,30
325,b8393da9715f408e65c6f2e3,M30,0,13.13,13.4326543808,21
326,9140024943d858a024a6c938,M01,4,7.75,8.09593296051,10
326,9140024943d858a024a6c938,M02,4,10.31,11.2192020416,15
326,9140024943d858a024a6c938,M03,4,11.54,12.457403183,21
326,9140024943d858a024a6c938,M04,4,10.66,11.7816228867,21
326,9140024943d858a024a6c938,M05,4,10.84,11.9081735611,21
326,9140024943d858a024a6c938,M06,4,14.32,15.2195930481,21
326,9140024943d858a024a6c938,M07,4,16.17,17.5482845306,30
326,9140024943d858a024a6c938,M08,4,20.48,21.3674201965,30
326,9140024943d858a024a6c938,M09,4,19.29,20.2876605988,30
326,9140024943d858a024a6c938,M10,4,21.89,22.8406391144,30
326,9140024943d858a024a6c938,M11,4,21.07,21.9798755646,30
326,9140024943d858a024a6c938,M12,4,29.98,32.91771698,45
326,9140024943d858a024a6c938,M13,4,31.36,33.9579658508,60
326,9140024943d858a024a6c938,M14,4,28.46,30.8137569427,60
326,9140024943d858a024a6c938,M15,4,30.72,33.9027786255,60
326,9140024943d858a024a6c938,M16,4,60.34,56.2091674805,100
326,9140024943d858a024a6c938,M17,4,7.97,8.76545715332,14
326,9140024943d858a024a6c938,M18,4,11.15,12.1895294189,21
326,9140024943d858a024a6c938,M19,4,8.72,11.2500667572,21
326,9140024943d858a024a6c938,M20,4,11.03,12.5274858475,20
326,9140024943d858a024a6c938,M21,4,8.18,10.9060058594,21
326,9140024943d858a024a6c938,M22,4,20.14,25.9782047272,45
326,9140024943d858a024a6c938,M23,4,17.5,23.437292099,45
326,9140024943d858a024a6c938,M24,4,20.22,26.0140724182,45
326,9140024943d858a024a6c938,M25,4,14.99,15.1078414917,20
326,9140024943d858a024a6c938,M26,4,13.86,13.5635328293,20
326,9140024943d858a024a6c938,M27,4,18.57,18.7151031494,30
326,9140024943d858a024a6c938,M28,4,16.9,16.7311763763,30
326,9140024943d858a024a6c938,M29,4,18.14,18.4246120453,30
326,9140024943d858a024a6c938,M30,4,11.6,12.2921981812,21
328,f23a727fbe1c6f18cb88859c,M01,1,6.54,5.84365129471,10
328,f23a727fbe1c6f18cb88859c,M02,1,8.7,7.87815666199,15
328,f23a727fbe1c6f18cb88859c,M03,1,8.42,7.60383749008,21
328,f23a727fbe1c6f18cb88859c,M04,1,7.97,7.16169309616,21
328,f23a727fbe1c6f18cb88859c,M05,1,7.96,7.11229562759,21
328,f23a727fbe1c6f18cb88859c,M06,1,10.86,9.69479465485,21
328,f23a727fbe1c6f18cb88859c,M07,1,11.42,10.0645713806,30
328,f23a727fbe1c6f18cb88859c,M08,1,15.78,14.5028305054,30
328,f23a727fbe1c6f18cb88859c,M09,1,15.18,13.6611356735,30
328,f23a727fbe1c6f18cb88859c,M10,1,17.29,15.9315004349,30
328,f23a727fbe1c6f18cb88859c,M11,1,17,14.8548746109,30
328,f23a727fbe1c6f18cb88859c,M12,1,22.11,19.3680610657,45
328,f23a727fbe1c6f18cb88859c,M13,1,21.93,18.9205532074,60
328,f23a727fbe1c6f18cb88859c,M14,1,19.32,16.8924331665,60
328,f23a727fbe1c6f18cb88859c,M15,1,21.59,18.5636844635,60
328,f23a727fbe1c6f18cb88859c,M16,1,49.67,45.4295539856,100
328,f23a727fbe1c6f18cb88859c,M17,1,6.34,5.26223134995,14
328,f23a727fbe1c6f18cb88859c,M18,1,8.54,7.63535070419,21
328,f23a727fbe1c6f18cb88859c,M19,1,5.51,5.05597352982,21
328,f23a727fbe1c6f18cb88859c,M20,1,7.68,6.70443487167,20
328,f23a727fbe1c6f18cb88859c,M21,1,5.35,4.86389684677,21
328,f23a727fbe1c6f18cb88859c,M22,1,11.56,11.1938180923,45
328,f23a727fbe1c6f18cb88859c,M23,1,10.65,9.54615783691,45
328,f23a727fbe1c6f18cb88859c,M24,1,11.16,10.5649023056,45
328,f23a727fbe1c6f18cb88859c,M25,1,13.62,13.902425766,20
328,f23a727fbe1c6f18cb88859c,M26,1,12.43,12.9584226608,20
328,f23a727fbe1c6f18cb88859c,M27,1,15.73,14.8947792053,30
328,f23a727fbe1c6f18cb88859c,M28,1,13.93,13.4360723495,30
328,f23a727fbe1c6f18cb88859c,M29,1,15.04,14.5686225891,30
328,f23a727fbe1c6f18cb88859c,M30,1,9.25,9.05212879181,21
330,941763538c16ab57ad9d0f47,M01,4,5.56,6.5320019722,10
330,941763538c16ab57ad9d0f47,M02,4,7.49,8.68330192566,15
330,941763538c16ab57ad9d0f47,M03,4,6.54,8.55991268158,21
330,941763538c16ab57ad9d0f47,M04,4,6.35,8.03257846832,21
330,941763538c16ab57ad9d0f47,M05,4,6.3,7.9802107811,21
330,941763538c16ab57ad9d0f47,M06,4,8.44,11.3812332153,21
330,941763538c16ab57ad9d0f47,M07,4,8.67,11.5829191208,30
330,941763538c16ab57ad9d0f47,M08,4,12.67,15.8815994263,30
330,941763538c16ab57ad9d0f47,M09,4,12.47,15.1717453003,30
330,941763538c16ab57ad9d0f47,M10,4,14.1,17.2811183929,30
330,941763538c16ab57ad9d0f47,M11,4,14.08,16.6666183472,30
330,941763538c16ab57ad9d0f47,M12,4,17.14,21.4743385315,45
330,941763538c16ab57ad9d0f47,M13,4,16.12,21.7047138214,60
330,941763538c16ab57ad9d0f47,M14,4,14.14,19.2957401276,60
330,941763538c16ab57ad9d0f47,M15,4,15.83,21.3409843445,60
330,941763538c16ab57ad9d0f47,M16,4,38.91,52.2260894775,100
330,941763538c16ab57ad9d0f47,M17,4,5.13,6.15499401093,14
330,941763538c16ab57ad9d0f47,M18,4,6.89,8.36378192902,21
330,941763538c16ab57ad9d0f47,M19,4,4.91,5.68977737427,21
330,941763538c16ab57ad9d0f47,M20,4,6.51,7.82947587967,20
330,941763538c16ab57ad9d0f47,M21,4,4.82,5.41731643677,21
330,941763538c16ab57ad9d0f47,M22,4,9.57,12.2803411484,45
330,941763538c16ab57ad9d0f47,M23,4,8.75,10.5541782379,45
330,941763538c16ab57ad9d0f47,M24,4,9.67,11.8180103302,45
330,941763538c16ab57ad9d0f47,M25,4,13.46,13.739648819,20
330,941763538c16ab57ad9d0f47,M26,4,12.34,12.3578586578,20
330,941763538c16ab57ad9d0f47,M27,4,15.67,15.1742534637,30
330,941763538c16ab57ad9d0f47,M28,4,13.9,13.5789051056,30
330,941763538c16ab57ad9d0f47,M29,4,14.58,14.7472524643,30
330,941763538c16ab57ad9d0f47,M30,4,8.88,9.02120399475,21
331,acb7f133587b4d087f763ec9,M01,1,8.98,7.04173707962,10
331,acb7f133587b4d087f763ec9,M02,1,12.49,9.51002979279,15
331,acb7f133587b4d087f763ec9,M03,1,15.08,10.718167305,21
331,acb7f133587b4d087f763ec9,M04,1,13.74,10.1316156387,21
331,acb7f133587b4d087f763ec9,M05,1,14.12,10.2030496597,21
331,acb7f133587b4d087f763ec9,M06,1,18.93,13.495475769,21
331,acb7f133587b4d087f763ec9,M07,1,21.43,16.2515239716,30
331,acb7f133587b4d087f763ec9,M08,1,25.43,19.8084983826,30
331,acb7f133587b4d087f763ec9,M09,1,23.34,18.6826648712,30
331,acb7f133587b4d087f763ec9,M10,1,26.93,20.9958324432,30
331,acb7f133587b4d087f763ec9,M11,1,25.8,20.4705600739,30
331,acb7f133587b4d087f763ec9,M12,1,36.72,27.949552536,45
331,acb7f133587b4d087f763ec9,M13,1,38.35,28.9459724426,60
331,acb7f133587b4d087f763ec9,M14,1,35.83,26.8028507233,60
331,acb7f133587b4d087f763ec9,M15,1,37.64,28.5584602356,60
331,acb7f133587b4d087f763ec9,M16,1,67.88,56.7215080261,100
331,acb7f133587b4d087f763ec9,M17,1,10.21,7.25517845154,14
331,acb7f133587b4d087f763ec9,M18,1,13.95,10.5451803207,21
331,acb7f133587b4d087f763ec9,M19,1,15.64,7.9382610321,21
331,acb7f133587b4d087f763ec9,M20,1,14.56,10.4658470154,20
331,acb7f133587b4d087f763ec9,M21,1,13.39,7.71271896362,21
331,acb7f133587b4d087f763ec9,M22,1,31.47,18.3844985962,45
331,acb7f133587b4d087f763ec9,M23,1,27.73,16.5245952606,45
331,acb7f133587b4d087f763ec9,M24,1,31.16,18.2923774719,45
331,acb7f133587b4d087f763ec9,M25,1,15.85,14.3822898865,20
331,acb7f133587b4d087f763ec9,M26,1,14.72,13.3114318848,20
331,acb7f133587b4d087f763ec9,M27,1,20.27,18.7614974976,30
331,acb7f133587b4d087f763ec9,M28,1,18.72,16.9551353455,30
331,acb7f133587b4d087f763ec9,M29,1,19.94,18.5488967896,30
331,acb7f133587b4d087f763ec9,M30,1,15.28,11.0659389496,21
332,a8fee72d826a954e87bca6f7,M01,3,8.37,8.6269493103,10
332,a8fee72d826a954e87bca6f7,M02,3,11.52,11.6479969025,15
332,a8fee72d826a954e87bca6f7,M03,3,13.86,13.597442627,21
332,a8fee72d826a954e87bca6f7,M04,3,12.83,12.9548454285,21
332,a8fee72d826a954e87bca6f7,M05,3,13.15,13.0945730209,21
332,a8fee72d826a954e87bca6f7,M06,3,16.71,16.1511974335,21
332,a8fee72d826a954e87bca6f7,M07,3,19.45,18.9135284424,30
332,a8fee72d826a954e87bca6f7,M08,3,23.63,23.7267208099,30
332,a8fee72d826a954e87bca6f7,M09,3,22.43,22.9318675995,30
332,a8fee72d826a954e87bca6f7,M10,3,25.15,24.9965305328,30
332,a8fee72d826a954e87bca6f7,M11,3,24.52,24.7228012085,30
332,a8fee72d826a954e87bca6f7,M12,3,35.96,35.3135604858,45
332,a8fee72d826a954e87bca6f7,M13,3,37.38,36.483833313,60
332,a8fee72d826a954e87bca6f7,M14,3,35.22,33.8913078308,60
332,a8fee72d826a954e87bca6f7,M15,3,38.07,37.1206741333,60
332,a8fee72d826a954e87bca6f7,M16,3,66.88,64.8515853882,100
332,a8fee72d826a954e87bca6f7,M17,3,8.92,9.53998088837,14
332,a8fee72d826a954e87bca6f7,M18,3,13.12,13.3192005157,21
332,a8fee72d826a954e87bca6f7,M19,3,12.34,11.9479532242,21
332,a8fee72d826a954e87bca6f7,M20,3,14.69,16.2344055176,20
332,a8fee72d826a954e87bca6f7,M21,3,14.25,12.7436323166,21
332,a8fee72d826a954e87bca6f7,M22,3,29.4,33.8878707886,45
332,a8fee72d826a954e87bca6f7,M23,3,33.45,29.4621829987,45
332,a8fee72d826a954e87bca6f7,M24,3,30.56,34.252494812,45
332,a8fee72d826a954e87bca6f7,M25,3,16,16.7738838196,20
332,a8fee72d826a954e87bca6f7,M26,3,14.98,15.3159799576,20
332,a8fee72d826a954e87bca6f7,M27,3,20.81,21.2925281525,30
332,a8fee72d826a954e87bca6f7,M28,3,19.48,19.6930084229,30
332,a8fee72d826a954e87bca6f7,M29,3,20.83,21.0020599365,30
332,a8fee72d826a954e87bca6f7,M30,3,13.53,13.7127304077,21
333,14b53177e66a60df70f283c4,M01,3,7.04,6.37557601929,10
333,14b53177e66a60df70f283c4,M02,3,9.76,8.46773338318,15
333,14b53177e66a60df70f283c4,M03,3,10.47,8.94327449799,21
333,14b53177e66a60df70f283c4,M04,3,9.98,7.98790502548,21
333,14b53177e66a60df70f283c4,M05,3,9.28,8.1136636734,21
333,14b53177e66a60df70f283c4,M06,3,12.62,11.3696470261,21
333,14b53177e66a60df70f283c4,M07,3,14.59,11.9368429184,30
333,14b53177e66a60df70f283c4,M08,3,19.01,15.7016763687,30
333,14b53177e66a60df70f283c4,M09,3,18.08,14.5885601044,30
333,14b53177e66a60df70f283c4,M10,3,20.34,17.0958843231,30
333,14b53177e66a60df70f283c4,M11,3,19.03,16.3744125366,30
333,14b53177e66a60df70f283c4,M12,3,27.6,23.1198940277,45
333,14b53177e66a60df70f283c4,M13,3,27,23.5140457153,60
333,14b53177e66a60df70f283c4,M14,3,24.22,20.6727180481,60
333,14b53177e66a60df70f283c4,M15,3,27.64,22.433713913,60
333,14b53177e66a60df70f283c4,M16,3,55.63,43.7472457886,100
333,14b53177e66a60df70f283c4,M17,3,7.56,6.04086065292,14
333,14b53177e66a60df70f283c4,M18,3,10.68,8.29083633423,21
333,14b53177e66a60df70f283c4,M19,3,5.89,7.37813663483,21
333,14b53177e66a60df70f283c4,M20,3,8.99,8.81975460052,20
333,14b53177e66a60df70f283c4,M21,3,6.18,6.59465456009,21
333,14b53177e66a60df70f283c4,M22,3,14.19,15.8299713135,45
333,14b53177e66a60df70f283c4,M23,3,12.59,14.0800657272,45
333,14b53177e66a60df70f283c4,M24,3,14.09,15.3717308044,45
333,14b53177e66a60df70f283c4,M25,3,12.75,12.8082971573,20
333,14b53177e66a60df70f283c4,M26,3,11.62,11.5657596588,20
333,14b53177e66a60df70f283c4,M27,3,13.97,13.8770895004,30
333,14b53177e66a60df70f283c4,M28,3,12.4,12.4563465118,30
333,14b53177e66a60df70f283c4,M29,3,13.86,13.8063869476,30
333,14b53177e66a60df70f283c4,M30,3,8.38,9.67074775696,21
336,9a7a2dc286dfaeb87974f4bc,M01,4,5.79,6.8524389267,10
336,9a7a2dc286dfaeb87974f4bc,M02,4,7.86,10.0437259674,15
336,9a7a2dc286dfaeb87974f4bc,M03,4,7.1,10.7184057236,21
336,9a7a2dc286dfaeb87974f4bc,M04,4,6.84,10.0021162033,21
336,9a7a2dc286dfaeb87974f4bc,M05,4,6.89,9.99652194977,21
336,9a7a2dc286dfaeb87974f4bc,M06,4,9.15,13.811123848,21
336,9a7a2dc286dfaeb87974f4bc,M07,4,9.55,14.7953796387,30
336,9a7a2dc286dfaeb87974f4bc,M08,4,13.9,16.231464386,30
336,9a7a2dc286dfaeb87974f4bc,M09,4,13.61,15.2330245972,30
336,9a7a2dc286dfaeb87974f4bc,M10,4,15.24,17.5756072998,30
336,9a7a2dc286dfaeb87974f4bc,M11,4,15.22,16.9618053436,30
336,9a7a2dc286dfaeb87974f4bc,M12,4,19.35,27.937915802,45
336,9a7a2dc286dfaeb87974f4bc,M13,4,18.28,28.6870212555,60
336,9a7a2dc286dfaeb87974f4bc,M14,4,16.47,26.0100421906,60
336,9a7a2dc286dfaeb87974f4bc,M15,4,17.8,27.9302005768,60
336,9a7a2dc286dfaeb87974f4bc,M16,4,45,58.4309196472,100
336,9a7a2dc286dfaeb87974f4bc,M17,4,5.57,7.26957368851,14
336,9a7a2dc286dfaeb87974f4bc,M18,4,7.42,10.4753084183,21
336,9a7a2dc286dfaeb87974f4bc,M19,4,5.12,8.30813503265,21
336,9a7a2dc286dfaeb87974f4bc,M20,4,7.09,10.5946445465,20
336,9a7a2dc286dfaeb87974f4bc,M21,4,5.03,7.74499702454,21
336,9a7a2dc286dfaeb87974f4bc,M22,4,10.55,16.7705745697,45
336,9a7a2dc286dfaeb87974f4bc,M23,4,9.98,14.6388683319,45
336,9a7a2dc286dfaeb87974f4bc,M24,4,10.5,15.9298248291,45
336,9a7a2dc286dfaeb87974f4bc,M25,4,13.57,14.2129106522,20
336,9a7a2dc286dfaeb87974f4bc,M26,4,12.54,12.7504444122,20
336,9a7a2dc286dfaeb87974f4bc,M27,4,15.91,15.6843881607,30
336,9a7a2dc286dfaeb87974f4bc,M28,4,14.36,14.1585006714,30
336,9a7a2dc286dfaeb87974f4bc,M29,4,15.31,15.2239398956,30
336,9a7a2dc286dfaeb87974f4bc,M30,4,9.32,10.5669469833,21
337,7774acbf550d6a1275a6d824,M01,3,8.7,8.54241466522,10
337,7774acbf550d6a1275a6d824,M02,3,11.67,11.5408725739,15
337,7774acbf550d6a1275a6d824,M03,3,14.42,13.2866849899,21
337,7774acbf550d6a1275a6d824,M04,3,13.21,12.6367816925,21
337,7774acbf550d6a1275a6d824,M05,3,13.67,12.7977657318,21
337,7774acbf550d6a1275a6d824,M06,3,17.25,15.8044052124,21
337,7774acbf550d6a1275a6d824,M07,3,20.32,18.6720981598,30
337,7774acbf550d6a1275a6d824,M08,3,24.17,23.5926094055,30
337,7774acbf550d6a1275a6d824,M09,3,23.01,22.820892334,30
337,7774acbf550d6a1275a6d824,M10,3,25.74,24.8769855499,30
337,7774acbf550d6a1275a6d824,M11,3,25.14,24.6295051575,30
337,7774acbf550d6a1275a6d824,M12,3,37.13,35.4906730652,45
337,7774acbf550d6a1275a6d824,M13,3,38.8,36.5957450867,60
337,7774acbf550d6a1275a6d824,M14,3,36.75,34.1807365417,60
337,7774acbf550d6a1275a6d824,M15,3,39.24,37.1244049072,60
337,7774acbf550d6a1275a6d824,M16,3,68.44,63.3271751404,100
337,7774acbf550d6a1275a6d824,M17,3,8.87,9.46013832092,14
337,7774acbf550d6a1275a6d824,M18,3,13.53,12.9677324295,21
337,7774acbf550d6a1275a6d824,M19,3,13.24,11.7009868622,21
337,7774acbf550d6a1275a6d824,M20,3,15.19,15.9170713425,20
337,7774acbf550d6a1275a6d824,M21,3,11.78,12.6044368744,21
337,7774acbf550d6a1275a6d824,M22,3,30.57,33.3272628784,45
337,7774acbf550d6a1275a6d824,M23,3,34.81,29.618938446,45
337,7774acbf550d6a1275a6d824,M24,3,31.27,33.4787788391,45
337,7774acbf550d6a1275a6d824,M25,3,16.34,16.6068172455,20
337,7774acbf550d6a1275a6d824,M26,3,15.32,15.1831283569,20
337,7774acbf550d6a1275a6d824,M27,3,21.46,21.2999534607,30
337,7774acbf550d6a1275a6d824,M28,3,20.12,19.7154102325,30
337,7774acbf550d6a1275a6d824,M29,3,21.3,20.9973487854,30
337,7774acbf550d6a1275a6d824,M30,3,13.08,13.569319725,21
338,670fa9eb64d871d2ddb202e3,M01,2,6.41,8.68974685669,10
338,670fa9eb64d871d2ddb202e3,M02,2,8.6,10.7453022003,15
338,670fa9eb64d871d2ddb202e3,M03,2,8.32,10.8010368347,21
338,670fa9eb64d871d2ddb202e3,M04,2,7.81,10.1852283478,21
338,670fa9eb64d871d2ddb202e3,M05,2,7.99,10.2867422104,21
338,670fa9eb64d871d2ddb202e3,M06,2,10.73,13.6091966629,21
338,670fa9eb64d871d2ddb202e3,M07,2,11.39,14.7289934158,30
338,670fa9eb64d871d2ddb202e3,M08,2,15.85,19.1616725922,30
338,670fa9eb64d871d2ddb202e3,M09,2,15.16,18.6495380402,30
338,670fa9eb64d871d2ddb202e3,M10,2,17.21,20.3336658478,30
338,670fa9eb64d871d2ddb202e3,M11,2,16.92,19.7910804749,30
338,670fa9eb64d871d2ddb202e3,M12,2,22.28,26.8515644073,45
338,670fa9eb64d871d2ddb202e3,M13,2,22.06,26.648147583,60
338,670fa9eb64d871d2ddb202e3,M14,2,19.62,25.0522785187,60
338,670fa9eb64d871d2ddb202e3,M15,2,21.33,26.2372970581,60
338,670fa9eb64d871d2ddb202e3,M16,2,50.1,51.4555511475,100
338,670fa9eb64d871d2ddb202e3,M17,2,6.24,8.28010845184,14
338,670fa9eb64d871d2ddb202e3,M18,2,8.37,10.4329404831,21
338,670fa9eb64d871d2ddb202e3,M19,2,5.66,8.98291969299,21
338,670fa9eb64d871d2ddb202e3,M20,2,7.96,12.1333703995,20
338,670fa9eb64d871d2ddb202e3,M21,2,5.45,8.88970184326,21
338,670fa9eb64d871d2ddb202e3,M22,2,12.06,18.2397022247,45
338,670fa9eb64d871d2ddb202e3,M23,2,11.07,17.3676548004,45
338,670fa9eb64d871d2ddb202e3,M24,2,11.47,17.6814231873,45
338,670fa9eb64d871d2ddb202e3,M25,2,14.16,15.3602924347,20
338,670fa9eb64d871d2ddb202e3,M26,2,13,14.4070186615,20
338,670fa9eb64d871d2ddb202e3,M27,2,16.95,18.3644657135,30
338,670fa9eb64d871d2ddb202e3,M28,2,15.24,17.6283969879,30
338,670fa9eb64d871d2ddb202e3,M29,2,16.48,17.7579364777,30
338,670fa9eb64d871d2ddb202e3,M30,2,10.21,11.299706459,21
339,93316b96717ed8f0b461c8fc,M01,2,9.32,8.13685703278,10
339,93316b96717ed8f0b461c8fc,M02,2,11.81,11.1339044571,15
339,93316b96717ed8f0b461c8fc,M03,2,14.34,13.3257436752,21
339,93316b96717ed8f0b461c8fc,M04,2,13.34,12.698800087,21
339,93316b96717ed8f0b461c8fc,M05,2,13.67,12.7416467667,21
339,93316b96717ed8f0b461c8fc,M06,2,17.36,15.9367103577,21
339,93316b96717ed8f0b461c8fc,M07,2,20.41,18.6875019073,30
339,93316b96717ed8f0b461c8fc,M08,2,24.37,22.974439621,30
339,93316b96717ed8f0b461c8fc,M09,2,23.14,22.1885318756,30
339,93316b96717ed8f0b461c8fc,M10,2,25.79,24.4428329468,30
339,93316b96717ed8f0b461c8fc,M11,2,25,23.8885269165,30
339,93316b96717ed8f0b461c8fc,M12,2,36.48,35.6106033325,45
339,93316b96717ed8f0b461c8fc,M13,2,39.32,37.3466720581,60
339,93316b96717ed8f0b461c8fc,M14,2,36.79,35.2640800476,60
339,93316b96717ed8f0b461c8fc,M15,2,39.1,37.2562980652,60
339,93316b96717ed8f0b461c8fc,M16,2,68.91,61.8508529663,100
339,93316b96717ed8f0b461c8fc,M17,2,9.47,8.50277423859,14
339,93316b96717ed8f0b461c8fc,M18,2,13.57,13.0408277512,21
339,93316b96717ed8f0b461c8fc,M19,2,13.37,12.1565580368,21
339,93316b96717ed8f0b461c8fc,M20,2,14.87,14.0650320053,20
339,93316b96717ed8f0b461c8fc,M21,2,12.22,12.0204544067,21
339,93316b96717ed8f0b461c8fc,M22,2,32.95,30.7286338806,45
339,93316b96717ed8f0b461c8fc,M23,2,29.86,30.0394897461,45
339,93316b96717ed8f0b461c8fc,M24,2,33.15,30.2335605621,45
339,93316b96717ed8f0b461c8fc,M25,2,17.03,15.7192564011,20
339,93316b96717ed8f0b461c8fc,M26,2,15.72,14.9140844345,20
339,93316b96717ed8f0b461c8fc,M27,2,22.11,20.3223438263,30
339,93316b96717ed8f0b461c8fc,M28,2,20.51,19.2130451202,30
339,93316b96717ed8f0b461c8fc,M29,2,21.63,20.1603813171,30
339,93316b96717ed8f0b461c8fc,M30,2,14.39,13.2888221741,21
340,252e47c2ee331e80cc378cb2,M01,1,9.64,6.07121944427,10
340,252e47c2ee331e80cc378cb2,M02,1,12.68,8.01618766785,15
340,252e47c2ee331e80cc378cb2,M03,1,15.13,8.06641483307,21
340,252e47c2ee331e80cc378cb2,M04,1,14.16,7.64364242554,21
340,252e47c2ee331e80cc378cb2,M05,1,14.35,7.38497114182,21
340,252e47c2ee331e80cc378cb2,M06,1,19.17,9.81876945496,21
340,252e47c2ee331e80cc378cb2,M07,1,21.63,10.8471851349,30
340,252e47c2ee331e80cc378cb2,M08,1,24.32,14.2508850098,30
340,252e47c2ee331e80cc378cb2,M09,1,24.13,13.5382614136,30
340,252e47c2ee331e80cc378cb2,M10,1,26.84,15.5733757019,30
340,252e47c2ee331e80cc378cb2,M11,1,25.97,14.8679161072,30
340,252e47c2ee331e80cc378cb2,M12,1,39.23,20.2874183655,45
340,252e47c2ee331e80cc378cb2,M13,1,42.86,19.348651886,60
340,252e47c2ee331e80cc378cb2,M14,1,40.69,16.9101829529,60
340,252e47c2ee331e80cc378cb2,M15,1,40.83,19.038526535,60
340,252e47c2ee331e80cc378cb2,M16,1,72.65,43.1100540161,100
340,252e47c2ee331e80cc378cb2,M17,1,9.88,5.71725749969,14
340,252e47c2ee331e80cc378cb2,M18,1,14.13,8.23718070984,21
340,252e47c2ee331e80cc378cb2,M19,1,14.54,5.82377481461,21
340,252e47c2ee331e80cc378cb2,M20,1,17.21,7.87667989731,20
340,252e47c2ee331e80cc378cb2,M21,1,14.38,5.86994075775,21
340,252e47c2ee331e80cc378cb2,M22,1,39.38,12.0221633911,45
340,252e47c2ee331e80cc378cb2,M23,1,34.68,10.47336483,45
340,252e47c2ee331e80cc378cb2,M24,1,37.81,11.7914485931,45
340,252e47c2ee331e80cc378cb2,M25,1,19.07,12.065527916,20
340,252e47c2ee331e80cc378cb2,M26,1,17.16,10.7974214554,20
340,252e47c2ee331e80cc378cb2,M27,1,24.4,13.1372299194,30
340,252e47c2ee331e80cc378cb2,M28,1,22.49,11.8963327408,30
340,252e47c2ee331e80cc378cb2,M29,1,22.39,12.7611236572,30
340,252e47c2ee331e80cc378cb2,M30,1,15.24,8.30445861816,21
341,fd86179619e5229f724d31d3,M01,2,4.2,9.58859539032,10
341,fd86179619e5229f724d31d3,M02,2,5.62,10.9651222229,15
341,fd86179619e5229f724d31d3,M03,2,5.03,12.3713674545,21
341,fd86179619e5229f724d31d3,M04,2,4.86,11.8342466354,21
341,fd86179619e5229f724d31d3,M05,2,4.58,11.8799228668,21
341,fd86179619e5229f724d31d3,M06,2,6.47,15.2354621887,21
341,fd86179619e5229f724d31d3,M07,2,6.11,16.1323127747,30
341,fd86179619e5229f724d31d3,M08,2,7.75,19.8461742401,30
341,fd86179619e5229f724d31d3,M09,2,6.88,18.9884777069,30
341,fd86179619e5229f724d31d3,M10,2,8.73,20.936630249,30
341,fd86179619e5229f724d31d3,M11,2,8.42,20.8252487183,30
341,fd86179619e5229f724d31d3,M12,2,8.76,32.109375,45
341,fd86179619e5229f724d31d3,M13,2,9.48,33.538482666,60
341,fd86179619e5229f724d31d3,M14,2,7.85,31.316400528,60
341,fd86179619e5229f724d31d3,M15,2,8.95,32.5095405579,60
341,fd86179619e5229f724d31d3,M16,2,19.62,58.9869613647,100
341,fd86179619e5229f724d31d3,M17,2,2.89,8.3830537796,14
341,fd86179619e5229f724d31d3,M18,2,5.14,12.3106193542,21
341,fd86179619e5229f724d31d3,M19,2,4.27,10.8472003937,21
341,fd86179619e5229f724d31d3,M20,2,5.35,13.080909729,20
341,fd86179619e5229f724d31d3,M21,2,4.37,10.8701210022,21
341,fd86179619e5229f724d31d3,M22,2,7.3,28.9612369537,45
341,fd86179619e5229f724d31d3,M23,2,6.29,26.9591712952,45
341,fd86179619e5229f724d31d3,M24,2,6.95,27.516078949,45
341,fd86179619e5229f724d31d3,M25,2,8.2,16.3977890015,20
341,fd86179619e5229f724d31d3,M26,2,6.98,15.1231555939,20
341,fd86179619e5229f724d31d3,M27,2,7.86,20.1191711426,30
341,fd86179619e5229f724d31d3,M28,2,6.89,17.9167785645,30
341,fd86179619e5229f724d31d3,M29,2,7.36,18.6798286438,30
341,fd86179619e5229f724d31d3,M30,2,5.03,13.0585460663,21
342,6b29c617174b313bf63cc277,M01,2,3.81,7.87304353714,10
342,6b29c617174b313bf63cc277,M02,2,4.94,9.05487537384,15
342,6b29c617174b313bf63cc277,M03,2,4.28,9.65463447571,21
342,6b29c617174b313bf63cc277,M04,2,4.21,9.15479946136,21
342,6b29c617174b313bf63cc277,M05,2,4.06,9.2402639389,21
342,6b29c617174b313bf63cc277,M06,2,5.57,12.2953329086,21
342,6b29c617174b313bf63cc277,M07,2,5.05,12.3292226791,30
342,6b29c617174b313bf63cc277,M08,2,6.39,16.7090530396,30
342,6b29c617174b313bf63cc277,M09,2,5.92,15.8333463669,30
342,6b29c617174b313bf63cc277,M10,2,7.47,17.7350311279,30
342,6b29c617174b313bf63cc277,M11,2,6.86,17.318687439,30
342,6b29c617174b313bf63cc277,M12,2,7.5,28.4332237244,45
342,6b29c617174b313bf63cc277,M13,2,7.22,28.2815475464,60
342,6b29c617174b313bf63cc277,M14,2,5.86,26.3993091583,60
342,6b29c617174b313bf63cc277,M15,2,6.67,27.2786598206,60
342,6b29c617174b313bf63cc277,M16,2,12.97,42.7164268494,100
342,6b29c617174b313bf63cc277,M17,2,2.32,6.12193012238,14
342,6b29c617174b313bf63cc277,M18,2,4.62,9.48307418823,21
342,6b29c617174b313bf63cc277,M19,2,4.12,8.75828647614,21
342,6b29c617174b313bf63cc277,M20,2,4.76,11.1653604507,20
342,6b29c617174b313bf63cc277,M21,2,4.16,9.05105686188,21
342,6b29c617174b313bf63cc277,M22,2,6.55,22.0341949463,45
342,6b29c617174b313bf63cc277,M23,2,5.67,20.8015537262,45
342,6b29c617174b313bf63cc277,M24,2,6.1,20.7829742432,45
342,6b29c617174b313bf63cc277,M25,2,7.65,13.4345054626,20
342,6b29c617174b313bf63cc277,M26,2,6.62,12.3403978348,20
342,6b29c617174b313bf63cc277,M27,2,7.57,15.4764356613,30
342,6b29c617174b313bf63cc277,M28,2,6.58,14.3604383469,30
342,6b29c617174b313bf63cc277,M29,2,7.1,14.0732288361,30
342,6b29c617174b313bf63cc277,M30,2,4.94,10.2807159424,21
