compound_id,compound_group,method_id,cv_fold,rt_min,prediction_min,run_time_min
1,63590c74120e85ecd05c0c08,M01,0,1.27,2.47284245491,10
1,63590c74120e85ecd05c0c08,M02,0,0.92,2.9501953125,15
1,63590c74120e85ecd05c0c08,M03,0,1.36,2.89455080032,21
1,63590c74120e85ecd05c0c08,M04,0,1.38,2.5751619339,21
1,63590c74120e85ecd05c0c08,M05,0,1.31,2.58359026909,21
1,63590c74120e85ecd05c0c08,M06,0,1.4,3.66663193703,21
1,63590c74120e85ecd05c0c08,M07,0,1.37,3.52922654152,30
1,63590c74120e85ecd05c0c08,M08,0,0.91,3.35276508331,30
1,63590c74120e85ecd05c0c08,M09,0,0.93,2.46924757957,30
1,63590c74120e85ecd05c0c08,M10,0,1.35,4.00016498566,30
1,63590c74120e85ecd05c0c08,M11,0,1.33,3.78643274307,30
1,63590c74120e85ecd05c0c08,M12,0,0.94,4.16742658615,45
1,63590c74120e85ecd05c0c08,M13,0,1.27,4.55618572235,60
1,63590c74120e85ecd05c0c08,M14,0,0.75,2.96937012672,60
1,63590c74120e85ecd05c0c08,M15,0,1.6,4.98596906662,60
1,63590c74120e85ecd05c0c08,M16,0,1.25,4.61574983597,100
1,63590c74120e85ecd05c0c08,M17,0,0.92,1.63014233112,14
1,63590c74120e85ecd05c0c08,M18,0,1.44,3.03789639473,21
1,63590c74120e85ecd05c0c08,M19,0,1.37,2.54608392715,21
1,63590c74120e85ecd05c0c08,M20,0,0.63,2.57502245903,20
1,63590c74120e85ecd05c0c08,M21,0,1.41,2.43428444862,21
1,63590c74120e85ecd05c0c08,M22,0,1.21,3.70705723763,45
1,63590c74120e85ecd05c0c08,M23,0,0.75,2.09049367905,45
1,63590c74120e85ecd05c0c08,M24,0,1.56,4.24193620682,45
1,63590c74120e85ecd05c0c08,M25,0,1.3,4.5142364502,20
1,63590c74120e85ecd05c0c08,M26,0,0.78,3.40462684631,20
1,63590c74120e85ecd05c0c08,M27,0,1.29,4.87887477875,30
1,63590c74120e85ecd05c0c08,M28,0,0.78,3.32292294502,30
1,63590c74120e85ecd05c0c08,M29,0,1.67,5.10011005402,30
1,63590c74120e85ecd05c0c08,M30,0,1.35,2.86188006401,21
2,73c4545b8949e668c76a03b2,M01,0,1.41,2.6324865818,10
2,73c4545b8949e668c76a03b2,M02,0,1.03,3.1534512043,15
2,73c4545b8949e668c76a03b2,M03,0,1.57,3.06868028641,21
2,73c4545b8949e668c76a03b2,M04,0,1.44,2.74929141998,21
2,73c4545b8949e668c76a03b2,M05,0,1.32,2.75771975517,21
2,73c4545b8949e668c76a03b2,M06,0,1.66,3.85539746284,21
2,73c4545b8949e668c76a03b2,M07,0,1.58,3.66600489616,30
2,73c4545b8949e668c76a03b2,M08,0,1.05,3.47890210152,30
2,73c4545b8949e668c76a03b2,M09,0,0.98,2.59538507462,30
2,73c4545b8949e668c76a03b2,M10,0,1.55,4.17232084274,30
2,73c4545b8949e668c76a03b2,M11,0,1.6,3.86935663223,30
2,73c4545b8949e668c76a03b2,M12,0,1.13,4.13956165314,45
2,73c4545b8949e668c76a03b2,M13,0,1.45,4.48510885239,60
2,73c4545b8949e668c76a03b2,M14,0,0.82,2.91793560982,60
2,73c4545b8949e668c76a03b2,M15,0,2.01,4.95810556412,60
2,73c4545b8949e668c76a03b2,M16,0,1.43,5.92083072662,100
2,73c4545b8949e668c76a03b2,M17,0,0.96,1.80427026749,14
2,73c4545b8949e668c76a03b2,M18,0,1.63,3.21318411827,21
2,73c4545b8949e668c76a03b2,M19,0,1.55,2.72021269798,21
2,73c4545b8949e668c76a03b2,M20,0,0.87,2.76364183426,20
2,73c4545b8949e668c76a03b2,M21,0,1.63,2.60957193375,21
2,73c4545b8949e668c76a03b2,M22,0,1.62,3.83630228043,45
2,73c4545b8949e668c76a03b2,M23,0,0.85,2.23938083649,45
2,73c4545b8949e668c76a03b2,M24,0,2.13,4.41439437866,45
2,73c4545b8949e668c76a03b2,M25,0,1.44,4.65978908539,20
2,73c4545b8949e668c76a03b2,M26,0,0.85,3.56982183456,20
2,73c4545b8949e668c76a03b2,M27,0,1.46,4.99631357193,30
2,73c4545b8949e668c76a03b2,M28,0,0.83,3.47348165512,30
2,73c4545b8949e668c76a03b2,M29,0,2.17,5.26076221466,30
2,73c4545b8949e668c76a03b2,M30,0,1.34,3.03600955009,21
3,c7bcada0b8e888971aefc4c3,M01,0,1.4,3.26460695267,10
3,c7bcada0b8e888971aefc4c3,M02,0,0.9,3.69976353645,15
3,c7bcada0b8e888971aefc4c3,M03,0,1.4,3.61315321922,21
3,c7bcada0b8e888971aefc4c3,M04,0,1.43,3.25673055649,21
3,c7bcada0b8e888971aefc4c3,M05,0,1.35,3.28284955025,21
3,c7bcada0b8e888971aefc4c3,M06,0,1.48,4.39096784592,21
3,c7bcada0b8e888971aefc4c3,M07,0,1.4,4.15402841568,30
3,c7bcada0b8e888971aefc4c3,M08,0,0.95,3.9820318222,30
3,c7bcada0b8e888971aefc4c3,M09,0,0.97,3.08153867722,30
3,c7bcada0b8e888971aefc4c3,M10,0,1.4,4.62154245377,30
3,c7bcada0b8e888971aefc4c3,M11,0,1.44,4.420753479,30
3,c7bcada0b8e888971aefc4c3,M12,0,0.93,4.83113718033,45
3,c7bcada0b8e888971aefc4c3,M13,0,1.4,5.25285482407,60
3,c7bcada0b8e888971aefc4c3,M14,0,0.83,3.7466237545,60
3,c7bcada0b8e888971aefc4c3,M15,0,1.7,5.70704174042,60
3,c7bcada0b8e888971aefc4c3,M16,0,1.43,4.98328208923,100
3,c7bcada0b8e888971aefc4c3,M17,0,0.96,2.36984205246,14
3,c7bcada0b8e888971aefc4c3,M18,0,1.43,3.8259100914,21
3,c7bcada0b8e888971aefc4c3,M19,0,1.41,3.29611730576,21
3,c7bcada0b8e888971aefc4c3,M20,0,0.69,3.29806375504,20
3,c7bcada0b8e888971aefc4c3,M21,0,1.4,3.18552517891,21
3,c7bcada0b8e888971aefc4c3,M22,0,1.52,4.5300116539,45
3,c7bcada0b8e888971aefc4c3,M23,0,0.85,2.93226528168,45
3,c7bcada0b8e888971aefc4c3,M24,0,1.97,5.08692598343,45
3,c7bcada0b8e888971aefc4c3,M25,0,1.3,5.41525268555,20
3,c7bcada0b8e888971aefc4c3,M26,0,0.78,4.2706079483,20
3,c7bcada0b8e888971aefc4c3,M27,0,1.29,5.70197820663,30
3,c7bcada0b8e888971aefc4c3,M28,0,0.77,4.20700645447,30
3,c7bcada0b8e888971aefc4c3,M29,0,1.66,5.94806432724,30
3,c7bcada0b8e888971aefc4c3,M30,0,1.41,3.56822705269,21
4,91876cd96b4863b74f62ede1,M01,4,5.06,2.61381101608,10
4,91876cd96b4863b74f62ede1,M02,4,6.32,3.33663463593,15
4,91876cd96b4863b74f62ede1,M03,4,5.61,3.1600522995,21
4,91876cd96b4863b74f62ede1,M04,4,5.29,2.78748893738,21
4,91876cd96b4863b74f62ede1,M05,4,5.11,2.69127368927,21
4,91876cd96b4863b74f62ede1,M06,4,7.07,3.62831091881,21
4,91876cd96b4863b74f62ede1,M07,4,7.05,3.21828627586,30
4,91876cd96b4863b74f62ede1,M08,4,8.27,3.37011766434,30
4,91876cd96b4863b74f62ede1,M09,4,7.05,2.72133874893,30
4,91876cd96b4863b74f62ede1,M10,4,10.19,4.2993721962,30
4,91876cd96b4863b74f62ede1,M11,4,9.08,3.69510173798,30
4,91876cd96b4863b74f62ede1,M12,4,9.36,4.20706272125,45
4,91876cd96b4863b74f62ede1,M13,4,10.46,4.44112825394,60
4,91876cd96b4863b74f62ede1,M14,4,7.3,2.86752653122,60
4,91876cd96b4863b74f62ede1,M15,4,10.88,4.65097045898,60
4,91876cd96b4863b74f62ede1,M16,4,15.77,6.43394470215,100
4,91876cd96b4863b74f62ede1,M17,4,3.5,1.96705913544,14
4,91876cd96b4863b74f62ede1,M18,4,5.76,3.35699295998,21
4,91876cd96b4863b74f62ede1,M19,4,4.89,2.60583519936,21
4,91876cd96b4863b74f62ede1,M20,4,5.68,2.78444886208,20
4,91876cd96b4863b74f62ede1,M21,4,4.88,2.55194449425,21
4,91876cd96b4863b74f62ede1,M22,4,8.49,3.8898730278,45
4,91876cd96b4863b74f62ede1,M23,4,6.48,2.30540704727,45
4,91876cd96b4863b74f62ede1,M24,4,8.68,4.08211994171,45
4,91876cd96b4863b74f62ede1,M25,4,9.4,4.26610803604,20
4,91876cd96b4863b74f62ede1,M26,4,7.2,3.20602893829,20
4,91876cd96b4863b74f62ede1,M27,4,9.08,4.03792524338,30
4,91876cd96b4863b74f62ede1,M28,4,7.31,2.62340164185,30
4,91876cd96b4863b74f62ede1,M29,4,9.04,4.21254587173,30
4,91876cd96b4863b74f62ede1,M30,4,5.55,3.09889292717,21
5,f388de2f1532bd2d15000e9e,M01,1,1.85,4.35556221008,10
5,f388de2f1532bd2d15000e9e,M02,1,1.48,5.06459140778,15
5,f388de2f1532bd2d15000e9e,M03,1,2.03,4.89418315887,21
5,f388de2f1532bd2d15000e9e,M04,1,1.62,4.59336137772,21
5,f388de2f1532bd2d15000e9e,M05,1,1.78,4.56923007965,21
5,f388de2f1532bd2d15000e9e,M06,1,2.07,5.39682435989,21
5,f388de2f1532bd2d15000e9e,M07,1,1.99,5.36649131775,30
5,f388de2f1532bd2d15000e9e,M08,1,1.37,6.00889158249,30
5,f388de2f1532bd2d15000e9e,M09,1,1.24,5.16200351715,30
5,f388de2f1532bd2d15000e9e,M10,1,1.97,6.78824520111,30
5,f388de2f1532bd2d15000e9e,M11,1,1.76,6.24852180481,30
5,f388de2f1532bd2d15000e9e,M12,1,1.43,6.23184728622,45
5,f388de2f1532bd2d15000e9e,M13,1,2.02,6.32066106796,60
5,f388de2f1532bd2d15000e9e,M14,1,1.12,4.89884090424,60
5,f388de2f1532bd2d15000e9e,M15,1,2.59,6.66419935226,60
5,f388de2f1532bd2d15000e9e,M16,1,2.03,10.2988052368,100
5,f388de2f1532bd2d15000e9e,M17,1,1.21,3.56058692932,14
5,f388de2f1532bd2d15000e9e,M18,1,1.81,4.96680831909,21
5,f388de2f1532bd2d15000e9e,M19,1,2.13,4.327064991,21
5,f388de2f1532bd2d15000e9e,M20,1,1.35,4.36342763901,20
5,f388de2f1532bd2d15000e9e,M21,1,2,4.30515527725,21
5,f388de2f1532bd2d15000e9e,M22,1,1.96,6.31871128082,45
5,f388de2f1532bd2d15000e9e,M23,1,1.17,5.00842571259,45
5,f388de2f1532bd2d15000e9e,M24,1,2.38,6.8855137825,45
5,f388de2f1532bd2d15000e9e,M25,1,2.11,6.24111843109,20
5,f388de2f1532bd2d15000e9e,M26,1,1.01,5.22174692154,20
5,f388de2f1532bd2d15000e9e,M27,1,2.17,6.48922300339,30
5,f388de2f1532bd2d15000e9e,M28,1,0.96,5.35193061829,30
5,f388de2f1532bd2d15000e9e,M29,1,2.58,6.70656061172,30
5,f388de2f1532bd2d15000e9e,M30,1,1.78,4.79481315613,21
6,903e67b4c2f9750d37336ae2,M01,2,1.36,2.04495048523,10
6,903e67b4c2f9750d37336ae2,M02,2,0.92,2.340539217,15
6,903e67b4c2f9750d37336ae2,M03,2,1.36,2.16351437569,21
6,903e67b4c2f9750d37336ae2,M04,2,1.38,2.01820516586,21
6,903e67b4c2f9750d37336ae2,M05,2,1.33,2.04887795448,21
6,903e67b4c2f9750d37336ae2,M06,2,1.42,2.29002118111,21
6,903e67b4c2f9750d37336ae2,M07,2,1.36,1.75698435307,30
6,903e67b4c2f9750d37336ae2,M08,2,0.93,1.38520491123,30
6,903e67b4c2f9750d37336ae2,M09,2,0.93,0.804592251778,30
6,903e67b4c2f9750d37336ae2,M10,2,1.37,1.54702377319,30
6,903e67b4c2f9750d37336ae2,M11,2,1.32,1.69640529156,30
6,903e67b4c2f9750d37336ae2,M12,2,0.92,1.20801103115,45
6,903e67b4c2f9750d37336ae2,M13,2,1.38,1.89517855644,60
6,903e67b4c2f9750d37336ae2,M14,2,0.8,1.15137779713,60
6,903e67b4c2f9750d37336ae2,M15,2,1.78,2.0519964695,60
6,903e67b4c2f9750d37336ae2,M16,2,1.39,3.04652690887,100
6,903e67b4c2f9750d37336ae2,M17,2,0.9,1.06512725353,14
6,903e67b4c2f9750d37336ae2,M18,2,1.48,2.37311291695,21
6,903e67b4c2f9750d37336ae2,M19,2,1.38,1.76771295071,21
6,903e67b4c2f9750d37336ae2,M20,2,0.65,1.64230358601,20
6,903e67b4c2f9750d37336ae2,M21,2,1.46,1.77783596516,21
6,903e67b4c2f9750d37336ae2,M22,2,1.27,1.34147596359,45
6,903e67b4c2f9750d37336ae2,M23,2,0.81,0.411205410957,45
6,903e67b4c2f9750d37336ae2,M24,2,1.58,1.63731825352,45
6,903e67b4c2f9750d37336ae2,M25,2,1.52,3.33742403984,20
6,903e67b4c2f9750d37336ae2,M26,2,0.87,2.08034467697,20
6,903e67b4c2f9750d37336ae2,M27,2,1.53,2.91180300713,30
6,903e67b4c2f9750d37336ae2,M28,2,0.84,1.83671593666,30
6,903e67b4c2f9750d37336ae2,M29,2,2.49,2.80745983124,30
6,903e67b4c2f9750d37336ae2,M30,2,1.44,2.14830827713,21
8,d8974ef08904a88379044d8b,M01,1,6.18,6.62048864365,10
8,d8974ef08904a88379044d8b,M02,1,8.18,7.6511964798,15
8,d8974ef08904a88379044d8b,M03,1,7.53,7.68962240219,21
8,d8974ef08904a88379044d8b,M04,1,6.85,7.18042898178,21
8,d8974ef08904a88379044d8b,M05,1,6.63,7.20209407806,21
8,d8974ef08904a88379044d8b,M06,1,9.24,9.586810112,21
8,d8974ef08904a88379044d8b,M07,1,9.79,9.75705337524,30
8,d8974ef08904a88379044d8b,M08,1,13.13,12.7421722412,30
8,d8974ef08904a88379044d8b,M09,1,11.77,11.8041286469,30
8,d8974ef08904a88379044d8b,M10,1,15.1,13.8462648392,30
8,d8974ef08904a88379044d8b,M11,1,13.68,13.4272766113,30
8,d8974ef08904a88379044d8b,M12,1,16.87,15.5436019897,45
8,d8974ef08904a88379044d8b,M13,1,16,16.2189693451,60
8,d8974ef08904a88379044d8b,M14,1,12.63,13.5114555359,60
8,d8974ef08904a88379044d8b,M15,1,16.74,16.2031440735,60
8,d8974ef08904a88379044d8b,M16,1,32.21,23.9833545685,100
8,d8974ef08904a88379044d8b,M17,1,5.37,5.88884687424,14
8,d8974ef08904a88379044d8b,M18,1,7.44,7.34924888611,21
8,d8974ef08904a88379044d8b,M19,1,6.26,6.65056848526,21
8,d8974ef08904a88379044d8b,M20,1,7.91,7.51074123383,20
8,d8974ef08904a88379044d8b,M21,1,6.07,5.87364149094,21
8,d8974ef08904a88379044d8b,M22,1,12.46,12.4468784332,45
8,d8974ef08904a88379044d8b,M23,1,10.15,10.4811620712,45
8,d8974ef08904a88379044d8b,M24,1,13.01,12.6542577744,45
8,d8974ef08904a88379044d8b,M25,1,11.99,11.4977607727,20
8,d8974ef08904a88379044d8b,M26,1,10.21,10.1860818863,20
8,d8974ef08904a88379044d8b,M27,1,12.15,12.9851160049,30
8,d8974ef08904a88379044d8b,M28,1,9.88,11.2254228592,30
8,d8974ef08904a88379044d8b,M29,1,12.38,12.8416500092,30
8,d8974ef08904a88379044d8b,M30,1,7.55,7.76194763184,21
12,f924f42d31e9b2b1918efd30,M01,1,3.73,2.40785098076,10
12,f924f42d31e9b2b1918efd30,M02,1,3.19,3.15297961235,15
12,f924f42d31e9b2b1918efd30,M03,1,4.13,2.92927026749,21
12,f924f42d31e9b2b1918efd30,M04,1,3.31,2.63902974129,21
12,f924f42d31e9b2b1918efd30,M05,1,3.05,2.52834749222,21
12,f924f42d31e9b2b1918efd30,M06,1,5.25,3.63701963425,21
12,f924f42d31e9b2b1918efd30,M07,1,4.34,3.60657811165,30
12,f924f42d31e9b2b1918efd30,M08,1,3.2,3.99450087547,30
12,f924f42d31e9b2b1918efd30,M09,1,2.27,3.07128047943,30
12,f924f42d31e9b2b1918efd30,M10,1,4.62,5.05946350098,30
12,f924f42d31e9b2b1918efd30,M11,1,3.4,4.57284927368,30
12,f924f42d31e9b2b1918efd30,M12,1,3.21,4.46789646149,45
12,f924f42d31e9b2b1918efd30,M13,1,4.85,4.93732690811,60
12,f924f42d31e9b2b1918efd30,M14,1,2.66,2.89327692986,60
12,f924f42d31e9b2b1918efd30,M15,1,5.46,4.99744319916,60
12,f924f42d31e9b2b1918efd30,M16,1,5.09,5.98144054413,100
12,f924f42d31e9b2b1918efd30,M17,1,1.82,1.45477592945,14
12,f924f42d31e9b2b1918efd30,M18,1,4.55,3.00809383392,21
12,f924f42d31e9b2b1918efd30,M19,1,4.18,2.53636693954,21
12,f924f42d31e9b2b1918efd30,M20,1,4.9,2.74493360519,20
12,f924f42d31e9b2b1918efd30,M21,1,4.37,2.43537688255,21
12,f924f42d31e9b2b1918efd30,M22,1,5.85,4.67260122299,45
12,f924f42d31e9b2b1918efd30,M23,1,3.2,2.86583662033,45
12,f924f42d31e9b2b1918efd30,M24,1,6.39,4.84164571762,45
12,f924f42d31e9b2b1918efd30,M25,1,5.63,4.85096359253,20
12,f924f42d31e9b2b1918efd30,M26,1,3.68,3.26992797852,20
12,f924f42d31e9b2b1918efd30,M27,1,6.23,4.82990503311,30
12,f924f42d31e9b2b1918efd30,M28,1,4.18,3.14545845985,30
12,f924f42d31e9b2b1918efd30,M29,1,6.37,4.77974128723,30
12,f924f42d31e9b2b1918efd30,M30,1,4.11,2.93615889549,21
13,cf7268b4f8767d681615d5ad,M01,1,1.27,1.9402885437,10
13,cf7268b4f8767d681615d5ad,M02,1,0.91,2.64223790169,15
13,cf7268b4f8767d681615d5ad,M03,1,1.4,2.68229794502,21
13,cf7268b4f8767d681615d5ad,M04,1,1.33,2.26648879051,21
13,cf7268b4f8767d681615d5ad,M05,1,1.44,2.22360467911,21
13,cf7268b4f8767d681615d5ad,M06,1,1.42,2.70683670044,21
13,cf7268b4f8767d681615d5ad,M07,1,1.37,2.48348879814,30
13,cf7268b4f8767d681615d5ad,M08,1,0.91,2.29393362999,30
13,cf7268b4f8767d681615d5ad,M09,1,0.9,1.22782409191,30
13,cf7268b4f8767d681615d5ad,M10,1,1.35,3.05979466438,30
13,cf7268b4f8767d681615d5ad,M11,1,1.32,2.51371192932,30
13,cf7268b4f8767d681615d5ad,M12,1,0.85,2.97689652443,45
13,cf7268b4f8767d681615d5ad,M13,1,1.27,3.48674082756,60
13,cf7268b4f8767d681615d5ad,M14,1,0.75,1.92208194733,60
13,cf7268b4f8767d681615d5ad,M15,1,1.68,4.0550904274,60
13,cf7268b4f8767d681615d5ad,M16,1,1.25,8.15366649628,100
13,cf7268b4f8767d681615d5ad,M17,1,0.9,1.02261471748,14
13,cf7268b4f8767d681615d5ad,M18,1,1.45,2.60800170898,21
13,cf7268b4f8767d681615d5ad,M19,1,1.28,2.04650139809,21
13,cf7268b4f8767d681615d5ad,M20,1,0.65,1.50898265839,20
13,cf7268b4f8767d681615d5ad,M21,1,1.43,1.77323842049,21
13,cf7268b4f8767d681615d5ad,M22,1,1.21,2.95759749413,45
13,cf7268b4f8767d681615d5ad,M23,1,0.77,1.28666675091,45
13,cf7268b4f8767d681615d5ad,M24,1,1.56,3.60389471054,45
13,cf7268b4f8767d681615d5ad,M25,1,1.3,3.58990645409,20
13,cf7268b4f8767d681615d5ad,M26,1,0.78,2.35739970207,20
13,cf7268b4f8767d681615d5ad,M27,1,1.29,3.11220479012,30
13,cf7268b4f8767d681615d5ad,M28,1,0.77,1.70843029022,30
13,cf7268b4f8767d681615d5ad,M29,1,1.64,3.32135534286,30
13,cf7268b4f8767d681615d5ad,M30,1,1.43,2.64665293694,21
14,37db2b79f652ee6c5f897d99,M01,3,4.07,3.5845375061,10
14,37db2b79f652ee6c5f897d99,M02,3,4.8,4.33258295059,15
14,37db2b79f652ee6c5f897d99,M03,3,4.55,4.35376882553,21
14,37db2b79f652ee6c5f897d99,M04,3,4.19,3.88867783546,21
14,37db2b79f652ee6c5f897d99,M05,3,3.9,3.83110308647,21
14,37db2b79f652ee6c5f897d99,M06,3,5.81,5.22429227829,21
14,37db2b79f652ee6c5f897d99,M07,3,5.21,5.1812376976,30
14,37db2b79f652ee6c5f897d99,M08,3,5.4,5.40329694748,30
14,37db2b79f652ee6c5f897d99,M09,3,3.64,4.53466367722,30
14,37db2b79f652ee6c5f897d99,M10,3,6.89,6.25865840912,30
14,37db2b79f652ee6c5f897d99,M11,3,5.14,5.90173959732,30
14,37db2b79f652ee6c5f897d99,M12,3,5.62,7.51712656021,45
14,37db2b79f652ee6c5f897d99,M13,3,6.56,7.86183404922,60
14,37db2b79f652ee6c5f897d99,M14,3,4.31,6.30211830139,60
14,37db2b79f652ee6c5f897d99,M15,3,6.68,8.19375419617,60
14,37db2b79f652ee6c5f897d99,M16,3,8.32,10.6050596237,100
14,37db2b79f652ee6c5f897d99,M17,3,2.17,2.77760767937,14
14,37db2b79f652ee6c5f897d99,M18,3,4.82,4.40286922455,21
14,37db2b79f652ee6c5f897d99,M19,3,4.44,3.99440550804,21
14,37db2b79f652ee6c5f897d99,M20,3,4.88,4.20786523819,20
14,37db2b79f652ee6c5f897d99,M21,3,4.51,3.64674401283,21
14,37db2b79f652ee6c5f897d99,M22,3,6.96,5.96752071381,45
14,37db2b79f652ee6c5f897d99,M23,3,5.03,4.43132543564,45
14,37db2b79f652ee6c5f897d99,M24,3,7.08,6.36605596542,45
14,37db2b79f652ee6c5f897d99,M25,3,6.86,6.41174697876,20
14,37db2b79f652ee6c5f897d99,M26,3,5.19,5.2012014389,20
14,37db2b79f652ee6c5f897d99,M27,3,7.14,6.50224399567,30
14,37db2b79f652ee6c5f897d99,M28,3,5.76,4.98452615738,30
14,37db2b79f652ee6c5f897d99,M29,3,6.92,6.54494953156,30
14,37db2b79f652ee6c5f897d99,M30,3,4.56,4.46528816223,21
15,dc48fc379a6c61beca713ed3,M01,3,1.9,2.93075156212,10
15,dc48fc379a6c61beca713ed3,M02,3,1.75,3.63786649704,15
15,dc48fc379a6c61beca713ed3,M03,3,2.14,3.60268950462,21
15,dc48fc379a6c61beca713ed3,M04,3,1.75,3.18343925476,21
15,dc48fc379a6c61beca713ed3,M05,3,1.85,3.14606022835,21
15,dc48fc379a6c61beca713ed3,M06,3,2.32,4.24344491959,21
15,dc48fc379a6c61beca713ed3,M07,3,2.13,3.99801087379,30
15,dc48fc379a6c61beca713ed3,M08,3,1.55,4.22082424164,30
15,dc48fc379a6c61beca713ed3,M09,3,1.22,3.33727645874,30
15,dc48fc379a6c61beca713ed3,M10,3,2.01,5.10625696182,30
15,dc48fc379a6c61beca713ed3,M11,3,1.81,4.64349889755,30
15,dc48fc379a6c61beca713ed3,M12,3,1.67,4.94505596161,45
15,dc48fc379a6c61beca713ed3,M13,3,2.26,5.27591991425,60
15,dc48fc379a6c61beca713ed3,M14,3,1.29,3.7213332653,60
15,dc48fc379a6c61beca713ed3,M15,3,2.81,5.42622280121,60
15,dc48fc379a6c61beca713ed3,M16,3,2.24,6.72668552399,100
15,dc48fc379a6c61beca713ed3,M17,3,1.34,2.13531851768,14
15,dc48fc379a6c61beca713ed3,M18,3,1.83,3.7144947052,21
15,dc48fc379a6c61beca713ed3,M19,3,2.24,3.24940466881,21
15,dc48fc379a6c61beca713ed3,M20,3,1.43,3.22486758232,20
15,dc48fc379a6c61beca713ed3,M21,3,1.54,3.00271987915,21
15,dc48fc379a6c61beca713ed3,M22,3,1.96,4.81978464127,45
15,dc48fc379a6c61beca713ed3,M23,3,0.88,3.11611795425,45
15,dc48fc379a6c61beca713ed3,M24,3,2.41,5.0237865448,45
15,dc48fc379a6c61beca713ed3,M25,3,4.22,5.54509544373,20
15,dc48fc379a6c61beca713ed3,M26,3,2.32,4.084233284,20
15,dc48fc379a6c61beca713ed3,M27,3,4.87,5.46520853043,30
15,dc48fc379a6c61beca713ed3,M28,3,2.59,3.86238193512,30
15,dc48fc379a6c61beca713ed3,M29,3,5.42,5.40340805054,30
15,dc48fc379a6c61beca713ed3,M30,3,2.98,3.68141388893,21
16,6983229a0e0fe5fb5d401dcc,M01,4,4.92,2.51535558701,10
16,6983229a0e0fe5fb5d401dcc,M02,4,6.27,3.24386525154,15
16,6983229a0e0fe5fb5d401dcc,M03,4,5.49,3.15892672539,21
16,6983229a0e0fe5fb5d401dcc,M04,4,5.24,2.77568888664,21
16,6983229a0e0fe5fb5d401dcc,M05,4,5.12,2.70477080345,21
16,6983229a0e0fe5fb5d401dcc,M06,4,6.95,3.63044643402,21
16,6983229a0e0fe5fb5d401dcc,M07,4,6.92,3.30137491226,30
16,6983229a0e0fe5fb5d401dcc,M08,4,8.38,3.43932008743,30
16,6983229a0e0fe5fb5d401dcc,M09,4,7.44,2.76671385765,30
16,6983229a0e0fe5fb5d401dcc,M10,4,10.19,4.30147027969,30
16,6983229a0e0fe5fb5d401dcc,M11,4,9.36,3.77236056328,30
16,6983229a0e0fe5fb5d401dcc,M12,4,9.7,3.82605004311,45
16,6983229a0e0fe5fb5d401dcc,M13,4,10.44,3.86386847496,60
16,6983229a0e0fe5fb5d401dcc,M14,4,7.63,2.40323019028,60
16,6983229a0e0fe5fb5d401dcc,M15,4,10.7,4.33963918686,60
16,6983229a0e0fe5fb5d401dcc,M16,4,17.04,5.88062238693,100
16,6983229a0e0fe5fb5d401dcc,M17,4,3.58,1.91369497776,14
16,6983229a0e0fe5fb5d401dcc,M18,4,5.71,3.41845655441,21
16,6983229a0e0fe5fb5d401dcc,M19,4,5.07,2.83487081528,21
16,6983229a0e0fe5fb5d401dcc,M20,4,6.2,2.83142518997,20
16,6983229a0e0fe5fb5d401dcc,M21,4,5.07,2.74255084991,21
16,6983229a0e0fe5fb5d401dcc,M22,4,9.38,3.82790970802,45
16,6983229a0e0fe5fb5d401dcc,M23,4,7.4,2.49528455734,45
16,6983229a0e0fe5fb5d401dcc,M24,4,9.56,4.27533388138,45
16,6983229a0e0fe5fb5d401dcc,M25,4,7.16,4.32679653168,20
16,6983229a0e0fe5fb5d401dcc,M26,4,4.9,3.28806829453,20
16,6983229a0e0fe5fb5d401dcc,M27,4,7.72,4.03278446198,30
16,6983229a0e0fe5fb5d401dcc,M28,4,5.69,2.63104176521,30
16,6983229a0e0fe5fb5d401dcc,M29,4,7.79,4.28984498978,30
16,6983229a0e0fe5fb5d401dcc,M30,4,4.27,3.07757234573,21
17,e23aae84b93938a0352fa862,M01,0,4.13,2.67760682106,10
17,e23aae84b93938a0352fa862,M02,0,4.55,3.24871826172,15
17,e23aae84b93938a0352fa862,M03,0,4.59,3.10831189156,21
17,e23aae84b93938a0352fa862,M04,0,4.15,2.83459401131,21
17,e23aae84b93938a0352fa862,M05,0,3.82,2.8339176178,21
17,e23aae84b93938a0352fa862,M06,0,5.84,3.56876039505,21
17,e23aae84b93938a0352fa862,M07,0,5.18,3.28723430634,30
17,e23aae84b93938a0352fa862,M08,0,4.85,3.65531659126,30
17,e23aae84b93938a0352fa862,M09,0,3.27,2.81430125237,30
17,e23aae84b93938a0352fa862,M10,0,6.48,4.30072021484,30
17,e23aae84b93938a0352fa862,M11,0,4.59,4.04662418365,30
17,e23aae84b93938a0352fa862,M12,0,4.81,3.8535797596,45
17,e23aae84b93938a0352fa862,M13,0,6.23,4.26207685471,60
17,e23aae84b93938a0352fa862,M14,0,3.78,2.58566331863,60
17,e23aae84b93938a0352fa862,M15,0,6.68,4.37586212158,60
17,e23aae84b93938a0352fa862,M16,0,7.32,4.7644739151,100
17,e23aae84b93938a0352fa862,M17,0,2.08,1.71247291565,14
17,e23aae84b93938a0352fa862,M18,0,4.76,3.25086712837,21
17,e23aae84b93938a0352fa862,M19,0,4.45,2.67620611191,21
17,e23aae84b93938a0352fa862,M20,0,4.29,2.57777142525,20
17,e23aae84b93938a0352fa862,M21,0,4.35,2.64652514458,21
17,e23aae84b93938a0352fa862,M22,0,5.93,4.2805685997,45
17,e23aae84b93938a0352fa862,M23,0,3.36,2.70890474319,45
17,e23aae84b93938a0352fa862,M24,0,6.38,4.41495943069,45
17,e23aae84b93938a0352fa862,M25,0,6.67,4.56701517105,20
17,e23aae84b93938a0352fa862,M26,0,4.7,3.57298874855,20
17,e23aae84b93938a0352fa862,M27,0,7.09,4.79287004471,30
17,e23aae84b93938a0352fa862,M28,0,5.29,3.43620681763,30
17,e23aae84b93938a0352fa862,M29,0,7.06,4.88560199738,30
17,e23aae84b93938a0352fa862,M30,0,4.59,3.13219428062,21
18,b4fed703cda493a4827fa37b,M01,0,5.92,6.00523519516,10
18,b4fed703cda493a4827fa37b,M02,0,7.72,7.42127847672,15
18,b4fed703cda493a4827fa37b,M03,0,6.89,7.29520845413,21
18,b4fed703cda493a4827fa37b,M04,0,6.43,6.79675245285,21
18,b4fed703cda493a4827fa37b,M05,0,6.33,6.86976480484,21
18,b4fed703cda493a4827fa37b,M06,0,8.77,9.80459594727,21
18,b4fed703cda493a4827fa37b,M07,0,8.98,10.1594133377,30
18,b4fed703cda493a4827fa37b,M08,0,12.2,14.3235902786,30
18,b4fed703cda493a4827fa37b,M09,0,11.16,13.0807037354,30
18,b4fed703cda493a4827fa37b,M10,0,14.08,15.3604221344,30
18,b4fed703cda493a4827fa37b,M11,0,13.12,14.6789712906,30
18,b4fed703cda493a4827fa37b,M12,0,15.64,19.0569725037,45
18,b4fed703cda493a4827fa37b,M13,0,15.35,19.2062416077,60
18,b4fed703cda493a4827fa37b,M14,0,12.37,15.4417552948,60
18,b4fed703cda493a4827fa37b,M15,0,15.34,19.6191329956,60
18,b4fed703cda493a4827fa37b,M16,0,32.02,38.7694091797,100
18,b4fed703cda493a4827fa37b,M17,0,5.12,5.47520303726,14
18,b4fed703cda493a4827fa37b,M18,0,6.98,7.2801566124,21
18,b4fed703cda493a4827fa37b,M19,0,5.56,6.47695350647,21
18,b4fed703cda493a4827fa37b,M20,0,7.19,8.59534454346,20
18,b4fed703cda493a4827fa37b,M21,0,5.49,6.12571716309,21
18,b4fed703cda493a4827fa37b,M22,0,11.04,14.2815752029,45
18,b4fed703cda493a4827fa37b,M23,0,9.18,11.4973363876,45
18,b4fed703cda493a4827fa37b,M24,0,11.21,14.9192276001,45
18,b4fed703cda493a4827fa37b,M25,0,11.62,11.5991687775,20
18,b4fed703cda493a4827fa37b,M26,0,10,10.3877315521,20
18,b4fed703cda493a4827fa37b,M27,0,11.66,13.2716674805,30
18,b4fed703cda493a4827fa37b,M28,0,9.59,11.0848836899,30
18,b4fed703cda493a4827fa37b,M29,0,11.46,13.4175167084,30
18,b4fed703cda493a4827fa37b,M30,0,6.93,7.42162275314,21
19,ac149acd23b05351f726234b,M01,1,3.36,5.11827993393,10
19,ac149acd23b05351f726234b,M02,1,2.79,6.1890873909,15
19,ac149acd23b05351f726234b,M03,1,3.88,5.85211086273,21
19,ac149acd23b05351f726234b,M04,1,3.15,5.38885307312,21
19,ac149acd23b05351f726234b,M05,1,2.97,5.35479879379,21
19,ac149acd23b05351f726234b,M06,1,4.73,6.42156457901,21
19,ac149acd23b05351f726234b,M07,1,3.95,6.4353966713,30
19,ac149acd23b05351f726234b,M08,1,2.79,7.68465232849,30
19,ac149acd23b05351f726234b,M09,1,2.17,6.6079583168,30
19,ac149acd23b05351f726234b,M10,1,4.01,8.99015045166,30
19,ac149acd23b05351f726234b,M11,1,3.18,8.03767108917,30
19,ac149acd23b05351f726234b,M12,1,2.79,8.78177547455,45
19,ac149acd23b05351f726234b,M13,1,4.47,8.78256988525,60
19,ac149acd23b05351f726234b,M14,1,2.43,6.42408800125,60
19,ac149acd23b05351f726234b,M15,1,4.96,9.00163841248,60
19,ac149acd23b05351f726234b,M16,1,4.61,16.2711143494,100
19,ac149acd23b05351f726234b,M17,1,1.78,4.36583900452,14
19,ac149acd23b05351f726234b,M18,1,4.5,5.78901100159,21
19,ac149acd23b05351f726234b,M19,1,3.79,5.01553630829,21
19,ac149acd23b05351f726234b,M20,1,3.8,5.40260601044,20
19,ac149acd23b05351f726234b,M21,1,4.17,4.95903539658,21
19,ac149acd23b05351f726234b,M22,1,4.32,7.8322892189,45
19,ac149acd23b05351f726234b,M23,1,2.19,5.8306593895,45
19,ac149acd23b05351f726234b,M24,1,5.36,8.39388942719,45
19,ac149acd23b05351f726234b,M25,1,5.27,7.47038888931,20
19,ac149acd23b05351f726234b,M26,1,3.39,5.96125078201,20
19,ac149acd23b05351f726234b,M27,1,5.97,7.45939302444,30
19,ac149acd23b05351f726234b,M28,1,3.95,5.63464927673,30
19,ac149acd23b05351f726234b,M29,1,6.06,7.54858827591,30
19,ac149acd23b05351f726234b,M30,1,3.2,5.57730150223,21
20,2e969e332007bc99ca627155,M01,4,1.36,1.78051769733,10
20,2e969e332007bc99ca627155,M02,4,0.93,2.49493336678,15
20,2e969e332007bc99ca627155,M03,4,1.38,2.40123462677,21
20,2e969e332007bc99ca627155,M04,4,1.38,2.00278520584,21
20,2e969e332007bc99ca627155,M05,4,1.32,1.83398365974,21
20,2e969e332007bc99ca627155,M06,4,1.44,2.84898138046,21
20,2e969e332007bc99ca627155,M07,4,1.38,2.61703586578,30
20,2e969e332007bc99ca627155,M08,4,0.92,2.32055783272,30
20,2e969e332007bc99ca627155,M09,4,0.93,1.5570294857,30
20,2e969e332007bc99ca627155,M10,4,1.37,3.1338224411,30
20,2e969e332007bc99ca627155,M11,4,1.33,2.62379479408,30
20,2e969e332007bc99ca627155,M12,4,0.93,1.63825690746,45
20,2e969e332007bc99ca627155,M13,4,1.27,2.15850281715,60
20,2e969e332007bc99ca627155,M14,4,0.75,0.765004217625,60
20,2e969e332007bc99ca627155,M15,4,1.6,2.65672183037,60
20,2e969e332007bc99ca627155,M16,4,1.25,1.21745443344,100
20,2e969e332007bc99ca627155,M17,4,0.92,0.965758264065,14
20,2e969e332007bc99ca627155,M18,4,1.48,2.67679381371,21
20,2e969e332007bc99ca627155,M19,4,1.39,2.31822538376,21
20,2e969e332007bc99ca627155,M20,4,0.68,2.16742706299,20
20,2e969e332007bc99ca627155,M21,4,1.47,2.21267843246,21
20,2e969e332007bc99ca627155,M22,4,1.27,2.93042612076,45
20,2e969e332007bc99ca627155,M23,4,0.77,1.62695765495,45
20,2e969e332007bc99ca627155,M24,4,1.63,3.35406279564,45
20,2e969e332007bc99ca627155,M25,4,5.16,3.73338007927,20
20,2e969e332007bc99ca627155,M26,4,3.17,2.10979342461,20
20,2e969e332007bc99ca627155,M27,4,5.88,3.34639024734,30
20,2e969e332007bc99ca627155,M28,4,3.83,1.98522233963,30
20,2e969e332007bc99ca627155,M29,4,4.89,3.59296154976,30
20,2e969e332007bc99ca627155,M30,4,2.44,2.5444881916,21
21,f3235c534d97f6bc0f007674,M01,4,7.56,7.28093385696,10
21,f3235c534d97f6bc0f007674,M02,4,9.96,8.39143943787,15
21,f3235c534d97f6bc0f007674,M03,4,10.42,8.54296207428,21
21,f3235c534d97f6bc0f007674,M04,4,9.41,7.96558666229,21
21,f3235c534d97f6bc0f007674,M05,4,9.45,8.01516723633,21
21,f3235c534d97f6bc0f007674,M06,4,13,10.7699432373,21
21,f3235c534d97f6bc0f007674,M07,4,14.14,11.1941928864,30
21,f3235c534d97f6bc0f007674,M08,4,18.44,13.9083099365,30
21,f3235c534d97f6bc0f007674,M09,4,16.96,12.717042923,30
21,f3235c534d97f6bc0f007674,M10,4,20.28,14.9783153534,30
21,f3235c534d97f6bc0f007674,M11,4,19.12,14.3406429291,30
21,f3235c534d97f6bc0f007674,M12,4,25.84,18.1182899475,45
21,f3235c534d97f6bc0f007674,M13,4,26.01,18.3227386475,60
21,f3235c534d97f6bc0f007674,M14,4,21.9,15.4168806076,60
21,f3235c534d97f6bc0f007674,M15,4,26.48,18.5367298126,60
21,f3235c534d97f6bc0f007674,M16,4,53.73,37.9228439331,100
21,f3235c534d97f6bc0f007674,M17,4,7.33,6.57175207138,14
21,f3235c534d97f6bc0f007674,M18,4,9.98,8.15995979309,21
21,f3235c534d97f6bc0f007674,M19,4,8.69,7.24687957764,21
21,f3235c534d97f6bc0f007674,M20,4,10.71,8.98828601837,20
21,f3235c534d97f6bc0f007674,M21,4,8,6.88207817078,21
21,f3235c534d97f6bc0f007674,M22,4,19.09,14.431646347,45
21,f3235c534d97f6bc0f007674,M23,4,15.69,11.7048130035,45
21,f3235c534d97f6bc0f007674,M24,4,19.99,14.6893558502,45
21,f3235c534d97f6bc0f007674,M25,4,14.48,12.1244525909,20
21,f3235c534d97f6bc0f007674,M26,4,12.99,11.1213922501,20
21,f3235c534d97f6bc0f007674,M27,4,16.89,13.442027092,30
21,f3235c534d97f6bc0f007674,M28,4,14.59,11.5854511261,30
21,f3235c534d97f6bc0f007674,M29,4,16.97,13.3419151306,30
21,f3235c534d97f6bc0f007674,M30,4,10.46,8.65590190887,21
23,8742336b8c952dfbe6485e45,M01,4,6.74,6.18511152267,10
23,8742336b8c952dfbe6485e45,M02,4,8.97,7.38919878006,15
23,8742336b8c952dfbe6485e45,M03,4,8.72,7.32502555847,21
23,8742336b8c952dfbe6485e45,M04,4,8.05,6.82578325272,21
23,8742336b8c952dfbe6485e45,M05,4,7.99,6.66437625885,21
23,8742336b8c952dfbe6485e45,M06,4,10.99,9.33267498016,21
23,8742336b8c952dfbe6485e45,M07,4,11.69,9.67498111725,30
23,8742336b8c952dfbe6485e45,M08,4,15.81,12.3614730835,30
23,8742336b8c952dfbe6485e45,M09,4,14.69,11.2842035294,30
23,8742336b8c952dfbe6485e45,M10,4,17.59,13.492061615,30
23,8742336b8c952dfbe6485e45,M11,4,16.76,12.6122999191,30
23,8742336b8c952dfbe6485e45,M12,4,21.59,16.3177127838,45
23,8742336b8c952dfbe6485e45,M13,4,21.04,16.1836032867,60
23,8742336b8c952dfbe6485e45,M14,4,17.33,12.8998069763,60
23,8742336b8c952dfbe6485e45,M15,4,21.47,16.5985984802,60
23,8742336b8c952dfbe6485e45,M16,4,46.65,35.8632316589,100
23,8742336b8c952dfbe6485e45,M17,4,6.41,5.39129495621,14
23,8742336b8c952dfbe6485e45,M18,4,8.66,7.08667325974,21
23,8742336b8c952dfbe6485e45,M19,4,7.26,6.08172702789,21
23,8742336b8c952dfbe6485e45,M20,4,9.53,7.76322889328,20
23,8742336b8c952dfbe6485e45,M21,4,7.02,5.81956958771,21
23,8742336b8c952dfbe6485e45,M22,4,15.98,12.0785064697,45
23,8742336b8c952dfbe6485e45,M23,4,13.25,9.58936595917,45
23,8742336b8c952dfbe6485e45,M24,4,16.5,12.6023139954,45
23,8742336b8c952dfbe6485e45,M25,4,13.2,10.7993869781,20
23,8742336b8c952dfbe6485e45,M26,4,11.77,9.77498149872,20
23,8742336b8c952dfbe6485e45,M27,4,14.5,11.6887845993,30
23,8742336b8c952dfbe6485e45,M28,4,12.31,9.88329124451,30
23,8742336b8c952dfbe6485e45,M29,4,14.54,11.7889995575,30
23,8742336b8c952dfbe6485e45,M30,4,8.75,7.36434555054,21
24,e7732197de6d851c1ed1bd48,M25,4,12.53,11.3869543076,20
24,e7732197de6d851c1ed1bd48,M26,4,11.11,10.0040206909,20
24,e7732197de6d851c1ed1bd48,M27,4,13.27,12.40284729,30
24,e7732197de6d851c1ed1bd48,M28,4,11.26,10.4056758881,30
24,e7732197de6d851c1ed1bd48,M29,4,13.1,12.3951911926,30
24,e7732197de6d851c1ed1bd48,M30,4,7.87,7.4827003479,21
25,a36f54566b3e72a686c53426,M01,2,1.27,2.65640544891,10
25,a36f54566b3e72a686c53426,M02,2,0.9,3.23691821098,15
25,a36f54566b3e72a686c53426,M03,2,1.35,2.9699075222,21
25,a36f54566b3e72a686c53426,M04,2,1.36,2.64569282532,21
25,a36f54566b3e72a686c53426,M05,2,1.35,2.62061166763,21
25,a36f54566b3e72a686c53426,M06,2,1.43,3.64649558067,21
25,a36f54566b3e72a686c53426,M07,2,1.35,3.84211230278,30
25,a36f54566b3e72a686c53426,M08,2,0.9,4.75500822067,30
25,a36f54566b3e72a686c53426,M09,2,0.91,3.9356315136,30
25,a36f54566b3e72a686c53426,M10,2,1.35,5.56861305237,30
25,a36f54566b3e72a686c53426,M11,2,1.32,5.07120513916,30
25,a36f54566b3e72a686c53426,M12,2,0.9,4.67669487,45
25,a36f54566b3e72a686c53426,M13,2,1.27,4.86192083359,60
25,a36f54566b3e72a686c53426,M14,2,0.75,3.29153037071,60
25,a36f54566b3e72a686c53426,M15,2,1.6,5.199614048,60
25,a36f54566b3e72a686c53426,M16,2,1.25,10.7653264999,100
25,a36f54566b3e72a686c53426,M17,2,0.9,1.97194075584,14
25,a36f54566b3e72a686c53426,M18,2,1.44,3.11392116547,21
25,a36f54566b3e72a686c53426,M19,2,1.36,2.52897071838,21
25,a36f54566b3e72a686c53426,M20,2,0.59,2.95504760742,20
25,a36f54566b3e72a686c53426,M21,2,1.4,2.41223263741,21
25,a36f54566b3e72a686c53426,M22,2,1.23,4.76033353806,45
25,a36f54566b3e72a686c53426,M23,2,0.75,3.06124377251,45
25,a36f54566b3e72a686c53426,M24,2,1.56,5.14863729477,45
25,a36f54566b3e72a686c53426,M25,2,3.54,4.54128074646,20
25,a36f54566b3e72a686c53426,M26,2,2.02,3.25850391388,20
25,a36f54566b3e72a686c53426,M27,2,3.76,5.1521062851,30
25,a36f54566b3e72a686c53426,M28,2,2.17,3.71276211739,30
25,a36f54566b3e72a686c53426,M29,2,4.98,5.1995177269,30
25,a36f54566b3e72a686c53426,M30,2,2.55,2.85688400269,21
26,27c58396e87680d42d13063f,M01,1,6.01,6.47333812714,10
26,27c58396e87680d42d13063f,M02,1,7.68,7.72086238861,15
26,27c58396e87680d42d13063f,M03,1,6.93,7.90921497345,21
26,27c58396e87680d42d13063f,M04,1,6.17,7.42670154572,21
26,27c58396e87680d42d13063f,M05,1,6.13,7.37767839432,21
26,27c58396e87680d42d13063f,M06,1,8.8,10.2486448288,21
26,27c58396e87680d42d13063f,M07,1,8.87,10.6387109756,30
26,27c58396e87680d42d13063f,M08,1,11.64,14.1192560196,30
26,27c58396e87680d42d13063f,M09,1,9.77,13.0587940216,30
26,27c58396e87680d42d13063f,M10,1,13.65,15.0915250778,30
26,27c58396e87680d42d13063f,M11,1,12.19,14.6967525482,30
26,27c58396e87680d42d13063f,M12,1,14.43,18.490404129,45
26,27c58396e87680d42d13063f,M13,1,14.56,18.5418128967,60
26,27c58396e87680d42d13063f,M14,1,11.23,15.2390089035,60
26,27c58396e87680d42d13063f,M15,1,14.69,18.5288925171,60
26,27c58396e87680d42d13063f,M16,1,27.4,33.6348991394,100
26,27c58396e87680d42d13063f,M17,1,3.25,5.64742326736,14
26,27c58396e87680d42d13063f,M18,1,5.6,7.69869565964,21
26,27c58396e87680d42d13063f,M19,1,5.33,6.52731704712,21
26,27c58396e87680d42d13063f,M20,1,5.24,8.50887775421,20
26,27c58396e87680d42d13063f,M21,1,4.48,6.27790927887,21
26,27c58396e87680d42d13063f,M22,1,7.46,14.0614280701,45
26,27c58396e87680d42d13063f,M23,1,6.34,11.4615592957,45
26,27c58396e87680d42d13063f,M24,1,7.26,14.1351041794,45
26,27c58396e87680d42d13063f,M25,1,12.08,12.2653236389,20
26,27c58396e87680d42d13063f,M26,1,10.36,10.725279808,20
26,27c58396e87680d42d13063f,M27,1,12.32,13.5229825974,30
26,27c58396e87680d42d13063f,M28,1,10.07,11.359577179,30
26,27c58396e87680d42d13063f,M29,1,12.16,13.3347616196,30
26,27c58396e87680d42d13063f,M30,1,7.37,7.96330213547,21
27,76c4529644e0b71c67b057ff,M25,0,15.65,16.3017520905,20
27,76c4529644e0b71c67b057ff,M26,0,14.42,15.2457962036,20
27,76c4529644e0b71c67b057ff,M27,0,19.69,20.2220878601,30
27,76c4529644e0b71c67b057ff,M28,0,17.86,18.3852062225,30
27,76c4529644e0b71c67b057ff,M29,0,19.79,20.1649570465,30
27,76c4529644e0b71c67b057ff,M30,0,12.54,12.9867696762,21
28,8efe873c7ea952bb6b580341,M01,1,5.49,5.0107293129,10
28,8efe873c7ea952bb6b580341,M02,1,7.2,6.06025314331,15
28,8efe873c7ea952bb6b580341,M03,1,6.27,5.65847158432,21
28,8efe873c7ea952bb6b580341,M04,1,5.8,5.26912212372,21
28,8efe873c7ea952bb6b580341,M05,1,5.65,5.21568393707,21
28,8efe873c7ea952bb6b580341,M06,1,7.93,6.56094741821,21
28,8efe873c7ea952bb6b580341,M07,1,8.08,6.60923433304,30
28,8efe873c7ea952bb6b580341,M08,1,10.85,7.689453125,30
28,8efe873c7ea952bb6b580341,M09,1,9.55,6.62130498886,30
28,8efe873c7ea952bb6b580341,M10,1,12.65,9.01305103302,30
28,8efe873c7ea952bb6b580341,M11,1,11.52,8.14239501953,30
28,8efe873c7ea952bb6b580341,M12,1,13.51,9.46508026123,45
28,8efe873c7ea952bb6b580341,M13,1,13.34,9.64479732513,60
28,8efe873c7ea952bb6b580341,M14,1,10.44,7.51440286636,60
28,8efe873c7ea952bb6b580341,M15,1,13.56,9.77616214752,60
28,8efe873c7ea952bb6b580341,M16,1,25.79,12.7716856003,100
28,8efe873c7ea952bb6b580341,M17,1,4.31,4.25305080414,14
28,8efe873c7ea952bb6b580341,M18,1,6.32,5.82663440704,21
28,8efe873c7ea952bb6b580341,M19,1,5.31,5.14363956451,21
28,8efe873c7ea952bb6b580341,M20,1,7.01,5.74483919144,20
28,8efe873c7ea952bb6b580341,M21,1,5.29,5.10109472275,21
28,8efe873c7ea952bb6b580341,M22,1,10.68,8.0675535202,45
28,8efe873c7ea952bb6b580341,M23,1,8.87,6.46801424026,45
28,8efe873c7ea952bb6b580341,M24,1,10.75,8.34860515594,45
28,8efe873c7ea952bb6b580341,M25,1,10.8,7.37188005447,20
28,8efe873c7ea952bb6b580341,M26,1,9.05,5.92237854004,20
28,8efe873c7ea952bb6b580341,M27,1,10.46,7.45369672775,30
28,8efe873c7ea952bb6b580341,M28,1,8.58,6.05692720413,30
28,8efe873c7ea952bb6b580341,M29,1,10.34,7.37363767624,30
28,8efe873c7ea952bb6b580341,M30,1,6.28,5.46550750732,21
29,e863ae07267316f831b4c0a3,M01,0,6.27,6.87949609756,10
29,e863ae07267316f831b4c0a3,M02,0,8.27,8.38238811493,15
29,e863ae07267316f831b4c0a3,M03,0,7.64,8.23244380951,21
29,e863ae07267316f831b4c0a3,M04,0,7,7.71589899063,21
29,e863ae07267316f831b4c0a3,M05,0,6.97,7.72871541977,21
29,e863ae07267316f831b4c0a3,M06,0,9.69,10.6640710831,21
29,e863ae07267316f831b4c0a3,M07,0,10.05,11.2046508789,30
29,e863ae07267316f831b4c0a3,M08,0,13.78,15.5346221924,30
29,e863ae07267316f831b4c0a3,M09,0,12.58,14.1418199539,30
29,e863ae07267316f831b4c0a3,M10,0,15.62,16.9235687256,30
29,e863ae07267316f831b4c0a3,M11,0,14.68,15.9183826447,30
29,e863ae07267316f831b4c0a3,M12,0,18.26,20.3951091766,45
29,e863ae07267316f831b4c0a3,M13,0,17.68,20.3801307678,60
29,e863ae07267316f831b4c0a3,M14,0,14.34,16.507850647,60
29,e863ae07267316f831b4c0a3,M15,0,17.83,20.6490364075,60
29,e863ae07267316f831b4c0a3,M16,0,38.9,44.5637626648,100
29,e863ae07267316f831b4c0a3,M17,0,5.63,6.14484024048,14
29,e863ae07267316f831b4c0a3,M18,0,7.61,8.00000572205,21
29,e863ae07267316f831b4c0a3,M19,0,6.5,7.11170911789,21
29,e863ae07267316f831b4c0a3,M20,0,8.66,9.31986999512,20
29,e863ae07267316f831b4c0a3,M21,0,6.35,6.89819717407,21
29,e863ae07267316f831b4c0a3,M22,0,13.9,15.5109395981,45
29,e863ae07267316f831b4c0a3,M23,0,11.55,12.7416639328,45
29,e863ae07267316f831b4c0a3,M24,0,14.28,15.8640298843,45
29,e863ae07267316f831b4c0a3,M25,0,12.36,12.6087265015,20
29,e863ae07267316f831b4c0a3,M26,0,10.8,11.2967882156,20
29,e863ae07267316f831b4c0a3,M27,0,12.88,14.0169630051,30
29,e863ae07267316f831b4c0a3,M28,0,10.71,11.8563146591,30
29,e863ae07267316f831b4c0a3,M29,0,12.75,14.0083274841,30
29,e863ae07267316f831b4c0a3,M30,0,7.66,8.30042743683,21
31,87bd4c8586b4b78f83e43895,M01,0,5.14,5.03886318207,10
31,87bd4c8586b4b78f83e43895,M02,0,6.63,6.30671072006,15
31,87bd4c8586b4b78f83e43895,M03,0,6.09,5.98762130737,21
31,87bd4c8586b4b78f83e43895,M04,0,5.48,5.55711746216,21
31,87bd4c8586b4b78f83e43895,M05,0,5.27,5.5700750351,21
31,87bd4c8586b4b78f83e43895,M06,0,7.11,7.80835342407,21
31,87bd4c8586b4b78f83e43895,M07,0,7.64,7.92808389664,30
31,87bd4c8586b4b78f83e43895,M08,0,8.38,10.8738737106,30
31,87bd4c8586b4b78f83e43895,M09,0,6.26,9.76316738129,30
31,87bd4c8586b4b78f83e43895,M10,0,10.92,11.8534126282,30
31,87bd4c8586b4b78f83e43895,M11,0,8.62,11.0490245819,30
31,87bd4c8586b4b78f83e43895,M12,0,9.09,13.892621994,45
31,87bd4c8586b4b78f83e43895,M13,0,7.9,13.7695493698,60
31,87bd4c8586b4b78f83e43895,M14,0,7.85,10.9379682541,60
31,87bd4c8586b4b78f83e43895,M15,0,6.17,14.3096523285,60
31,87bd4c8586b4b78f83e43895,M16,0,12.51,26.1742992401,100
31,87bd4c8586b4b78f83e43895,M17,0,3.87,4.34173774719,14
31,87bd4c8586b4b78f83e43895,M18,0,6.03,5.84795188904,21
31,87bd4c8586b4b78f83e43895,M19,0,5.01,4.9847574234,21
31,87bd4c8586b4b78f83e43895,M20,0,6.06,6.61091804504,20
31,87bd4c8586b4b78f83e43895,M21,0,5.05,4.88998031616,21
31,87bd4c8586b4b78f83e43895,M22,0,9.31,10.2784843445,45
31,87bd4c8586b4b78f83e43895,M23,0,6.95,8.30669212341,45
31,87bd4c8586b4b78f83e43895,M24,0,9.92,11.010641098,45
31,87bd4c8586b4b78f83e43895,M25,0,8.81,9.29358291626,20
31,87bd4c8586b4b78f83e43895,M26,0,6.03,8.2968711853,20
31,87bd4c8586b4b78f83e43895,M27,0,8.64,10.5185537338,30
31,87bd4c8586b4b78f83e43895,M28,0,6.37,8.8439874649,30
31,87bd4c8586b4b78f83e43895,M29,0,9.51,10.6751832962,30
31,87bd4c8586b4b78f83e43895,M30,0,5.4,5.84253168106,21
32,1db51764879da07a9a804f89,M01,3,3.62,4.12669563293,10
32,1db51764879da07a9a804f89,M02,3,3.04,5.06312847137,15
32,1db51764879da07a9a804f89,M03,3,4.02,4.79731321335,21
32,1db51764879da07a9a804f89,M04,3,3.21,4.41321468353,21
32,1db51764879da07a9a804f89,M05,3,2.76,4.38636875153,21
32,1db51764879da07a9a804f89,M06,3,5.05,6.27967357635,21
32,1db51764879da07a9a804f89,M07,3,4.19,6.09879302979,30
32,1db51764879da07a9a804f89,M08,3,3.05,7.10275697708,30
32,1db51764879da07a9a804f89,M09,3,2.21,6.17272043228,30
32,1db51764879da07a9a804f89,M10,3,4.38,8.67397212982,30
32,1db51764879da07a9a804f89,M11,3,3.12,7.46661901474,30
32,1db51764879da07a9a804f89,M12,3,3,8.6743221283,45
32,1db51764879da07a9a804f89,M13,3,4.75,8.6728143692,60
32,1db51764879da07a9a804f89,M14,3,2.61,6.97675991058,60
32,1db51764879da07a9a804f89,M15,3,5.23,8.83688926697,60
32,1db51764879da07a9a804f89,M16,3,5.02,16.7654743195,100
32,1db51764879da07a9a804f89,M17,3,1.72,3.4612185955,14
32,1db51764879da07a9a804f89,M18,3,4.5,4.87291193008,21
32,1db51764879da07a9a804f89,M19,3,4.23,4.24653053284,21
32,1db51764879da07a9a804f89,M20,3,4.49,5.25094556808,20
32,1db51764879da07a9a804f89,M21,3,4.45,4.08339500427,21
32,1db51764879da07a9a804f89,M22,3,6.56,7.29928970337,45
32,1db51764879da07a9a804f89,M23,3,3.92,5.52326536179,45
32,1db51764879da07a9a804f89,M24,3,6.98,7.52997875214,45
32,1db51764879da07a9a804f89,M25,3,1.43,7.64703416824,20
32,1db51764879da07a9a804f89,M26,3,0.84,6.15306711197,20
32,1db51764879da07a9a804f89,M27,3,1.74,7.84176111221,30
32,1db51764879da07a9a804f89,M28,3,0.85,6.21551418304,30
32,1db51764879da07a9a804f89,M29,3,2.62,7.7171049118,30
32,1db51764879da07a9a804f89,M30,3,1.46,4.83416509628,21
33,267de3c8ac980a5b10b9c703,M01,2,1.74,2.81105709076,10
33,267de3c8ac980a5b10b9c703,M02,2,1.33,3.50352501869,15
33,267de3c8ac980a5b10b9c703,M03,2,1.96,3.26150679588,21
33,267de3c8ac980a5b10b9c703,M04,2,1.46,3.00165057182,21
33,267de3c8ac980a5b10b9c703,M05,2,1.73,2.9228708744,21
33,267de3c8ac980a5b10b9c703,M06,2,2.11,3.89144062996,21
33,267de3c8ac980a5b10b9c703,M07,2,1.97,3.35491013527,30
33,267de3c8ac980a5b10b9c703,M08,2,1.34,3.07221364975,30
33,267de3c8ac980a5b10b9c703,M09,2,1.21,2.2730653286,30
33,267de3c8ac980a5b10b9c703,M10,2,1.97,3.69319868088,30
33,267de3c8ac980a5b10b9c703,M11,2,1.84,3.50800871849,30
33,267de3c8ac980a5b10b9c703,M12,2,1.33,3.30674791336,45
33,267de3c8ac980a5b10b9c703,M13,2,1.93,3.93171548843,60
33,267de3c8ac980a5b10b9c703,M14,2,0.98,2.59190511703,60
33,267de3c8ac980a5b10b9c703,M15,2,2.67,4.12425708771,60
33,267de3c8ac980a5b10b9c703,M16,2,1.91,5.58653402328,100
33,267de3c8ac980a5b10b9c703,M17,2,0.94,1.83288693428,14
33,267de3c8ac980a5b10b9c703,M18,2,1.7,3.38786077499,21
33,267de3c8ac980a5b10b9c703,M19,2,2.04,2.87854456902,21
33,267de3c8ac980a5b10b9c703,M20,2,1.24,3.11323714256,20
33,267de3c8ac980a5b10b9c703,M21,2,1.6,2.80336713791,21
33,267de3c8ac980a5b10b9c703,M22,2,1.75,3.66816949844,45
33,267de3c8ac980a5b10b9c703,M23,2,0.95,2.19952917099,45
33,267de3c8ac980a5b10b9c703,M24,2,3.22,3.85867547989,45
33,267de3c8ac980a5b10b9c703,M25,2,2.36,5.12260818481,20
33,267de3c8ac980a5b10b9c703,M26,2,1.06,3.4862074852,20
33,267de3c8ac980a5b10b9c703,M27,2,2.51,4.7154083252,30
33,267de3c8ac980a5b10b9c703,M28,2,1.03,3.12687015533,30
33,267de3c8ac980a5b10b9c703,M29,2,3.92,4.44970083237,30
33,267de3c8ac980a5b10b9c703,M30,2,1.98,3.22941350937,21
34,3577ec1a80f55e1baa422693,M01,4,6.42,5.58672952652,10
34,3577ec1a80f55e1baa422693,M02,4,8.38,6.73989105225,15
34,3577ec1a80f55e1baa422693,M03,4,7.8,6.26635074615,21
34,3577ec1a80f55e1baa422693,M04,4,7.03,5.8589053154,21
34,3577ec1a80f55e1baa422693,M05,4,6.99,5.70402812958,21
34,3577ec1a80f55e1baa422693,M06,4,9.95,8.25061988831,21
34,3577ec1a80f55e1baa422693,M07,4,10.21,8.21315765381,30
34,3577ec1a80f55e1baa422693,M08,4,13.69,10.3932771683,30
34,3577ec1a80f55e1baa422693,M09,4,12.17,9.35631275177,30
34,3577ec1a80f55e1baa422693,M10,4,15.68,12.0871124268,30
34,3577ec1a80f55e1baa422693,M11,4,14.53,10.8747882843,30
34,3577ec1a80f55e1baa422693,M12,4,17.81,13.1540441513,45
34,3577ec1a80f55e1baa422693,M13,4,17.66,12.8683462143,60
34,3577ec1a80f55e1baa422693,M14,4,14.02,10.5201511383,60
34,3577ec1a80f55e1baa422693,M15,4,17.95,13.100446701,60
34,3577ec1a80f55e1baa422693,M16,4,37.06,26.3916282654,100
34,3577ec1a80f55e1baa422693,M17,4,5.56,4.8589682579,14
34,3577ec1a80f55e1baa422693,M18,4,7.62,6.4183344841,21
34,3577ec1a80f55e1baa422693,M19,4,6.43,5.72009944916,21
34,3577ec1a80f55e1baa422693,M20,4,8.4,7.33410835266,20
34,3577ec1a80f55e1baa422693,M21,4,6.19,5.6315946579,21
34,3577ec1a80f55e1baa422693,M22,4,13.42,10.8009233475,45
34,3577ec1a80f55e1baa422693,M23,4,11.06,8.72699260712,45
34,3577ec1a80f55e1baa422693,M24,4,13.78,11.1209411621,45
34,3577ec1a80f55e1baa422693,M25,4,12.52,9.42248153687,20
34,3577ec1a80f55e1baa422693,M26,4,10.8,7.9952917099,20
34,3577ec1a80f55e1baa422693,M27,4,13.05,10.1586618423,30
34,3577ec1a80f55e1baa422693,M28,4,10.71,8.42801856995,30
34,3577ec1a80f55e1baa422693,M29,4,13.04,10.1378650665,30
34,3577ec1a80f55e1baa422693,M30,4,7.81,6.15937519073,21
35,81b5b6388a6be51a7a64d27f,M01,2,8.18,7.4020524025,10
35,81b5b6388a6be51a7a64d27f,M02,2,10.78,9.61029911041,15
35,81b5b6388a6be51a7a64d27f,M03,2,12.1,9.75295734406,21
35,81b5b6388a6be51a7a64d27f,M04,2,11.04,9.26713752747,21
35,81b5b6388a6be51a7a64d27f,M05,2,11.19,9.36308288574,21
35,81b5b6388a6be51a7a64d27f,M06,2,14.89,12.5736694336,21
35,81b5b6388a6be51a7a64d27f,M07,2,16.75,13.6715841293,30
35,81b5b6388a6be51a7a64d27f,M08,2,21.09,17.8293628693,30
35,81b5b6388a6be51a7a64d27f,M09,2,19.61,16.4039173126,30
35,81b5b6388a6be51a7a64d27f,M10,2,22.78,19.4058799744,30
35,81b5b6388a6be51a7a64d27f,M11,2,21.73,18.2092647552,30
35,81b5b6388a6be51a7a64d27f,M12,2,30.42,25.1297416687,45
35,81b5b6388a6be51a7a64d27f,M13,2,31.54,25.8947257996,60
35,81b5b6388a6be51a7a64d27f,M14,2,27.74,21.437330246,60
35,81b5b6388a6be51a7a64d27f,M15,2,31.95,26.166431427,60
35,81b5b6388a6be51a7a64d27f,M16,2,60.35,53.4627304077,100
35,81b5b6388a6be51a7a64d27f,M17,2,8.28,6.99763154984,14
35,81b5b6388a6be51a7a64d27f,M18,2,11.5,9.59166240692,21
35,81b5b6388a6be51a7a64d27f,M19,2,10.73,8.51789474487,21
35,81b5b6388a6be51a7a64d27f,M20,2,12.57,10.4716472626,20
35,81b5b6388a6be51a7a64d27f,M21,2,9.05,8.08897972107,21
35,81b5b6388a6be51a7a64d27f,M22,2,24.68,19.1312541962,45
35,81b5b6388a6be51a7a64d27f,M23,2,19.35,16.2920665741,45
35,81b5b6388a6be51a7a64d27f,M24,2,25.7,19.5529842377,45
35,81b5b6388a6be51a7a64d27f,M25,2,15.5,13.6004581451,20
35,81b5b6388a6be51a7a64d27f,M26,2,14.14,12.3060159683,20
35,81b5b6388a6be51a7a64d27f,M27,2,19.16,16.1981048584,30
35,81b5b6388a6be51a7a64d27f,M28,2,17.06,14.0235395432,30
35,81b5b6388a6be51a7a64d27f,M29,2,17.93,16.1594047546,30
35,81b5b6388a6be51a7a64d27f,M30,2,12.15,9.89758491516,21
37,7e22cb18273d1125b6e9f516,M01,4,3.7,2.62704896927,10
37,7e22cb18273d1125b6e9f516,M02,4,3.63,3.53592514992,15
37,7e22cb18273d1125b6e9f516,M03,4,4.22,3.33864426613,21
37,7e22cb18273d1125b6e9f516,M04,4,3.74,3.01188182831,21
37,7e22cb18273d1125b6e9f516,M05,4,3.49,2.99092483521,21
37,7e22cb18273d1125b6e9f516,M06,4,5.33,4.89791059494,21
37,7e22cb18273d1125b6e9f516,M07,4,4.42,4.31830883026,30
37,7e22cb18273d1125b6e9f516,M08,4,3.68,5.39266824722,30
37,7e22cb18273d1125b6e9f516,M09,4,2.42,4.61480140686,30
37,7e22cb18273d1125b6e9f516,M10,4,4.87,6.17252159119,30
37,7e22cb18273d1125b6e9f516,M11,4,3.6,5.86624622345,30
37,7e22cb18273d1125b6e9f516,M12,4,3.48,5.21030569077,45
37,7e22cb18273d1125b6e9f516,M13,4,5.14,5.50423288345,60
37,7e22cb18273d1125b6e9f516,M14,4,3,3.66340446472,60
37,7e22cb18273d1125b6e9f516,M15,4,5.55,5.67435646057,60
37,7e22cb18273d1125b6e9f516,M16,4,5.64,9.3944234848,100
37,7e22cb18273d1125b6e9f516,M17,4,1.83,2.08091664314,14
37,7e22cb18273d1125b6e9f516,M18,4,4.55,3.5342874527,21
37,7e22cb18273d1125b6e9f516,M19,4,4.17,2.84085631371,21
37,7e22cb18273d1125b6e9f516,M20,4,4.17,3.90945339203,20
37,7e22cb18273d1125b6e9f516,M21,4,4.22,2.65506148338,21
37,7e22cb18273d1125b6e9f516,M22,4,5.28,5.5311794281,45
37,7e22cb18273d1125b6e9f516,M23,4,2.76,3.87975168228,45
37,7e22cb18273d1125b6e9f516,M24,4,5.74,5.68556499481,45
37,7e22cb18273d1125b6e9f516,M25,4,2.69,6.24531650543,20
37,7e22cb18273d1125b6e9f516,M26,4,1.53,4.92941188812,20
37,7e22cb18273d1125b6e9f516,M27,4,2.92,6.72207164764,30
37,7e22cb18273d1125b6e9f516,M28,4,1.66,5.15551185608,30
37,7e22cb18273d1125b6e9f516,M29,4,4.44,6.67329216003,30
37,7e22cb18273d1125b6e9f516,M30,4,2.17,3.65297794342,21
38,025d82d93173ecb6ae20cb79,M25,4,16.44,16.1351661682,20
38,025d82d93173ecb6ae20cb79,M26,4,15.17,14.8671617508,20
38,025d82d93173ecb6ae20cb79,M27,4,21.16,19.3857059479,30
38,025d82d93173ecb6ae20cb79,M28,4,19.39,17.6029281616,30
38,025d82d93173ecb6ae20cb79,M29,4,20.03,19.6660308838,30
38,025d82d93173ecb6ae20cb79,M30,4,13.74,12.4618120193,21
39,32b4a6a7cbc6bc4e42d3e216,M01,2,6.22,6.56424760818,10
39,32b4a6a7cbc6bc4e42d3e216,M02,2,8.27,7.83086633682,15
39,32b4a6a7cbc6bc4e42d3e216,M03,2,7.65,7.49205827713,21
39,32b4a6a7cbc6bc4e42d3e216,M04,2,7.08,7.12052059174,21
39,32b4a6a7cbc6bc4e42d3e216,M05,2,6.96,7.11943292618,21
39,32b4a6a7cbc6bc4e42d3e216,M06,2,9.58,10.0229625702,21
39,32b4a6a7cbc6bc4e42d3e216,M07,2,10.06,10.6436796188,30
39,32b4a6a7cbc6bc4e42d3e216,M08,2,13.73,13.3833789825,30
39,32b4a6a7cbc6bc4e42d3e216,M09,2,12.64,12.0907831192,30
39,32b4a6a7cbc6bc4e42d3e216,M10,2,15.6,14.56873703,30
39,32b4a6a7cbc6bc4e42d3e216,M11,2,14.67,13.6278858185,30
39,32b4a6a7cbc6bc4e42d3e216,M12,2,18.07,16.744058609,45
39,32b4a6a7cbc6bc4e42d3e216,M13,2,17.28,16.5767784119,60
39,32b4a6a7cbc6bc4e42d3e216,M14,2,13.98,13.5266284943,60
39,32b4a6a7cbc6bc4e42d3e216,M15,2,17.79,16.8669319153,60
39,32b4a6a7cbc6bc4e42d3e216,M16,2,37.17,36.1527824402,100
39,32b4a6a7cbc6bc4e42d3e216,M17,2,5.66,5.76403236389,14
39,32b4a6a7cbc6bc4e42d3e216,M18,2,7.69,7.39877176285,21
39,32b4a6a7cbc6bc4e42d3e216,M19,2,6.25,6.64026260376,21
39,32b4a6a7cbc6bc4e42d3e216,M20,2,8.27,8.80335140228,20
39,32b4a6a7cbc6bc4e42d3e216,M21,2,6.14,6.33150291443,21
39,32b4a6a7cbc6bc4e42d3e216,M22,2,13.09,12.8924798965,45
39,32b4a6a7cbc6bc4e42d3e216,M23,2,10.93,10.5436077118,45
39,32b4a6a7cbc6bc4e42d3e216,M24,2,13.48,13.2836484909,45
39,32b4a6a7cbc6bc4e42d3e216,M25,2,12.25,11.5640411377,20
39,32b4a6a7cbc6bc4e42d3e216,M26,2,10.71,10.3540096283,20
39,32b4a6a7cbc6bc4e42d3e216,M27,2,12.7,12.5653676987,30
39,32b4a6a7cbc6bc4e42d3e216,M28,2,10.54,10.7381954193,30
39,32b4a6a7cbc6bc4e42d3e216,M29,2,12.77,12.5732479095,30
39,32b4a6a7cbc6bc4e42d3e216,M30,2,7.67,7.6197977066,21
40,be488e74b9d5fd8fc60a7d96,M01,2,4.65,5.47308349609,10
40,be488e74b9d5fd8fc60a7d96,M02,2,6.02,6.75536346436,15
40,be488e74b9d5fd8fc60a7d96,M03,2,5.23,6.52902412415,21
40,be488e74b9d5fd8fc60a7d96,M04,2,5.01,6.01541757584,21
40,be488e74b9d5fd8fc60a7d96,M05,2,4.88,5.96668624878,21
40,be488e74b9d5fd8fc60a7d96,M06,2,6.63,8.15065670013,21
40,be488e74b9d5fd8fc60a7d96,M07,2,6.58,8.2491235733,30
40,be488e74b9d5fd8fc60a7d96,M08,2,8.1,10.2500324249,30
40,be488e74b9d5fd8fc60a7d96,M09,2,7.15,9.03527545929,30
40,be488e74b9d5fd8fc60a7d96,M10,2,9.7,11.549290657,30
40,be488e74b9d5fd8fc60a7d96,M11,2,8.77,10.4529151917,30
40,be488e74b9d5fd8fc60a7d96,M12,2,9.47,13.2669153214,45
40,be488e74b9d5fd8fc60a7d96,M13,2,9.89,13.3391160965,60
40,be488e74b9d5fd8fc60a7d96,M14,2,7.11,11.006067276,60
40,be488e74b9d5fd8fc60a7d96,M15,2,9.8,14.0830421448,60
40,be488e74b9d5fd8fc60a7d96,M16,2,16.73,26.2008666992,100
40,be488e74b9d5fd8fc60a7d96,M17,2,3.29,4.86932897568,14
40,be488e74b9d5fd8fc60a7d96,M18,2,5.42,6.50583553314,21
40,be488e74b9d5fd8fc60a7d96,M19,2,4.65,5.87515354156,21
40,be488e74b9d5fd8fc60a7d96,M20,2,5.5,7.15858459473,20
40,be488e74b9d5fd8fc60a7d96,M21,2,4.66,5.62898206711,21
40,be488e74b9d5fd8fc60a7d96,M22,2,7.9,10.6484966278,45
40,be488e74b9d5fd8fc60a7d96,M23,2,6.24,8.54474163055,45
40,be488e74b9d5fd8fc60a7d96,M24,2,7.89,11.310377121,45
40,be488e74b9d5fd8fc60a7d96,M25,2,8.87,9.30434703827,20
40,be488e74b9d5fd8fc60a7d96,M26,2,7.02,8.16262435913,20
40,be488e74b9d5fd8fc60a7d96,M27,2,8.55,9.88175010681,30
40,be488e74b9d5fd8fc60a7d96,M28,2,7.07,8.07128810883,30
40,be488e74b9d5fd8fc60a7d96,M29,2,8.23,10.1152868271,30
40,be488e74b9d5fd8fc60a7d96,M30,2,5.24,6.44938755035,21
42,f1ade222212d6fb05f2db5bc,M01,4,5.27,6.00963687897,10
42,f1ade222212d6fb05f2db5bc,M02,4,6.89,7.00720357895,15
42,f1ade222212d6fb05f2db5bc,M03,4,5.93,6.98859834671,21
42,f1ade222212d6fb05f2db5bc,M04,4,5.58,6.53377532959,21
42,f1ade222212d6fb05f2db5bc,M05,4,5.47,6.45906162262,21
42,f1ade222212d6fb05f2db5bc,M06,4,7.51,9.03351020813,21
42,f1ade222212d6fb05f2db5bc,M07,4,7.63,9.44730854034,30
42,f1ade222212d6fb05f2db5bc,M08,4,10.16,12.4516038895,30
42,f1ade222212d6fb05f2db5bc,M09,4,9.11,11.4095449448,30
42,f1ade222212d6fb05f2db5bc,M10,4,11.87,13.7811250687,30
42,f1ade222212d6fb05f2db5bc,M11,4,10.9,12.9273424149,30
42,f1ade222212d6fb05f2db5bc,M12,4,12.56,15.1060342789,45
42,f1ade222212d6fb05f2db5bc,M13,4,12.56,14.9405488968,60
42,f1ade222212d6fb05f2db5bc,M14,4,9.87,13.1074438095,60
42,f1ade222212d6fb05f2db5bc,M15,4,12.44,15.1118040085,60
42,f1ade222212d6fb05f2db5bc,M16,4,24.3,24.8243083954,100
42,f1ade222212d6fb05f2db5bc,M17,4,4.17,5.25032663345,14
42,f1ade222212d6fb05f2db5bc,M18,4,6.06,6.96492242813,21
42,f1ade222212d6fb05f2db5bc,M19,4,5.16,6.16439962387,21
42,f1ade222212d6fb05f2db5bc,M20,4,6.55,7.81164979935,20
42,f1ade222212d6fb05f2db5bc,M21,4,5.14,5.95372915268,21
42,f1ade222212d6fb05f2db5bc,M22,4,9.89,12.9405164719,45
42,f1ade222212d6fb05f2db5bc,M23,4,8.1,11.2552852631,45
42,f1ade222212d6fb05f2db5bc,M24,4,9.94,13.1391420364,45
42,f1ade222212d6fb05f2db5bc,M25,4,10.37,10.4802865982,20
42,f1ade222212d6fb05f2db5bc,M26,4,8.62,9.63414669037,20
42,f1ade222212d6fb05f2db5bc,M27,4,9.9,11.5296363831,30
42,f1ade222212d6fb05f2db5bc,M28,4,8.2,10.1522855759,30
42,f1ade222212d6fb05f2db5bc,M29,4,9.63,11.4189281464,30
42,f1ade222212d6fb05f2db5bc,M30,4,5.95,7.05386924744,21
43,7f4d6eb0a9092987a5326f08,M01,3,7.07,6.86518478394,10
43,7f4d6eb0a9092987a5326f08,M02,3,9.37,8.86276054382,15
43,7f4d6eb0a9092987a5326f08,M03,3,9.46,9.13360309601,21
43,7f4d6eb0a9092987a5326f08,M04,3,8.74,8.59315872192,21
43,7f4d6eb0a9092987a5326f08,M05,3,8.76,8.59134578705,21
43,7f4d6eb0a9092987a5326f08,M06,3,12.02,12.0613870621,21
43,7f4d6eb0a9092987a5326f08,M07,3,12.85,13.0946359634,30
43,7f4d6eb0a9092987a5326f08,M08,3,17.14,16.6289691925,30
43,7f4d6eb0a9092987a5326f08,M09,3,16.03,15.2773761749,30
43,7f4d6eb0a9092987a5326f08,M10,3,18.89,18.0832118988,30
43,7f4d6eb0a9092987a5326f08,M11,3,18.02,17.1908073425,30
43,7f4d6eb0a9092987a5326f08,M12,3,23.91,22.6106777191,45
43,7f4d6eb0a9092987a5326f08,M13,3,24.02,23.0109119415,60
43,7f4d6eb0a9092987a5326f08,M14,3,20.36,19.2306957245,60
43,7f4d6eb0a9092987a5326f08,M15,3,23.9,23.117307663,60
43,7f4d6eb0a9092987a5326f08,M16,3,51.58,50.1460151672,100
43,7f4d6eb0a9092987a5326f08,M17,3,6.94,6.45525836945,14
43,7f4d6eb0a9092987a5326f08,M18,3,9.32,8.90468788147,21
43,7f4d6eb0a9092987a5326f08,M19,3,7.2,7.62630176544,21
43,7f4d6eb0a9092987a5326f08,M20,3,9.35,9.92932701111,20
43,7f4d6eb0a9092987a5326f08,M21,3,6.9,7.19896936417,21
43,7f4d6eb0a9092987a5326f08,M22,3,15.49,16.2590351105,45
43,7f4d6eb0a9092987a5326f08,M23,3,13.01,13.3070869446,45
43,7f4d6eb0a9092987a5326f08,M24,3,15.88,16.4594020844,45
43,7f4d6eb0a9092987a5326f08,M25,3,13.81,13.1923189163,20
43,7f4d6eb0a9092987a5326f08,M26,3,12.47,12.0423364639,20
43,7f4d6eb0a9092987a5326f08,M27,3,15.78,15.115978241,30
43,7f4d6eb0a9092987a5326f08,M28,3,13.69,12.9084758759,30
43,7f4d6eb0a9092987a5326f08,M29,3,15.58,15.0108203888,30
43,7f4d6eb0a9092987a5326f08,M30,3,9.53,9.20224571228,21
47,56fa096b85beceab80fd1c4e,M01,4,7.23,6.1306142807,10
47,56fa096b85beceab80fd1c4e,M02,4,9.54,7.49873018265,15
47,56fa096b85beceab80fd1c4e,M03,4,9.71,7.15285682678,21
47,56fa096b85beceab80fd1c4e,M04,4,8.88,6.68881893158,21
47,56fa096b85beceab80fd1c4e,M05,4,8.92,6.53394174576,21
47,56fa096b85beceab80fd1c4e,M06,4,12.33,9.11876106262,21
47,56fa096b85beceab80fd1c4e,M07,4,13.14,9.27054691315,30
47,56fa096b85beceab80fd1c4e,M08,4,17.42,12.9604949951,30
47,56fa096b85beceab80fd1c4e,M09,4,16.16,11.8952617645,30
47,56fa096b85beceab80fd1c4e,M10,4,19.22,14.5332374573,30
47,56fa096b85beceab80fd1c4e,M11,4,18.29,13.3730268478,30
47,56fa096b85beceab80fd1c4e,M12,4,24.22,16.71185112,45
47,56fa096b85beceab80fd1c4e,M13,4,24.43,16.6327934265,60
47,56fa096b85beceab80fd1c4e,M14,4,20.46,13.5949964523,60
47,56fa096b85beceab80fd1c4e,M15,4,24.59,16.6639289856,60
47,56fa096b85beceab80fd1c4e,M16,4,51.76,39.3747406006,100
47,56fa096b85beceab80fd1c4e,M17,4,6.99,5.48763084412,14
47,56fa096b85beceab80fd1c4e,M18,4,9.47,7.04362869263,21
47,56fa096b85beceab80fd1c4e,M19,4,7.81,6.06892442703,21
47,56fa096b85beceab80fd1c4e,M20,4,9.99,7.9520316124,20
47,56fa096b85beceab80fd1c4e,M21,4,7.39,5.86627101898,21
47,56fa096b85beceab80fd1c4e,M22,4,17.17,13.3023061752,45
47,56fa096b85beceab80fd1c4e,M23,4,14.37,11.0312595367,45
47,56fa096b85beceab80fd1c4e,M24,4,17.82,13.4377374649,45
47,56fa096b85beceab80fd1c4e,M25,4,14.03,10.923743248,20
47,56fa096b85beceab80fd1c4e,M26,4,12.58,9.90636348724,20
47,56fa096b85beceab80fd1c4e,M27,4,16.08,11.9186258316,30
47,56fa096b85beceab80fd1c4e,M28,4,13.84,10.2861022949,30
47,56fa096b85beceab80fd1c4e,M29,4,16.04,11.8166074753,30
47,56fa096b85beceab80fd1c4e,M30,4,9.74,7.10634899139,21
48,abc7a286c25bfc8ab683f22c,M01,1,5.47,4.9897108078,10
48,abc7a286c25bfc8ab683f22c,M02,1,6.73,6.29625034332,15
48,abc7a286c25bfc8ab683f22c,M03,1,6.17,6.02496147156,21
48,abc7a286c25bfc8ab683f22c,M04,1,5.53,5.54463672638,21
48,abc7a286c25bfc8ab683f22c,M05,1,5.32,5.52050542831,21
48,abc7a286c25bfc8ab683f22c,M06,1,7.86,7.42300891876,21
48,abc7a286c25bfc8ab683f22c,M07,1,7.65,7.72012329102,30
48,abc7a286c25bfc8ab683f22c,M08,1,10.47,10.4552345276,30
48,abc7a286c25bfc8ab683f22c,M09,1,9.16,9.29308414459,30
48,abc7a286c25bfc8ab683f22c,M10,1,11.04,11.5923614502,30
48,abc7a286c25bfc8ab683f22c,M11,1,10.9,10.3420200348,30
48,abc7a286c25bfc8ab683f22c,M12,1,14.13,12.0408353806,45
48,abc7a286c25bfc8ab683f22c,M13,1,12.5,11.5833511353,60
48,abc7a286c25bfc8ab683f22c,M14,1,10.64,8.83818626404,60
48,abc7a286c25bfc8ab683f22c,M15,1,14.12,12.2697124481,60
48,abc7a286c25bfc8ab683f22c,M16,1,19.18,23.8501052856,100
48,abc7a286c25bfc8ab683f22c,M17,1,4.52,4.38916158676,14
48,abc7a286c25bfc8ab683f22c,M18,1,6.65,5.94837856293,21
48,abc7a286c25bfc8ab683f22c,M19,1,5.17,4.78314971924,21
48,abc7a286c25bfc8ab683f22c,M20,1,6.66,6.14497232437,20
48,abc7a286c25bfc8ab683f22c,M21,1,5.16,4.74889564514,21
48,abc7a286c25bfc8ab683f22c,M22,1,10.33,9.39999866486,45
48,abc7a286c25bfc8ab683f22c,M23,1,8.2,7.27955198288,45
48,abc7a286c25bfc8ab683f22c,M24,1,10.93,10.2909984589,45
48,abc7a286c25bfc8ab683f22c,M25,1,10.28,8.88269042969,20
48,abc7a286c25bfc8ab683f22c,M26,1,7.9,7.9056725502,20
48,abc7a286c25bfc8ab683f22c,M27,1,9.9,9.97790431976,30
48,abc7a286c25bfc8ab683f22c,M28,1,7.8,8.02153778076,30
48,abc7a286c25bfc8ab683f22c,M29,1,10.67,10.4071769714,30
48,abc7a286c25bfc8ab683f22c,M30,1,5.78,5.95353126526,21
49,dddb83856cd5a1813573467f,M01,0,6.39,5.51282119751,10
49,dddb83856cd5a1813573467f,M02,0,8.42,6.68355226517,15
49,dddb83856cd5a1813573467f,M03,0,7.8,6.23099040985,21
49,dddb83856cd5a1813573467f,M04,0,7.05,5.75531005859,21
49,dddb83856cd5a1813573467f,M05,0,6.9,5.77071285248,21
49,dddb83856cd5a1813573467f,M06,0,9.91,8.18581295013,21
49,dddb83856cd5a1813573467f,M07,0,10.32,8.3559885025,30
49,dddb83856cd5a1813573467f,M08,0,14.27,10.3399248123,30
49,dddb83856cd5a1813573467f,M09,0,12.95,8.94573307037,30
49,dddb83856cd5a1813573467f,M10,0,16.07,11.7278528214,30
49,dddb83856cd5a1813573467f,M11,0,14.78,10.6363630295,30
49,dddb83856cd5a1813573467f,M12,0,19.15,12.6717481613,45
49,dddb83856cd5a1813573467f,M13,0,18.31,12.6064863205,60
49,dddb83856cd5a1813573467f,M14,0,15,10.3981361389,60
49,dddb83856cd5a1813573467f,M15,0,18.5,12.8537664413,60
49,dddb83856cd5a1813573467f,M16,0,41.29,24.8929424286,100
49,dddb83856cd5a1813573467f,M17,0,5.62,4.6904706955,14
49,dddb83856cd5a1813573467f,M18,0,7.65,6.32574892044,21
49,dddb83856cd5a1813573467f,M19,0,6.42,5.63573694229,21
49,dddb83856cd5a1813573467f,M20,0,8.49,7.12796831131,20
49,dddb83856cd5a1813573467f,M21,0,6.14,5.59943151474,21
49,dddb83856cd5a1813573467f,M22,0,13.47,11.0983629227,45
49,dddb83856cd5a1813573467f,M23,0,11.3,9.04220676422,45
49,dddb83856cd5a1813573467f,M24,0,13.91,11.3973331451,45
49,dddb83856cd5a1813573467f,M25,0,11.93,9.16091346741,20
49,dddb83856cd5a1813573467f,M26,0,10.36,7.71860456467,20
49,dddb83856cd5a1813573467f,M27,0,12.11,9.67475128174,30
49,dddb83856cd5a1813573467f,M28,0,10.05,7.86778497696,30
49,dddb83856cd5a1813573467f,M29,0,12,9.68472003937,30
49,dddb83856cd5a1813573467f,M30,0,7.07,6.07358026505,21
51,8462267483bc8dc0c5eb0740,M01,0,6.49,6.53532266617,10
51,8462267483bc8dc0c5eb0740,M02,0,8.62,8.4162569046,15
51,8462267483bc8dc0c5eb0740,M03,0,8.17,8.31497764587,21
51,8462267483bc8dc0c5eb0740,M04,0,7.47,7.77429676056,21
51,8462267483bc8dc0c5eb0740,M05,0,7.43,7.82943582535,21
51,8462267483bc8dc0c5eb0740,M06,0,10.34,11.1600160599,21
51,8462267483bc8dc0c5eb0740,M07,0,10.9,12.0750141144,30
51,8462267483bc8dc0c5eb0740,M08,0,15.02,15.7419900894,30
51,8462267483bc8dc0c5eb0740,M09,0,13.93,14.3001146317,30
51,8462267483bc8dc0c5eb0740,M10,0,16.73,17.1988506317,30
51,8462267483bc8dc0c5eb0740,M11,0,15.89,16.1337738037,30
51,8462267483bc8dc0c5eb0740,M12,0,20.5,20.6670303345,45
51,8462267483bc8dc0c5eb0740,M13,0,19.62,20.8257389069,60
51,8462267483bc8dc0c5eb0740,M14,0,16.25,16.7226696014,60
51,8462267483bc8dc0c5eb0740,M15,0,19.84,21.0207004547,60
51,8462267483bc8dc0c5eb0740,M16,0,44.74,43.8142204285,100
51,8462267483bc8dc0c5eb0740,M17,0,6.01,5.98485851288,14
51,8462267483bc8dc0c5eb0740,M18,0,8.09,8.04464054108,21
51,8462267483bc8dc0c5eb0740,M19,0,6.21,7.0096373558,21
51,8462267483bc8dc0c5eb0740,M20,0,8.43,9.23740577698,20
51,8462267483bc8dc0c5eb0740,M21,0,6,6.62136363983,21
51,8462267483bc8dc0c5eb0740,M22,0,13.12,15.0906505585,45
51,8462267483bc8dc0c5eb0740,M23,0,11.27,12.2018051147,45
51,8462267483bc8dc0c5eb0740,M24,0,13.25,15.4929590225,45
51,8462267483bc8dc0c5eb0740,M25,0,12.78,12.5346736908,20
51,8462267483bc8dc0c5eb0740,M26,0,11.36,11.065290451,20
51,8462267483bc8dc0c5eb0740,M27,0,13.72,14.2869129181,30
51,8462267483bc8dc0c5eb0740,M28,0,11.6,11.9709701538,30
51,8462267483bc8dc0c5eb0740,M29,0,13.62,14.2856464386,30
51,8462267483bc8dc0c5eb0740,M30,0,8.19,8.36543655396,21
53,de76339ba27df16100871511,M01,0,3.38,4.37258434296,10
53,de76339ba27df16100871511,M02,0,3.93,5.34281158447,15
53,de76339ba27df16100871511,M03,0,4.11,4.89353656769,21
53,de76339ba27df16100871511,M04,0,3.84,4.48325490952,21
53,de76339ba27df16100871511,M05,0,3.52,4.48730516434,21
53,de76339ba27df16100871511,M06,0,5.49,6.32348918915,21
53,de76339ba27df16100871511,M07,0,4.46,5.7754535675,30
53,de76339ba27df16100871511,M08,0,3.94,7.25307512283,30
53,de76339ba27df16100871511,M09,0,2.9,6.20196247101,30
53,de76339ba27df16100871511,M10,0,5.54,8.55160617828,30
53,de76339ba27df16100871511,M11,0,4.28,7.66902685165,30
53,de76339ba27df16100871511,M12,0,3.97,7.46281433105,45
53,de76339ba27df16100871511,M13,0,5.59,7.82501459122,60
53,de76339ba27df16100871511,M14,0,3.67,5.88589096069,60
53,de76339ba27df16100871511,M15,0,5.59,7.8240685463,60
53,de76339ba27df16100871511,M16,0,6.85,16.076631546,100
53,de76339ba27df16100871511,M17,0,1.84,3.5578687191,14
53,de76339ba27df16100871511,M18,0,4.51,4.86842918396,21
53,de76339ba27df16100871511,M19,0,4.16,4.06341123581,21
53,de76339ba27df16100871511,M20,0,4.24,5.15004253387,20
53,de76339ba27df16100871511,M21,0,4.14,4.04685688019,21
53,de76339ba27df16100871511,M22,0,5.41,7.25873756409,45
53,de76339ba27df16100871511,M23,0,3.14,5.47776603699,45
53,de76339ba27df16100871511,M24,0,5.54,7.27208852768,45
53,de76339ba27df16100871511,M25,0,6.3,7.76514196396,20
53,de76339ba27df16100871511,M26,0,4.76,6.69294834137,20
53,de76339ba27df16100871511,M27,0,6.72,8.14551639557,30
53,de76339ba27df16100871511,M28,0,5.26,6.55894851685,30
53,de76339ba27df16100871511,M29,0,6.49,7.96957778931,30
53,de76339ba27df16100871511,M30,0,4.69,4.94697761536,21
54,1fbd74bab3e102b26979a15d,M01,3,6.95,5.53943777084,10
54,1fbd74bab3e102b26979a15d,M02,3,9.32,6.77942276001,15
54,1fbd74bab3e102b26979a15d,M03,3,9.36,6.44121408463,21
54,1fbd74bab3e102b26979a15d,M04,3,8.58,5.91289710999,21
54,1fbd74bab3e102b26979a15d,M05,3,8.47,5.82210445404,21
54,1fbd74bab3e102b26979a15d,M06,3,11.66,8.33668804169,21
54,1fbd74bab3e102b26979a15d,M07,3,12.67,8.36366081238,30
54,1fbd74bab3e102b26979a15d,M08,3,16.97,11.0784816742,30
54,1fbd74bab3e102b26979a15d,M09,3,15.81,9.81599330902,30
54,1fbd74bab3e102b26979a15d,M10,3,18.69,12.5604028702,30
54,1fbd74bab3e102b26979a15d,M11,3,17.71,11.4421949387,30
54,1fbd74bab3e102b26979a15d,M12,3,23.66,13.6230392456,45
54,1fbd74bab3e102b26979a15d,M13,3,23.09,13.6048593521,60
54,1fbd74bab3e102b26979a15d,M14,3,19.41,11.410284996,60
54,1fbd74bab3e102b26979a15d,M15,3,23.49,14.0325984955,60
54,1fbd74bab3e102b26979a15d,M16,3,50.35,29.9365673065,100
54,1fbd74bab3e102b26979a15d,M17,3,6.73,4.82986927032,14
54,1fbd74bab3e102b26979a15d,M18,3,9.19,6.41481256485,21
54,1fbd74bab3e102b26979a15d,M19,3,5.99,5.98852586746,21
54,1fbd74bab3e102b26979a15d,M20,3,10.45,7.44025421143,20
54,1fbd74bab3e102b26979a15d,M21,3,7.65,5.70257949829,21
54,1fbd74bab3e102b26979a15d,M22,3,18.33,11.2401609421,45
54,1fbd74bab3e102b26979a15d,M23,3,15.35,9.07902812958,45
54,1fbd74bab3e102b26979a15d,M24,3,18.65,11.6291694641,45
54,1fbd74bab3e102b26979a15d,M25,3,13.62,9.80278015137,20
54,1fbd74bab3e102b26979a15d,M26,3,12.21,8.67876720428,20
54,1fbd74bab3e102b26979a15d,M27,3,15.35,10.5516700745,30
54,1fbd74bab3e102b26979a15d,M28,3,13.22,8.83915710449,30
54,1fbd74bab3e102b26979a15d,M29,3,15.38,10.5955753326,30
54,1fbd74bab3e102b26979a15d,M30,3,9.38,6.41878604889,21
55,d9401cbf16b2cebc83fd68dc,M01,2,5.39,5.91933917999,10
55,d9401cbf16b2cebc83fd68dc,M02,2,7.21,7.1185297966,15
55,d9401cbf16b2cebc83fd68dc,M03,2,6.3,6.78707742691,21
55,d9401cbf16b2cebc83fd68dc,M04,2,5.76,6.3610253334,21
55,d9401cbf16b2cebc83fd68dc,M05,2,5.45,6.28923082352,21
55,d9401cbf16b2cebc83fd68dc,M06,2,7.76,8.56433391571,21
55,d9401cbf16b2cebc83fd68dc,M07,2,8.11,8.4220905304,30
55,d9401cbf16b2cebc83fd68dc,M08,2,10.91,10.5537567139,30
55,d9401cbf16b2cebc83fd68dc,M09,2,9.45,9.36633110046,30
55,d9401cbf16b2cebc83fd68dc,M10,2,12.73,11.8430604935,30
55,d9401cbf16b2cebc83fd68dc,M11,2,11.12,10.9392709732,30
55,d9401cbf16b2cebc83fd68dc,M12,2,13.56,13.504532814,45
55,d9401cbf16b2cebc83fd68dc,M13,2,13.3,13.538892746,60
55,d9401cbf16b2cebc83fd68dc,M14,2,10.39,11.3531427383,60
55,d9401cbf16b2cebc83fd68dc,M15,2,13.5,13.6601800919,60
55,d9401cbf16b2cebc83fd68dc,M16,2,25.91,28.5526580811,100
55,d9401cbf16b2cebc83fd68dc,M17,2,5.47,5.13131475449,14
55,d9401cbf16b2cebc83fd68dc,M18,2,7.59,6.83399057388,21
55,d9401cbf16b2cebc83fd68dc,M19,2,5.28,6.0374712944,21
55,d9401cbf16b2cebc83fd68dc,M20,2,9.12,7.34339427948,20
55,d9401cbf16b2cebc83fd68dc,M21,2,6.59,5.77024173737,21
55,d9401cbf16b2cebc83fd68dc,M22,2,14.79,10.5681562424,45
55,d9401cbf16b2cebc83fd68dc,M23,2,12.29,8.76082134247,45
55,d9401cbf16b2cebc83fd68dc,M24,2,15.29,10.8178548813,45
55,d9401cbf16b2cebc83fd68dc,M25,2,8.83,10.0701913834,20
55,d9401cbf16b2cebc83fd68dc,M26,2,6.8,8.75945472717,20
55,d9401cbf16b2cebc83fd68dc,M27,2,8.55,10.7090759277,30
55,d9401cbf16b2cebc83fd68dc,M28,2,6.99,9.06194496155,30
55,d9401cbf16b2cebc83fd68dc,M29,2,8.71,10.6840896606,30
55,d9401cbf16b2cebc83fd68dc,M30,2,5.17,6.73538303375,21
56,780c412e404e2d3c20298ba1,M25,3,13.86,13.1533184052,20
56,780c412e404e2d3c20298ba1,M26,3,12.55,11.7577972412,20
56,780c412e404e2d3c20298ba1,M27,3,15.99,15.5536441803,30
56,780c412e404e2d3c20298ba1,M28,3,13.99,13.2926101685,30
56,780c412e404e2d3c20298ba1,M29,3,15.68,15.5730314255,30
56,780c412e404e2d3c20298ba1,M30,3,9.82,9.65906620026,21
57,7b782a00d24f8ce3c9b9fbce,M01,2,7.56,8.3014087677,10
57,7b782a00d24f8ce3c9b9fbce,M02,2,10.02,10.535282135,15
57,7b782a00d24f8ce3c9b9fbce,M03,2,10.68,11.5246229172,21
57,7b782a00d24f8ce3c9b9fbce,M04,2,9.82,11.1467695236,21
57,7b782a00d24f8ce3c9b9fbce,M05,2,9.89,11.2575511932,21
57,7b782a00d24f8ce3c9b9fbce,M06,2,13.36,14.2731628418,21
57,7b782a00d24f8ce3c9b9fbce,M07,2,14.66,16.1490402222,30
57,7b782a00d24f8ce3c9b9fbce,M08,2,19.03,20.3434333801,30
57,7b782a00d24f8ce3c9b9fbce,M09,2,17.81,19.381231308,30
57,7b782a00d24f8ce3c9b9fbce,M10,2,20.72,21.6904010773,30
57,7b782a00d24f8ce3c9b9fbce,M11,2,19.83,21.1945419312,30
57,7b782a00d24f8ce3c9b9fbce,M12,2,27.09,28.1562614441,45
57,7b782a00d24f8ce3c9b9fbce,M13,2,27.6,29.0685520172,60
57,7b782a00d24f8ce3c9b9fbce,M14,2,23.89,25.8975963593,60
57,7b782a00d24f8ce3c9b9fbce,M15,2,27.74,29.2325496674,60
57,7b782a00d24f8ce3c9b9fbce,M16,2,55.96,55.1371612549,100
57,7b782a00d24f8ce3c9b9fbce,M17,2,7.57,8.3339138031,14
57,7b782a00d24f8ce3c9b9fbce,M18,2,10.37,11.5091848373,21
57,7b782a00d24f8ce3c9b9fbce,M19,2,8.67,10.2694606781,21
57,7b782a00d24f8ce3c9b9fbce,M20,2,10.83,12.0319681168,20
57,7b782a00d24f8ce3c9b9fbce,M21,2,8.12,9.97476577759,21
57,7b782a00d24f8ce3c9b9fbce,M22,2,19.44,23.3307495117,45
57,7b782a00d24f8ce3c9b9fbce,M23,2,16.26,20.7593231201,45
57,7b782a00d24f8ce3c9b9fbce,M24,2,20.07,23.8329353333,45
57,7b782a00d24f8ce3c9b9fbce,M25,2,14.56,14.9577798843,20
57,7b782a00d24f8ce3c9b9fbce,M26,2,13.27,13.9419441223,20
57,7b782a00d24f8ce3c9b9fbce,M27,2,17.35,18.4336051941,30
57,7b782a00d24f8ce3c9b9fbce,M28,2,15.28,16.8014965057,30
57,7b782a00d24f8ce3c9b9fbce,M29,2,17.28,18.3667984009,30
57,7b782a00d24f8ce3c9b9fbce,M30,2,10.73,11.6435155869,21
58,4b6408684e7ec1b4fb4f8f15,M01,3,4.78,5.25656270981,10
58,4b6408684e7ec1b4fb4f8f15,M02,3,6.23,6.37285137177,15
58,4b6408684e7ec1b4fb4f8f15,M03,3,5.37,5.94461250305,21
58,4b6408684e7ec1b4fb4f8f15,M04,3,5.04,5.51883411407,21
58,4b6408684e7ec1b4fb4f8f15,M05,3,5.03,5.4684214592,21
58,4b6408684e7ec1b4fb4f8f15,M06,3,7.02,7.94028425217,21
58,4b6408684e7ec1b4fb4f8f15,M07,3,6.97,7.97088432312,30
58,4b6408684e7ec1b4fb4f8f15,M08,3,8.64,10.4511518478,30
58,4b6408684e7ec1b4fb4f8f15,M09,3,7.23,9.23422431946,30
58,4b6408684e7ec1b4fb4f8f15,M10,3,10.16,11.9060745239,30
58,4b6408684e7ec1b4fb4f8f15,M11,3,8.93,10.7871189117,30
58,4b6408684e7ec1b4fb4f8f15,M12,3,9.94,12.1813259125,45
58,4b6408684e7ec1b4fb4f8f15,M13,3,10.37,12.0639066696,60
58,4b6408684e7ec1b4fb4f8f15,M14,3,7.81,10.1689071655,60
58,4b6408684e7ec1b4fb4f8f15,M15,3,10.46,12.1459960938,60
58,4b6408684e7ec1b4fb4f8f15,M16,3,17.83,20.4539394379,100
58,4b6408684e7ec1b4fb4f8f15,M17,3,3.39,4.44562339783,14
58,4b6408684e7ec1b4fb4f8f15,M18,3,5.52,5.97135353088,21
58,4b6408684e7ec1b4fb4f8f15,M19,3,4.86,5.34075117111,21
58,4b6408684e7ec1b4fb4f8f15,M20,3,6.25,6.7383813858,20
58,4b6408684e7ec1b4fb4f8f15,M21,3,4.66,5.11177968979,21
58,4b6408684e7ec1b4fb4f8f15,M22,3,8.35,10.3166952133,45
58,4b6408684e7ec1b4fb4f8f15,M23,3,6.87,8.33422374725,45
58,4b6408684e7ec1b4fb4f8f15,M24,3,8.21,10.4425935745,45
58,4b6408684e7ec1b4fb4f8f15,M25,3,5.36,9.35164070129,20
58,4b6408684e7ec1b4fb4f8f15,M26,3,3.59,7.99408435822,20
58,4b6408684e7ec1b4fb4f8f15,M27,3,6.01,10.2335720062,30
58,4b6408684e7ec1b4fb4f8f15,M28,3,4.42,8.59618377686,30
58,4b6408684e7ec1b4fb4f8f15,M29,3,5.85,10.0730657578,30
58,4b6408684e7ec1b4fb4f8f15,M30,3,3.62,5.95992946625,21
60,6a754101c77952c9f22727f1,M01,4,5.95,7.49167728424,10
60,6a754101c77952c9f22727f1,M02,4,7.92,9.07995510101,15
60,6a754101c77952c9f22727f1,M03,4,7.13,8.86500930786,21
60,6a754101c77952c9f22727f1,M04,4,6.55,8.36291599274,21
60,6a754101c77952c9f22727f1,M05,4,6.38,8.2309923172,21
60,6a754101c77952c9f22727f1,M06,4,8.95,11.6802015305,21
60,6a754101c77952c9f22727f1,M07,4,9.34,12.1168661118,30
60,6a754101c77952c9f22727f1,M08,4,12.93,17.0781803131,30
60,6a754101c77952c9f22727f1,M09,4,11.72,15.7275400162,30
60,6a754101c77952c9f22727f1,M10,4,14.69,18.5526752472,30
60,6a754101c77952c9f22727f1,M11,4,13.63,17.4853076935,30
60,6a754101c77952c9f22727f1,M12,4,16.96,21.9314651489,45
60,6a754101c77952c9f22727f1,M13,4,16,21.5635623932,60
60,6a754101c77952c9f22727f1,M14,4,13.09,17.7131175995,60
60,6a754101c77952c9f22727f1,M15,4,16.22,21.6839332581,60
60,6a754101c77952c9f22727f1,M16,4,34.78,45.3218765259,100
60,6a754101c77952c9f22727f1,M17,4,5.17,6.83407831192,14
60,6a754101c77952c9f22727f1,M18,4,7.12,8.65343666077,21
60,6a754101c77952c9f22727f1,M19,4,6.09,7.68971586227,21
60,6a754101c77952c9f22727f1,M20,4,8.45,10.2469215393,20
60,6a754101c77952c9f22727f1,M21,4,5.99,7.45698022842,21
60,6a754101c77952c9f22727f1,M22,4,12.87,17.5331459045,45
60,6a754101c77952c9f22727f1,M23,4,10.87,14.8063306808,45
60,6a754101c77952c9f22727f1,M24,4,12.67,17.6342563629,45
60,6a754101c77952c9f22727f1,M25,4,11.78,13.5069818497,20
60,6a754101c77952c9f22727f1,M26,4,10.26,12.3160114288,20
60,6a754101c77952c9f22727f1,M27,4,11.93,14.8814916611,30
60,6a754101c77952c9f22727f1,M28,4,9.89,12.8976240158,30
60,6a754101c77952c9f22727f1,M29,4,11.82,14.7497396469,30
60,6a754101c77952c9f22727f1,M30,4,7.13,8.99078273773,21
61,b727aabe5a35f85d668e9b3f,M01,3,5.38,4.74403333664,10
61,b727aabe5a35f85d668e9b3f,M02,3,7.08,5.98572206497,15
61,b727aabe5a35f85d668e9b3f,M03,3,6.14,5.44473600388,21
61,b727aabe5a35f85d668e9b3f,M04,3,5.58,5.00299263,21
61,b727aabe5a35f85d668e9b3f,M05,3,5.49,4.88578271866,21
61,b727aabe5a35f85d668e9b3f,M06,3,7.77,7.21052932739,21
61,b727aabe5a35f85d668e9b3f,M07,3,7.9,7.17262220383,30
61,b727aabe5a35f85d668e9b3f,M08,3,10.6,9.30716323853,30
61,b727aabe5a35f85d668e9b3f,M09,3,8.97,8.12705516815,30
61,b727aabe5a35f85d668e9b3f,M10,3,12.37,10.8343896866,30
61,b727aabe5a35f85d668e9b3f,M11,3,11.07,9.64598941803,30
61,b727aabe5a35f85d668e9b3f,M12,3,13.23,10.77110672,45
61,b727aabe5a35f85d668e9b3f,M13,3,12.98,10.6385059357,60
61,b727aabe5a35f85d668e9b3f,M14,3,10.19,8.64087963104,60
61,b727aabe5a35f85d668e9b3f,M15,3,13.09,10.7365159988,60
61,b727aabe5a35f85d668e9b3f,M16,3,25.09,21.1862792969,100
61,b727aabe5a35f85d668e9b3f,M17,3,4.05,3.90659403801,14
61,b727aabe5a35f85d668e9b3f,M18,3,6.07,5.49081277847,21
61,b727aabe5a35f85d668e9b3f,M19,3,5.43,5.02636909485,21
61,b727aabe5a35f85d668e9b3f,M20,3,7.6,6.28067588806,20
61,b727aabe5a35f85d668e9b3f,M21,3,5.35,4.8102183342,21
61,b727aabe5a35f85d668e9b3f,M22,3,11.16,9.10995292664,45
61,b727aabe5a35f85d668e9b3f,M23,3,9.11,7.23978233337,45
61,b727aabe5a35f85d668e9b3f,M24,3,11.73,9.23725318909,45
61,b727aabe5a35f85d668e9b3f,M25,3,10.51,8.6100692749,20
61,b727aabe5a35f85d668e9b3f,M26,3,8.73,6.97650337219,20
61,b727aabe5a35f85d668e9b3f,M27,3,10.11,8.85736751556,30
61,b727aabe5a35f85d668e9b3f,M28,3,8.33,7.08585166931,30
61,b727aabe5a35f85d668e9b3f,M29,3,9.93,8.79609775543,30
61,b727aabe5a35f85d668e9b3f,M30,3,5.97,5.36994028091,21
63,35a15bff1177570ab88c7499,M01,1,5.33,5.14184808731,10
63,35a15bff1177570ab88c7499,M02,1,6.62,6.58648729324,15
63,35a15bff1177570ab88c7499,M03,1,6.21,6.21691179276,21
63,35a15bff1177570ab88c7499,M04,1,5.48,5.70667695999,21
63,35a15bff1177570ab88c7499,M05,1,5.21,5.61929702759,21
63,35a15bff1177570ab88c7499,M06,1,7.66,7.56210327148,21
63,35a15bff1177570ab88c7499,M07,1,7.47,8.06806182861,30
63,35a15bff1177570ab88c7499,M08,1,10.31,11.0176305771,30
63,35a15bff1177570ab88c7499,M09,1,8.97,9.89932060242,30
63,35a15bff1177570ab88c7499,M10,1,11.75,12.5905790329,30
63,35a15bff1177570ab88c7499,M11,1,10.82,11.3064126968,30
63,35a15bff1177570ab88c7499,M12,1,13.93,12.842672348,45
63,35a15bff1177570ab88c7499,M13,1,12.3,12.4950389862,60
63,35a15bff1177570ab88c7499,M14,1,10.31,9.8912525177,60
63,35a15bff1177570ab88c7499,M15,1,13.73,12.9256191254,60
63,35a15bff1177570ab88c7499,M16,1,19.75,23.1527462006,100
63,35a15bff1177570ab88c7499,M17,1,4.43,4.60580825806,14
63,35a15bff1177570ab88c7499,M18,1,6.43,6.20017385483,21
63,35a15bff1177570ab88c7499,M19,1,5.57,5.10030221939,21
63,35a15bff1177570ab88c7499,M20,1,7.69,6.42900085449,20
63,35a15bff1177570ab88c7499,M21,1,5.68,5.06003141403,21
63,35a15bff1177570ab88c7499,M22,1,11.85,10.6499929428,45
63,35a15bff1177570ab88c7499,M23,1,9.44,8.32064342499,45
63,35a15bff1177570ab88c7499,M24,1,13.24,11.2890300751,45
63,35a15bff1177570ab88c7499,M25,1,10.13,9.36062335968,20
63,35a15bff1177570ab88c7499,M26,1,7.99,7.85260486603,20
63,35a15bff1177570ab88c7499,M27,1,9.74,10.5946578979,30
63,35a15bff1177570ab88c7499,M28,1,7.85,8.41780567169,30
63,35a15bff1177570ab88c7499,M29,1,10.36,10.6549663544,30
63,35a15bff1177570ab88c7499,M30,1,5.68,6.15920448303,21
65,d03f670f1f126e5f040b4224,M01,1,5.39,5.94349718094,10
65,d03f670f1f126e5f040b4224,M02,1,7.29,7.49598026276,15
65,d03f670f1f126e5f040b4224,M03,1,6.24,7.14009046555,21
65,d03f670f1f126e5f040b4224,M04,1,5.73,6.60675430298,21
65,d03f670f1f126e5f040b4224,M05,1,5.55,6.56492853165,21
65,d03f670f1f126e5f040b4224,M06,1,7.84,9.26438903809,21
65,d03f670f1f126e5f040b4224,M07,1,8.05,9.35862827301,30
65,d03f670f1f126e5f040b4224,M08,1,11.12,12.6013059616,30
65,d03f670f1f126e5f040b4224,M09,1,9.93,11.510597229,30
65,d03f670f1f126e5f040b4224,M10,1,12.72,14.1290483475,30
65,d03f670f1f126e5f040b4224,M11,1,11.72,13.0615196228,30
65,d03f670f1f126e5f040b4224,M12,1,14.35,16.2322921753,45
65,d03f670f1f126e5f040b4224,M13,1,13.7,16.1442260742,60
65,d03f670f1f126e5f040b4224,M14,1,11.02,12.6537303925,60
65,d03f670f1f126e5f040b4224,M15,1,13.76,16.1050186157,60
65,d03f670f1f126e5f040b4224,M16,1,28.23,32.1112785339,100
65,d03f670f1f126e5f040b4224,M17,1,4.47,5.25876092911,14
65,d03f670f1f126e5f040b4224,M18,1,6.44,6.93935871124,21
65,d03f670f1f126e5f040b4224,M19,1,4.93,6.16558170319,21
65,d03f670f1f126e5f040b4224,M20,1,7.15,8.07330513,20
65,d03f670f1f126e5f040b4224,M21,1,5.11,6.0037779808,21
65,d03f670f1f126e5f040b4224,M22,1,11.26,12.3669862747,45
65,d03f670f1f126e5f040b4224,M23,1,9.45,9.96755218506,45
65,d03f670f1f126e5f040b4224,M24,1,11.29,12.4498338699,45
65,d03f670f1f126e5f040b4224,M25,1,10.73,11.0014343262,20
65,d03f670f1f126e5f040b4224,M26,1,9.1,9.36647891998,20
65,d03f670f1f126e5f040b4224,M27,1,10.32,11.6633262634,30
65,d03f670f1f126e5f040b4224,M28,1,8.58,9.53866004944,30
65,d03f670f1f126e5f040b4224,M29,1,10.08,11.5281620026,30
65,d03f670f1f126e5f040b4224,M30,1,6.16,6.93449831009,21
66,6337f9636fede46bcc35391b,M01,3,3.99,4.06298780441,10
66,6337f9636fede46bcc35391b,M02,3,4.44,5.16715812683,15
66,6337f9636fede46bcc35391b,M03,3,4.42,4.76262283325,21
66,6337f9636fede46bcc35391b,M04,3,4.1,4.35640859604,21
66,6337f9636fede46bcc35391b,M05,3,3.67,4.3242764473,21
66,6337f9636fede46bcc35391b,M06,3,5.7,6.41629552841,21
66,6337f9636fede46bcc35391b,M07,3,4.95,6.32937908173,30
66,6337f9636fede46bcc35391b,M08,3,4.7,8.17658615112,30
66,6337f9636fede46bcc35391b,M09,3,3.35,7.03200387955,30
66,6337f9636fede46bcc35391b,M10,3,6.27,9.67573642731,30
66,6337f9636fede46bcc35391b,M11,3,4.36,8.53160572052,30
66,6337f9636fede46bcc35391b,M12,3,4.64,9.39181995392,45
66,6337f9636fede46bcc35391b,M13,3,6.06,9.12598514557,60
66,6337f9636fede46bcc35391b,M14,3,3.74,7.15480804443,60
66,6337f9636fede46bcc35391b,M15,3,6.27,9.20754146576,60
66,6337f9636fede46bcc35391b,M16,3,7.3,15.9800863266,100
66,6337f9636fede46bcc35391b,M17,3,2.09,3.29654693604,14
66,6337f9636fede46bcc35391b,M18,3,4.72,4.80337667465,21
66,6337f9636fede46bcc35391b,M19,3,4.5,4.40937757492,21
66,6337f9636fede46bcc35391b,M20,3,4.83,5.58426046371,20
66,6337f9636fede46bcc35391b,M21,3,4.55,4.22118711472,21
66,6337f9636fede46bcc35391b,M22,3,7.06,8.26588439941,45
66,6337f9636fede46bcc35391b,M23,3,4.76,6.43245506287,45
66,6337f9636fede46bcc35391b,M24,3,7.4,8.38721466064,45
66,6337f9636fede46bcc35391b,M25,3,4.05,7.72927093506,20
66,6337f9636fede46bcc35391b,M26,3,2.99,6.01175165176,20
66,6337f9636fede46bcc35391b,M27,3,5.63,7.89530563354,30
66,6337f9636fede46bcc35391b,M28,3,3.19,6.17083120346,30
66,6337f9636fede46bcc35391b,M29,3,6.01,7.84088039398,30
66,6337f9636fede46bcc35391b,M30,3,2.23,4.71806812286,21
67,9699e16c8071621d55aa20c2,M01,0,6.4,5.72954416275,10
67,9699e16c8071621d55aa20c2,M02,0,8.41,6.99701595306,15
67,9699e16c8071621d55aa20c2,M03,0,7.83,6.5311331749,21
67,9699e16c8071621d55aa20c2,M04,0,7.16,5.94541120529,21
67,9699e16c8071621d55aa20c2,M05,0,7.06,6.03870344162,21
67,9699e16c8071621d55aa20c2,M06,0,9.9,8.43765926361,21
67,9699e16c8071621d55aa20c2,M07,0,10.32,8.30428123474,30
67,9699e16c8071621d55aa20c2,M08,0,14.12,11.0674028397,30
67,9699e16c8071621d55aa20c2,M09,0,12.92,9.71249866486,30
67,9699e16c8071621d55aa20c2,M10,0,15.95,12.4456386566,30
67,9699e16c8071621d55aa20c2,M11,0,14.91,11.4160814285,30
67,9699e16c8071621d55aa20c2,M12,0,18.78,14.502035141,45
67,9699e16c8071621d55aa20c2,M13,0,18.02,14.4397192001,60
67,9699e16c8071621d55aa20c2,M14,0,14.57,12.4221801758,60
67,9699e16c8071621d55aa20c2,M15,0,18.21,14.8683385849,60
67,9699e16c8071621d55aa20c2,M16,0,39.6,28.9798698425,100
67,9699e16c8071621d55aa20c2,M17,0,5.72,4.9931807518,14
67,9699e16c8071621d55aa20c2,M18,0,7.76,6.43309116364,21
67,9699e16c8071621d55aa20c2,M19,0,5.85,6.13011980057,21
67,9699e16c8071621d55aa20c2,M20,0,7.78,7.61541223526,20
67,9699e16c8071621d55aa20c2,M21,0,5.69,5.86999177933,21
67,9699e16c8071621d55aa20c2,M22,0,11.99,12.1755990982,45
67,9699e16c8071621d55aa20c2,M23,0,10.13,10.1222782135,45
67,9699e16c8071621d55aa20c2,M24,0,12.07,12.6641550064,45
67,9699e16c8071621d55aa20c2,M25,0,12.5,9.59534549713,20
67,9699e16c8071621d55aa20c2,M26,0,10.92,8.16086292267,20
67,9699e16c8071621d55aa20c2,M27,0,13.08,10.3900938034,30
67,9699e16c8071621d55aa20c2,M28,0,10.83,8.60189628601,30
67,9699e16c8071621d55aa20c2,M29,0,13.01,10.5513296127,30
67,9699e16c8071621d55aa20c2,M30,0,7.84,6.52113962173,21
68,37927413d1b2c33fd4f48fe4,M01,1,4.85,4.08689165115,10
68,37927413d1b2c33fd4f48fe4,M02,1,6.36,5.36135339737,15
68,37927413d1b2c33fd4f48fe4,M03,1,5.45,4.9409403801,21
68,37927413d1b2c33fd4f48fe4,M04,1,5.22,4.43562746048,21
68,37927413d1b2c33fd4f48fe4,M05,1,5.07,4.39673948288,21
68,37927413d1b2c33fd4f48fe4,M06,1,6.89,6.06871891022,21
68,37927413d1b2c33fd4f48fe4,M07,1,6.96,6.20549726486,30
68,37927413d1b2c33fd4f48fe4,M08,1,8.9,7.83665561676,30
68,37927413d1b2c33fd4f48fe4,M09,1,7.94,6.66218471527,30
68,37927413d1b2c33fd4f48fe4,M10,1,10.53,9.18473148346,30
68,37927413d1b2c33fd4f48fe4,M11,1,9.65,8.13562870026,30
68,37927413d1b2c33fd4f48fe4,M12,1,10.62,10.2571029663,45
68,37927413d1b2c33fd4f48fe4,M13,1,10.86,10.1949243546,60
68,37927413d1b2c33fd4f48fe4,M14,1,8.24,7.49591732025,60
68,37927413d1b2c33fd4f48fe4,M15,1,10.91,10.2992229462,60
68,37927413d1b2c33fd4f48fe4,M16,1,19.24,15.0859594345,100
68,37927413d1b2c33fd4f48fe4,M17,1,3.57,3.42019486427,14
68,37927413d1b2c33fd4f48fe4,M18,1,5.64,5.03476715088,21
68,37927413d1b2c33fd4f48fe4,M19,1,5.34,4.40605401993,21
68,37927413d1b2c33fd4f48fe4,M20,1,7.1,5.38020515442,20
68,37927413d1b2c33fd4f48fe4,M21,1,5.39,4.3375287056,21
68,37927413d1b2c33fd4f48fe4,M22,1,10.94,8.12856388092,45
68,37927413d1b2c33fd4f48fe4,M23,1,8.87,6.15499639511,45
68,37927413d1b2c33fd4f48fe4,M24,1,11.07,8.33556461334,45
68,37927413d1b2c33fd4f48fe4,M25,1,6.88,6.91616439819,20
68,37927413d1b2c33fd4f48fe4,M26,1,4.45,5.01056957245,20
68,37927413d1b2c33fd4f48fe4,M27,1,7.3,7.40658140182,30
68,37927413d1b2c33fd4f48fe4,M28,1,5.78,5.43357133865,30
68,37927413d1b2c33fd4f48fe4,M29,1,7.24,7.26257705688,30
68,37927413d1b2c33fd4f48fe4,M30,1,3.62,4.38741159439,21
69,80a0d3bab064158ae690ad6a,M01,3,7.69,8.08902549744,10
69,80a0d3bab064158ae690ad6a,M02,3,10.29,10.2962284088,15
69,80a0d3bab064158ae690ad6a,M03,3,11.18,10.6782531738,21
69,80a0d3bab064158ae690ad6a,M04,3,10.17,10.00801754,21
69,80a0d3bab064158ae690ad6a,M05,3,10.23,10.0309915543,21
69,80a0d3bab064158ae690ad6a,M06,3,13.75,13.6136512756,21
69,80a0d3bab064158ae690ad6a,M07,3,15.41,15.1833028793,30
69,80a0d3bab064158ae690ad6a,M08,3,19.78,19.1817092896,30
69,80a0d3bab064158ae690ad6a,M09,3,18.36,17.6612167358,30
69,80a0d3bab064158ae690ad6a,M10,3,21.45,20.5659999847,30
69,80a0d3bab064158ae690ad6a,M11,3,20.4,19.5767879486,30
69,80a0d3bab064158ae690ad6a,M12,3,28.35,27.061624527,45
69,80a0d3bab064158ae690ad6a,M13,3,28.65,27.5644683838,60
69,80a0d3bab064158ae690ad6a,M14,3,24.95,23.9436397552,60
69,80a0d3bab064158ae690ad6a,M15,3,29.32,27.8466835022,60
69,80a0d3bab064158ae690ad6a,M16,3,57.18,55.921333313,100
69,80a0d3bab064158ae690ad6a,M17,3,7.72,7.67892074585,14
69,80a0d3bab064158ae690ad6a,M18,3,10.7,10.3045835495,21
69,80a0d3bab064158ae690ad6a,M19,3,9.31,9.42910671234,21
69,80a0d3bab064158ae690ad6a,M20,3,11.44,11.5880842209,20
69,80a0d3bab064158ae690ad6a,M21,3,8.64,8.87616443634,21
69,80a0d3bab064158ae690ad6a,M22,3,21.28,20.0279655457,45
69,80a0d3bab064158ae690ad6a,M23,3,17.99,17.3763751984,45
69,80a0d3bab064158ae690ad6a,M24,3,22.08,20.3387203217,45
69,80a0d3bab064158ae690ad6a,M25,3,14.81,14.5813455582,20
69,80a0d3bab064158ae690ad6a,M26,3,13.47,13.4462556839,20
69,80a0d3bab064158ae690ad6a,M27,3,17.82,17.2926921844,30
69,80a0d3bab064158ae690ad6a,M28,3,15.75,15.334312439,30
69,80a0d3bab064158ae690ad6a,M29,3,17.95,17.2798194885,30
69,80a0d3bab064158ae690ad6a,M30,3,11.22,10.7074995041,21
70,6edd2232ed1ec668311aa339,M01,1,4.09,4.08046007156,10
70,6edd2232ed1ec668311aa339,M02,1,4.83,5.33926486969,15
70,6edd2232ed1ec668311aa339,M03,1,4.57,4.87902927399,21
70,6edd2232ed1ec668311aa339,M04,1,4.33,4.42332315445,21
70,6edd2232ed1ec668311aa339,M05,1,4.02,4.38443517685,21
70,6edd2232ed1ec668311aa339,M06,1,5.84,6.12145805359,21
70,6edd2232ed1ec668311aa339,M07,1,5.3,6.24645900726,30
70,6edd2232ed1ec668311aa339,M08,1,5.62,8.1239233017,30
70,6edd2232ed1ec668311aa339,M09,1,4.31,6.98255491257,30
70,6edd2232ed1ec668311aa339,M10,1,7.12,9.4484539032,30
70,6edd2232ed1ec668311aa339,M11,1,5.62,8.54052066803,30
70,6edd2232ed1ec668311aa339,M12,1,5.71,10.7283267975,45
70,6edd2232ed1ec668311aa339,M13,1,6.78,10.7448282242,60
70,6edd2232ed1ec668311aa339,M14,1,4.38,8.07593631744,60
70,6edd2232ed1ec668311aa339,M15,1,6.99,10.8310289383,60
70,6edd2232ed1ec668311aa339,M16,1,8.87,15.8102788925,100
70,6edd2232ed1ec668311aa339,M17,1,2.3,3.40252137184,14
70,6edd2232ed1ec668311aa339,M18,1,4.86,4.99271965027,21
70,6edd2232ed1ec668311aa339,M19,1,4.57,4.25385665894,21
70,6edd2232ed1ec668311aa339,M20,1,5.31,5.31478452682,20
70,6edd2232ed1ec668311aa339,M21,1,4.63,4.21675539017,21
70,6edd2232ed1ec668311aa339,M22,1,7.53,8.43196964264,45
70,6edd2232ed1ec668311aa339,M23,1,5.29,6.41485452652,45
70,6edd2232ed1ec668311aa339,M24,1,7.8,8.63655948639,45
70,6edd2232ed1ec668311aa339,M25,1,6.67,7.15111160278,20
70,6edd2232ed1ec668311aa339,M26,1,4.85,5.42235088348,20
70,6edd2232ed1ec668311aa339,M27,1,7.06,7.66320943832,30
70,6edd2232ed1ec668311aa339,M28,1,5.43,5.85500335693,30
70,6edd2232ed1ec668311aa339,M29,1,6.93,7.61222696304,30
70,6edd2232ed1ec668311aa339,M30,1,4.27,4.50030660629,21
71,577bf2cb81f94acf50f2db0f,M01,0,6.07,6.61501932144,10
71,577bf2cb81f94acf50f2db0f,M02,0,7.98,7.92819070816,15
71,577bf2cb81f94acf50f2db0f,M03,0,7.21,7.45464277267,21
71,577bf2cb81f94acf50f2db0f,M04,0,6.57,6.96332836151,21
71,577bf2cb81f94acf50f2db0f,M05,0,6.48,6.98848009109,21
71,577bf2cb81f94acf50f2db0f,M06,0,9.13,9.38278484344,21
71,577bf2cb81f94acf50f2db0f,M07,0,9.45,9.55688285828,30
71,577bf2cb81f94acf50f2db0f,M08,0,12.95,12.1363286972,30
71,577bf2cb81f94acf50f2db0f,M09,0,11.84,10.9833593369,30
71,577bf2cb81f94acf50f2db0f,M10,0,14.77,13.5238790512,30
71,577bf2cb81f94acf50f2db0f,M11,0,13.79,12.5308103561,30
71,577bf2cb81f94acf50f2db0f,M12,0,16.87,15.6849603653,45
71,577bf2cb81f94acf50f2db0f,M13,0,16.27,15.7760324478,60
71,577bf2cb81f94acf50f2db0f,M14,0,13.17,13.8594417572,60
71,577bf2cb81f94acf50f2db0f,M15,0,16.47,16.1156311035,60
71,577bf2cb81f94acf50f2db0f,M16,0,34.83,33.8637962341,100
71,577bf2cb81f94acf50f2db0f,M17,0,5.22,6.0540266037,14
71,577bf2cb81f94acf50f2db0f,M18,0,7.13,7.34302330017,21
71,577bf2cb81f94acf50f2db0f,M19,0,5.87,6.96909761429,21
71,577bf2cb81f94acf50f2db0f,M20,0,8.79,8.39272022247,20
71,577bf2cb81f94acf50f2db0f,M21,0,6.4,6.65171909332,21
71,577bf2cb81f94acf50f2db0f,M22,0,14.49,13.1800785065,45
71,577bf2cb81f94acf50f2db0f,M23,0,12.01,11.2268810272,45
71,577bf2cb81f94acf50f2db0f,M24,0,14.36,13.6229801178,45
71,577bf2cb81f94acf50f2db0f,M25,0,11.91,10.5418043137,20
71,577bf2cb81f94acf50f2db0f,M26,0,10.34,8.92649936676,20
71,577bf2cb81f94acf50f2db0f,M27,0,12.12,11.3098812103,30
71,577bf2cb81f94acf50f2db0f,M28,0,10,9.62607955933,30
71,577bf2cb81f94acf50f2db0f,M29,0,12.05,11.4550666809,30
71,577bf2cb81f94acf50f2db0f,M30,0,7.21,7.4594373703,21
72,199be8c56e73e5eb81a7e6f0,M01,4,7.96,8.66244220734,10
72,199be8c56e73e5eb81a7e6f0,M02,4,10.6,11.2841901779,15
72,199be8c56e73e5eb81a7e6f0,M03,4,11.83,11.9011735916,21
72,199be8c56e73e5eb81a7e6f0,M04,4,10.85,11.3498058319,21
72,199be8c56e73e5eb81a7e6f0,M05,4,11.01,11.4450931549,21
72,199be8c56e73e5eb81a7e6f0,M06,4,14.48,14.7635536194,21
72,199be8c56e73e5eb81a7e6f0,M07,4,16.41,16.843132019,30
72,199be8c56e73e5eb81a7e6f0,M08,4,20.75,20.6690597534,30
72,199be8c56e73e5eb81a7e6f0,M09,4,19.38,19.2847080231,30
72,199be8c56e73e5eb81a7e6f0,M10,4,22.37,21.825138092,30
72,199be8c56e73e5eb81a7e6f0,M11,4,21.47,21.3423919678,30
72,199be8c56e73e5eb81a7e6f0,M12,4,30,29.8259162903,45
72,199be8c56e73e5eb81a7e6f0,M13,4,30.76,30.577796936,60
72,199be8c56e73e5eb81a7e6f0,M14,4,27.22,26.5247325897,60
72,199be8c56e73e5eb81a7e6f0,M15,4,31.43,30.9709796906,60
72,199be8c56e73e5eb81a7e6f0,M16,4,59.54,59.6776046753,100
72,199be8c56e73e5eb81a7e6f0,M17,4,8.15,8.43999290466,14
72,199be8c56e73e5eb81a7e6f0,M18,4,11.32,11.7134313583,21
72,199be8c56e73e5eb81a7e6f0,M19,4,10.34,10.6837778091,21
72,199be8c56e73e5eb81a7e6f0,M20,4,12.33,12.7863836288,20
72,199be8c56e73e5eb81a7e6f0,M21,4,9.5,10.2314720154,21
72,199be8c56e73e5eb81a7e6f0,M22,4,24.07,24.175907135,45
72,199be8c56e73e5eb81a7e6f0,M23,4,20.52,20.6915187836,45
72,199be8c56e73e5eb81a7e6f0,M24,4,24.93,24.6861457825,45
72,199be8c56e73e5eb81a7e6f0,M25,4,15.22,15.3687562943,20
72,199be8c56e73e5eb81a7e6f0,M26,4,13.94,14.5058383942,20
72,199be8c56e73e5eb81a7e6f0,M27,4,18.69,18.7897205353,30
72,199be8c56e73e5eb81a7e6f0,M28,4,16.73,17.0680675507,30
72,199be8c56e73e5eb81a7e6f0,M29,4,18.84,18.9415607452,30
72,199be8c56e73e5eb81a7e6f0,M30,4,11.87,11.9758653641,21
73,e7d3343ab01cc92f9746bd90,M01,1,6.93,5.63760566711,10
73,e7d3343ab01cc92f9746bd90,M02,1,9.25,7.17961931229,15
73,e7d3343ab01cc92f9746bd90,M03,1,9.36,6.72104501724,21
73,e7d3343ab01cc92f9746bd90,M04,1,8.16,6.2087097168,21
73,e7d3343ab01cc92f9746bd90,M05,1,8.46,6.15527153015,21
73,e7d3343ab01cc92f9746bd90,M06,1,11.62,8.32683086395,21
73,e7d3343ab01cc92f9746bd90,M07,1,12.66,8.46609306335,30
73,e7d3343ab01cc92f9746bd90,M08,1,16.96,11.2944087982,30
73,e7d3343ab01cc92f9746bd90,M09,1,15.81,10.1701498032,30
73,e7d3343ab01cc92f9746bd90,M10,1,18.68,12.8273191452,30
73,e7d3343ab01cc92f9746bd90,M11,1,17.14,11.774353981,30
73,e7d3343ab01cc92f9746bd90,M12,1,23.51,15.4215650558,45
73,e7d3343ab01cc92f9746bd90,M13,1,22.73,15.3574419022,60
73,e7d3343ab01cc92f9746bd90,M14,1,19.02,11.6751098633,60
73,e7d3343ab01cc92f9746bd90,M15,1,22.98,15.3309860229,60
73,e7d3343ab01cc92f9746bd90,M16,1,49.87,30.2894058228,100
73,e7d3343ab01cc92f9746bd90,M17,1,6.73,5.05561304092,14
73,e7d3343ab01cc92f9746bd90,M18,1,9.21,6.65118646622,21
73,e7d3343ab01cc92f9746bd90,M19,1,7.16,5.91737651825,21
73,e7d3343ab01cc92f9746bd90,M20,1,8.78,7.32078075409,20
73,e7d3343ab01cc92f9746bd90,M21,1,6.18,5.74127531052,21
73,e7d3343ab01cc92f9746bd90,M22,1,13.98,11.3404464722,45
73,e7d3343ab01cc92f9746bd90,M23,1,11.93,9.00957393646,45
73,e7d3343ab01cc92f9746bd90,M24,1,14.14,11.3668251038,45
73,e7d3343ab01cc92f9746bd90,M25,1,13.44,9.94230937958,20
73,e7d3343ab01cc92f9746bd90,M26,1,12.02,7.80804109573,20
73,e7d3343ab01cc92f9746bd90,M27,1,14.97,10.5678882599,30
73,e7d3343ab01cc92f9746bd90,M28,1,12.78,8.27622699738,30
73,e7d3343ab01cc92f9746bd90,M29,1,14.8,10.4310684204,30
73,e7d3343ab01cc92f9746bd90,M30,1,9.39,6.44112348557,21
74,685253186b7c8d8473d65ffa,M01,2,6.8,6.60676622391,10
74,685253186b7c8d8473d65ffa,M02,2,8.99,8.14499187469,15
74,685253186b7c8d8473d65ffa,M03,2,8.76,7.86119651794,21
74,685253186b7c8d8473d65ffa,M04,2,7.92,7.40626811981,21
74,685253186b7c8d8473d65ffa,M05,2,7.87,7.34456157684,21
74,685253186b7c8d8473d65ffa,M06,2,11,10.6644916534,21
74,685253186b7c8d8473d65ffa,M07,2,11.7,11.4856452942,30
74,685253186b7c8d8473d65ffa,M08,2,15.77,14.7578897476,30
74,685253186b7c8d8473d65ffa,M09,2,14.37,13.3561248779,30
74,685253186b7c8d8473d65ffa,M10,2,17.59,16.2664089203,30
74,685253186b7c8d8473d65ffa,M11,2,16.6,15.0378570557,30
74,685253186b7c8d8473d65ffa,M12,2,21.43,19.2212409973,45
74,685253186b7c8d8473d65ffa,M13,2,20.78,18.9851989746,60
74,685253186b7c8d8473d65ffa,M14,2,16.97,15.3376350403,60
74,685253186b7c8d8473d65ffa,M15,2,21.41,19.1324882507,60
74,685253186b7c8d8473d65ffa,M16,2,45.77,43.0409812927,100
74,685253186b7c8d8473d65ffa,M17,2,6.27,5.73802185059,14
74,685253186b7c8d8473d65ffa,M18,2,8.55,7.5485701561,21
74,685253186b7c8d8473d65ffa,M19,2,7.34,6.80447721481,21
74,685253186b7c8d8473d65ffa,M20,2,9.58,9.3566904068,20
74,685253186b7c8d8473d65ffa,M21,2,7.04,6.39495754242,21
74,685253186b7c8d8473d65ffa,M22,2,16.08,14.1233205795,45
74,685253186b7c8d8473d65ffa,M23,2,13.35,11.5222063065,45
74,685253186b7c8d8473d65ffa,M24,2,16.66,14.4108963013,45
74,685253186b7c8d8473d65ffa,M25,2,13.23,12.3444690704,20
74,685253186b7c8d8473d65ffa,M26,2,11.71,11.1256694794,20
74,685253186b7c8d8473d65ffa,M27,2,14.45,13.3751535416,30
74,685253186b7c8d8473d65ffa,M28,2,12.18,11.4670534134,30
74,685253186b7c8d8473d65ffa,M29,2,14.58,13.3792009354,30
74,685253186b7c8d8473d65ffa,M30,2,8.76,8.00582504272,21
75,1fcbc4f3ec49fb735c0f7d56,M01,3,6.41,6.01071405411,10
75,1fcbc4f3ec49fb735c0f7d56,M02,3,8.39,7.25443887711,15
75,1fcbc4f3ec49fb735c0f7d56,M03,3,7.8,6.83137369156,21
75,1fcbc4f3ec49fb735c0f7d56,M04,3,7.11,6.32566928864,21
75,1fcbc4f3ec49fb735c0f7d56,M05,3,7.01,6.23963308334,21
75,1fcbc4f3ec49fb735c0f7d56,M06,3,9.91,8.76113128662,21
75,1fcbc4f3ec49fb735c0f7d56,M07,3,10.22,8.73931121826,30
75,1fcbc4f3ec49fb735c0f7d56,M08,3,13.89,11.1501369476,30
75,1fcbc4f3ec49fb735c0f7d56,M09,3,12.64,9.91620922089,30
75,1fcbc4f3ec49fb735c0f7d56,M10,3,15.8,12.6214065552,30
75,1fcbc4f3ec49fb735c0f7d56,M11,3,14.78,11.4619894028,30
75,1fcbc4f3ec49fb735c0f7d56,M12,3,18.29,14.1878528595,45
75,1fcbc4f3ec49fb735c0f7d56,M13,3,17.83,13.9607248306,60
75,1fcbc4f3ec49fb735c0f7d56,M14,3,14.3,12.1167564392,60
75,1fcbc4f3ec49fb735c0f7d56,M15,3,18.14,14.4078922272,60
75,1fcbc4f3ec49fb735c0f7d56,M16,3,38.33,31.0336456299,100
75,1fcbc4f3ec49fb735c0f7d56,M17,3,5.64,5.25208044052,14
75,1fcbc4f3ec49fb735c0f7d56,M18,3,7.71,6.76316785812,21
75,1fcbc4f3ec49fb735c0f7d56,M19,3,6.02,6.16665363312,21
75,1fcbc4f3ec49fb735c0f7d56,M20,3,8.02,7.68350410461,20
75,1fcbc4f3ec49fb735c0f7d56,M21,3,5.75,5.92615318298,21
75,1fcbc4f3ec49fb735c0f7d56,M22,3,12.48,11.0575084686,45
75,1fcbc4f3ec49fb735c0f7d56,M23,3,10.42,9.13034343719,45
75,1fcbc4f3ec49fb735c0f7d56,M24,3,12.65,11.5521011353,45
75,1fcbc4f3ec49fb735c0f7d56,M25,3,12.5,10.14320755,20
75,1fcbc4f3ec49fb735c0f7d56,M26,3,10.86,8.8523235321,20
75,1fcbc4f3ec49fb735c0f7d56,M27,3,13.06,10.9586362839,30
75,1fcbc4f3ec49fb735c0f7d56,M28,3,10.77,9.47483730316,30
75,1fcbc4f3ec49fb735c0f7d56,M29,3,13.03,11.0849485397,30
75,1fcbc4f3ec49fb735c0f7d56,M30,3,7.8,6.82062339783,21
76,1879f3c5daf4cf8a36454c58,M01,0,5.84,4.94866085052,10
76,1879f3c5daf4cf8a36454c58,M02,0,7.74,6.17978191376,15
76,1879f3c5daf4cf8a36454c58,M03,0,6.84,5.61499166489,21
76,1879f3c5daf4cf8a36454c58,M04,0,6.18,5.14871740341,21
76,1879f3c5daf4cf8a36454c58,M05,0,5.97,5.16941022873,21
76,1879f3c5daf4cf8a36454c58,M06,0,8.63,7.55441761017,21
76,1879f3c5daf4cf8a36454c58,M07,0,8.96,7.50237417221,30
76,1879f3c5daf4cf8a36454c58,M08,0,12.5,9.87701416016,30
76,1879f3c5daf4cf8a36454c58,M09,0,11.06,8.66929244995,30
76,1879f3c5daf4cf8a36454c58,M10,0,14.2,11.1622514725,30
76,1879f3c5daf4cf8a36454c58,M11,0,12.79,10.1597261429,30
76,1879f3c5daf4cf8a36454c58,M12,0,16.31,12.1790142059,45
76,1879f3c5daf4cf8a36454c58,M13,0,15.35,12.1032810211,60
76,1879f3c5daf4cf8a36454c58,M14,0,12.58,9.93731307983,60
76,1879f3c5daf4cf8a36454c58,M15,0,15.38,12.0463342667,60
76,1879f3c5daf4cf8a36454c58,M16,0,33.62,26.4983654022,100
76,1879f3c5daf4cf8a36454c58,M17,0,4.78,4.06824684143,14
76,1879f3c5daf4cf8a36454c58,M18,0,6.72,5.64460420609,21
76,1879f3c5daf4cf8a36454c58,M19,0,5.6,4.92514657974,21
76,1879f3c5daf4cf8a36454c58,M20,0,7.54,6.50743675232,20
76,1879f3c5daf4cf8a36454c58,M21,0,5.49,4.88229608536,21
76,1879f3c5daf4cf8a36454c58,M22,0,11.6,9.94975852966,45
76,1879f3c5daf4cf8a36454c58,M23,0,9.89,7.92683935165,45
76,1879f3c5daf4cf8a36454c58,M24,0,11.61,9.92042064667,45
76,1879f3c5daf4cf8a36454c58,M25,0,11.37,8.35256481171,20
76,1879f3c5daf4cf8a36454c58,M26,0,9.85,7.06155443192,20
76,1879f3c5daf4cf8a36454c58,M27,0,11.32,8.82511425018,30
76,1879f3c5daf4cf8a36454c58,M28,0,9.37,6.95315361023,30
76,1879f3c5daf4cf8a36454c58,M29,0,11.18,8.4814825058,30
76,1879f3c5daf4cf8a36454c58,M30,0,6.62,5.39052867889,21
77,047b8df66ebc85fef8294a83,M01,3,6.49,7.45222854614,10
77,047b8df66ebc85fef8294a83,M02,3,8.61,9.35959625244,15
77,047b8df66ebc85fef8294a83,M03,3,8.12,9.07406139374,21
77,047b8df66ebc85fef8294a83,M04,3,7.32,8.60510826111,21
77,047b8df66ebc85fef8294a83,M05,3,7.17,8.55316829681,21
77,047b8df66ebc85fef8294a83,M06,3,10.23,11.7980508804,21
77,047b8df66ebc85fef8294a83,M07,3,10.8,12.9288921356,30
77,047b8df66ebc85fef8294a83,M08,3,14.84,17.7474899292,30
77,047b8df66ebc85fef8294a83,M09,3,13.48,16.4456710815,30
77,047b8df66ebc85fef8294a83,M10,3,16.58,19.1759204865,30
77,047b8df66ebc85fef8294a83,M11,3,15.42,18.0710887909,30
77,047b8df66ebc85fef8294a83,M12,3,20.06,24.1592559814,45
77,047b8df66ebc85fef8294a83,M13,3,19.03,23.8431625366,60
77,047b8df66ebc85fef8294a83,M14,3,15.62,20.1488323212,60
77,047b8df66ebc85fef8294a83,M15,3,19.52,24.1081047058,60
77,047b8df66ebc85fef8294a83,M16,3,42.92,50.4091377258,100
77,047b8df66ebc85fef8294a83,M17,3,5.79,6.87521266937,14
77,047b8df66ebc85fef8294a83,M18,3,7.94,8.90188217163,21
77,047b8df66ebc85fef8294a83,M19,3,6.51,7.6937379837,21
77,047b8df66ebc85fef8294a83,M20,3,8.72,10.1274385452,20
77,047b8df66ebc85fef8294a83,M21,3,6.25,7.45905637741,21
77,047b8df66ebc85fef8294a83,M22,3,13.86,17.2604312897,45
77,047b8df66ebc85fef8294a83,M23,3,11.68,14.5478172302,45
77,047b8df66ebc85fef8294a83,M24,3,14.22,17.5775432587,45
77,047b8df66ebc85fef8294a83,M25,3,12.43,13.4030351639,20
77,047b8df66ebc85fef8294a83,M26,3,10.92,12.1665172577,20
77,047b8df66ebc85fef8294a83,M27,3,12.97,15.2663583755,30
77,047b8df66ebc85fef8294a83,M28,3,10.83,13.1760139465,30
77,047b8df66ebc85fef8294a83,M29,3,12.95,15.2673492432,30
77,047b8df66ebc85fef8294a83,M30,3,7.8,9.15932941437,21
78,cdebdfe424c1e2de4b6e80f5,M01,3,5.54,5.57429075241,10
78,cdebdfe424c1e2de4b6e80f5,M02,3,7.41,7.00614595413,15
78,cdebdfe424c1e2de4b6e80f5,M03,3,6.42,6.3921585083,21
78,cdebdfe424c1e2de4b6e80f5,M04,3,5.81,5.96193552017,21
78,cdebdfe424c1e2de4b6e80f5,M05,3,5.57,5.83904504776,21
78,cdebdfe424c1e2de4b6e80f5,M06,3,8.12,8.26765632629,21
78,cdebdfe424c1e2de4b6e80f5,M07,3,8.33,8.32737255096,30
78,cdebdfe424c1e2de4b6e80f5,M08,3,11.48,10.9792118073,30
78,cdebdfe424c1e2de4b6e80f5,M09,3,9.88,9.9310874939,30
78,cdebdfe424c1e2de4b6e80f5,M10,3,13.24,12.5990524292,30
78,cdebdfe424c1e2de4b6e80f5,M11,3,11.56,11.3480262756,30
78,cdebdfe424c1e2de4b6e80f5,M12,3,14.76,14.3577651978,45
78,cdebdfe424c1e2de4b6e80f5,M13,3,14.02,14.0494832993,60
78,cdebdfe424c1e2de4b6e80f5,M14,3,11.34,11.8964958191,60
78,cdebdfe424c1e2de4b6e80f5,M15,3,14.1,14.1904163361,60
78,cdebdfe424c1e2de4b6e80f5,M16,3,29.16,29.8698139191,100
78,cdebdfe424c1e2de4b6e80f5,M17,3,4.43,4.82162332535,14
78,cdebdfe424c1e2de4b6e80f5,M18,3,6.37,6.41179800034,21
78,cdebdfe424c1e2de4b6e80f5,M19,3,5.38,5.75959444046,21
78,cdebdfe424c1e2de4b6e80f5,M20,3,7.13,7.37797117233,20
78,cdebdfe424c1e2de4b6e80f5,M21,3,5.28,5.57825994492,21
78,cdebdfe424c1e2de4b6e80f5,M22,3,10.86,10.8896856308,45
78,cdebdfe424c1e2de4b6e80f5,M23,3,9.06,8.9015455246,45
78,cdebdfe424c1e2de4b6e80f5,M24,3,10.88,11.0373125076,45
78,cdebdfe424c1e2de4b6e80f5,M25,3,6.42,9.61127090454,20
78,cdebdfe424c1e2de4b6e80f5,M26,3,4.7,8.27871322632,20
78,cdebdfe424c1e2de4b6e80f5,M27,3,6.96,10.0489110947,30
78,cdebdfe424c1e2de4b6e80f5,M28,3,5.39,8.47277355194,30
78,cdebdfe424c1e2de4b6e80f5,M29,3,6.98,9.94194221497,30
78,cdebdfe424c1e2de4b6e80f5,M30,3,4.24,6.36109685898,21
79,c4ac567011a027981340b36b,M01,4,5.08,5.88803291321,10
79,c4ac567011a027981340b36b,M02,4,6.75,7.2175245285,15
79,c4ac567011a027981340b36b,M03,4,5.75,6.63827323914,21
79,c4ac567011a027981340b36b,M04,4,5.2,6.18615865707,21
79,c4ac567011a027981340b36b,M05,4,5.01,6.02597284317,21
79,c4ac567011a027981340b36b,M06,4,7.27,8.62945842743,21
79,c4ac567011a027981340b36b,M07,4,7.41,8.62558555603,30
79,c4ac567011a027981340b36b,M08,4,10.03,11.0715475082,30
79,c4ac567011a027981340b36b,M09,4,8.16,10.0761604309,30
79,c4ac567011a027981340b36b,M10,4,11.6,12.6932315826,30
79,c4ac567011a027981340b36b,M11,4,10.01,11.4465608597,30
79,c4ac567011a027981340b36b,M12,4,12.52,13.9558525085,45
79,c4ac567011a027981340b36b,M13,4,12.01,13.4919891357,60
79,c4ac567011a027981340b36b,M14,4,9.49,11.0695562363,60
79,c4ac567011a027981340b36b,M15,4,11.84,13.6881446838,60
79,c4ac567011a027981340b36b,M16,4,23.53,27.5185012817,100
79,c4ac567011a027981340b36b,M17,4,3.54,5.18984508514,14
79,c4ac567011a027981340b36b,M18,4,5.61,6.67106676102,21
79,c4ac567011a027981340b36b,M19,4,4.73,6.12425708771,21
79,c4ac567011a027981340b36b,M20,4,5.76,7.76165485382,20
79,c4ac567011a027981340b36b,M21,4,4.63,5.96953010559,21
79,c4ac567011a027981340b36b,M22,4,8.31,11.3221855164,45
79,c4ac567011a027981340b36b,M23,4,6.85,9.4728345871,45
79,c4ac567011a027981340b36b,M24,4,8.13,11.5672063828,45
79,c4ac567011a027981340b36b,M25,4,10.04,9.71194171906,20
79,c4ac567011a027981340b36b,M26,4,8.32,8.35613822937,20
79,c4ac567011a027981340b36b,M27,4,9.52,10.4213190079,30
79,c4ac567011a027981340b36b,M28,4,7.92,8.85977554321,30
79,c4ac567011a027981340b36b,M29,4,9.15,10.4713840485,30
79,c4ac567011a027981340b36b,M30,4,5.75,6.53544282913,21
80,3f3242254ca882caa3780cd4,M01,3,5.92,6.0550661087,10
80,3f3242254ca882caa3780cd4,M02,3,8.17,7.7818570137,15
80,3f3242254ca882caa3780cd4,M03,3,7.57,7.68390417099,21
80,3f3242254ca882caa3780cd4,M04,3,6.93,7.18867206573,21
80,3f3242254ca882caa3780cd4,M05,3,6.63,7.040371418,21
80,3f3242254ca882caa3780cd4,M06,3,8.99,9.83316516876,21
80,3f3242254ca882caa3780cd4,M07,3,9.99,10.2885007858,30
80,3f3242254ca882caa3780cd4,M08,3,13.46,13.7638282776,30
80,3f3242254ca882caa3780cd4,M09,3,11.95,12.3953752518,30
80,3f3242254ca882caa3780cd4,M10,3,15.46,15.0434446335,30
80,3f3242254ca882caa3780cd4,M11,3,13.99,13.977101326,30
80,3f3242254ca882caa3780cd4,M12,3,17.53,17.7659664154,45
80,3f3242254ca882caa3780cd4,M13,3,15.88,17.3942127228,60
80,3f3242254ca882caa3780cd4,M14,3,12.66,13.5961751938,60
80,3f3242254ca882caa3780cd4,M15,3,17.46,17.8450450897,60
80,3f3242254ca882caa3780cd4,M16,3,31.36,31.5216388702,100
80,3f3242254ca882caa3780cd4,M17,3,5.49,5.48284959793,14
80,3f3242254ca882caa3780cd4,M18,3,7.6,7.52221441269,21
80,3f3242254ca882caa3780cd4,M19,3,5.46,6.29156160355,21
80,3f3242254ca882caa3780cd4,M20,3,7.57,8.1232881546,20
80,3f3242254ca882caa3780cd4,M21,3,5.59,6.06562566757,21
80,3f3242254ca882caa3780cd4,M22,3,11.67,13.0362768173,45
80,3f3242254ca882caa3780cd4,M23,3,9.6,9.83642482758,45
80,3f3242254ca882caa3780cd4,M24,3,12.44,13.7355804443,45
80,3f3242254ca882caa3780cd4,M25,3,11.58,11.5323162079,20
80,3f3242254ca882caa3780cd4,M26,3,9.99,10.2357692719,20
80,3f3242254ca882caa3780cd4,M27,3,11.65,12.6250286102,30
80,3f3242254ca882caa3780cd4,M28,3,9.58,10.1719436646,30
80,3f3242254ca882caa3780cd4,M29,3,12.32,12.7986936569,30
80,3f3242254ca882caa3780cd4,M30,3,6.93,7.73057794571,21
81,8f5373ae3303e9a701bc0449,M01,2,4.3,4.08365917206,10
81,8f5373ae3303e9a701bc0449,M02,2,5.09,5.21798801422,15
81,8f5373ae3303e9a701bc0449,M03,2,4.8,4.86907196045,21
81,8f5373ae3303e9a701bc0449,M04,2,4.49,4.48749017715,21
81,8f5373ae3303e9a701bc0449,M05,2,4.24,4.41359996796,21
81,8f5373ae3303e9a701bc0449,M06,2,6.11,6.41530132294,21
81,8f5373ae3303e9a701bc0449,M07,2,5.71,6.33592128754,30
81,8f5373ae3303e9a701bc0449,M08,2,6.22,8.47662162781,30
81,8f5373ae3303e9a701bc0449,M09,2,4.53,7.26952552795,30
81,8f5373ae3303e9a701bc0449,M10,2,7.71,9.70762252808,30
81,8f5373ae3303e9a701bc0449,M11,2,5.84,8.72614002228,30
81,8f5373ae3303e9a701bc0449,M12,2,6.25,8.98448371887,45
81,8f5373ae3303e9a701bc0449,M13,2,7.66,8.91459846497,60
81,8f5373ae3303e9a701bc0449,M14,2,4.84,6.63200330734,60
81,8f5373ae3303e9a701bc0449,M15,2,7.92,9.12175559998,60
81,8f5373ae3303e9a701bc0449,M16,2,11.53,15.5498228073,100
81,8f5373ae3303e9a701bc0449,M17,2,2.62,3.27002692223,14
81,8f5373ae3303e9a701bc0449,M18,2,5.05,4.93297243118,21
81,8f5373ae3303e9a701bc0449,M19,2,4.77,4.35950088501,21
81,8f5373ae3303e9a701bc0449,M20,2,5.55,5.44122695923,20
81,8f5373ae3303e9a701bc0449,M21,2,4.76,4.15357971191,21
81,8f5373ae3303e9a701bc0449,M22,2,8.16,8.37696170807,45
81,8f5373ae3303e9a701bc0449,M23,2,5.9,6.45818138123,45
81,8f5373ae3303e9a701bc0449,M24,2,8.33,8.63071060181,45
81,8f5373ae3303e9a701bc0449,M25,2,6.93,7.61021709442,20
81,8f5373ae3303e9a701bc0449,M26,2,4.96,5.82419872284,20
81,8f5373ae3303e9a701bc0449,M27,2,7.32,8.0869140625,30
81,8f5373ae3303e9a701bc0449,M28,2,5.58,6.10436725616,30
81,8f5373ae3303e9a701bc0449,M29,2,7.24,7.99003219604,30
81,8f5373ae3303e9a701bc0449,M30,2,4.08,4.80203437805,21
86,db6ca16feb506f12191f9ced,M01,3,4.92,3.70586657524,10
86,db6ca16feb506f12191f9ced,M02,3,6.54,4.76472234726,15
86,db6ca16feb506f12191f9ced,M03,3,5.55,4.44327259064,21
86,db6ca16feb506f12191f9ced,M04,3,5.3,3.99400544167,21
86,db6ca16feb506f12191f9ced,M05,3,5.14,3.95168042183,21
86,db6ca16feb506f12191f9ced,M06,3,7.04,5.95252323151,21
86,db6ca16feb506f12191f9ced,M07,3,7.16,5.76220226288,30
86,db6ca16feb506f12191f9ced,M08,3,9.46,7.18071269989,30
86,db6ca16feb506f12191f9ced,M09,3,8.51,5.97466945648,30
86,db6ca16feb506f12191f9ced,M10,3,11.08,8.57378673553,30
86,db6ca16feb506f12191f9ced,M11,3,10.17,7.44368886948,30
86,db6ca16feb506f12191f9ced,M12,3,11.56,8.52432537079,45
86,db6ca16feb506f12191f9ced,M13,3,11.52,8.39327430725,60
86,db6ca16feb506f12191f9ced,M14,3,8.96,6.17949390411,60
86,db6ca16feb506f12191f9ced,M15,3,11.48,8.55661773682,60
86,db6ca16feb506f12191f9ced,M16,3,21.7,14.9747753143,100
86,db6ca16feb506f12191f9ced,M17,3,3.82,2.9070212841,14
86,db6ca16feb506f12191f9ced,M18,3,5.78,4.44990777969,21
86,db6ca16feb506f12191f9ced,M19,3,5.39,4.06968164444,21
86,db6ca16feb506f12191f9ced,M20,3,7.36,4.93823051453,20
86,db6ca16feb506f12191f9ced,M21,3,5.47,3.88630485535,21
86,db6ca16feb506f12191f9ced,M22,3,11.32,7.44273090363,45
86,db6ca16feb506f12191f9ced,M23,3,9.34,5.40129995346,45
86,db6ca16feb506f12191f9ced,M24,3,11.44,7.56161880493,45
86,db6ca16feb506f12191f9ced,M25,3,6.26,7.28954935074,20
86,db6ca16feb506f12191f9ced,M26,3,4.26,5.52865982056,20
86,db6ca16feb506f12191f9ced,M27,3,6.81,7.3740439415,30
86,db6ca16feb506f12191f9ced,M28,3,5.24,5.56484222412,30
86,db6ca16feb506f12191f9ced,M29,3,6.82,7.31285619736,30
86,db6ca16feb506f12191f9ced,M30,3,4.19,4.33214521408,21
88,7c5d2caf2182c8f80629097e,M01,1,6.15,7.33111047745,10
88,7c5d2caf2182c8f80629097e,M02,1,8.16,9.2363319397,15
88,7c5d2caf2182c8f80629097e,M03,1,7.46,9.38011741638,21
88,7c5d2caf2182c8f80629097e,M04,1,6.9,8.81064319611,21
88,7c5d2caf2182c8f80629097e,M05,1,6.84,8.82471370697,21
88,7c5d2caf2182c8f80629097e,M06,1,9.48,12.1177196503,21
88,7c5d2caf2182c8f80629097e,M07,1,9.85,13.0949039459,30
88,7c5d2caf2182c8f80629097e,M08,1,13.68,17.5949001312,30
88,7c5d2caf2182c8f80629097e,M09,1,12.67,16.4618415833,30
88,7c5d2caf2182c8f80629097e,M10,1,15.41,19.0194702148,30
88,7c5d2caf2182c8f80629097e,M11,1,14.59,18.0156230927,30
88,7c5d2caf2182c8f80629097e,M12,1,18.23,23.6750965118,45
88,7c5d2caf2182c8f80629097e,M13,1,17.43,23.8278980255,60
88,7c5d2caf2182c8f80629097e,M14,1,14.34,20.5103721619,60
88,7c5d2caf2182c8f80629097e,M15,1,17.43,24.2922477722,60
88,7c5d2caf2182c8f80629097e,M16,1,39.31,53.03307724,100
88,7c5d2caf2182c8f80629097e,M17,1,5.59,6.92348861694,14
88,7c5d2caf2182c8f80629097e,M18,1,7.5,9.16781234741,21
88,7c5d2caf2182c8f80629097e,M19,1,5.97,7.82255172729,21
88,7c5d2caf2182c8f80629097e,M20,1,8,10.2728300095,20
88,7c5d2caf2182c8f80629097e,M21,1,5.83,7.48383045197,21
88,7c5d2caf2182c8f80629097e,M22,1,12.41,17.3815021515,45
88,7c5d2caf2182c8f80629097e,M23,1,10.52,14.6849794388,45
88,7c5d2caf2182c8f80629097e,M24,1,12.53,18.0425949097,45
88,7c5d2caf2182c8f80629097e,M25,1,12.23,13.7144107819,20
88,7c5d2caf2182c8f80629097e,M26,1,10.73,12.2923269272,20
88,7c5d2caf2182c8f80629097e,M27,1,12.64,15.5330257416,30
88,7c5d2caf2182c8f80629097e,M28,1,10.61,13.232380867,30
88,7c5d2caf2182c8f80629097e,M29,1,12.45,15.7436380386,30
88,7c5d2caf2182c8f80629097e,M30,1,7.49,9.5409078598,21
91,6d9f9870f4d44ecb43c6008e,M25,4,14.15,13.5990552902,20
91,6d9f9870f4d44ecb43c6008e,M26,4,12.9,12.4433908463,20
91,6d9f9870f4d44ecb43c6008e,M27,4,16.68,16.531583786,30
91,6d9f9870f4d44ecb43c6008e,M28,4,14.79,14.5898923874,30
91,6d9f9870f4d44ecb43c6008e,M29,4,16.71,16.6172065735,30
91,6d9f9870f4d44ecb43c6008e,M30,4,10.23,10.2037057877,21
92,ad6b380a8fe0471ba1141477,M01,2,6.67,6.55185365677,10
92,ad6b380a8fe0471ba1141477,M02,2,8.9,8.66607761383,15
92,ad6b380a8fe0471ba1141477,M03,2,8.66,8.46497535706,21
92,ad6b380a8fe0471ba1141477,M04,2,7.92,8.01706218719,21
92,ad6b380a8fe0471ba1141477,M05,2,7.85,8.01919269562,21
92,ad6b380a8fe0471ba1141477,M06,2,10.89,11.149310112,21
92,ad6b380a8fe0471ba1141477,M07,2,11.64,11.6371192932,30
92,ad6b380a8fe0471ba1141477,M08,2,15.88,15.5148878098,30
92,ad6b380a8fe0471ba1141477,M09,2,14.72,14.2824821472,30
92,ad6b380a8fe0471ba1141477,M10,2,17.56,16.9878234863,30
92,ad6b380a8fe0471ba1141477,M11,2,16.65,15.8839912415,30
92,ad6b380a8fe0471ba1141477,M12,2,21.91,20.4134292603,45
92,ad6b380a8fe0471ba1141477,M13,2,21.18,20.5719108582,60
92,ad6b380a8fe0471ba1141477,M14,2,17.75,16.936384201,60
92,ad6b380a8fe0471ba1141477,M15,2,21.33,20.6631374359,60
92,ad6b380a8fe0471ba1141477,M16,2,47.62,46.6189842224,100
92,ad6b380a8fe0471ba1141477,M17,2,6.33,6.11578941345,14
92,ad6b380a8fe0471ba1141477,M18,2,8.55,8.28009414673,21
92,ad6b380a8fe0471ba1141477,M19,2,7.16,7.37252569199,21
92,ad6b380a8fe0471ba1141477,M20,2,9.5,9.24757480621,20
92,ad6b380a8fe0471ba1141477,M21,2,6.92,7.02730894089,21
92,ad6b380a8fe0471ba1141477,M22,2,15.84,15.4075899124,45
92,ad6b380a8fe0471ba1141477,M23,2,13.31,12.9518489838,45
92,ad6b380a8fe0471ba1141477,M24,2,16.25,15.4949827194,45
92,ad6b380a8fe0471ba1141477,M25,2,13.14,12.5944290161,20
92,ad6b380a8fe0471ba1141477,M26,2,11.77,10.9993743896,20
92,ad6b380a8fe0471ba1141477,M27,2,14.43,14.1562185287,30
92,ad6b380a8fe0471ba1141477,M28,2,12.35,11.9366025925,30
92,ad6b380a8fe0471ba1141477,M29,2,14.35,14.1128501892,30
92,ad6b380a8fe0471ba1141477,M30,2,8.68,8.59659481049,21
93,90e4bc93a64c5319da7b3c19,M01,3,5.81,4.69165277481,10
93,90e4bc93a64c5319da7b3c19,M02,3,7.77,6.08065128326,15
93,90e4bc93a64c5319da7b3c19,M03,3,6.88,5.54171514511,21
93,90e4bc93a64c5319da7b3c19,M04,3,6,5.03582334518,21
93,90e4bc93a64c5319da7b3c19,M05,3,5.89,4.91381645203,21
93,90e4bc93a64c5319da7b3c19,M06,3,8.68,7.14679336548,21
93,90e4bc93a64c5319da7b3c19,M07,3,9.05,7.12933397293,30
93,90e4bc93a64c5319da7b3c19,M08,3,12.75,9.05958843231,30
93,90e4bc93a64c5319da7b3c19,M09,3,10.62,7.77410697937,30
93,90e4bc93a64c5319da7b3c19,M10,3,14.39,10.4558105469,30
93,90e4bc93a64c5319da7b3c19,M11,3,12.84,9.29064464569,30
93,90e4bc93a64c5319da7b3c19,M12,3,16.81,10.6502742767,45
93,90e4bc93a64c5319da7b3c19,M13,3,15.57,10.5364170074,60
93,90e4bc93a64c5319da7b3c19,M14,3,12.8,8.4315032959,60
93,90e4bc93a64c5319da7b3c19,M15,3,15.57,10.6219730377,60
93,90e4bc93a64c5319da7b3c19,M16,3,34.22,19.2120895386,100
93,90e4bc93a64c5319da7b3c19,M17,3,4.55,3.84391093254,14
93,90e4bc93a64c5319da7b3c19,M18,3,6.56,5.52026224136,21
93,90e4bc93a64c5319da7b3c19,M19,3,5.45,5.04488325119,21
93,90e4bc93a64c5319da7b3c19,M20,3,7.4,6.09321880341,20
93,90e4bc93a64c5319da7b3c19,M21,3,5.28,4.82785749435,21
93,90e4bc93a64c5319da7b3c19,M22,3,11.32,9.05114650726,45
93,90e4bc93a64c5319da7b3c19,M23,3,9.55,7.06492328644,45
93,90e4bc93a64c5319da7b3c19,M24,3,11.32,9.08423233032,45
93,90e4bc93a64c5319da7b3c19,M25,3,11.54,8.55115032196,20
93,90e4bc93a64c5319da7b3c19,M26,3,10.06,6.98761940002,20
93,90e4bc93a64c5319da7b3c19,M27,3,11.58,8.79601573944,30
93,90e4bc93a64c5319da7b3c19,M28,3,9.61,7.06249427795,30
93,90e4bc93a64c5319da7b3c19,M29,3,11.31,8.63363265991,30
93,90e4bc93a64c5319da7b3c19,M30,3,6.86,5.47045660019,21
95,74e84ef329ad1064a1b82a83,M01,4,6.67,6.86842393875,10
95,74e84ef329ad1064a1b82a83,M02,4,8.85,8.43891620636,15
95,74e84ef329ad1064a1b82a83,M03,4,8.53,8.53706932068,21
95,74e84ef329ad1064a1b82a83,M04,4,7.84,8.18412399292,21
95,74e84ef329ad1064a1b82a83,M05,4,7.78,8.15675544739,21
95,74e84ef329ad1064a1b82a83,M06,4,10.79,11.6678953171,21
95,74e84ef329ad1064a1b82a83,M07,4,11.43,12.0529375076,30
95,74e84ef329ad1064a1b82a83,M08,4,15.58,17.0472164154,30
95,74e84ef329ad1064a1b82a83,M09,4,14.47,15.8504056931,30
95,74e84ef329ad1064a1b82a83,M10,4,17.33,18.4903678894,30
95,74e84ef329ad1064a1b82a83,M11,4,16.44,17.5957698822,30
95,74e84ef329ad1064a1b82a83,M12,4,21.33,22.2183666229,45
95,74e84ef329ad1064a1b82a83,M13,4,20.74,22.5091915131,60
95,74e84ef329ad1064a1b82a83,M14,4,17.16,19.140417099,60
95,74e84ef329ad1064a1b82a83,M15,4,20.84,22.55443573,60
95,74e84ef329ad1064a1b82a83,M16,4,46.57,48.4832229614,100
95,74e84ef329ad1064a1b82a83,M17,4,6.26,6.33880710602,14
95,74e84ef329ad1064a1b82a83,M18,4,8.46,8.48969459534,21
95,74e84ef329ad1064a1b82a83,M19,4,6.78,7.171916008,21
95,74e84ef329ad1064a1b82a83,M20,4,9.02,9.77835083008,20
95,74e84ef329ad1064a1b82a83,M21,4,6.56,6.97952270508,21
95,74e84ef329ad1064a1b82a83,M22,4,14.6,17.1541175842,45
95,74e84ef329ad1064a1b82a83,M23,4,12.3,14.230761528,45
95,74e84ef329ad1064a1b82a83,M24,4,14.89,17.2077579498,45
95,74e84ef329ad1064a1b82a83,M25,4,13.07,13.1758747101,20
95,74e84ef329ad1064a1b82a83,M26,4,11.67,12.0167484283,20
95,74e84ef329ad1064a1b82a83,M27,4,14.28,15.5472393036,30
95,74e84ef329ad1064a1b82a83,M28,4,12.15,13.4835786819,30
95,74e84ef329ad1064a1b82a83,M29,4,14.17,15.4212274551,30
95,74e84ef329ad1064a1b82a83,M30,4,8.55,8.67432880402,21
96,3cf78d38643a00824f675671,M01,3,4.98,6.80829191208,10
96,3cf78d38643a00824f675671,M02,3,6.45,8.73195934296,15
96,3cf78d38643a00824f675671,M03,3,5.51,8.96397781372,21
96,3cf78d38643a00824f675671,M04,3,5.38,8.47320175171,21
96,3cf78d38643a00824f675671,M05,3,5.31,8.39988613129,21
96,3cf78d38643a00824f675671,M06,3,7.14,11.5566711426,21
96,3cf78d38643a00824f675671,M07,3,7.08,12.5060958862,30
96,3cf78d38643a00824f675671,M08,3,9.29,16.3124084473,30
96,3cf78d38643a00824f675671,M09,3,8.78,15.0723237991,30
96,3cf78d38643a00824f675671,M10,3,10.91,17.3910255432,30
96,3cf78d38643a00824f675671,M11,3,10.69,16.6277942657,30
96,3cf78d38643a00824f675671,M12,3,11.35,23.0747146606,45
96,3cf78d38643a00824f675671,M13,3,11.83,22.9136352539,60
96,3cf78d38643a00824f675671,M14,3,10.65,19.369972229,60
96,3cf78d38643a00824f675671,M15,3,11.78,23.2944393158,60
96,3cf78d38643a00824f675671,M16,3,22.87,48.0540351868,100
96,3cf78d38643a00824f675671,M17,3,3.93,6.33403778076,14
96,3cf78d38643a00824f675671,M18,3,5.78,8.8001203537,21
96,3cf78d38643a00824f675671,M19,3,4.91,7.61021375656,21
96,3cf78d38643a00824f675671,M20,3,6.24,9.65194320679,20
96,3cf78d38643a00824f675671,M21,3,4.9,7.3412156105,21
96,3cf78d38643a00824f675671,M22,3,9.24,16.5612812042,45
96,3cf78d38643a00824f675671,M23,3,8.36,13.8355073929,45
96,3cf78d38643a00824f675671,M24,3,9.03,16.8371372223,45
96,3cf78d38643a00824f675671,M25,3,10.48,12.950835228,20
96,3cf78d38643a00824f675671,M26,3,9.65,11.6779127121,20
96,3cf78d38643a00824f675671,M27,3,9.97,14.8608112335,30
96,3cf78d38643a00824f675671,M28,3,9.03,12.7887620926,30
96,3cf78d38643a00824f675671,M29,3,9.86,14.7586374283,30
96,3cf78d38643a00824f675671,M30,3,6.41,9.07077598572,21
98,b98d74e7b8c54efd1aed9d66,M01,4,4.03,4.63325929642,10
98,b98d74e7b8c54efd1aed9d66,M02,4,4.75,6.08549070358,15
98,b98d74e7b8c54efd1aed9d66,M03,4,4.51,5.60541629791,21
98,b98d74e7b8c54efd1aed9d66,M04,4,4.23,5.11166477203,21
98,b98d74e7b8c54efd1aed9d66,M05,4,3.89,4.9965877533,21
98,b98d74e7b8c54efd1aed9d66,M06,4,5.78,7.0121512413,21
98,b98d74e7b8c54efd1aed9d66,M07,4,5.16,7.43552684784,30
98,b98d74e7b8c54efd1aed9d66,M08,4,5.33,9.64644527435,30
98,b98d74e7b8c54efd1aed9d66,M09,4,3.83,8.46754169464,30
98,b98d74e7b8c54efd1aed9d66,M10,4,6.79,10.9926242828,30
98,b98d74e7b8c54efd1aed9d66,M11,4,5.02,9.91683197021,30
98,b98d74e7b8c54efd1aed9d66,M12,4,5.43,11.7422103882,45
98,b98d74e7b8c54efd1aed9d66,M13,4,6.48,11.6199216843,60
98,b98d74e7b8c54efd1aed9d66,M14,4,4.19,9.08051872253,60
98,b98d74e7b8c54efd1aed9d66,M15,4,6.56,11.6030464172,60
98,b98d74e7b8c54efd1aed9d66,M16,4,8.31,20.4927196503,100
98,b98d74e7b8c54efd1aed9d66,M17,4,2.14,3.91245794296,14
98,b98d74e7b8c54efd1aed9d66,M18,4,4.71,5.60513067245,21
98,b98d74e7b8c54efd1aed9d66,M19,4,4.37,5.18682146072,21
98,b98d74e7b8c54efd1aed9d66,M20,4,4.74,6.54793739319,20
98,b98d74e7b8c54efd1aed9d66,M21,4,4.37,4.93706178665,21
98,b98d74e7b8c54efd1aed9d66,M22,4,6.59,9.99250984192,45
98,b98d74e7b8c54efd1aed9d66,M23,4,4.76,7.95619106293,45
98,b98d74e7b8c54efd1aed9d66,M24,4,6.68,10.0387191772,45
98,b98d74e7b8c54efd1aed9d66,M25,4,6.47,8.22410678864,20
98,b98d74e7b8c54efd1aed9d66,M26,4,4.74,6.35323143005,20
98,b98d74e7b8c54efd1aed9d66,M27,4,6.91,8.71982574463,30
98,b98d74e7b8c54efd1aed9d66,M28,4,5.34,6.73810768127,30
98,b98d74e7b8c54efd1aed9d66,M29,4,6.73,8.55894851685,30
98,b98d74e7b8c54efd1aed9d66,M30,4,4.14,5.37162017822,21
99,8b9b7a85e43384ce9dc9d4e5,M01,2,6.85,6.75507068634,10
99,8b9b7a85e43384ce9dc9d4e5,M02,2,9.05,8.55819320679,15
99,8b9b7a85e43384ce9dc9d4e5,M03,2,8.88,8.32746887207,21
99,8b9b7a85e43384ce9dc9d4e5,M04,2,8.15,7.86205625534,21
99,8b9b7a85e43384ce9dc9d4e5,M05,2,8.15,7.83348798752,21
99,8b9b7a85e43384ce9dc9d4e5,M06,2,11.32,10.6908884048,21
99,8b9b7a85e43384ce9dc9d4e5,M07,2,11.94,11.1161766052,30
99,8b9b7a85e43384ce9dc9d4e5,M08,2,16.21,15.4423913956,30
99,8b9b7a85e43384ce9dc9d4e5,M09,2,15.14,14.1202459335,30
99,8b9b7a85e43384ce9dc9d4e5,M10,2,17.92,16.8708686829,30
99,8b9b7a85e43384ce9dc9d4e5,M11,2,17.06,15.6431179047,30
99,8b9b7a85e43384ce9dc9d4e5,M12,2,22.43,21.1135597229,45
99,8b9b7a85e43384ce9dc9d4e5,M13,2,22.17,21.074306488,60
99,8b9b7a85e43384ce9dc9d4e5,M14,2,18.53,17.6004810333,60
99,8b9b7a85e43384ce9dc9d4e5,M15,2,21.94,21.6427173615,60
99,8b9b7a85e43384ce9dc9d4e5,M16,2,49.13,44.8263053894,100
99,8b9b7a85e43384ce9dc9d4e5,M17,2,6.52,6.28815603256,14
99,8b9b7a85e43384ce9dc9d4e5,M18,2,8.77,8.10630226135,21
99,8b9b7a85e43384ce9dc9d4e5,M19,2,7.05,7.24317932129,21
99,8b9b7a85e43384ce9dc9d4e5,M20,2,9.3,9.42736339569,20
99,8b9b7a85e43384ce9dc9d4e5,M21,2,6.71,7.04870557785,21
99,8b9b7a85e43384ce9dc9d4e5,M22,2,15.23,15.9880189896,45
99,8b9b7a85e43384ce9dc9d4e5,M23,2,12.78,13.706653595,45
99,8b9b7a85e43384ce9dc9d4e5,M24,2,15.54,16.5769290924,45
99,8b9b7a85e43384ce9dc9d4e5,M25,2,13.43,12.5962896347,20
99,8b9b7a85e43384ce9dc9d4e5,M26,2,11.98,11.299870491,20
99,8b9b7a85e43384ce9dc9d4e5,M27,2,14.93,14.2890233994,30
99,8b9b7a85e43384ce9dc9d4e5,M28,2,12.76,12.4945611954,30
99,8b9b7a85e43384ce9dc9d4e5,M29,2,14.68,14.4687356949,30
99,8b9b7a85e43384ce9dc9d4e5,M30,2,8.93,8.36546325684,21
100,7a9ff14e405dc4decdd4dd4f,M01,0,6.08,6.23407459259,10
100,7a9ff14e405dc4decdd4dd4f,M02,0,8.45,7.76775121689,15
100,7a9ff14e405dc4decdd4dd4f,M03,0,7.74,7.66786432266,21
100,7a9ff14e405dc4decdd4dd4f,M04,0,7.34,7.16755723953,21
100,7a9ff14e405dc4decdd4dd4f,M05,0,3.49,7.16136026382,21
100,7a9ff14e405dc4decdd4dd4f,M06,0,9.48,10.0101451874,21
100,7a9ff14e405dc4decdd4dd4f,M07,0,10.37,10.838092804,30
100,7a9ff14e405dc4decdd4dd4f,M08,0,14.27,13.9909391403,30
100,7a9ff14e405dc4decdd4dd4f,M09,0,13.16,12.7611703873,30
100,7a9ff14e405dc4decdd4dd4f,M10,0,16.04,15.3273057938,30
100,7a9ff14e405dc4decdd4dd4f,M11,0,14.84,14.2282123566,30
100,7a9ff14e405dc4decdd4dd4f,M12,0,19.15,18.1279277802,45
100,7a9ff14e405dc4decdd4dd4f,M13,0,17.27,18.0212173462,60
100,7a9ff14e405dc4decdd4dd4f,M14,0,14.07,13.9470701218,60
100,7a9ff14e405dc4decdd4dd4f,M15,0,18.83,18.4111995697,60
100,7a9ff14e405dc4decdd4dd4f,M16,0,36.61,38.3443946838,100
100,7a9ff14e405dc4decdd4dd4f,M17,0,5.6,5.62148952484,14
100,7a9ff14e405dc4decdd4dd4f,M18,0,7.78,7.36481618881,21
100,7a9ff14e405dc4decdd4dd4f,M19,0,5.57,6.39397096634,21
100,7a9ff14e405dc4decdd4dd4f,M20,0,7.95,8.735247612,20
100,7a9ff14e405dc4decdd4dd4f,M21,0,5.87,6.24004459381,21
100,7a9ff14e405dc4decdd4dd4f,M22,0,12.25,13.8294839859,45
100,7a9ff14e405dc4decdd4dd4f,M23,0,10.17,10.8073406219,45
100,7a9ff14e405dc4decdd4dd4f,M24,0,13.16,14.34770298,45
100,7a9ff14e405dc4decdd4dd4f,M25,0,11.95,11.6895198822,20
100,7a9ff14e405dc4decdd4dd4f,M26,0,10.5,10.4509019852,20
100,7a9ff14e405dc4decdd4dd4f,M27,0,12.32,13.0187587738,30
100,7a9ff14e405dc4decdd4dd4f,M28,0,10.32,10.7664575577,30
100,7a9ff14e405dc4decdd4dd4f,M29,0,12.93,13.0520143509,30
100,7a9ff14e405dc4decdd4dd4f,M30,0,7.58,7.68297767639,21
101,3a06738b335793103289ffb6,M01,3,4.49,4.69437980652,10
101,3a06738b335793103289ffb6,M02,3,5.75,5.88559865952,15
101,3a06738b335793103289ffb6,M03,3,5.06,5.45779800415,21
101,3a06738b335793103289ffb6,M04,3,4.85,5.04149055481,21
101,3a06738b335793103289ffb6,M05,3,4.64,4.95623159409,21
101,3a06738b335793103289ffb6,M06,3,6.43,7.10718822479,21
101,3a06738b335793103289ffb6,M07,3,6.28,7.03717756271,30
101,3a06738b335793103289ffb6,M08,3,7.46,8.83530044556,30
101,3a06738b335793103289ffb6,M09,3,6.55,7.7325220108,30
101,3a06738b335793103289ffb6,M10,3,9.03,10.2904596329,30
101,3a06738b335793103289ffb6,M11,3,7.96,9.22640705109,30
101,3a06738b335793103289ffb6,M12,3,8.44,10.2698097229,45
101,3a06738b335793103289ffb6,M13,3,9.05,10.2953748703,60
101,3a06738b335793103289ffb6,M14,3,6.63,8.10063743591,60
101,3a06738b335793103289ffb6,M15,3,9.06,10.3123092651,60
101,3a06738b335793103289ffb6,M16,3,14.49,17.4858169556,100
101,3a06738b335793103289ffb6,M17,3,2.87,3.86926960945,14
101,3a06738b335793103289ffb6,M18,3,5.26,5.41657352448,21
101,3a06738b335793103289ffb6,M19,3,4.96,4.9206199646,21
101,3a06738b335793103289ffb6,M20,3,6.17,6.23547458649,20
101,3a06738b335793103289ffb6,M21,3,4.95,4.68567991257,21
101,3a06738b335793103289ffb6,M22,3,9.2,8.98866462708,45
101,3a06738b335793103289ffb6,M23,3,7.32,7.040579319,45
101,3a06738b335793103289ffb6,M24,3,9.3,9.05888938904,45
101,3a06738b335793103289ffb6,M25,3,7.1,8.35772514343,20
101,3a06738b335793103289ffb6,M26,3,5.04,6.5657658577,20
101,3a06738b335793103289ffb6,M27,3,7.86,8.58673477173,30
101,3a06738b335793103289ffb6,M28,3,6.09,6.7736749649,30
101,3a06738b335793103289ffb6,M29,3,7.56,8.49727630615,30
101,3a06738b335793103289ffb6,M30,3,4.08,5.38653945923,21
102,aff25fa1ec688ab41c7f5099,M01,2,4.66,4.31850528717,10
102,aff25fa1ec688ab41c7f5099,M02,2,6.08,5.4458656311,15
102,aff25fa1ec688ab41c7f5099,M03,2,5.24,5.02197360992,21
102,aff25fa1ec688ab41c7f5099,M04,2,5.02,4.68454837799,21
102,aff25fa1ec688ab41c7f5099,M05,2,4.88,4.61999034882,21
102,aff25fa1ec688ab41c7f5099,M06,2,6.64,6.57487440109,21
102,aff25fa1ec688ab41c7f5099,M07,2,6.63,6.52795600891,30
102,aff25fa1ec688ab41c7f5099,M08,2,8.23,8.52584075928,30
102,aff25fa1ec688ab41c7f5099,M09,2,7.3,7.43318796158,30
102,aff25fa1ec688ab41c7f5099,M10,2,9.83,9.8759098053,30
102,aff25fa1ec688ab41c7f5099,M11,2,8.89,8.94250202179,30
102,aff25fa1ec688ab41c7f5099,M12,2,9.68,9.71580696106,45
102,aff25fa1ec688ab41c7f5099,M13,2,10,9.88337230682,60
102,aff25fa1ec688ab41c7f5099,M14,2,7.53,7.59942245483,60
102,aff25fa1ec688ab41c7f5099,M15,2,10,9.81572151184,60
102,aff25fa1ec688ab41c7f5099,M16,2,17.25,17.9808044434,100
102,aff25fa1ec688ab41c7f5099,M17,2,3.27,3.5342502594,14
102,aff25fa1ec688ab41c7f5099,M18,2,5.39,5.19057273865,21
102,aff25fa1ec688ab41c7f5099,M19,2,4.96,4.66400527954,21
102,aff25fa1ec688ab41c7f5099,M20,2,6.21,5.91700935364,20
102,aff25fa1ec688ab41c7f5099,M21,2,5.01,4.52421808243,21
102,aff25fa1ec688ab41c7f5099,M22,2,9.2,9.1698474884,45
102,aff25fa1ec688ab41c7f5099,M23,2,7.36,7.15484666824,45
102,aff25fa1ec688ab41c7f5099,M24,2,9.46,9.21689128876,45
102,aff25fa1ec688ab41c7f5099,M25,2,7.28,7.46703863144,20
102,aff25fa1ec688ab41c7f5099,M26,2,5.14,5.71816110611,20
102,aff25fa1ec688ab41c7f5099,M27,2,7.81,7.99126958847,30
102,aff25fa1ec688ab41c7f5099,M28,2,7.05,6.13260650635,30
102,aff25fa1ec688ab41c7f5099,M29,2,8.14,7.7889714241,30
102,aff25fa1ec688ab41c7f5099,M30,2,4.21,4.88137197495,21
103,fafa20a4901e87c3d213e2c4,M01,0,4.95,4.33189725876,10
103,fafa20a4901e87c3d213e2c4,M02,0,6.51,5.7039937973,15
103,fafa20a4901e87c3d213e2c4,M03,0,5.59,5.07389831543,21
103,fafa20a4901e87c3d213e2c4,M04,0,5.3,4.55575609207,21
103,fafa20a4901e87c3d213e2c4,M05,0,5.13,4.55458211899,21
103,fafa20a4901e87c3d213e2c4,M06,0,7.06,6.55899477005,21
103,fafa20a4901e87c3d213e2c4,M07,0,7.15,6.49904251099,30
103,fafa20a4901e87c3d213e2c4,M08,0,9.24,8.46898460388,30
103,fafa20a4901e87c3d213e2c4,M09,0,8.23,7.41759538651,30
103,fafa20a4901e87c3d213e2c4,M10,0,10.92,9.77289581299,30
103,fafa20a4901e87c3d213e2c4,M11,0,9.9,8.66739845276,30
103,fafa20a4901e87c3d213e2c4,M12,0,11.12,9.71801948547,45
103,fafa20a4901e87c3d213e2c4,M13,0,11.26,9.47056674957,60
103,fafa20a4901e87c3d213e2c4,M14,0,8.56,7.33431959152,60
103,fafa20a4901e87c3d213e2c4,M15,0,11.37,9.58115959167,60
103,fafa20a4901e87c3d213e2c4,M16,0,20.25,17.0972633362,100
103,fafa20a4901e87c3d213e2c4,M17,0,3.67,3.60874581337,14
103,fafa20a4901e87c3d213e2c4,M18,0,5.73,5.07168626785,21
103,fafa20a4901e87c3d213e2c4,M19,0,5.15,4.63714456558,21
103,fafa20a4901e87c3d213e2c4,M20,0,6.58,5.79913043976,20
103,fafa20a4901e87c3d213e2c4,M21,0,5.12,4.52613830566,21
103,fafa20a4901e87c3d213e2c4,M22,0,9.95,8.48690605164,45
103,fafa20a4901e87c3d213e2c4,M23,0,8.09,6.57632446289,45
103,fafa20a4901e87c3d213e2c4,M24,0,10.05,8.65423870087,45
103,fafa20a4901e87c3d213e2c4,M25,0,8.66,7.54224824905,20
103,fafa20a4901e87c3d213e2c4,M26,0,6.74,5.74156427383,20
103,fafa20a4901e87c3d213e2c4,M27,0,8.47,7.97249317169,30
103,fafa20a4901e87c3d213e2c4,M28,0,7.05,6.14822340012,30
103,fafa20a4901e87c3d213e2c4,M29,0,8.14,7.80499982834,30
103,fafa20a4901e87c3d213e2c4,M30,0,4.95,4.99350214005,21
104,3a7529da11b98d32d37eb9b2,M01,1,7.31,7.21571445465,10
104,3a7529da11b98d32d37eb9b2,M02,1,9.78,9.20074939728,15
104,3a7529da11b98d32d37eb9b2,M03,1,10.29,8.92267990112,21
104,3a7529da11b98d32d37eb9b2,M04,1,9.5,8.30830955505,21
104,3a7529da11b98d32d37eb9b2,M05,1,9.54,8.26274681091,21
104,3a7529da11b98d32d37eb9b2,M06,1,12.86,11.3761377335,21
104,3a7529da11b98d32d37eb9b2,M07,1,14.12,12.1195983887,30
104,3a7529da11b98d32d37eb9b2,M08,1,18.5,16.9115695953,30
104,3a7529da11b98d32d37eb9b2,M09,1,17.4,15.6834459305,30
104,3a7529da11b98d32d37eb9b2,M10,1,20.13,18.2509536743,30
104,3a7529da11b98d32d37eb9b2,M11,1,19.36,17.2099571228,30
104,3a7529da11b98d32d37eb9b2,M12,1,26.34,23.3414306641,45
104,3a7529da11b98d32d37eb9b2,M13,1,26.56,23.1934146881,60
104,3a7529da11b98d32d37eb9b2,M14,1,23.05,19.5919647217,60
104,3a7529da11b98d32d37eb9b2,M15,1,26.79,23.5656013489,60
104,3a7529da11b98d32d37eb9b2,M16,1,54.88,47.2563095093,100
104,3a7529da11b98d32d37eb9b2,M17,1,7.33,6.73445701599,14
104,3a7529da11b98d32d37eb9b2,M18,1,10.07,8.57579803467,21
104,3a7529da11b98d32d37eb9b2,M19,1,9.14,7.60538101196,21
104,3a7529da11b98d32d37eb9b2,M20,1,11.44,9.85966110229,20
104,3a7529da11b98d32d37eb9b2,M21,1,8.71,7.35650253296,21
104,3a7529da11b98d32d37eb9b2,M22,1,21.42,16.3420982361,45
104,3a7529da11b98d32d37eb9b2,M23,1,18.23,13.8006324768,45
104,3a7529da11b98d32d37eb9b2,M24,1,21.96,16.8464488983,45
104,3a7529da11b98d32d37eb9b2,M25,1,14.27,13.2826089859,20
104,3a7529da11b98d32d37eb9b2,M26,1,12.95,11.8181190491,20
104,3a7529da11b98d32d37eb9b2,M27,1,16.77,15.3848676682,30
104,3a7529da11b98d32d37eb9b2,M28,1,14.82,13.3572874069,30
104,3a7529da11b98d32d37eb9b2,M29,1,16.71,15.5807514191,30
104,3a7529da11b98d32d37eb9b2,M30,1,10.31,8.98461818695,21
106,6a14fc3ef083f99a0815d5c0,M01,1,6.6,7.50182104111,10
106,6a14fc3ef083f99a0815d5c0,M02,1,8.76,10.2429161072,15
106,6a14fc3ef083f99a0815d5c0,M03,1,8.4,10.5502386093,21
106,6a14fc3ef083f99a0815d5c0,M04,1,7.68,10.0378103256,21
106,6a14fc3ef083f99a0815d5c0,M05,1,7.64,10.0518808365,21
106,6a14fc3ef083f99a0815d5c0,M06,1,10.65,13.3683099747,21
106,6a14fc3ef083f99a0815d5c0,M07,1,11.22,15.0956001282,30
106,6a14fc3ef083f99a0815d5c0,M08,1,15.34,19.6702423096,30
106,6a14fc3ef083f99a0815d5c0,M09,1,14.19,18.5541477203,30
106,6a14fc3ef083f99a0815d5c0,M10,1,17.09,21.1205444336,30
106,6a14fc3ef083f99a0815d5c0,M11,1,16.15,20.3515815735,30
106,6a14fc3ef083f99a0815d5c0,M12,1,20.97,27.405954361,45
106,6a14fc3ef083f99a0815d5c0,M13,1,20.37,27.7991638184,60
106,6a14fc3ef083f99a0815d5c0,M14,1,16.83,24.2946128845,60
106,6a14fc3ef083f99a0815d5c0,M15,1,20.31,28.0957527161,60
106,6a14fc3ef083f99a0815d5c0,M16,1,46.05,58.1679649353,100
106,6a14fc3ef083f99a0815d5c0,M17,1,6.18,7.47415447235,14
106,6a14fc3ef083f99a0815d5c0,M18,1,8.29,10.5188455582,21
106,6a14fc3ef083f99a0815d5c0,M19,1,6.85,9.11558628082,21
106,6a14fc3ef083f99a0815d5c0,M20,1,9.12,11.224732399,20
106,6a14fc3ef083f99a0815d5c0,M21,1,6.61,8.81887722015,21
106,6a14fc3ef083f99a0815d5c0,M22,1,14.87,21.1779403687,45
106,6a14fc3ef083f99a0815d5c0,M23,1,12.44,18.0009937286,45
106,6a14fc3ef083f99a0815d5c0,M24,1,15.13,21.7229347229,45
106,6a14fc3ef083f99a0815d5c0,M25,1,12.98,14.330827713,20
106,6a14fc3ef083f99a0815d5c0,M26,1,11.57,12.8575706482,20
106,6a14fc3ef083f99a0815d5c0,M27,1,14.11,16.7169322968,30
106,6a14fc3ef083f99a0815d5c0,M28,1,11.95,14.58634758,30
106,6a14fc3ef083f99a0815d5c0,M29,1,13.91,16.8128299713,30
106,6a14fc3ef083f99a0815d5c0,M30,1,8.42,10.6562700272,21
107,2ca218591068dc3467fc728a,M01,1,7.64,8.15767383575,10
107,2ca218591068dc3467fc728a,M02,1,10.13,10.1794595718,15
107,2ca218591068dc3467fc728a,M03,1,10.85,10.6952066422,21
107,2ca218591068dc3467fc728a,M04,1,9.91,10.0399608612,21
107,2ca218591068dc3467fc728a,M05,1,10.02,10.1642074585,21
107,2ca218591068dc3467fc728a,M06,1,13.61,13.6169452667,21
107,2ca218591068dc3467fc728a,M07,1,14.88,14.8080797195,30
107,2ca218591068dc3467fc728a,M08,1,19.26,19.1742839813,30
107,2ca218591068dc3467fc728a,M09,1,17.39,17.9011249542,30
107,2ca218591068dc3467fc728a,M10,1,20.96,20.5119152069,30
107,2ca218591068dc3467fc728a,M11,1,20.01,19.612865448,30
107,2ca218591068dc3467fc728a,M12,1,27.43,27.3158283234,45
107,2ca218591068dc3467fc728a,M13,1,28.21,28.3492126465,60
107,2ca218591068dc3467fc728a,M14,1,24.39,25.194683075,60
107,2ca218591068dc3467fc728a,M15,1,28.15,28.7240047455,60
107,2ca218591068dc3467fc728a,M16,1,56.68,57.3696060181,100
107,2ca218591068dc3467fc728a,M17,1,7.63,7.82828569412,14
107,2ca218591068dc3467fc728a,M18,1,10.46,10.3454818726,21
107,2ca218591068dc3467fc728a,M19,1,9.18,9.34541702271,21
107,2ca218591068dc3467fc728a,M20,1,11.36,11.5763225555,20
107,2ca218591068dc3467fc728a,M21,1,8.51,8.80958080292,21
107,2ca218591068dc3467fc728a,M22,1,21.01,19.9691257477,45
107,2ca218591068dc3467fc728a,M23,1,17.63,17.4994869232,45
107,2ca218591068dc3467fc728a,M24,1,21.56,20.5053653717,45
107,2ca218591068dc3467fc728a,M25,1,14.75,14.9186296463,20
107,2ca218591068dc3467fc728a,M26,1,13.4,13.8332614899,20
107,2ca218591068dc3467fc728a,M27,1,17.65,17.4323444366,30
107,2ca218591068dc3467fc728a,M28,1,15.52,15.6361351013,30
107,2ca218591068dc3467fc728a,M29,1,17.49,17.5522041321,30
107,2ca218591068dc3467fc728a,M30,1,10.9,10.98387146,21
108,87974590a2f5c545466b7087,M01,2,7.76,8.56344890594,10
108,87974590a2f5c545466b7087,M02,2,10.32,10.7694749832,15
108,87974590a2f5c545466b7087,M03,2,11.29,11.3678874969,21
108,87974590a2f5c545466b7087,M04,2,10.45,10.8202314377,21
108,87974590a2f5c545466b7087,M05,2,10.53,10.8851299286,21
108,87974590a2f5c545466b7087,M06,2,13.92,14.1497430801,21
108,87974590a2f5c545466b7087,M07,2,15.59,16.1424999237,30
108,87974590a2f5c545466b7087,M08,2,19.96,20.6704425812,30
108,87974590a2f5c545466b7087,M09,2,18.81,19.3641109467,30
108,87974590a2f5c545466b7087,M10,2,21.58,21.9371356964,30
108,87974590a2f5c545466b7087,M11,2,20.81,21.2009773254,30
108,87974590a2f5c545466b7087,M12,2,28.69,29.3062477112,45
108,87974590a2f5c545466b7087,M13,2,29.18,29.9748859406,60
108,87974590a2f5c545466b7087,M14,2,25.55,26.9462604523,60
108,87974590a2f5c545466b7087,M15,2,29.83,30.4224147797,60
108,87974590a2f5c545466b7087,M16,2,57.79,59.3250541687,100
108,87974590a2f5c545466b7087,M17,2,7.91,8.2777633667,14
108,87974590a2f5c545466b7087,M18,2,10.96,11.1811332703,21
108,87974590a2f5c545466b7087,M19,2,9.13,10.3243055344,21
108,87974590a2f5c545466b7087,M20,2,11.16,12.4070072174,20
108,87974590a2f5c545466b7087,M21,2,8.54,9.9120759964,21
108,87974590a2f5c545466b7087,M22,2,20.4,23.3554000854,45
108,87974590a2f5c545466b7087,M23,2,17.22,20.7162456512,45
108,87974590a2f5c545466b7087,M24,2,21.2,24.1032276154,45
108,87974590a2f5c545466b7087,M25,2,14.9,14.8729057312,20
108,87974590a2f5c545466b7087,M26,2,13.6,13.8219089508,20
108,87974590a2f5c545466b7087,M27,2,18.02,18.3697147369,30
108,87974590a2f5c545466b7087,M28,2,16.01,16.7733879089,30
108,87974590a2f5c545466b7087,M29,2,18.1,18.5086040497,30
108,87974590a2f5c545466b7087,M30,2,11.3,11.4356880188,21
109,0481944a4fdf636307259eff,M01,2,4.85,3.51163268089,10
109,0481944a4fdf636307259eff,M02,2,6.29,4.68373584747,15
109,0481944a4fdf636307259eff,M03,2,5.43,4.29704904556,21
109,0481944a4fdf636307259eff,M04,2,5.15,3.91546487808,21
109,0481944a4fdf636307259eff,M05,2,5,3.88551545143,21
109,0481944a4fdf636307259eff,M06,2,6.87,5.75444221497,21
109,0481944a4fdf636307259eff,M07,2,6.91,5.47394752502,30
109,0481944a4fdf636307259eff,M08,2,8.65,6.90490865707,30
109,0481944a4fdf636307259eff,M09,2,7.58,5.69781541824,30
109,0481944a4fdf636307259eff,M10,2,10.33,8.18233108521,30
109,0481944a4fdf636307259eff,M11,2,9.31,7.15442800522,30
109,0481944a4fdf636307259eff,M12,2,10.23,7.42876005173,45
109,0481944a4fdf636307259eff,M13,2,10.62,7.35218906403,60
109,0481944a4fdf636307259eff,M14,2,7.98,5.15480804443,60
109,0481944a4fdf636307259eff,M15,2,10.65,7.55934524536,60
109,0481944a4fdf636307259eff,M16,2,18.33,13.3388147354,100
109,0481944a4fdf636307259eff,M17,2,3.46,2.77643918991,14
109,0481944a4fdf636307259eff,M18,2,5.57,4.36835336685,21
109,0481944a4fdf636307259eff,M19,2,5.23,3.88542342186,21
109,0481944a4fdf636307259eff,M20,2,6.8,4.9695520401,20
109,0481944a4fdf636307259eff,M21,2,5.24,3.68021988869,21
109,0481944a4fdf636307259eff,M22,2,10.37,7.32675600052,45
109,0481944a4fdf636307259eff,M23,2,8.35,5.45514011383,45
109,0481944a4fdf636307259eff,M24,2,10.53,7.58050918579,45
109,0481944a4fdf636307259eff,M25,2,6.82,7.10218381882,20
109,0481944a4fdf636307259eff,M26,2,4.94,5.35912847519,20
109,0481944a4fdf636307259eff,M27,2,7.28,7.32261896133,30
109,0481944a4fdf636307259eff,M28,2,5.56,5.4061050415,30
109,0481944a4fdf636307259eff,M29,2,7.32,7.21646356583,30
109,0481944a4fdf636307259eff,M30,2,4.39,4.19524145126,21
113,c135fd0963573003df9035bb,M01,3,7.67,8.18023300171,10
113,c135fd0963573003df9035bb,M02,3,10.2,10.8653354645,15
113,c135fd0963573003df9035bb,M03,3,11.09,11.6840362549,21
113,c135fd0963573003df9035bb,M04,3,10.24,11.2619113922,21
113,c135fd0963573003df9035bb,M05,3,10.34,11.2879953384,21
113,c135fd0963573003df9035bb,M06,3,13.81,14.5737600327,21
113,c135fd0963573003df9035bb,M07,3,15.34,16.845451355,30
113,c135fd0963573003df9035bb,M08,3,19.71,21.3661174774,30
113,c135fd0963573003df9035bb,M09,3,18.51,20.1260528564,30
113,c135fd0963573003df9035bb,M10,3,21.32,22.72397995,30
113,c135fd0963573003df9035bb,M11,3,20.47,22.0256443024,30
113,c135fd0963573003df9035bb,M12,3,28.37,30.4540634155,45
113,c135fd0963573003df9035bb,M13,3,29.16,31.5081539154,60
113,c135fd0963573003df9035bb,M14,3,25.7,28.0923500061,60
113,c135fd0963573003df9035bb,M15,3,29.18,31.763999939,60
113,c135fd0963573003df9035bb,M16,3,57.83,60.8007087708,100
113,c135fd0963573003df9035bb,M17,3,7.79,8.25958251953,14
113,c135fd0963573003df9035bb,M18,3,10.75,11.5955610275,21
113,c135fd0963573003df9035bb,M19,3,8.97,10.5463056564,21
113,c135fd0963573003df9035bb,M20,3,11.18,12.6370067596,20
113,c135fd0963573003df9035bb,M21,3,8.42,10.1416168213,21
113,c135fd0963573003df9035bb,M22,3,20.57,24.2946147919,45
113,c135fd0963573003df9035bb,M23,3,17.42,21.450592041,45
113,c135fd0963573003df9035bb,M24,3,21.04,24.7025623322,45
113,c135fd0963573003df9035bb,M25,3,14.81,15.2917661667,20
113,c135fd0963573003df9035bb,M26,3,13.53,14.2325134277,20
113,c135fd0963573003df9035bb,M27,3,17.93,18.9804344177,30
113,c135fd0963573003df9035bb,M28,3,15.96,17.3623352051,30
113,c135fd0963573003df9035bb,M29,3,17.76,18.9273357391,30
113,c135fd0963573003df9035bb,M30,3,11.15,11.9185504913,21
114,5ab6d54df37caa459c1a457e,M25,3,12.55,13.2461471558,20
114,5ab6d54df37caa459c1a457e,M26,3,10.81,12.192615509,20
114,5ab6d54df37caa459c1a457e,M27,3,12.79,15.3689279556,30
114,5ab6d54df37caa459c1a457e,M28,3,10.79,13.3219232559,30
114,5ab6d54df37caa459c1a457e,M29,3,13.25,15.3942937851,30
114,5ab6d54df37caa459c1a457e,M30,3,7.75,9.24074268341,21
115,1ab7eba89cafc88387549334,M01,3,8.27,8.41552829742,10
115,1ab7eba89cafc88387549334,M02,3,10.96,11.2243719101,15
115,1ab7eba89cafc88387549334,M03,3,12.64,12.2177391052,21
115,1ab7eba89cafc88387549334,M04,3,11.59,11.5388994217,21
115,1ab7eba89cafc88387549334,M05,3,11.77,11.6670017242,21
115,1ab7eba89cafc88387549334,M06,3,15.4,14.9611091614,21
115,1ab7eba89cafc88387549334,M07,3,17.69,17.3864631653,30
115,1ab7eba89cafc88387549334,M08,3,21.96,21.8590564728,30
115,1ab7eba89cafc88387549334,M09,3,20.48,20.4567375183,30
115,1ab7eba89cafc88387549334,M10,3,23.52,23.053981781,30
115,1ab7eba89cafc88387549334,M11,3,22.59,22.4214401245,30
115,1ab7eba89cafc88387549334,M12,3,32.12,32.7203483582,45
115,1ab7eba89cafc88387549334,M13,3,33.58,33.4901313782,60
115,1ab7eba89cafc88387549334,M14,3,30.28,30.0040512085,60
115,1ab7eba89cafc88387549334,M15,3,33.96,33.8194236755,60
115,1ab7eba89cafc88387549334,M16,3,62.65,61.7182807922,100
115,1ab7eba89cafc88387549334,M17,3,8.54,8.35320663452,14
115,1ab7eba89cafc88387549334,M18,3,12,11.8239536285,21
115,1ab7eba89cafc88387549334,M19,3,11.5,10.869846344,21
115,1ab7eba89cafc88387549334,M20,3,13.3,12.7178373337,20
115,1ab7eba89cafc88387549334,M21,3,10.62,10.1598472595,21
115,1ab7eba89cafc88387549334,M22,3,27.56,26.23878479,45
115,1ab7eba89cafc88387549334,M23,3,23.99,23.152425766,45
115,1ab7eba89cafc88387549334,M24,3,27.94,26.848695755,45
115,1ab7eba89cafc88387549334,M25,3,15.74,15.4711713791,20
115,1ab7eba89cafc88387549334,M26,3,14.48,14.4239587784,20
115,1ab7eba89cafc88387549334,M27,3,19.83,19.305141449,30
115,1ab7eba89cafc88387549334,M28,3,17.98,17.4289169312,30
115,1ab7eba89cafc88387549334,M29,3,19.79,19.3939857483,30
115,1ab7eba89cafc88387549334,M30,3,12.69,12.4776039124,21
116,9a9b3db558991f39668b2741,M01,2,4.4,4.23500156403,10
116,9a9b3db558991f39668b2741,M02,2,5.58,5.22487592697,15
116,9a9b3db558991f39668b2741,M03,2,4.9,4.96700191498,21
116,9a9b3db558991f39668b2741,M04,2,4.78,4.66532373428,21
116,9a9b3db558991f39668b2741,M05,2,4.38,4.60076570511,21
116,9a9b3db558991f39668b2741,M06,2,6.3,6.74993801117,21
116,9a9b3db558991f39668b2741,M07,2,6.04,6.75907897949,30
116,9a9b3db558991f39668b2741,M08,2,7.49,8.90378475189,30
116,9a9b3db558991f39668b2741,M09,2,6.88,7.92483186722,30
116,9a9b3db558991f39668b2741,M10,2,8.89,10.1254711151,30
116,9a9b3db558991f39668b2741,M11,2,8.59,9.43679523468,30
116,9a9b3db558991f39668b2741,M12,2,8.51,10.758975029,45
116,9a9b3db558991f39668b2741,M13,2,9.25,11.2042512894,60
116,9a9b3db558991f39668b2741,M14,2,7.26,8.93689060211,60
116,9a9b3db558991f39668b2741,M15,2,9.04,11.1514005661,60
116,9a9b3db558991f39668b2741,M16,2,16.16,26.3224277496,100
116,9a9b3db558991f39668b2741,M17,2,2.8,3.49422740936,14
116,9a9b3db558991f39668b2741,M18,2,5.16,5.16874074936,21
116,9a9b3db558991f39668b2741,M19,2,4.56,4.35014152527,21
116,9a9b3db558991f39668b2741,M20,2,5.48,5.67339086533,20
116,9a9b3db558991f39668b2741,M21,2,4.59,4.32027721405,21
116,9a9b3db558991f39668b2741,M22,2,7.9,9.0813627243,45
116,9a9b3db558991f39668b2741,M23,2,6.57,7.12452793121,45
116,9a9b3db558991f39668b2741,M24,2,7.67,9.11449623108,45
116,9a9b3db558991f39668b2741,M25,2,10.22,8.00067138672,20
116,9a9b3db558991f39668b2741,M26,2,8.66,6.6408495903,20
116,9a9b3db558991f39668b2741,M27,2,9.64,9.03116512299,30
116,9a9b3db558991f39668b2741,M28,2,8.09,7.28584337234,30
116,9a9b3db558991f39668b2741,M29,2,9.34,8.83612537384,30
116,9a9b3db558991f39668b2741,M30,2,5.93,4.94753456116,21
117,1012fb46ebf465147816dc29,M01,3,6.69,7.18321561813,10
117,1012fb46ebf465147816dc29,M02,3,8.94,9.28984928131,15
117,1012fb46ebf465147816dc29,M03,3,8.7,9.30337047577,21
117,1012fb46ebf465147816dc29,M04,3,7.98,8.71502971649,21
117,1012fb46ebf465147816dc29,M05,3,7.93,8.65716457367,21
117,1012fb46ebf465147816dc29,M06,3,11,11.9053277969,21
117,1012fb46ebf465147816dc29,M07,3,11.69,12.8534584045,30
117,1012fb46ebf465147816dc29,M08,3,15.9,17.1532230377,30
117,1012fb46ebf465147816dc29,M09,3,14.76,15.6804838181,30
117,1012fb46ebf465147816dc29,M10,3,17.62,18.5000419617,30
117,1012fb46ebf465147816dc29,M11,3,16.79,17.5063800812,30
117,1012fb46ebf465147816dc29,M12,3,21.88,22.7504501343,45
117,1012fb46ebf465147816dc29,M13,3,21.35,22.4636554718,60
117,1012fb46ebf465147816dc29,M14,3,17.75,18.6506652832,60
117,1012fb46ebf465147816dc29,M15,3,21.51,22.986831665,60
117,1012fb46ebf465147816dc29,M16,3,47.77,48.7205657959,100
117,1012fb46ebf465147816dc29,M17,3,6.33,6.94156265259,14
117,1012fb46ebf465147816dc29,M18,3,8.61,8.97728061676,21
117,1012fb46ebf465147816dc29,M19,3,7.82,8.03782939911,21
117,1012fb46ebf465147816dc29,M20,3,10.33,10.1073331833,20
117,1012fb46ebf465147816dc29,M21,3,7.55,7.53551101685,21
117,1012fb46ebf465147816dc29,M22,3,17.81,17.0088443756,45
117,1012fb46ebf465147816dc29,M23,3,14.9,14.0109043121,45
117,1012fb46ebf465147816dc29,M24,3,18.31,17.594707489,45
117,1012fb46ebf465147816dc29,M25,3,13.2,13.4301843643,20
117,1012fb46ebf465147816dc29,M26,3,11.79,12.4714956284,20
117,1012fb46ebf465147816dc29,M27,3,14.51,15.5374879837,30
117,1012fb46ebf465147816dc29,M28,3,12.41,13.373167038,30
117,1012fb46ebf465147816dc29,M29,3,14.46,15.7086830139,30
117,1012fb46ebf465147816dc29,M30,3,8.72,9.52001571655,21
118,6382e37f456a6099a172d19e,M01,2,7.31,7.4626865387,10
118,6382e37f456a6099a172d19e,M02,2,9.78,9.60089969635,15
118,6382e37f456a6099a172d19e,M03,2,10.25,9.40851688385,21
118,6382e37f456a6099a172d19e,M04,2,9.43,8.99035358429,21
118,6382e37f456a6099a172d19e,M05,2,9.45,8.99116802216,21
118,6382e37f456a6099a172d19e,M06,2,12.8,12.4192686081,21
118,6382e37f456a6099a172d19e,M07,2,14.05,13.3573589325,30
118,6382e37f456a6099a172d19e,M08,2,18.42,17.2027549744,30
118,6382e37f456a6099a172d19e,M09,2,17.25,15.8388700485,30
118,6382e37f456a6099a172d19e,M10,2,20.08,18.5979957581,30
118,6382e37f456a6099a172d19e,M11,2,19.19,17.4128799438,30
118,6382e37f456a6099a172d19e,M12,2,26.19,24.281085968,45
118,6382e37f456a6099a172d19e,M13,2,26.3,24.1763744354,60
118,6382e37f456a6099a172d19e,M14,2,22.71,20.7915992737,60
118,6382e37f456a6099a172d19e,M15,2,26.4,24.5808734894,60
118,6382e37f456a6099a172d19e,M16,2,54.54,49.9323577881,100
118,6382e37f456a6099a172d19e,M17,2,7.29,6.97351789474,14
118,6382e37f456a6099a172d19e,M18,2,10.01,9.18903064728,21
118,6382e37f456a6099a172d19e,M19,2,8.5,8.23286914825,21
118,6382e37f456a6099a172d19e,M20,2,10.77,10.4412651062,20
118,6382e37f456a6099a172d19e,M21,2,8.08,7.92836380005,21
118,6382e37f456a6099a172d19e,M22,2,19.4,17.2924861908,45
118,6382e37f456a6099a172d19e,M23,2,16.41,14.8399715424,45
118,6382e37f456a6099a172d19e,M24,2,19.86,17.7207603455,45
118,6382e37f456a6099a172d19e,M25,2,14.23,13.6169729233,20
118,6382e37f456a6099a172d19e,M26,2,12.93,12.2900781631,20
118,6382e37f456a6099a172d19e,M27,2,16.7,15.5341815948,30
118,6382e37f456a6099a172d19e,M28,2,14.7,13.5079898834,30
118,6382e37f456a6099a172d19e,M29,2,16.62,15.7083797455,30
118,6382e37f456a6099a172d19e,M30,2,10.29,9.55314445496,21
119,c488d0a9a839e2a349774985,M01,0,7.43,7.1187081337,10
119,c488d0a9a839e2a349774985,M02,0,9.87,9.20795822144,15
119,c488d0a9a839e2a349774985,M03,0,10.42,9.22389221191,21
119,c488d0a9a839e2a349774985,M04,0,9.63,8.73715591431,21
119,c488d0a9a839e2a349774985,M05,0,9.69,8.70913410187,21
119,c488d0a9a839e2a349774985,M06,0,13,12.0202293396,21
119,c488d0a9a839e2a349774985,M07,0,14.3,13.2169523239,30
119,c488d0a9a839e2a349774985,M08,0,18.67,17.1885719299,30
119,c488d0a9a839e2a349774985,M09,0,17.57,15.9614772797,30
119,c488d0a9a839e2a349774985,M10,0,20.32,18.4352931976,30
119,c488d0a9a839e2a349774985,M11,0,19.62,17.3726024628,30
119,c488d0a9a839e2a349774985,M12,0,26.58,24.2940635681,45
119,c488d0a9a839e2a349774985,M13,0,26.82,24.1844806671,60
119,c488d0a9a839e2a349774985,M14,0,23.22,20.6176662445,60
119,c488d0a9a839e2a349774985,M15,0,27.27,24.8018913269,60
119,c488d0a9a839e2a349774985,M16,0,55.11,51.2545509338,100
119,c488d0a9a839e2a349774985,M17,0,7.41,6.75090837479,14
119,c488d0a9a839e2a349774985,M18,0,10.2,8.95802021027,21
119,c488d0a9a839e2a349774985,M19,0,7.81,8.06243419647,21
119,c488d0a9a839e2a349774985,M20,0,10.04,10.5246925354,20
119,c488d0a9a839e2a349774985,M21,0,7.41,7.75681209564,21
119,c488d0a9a839e2a349774985,M22,0,17.21,17.8284263611,45
119,c488d0a9a839e2a349774985,M23,0,14.51,15.2869529724,45
119,c488d0a9a839e2a349774985,M24,0,17.67,18.6043186188,45
119,c488d0a9a839e2a349774985,M25,0,14.36,13.3494720459,20
119,c488d0a9a839e2a349774985,M26,0,13.06,12.1395673752,20
119,c488d0a9a839e2a349774985,M27,0,16.95,15.461350441,30
119,c488d0a9a839e2a349774985,M28,0,14.95,13.5493631363,30
119,c488d0a9a839e2a349774985,M29,0,16.97,15.7209224701,30
119,c488d0a9a839e2a349774985,M30,0,10.45,9.30731391907,21
121,4ed737567275c0296b371cfd,M01,4,4.39,3.58868813515,10
121,4ed737567275c0296b371cfd,M02,4,5.3,4.78058958054,15
121,4ed737567275c0296b371cfd,M03,4,4.92,4.39853334427,21
121,4ed737567275c0296b371cfd,M04,4,4.58,3.94803667068,21
121,4ed737567275c0296b371cfd,M05,4,4.49,3.86855435371,21
121,4ed737567275c0296b371cfd,M06,4,6.27,5.47791051865,21
121,4ed737567275c0296b371cfd,M07,4,5.86,5.77870988846,30
121,4ed737567275c0296b371cfd,M08,4,6.24,6.78893280029,30
121,4ed737567275c0296b371cfd,M09,4,5.01,5.71829938889,30
121,4ed737567275c0296b371cfd,M10,4,7.9,7.44441747665,30
121,4ed737567275c0296b371cfd,M11,4,6.83,6.98183822632,30
121,4ed737567275c0296b371cfd,M12,4,6.73,8.70089817047,45
121,4ed737567275c0296b371cfd,M13,4,7.48,8.38401508331,60
121,4ed737567275c0296b371cfd,M14,4,4.62,6.48989486694,60
121,4ed737567275c0296b371cfd,M15,4,7.97,8.53719997406,60
121,4ed737567275c0296b371cfd,M16,4,9.69,14.4190692902,100
121,4ed737567275c0296b371cfd,M17,4,2.65,2.9610850811,14
121,4ed737567275c0296b371cfd,M18,4,5.08,4.48915672302,21
121,4ed737567275c0296b371cfd,M19,4,4.49,3.919049263,21
121,4ed737567275c0296b371cfd,M20,4,5.01,4.6702747345,20
121,4ed737567275c0296b371cfd,M21,4,4.45,3.63117480278,21
121,4ed737567275c0296b371cfd,M22,4,6.88,6.88172006607,45
121,4ed737567275c0296b371cfd,M23,4,4.89,5.00774335861,45
121,4ed737567275c0296b371cfd,M24,4,6.75,7.12428379059,45
121,4ed737567275c0296b371cfd,M25,4,7.53,6.59385871887,20
121,4ed737567275c0296b371cfd,M26,4,5.34,5.04519748688,20
121,4ed737567275c0296b371cfd,M27,4,7.76,7.00234889984,30
121,4ed737567275c0296b371cfd,M28,4,5.94,5.30486154556,30
121,4ed737567275c0296b371cfd,M29,4,7.63,6.9730758667,30
121,4ed737567275c0296b371cfd,M30,4,4.91,4.19490432739,21
124,aa29578ed01a37d051f2f8b7,M01,4,6.74,5.49508619308,10
124,aa29578ed01a37d051f2f8b7,M02,4,9.34,7.20111036301,15
124,aa29578ed01a37d051f2f8b7,M03,4,9.26,6.67428779602,21
124,aa29578ed01a37d051f2f8b7,M04,4,8.53,6.12166452408,21
124,aa29578ed01a37d051f2f8b7,M05,4,8.37,5.97444248199,21
124,aa29578ed01a37d051f2f8b7,M06,4,11.77,8.5039100647,21
124,aa29578ed01a37d051f2f8b7,M07,4,12.81,8.92705154419,30
124,aa29578ed01a37d051f2f8b7,M08,4,16.93,12.4469280243,30
124,aa29578ed01a37d051f2f8b7,M09,4,16.18,11.2386875153,30
124,aa29578ed01a37d051f2f8b7,M10,4,18.71,13.7459554672,30
124,aa29578ed01a37d051f2f8b7,M11,4,17.63,12.6247587204,30
124,aa29578ed01a37d051f2f8b7,M12,4,24.05,15.8320713043,45
124,aa29578ed01a37d051f2f8b7,M13,4,22.31,15.111207962,60
124,aa29578ed01a37d051f2f8b7,M14,4,18.86,12.3757457733,60
124,aa29578ed01a37d051f2f8b7,M15,4,23.1,15.8936634064,60
124,aa29578ed01a37d051f2f8b7,M16,4,49.03,32.226184845,100
124,aa29578ed01a37d051f2f8b7,M17,4,6.98,5.14222002029,14
124,aa29578ed01a37d051f2f8b7,M18,4,9.46,6.57220745087,21
124,aa29578ed01a37d051f2f8b7,M19,4,7.64,5.82771015167,21
124,aa29578ed01a37d051f2f8b7,M20,4,9.15,7.4906373024,20
124,aa29578ed01a37d051f2f8b7,M21,4,7.32,5.50197553635,21
124,aa29578ed01a37d051f2f8b7,M22,4,16.84,12.1044883728,45
124,aa29578ed01a37d051f2f8b7,M23,4,14.19,9.89915943146,45
124,aa29578ed01a37d051f2f8b7,M24,4,17.4,13.0340147018,45
124,aa29578ed01a37d051f2f8b7,M25,4,12.94,10.0306310654,20
124,aa29578ed01a37d051f2f8b7,M26,4,11.56,8.80957508087,20
124,aa29578ed01a37d051f2f8b7,M27,4,14.09,11.0573139191,30
124,aa29578ed01a37d051f2f8b7,M28,4,12.07,9.36312484741,30
124,aa29578ed01a37d051f2f8b7,M29,4,14.21,11.4777183533,30
124,aa29578ed01a37d051f2f8b7,M30,4,8.65,6.62617492676,21
128,ad3b009f5c46951acff42651,M01,1,5.95,6.68202733994,10
128,ad3b009f5c46951acff42651,M02,1,8.3,8.39126873016,15
128,ad3b009f5c46951acff42651,M03,1,7.73,8.08205318451,21
128,ad3b009f5c46951acff42651,M04,1,7.15,7.49567699432,21
128,ad3b009f5c46951acff42651,M05,1,6.86,7.43179321289,21
128,ad3b009f5c46951acff42651,M06,1,9.21,10.3296117783,21
128,ad3b009f5c46951acff42651,M07,1,10.28,10.8426523209,30
128,ad3b009f5c46951acff42651,M08,1,14.16,14.7401714325,30
128,ad3b009f5c46951acff42651,M09,1,13.03,13.4865550995,30
128,ad3b009f5c46951acff42651,M10,1,15.96,16.1816196442,30
128,ad3b009f5c46951acff42651,M11,1,14.8,15.0329456329,30
128,ad3b009f5c46951acff42651,M12,1,18.97,19.8050689697,45
128,ad3b009f5c46951acff42651,M13,1,16.91,19.2639198303,60
128,ad3b009f5c46951acff42651,M14,1,13.89,15.6891536713,60
128,ad3b009f5c46951acff42651,M15,1,18.36,19.6215324402,60
128,ad3b009f5c46951acff42651,M16,1,36.61,38.804271698,100
128,ad3b009f5c46951acff42651,M17,1,5.69,6.18793821335,14
128,ad3b009f5c46951acff42651,M18,1,7.84,7.85498762131,21
128,ad3b009f5c46951acff42651,M19,1,6.19,6.70711946487,21
128,ad3b009f5c46951acff42651,M20,1,8.87,8.88630008698,20
128,ad3b009f5c46951acff42651,M21,1,6.34,6.57173967361,21
128,ad3b009f5c46951acff42651,M22,1,14.12,14.1832313538,45
128,ad3b009f5c46951acff42651,M23,1,11.47,11.6606140137,45
128,ad3b009f5c46951acff42651,M24,1,16.53,14.7434530258,45
128,ad3b009f5c46951acff42651,M25,1,11.81,12.250579834,20
128,ad3b009f5c46951acff42651,M26,1,10.43,10.6572999954,20
128,ad3b009f5c46951acff42651,M27,1,12.1,13.4260835648,30
128,ad3b009f5c46951acff42651,M28,1,10.19,11.0941877365,30
128,ad3b009f5c46951acff42651,M29,1,12.62,13.5336685181,30
128,ad3b009f5c46951acff42651,M30,1,7.15,8.01297092438,21
129,1de3e41098dfdbdb2adf0ebb,M01,1,5.63,5.22749662399,10
129,1de3e41098dfdbdb2adf0ebb,M02,1,7.52,6.60812997818,15
129,1de3e41098dfdbdb2adf0ebb,M03,1,6.57,6.32537460327,21
129,1de3e41098dfdbdb2adf0ebb,M04,1,6.13,5.83386516571,21
129,1de3e41098dfdbdb2adf0ebb,M05,1,5.94,5.80587482452,21
129,1de3e41098dfdbdb2adf0ebb,M06,1,8.28,8.05264186859,21
129,1de3e41098dfdbdb2adf0ebb,M07,1,8.6,8.23227977753,30
129,1de3e41098dfdbdb2adf0ebb,M08,1,12.11,10.9366006851,30
129,1de3e41098dfdbdb2adf0ebb,M09,1,11.18,9.79298019409,30
129,1de3e41098dfdbdb2adf0ebb,M10,1,13.75,12.2702322006,30
129,1de3e41098dfdbdb2adf0ebb,M11,1,12.87,11.403055191,30
129,1de3e41098dfdbdb2adf0ebb,M12,1,15.82,14.2838363647,45
129,1de3e41098dfdbdb2adf0ebb,M13,1,14.8,14.2609529495,60
129,1de3e41098dfdbdb2adf0ebb,M14,1,12.18,11.0549945831,60
129,1de3e41098dfdbdb2adf0ebb,M15,1,14.87,14.127790451,60
129,1de3e41098dfdbdb2adf0ebb,M16,1,32.4,27.1791973114,100
129,1de3e41098dfdbdb2adf0ebb,M17,1,4.81,4.52646398544,14
129,1de3e41098dfdbdb2adf0ebb,M18,1,6.7,6.28488922119,21
129,1de3e41098dfdbdb2adf0ebb,M19,1,5.72,5.5261797905,21
129,1de3e41098dfdbdb2adf0ebb,M20,1,7.85,6.83994865417,20
129,1de3e41098dfdbdb2adf0ebb,M21,1,5.66,5.33297634125,21
129,1de3e41098dfdbdb2adf0ebb,M22,1,12.12,10.9578561783,45
129,1de3e41098dfdbdb2adf0ebb,M23,1,10.25,8.94703197479,45
129,1de3e41098dfdbdb2adf0ebb,M24,1,12.23,10.8600492477,45
129,1de3e41098dfdbdb2adf0ebb,M25,1,9.73,9.72176265717,20
129,1de3e41098dfdbdb2adf0ebb,M26,1,7.86,8.23537921906,20
129,1de3e41098dfdbdb2adf0ebb,M27,1,9.38,10.6329536438,30
129,1de3e41098dfdbdb2adf0ebb,M28,1,7.84,8.68216705322,30
129,1de3e41098dfdbdb2adf0ebb,M29,1,9.01,10.3536510468,30
129,1de3e41098dfdbdb2adf0ebb,M30,1,5.27,6.32067012787,21
130,cb76c9dc3ae475d3cc15b169,M01,1,8.29,8.29481983185,10
130,cb76c9dc3ae475d3cc15b169,M02,1,10.9,10.9675970078,15
130,cb76c9dc3ae475d3cc15b169,M03,1,12.56,11.844748497,21
130,cb76c9dc3ae475d3cc15b169,M04,1,11.64,11.2181711197,21
130,cb76c9dc3ae475d3cc15b169,M05,1,11.79,11.3157835007,21
130,cb76c9dc3ae475d3cc15b169,M06,1,15.53,14.5067396164,21
130,cb76c9dc3ae475d3cc15b169,M07,1,17.57,17.2210178375,30
130,cb76c9dc3ae475d3cc15b169,M08,1,21.84,21.896062851,30
130,cb76c9dc3ae475d3cc15b169,M09,1,20.58,20.7007713318,30
130,cb76c9dc3ae475d3cc15b169,M10,1,23.37,23.1298789978,30
130,cb76c9dc3ae475d3cc15b169,M11,1,22.57,22.4584941864,30
130,cb76c9dc3ae475d3cc15b169,M12,1,31.94,30.6826972961,45
130,cb76c9dc3ae475d3cc15b169,M13,1,33.54,31.1239528656,60
130,cb76c9dc3ae475d3cc15b169,M14,1,30.32,27.7549304962,60
130,cb76c9dc3ae475d3cc15b169,M15,1,33.68,31.6394271851,60
130,cb76c9dc3ae475d3cc15b169,M16,1,62.65,59.2765731812,100
130,cb76c9dc3ae475d3cc15b169,M17,1,8.55,8.08296775818,14
130,cb76c9dc3ae475d3cc15b169,M18,1,12.05,11.6218299866,21
130,cb76c9dc3ae475d3cc15b169,M19,1,11.45,10.5109233856,21
130,cb76c9dc3ae475d3cc15b169,M20,1,13.29,12.5834579468,20
130,cb76c9dc3ae475d3cc15b169,M21,1,10.47,10.0639972687,21
130,cb76c9dc3ae475d3cc15b169,M22,1,27.07,25.3731307983,45
130,cb76c9dc3ae475d3cc15b169,M23,1,23.76,22.5580444336,45
130,cb76c9dc3ae475d3cc15b169,M24,1,27.59,26.1593532562,45
130,cb76c9dc3ae475d3cc15b169,M25,1,15.76,15.3579835892,20
130,cb76c9dc3ae475d3cc15b169,M26,1,14.53,14.2216625214,20
130,cb76c9dc3ae475d3cc15b169,M27,1,19.94,19.3631801605,30
130,cb76c9dc3ae475d3cc15b169,M28,1,17.94,17.7210140228,30
130,cb76c9dc3ae475d3cc15b169,M29,1,19.85,19.6787509918,30
130,cb76c9dc3ae475d3cc15b169,M30,1,12.61,12.0096483231,21
131,cb8f65e269eb26164eb899ea,M01,1,4.24,4.88984966278,10
131,cb8f65e269eb26164eb899ea,M02,1,5.72,6.21651935577,15
131,cb8f65e269eb26164eb899ea,M03,1,4.94,5.86447572708,21
131,cb8f65e269eb26164eb899ea,M04,1,4.57,5.41980743408,21
131,cb8f65e269eb26164eb899ea,M05,1,4.24,5.38878393173,21
131,cb8f65e269eb26164eb899ea,M06,1,6.28,7.87137889862,21
131,cb8f65e269eb26164eb899ea,M07,1,6.14,8.03667449951,30
131,cb8f65e269eb26164eb899ea,M08,1,7.71,10.0055580139,30
131,cb8f65e269eb26164eb899ea,M09,1,6.25,8.84392738342,30
131,cb8f65e269eb26164eb899ea,M10,1,9.15,11.5656661987,30
131,cb8f65e269eb26164eb899ea,M11,1,7.19,10.4737358093,30
131,cb8f65e269eb26164eb899ea,M12,1,8.87,12.0311765671,45
131,cb8f65e269eb26164eb899ea,M13,1,9.15,12.1724090576,60
131,cb8f65e269eb26164eb899ea,M14,1,7.34,9.82871055603,60
131,cb8f65e269eb26164eb899ea,M15,1,9.42,11.927110672,60
131,cb8f65e269eb26164eb899ea,M16,1,17.11,25.1215305328,100
131,cb8f65e269eb26164eb899ea,M17,1,2.62,4.12139225006,14
131,cb8f65e269eb26164eb899ea,M18,1,5.06,5.87342214584,21
131,cb8f65e269eb26164eb899ea,M19,1,4.43,5.08738327026,21
131,cb8f65e269eb26164eb899ea,M20,1,5.22,6.68179178238,20
131,cb8f65e269eb26164eb899ea,M21,1,4.4,4.89348554611,21
131,cb8f65e269eb26164eb899ea,M22,1,7.35,10.1805744171,45
131,cb8f65e269eb26164eb899ea,M23,1,6.31,8.31883049011,45
131,cb8f65e269eb26164eb899ea,M24,1,7.15,9.99904251099,45
131,cb8f65e269eb26164eb899ea,M25,1,6.82,9.1690196991,20
131,cb8f65e269eb26164eb899ea,M26,1,5.07,7.99423265457,20
131,cb8f65e269eb26164eb899ea,M27,1,7.13,9.84811401367,30
131,cb8f65e269eb26164eb899ea,M28,1,5.56,8.31287574768,30
131,cb8f65e269eb26164eb899ea,M29,1,6.94,9.54563999176,30
131,cb8f65e269eb26164eb899ea,M30,1,4.39,5.85380411148,21
132,76675cb970506f4cb7f9b3ef,M01,4,8.55,8.60846233368,10
132,76675cb970506f4cb7f9b3ef,M02,4,11.22,11.3921432495,15
132,76675cb970506f4cb7f9b3ef,M03,4,13.08,12.2149238586,21
132,76675cb970506f4cb7f9b3ef,M04,4,12.01,11.6246109009,21
132,76675cb970506f4cb7f9b3ef,M05,4,12.27,11.7176494598,21
132,76675cb970506f4cb7f9b3ef,M06,4,15.88,15.4632978439,21
132,76675cb970506f4cb7f9b3ef,M07,4,18.32,17.6589183807,30
132,76675cb970506f4cb7f9b3ef,M08,4,22.56,21.6827259064,30
132,76675cb970506f4cb7f9b3ef,M09,4,21.08,20.2834300995,30
132,76675cb970506f4cb7f9b3ef,M10,4,24.13,22.7860126495,30
132,76675cb970506f4cb7f9b3ef,M11,4,23.24,22.3183994293,30
132,76675cb970506f4cb7f9b3ef,M12,4,33.07,31.584072113,45
132,76675cb970506f4cb7f9b3ef,M13,4,34.67,32.2906837463,60
132,76675cb970506f4cb7f9b3ef,M14,4,31.36,28.8920860291,60
132,76675cb970506f4cb7f9b3ef,M15,4,35.32,32.7133560181,60
132,76675cb970506f4cb7f9b3ef,M16,4,63.82,61.5872879028,100
132,76675cb970506f4cb7f9b3ef,M17,4,8.81,8.49907684326,14
132,76675cb970506f4cb7f9b3ef,M18,4,12.4,11.9885559082,21
132,76675cb970506f4cb7f9b3ef,M19,4,12.19,10.9658689499,21
132,76675cb970506f4cb7f9b3ef,M20,4,13.89,13.3722734451,20
132,76675cb970506f4cb7f9b3ef,M21,4,11.08,10.4291095734,21
132,76675cb970506f4cb7f9b3ef,M22,4,29.02,25.1662826538,45
132,76675cb970506f4cb7f9b3ef,M23,4,25.24,21.6382751465,45
132,76675cb970506f4cb7f9b3ef,M24,4,29.94,25.8580799103,45
132,76675cb970506f4cb7f9b3ef,M25,4,16.08,15.89894104,20
132,76675cb970506f4cb7f9b3ef,M26,4,14.75,14.7915878296,20
132,76675cb970506f4cb7f9b3ef,M27,4,20.35,19.5065898895,30
132,76675cb970506f4cb7f9b3ef,M28,4,18.47,17.6708564758,30
132,76675cb970506f4cb7f9b3ef,M29,4,20.41,19.7535686493,30
132,76675cb970506f4cb7f9b3ef,M30,4,13.13,12.3141765594,21
133,bcd4d25e30d0907c8a1680f0,M01,4,7.95,8.27558803558,10
133,bcd4d25e30d0907c8a1680f0,M02,4,10.59,10.0515737534,15
133,bcd4d25e30d0907c8a1680f0,M03,4,11.79,10.2243309021,21
133,bcd4d25e30d0907c8a1680f0,M04,4,10.74,9.7727394104,21
133,bcd4d25e30d0907c8a1680f0,M05,4,10.93,9.72182655334,21
133,bcd4d25e30d0907c8a1680f0,M06,4,14.54,12.8940067291,21
133,bcd4d25e30d0907c8a1680f0,M07,4,16.36,13.5695838928,30
133,bcd4d25e30d0907c8a1680f0,M08,4,20.71,18.392698288,30
133,bcd4d25e30d0907c8a1680f0,M09,4,19.28,17.1329898834,30
133,bcd4d25e30d0907c8a1680f0,M10,4,22.34,19.7587280273,30
133,bcd4d25e30d0907c8a1680f0,M11,4,21.37,18.8394012451,30
133,bcd4d25e30d0907c8a1680f0,M12,4,29.95,25.6624622345,45
133,bcd4d25e30d0907c8a1680f0,M13,4,30.98,25.7512626648,60
133,bcd4d25e30d0907c8a1680f0,M14,4,27.48,22.8121929169,60
133,bcd4d25e30d0907c8a1680f0,M15,4,31.25,25.966293335,60
133,bcd4d25e30d0907c8a1680f0,M16,4,59.82,53.6354980469,100
133,bcd4d25e30d0907c8a1680f0,M17,4,8.03,7.81954240799,14
133,bcd4d25e30d0907c8a1680f0,M18,4,11.08,10.0004453659,21
133,bcd4d25e30d0907c8a1680f0,M19,4,10.69,8.90950965881,21
133,bcd4d25e30d0907c8a1680f0,M20,4,11.99,11.2014198303,20
133,bcd4d25e30d0907c8a1680f0,M21,4,9.1,8.62542915344,21
133,bcd4d25e30d0907c8a1680f0,M22,4,23.18,19.750246048,45
133,bcd4d25e30d0907c8a1680f0,M23,4,19.42,17.4387016296,45
133,bcd4d25e30d0907c8a1680f0,M24,4,23.82,19.9716434479,45
133,bcd4d25e30d0907c8a1680f0,M25,4,15.24,14.4918088913,20
133,bcd4d25e30d0907c8a1680f0,M26,4,13.96,13.3748865128,20
133,bcd4d25e30d0907c8a1680f0,M27,4,18.77,16.1247959137,30
133,bcd4d25e30d0907c8a1680f0,M28,4,16.83,14.4569997787,30
133,bcd4d25e30d0907c8a1680f0,M29,4,18.78,16.065946579,30
133,bcd4d25e30d0907c8a1680f0,M30,4,11.85,10.382440567,21
134,a8b1cb2553507696b13260d8,M01,4,7.77,8.37045001984,10
134,a8b1cb2553507696b13260d8,M02,4,10.39,11.0005378723,15
134,a8b1cb2553507696b13260d8,M03,4,11.57,11.8865652084,21
134,a8b1cb2553507696b13260d8,M04,4,10.75,11.3978319168,21
134,a8b1cb2553507696b13260d8,M05,4,10.84,11.4673147202,21
134,a8b1cb2553507696b13260d8,M06,4,14.25,14.9370546341,21
134,a8b1cb2553507696b13260d8,M07,4,16.09,17.0298461914,30
134,a8b1cb2553507696b13260d8,M08,4,20.44,21.2624530792,30
134,a8b1cb2553507696b13260d8,M09,4,19.23,20.0058479309,30
134,a8b1cb2553507696b13260d8,M10,4,21.97,22.4899311066,30
134,a8b1cb2553507696b13260d8,M11,4,21.19,21.9631500244,30
134,a8b1cb2553507696b13260d8,M12,4,29.69,31.0195808411,45
134,a8b1cb2553507696b13260d8,M13,4,30.56,31.7709255219,60
134,a8b1cb2553507696b13260d8,M14,4,27.32,28.6204013824,60
134,a8b1cb2553507696b13260d8,M15,4,30.77,32.0945053101,60
134,a8b1cb2553507696b13260d8,M16,4,59.4,61.6288909912,100
134,a8b1cb2553507696b13260d8,M17,4,8.05,8.19043731689,14
134,a8b1cb2553507696b13260d8,M18,4,11.2,11.6335067749,21
134,a8b1cb2553507696b13260d8,M19,4,9.88,10.5688114166,21
134,a8b1cb2553507696b13260d8,M20,4,12.04,12.7911300659,20
134,a8b1cb2553507696b13260d8,M21,4,9.26,10.0919361115,21
134,a8b1cb2553507696b13260d8,M22,4,23.22,24.3491096497,45
134,a8b1cb2553507696b13260d8,M23,4,19.93,21.1718978882,45
134,a8b1cb2553507696b13260d8,M24,4,23.95,24.8206005096,45
134,a8b1cb2553507696b13260d8,M25,4,15.02,15.6297006607,20
134,a8b1cb2553507696b13260d8,M26,4,13.8,14.550198555,20
134,a8b1cb2553507696b13260d8,M27,4,18.45,19.0237979889,30
134,a8b1cb2553507696b13260d8,M28,4,16.59,17.2819919586,30
134,a8b1cb2553507696b13260d8,M29,4,18.34,19.1305599213,30
134,a8b1cb2553507696b13260d8,M30,4,11.62,12.0446748734,21
135,2dbcd2c21100a96deb0fc79b,M01,0,7.74,7.24935865402,10
135,2dbcd2c21100a96deb0fc79b,M02,0,10.31,9.32419490814,15
135,2dbcd2c21100a96deb0fc79b,M03,0,11.32,9.49415874481,21
135,2dbcd2c21100a96deb0fc79b,M04,0,10.46,9.07547473907,21
135,2dbcd2c21100a96deb0fc79b,M05,0,10.57,9.10159778595,21
135,2dbcd2c21100a96deb0fc79b,M06,0,13.99,12.4704761505,21
135,2dbcd2c21100a96deb0fc79b,M07,0,15.68,13.8104038239,30
135,2dbcd2c21100a96deb0fc79b,M08,0,20.04,17.6045284271,30
135,2dbcd2c21100a96deb0fc79b,M09,0,18.85,16.4313716888,30
135,2dbcd2c21100a96deb0fc79b,M10,0,21.65,18.90766716,30
135,2dbcd2c21100a96deb0fc79b,M11,0,20.88,18.0381908417,30
135,2dbcd2c21100a96deb0fc79b,M12,0,28.91,24.4871864319,45
135,2dbcd2c21100a96deb0fc79b,M13,0,29.56,24.6885662079,60
135,2dbcd2c21100a96deb0fc79b,M14,0,26.07,21.2020702362,60
135,2dbcd2c21100a96deb0fc79b,M15,0,30.1,25.2418022156,60
135,2dbcd2c21100a96deb0fc79b,M16,0,58.24,53.2635040283,100
135,2dbcd2c21100a96deb0fc79b,M17,0,7.89,6.92322826385,14
135,2dbcd2c21100a96deb0fc79b,M18,0,10.96,9.27046489716,21
135,2dbcd2c21100a96deb0fc79b,M19,0,8.8,8.19199085236,21
135,2dbcd2c21100a96deb0fc79b,M20,0,10.92,10.8475008011,20
135,2dbcd2c21100a96deb0fc79b,M21,0,8.22,7.97579526901,21
135,2dbcd2c21100a96deb0fc79b,M22,0,19.73,18.0209922791,45
135,2dbcd2c21100a96deb0fc79b,M23,0,16.75,15.6271305084,45
135,2dbcd2c21100a96deb0fc79b,M24,0,20.34,18.8153018951,45
135,2dbcd2c21100a96deb0fc79b,M25,0,14.9,13.767250061,20
135,2dbcd2c21100a96deb0fc79b,M26,0,13.62,12.7126789093,20
135,2dbcd2c21100a96deb0fc79b,M27,0,18.11,15.8983898163,30
135,2dbcd2c21100a96deb0fc79b,M28,0,16.16,14.1672315598,30
135,2dbcd2c21100a96deb0fc79b,M29,0,18.15,16.1630725861,30
135,2dbcd2c21100a96deb0fc79b,M30,0,11.35,9.72403335571,21
137,4d08869f6c27483a6a997511,M01,3,6.74,7.49688577652,10
137,4d08869f6c27483a6a997511,M02,3,9.04,9.78583621979,15
137,4d08869f6c27483a6a997511,M03,3,8.9,10.0164556503,21
137,4d08869f6c27483a6a997511,M04,3,8.26,9.59478187561,21
137,4d08869f6c27483a6a997511,M05,3,8.12,9.57776165009,21
137,4d08869f6c27483a6a997511,M06,3,11.15,13.0994205475,21
137,4d08869f6c27483a6a997511,M07,3,12.04,14.6004161835,30
137,4d08869f6c27483a6a997511,M08,3,16.37,18.9910888672,30
137,4d08869f6c27483a6a997511,M09,3,15.42,17.7520160675,30
137,4d08869f6c27483a6a997511,M10,3,18,20.4701862335,30
137,4d08869f6c27483a6a997511,M11,3,17.16,19.4940547943,30
137,4d08869f6c27483a6a997511,M12,3,22.81,26.6641693115,45
137,4d08869f6c27483a6a997511,M13,3,22.06,26.9340209961,60
137,4d08869f6c27483a6a997511,M14,3,18.63,23.483745575,60
137,4d08869f6c27483a6a997511,M15,3,22.19,27.1350002289,60
137,4d08869f6c27483a6a997511,M16,3,49.2,55.7654495239,100
137,4d08869f6c27483a6a997511,M17,3,6.53,7.34228563309,14
137,4d08869f6c27483a6a997511,M18,3,8.88,9.8497543335,21
137,4d08869f6c27483a6a997511,M19,3,7.15,8.78640556335,21
137,4d08869f6c27483a6a997511,M20,3,9.5,11.2501220703,20
137,4d08869f6c27483a6a997511,M21,3,6.99,8.42561244965,21
137,4d08869f6c27483a6a997511,M22,3,15.76,19.4053840637,45
137,4d08869f6c27483a6a997511,M23,3,13.35,17.0201034546,45
137,4d08869f6c27483a6a997511,M24,3,16.09,19.7739086151,45
137,4d08869f6c27483a6a997511,M25,3,13.26,14.2682580948,20
137,4d08869f6c27483a6a997511,M26,3,11.93,13.2181053162,20
137,4d08869f6c27483a6a997511,M27,3,14.77,17.0525074005,30
137,4d08869f6c27483a6a997511,M28,3,12.74,15.2770557404,30
137,4d08869f6c27483a6a997511,M29,3,14.68,16.9193439484,30
137,4d08869f6c27483a6a997511,M30,3,8.93,10.2509689331,21
138,fbb6ef4dd8eafc9c107d4009,M01,0,8.66,7.45431900024,10
138,fbb6ef4dd8eafc9c107d4009,M02,0,11.32,10.2206420898,15
138,fbb6ef4dd8eafc9c107d4009,M03,0,13.49,11.0178918839,21
138,fbb6ef4dd8eafc9c107d4009,M04,0,12.67,10.4875392914,21
138,fbb6ef4dd8eafc9c107d4009,M05,0,12.85,10.6422815323,21
138,fbb6ef4dd8eafc9c107d4009,M06,0,16.33,13.8918027878,21
138,fbb6ef4dd8eafc9c107d4009,M07,0,19.05,15.9803304672,30
138,fbb6ef4dd8eafc9c107d4009,M08,0,23.17,20.2390937805,30
138,fbb6ef4dd8eafc9c107d4009,M09,0,22.06,19.027173996,30
138,fbb6ef4dd8eafc9c107d4009,M10,0,24.61,21.5115242004,30
138,fbb6ef4dd8eafc9c107d4009,M11,0,23.94,21.0015125275,30
138,fbb6ef4dd8eafc9c107d4009,M12,0,34.37,29.9912548065,45
138,fbb6ef4dd8eafc9c107d4009,M13,0,36.42,30.9086589813,60
138,fbb6ef4dd8eafc9c107d4009,M14,0,33.55,27.9082279205,60
138,fbb6ef4dd8eafc9c107d4009,M15,0,36.6,31.2420387268,60
138,fbb6ef4dd8eafc9c107d4009,M16,0,65.77,58.6221504211,100
138,fbb6ef4dd8eafc9c107d4009,M17,0,9.09,7.44658946991,14
138,fbb6ef4dd8eafc9c107d4009,M18,0,12.97,10.8863172531,21
138,fbb6ef4dd8eafc9c107d4009,M19,0,12.28,9.89638519287,21
138,fbb6ef4dd8eafc9c107d4009,M20,0,13.91,11.8302793503,20
138,fbb6ef4dd8eafc9c107d4009,M21,0,11.32,9.4453458786,21
138,fbb6ef4dd8eafc9c107d4009,M22,0,29.16,24.0763397217,45
138,fbb6ef4dd8eafc9c107d4009,M23,0,25.5,21.3116340637,45
138,fbb6ef4dd8eafc9c107d4009,M24,0,29.94,24.7388954163,45
138,fbb6ef4dd8eafc9c107d4009,M25,0,16.27,14.7213687897,20
138,fbb6ef4dd8eafc9c107d4009,M26,0,15.01,13.469956398,20
138,fbb6ef4dd8eafc9c107d4009,M27,0,20.92,18.2298755646,30
138,fbb6ef4dd8eafc9c107d4009,M28,0,19.21,16.5093460083,30
138,fbb6ef4dd8eafc9c107d4009,M29,0,20.72,18.4580135345,30
138,fbb6ef4dd8eafc9c107d4009,M30,0,13.55,11.2336378098,21
139,2cf7f8352a953b94c74c8f49,M01,1,5,5.50356626511,10
139,2cf7f8352a953b94c74c8f49,M02,1,6.54,6.99776697159,15
139,2cf7f8352a953b94c74c8f49,M03,1,5.6,6.32260036469,21
139,2cf7f8352a953b94c74c8f49,M04,1,5.31,5.88142967224,21
139,2cf7f8352a953b94c74c8f49,M05,1,5.21,5.83757305145,21
139,2cf7f8352a953b94c74c8f49,M06,1,7.1,7.98020792007,21
139,2cf7f8352a953b94c74c8f49,M07,1,7.18,8.03816986084,30
139,2cf7f8352a953b94c74c8f49,M08,1,9.39,11.0555791855,30
139,2cf7f8352a953b94c74c8f49,M09,1,8.44,10.0239667892,30
139,2cf7f8352a953b94c74c8f49,M10,1,11.02,12.5712394714,30
139,2cf7f8352a953b94c74c8f49,M11,1,10.09,11.5278730392,30
139,2cf7f8352a953b94c74c8f49,M12,1,11.43,14.0344343185,45
139,2cf7f8352a953b94c74c8f49,M13,1,11.49,14.0400257111,60
139,2cf7f8352a953b94c74c8f49,M14,1,8.89,11.6359777451,60
139,2cf7f8352a953b94c74c8f49,M15,1,11.4,13.9306116104,60
139,2cf7f8352a953b94c74c8f49,M16,1,21.41,27.093290329,100
139,2cf7f8352a953b94c74c8f49,M17,1,3.82,4.92230033875,14
139,2cf7f8352a953b94c74c8f49,M18,1,5.76,6.3736281395,21
139,2cf7f8352a953b94c74c8f49,M19,1,5.31,5.69891119003,21
139,2cf7f8352a953b94c74c8f49,M20,1,6.99,7.16630601883,20
139,2cf7f8352a953b94c74c8f49,M21,1,5.3,5.61715698242,21
139,2cf7f8352a953b94c74c8f49,M22,1,10.69,11.3494281769,45
139,2cf7f8352a953b94c74c8f49,M23,1,8.73,9.65357303619,45
139,2cf7f8352a953b94c74c8f49,M24,1,10.79,11.3172044754,45
139,2cf7f8352a953b94c74c8f49,M25,1,7.99,9.21259403229,20
139,2cf7f8352a953b94c74c8f49,M26,1,5.75,8.02896022797,20
139,2cf7f8352a953b94c74c8f49,M27,1,8.02,9.89859962463,30
139,2cf7f8352a953b94c74c8f49,M28,1,6.6,8.62180709839,30
139,2cf7f8352a953b94c74c8f49,M29,1,7.65,9.70784091949,30
139,2cf7f8352a953b94c74c8f49,M30,1,4.18,6.29018735886,21
140,4dc9a1238a5c5e15ddab6051,M01,3,5.49,4.42077636719,10
140,4dc9a1238a5c5e15ddab6051,M02,3,7.35,5.48194074631,15
140,4dc9a1238a5c5e15ddab6051,M03,3,6.36,5.16337203979,21
140,4dc9a1238a5c5e15ddab6051,M04,3,5.94,4.75539445877,21
140,4dc9a1238a5c5e15ddab6051,M05,3,5.78,4.70978927612,21
140,4dc9a1238a5c5e15ddab6051,M06,3,8.05,6.87869310379,21
140,4dc9a1238a5c5e15ddab6051,M07,3,8.32,6.83695077896,30
140,4dc9a1238a5c5e15ddab6051,M08,3,11.66,8.44878196716,30
140,4dc9a1238a5c5e15ddab6051,M09,3,10.68,7.31913518906,30
140,4dc9a1238a5c5e15ddab6051,M10,3,13.3,9.93977355957,30
140,4dc9a1238a5c5e15ddab6051,M11,3,12.41,8.81434440613,30
140,4dc9a1238a5c5e15ddab6051,M12,3,15.09,9.76299381256,45
140,4dc9a1238a5c5e15ddab6051,M13,3,14.27,9.79902935028,60
140,4dc9a1238a5c5e15ddab6051,M14,3,11.65,7.69300556183,60
140,4dc9a1238a5c5e15ddab6051,M15,3,14.24,9.77104377747,60
140,4dc9a1238a5c5e15ddab6051,M16,3,30.66,17.7077484131,100
140,4dc9a1238a5c5e15ddab6051,M17,3,4.6,3.62329268456,14
140,4dc9a1238a5c5e15ddab6051,M18,3,6.49,5.15521526337,21
140,4dc9a1238a5c5e15ddab6051,M19,3,5.72,4.6671462059,21
140,4dc9a1238a5c5e15ddab6051,M20,3,7.83,5.87057352066,20
140,4dc9a1238a5c5e15ddab6051,M21,3,5.68,4.44422340393,21
140,4dc9a1238a5c5e15ddab6051,M22,3,12.14,8.76379585266,45
140,4dc9a1238a5c5e15ddab6051,M23,3,10.22,6.790143013,45
140,4dc9a1238a5c5e15ddab6051,M24,3,12.28,8.78284931183,45
140,4dc9a1238a5c5e15ddab6051,M25,3,9.9,8.17035102844,20
140,4dc9a1238a5c5e15ddab6051,M26,3,7.94,6.4282374382,20
140,4dc9a1238a5c5e15ddab6051,M27,3,9.63,8.54504680634,30
140,4dc9a1238a5c5e15ddab6051,M28,3,8,6.80478286743,30
140,4dc9a1238a5c5e15ddab6051,M29,3,9.11,8.34394741058,30
140,4dc9a1238a5c5e15ddab6051,M30,3,5.29,5.11881732941,21
141,0d0b0a46ce9ecd81eed45455,M01,4,7.74,8.60911273956,10
141,0d0b0a46ce9ecd81eed45455,M02,4,10.31,11.2815723419,15
141,0d0b0a46ce9ecd81eed45455,M03,4,11.3,12.2802124023,21
141,0d0b0a46ce9ecd81eed45455,M04,4,10.4,11.7707986832,21
141,0d0b0a46ce9ecd81eed45455,M05,4,10.49,11.8889770508,21
141,0d0b0a46ce9ecd81eed45455,M06,4,13.99,15.1859502792,21
141,0d0b0a46ce9ecd81eed45455,M07,4,15.65,17.5166358948,30
141,0d0b0a46ce9ecd81eed45455,M08,4,20.02,21.8322849274,30
141,0d0b0a46ce9ecd81eed45455,M09,4,18.78,20.5994129181,30
141,0d0b0a46ce9ecd81eed45455,M10,4,21.61,23.1096515656,30
141,0d0b0a46ce9ecd81eed45455,M11,4,20.7,22.5759162903,30
141,0d0b0a46ce9ecd81eed45455,M12,4,28.9,30.9331932068,45
141,0d0b0a46ce9ecd81eed45455,M13,4,29.67,31.8956260681,60
141,0d0b0a46ce9ecd81eed45455,M14,4,26.17,29.1953029633,60
141,0d0b0a46ce9ecd81eed45455,M15,4,29.78,32.2732925415,60
141,0d0b0a46ce9ecd81eed45455,M16,4,58.37,61.8048210144,100
141,0d0b0a46ce9ecd81eed45455,M17,4,7.87,8.43573951721,14
141,0d0b0a46ce9ecd81eed45455,M18,4,10.92,11.9115343094,21
141,0d0b0a46ce9ecd81eed45455,M19,4,9.45,11.0836000443,21
141,0d0b0a46ce9ecd81eed45455,M20,4,11.64,12.4873304367,20
141,0d0b0a46ce9ecd81eed45455,M21,4,8.78,9.8911523819,21
141,0d0b0a46ce9ecd81eed45455,M22,4,21.89,24.1501846313,45
141,0d0b0a46ce9ecd81eed45455,M23,4,18.59,21.269733429,45
141,0d0b0a46ce9ecd81eed45455,M24,4,22.42,24.6606330872,45
141,0d0b0a46ce9ecd81eed45455,M25,4,14.9,15.9055395126,20
141,0d0b0a46ce9ecd81eed45455,M26,4,13.62,14.7764873505,20
141,0d0b0a46ce9ecd81eed45455,M27,4,18.13,19.5735321045,30
141,0d0b0a46ce9ecd81eed45455,M28,4,16.2,17.9285793304,30
141,0d0b0a46ce9ecd81eed45455,M29,4,18.02,19.7640476227,30
141,0d0b0a46ce9ecd81eed45455,M30,4,11.35,12.4550256729,21
143,8911f3588631f37c7617db17,M01,2,8.41,8.86694908142,10
143,8911f3588631f37c7617db17,M02,2,11.06,11.7562532425,15
143,8911f3588631f37c7617db17,M03,2,12.93,12.8568792343,21
143,8911f3588631f37c7617db17,M04,2,11.72,12.2802686691,21
143,8911f3588631f37c7617db17,M05,2,12.03,12.3691511154,21
143,8911f3588631f37c7617db17,M06,2,15.68,15.5912733078,21
143,8911f3588631f37c7617db17,M07,2,18.02,18.1638412476,30
143,8911f3588631f37c7617db17,M08,2,22.34,22.7046356201,30
143,8911f3588631f37c7617db17,M09,2,20.67,21.5789279938,30
143,8911f3588631f37c7617db17,M10,2,23.76,23.9380264282,30
143,8911f3588631f37c7617db17,M11,2,22.82,23.413066864,30
143,8911f3588631f37c7617db17,M12,2,32.46,34.1170310974,45
143,8911f3588631f37c7617db17,M13,2,34.12,34.5397109985,60
143,8911f3588631f37c7617db17,M14,2,31.03,31.9063529968,60
143,8911f3588631f37c7617db17,M15,2,34.26,35.0602340698,60
143,8911f3588631f37c7617db17,M16,2,63.34,63.3377113342,100
143,8911f3588631f37c7617db17,M17,2,8.75,9.03322124481,14
143,8911f3588631f37c7617db17,M18,2,12.58,12.6049175262,21
143,8911f3588631f37c7617db17,M19,2,11.59,11.5801343918,21
143,8911f3588631f37c7617db17,M20,2,14.21,13.5310115814,20
143,8911f3588631f37c7617db17,M21,2,10.6,11.1632137299,21
143,8911f3588631f37c7617db17,M22,2,27.74,27.2635135651,45
143,8911f3588631f37c7617db17,M23,2,24.03,24.8563919067,45
143,8911f3588631f37c7617db17,M24,2,28.2,28.0008182526,45
143,8911f3588631f37c7617db17,M25,2,15.9,16.3270950317,20
143,8911f3588631f37c7617db17,M26,2,14.62,15.1968984604,20
143,8911f3588631f37c7617db17,M27,2,20.05,20.285949707,30
143,8911f3588631f37c7617db17,M28,2,18.26,18.8469486237,30
143,8911f3588631f37c7617db17,M29,2,19.94,20.3818969727,30
143,8911f3588631f37c7617db17,M30,2,13.07,12.9591875076,21
144,2c5d43f76182fb5235fb9b35,M01,3,8.18,8.51370334625,10
144,2c5d43f76182fb5235fb9b35,M02,3,10.78,11.2070207596,15
144,2c5d43f76182fb5235fb9b35,M03,3,12.23,11.9745101929,21
144,2c5d43f76182fb5235fb9b35,M04,3,11.27,11.2319459915,21
144,2c5d43f76182fb5235fb9b35,M05,3,11.45,11.3659210205,21
144,2c5d43f76182fb5235fb9b35,M06,3,15.1,14.7066164017,21
144,2c5d43f76182fb5235fb9b35,M07,3,17.04,16.8298721313,30
144,2c5d43f76182fb5235fb9b35,M08,3,21.36,21.0595817566,30
144,2c5d43f76182fb5235fb9b35,M09,3,20.04,19.5750274658,30
144,2c5d43f76182fb5235fb9b35,M10,3,22.94,22.2807102203,30
144,2c5d43f76182fb5235fb9b35,M11,3,22.07,21.4871845245,30
144,2c5d43f76182fb5235fb9b35,M12,3,31.05,31.5054149628,45
144,2c5d43f76182fb5235fb9b35,M13,3,32.57,31.9833374023,60
144,2c5d43f76182fb5235fb9b35,M14,3,29.1,28.9752368927,60
144,2c5d43f76182fb5235fb9b35,M15,3,32.58,32.4118766785,60
144,2c5d43f76182fb5235fb9b35,M16,3,61.59,62.1362800598,100
144,2c5d43f76182fb5235fb9b35,M17,3,8.39,8.33990573883,14
144,2c5d43f76182fb5235fb9b35,M18,3,11.7,11.5043897629,21
144,2c5d43f76182fb5235fb9b35,M19,3,10.8,10.6742944717,21
144,2c5d43f76182fb5235fb9b35,M20,3,12.8,12.7805557251,20
144,2c5d43f76182fb5235fb9b35,M21,3,9.9,9.98472595215,21
144,2c5d43f76182fb5235fb9b35,M22,3,25.48,24.2378101349,45
144,2c5d43f76182fb5235fb9b35,M23,3,21.78,21.7357444763,45
144,2c5d43f76182fb5235fb9b35,M24,3,26.02,24.9219646454,45
144,2c5d43f76182fb5235fb9b35,M25,3,15.57,15.451461792,20
144,2c5d43f76182fb5235fb9b35,M26,3,14.28,14.3167085648,20
144,2c5d43f76182fb5235fb9b35,M27,3,19.43,18.9425029755,30
144,2c5d43f76182fb5235fb9b35,M28,3,17.52,17.2399177551,30
144,2c5d43f76182fb5235fb9b35,M29,3,19.28,19.0829715729,30
144,2c5d43f76182fb5235fb9b35,M30,3,12.28,12.2008600235,21
145,b059278e30a9ae7d8bf4fd90,M01,2,6.2,6.33706665039,10
145,b059278e30a9ae7d8bf4fd90,M02,2,8.26,7.70891666412,15
145,b059278e30a9ae7d8bf4fd90,M03,2,7.58,7.38509321213,21
145,b059278e30a9ae7d8bf4fd90,M04,2,6.82,6.9991402626,21
145,b059278e30a9ae7d8bf4fd90,M05,2,6.71,6.95161008835,21
145,b059278e30a9ae7d8bf4fd90,M06,2,9.62,9.89715480804,21
145,b059278e30a9ae7d8bf4fd90,M07,2,10.09,10.6426343918,30
145,b059278e30a9ae7d8bf4fd90,M08,2,14.2,14.3826723099,30
145,b059278e30a9ae7d8bf4fd90,M09,2,12.9,13.0039205551,30
145,b059278e30a9ae7d8bf4fd90,M10,2,15.77,15.8690052032,30
145,b059278e30a9ae7d8bf4fd90,M11,2,14.7,14.7114048004,30
145,b059278e30a9ae7d8bf4fd90,M12,2,19.29,18.4062652588,45
145,b059278e30a9ae7d8bf4fd90,M13,2,18.14,18.1145191193,60
145,b059278e30a9ae7d8bf4fd90,M14,2,15.09,14.4855318069,60
145,b059278e30a9ae7d8bf4fd90,M15,2,17.93,18.1824226379,60
145,b059278e30a9ae7d8bf4fd90,M16,2,42.23,41.0436210632,100
145,b059278e30a9ae7d8bf4fd90,M17,2,5.46,5.54338979721,14
145,b059278e30a9ae7d8bf4fd90,M18,2,7.44,7.26333284378,21
145,b059278e30a9ae7d8bf4fd90,M19,2,6.16,6.31408500671,21
145,b059278e30a9ae7d8bf4fd90,M20,2,8.45,8.3016242981,20
145,b059278e30a9ae7d8bf4fd90,M21,2,5.99,5.97830438614,21
145,b059278e30a9ae7d8bf4fd90,M22,2,13.22,14.0196142197,45
145,b059278e30a9ae7d8bf4fd90,M23,2,11.27,11.3443813324,45
145,b059278e30a9ae7d8bf4fd90,M24,2,13.3,14.1531524658,45
145,b059278e30a9ae7d8bf4fd90,M25,2,12.31,11.9140930176,20
145,b059278e30a9ae7d8bf4fd90,M26,2,10.92,10.4953775406,20
145,b059278e30a9ae7d8bf4fd90,M27,2,12.89,13.0680360794,30
145,b059278e30a9ae7d8bf4fd90,M28,2,10.89,10.9971036911,30
145,b059278e30a9ae7d8bf4fd90,M29,2,12.52,12.9427270889,30
145,b059278e30a9ae7d8bf4fd90,M30,2,7.62,7.57981109619,21
146,58130070690af2c368385354,M01,0,3.76,4.56278324127,10
146,58130070690af2c368385354,M02,0,3.74,5.65984630585,15
146,58130070690af2c368385354,M03,0,4.24,5.15195274353,21
146,58130070690af2c368385354,M04,0,3.64,4.7682390213,21
146,58130070690af2c368385354,M05,0,3.56,4.78747463226,21
146,58130070690af2c368385354,M06,0,5.5,6.55941152573,21
146,58130070690af2c368385354,M07,0,4.56,6.40483283997,30
146,58130070690af2c368385354,M08,0,3.74,7.70440387726,30
146,58130070690af2c368385354,M09,0,2.55,7.02696323395,30
146,58130070690af2c368385354,M10,0,5.1,9.01844215393,30
146,58130070690af2c368385354,M11,0,3.92,8.17652702332,30
146,58130070690af2c368385354,M12,0,3.77,9.13353252411,45
146,58130070690af2c368385354,M13,0,5.35,9.34127902985,60
146,58130070690af2c368385354,M14,0,2.51,7.6408495903,60
146,58130070690af2c368385354,M15,0,5.69,9.27258682251,60
146,58130070690af2c368385354,M16,0,6.07,15.9632768631,100
146,58130070690af2c368385354,M17,0,1.93,3.75503563881,14
146,58130070690af2c368385354,M18,0,4.6,5.20142507553,21
146,58130070690af2c368385354,M19,0,3.71,4.51728439331,21
146,58130070690af2c368385354,M20,0,4.7,5.41764736176,20
146,58130070690af2c368385354,M21,0,4.2,4.47605276108,21
146,58130070690af2c368385354,M22,0,5.51,7.58740615845,45
146,58130070690af2c368385354,M23,0,2.96,5.83493089676,45
146,58130070690af2c368385354,M24,0,5.64,7.37197589874,45
146,58130070690af2c368385354,M25,0,6.02,8.06881141663,20
146,58130070690af2c368385354,M26,0,4.28,6.89018344879,20
146,58130070690af2c368385354,M27,0,6.57,8.59555530548,30
146,58130070690af2c368385354,M28,0,4.96,7.07368946075,30
146,58130070690af2c368385354,M29,0,6.48,8.20562362671,30
146,58130070690af2c368385354,M30,0,4.25,5.20577859879,21
147,1d7746b0a53dab9391e34d68,M01,4,7.83,8.18391895294,10
147,1d7746b0a53dab9391e34d68,M02,4,10.45,10.9203681946,15
147,1d7746b0a53dab9391e34d68,M03,4,11.66,11.4485607147,21
147,1d7746b0a53dab9391e34d68,M04,4,10.73,11.0225753784,21
147,1d7746b0a53dab9391e34d68,M05,4,10.84,11.0514650345,21
147,1d7746b0a53dab9391e34d68,M06,4,14.28,14.0717639923,21
147,1d7746b0a53dab9391e34d68,M07,4,16.23,16.2516231537,30
147,1d7746b0a53dab9391e34d68,M08,4,20.57,20.7272663116,30
147,1d7746b0a53dab9391e34d68,M09,4,19.27,19.4635906219,30
147,1d7746b0a53dab9391e34d68,M10,4,22.11,21.7819156647,30
147,1d7746b0a53dab9391e34d68,M11,4,21.24,21.2821350098,30
147,1d7746b0a53dab9391e34d68,M12,4,29.88,29.6279792786,45
147,1d7746b0a53dab9391e34d68,M13,4,30.65,29.9683094025,60
147,1d7746b0a53dab9391e34d68,M14,4,27.34,26.4647521973,60
147,1d7746b0a53dab9391e34d68,M15,4,31.03,30.3513584137,60
147,1d7746b0a53dab9391e34d68,M16,4,59.54,59.3928260803,100
147,1d7746b0a53dab9391e34d68,M17,4,8.03,8.10287284851,14
147,1d7746b0a53dab9391e34d68,M18,4,11.21,11.2578077316,21
147,1d7746b0a53dab9391e34d68,M19,4,10.53,10.0635004044,21
147,1d7746b0a53dab9391e34d68,M20,4,12.61,12.1355047226,20
147,1d7746b0a53dab9391e34d68,M21,4,9.85,9.76584625244,21
147,1d7746b0a53dab9391e34d68,M22,4,25.08,22.9684963226,45
147,1d7746b0a53dab9391e34d68,M23,4,21.77,19.8837451935,45
147,1d7746b0a53dab9391e34d68,M24,4,25.64,23.3631687164,45
147,1d7746b0a53dab9391e34d68,M25,4,15.04,14.9940481186,20
147,1d7746b0a53dab9391e34d68,M26,4,13.82,13.9660396576,20
147,1d7746b0a53dab9391e34d68,M27,4,18.49,18.35105896,30
147,1d7746b0a53dab9391e34d68,M28,4,16.64,16.5796775818,30
147,1d7746b0a53dab9391e34d68,M29,4,18.51,18.4659309387,30
147,1d7746b0a53dab9391e34d68,M30,4,11.7,11.6066703796,21
148,1b9952df1d11d663488fce0b,M01,2,7.35,7.31250095367,10
148,1b9952df1d11d663488fce0b,M02,2,9.84,9.86329460144,15
148,1b9952df1d11d663488fce0b,M03,2,10.4,9.79226303101,21
148,1b9952df1d11d663488fce0b,M04,2,9.58,9.28075790405,21
148,1b9952df1d11d663488fce0b,M05,2,9.6,9.30198287964,21
148,1b9952df1d11d663488fce0b,M06,2,12.95,12.8912439346,21
148,1b9952df1d11d663488fce0b,M07,2,14.31,14.0363397598,30
148,1b9952df1d11d663488fce0b,M08,2,18.7,18.111574173,30
148,1b9952df1d11d663488fce0b,M09,2,17.56,16.8696784973,30
148,1b9952df1d11d663488fce0b,M10,2,20.3,19.6267662048,30
148,1b9952df1d11d663488fce0b,M11,2,19.49,18.455116272,30
148,1b9952df1d11d663488fce0b,M12,2,26.72,25.8856067657,45
148,1b9952df1d11d663488fce0b,M13,2,26.91,25.9806194305,60
148,1b9952df1d11d663488fce0b,M14,2,23.41,22.5388622284,60
148,1b9952df1d11d663488fce0b,M15,2,27.11,26.1755943298,60
148,1b9952df1d11d663488fce0b,M16,2,55.33,54.3007316589,100
148,1b9952df1d11d663488fce0b,M17,2,7.35,7.07851648331,14
148,1b9952df1d11d663488fce0b,M18,2,10.15,9.53370189667,21
148,1b9952df1d11d663488fce0b,M19,2,9,8.51381111145,21
148,1b9952df1d11d663488fce0b,M20,2,11.32,10.8718223572,20
148,1b9952df1d11d663488fce0b,M21,2,8.54,8.22461128235,21
148,1b9952df1d11d663488fce0b,M22,2,21.01,18.6937160492,45
148,1b9952df1d11d663488fce0b,M23,2,17.89,16.2971782684,45
148,1b9952df1d11d663488fce0b,M24,2,21.52,18.9236412048,45
148,1b9952df1d11d663488fce0b,M25,2,14.29,14.264043808,20
148,1b9952df1d11d663488fce0b,M26,2,13.01,12.8640241623,20
148,1b9952df1d11d663488fce0b,M27,2,16.91,16.708360672,30
148,1b9952df1d11d663488fce0b,M28,2,14.95,14.8505821228,30
148,1b9952df1d11d663488fce0b,M29,2,16.84,16.716506958,30
148,1b9952df1d11d663488fce0b,M30,2,10.44,9.94681835175,21
149,a93b32339ed8311dd7a541ef,M01,2,7.69,7.11749267578,10
149,a93b32339ed8311dd7a541ef,M02,2,10.27,9.75243282318,15
149,a93b32339ed8311dd7a541ef,M03,2,11.22,10.2227010727,21
149,a93b32339ed8311dd7a541ef,M04,2,10.24,9.75783443451,21
149,a93b32339ed8311dd7a541ef,M05,2,10.39,9.75996494293,21
149,a93b32339ed8311dd7a541ef,M06,2,13.81,12.9369258881,21
149,a93b32339ed8311dd7a541ef,M07,2,15.5,14.4596652985,30
149,a93b32339ed8311dd7a541ef,M08,2,19.88,18.1288204193,30
149,a93b32339ed8311dd7a541ef,M09,2,18.5,17.1493053436,30
149,a93b32339ed8311dd7a541ef,M10,2,21.51,19.5172386169,30
149,a93b32339ed8311dd7a541ef,M11,2,20.56,18.5437698364,30
149,a93b32339ed8311dd7a541ef,M12,2,28.59,26.4672088623,45
149,a93b32339ed8311dd7a541ef,M13,2,29.09,26.5236473083,60
149,a93b32339ed8311dd7a541ef,M14,2,25.6,23.1224422455,60
149,a93b32339ed8311dd7a541ef,M15,2,29.51,26.7079181671,60
149,a93b32339ed8311dd7a541ef,M16,2,57.72,55.2825126648,100
149,a93b32339ed8311dd7a541ef,M17,2,7.79,7.11916446686,14
149,a93b32339ed8311dd7a541ef,M18,2,10.77,10.0481796265,21
149,a93b32339ed8311dd7a541ef,M19,2,9.6,8.93484973907,21
149,a93b32339ed8311dd7a541ef,M20,2,11.82,10.8601226807,20
149,a93b32339ed8311dd7a541ef,M21,2,9.04,8.66779613495,21
149,a93b32339ed8311dd7a541ef,M22,2,22.58,19.7476196289,45
149,a93b32339ed8311dd7a541ef,M23,2,19.38,17.8117542267,45
149,a93b32339ed8311dd7a541ef,M24,2,23.1,19.946018219,45
149,a93b32339ed8311dd7a541ef,M25,2,14.81,14.1232280731,20
149,a93b32339ed8311dd7a541ef,M26,2,13.53,12.821354866,20
149,a93b32339ed8311dd7a541ef,M27,2,17.89,16.7636909485,30
149,a93b32339ed8311dd7a541ef,M28,2,15.94,15.0273084641,30
149,a93b32339ed8311dd7a541ef,M29,2,17.95,16.6730899811,30
149,a93b32339ed8311dd7a541ef,M30,2,11.26,10.4018363953,21
150,47a0e982a5cc29d0694317d1,M01,1,6.41,6.50733041763,10
150,47a0e982a5cc29d0694317d1,M02,1,8.91,8.44287204742,15
150,47a0e982a5cc29d0694317d1,M03,1,8.73,8.54091453552,21
150,47a0e982a5cc29d0694317d1,M04,1,8.09,8.05435371399,21
150,47a0e982a5cc29d0694317d1,M05,1,7.8,8.05438327789,21
150,47a0e982a5cc29d0694317d1,M06,1,10.41,10.9641580582,21
150,47a0e982a5cc29d0694317d1,M07,1,11.81,11.8576192856,30
150,47a0e982a5cc29d0694317d1,M08,1,16.04,16.0897769928,30
150,47a0e982a5cc29d0694317d1,M09,1,14.96,14.8013696671,30
150,47a0e982a5cc29d0694317d1,M10,1,17.74,17.5148906708,30
150,47a0e982a5cc29d0694317d1,M11,1,16.66,16.4241943359,30
150,47a0e982a5cc29d0694317d1,M12,1,22.21,21.8439178467,45
150,47a0e982a5cc29d0694317d1,M13,1,20.15,21.5244312286,60
150,47a0e982a5cc29d0694317d1,M14,1,16.91,17.8659191132,60
150,47a0e982a5cc29d0694317d1,M15,1,21.69,21.8086738586,60
150,47a0e982a5cc29d0694317d1,M16,1,45.47,43.4924316406,100
150,47a0e982a5cc29d0694317d1,M17,1,6.41,5.94757080078,14
150,47a0e982a5cc29d0694317d1,M18,1,8.78,8.40096759796,21
150,47a0e982a5cc29d0694317d1,M19,1,5.99,6.51445102692,21
150,47a0e982a5cc29d0694317d1,M20,1,8.64,8.91880512238,20
150,47a0e982a5cc29d0694317d1,M21,1,6.19,6.44771003723,21
150,47a0e982a5cc29d0694317d1,M22,1,13.6,14.9446372986,45
150,47a0e982a5cc29d0694317d1,M23,1,11.29,12.1959447861,45
150,47a0e982a5cc29d0694317d1,M24,1,14.92,15.5665740967,45
150,47a0e982a5cc29d0694317d1,M25,1,12.6,12.5618534088,20
150,47a0e982a5cc29d0694317d1,M26,1,11.34,11.062584877,20
150,47a0e982a5cc29d0694317d1,M27,1,13.63,14.109711647,30
150,47a0e982a5cc29d0694317d1,M28,1,11.7,11.5484628677,30
150,47a0e982a5cc29d0694317d1,M29,1,14.2,14.1375732422,30
150,47a0e982a5cc29d0694317d1,M30,1,8.17,8.56020069122,21
151,6b4c549deadd4454deb332d3,M01,1,6.08,6.05409002304,10
151,6b4c549deadd4454deb332d3,M02,1,8.06,7.6279759407,15
151,6b4c549deadd4454deb332d3,M03,1,7.27,7.27362203598,21
151,6b4c549deadd4454deb332d3,M04,1,6.55,6.70514583588,21
151,6b4c549deadd4454deb332d3,M05,1,6.43,6.68361949921,21
151,6b4c549deadd4454deb332d3,M06,1,9.26,9.5131778717,21
151,6b4c549deadd4454deb332d3,M07,1,9.63,9.87411689758,30
151,6b4c549deadd4454deb332d3,M08,1,13.63,13.5079679489,30
151,6b4c549deadd4454deb332d3,M09,1,12.33,12.4489135742,30
151,6b4c549deadd4454deb332d3,M10,1,15.19,15.0695734024,30
151,6b4c549deadd4454deb332d3,M11,1,14.1,13.986577034,30
151,6b4c549deadd4454deb332d3,M12,1,18.37,18.2568950653,45
151,6b4c549deadd4454deb332d3,M13,1,17.19,18.083404541,60
151,6b4c549deadd4454deb332d3,M14,1,14.24,14.6269750595,60
151,6b4c549deadd4454deb332d3,M15,1,16.91,17.8425655365,60
151,6b4c549deadd4454deb332d3,M16,1,39.71,40.8757247925,100
151,6b4c549deadd4454deb332d3,M17,1,5.24,5.38446998596,14
151,6b4c549deadd4454deb332d3,M18,1,7.15,7.10546779633,21
151,6b4c549deadd4454deb332d3,M19,1,5.92,6.09328556061,21
151,6b4c549deadd4454deb332d3,M20,1,8.12,8.05515956879,20
151,6b4c549deadd4454deb332d3,M21,1,5.75,5.79492855072,21
151,6b4c549deadd4454deb332d3,M22,1,12.55,13.7809762955,45
151,6b4c549deadd4454deb332d3,M23,1,10.67,11.3286714554,45
151,6b4c549deadd4454deb332d3,M24,1,12.51,13.5218667984,45
151,6b4c549deadd4454deb332d3,M25,1,12.05,11.8133506775,20
151,6b4c549deadd4454deb332d3,M26,1,10.61,10.652387619,20
151,6b4c549deadd4454deb332d3,M27,1,12.41,12.7242069244,30
151,6b4c549deadd4454deb332d3,M28,1,10.41,10.8081588745,30
151,6b4c549deadd4454deb332d3,M29,1,12.01,12.4460458755,30
151,6b4c549deadd4454deb332d3,M30,1,7.3,7.373046875,21
152,bc994c242eeac5db55f81cd1,M01,0,5.29,5.52509069443,10
152,bc994c242eeac5db55f81cd1,M02,0,7.08,7.06245279312,15
152,bc994c242eeac5db55f81cd1,M03,0,6.06,6.87763357162,21
152,bc994c242eeac5db55f81cd1,M04,0,5.69,6.36209058762,21
152,bc994c242eeac5db55f81cd1,M05,0,5.53,6.37038946152,21
152,bc994c242eeac5db55f81cd1,M06,0,7.67,9.05203151703,21
152,bc994c242eeac5db55f81cd1,M07,0,7.87,9.41007232666,30
152,bc994c242eeac5db55f81cd1,M08,0,10.98,13.1911535263,30
152,bc994c242eeac5db55f81cd1,M09,0,9.95,11.9577894211,30
152,bc994c242eeac5db55f81cd1,M10,0,12.57,14.3817749023,30
152,bc994c242eeac5db55f81cd1,M11,0,11.63,13.3433609009,30
152,bc994c242eeac5db55f81cd1,M12,0,14,17.4095916748,45
152,bc994c242eeac5db55f81cd1,M13,0,13.4,17.3745212555,60
152,bc994c242eeac5db55f81cd1,M14,0,10.83,13.8019275665,60
152,bc994c242eeac5db55f81cd1,M15,0,13.26,17.3303699493,60
152,bc994c242eeac5db55f81cd1,M16,0,27.98,40.4295310974,100
152,bc994c242eeac5db55f81cd1,M17,0,4.33,4.8397397995,14
152,bc994c242eeac5db55f81cd1,M18,0,6.21,6.59802389145,21
152,bc994c242eeac5db55f81cd1,M19,0,5.77,5.81564617157,21
152,bc994c242eeac5db55f81cd1,M20,0,7.99,7.72447299957,20
152,bc994c242eeac5db55f81cd1,M21,0,5.77,5.51631259918,21
152,bc994c242eeac5db55f81cd1,M22,0,12.41,12.6464548111,45
152,bc994c242eeac5db55f81cd1,M23,0,10.42,10.2865800858,45
152,bc994c242eeac5db55f81cd1,M24,0,12.59,12.7525815964,45
152,bc994c242eeac5db55f81cd1,M25,0,9.1,10.8872013092,20
152,bc994c242eeac5db55f81cd1,M26,0,6.91,9.49975299835,20
152,bc994c242eeac5db55f81cd1,M27,0,8.99,11.5965204239,30
152,bc994c242eeac5db55f81cd1,M28,0,7.45,9.60883998871,30
152,bc994c242eeac5db55f81cd1,M29,0,8.51,11.3731822968,30
152,bc994c242eeac5db55f81cd1,M30,0,4.89,6.96903562546,21
153,dd846ae5b622e8b2e6c71cac,M01,2,8.95,9.23419189453,10
153,dd846ae5b622e8b2e6c71cac,M02,2,11.53,12.2203683853,15
153,dd846ae5b622e8b2e6c71cac,M03,2,13.76,13.8133201599,21
153,dd846ae5b622e8b2e6c71cac,M04,2,12.75,13.1981248856,21
153,dd846ae5b622e8b2e6c71cac,M05,2,12.98,13.3067321777,21
153,dd846ae5b622e8b2e6c71cac,M06,2,16.68,16.7323188782,21
153,dd846ae5b622e8b2e6c71cac,M07,2,19.41,19.3126029968,30
153,dd846ae5b622e8b2e6c71cac,M08,2,23.51,23.6779003143,30
153,dd846ae5b622e8b2e6c71cac,M09,2,22.16,22.5419998169,30
153,dd846ae5b622e8b2e6c71cac,M10,2,25.04,25.0814208984,30
153,dd846ae5b622e8b2e6c71cac,M11,2,24.16,24.4695186615,30
153,dd846ae5b622e8b2e6c71cac,M12,2,34.85,36.2755317688,45
153,dd846ae5b622e8b2e6c71cac,M13,2,37.07,37.5978546143,60
153,dd846ae5b622e8b2e6c71cac,M14,2,34.06,34.6886634827,60
153,dd846ae5b622e8b2e6c71cac,M15,2,37.26,38.0066070557,60
153,dd846ae5b622e8b2e6c71cac,M16,2,66.41,64.3673629761,100
153,dd846ae5b622e8b2e6c71cac,M17,2,9.14,9.38611316681,14
153,dd846ae5b622e8b2e6c71cac,M18,2,13.05,13.4624185562,21
153,dd846ae5b622e8b2e6c71cac,M19,2,12.93,12.8544044495,21
153,dd846ae5b622e8b2e6c71cac,M20,2,14.51,14.5830888748,20
153,dd846ae5b622e8b2e6c71cac,M21,2,11.65,12.3724308014,21
153,dd846ae5b622e8b2e6c71cac,M22,2,31.02,30.0588035583,45
153,dd846ae5b622e8b2e6c71cac,M23,2,27.15,27.6318721771,45
153,dd846ae5b622e8b2e6c71cac,M24,2,31.78,30.5555019379,45
153,dd846ae5b622e8b2e6c71cac,M25,2,16.54,16.9244823456,20
153,dd846ae5b622e8b2e6c71cac,M26,2,15.2,15.7620611191,20
153,dd846ae5b622e8b2e6c71cac,M27,2,21.29,21.584690094,30
153,dd846ae5b622e8b2e6c71cac,M28,2,19.49,19.8820152283,30
153,dd846ae5b622e8b2e6c71cac,M29,2,21.08,21.6470470428,30
153,dd846ae5b622e8b2e6c71cac,M30,2,13.82,13.8819713593,21
154,f3706234c543da48bc5c0106,M01,0,8.35,8.02381229401,10
154,f3706234c543da48bc5c0106,M02,0,11.09,10.7266407013,15
154,f3706234c543da48bc5c0106,M03,0,12.89,11.5127706528,21
154,f3706234c543da48bc5c0106,M04,0,11.84,11.0132904053,21
154,f3706234c543da48bc5c0106,M05,0,12.05,11.0842475891,21
154,f3706234c543da48bc5c0106,M06,0,15.58,14.2768707275,21
154,f3706234c543da48bc5c0106,M07,0,18.06,16.5292930603,30
154,f3706234c543da48bc5c0106,M08,0,22.3,20.6902141571,30
154,f3706234c543da48bc5c0106,M09,0,20.84,19.5837116241,30
154,f3706234c543da48bc5c0106,M10,0,23.86,22.0770568848,30
154,f3706234c543da48bc5c0106,M11,0,23.07,21.3570976257,30
154,f3706234c543da48bc5c0106,M12,0,32.72,30.4833889008,45
154,f3706234c543da48bc5c0106,M13,0,34.01,31.2501888275,60
154,f3706234c543da48bc5c0106,M14,0,30.82,27.7500953674,60
154,f3706234c543da48bc5c0106,M15,0,34.8,31.3719463348,60
154,f3706234c543da48bc5c0106,M16,0,63.16,59.877166748,100
154,f3706234c543da48bc5c0106,M17,0,8.68,7.89327287674,14
154,f3706234c543da48bc5c0106,M18,0,12.22,11.3517580032,21
154,f3706234c543da48bc5c0106,M19,0,11.65,10.2738037109,21
154,f3706234c543da48bc5c0106,M20,0,13.36,12.2001571655,20
154,f3706234c543da48bc5c0106,M21,0,10.59,9.7453918457,21
154,f3706234c543da48bc5c0106,M22,0,27.86,23.8307952881,45
154,f3706234c543da48bc5c0106,M23,0,24.31,20.8920612335,45
154,f3706234c543da48bc5c0106,M24,0,27.94,24.1105899811,45
154,f3706234c543da48bc5c0106,M25,0,15.83,15.0636081696,20
154,f3706234c543da48bc5c0106,M26,0,14.59,13.9237756729,20
154,f3706234c543da48bc5c0106,M27,0,20,18.6334762573,30
154,f3706234c543da48bc5c0106,M28,0,18.18,16.9712276459,30
154,f3706234c543da48bc5c0106,M29,0,20.12,18.4815444946,30
154,f3706234c543da48bc5c0106,M30,0,12.93,11.735458374,21
155,8109b130d7942e795d77baa7,M01,1,6.14,6.64972496033,10
155,8109b130d7942e795d77baa7,M02,1,8.67,8.44146633148,15
155,8109b130d7942e795d77baa7,M03,1,7.79,8.07809352875,21
155,8109b130d7942e795d77baa7,M04,1,7.65,7.4928393364,21
155,8109b130d7942e795d77baa7,M05,1,7.19,7.44530725479,21
155,8109b130d7942e795d77baa7,M06,1,9.86,10.16938591,21
155,8109b130d7942e795d77baa7,M07,1,11.24,10.7881441116,30
155,8109b130d7942e795d77baa7,M08,1,15.24,14.6206188202,30
155,8109b130d7942e795d77baa7,M09,1,13.77,13.3571453094,30
155,8109b130d7942e795d77baa7,M10,1,16.85,16.0366744995,30
155,8109b130d7942e795d77baa7,M11,1,15.61,14.9035367966,30
155,8109b130d7942e795d77baa7,M12,1,20.33,19.31615448,45
155,8109b130d7942e795d77baa7,M13,1,18.57,18.9560928345,60
155,8109b130d7942e795d77baa7,M14,1,15.5,15.3783807755,60
155,8109b130d7942e795d77baa7,M15,1,20,19.1602096558,60
155,8109b130d7942e795d77baa7,M16,1,42.03,40.8410644531,100
155,8109b130d7942e795d77baa7,M17,1,5.85,6.1462931633,14
155,8109b130d7942e795d77baa7,M18,1,7.91,7.90632247925,21
155,8109b130d7942e795d77baa7,M19,1,6.43,6.72080373764,21
155,8109b130d7942e795d77baa7,M20,1,9.56,8.78196811676,20
155,8109b130d7942e795d77baa7,M21,1,6.67,6.66328859329,21
155,8109b130d7942e795d77baa7,M22,1,15.22,14.0185098648,45
155,8109b130d7942e795d77baa7,M23,1,12.26,11.7048368454,45
155,8109b130d7942e795d77baa7,M24,1,18.18,14.4026985168,45
155,8109b130d7942e795d77baa7,M25,1,12.21,12.1309690475,20
155,8109b130d7942e795d77baa7,M26,1,10.93,10.7753543854,20
155,8109b130d7942e795d77baa7,M27,1,12.87,13.1161470413,30
155,8109b130d7942e795d77baa7,M28,1,11.02,11.0109167099,30
155,8109b130d7942e795d77baa7,M29,1,13.37,13.1213407516,30
155,8109b130d7942e795d77baa7,M30,1,7.66,8.03114509583,21
156,3104d8d880d3cd06ac46bd0b,M01,0,7.63,7.18024015427,10
156,3104d8d880d3cd06ac46bd0b,M02,0,10.16,8.80715084076,15
156,3104d8d880d3cd06ac46bd0b,M03,0,10.98,8.71906852722,21
156,3104d8d880d3cd06ac46bd0b,M04,0,10.1,8.26093864441,21
156,3104d8d880d3cd06ac46bd0b,M05,0,10.2,8.27366256714,21
156,3104d8d880d3cd06ac46bd0b,M06,0,13.68,11.0143938065,21
156,3104d8d880d3cd06ac46bd0b,M07,0,15.16,11.0976581573,30
156,3104d8d880d3cd06ac46bd0b,M08,0,19.53,15.8640508652,30
156,3104d8d880d3cd06ac46bd0b,M09,0,18.29,14.7858171463,30
156,3104d8d880d3cd06ac46bd0b,M10,0,21.14,17.2227840424,30
156,3104d8d880d3cd06ac46bd0b,M11,0,20.3,16.2420959473,30
156,3104d8d880d3cd06ac46bd0b,M12,0,28.01,21.4095039368,45
156,3104d8d880d3cd06ac46bd0b,M13,0,28.67,21.5769176483,60
156,3104d8d880d3cd06ac46bd0b,M14,0,25.1,18.8736858368,60
156,3104d8d880d3cd06ac46bd0b,M15,0,28.78,21.7850761414,60
156,3104d8d880d3cd06ac46bd0b,M16,0,57.3,44.9992752075,100
156,3104d8d880d3cd06ac46bd0b,M17,0,7.49,6.45223522186,14
156,3104d8d880d3cd06ac46bd0b,M18,0,10.16,8.41355705261,21
156,3104d8d880d3cd06ac46bd0b,M19,0,9.5,7.35738945007,21
156,3104d8d880d3cd06ac46bd0b,M20,0,9.76,9.21809673309,20
156,3104d8d880d3cd06ac46bd0b,M21,0,7.1,7.15527629852,21
156,3104d8d880d3cd06ac46bd0b,M22,0,16.62,15.8438358307,45
156,3104d8d880d3cd06ac46bd0b,M23,0,17.25,13.8745994568,45
156,3104d8d880d3cd06ac46bd0b,M24,0,17.13,16.1064739227,45
156,3104d8d880d3cd06ac46bd0b,M25,0,14.75,13.0364465714,20
156,3104d8d880d3cd06ac46bd0b,M26,0,13.47,11.8380098343,20
156,3104d8d880d3cd06ac46bd0b,M27,0,17.78,14.5417346954,30
156,3104d8d880d3cd06ac46bd0b,M28,0,15.82,12.8714942932,30
156,3104d8d880d3cd06ac46bd0b,M29,0,17.69,14.3785953522,30
156,3104d8d880d3cd06ac46bd0b,M30,0,11.07,8.9297580719,21
157,bd2b46e5d8d336def30a4873,M01,1,7.44,6.92930030823,10
157,bd2b46e5d8d336def30a4873,M02,1,9.88,9.5584192276,15
157,bd2b46e5d8d336def30a4873,M03,1,10.44,9.95160388947,21
157,bd2b46e5d8d336def30a4873,M04,1,9.54,9.45583152771,21
157,bd2b46e5d8d336def30a4873,M05,1,9.47,9.50447463989,21
157,bd2b46e5d8d336def30a4873,M06,1,13.03,12.7294073105,21
157,bd2b46e5d8d336def30a4873,M07,1,14.31,14.2994146347,30
157,bd2b46e5d8d336def30a4873,M08,1,18.7,18.2995014191,30
157,bd2b46e5d8d336def30a4873,M09,1,17.44,17.0758094788,30
157,bd2b46e5d8d336def30a4873,M10,1,20.34,19.9856700897,30
157,bd2b46e5d8d336def30a4873,M11,1,19.35,18.8835582733,30
157,bd2b46e5d8d336def30a4873,M12,1,26.64,25.240655899,45
157,bd2b46e5d8d336def30a4873,M13,1,26.81,25.5215129852,60
157,bd2b46e5d8d336def30a4873,M14,1,23.06,22.0405158997,60
157,bd2b46e5d8d336def30a4873,M15,1,27.07,25.7913532257,60
157,bd2b46e5d8d336def30a4873,M16,1,55.15,54.7395858765,100
157,bd2b46e5d8d336def30a4873,M17,1,7.28,6.69684648514,14
157,bd2b46e5d8d336def30a4873,M18,1,10.1,9.81223297119,21
157,bd2b46e5d8d336def30a4873,M19,1,8.11,8.49957942963,21
157,bd2b46e5d8d336def30a4873,M20,1,10.53,10.6209993362,20
157,bd2b46e5d8d336def30a4873,M21,1,7.59,8.2088508606,21
157,bd2b46e5d8d336def30a4873,M22,1,18.39,18.8066291809,45
157,bd2b46e5d8d336def30a4873,M23,1,15.53,16.43816185,45
157,bd2b46e5d8d336def30a4873,M24,1,18.86,19.2574520111,45
157,bd2b46e5d8d336def30a4873,M25,1,14.35,13.6254768372,20
157,bd2b46e5d8d336def30a4873,M26,1,13,12.5378656387,20
157,bd2b46e5d8d336def30a4873,M27,1,16.94,15.8150777817,30
157,bd2b46e5d8d336def30a4873,M28,1,14.83,14.1724395752,30
157,bd2b46e5d8d336def30a4873,M29,1,16.87,15.8675498962,30
157,bd2b46e5d8d336def30a4873,M30,1,10.42,10.1242876053,21
158,3fd88639055c4f90157ae592,M01,4,8.32,8.42837619781,10
158,3fd88639055c4f90157ae592,M02,4,10.99,10.994055748,15
158,3fd88639055c4f90157ae592,M03,4,12.7,11.7443914413,21
158,3fd88639055c4f90157ae592,M04,4,11.65,11.3001041412,21
158,3fd88639055c4f90157ae592,M05,4,11.86,11.3289937973,21
158,3fd88639055c4f90157ae592,M06,4,15.67,14.4010972977,21
158,3fd88639055c4f90157ae592,M07,4,17.75,16.550786972,30
158,3fd88639055c4f90157ae592,M08,4,22.02,20.7331180573,30
158,3fd88639055c4f90157ae592,M09,4,20.58,19.4506244659,30
158,3fd88639055c4f90157ae592,M10,4,23.59,22.1254825592,30
158,3fd88639055c4f90157ae592,M11,4,22.87,21.3173713684,30
158,3fd88639055c4f90157ae592,M12,4,32.47,30.0320262909,45
158,3fd88639055c4f90157ae592,M13,4,33.88,30.4252414703,60
158,3fd88639055c4f90157ae592,M14,4,30.62,27.231754303,60
158,3fd88639055c4f90157ae592,M15,4,34.33,30.6864776611,60
158,3fd88639055c4f90157ae592,M16,4,63,59.3084220886,100
158,3fd88639055c4f90157ae592,M17,4,8.59,8.30461215973,14
158,3fd88639055c4f90157ae592,M18,4,12.06,11.5896244049,21
158,3fd88639055c4f90157ae592,M19,4,11.55,10.2494297028,21
158,3fd88639055c4f90157ae592,M20,4,13.52,12.3369474411,20
158,3fd88639055c4f90157ae592,M21,4,10.65,9.92177963257,21
158,3fd88639055c4f90157ae592,M22,4,27.95,23.2992210388,45
158,3fd88639055c4f90157ae592,M23,4,24.2,20.9301757812,45
158,3fd88639055c4f90157ae592,M24,4,28.58,23.5524997711,45
158,3fd88639055c4f90157ae592,M25,4,15.81,15.2957763672,20
158,3fd88639055c4f90157ae592,M26,4,14.55,14.2962827682,20
158,3fd88639055c4f90157ae592,M27,4,19.79,18.7094841003,30
158,3fd88639055c4f90157ae592,M28,4,18.1,17.3405399323,30
158,3fd88639055c4f90157ae592,M29,4,19.97,18.7574825287,30
158,3fd88639055c4f90157ae592,M30,4,12.74,11.9182453156,21
159,7953ee787848eada3b125164,M01,3,5.16,4.87351322174,10
159,7953ee787848eada3b125164,M02,3,6.25,5.93257284164,15
159,7953ee787848eada3b125164,M03,3,5.25,5.74250459671,21
159,7953ee787848eada3b125164,M04,3,5.04,5.40072488785,21
159,7953ee787848eada3b125164,M05,3,4.89,5.30047893524,21
159,7953ee787848eada3b125164,M06,3,6.71,7.61366176605,21
159,7953ee787848eada3b125164,M07,3,6.78,7.42053222656,30
159,7953ee787848eada3b125164,M08,3,9.04,9.41421985626,30
159,7953ee787848eada3b125164,M09,3,7.99,8.35077285767,30
159,7953ee787848eada3b125164,M10,3,10.48,10.9302511215,30
159,7953ee787848eada3b125164,M11,3,9.55,9.86787891388,30
159,7953ee787848eada3b125164,M12,3,11.15,10.6702833176,45
159,7953ee787848eada3b125164,M13,3,12.88,10.9379816055,60
159,7953ee787848eada3b125164,M14,3,10.86,8.92992973328,60
159,7953ee787848eada3b125164,M15,3,12.73,10.6738119125,60
159,7953ee787848eada3b125164,M16,3,26.84,20.4280967712,100
159,7953ee787848eada3b125164,M17,3,3.28,4.07363891602,14
159,7953ee787848eada3b125164,M18,3,5.38,5.81658601761,21
159,7953ee787848eada3b125164,M19,3,4.59,5.17607212067,21
159,7953ee787848eada3b125164,M20,3,5.68,6.46095752716,20
159,7953ee787848eada3b125164,M21,3,4.56,4.97842025757,21
159,7953ee787848eada3b125164,M22,3,8.58,9.53152656555,45
159,7953ee787848eada3b125164,M23,3,7.12,7.55000925064,45
159,7953ee787848eada3b125164,M24,3,8.05,9.27398395538,45
159,7953ee787848eada3b125164,M25,3,12.43,8.96351623535,20
159,7953ee787848eada3b125164,M26,3,10.98,7.58199834824,20
159,7953ee787848eada3b125164,M27,3,12.95,9.49764156342,30
159,7953ee787848eada3b125164,M28,3,10.91,7.7642288208,30
159,7953ee787848eada3b125164,M29,3,12.93,9.13187026978,30
159,7953ee787848eada3b125164,M30,3,7.82,5.90879392624,21
160,2673245c3e0a30a5c3e96d57,M01,0,4.87,5.1212477684,10
160,2673245c3e0a30a5c3e96d57,M02,0,6.15,6.32850170135,15
160,2673245c3e0a30a5c3e96d57,M03,0,5.16,6.01762199402,21
160,2673245c3e0a30a5c3e96d57,M04,0,4.94,5.56315469742,21
160,2673245c3e0a30a5c3e96d57,M05,0,4.8,5.58206176758,21
160,2673245c3e0a30a5c3e96d57,M06,0,6.58,7.98623991013,21
160,2673245c3e0a30a5c3e96d57,M07,0,6.67,8.15238571167,30
160,2673245c3e0a30a5c3e96d57,M08,0,8.81,9.84881401062,30
160,2673245c3e0a30a5c3e96d57,M09,0,7.65,8.74612140656,30
160,2673245c3e0a30a5c3e96d57,M10,0,10.24,11.2218036652,30
160,2673245c3e0a30a5c3e96d57,M11,0,9.26,10.1680021286,30
160,2673245c3e0a30a5c3e96d57,M12,0,10.82,11.9083356857,45
160,2673245c3e0a30a5c3e96d57,M13,0,10.61,11.991361618,60
160,2673245c3e0a30a5c3e96d57,M14,0,10.47,10.0798072815,60
160,2673245c3e0a30a5c3e96d57,M15,0,8.54,12.0887269974,60
160,2673245c3e0a30a5c3e96d57,M16,0,18.83,23.9573669434,100
160,2673245c3e0a30a5c3e96d57,M17,0,3.03,4.30900764465,14
160,2673245c3e0a30a5c3e96d57,M18,0,5.26,6.01068735123,21
160,2673245c3e0a30a5c3e96d57,M19,0,4.55,5.24947500229,21
160,2673245c3e0a30a5c3e96d57,M20,0,5.56,6.87472248077,20
160,2673245c3e0a30a5c3e96d57,M21,0,4.52,5.09514713287,21
160,2673245c3e0a30a5c3e96d57,M22,0,8.71,9.87279415131,45
160,2673245c3e0a30a5c3e96d57,M23,0,7.46,8.0895357132,45
160,2673245c3e0a30a5c3e96d57,M24,0,8.52,10.0635709763,45
160,2673245c3e0a30a5c3e96d57,M25,0,9.75,9.52070617676,20
160,2673245c3e0a30a5c3e96d57,M26,0,8.16,8.39280128479,20
160,2673245c3e0a30a5c3e96d57,M27,0,8.94,9.97052192688,30
160,2673245c3e0a30a5c3e96d57,M28,0,7.63,8.36250114441,30
160,2673245c3e0a30a5c3e96d57,M29,0,8.84,9.73679161072,30
160,2673245c3e0a30a5c3e96d57,M30,0,5.68,6.18487787247,21
161,cf53cfefe4d6fe2f0d464145,M01,4,6.99,7.69878721237,10
161,cf53cfefe4d6fe2f0d464145,M02,4,9.35,9.83595752716,15
161,cf53cfefe4d6fe2f0d464145,M03,4,9.44,10.1534509659,21
161,cf53cfefe4d6fe2f0d464145,M04,4,8.57,9.7117767334,21
161,cf53cfefe4d6fe2f0d464145,M05,4,8.45,9.69087219238,21
161,cf53cfefe4d6fe2f0d464145,M06,4,11.86,12.8324165344,21
161,cf53cfefe4d6fe2f0d464145,M07,4,12.83,14.5455951691,30
161,cf53cfefe4d6fe2f0d464145,M08,4,17.21,18.6607265472,30
161,cf53cfefe4d6fe2f0d464145,M09,4,15.96,17.4858322144,30
161,cf53cfefe4d6fe2f0d464145,M10,4,18.82,20.2411727905,30
161,cf53cfefe4d6fe2f0d464145,M11,4,17.84,19.0964298248,30
161,cf53cfefe4d6fe2f0d464145,M12,4,24.23,26.9189147949,45
161,cf53cfefe4d6fe2f0d464145,M13,4,23.8,27.065328598,60
161,cf53cfefe4d6fe2f0d464145,M14,4,20.18,24.5322628021,60
161,cf53cfefe4d6fe2f0d464145,M15,4,23.97,27.3506526947,60
161,cf53cfefe4d6fe2f0d464145,M16,4,51.53,55.9169502258,100
161,cf53cfefe4d6fe2f0d464145,M17,4,6.67,7.38873720169,14
161,cf53cfefe4d6fe2f0d464145,M18,4,9.19,9.88751411438,21
161,cf53cfefe4d6fe2f0d464145,M19,4,6.67,8.70855426788,21
161,cf53cfefe4d6fe2f0d464145,M20,4,9.11,10.7593955994,20
161,cf53cfefe4d6fe2f0d464145,M21,4,6.42,8.35021686554,21
161,cf53cfefe4d6fe2f0d464145,M22,4,14.55,19.0155067444,45
161,cf53cfefe4d6fe2f0d464145,M23,4,12.41,16.7049369812,45
161,cf53cfefe4d6fe2f0d464145,M24,4,14.74,19.3720245361,45
161,cf53cfefe4d6fe2f0d464145,M25,4,13.66,14.1155977249,20
161,cf53cfefe4d6fe2f0d464145,M26,4,12.34,12.9452018738,20
161,cf53cfefe4d6fe2f0d464145,M27,4,15.57,16.8180923462,30
161,cf53cfefe4d6fe2f0d464145,M28,4,13.51,15.0230436325,30
161,cf53cfefe4d6fe2f0d464145,M29,4,15.46,16.9265213013,30
161,cf53cfefe4d6fe2f0d464145,M30,4,9.42,10.2430887222,21
162,bbde6b2455ce1854559c6709,M01,1,7.34,6.62166500092,10
162,bbde6b2455ce1854559c6709,M02,1,9.73,8.50951290131,15
162,bbde6b2455ce1854559c6709,M03,1,10.16,8.8412361145,21
162,bbde6b2455ce1854559c6709,M04,1,9.35,8.3179731369,21
162,bbde6b2455ce1854559c6709,M05,1,9.19,8.35868167877,21
162,bbde6b2455ce1854559c6709,M06,1,12.73,11.1323728561,21
162,bbde6b2455ce1854559c6709,M07,1,13.91,11.9799060822,30
162,bbde6b2455ce1854559c6709,M08,1,18.31,16.3194942474,30
162,bbde6b2455ce1854559c6709,M09,1,17.24,15.0989255905,30
162,bbde6b2455ce1854559c6709,M10,1,19.92,17.8165588379,30
162,bbde6b2455ce1854559c6709,M11,1,18.99,16.73828125,30
162,bbde6b2455ce1854559c6709,M12,1,26.21,22.7476215363,45
162,bbde6b2455ce1854559c6709,M13,1,26.08,22.8417015076,60
162,bbde6b2455ce1854559c6709,M14,1,22.57,19.699804306,60
162,bbde6b2455ce1854559c6709,M15,1,26.51,23.1678962708,60
162,bbde6b2455ce1854559c6709,M16,1,54.3,49.649646759,100
162,bbde6b2455ce1854559c6709,M17,1,7.13,6.33230876923,14
162,bbde6b2455ce1854559c6709,M18,1,9.97,8.75587368011,21
162,bbde6b2455ce1854559c6709,M19,1,7.21,7.41755390167,21
162,bbde6b2455ce1854559c6709,M20,1,9.66,9.28824615479,20
162,bbde6b2455ce1854559c6709,M21,1,6.9,7.10266828537,21
162,bbde6b2455ce1854559c6709,M22,1,15.93,15.6275663376,45
162,bbde6b2455ce1854559c6709,M23,1,13.56,13.3761262894,45
162,bbde6b2455ce1854559c6709,M24,1,16.19,16.1199436188,45
162,bbde6b2455ce1854559c6709,M25,1,14.26,12.6099014282,20
162,bbde6b2455ce1854559c6709,M26,1,12.91,11.6950120926,20
162,bbde6b2455ce1854559c6709,M27,1,16.69,14.4486169815,30
162,bbde6b2455ce1854559c6709,M28,1,14.58,12.6777982712,30
162,bbde6b2455ce1854559c6709,M29,1,16.51,14.6032400131,30
162,bbde6b2455ce1854559c6709,M30,1,10.14,9.09623432159,21
163,bbde6b2455ce1854559c6709,M01,1,7.34,6.62166500092,10
163,bbde6b2455ce1854559c6709,M02,1,9.79,8.50951290131,15
163,bbde6b2455ce1854559c6709,M03,1,10.25,8.8412361145,21
163,bbde6b2455ce1854559c6709,M04,1,9.4,8.3179731369,21
163,bbde6b2455ce1854559c6709,M05,1,9.31,8.35868167877,21
163,bbde6b2455ce1854559c6709,M06,1,12.81,11.1323728561,21
163,bbde6b2455ce1854559c6709,M07,1,14.04,11.9799060822,30
163,bbde6b2455ce1854559c6709,M08,1,18.44,16.3194942474,30
163,bbde6b2455ce1854559c6709,M09,1,17.24,15.0989255905,30
163,bbde6b2455ce1854559c6709,M10,1,20.06,17.8165588379,30
163,bbde6b2455ce1854559c6709,M11,1,19.12,16.73828125,30
163,bbde6b2455ce1854559c6709,M12,1,26.21,22.7476215363,45
163,bbde6b2455ce1854559c6709,M13,1,26.31,22.8417015076,60
163,bbde6b2455ce1854559c6709,M14,1,22.57,19.699804306,60
163,bbde6b2455ce1854559c6709,M15,1,26.51,23.1678962708,60
163,bbde6b2455ce1854559c6709,M16,1,54.55,49.649646759,100
163,bbde6b2455ce1854559c6709,M17,1,7.19,6.33230876923,14
163,bbde6b2455ce1854559c6709,M18,1,9.98,8.75587368011,21
163,bbde6b2455ce1854559c6709,M19,1,8.04,7.41755390167,21
163,bbde6b2455ce1854559c6709,M20,1,10.46,9.28824615479,20
163,bbde6b2455ce1854559c6709,M21,1,7.6,7.10266828537,21
163,bbde6b2455ce1854559c6709,M22,1,18.19,15.6275663376,45
163,bbde6b2455ce1854559c6709,M23,1,15.37,13.3761262894,45
163,bbde6b2455ce1854559c6709,M24,1,18.66,16.1199436188,45
163,bbde6b2455ce1854559c6709,M25,1,14.26,12.6099014282,20
163,bbde6b2455ce1854559c6709,M26,1,12.91,11.6950120926,20
163,bbde6b2455ce1854559c6709,M27,1,16.69,14.4486169815,30
163,bbde6b2455ce1854559c6709,M28,1,14.58,12.6777982712,30
163,bbde6b2455ce1854559c6709,M29,1,16.66,14.6032400131,30
163,bbde6b2455ce1854559c6709,M30,1,10.25,9.09623432159,21
164,2f5f0ba7541c2228903defab,M01,1,7.08,7.59920167923,10
164,2f5f0ba7541c2228903defab,M02,1,9.44,9.79808521271,15
164,2f5f0ba7541c2228903defab,M03,1,9.6,10.3652324677,21
164,2f5f0ba7541c2228903defab,M04,1,8.77,9.65187549591,21
164,2f5f0ba7541c2228903defab,M05,1,8.8,9.7522983551,21
164,2f5f0ba7541c2228903defab,M06,1,12.11,13.2871007919,21
164,2f5f0ba7541c2228903defab,M07,1,13.06,14.3267230988,30
164,2f5f0ba7541c2228903defab,M08,1,17.41,19.070892334,30
164,2f5f0ba7541c2228903defab,M09,1,16.18,17.7616386414,30
164,2f5f0ba7541c2228903defab,M10,1,19.08,20.3742465973,30
164,2f5f0ba7541c2228903defab,M11,1,18.2,19.4115180969,30
164,2f5f0ba7541c2228903defab,M12,1,24.47,26.4813461304,45
164,2f5f0ba7541c2228903defab,M13,1,24.45,26.6734580994,60
164,2f5f0ba7541c2228903defab,M14,1,20.81,23.2672138214,60
164,2f5f0ba7541c2228903defab,M15,1,24.37,26.9501857758,60
164,2f5f0ba7541c2228903defab,M16,1,52.34,56.00598526,100
164,2f5f0ba7541c2228903defab,M17,1,6.89,7.21220970154,14
164,2f5f0ba7541c2228903defab,M18,1,9.37,10.0415554047,21
164,2f5f0ba7541c2228903defab,M19,1,8.64,8.60626411438,21
164,2f5f0ba7541c2228903defab,M20,1,11.02,11.0071592331,20
164,2f5f0ba7541c2228903defab,M21,1,8.25,8.19771099091,21
164,2f5f0ba7541c2228903defab,M22,1,20.14,19.9029788971,45
164,2f5f0ba7541c2228903defab,M23,1,17.03,17.4559307098,45
164,2f5f0ba7541c2228903defab,M24,1,20.58,20.3192672729,45
164,2f5f0ba7541c2228903defab,M25,1,13.86,14.8137674332,20
164,2f5f0ba7541c2228903defab,M26,1,12.51,13.5037927628,20
164,2f5f0ba7541c2228903defab,M27,1,15.91,17.249792099,30
164,2f5f0ba7541c2228903defab,M28,1,13.84,15.0146245956,30
164,2f5f0ba7541c2228903defab,M29,1,15.74,17.3199691772,30
164,2f5f0ba7541c2228903defab,M30,1,9.62,10.6149787903,21
165,ea2b62de5e4c4a4dd0b95da6,M01,1,8.36,7.8853931427,10
165,ea2b62de5e4c4a4dd0b95da6,M02,1,11.08,10.5204839706,15
165,ea2b62de5e4c4a4dd0b95da6,M03,1,12.92,11.3675317764,21
165,ea2b62de5e4c4a4dd0b95da6,M04,1,11.78,10.8474845886,21
165,ea2b62de5e4c4a4dd0b95da6,M05,1,12.01,10.9711771011,21
165,ea2b62de5e4c4a4dd0b95da6,M06,1,15.59,14.1731462479,21
165,ea2b62de5e4c4a4dd0b95da6,M07,1,18.11,16.2581882477,30
165,ea2b62de5e4c4a4dd0b95da6,M08,1,22.35,20.3641471863,30
165,ea2b62de5e4c4a4dd0b95da6,M09,1,20.77,19.1693477631,30
165,ea2b62de5e4c4a4dd0b95da6,M10,1,23.88,21.5191650391,30
165,ea2b62de5e4c4a4dd0b95da6,M11,1,22.89,21.0115509033,30
165,ea2b62de5e4c4a4dd0b95da6,M12,1,32.81,28.4036140442,45
165,ea2b62de5e4c4a4dd0b95da6,M13,1,34.12,29.039478302,60
165,ea2b62de5e4c4a4dd0b95da6,M14,1,30.96,25.902759552,60
165,ea2b62de5e4c4a4dd0b95da6,M15,1,34.84,29.3852653503,60
165,ea2b62de5e4c4a4dd0b95da6,M16,1,63.27,58.0354042053,100
165,ea2b62de5e4c4a4dd0b95da6,M17,1,8.61,7.71826410294,14
165,ea2b62de5e4c4a4dd0b95da6,M18,1,12.15,11.2111711502,21
165,ea2b62de5e4c4a4dd0b95da6,M19,1,11.54,10.0923957825,21
165,ea2b62de5e4c4a4dd0b95da6,M20,1,13.31,12.3412818909,20
165,ea2b62de5e4c4a4dd0b95da6,M21,1,10.48,9.55149650574,21
165,ea2b62de5e4c4a4dd0b95da6,M22,1,27.28,22.0366420746,45
165,ea2b62de5e4c4a4dd0b95da6,M23,1,23.75,18.9558334351,45
165,ea2b62de5e4c4a4dd0b95da6,M24,1,28.12,22.509016037,45
165,ea2b62de5e4c4a4dd0b95da6,M25,1,15.83,15.012550354,20
165,ea2b62de5e4c4a4dd0b95da6,M26,1,14.59,13.8750400543,20
165,ea2b62de5e4c4a4dd0b95da6,M27,1,20.02,18.2121562958,30
165,ea2b62de5e4c4a4dd0b95da6,M28,1,18.23,16.3417491913,30
165,ea2b62de5e4c4a4dd0b95da6,M29,1,20.15,18.4164333344,30
165,ea2b62de5e4c4a4dd0b95da6,M30,1,12.96,11.5743665695,21
166,85cf5990e92211843a2bfe23,M01,1,7.64,7.08696937561,10
166,85cf5990e92211843a2bfe23,M02,1,10.25,9.94450473785,15
166,85cf5990e92211843a2bfe23,M03,1,11.25,10.4913187027,21
166,85cf5990e92211843a2bfe23,M04,1,10.33,9.81310176849,21
166,85cf5990e92211843a2bfe23,M05,1,10.44,9.91717815399,21
166,85cf5990e92211843a2bfe23,M06,1,13.91,13.5918121338,21
166,85cf5990e92211843a2bfe23,M07,1,15.59,15.2418222427,30
166,85cf5990e92211843a2bfe23,M08,1,19.95,19.5079269409,30
166,85cf5990e92211843a2bfe23,M09,1,18.67,18.3017597198,30
166,85cf5990e92211843a2bfe23,M10,1,21.54,21.10521698,30
166,85cf5990e92211843a2bfe23,M11,1,20.68,20.0238113403,30
166,85cf5990e92211843a2bfe23,M12,1,28.8,26.7796649933,45
166,85cf5990e92211843a2bfe23,M13,1,29.56,27.0062942505,60
166,85cf5990e92211843a2bfe23,M14,1,26.23,22.8873958588,60
166,85cf5990e92211843a2bfe23,M15,1,29.69,27.2689609528,60
166,85cf5990e92211843a2bfe23,M16,1,58.33,57.1014976501,100
166,85cf5990e92211843a2bfe23,M17,1,7.82,6.9438829422,14
166,85cf5990e92211843a2bfe23,M18,1,10.85,10.144036293,21
166,85cf5990e92211843a2bfe23,M19,1,10.24,8.75728797913,21
166,85cf5990e92211843a2bfe23,M20,1,12.43,11.4003324509,20
166,85cf5990e92211843a2bfe23,M21,1,9.69,8.38758182526,21
166,85cf5990e92211843a2bfe23,M22,1,24.53,21.0701770782,45
166,85cf5990e92211843a2bfe23,M23,1,21.23,17.9790039062,45
166,85cf5990e92211843a2bfe23,M24,1,24.95,21.3696517944,45
166,85cf5990e92211843a2bfe23,M25,1,14.83,14.4808988571,20
166,85cf5990e92211843a2bfe23,M26,1,13.6,12.9472255707,20
166,85cf5990e92211843a2bfe23,M27,1,18.05,17.2537708282,30
166,85cf5990e92211843a2bfe23,M28,1,16.16,15.0247039795,30
166,85cf5990e92211843a2bfe23,M29,1,17.94,17.2235431671,30
166,85cf5990e92211843a2bfe23,M30,1,11.28,10.6587505341,21
169,38aad91045bd921bbb9277ed,M01,2,5.64,5.4703578949,10
169,38aad91045bd921bbb9277ed,M02,2,7.41,6.81880521774,15
169,38aad91045bd921bbb9277ed,M03,2,6.54,6.67278718948,21
169,38aad91045bd921bbb9277ed,M04,2,6.04,6.37646341324,21
169,38aad91045bd921bbb9277ed,M05,2,5.93,6.3380279541,21
169,38aad91045bd921bbb9277ed,M06,2,8.24,8.10215950012,21
169,38aad91045bd921bbb9277ed,M07,2,8.43,8.16382980347,30
169,38aad91045bd921bbb9277ed,M08,2,11.15,10.7066745758,30
169,38aad91045bd921bbb9277ed,M09,2,9.83,9.64314174652,30
169,38aad91045bd921bbb9277ed,M10,2,13.12,12.0145921707,30
169,38aad91045bd921bbb9277ed,M11,2,12.03,10.9955434799,30
169,38aad91045bd921bbb9277ed,M12,2,13.75,15.0352058411,45
169,38aad91045bd921bbb9277ed,M13,2,13.55,15.0408811569,60
169,38aad91045bd921bbb9277ed,M14,2,10.81,12.3774309158,60
169,38aad91045bd921bbb9277ed,M15,2,13.68,15.4701557159,60
169,38aad91045bd921bbb9277ed,M16,2,26.46,27.966878891,100
169,38aad91045bd921bbb9277ed,M17,2,4.57,4.9617600441,14
169,38aad91045bd921bbb9277ed,M18,2,6.62,6.76966524124,21
169,38aad91045bd921bbb9277ed,M19,2,5.52,5.87484169006,21
169,38aad91045bd921bbb9277ed,M20,2,7.46,6.93467140198,20
169,38aad91045bd921bbb9277ed,M21,2,5.35,5.67644357681,21
169,38aad91045bd921bbb9277ed,M22,2,10.75,10.8722448349,45
169,38aad91045bd921bbb9277ed,M23,2,8.97,9.01230716705,45
169,38aad91045bd921bbb9277ed,M24,2,10.94,11.2848520279,45
169,38aad91045bd921bbb9277ed,M25,2,11.12,8.87516498566,20
169,38aad91045bd921bbb9277ed,M26,2,9.28,7.63710069656,20
169,38aad91045bd921bbb9277ed,M27,2,10.85,10.1624355316,30
169,38aad91045bd921bbb9277ed,M28,2,8.94,8.43470287323,30
169,38aad91045bd921bbb9277ed,M29,2,10.81,10.2165298462,30
169,38aad91045bd921bbb9277ed,M30,2,6.52,6.59302377701,21
170,17c5451c41ce50a5b92f91d5,M01,0,7.17,7.76431369781,10
170,17c5451c41ce50a5b92f91d5,M02,0,9.62,10.5748233795,15
170,17c5451c41ce50a5b92f91d5,M03,0,10.03,11.1465263367,21
170,17c5451c41ce50a5b92f91d5,M04,0,9.28,10.7503862381,21
170,17c5451c41ce50a5b92f91d5,M05,0,9.32,10.7625379562,21
170,17c5451c41ce50a5b92f91d5,M06,0,12.56,13.9180650711,21
170,17c5451c41ce50a5b92f91d5,M07,0,13.77,16.3259620667,30
170,17c5451c41ce50a5b92f91d5,M08,0,18.15,20.5392189026,30
170,17c5451c41ce50a5b92f91d5,M09,0,17.08,19.5123939514,30
170,17c5451c41ce50a5b92f91d5,M10,0,19.75,21.8867931366,30
170,17c5451c41ce50a5b92f91d5,M11,0,19.04,21.1018886566,30
170,17c5451c41ce50a5b92f91d5,M12,0,25.83,29.4105873108,45
170,17c5451c41ce50a5b92f91d5,M13,0,25.95,29.7237930298,60
170,17c5451c41ce50a5b92f91d5,M14,0,22.49,26.1187477112,60
170,17c5451c41ce50a5b92f91d5,M15,0,26.09,30.295343399,60
170,17c5451c41ce50a5b92f91d5,M16,0,54.2,58.629447937,100
170,17c5451c41ce50a5b92f91d5,M17,0,7.19,7.69666957855,14
170,17c5451c41ce50a5b92f91d5,M18,0,9.87,10.985367775,21
170,17c5451c41ce50a5b92f91d5,M19,0,8.92,9.89335918427,21
170,17c5451c41ce50a5b92f91d5,M20,0,11.29,12.0211715698,20
170,17c5451c41ce50a5b92f91d5,M21,0,8.57,9.51877689362,21
170,17c5451c41ce50a5b92f91d5,M22,0,21.01,22.9623451233,45
170,17c5451c41ce50a5b92f91d5,M23,0,17.99,19.8677692413,45
170,17c5451c41ce50a5b92f91d5,M24,0,21.47,23.9311695099,45
170,17c5451c41ce50a5b92f91d5,M25,0,14.07,14.7123851776,20
170,17c5451c41ce50a5b92f91d5,M26,0,12.81,13.5915346146,20
170,17c5451c41ce50a5b92f91d5,M27,0,16.45,18.0084533691,30
170,17c5451c41ce50a5b92f91d5,M28,0,14.49,16.2810173035,30
170,17c5451c41ce50a5b92f91d5,M29,0,16.35,18.3251037598,30
170,17c5451c41ce50a5b92f91d5,M30,0,10.05,11.3436460495,21
171,198e5fddcc2aa9ebc444b3a6,M01,4,7.62,5.71223545074,10
171,198e5fddcc2aa9ebc444b3a6,M02,4,10.14,7.73045730591,15
171,198e5fddcc2aa9ebc444b3a6,M03,4,10.85,7.43761634827,21
171,198e5fddcc2aa9ebc444b3a6,M04,4,9.76,6.94558429718,21
171,198e5fddcc2aa9ebc444b3a6,M05,4,9.73,6.84654998779,21
171,198e5fddcc2aa9ebc444b3a6,M06,4,13.45,9.99713230133,21
171,198e5fddcc2aa9ebc444b3a6,M07,4,14.88,10.0421028137,30
171,198e5fddcc2aa9ebc444b3a6,M08,4,19.27,13.6130456924,30
171,198e5fddcc2aa9ebc444b3a6,M09,4,17.76,12.3807010651,30
171,198e5fddcc2aa9ebc444b3a6,M10,4,20.94,15.1421613693,30
171,198e5fddcc2aa9ebc444b3a6,M11,4,19.72,14.0272092819,30
171,198e5fddcc2aa9ebc444b3a6,M12,4,27.46,17.9076194763,45
171,198e5fddcc2aa9ebc444b3a6,M13,4,27.7,17.3376197815,60
171,198e5fddcc2aa9ebc444b3a6,M14,4,23.85,14.3699731827,60
171,198e5fddcc2aa9ebc444b3a6,M15,4,28.02,17.1049861908,60
171,198e5fddcc2aa9ebc444b3a6,M16,4,56.08,36.2323684692,100
171,198e5fddcc2aa9ebc444b3a6,M17,4,7.45,5.1108789444,14
171,198e5fddcc2aa9ebc444b3a6,M18,4,10.34,7.14828395844,21
171,198e5fddcc2aa9ebc444b3a6,M19,4,8.55,6.32462310791,21
171,198e5fddcc2aa9ebc444b3a6,M20,4,10.81,8.44076251984,20
171,198e5fddcc2aa9ebc444b3a6,M21,4,7.92,5.98369979858,21
171,198e5fddcc2aa9ebc444b3a6,M22,4,19.36,12.8238782883,45
171,198e5fddcc2aa9ebc444b3a6,M23,4,16.3,10.1609859467,45
171,198e5fddcc2aa9ebc444b3a6,M24,4,19.93,12.6439380646,45
171,198e5fddcc2aa9ebc444b3a6,M25,4,14.68,12.1499052048,20
171,198e5fddcc2aa9ebc444b3a6,M26,4,13.29,10.6997747421,20
171,198e5fddcc2aa9ebc444b3a6,M27,4,17.44,13.5188388824,30
171,198e5fddcc2aa9ebc444b3a6,M28,4,15.28,11.411734581,30
171,198e5fddcc2aa9ebc444b3a6,M29,4,17.43,13.1182308197,30
171,198e5fddcc2aa9ebc444b3a6,M30,4,10.89,7.58674526215,21
172,7f5e8df8b8eb711b7b25801c,M01,2,7.72,7.44499015808,10
172,7f5e8df8b8eb711b7b25801c,M02,2,10.34,9.94466876984,15
172,7f5e8df8b8eb711b7b25801c,M03,2,11.45,10.451789856,21
172,7f5e8df8b8eb711b7b25801c,M04,2,10.61,9.90997505188,21
172,7f5e8df8b8eb711b7b25801c,M05,2,10.7,9.98264122009,21
172,7f5e8df8b8eb711b7b25801c,M06,2,14.09,13.4165239334,21
172,7f5e8df8b8eb711b7b25801c,M07,2,15.93,15.0247974396,30
172,7f5e8df8b8eb711b7b25801c,M08,2,20.29,19.1665039062,30
172,7f5e8df8b8eb711b7b25801c,M09,2,19.12,18.0314159393,30
172,7f5e8df8b8eb711b7b25801c,M10,2,21.81,20.4909076691,30
172,7f5e8df8b8eb711b7b25801c,M11,2,20.99,19.7823829651,30
172,7f5e8df8b8eb711b7b25801c,M12,2,29.44,28.2459049225,45
172,7f5e8df8b8eb711b7b25801c,M13,2,30.18,28.6923713684,60
172,7f5e8df8b8eb711b7b25801c,M14,2,26.93,25.4476299286,60
172,7f5e8df8b8eb711b7b25801c,M15,2,30.4,29.0458679199,60
172,7f5e8df8b8eb711b7b25801c,M16,2,59.01,57.7897109985,100
172,7f5e8df8b8eb711b7b25801c,M17,2,7.98,7.28282928467,14
172,7f5e8df8b8eb711b7b25801c,M18,2,11.08,10.3069829941,21
172,7f5e8df8b8eb711b7b25801c,M19,2,9.92,9.22918891907,21
172,7f5e8df8b8eb711b7b25801c,M20,2,12.09,11.3760032654,20
172,7f5e8df8b8eb711b7b25801c,M21,2,9.29,8.86312675476,21
172,7f5e8df8b8eb711b7b25801c,M22,2,23.37,21.3851737976,45
172,7f5e8df8b8eb711b7b25801c,M23,2,20.1,18.5016059875,45
172,7f5e8df8b8eb711b7b25801c,M24,2,23.9,21.8485965729,45
172,7f5e8df8b8eb711b7b25801c,M25,2,14.93,14.1944923401,20
172,7f5e8df8b8eb711b7b25801c,M26,2,13.7,12.9703140259,20
172,7f5e8df8b8eb711b7b25801c,M27,2,18.24,17.1277256012,30
172,7f5e8df8b8eb711b7b25801c,M28,2,16.41,15.4504623413,30
172,7f5e8df8b8eb711b7b25801c,M29,2,18.17,17.2160167694,30
172,7f5e8df8b8eb711b7b25801c,M30,2,11.51,10.5399160385,21
173,ad9f97620dab23d56e68f899,M01,2,6.29,4.72120809555,10
173,ad9f97620dab23d56e68f899,M02,2,8.33,5.73172807693,15
173,ad9f97620dab23d56e68f899,M03,2,7.69,5.40449905396,21
173,ad9f97620dab23d56e68f899,M04,2,6.95,5.05313825607,21
173,ad9f97620dab23d56e68f899,M05,2,6.89,4.98131227493,21
173,ad9f97620dab23d56e68f899,M06,2,9.78,6.64334726334,21
173,ad9f97620dab23d56e68f899,M07,2,10.19,6.45383453369,30
173,ad9f97620dab23d56e68f899,M08,2,14.2,8.83279323578,30
173,ad9f97620dab23d56e68f899,M09,2,12.95,7.82619428635,30
173,ad9f97620dab23d56e68f899,M10,2,15.89,10.0171575546,30
173,ad9f97620dab23d56e68f899,M11,2,14.93,9.27143192291,30
173,ad9f97620dab23d56e68f899,M12,2,19.16,10.4907121658,45
173,ad9f97620dab23d56e68f899,M13,2,18.21,10.7040843964,60
173,ad9f97620dab23d56e68f899,M14,2,15,8.92021179199,60
173,ad9f97620dab23d56e68f899,M15,2,18.24,10.507941246,60
173,ad9f97620dab23d56e68f899,M16,2,41.68,15.8368759155,100
173,ad9f97620dab23d56e68f899,M17,2,5.55,3.77050948143,14
173,ad9f97620dab23d56e68f899,M18,2,7.56,5.43200492859,21
173,ad9f97620dab23d56e68f899,M19,2,5.92,4.68860960007,21
173,ad9f97620dab23d56e68f899,M20,2,8.02,5.41724872589,20
173,ad9f97620dab23d56e68f899,M21,2,5.71,4.45902204514,21
173,ad9f97620dab23d56e68f899,M22,2,12.39,8.38608837128,45
173,ad9f97620dab23d56e68f899,M23,2,10.52,6.57874441147,45
173,ad9f97620dab23d56e68f899,M24,2,12.41,8.29002761841,45
173,ad9f97620dab23d56e68f899,M25,2,12.43,7.95100450516,20
173,ad9f97620dab23d56e68f899,M26,2,10.94,6.67185926437,20
173,ad9f97620dab23d56e68f899,M27,2,13.02,8.56951999664,30
173,ad9f97620dab23d56e68f899,M28,2,10.91,7.02641248703,30
173,ad9f97620dab23d56e68f899,M29,2,12.82,8.28794002533,30
173,ad9f97620dab23d56e68f899,M30,2,7.7,5.409740448,21
174,a0df11ab37c188b3740160a6,M01,4,7.08,7.23092412949,10
174,a0df11ab37c188b3740160a6,M02,4,9.49,9.88336181641,15
174,a0df11ab37c188b3740160a6,M03,4,9.73,10.7801170349,21
174,a0df11ab37c188b3740160a6,M04,4,9.02,10.2817697525,21
174,a0df11ab37c188b3740160a6,M05,4,9.03,10.3512525558,21
174,a0df11ab37c188b3740160a6,M06,4,12.21,13.801068306,21
174,a0df11ab37c188b3740160a6,M07,4,13.3,15.7419633865,30
174,a0df11ab37c188b3740160a6,M08,4,17.67,19.6965293884,30
174,a0df11ab37c188b3740160a6,M09,4,16.64,18.4687385559,30
174,a0df11ab37c188b3740160a6,M10,4,19.29,20.9363822937,30
174,a0df11ab37c188b3740160a6,M11,4,18.58,20.429643631,30
174,a0df11ab37c188b3740160a6,M12,4,24.98,28.5318470001,45
174,a0df11ab37c188b3740160a6,M13,4,24.82,29.2638587952,60
174,a0df11ab37c188b3740160a6,M14,4,21.36,25.5618724823,60
174,a0df11ab37c188b3740160a6,M15,4,25.09,29.6485900879,60
174,a0df11ab37c188b3740160a6,M16,4,52.83,58.3800239563,100
174,a0df11ab37c188b3740160a6,M17,4,7.03,7.1924123764,14
174,a0df11ab37c188b3740160a6,M18,4,9.6,10.5608110428,21
174,a0df11ab37c188b3740160a6,M19,4,7.85,9.42837619781,21
174,a0df11ab37c188b3740160a6,M20,4,10.24,11.7061100006,20
174,a0df11ab37c188b3740160a6,M21,4,7.59,8.9216337204,21
174,a0df11ab37c188b3740160a6,M22,4,17.81,22.3316936493,45
174,a0df11ab37c188b3740160a6,M23,4,15.12,18.6293525696,45
174,a0df11ab37c188b3740160a6,M24,4,18.26,22.8831176758,45
174,a0df11ab37c188b3740160a6,M25,4,13.86,14.5103998184,20
174,a0df11ab37c188b3740160a6,M26,4,12.58,13.2119140625,20
174,a0df11ab37c188b3740160a6,M27,4,15.98,17.6986217499,30
174,a0df11ab37c188b3740160a6,M28,4,14.02,15.5637149811,30
174,a0df11ab37c188b3740160a6,M29,4,15.95,17.8163509369,30
174,a0df11ab37c188b3740160a6,M30,4,9.75,10.9382266998,21
175,c910d74e6c15a5b3205df411,M01,0,7.2,6.69728183746,10
175,c910d74e6c15a5b3205df411,M02,0,9.61,9.46963405609,15
175,c910d74e6c15a5b3205df411,M03,0,9.97,10.1281824112,21
175,c910d74e6c15a5b3205df411,M04,0,9.22,9.69636917114,21
175,c910d74e6c15a5b3205df411,M05,0,9.26,9.75130748749,21
175,c910d74e6c15a5b3205df411,M06,0,12.55,13.0251245499,21
175,c910d74e6c15a5b3205df411,M07,0,13.65,14.8941144943,30
175,c910d74e6c15a5b3205df411,M08,0,18.03,19.351606369,30
175,c910d74e6c15a5b3205df411,M09,0,16.95,18.2304878235,30
175,c910d74e6c15a5b3205df411,M10,0,19.68,20.6768341064,30
175,c910d74e6c15a5b3205df411,M11,0,18.91,20.0512599945,30
175,c910d74e6c15a5b3205df411,M12,0,25.56,27.5583724976,45
175,c910d74e6c15a5b3205df411,M13,0,25.7,28.3215656281,60
175,c910d74e6c15a5b3205df411,M14,0,22.23,24.832151413,60
175,c910d74e6c15a5b3205df411,M15,0,25.84,28.647611618,60
175,c910d74e6c15a5b3205df411,M16,0,53.82,57.1947288513,100
175,c910d74e6c15a5b3205df411,M17,0,7.18,6.76407003403,14
175,c910d74e6c15a5b3205df411,M18,0,9.79,10.1116199493,21
175,c910d74e6c15a5b3205df411,M19,0,8.09,8.90856170654,21
175,c910d74e6c15a5b3205df411,M20,0,10.42,10.8910655975,20
175,c910d74e6c15a5b3205df411,M21,0,7.72,8.56520175934,21
175,c910d74e6c15a5b3205df411,M22,0,18.38,21.5080509186,45
175,c910d74e6c15a5b3205df411,M23,0,15.57,18.2596607208,45
175,c910d74e6c15a5b3205df411,M24,0,18.75,22.2074375153,45
175,c910d74e6c15a5b3205df411,M25,0,14.07,13.9342603683,20
175,c910d74e6c15a5b3205df411,M26,0,12.79,12.760802269,20
175,c910d74e6c15a5b3205df411,M27,0,16.39,17.1074562073,30
175,c910d74e6c15a5b3205df411,M28,0,14.43,15.2071294785,30
175,c910d74e6c15a5b3205df411,M29,0,16.29,17.2432518005,30
175,c910d74e6c15a5b3205df411,M30,0,10.01,10.3591938019,21
176,e1b34eb9479ceb03b50a90a5,M01,0,6.35,6.45050621033,10
176,e1b34eb9479ceb03b50a90a5,M02,0,8.72,8.08348464966,15
176,e1b34eb9479ceb03b50a90a5,M03,0,8.65,7.96844673157,21
176,e1b34eb9479ceb03b50a90a5,M04,0,7.93,7.43593215942,21
176,e1b34eb9479ceb03b50a90a5,M05,0,7.64,7.42260789871,21
176,e1b34eb9479ceb03b50a90a5,M06,0,10.36,10.3137540817,21
176,e1b34eb9479ceb03b50a90a5,M07,0,11.73,11.1615428925,30
176,e1b34eb9479ceb03b50a90a5,M08,0,15.88,15.4472045898,30
176,e1b34eb9479ceb03b50a90a5,M09,0,14.76,14.1384859085,30
176,e1b34eb9479ceb03b50a90a5,M10,0,17.32,16.7060089111,30
176,e1b34eb9479ceb03b50a90a5,M11,0,16.34,15.5963029861,30
176,e1b34eb9479ceb03b50a90a5,M12,0,21.63,19.9537563324,45
176,e1b34eb9479ceb03b50a90a5,M13,0,19.7,19.7554187775,60
176,e1b34eb9479ceb03b50a90a5,M14,0,16.44,15.5107507706,60
176,e1b34eb9479ceb03b50a90a5,M15,0,21.32,20.4783496857,60
176,e1b34eb9479ceb03b50a90a5,M16,0,44.53,44.4583129883,100
176,e1b34eb9479ceb03b50a90a5,M17,0,6.17,5.8915514946,14
176,e1b34eb9479ceb03b50a90a5,M18,0,8.52,7.68432188034,21
176,e1b34eb9479ceb03b50a90a5,M19,0,5.93,6.6489200592,21
176,e1b34eb9479ceb03b50a90a5,M20,0,8.11,9.01090240479,20
176,e1b34eb9479ceb03b50a90a5,M21,0,5.83,6.5211596489,21
176,e1b34eb9479ceb03b50a90a5,M22,0,12.51,15.0341711044,45
176,e1b34eb9479ceb03b50a90a5,M23,0,10.59,11.940656662,45
176,e1b34eb9479ceb03b50a90a5,M24,0,13.63,16.1949977875,45
176,e1b34eb9479ceb03b50a90a5,M25,0,12.51,11.9890794754,20
176,e1b34eb9479ceb03b50a90a5,M26,0,11.24,10.8588438034,20
176,e1b34eb9479ceb03b50a90a5,M27,0,13.43,13.8039855957,30
176,e1b34eb9479ceb03b50a90a5,M28,0,11.51,11.5628232956,30
176,e1b34eb9479ceb03b50a90a5,M29,0,14.06,14.1983318329,30
176,e1b34eb9479ceb03b50a90a5,M30,0,7.91,7.97773122787,21
177,3314004f55d768b9102a7c53,M01,0,5.82,5.76357603073,10
177,3314004f55d768b9102a7c53,M02,0,7.78,7.25726318359,15
177,3314004f55d768b9102a7c53,M03,0,6.89,7.02001571655,21
177,3314004f55d768b9102a7c53,M04,0,6.28,6.4398856163,21
177,3314004f55d768b9102a7c53,M05,0,6.16,6.48925542831,21
177,3314004f55d768b9102a7c53,M06,0,8.77,9.31896400452,21
177,3314004f55d768b9102a7c53,M07,0,9.09,9.621134758,30
177,3314004f55d768b9102a7c53,M08,0,12.96,13.2307786942,30
177,3314004f55d768b9102a7c53,M09,0,11.77,12.0524892807,30
177,3314004f55d768b9102a7c53,M10,0,14.52,14.5504350662,30
177,3314004f55d768b9102a7c53,M11,0,13.53,13.4458589554,30
177,3314004f55d768b9102a7c53,M12,0,17.32,16.8167552948,45
177,3314004f55d768b9102a7c53,M13,0,16.15,16.5642127991,60
177,3314004f55d768b9102a7c53,M14,0,13.49,13.7435054779,60
177,3314004f55d768b9102a7c53,M15,0,15.87,16.722864151,60
177,3314004f55d768b9102a7c53,M16,0,37.12,39.1198692322,100
177,3314004f55d768b9102a7c53,M17,0,5.01,5.13520622253,14
177,3314004f55d768b9102a7c53,M18,0,6.87,6.84074497223,21
177,3314004f55d768b9102a7c53,M19,0,5.88,6.08890151978,21
177,3314004f55d768b9102a7c53,M20,0,8.12,8.04725456238,20
177,3314004f55d768b9102a7c53,M21,0,5.77,5.70539712906,21
177,3314004f55d768b9102a7c53,M22,0,12.58,12.6258707047,45
177,3314004f55d768b9102a7c53,M23,0,10.7,10.743273735,45
177,3314004f55d768b9102a7c53,M24,0,12.59,12.7709121704,45
177,3314004f55d768b9102a7c53,M25,0,11.68,11.609913826,20
177,3314004f55d768b9102a7c53,M26,0,10.28,10.5606956482,20
177,3314004f55d768b9102a7c53,M27,0,11.8,12.7247982025,30
177,3314004f55d768b9102a7c53,M28,0,9.89,10.9624967575,30
177,3314004f55d768b9102a7c53,M29,0,11.41,12.4907217026,30
177,3314004f55d768b9102a7c53,M30,0,6.91,7.29995346069,21
178,0b4808d603cff090ae6e7e2c,M01,0,6.48,6.39671373367,10
178,0b4808d603cff090ae6e7e2c,M02,0,9.16,8.55146789551,15
178,0b4808d603cff090ae6e7e2c,M03,0,8.91,8.54276275635,21
178,0b4808d603cff090ae6e7e2c,M04,0,8.34,8.00101089478,21
178,0b4808d603cff090ae6e7e2c,M05,0,7.95,7.97650003433,21
178,0b4808d603cff090ae6e7e2c,M06,0,10.86,11.0745239258,21
178,0b4808d603cff090ae6e7e2c,M07,0,12.47,12.358537674,30
178,0b4808d603cff090ae6e7e2c,M08,0,16.68,16.3781280518,30
178,0b4808d603cff090ae6e7e2c,M09,0,15.37,15.0754327774,30
178,0b4808d603cff090ae6e7e2c,M10,0,18.25,17.6600990295,30
178,0b4808d603cff090ae6e7e2c,M11,0,17.12,16.5239295959,30
178,0b4808d603cff090ae6e7e2c,M12,0,23.12,21.7696533203,45
178,0b4808d603cff090ae6e7e2c,M13,0,21.28,21.5031986237,60
178,0b4808d603cff090ae6e7e2c,M14,0,18.07,17.2647476196,60
178,0b4808d603cff090ae6e7e2c,M15,0,22.7,22.1683197021,60
178,0b4808d603cff090ae6e7e2c,M16,0,47.76,47.6986885071,100
178,0b4808d603cff090ae6e7e2c,M17,0,6.53,6.10907745361,14
178,0b4808d603cff090ae6e7e2c,M18,0,8.95,8.1622133255,21
178,0b4808d603cff090ae6e7e2c,M19,0,6.1,7.00455141068,21
178,0b4808d603cff090ae6e7e2c,M20,0,9.13,9.58779335022,20
178,0b4808d603cff090ae6e7e2c,M21,0,6.4,6.8264670372,21
178,0b4808d603cff090ae6e7e2c,M22,0,14.37,15.649684906,45
178,0b4808d603cff090ae6e7e2c,M23,0,11.87,12.5817871094,45
178,0b4808d603cff090ae6e7e2c,M24,0,16.04,16.664604187,45
178,0b4808d603cff090ae6e7e2c,M25,0,12.86,12.4040880203,20
178,0b4808d603cff090ae6e7e2c,M26,0,11.62,11.270529747,20
178,0b4808d603cff090ae6e7e2c,M27,0,14.09,14.3086605072,30
178,0b4808d603cff090ae6e7e2c,M28,0,12.24,12.0514001846,30
178,0b4808d603cff090ae6e7e2c,M29,0,14.61,14.645195961,30
178,0b4808d603cff090ae6e7e2c,M30,0,8.33,8.53742599487,21
179,c51c3841863676f35f94e5d9,M01,1,5.67,5.44853401184,10
179,c51c3841863676f35f94e5d9,M02,1,7.78,6.99861621857,15
179,c51c3841863676f35f94e5d9,M03,1,6.59,6.70605993271,21
179,c51c3841863676f35f94e5d9,M04,1,6.02,6.11423969269,21
179,c51c3841863676f35f94e5d9,M05,1,5.9,6.09271335602,21
179,c51c3841863676f35f94e5d9,M06,1,8.39,8.87580871582,21
179,c51c3841863676f35f94e5d9,M07,1,8.65,9.2563419342,30
179,c51c3841863676f35f94e5d9,M08,1,12.35,12.8174543381,30
179,c51c3841863676f35f94e5d9,M09,1,11.14,11.7015485764,30
179,c51c3841863676f35f94e5d9,M10,1,13.88,14.3403921127,30
179,c51c3841863676f35f94e5d9,M11,1,12.85,13.234703064,30
179,c51c3841863676f35f94e5d9,M12,1,16.3,17.001865387,45
179,c51c3841863676f35f94e5d9,M13,1,15.2,16.6549053192,60
179,c51c3841863676f35f94e5d9,M14,1,12.67,13.2501935959,60
179,c51c3841863676f35f94e5d9,M15,1,14.92,16.5425701141,60
179,c51c3841863676f35f94e5d9,M16,1,34.4,36.9625701904,100
179,c51c3841863676f35f94e5d9,M17,1,4.75,4.8125705719,14
179,c51c3841863676f35f94e5d9,M18,1,6.57,6.58478784561,21
179,c51c3841863676f35f94e5d9,M19,1,5.66,5.61654853821,21
179,c51c3841863676f35f94e5d9,M20,1,7.78,7.4233045578,20
179,c51c3841863676f35f94e5d9,M21,1,5.55,5.26130819321,21
179,c51c3841863676f35f94e5d9,M22,1,11.89,12.7196626663,45
179,c51c3841863676f35f94e5d9,M23,1,10.07,10.2301464081,45
179,c51c3841863676f35f94e5d9,M24,1,11.87,12.5890541077,45
179,c51c3841863676f35f94e5d9,M25,1,11.37,11.1518764496,20
179,c51c3841863676f35f94e5d9,M26,1,9.93,10.0771999359,20
179,c51c3841863676f35f94e5d9,M27,1,11.27,12.0753536224,30
179,c51c3841863676f35f94e5d9,M28,1,9.41,10.1932849884,30
179,c51c3841863676f35f94e5d9,M29,1,10.86,11.9097547531,30
179,c51c3841863676f35f94e5d9,M30,1,6.61,6.83902406693,21
180,ecfd08db10e5477f190376da,M01,0,7.49,7.55407619476,10
180,ecfd08db10e5477f190376da,M02,0,10,10.2016448975,15
180,ecfd08db10e5477f190376da,M03,0,10.66,10.7448949814,21
180,ecfd08db10e5477f190376da,M04,0,9.86,10.3336038589,21
180,ecfd08db10e5477f190376da,M05,0,9.87,10.3824911118,21
180,ecfd08db10e5477f190376da,M06,0,13.19,13.5346832275,21
180,ecfd08db10e5477f190376da,M07,0,14.67,15.8626451492,30
180,ecfd08db10e5477f190376da,M08,0,19.05,19.647813797,30
180,ecfd08db10e5477f190376da,M09,0,17.92,18.609992981,30
180,ecfd08db10e5477f190376da,M10,0,20.68,20.9893684387,30
180,ecfd08db10e5477f190376da,M11,0,19.86,20.2366275787,30
180,ecfd08db10e5477f190376da,M12,0,27.21,28.0862178802,45
180,ecfd08db10e5477f190376da,M13,0,27.29,28.5390357971,60
180,ecfd08db10e5477f190376da,M14,0,23.63,25.1610622406,60
180,ecfd08db10e5477f190376da,M15,0,27.79,28.8826580048,60
180,ecfd08db10e5477f190376da,M16,0,55.7,57.8320884705,100
180,ecfd08db10e5477f190376da,M17,0,7.53,7.35915803909,14
180,ecfd08db10e5477f190376da,M18,0,10.4,10.632730484,21
180,ecfd08db10e5477f190376da,M19,0,8.29,9.47920608521,21
180,ecfd08db10e5477f190376da,M20,0,10.49,11.6444416046,20
180,ecfd08db10e5477f190376da,M21,0,7.83,9.12705993652,21
180,ecfd08db10e5477f190376da,M22,0,18.43,21.8068199158,45
180,ecfd08db10e5477f190376da,M23,0,15.52,18.8193435669,45
180,ecfd08db10e5477f190376da,M24,0,18.95,22.3191127777,45
180,ecfd08db10e5477f190376da,M25,0,14.48,14.2813358307,20
180,ecfd08db10e5477f190376da,M26,0,13.15,13.1562900543,20
180,ecfd08db10e5477f190376da,M27,0,17.15,17.5443935394,30
180,ecfd08db10e5477f190376da,M28,0,15.13,15.9355325699,30
180,ecfd08db10e5477f190376da,M29,0,17.21,17.6269035339,30
180,ecfd08db10e5477f190376da,M30,0,10.68,10.9219493866,21
181,ae549a3bb89eeba0509b46d1,M01,0,4.96,4.70312786102,10
181,ae549a3bb89eeba0509b46d1,M02,0,6.36,6.11948871613,15
181,ae549a3bb89eeba0509b46d1,M03,0,5.31,5.87803411484,21
181,ae549a3bb89eeba0509b46d1,M04,0,5.1,5.37504005432,21
181,ae549a3bb89eeba0509b46d1,M05,0,4.95,5.39727640152,21
181,ae549a3bb89eeba0509b46d1,M06,0,6.78,7.71152544022,21
181,ae549a3bb89eeba0509b46d1,M07,0,6.91,7.86340713501,30
181,ae549a3bb89eeba0509b46d1,M08,0,9.32,10.9158630371,30
181,ae549a3bb89eeba0509b46d1,M09,0,8.26,9.73525619507,30
181,ae549a3bb89eeba0509b46d1,M10,0,10.79,12.1197595596,30
181,ae549a3bb89eeba0509b46d1,M11,0,9.81,11.129527092,30
181,ae549a3bb89eeba0509b46d1,M12,0,11.64,13.6460866928,45
181,ae549a3bb89eeba0509b46d1,M13,0,10.81,13.4136676788,60
181,ae549a3bb89eeba0509b46d1,M14,0,8.06,10.9942989349,60
181,ae549a3bb89eeba0509b46d1,M15,0,10.73,13.2680654526,60
181,ae549a3bb89eeba0509b46d1,M16,0,19.14,25.5762786865,100
181,ae549a3bb89eeba0509b46d1,M17,0,3.41,3.86811327934,14
181,ae549a3bb89eeba0509b46d1,M18,0,5.44,5.70392227173,21
181,ae549a3bb89eeba0509b46d1,M19,0,4.63,4.87762975693,21
181,ae549a3bb89eeba0509b46d1,M20,0,5.78,6.32902765274,20
181,ae549a3bb89eeba0509b46d1,M21,0,4.6,4.68093538284,21
181,ae549a3bb89eeba0509b46d1,M22,0,8.53,10.4205608368,45
181,ae549a3bb89eeba0509b46d1,M23,0,7.04,8.58424854279,45
181,ae549a3bb89eeba0509b46d1,M24,0,8.45,10.2087898254,45
181,ae549a3bb89eeba0509b46d1,M25,0,9.65,10.0611658096,20
181,ae549a3bb89eeba0509b46d1,M26,0,8.21,9.08459568024,20
181,ae549a3bb89eeba0509b46d1,M27,0,9.16,10.8309345245,30
181,ae549a3bb89eeba0509b46d1,M28,0,7.84,9.0815820694,30
181,ae549a3bb89eeba0509b46d1,M29,0,8.92,10.2830848694,30
181,ae549a3bb89eeba0509b46d1,M30,0,5.71,6.14814281464,21
182,cde92d2cbf5ae04506b2772e,M01,0,7.68,7.38348770142,10
182,cde92d2cbf5ae04506b2772e,M02,0,10.23,9.51634883881,15
182,cde92d2cbf5ae04506b2772e,M03,0,11.17,9.88563632965,21
182,cde92d2cbf5ae04506b2772e,M04,0,10.27,9.42492294312,21
182,cde92d2cbf5ae04506b2772e,M05,0,10.4,9.44472026825,21
182,cde92d2cbf5ae04506b2772e,M06,0,13.91,12.7020559311,21
182,cde92d2cbf5ae04506b2772e,M07,0,15.48,14.2158136368,30
182,cde92d2cbf5ae04506b2772e,M08,0,19.85,18.5388298035,30
182,cde92d2cbf5ae04506b2772e,M09,0,18.56,17.3483581543,30
182,cde92d2cbf5ae04506b2772e,M10,0,21.45,19.817276001,30
182,cde92d2cbf5ae04506b2772e,M11,0,20.59,18.8980922699,30
182,cde92d2cbf5ae04506b2772e,M12,0,28.64,26.4143943787,45
182,cde92d2cbf5ae04506b2772e,M13,0,29.56,26.5268344879,60
182,cde92d2cbf5ae04506b2772e,M14,0,26.17,23.2376232147,60
182,cde92d2cbf5ae04506b2772e,M15,0,29.5,27.0888633728,60
182,cde92d2cbf5ae04506b2772e,M16,0,58.29,56.4126358032,100
182,cde92d2cbf5ae04506b2772e,M17,0,7.79,7.11885595322,14
182,cde92d2cbf5ae04506b2772e,M18,0,10.78,9.56104564667,21
182,cde92d2cbf5ae04506b2772e,M19,0,10.09,8.51678276062,21
182,cde92d2cbf5ae04506b2772e,M20,0,12.29,10.937204361,20
182,cde92d2cbf5ae04506b2772e,M21,0,9.46,8.2367105484,21
182,cde92d2cbf5ae04506b2772e,M22,0,24.04,18.9564647675,45
182,cde92d2cbf5ae04506b2772e,M23,0,20.7,16.6225662231,45
182,cde92d2cbf5ae04506b2772e,M24,0,24.45,19.7764606476,45
182,cde92d2cbf5ae04506b2772e,M25,0,14.83,13.8374710083,20
182,cde92d2cbf5ae04506b2772e,M26,0,13.6,12.5574569702,20
182,cde92d2cbf5ae04506b2772e,M27,0,18.03,16.513759613,30
182,cde92d2cbf5ae04506b2772e,M28,0,16.14,14.8022909164,30
182,cde92d2cbf5ae04506b2772e,M29,0,17.87,16.8778400421,30
182,cde92d2cbf5ae04506b2772e,M30,0,11.22,10.120057106,21
183,fc0ff7763485986307ce7100,M01,1,8.23,7.25475931168,10
183,fc0ff7763485986307ce7100,M02,1,10.89,9.37392807007,15
183,fc0ff7763485986307ce7100,M03,1,12.35,9.90166759491,21
183,fc0ff7763485986307ce7100,M04,1,11.38,9.13773918152,21
183,fc0ff7763485986307ce7100,M05,1,11.57,9.24130821228,21
183,fc0ff7763485986307ce7100,M06,1,15.3,12.3603525162,21
183,fc0ff7763485986307ce7100,M07,1,17.25,13.4797124863,30
183,fc0ff7763485986307ce7100,M08,1,21.54,17.8919677734,30
183,fc0ff7763485986307ce7100,M09,1,20.21,16.496383667,30
183,fc0ff7763485986307ce7100,M10,1,23.23,19.1484050751,30
183,fc0ff7763485986307ce7100,M11,1,22.28,18.241519928,30
183,fc0ff7763485986307ce7100,M12,1,31.47,23.9223155975,45
183,fc0ff7763485986307ce7100,M13,1,32.84,23.8065605164,60
183,fc0ff7763485986307ce7100,M14,1,29.53,21.1130428314,60
183,fc0ff7763485986307ce7100,M15,1,33.17,24.078327179,60
183,fc0ff7763485986307ce7100,M16,1,61.88,50.8145561218,100
183,fc0ff7763485986307ce7100,M17,1,8.4,6.72954702377,14
183,fc0ff7763485986307ce7100,M18,1,11.81,9.47675609589,21
183,fc0ff7763485986307ce7100,M19,1,11.27,8.31370639801,21
183,fc0ff7763485986307ce7100,M20,1,13.21,10.2721700668,20
183,fc0ff7763485986307ce7100,M21,1,10.29,7.64935922623,21
183,fc0ff7763485986307ce7100,M22,1,26.64,17.8830013275,45
183,fc0ff7763485986307ce7100,M23,1,23.41,16.0057125092,45
183,fc0ff7763485986307ce7100,M24,1,27.14,18.1823768616,45
183,fc0ff7763485986307ce7100,M25,1,15.64,13.9368638992,20
183,fc0ff7763485986307ce7100,M26,1,14.32,13.0286102295,20
183,fc0ff7763485986307ce7100,M27,1,19.7,16.0191955566,30
183,fc0ff7763485986307ce7100,M28,1,17.62,14.3506669998,30
183,fc0ff7763485986307ce7100,M29,1,19.65,16.0883903503,30
183,fc0ff7763485986307ce7100,M30,1,12.41,10.2263069153,21
184,378e1b4037b2208a390730ed,M01,0,1.27,4.17095088959,10
184,378e1b4037b2208a390730ed,M02,0,0.93,5.32888317108,15
184,378e1b4037b2208a390730ed,M03,0,1.39,4.99964570999,21
184,378e1b4037b2208a390730ed,M04,0,1.39,4.58678340912,21
184,378e1b4037b2208a390730ed,M05,0,1.28,4.62440109253,21
184,378e1b4037b2208a390730ed,M06,0,1.44,6.53596162796,21
184,378e1b4037b2208a390730ed,M07,0,1.39,6.57468128204,30
184,378e1b4037b2208a390730ed,M08,0,0.93,8.03510570526,30
184,378e1b4037b2208a390730ed,M09,0,0.93,7.17164087296,30
184,378e1b4037b2208a390730ed,M10,0,1.37,9.23758602142,30
184,378e1b4037b2208a390730ed,M11,0,1.31,8.45987415314,30
184,378e1b4037b2208a390730ed,M12,0,0.93,8.81587219238,45
184,378e1b4037b2208a390730ed,M13,0,1.27,9.07228469849,60
184,378e1b4037b2208a390730ed,M14,0,0.75,7.30188512802,60
184,378e1b4037b2208a390730ed,M15,0,1.6,9.06964588165,60
184,378e1b4037b2208a390730ed,M16,0,1.25,14.3634319305,100
184,378e1b4037b2208a390730ed,M17,0,0.9,3.21531248093,14
184,378e1b4037b2208a390730ed,M18,0,1.5,5.02088212967,21
184,378e1b4037b2208a390730ed,M19,0,1.39,4.07206964493,21
184,378e1b4037b2208a390730ed,M20,0,0.67,5.02562379837,20
184,378e1b4037b2208a390730ed,M21,0,1.48,3.96368265152,21
184,378e1b4037b2208a390730ed,M22,0,1.21,7.65914011002,45
184,378e1b4037b2208a390730ed,M23,0,0.75,5.86646842957,45
184,378e1b4037b2208a390730ed,M24,0,1.56,7.54910469055,45
184,378e1b4037b2208a390730ed,M25,0,6.71,8.38338184357,20
184,378e1b4037b2208a390730ed,M26,0,4.94,7.36282682419,20
184,378e1b4037b2208a390730ed,M27,0,7.12,8.83767032623,30
184,378e1b4037b2208a390730ed,M28,0,5.48,7.24221754074,30
184,378e1b4037b2208a390730ed,M29,0,6.65,8.48814582825,30
184,378e1b4037b2208a390730ed,M30,0,4.19,5.37275934219,21
185,3d1756396565a85b0e5bfd75,M01,3,8.23,7.15839529037,10
185,3d1756396565a85b0e5bfd75,M02,3,10.9,9.84243106842,15
185,3d1756396565a85b0e5bfd75,M03,3,12.56,10.6984195709,21
185,3d1756396565a85b0e5bfd75,M04,3,11.62,10.2746019363,21
185,3d1756396565a85b0e5bfd75,M05,3,11.8,10.2748422623,21
185,3d1756396565a85b0e5bfd75,M06,3,15.3,13.2478132248,21
185,3d1756396565a85b0e5bfd75,M07,3,17.6,15.4189491272,30
185,3d1756396565a85b0e5bfd75,M08,3,21.86,19.7325630188,30
185,3d1756396565a85b0e5bfd75,M09,3,20.57,18.5407714844,30
185,3d1756396565a85b0e5bfd75,M10,3,23.37,20.8450641632,30
185,3d1756396565a85b0e5bfd75,M11,3,22.55,20.2066707611,30
185,3d1756396565a85b0e5bfd75,M12,3,32.04,28.5946502686,45
185,3d1756396565a85b0e5bfd75,M13,3,33.42,28.8650894165,60
185,3d1756396565a85b0e5bfd75,M14,3,30.19,25.4540500641,60
185,3d1756396565a85b0e5bfd75,M15,3,33.76,29.3819408417,60
185,3d1756396565a85b0e5bfd75,M16,3,62.47,56.6396560669,100
185,3d1756396565a85b0e5bfd75,M17,3,8.54,7.06607484818,14
185,3d1756396565a85b0e5bfd75,M18,3,12.03,10.5946178436,21
185,3d1756396565a85b0e5bfd75,M19,3,10.94,9.22269439697,21
185,3d1756396565a85b0e5bfd75,M20,3,12.86,11.1951141357,20
185,3d1756396565a85b0e5bfd75,M21,3,10.01,8.91460132599,21
185,3d1756396565a85b0e5bfd75,M22,3,25.68,21.5450572968,45
185,3d1756396565a85b0e5bfd75,M23,3,22.13,18.7004966736,45
185,3d1756396565a85b0e5bfd75,M24,3,26.41,22.3009738922,45
185,3d1756396565a85b0e5bfd75,M25,3,15.68,14.3076219559,20
185,3d1756396565a85b0e5bfd75,M26,3,14.41,12.9614591599,20
185,3d1756396565a85b0e5bfd75,M27,3,19.72,17.4780158997,30
185,3d1756396565a85b0e5bfd75,M28,3,17.87,15.4918022156,30
185,3d1756396565a85b0e5bfd75,M29,3,19.66,17.6945152283,30
185,3d1756396565a85b0e5bfd75,M30,3,12.62,10.9108428955,21
186,231bee3016cdac10154eb865,M01,2,5.38,6.80525493622,10
186,231bee3016cdac10154eb865,M02,2,6.93,8.37051582336,15
186,231bee3016cdac10154eb865,M03,2,6.03,8.27893257141,21
186,231bee3016cdac10154eb865,M04,2,5.44,7.83856678009,21
186,231bee3016cdac10154eb865,M05,2,5.65,7.7928404808,21
186,231bee3016cdac10154eb865,M06,2,7.73,10.3229675293,21
186,231bee3016cdac10154eb865,M07,2,7.7,10.3079795837,30
186,231bee3016cdac10154eb865,M08,2,10.1,13.2429380417,30
186,231bee3016cdac10154eb865,M09,2,8.4,12.2719936371,30
186,231bee3016cdac10154eb865,M10,2,11.91,14.7265014648,30
186,231bee3016cdac10154eb865,M11,2,10.76,13.8209600449,30
186,231bee3016cdac10154eb865,M12,2,12.46,17.8074150085,45
186,231bee3016cdac10154eb865,M13,2,12.45,17.9803752899,60
186,231bee3016cdac10154eb865,M14,2,9.77,15.542963028,60
186,231bee3016cdac10154eb865,M15,2,12.33,18.1656169891,60
186,231bee3016cdac10154eb865,M16,2,23.53,36.199672699,100
186,231bee3016cdac10154eb865,M17,2,2.78,6.37567615509,14
186,231bee3016cdac10154eb865,M18,2,5.17,8.21825218201,21
186,231bee3016cdac10154eb865,M19,2,5.29,7.16227483749,21
186,231bee3016cdac10154eb865,M20,2,5.67,8.74590778351,20
186,231bee3016cdac10154eb865,M21,2,4.7,6.95450401306,21
186,231bee3016cdac10154eb865,M22,2,8.28,13.6295070648,45
186,231bee3016cdac10154eb865,M23,2,6.83,11.7056398392,45
186,231bee3016cdac10154eb865,M24,2,8.13,13.7200641632,45
186,231bee3016cdac10154eb865,M25,2,11.62,11.7403678894,20
186,231bee3016cdac10154eb865,M26,2,10.16,10.3311462402,20
186,231bee3016cdac10154eb865,M27,2,11.66,13.1253938675,30
186,231bee3016cdac10154eb865,M28,2,9.71,11.362326622,30
186,231bee3016cdac10154eb865,M29,2,11.36,12.9859838486,30
186,231bee3016cdac10154eb865,M30,2,6.88,8.26631546021,21
187,ceff63dc913a8d929452b72a,M01,0,7.47,7.97019863129,10
187,ceff63dc913a8d929452b72a,M02,0,10.05,10.8305435181,15
187,ceff63dc913a8d929452b72a,M03,0,10.87,11.5585947037,21
187,ceff63dc913a8d929452b72a,M04,0,10.05,11.0283021927,21
187,ceff63dc913a8d929452b72a,M05,0,10.13,11.1795845032,21
187,ceff63dc913a8d929452b72a,M06,0,13.39,14.3118772507,21
187,ceff63dc913a8d929452b72a,M07,0,15.03,16.4468898773,30
187,ceff63dc913a8d929452b72a,M08,0,19.42,20.946187973,30
187,ceff63dc913a8d929452b72a,M09,0,18.31,19.7648200989,30
187,ceff63dc913a8d929452b72a,M10,0,20.96,22.3116550446,30
187,ceff63dc913a8d929452b72a,M11,0,20.25,21.6398696899,30
187,ceff63dc913a8d929452b72a,M12,0,27.96,30.7287559509,45
187,ceff63dc913a8d929452b72a,M13,0,28.22,31.2655773163,60
187,ceff63dc913a8d929452b72a,M14,0,24.86,27.628276825,60
187,ceff63dc913a8d929452b72a,M15,0,28.75,31.6401901245,60
187,ceff63dc913a8d929452b72a,M16,0,56.81,59.4772491455,100
187,ceff63dc913a8d929452b72a,M17,0,7.62,7.86965417862,14
187,ceff63dc913a8d929452b72a,M18,0,10.6,11.3487672806,21
187,ceff63dc913a8d929452b72a,M19,0,8.9,10.2866640091,21
187,ceff63dc913a8d929452b72a,M20,0,11.13,12.3081474304,20
187,ceff63dc913a8d929452b72a,M21,0,8.42,9.81630516052,21
187,ceff63dc913a8d929452b72a,M22,0,20.4,24.1658668518,45
187,ceff63dc913a8d929452b72a,M23,0,17.45,21.1196308136,45
187,ceff63dc913a8d929452b72a,M24,0,20.96,24.9078769684,45
187,ceff63dc913a8d929452b72a,M25,0,14.53,15.0557670593,20
187,ceff63dc913a8d929452b72a,M26,0,13.29,13.8051271439,20
187,ceff63dc913a8d929452b72a,M27,0,17.44,18.6570091248,30
187,ceff63dc913a8d929452b72a,M28,0,15.54,16.7671108246,30
187,ceff63dc913a8d929452b72a,M29,0,17.48,18.8123073578,30
187,ceff63dc913a8d929452b72a,M30,0,10.89,11.7620677948,21
188,c815242a0e123343d6e3302a,M01,2,9.1,9.67174339294,10
188,c815242a0e123343d6e3302a,M02,2,13.17,12.6929187775,15
188,c815242a0e123343d6e3302a,M03,2,15.7,14.0343494415,21
188,c815242a0e123343d6e3302a,M04,2,14.66,13.5820331573,21
188,c815242a0e123343d6e3302a,M05,2,14.94,13.6809177399,21
188,c815242a0e123343d6e3302a,M06,2,18.9,17.2923583984,21
188,c815242a0e123343d6e3302a,M07,2,22.3,20.0063762665,30
188,c815242a0e123343d6e3302a,M08,2,26.22,24.7734661102,30
188,c815242a0e123343d6e3302a,M09,2,24.81,23.8118991852,30
188,c815242a0e123343d6e3302a,M10,2,27.92,26.2714653015,30
188,c815242a0e123343d6e3302a,M11,2,27.01,25.7064189911,30
188,c815242a0e123343d6e3302a,M12,2,39.21,37.5301322937,45
188,c815242a0e123343d6e3302a,M13,2,42.05,38.2100486755,60
188,c815242a0e123343d6e3302a,M14,2,39.43,35.6293106079,60
188,c815242a0e123343d6e3302a,M15,2,42.52,38.6728477478,60
188,c815242a0e123343d6e3302a,M16,2,71.79,66.7775802612,100
188,c815242a0e123343d6e3302a,M17,2,10.27,9.79706478119,14
188,c815242a0e123343d6e3302a,M18,2,14.84,13.7483577728,21
188,c815242a0e123343d6e3302a,M19,2,16.12,12.9206047058,21
188,c815242a0e123343d6e3302a,M20,2,17.03,14.9270620346,20
188,c815242a0e123343d6e3302a,M21,2,14.78,12.5250415802,21
188,c815242a0e123343d6e3302a,M22,2,38.48,30.1448879242,45
188,c815242a0e123343d6e3302a,M23,2,34.48,27.7051620483,45
188,c815242a0e123343d6e3302a,M24,2,39.98,30.6546936035,45
188,c815242a0e123343d6e3302a,M25,2,18.65,17.3782444,20
188,c815242a0e123343d6e3302a,M26,2,16.78,16.2599811554,20
188,c815242a0e123343d6e3302a,M27,2,23.86,22.0939998627,30
188,c815242a0e123343d6e3302a,M28,2,21.94,20.6156578064,30
188,c815242a0e123343d6e3302a,M29,2,23.92,22.101392746,30
188,c815242a0e123343d6e3302a,M30,2,15.8,14.1740922928,21
189,6da8b86316162ba99fec2db6,M01,2,5.5,5.50728416443,10
189,6da8b86316162ba99fec2db6,M02,2,7.16,6.69528961182,15
189,6da8b86316162ba99fec2db6,M03,2,6.24,6.31346416473,21
189,6da8b86316162ba99fec2db6,M04,2,5.72,5.94299173355,21
189,6da8b86316162ba99fec2db6,M05,2,5.67,5.85983228683,21
189,6da8b86316162ba99fec2db6,M06,2,7.96,7.50538253784,21
189,6da8b86316162ba99fec2db6,M07,2,8.03,7.24080324173,30
189,6da8b86316162ba99fec2db6,M08,2,10.79,8.87398910522,30
189,6da8b86316162ba99fec2db6,M09,2,9.46,7.9539399147,30
189,6da8b86316162ba99fec2db6,M10,2,12.56,10.1672735214,30
189,6da8b86316162ba99fec2db6,M11,2,11.44,9.34239864349,30
189,6da8b86316162ba99fec2db6,M12,2,13.47,11.0874900818,45
189,6da8b86316162ba99fec2db6,M13,2,13.51,11.2180738449,60
189,6da8b86316162ba99fec2db6,M14,2,10.65,9.15960979462,60
189,6da8b86316162ba99fec2db6,M15,2,13.31,11.1948184967,60
189,6da8b86316162ba99fec2db6,M16,2,27,19.3344268799,100
189,6da8b86316162ba99fec2db6,M17,2,4.32,4.72559499741,14
189,6da8b86316162ba99fec2db6,M18,2,6.22,6.32683706284,21
189,6da8b86316162ba99fec2db6,M19,2,5.23,5.59817695618,21
189,6da8b86316162ba99fec2db6,M20,2,6.75,6.35877752304,20
189,6da8b86316162ba99fec2db6,M21,2,5.15,5.39439964294,21
189,6da8b86316162ba99fec2db6,M22,2,10.17,9.22175502777,45
189,6da8b86316162ba99fec2db6,M23,2,8.39,7.29965782166,45
189,6da8b86316162ba99fec2db6,M24,2,10.06,9.31978321075,45
189,6da8b86316162ba99fec2db6,M25,2,10.84,8.7927312851,20
189,6da8b86316162ba99fec2db6,M26,2,9.1,7.57248830795,20
189,6da8b86316162ba99fec2db6,M27,2,10.48,9.18521118164,30
189,6da8b86316162ba99fec2db6,M28,2,8.62,7.4552192688,30
189,6da8b86316162ba99fec2db6,M29,2,10.21,8.96097278595,30
189,6da8b86316162ba99fec2db6,M30,2,6.23,6.40082740784,21
190,9f40631b794965aff4da7b4a,M01,4,8.38,7.99422550201,10
190,9f40631b794965aff4da7b4a,M02,4,11.03,10.5271997452,15
190,9f40631b794965aff4da7b4a,M03,4,12.78,11.5299816132,21
190,9f40631b794965aff4da7b4a,M04,4,11.69,11.0509567261,21
190,9f40631b794965aff4da7b4a,M05,4,11.93,11.0976190567,21
190,9f40631b794965aff4da7b4a,M06,4,15.62,14.3356351852,21
190,9f40631b794965aff4da7b4a,M07,4,17.89,16.398475647,30
190,9f40631b794965aff4da7b4a,M08,4,22.15,20.4141788483,30
190,9f40631b794965aff4da7b4a,M09,4,20.65,19.1274280548,30
190,9f40631b794965aff4da7b4a,M10,4,23.7,21.8570232391,30
190,9f40631b794965aff4da7b4a,M11,4,22.73,20.9757461548,30
190,9f40631b794965aff4da7b4a,M12,4,32.45,30.1631984711,45
190,9f40631b794965aff4da7b4a,M13,4,34.14,30.4979686737,60
190,9f40631b794965aff4da7b4a,M14,4,30.92,27.3277015686,60
190,9f40631b794965aff4da7b4a,M15,4,34.31,30.6513652802,60
190,9f40631b794965aff4da7b4a,M16,4,63.27,60.1259689331,100
190,9f40631b794965aff4da7b4a,M17,4,8.61,7.81528043747,14
190,9f40631b794965aff4da7b4a,M18,4,12.09,11.352314949,21
190,9f40631b794965aff4da7b4a,M19,4,11.24,9.96198558807,21
190,9f40631b794965aff4da7b4a,M20,4,13.16,12.2092247009,20
190,9f40631b794965aff4da7b4a,M21,4,10.22,9.6303730011,21
190,9f40631b794965aff4da7b4a,M22,4,26.76,23.2242965698,45
190,9f40631b794965aff4da7b4a,M23,4,23.13,21.0247039795,45
190,9f40631b794965aff4da7b4a,M24,4,27.32,23.3860588074,45
190,9f40631b794965aff4da7b4a,M25,4,15.88,15.0523338318,20
190,9f40631b794965aff4da7b4a,M26,4,14.59,13.9670972824,20
190,9f40631b794965aff4da7b4a,M27,4,20.06,18.3097724915,30
190,9f40631b794965aff4da7b4a,M28,4,18.23,16.9645786285,30
190,9f40631b794965aff4da7b4a,M29,4,19.96,18.2196426392,30
190,9f40631b794965aff4da7b4a,M30,4,12.83,11.6880912781,21
191,133b391bd1d233ca3265cf1b,M01,3,7.96,8.13875675201,10
191,133b391bd1d233ca3265cf1b,M02,3,10.62,10.7552814484,15
191,133b391bd1d233ca3265cf1b,M03,3,12.06,11.6283855438,21
191,133b391bd1d233ca3265cf1b,M04,3,11.17,11.1310214996,21
191,133b391bd1d233ca3265cf1b,M05,3,11.3,11.2833185196,21
191,133b391bd1d233ca3265cf1b,M06,3,14.73,14.4887590408,21
191,133b391bd1d233ca3265cf1b,M07,3,16.85,16.8576984406,30
191,133b391bd1d233ca3265cf1b,M08,3,21.15,21.3022060394,30
191,133b391bd1d233ca3265cf1b,M09,3,19.94,19.9646968842,30
191,133b391bd1d233ca3265cf1b,M10,3,22.65,22.5107727051,30
191,133b391bd1d233ca3265cf1b,M11,3,21.84,21.9824447632,30
191,133b391bd1d233ca3265cf1b,M12,3,30.91,31.0905189514,45
191,133b391bd1d233ca3265cf1b,M13,3,31.99,31.9022312164,60
191,133b391bd1d233ca3265cf1b,M14,3,28.82,29.0341110229,60
191,133b391bd1d233ca3265cf1b,M15,3,32.24,32.0259628296,60
191,133b391bd1d233ca3265cf1b,M16,3,60.96,61.0036964417,100
191,133b391bd1d233ca3265cf1b,M17,3,8.28,8.0587015152,14
191,133b391bd1d233ca3265cf1b,M18,3,11.6,11.4091472626,21
191,133b391bd1d233ca3265cf1b,M19,3,10.57,10.3900327682,21
191,133b391bd1d233ca3265cf1b,M20,3,12.63,12.5359153748,20
191,133b391bd1d233ca3265cf1b,M21,3,9.81,9.83169364929,21
191,133b391bd1d233ca3265cf1b,M22,3,25.08,24.556678772,45
191,133b391bd1d233ca3265cf1b,M23,3,21.69,21.862991333,45
191,133b391bd1d233ca3265cf1b,M24,3,25.64,24.869512558,45
191,133b391bd1d233ca3265cf1b,M25,3,15.29,15.2424297333,20
191,133b391bd1d233ca3265cf1b,M26,3,14.07,14.0311641693,20
191,133b391bd1d233ca3265cf1b,M27,3,19.02,18.9448642731,30
191,133b391bd1d233ca3265cf1b,M28,3,17.23,17.1910152435,30
191,133b391bd1d233ca3265cf1b,M29,3,18.95,18.8621482849,30
191,133b391bd1d233ca3265cf1b,M30,3,12.11,11.8355407715,21
193,2f9d6a91601860eeae150557,M01,2,8.49,8.43247413635,10
193,2f9d6a91601860eeae150557,M02,2,11.22,11.1198568344,15
193,2f9d6a91601860eeae150557,M03,2,13.23,12.3823509216,21
193,2f9d6a91601860eeae150557,M04,2,12.16,11.7738895416,21
193,2f9d6a91601860eeae150557,M05,2,12.41,11.8895816803,21
193,2f9d6a91601860eeae150557,M06,2,15.94,15.1663293839,21
193,2f9d6a91601860eeae150557,M07,2,18.6,17.6306648254,30
193,2f9d6a91601860eeae150557,M08,2,22.79,22.1076431274,30
193,2f9d6a91601860eeae150557,M09,2,21.34,20.9835357666,30
193,2f9d6a91601860eeae150557,M10,2,24.27,23.4354400635,30
193,2f9d6a91601860eeae150557,M11,2,23.44,22.8330898285,30
193,2f9d6a91601860eeae150557,M12,2,33.68,33.0114135742,45
193,2f9d6a91601860eeae150557,M13,2,35.2,34.4876785278,60
193,2f9d6a91601860eeae150557,M14,2,32.14,31.2126293182,60
193,2f9d6a91601860eeae150557,M15,2,35.08,34.9275932312,60
193,2f9d6a91601860eeae150557,M16,2,64.4,63.2464408875,100
193,2f9d6a91601860eeae150557,M17,2,8.83,8.50770950317,14
193,2f9d6a91601860eeae150557,M18,2,12.54,12.0976848602,21
193,2f9d6a91601860eeae150557,M19,2,12.33,11.0434865952,21
193,2f9d6a91601860eeae150557,M20,2,13.85,12.9606227875,20
193,2f9d6a91601860eeae150557,M21,2,11.22,10.5159387589,21
193,2f9d6a91601860eeae150557,M22,2,28.99,26.2113876343,45
193,2f9d6a91601860eeae150557,M23,2,25.58,23.8463764191,45
193,2f9d6a91601860eeae150557,M24,2,29.64,26.8527965546,45
193,2f9d6a91601860eeae150557,M25,2,16.03,15.7531070709,20
193,2f9d6a91601860eeae150557,M26,2,14.8,14.6343069077,20
193,2f9d6a91601860eeae150557,M27,2,20.44,19.7103881836,30
193,2f9d6a91601860eeae150557,M28,2,18.69,18.1794395447,30
193,2f9d6a91601860eeae150557,M29,2,20.31,19.7537612915,30
193,2f9d6a91601860eeae150557,M30,2,13.02,12.4970369339,21
194,b8c4be4f866a65acd44b7659,M01,3,7.17,7.89004421234,10
194,b8c4be4f866a65acd44b7659,M02,3,9.6,10.3967733383,15
194,b8c4be4f866a65acd44b7659,M03,3,9.95,11.3593387604,21
194,b8c4be4f866a65acd44b7659,M04,3,9.11,10.9311332703,21
194,b8c4be4f866a65acd44b7659,M05,3,9.17,11.0311183929,21
194,b8c4be4f866a65acd44b7659,M06,3,12.41,13.9146089554,21
194,b8c4be4f866a65acd44b7659,M07,3,13.62,16.2735271454,30
194,b8c4be4f866a65acd44b7659,M08,3,18,20.9690704346,30
194,b8c4be4f866a65acd44b7659,M09,3,16.78,19.6728668213,30
194,b8c4be4f866a65acd44b7659,M10,3,19.62,22.0806331635,30
194,b8c4be4f866a65acd44b7659,M11,3,18.78,21.509935379,30
194,b8c4be4f866a65acd44b7659,M12,3,25.5,30.2662029266,45
194,b8c4be4f866a65acd44b7659,M13,3,25.36,30.8557701111,60
194,b8c4be4f866a65acd44b7659,M14,3,21.76,27.496263504,60
194,b8c4be4f866a65acd44b7659,M15,3,25.68,31.0271244049,60
194,b8c4be4f866a65acd44b7659,M16,3,53.45,58.6586608887,100
194,b8c4be4f866a65acd44b7659,M17,3,7.09,7.81411504745,14
194,b8c4be4f866a65acd44b7659,M18,3,9.7,11.2009754181,21
194,b8c4be4f866a65acd44b7659,M19,3,8.51,9.82800960541,21
194,b8c4be4f866a65acd44b7659,M20,3,10.88,11.6938028336,20
194,b8c4be4f866a65acd44b7659,M21,3,8.04,9.36187171936,21
194,b8c4be4f866a65acd44b7659,M22,3,19.57,23.5780658722,45
194,b8c4be4f866a65acd44b7659,M23,3,16.53,20.8510360718,45
194,b8c4be4f866a65acd44b7659,M24,3,20.07,23.7647972107,45
194,b8c4be4f866a65acd44b7659,M25,3,13.99,14.6512613297,20
194,b8c4be4f866a65acd44b7659,M26,3,12.67,13.4361362457,20
194,b8c4be4f866a65acd44b7659,M27,3,16.27,18.4395236969,30
194,b8c4be4f866a65acd44b7659,M28,3,14.25,16.5764427185,30
194,b8c4be4f866a65acd44b7659,M29,3,16.25,18.477230072,30
194,b8c4be4f866a65acd44b7659,M30,3,9.97,11.5444030762,21
195,2f3df9eedd2906c14ce0e5d6,M01,4,8.29,8.58352661133,10
195,2f3df9eedd2906c14ce0e5d6,M02,4,10.96,11.1077747345,15
195,2f3df9eedd2906c14ce0e5d6,M03,4,12.71,11.7978391647,21
195,2f3df9eedd2906c14ce0e5d6,M04,4,11.75,11.2618618011,21
195,2f3df9eedd2906c14ce0e5d6,M05,4,11.98,11.2943096161,21
195,2f3df9eedd2906c14ce0e5d6,M06,4,15.51,14.4588479996,21
195,2f3df9eedd2906c14ce0e5d6,M07,4,17.81,16.598400116,30
195,2f3df9eedd2906c14ce0e5d6,M08,4,22.07,21.7197170258,30
195,2f3df9eedd2906c14ce0e5d6,M09,4,20.74,20.4168376923,30
195,2f3df9eedd2906c14ce0e5d6,M10,4,23.57,23.0232753754,30
195,2f3df9eedd2906c14ce0e5d6,M11,4,22.81,22.44581604,30
195,2f3df9eedd2906c14ce0e5d6,M12,4,32.37,30.9198303223,45
195,2f3df9eedd2906c14ce0e5d6,M13,4,34.01,31.3213787079,60
195,2f3df9eedd2906c14ce0e5d6,M14,4,30.82,28.3676834106,60
195,2f3df9eedd2906c14ce0e5d6,M15,4,34.3,31.7401371002,60
195,2f3df9eedd2906c14ce0e5d6,M16,4,63.09,58.240776062,100
195,2f3df9eedd2906c14ce0e5d6,M17,4,8.63,8.4487657547,14
195,2f3df9eedd2906c14ce0e5d6,M18,4,12.14,11.5813398361,21
195,2f3df9eedd2906c14ce0e5d6,M19,4,11.55,10.5944862366,21
195,2f3df9eedd2906c14ce0e5d6,M20,4,13.4,12.689081192,20
195,2f3df9eedd2906c14ce0e5d6,M21,4,10.71,10.1884374619,21
195,2f3df9eedd2906c14ce0e5d6,M22,4,27.92,25.2037277222,45
195,2f3df9eedd2906c14ce0e5d6,M23,4,24.38,22.7696113586,45
195,2f3df9eedd2906c14ce0e5d6,M24,4,28.54,25.8916225433,45
195,2f3df9eedd2906c14ce0e5d6,M25,4,15.76,15.4004764557,20
195,2f3df9eedd2906c14ce0e5d6,M26,4,14.55,14.4082040787,20
195,2f3df9eedd2906c14ce0e5d6,M27,4,19.93,19.0296077728,30
195,2f3df9eedd2906c14ce0e5d6,M28,4,18.16,17.6930484772,30
195,2f3df9eedd2906c14ce0e5d6,M29,4,19.88,19.2182636261,30
195,2f3df9eedd2906c14ce0e5d6,M30,4,12.75,11.937330246,21
196,2c3353338941a5a1620123ce,M01,0,7.85,8.35674476624,10
196,2c3353338941a5a1620123ce,M02,0,10.46,11.3243703842,15
196,2c3353338941a5a1620123ce,M03,0,11.69,12.1044139862,21
196,2c3353338941a5a1620123ce,M04,0,10.75,11.6503381729,21
196,2c3353338941a5a1620123ce,M05,0,10.93,11.6718053818,21
196,2c3353338941a5a1620123ce,M06,0,14.46,14.7941503525,21
196,2c3353338941a5a1620123ce,M07,0,16.27,17.3746147156,30
196,2c3353338941a5a1620123ce,M08,0,20.61,21.8239116669,30
196,2c3353338941a5a1620123ce,M09,0,19.32,20.6772041321,30
196,2c3353338941a5a1620123ce,M10,0,22.17,23.0545825958,30
196,2c3353338941a5a1620123ce,M11,0,21.32,22.2973327637,30
196,2c3353338941a5a1620123ce,M12,0,29.95,32.2034912109,45
196,2c3353338941a5a1620123ce,M13,0,31.18,32.5598907471,60
196,2c3353338941a5a1620123ce,M14,0,27.93,29.2824993134,60
196,2c3353338941a5a1620123ce,M15,0,31.1,33.079498291,60
196,2c3353338941a5a1620123ce,M16,0,60.08,62.953289032,100
196,2c3353338941a5a1620123ce,M17,0,8.07,8.38785171509,14
196,2c3353338941a5a1620123ce,M18,0,11.22,11.884803772,21
196,2c3353338941a5a1620123ce,M19,0,10.69,10.7529687881,21
196,2c3353338941a5a1620123ce,M20,0,12.8,12.6777915955,20
196,2c3353338941a5a1620123ce,M21,0,9.97,10.3975124359,21
196,2c3353338941a5a1620123ce,M22,0,25.72,24.9202728271,45
196,2c3353338941a5a1620123ce,M23,0,22.29,22.3040943146,45
196,2c3353338941a5a1620123ce,M24,0,26.08,25.6266651154,45
196,2c3353338941a5a1620123ce,M25,0,15.15,15.3852958679,20
196,2c3353338941a5a1620123ce,M26,0,13.94,14.1792650223,20
196,2c3353338941a5a1620123ce,M27,0,18.7,19.3455314636,30
196,2c3353338941a5a1620123ce,M28,0,16.87,17.8189659119,30
196,2c3353338941a5a1620123ce,M29,0,18.51,19.6085739136,30
196,2c3353338941a5a1620123ce,M30,0,11.73,12.282623291,21
198,21c96a0876123a4a80b11e73,M01,2,4.47,4.33120393753,10
198,21c96a0876123a4a80b11e73,M02,2,6.01,5.53922653198,15
198,21c96a0876123a4a80b11e73,M03,2,5.2,5.10621166229,21
198,21c96a0876123a4a80b11e73,M04,2,5.02,4.77568340302,21
198,21c96a0876123a4a80b11e73,M05,2,4.53,4.69806480408,21
198,21c96a0876123a4a80b11e73,M06,2,6.58,6.93668270111,21
198,21c96a0876123a4a80b11e73,M07,2,6.61,6.83364391327,30
198,21c96a0876123a4a80b11e73,M08,2,8.3,9.43246650696,30
198,21c96a0876123a4a80b11e73,M09,2,7.39,8.70479774475,30
198,21c96a0876123a4a80b11e73,M10,2,9.9,10.6379966736,30
198,21c96a0876123a4a80b11e73,M11,2,9.29,9.98286056519,30
198,21c96a0876123a4a80b11e73,M12,2,9.62,9.90329265594,45
198,21c96a0876123a4a80b11e73,M13,2,9.96,9.92661571503,60
198,21c96a0876123a4a80b11e73,M14,2,7.11,7.98632717133,60
198,21c96a0876123a4a80b11e73,M15,2,9.85,9.97227478027,60
198,21c96a0876123a4a80b11e73,M16,2,16.84,21.9508571625,100
198,21c96a0876123a4a80b11e73,M17,2,3.67,3.53361034393,14
198,21c96a0876123a4a80b11e73,M18,2,5.64,5.15133237839,21
198,21c96a0876123a4a80b11e73,M19,2,4.4,4.38412427902,21
198,21c96a0876123a4a80b11e73,M20,2,5.64,5.90508317947,20
198,21c96a0876123a4a80b11e73,M21,2,4.59,4.27745294571,21
198,21c96a0876123a4a80b11e73,M22,2,8.01,8.99605369568,45
198,21c96a0876123a4a80b11e73,M23,2,6.73,7.27114009857,45
198,21c96a0876123a4a80b11e73,M24,2,7.85,9.05743026733,45
198,21c96a0876123a4a80b11e73,M25,2,8.51,8.16099071503,20
198,21c96a0876123a4a80b11e73,M26,2,7.23,7.14272499084,20
198,21c96a0876123a4a80b11e73,M27,2,8.35,9.17391872406,30
198,21c96a0876123a4a80b11e73,M28,2,7.21,7.66133260727,30
198,21c96a0876123a4a80b11e73,M29,2,8.31,8.97046756744,30
198,21c96a0876123a4a80b11e73,M30,2,5.4,5.21564483643,21
199,c70e593c2e631310bfe805a0,M01,3,6.4,6.84694480896,10
199,c70e593c2e631310bfe805a0,M02,3,8.98,9.00724411011,15
199,c70e593c2e631310bfe805a0,M03,3,8.83,9.07604026794,21
199,c70e593c2e631310bfe805a0,M04,3,8.22,8.65937519073,21
199,c70e593c2e631310bfe805a0,M05,3,7.93,8.5513048172,21
199,c70e593c2e631310bfe805a0,M06,3,10.73,11.7513580322,21
199,c70e593c2e631310bfe805a0,M07,3,12.34,12.5924711227,30
199,c70e593c2e631310bfe805a0,M08,3,16.56,16.7888526917,30
199,c70e593c2e631310bfe805a0,M09,3,15.35,15.5672111511,30
199,c70e593c2e631310bfe805a0,M10,3,18.19,18.1766586304,30
199,c70e593c2e631310bfe805a0,M11,3,16.99,17.0137119293,30
199,c70e593c2e631310bfe805a0,M12,3,22.72,23.0601177216,45
199,c70e593c2e631310bfe805a0,M13,3,20.65,22.699256897,60
199,c70e593c2e631310bfe805a0,M14,3,17.56,18.7910385132,60
199,c70e593c2e631310bfe805a0,M15,3,22.1,23.3627414703,60
199,c70e593c2e631310bfe805a0,M16,3,47,49.0079689026,100
199,c70e593c2e631310bfe805a0,M17,3,6.64,6.64844703674,14
199,c70e593c2e631310bfe805a0,M18,3,8.88,8.78273391724,21
199,c70e593c2e631310bfe805a0,M19,3,6.87,7.20542907715,21
199,c70e593c2e631310bfe805a0,M20,3,10.33,9.60645008087,20
199,c70e593c2e631310bfe805a0,M21,3,7.04,6.9152264595,21
199,c70e593c2e631310bfe805a0,M22,3,16.45,15.9114217758,45
199,c70e593c2e631310bfe805a0,M23,3,13.17,12.6087999344,45
199,c70e593c2e631310bfe805a0,M24,3,20.03,16.9740848541,45
199,c70e593c2e631310bfe805a0,M25,3,12.68,13.0460424423,20
199,c70e593c2e631310bfe805a0,M26,3,11.44,11.8035078049,20
199,c70e593c2e631310bfe805a0,M27,3,13.79,14.5379219055,30
199,c70e593c2e631310bfe805a0,M28,3,11.94,12.1449623108,30
199,c70e593c2e631310bfe805a0,M29,3,14.3,14.8343524933,30
199,c70e593c2e631310bfe805a0,M30,3,8.35,9.09008407593,21
200,1157dca77a3505f7c3391cf1,M01,1,4.74,4.65470266342,10
200,1157dca77a3505f7c3391cf1,M02,1,6.47,6.22260284424,15
200,1157dca77a3505f7c3391cf1,M03,1,5.4,5.90134477615,21
200,1157dca77a3505f7c3391cf1,M04,1,5.17,5.35326147079,21
200,1157dca77a3505f7c3391cf1,M05,1,5.05,5.34506464005,21
200,1157dca77a3505f7c3391cf1,M06,1,6.93,8.09485340118,21
200,1157dca77a3505f7c3391cf1,M07,1,7.04,8.39385032654,30
200,1157dca77a3505f7c3391cf1,M08,1,9.63,11.6363229752,30
200,1157dca77a3505f7c3391cf1,M09,1,8.62,10.335562706,30
200,1157dca77a3505f7c3391cf1,M10,1,11.14,12.9254045486,30
200,1157dca77a3505f7c3391cf1,M11,1,10.24,11.9184875488,30
200,1157dca77a3505f7c3391cf1,M12,1,12.17,14.989361763,45
200,1157dca77a3505f7c3391cf1,M13,1,11.56,14.7393884659,60
200,1157dca77a3505f7c3391cf1,M14,1,9.23,11.6665458679,60
200,1157dca77a3505f7c3391cf1,M15,1,11.53,14.6563253403,60
200,1157dca77a3505f7c3391cf1,M16,1,22.81,33.8977928162,100
200,1157dca77a3505f7c3391cf1,M17,1,3.61,4.03378915787,14
200,1157dca77a3505f7c3391cf1,M18,1,5.52,5.73929595947,21
200,1157dca77a3505f7c3391cf1,M19,1,4.69,4.93171834946,21
200,1157dca77a3505f7c3391cf1,M20,1,5.9,6.58701133728,20
200,1157dca77a3505f7c3391cf1,M21,1,4.66,4.58682632446,21
200,1157dca77a3505f7c3391cf1,M22,1,8.57,11.0290880203,45
200,1157dca77a3505f7c3391cf1,M23,1,7.23,8.90289592743,45
200,1157dca77a3505f7c3391cf1,M24,1,8.31,11.0232505798,45
200,1157dca77a3505f7c3391cf1,M25,1,8.23,10.1992387772,20
200,1157dca77a3505f7c3391cf1,M26,1,7.63,9.2822675705,20
200,1157dca77a3505f7c3391cf1,M27,1,8.29,10.9343242645,30
200,1157dca77a3505f7c3391cf1,M28,1,7.68,9.21851348877,30
200,1157dca77a3505f7c3391cf1,M29,1,8.65,10.7316379547,30
200,1157dca77a3505f7c3391cf1,M30,1,5.39,6.02311182022,21
201,a163f7a7711eeffb4a750ec3,M01,3,6.74,5.43341255188,10
201,a163f7a7711eeffb4a750ec3,M02,3,9.03,6.90943336487,15
201,a163f7a7711eeffb4a750ec3,M03,3,8.85,6.69118070602,21
201,a163f7a7711eeffb4a750ec3,M04,3,7.72,6.17050457001,21
201,a163f7a7711eeffb4a750ec3,M05,3,7.71,6.14184904099,21
201,a163f7a7711eeffb4a750ec3,M06,3,11.05,8.65255260468,21
201,a163f7a7711eeffb4a750ec3,M07,3,11.89,8.59387588501,30
201,a163f7a7711eeffb4a750ec3,M08,3,16.17,11.7678537369,30
201,a163f7a7711eeffb4a750ec3,M09,3,14.42,10.7268695831,30
201,a163f7a7711eeffb4a750ec3,M10,3,17.85,13.0059709549,30
201,a163f7a7711eeffb4a750ec3,M11,3,16.59,12.0353107452,30
201,a163f7a7711eeffb4a750ec3,M12,3,22.44,14.3740196228,45
201,a163f7a7711eeffb4a750ec3,M13,3,21.46,14.1357584,60
201,a163f7a7711eeffb4a750ec3,M14,3,17.83,11.5731620789,60
201,a163f7a7711eeffb4a750ec3,M15,3,21.83,13.9028367996,60
201,a163f7a7711eeffb4a750ec3,M16,3,48.01,31.5890636444,100
201,a163f7a7711eeffb4a750ec3,M17,3,6.07,4.75949144363,14
201,a163f7a7711eeffb4a750ec3,M18,3,8.36,6.38738250732,21
201,a163f7a7711eeffb4a750ec3,M19,3,6.36,5.38075637817,21
201,a163f7a7711eeffb4a750ec3,M20,3,8.64,6.92325210571,20
201,a163f7a7711eeffb4a750ec3,M21,3,5.99,5.10092830658,21
201,a163f7a7711eeffb4a750ec3,M22,3,13.5,11.1143226624,45
201,a163f7a7711eeffb4a750ec3,M23,3,11.51,9.12112140656,45
201,a163f7a7711eeffb4a750ec3,M24,3,13.61,10.8445215225,45
201,a163f7a7711eeffb4a750ec3,M25,3,13.24,10.7665138245,20
201,a163f7a7711eeffb4a750ec3,M26,3,11.83,9.69606494904,20
201,a163f7a7711eeffb4a750ec3,M27,3,14.57,11.7150192261,30
201,a163f7a7711eeffb4a750ec3,M28,3,12.44,10.0398807526,30
201,a163f7a7711eeffb4a750ec3,M29,3,14.17,11.2978897095,30
201,a163f7a7711eeffb4a750ec3,M30,3,8.83,6.84913682938,21
202,f217da90d1070a3bbaec6996,M01,3,8.03,7.87033843994,10
202,f217da90d1070a3bbaec6996,M02,3,10.63,10.733502388,15
202,f217da90d1070a3bbaec6996,M03,3,12.03,11.6359701157,21
202,f217da90d1070a3bbaec6996,M04,3,11.09,11.0415477753,21
202,f217da90d1070a3bbaec6996,M05,3,11.24,11.1788625717,21
202,f217da90d1070a3bbaec6996,M06,3,14.84,14.422990799,21
202,f217da90d1070a3bbaec6996,M07,3,16.78,16.7177009583,30
202,f217da90d1070a3bbaec6996,M08,3,21.09,21.2387886047,30
202,f217da90d1070a3bbaec6996,M09,3,19.8,19.9271259308,30
202,f217da90d1070a3bbaec6996,M10,3,22.62,22.4818725586,30
202,f217da90d1070a3bbaec6996,M11,3,21.78,21.8888950348,30
202,f217da90d1070a3bbaec6996,M12,3,30.72,30.8153572083,45
202,f217da90d1070a3bbaec6996,M13,3,32.12,31.1430912018,60
202,f217da90d1070a3bbaec6996,M14,3,28.82,28.3317298889,60
202,f217da90d1070a3bbaec6996,M15,3,32.04,31.5250167847,60
202,f217da90d1070a3bbaec6996,M16,3,61.1,60.1997871399,100
202,f217da90d1070a3bbaec6996,M17,3,8.25,7.91828680038,14
202,f217da90d1070a3bbaec6996,M18,3,11.54,11.3883771896,21
202,f217da90d1070a3bbaec6996,M19,3,10.59,10.2505054474,21
202,f217da90d1070a3bbaec6996,M20,3,12.69,12.4038763046,20
202,f217da90d1070a3bbaec6996,M21,3,9.82,9.68669700623,21
202,f217da90d1070a3bbaec6996,M22,3,25.22,24.7002239227,45
202,f217da90d1070a3bbaec6996,M23,3,21.73,22.2600803375,45
202,f217da90d1070a3bbaec6996,M24,3,25.6,25.4876613617,45
202,f217da90d1070a3bbaec6996,M25,3,15.37,15.3824748993,20
202,f217da90d1070a3bbaec6996,M26,3,14.14,14.2453918457,20
202,f217da90d1070a3bbaec6996,M27,3,19.14,18.8849372864,30
202,f217da90d1070a3bbaec6996,M28,3,17.29,17.2917442322,30
202,f217da90d1070a3bbaec6996,M29,3,18.94,18.9374923706,30
202,f217da90d1070a3bbaec6996,M30,3,12.07,11.9003629684,21
203,cd59d3604f71cc60f2c12594,M01,1,4.82,4.68959856033,10
203,cd59d3604f71cc60f2c12594,M02,1,6.23,5.73744773865,15
203,cd59d3604f71cc60f2c12594,M03,1,5.39,5.59754657745,21
203,cd59d3604f71cc60f2c12594,M04,1,5.09,5.07096576691,21
203,cd59d3604f71cc60f2c12594,M05,1,4.98,5.0551867485,21
203,cd59d3604f71cc60f2c12594,M06,1,6.87,6.83967924118,21
203,cd59d3604f71cc60f2c12594,M07,1,6.84,6.80450344086,30
203,cd59d3604f71cc60f2c12594,M08,1,8.53,7.8512172699,30
203,cd59d3604f71cc60f2c12594,M09,1,7.33,6.71613693237,30
203,cd59d3604f71cc60f2c12594,M10,1,10.19,8.70547294617,30
203,cd59d3604f71cc60f2c12594,M11,1,9.15,8.02874469757,30
203,cd59d3604f71cc60f2c12594,M12,1,10.07,9.41025829315,45
203,cd59d3604f71cc60f2c12594,M13,1,10.54,9.51422023773,60
203,cd59d3604f71cc60f2c12594,M14,1,7.82,7.79138278961,60
203,cd59d3604f71cc60f2c12594,M15,1,10.4,9.65540313721,60
203,cd59d3604f71cc60f2c12594,M16,1,18.47,14.8440465927,100
203,cd59d3604f71cc60f2c12594,M17,1,3.41,3.83890628815,14
203,cd59d3604f71cc60f2c12594,M18,1,5.51,5.49928808212,21
203,cd59d3604f71cc60f2c12594,M19,1,4.75,4.71378326416,21
203,cd59d3604f71cc60f2c12594,M20,1,6.39,5.31876468658,20
203,cd59d3604f71cc60f2c12594,M21,1,4.88,4.42957115173,21
203,cd59d3604f71cc60f2c12594,M22,1,8.42,7.69779872894,45
203,cd59d3604f71cc60f2c12594,M23,1,6.78,5.80646467209,45
203,cd59d3604f71cc60f2c12594,M24,1,8.35,7.91021680832,45
203,cd59d3604f71cc60f2c12594,M25,1,9.29,8.2703332901,20
203,cd59d3604f71cc60f2c12594,M26,1,7.49,7.2447218895,20
203,cd59d3604f71cc60f2c12594,M27,1,8.9,8.41179561615,30
203,cd59d3604f71cc60f2c12594,M28,1,7.38,6.98516178131,30
203,cd59d3604f71cc60f2c12594,M29,1,8.56,8.3968963623,30
203,cd59d3604f71cc60f2c12594,M30,1,5.39,5.67932701111,21
205,349160f21ef26f3bd10c02df,M01,4,4.74,6.14671802521,10
205,349160f21ef26f3bd10c02df,M02,4,6.42,7.84482717514,15
205,349160f21ef26f3bd10c02df,M03,4,5.35,7.34052467346,21
205,349160f21ef26f3bd10c02df,M04,4,5.11,6.786257267,21
205,349160f21ef26f3bd10c02df,M05,4,4.95,6.67591571808,21
205,349160f21ef26f3bd10c02df,M06,4,6.78,9.71313858032,21
205,349160f21ef26f3bd10c02df,M07,4,6.97,9.93958187103,30
205,349160f21ef26f3bd10c02df,M08,4,9.62,14.1627321243,30
205,349160f21ef26f3bd10c02df,M09,4,8.56,13.0233001709,30
205,349160f21ef26f3bd10c02df,M10,4,11.03,15.5348081589,30
205,349160f21ef26f3bd10c02df,M11,4,10.08,14.4713363647,30
205,349160f21ef26f3bd10c02df,M12,4,12.16,18.3155956268,45
205,349160f21ef26f3bd10c02df,M13,4,11.54,17.7676582336,60
205,349160f21ef26f3bd10c02df,M14,4,9.65,14.3639440536,60
205,349160f21ef26f3bd10c02df,M15,4,11.38,17.6740093231,60
205,349160f21ef26f3bd10c02df,M16,4,24.02,36.7445793152,100
205,349160f21ef26f3bd10c02df,M17,4,3.49,5.44766759872,14
205,349160f21ef26f3bd10c02df,M18,4,5.44,6.87915563583,21
205,349160f21ef26f3bd10c02df,M19,4,4.67,5.47222900391,21
205,349160f21ef26f3bd10c02df,M20,4,5.93,7.58530426025,20
205,349160f21ef26f3bd10c02df,M21,4,4.63,5.07367086411,21
205,349160f21ef26f3bd10c02df,M22,4,8.56,12.5930709839,45
205,349160f21ef26f3bd10c02df,M23,4,7.51,10.299785614,45
205,349160f21ef26f3bd10c02df,M24,4,8.24,12.5802679062,45
205,349160f21ef26f3bd10c02df,M25,4,11.52,11.8190603256,20
205,349160f21ef26f3bd10c02df,M26,4,10.36,10.7649564743,20
205,349160f21ef26f3bd10c02df,M27,4,11.5,12.9496192932,30
205,349160f21ef26f3bd10c02df,M28,4,10.06,11.2159042358,30
205,349160f21ef26f3bd10c02df,M29,4,11.23,12.7170581818,30
205,349160f21ef26f3bd10c02df,M30,4,7.25,7.35285615921,21
208,7e8108e8aa1d6afff73a1bc0,M01,2,8.55,8.6620759964,10
208,7e8108e8aa1d6afff73a1bc0,M02,2,11.25,11.3847494125,15
208,7e8108e8aa1d6afff73a1bc0,M03,2,13.28,12.5325088501,21
208,7e8108e8aa1d6afff73a1bc0,M04,2,12.21,12.0218515396,21
208,7e8108e8aa1d6afff73a1bc0,M05,2,12.42,12.1015119553,21
208,7e8108e8aa1d6afff73a1bc0,M06,2,15.99,15.3915967941,21
208,7e8108e8aa1d6afff73a1bc0,M07,2,18.67,17.9283294678,30
208,7e8108e8aa1d6afff73a1bc0,M08,2,22.86,22.5218048096,30
208,7e8108e8aa1d6afff73a1bc0,M09,2,21.4,21.4222431183,30
208,7e8108e8aa1d6afff73a1bc0,M10,2,24.34,23.8659763336,30
208,7e8108e8aa1d6afff73a1bc0,M11,2,23.35,23.267364502,30
208,7e8108e8aa1d6afff73a1bc0,M12,2,33.7,33.764289856,45
208,7e8108e8aa1d6afff73a1bc0,M13,2,35.29,34.738910675,60
208,7e8108e8aa1d6afff73a1bc0,M14,2,32.2,31.9773139954,60
208,7e8108e8aa1d6afff73a1bc0,M15,2,35.95,35.2178878784,60
208,7e8108e8aa1d6afff73a1bc0,M16,2,64.53,63.7068405151,100
208,7e8108e8aa1d6afff73a1bc0,M17,2,8.85,8.74977302551,14
208,7e8108e8aa1d6afff73a1bc0,M18,2,12.58,12.359629631,21
208,7e8108e8aa1d6afff73a1bc0,M19,2,12.35,11.2477693558,21
208,7e8108e8aa1d6afff73a1bc0,M20,2,13.74,13.2051849365,20
208,7e8108e8aa1d6afff73a1bc0,M21,2,10.87,10.8143291473,21
208,7e8108e8aa1d6afff73a1bc0,M22,2,28.99,26.9801483154,45
208,7e8108e8aa1d6afff73a1bc0,M23,2,25.5,24.3762626648,45
208,7e8108e8aa1d6afff73a1bc0,M24,2,29.43,27.672410965,45
208,7e8108e8aa1d6afff73a1bc0,M25,2,16.1,16.1113414764,20
208,7e8108e8aa1d6afff73a1bc0,M26,2,14.86,14.9293346405,20
208,7e8108e8aa1d6afff73a1bc0,M27,2,20.51,20.0999240875,30
208,7e8108e8aa1d6afff73a1bc0,M28,2,18.75,18.5014877319,30
208,7e8108e8aa1d6afff73a1bc0,M29,2,20.14,20.1429767609,30
208,7e8108e8aa1d6afff73a1bc0,M30,2,13.33,12.6644096375,21
209,ae21572dff8704af71227db3,M01,1,4.61,4.9751329422,10
209,ae21572dff8704af71227db3,M02,1,6.12,6.36240243912,15
209,ae21572dff8704af71227db3,M03,1,5.16,6.10587978363,21
209,ae21572dff8704af71227db3,M04,1,4.97,5.59655380249,21
209,ae21572dff8704af71227db3,M05,1,4.82,5.57502746582,21
209,ae21572dff8704af71227db3,M06,1,6.57,7.97673082352,21
209,ae21572dff8704af71227db3,M07,1,6.58,8.21683883667,30
209,ae21572dff8704af71227db3,M08,1,8.71,10.6233615875,30
209,ae21572dff8704af71227db3,M09,1,7.8,9.30513381958,30
209,ae21572dff8704af71227db3,M10,1,10.15,12.0178575516,30
209,ae21572dff8704af71227db3,M11,1,9.23,10.9002552032,30
209,ae21572dff8704af71227db3,M12,1,10.67,13.8450365067,45
209,ae21572dff8704af71227db3,M13,1,10.54,13.5129032135,60
209,ae21572dff8704af71227db3,M14,1,8.54,11.2290678024,60
209,ae21572dff8704af71227db3,M15,1,10.42,13.2310676575,60
209,ae21572dff8704af71227db3,M16,1,20.19,28.4550933838,100
209,ae21572dff8704af71227db3,M17,1,3.11,4.08511161804,14
209,ae21572dff8704af71227db3,M18,1,5.29,5.94902515411,21
209,ae21572dff8704af71227db3,M19,1,4.6,5.04006385803,21
209,ae21572dff8704af71227db3,M20,1,5.7,6.37785291672,20
209,ae21572dff8704af71227db3,M21,1,4.57,4.74714756012,21
209,ae21572dff8704af71227db3,M22,1,8.47,10.2000980377,45
209,ae21572dff8704af71227db3,M23,1,7.13,8.17711734772,45
209,ae21572dff8704af71227db3,M24,1,7.91,9.98144245148,45
209,ae21572dff8704af71227db3,M25,1,11.76,9.62720108032,20
209,ae21572dff8704af71227db3,M26,1,10.1,8.70217132568,20
209,ae21572dff8704af71227db3,M27,1,11.71,10.512588501,30
209,ae21572dff8704af71227db3,M28,1,9.67,9.00345230103,30
209,ae21572dff8704af71227db3,M29,1,12.36,10.1335411072,30
209,ae21572dff8704af71227db3,M30,1,7.13,6.18229818344,21
210,f64cb299dc715625ad27bbf2,M01,2,8.08,7.81543302536,10
210,f64cb299dc715625ad27bbf2,M02,2,10.81,10.2087469101,15
210,f64cb299dc715625ad27bbf2,M03,2,12.48,10.9749155045,21
210,f64cb299dc715625ad27bbf2,M04,2,11.6,10.4156608582,21
210,f64cb299dc715625ad27bbf2,M05,2,11.79,10.4692325592,21
210,f64cb299dc715625ad27bbf2,M06,2,15.15,13.6757888794,21
210,f64cb299dc715625ad27bbf2,M07,2,17.51,15.4004955292,30
210,f64cb299dc715625ad27bbf2,M08,2,21.76,19.2915649414,30
210,f64cb299dc715625ad27bbf2,M09,2,20.55,18.1046276093,30
210,f64cb299dc715625ad27bbf2,M10,2,23.21,20.5240764618,30
210,f64cb299dc715625ad27bbf2,M11,2,22.53,19.8129959106,30
210,f64cb299dc715625ad27bbf2,M12,2,31.96,28.5065078735,45
210,f64cb299dc715625ad27bbf2,M13,2,33.19,28.8325462341,60
210,f64cb299dc715625ad27bbf2,M14,2,30.16,25.493019104,60
210,f64cb299dc715625ad27bbf2,M15,2,33.71,29.2373828888,60
210,f64cb299dc715625ad27bbf2,M16,2,62.29,58.6028251648,100
210,f64cb299dc715625ad27bbf2,M17,2,8.51,7.5796880722,14
210,f64cb299dc715625ad27bbf2,M18,2,11.99,10.8025760651,21
210,f64cb299dc715625ad27bbf2,M19,2,10.97,9.71637821198,21
210,f64cb299dc715625ad27bbf2,M20,2,13.16,11.7188920975,20
210,f64cb299dc715625ad27bbf2,M21,2,10.59,9.40887928009,21
210,f64cb299dc715625ad27bbf2,M22,2,27.2,21.964756012,45
210,f64cb299dc715625ad27bbf2,M23,2,23.96,19.1739654541,45
210,f64cb299dc715625ad27bbf2,M24,2,27.1,22.5686569214,45
210,f64cb299dc715625ad27bbf2,M25,2,15.51,14.2587146759,20
210,f64cb299dc715625ad27bbf2,M26,2,14.33,12.8563671112,20
210,f64cb299dc715625ad27bbf2,M27,2,19.51,17.1107978821,30
210,f64cb299dc715625ad27bbf2,M28,2,17.79,15.310131073,30
210,f64cb299dc715625ad27bbf2,M29,2,19.51,17.2127761841,30
210,f64cb299dc715625ad27bbf2,M30,2,12.52,10.9225759506,21
211,777595a9cfdca90527f5358e,M01,4,6.91,7.24444293976,10
211,777595a9cfdca90527f5358e,M02,4,9.36,9.91874408722,15
211,777595a9cfdca90527f5358e,M03,4,9.52,10.7612504959,21
211,777595a9cfdca90527f5358e,M04,4,8.63,10.2766218185,21
211,777595a9cfdca90527f5358e,M05,4,8.26,10.2617263794,21
211,777595a9cfdca90527f5358e,M06,4,11.82,13.4710092545,21
211,777595a9cfdca90527f5358e,M07,4,13,15.6579694748,30
211,777595a9cfdca90527f5358e,M08,4,17.42,19.8133335114,30
211,777595a9cfdca90527f5358e,M09,4,16.12,18.6024990082,30
211,777595a9cfdca90527f5358e,M10,4,18.98,21.2954921722,30
211,777595a9cfdca90527f5358e,M11,4,17.54,20.1457099915,30
211,777595a9cfdca90527f5358e,M12,4,24.62,28.9603500366,45
211,777595a9cfdca90527f5358e,M13,4,24.03,29.1386260986,60
211,777595a9cfdca90527f5358e,M14,4,20.69,25.9913692474,60
211,777595a9cfdca90527f5358e,M15,4,24.26,29.3999328613,60
211,777595a9cfdca90527f5358e,M16,4,51.99,59.8883323669,100
211,777595a9cfdca90527f5358e,M17,4,6.98,7.14112138748,14
211,777595a9cfdca90527f5358e,M18,4,9.65,10.6056289673,21
211,777595a9cfdca90527f5358e,M19,4,6.81,9.21491718292,21
211,777595a9cfdca90527f5358e,M20,4,9.78,11.3646602631,20
211,777595a9cfdca90527f5358e,M21,4,7.07,8.88371562958,21
211,777595a9cfdca90527f5358e,M22,4,16.52,21.6126327515,45
211,777595a9cfdca90527f5358e,M23,4,14.06,19.0545635223,45
211,777595a9cfdca90527f5358e,M24,4,16.82,21.8835906982,45
211,777595a9cfdca90527f5358e,M25,4,12.66,14.2280302048,20
211,777595a9cfdca90527f5358e,M26,4,11.36,13.0793523788,20
211,777595a9cfdca90527f5358e,M27,4,13.65,17.3688793182,30
211,777595a9cfdca90527f5358e,M28,4,11.75,15.7024507523,30
211,777595a9cfdca90527f5358e,M29,4,13.89,17.4312400818,30
211,777595a9cfdca90527f5358e,M30,4,8.12,10.875213623,21
212,d69a1a66fdf392a9c7131312,M01,1,8.57,8.37869167328,10
212,d69a1a66fdf392a9c7131312,M02,1,11.27,11.4481115341,15
212,d69a1a66fdf392a9c7131312,M03,1,13.41,12.763001442,21
212,d69a1a66fdf392a9c7131312,M04,1,12.53,12.074716568,21
212,d69a1a66fdf392a9c7131312,M05,1,12.72,12.1898946762,21
212,d69a1a66fdf392a9c7131312,M06,1,16.23,15.5957403183,21
212,d69a1a66fdf392a9c7131312,M07,1,18.94,18.5347175598,30
212,d69a1a66fdf392a9c7131312,M08,1,23.06,22.4706954956,30
212,d69a1a66fdf392a9c7131312,M09,1,21.87,21.1773509979,30
212,d69a1a66fdf392a9c7131312,M10,1,24.48,23.7939510345,30
212,d69a1a66fdf392a9c7131312,M11,1,23.77,23.1377124786,30
212,d69a1a66fdf392a9c7131312,M12,1,34.2,33.8220558167,45
212,d69a1a66fdf392a9c7131312,M13,1,36.18,34.7581710815,60
212,d69a1a66fdf392a9c7131312,M14,1,33.34,31.9100952148,60
212,d69a1a66fdf392a9c7131312,M15,1,36.34,35.2984848022,60
212,d69a1a66fdf392a9c7131312,M16,1,65.49,63.5811576843,100
212,d69a1a66fdf392a9c7131312,M17,1,9.01,8.549077034,14
212,d69a1a66fdf392a9c7131312,M18,1,12.84,12.419298172,21
212,d69a1a66fdf392a9c7131312,M19,1,12.49,11.6649770737,21
212,d69a1a66fdf392a9c7131312,M20,1,14.21,13.6414642334,20
212,d69a1a66fdf392a9c7131312,M21,1,11.48,11.0407876968,21
212,d69a1a66fdf392a9c7131312,M22,1,30.18,27.4254665375,45
212,d69a1a66fdf392a9c7131312,M23,1,26.59,24.4128799438,45
212,d69a1a66fdf392a9c7131312,M24,1,30.73,28.3056755066,45
212,d69a1a66fdf392a9c7131312,M25,1,16.17,16.1738510132,20
212,d69a1a66fdf392a9c7131312,M26,1,14.94,14.8742656708,20
212,d69a1a66fdf392a9c7131312,M27,1,20.79,20.3527832031,30
212,d69a1a66fdf392a9c7131312,M28,1,19.1,18.744644165,30
212,d69a1a66fdf392a9c7131312,M29,1,20.6,20.7536849976,30
212,d69a1a66fdf392a9c7131312,M30,1,13.47,12.9693584442,21
213,a9ddfab67a2904172e0f1116,M01,0,6.66,6.37731170654,10
213,a9ddfab67a2904172e0f1116,M02,0,8.83,8.07754611969,15
213,a9ddfab67a2904172e0f1116,M03,0,8.5,7.83130264282,21
213,a9ddfab67a2904172e0f1116,M04,0,7.69,7.32927513123,21
213,a9ddfab67a2904172e0f1116,M05,0,7.6,7.34580183029,21
213,a9ddfab67a2904172e0f1116,M06,0,10.78,9.9392786026,21
213,a9ddfab67a2904172e0f1116,M07,0,11.41,10.3452129364,30
213,a9ddfab67a2904172e0f1116,M08,0,15.67,14.3727207184,30
213,a9ddfab67a2904172e0f1116,M09,0,14.44,13.2314519882,30
213,a9ddfab67a2904172e0f1116,M10,0,17.3,15.706987381,30
213,a9ddfab67a2904172e0f1116,M11,0,16.33,14.6629667282,30
213,a9ddfab67a2904172e0f1116,M12,0,21.58,18.5099830627,45
213,a9ddfab67a2904172e0f1116,M13,0,20.85,18.4600009918,60
213,a9ddfab67a2904172e0f1116,M14,0,17.33,15.6576795578,60
213,a9ddfab67a2904172e0f1116,M15,0,20.83,18.4752750397,60
213,a9ddfab67a2904172e0f1116,M16,0,47.11,39.9586982727,100
213,a9ddfab67a2904172e0f1116,M17,0,6.11,5.69240570068,14
213,a9ddfab67a2904172e0f1116,M18,0,8.33,7.44042491913,21
213,a9ddfab67a2904172e0f1116,M19,0,5.78,6.40516805649,21
213,a9ddfab67a2904172e0f1116,M20,0,7.93,7.92068386078,20
213,a9ddfab67a2904172e0f1116,M21,0,5.57,6.00932741165,21
213,a9ddfab67a2904172e0f1116,M22,0,12.13,13.4476718903,45
213,a9ddfab67a2904172e0f1116,M23,0,10.45,11.8205566406,45
213,a9ddfab67a2904172e0f1116,M24,0,11.98,13.436914444,45
213,a9ddfab67a2904172e0f1116,M25,0,13.07,11.9798326492,20
213,a9ddfab67a2904172e0f1116,M26,0,11.67,11.0490274429,20
213,a9ddfab67a2904172e0f1116,M27,0,14.29,13.1271448135,30
213,a9ddfab67a2904172e0f1116,M28,0,12.18,11.4985580444,30
213,a9ddfab67a2904172e0f1116,M29,0,16.64,12.8206729889,30
213,a9ddfab67a2904172e0f1116,M30,0,8.52,8.08479976654,21
214,c27fe310a5abf32c690a710e,M01,4,6.75,6.88900470734,10
214,c27fe310a5abf32c690a710e,M02,4,9.41,9.64009284973,15
214,c27fe310a5abf32c690a710e,M03,4,9.67,9.85776042938,21
214,c27fe310a5abf32c690a710e,M04,4,9.06,9.40046310425,21
214,c27fe310a5abf32c690a710e,M05,4,8.8,9.32337188721,21
214,c27fe310a5abf32c690a710e,M06,4,11.53,12.3671684265,21
214,c27fe310a5abf32c690a710e,M07,4,13.28,14.1632051468,30
214,c27fe310a5abf32c690a710e,M08,4,17.66,18.0567779541,30
214,c27fe310a5abf32c690a710e,M09,4,16.76,16.8420314789,30
214,c27fe310a5abf32c690a710e,M10,4,19.23,19.5919151306,30
214,c27fe310a5abf32c690a710e,M11,4,18.33,18.3033161163,30
214,c27fe310a5abf32c690a710e,M12,4,25.13,25.0764274597,45
214,c27fe310a5abf32c690a710e,M13,4,23.48,24.2549858093,60
214,c27fe310a5abf32c690a710e,M14,4,20.35,19.8747501373,60
214,c27fe310a5abf32c690a710e,M15,4,24.93,25.0034999847,60
214,c27fe310a5abf32c690a710e,M16,4,51.18,51.3692474365,100
214,c27fe310a5abf32c690a710e,M17,4,7.02,6.97404813766,14
214,c27fe310a5abf32c690a710e,M18,4,9.71,9.7825345993,21
214,c27fe310a5abf32c690a710e,M19,4,6.6,7.87104034424,21
214,c27fe310a5abf32c690a710e,M20,4,9.57,10.3459653854,20
214,c27fe310a5abf32c690a710e,M21,4,6.86,7.63407564163,21
214,c27fe310a5abf32c690a710e,M22,4,15.66,17.8415737152,45
214,c27fe310a5abf32c690a710e,M23,4,12.8,14.4431343079,45
214,c27fe310a5abf32c690a710e,M24,4,17.69,18.9241294861,45
214,c27fe310a5abf32c690a710e,M25,4,13.32,13.4429359436,20
214,c27fe310a5abf32c690a710e,M26,4,12.12,12.1967153549,20
214,c27fe310a5abf32c690a710e,M27,4,15.03,15.6687316895,30
214,c27fe310a5abf32c690a710e,M28,4,13.23,13.4392585754,30
214,c27fe310a5abf32c690a710e,M29,4,15.57,15.9843816757,30
214,c27fe310a5abf32c690a710e,M30,4,9.16,9.92459774017,21
215,4a4758acbcb6cbd3b156ade0,M01,2,8.84,8.82000923157,10
215,4a4758acbcb6cbd3b156ade0,M02,2,11.51,11.6701784134,15
215,4a4758acbcb6cbd3b156ade0,M03,2,13.75,12.5237617493,21
215,4a4758acbcb6cbd3b156ade0,M04,2,12.73,11.9192171097,21
215,4a4758acbcb6cbd3b156ade0,M05,2,12.96,12.008099556,21
215,4a4758acbcb6cbd3b156ade0,M06,2,16.59,15.3713560104,21
215,4a4758acbcb6cbd3b156ade0,M07,2,19.41,17.7367401123,30
215,4a4758acbcb6cbd3b156ade0,M08,2,23.51,22.2940769196,30
215,4a4758acbcb6cbd3b156ade0,M09,2,22.16,20.8941574097,30
215,4a4758acbcb6cbd3b156ade0,M10,2,24.99,23.6879673004,30
215,4a4758acbcb6cbd3b156ade0,M11,2,24.12,22.8763637543,30
215,4a4758acbcb6cbd3b156ade0,M12,2,34.89,32.8224525452,45
215,4a4758acbcb6cbd3b156ade0,M13,2,36.94,33.6885261536,60
215,4a4758acbcb6cbd3b156ade0,M14,2,33.95,31.341506958,60
215,4a4758acbcb6cbd3b156ade0,M15,2,37.25,34.1889266968,60
215,4a4758acbcb6cbd3b156ade0,M16,2,66.34,62.4662513733,100
215,4a4758acbcb6cbd3b156ade0,M17,2,9.12,8.63191890717,14
215,4a4758acbcb6cbd3b156ade0,M18,2,13.05,12.2160005569,21
215,4a4758acbcb6cbd3b156ade0,M19,2,12.67,11.3374185562,21
215,4a4758acbcb6cbd3b156ade0,M20,2,14.33,13.2960395813,20
215,4a4758acbcb6cbd3b156ade0,M21,2,11.5,10.7755174637,21
215,4a4758acbcb6cbd3b156ade0,M22,2,30.51,26.133600235,45
215,4a4758acbcb6cbd3b156ade0,M23,2,26.92,23.2566719055,45
215,4a4758acbcb6cbd3b156ade0,M24,2,31.14,26.8503761292,45
215,4a4758acbcb6cbd3b156ade0,M25,2,16.47,16.0439243317,20
215,4a4758acbcb6cbd3b156ade0,M26,2,15.18,14.8230953217,20
215,4a4758acbcb6cbd3b156ade0,M27,2,21.21,19.8852558136,30
215,4a4758acbcb6cbd3b156ade0,M28,2,19.46,18.2607135773,30
215,4a4758acbcb6cbd3b156ade0,M29,2,21.07,20.0029315948,30
215,4a4758acbcb6cbd3b156ade0,M30,2,13.8,12.6211547852,21
216,1ccc85fbc14570d427fc4054,M01,1,6.22,5.45879173279,10
216,1ccc85fbc14570d427fc4054,M02,1,8.23,6.79918622971,15
216,1ccc85fbc14570d427fc4054,M03,1,7.55,6.586186409,21
216,1ccc85fbc14570d427fc4054,M04,1,6.97,6.1442284584,21
216,1ccc85fbc14570d427fc4054,M05,1,6.95,6.12270212173,21
216,1ccc85fbc14570d427fc4054,M06,1,9.7,8.62644863129,21
216,1ccc85fbc14570d427fc4054,M07,1,10.03,8.67303657532,30
216,1ccc85fbc14570d427fc4054,M08,1,14.06,11.0272426605,30
216,1ccc85fbc14570d427fc4054,M09,1,13.1,9.78843593597,30
216,1ccc85fbc14570d427fc4054,M10,1,15.71,12.4359502792,30
216,1ccc85fbc14570d427fc4054,M11,1,14.94,11.4334831238,30
216,1ccc85fbc14570d427fc4054,M12,1,19.05,13.2666864395,45
216,1ccc85fbc14570d427fc4054,M13,1,18.27,13.4022483826,60
216,1ccc85fbc14570d427fc4054,M14,1,15.15,11.0158567429,60
216,1ccc85fbc14570d427fc4054,M15,1,17.91,13.2202501297,60
216,1ccc85fbc14570d427fc4054,M16,1,42.44,28.8223972321,100
216,1ccc85fbc14570d427fc4054,M17,1,5.67,4.53180217743,14
216,1ccc85fbc14570d427fc4054,M18,1,7.59,6.49219608307,21
216,1ccc85fbc14570d427fc4054,M19,1,6.06,5.44689416885,21
216,1ccc85fbc14570d427fc4054,M20,1,8.23,6.74064254761,20
216,1ccc85fbc14570d427fc4054,M21,1,5.87,5.13461637497,21
216,1ccc85fbc14570d427fc4054,M22,1,12.8,10.3267641068,45
216,1ccc85fbc14570d427fc4054,M23,1,10.93,8.3259935379,45
216,1ccc85fbc14570d427fc4054,M24,1,12.85,10.3352327347,45
216,1ccc85fbc14570d427fc4054,M25,1,12.36,9.84773540497,20
216,1ccc85fbc14570d427fc4054,M26,1,10.94,8.82035064697,20
216,1ccc85fbc14570d427fc4054,M27,1,12.94,10.8400411606,30
216,1ccc85fbc14570d427fc4054,M28,1,10.97,9.28178596497,30
216,1ccc85fbc14570d427fc4054,M29,1,12.59,10.6432580948,30
216,1ccc85fbc14570d427fc4054,M30,1,7.59,6.62899065018,21
217,f0be075ce70bbd3bac1c7259,M01,2,7.69,8.26982688904,10
217,f0be075ce70bbd3bac1c7259,M02,2,10.28,10.9752235413,15
217,f0be075ce70bbd3bac1c7259,M03,2,11.3,11.9870681763,21
217,f0be075ce70bbd3bac1c7259,M04,2,10.46,11.4615888596,21
217,f0be075ce70bbd3bac1c7259,M05,2,10.57,11.5193843842,21
217,f0be075ce70bbd3bac1c7259,M06,2,13.99,14.8411340714,21
217,f0be075ce70bbd3bac1c7259,M07,2,15.68,17.2744884491,30
217,f0be075ce70bbd3bac1c7259,M08,2,20.04,21.8259754181,30
217,f0be075ce70bbd3bac1c7259,M09,2,18.9,20.7758541107,30
217,f0be075ce70bbd3bac1c7259,M10,2,21.6,23.166431427,30
217,f0be075ce70bbd3bac1c7259,M11,2,20.86,22.5241031647,30
217,f0be075ce70bbd3bac1c7259,M12,2,28.99,32.0004959106,45
217,f0be075ce70bbd3bac1c7259,M13,2,29.83,32.5363998413,60
217,f0be075ce70bbd3bac1c7259,M14,2,26.45,29.8452358246,60
217,f0be075ce70bbd3bac1c7259,M15,2,29.97,33.026348114,60
217,f0be075ce70bbd3bac1c7259,M16,2,58.56,61.1883201599,100
217,f0be075ce70bbd3bac1c7259,M17,2,7.87,8.35521888733,14
217,f0be075ce70bbd3bac1c7259,M18,2,10.96,11.8148441315,21
217,f0be075ce70bbd3bac1c7259,M19,2,9.88,10.7290878296,21
217,f0be075ce70bbd3bac1c7259,M20,2,12.07,12.7156667709,20
217,f0be075ce70bbd3bac1c7259,M21,2,9.28,10.3696718216,21
217,f0be075ce70bbd3bac1c7259,M22,2,23.3,25.281545639,45
217,f0be075ce70bbd3bac1c7259,M23,2,20.02,22.8848838806,45
217,f0be075ce70bbd3bac1c7259,M24,2,23.82,25.9141139984,45
217,f0be075ce70bbd3bac1c7259,M25,2,14.88,15.5285987854,20
217,f0be075ce70bbd3bac1c7259,M26,2,13.62,14.3277273178,20
217,f0be075ce70bbd3bac1c7259,M27,2,18.16,19.3230667114,30
217,f0be075ce70bbd3bac1c7259,M28,2,16.22,17.8046741486,30
217,f0be075ce70bbd3bac1c7259,M29,2,18.02,19.3817405701,30
217,f0be075ce70bbd3bac1c7259,M30,2,11.35,12.0842237473,21
219,0658d6d6c98ecbd57359ccef,M01,0,4.51,4.95447206497,10
219,0658d6d6c98ecbd57359ccef,M02,0,6.01,6.32910966873,15
219,0658d6d6c98ecbd57359ccef,M03,0,5.13,6.29139661789,21
219,0658d6d6c98ecbd57359ccef,M04,0,4.91,5.90067863464,21
219,0658d6d6c98ecbd57359ccef,M05,0,4.75,5.94514846802,21
219,0658d6d6c98ecbd57359ccef,M06,0,6.5,8.42685890198,21
219,0658d6d6c98ecbd57359ccef,M07,0,6.49,8.21433448792,30
219,0658d6d6c98ecbd57359ccef,M08,0,8.33,11.4513149261,30
219,0658d6d6c98ecbd57359ccef,M09,0,7.35,10.316324234,30
219,0658d6d6c98ecbd57359ccef,M10,0,9.82,12.6678943634,30
219,0658d6d6c98ecbd57359ccef,M11,0,8.82,11.8591575623,30
219,0658d6d6c98ecbd57359ccef,M12,0,10.05,14.6627130508,45
219,0658d6d6c98ecbd57359ccef,M13,0,10.04,14.8055553436,60
219,0658d6d6c98ecbd57359ccef,M14,0,8.07,12.0124559402,60
219,0658d6d6c98ecbd57359ccef,M15,0,10.05,14.9699287415,60
219,0658d6d6c98ecbd57359ccef,M16,0,18.55,28.6017684937,100
219,0658d6d6c98ecbd57359ccef,M17,0,2.84,4.13233661652,14
219,0658d6d6c98ecbd57359ccef,M18,0,5.22,6.19863271713,21
219,0658d6d6c98ecbd57359ccef,M19,0,4.62,5.17320299149,21
219,0658d6d6c98ecbd57359ccef,M20,0,5.7,6.85529279709,20
219,0658d6d6c98ecbd57359ccef,M21,0,4.6,5.08444595337,21
219,0658d6d6c98ecbd57359ccef,M22,0,8.26,10.9687871933,45
219,0658d6d6c98ecbd57359ccef,M23,0,7.13,9.01089286804,45
219,0658d6d6c98ecbd57359ccef,M24,0,7.97,11.3352642059,45
219,0658d6d6c98ecbd57359ccef,M25,0,7.28,10.5956268311,20
219,0658d6d6c98ecbd57359ccef,M26,0,5.14,9.51635074615,20
219,0658d6d6c98ecbd57359ccef,M27,0,8,11.5217142105,30
219,0658d6d6c98ecbd57359ccef,M28,0,6.32,9.76071453094,30
219,0658d6d6c98ecbd57359ccef,M29,0,7.65,11.5037479401,30
219,0658d6d6c98ecbd57359ccef,M30,0,4.78,6.66660881042,21
220,d62a7d47244b4b6f5813dc91,M01,0,6.53,5.77052736282,10
220,d62a7d47244b4b6f5813dc91,M02,0,8.9,7.35162210464,15
220,d62a7d47244b4b6f5813dc91,M03,0,8.7,7.17356395721,21
220,d62a7d47244b4b6f5813dc91,M04,0,7.9,6.75375795364,21
220,d62a7d47244b4b6f5813dc91,M05,0,7.47,6.78089809418,21
220,d62a7d47244b4b6f5813dc91,M06,0,10.8,9.45560073853,21
220,d62a7d47244b4b6f5813dc91,M07,0,11.81,9.47018241882,30
220,d62a7d47244b4b6f5813dc91,M08,0,16.19,14.2283058167,30
220,d62a7d47244b4b6f5813dc91,M09,0,14.99,13.2160148621,30
220,d62a7d47244b4b6f5813dc91,M10,0,17.72,15.5459518433,30
220,d62a7d47244b4b6f5813dc91,M11,0,16.26,14.5560770035,30
220,d62a7d47244b4b6f5813dc91,M12,0,22.67,18.2716312408,45
220,d62a7d47244b4b6f5813dc91,M13,0,21.49,18.1000061035,60
220,d62a7d47244b4b6f5813dc91,M14,0,18.32,15.2208604813,60
220,d62a7d47244b4b6f5813dc91,M15,0,21.77,18.0967636108,60
220,d62a7d47244b4b6f5813dc91,M16,0,48.78,39.7188949585,100
220,d62a7d47244b4b6f5813dc91,M17,0,6.64,5.08020305634,14
220,d62a7d47244b4b6f5813dc91,M18,0,9.14,7.01304101944,21
220,d62a7d47244b4b6f5813dc91,M19,0,6.3,5.87714910507,21
220,d62a7d47244b4b6f5813dc91,M20,0,9.47,7.72028636932,20
220,d62a7d47244b4b6f5813dc91,M21,0,6.77,5.53483629227,21
220,d62a7d47244b4b6f5813dc91,M22,0,15.65,12.9880867004,45
220,d62a7d47244b4b6f5813dc91,M23,0,13.35,11.1731481552,45
220,d62a7d47244b4b6f5813dc91,M24,0,15.92,13.1926431656,45
220,d62a7d47244b4b6f5813dc91,M25,0,11.99,11.4047555923,20
220,d62a7d47244b4b6f5813dc91,M26,0,10.73,10.2275180817,20
220,d62a7d47244b4b6f5813dc91,M27,0,12.49,12.9201860428,30
220,d62a7d47244b4b6f5813dc91,M28,0,10.69,11.0608377457,30
220,d62a7d47244b4b6f5813dc91,M29,0,12.63,12.7034311295,30
220,d62a7d47244b4b6f5813dc91,M30,0,7.33,7.40068674088,21
221,b2055287b28edac3e1fa6789,M01,1,8.23,8.72375869751,10
221,b2055287b28edac3e1fa6789,M02,1,12.58,11.6549415588,15
221,b2055287b28edac3e1fa6789,M03,1,15.18,13.1417474747,21
221,b2055287b28edac3e1fa6789,M04,1,14.13,12.5205698013,21
221,b2055287b28edac3e1fa6789,M05,1,14.43,12.6641273499,21
221,b2055287b28edac3e1fa6789,M06,1,18.39,16.2262268066,21
221,b2055287b28edac3e1fa6789,M07,1,21.58,18.9890003204,30
221,b2055287b28edac3e1fa6789,M08,1,25.52,23.3592758179,30
221,b2055287b28edac3e1fa6789,M09,1,24.08,22.1546058655,30
221,b2055287b28edac3e1fa6789,M10,1,27.07,24.6203842163,30
221,b2055287b28edac3e1fa6789,M11,1,26.18,24.1797542572,30
221,b2055287b28edac3e1fa6789,M12,1,38.21,35.5519180298,45
221,b2055287b28edac3e1fa6789,M13,1,41.21,36.9049377441,60
221,b2055287b28edac3e1fa6789,M14,1,38.54,34.194568634,60
221,b2055287b28edac3e1fa6789,M15,1,41.18,37.1491966248,60
221,b2055287b28edac3e1fa6789,M16,1,70.9,68.3952407837,100
221,b2055287b28edac3e1fa6789,M17,1,9.95,8.94871044159,14
221,b2055287b28edac3e1fa6789,M18,1,14.33,12.9050760269,21
221,b2055287b28edac3e1fa6789,M19,1,15.5,12.1398410797,21
221,b2055287b28edac3e1fa6789,M20,1,16.69,14.1576938629,20
221,b2055287b28edac3e1fa6789,M21,1,14.11,11.6756105423,21
221,b2055287b28edac3e1fa6789,M22,1,37.84,29.5294017792,45
221,b2055287b28edac3e1fa6789,M23,1,34.66,26.7120704651,45
221,b2055287b28edac3e1fa6789,M24,1,37.86,29.7269802094,45
221,b2055287b28edac3e1fa6789,M25,1,18.11,16.7091960907,20
221,b2055287b28edac3e1fa6789,M26,1,16.42,15.4170360565,20
221,b2055287b28edac3e1fa6789,M27,1,23.28,21.2753486633,30
221,b2055287b28edac3e1fa6789,M28,1,21.47,19.6255340576,30
221,b2055287b28edac3e1fa6789,M29,1,22.92,21.3518810272,30
221,b2055287b28edac3e1fa6789,M30,1,15.26,13.3142614365,21
222,6031d890eca7dc3190572968,M01,2,7.96,7.18779754639,10
222,6031d890eca7dc3190572968,M02,2,10.59,9.6672000885,15
222,6031d890eca7dc3190572968,M03,2,11.86,9.94919872284,21
222,6031d890eca7dc3190572968,M04,2,10.75,9.44546890259,21
222,6031d890eca7dc3190572968,M05,2,10.87,9.47518825531,21
222,6031d890eca7dc3190572968,M06,2,14.61,12.8294734955,21
222,6031d890eca7dc3190572968,M07,2,16.49,14.2083950043,30
222,6031d890eca7dc3190572968,M08,2,20.82,18.1981754303,30
222,6031d890eca7dc3190572968,M09,2,19.27,17.124540329,30
222,6031d890eca7dc3190572968,M10,2,22.41,19.7278766632,30
222,6031d890eca7dc3190572968,M11,2,21.32,18.6469593048,30
222,6031d890eca7dc3190572968,M12,2,30.21,26.2867279053,45
222,6031d890eca7dc3190572968,M13,2,31.29,26.4201927185,60
222,6031d890eca7dc3190572968,M14,2,27.83,23.2088432312,60
222,6031d890eca7dc3190572968,M15,2,31.47,26.5483207703,60
222,6031d890eca7dc3190572968,M16,2,60.2,54.8756752014,100
222,6031d890eca7dc3190572968,M17,2,8.04,7.00923871994,14
222,6031d890eca7dc3190572968,M18,2,11.22,9.69408226013,21
222,6031d890eca7dc3190572968,M19,2,10.09,8.44047451019,21
222,6031d890eca7dc3190572968,M20,2,12.22,10.4109649658,20
222,6031d890eca7dc3190572968,M21,2,9.31,8.08574390411,21
222,6031d890eca7dc3190572968,M22,2,23.81,18.5792369843,45
222,6031d890eca7dc3190572968,M23,2,20.46,16.4092254639,45
222,6031d890eca7dc3190572968,M24,2,24.33,18.6364994049,45
222,6031d890eca7dc3190572968,M25,2,15.24,14.2349233627,20
222,6031d890eca7dc3190572968,M26,2,14.01,12.907544136,20
222,6031d890eca7dc3190572968,M27,2,18.85,16.4388275146,30
222,6031d890eca7dc3190572968,M28,2,16.89,14.6154251099,30
222,6031d890eca7dc3190572968,M29,2,18.77,16.2477378845,30
222,6031d890eca7dc3190572968,M30,2,11.9,10.2068252563,21
223,a0b2ab35e6b6a3ad3cb8099a,M01,2,9.36,9.49986553192,10
223,a0b2ab35e6b6a3ad3cb8099a,M02,2,11.93,12.537276268,15
223,a0b2ab35e6b6a3ad3cb8099a,M03,2,14.39,14.1783428192,21
223,a0b2ab35e6b6a3ad3cb8099a,M04,2,13.22,13.5368766785,21
223,a0b2ab35e6b6a3ad3cb8099a,M05,2,13.55,13.637254715,21
223,a0b2ab35e6b6a3ad3cb8099a,M06,2,17.28,17.0386943817,21
223,a0b2ab35e6b6a3ad3cb8099a,M07,2,20.4,19.9495677948,30
223,a0b2ab35e6b6a3ad3cb8099a,M08,2,24.41,24.6142959595,30
223,a0b2ab35e6b6a3ad3cb8099a,M09,2,22.82,23.5390701294,30
223,a0b2ab35e6b6a3ad3cb8099a,M10,2,25.94,26.0356140137,30
223,a0b2ab35e6b6a3ad3cb8099a,M11,2,24.95,25.4620552063,30
223,a0b2ab35e6b6a3ad3cb8099a,M12,2,36.41,37.4419288635,45
223,a0b2ab35e6b6a3ad3cb8099a,M13,2,38.74,39.2957000732,60
223,a0b2ab35e6b6a3ad3cb8099a,M14,2,35.97,36.5698699951,60
223,a0b2ab35e6b6a3ad3cb8099a,M15,2,39.2,39.6046791077,60
223,a0b2ab35e6b6a3ad3cb8099a,M16,2,68.24,67.180519104,100
223,a0b2ab35e6b6a3ad3cb8099a,M17,2,9.39,9.64076328278,14
223,a0b2ab35e6b6a3ad3cb8099a,M18,2,13.48,13.7282533646,21
223,a0b2ab35e6b6a3ad3cb8099a,M19,2,13.48,12.8756504059,21
223,a0b2ab35e6b6a3ad3cb8099a,M20,2,15.05,14.3123760223,20
223,a0b2ab35e6b6a3ad3cb8099a,M21,2,12.32,12.0771780014,21
223,a0b2ab35e6b6a3ad3cb8099a,M22,2,32.82,29.4151210785,45
223,a0b2ab35e6b6a3ad3cb8099a,M23,2,29.64,26.4500350952,45
223,a0b2ab35e6b6a3ad3cb8099a,M24,2,33.25,29.7670898438,45
223,a0b2ab35e6b6a3ad3cb8099a,M25,2,17.01,17.2264537811,20
223,a0b2ab35e6b6a3ad3cb8099a,M26,2,15.63,15.9519739151,20
223,a0b2ab35e6b6a3ad3cb8099a,M27,2,21.98,21.8417949677,30
223,a0b2ab35e6b6a3ad3cb8099a,M28,2,20.28,20.2663497925,30
223,a0b2ab35e6b6a3ad3cb8099a,M29,2,21.86,21.9523658752,30
223,a0b2ab35e6b6a3ad3cb8099a,M30,2,14.45,14.2611522675,21
225,493b94c3c8c4c9bf713f2445,M01,3,4.88,6.97352075577,10
225,493b94c3c8c4c9bf713f2445,M02,3,6.39,8.41868305206,15
225,493b94c3c8c4c9bf713f2445,M03,3,5.45,8.07487773895,21
225,493b94c3c8c4c9bf713f2445,M04,3,5.2,7.71902608871,21
225,493b94c3c8c4c9bf713f2445,M05,3,5.13,7.60572862625,21
225,493b94c3c8c4c9bf713f2445,M06,3,6.95,10.2658910751,21
225,493b94c3c8c4c9bf713f2445,M07,3,6.98,10.4572019577,30
225,493b94c3c8c4c9bf713f2445,M08,3,9.12,12.8946943283,30
225,493b94c3c8c4c9bf713f2445,M09,3,8.25,11.9203300476,30
225,493b94c3c8c4c9bf713f2445,M10,3,10.7,14.4930171967,30
225,493b94c3c8c4c9bf713f2445,M11,3,9.9,13.3665933609,30
225,493b94c3c8c4c9bf713f2445,M12,3,11.12,17.5750274658,45
225,493b94c3c8c4c9bf713f2445,M13,3,11.22,17.6846504211,60
225,493b94c3c8c4c9bf713f2445,M14,3,8.79,14.5739574432,60
225,493b94c3c8c4c9bf713f2445,M15,3,10.95,17.471906662,60
225,493b94c3c8c4c9bf713f2445,M16,3,21.44,35.8627510071,100
225,493b94c3c8c4c9bf713f2445,M17,3,3.72,6.20923471451,14
225,493b94c3c8c4c9bf713f2445,M18,3,5.61,7.98867273331,21
225,493b94c3c8c4c9bf713f2445,M19,3,4.87,7.00937461853,21
225,493b94c3c8c4c9bf713f2445,M20,3,6.12,8.4859828949,20
225,493b94c3c8c4c9bf713f2445,M21,3,4.86,6.7311167717,21
225,493b94c3c8c4c9bf713f2445,M22,3,9,12.2226343155,45
225,493b94c3c8c4c9bf713f2445,M23,3,7.42,10.2405996323,45
225,493b94c3c8c4c9bf713f2445,M24,3,8.92,12.046579361,45
225,493b94c3c8c4c9bf713f2445,M25,3,9.59,11.9379091263,20
225,493b94c3c8c4c9bf713f2445,M26,3,7.89,10.7360630035,20
225,493b94c3c8c4c9bf713f2445,M27,3,9.08,12.8903884888,30
225,493b94c3c8c4c9bf713f2445,M28,3,7.64,11.1645956039,30
225,493b94c3c8c4c9bf713f2445,M29,3,8.71,12.4965963364,30
225,493b94c3c8c4c9bf713f2445,M30,3,5.45,8.30414199829,21
226,ae5a55d12ebca06a5f8ce50c,M01,0,8.24,8.32100296021,10
226,ae5a55d12ebca06a5f8ce50c,M02,0,10.87,11.2985935211,15
226,ae5a55d12ebca06a5f8ce50c,M03,0,12.59,12.2727375031,21
226,ae5a55d12ebca06a5f8ce50c,M04,0,11.57,11.6170215607,21
226,ae5a55d12ebca06a5f8ce50c,M05,0,11.76,11.8318824768,21
226,ae5a55d12ebca06a5f8ce50c,M06,0,15.34,15.1106977463,21
226,ae5a55d12ebca06a5f8ce50c,M07,0,17.66,17.3797283173,30
226,ae5a55d12ebca06a5f8ce50c,M08,0,21.85,21.221282959,30
226,ae5a55d12ebca06a5f8ce50c,M09,0,20.55,20.0167064667,30
226,ae5a55d12ebca06a5f8ce50c,M10,0,23.32,22.6161174774,30
226,ae5a55d12ebca06a5f8ce50c,M11,0,22.49,21.8586063385,30
226,ae5a55d12ebca06a5f8ce50c,M12,0,32.13,32.5919532776,45
226,ae5a55d12ebca06a5f8ce50c,M13,0,33.64,33.1653251648,60
226,ae5a55d12ebca06a5f8ce50c,M14,0,30.45,30.1259212494,60
226,ae5a55d12ebca06a5f8ce50c,M15,0,33.56,33.459980011,60
226,ae5a55d12ebca06a5f8ce50c,M16,0,62.71,63.070400238,100
226,ae5a55d12ebca06a5f8ce50c,M17,0,8.55,8.26698303223,14
226,ae5a55d12ebca06a5f8ce50c,M18,0,12.07,11.908987999,21
226,ae5a55d12ebca06a5f8ce50c,M19,0,11.45,10.8785982132,21
226,ae5a55d12ebca06a5f8ce50c,M20,0,13.26,12.7500076294,20
226,ae5a55d12ebca06a5f8ce50c,M21,0,10.42,10.1872501373,21
226,ae5a55d12ebca06a5f8ce50c,M22,0,27.12,25.1175403595,45
226,ae5a55d12ebca06a5f8ce50c,M23,0,23.56,22.2486572266,45
226,ae5a55d12ebca06a5f8ce50c,M24,0,27.52,25.6508026123,45
226,ae5a55d12ebca06a5f8ce50c,M25,0,15.69,15.8559217453,20
226,ae5a55d12ebca06a5f8ce50c,M26,0,14.43,14.5932731628,20
226,ae5a55d12ebca06a5f8ce50c,M27,0,19.76,19.2662353516,30
226,ae5a55d12ebca06a5f8ce50c,M28,0,17.94,17.6375713348,30
226,ae5a55d12ebca06a5f8ce50c,M29,0,19.56,19.3633975983,30
226,ae5a55d12ebca06a5f8ce50c,M30,0,12.63,12.6290197372,21
227,d13130a6033e47d102f8fa76,M01,3,4.78,6.88224411011,10
227,d13130a6033e47d102f8fa76,M02,3,6.68,8.70029354095,15
227,d13130a6033e47d102f8fa76,M03,3,5.59,8.95382404327,21
227,d13130a6033e47d102f8fa76,M04,3,5.37,8.45329093933,21
227,d13130a6033e47d102f8fa76,M05,3,5.2,8.39950466156,21
227,d13130a6033e47d102f8fa76,M06,3,7.17,11.5202512741,21
227,d13130a6033e47d102f8fa76,M07,3,7.28,12.8076486588,30
227,d13130a6033e47d102f8fa76,M08,3,10.17,17.5181674957,30
227,d13130a6033e47d102f8fa76,M09,3,9.31,16.2379188538,30
227,d13130a6033e47d102f8fa76,M10,3,11.66,18.8545265198,30
227,d13130a6033e47d102f8fa76,M11,3,10.84,17.8036308289,30
227,d13130a6033e47d102f8fa76,M12,3,12.98,24.3697471619,45
227,d13130a6033e47d102f8fa76,M13,3,10.54,24.5508136749,60
227,d13130a6033e47d102f8fa76,M14,3,7.82,21.5353565216,60
227,d13130a6033e47d102f8fa76,M15,3,10.41,24.29728508,60
227,d13130a6033e47d102f8fa76,M16,3,18.47,49.6511688232,100
227,d13130a6033e47d102f8fa76,M17,3,3.88,6.23966217041,14
227,d13130a6033e47d102f8fa76,M18,3,5.77,8.62565231323,21
227,d13130a6033e47d102f8fa76,M19,3,4.88,7.54205513,21
227,d13130a6033e47d102f8fa76,M20,3,6.37,9.51230049133,20
227,d13130a6033e47d102f8fa76,M21,3,4.85,7.12088823318,21
227,d13130a6033e47d102f8fa76,M22,3,8.42,16.9382667542,45
227,d13130a6033e47d102f8fa76,M23,3,6.78,14.7712440491,45
227,d13130a6033e47d102f8fa76,M24,3,8.35,16.6745624542,45
227,d13130a6033e47d102f8fa76,M25,3,9.69,12.9747505188,20
227,d13130a6033e47d102f8fa76,M26,3,8.38,11.9608898163,20
227,d13130a6033e47d102f8fa76,M27,3,9.2,15.5886211395,30
227,d13130a6033e47d102f8fa76,M28,3,7.38,13.833738327,30
227,d13130a6033e47d102f8fa76,M29,3,7.54,15.2833395004,30
227,d13130a6033e47d102f8fa76,M30,3,5.8,9.21936893463,21
228,526db5d548e812e0af002e85,M01,3,7.1,6.54901742935,10
228,526db5d548e812e0af002e85,M02,3,9.32,8.13381958008,15
228,526db5d548e812e0af002e85,M03,3,9.31,8.30991458893,21
228,526db5d548e812e0af002e85,M04,3,8.59,7.87348413467,21
228,526db5d548e812e0af002e85,M05,3,8.98,7.88877344131,21
228,526db5d548e812e0af002e85,M06,3,11.87,10.7559804916,21
228,526db5d548e812e0af002e85,M07,3,12.53,11.5675153732,30
228,526db5d548e812e0af002e85,M08,3,16.79,15.5897064209,30
228,526db5d548e812e0af002e85,M09,3,15.84,14.3829536438,30
228,526db5d548e812e0af002e85,M10,3,18.56,17.0043811798,30
228,526db5d548e812e0af002e85,M11,3,18.47,15.9964342117,30
228,526db5d548e812e0af002e85,M12,3,23.29,21.6771240234,45
228,526db5d548e812e0af002e85,M13,3,23.34,21.7883358002,60
228,526db5d548e812e0af002e85,M14,3,19.7,18.7299499512,60
228,526db5d548e812e0af002e85,M15,3,23.65,21.4160041809,60
228,526db5d548e812e0af002e85,M16,3,50.53,43.412902832,100
228,526db5d548e812e0af002e85,M17,3,6.43,6.06461715698,14
228,526db5d548e812e0af002e85,M18,3,8.79,8.16287231445,21
228,526db5d548e812e0af002e85,M19,3,6.37,6.82838869095,21
228,526db5d548e812e0af002e85,M20,3,8.06,8.69089794159,20
228,526db5d548e812e0af002e85,M21,3,5.71,6.48181915283,21
228,526db5d548e812e0af002e85,M22,3,12.32,15.5785932541,45
228,526db5d548e812e0af002e85,M23,3,11.2,13.189666748,45
228,526db5d548e812e0af002e85,M24,3,11.91,15.2424917221,45
228,526db5d548e812e0af002e85,M25,3,14.29,12.6857891083,20
228,526db5d548e812e0af002e85,M26,3,12.99,11.5569734573,20
228,526db5d548e812e0af002e85,M27,3,16.84,14.5153264999,30
228,526db5d548e812e0af002e85,M28,3,14.77,12.5231399536,30
228,526db5d548e812e0af002e85,M29,3,16.77,13.8792495728,30
228,526db5d548e812e0af002e85,M30,3,10.35,8.67071914673,21
229,3b65ef9d92c67daf73ca37e7,M01,4,9.03,9.24832630157,10
229,3b65ef9d92c67daf73ca37e7,M02,4,11.64,12.42208004,15
229,3b65ef9d92c67daf73ca37e7,M03,4,14.06,13.9055957794,21
229,3b65ef9d92c67daf73ca37e7,M04,4,13.19,13.3317346573,21
229,3b65ef9d92c67daf73ca37e7,M05,4,13.41,13.4829053879,21
229,3b65ef9d92c67daf73ca37e7,M06,4,16.94,16.8229885101,21
229,3b65ef9d92c67daf73ca37e7,M07,4,19.97,19.8708000183,30
229,3b65ef9d92c67daf73ca37e7,M08,4,23.96,24.7777118683,30
229,3b65ef9d92c67daf73ca37e7,M09,4,22.78,23.537279129,30
229,3b65ef9d92c67daf73ca37e7,M10,4,25.41,26.0670852661,30
229,3b65ef9d92c67daf73ca37e7,M11,4,24.67,25.5763721466,30
229,3b65ef9d92c67daf73ca37e7,M12,4,35.78,37.3554344177,45
229,3b65ef9d92c67daf73ca37e7,M13,4,38.13,38.6368255615,60
229,3b65ef9d92c67daf73ca37e7,M14,4,35.4,36.4011764526,60
229,3b65ef9d92c67daf73ca37e7,M15,4,38.27,38.9580574036,60
229,3b65ef9d92c67daf73ca37e7,M16,4,67.58,67.0277633667,100
229,3b65ef9d92c67daf73ca37e7,M17,4,9.34,9.37725353241,14
229,3b65ef9d92c67daf73ca37e7,M18,4,13.43,13.6141204834,21
229,3b65ef9d92c67daf73ca37e7,M19,4,13.56,12.9911060333,21
229,3b65ef9d92c67daf73ca37e7,M20,4,15.03,14.8066320419,20
229,3b65ef9d92c67daf73ca37e7,M21,4,12.44,12.3173894882,21
229,3b65ef9d92c67daf73ca37e7,M22,4,32.88,32.4498901367,45
229,3b65ef9d92c67daf73ca37e7,M23,4,29.4,30.7969970703,45
229,3b65ef9d92c67daf73ca37e7,M24,4,33.41,33.0536422729,45
229,3b65ef9d92c67daf73ca37e7,M25,4,16.69,17.2656059265,20
229,3b65ef9d92c67daf73ca37e7,M26,4,15.39,16.0859394073,20
229,3b65ef9d92c67daf73ca37e7,M27,4,21.61,22.0465087891,30
229,3b65ef9d92c67daf73ca37e7,M28,4,19.95,20.6823291779,30
229,3b65ef9d92c67daf73ca37e7,M29,4,21.35,22.1688327789,30
229,3b65ef9d92c67daf73ca37e7,M30,4,14.14,13.9864730835,21
230,3d7bd96ca15710fb424119d8,M01,2,8.61,9.47029018402,10
230,3d7bd96ca15710fb424119d8,M02,2,12.52,12.8102483749,15
230,3d7bd96ca15710fb424119d8,M03,2,15.13,14.6924982071,21
230,3d7bd96ca15710fb424119d8,M04,2,14.3,14.078783989,21
230,3d7bd96ca15710fb424119d8,M05,2,14.62,14.1776685715,21
230,3d7bd96ca15710fb424119d8,M06,2,18.29,17.5935630798,21
230,3d7bd96ca15710fb424119d8,M07,2,21.5,20.2762393951,30
230,3d7bd96ca15710fb424119d8,M08,2,25.44,24.9021759033,30
230,3d7bd96ca15710fb424119d8,M09,2,24.31,23.8232383728,30
230,3d7bd96ca15710fb424119d8,M10,2,26.98,26.3179111481,30
230,3d7bd96ca15710fb424119d8,M11,2,26.47,25.7140331268,30
230,3d7bd96ca15710fb424119d8,M12,2,38.1,38.9568405151,45
230,3d7bd96ca15710fb424119d8,M13,2,41.59,40.2615623474,60
230,3d7bd96ca15710fb424119d8,M14,2,39,38.1715240479,60
230,3d7bd96ca15710fb424119d8,M15,2,41.74,40.6999664307,60
230,3d7bd96ca15710fb424119d8,M16,2,71.33,68.827331543,100
230,3d7bd96ca15710fb424119d8,M17,2,10.04,9.67817115784,14
230,3d7bd96ca15710fb424119d8,M18,2,14.5,14.3091545105,21
230,3d7bd96ca15710fb424119d8,M19,2,15.77,13.7069673538,21
230,3d7bd96ca15710fb424119d8,M20,2,16.63,15.1413240433,20
230,3d7bd96ca15710fb424119d8,M21,2,14.34,13.045466423,21
230,3d7bd96ca15710fb424119d8,M22,2,38.25,32.2489318848,45
230,3d7bd96ca15710fb424119d8,M23,2,35.15,30.0856761932,45
230,3d7bd96ca15710fb424119d8,M24,2,38.45,32.8105354309,45
230,3d7bd96ca15710fb424119d8,M25,2,18.32,17.5421581268,20
230,3d7bd96ca15710fb424119d8,M26,2,16.58,16.3602542877,20
230,3d7bd96ca15710fb424119d8,M27,2,23.53,22.2489089966,30
230,3d7bd96ca15710fb424119d8,M28,2,21.68,20.840467453,30
230,3d7bd96ca15710fb424119d8,M29,2,23.32,22.266242981,30
230,3d7bd96ca15710fb424119d8,M30,2,15.49,14.7612819672,21
231,dee02d0f4ba2425984cce9ae,M01,4,9.14,8.86787796021,10
231,dee02d0f4ba2425984cce9ae,M02,4,11.79,11.8783988953,15
231,dee02d0f4ba2425984cce9ae,M03,4,14.23,13.0086717606,21
231,dee02d0f4ba2425984cce9ae,M04,4,13.19,12.4150218964,21
231,dee02d0f4ba2425984cce9ae,M05,4,13.49,12.547791481,21
231,dee02d0f4ba2425984cce9ae,M06,4,17.07,15.8647918701,21
231,dee02d0f4ba2425984cce9ae,M07,4,20.18,18.622467041,30
231,dee02d0f4ba2425984cce9ae,M08,4,24.19,23.168264389,30
231,dee02d0f4ba2425984cce9ae,M09,4,22.8,21.8179187775,30
231,dee02d0f4ba2425984cce9ae,M10,4,25.68,24.4283485413,30
231,dee02d0f4ba2425984cce9ae,M11,4,24.94,23.8105430603,30
231,dee02d0f4ba2425984cce9ae,M12,4,36.1,34.374168396,45
231,dee02d0f4ba2425984cce9ae,M13,4,38.31,35.0966377258,60
231,dee02d0f4ba2425984cce9ae,M14,4,35.62,32.3000602722,60
231,dee02d0f4ba2425984cce9ae,M15,4,38.81,35.3845481873,60
231,dee02d0f4ba2425984cce9ae,M16,4,67.79,63.5740013123,100
231,dee02d0f4ba2425984cce9ae,M17,4,9.36,8.86912631989,14
231,dee02d0f4ba2425984cce9ae,M18,4,13.46,12.662648201,21
231,dee02d0f4ba2425984cce9ae,M19,4,13.35,11.825630188,21
231,dee02d0f4ba2425984cce9ae,M25,4,16.8,16.4207725525,20
231,dee02d0f4ba2425984cce9ae,M26,4,15.5,15.2179088593,20
231,dee02d0f4ba2425984cce9ae,M27,4,21.43,20.3824634552,30
231,dee02d0f4ba2425984cce9ae,M28,4,20.07,18.9966831207,30
231,dee02d0f4ba2425984cce9ae,M29,4,21.62,20.4302482605,30
231,dee02d0f4ba2425984cce9ae,M30,4,14.28,13.072845459,21
232,144e67efd6d586547a1449e2,M01,2,5.21,5.01765394211,10
232,144e67efd6d586547a1449e2,M02,2,7.03,6.43780374527,15
232,144e67efd6d586547a1449e2,M03,2,5.93,5.99953460693,21
232,144e67efd6d586547a1449e2,M04,2,5.58,5.54296827316,21
232,144e67efd6d586547a1449e2,M05,2,5.43,5.53700208664,21
232,144e67efd6d586547a1449e2,M06,2,7.6,8.5131893158,21
232,144e67efd6d586547a1449e2,M07,2,7.78,8.61704540253,30
232,144e67efd6d586547a1449e2,M08,2,11.23,11.8906106949,30
232,144e67efd6d586547a1449e2,M09,2,10.26,10.5970716476,30
232,144e67efd6d586547a1449e2,M10,2,12.69,13.1298599243,30
232,144e67efd6d586547a1449e2,M11,2,11.83,11.9783983231,30
232,144e67efd6d586547a1449e2,M12,2,14.68,14.6226043701,45
232,144e67efd6d586547a1449e2,M13,2,13.85,14.445930481,60
232,144e67efd6d586547a1449e2,M14,2,11.79,11.4859209061,60
232,144e67efd6d586547a1449e2,M15,2,13.47,14.571105957,60
232,144e67efd6d586547a1449e2,M16,2,31.18,38.6690444946,100
232,144e67efd6d586547a1449e2,M17,2,4.25,4.16982412338,14
232,144e67efd6d586547a1449e2,M18,2,6.03,5.83024835587,21
232,144e67efd6d586547a1449e2,M19,2,4.89,4.7459192276,21
232,144e67efd6d586547a1449e2,M20,2,6.42,6.96892118454,20
232,144e67efd6d586547a1449e2,M21,2,4.85,4.45522117615,21
232,144e67efd6d586547a1449e2,M22,2,9.44,10.2459363937,45
232,144e67efd6d586547a1449e2,M23,2,8.38,8.09546470642,45
232,144e67efd6d586547a1449e2,M24,2,9.1,10.4084386826,45
232,144e67efd6d586547a1449e2,M25,2,11.22,10.6749391556,20
232,144e67efd6d586547a1449e2,M26,2,9.89,9.69208717346,20
232,144e67efd6d586547a1449e2,M27,2,11.05,11.71900177,30
232,144e67efd6d586547a1449e2,M28,2,9.37,9.83340740204,30
232,144e67efd6d586547a1449e2,M29,2,11.41,11.5859794617,30
232,144e67efd6d586547a1449e2,M30,2,6.64,6.44901132584,21
233,a047c7c3e85649e0405c3ba7,M01,1,6.88,7.04983568192,10
233,a047c7c3e85649e0405c3ba7,M02,1,9.18,8.84797763824,15
233,a047c7c3e85649e0405c3ba7,M03,1,9.17,8.74467945099,21
233,a047c7c3e85649e0405c3ba7,M04,1,8.34,8.15896606445,21
233,a047c7c3e85649e0405c3ba7,M05,1,8.26,8.13743686676,21
233,a047c7c3e85649e0405c3ba7,M06,1,11.58,10.6784944534,21
233,a047c7c3e85649e0405c3ba7,M07,1,12.45,11.1995134354,30
233,a047c7c3e85649e0405c3ba7,M08,1,16.82,14.9625377655,30
233,a047c7c3e85649e0405c3ba7,M09,1,15.64,13.8225488663,30
233,a047c7c3e85649e0405c3ba7,M10,1,18.4,16.2927417755,30
233,a047c7c3e85649e0405c3ba7,M11,1,17.52,15.328037262,30
233,a047c7c3e85649e0405c3ba7,M12,1,23.6,20.2054595947,45
233,a047c7c3e85649e0405c3ba7,M13,1,23.17,20.3509082794,60
233,a047c7c3e85649e0405c3ba7,M14,1,19.68,16.8647594452,60
233,a047c7c3e85649e0405c3ba7,M15,1,23.14,20.2716808319,60
233,a047c7c3e85649e0405c3ba7,M16,1,50.75,46.0992507935,100
233,a047c7c3e85649e0405c3ba7,M17,1,6.54,6.60316610336,14
233,a047c7c3e85649e0405c3ba7,M18,1,8.98,8.4545841217,21
233,a047c7c3e85649e0405c3ba7,M19,1,6.29,7.32132148743,21
233,a047c7c3e85649e0405c3ba7,M20,1,8.61,8.72315406799,20
233,a047c7c3e85649e0405c3ba7,M21,1,6.02,6.94533395767,21
233,a047c7c3e85649e0405c3ba7,M22,1,13.48,14.2681388855,45
233,a047c7c3e85649e0405c3ba7,M23,1,11.63,12.0148324966,45
233,a047c7c3e85649e0405c3ba7,M24,1,13.44,14.3367900848,45
233,a047c7c3e85649e0405c3ba7,M25,1,13.5,12.442741394,20
233,a047c7c3e85649e0405c3ba7,M26,1,12.19,11.5344047546,20
233,a047c7c3e85649e0405c3ba7,M27,1,15.28,13.8763017654,30
233,a047c7c3e85649e0405c3ba7,M28,1,13.24,12.0993413925,30
233,a047c7c3e85649e0405c3ba7,M29,1,15.04,13.850525856,30
233,a047c7c3e85649e0405c3ba7,M30,1,9.19,8.86979961395,21
234,21eea0afa313d3769372de02,M01,4,9.97,9.0975227356,10
234,21eea0afa313d3769372de02,M02,4,14.42,12.1502714157,15
234,21eea0afa313d3769372de02,M03,4,17.03,13.5797996521,21
234,21eea0afa313d3769372de02,M04,4,15.29,13.0187625885,21
234,21eea0afa313d3769372de02,M05,4,15.62,13.1164674759,21
234,21eea0afa313d3769372de02,M06,4,20.38,16.5554866791,21
234,21eea0afa313d3769372de02,M07,4,23.17,19.5090236664,30
234,21eea0afa313d3769372de02,M08,4,27.22,23.9022121429,30
234,21eea0afa313d3769372de02,M09,4,25.81,22.7517662048,30
234,21eea0afa313d3769372de02,M10,4,29.31,25.1734275818,30
234,21eea0afa313d3769372de02,M11,4,27.83,24.5680522919,30
234,21eea0afa313d3769372de02,M12,4,41.17,35.0591392517,45
234,21eea0afa313d3769372de02,M13,4,44.31,36.2488555908,60
234,21eea0afa313d3769372de02,M14,4,41.45,34.1523513794,60
234,21eea0afa313d3769372de02,M15,4,44.94,36.6118736267,60
234,21eea0afa313d3769372de02,M16,4,74.09,66.4926376343,100
234,21eea0afa313d3769372de02,M17,4,10.68,9.43811893463,14
234,21eea0afa313d3769372de02,M18,4,15.23,13.3613433838,21
234,21eea0afa313d3769372de02,M19,4,16.69,12.3893890381,21
234,21eea0afa313d3769372de02,M20,4,17.68,14.3611536026,20
234,21eea0afa313d3769372de02,M21,4,15.45,11.7109546661,21
234,21eea0afa313d3769372de02,M22,4,32.95,29.2688064575,45
234,21eea0afa313d3769372de02,M23,4,38.55,27.0970420837,45
234,21eea0afa313d3769372de02,M24,4,32.54,29.6169242859,45
234,21eea0afa313d3769372de02,M25,4,16.59,17.1830673218,20
234,21eea0afa313d3769372de02,M26,4,18.03,16.0497112274,20
234,21eea0afa313d3769372de02,M27,4,25.9,21.7677173615,30
234,21eea0afa313d3769372de02,M28,4,23.28,20.3217658997,30
234,21eea0afa313d3769372de02,M29,4,26.1,21.9392871857,30
234,21eea0afa313d3769372de02,M30,4,17.03,13.8663024902,21
235,6ee9f7ce16b214affda797f4,M01,4,4.95,4.21762466431,10
235,6ee9f7ce16b214affda797f4,M02,4,6.39,5.33924341202,15
235,6ee9f7ce16b214affda797f4,M03,4,5.54,5.51751756668,21
235,6ee9f7ce16b214affda797f4,M04,4,5.14,5.20446062088,21
235,6ee9f7ce16b214affda797f4,M05,4,5.06,5.19221067429,21
235,6ee9f7ce16b214affda797f4,M06,4,6.99,7.14548206329,21
235,6ee9f7ce16b214affda797f4,M07,4,7.03,6.61342573166,30
235,6ee9f7ce16b214affda797f4,M08,4,8.79,8.04076480865,30
235,6ee9f7ce16b214affda797f4,M09,4,7.18,7.28871536255,30
235,6ee9f7ce16b214affda797f4,M10,4,10.56,8.58302116394,30
235,6ee9f7ce16b214affda797f4,M11,4,9.35,8.36097240448,30
235,6ee9f7ce16b214affda797f4,M12,4,10.39,8.85610103607,45
235,6ee9f7ce16b214affda797f4,M13,4,10.76,9.04302692413,60
235,6ee9f7ce16b214affda797f4,M14,4,7.99,7.82094192505,60
235,6ee9f7ce16b214affda797f4,M15,4,10.97,9.13091182709,60
235,6ee9f7ce16b214affda797f4,M16,4,18.18,14.7091159821,100
235,6ee9f7ce16b214affda797f4,M17,4,3.36,3.40096616745,14
235,6ee9f7ce16b214affda797f4,M18,4,5.57,5.36750507355,21
235,6ee9f7ce16b214affda797f4,M19,4,4.77,4.59633302689,21
235,6ee9f7ce16b214affda797f4,M20,4,5.84,5.39041614532,20
235,6ee9f7ce16b214affda797f4,M21,4,4.73,4.34059047699,21
235,6ee9f7ce16b214affda797f4,M22,4,8.55,7.45562934875,45
235,6ee9f7ce16b214affda797f4,M23,4,6.98,6.22509431839,45
235,6ee9f7ce16b214affda797f4,M24,4,8.46,7.51405668259,45
235,6ee9f7ce16b214affda797f4,M25,4,9.5,9.58449840546,20
235,6ee9f7ce16b214affda797f4,M26,4,7.6,8.7828168869,20
235,6ee9f7ce16b214affda797f4,M27,4,9.07,10.6978549957,30
235,6ee9f7ce16b214affda797f4,M28,4,7.52,9.64651584625,30
235,6ee9f7ce16b214affda797f4,M29,4,8.9,10.4751749039,30
235,6ee9f7ce16b214affda797f4,M30,4,5.55,6.31148767471,21
236,ecce04dcbcf0122880ef1bc4,M01,4,8.15,7.29297780991,10
236,ecce04dcbcf0122880ef1bc4,M02,4,10.79,10.4494113922,15
236,ecce04dcbcf0122880ef1bc4,M03,4,12.39,11.3833427429,21
236,ecce04dcbcf0122880ef1bc4,M04,4,11.54,10.9123697281,21
236,ecce04dcbcf0122880ef1bc4,M05,4,11.73,10.9596834183,21
236,ecce04dcbcf0122880ef1bc4,M06,4,15.22,14.0548505783,21
236,ecce04dcbcf0122880ef1bc4,M07,4,17.36,15.8573656082,30
236,ecce04dcbcf0122880ef1bc4,M08,4,21.62,19.9469165802,30
236,ecce04dcbcf0122880ef1bc4,M09,4,20.46,18.7966785431,30
236,ecce04dcbcf0122880ef1bc4,M10,4,23.13,21.1556377411,30
236,ecce04dcbcf0122880ef1bc4,M11,4,22.41,20.766500473,30
236,ecce04dcbcf0122880ef1bc4,M12,4,31.7,29.7479286194,45
236,ecce04dcbcf0122880ef1bc4,M13,4,33.31,30.5091056824,60
236,ecce04dcbcf0122880ef1bc4,M14,4,30.22,27.9230270386,60
236,ecce04dcbcf0122880ef1bc4,M15,4,33.32,30.8406982422,60
236,ecce04dcbcf0122880ef1bc4,M16,4,62.4,58.8042030334,100
236,ecce04dcbcf0122880ef1bc4,M17,4,8.51,7.69381999969,14
236,ecce04dcbcf0122880ef1bc4,M18,4,11.92,11.2690811157,21
236,ecce04dcbcf0122880ef1bc4,M19,4,10.66,10.3756561279,21
236,ecce04dcbcf0122880ef1bc4,M20,4,12.6,12.0131397247,20
236,ecce04dcbcf0122880ef1bc4,M21,4,9.88,9.92805767059,21
236,ecce04dcbcf0122880ef1bc4,M22,4,24.98,23.7723789215,45
236,ecce04dcbcf0122880ef1bc4,M23,4,21.53,21.5777416229,45
236,ecce04dcbcf0122880ef1bc4,M24,4,25.58,23.9601650238,45
236,ecce04dcbcf0122880ef1bc4,M25,4,15.57,14.8535823822,20
236,ecce04dcbcf0122880ef1bc4,M26,4,14.34,13.7581968307,20
236,ecce04dcbcf0122880ef1bc4,M27,4,19.59,18.1726169586,30
236,ecce04dcbcf0122880ef1bc4,M28,4,17.82,16.6838817596,30
236,ecce04dcbcf0122880ef1bc4,M29,4,19.41,18.2260894775,30
236,ecce04dcbcf0122880ef1bc4,M30,4,12.45,11.6513242722,21
237,fae1b0a30d608d7f0a01c6ee,M01,0,7.34,6.87240505219,10
237,fae1b0a30d608d7f0a01c6ee,M02,0,10.1,9.03632354736,15
237,fae1b0a30d608d7f0a01c6ee,M03,0,11.19,9.00133037567,21
237,fae1b0a30d608d7f0a01c6ee,M04,0,10.32,8.51586532593,21
237,fae1b0a30d608d7f0a01c6ee,M05,0,10.26,8.47056484222,21
237,fae1b0a30d608d7f0a01c6ee,M06,0,13.89,11.6787071228,21
237,fae1b0a30d608d7f0a01c6ee,M07,0,15.11,13.2058153152,30
237,fae1b0a30d608d7f0a01c6ee,M08,0,19.86,17.2774391174,30
237,fae1b0a30d608d7f0a01c6ee,M09,0,18.7,16.0194129944,30
237,fae1b0a30d608d7f0a01c6ee,M10,0,21.22,18.5778484344,30
237,fae1b0a30d608d7f0a01c6ee,M11,0,20.47,17.4784183502,30
237,fae1b0a30d608d7f0a01c6ee,M12,0,28.47,23.2173976898,45
237,fae1b0a30d608d7f0a01c6ee,M13,0,28.16,23.0856208801,60
237,fae1b0a30d608d7f0a01c6ee,M14,0,25.05,18.7616558075,60
237,fae1b0a30d608d7f0a01c6ee,M15,0,28.89,23.8080291748,60
237,fae1b0a30d608d7f0a01c6ee,M16,0,56.78,48.0703315735,100
237,fae1b0a30d608d7f0a01c6ee,M17,0,8.16,6.70187616348,14
237,fae1b0a30d608d7f0a01c6ee,M18,0,10.71,8.66098499298,21
237,fae1b0a30d608d7f0a01c6ee,M19,0,8.96,7.44523429871,21
237,fae1b0a30d608d7f0a01c6ee,M20,0,11.38,10.3306751251,20
237,fae1b0a30d608d7f0a01c6ee,M21,0,8.75,7.30360126495,21
237,fae1b0a30d608d7f0a01c6ee,M22,0,20.94,16.9518852234,45
237,fae1b0a30d608d7f0a01c6ee,M23,0,18.11,13.6569433212,45
237,fae1b0a30d608d7f0a01c6ee,M24,0,21.6,18.2714977264,45
237,fae1b0a30d608d7f0a01c6ee,M25,0,14.19,12.9894552231,20
237,fae1b0a30d608d7f0a01c6ee,M26,0,13.04,11.8247318268,20
237,fae1b0a30d608d7f0a01c6ee,M27,0,16.82,14.9387636185,30
237,fae1b0a30d608d7f0a01c6ee,M28,0,15.05,12.6242265701,30
237,fae1b0a30d608d7f0a01c6ee,M29,0,16.92,15.231221199,30
237,fae1b0a30d608d7f0a01c6ee,M30,0,10.37,8.99974918365,21
238,4a69088acec0c142b3de9690,M01,3,5.06,6.66066026688,10
238,4a69088acec0c142b3de9690,M02,3,6.77,8.35627651215,15
238,4a69088acec0c142b3de9690,M03,3,5.71,8.60980701447,21
238,4a69088acec0c142b3de9690,M04,3,5.41,8.25225734711,21
238,4a69088acec0c142b3de9690,M05,3,5.34,8.20222091675,21
238,4a69088acec0c142b3de9690,M06,3,7.31,11.2571525574,21
238,4a69088acec0c142b3de9690,M07,3,7.41,12.4910564423,30
238,4a69088acec0c142b3de9690,M08,3,10.31,17.4229927063,30
238,4a69088acec0c142b3de9690,M09,3,9.36,16.3223705292,30
238,4a69088acec0c142b3de9690,M10,3,11.84,18.8399600983,30
238,4a69088acec0c142b3de9690,M11,3,10.96,17.8179359436,30
238,4a69088acec0c142b3de9690,M12,3,13.2,24.4298591614,45
238,4a69088acec0c142b3de9690,M13,3,12.72,24.7381515503,60
238,4a69088acec0c142b3de9690,M14,3,10.74,21.6880912781,60
238,4a69088acec0c142b3de9690,M15,3,12.66,24.5811500549,60
238,4a69088acec0c142b3de9690,M16,3,27.18,50.591796875,100
238,4a69088acec0c142b3de9690,M17,3,3.77,6.05588245392,14
238,4a69088acec0c142b3de9690,M18,3,5.68,8.39111709595,21
238,4a69088acec0c142b3de9690,M19,3,4.93,7.12618017197,21
238,4a69088acec0c142b3de9690,M20,3,6.45,9.21363925934,20
238,4a69088acec0c142b3de9690,M21,3,4.89,6.81449508667,21
238,4a69088acec0c142b3de9690,M22,3,9.53,17.066280365,45
238,4a69088acec0c142b3de9690,M23,3,8.49,14.7403011322,45
238,4a69088acec0c142b3de9690,M24,3,9.21,16.9800815582,45
238,4a69088acec0c142b3de9690,M25,3,13.35,12.7995910645,20
238,4a69088acec0c142b3de9690,M26,3,11.93,11.7590065002,20
238,4a69088acec0c142b3de9690,M27,3,14.73,15.4902114868,30
238,4a69088acec0c142b3de9690,M28,3,12.68,13.7007236481,30
238,4a69088acec0c142b3de9690,M29,3,14.54,15.3183202744,30
238,4a69088acec0c142b3de9690,M30,3,8.87,8.87535190582,21
239,f8ac8d48882ea0feea3861c4,M01,1,6.72,7.03954744339,10
239,f8ac8d48882ea0feea3861c4,M02,1,9.4,9.91435813904,15
239,f8ac8d48882ea0feea3861c4,M03,1,9.69,10.0587415695,21
239,f8ac8d48882ea0feea3861c4,M04,1,9.13,9.54942035675,21
239,f8ac8d48882ea0feea3861c4,M05,1,8.87,9.5547504425,21
239,f8ac8d48882ea0feea3861c4,M06,1,11.53,12.7029209137,21
239,f8ac8d48882ea0feea3861c4,M07,1,13.31,14.4236049652,30
239,f8ac8d48882ea0feea3861c4,M08,1,17.73,18.7633152008,30
239,f8ac8d48882ea0feea3861c4,M09,1,16.92,17.6476039886,30
239,f8ac8d48882ea0feea3861c4,M10,1,19.27,20.1974544525,30
239,f8ac8d48882ea0feea3861c4,M11,1,18.44,19.1343250275,30
239,f8ac8d48882ea0feea3861c4,M12,1,25.3,26.1022987366,45
239,f8ac8d48882ea0feea3861c4,M13,1,26.39,25.598154068,60
239,f8ac8d48882ea0feea3861c4,M14,1,20.65,22.2200546265,60
239,f8ac8d48882ea0feea3861c4,M15,1,25.07,26.3252334595,60
239,f8ac8d48882ea0feea3861c4,M16,1,51.57,54.1746025085,100
239,f8ac8d48882ea0feea3861c4,M17,1,7.06,6.99146604538,14
239,f8ac8d48882ea0feea3861c4,M18,1,9.77,9.79649829865,21
239,f8ac8d48882ea0feea3861c4,M19,1,7.55,8.15891647339,21
239,f8ac8d48882ea0feea3861c4,M20,1,10.81,11.1939353943,20
239,f8ac8d48882ea0feea3861c4,M21,1,7.9,8.01894760132,21
239,f8ac8d48882ea0feea3861c4,M22,1,18.78,19.2932720184,45
239,f8ac8d48882ea0feea3861c4,M23,1,14.97,16.6676769257,45
239,f8ac8d48882ea0feea3861c4,M24,1,23.71,20.3953704834,45
239,f8ac8d48882ea0feea3861c4,M25,1,13.27,13.6368818283,20
239,f8ac8d48882ea0feea3861c4,M26,1,12.15,12.4642906189,20
239,f8ac8d48882ea0feea3861c4,M27,1,15.06,15.8787298203,30
239,f8ac8d48882ea0feea3861c4,M28,1,13.34,14.1635694504,30
239,f8ac8d48882ea0feea3861c4,M29,1,15.6,16.0518455505,30
239,f8ac8d48882ea0feea3861c4,M30,1,9.2,10.0419692993,21
240,4fc34b6859ebf93e0c16c141,M01,4,5.63,7.0554485321,10
240,4fc34b6859ebf93e0c16c141,M02,4,7.14,8.98936271667,15
240,4fc34b6859ebf93e0c16c141,M03,4,6.03,8.83464622498,21
240,4fc34b6859ebf93e0c16c141,M04,4,5.66,8.26989173889,21
240,4fc34b6859ebf93e0c16c141,M05,4,5.54,8.1943359375,21
240,4fc34b6859ebf93e0c16c141,M06,4,7.71,11.3775291443,21
240,4fc34b6859ebf93e0c16c141,M07,4,7.94,11.956243515,30
240,4fc34b6859ebf93e0c16c141,M08,4,11.57,16.1132011414,30
240,4fc34b6859ebf93e0c16c141,M09,4,10.66,14.9018030167,30
240,4fc34b6859ebf93e0c16c141,M10,4,13,17.5636425018,30
240,4fc34b6859ebf93e0c16c141,M11,4,12.27,16.4148025513,30
240,4fc34b6859ebf93e0c16c141,M12,4,15.34,22.505903244,45
240,4fc34b6859ebf93e0c16c141,M13,4,14.58,22.1771354675,60
240,4fc34b6859ebf93e0c16c141,M14,4,12.37,19.5633239746,60
240,4fc34b6859ebf93e0c16c141,M15,4,14.19,22.115978241,60
240,4fc34b6859ebf93e0c16c141,M16,4,32.85,48.6637649536,100
240,4fc34b6859ebf93e0c16c141,M17,4,4.4,6.59484577179,14
240,4fc34b6859ebf93e0c16c141,M18,4,6.14,8.40657234192,21
240,4fc34b6859ebf93e0c16c141,M19,4,4.95,6.87953472137,21
240,4fc34b6859ebf93e0c16c141,M20,4,6.64,8.8330783844,20
240,4fc34b6859ebf93e0c16c141,M21,4,4.89,6.34693813324,21
240,4fc34b6859ebf93e0c16c141,M22,4,10.97,14.7832460403,45
240,4fc34b6859ebf93e0c16c141,M23,4,9.17,12.469250679,45
240,4fc34b6859ebf93e0c16c141,M24,4,11.12,14.8158092499,45
240,4fc34b6859ebf93e0c16c141,M25,4,11.97,13.2104177475,20
240,4fc34b6859ebf93e0c16c141,M26,4,10.66,11.9387302399,20
240,4fc34b6859ebf93e0c16c141,M27,4,11.4,14.6794424057,30
240,4fc34b6859ebf93e0c16c141,M28,4,9.89,12.7473964691,30
240,4fc34b6859ebf93e0c16c141,M29,4,11.67,14.4735736847,30
240,4fc34b6859ebf93e0c16c141,M30,4,7.1,8.94042682648,21
241,18623281fc9dce7d70af43e9,M01,3,6.39,5.07220983505,10
241,18623281fc9dce7d70af43e9,M02,3,8.52,6.60782957077,15
241,18623281fc9dce7d70af43e9,M03,3,7.87,6.16659212112,21
241,18623281fc9dce7d70af43e9,M04,3,7.08,5.72611141205,21
241,18623281fc9dce7d70af43e9,M05,3,6.81,5.61434316635,21
241,18623281fc9dce7d70af43e9,M06,3,9.94,7.85974359512,21
241,18623281fc9dce7d70af43e9,M07,3,10.63,7.49474430084,30
241,18623281fc9dce7d70af43e9,M08,3,14.79,11.1006031036,30
241,18623281fc9dce7d70af43e9,M09,3,13.45,10.1514434814,30
241,18623281fc9dce7d70af43e9,M10,3,16.37,12.491276741,30
241,18623281fc9dce7d70af43e9,M11,3,15.01,11.4302902222,30
241,18623281fc9dce7d70af43e9,M12,3,20.29,14.5982503891,45
241,18623281fc9dce7d70af43e9,M13,3,18.35,14.4202003479,60
241,18623281fc9dce7d70af43e9,M14,3,15.14,11.660823822,60
241,18623281fc9dce7d70af43e9,M15,3,19.01,14.1094017029,60
241,18623281fc9dce7d70af43e9,M16,3,41.75,33.2478103638,100
241,18623281fc9dce7d70af43e9,M17,3,6.14,4.37807941437,14
241,18623281fc9dce7d70af43e9,M18,3,8.33,5.83414983749,21
241,18623281fc9dce7d70af43e9,M19,3,6.87,4.60311079025,21
241,18623281fc9dce7d70af43e9,M20,3,9.06,5.91057872772,20
241,18623281fc9dce7d70af43e9,M21,3,6.45,4.14265537262,21
241,18623281fc9dce7d70af43e9,M22,3,14.51,9.87728595734,45
241,18623281fc9dce7d70af43e9,M23,3,12.13,7.61259937286,45
241,18623281fc9dce7d70af43e9,M24,3,14.74,9.66228485107,45
241,18623281fc9dce7d70af43e9,M25,3,11.57,10.4295425415,20
241,18623281fc9dce7d70af43e9,M26,3,10.56,9.32695579529,20
241,18623281fc9dce7d70af43e9,M27,3,11.63,11.0728330612,30
241,18623281fc9dce7d70af43e9,M28,3,10.73,9.35136222839,30
241,18623281fc9dce7d70af43e9,M29,3,12.74,10.5945034027,30
241,18623281fc9dce7d70af43e9,M30,3,7.17,6.31573390961,21
242,9e0901bcee50a2c1f9527fb0,M01,2,7.3,6.86031770706,10
242,9e0901bcee50a2c1f9527fb0,M02,2,9.81,9.31220817566,15
242,9e0901bcee50a2c1f9527fb0,M03,2,10.47,9.67294883728,21
242,9e0901bcee50a2c1f9527fb0,M04,2,9.56,9.23421001434,21
242,9e0901bcee50a2c1f9527fb0,M05,2,9.58,9.23035430908,21
242,9e0901bcee50a2c1f9527fb0,M06,2,13.01,12.4846086502,21
242,9e0901bcee50a2c1f9527fb0,M07,2,14.5,13.7701177597,30
242,9e0901bcee50a2c1f9527fb0,M08,2,18.92,17.6494197845,30
242,9e0901bcee50a2c1f9527fb0,M09,2,17.66,16.7115058899,30
242,9e0901bcee50a2c1f9527fb0,M10,2,20.36,19.2375202179,30
242,9e0901bcee50a2c1f9527fb0,M11,2,19.37,18.207075119,30
242,9e0901bcee50a2c1f9527fb0,M12,2,27.27,26.2974815369,45
242,9e0901bcee50a2c1f9527fb0,M13,2,27.49,26.7093906403,60
242,9e0901bcee50a2c1f9527fb0,M14,2,24.29,23.4219532013,60
242,9e0901bcee50a2c1f9527fb0,M15,2,27.4,26.5277957916,60
242,9e0901bcee50a2c1f9527fb0,M16,2,56.08,57.2156105042,100
242,9e0901bcee50a2c1f9527fb0,M17,2,7.31,6.61496782303,14
242,9e0901bcee50a2c1f9527fb0,M18,2,10.14,9.33009433746,21
242,9e0901bcee50a2c1f9527fb0,M19,2,7.44,7.92413949966,21
242,9e0901bcee50a2c1f9527fb0,M20,2,9.81,9.82427215576,20
242,9e0901bcee50a2c1f9527fb0,M21,2,6.95,7.58255434036,21
242,9e0901bcee50a2c1f9527fb0,M22,2,16.46,17.6637058258,45
242,9e0901bcee50a2c1f9527fb0,M23,2,14.08,15.3552312851,45
242,9e0901bcee50a2c1f9527fb0,M24,2,16.61,17.4867897034,45
242,9e0901bcee50a2c1f9527fb0,M25,2,14.29,13.7828550339,20
242,9e0901bcee50a2c1f9527fb0,M26,2,13.08,12.2080717087,20
242,9e0901bcee50a2c1f9527fb0,M27,2,17.02,16.0917072296,30
242,9e0901bcee50a2c1f9527fb0,M28,2,15.2,14.0030889511,30
242,9e0901bcee50a2c1f9527fb0,M29,2,16.75,15.7766370773,30
242,9e0901bcee50a2c1f9527fb0,M30,2,10.52,9.91968822479,21
243,25ddcfd00b9d06444330609f,M01,3,6.95,7.36369466782,10
243,25ddcfd00b9d06444330609f,M02,3,9.48,9.37705993652,15
243,25ddcfd00b9d06444330609f,M03,3,9.78,9.65115356445,21
243,25ddcfd00b9d06444330609f,M04,3,8.86,9.19888496399,21
243,25ddcfd00b9d06444330609f,M05,3,8.47,9.09790992737,21
243,25ddcfd00b9d06444330609f,M06,3,12.04,12.1560020447,21
243,25ddcfd00b9d06444330609f,M07,3,13.42,13.511475563,30
243,25ddcfd00b9d06444330609f,M08,3,17.83,18.2643661499,30
243,25ddcfd00b9d06444330609f,M09,3,16.53,17.1175937653,30
243,25ddcfd00b9d06444330609f,M10,3,19.37,19.5801353455,30
243,25ddcfd00b9d06444330609f,M11,3,17.85,18.5603084564,30
243,25ddcfd00b9d06444330609f,M12,3,25.37,25.6553993225,45
243,25ddcfd00b9d06444330609f,M13,3,24.76,25.7875919342,60
243,25ddcfd00b9d06444330609f,M14,3,21.46,22.6950206757,60
243,25ddcfd00b9d06444330609f,M15,3,25.1,25.6397304535,60
243,25ddcfd00b9d06444330609f,M16,3,52.9,51.5077896118,100
243,25ddcfd00b9d06444330609f,M17,3,7.24,6.81583356857,14
243,25ddcfd00b9d06444330609f,M18,3,10.05,9.29244995117,21
243,25ddcfd00b9d06444330609f,M19,3,7.09,8.28498935699,21
243,25ddcfd00b9d06444330609f,M20,3,10.39,10.2668333054,20
243,25ddcfd00b9d06444330609f,M21,3,7.6,7.84469842911,21
243,25ddcfd00b9d06444330609f,M22,3,18.28,18.132478714,45
243,25ddcfd00b9d06444330609f,M23,3,15.58,15.7347698212,45
243,25ddcfd00b9d06444330609f,M24,3,18.62,18.1442756653,45
243,25ddcfd00b9d06444330609f,M25,3,12.89,13.5651741028,20
243,25ddcfd00b9d06444330609f,M26,3,11.69,12.4075479507,20
243,25ddcfd00b9d06444330609f,M27,3,14.2,15.9231767654,30
243,25ddcfd00b9d06444330609f,M28,3,12.37,14.0835905075,30
243,25ddcfd00b9d06444330609f,M29,3,14.45,15.7640142441,30
243,25ddcfd00b9d06444330609f,M30,3,8.54,9.88720989227,21
244,670b4048ec51c7fd50fc617b,M01,2,7.83,8.35285377502,10
244,670b4048ec51c7fd50fc617b,M02,2,10.41,11.0871801376,15
244,670b4048ec51c7fd50fc617b,M03,2,11.55,12.1306648254,21
244,670b4048ec51c7fd50fc617b,M04,2,10.69,11.6386947632,21
244,670b4048ec51c7fd50fc617b,M05,2,10.85,11.7057123184,21
244,670b4048ec51c7fd50fc617b,M06,2,14.27,14.9089231491,21
244,670b4048ec51c7fd50fc617b,M07,2,16.06,17.4007511139,30
244,670b4048ec51c7fd50fc617b,M08,2,20.42,21.9083213806,30
244,670b4048ec51c7fd50fc617b,M09,2,19.2,20.8638248444,30
244,670b4048ec51c7fd50fc617b,M10,2,21.97,23.2472648621,30
244,670b4048ec51c7fd50fc617b,M11,2,21.2,22.6279258728,30
244,670b4048ec51c7fd50fc617b,M12,2,29.59,32.5819549561,45
244,670b4048ec51c7fd50fc617b,M13,2,30.56,33.1167984009,60
244,670b4048ec51c7fd50fc617b,M14,2,27.22,30.3884887695,60
244,670b4048ec51c7fd50fc617b,M15,2,30.76,33.6407737732,60
244,670b4048ec51c7fd50fc617b,M16,2,59.36,62.1392822266,100
244,670b4048ec51c7fd50fc617b,M17,2,8.04,8.46276855469,14
244,670b4048ec51c7fd50fc617b,M18,2,11.17,11.9626655579,21
244,670b4048ec51c7fd50fc617b,M19,2,9.66,10.8013296127,21
244,670b4048ec51c7fd50fc617b,M20,2,11.82,12.7706594467,20
244,670b4048ec51c7fd50fc617b,M21,2,9,10.4525032043,21
244,670b4048ec51c7fd50fc617b,M22,2,22.5,26.0593700409,45
244,670b4048ec51c7fd50fc617b,M23,2,19.22,23.519109726,45
244,670b4048ec51c7fd50fc617b,M24,2,23.03,26.7528247833,45
244,670b4048ec51c7fd50fc617b,M25,2,15.04,15.6257781982,20
244,670b4048ec51c7fd50fc617b,M26,2,13.82,14.5574026108,20
244,670b4048ec51c7fd50fc617b,M27,2,18.48,19.4887123108,30
244,670b4048ec51c7fd50fc617b,M28,2,16.59,17.9567527771,30
244,670b4048ec51c7fd50fc617b,M29,2,18.38,19.5519180298,30
244,670b4048ec51c7fd50fc617b,M30,2,11.61,12.2425222397,21
245,1a63c784a90e7a00bbc469c8,M01,1,7.44,8.84484195709,10
245,1a63c784a90e7a00bbc469c8,M02,1,9.96,11.6623849869,15
245,1a63c784a90e7a00bbc469c8,M03,1,10.84,13.2647542953,21
245,1a63c784a90e7a00bbc469c8,M04,1,10.48,12.5701704025,21
245,1a63c784a90e7a00bbc469c8,M05,1,10.57,12.819814682,21
245,1a63c784a90e7a00bbc469c8,M06,1,13.48,16.4320087433,21
245,1a63c784a90e7a00bbc469c8,M07,1,15.07,19.2592391968,30
245,1a63c784a90e7a00bbc469c8,M08,1,19.44,23.2105121613,30
245,1a63c784a90e7a00bbc469c8,M09,1,19.03,21.9720497131,30
245,1a63c784a90e7a00bbc469c8,M10,1,20.89,24.5952033997,30
245,1a63c784a90e7a00bbc469c8,M11,1,20.83,24.1174278259,30
245,1a63c784a90e7a00bbc469c8,M12,1,28.18,35.7663764954,45
245,1a63c784a90e7a00bbc469c8,M13,1,29.01,37.3186988831,60
245,1a63c784a90e7a00bbc469c8,M14,1,26.38,34.5388755798,60
245,1a63c784a90e7a00bbc469c8,M15,1,29.61,37.3812637329,60
245,1a63c784a90e7a00bbc469c8,M16,1,57.74,66.6905288696,100
245,1a63c784a90e7a00bbc469c8,M17,1,7.76,8.94756698608,14
245,1a63c784a90e7a00bbc469c8,M18,1,10.91,12.835808754,21
245,1a63c784a90e7a00bbc469c8,M19,1,8.29,12.2029790878,21
245,1a63c784a90e7a00bbc469c8,M20,1,10.03,13.8512039185,20
245,1a63c784a90e7a00bbc469c8,M21,1,7.75,11.0158948898,21
245,1a63c784a90e7a00bbc469c8,M22,1,17.56,28.6616535187,45
245,1a63c784a90e7a00bbc469c8,M23,1,17.05,25.8795776367,45
245,1a63c784a90e7a00bbc469c8,M24,1,17.82,28.9126186371,45
245,1a63c784a90e7a00bbc469c8,M25,1,16.26,16.781370163,20
245,1a63c784a90e7a00bbc469c8,M26,1,15.03,15.4147367477,20
245,1a63c784a90e7a00bbc469c8,M27,1,20.99,21.400636673,30
245,1a63c784a90e7a00bbc469c8,M28,1,19.15,19.8634529114,30
245,1a63c784a90e7a00bbc469c8,M29,1,20.01,21.3606262207,30
245,1a63c784a90e7a00bbc469c8,M30,1,13.15,13.6198425293,21
246,dde8b904e95cd1e872f4f7db,M01,2,7.92,8.35477733612,10
246,dde8b904e95cd1e872f4f7db,M02,2,10.6,10.8975877762,15
246,dde8b904e95cd1e872f4f7db,M03,2,11.95,11.8312187195,21
246,dde8b904e95cd1e872f4f7db,M04,2,11.04,11.3354825974,21
246,dde8b904e95cd1e872f4f7db,M05,2,11.18,11.3932781219,21
246,dde8b904e95cd1e872f4f7db,M06,2,14.58,14.7526512146,21
246,dde8b904e95cd1e872f4f7db,M07,2,16.66,16.8436508179,30
246,dde8b904e95cd1e872f4f7db,M08,2,20.99,21.5813789368,30
246,dde8b904e95cd1e872f4f7db,M09,2,19.74,20.6056041718,30
246,dde8b904e95cd1e872f4f7db,M10,2,22.51,22.8700256348,30
246,dde8b904e95cd1e872f4f7db,M11,2,21.69,22.3201770782,30
246,dde8b904e95cd1e872f4f7db,M12,2,30.57,31.365272522,45
246,dde8b904e95cd1e872f4f7db,M13,2,31.36,32.1945495605,60
246,dde8b904e95cd1e872f4f7db,M14,2,28.08,29.226108551,60
246,dde8b904e95cd1e872f4f7db,M15,2,31.9,32.4278945923,60
246,dde8b904e95cd1e872f4f7db,M16,2,60.24,59.1892814636,100
246,dde8b904e95cd1e872f4f7db,M17,2,8.21,8.21042728424,14
246,dde8b904e95cd1e872f4f7db,M18,2,11.51,11.5925788879,21
246,dde8b904e95cd1e872f4f7db,M19,2,9.83,10.452837944,21
246,dde8b904e95cd1e872f4f7db,M20,2,11.83,12.4838685989,20
246,dde8b904e95cd1e872f4f7db,M21,2,9.15,10.0121669769,21
246,dde8b904e95cd1e872f4f7db,M22,2,22.51,25.3405513763,45
246,dde8b904e95cd1e872f4f7db,M23,2,19.31,22.5485992432,45
246,dde8b904e95cd1e872f4f7db,M24,2,23.22,25.806520462,45
246,dde8b904e95cd1e872f4f7db,M25,2,15.2,15.4341754913,20
246,dde8b904e95cd1e872f4f7db,M26,2,13.96,14.3049869537,20
246,dde8b904e95cd1e872f4f7db,M27,2,18.8,19.2784385681,30
246,dde8b904e95cd1e872f4f7db,M28,2,16.98,17.8284473419,30
246,dde8b904e95cd1e872f4f7db,M29,2,18.85,19.3178119659,30
246,dde8b904e95cd1e872f4f7db,M30,2,11.99,12.0626459122,21
247,b8b3ad07e5e1039df48e43e6,M01,2,4.35,5.75425672531,10
247,b8b3ad07e5e1039df48e43e6,M02,2,5.23,7.05379629135,15
247,b8b3ad07e5e1039df48e43e6,M03,2,4.82,7.3170375824,21
247,b8b3ad07e5e1039df48e43e6,M04,2,4.63,6.96792840958,21
247,b8b3ad07e5e1039df48e43e6,M05,2,4.38,6.96444225311,21
247,b8b3ad07e5e1039df48e43e6,M06,2,6.22,8.51804065704,21
247,b8b3ad07e5e1039df48e43e6,M07,2,5.83,8.96112728119,30
247,b8b3ad07e5e1039df48e43e6,M08,2,6.91,10.3554935455,30
247,b8b3ad07e5e1039df48e43e6,M09,2,6.1,9.7042760849,30
247,b8b3ad07e5e1039df48e43e6,M10,2,8.28,11.457775116,30
247,b8b3ad07e5e1039df48e43e6,M11,2,7.02,10.9621171951,30
247,b8b3ad07e5e1039df48e43e6,M12,2,7.22,14.6233310699,45
247,b8b3ad07e5e1039df48e43e6,M13,2,8.69,14.9032115936,60
247,b8b3ad07e5e1039df48e43e6,M14,2,6.18,12.5927829742,60
247,b8b3ad07e5e1039df48e43e6,M15,2,8.8,14.7691087723,60
247,b8b3ad07e5e1039df48e43e6,M16,2,13.83,26.9117908478,100
247,b8b3ad07e5e1039df48e43e6,M17,2,2.83,5.36167907715,14
247,b8b3ad07e5e1039df48e43e6,M18,2,5.15,7.27072620392,21
247,b8b3ad07e5e1039df48e43e6,M19,2,4.4,5.77663993835,21
247,b8b3ad07e5e1039df48e43e6,M20,2,5.05,6.92337083817,20
247,b8b3ad07e5e1039df48e43e6,M21,2,4.39,5.64797782898,21
247,b8b3ad07e5e1039df48e43e6,M22,2,6.9,9.85623645782,45
247,b8b3ad07e5e1039df48e43e6,M23,2,5.29,8.03547763824,45
247,b8b3ad07e5e1039df48e43e6,M24,2,6.87,9.85087490082,45
247,b8b3ad07e5e1039df48e43e6,M25,2,12.31,9.8057308197,20
247,b8b3ad07e5e1039df48e43e6,M26,2,10.73,8.531873703,20
247,b8b3ad07e5e1039df48e43e6,M27,2,12.71,10.7721452713,30
247,b8b3ad07e5e1039df48e43e6,M28,2,10.52,9.18013763428,30
247,b8b3ad07e5e1039df48e43e6,M29,2,13.1,10.406332016,30
247,b8b3ad07e5e1039df48e43e6,M30,2,7.71,7.39010620117,21
248,5a933e414c446e00b391d67e,M01,4,7.89,7.82637262344,10
248,5a933e414c446e00b391d67e,M02,4,10.57,10.5366315842,15
248,5a933e414c446e00b391d67e,M03,4,12,11.4078378677,21
248,5a933e414c446e00b391d67e,M04,4,11.16,10.9413690567,21
248,5a933e414c446e00b391d67e,M05,4,11.33,10.9952354431,21
248,5a933e414c446e00b391d67e,M06,4,14.67,14.2235631943,21
248,5a933e414c446e00b391d67e,M07,4,16.8,16.305847168,30
248,5a933e414c446e00b391d67e,M08,4,21.09,20.9445877075,30
248,5a933e414c446e00b391d67e,M09,4,19.93,19.7360668182,30
248,5a933e414c446e00b391d67e,M10,4,22.57,22.1332550049,30
248,5a933e414c446e00b391d67e,M11,4,21.84,21.6312332153,30
248,5a933e414c446e00b391d67e,M12,4,30.86,31.0465221405,45
248,5a933e414c446e00b391d67e,M13,4,31.99,31.5830993652,60
248,5a933e414c446e00b391d67e,M14,4,28.92,28.3469791412,60
248,5a933e414c446e00b391d67e,M15,4,32.18,31.8635025024,60
248,5a933e414c446e00b391d67e,M16,4,60.96,58.2767105103,100
248,5a933e414c446e00b391d67e,M17,4,8.28,7.72296142578,14
248,5a933e414c446e00b391d67e,M18,4,11.6,11.2678432465,21
248,5a933e414c446e00b391d67e,M19,4,10.65,9.9952173233,21
248,5a933e414c446e00b391d67e,M20,4,12.77,12.1103372574,20
248,5a933e414c446e00b391d67e,M21,4,10.01,9.66353225708,21
248,5a933e414c446e00b391d67e,M22,4,25.58,24.0692710876,45
248,5a933e414c446e00b391d67e,M23,4,22.38,21.0088577271,45
248,5a933e414c446e00b391d67e,M24,4,25.99,24.4664306641,45
248,5a933e414c446e00b391d67e,M25,4,15.22,14.9607305527,20
248,5a933e414c446e00b391d67e,M26,4,14.07,13.7378845215,20
248,5a933e414c446e00b391d67e,M27,4,18.97,18.1945877075,30
248,5a933e414c446e00b391d67e,M28,4,17.23,16.4958457947,30
248,5a933e414c446e00b391d67e,M29,4,18.87,18.2287693024,30
248,5a933e414c446e00b391d67e,M30,4,12.04,11.5659475327,21
249,6f55438546f57416a8693eb4,M01,3,6.14,7.1279296875,10
249,6f55438546f57416a8693eb4,M02,3,8.19,8.76661491394,15
249,6f55438546f57416a8693eb4,M03,3,7.5,8.55498504639,21
249,6f55438546f57416a8693eb4,M04,3,6.78,8.18482685089,21
249,6f55438546f57416a8693eb4,M05,3,6.5,8.07522106171,21
249,6f55438546f57416a8693eb4,M06,3,9.46,10.6548805237,21
249,6f55438546f57416a8693eb4,M07,3,9.94,11.148727417,30
249,6f55438546f57416a8693eb4,M08,3,13.93,13.5095186234,30
249,6f55438546f57416a8693eb4,M09,3,12.64,12.5295934677,30
249,6f55438546f57416a8693eb4,M10,3,15.58,15.0021057129,30
249,6f55438546f57416a8693eb4,M11,3,14.34,13.952454567,30
249,6f55438546f57416a8693eb4,M12,3,18.74,19.1376667023,45
249,6f55438546f57416a8693eb4,M13,3,17.67,19.2659835815,60
249,6f55438546f57416a8693eb4,M14,3,14.66,16.4160861969,60
249,6f55438546f57416a8693eb4,M15,3,17.72,19.1692810059,60
249,6f55438546f57416a8693eb4,M16,3,40.54,35.3924636841,100
249,6f55438546f57416a8693eb4,M17,3,5.53,6.64585781097,14
249,6f55438546f57416a8693eb4,M18,3,7.56,8.68050670624,21
249,6f55438546f57416a8693eb4,M19,3,5.65,8.02019786835,21
249,6f55438546f57416a8693eb4,M20,3,7.92,9.40459442139,20
249,6f55438546f57416a8693eb4,M21,3,5.62,7.71834945679,21
249,6f55438546f57416a8693eb4,M22,3,12.22,13.7374582291,45
249,6f55438546f57416a8693eb4,M23,3,10.47,11.8953266144,45
249,6f55438546f57416a8693eb4,M24,3,12.17,13.7747888565,45
249,6f55438546f57416a8693eb4,M25,3,8.84,11.9998893738,20
249,6f55438546f57416a8693eb4,M26,3,7.09,10.8806829453,20
249,6f55438546f57416a8693eb4,M27,3,8.51,13.2902374268,30
249,6f55438546f57416a8693eb4,M28,3,7.2,11.8701248169,30
249,6f55438546f57416a8693eb4,M29,3,8.27,13.0115232468,30
249,6f55438546f57416a8693eb4,M30,3,4.98,8.70891666412,21
250,c757832b2167519e0ac3b967,M01,4,9.28,9.21700286865,10
250,c757832b2167519e0ac3b967,M02,4,11.82,12.336815834,15
250,c757832b2167519e0ac3b967,M03,4,14.3,13.5773620605,21
250,c757832b2167519e0ac3b967,M04,4,13.29,13.0714664459,21
250,c757832b2167519e0ac3b967,M05,4,13.55,13.2072200775,21
250,c757832b2167519e0ac3b967,M06,4,17.19,16.5223827362,21
250,c757832b2167519e0ac3b967,M07,4,20.25,19.4343147278,30
250,c757832b2167519e0ac3b967,M08,4,24.25,24.273651123,30
250,c757832b2167519e0ac3b967,M09,4,22.92,22.9830932617,30
250,c757832b2167519e0ac3b967,M10,4,25.75,25.4140510559,30
250,c757832b2167519e0ac3b967,M11,4,24.9,25.0388412476,30
250,c757832b2167519e0ac3b967,M12,4,36.22,36.7351837158,45
250,c757832b2167519e0ac3b967,M13,4,38.6,37.7162094116,60
250,c757832b2167519e0ac3b967,M14,4,35.86,35.4978065491,60
250,c757832b2167519e0ac3b967,M15,4,38.85,37.8678398132,60
250,c757832b2167519e0ac3b967,M16,4,68.13,66.1177825928,100
250,c757832b2167519e0ac3b967,M17,4,9.41,9.22447299957,14
250,c757832b2167519e0ac3b967,M18,4,13.53,13.3390932083,21
250,c757832b2167519e0ac3b967,M19,4,13.47,12.614566803,21
250,c757832b2167519e0ac3b967,M20,4,14.98,14.4946365356,20
250,c757832b2167519e0ac3b967,M21,4,12.28,12.0244846344,21
250,c757832b2167519e0ac3b967,M22,4,32.72,30.7147064209,45
250,c757832b2167519e0ac3b967,M23,4,29.36,28.5222454071,45
250,c757832b2167519e0ac3b967,M24,4,33.22,31.1024646759,45
250,c757832b2167519e0ac3b967,M25,4,16.93,17.1493453979,20
250,c757832b2167519e0ac3b967,M26,4,15.56,16.0019416809,20
250,c757832b2167519e0ac3b967,M27,4,21.9,21.6256446838,30
250,c757832b2167519e0ac3b967,M28,4,20.18,20.1580123901,30
250,c757832b2167519e0ac3b967,M29,4,21.66,21.517250061,30
250,c757832b2167519e0ac3b967,M30,4,14.35,13.7199048996,21
251,fa74b4af76ab2c2bfc0004ba,M01,2,7.71,7.92221832275,10
251,fa74b4af76ab2c2bfc0004ba,M02,2,10.34,10.7058134079,15
251,fa74b4af76ab2c2bfc0004ba,M03,2,11.55,11.7626724243,21
251,fa74b4af76ab2c2bfc0004ba,M04,2,10.73,11.2294960022,21
251,fa74b4af76ab2c2bfc0004ba,M05,2,10.9,11.2965135574,21
251,fa74b4af76ab2c2bfc0004ba,M06,2,14.21,14.5127086639,21
251,fa74b4af76ab2c2bfc0004ba,M07,2,16.12,17.0704460144,30
251,fa74b4af76ab2c2bfc0004ba,M08,2,20.43,21.6586933136,30
251,fa74b4af76ab2c2bfc0004ba,M09,2,19.32,20.6000671387,30
251,fa74b4af76ab2c2bfc0004ba,M10,2,21.92,22.9774188995,30
251,fa74b4af76ab2c2bfc0004ba,M11,2,21.21,22.3554210663,30
251,fa74b4af76ab2c2bfc0004ba,M12,2,29.78,31.9554157257,45
251,fa74b4af76ab2c2bfc0004ba,M13,2,30.82,32.5624542236,60
251,fa74b4af76ab2c2bfc0004ba,M14,2,27.77,29.5412425995,60
251,fa74b4af76ab2c2bfc0004ba,M15,2,30.84,32.9404563904,60
251,fa74b4af76ab2c2bfc0004ba,M16,2,59.72,59.7102050781,100
251,fa74b4af76ab2c2bfc0004ba,M17,2,8.06,7.95868444443,14
251,fa74b4af76ab2c2bfc0004ba,M18,2,11.2,11.4897270203,21
251,fa74b4af76ab2c2bfc0004ba,M19,2,10.48,10.2068128586,21
251,fa74b4af76ab2c2bfc0004ba,M20,2,12.69,12.1250505447,20
251,fa74b4af76ab2c2bfc0004ba,M21,2,9.91,9.80013847351,21
251,fa74b4af76ab2c2bfc0004ba,M22,2,25.29,24.5724830627,45
251,fa74b4af76ab2c2bfc0004ba,M23,2,22.16,21.7100734711,45
251,fa74b4af76ab2c2bfc0004ba,M24,2,25.6,25.2055568695,45
251,fa74b4af76ab2c2bfc0004ba,M25,2,14.95,15.1295032501,20
251,fa74b4af76ab2c2bfc0004ba,M26,2,13.8,13.9240875244,20
251,fa74b4af76ab2c2bfc0004ba,M27,2,18.43,18.94896698,30
251,fa74b4af76ab2c2bfc0004ba,M28,2,16.71,17.2597446442,30
251,fa74b4af76ab2c2bfc0004ba,M29,2,18.28,19.1101703644,30
251,fa74b4af76ab2c2bfc0004ba,M30,2,11.57,11.8983192444,21
252,49f72a7b3ba95ce637b7c9ed,M01,4,7.04,7.16095542908,10
252,49f72a7b3ba95ce637b7c9ed,M02,4,9.79,10.0060443878,15
252,49f72a7b3ba95ce637b7c9ed,M03,4,10.47,10.3074989319,21
252,49f72a7b3ba95ce637b7c9ed,M04,4,9.87,9.88265132904,21
252,49f72a7b3ba95ce637b7c9ed,M05,4,9.67,9.83256721497,21
252,49f72a7b3ba95ce637b7c9ed,M06,4,12.45,13.0493068695,21
252,49f72a7b3ba95ce637b7c9ed,M07,4,14.52,14.9233608246,30
252,49f72a7b3ba95ce637b7c9ed,M08,4,18.91,19.8217029572,30
252,49f72a7b3ba95ce637b7c9ed,M09,4,18.06,18.7814502716,30
252,49f72a7b3ba95ce637b7c9ed,M10,4,20.4,20.9795856476,30
252,49f72a7b3ba95ce637b7c9ed,M11,4,19.6,20.2650756836,30
252,49f72a7b3ba95ce637b7c9ed,M12,4,27.28,27.4499797821,45
252,49f72a7b3ba95ce637b7c9ed,M13,4,26.13,27.3090858459,60
252,49f72a7b3ba95ce637b7c9ed,M14,4,23.13,23.1629486084,60
252,49f72a7b3ba95ce637b7c9ed,M15,4,27.57,28.058177948,60
252,49f72a7b3ba95ce637b7c9ed,M16,4,54.55,53.5728683472,100
252,49f72a7b3ba95ce637b7c9ed,M17,4,7.5,7.404088974,14
252,49f72a7b3ba95ce637b7c9ed,M18,4,10.46,10.2502536774,21
252,49f72a7b3ba95ce637b7c9ed,M19,4,7.25,8.99836158752,21
252,49f72a7b3ba95ce637b7c9ed,M20,4,10.46,11.9889030457,20
252,49f72a7b3ba95ce637b7c9ed,M21,4,7.58,8.65827941895,21
252,49f72a7b3ba95ce637b7c9ed,M22,4,17.94,21.8402862549,45
252,49f72a7b3ba95ce637b7c9ed,M23,4,14.54,17.6653442383,45
252,49f72a7b3ba95ce637b7c9ed,M24,4,20.87,23.1057415009,45
252,49f72a7b3ba95ce637b7c9ed,M25,4,13.8,14.1057777405,20
252,49f72a7b3ba95ce637b7c9ed,M26,4,12.71,12.8627386093,20
252,49f72a7b3ba95ce637b7c9ed,M27,4,16.16,16.8478565216,30
252,49f72a7b3ba95ce637b7c9ed,M28,4,14.46,14.635052681,30
252,49f72a7b3ba95ce637b7c9ed,M29,4,16.65,17.3174171448,30
252,49f72a7b3ba95ce637b7c9ed,M30,4,10,10.3795595169,21
253,2e0625b187eb16887bc48f24,M01,3,8.4,9.04958343506,10
253,2e0625b187eb16887bc48f24,M02,3,11.03,12.0908412933,15
253,2e0625b187eb16887bc48f24,M03,3,12.67,13.3275976181,21
253,2e0625b187eb16887bc48f24,M04,3,11.56,12.856962204,21
253,2e0625b187eb16887bc48f24,M05,3,12.44,12.9427022934,21
253,2e0625b187eb16887bc48f24,M06,3,15.51,15.9851388931,21
253,2e0625b187eb16887bc48f24,M07,3,17.61,19.0495471954,30
253,2e0625b187eb16887bc48f24,M08,3,21.91,23.8831272125,30
253,2e0625b187eb16887bc48f24,M09,3,20.39,22.5844554901,30
253,2e0625b187eb16887bc48f24,M10,3,23.59,25.0871067047,30
253,2e0625b187eb16887bc48f24,M11,3,23.46,24.5232906342,30
253,2e0625b187eb16887bc48f24,M12,3,31.8,35.791343689,45
253,2e0625b187eb16887bc48f24,M13,3,33.41,36.8280563354,60
253,2e0625b187eb16887bc48f24,M14,3,29.76,34.5238189697,60
253,2e0625b187eb16887bc48f24,M15,3,34.16,37.0790977478,60
253,2e0625b187eb16887bc48f24,M16,3,62.37,64.6711807251,100
253,2e0625b187eb16887bc48f24,M17,3,7.93,9.23605442047,14
253,2e0625b187eb16887bc48f24,M18,3,11.03,13.1184082031,21
253,2e0625b187eb16887bc48f24,M19,3,10.37,12.4163351059,21
253,2e0625b187eb16887bc48f24,M20,3,9.96,14.1946525574,20
253,2e0625b187eb16887bc48f24,M21,3,7.57,11.7618780136,21
253,2e0625b187eb16887bc48f24,M22,3,17.32,29.427778244,45
253,2e0625b187eb16887bc48f24,M23,3,16.69,26.9823150635,45
253,2e0625b187eb16887bc48f24,M24,3,17.31,29.7011585236,45
253,2e0625b187eb16887bc48f24,M25,3,16.2,16.587228775,20
253,2e0625b187eb16887bc48f24,M26,3,14.97,15.3580684662,20
253,2e0625b187eb16887bc48f24,M27,3,20.77,21.2839870453,30
253,2e0625b187eb16887bc48f24,M28,3,19.01,19.6967849731,30
253,2e0625b187eb16887bc48f24,M29,3,20.72,21.2400436401,30
253,2e0625b187eb16887bc48f24,M30,3,13.5,13.4722805023,21
254,566ffc41d7edae3a1f739741,M01,2,8.5,9.22935199738,10
254,566ffc41d7edae3a1f739741,M02,2,11.28,12.2029304504,15
254,566ffc41d7edae3a1f739741,M03,2,13.53,13.6345787048,21
254,566ffc41d7edae3a1f739741,M04,2,12.67,13.0469322205,21
254,566ffc41d7edae3a1f739741,M05,2,12.9,13.1254453659,21
254,566ffc41d7edae3a1f739741,M06,2,16.26,16.4537239075,21
254,566ffc41d7edae3a1f739741,M07,2,19.17,19.239730835,30
254,566ffc41d7edae3a1f739741,M08,2,23.25,23.829536438,30
254,566ffc41d7edae3a1f739741,M09,2,22.08,22.8460178375,30
254,566ffc41d7edae3a1f739741,M10,2,24.63,25.2274589539,30
254,566ffc41d7edae3a1f739741,M11,2,23.98,24.6377162933,30
254,566ffc41d7edae3a1f739741,M12,2,34.6,35.8480224609,45
254,566ffc41d7edae3a1f739741,M13,2,36.48,37.2727966309,60
254,566ffc41d7edae3a1f739741,M14,2,33.83,35.044254303,60
254,566ffc41d7edae3a1f739741,M15,2,36.58,37.5439453125,60
254,566ffc41d7edae3a1f739741,M16,2,65.88,66.8576965332,100
254,566ffc41d7edae3a1f739741,M17,2,9.05,9.39239311218,14
254,566ffc41d7edae3a1f739741,M18,2,12.98,13.2865180969,21
254,566ffc41d7edae3a1f739741,M19,2,12.7,12.4460783005,21
254,566ffc41d7edae3a1f739741,M20,2,14.17,14.0234222412,20
254,566ffc41d7edae3a1f739741,M21,2,11.76,11.81798172,21
254,566ffc41d7edae3a1f739741,M22,2,30.18,28.9340496063,45
254,566ffc41d7edae3a1f739741,M23,2,26.72,26.435798645,45
254,566ffc41d7edae3a1f739741,M24,2,30.74,29.3847942352,45
254,566ffc41d7edae3a1f739741,M25,2,16.17,16.7471599579,20
254,566ffc41d7edae3a1f739741,M26,2,14.99,15.587978363,20
254,566ffc41d7edae3a1f739741,M27,2,20.85,21.0918712616,30
254,566ffc41d7edae3a1f739741,M28,2,19.23,19.5966739655,30
254,566ffc41d7edae3a1f739741,M29,2,20.61,21.1992778778,30
254,566ffc41d7edae3a1f739741,M30,2,13.59,13.7141389847,21
256,7ab835a888675d8492b11826,M01,4,8.6,9.14563083649,10
256,7ab835a888675d8492b11826,M02,4,11.34,12.1463804245,15
256,7ab835a888675d8492b11826,M03,4,13.62,13.4758710861,21
256,7ab835a888675d8492b11826,M04,4,12.73,12.9911241531,21
256,7ab835a888675d8492b11826,M05,4,12.98,13.1372156143,21
256,7ab835a888675d8492b11826,M06,4,16.38,16.4920444489,21
256,7ab835a888675d8492b11826,M07,4,19.31,19.3687114716,30
256,7ab835a888675d8492b11826,M08,4,23.35,24.0826969147,30
256,7ab835a888675d8492b11826,M09,4,22.18,22.8356590271,30
256,7ab835a888675d8492b11826,M10,4,24.74,25.2321128845,30
256,7ab835a888675d8492b11826,M11,4,24.09,24.8719120026,30
256,7ab835a888675d8492b11826,M12,4,34.82,35.9923744202,45
256,7ab835a888675d8492b11826,M13,4,36.91,37.2361412048,60
256,7ab835a888675d8492b11826,M14,4,34.22,35.1205749512,60
256,7ab835a888675d8492b11826,M15,4,37.1,37.4229736328,60
256,7ab835a888675d8492b11826,M16,4,66.34,65.5804748535,100
256,7ab835a888675d8492b11826,M17,4,9.08,9.13600349426,14
256,7ab835a888675d8492b11826,M18,4,13.03,13.2400131226,21
256,7ab835a888675d8492b11826,M19,4,12.45,12.3126239777,21
256,7ab835a888675d8492b11826,M20,4,14.12,14.2269134521,20
256,7ab835a888675d8492b11826,M21,4,11.38,11.763253212,21
256,7ab835a888675d8492b11826,M22,4,29.56,30.0112056732,45
256,7ab835a888675d8492b11826,M23,4,25.74,28.1120986938,45
256,7ab835a888675d8492b11826,M24,4,30.09,30.4613208771,45
256,7ab835a888675d8492b11826,M25,4,16.23,16.9050197601,20
256,7ab835a888675d8492b11826,M26,4,15.06,15.7445735931,20
256,7ab835a888675d8492b11826,M27,4,20.99,21.4263877869,30
256,7ab835a888675d8492b11826,M28,4,19.4,20.1821651459,30
256,7ab835a888675d8492b11826,M29,4,20.84,21.3924312592,30
256,7ab835a888675d8492b11826,M30,4,13.66,13.5400447845,21
257,6245e73d8777b85805db8d4d,M01,0,9.21,9.00087070465,10
257,6245e73d8777b85805db8d4d,M02,0,11.81,12.087685585,15
257,6245e73d8777b85805db8d4d,M03,0,14.34,13.3331747055,21
257,6245e73d8777b85805db8d4d,M04,0,13.41,12.7004480362,21
257,6245e73d8777b85805db8d4d,M05,0,13.7,12.8642883301,21
257,6245e73d8777b85805db8d4d,M06,0,17.2,16.2185611725,21
257,6245e73d8777b85805db8d4d,M07,0,20.41,19.0410747528,30
257,6245e73d8777b85805db8d4d,M08,0,24.37,23.7281341553,30
257,6245e73d8777b85805db8d4d,M09,0,23.11,22.4587669373,30
257,6245e73d8777b85805db8d4d,M10,0,25.83,25.0310325623,30
257,6245e73d8777b85805db8d4d,M11,0,25.08,24.4426441193,30
257,6245e73d8777b85805db8d4d,M12,0,36.78,36.0320205688,45
257,6245e73d8777b85805db8d4d,M13,0,38.91,37.0536804199,60
257,6245e73d8777b85805db8d4d,M14,0,36.35,34.5635261536,60
257,6245e73d8777b85805db8d4d,M15,0,39.18,37.4790725708,60
257,6245e73d8777b85805db8d4d,M16,0,68.45,66.6161270142,100
257,6245e73d8777b85805db8d4d,M17,0,9.48,9.09750747681,14
257,6245e73d8777b85805db8d4d,M18,0,13.66,12.862868309,21
257,6245e73d8777b85805db8d4d,M19,0,13.42,12.0385951996,21
257,6245e73d8777b85805db8d4d,M25,0,16.91,16.6016654968,20
257,6245e73d8777b85805db8d4d,M26,0,15.62,15.4898357391,20
257,6245e73d8777b85805db8d4d,M27,0,21.92,21.0553722382,30
257,6245e73d8777b85805db8d4d,M28,0,20.3,19.4759178162,30
257,6245e73d8777b85805db8d4d,M29,0,21.67,21.2575931549,30
257,6245e73d8777b85805db8d4d,M30,0,14.4,13.5512571335,21
258,42ba4eb4f3bde44694d1974c,M01,4,6.69,6.19504785538,10
258,42ba4eb4f3bde44694d1974c,M02,4,8.95,8.05480003357,15
258,42ba4eb4f3bde44694d1974c,M03,4,8.75,7.90183115005,21
258,42ba4eb4f3bde44694d1974c,M04,4,8.09,7.48213195801,21
258,42ba4eb4f3bde44694d1974c,M05,4,8.12,7.42545461655,21
258,42ba4eb4f3bde44694d1974c,M06,4,11.07,9.92957687378,21
258,42ba4eb4f3bde44694d1974c,M07,4,11.82,10.153585434,30
258,42ba4eb4f3bde44694d1974c,M08,4,16.13,12.7102003098,30
258,42ba4eb4f3bde44694d1974c,M09,4,15.16,11.6864700317,30
258,42ba4eb4f3bde44694d1974c,M10,4,17.76,14.2952709198,30
258,42ba4eb4f3bde44694d1974c,M11,4,17.11,13.1252174377,30
258,42ba4eb4f3bde44694d1974c,M12,4,22.4,17.497964859,45
258,42ba4eb4f3bde44694d1974c,M13,4,21.83,17.7002658844,60
258,42ba4eb4f3bde44694d1974c,M14,4,18.42,15.5968027115,60
258,42ba4eb4f3bde44694d1974c,M15,4,21.99,17.5051727295,60
258,42ba4eb4f3bde44694d1974c,M16,4,48.91,38.6943588257,100
258,42ba4eb4f3bde44694d1974c,M17,4,6.46,5.48046398163,14
258,42ba4eb4f3bde44694d1974c,M18,4,8.73,7.66857671738,21
258,42ba4eb4f3bde44694d1974c,M19,4,6.39,6.16562223434,21
258,42ba4eb4f3bde44694d1974c,M20,4,8.5,7.498503685,20
258,42ba4eb4f3bde44694d1974c,M21,4,6.19,5.93606805801,21
258,42ba4eb4f3bde44694d1974c,M22,4,13.25,11.4522571564,45
258,42ba4eb4f3bde44694d1974c,M23,4,11.77,9.28308582306,45
258,42ba4eb4f3bde44694d1974c,M24,4,13.31,11.3471422195,45
258,42ba4eb4f3bde44694d1974c,M25,4,13.26,11.3520555496,20
258,42ba4eb4f3bde44694d1974c,M26,4,11.86,10.3041439056,20
258,42ba4eb4f3bde44694d1974c,M27,4,14.67,12.4471120834,30
258,42ba4eb4f3bde44694d1974c,M28,4,12.64,10.7432050705,30
258,42ba4eb4f3bde44694d1974c,M29,4,14.58,12.0932292938,30
258,42ba4eb4f3bde44694d1974c,M30,4,8.76,7.97413730621,21
259,41a0e87121f95316c7969dd8,M01,3,8.24,7.70022535324,10
259,41a0e87121f95316c7969dd8,M02,3,11,10.5769166946,15
259,41a0e87121f95316c7969dd8,M03,3,12.83,11.4443216324,21
259,41a0e87121f95316c7969dd8,M04,3,11.96,10.9690275192,21
259,41a0e87121f95316c7969dd8,M05,3,12.19,11.0189447403,21
259,41a0e87121f95316c7969dd8,M06,3,15.5,14.1442480087,21
259,41a0e87121f95316c7969dd8,M07,3,18.03,16.4258346558,30
259,41a0e87121f95316c7969dd8,M08,3,22.24,21.1494483948,30
259,41a0e87121f95316c7969dd8,M09,3,20.89,19.9195594788,30
259,41a0e87121f95316c7969dd8,M10,3,23.73,22.3069877625,30
259,41a0e87121f95316c7969dd8,M11,3,23.28,21.6828117371,30
259,41a0e87121f95316c7969dd8,M12,3,32.71,30.7428188324,45
259,41a0e87121f95316c7969dd8,M13,3,34.12,31.0538883209,60
259,41a0e87121f95316c7969dd8,M14,3,31.03,27.8411769867,60
259,41a0e87121f95316c7969dd8,M15,3,34.26,31.5372276306,60
259,41a0e87121f95316c7969dd8,M16,3,63.27,60.6202278137,100
259,41a0e87121f95316c7969dd8,M17,3,8.72,7.77932024002,14
259,41a0e87121f95316c7969dd8,M18,3,12.34,11.2772808075,21
259,41a0e87121f95316c7969dd8,M19,3,11.74,10.0826120377,21
259,41a0e87121f95316c7969dd8,M25,3,15.76,14.9980802536,20
259,41a0e87121f95316c7969dd8,M26,3,14.55,13.6500358582,20
259,41a0e87121f95316c7969dd8,M27,3,19.94,18.5654907227,30
259,41a0e87121f95316c7969dd8,M28,3,18.23,16.7132606506,30
259,41a0e87121f95316c7969dd8,M29,3,20.13,18.732749939,30
259,41a0e87121f95316c7969dd8,M30,3,12.87,11.6514778137,21
260,bc37928db07519700d608f99,M01,1,7.03,7.01535224915,10
260,bc37928db07519700d608f99,M02,1,9.88,9.59160614014,15
260,bc37928db07519700d608f99,M03,1,10.38,10.1437654495,21
260,bc37928db07519700d608f99,M04,1,9.84,9.66738796234,21
260,bc37928db07519700d608f99,M05,1,9.89,9.6727180481,21
260,bc37928db07519700d608f99,M06,1,12.58,12.7294845581,21
260,bc37928db07519700d608f99,M07,1,14.37,14.7740621567,30
260,bc37928db07519700d608f99,M08,1,19.04,19.0590362549,30
260,bc37928db07519700d608f99,M09,1,17.93,17.915555954,30
260,bc37928db07519700d608f99,M10,1,20.02,20.3171596527,30
260,bc37928db07519700d608f99,M11,1,19.45,19.5616836548,30
260,bc37928db07519700d608f99,M12,1,27.11,26.4429893494,45
260,bc37928db07519700d608f99,M13,1,25.94,26.6600379944,60
260,bc37928db07519700d608f99,M14,1,22.91,22.6272106171,60
260,bc37928db07519700d608f99,M15,1,27.84,27.2617645264,60
260,bc37928db07519700d608f99,M16,1,54.28,55.3682327271,100
260,bc37928db07519700d608f99,M17,1,7.54,6.91606140137,14
260,bc37928db07519700d608f99,M18,1,10.02,10.028465271,21
260,bc37928db07519700d608f99,M19,1,6.93,8.26490497589,21
260,bc37928db07519700d608f99,M20,1,9.85,10.6125984192,20
260,bc37928db07519700d608f99,M21,1,7.1,8.1198091507,21
260,bc37928db07519700d608f99,M22,1,16.12,20.2517051697,45
260,bc37928db07519700d608f99,M23,1,13.32,16.4671859741,45
260,bc37928db07519700d608f99,M24,1,18.86,21.4411373138,45
260,bc37928db07519700d608f99,M25,1,13.78,13.6858634949,20
260,bc37928db07519700d608f99,M26,1,12.66,12.4245500565,20
260,bc37928db07519700d608f99,M27,1,16.08,16.6865596771,30
260,bc37928db07519700d608f99,M28,1,14.37,14.4918642044,30
260,bc37928db07519700d608f99,M29,1,16.66,16.9530830383,30
260,bc37928db07519700d608f99,M30,1,9.83,10.2096586227,21
261,7baf7908c42ba7a02322fcd4,M01,3,6.77,7.73770236969,10
261,7baf7908c42ba7a02322fcd4,M02,3,9.14,10.1444787979,15
261,7baf7908c42ba7a02322fcd4,M03,3,9.19,10.5553913116,21
261,7baf7908c42ba7a02322fcd4,M04,3,8.54,10.107591629,21
261,7baf7908c42ba7a02322fcd4,M05,3,8.46,10.0807332993,21
261,7baf7908c42ba7a02322fcd4,M06,3,11.5,13.425567627,21
261,7baf7908c42ba7a02322fcd4,M07,3,12.56,15.1151247025,30
261,7baf7908c42ba7a02322fcd4,M08,3,16.97,19.7755718231,30
261,7baf7908c42ba7a02322fcd4,M09,3,16.05,18.6024398804,30
261,7baf7908c42ba7a02322fcd4,M10,3,18.5,21.1199359894,30
261,7baf7908c42ba7a02322fcd4,M11,3,17.82,20.0670948029,30
261,7baf7908c42ba7a02322fcd4,M12,3,24,28.3445129395,45
261,7baf7908c42ba7a02322fcd4,M13,3,23.43,28.5327014923,60
261,7baf7908c42ba7a02322fcd4,M14,3,20.22,25.4874706268,60
261,7baf7908c42ba7a02322fcd4,M15,3,23.56,28.7689285278,60
261,7baf7908c42ba7a02322fcd4,M16,3,51.31,56.6501045227,100
261,7baf7908c42ba7a02322fcd4,M17,3,6.67,7.45779943466,14
261,7baf7908c42ba7a02322fcd4,M18,3,9.17,10.3077163696,21
261,7baf7908c42ba7a02322fcd4,M19,3,7.71,9.11874389648,21
261,7baf7908c42ba7a02322fcd4,M20,3,10.26,11.4400072098,20
261,7baf7908c42ba7a02322fcd4,M21,3,7.53,8.72679519653,21
261,7baf7908c42ba7a02322fcd4,M22,3,17.81,20.3986225128,45
261,7baf7908c42ba7a02322fcd4,M23,3,15.26,17.9908428192,45
261,7baf7908c42ba7a02322fcd4,M24,3,17.96,20.7885742188,45
261,7baf7908c42ba7a02322fcd4,M25,3,13.44,14.4121923447,20
261,7baf7908c42ba7a02322fcd4,M26,3,12.17,13.2206964493,20
261,7baf7908c42ba7a02322fcd4,M27,3,15.22,17.0725593567,30
261,7baf7908c42ba7a02322fcd4,M28,3,13.39,15.2541275024,30
261,7baf7908c42ba7a02322fcd4,M29,3,15.64,17.0697422028,30
261,7baf7908c42ba7a02322fcd4,M30,3,9.18,10.7433376312,21
262,229504607349828a36f6f03e,M01,1,7.68,7.90682220459,10
262,229504607349828a36f6f03e,M02,1,10.26,10.6698999405,15
262,229504607349828a36f6f03e,M03,1,11.32,11.718462944,21
262,229504607349828a36f6f03e,M04,1,10.48,11.1812963486,21
262,229504607349828a36f6f03e,M05,1,10.61,11.302986145,21
262,229504607349828a36f6f03e,M06,1,14.01,14.5493412018,21
262,229504607349828a36f6f03e,M07,1,15.74,16.9307765961,30
262,229504607349828a36f6f03e,M08,1,20.08,20.9672603607,30
262,229504607349828a36f6f03e,M09,1,18.93,19.8669242859,30
262,229504607349828a36f6f03e,M10,1,21.63,22.3690471649,30
262,229504607349828a36f6f03e,M11,1,20.92,21.7518577576,30
262,229504607349828a36f6f03e,M12,1,29.12,30.48163414,45
262,229504607349828a36f6f03e,M13,1,30.01,31.0938625336,60
262,229504607349828a36f6f03e,M14,1,26.78,27.787027359,60
262,229504607349828a36f6f03e,M15,1,30.24,31.4764099121,60
262,229504607349828a36f6f03e,M16,1,58.8,60.6934509277,100
262,229504607349828a36f6f03e,M17,1,7.87,7.97630929947,14
262,229504607349828a36f6f03e,M18,1,10.96,11.6060972214,21
262,229504607349828a36f6f03e,M19,1,9.5,10.2004203796,21
262,229504607349828a36f6f03e,M20,1,11.76,12.4585971832,20
262,229504607349828a36f6f03e,M21,1,9.02,9.93086338043,21
262,229504607349828a36f6f03e,M22,1,22.52,24.3324298859,45
262,229504607349828a36f6f03e,M23,1,19.45,21.2001361847,45
262,229504607349828a36f6f03e,M24,1,22.76,24.8765220642,45
262,229504607349828a36f6f03e,M25,1,14.88,15.2989015579,20
262,229504607349828a36f6f03e,M26,1,13.69,14.102107048,20
262,229504607349828a36f6f03e,M27,1,18.17,19.1266784668,30
262,229504607349828a36f6f03e,M28,1,16.36,17.2197666168,30
262,229504607349828a36f6f03e,M29,1,18.08,19.2091140747,30
262,229504607349828a36f6f03e,M30,1,11.34,11.8870716095,21
263,7738c55f945d0df2535c994a,M01,2,7.89,7.04848480225,10
263,7738c55f945d0df2535c994a,M02,2,10.52,9.49102497101,15
263,7738c55f945d0df2535c994a,M03,2,11.83,9.83562850952,21
263,7738c55f945d0df2535c994a,M04,2,10.77,9.38652706146,21
263,7738c55f945d0df2535c994a,M05,2,10.91,9.39367961884,21
263,7738c55f945d0df2535c994a,M06,2,14.56,12.6486663818,21
263,7738c55f945d0df2535c994a,M07,2,16.49,13.9967813492,30
263,7738c55f945d0df2535c994a,M08,2,20.82,17.9783744812,30
263,7738c55f945d0df2535c994a,M09,2,19.36,17.015750885,30
263,7738c55f945d0df2535c994a,M10,2,22.33,19.6011772156,30
263,7738c55f945d0df2535c994a,M11,2,21.31,18.5423145294,30
263,7738c55f945d0df2535c994a,M12,2,30.31,26.7196159363,45
263,7738c55f945d0df2535c994a,M13,2,31.47,27.1723690033,60
263,7738c55f945d0df2535c994a,M14,2,28.16,23.8659362793,60
263,7738c55f945d0df2535c994a,M15,2,31.47,26.9117450714,60
263,7738c55f945d0df2535c994a,M16,2,60.42,58.0112533569,100
263,7738c55f945d0df2535c994a,M17,2,8.04,6.74381780624,14
263,7738c55f945d0df2535c994a,M18,2,11.25,9.50582885742,21
263,7738c55f945d0df2535c994a,M19,2,10.2,7.94331502914,21
263,7738c55f945d0df2535c994a,M20,2,12.35,9.85956764221,20
263,7738c55f945d0df2535c994a,M21,2,9.41,7.59578561783,21
263,7738c55f945d0df2535c994a,M22,2,24.26,17.9698371887,45
263,7738c55f945d0df2535c994a,M23,2,20.99,15.5860567093,45
263,7738c55f945d0df2535c994a,M24,2,24.63,17.8150234222,45
263,7738c55f945d0df2535c994a,M25,2,14.9,13.9532308578,20
263,7738c55f945d0df2535c994a,M26,2,13.69,12.3276433945,20
263,7738c55f945d0df2535c994a,M27,2,18.21,16.282453537,30
263,7738c55f945d0df2535c994a,M28,2,16.41,14.2600164413,30
263,7738c55f945d0df2535c994a,M29,2,17.95,15.9917650223,30
263,7738c55f945d0df2535c994a,M30,2,11.48,10.0394487381,21
264,ad56a84d141e631b2b1c6a48,M01,2,8.09,8.32108020782,10
264,ad56a84d141e631b2b1c6a48,M02,2,13.33,11.6605796814,15
264,ad56a84d141e631b2b1c6a48,M03,2,15.84,13.404132843,21
264,ad56a84d141e631b2b1c6a48,M04,2,14.78,12.8086175919,21
264,ad56a84d141e631b2b1c6a48,M05,2,15.11,13.0096273422,21
264,ad56a84d141e631b2b1c6a48,M06,2,19.66,16.3705253601,21
264,ad56a84d141e631b2b1c6a48,M07,2,22.51,19.1626739502,30
264,ad56a84d141e631b2b1c6a48,M08,2,26.43,23.3433818817,30
264,ad56a84d141e631b2b1c6a48,M09,2,24.93,22.4330730438,30
264,ad56a84d141e631b2b1c6a48,M10,2,28.2,24.8150577545,30
264,ad56a84d141e631b2b1c6a48,M11,2,27.17,24.3079185486,30
264,ad56a84d141e631b2b1c6a48,M12,2,39.53,35.1736831665,45
264,ad56a84d141e631b2b1c6a48,M13,2,43.12,37.2986602783,60
264,ad56a84d141e631b2b1c6a48,M14,2,40.61,35.6028594971,60
264,ad56a84d141e631b2b1c6a48,M15,2,42.69,37.4023933411,60
264,ad56a84d141e631b2b1c6a48,M16,2,72.91,64.11693573,100
264,ad56a84d141e631b2b1c6a48,M17,2,10.4,9.14159488678,14
264,ad56a84d141e631b2b1c6a48,M18,2,14.92,13.1715555191,21
264,ad56a84d141e631b2b1c6a48,M19,2,13.21,12.9225072861,21
264,ad56a84d141e631b2b1c6a48,M20,2,15.52,14.9432535172,20
264,ad56a84d141e631b2b1c6a48,M21,2,15.12,12.6360359192,21
264,ad56a84d141e631b2b1c6a48,M22,2,34.15,32.0579872131,45
264,ad56a84d141e631b2b1c6a48,M23,2,37.84,31.2506484985,45
264,ad56a84d141e631b2b1c6a48,M24,2,33.69,32.1716537476,45
264,ad56a84d141e631b2b1c6a48,M25,2,19.47,16.2800807953,20
264,ad56a84d141e631b2b1c6a48,M26,2,17.32,15.1056852341,20
264,ad56a84d141e631b2b1c6a48,M27,2,24.7,21.2544651031,30
264,ad56a84d141e631b2b1c6a48,M28,2,22.54,19.8996543884,30
264,ad56a84d141e631b2b1c6a48,M29,2,24.02,21.0623931885,30
264,ad56a84d141e631b2b1c6a48,M30,2,15.99,13.5861959457,21
265,04831b0ea0bfee04fcc4eb27,M01,4,8.11,8.59855556488,10
265,04831b0ea0bfee04fcc4eb27,M02,4,10.82,11.1115169525,15
265,04831b0ea0bfee04fcc4eb27,M03,4,12.44,11.5475378036,21
265,04831b0ea0bfee04fcc4eb27,M04,4,11.38,11.0130233765,21
265,04831b0ea0bfee04fcc4eb27,M05,4,11.56,11.0035486221,21
265,04831b0ea0bfee04fcc4eb27,M06,4,15.18,14.1606330872,21
265,04831b0ea0bfee04fcc4eb27,M07,4,17.43,16.0804367065,30
265,04831b0ea0bfee04fcc4eb27,M08,4,21.7,21.130115509,30
265,04831b0ea0bfee04fcc4eb27,M09,4,20.24,19.9209804535,30
265,04831b0ea0bfee04fcc4eb27,M10,4,23.18,22.6000804901,30
265,04831b0ea0bfee04fcc4eb27,M11,4,22.35,21.6556434631,30
265,04831b0ea0bfee04fcc4eb27,M12,4,31.79,30.403799057,45
265,04831b0ea0bfee04fcc4eb27,M13,4,33.13,30.7460098267,60
265,04831b0ea0bfee04fcc4eb27,M14,4,29.92,27.1562023163,60
265,04831b0ea0bfee04fcc4eb27,M15,4,33.57,30.7869167328,60
265,04831b0ea0bfee04fcc4eb27,M16,4,62.16,54.6513786316,100
265,04831b0ea0bfee04fcc4eb27,M17,4,8.32,8.31584835052,14
265,04831b0ea0bfee04fcc4eb27,M18,4,11.82,11.3014211655,21
265,04831b0ea0bfee04fcc4eb27,M19,4,10.24,9.68884658813,21
265,04831b0ea0bfee04fcc4eb27,M20,4,12.29,11.3889312744,20
265,04831b0ea0bfee04fcc4eb27,M21,4,9.41,9.19878101349,21
265,04831b0ea0bfee04fcc4eb27,M22,4,23.94,22.1733360291,45
265,04831b0ea0bfee04fcc4eb27,M23,4,20.66,19.1715564728,45
265,04831b0ea0bfee04fcc4eb27,M24,4,24.56,22.3820457458,45
265,04831b0ea0bfee04fcc4eb27,M25,4,15.57,15.3088140488,20
265,04831b0ea0bfee04fcc4eb27,M26,4,14.34,14.0913677216,20
265,04831b0ea0bfee04fcc4eb27,M27,4,19.54,18.7720069885,30
265,04831b0ea0bfee04fcc4eb27,M28,4,17.74,17.049079895,30
265,04831b0ea0bfee04fcc4eb27,M29,4,19.48,18.7675552368,30
265,04831b0ea0bfee04fcc4eb27,M30,4,12.47,11.7878599167,21
266,09fdfb57668810ac2e3b712f,M01,0,7.24,8.04435825348,10
266,09fdfb57668810ac2e3b712f,M02,0,9.58,9.99203681946,15
266,09fdfb57668810ac2e3b712f,M03,0,9.89,10.3305683136,21
266,09fdfb57668810ac2e3b712f,M04,0,8.99,9.76333904266,21
266,09fdfb57668810ac2e3b712f,M05,0,9,9.83649635315,21
266,09fdfb57668810ac2e3b712f,M06,0,12.51,12.933380127,21
266,09fdfb57668810ac2e3b712f,M07,0,13.54,14.4148807526,30
266,09fdfb57668810ac2e3b712f,M08,0,17.96,18.6760883331,30
266,09fdfb57668810ac2e3b712f,M09,0,16.71,17.6177139282,30
266,09fdfb57668810ac2e3b712f,M10,0,19.52,20.0129852295,30
266,09fdfb57668810ac2e3b712f,M11,0,18.55,19.0430011749,30
266,09fdfb57668810ac2e3b712f,M12,0,25.5,26.481054306,45
266,09fdfb57668810ac2e3b712f,M13,0,25.67,26.7020721436,60
266,09fdfb57668810ac2e3b712f,M14,0,22.1,23.303899765,60
266,09fdfb57668810ac2e3b712f,M15,0,25.31,26.4172897339,60
266,09fdfb57668810ac2e3b712f,M16,0,53.93,54.6343727112,100
266,09fdfb57668810ac2e3b712f,M17,0,6.99,7.34805679321,14
266,09fdfb57668810ac2e3b712f,M18,0,9.61,9.85409927368,21
266,09fdfb57668810ac2e3b712f,M19,0,7.04,8.36252880096,21
266,09fdfb57668810ac2e3b712f,M20,0,9.37,10.2900810242,20
266,09fdfb57668810ac2e3b712f,M21,0,6.6,7.82503461838,21
266,09fdfb57668810ac2e3b712f,M22,0,15.31,18.5498504639,45
266,09fdfb57668810ac2e3b712f,M23,0,13.01,16.1474227905,45
266,09fdfb57668810ac2e3b712f,M24,0,15.3,18.3684501648,45
266,09fdfb57668810ac2e3b712f,M25,0,14.06,14.4716615677,20
266,09fdfb57668810ac2e3b712f,M26,0,12.74,13.1826477051,20
266,09fdfb57668810ac2e3b712f,M27,0,16.38,16.2760486603,30
266,09fdfb57668810ac2e3b712f,M28,0,14.36,14.5786819458,30
266,09fdfb57668810ac2e3b712f,M29,0,16.03,15.9426298141,30
266,09fdfb57668810ac2e3b712f,M30,0,9.92,10.7040128708,21
267,d520bf8d91251ecd00cc4b41,M01,4,4.93,5.45353937149,10
267,d520bf8d91251ecd00cc4b41,M02,4,6.42,7.01117086411,15
267,d520bf8d91251ecd00cc4b41,M03,4,5.54,6.65649700165,21
267,d520bf8d91251ecd00cc4b41,M04,4,5.21,6.36980056763,21
267,d520bf8d91251ecd00cc4b41,M05,4,5.12,6.28791189194,21
267,d520bf8d91251ecd00cc4b41,M06,4,7,8.83152294159,21
267,d520bf8d91251ecd00cc4b41,M07,4,7.02,8.92054462433,30
267,d520bf8d91251ecd00cc4b41,M08,4,9.23,11.4656324387,30
267,d520bf8d91251ecd00cc4b41,M09,4,7.93,10.6190357208,30
267,d520bf8d91251ecd00cc4b41,M10,4,10.74,13.0834178925,30
267,d520bf8d91251ecd00cc4b41,M11,4,9.74,12.076338768,30
267,d520bf8d91251ecd00cc4b41,M12,4,11.11,14.7334728241,45
267,d520bf8d91251ecd00cc4b41,M13,4,11.08,14.7290182114,60
267,d520bf8d91251ecd00cc4b41,M14,4,11.32,13.3970165253,60
267,d520bf8d91251ecd00cc4b41,M15,4,8.72,14.1490268707,60
267,d520bf8d91251ecd00cc4b41,M16,4,20.42,29.720708847,100
267,d520bf8d91251ecd00cc4b41,M17,4,3.43,4.8510055542,14
267,d520bf8d91251ecd00cc4b41,M18,4,5.49,6.63906526566,21
267,d520bf8d91251ecd00cc4b41,M19,4,4.77,5.39010572433,21
267,d520bf8d91251ecd00cc4b41,M20,4,5.92,6.98146724701,20
267,d520bf8d91251ecd00cc4b41,M21,4,4.74,5.12506484985,21
267,d520bf8d91251ecd00cc4b41,M22,4,8.65,10.2190942764,45
267,d520bf8d91251ecd00cc4b41,M23,4,7.38,8.75945949554,45
267,d520bf8d91251ecd00cc4b41,M24,4,8.43,9.86881256104,45
267,d520bf8d91251ecd00cc4b41,M25,4,10.08,10.3509492874,20
267,d520bf8d91251ecd00cc4b41,M26,4,8.43,9.34154129028,20
267,d520bf8d91251ecd00cc4b41,M27,4,9.5,11.3497161865,30
267,d520bf8d91251ecd00cc4b41,M28,4,8.02,10.0653133392,30
267,d520bf8d91251ecd00cc4b41,M29,4,9.65,10.8400802612,30
267,d520bf8d91251ecd00cc4b41,M30,4,5.89,6.81849861145,21
268,d69eda8667f021413c4a9f83,M01,2,5.91,4.71226263046,10
268,d69eda8667f021413c4a9f83,M02,2,7.8,6.25505495071,15
268,d69eda8667f021413c4a9f83,M03,2,7.08,5.95576763153,21
268,d69eda8667f021413c4a9f83,M04,2,6.43,5.5779709816,21
268,d69eda8667f021413c4a9f83,M05,2,6.27,5.52791690826,21
268,d69eda8667f021413c4a9f83,M06,2,8.7,7.2163143158,21
268,d69eda8667f021413c4a9f83,M07,2,9.1,7.21413850784,30
268,d69eda8667f021413c4a9f83,M08,2,12.69,9.71947002411,30
268,d69eda8667f021413c4a9f83,M09,2,11.61,8.74104499817,30
268,d69eda8667f021413c4a9f83,M10,2,14.43,11.0442752838,30
268,d69eda8667f021413c4a9f83,M11,2,13.51,10.2198925018,30
268,d69eda8667f021413c4a9f83,M12,2,16.32,11.508597374,45
268,d69eda8667f021413c4a9f83,M13,2,15.65,11.8581790924,60
268,d69eda8667f021413c4a9f83,M14,2,15.74,10.3725833893,60
268,d69eda8667f021413c4a9f83,M15,2,12.9,11.4858083725,60
268,d69eda8667f021413c4a9f83,M16,2,34.55,22.1452159882,100
268,d69eda8667f021413c4a9f83,M17,2,5.2,3.87180709839,14
268,d69eda8667f021413c4a9f83,M18,2,7.21,6.0505604744,21
268,d69eda8667f021413c4a9f83,M19,2,5.13,4.76644229889,21
268,d69eda8667f021413c4a9f83,M20,2,6.96,5.56791448593,20
268,d69eda8667f021413c4a9f83,M21,2,5.11,4.60926771164,21
268,d69eda8667f021413c4a9f83,M22,2,10.41,8.7151889801,45
268,d69eda8667f021413c4a9f83,M23,2,9.27,7.05336666107,45
268,d69eda8667f021413c4a9f83,M24,2,10.34,8.55949783325,45
268,d69eda8667f021413c4a9f83,M25,2,11.54,8.91917514801,20
268,d69eda8667f021413c4a9f83,M26,2,10.06,8.10909366608,20
268,d69eda8667f021413c4a9f83,M27,2,11.62,9.9072265625,30
268,d69eda8667f021413c4a9f83,M28,2,9.91,8.60616397858,30
268,d69eda8667f021413c4a9f83,M29,2,11.77,9.46229553223,30
268,d69eda8667f021413c4a9f83,M30,2,6.83,6.24261140823,21
270,b8c82d904caebcfae94507d9,M01,2,6.99,7.45838594437,10
270,b8c82d904caebcfae94507d9,M02,2,9.81,9.89458084106,15
270,b8c82d904caebcfae94507d9,M03,2,10.49,10.3234786987,21
270,b8c82d904caebcfae94507d9,M04,2,9.85,9.92272090912,21
270,b8c82d904caebcfae94507d9,M05,2,9.69,9.87361907959,21
270,b8c82d904caebcfae94507d9,M06,2,12.46,13.0921068192,21
270,b8c82d904caebcfae94507d9,M07,2,14.58,14.8363752365,30
270,b8c82d904caebcfae94507d9,M08,2,18.92,19.2800998688,30
270,b8c82d904caebcfae94507d9,M09,2,18.05,18.2236614227,30
270,b8c82d904caebcfae94507d9,M10,2,20.37,20.3974380493,30
270,b8c82d904caebcfae94507d9,M11,2,19.62,19.6937847137,30
270,b8c82d904caebcfae94507d9,M12,2,27.34,27.3322353363,45
270,b8c82d904caebcfae94507d9,M13,2,26.18,27.4611377716,60
270,b8c82d904caebcfae94507d9,M14,2,23.28,23.416425705,60
270,b8c82d904caebcfae94507d9,M15,2,27.59,28.0930595398,60
270,b8c82d904caebcfae94507d9,M16,2,54.65,53.3434486389,100
270,b8c82d904caebcfae94507d9,M17,2,7.41,7.4760184288,14
270,b8c82d904caebcfae94507d9,M18,2,10.19,10.1946773529,21
270,b8c82d904caebcfae94507d9,M19,2,8.25,8.54730796814,21
270,b8c82d904caebcfae94507d9,M20,2,11.78,11.5334587097,20
270,b8c82d904caebcfae94507d9,M21,2,8.63,8.48000144958,21
270,b8c82d904caebcfae94507d9,M22,2,21.16,20.5240535736,45
270,b8c82d904caebcfae94507d9,M23,2,16.86,16.9339065552,45
270,b8c82d904caebcfae94507d9,M24,2,28.22,21.7141551971,45
270,b8c82d904caebcfae94507d9,M25,2,13.78,13.8160762787,20
270,b8c82d904caebcfae94507d9,M26,2,12.66,12.6593341827,20
270,b8c82d904caebcfae94507d9,M27,2,16.15,16.9395618439,30
270,b8c82d904caebcfae94507d9,M28,2,14.48,14.7576990128,30
270,b8c82d904caebcfae94507d9,M29,2,16.69,17.1723155975,30
270,b8c82d904caebcfae94507d9,M30,2,10.07,10.2337274551,21
271,648bc1f8679a9275b66f6275,M01,1,9.42,8.98205375671,10
271,648bc1f8679a9275b66f6275,M02,1,11.84,12.6827840805,15
271,648bc1f8679a9275b66f6275,M03,1,14.36,14.8080120087,21
271,648bc1f8679a9275b66f6275,M04,1,13.43,13.9348497391,21
271,648bc1f8679a9275b66f6275,M05,1,13.68,14.3591051102,21
271,648bc1f8679a9275b66f6275,M06,1,17.4,17.670343399,21
271,648bc1f8679a9275b66f6275,M07,1,20.41,20.9203796387,30
271,648bc1f8679a9275b66f6275,M08,1,24.36,25.1778182983,30
271,648bc1f8679a9275b66f6275,M09,1,23.11,24.009645462,30
271,648bc1f8679a9275b66f6275,M10,1,25.85,26.3069934845,30
271,648bc1f8679a9275b66f6275,M11,1,25.02,25.9313659668,30
271,648bc1f8679a9275b66f6275,M12,1,36.46,37.5892105103,45
271,648bc1f8679a9275b66f6275,M13,1,39.26,39.8770294189,60
271,648bc1f8679a9275b66f6275,M14,1,36.62,38.4203071594,60
271,648bc1f8679a9275b66f6275,M15,1,38.98,40.1217155457,60
271,648bc1f8679a9275b66f6275,M16,1,68.84,68.4692077637,100
271,648bc1f8679a9275b66f6275,M17,1,9.5,9.58302307129,14
271,648bc1f8679a9275b66f6275,M18,1,13.65,14.1962003708,21
271,648bc1f8679a9275b66f6275,M19,1,14.35,14.1929578781,21
271,648bc1f8679a9275b66f6275,M20,1,15.84,15.8959360123,20
271,648bc1f8679a9275b66f6275,M21,1,13.14,13.398859024,21
271,648bc1f8679a9275b66f6275,M22,1,35.49,34.0783004761,45
271,648bc1f8679a9275b66f6275,M23,1,32.24,33.1029548645,45
271,648bc1f8679a9275b66f6275,M24,1,35.27,34.2518424988,45
271,648bc1f8679a9275b66f6275,M25,1,17.1,17.5576000214,20
271,648bc1f8679a9275b66f6275,M26,1,15.71,16.5179843903,20
271,648bc1f8679a9275b66f6275,M27,1,22.14,22.4386844635,30
271,648bc1f8679a9275b66f6275,M28,1,20.47,21.2804851532,30
271,648bc1f8679a9275b66f6275,M29,1,21.66,22.5932750702,30
271,648bc1f8679a9275b66f6275,M30,1,14.43,14.8743448257,21
272,7fb8af142894de9d555b9983,M01,3,8.17,7.74599695206,10
272,7fb8af142894de9d555b9983,M02,3,10.83,10.600528717,15
272,7fb8af142894de9d555b9983,M03,3,12.52,11.5684890747,21
272,7fb8af142894de9d555b9983,M04,3,11.56,11.0530719757,21
272,7fb8af142894de9d555b9983,M05,3,11.72,11.1388883591,21
272,7fb8af142894de9d555b9983,M06,3,15.25,14.48919487,21
272,7fb8af142894de9d555b9983,M07,3,17.58,16.6827392578,30
272,7fb8af142894de9d555b9983,M08,3,21.82,21.2627563477,30
272,7fb8af142894de9d555b9983,M09,3,20.51,20.015411377,30
272,7fb8af142894de9d555b9983,M10,3,23.27,22.5772857666,30
272,7fb8af142894de9d555b9983,M11,3,22.47,21.9593524933,30
272,7fb8af142894de9d555b9983,M12,3,32.08,31.2678833008,45
272,7fb8af142894de9d555b9983,M13,3,33.65,31.806930542,60
272,7fb8af142894de9d555b9983,M14,3,30.61,29.0227565765,60
272,7fb8af142894de9d555b9983,M15,3,33.67,32.1894226074,60
272,7fb8af142894de9d555b9983,M16,3,62.76,61.374004364,100
272,7fb8af142894de9d555b9983,M17,3,8.45,7.81570672989,14
272,7fb8af142894de9d555b9983,M18,3,11.97,11.3868961334,21
272,7fb8af142894de9d555b9983,M19,3,11.46,10.0232992172,21
272,7fb8af142894de9d555b9983,M20,3,13.4,12.2934818268,20
272,7fb8af142894de9d555b9983,M21,3,10.61,9.48535633087,21
272,7fb8af142894de9d555b9983,M22,3,27.86,24.1059989929,45
272,7fb8af142894de9d555b9983,M23,3,24.49,21.3072471619,45
272,7fb8af142894de9d555b9983,M24,3,27.95,24.8114452362,45
272,7fb8af142894de9d555b9983,M25,3,15.64,15.3088760376,20
272,7fb8af142894de9d555b9983,M26,3,14.39,14.227355957,20
272,7fb8af142894de9d555b9983,M27,3,19.65,18.9642066956,30
272,7fb8af142894de9d555b9983,M28,3,17.94,17.4263343811,30
272,7fb8af142894de9d555b9983,M29,3,19.51,19.037027359,30
272,7fb8af142894de9d555b9983,M30,3,12.55,11.8932857513,21
273,ca6cb56c983e5492cd15a656,M01,3,7.69,7.6017947197,10
273,ca6cb56c983e5492cd15a656,M02,3,10.28,10.3332958221,15
273,ca6cb56c983e5492cd15a656,M03,3,11.4,11.2806196213,21
273,ca6cb56c983e5492cd15a656,M04,3,10.48,10.8736486435,21
273,ca6cb56c983e5492cd15a656,M05,3,10.37,10.8506851196,21
273,ca6cb56c983e5492cd15a656,M06,3,14.07,14.0768995285,21
273,ca6cb56c983e5492cd15a656,M07,3,15.91,16.1026744843,30
273,ca6cb56c983e5492cd15a656,M08,3,20.26,20.5593509674,30
273,ca6cb56c983e5492cd15a656,M09,3,19,19.392282486,30
273,ca6cb56c983e5492cd15a656,M10,3,21.71,21.8022499084,30
273,ca6cb56c983e5492cd15a656,M11,3,20.55,21.1161460876,30
273,ca6cb56c983e5492cd15a656,M12,3,29.5,29.9535140991,45
273,ca6cb56c983e5492cd15a656,M13,3,30.39,30.891462326,60
273,ca6cb56c983e5492cd15a656,M14,3,27.26,27.5527915955,60
273,ca6cb56c983e5492cd15a656,M15,3,30.41,30.9789028168,60
273,ca6cb56c983e5492cd15a656,M16,3,59.23,62.4019203186,100
273,ca6cb56c983e5492cd15a656,M17,3,7.9,7.52092027664,14
273,ca6cb56c983e5492cd15a656,M18,3,11.09,11.1679592133,21
273,ca6cb56c983e5492cd15a656,M19,3,8.96,9.63491725922,21
273,ca6cb56c983e5492cd15a656,M20,3,11.38,11.612695694,20
273,ca6cb56c983e5492cd15a656,M21,3,8.54,9.2151889801,21
273,ca6cb56c983e5492cd15a656,M22,3,21.21,22.0645446777,45
273,ca6cb56c983e5492cd15a656,M23,3,18.37,19.0463867188,45
273,ca6cb56c983e5492cd15a656,M24,3,21.66,22.3137016296,45
273,ca6cb56c983e5492cd15a656,M25,3,13.93,15.0616855621,20
273,ca6cb56c983e5492cd15a656,M26,3,12.72,13.7945575714,20
273,ca6cb56c983e5492cd15a656,M27,3,16.27,18.2906513214,30
273,ca6cb56c983e5492cd15a656,M28,3,14.47,16.4478969574,30
273,ca6cb56c983e5492cd15a656,M29,3,16.5,18.1561985016,30
273,ca6cb56c983e5492cd15a656,M30,3,10.02,11.6200551987,21
274,9b385e5777f6b270736964d8,M01,4,5,5.00785160065,10
274,9b385e5777f6b270736964d8,M02,4,6.55,6.57313966751,15
274,9b385e5777f6b270736964d8,M03,4,5.62,6.44179201126,21
274,9b385e5777f6b270736964d8,M04,4,5.27,6.14056634903,21
274,9b385e5777f6b270736964d8,M05,4,5.18,6.07325315475,21
274,9b385e5777f6b270736964d8,M06,4,7.1,8.1889667511,21
274,9b385e5777f6b270736964d8,M07,4,7.18,8.6231546402,30
274,9b385e5777f6b270736964d8,M08,4,9.43,10.2026948929,30
274,9b385e5777f6b270736964d8,M09,4,8.17,9.43069458008,30
274,9b385e5777f6b270736964d8,M10,4,11.08,11.0275344849,30
274,9b385e5777f6b270736964d8,M11,4,10.07,10.598783493,30
274,9b385e5777f6b270736964d8,M12,4,11.55,14.0188026428,45
274,9b385e5777f6b270736964d8,M13,4,11.47,13.8374881744,60
274,9b385e5777f6b270736964d8,M14,4,8.92,12.7254724503,60
274,9b385e5777f6b270736964d8,M15,4,11.8,13.4304838181,60
274,9b385e5777f6b270736964d8,M16,4,21.46,28.7136135101,100
274,9b385e5777f6b270736964d8,M17,4,3.49,4.41989326477,14
274,9b385e5777f6b270736964d8,M18,4,5.55,6.39321517944,21
274,9b385e5777f6b270736964d8,M19,4,4.7,5.18487691879,21
274,9b385e5777f6b270736964d8,M20,4,5.67,6.23727989197,20
274,9b385e5777f6b270736964d8,M21,4,4.62,4.87921571732,21
274,9b385e5777f6b270736964d8,M22,4,8.18,8.90722370148,45
274,9b385e5777f6b270736964d8,M23,4,6.95,7.77912378311,45
274,9b385e5777f6b270736964d8,M24,4,8.01,8.72992897034,45
274,9b385e5777f6b270736964d8,M25,4,9.85,10.1998748779,20
274,9b385e5777f6b270736964d8,M26,4,8.23,9.37179279327,20
274,9b385e5777f6b270736964d8,M27,4,9.35,11.099650383,30
274,9b385e5777f6b270736964d8,M28,4,7.95,10.1507520676,30
274,9b385e5777f6b270736964d8,M29,4,9.46,10.6524753571,30
274,9b385e5777f6b270736964d8,M30,4,5.59,7.08829021454,21
275,a3cc9e6104a657c18f86b132,M01,0,6.95,7.10334825516,10
275,a3cc9e6104a657c18f86b132,M02,0,9.83,9.97675895691,15
275,a3cc9e6104a657c18f86b132,M03,0,10.29,10.3495092392,21
275,a3cc9e6104a657c18f86b132,M04,0,9.75,9.86372089386,21
275,a3cc9e6104a657c18f86b132,M05,0,9.82,9.89006328583,21
275,a3cc9e6104a657c18f86b132,M06,0,12.38,12.9747419357,21
275,a3cc9e6104a657c18f86b132,M07,0,14.46,15.1858224869,30
275,a3cc9e6104a657c18f86b132,M08,0,18.76,19.5026607513,30
275,a3cc9e6104a657c18f86b132,M09,0,17.87,18.2911491394,30
275,a3cc9e6104a657c18f86b132,M10,0,20.01,20.8088741302,30
275,a3cc9e6104a657c18f86b132,M11,0,19.45,19.8429470062,30
275,a3cc9e6104a657c18f86b132,M12,0,27.14,27.5570812225,45
275,a3cc9e6104a657c18f86b132,M13,0,25.8,27.6403656006,60
275,a3cc9e6104a657c18f86b132,M14,0,22.84,23.4747619629,60
275,a3cc9e6104a657c18f86b132,M15,0,27.24,28.3006896973,60
275,a3cc9e6104a657c18f86b132,M16,0,54.19,51.9454116821,100
275,a3cc9e6104a657c18f86b132,M17,0,7.27,7.07915973663,14
275,a3cc9e6104a657c18f86b132,M18,0,9.96,10.1196985245,21
275,a3cc9e6104a657c18f86b132,M19,0,8.16,9.05885314941,21
275,a3cc9e6104a657c18f86b132,M20,0,11.73,11.1499242783,20
275,a3cc9e6104a657c18f86b132,M21,0,8.59,8.61514377594,21
275,a3cc9e6104a657c18f86b132,M22,0,21.07,21.1015815735,45
275,a3cc9e6104a657c18f86b132,M23,0,16.71,17.1755981445,45
275,a3cc9e6104a657c18f86b132,M24,0,28.11,22.224565506,45
275,a3cc9e6104a657c18f86b132,M25,0,13.72,13.7230014801,20
275,a3cc9e6104a657c18f86b132,M26,0,12.59,12.6525506973,20
275,a3cc9e6104a657c18f86b132,M27,0,15.97,16.8414707184,30
275,a3cc9e6104a657c18f86b132,M28,0,14.32,14.7208843231,30
275,a3cc9e6104a657c18f86b132,M29,0,16.45,17.2425231934,30
275,a3cc9e6104a657c18f86b132,M30,0,9.88,10.3984766006,21
277,1d0a43c80b2575e810c29b2d,M01,0,7.03,7.12975311279,10
277,1d0a43c80b2575e810c29b2d,M02,0,9.38,8.9583940506,15
277,1d0a43c80b2575e810c29b2d,M03,0,9.55,8.79881954193,21
277,1d0a43c80b2575e810c29b2d,M04,0,8.81,8.24664402008,21
277,1d0a43c80b2575e810c29b2d,M05,0,8.87,8.26121807098,21
277,1d0a43c80b2575e810c29b2d,M06,0,12.07,10.968085289,21
277,1d0a43c80b2575e810c29b2d,M07,0,13.04,11.1496429443,30
277,1d0a43c80b2575e810c29b2d,M08,0,17.44,16.0591220856,30
277,1d0a43c80b2575e810c29b2d,M09,0,16.41,15.0612449646,30
277,1d0a43c80b2575e810c29b2d,M10,0,19.03,17.4342136383,30
277,1d0a43c80b2575e810c29b2d,M11,0,18.31,16.3697891235,30
277,1d0a43c80b2575e810c29b2d,M12,0,24.67,22.4274482727,45
277,1d0a43c80b2575e810c29b2d,M13,0,24.67,22.4060955048,60
277,1d0a43c80b2575e810c29b2d,M14,0,21.24,19.6712989807,60
277,1d0a43c80b2575e810c29b2d,M15,0,24.48,22.4112949371,60
277,1d0a43c80b2575e810c29b2d,M16,0,52.79,46.6723480225,100
277,1d0a43c80b2575e810c29b2d,M17,0,6.93,6.45448064804,14
277,1d0a43c80b2575e810c29b2d,M18,0,9.43,8.35558700562,21
277,1d0a43c80b2575e810c29b2d,M19,0,7.55,6.91302013397,21
277,1d0a43c80b2575e810c29b2d,M20,0,9.93,8.61862659454,20
277,1d0a43c80b2575e810c29b2d,M21,0,7.23,6.46934080124,21
277,1d0a43c80b2575e810c29b2d,M22,0,16.88,14.9678173065,45
277,1d0a43c80b2575e810c29b2d,M23,0,14.29,12.6954460144,45
277,1d0a43c80b2575e810c29b2d,M24,0,17.19,14.9458112717,45
277,1d0a43c80b2575e810c29b2d,M25,0,13.81,13.2507371902,20
277,1d0a43c80b2575e810c29b2d,M26,0,12.51,12.2874879837,20
277,1d0a43c80b2575e810c29b2d,M27,0,15.86,14.8785562515,30
277,1d0a43c80b2575e810c29b2d,M28,0,13.91,13.2241325378,30
277,1d0a43c80b2575e810c29b2d,M29,0,15.68,14.5317306519,30
277,1d0a43c80b2575e810c29b2d,M30,0,9.58,9.10707855225,21
278,7379aff9cd07b6083d7fa843,M01,0,9.48,9.52033615112,10
278,7379aff9cd07b6083d7fa843,M02,0,12.01,12.6547040939,15
278,7379aff9cd07b6083d7fa843,M03,0,14.6,13.9340572357,21
278,7379aff9cd07b6083d7fa843,M04,0,13.58,13.3674125671,21
278,7379aff9cd07b6083d7fa843,M05,0,13.91,13.5474491119,21
278,7379aff9cd07b6083d7fa843,M06,0,17.48,17.0158882141,21
278,7379aff9cd07b6083d7fa843,M07,0,20.77,19.7437019348,30
278,7379aff9cd07b6083d7fa843,M08,0,24.71,25.5081062317,30
278,7379aff9cd07b6083d7fa843,M09,0,23.32,24.3230247498,30
278,7379aff9cd07b6083d7fa843,M10,0,26.17,26.666852951,30
278,7379aff9cd07b6083d7fa843,M11,0,25.37,26.2662639618,30
278,7379aff9cd07b6083d7fa843,M12,0,37.02,36.9525566101,45
278,7379aff9cd07b6083d7fa843,M13,0,39.55,38.1737785339,60
278,7379aff9cd07b6083d7fa843,M14,0,37.02,36.0679855347,60
278,7379aff9cd07b6083d7fa843,M15,0,39.81,38.3769454956,60
278,7379aff9cd07b6083d7fa843,M16,0,69.16,66.7637176514,100
278,7379aff9cd07b6083d7fa843,M17,0,9.58,9.80559921265,14
278,7379aff9cd07b6083d7fa843,M18,0,13.81,13.6462106705,21
278,7379aff9cd07b6083d7fa843,M19,0,15.17,13.2496557236,21
278,7379aff9cd07b6083d7fa843,M25,0,17.16,17.3324737549,20
278,7379aff9cd07b6083d7fa843,M26,0,15.83,15.8842153549,20
278,7379aff9cd07b6083d7fa843,M27,0,22.25,22.0107784271,30
278,7379aff9cd07b6083d7fa843,M28,0,20.64,20.3898124695,30
278,7379aff9cd07b6083d7fa843,M29,0,22.01,22.2043437958,30
278,7379aff9cd07b6083d7fa843,M30,0,14.65,14.1521396637,21
280,bed4536832eee8371b3e89bd,M01,0,7.02,6.93732643127,10
280,bed4536832eee8371b3e89bd,M02,0,9.87,9.63025951385,15
280,bed4536832eee8371b3e89bd,M03,0,10.86,10.2466306686,21
280,bed4536832eee8371b3e89bd,M04,0,9.91,9.8075876236,21
280,bed4536832eee8371b3e89bd,M05,0,9.62,9.82146072388,21
280,bed4536832eee8371b3e89bd,M06,0,13.49,12.698425293,21
280,bed4536832eee8371b3e89bd,M07,0,14.35,14.8997344971,30
280,bed4536832eee8371b3e89bd,M08,0,19.01,19.1314678192,30
280,bed4536832eee8371b3e89bd,M09,0,17.88,17.9515762329,30
280,bed4536832eee8371b3e89bd,M10,0,20.96,20.5106678009,30
280,bed4536832eee8371b3e89bd,M11,0,19.7,19.6349639893,30
280,bed4536832eee8371b3e89bd,M12,0,26.94,26.8646793365,45
280,bed4536832eee8371b3e89bd,M13,0,25.8,27.0179672241,60
280,bed4536832eee8371b3e89bd,M14,0,23.22,23.0532798767,60
280,bed4536832eee8371b3e89bd,M15,0,26.77,27.4968223572,60
280,bed4536832eee8371b3e89bd,M16,0,54.17,57.0685882568,100
280,bed4536832eee8371b3e89bd,M17,0,7.16,6.7772102356,14
280,bed4536832eee8371b3e89bd,M18,0,10.13,9.91321277618,21
280,bed4536832eee8371b3e89bd,M19,0,7.68,8.21133041382,21
280,bed4536832eee8371b3e89bd,M20,0,8.44,10.45682621,20
280,bed4536832eee8371b3e89bd,M21,0,6.94,8.01582813263,21
280,bed4536832eee8371b3e89bd,M22,0,14.79,19.7151889801,45
280,bed4536832eee8371b3e89bd,M23,0,14.22,16.364074707,45
280,bed4536832eee8371b3e89bd,M24,0,14.63,20.5249385834,45
280,bed4536832eee8371b3e89bd,M25,0,14.36,13.4406642914,20
280,bed4536832eee8371b3e89bd,M26,0,13.21,12.2466316223,20
280,bed4536832eee8371b3e89bd,M27,0,17.15,16.8480377197,30
280,bed4536832eee8371b3e89bd,M28,0,15.33,14.8015975952,30
280,bed4536832eee8371b3e89bd,M29,0,17.09,16.9461917877,30
280,bed4536832eee8371b3e89bd,M30,0,10.85,10.3467216492,21
281,bbda52a9d99ca097c7cfd477,M01,3,6.65,6.12875080109,10
281,bbda52a9d99ca097c7cfd477,M02,3,8.79,7.81791257858,15
281,bbda52a9d99ca097c7cfd477,M03,3,8.5,7.5973238945,21
281,bbda52a9d99ca097c7cfd477,M04,3,7.79,7.14812898636,21
281,bbda52a9d99ca097c7cfd477,M05,3,8.11,7.03686285019,21
281,bbda52a9d99ca097c7cfd477,M06,3,10.84,10.2113218307,21
281,bbda52a9d99ca097c7cfd477,M07,3,11.47,10.110159874,30
281,bbda52a9d99ca097c7cfd477,M08,3,15.85,14.4027881622,30
281,bbda52a9d99ca097c7cfd477,M09,3,14.89,13.450843811,30
281,bbda52a9d99ca097c7cfd477,M10,3,17.38,15.7867002487,30
281,bbda52a9d99ca097c7cfd477,M11,3,17.09,14.771686554,30
281,bbda52a9d99ca097c7cfd477,M12,3,22.13,20.4577178955,45
281,bbda52a9d99ca097c7cfd477,M13,3,21.52,20.6742839813,60
281,bbda52a9d99ca097c7cfd477,M14,3,18.48,17.7729492188,60
281,bbda52a9d99ca097c7cfd477,M15,3,21.34,20.4451313019,60
281,bbda52a9d99ca097c7cfd477,M16,3,48.83,47.0774307251,100
281,bbda52a9d99ca097c7cfd477,M17,3,5.88,5.45090484619,14
281,bbda52a9d99ca097c7cfd477,M18,3,8,7.06459903717,21
281,bbda52a9d99ca097c7cfd477,M19,3,5.52,5.89352321625,21
281,bbda52a9d99ca097c7cfd477,M20,3,6.98,7.83779764175,20
281,bbda52a9d99ca097c7cfd477,M21,3,5.01,5.50738048553,21
281,bbda52a9d99ca097c7cfd477,M22,3,10.44,13.1785459518,45
281,bbda52a9d99ca097c7cfd477,M23,3,9.6,10.7679271698,45
281,bbda52a9d99ca097c7cfd477,M24,3,10.17,12.9621372223,45
281,bbda52a9d99ca097c7cfd477,M25,3,14.32,11.8154888153,20
281,bbda52a9d99ca097c7cfd477,M26,3,13.04,10.70744133,20
281,bbda52a9d99ca097c7cfd477,M27,3,16.98,13.6252508163,30
281,bbda52a9d99ca097c7cfd477,M28,3,15.06,11.9866523743,30
281,bbda52a9d99ca097c7cfd477,M29,3,16.73,13.3384046555,30
281,bbda52a9d99ca097c7cfd477,M30,3,10.45,7.75288391113,21
282,c18e77ce74b9a2e4ab1ae59d,M01,1,8.28,7.8231048584,10
282,c18e77ce74b9a2e4ab1ae59d,M02,1,11.06,10.5867872238,15
282,c18e77ce74b9a2e4ab1ae59d,M03,1,13.15,11.7106132507,21
282,c18e77ce74b9a2e4ab1ae59d,M04,1,12.3,11.2593421936,21
282,c18e77ce74b9a2e4ab1ae59d,M05,1,12.52,11.3073282242,21
282,c18e77ce74b9a2e4ab1ae59d,M06,1,15.77,14.5049448013,21
282,c18e77ce74b9a2e4ab1ae59d,M07,1,18.62,17.1551303864,30
282,c18e77ce74b9a2e4ab1ae59d,M08,1,22.73,20.8889217377,30
282,c18e77ce74b9a2e4ab1ae59d,M09,1,21.57,19.8442935944,30
282,c18e77ce74b9a2e4ab1ae59d,M10,1,24.08,22.2765102386,30
282,c18e77ce74b9a2e4ab1ae59d,M11,1,23.51,21.6580924988,30
282,c18e77ce74b9a2e4ab1ae59d,M12,1,33.77,31.0574398041,45
282,c18e77ce74b9a2e4ab1ae59d,M13,1,35.36,32.1975860596,60
282,c18e77ce74b9a2e4ab1ae59d,M14,1,32.72,29.0461349487,60
282,c18e77ce74b9a2e4ab1ae59d,M15,1,35.87,32.2169914246,60
282,c18e77ce74b9a2e4ab1ae59d,M16,1,64.63,59.8052978516,100
282,c18e77ce74b9a2e4ab1ae59d,M17,1,8.81,7.74321269989,14
282,c18e77ce74b9a2e4ab1ae59d,M18,1,12.65,11.4642782211,21
282,c18e77ce74b9a2e4ab1ae59d,M19,1,11.6,10.2563505173,21
282,c18e77ce74b9a2e4ab1ae59d,M20,1,13.43,11.7469940186,20
282,c18e77ce74b9a2e4ab1ae59d,M21,1,10.79,9.68477153778,21
282,c18e77ce74b9a2e4ab1ae59d,M22,1,27.87,24.2864170074,45
282,c18e77ce74b9a2e4ab1ae59d,M23,1,24.74,21.3512001038,45
282,c18e77ce74b9a2e4ab1ae59d,M24,1,28.52,24.5038700104,45
282,c18e77ce74b9a2e4ab1ae59d,M25,1,15.84,15.2330532074,20
282,c18e77ce74b9a2e4ab1ae59d,M26,1,14.73,13.7540454865,20
282,c18e77ce74b9a2e4ab1ae59d,M27,1,20.3,19.0023822784,30
282,c18e77ce74b9a2e4ab1ae59d,M28,1,18.73,17.0893211365,30
282,c18e77ce74b9a2e4ab1ae59d,M29,1,20.25,18.9717102051,30
282,c18e77ce74b9a2e4ab1ae59d,M30,1,13.18,12.1433601379,21
283,c2eedb24cf5e98af3c88b4c1,M01,1,7.36,7.66461896896,10
283,c2eedb24cf5e98af3c88b4c1,M02,1,9.89,10.4451036453,15
283,c2eedb24cf5e98af3c88b4c1,M03,1,10.61,10.9853878021,21
283,c2eedb24cf5e98af3c88b4c1,M04,1,9.82,10.5289793015,21
283,c2eedb24cf5e98af3c88b4c1,M05,1,9.82,10.570473671,21
283,c2eedb24cf5e98af3c88b4c1,M06,1,13.16,13.4558639526,21
283,c2eedb24cf5e98af3c88b4c1,M07,1,14.72,15.7096300125,30
283,c2eedb24cf5e98af3c88b4c1,M08,1,19.13,20.3453826904,30
283,c2eedb24cf5e98af3c88b4c1,M09,1,18.03,19.1212120056,30
283,c2eedb24cf5e98af3c88b4c1,M10,1,20.58,21.768913269,30
283,c2eedb24cf5e98af3c88b4c1,M11,1,19.78,20.718038559,30
283,c2eedb24cf5e98af3c88b4c1,M12,1,27.63,30.2087974548,45
283,c2eedb24cf5e98af3c88b4c1,M13,1,27.96,30.6988792419,60
283,c2eedb24cf5e98af3c88b4c1,M14,1,24.84,27.6540145874,60
283,c2eedb24cf5e98af3c88b4c1,M15,1,27.99,30.6620483398,60
283,c2eedb24cf5e98af3c88b4c1,M16,1,56.63,61.7142906189,100
283,c2eedb24cf5e98af3c88b4c1,M17,1,7.46,7.60853385925,14
283,c2eedb24cf5e98af3c88b4c1,M18,1,10.4,10.799041748,21
283,c2eedb24cf5e98af3c88b4c1,M19,1,8.51,8.94869995117,21
283,c2eedb24cf5e98af3c88b4c1,M20,1,10.93,10.71367836,20
283,c2eedb24cf5e98af3c88b4c1,M21,1,8.11,8.52025985718,21
283,c2eedb24cf5e98af3c88b4c1,M22,1,19.81,20.5339393616,45
283,c2eedb24cf5e98af3c88b4c1,M23,1,17.07,18.1726150513,45
283,c2eedb24cf5e98af3c88b4c1,M24,1,20.15,20.6713790894,45
283,c2eedb24cf5e98af3c88b4c1,M25,1,13.82,14.1675491333,20
283,c2eedb24cf5e98af3c88b4c1,M26,1,12.6,12.9420948029,20
283,c2eedb24cf5e98af3c88b4c1,M27,1,16.01,17.0743770599,30
283,c2eedb24cf5e98af3c88b4c1,M28,1,14.22,15.457242012,30
283,c2eedb24cf5e98af3c88b4c1,M29,1,16.06,16.8752269745,30
283,c2eedb24cf5e98af3c88b4c1,M30,1,9.85,11.1391134262,21
284,6c8bd1deff5bdb9e32c6446d,M01,2,8.11,8.60505867004,10
284,6c8bd1deff5bdb9e32c6446d,M02,2,12.48,11.8537817001,15
284,6c8bd1deff5bdb9e32c6446d,M03,2,15.18,13.6202831268,21
284,6c8bd1deff5bdb9e32c6446d,M04,2,14.18,12.9541110992,21
284,6c8bd1deff5bdb9e32c6446d,M05,2,14.5,13.1038293839,21
284,6c8bd1deff5bdb9e32c6446d,M06,2,18.3,16.28058815,21
284,6c8bd1deff5bdb9e32c6446d,M07,2,21.63,19.4187297821,30
284,6c8bd1deff5bdb9e32c6446d,M08,2,25.51,23.6783885956,30
284,6c8bd1deff5bdb9e32c6446d,M09,2,24.15,22.6539936066,30
284,6c8bd1deff5bdb9e32c6446d,M10,2,26.99,25.0406837463,30
284,6c8bd1deff5bdb9e32c6446d,M11,2,26.18,24.4815273285,30
284,6c8bd1deff5bdb9e32c6446d,M12,2,38.34,36.40442276,45
284,6c8bd1deff5bdb9e32c6446d,M13,2,41.36,38.5963287354,60
284,6c8bd1deff5bdb9e32c6446d,M14,2,38.95,37.0807762146,60
284,6c8bd1deff5bdb9e32c6446d,M15,2,41.18,38.6699829102,60
284,6c8bd1deff5bdb9e32c6446d,M16,2,71.11,66.939743042,100
284,6c8bd1deff5bdb9e32c6446d,M17,2,9.96,9.1353559494,14
284,6c8bd1deff5bdb9e32c6446d,M18,2,14.35,13.2431526184,21
284,6c8bd1deff5bdb9e32c6446d,M19,2,15.22,13.1914157867,21
284,6c8bd1deff5bdb9e32c6446d,M20,2,16.47,14.8396577835,20
284,6c8bd1deff5bdb9e32c6446d,M21,2,13.94,12.6133546829,21
284,6c8bd1deff5bdb9e32c6446d,M22,2,37.38,32.1634292603,45
284,6c8bd1deff5bdb9e32c6446d,M23,2,34.54,31.474817276,45
284,6c8bd1deff5bdb9e32c6446d,M24,2,37.14,32.1847000122,45
284,6c8bd1deff5bdb9e32c6446d,M25,2,18.01,16.4256668091,20
284,6c8bd1deff5bdb9e32c6446d,M26,2,16.43,15.3001441956,20
284,6c8bd1deff5bdb9e32c6446d,M27,2,23.21,21.3209533691,30
284,6c8bd1deff5bdb9e32c6446d,M28,2,21.56,20.2535476685,30
284,6c8bd1deff5bdb9e32c6446d,M29,2,22.75,21.3421974182,30
284,6c8bd1deff5bdb9e32c6446d,M30,2,15.27,13.787984848,21
285,13cc0dc0c9b50911e5f7c80a,M01,1,7.29,7.85544395447,10
285,13cc0dc0c9b50911e5f7c80a,M02,1,9.7,10.1276426315,15
285,13cc0dc0c9b50911e5f7c80a,M03,1,10.2,10.6157035828,21
285,13cc0dc0c9b50911e5f7c80a,M04,1,9.13,10.0290250778,21
285,13cc0dc0c9b50911e5f7c80a,M05,1,9.3,10.06270504,21
285,13cc0dc0c9b50911e5f7c80a,M06,1,12.86,13.514881134,21
285,13cc0dc0c9b50911e5f7c80a,M07,1,14.05,14.93491745,30
285,13cc0dc0c9b50911e5f7c80a,M08,1,18.47,20.1270542145,30
285,13cc0dc0c9b50911e5f7c80a,M09,1,16.98,19.0308551788,30
285,13cc0dc0c9b50911e5f7c80a,M10,1,19.99,21.5309181213,30
285,13cc0dc0c9b50911e5f7c80a,M11,1,18.99,20.3931159973,30
285,13cc0dc0c9b50911e5f7c80a,M12,1,26.44,28.4723453522,45
285,13cc0dc0c9b50911e5f7c80a,M13,1,26.93,28.6028594971,60
285,13cc0dc0c9b50911e5f7c80a,M14,1,23.54,25.4434204102,60
285,13cc0dc0c9b50911e5f7c80a,M15,1,26.37,28.615316391,60
285,13cc0dc0c9b50911e5f7c80a,M16,1,55.47,58.3325195312,100
285,13cc0dc0c9b50911e5f7c80a,M17,1,7.1,7.38448953629,14
285,13cc0dc0c9b50911e5f7c80a,M18,1,9.74,10.1887683868,21
285,13cc0dc0c9b50911e5f7c80a,M19,1,7.94,8.46792125702,21
285,13cc0dc0c9b50911e5f7c80a,M20,1,10.34,10.5643587112,20
285,13cc0dc0c9b50911e5f7c80a,M21,1,7.42,7.89874744415,21
285,13cc0dc0c9b50911e5f7c80a,M22,1,17.98,18.7632827759,45
285,13cc0dc0c9b50911e5f7c80a,M23,1,15.32,16.4575443268,45
285,13cc0dc0c9b50911e5f7c80a,M24,1,18.14,18.9126472473,45
285,13cc0dc0c9b50911e5f7c80a,M25,1,14.23,14.7402858734,20
285,13cc0dc0c9b50911e5f7c80a,M26,1,12.95,13.6798763275,20
285,13cc0dc0c9b50911e5f7c80a,M27,1,16.81,17.1636981964,30
285,13cc0dc0c9b50911e5f7c80a,M28,1,14.9,15.1660680771,30
285,13cc0dc0c9b50911e5f7c80a,M29,1,16.41,17.1365089417,30
285,13cc0dc0c9b50911e5f7c80a,M30,1,10.23,10.8542881012,21
286,df47194b4bdae24605cf1a6e,M01,3,6.95,7.44884300232,10
286,df47194b4bdae24605cf1a6e,M02,3,9.95,10.235906601,15
286,df47194b4bdae24605cf1a6e,M03,3,10.71,10.9860925674,21
286,df47194b4bdae24605cf1a6e,M04,3,9.75,10.5253305435,21
286,df47194b4bdae24605cf1a6e,M05,3,9.71,10.4406700134,21
286,df47194b4bdae24605cf1a6e,M06,3,13.13,13.6041994095,21
286,df47194b4bdae24605cf1a6e,M07,3,14.29,15.7031860352,30
286,df47194b4bdae24605cf1a6e,M08,3,18.87,19.8513946533,30
286,df47194b4bdae24605cf1a6e,M09,3,17.73,18.5489807129,30
286,df47194b4bdae24605cf1a6e,M10,3,20.45,21.0104923248,30
286,df47194b4bdae24605cf1a6e,M11,3,19.62,20.0559520721,30
286,df47194b4bdae24605cf1a6e,M12,3,26.84,28.1731948853,45
286,df47194b4bdae24605cf1a6e,M13,3,25.55,28.0368213654,60
286,df47194b4bdae24605cf1a6e,M14,3,22.85,24.6877117157,60
286,df47194b4bdae24605cf1a6e,M15,3,26.37,28.6630134583,60
286,df47194b4bdae24605cf1a6e,M16,3,53.86,59.1052017212,100
286,df47194b4bdae24605cf1a6e,M17,3,7.03,7.41734647751,14
286,df47194b4bdae24605cf1a6e,M18,3,9.88,10.6617450714,21
286,df47194b4bdae24605cf1a6e,M19,3,6.34,9.29953765869,21
286,df47194b4bdae24605cf1a6e,M20,3,8.54,11.464381218,20
286,df47194b4bdae24605cf1a6e,M21,3,6.99,8.80117225647,21
286,df47194b4bdae24605cf1a6e,M22,3,14.97,20.5358352661,45
286,df47194b4bdae24605cf1a6e,M23,3,14.04,17.5519752502,45
286,df47194b4bdae24605cf1a6e,M24,3,14.7,21.6764202118,45
286,df47194b4bdae24605cf1a6e,M25,3,13.81,14.3347511292,20
286,df47194b4bdae24605cf1a6e,M26,3,12.67,13.2100849152,20
286,df47194b4bdae24605cf1a6e,M27,3,16.11,17.513299942,30
286,df47194b4bdae24605cf1a6e,M28,3,14.38,15.8853158951,30
286,df47194b4bdae24605cf1a6e,M29,3,16.24,17.8180446625,30
286,df47194b4bdae24605cf1a6e,M30,3,10.11,11.1998796463,21
290,b4432b95902e4e88b42e2066,M01,0,7.64,7.50142431259,10
290,b4432b95902e4e88b42e2066,M02,0,10.22,9.72703456879,15
290,b4432b95902e4e88b42e2066,M03,0,11.19,9.98954868317,21
290,b4432b95902e4e88b42e2066,M04,0,10.22,9.50834941864,21
290,b4432b95902e4e88b42e2066,M05,0,10.41,9.50341701508,21
290,b4432b95902e4e88b42e2066,M06,0,13.84,12.9039268494,21
290,b4432b95902e4e88b42e2066,M07,0,15.54,13.8983821869,30
290,b4432b95902e4e88b42e2066,M08,0,19.91,17.9734153748,30
290,b4432b95902e4e88b42e2066,M09,0,18.58,17.0448169708,30
290,b4432b95902e4e88b42e2066,M10,0,21.43,19.3694591522,30
290,b4432b95902e4e88b42e2066,M11,0,20.59,18.3360023499,30
290,b4432b95902e4e88b42e2066,M12,0,28.78,25.5114898682,45
290,b4432b95902e4e88b42e2066,M13,0,29.45,25.3437824249,60
290,b4432b95902e4e88b42e2066,M14,0,26.07,22.0465354919,60
290,b4432b95902e4e88b42e2066,M15,0,29.65,25.2568893433,60
290,b4432b95902e4e88b42e2066,M16,0,58.21,52.2136917114,100
290,b4432b95902e4e88b42e2066,M17,0,7.74,6.98942613602,14
290,b4432b95902e4e88b42e2066,M18,0,10.76,9.68797874451,21
290,b4432b95902e4e88b42e2066,M19,0,8.62,7.83161354065,21
290,b4432b95902e4e88b42e2066,M20,0,10.94,10.2887220383,20
290,b4432b95902e4e88b42e2066,M21,0,8.06,7.49523735046,21
290,b4432b95902e4e88b42e2066,M22,0,19.82,16.7768421173,45
290,b4432b95902e4e88b42e2066,M23,0,16.45,14.4363222122,45
290,b4432b95902e4e88b42e2066,M24,0,20.17,16.706401825,45
290,b4432b95902e4e88b42e2066,M25,0,14.81,14.4884004593,20
290,b4432b95902e4e88b42e2066,M26,0,13.53,13.4244756699,20
290,b4432b95902e4e88b42e2066,M27,0,17.98,16.3903388977,30
290,b4432b95902e4e88b42e2066,M28,0,16.07,14.7265577316,30
290,b4432b95902e4e88b42e2066,M29,0,17.87,16.0421047211,30
290,b4432b95902e4e88b42e2066,M30,0,11.24,10.4216928482,21
291,bb6c0863dd45d3f74e17df3e,M01,4,7.5,7.33577775955,10
291,bb6c0863dd45d3f74e17df3e,M02,4,10.37,10.0919380188,15
291,bb6c0863dd45d3f74e17df3e,M03,4,11.74,10.8769626617,21
291,bb6c0863dd45d3f74e17df3e,M04,4,11.16,10.4499959946,21
291,bb6c0863dd45d3f74e17df3e,M05,4,11.02,10.5150794983,21
291,bb6c0863dd45d3f74e17df3e,M06,4,13.87,13.7429027557,21
291,bb6c0863dd45d3f74e17df3e,M07,4,16.5,15.9697065353,30
291,bb6c0863dd45d3f74e17df3e,M08,4,20.79,20.3250331879,30
291,bb6c0863dd45d3f74e17df3e,M09,4,19.97,19.3315639496,30
291,bb6c0863dd45d3f74e17df3e,M10,4,22.16,21.5460891724,30
291,bb6c0863dd45d3f74e17df3e,M11,4,21.47,20.8681163788,30
291,bb6c0863dd45d3f74e17df3e,M12,4,30.55,28.5512466431,45
291,bb6c0863dd45d3f74e17df3e,M13,4,30.32,28.9862003326,60
291,bb6c0863dd45d3f74e17df3e,M14,4,27.57,25.2430496216,60
291,bb6c0863dd45d3f74e17df3e,M15,4,31.54,29.486579895,60
291,bb6c0863dd45d3f74e17df3e,M16,4,59.22,57.9688644409,100
291,bb6c0863dd45d3f74e17df3e,M17,4,8.19,7.51902770996,14
291,bb6c0863dd45d3f74e17df3e,M18,4,11.64,10.6987276077,21
291,bb6c0863dd45d3f74e17df3e,M19,4,8.61,9.50531005859,21
291,bb6c0863dd45d3f74e17df3e,M20,4,12.35,12.5046033859,20
291,bb6c0863dd45d3f74e17df3e,M21,4,9.14,9.18107414246,21
291,bb6c0863dd45d3f74e17df3e,M22,4,23.08,22.9936714172,45
291,bb6c0863dd45d3f74e17df3e,M23,4,18.43,18.854391098,45
291,bb6c0863dd45d3f74e17df3e,M24,4,29.56,23.8024597168,45
291,bb6c0863dd45d3f74e17df3e,M25,4,14.6,14.4402694702,20
291,bb6c0863dd45d3f74e17df3e,M26,4,13.54,13.200047493,20
291,bb6c0863dd45d3f74e17df3e,M27,4,17.87,17.6202545166,30
291,bb6c0863dd45d3f74e17df3e,M28,4,16.32,15.446138382,30
291,bb6c0863dd45d3f74e17df3e,M29,4,18.25,17.897808075,30
291,bb6c0863dd45d3f74e17df3e,M30,4,11.34,10.9667282104,21
294,d5d831302cba59032cb7c4e8,M01,0,7.2,9.03093910217,10
294,d5d831302cba59032cb7c4e8,M02,0,9.69,12.3371219635,15
294,d5d831302cba59032cb7c4e8,M03,0,10.41,13.5074539185,21
294,d5d831302cba59032cb7c4e8,M04,0,9.98,12.9583120346,21
294,d5d831302cba59032cb7c4e8,M05,0,10.17,13.024102211,21
294,d5d831302cba59032cb7c4e8,M06,0,13.04,16.4448356628,21
294,d5d831302cba59032cb7c4e8,M07,0,14.5,18.882062912,30
294,d5d831302cba59032cb7c4e8,M08,0,18.9,24.7957553864,30
294,d5d831302cba59032cb7c4e8,M09,0,18.36,23.6534023285,30
294,d5d831302cba59032cb7c4e8,M10,0,20.27,25.926361084,30
294,d5d831302cba59032cb7c4e8,M11,0,20.26,25.3585662842,30
294,d5d831302cba59032cb7c4e8,M12,0,27.48,36.2841148376,45
294,d5d831302cba59032cb7c4e8,M13,0,28.16,37.5599403381,60
294,d5d831302cba59032cb7c4e8,M14,0,26.19,35.2949333191,60
294,d5d831302cba59032cb7c4e8,M15,0,28.1,37.6843643188,60
294,d5d831302cba59032cb7c4e8,M16,0,56.9,60.2019538879,100
294,d5d831302cba59032cb7c4e8,M17,0,7.45,9.36529159546,14
294,d5d831302cba59032cb7c4e8,M18,0,10.45,13.0630073547,21
294,d5d831302cba59032cb7c4e8,M19,0,8.12,12.3871097565,21
294,d5d831302cba59032cb7c4e8,M20,0,10.11,14.0235433578,20
294,d5d831302cba59032cb7c4e8,M21,0,7.8,11.4876155853,21
294,d5d831302cba59032cb7c4e8,M22,0,17.94,29.8208255768,45
294,d5d831302cba59032cb7c4e8,M23,0,18.6,27.4113311768,45
294,d5d831302cba59032cb7c4e8,M24,0,17.1,30.2768173218,45
294,d5d831302cba59032cb7c4e8,M25,0,15.46,16.7139377594,20
294,d5d831302cba59032cb7c4e8,M26,0,14.33,15.5394163132,20
294,d5d831302cba59032cb7c4e8,M27,0,19.54,21.1277256012,30
294,d5d831302cba59032cb7c4e8,M28,0,17.94,19.6566143036,30
294,d5d831302cba59032cb7c4e8,M29,0,19.44,21.3494205475,30
294,d5d831302cba59032cb7c4e8,M30,0,12.36,13.7290391922,21
295,0a411c9b61631bf103bfed61,M01,3,7.81,7.60951519012,10
295,0a411c9b61631bf103bfed61,M02,3,10.51,10.5053491592,15
295,0a411c9b61631bf103bfed61,M03,3,11.94,11.1748857498,21
295,0a411c9b61631bf103bfed61,M04,3,11.13,10.6724624634,21
295,0a411c9b61631bf103bfed61,M05,3,11.31,10.7383766174,21
295,0a411c9b61631bf103bfed61,M06,3,14.53,13.8959913254,21
295,0a411c9b61631bf103bfed61,M07,3,16.76,15.9422168732,30
295,0a411c9b61631bf103bfed61,M08,3,21.02,20.6063919067,30
295,0a411c9b61631bf103bfed61,M09,3,19.93,19.3969078064,30
295,0a411c9b61631bf103bfed61,M10,3,22.47,21.7731895447,30
295,0a411c9b61631bf103bfed61,M11,3,21.82,21.176733017,30
295,0a411c9b61631bf103bfed61,M12,3,30.87,29.9212093353,45
295,0a411c9b61631bf103bfed61,M13,3,31.83,30.4833374023,60
295,0a411c9b61631bf103bfed61,M14,3,28.94,27.4744701385,60
295,0a411c9b61631bf103bfed61,M15,3,32.16,30.5099849701,60
295,0a411c9b61631bf103bfed61,M16,3,60.84,61.7194328308,100
295,0a411c9b61631bf103bfed61,M17,3,8.23,7.59313774109,14
295,0a411c9b61631bf103bfed61,M18,3,11.59,11.0388050079,21
295,0a411c9b61631bf103bfed61,M19,3,10.53,9.55047893524,21
295,0a411c9b61631bf103bfed61,M20,3,12.62,11.4446706772,20
295,0a411c9b61631bf103bfed61,M21,3,9.95,8.97022533417,21
295,0a411c9b61631bf103bfed61,M22,3,25.27,21.6445884705,45
295,0a411c9b61631bf103bfed61,M23,3,22.19,18.8955078125,45
295,0a411c9b61631bf103bfed61,M24,3,25.76,21.8347797394,45
295,0a411c9b61631bf103bfed61,M25,3,15.13,14.8765325546,20
295,0a411c9b61631bf103bfed61,M26,3,13.98,13.7979135513,20
295,0a411c9b61631bf103bfed61,M27,3,18.8,18.0824279785,30
295,0a411c9b61631bf103bfed61,M28,3,17.18,16.415643692,30
295,0a411c9b61631bf103bfed61,M29,3,18.75,17.8519744873,30
295,0a411c9b61631bf103bfed61,M30,3,11.98,11.5110378265,21
296,5cc22c63bfc2c970da060ca8,M01,1,7.49,7.6826672554,10
296,5cc22c63bfc2c970da060ca8,M02,1,10.34,10.3913869858,15
296,5cc22c63bfc2c970da060ca8,M03,1,11.67,11.0504245758,21
296,5cc22c63bfc2c970da060ca8,M04,1,10.88,10.6902046204,21
296,5cc22c63bfc2c970da060ca8,M05,1,11.01,10.7161817551,21
296,5cc22c63bfc2c970da060ca8,M06,1,13.91,13.7671689987,21
296,5cc22c63bfc2c970da060ca8,M07,1,16.45,16.2413444519,30
296,5cc22c63bfc2c970da060ca8,M08,1,20.91,20.7291622162,30
296,5cc22c63bfc2c970da060ca8,M09,1,19.85,19.7844352722,30
296,5cc22c63bfc2c970da060ca8,M10,1,22.01,21.9380226135,30
296,5cc22c63bfc2c970da060ca8,M11,1,21.43,21.2644443512,30
296,5cc22c63bfc2c970da060ca8,M12,1,30.47,30.0690956116,45
296,5cc22c63bfc2c970da060ca8,M13,1,30.22,30.3543434143,60
296,5cc22c63bfc2c970da060ca8,M14,1,27.4,26.9338436127,60
296,5cc22c63bfc2c970da060ca8,M15,1,31.59,30.9909095764,60
296,5cc22c63bfc2c970da060ca8,M16,1,59.11,59.2902069092,100
296,5cc22c63bfc2c970da060ca8,M17,1,8.51,7.8341999054,14
296,5cc22c63bfc2c970da060ca8,M18,1,11.27,10.9312753677,21
296,5cc22c63bfc2c970da060ca8,M19,1,9.11,9.60692214966,21
296,5cc22c63bfc2c970da060ca8,M20,1,11.78,12.5189208984,20
296,5cc22c63bfc2c970da060ca8,M21,1,8.58,9.60443496704,21
296,5cc22c63bfc2c970da060ca8,M22,1,20.46,23.357831955,45
296,5cc22c63bfc2c970da060ca8,M23,1,16.59,20.1445102692,45
296,5cc22c63bfc2c970da060ca8,M24,1,26.25,24.0036087036,45
296,5cc22c63bfc2c970da060ca8,M25,1,14.6,14.5267658234,20
296,5cc22c63bfc2c970da060ca8,M26,1,13.54,13.3268880844,20
296,5cc22c63bfc2c970da060ca8,M27,1,17.51,18.127614975,30
296,5cc22c63bfc2c970da060ca8,M28,1,16.28,16.3649921417,30
296,5cc22c63bfc2c970da060ca8,M29,1,18.29,18.3375549316,30
296,5cc22c63bfc2c970da060ca8,M30,1,11.3,11.1214771271,21
297,a4d13ddf9429ac6f4154b0e3,M01,3,7.36,7.92535638809,10
297,a4d13ddf9429ac6f4154b0e3,M02,3,10.27,10.7087068558,15
297,a4d13ddf9429ac6f4154b0e3,M03,3,11.44,11.4469957352,21
297,a4d13ddf9429ac6f4154b0e3,M04,3,10.49,11.0251665115,21
297,a4d13ddf9429ac6f4154b0e3,M05,3,10.63,10.9785842896,21
297,a4d13ddf9429ac6f4154b0e3,M06,3,14.26,14.048459053,21
297,a4d13ddf9429ac6f4154b0e3,M07,3,15.71,16.6196937561,30
297,a4d13ddf9429ac6f4154b0e3,M08,3,20.16,21.34466362,30
297,a4d13ddf9429ac6f4154b0e3,M09,3,18.79,20.0611305237,30
297,a4d13ddf9429ac6f4154b0e3,M10,3,21.74,22.3701705933,30
297,a4d13ddf9429ac6f4154b0e3,M11,3,20.99,21.6316280365,30
297,a4d13ddf9429ac6f4154b0e3,M12,3,29.16,30.663734436,45
297,a4d13ddf9429ac6f4154b0e3,M13,3,29.53,30.7021865845,60
297,a4d13ddf9429ac6f4154b0e3,M14,3,26.81,27.5466632843,60
297,a4d13ddf9429ac6f4154b0e3,M15,3,30.64,31.4785137177,60
297,a4d13ddf9429ac6f4154b0e3,M16,3,58.36,60.5976219177,100
297,a4d13ddf9429ac6f4154b0e3,M17,3,8.26,7.94315385818,14
297,a4d13ddf9429ac6f4154b0e3,M18,3,11.56,11.1931247711,21
297,a4d13ddf9429ac6f4154b0e3,M19,3,9.17,9.65677452087,21
297,a4d13ddf9429ac6f4154b0e3,M20,3,13.71,12.0882911682,20
297,a4d13ddf9429ac6f4154b0e3,M21,3,9.85,9.34320068359,21
297,a4d13ddf9429ac6f4154b0e3,M22,3,25.62,23.2983512878,45
297,a4d13ddf9429ac6f4154b0e3,M23,3,20.33,20.1478748322,45
297,a4d13ddf9429ac6f4154b0e3,M24,3,20.89,25.093832016,45
297,a4d13ddf9429ac6f4154b0e3,M25,3,14.39,14.8021011353,20
297,a4d13ddf9429ac6f4154b0e3,M26,3,13.34,13.7202100754,20
297,a4d13ddf9429ac6f4154b0e3,M27,3,17.48,18.2024116516,30
297,a4d13ddf9429ac6f4154b0e3,M28,3,16,16.4664077759,30
297,a4d13ddf9429ac6f4154b0e3,M29,3,17.82,18.5461483002,30
297,a4d13ddf9429ac6f4154b0e3,M30,3,11.14,11.5265140533,21
300,98b5399112d2ffc2aa957c86,M01,3,8.08,8.29383945465,10
300,98b5399112d2ffc2aa957c86,M02,3,10.76,11.0668678284,15
300,98b5399112d2ffc2aa957c86,M03,3,12.31,12.4667768478,21
300,98b5399112d2ffc2aa957c86,M04,3,11.51,12.0166940689,21
300,98b5399112d2ffc2aa957c86,M05,3,11.66,12.1142177582,21
300,98b5399112d2ffc2aa957c86,M06,3,15.02,15.1180124283,21
300,98b5399112d2ffc2aa957c86,M07,3,17.21,17.7076282501,30
300,98b5399112d2ffc2aa957c86,M08,3,21.5,22.6251602173,30
300,98b5399112d2ffc2aa957c86,M09,3,20.41,21.4171218872,30
300,98b5399112d2ffc2aa957c86,M10,3,23.01,23.856048584,30
300,98b5399112d2ffc2aa957c86,M11,3,22.4,23.2241611481,30
300,98b5399112d2ffc2aa957c86,M12,3,31.43,33.9096298218,45
300,98b5399112d2ffc2aa957c86,M13,3,32.63,34.2485961914,60
300,98b5399112d2ffc2aa957c86,M14,3,29.36,31.8928623199,60
300,98b5399112d2ffc2aa957c86,M15,3,33.34,34.5123138428,60
300,98b5399112d2ffc2aa957c86,M16,3,61.64,61.1821136475,100
300,98b5399112d2ffc2aa957c86,M17,3,8.44,8.56060123444,14
300,98b5399112d2ffc2aa957c86,M18,3,11.93,12.3951406479,21
300,98b5399112d2ffc2aa957c86,M19,3,10.45,11.3525743484,21
300,98b5399112d2ffc2aa957c86,M20,3,12.59,13.2256336212,20
300,98b5399112d2ffc2aa957c86,M21,3,9.75,10.9682712555,21
300,98b5399112d2ffc2aa957c86,M22,3,24.73,28.7310523987,45
300,98b5399112d2ffc2aa957c86,M23,3,21.47,25.7380962372,45
300,98b5399112d2ffc2aa957c86,M24,3,25.42,29.2154273987,45
300,98b5399112d2ffc2aa957c86,M25,3,15.34,15.8784151077,20
300,98b5399112d2ffc2aa957c86,M26,3,14.11,14.5078668594,20
300,98b5399112d2ffc2aa957c86,M27,3,19.05,20.0264472961,30
300,98b5399112d2ffc2aa957c86,M28,3,17.19,18.200378418,30
300,98b5399112d2ffc2aa957c86,M29,3,19.1,19.9567604065,30
300,98b5399112d2ffc2aa957c86,M30,3,12.13,12.601392746,21
301,a7efe2a12592b5fa953c9862,M01,0,7.44,7.4689002037,10
301,a7efe2a12592b5fa953c9862,M02,0,10.31,10.3067846298,15
301,a7efe2a12592b5fa953c9862,M03,0,11.53,10.9894609451,21
301,a7efe2a12592b5fa953c9862,M04,0,10.89,10.5963754654,21
301,a7efe2a12592b5fa953c9862,M05,0,10.89,10.6501321793,21
301,a7efe2a12592b5fa953c9862,M06,0,13.78,13.6347999573,21
301,a7efe2a12592b5fa953c9862,M07,0,16.42,16.1422996521,30
301,a7efe2a12592b5fa953c9862,M08,0,20.88,20.3136329651,30
301,a7efe2a12592b5fa953c9862,M09,0,19.83,19.2961921692,30
301,a7efe2a12592b5fa953c9862,M10,0,22.04,21.6367511749,30
301,a7efe2a12592b5fa953c9862,M11,0,21.4,20.9516239166,30
301,a7efe2a12592b5fa953c9862,M12,0,30.48,29.8497505188,45
301,a7efe2a12592b5fa953c9862,M13,0,30.18,30.2802829742,60
301,a7efe2a12592b5fa953c9862,M14,0,27.49,26.2280826569,60
301,a7efe2a12592b5fa953c9862,M15,0,31.45,30.802778244,60
301,a7efe2a12592b5fa953c9862,M16,0,59.09,58.8681526184,100
301,a7efe2a12592b5fa953c9862,M17,0,8.04,7.55850124359,14
301,a7efe2a12592b5fa953c9862,M18,0,11.25,10.8591175079,21
301,a7efe2a12592b5fa953c9862,M19,0,9.11,9.10955142975,21
301,a7efe2a12592b5fa953c9862,M20,0,13.98,11.8482170105,20
301,a7efe2a12592b5fa953c9862,M21,0,10.09,9.01080226898,21
301,a7efe2a12592b5fa953c9862,M22,0,26.12,22.5334358215,45
301,a7efe2a12592b5fa953c9862,M23,0,20.66,18.6341056824,45
301,a7efe2a12592b5fa953c9862,M24,0,23.45,23.4943943024,45
301,a7efe2a12592b5fa953c9862,M25,0,14.53,14.2985372543,20
301,a7efe2a12592b5fa953c9862,M26,0,13.52,13.098028183,20
301,a7efe2a12592b5fa953c9862,M27,0,17.8,18.0169372559,30
301,a7efe2a12592b5fa953c9862,M28,0,16.28,15.9531002045,30
301,a7efe2a12592b5fa953c9862,M29,0,18.17,18.1565666199,30
301,a7efe2a12592b5fa953c9862,M30,0,11.14,11.0427093506,21
302,0cbfc205af64784e06b727c4,M01,3,6.84,7.21104955673,10
302,0cbfc205af64784e06b727c4,M02,3,9.17,9.4851808548,15
302,0cbfc205af64784e06b727c4,M03,3,9.35,10.1917953491,21
302,0cbfc205af64784e06b727c4,M04,3,8.83,9.81960296631,21
302,0cbfc205af64784e06b727c4,M05,3,8.92,9.81699848175,21
302,0cbfc205af64784e06b727c4,M06,3,11.89,13.2903347015,21
302,0cbfc205af64784e06b727c4,M07,3,12.87,14.8416643143,30
302,0cbfc205af64784e06b727c4,M08,3,17.3,19.1862201691,30
302,0cbfc205af64784e06b727c4,M09,3,16.63,18.0361938477,30
302,0cbfc205af64784e06b727c4,M10,3,18.74,20.4135227203,30
302,0cbfc205af64784e06b727c4,M11,3,18.48,19.5807209015,30
302,0cbfc205af64784e06b727c4,M12,3,24.73,27.3845787048,45
302,0cbfc205af64784e06b727c4,M13,3,24.85,28.1814918518,60
302,0cbfc205af64784e06b727c4,M14,3,22.08,25.6906700134,60
302,0cbfc205af64784e06b727c4,M15,3,24.56,28.0503501892,60
302,0cbfc205af64784e06b727c4,M16,3,53.18,60.6792869568,100
302,0cbfc205af64784e06b727c4,M17,3,6.83,7.13574743271,14
302,0cbfc205af64784e06b727c4,M18,3,9.41,10.0547075272,21
302,0cbfc205af64784e06b727c4,M19,3,5.81,8.60109519958,21
302,0cbfc205af64784e06b727c4,M20,3,8.03,11.276473999,20
302,0cbfc205af64784e06b727c4,M21,3,5.58,8.53035545349,21
302,0cbfc205af64784e06b727c4,M22,3,12.24,20.3038063049,45
302,0cbfc205af64784e06b727c4,M23,3,11.2,18.439031601,45
302,0cbfc205af64784e06b727c4,M24,3,11.72,20.2053375244,45
302,0cbfc205af64784e06b727c4,M25,3,13.75,14.1184034348,20
302,0cbfc205af64784e06b727c4,M26,3,12.62,12.8592290878,20
302,0cbfc205af64784e06b727c4,M27,3,16.09,16.7446575165,30
302,0cbfc205af64784e06b727c4,M28,3,14.42,15.0291538239,30
302,0cbfc205af64784e06b727c4,M29,3,15.76,16.4191226959,30
302,0cbfc205af64784e06b727c4,M30,3,9.85,10.3124046326,21
303,fa4fe83161caa77335eb59e7,M01,4,7.67,8.5234336853,10
303,fa4fe83161caa77335eb59e7,M02,4,10.6,11.5072259903,15
303,fa4fe83161caa77335eb59e7,M03,4,12.26,12.4810991287,21
303,fa4fe83161caa77335eb59e7,M04,4,11.67,12.0045089722,21
303,fa4fe83161caa77335eb59e7,M05,4,11.57,12.0695924759,21
303,fa4fe83161caa77335eb59e7,M06,4,14.43,15.3682155609,21
303,fa4fe83161caa77335eb59e7,M07,4,17.3,18.1283855438,30
303,fa4fe83161caa77335eb59e7,M08,4,21.51,22.6076583862,30
303,fa4fe83161caa77335eb59e7,M09,4,20.71,21.5914916992,30
303,fa4fe83161caa77335eb59e7,M10,4,22.85,23.7502613068,30
303,fa4fe83161caa77335eb59e7,M11,4,22.21,23.1146087646,30
303,fa4fe83161caa77335eb59e7,M12,4,31.83,33.1277389526,45
303,fa4fe83161caa77335eb59e7,M13,4,31.94,33.4996337891,60
303,fa4fe83161caa77335eb59e7,M14,4,29.36,30.5408630371,60
303,fa4fe83161caa77335eb59e7,M15,4,33.08,34.0500907898,60
303,fa4fe83161caa77335eb59e7,M16,4,60.97,60.7447547913,100
303,fa4fe83161caa77335eb59e7,M17,4,8.46,8.84323692322,14
303,fa4fe83161caa77335eb59e7,M18,4,12.1,12.3468265533,21
303,fa4fe83161caa77335eb59e7,M19,4,9.29,11.2991094589,21
303,fa4fe83161caa77335eb59e7,M20,4,13.46,14.2694234848,20
303,fa4fe83161caa77335eb59e7,M21,4,9.9,11.0773925781,21
303,fa4fe83161caa77335eb59e7,M22,4,25.92,26.9222812653,45
303,fa4fe83161caa77335eb59e7,M23,4,20.55,23.767074585,45
303,fa4fe83161caa77335eb59e7,M24,4,26.45,27.8020572662,45
303,fa4fe83161caa77335eb59e7,M25,4,14.89,15.824716568,20
303,fa4fe83161caa77335eb59e7,M26,4,13.89,14.5836133957,20
303,fa4fe83161caa77335eb59e7,M27,4,18.55,19.5392513275,30
303,fa4fe83161caa77335eb59e7,M28,4,17.05,17.8704357147,30
303,fa4fe83161caa77335eb59e7,M29,4,18.87,19.8855285645,30
303,fa4fe83161caa77335eb59e7,M30,4,11.89,12.4625787735,21
304,18c5d30cfe53fd9b8fe0bc36,M01,0,7.71,7.66173124313,10
304,18c5d30cfe53fd9b8fe0bc36,M02,0,10.37,10.5344991684,15
304,18c5d30cfe53fd9b8fe0bc36,M03,0,11.66,11.1900186539,21
304,18c5d30cfe53fd9b8fe0bc36,M04,0,10.87,10.7647161484,21
304,18c5d30cfe53fd9b8fe0bc36,M05,0,10.78,10.8034601212,21
304,18c5d30cfe53fd9b8fe0bc36,M06,0,14.31,14.0892953873,21
304,18c5d30cfe53fd9b8fe0bc36,M07,0,16.33,16.2407474518,30
304,18c5d30cfe53fd9b8fe0bc36,M08,0,20.64,20.5408878326,30
304,18c5d30cfe53fd9b8fe0bc36,M09,0,19.58,19.7374725342,30
304,18c5d30cfe53fd9b8fe0bc36,M10,0,22.03,21.9420337677,30
304,18c5d30cfe53fd9b8fe0bc36,M11,0,21.07,21.2399406433,30
304,18c5d30cfe53fd9b8fe0bc36,M12,0,30.19,30.3263492584,45
304,18c5d30cfe53fd9b8fe0bc36,M13,0,31.25,31.0154533386,60
304,18c5d30cfe53fd9b8fe0bc36,M14,0,28.26,28.1130008698,60
304,18c5d30cfe53fd9b8fe0bc36,M15,0,31.16,30.7719516754,60
304,18c5d30cfe53fd9b8fe0bc36,M16,0,60.2,61.0089454651,100
304,18c5d30cfe53fd9b8fe0bc36,M17,0,8.08,7.47017526627,14
304,18c5d30cfe53fd9b8fe0bc36,M18,0,11.4,11.0551652908,21
304,18c5d30cfe53fd9b8fe0bc36,M19,0,9.56,9.18319702148,21
304,18c5d30cfe53fd9b8fe0bc36,M20,0,11.81,11.4239282608,20
304,18c5d30cfe53fd9b8fe0bc36,M21,0,9,8.76910591125,21
304,18c5d30cfe53fd9b8fe0bc36,M22,0,22.5,22.1492061615,45
304,18c5d30cfe53fd9b8fe0bc36,M23,0,19.6,19.2035274506,45
304,18c5d30cfe53fd9b8fe0bc36,M24,0,22.77,21.905166626,45
304,18c5d30cfe53fd9b8fe0bc36,M25,0,14.07,15.0967750549,20
304,18c5d30cfe53fd9b8fe0bc36,M26,0,12.87,14.0149745941,20
304,18c5d30cfe53fd9b8fe0bc36,M27,0,16.62,18.4528942108,30
304,18c5d30cfe53fd9b8fe0bc36,M28,0,14.88,16.8424243927,30
304,18c5d30cfe53fd9b8fe0bc36,M29,0,16.65,18.1896381378,30
304,18c5d30cfe53fd9b8fe0bc36,M30,0,10.3,11.5926494598,21
306,f295586a0be60255fdd0f3df,M01,0,7.75,7.21907424927,10
306,f295586a0be60255fdd0f3df,M02,0,10.8,9.96249198914,15
306,f295586a0be60255fdd0f3df,M03,0,12.17,10.8003368378,21
306,f295586a0be60255fdd0f3df,M04,0,11.78,10.4449081421,21
306,f295586a0be60255fdd0f3df,M05,0,11.5,10.4938077927,21
306,f295586a0be60255fdd0f3df,M06,0,14.46,13.4763059616,21
306,f295586a0be60255fdd0f3df,M07,0,17.38,15.9072198868,30
306,f295586a0be60255fdd0f3df,M08,0,21.54,19.872587204,30
306,f295586a0be60255fdd0f3df,M09,0,20.75,18.8689651489,30
306,f295586a0be60255fdd0f3df,M10,0,22.85,21.1434440613,30
306,f295586a0be60255fdd0f3df,M11,0,22.18,20.4712848663,30
306,f295586a0be60255fdd0f3df,M12,0,32.21,29.2781047821,45
306,f295586a0be60255fdd0f3df,M13,0,32.11,29.6752471924,60
306,f295586a0be60255fdd0f3df,M14,0,29.38,25.6809558868,60
306,f295586a0be60255fdd0f3df,M15,0,32.96,29.4219474792,60
306,f295586a0be60255fdd0f3df,M16,0,61.15,60.1944465637,100
306,f295586a0be60255fdd0f3df,M17,0,8.35,7.2487039566,14
306,f295586a0be60255fdd0f3df,M18,0,11.73,10.6927690506,21
306,f295586a0be60255fdd0f3df,M19,0,9.96,8.70522880554,21
306,f295586a0be60255fdd0f3df,M20,0,13.77,11.3352355957,20
306,f295586a0be60255fdd0f3df,M21,0,10.73,8.60704898834,21
306,f295586a0be60255fdd0f3df,M22,0,26.52,21.8984012604,45
306,f295586a0be60255fdd0f3df,M23,0,23.45,18.2812957764,45
306,f295586a0be60255fdd0f3df,M24,0,27.37,21.8130569458,45
306,f295586a0be60255fdd0f3df,M25,0,14.76,14.137257576,20
306,f295586a0be60255fdd0f3df,M26,0,13.72,12.8208990097,20
306,f295586a0be60255fdd0f3df,M27,0,18.27,17.7240905762,30
306,f295586a0be60255fdd0f3df,M28,0,16.72,15.7386341095,30
306,f295586a0be60255fdd0f3df,M29,0,18.63,17.0479164124,30
306,f295586a0be60255fdd0f3df,M30,0,11.42,10.963716507,21
307,e6de4d7bee014e4d0e9cdaa1,M01,1,7.15,8.09102535248,10
307,e6de4d7bee014e4d0e9cdaa1,M02,1,9.65,10.8457918167,15
307,e6de4d7bee014e4d0e9cdaa1,M03,1,10.21,12.1523857117,21
307,e6de4d7bee014e4d0e9cdaa1,M04,1,9.53,11.6424484253,21
307,e6de4d7bee014e4d0e9cdaa1,M05,1,9.57,11.7914323807,21
307,e6de4d7bee014e4d0e9cdaa1,M06,1,12.73,15.0638666153,21
307,e6de4d7bee014e4d0e9cdaa1,M07,1,14.16,17.7770862579,30
307,e6de4d7bee014e4d0e9cdaa1,M08,1,18.58,22.0342559814,30
307,e6de4d7bee014e4d0e9cdaa1,M09,1,17.62,20.8901557922,30
307,e6de4d7bee014e4d0e9cdaa1,M10,1,20.03,23.3748283386,30
307,e6de4d7bee014e4d0e9cdaa1,M11,1,19.41,22.8550014496,30
307,e6de4d7bee014e4d0e9cdaa1,M12,1,26.77,32.086517334,45
307,e6de4d7bee014e4d0e9cdaa1,M13,1,26.98,33.355052948,60
307,e6de4d7bee014e4d0e9cdaa1,M14,1,23.95,30.2880268097,60
307,e6de4d7bee014e4d0e9cdaa1,M15,1,26.96,33.2125816345,60
307,e6de4d7bee014e4d0e9cdaa1,M16,1,55.49,63.7094993591,100
307,e6de4d7bee014e4d0e9cdaa1,M17,1,7.31,8.1642332077,14
307,e6de4d7bee014e4d0e9cdaa1,M18,1,10.08,11.9962854385,21
307,e6de4d7bee014e4d0e9cdaa1,M19,1,8.23,10.2040214539,21
307,e6de4d7bee014e4d0e9cdaa1,M20,1,10.68,12.299156189,20
307,e6de4d7bee014e4d0e9cdaa1,M21,1,7.97,9.86519241333,21
307,e6de4d7bee014e4d0e9cdaa1,M22,1,19.2,25.5415630341,45
307,e6de4d7bee014e4d0e9cdaa1,M23,1,16.59,22.6556930542,45
307,e6de4d7bee014e4d0e9cdaa1,M24,1,19.45,25.3022613525,45
307,e6de4d7bee014e4d0e9cdaa1,M25,1,14.07,15.7156457901,20
307,e6de4d7bee014e4d0e9cdaa1,M26,1,12.93,14.4173612595,20
307,e6de4d7bee014e4d0e9cdaa1,M27,1,16.68,19.8747196198,30
307,e6de4d7bee014e4d0e9cdaa1,M28,1,14.97,17.9601459503,30
307,e6de4d7bee014e4d0e9cdaa1,M29,1,16.48,19.5609836578,30
307,e6de4d7bee014e4d0e9cdaa1,M30,1,10.24,12.328950882,21
309,fdc350f6670042f7c9d6d8fb,M01,0,7.56,6.68972301483,10
309,fdc350f6670042f7c9d6d8fb,M02,0,9.96,8.01144504547,15
309,fdc350f6670042f7c9d6d8fb,M03,0,10.7,7.84718990326,21
309,fdc350f6670042f7c9d6d8fb,M04,0,9.74,7.49903869629,21
309,fdc350f6670042f7c9d6d8fb,M05,0,9.85,7.50954961777,21
309,fdc350f6670042f7c9d6d8fb,M06,0,13.59,10.0774717331,21
309,fdc350f6670042f7c9d6d8fb,M07,0,14.81,10.05539608,30
309,fdc350f6670042f7c9d6d8fb,M08,0,19.22,12.9128332138,30
309,fdc350f6670042f7c9d6d8fb,M09,0,17.88,12.0685968399,30
309,fdc350f6670042f7c9d6d8fb,M10,0,20.72,14.3471212387,30
309,fdc350f6670042f7c9d6d8fb,M11,0,19.67,13.4251432419,30
309,fdc350f6670042f7c9d6d8fb,M12,0,27.73,19.112531662,45
309,fdc350f6670042f7c9d6d8fb,M13,0,29.01,19.2861938477,60
309,fdc350f6670042f7c9d6d8fb,M14,0,25.7,17.1887359619,60
309,fdc350f6670042f7c9d6d8fb,M15,0,27.63,19.1474170685,60
309,fdc350f6670042f7c9d6d8fb,M16,0,57.77,42.422416687,100
309,fdc350f6670042f7c9d6d8fb,M17,0,7.5,6.01367664337,14
309,fdc350f6670042f7c9d6d8fb,M18,0,10.31,7.81595802307,21
309,fdc350f6670042f7c9d6d8fb,M19,0,7.91,5.94918775558,21
309,fdc350f6670042f7c9d6d8fb,M20,0,10.31,7.8401761055,20
309,fdc350f6670042f7c9d6d8fb,M21,0,7.4,5.86707115173,21
309,fdc350f6670042f7c9d6d8fb,M22,0,17.87,12.1123180389,45
309,fdc350f6670042f7c9d6d8fb,M23,0,15.26,9.75726890564,45
309,fdc350f6670042f7c9d6d8fb,M24,0,17.84,11.8193702698,45
309,fdc350f6670042f7c9d6d8fb,M25,0,14.63,11.6444482803,20
309,fdc350f6670042f7c9d6d8fb,M26,0,13.4,10.6342592239,20
309,fdc350f6670042f7c9d6d8fb,M27,0,17.7,12.5133190155,30
309,fdc350f6670042f7c9d6d8fb,M28,0,15.82,10.8123826981,30
309,fdc350f6670042f7c9d6d8fb,M29,0,16.97,12.1156988144,30
309,fdc350f6670042f7c9d6d8fb,M30,0,10.75,8.20843505859,21
312,f6706e821cf953202aa4b547,M01,2,7.6,6.65543222427,10
312,f6706e821cf953202aa4b547,M02,2,10.35,9.27528476715,15
312,f6706e821cf953202aa4b547,M03,2,11.7,9.93085289001,21
312,f6706e821cf953202aa4b547,M04,2,10.63,9.50728702545,21
312,f6706e821cf953202aa4b547,M05,2,10.02,9.53902816772,21
312,f6706e821cf953202aa4b547,M06,2,14.16,13.105424881,21
312,f6706e821cf953202aa4b547,M07,2,16.46,14.4726810455,30
312,f6706e821cf953202aa4b547,M08,2,20.74,17.1207618713,30
312,f6706e821cf953202aa4b547,M09,2,19.27,16.087272644,30
312,f6706e821cf953202aa4b547,M10,2,22.1,18.5434265137,30
312,f6706e821cf953202aa4b547,M11,2,20.09,17.6753425598,30
312,f6706e821cf953202aa4b547,M12,2,30.45,23.8873157501,45
312,f6706e821cf953202aa4b547,M13,2,31.01,24.1563091278,60
312,f6706e821cf953202aa4b547,M14,2,28.3,21.2646713257,60
312,f6706e821cf953202aa4b547,M15,2,31.41,23.9718170166,60
312,f6706e821cf953202aa4b547,M16,2,59.95,57.3836784363,100
312,f6706e821cf953202aa4b547,M17,2,8.23,6.32359218597,14
312,f6706e821cf953202aa4b547,M18,2,11.75,9.71232032776,21
312,f6706e821cf953202aa4b547,M19,2,9,7.52388525009,21
312,f6706e821cf953202aa4b547,M20,2,11.65,9.8864030838,20
312,f6706e821cf953202aa4b547,M21,2,8.63,7.04343605042,21
312,f6706e821cf953202aa4b547,M22,2,21.97,15.669924736,45
312,f6706e821cf953202aa4b547,M23,2,19.17,13.0861616135,45
312,f6706e821cf953202aa4b547,M24,2,22.37,15.7141180038,45
312,f6706e821cf953202aa4b547,M25,2,12.66,13.8855800629,20
312,f6706e821cf953202aa4b547,M26,2,11.54,12.8059425354,20
312,f6706e821cf953202aa4b547,M27,2,13.85,16.3899555206,30
312,f6706e821cf953202aa4b547,M28,2,12.27,14.6849222183,30
312,f6706e821cf953202aa4b547,M29,2,13.75,16.0934925079,30
312,f6706e821cf953202aa4b547,M30,2,8.29,10.3167142868,21
313,38f5ab75bc43f62a70b6c62f,M01,4,7.84,8.55031013489,10
313,38f5ab75bc43f62a70b6c62f,M02,4,10.8,11.5485067368,15
313,38f5ab75bc43f62a70b6c62f,M03,4,12.7,12.5966100693,21
313,38f5ab75bc43f62a70b6c62f,M04,4,12.1,12.1735057831,21
313,38f5ab75bc43f62a70b6c62f,M05,4,12.03,12.2369117737,21
313,38f5ab75bc43f62a70b6c62f,M06,4,14.9,15.5296421051,21
313,38f5ab75bc43f62a70b6c62f,M07,4,17.99,18.2684001923,30
313,38f5ab75bc43f62a70b6c62f,M08,4,22.13,23.1947116852,30
313,38f5ab75bc43f62a70b6c62f,M09,4,21.31,22.2682151794,30
313,38f5ab75bc43f62a70b6c62f,M10,4,23.42,24.3194847107,30
313,38f5ab75bc43f62a70b6c62f,M11,4,22.83,23.7644271851,30
313,38f5ab75bc43f62a70b6c62f,M12,4,32.89,34.7085990906,45
313,38f5ab75bc43f62a70b6c62f,M13,4,33.34,35.2391815186,60
313,38f5ab75bc43f62a70b6c62f,M14,4,30.81,32.4962539673,60
313,38f5ab75bc43f62a70b6c62f,M15,4,34.41,35.7067718506,60
313,38f5ab75bc43f62a70b6c62f,M16,4,62.51,61.9530181885,100
313,38f5ab75bc43f62a70b6c62f,M17,4,8.68,8.96037387848,14
313,38f5ab75bc43f62a70b6c62f,M18,4,12.49,12.4659528732,21
313,38f5ab75bc43f62a70b6c62f,M19,4,9.95,11.6456842422,21
313,38f5ab75bc43f62a70b6c62f,M20,4,15.08,14.5443630219,20
313,38f5ab75bc43f62a70b6c62f,M21,4,10.86,11.3858394623,21
313,38f5ab75bc43f62a70b6c62f,M22,4,29.15,29.1265697479,45
313,38f5ab75bc43f62a70b6c62f,M23,4,22.76,26.2881755829,45
313,38f5ab75bc43f62a70b6c62f,M24,4,26.86,29.8416824341,45
313,38f5ab75bc43f62a70b6c62f,M25,4,15.16,15.8763990402,20
313,38f5ab75bc43f62a70b6c62f,M26,4,14.15,14.6387624741,20
313,38f5ab75bc43f62a70b6c62f,M27,4,19.12,19.939332962,30
313,38f5ab75bc43f62a70b6c62f,M28,4,17.69,18.2251796722,30
313,38f5ab75bc43f62a70b6c62f,M29,4,19.39,20.1762943268,30
313,38f5ab75bc43f62a70b6c62f,M30,4,12.35,12.5924396515,21
314,ba56fb1d6cf7f9574ee506e9,M01,1,5.02,9.23651885986,10
314,ba56fb1d6cf7f9574ee506e9,M02,1,6.99,12.4552822113,15
314,ba56fb1d6cf7f9574ee506e9,M03,1,5.88,13.8618440628,21
314,ba56fb1d6cf7f9574ee506e9,M04,1,5.53,13.2896490097,21
314,ba56fb1d6cf7f9574ee506e9,M05,1,5.52,13.4159078598,21
314,ba56fb1d6cf7f9574ee506e9,M06,1,7.32,16.7833385468,21
314,ba56fb1d6cf7f9574ee506e9,M07,1,7.73,20.0170192719,30
314,ba56fb1d6cf7f9574ee506e9,M08,1,11.67,25.011346817,30
314,ba56fb1d6cf7f9574ee506e9,M09,1,11.08,23.837469101,30
314,ba56fb1d6cf7f9574ee506e9,M10,1,12.9,26.3382720947,30
314,ba56fb1d6cf7f9574ee506e9,M11,1,12.5,25.8432197571,30
314,ba56fb1d6cf7f9574ee506e9,M12,1,15.79,35.3626289368,45
314,ba56fb1d6cf7f9574ee506e9,M13,1,14.19,36.4568099976,60
314,ba56fb1d6cf7f9574ee506e9,M14,1,12.82,34.2325515747,60
314,ba56fb1d6cf7f9574ee506e9,M15,1,13.8,36.6018753052,60
314,ba56fb1d6cf7f9574ee506e9,M16,1,35,65.7365951538,100
314,ba56fb1d6cf7f9574ee506e9,M17,1,4.34,9.57977771759,14
314,ba56fb1d6cf7f9574ee506e9,M18,1,5.92,13.5621023178,21
314,ba56fb1d6cf7f9574ee506e9,M19,1,5.02,12.577917099,21
314,ba56fb1d6cf7f9574ee506e9,M20,1,6.62,14.3796491623,20
314,ba56fb1d6cf7f9574ee506e9,M21,1,4.83,12.0241661072,21
314,ba56fb1d6cf7f9574ee506e9,M22,1,9.74,28.9131164551,45
314,ba56fb1d6cf7f9574ee506e9,M23,1,9.14,26.7683258057,45
314,ba56fb1d6cf7f9574ee506e9,M24,1,10.5,29.2580509186,45
314,ba56fb1d6cf7f9574ee506e9,M25,1,14.91,16.9626178741,20
314,ba56fb1d6cf7f9574ee506e9,M26,1,13.6,15.6962509155,20
314,ba56fb1d6cf7f9574ee506e9,M27,1,18.2,21.3931045532,30
314,ba56fb1d6cf7f9574ee506e9,M28,1,16.15,19.8493099213,30
314,ba56fb1d6cf7f9574ee506e9,M29,1,17.43,21.616979599,30
314,ba56fb1d6cf7f9574ee506e9,M30,1,10.88,13.8847007751,21
316,7b5da74713d6434883aea4ee,M01,4,6.96,7.94513845444,10
316,7b5da74713d6434883aea4ee,M02,4,9.32,11.1960401535,15
316,7b5da74713d6434883aea4ee,M03,4,9.61,11.9123802185,21
316,7b5da74713d6434883aea4ee,M04,4,9.14,11.4211349487,21
316,7b5da74713d6434883aea4ee,M05,4,9.44,11.4519329071,21
316,7b5da74713d6434883aea4ee,M06,4,12.12,14.9358644485,21
316,7b5da74713d6434883aea4ee,M07,4,13.26,17.4383792877,30
316,7b5da74713d6434883aea4ee,M08,4,17.7,22.411272049,30
316,7b5da74713d6434883aea4ee,M09,4,17.11,21.2602577209,30
316,7b5da74713d6434883aea4ee,M10,4,19.11,23.6800117493,30
316,7b5da74713d6434883aea4ee,M11,4,19.13,23.0280361176,30
316,7b5da74713d6434883aea4ee,M12,4,25.42,32.8595809937,45
316,7b5da74713d6434883aea4ee,M13,4,25.53,33.5508079529,60
316,7b5da74713d6434883aea4ee,M14,4,22.71,30.0070590973,60
316,7b5da74713d6434883aea4ee,M15,4,25.41,33.4794082642,60
316,7b5da74713d6434883aea4ee,M16,4,53.99,58.0379943848,100
316,7b5da74713d6434883aea4ee,M17,4,6.93,8.09600257874,14
316,7b5da74713d6434883aea4ee,M18,4,9.55,11.6759290695,21
316,7b5da74713d6434883aea4ee,M19,4,6.9,10.3819828033,21
316,7b5da74713d6434883aea4ee,M20,4,8.58,12.8067941666,20
316,7b5da74713d6434883aea4ee,M21,4,6.11,9.98312187195,21
316,7b5da74713d6434883aea4ee,M22,4,13.48,24.7920150757,45
316,7b5da74713d6434883aea4ee,M23,4,12.44,21.8973731995,45
316,7b5da74713d6434883aea4ee,M24,4,13.51,24.9251861572,45
316,7b5da74713d6434883aea4ee,M25,4,14.61,14.9809398651,20
316,7b5da74713d6434883aea4ee,M26,4,13.42,13.5854854584,20
316,7b5da74713d6434883aea4ee,M27,4,17.7,18.2610244751,30
316,7b5da74713d6434883aea4ee,M28,4,15.97,16.3375988007,30
316,7b5da74713d6434883aea4ee,M29,4,17.63,18.0718021393,30
316,7b5da74713d6434883aea4ee,M30,4,11.07,11.4720678329,21
317,31889a52aaae5d9d746527d9,M01,1,7.84,8.61589431763,10
317,31889a52aaae5d9d746527d9,M02,1,10.75,11.5628728867,15
317,31889a52aaae5d9d746527d9,M03,1,12.71,12.5711078644,21
317,31889a52aaae5d9d746527d9,M04,1,12.01,12.2385759354,21
317,31889a52aaae5d9d746527d9,M05,1,12.13,12.2580394745,21
317,31889a52aaae5d9d746527d9,M06,1,15.02,15.5880804062,21
317,31889a52aaae5d9d746527d9,M07,1,17.96,18.4116458893,30
317,31889a52aaae5d9d746527d9,M08,1,22.14,22.6698246002,30
317,31889a52aaae5d9d746527d9,M09,1,21.34,21.8116111755,30
317,31889a52aaae5d9d746527d9,M10,1,23.51,24.0206604004,30
317,31889a52aaae5d9d746527d9,M11,1,22.87,23.4675121307,30
317,31889a52aaae5d9d746527d9,M12,1,32.87,34.4303245544,45
317,31889a52aaae5d9d746527d9,M13,1,33.37,35.5020713806,60
317,31889a52aaae5d9d746527d9,M14,1,30.81,32.0431289673,60
317,31889a52aaae5d9d746527d9,M15,1,34.52,35.9735145569,60
317,31889a52aaae5d9d746527d9,M16,1,62.51,65.3305435181,100
317,31889a52aaae5d9d746527d9,M17,1,8.87,8.80088615417,14
317,31889a52aaae5d9d746527d9,M18,1,12.44,12.254319191,21
317,31889a52aaae5d9d746527d9,M19,1,9.81,10.978969574,21
317,31889a52aaae5d9d746527d9,M20,1,13.67,14.1832304001,20
317,31889a52aaae5d9d746527d9,M21,1,10.16,10.9485454559,21
317,31889a52aaae5d9d746527d9,M22,1,25.55,26.9801120758,45
317,31889a52aaae5d9d746527d9,M23,1,20.4,23.6907844543,45
317,31889a52aaae5d9d746527d9,M24,1,21.72,27.8464241028,45
317,31889a52aaae5d9d746527d9,M25,1,15.21,16.067111969,20
317,31889a52aaae5d9d746527d9,M26,1,14.19,14.6888208389,20
317,31889a52aaae5d9d746527d9,M27,1,19.17,20.2846279144,30
317,31889a52aaae5d9d746527d9,M28,1,17.7,18.3334331512,30
317,31889a52aaae5d9d746527d9,M29,1,19.48,20.4271316528,30
317,31889a52aaae5d9d746527d9,M30,1,12.28,12.6345338821,21
320,ef8a15c0d2220d2839b1ab33,M01,1,7.97,8.69301795959,10
320,ef8a15c0d2220d2839b1ab33,M02,1,10.96,11.7527952194,15
320,ef8a15c0d2220d2839b1ab33,M03,1,13.09,12.8877677917,21
320,ef8a15c0d2220d2839b1ab33,M04,1,12.48,12.4976949692,21
320,ef8a15c0d2220d2839b1ab33,M05,1,12.44,12.547164917,21
320,ef8a15c0d2220d2839b1ab33,M06,1,15.3,15.6452350616,21
320,ef8a15c0d2220d2839b1ab33,M07,1,18.6,18.8720588684,30
320,ef8a15c0d2220d2839b1ab33,M08,1,22.66,23.6126117706,30
320,ef8a15c0d2220d2839b1ab33,M09,1,21.84,22.7509403229,30
320,ef8a15c0d2220d2839b1ab33,M10,1,23.92,24.875459671,30
320,ef8a15c0d2220d2839b1ab33,M11,1,23.34,24.3086585999,30
320,ef8a15c0d2220d2839b1ab33,M12,1,33.83,34.7642440796,45
320,ef8a15c0d2220d2839b1ab33,M13,1,34.57,35.6736564636,60
320,ef8a15c0d2220d2839b1ab33,M14,1,32.17,32.3042449951,60
320,ef8a15c0d2220d2839b1ab33,M15,1,35.54,36.1420249939,60
320,ef8a15c0d2220d2839b1ab33,M16,1,63.83,64.5346374512,100
320,ef8a15c0d2220d2839b1ab33,M17,1,8.86,9.35653972626,14
320,ef8a15c0d2220d2839b1ab33,M18,1,12.83,12.8916721344,21
320,ef8a15c0d2220d2839b1ab33,M19,1,10.6,11.94485569,21
320,ef8a15c0d2220d2839b1ab33,M20,1,16.7,14.9561595917,20
320,ef8a15c0d2220d2839b1ab33,M21,1,11.78,11.8828306198,21
320,ef8a15c0d2220d2839b1ab33,M22,1,33.42,29.9965858459,45
320,ef8a15c0d2220d2839b1ab33,M23,1,25.19,26.8453788757,45
320,ef8a15c0d2220d2839b1ab33,M24,1,33.65,30.7961463928,45
320,ef8a15c0d2220d2839b1ab33,M25,1,15.41,16.138753891,20
320,ef8a15c0d2220d2839b1ab33,M26,1,14.4,14.6596488953,20
320,ef8a15c0d2220d2839b1ab33,M27,1,19.64,20.4633216858,30
320,ef8a15c0d2220d2839b1ab33,M28,1,18.24,18.324306488,30
320,ef8a15c0d2220d2839b1ab33,M29,1,19.84,20.6050071716,30
320,ef8a15c0d2220d2839b1ab33,M30,1,12.77,12.882106781,21
321,1380bc3c592cb520da597f09,M01,0,8.85,9.28282165527,10
321,1380bc3c592cb520da597f09,M02,0,11.53,12.4265050888,15
321,1380bc3c592cb520da597f09,M03,0,13.96,13.5825128555,21
321,1380bc3c592cb520da597f09,M04,0,13.05,13.0662622452,21
321,1380bc3c592cb520da597f09,M05,0,13.33,13.2213029861,21
321,1380bc3c592cb520da597f09,M06,0,16.77,16.716878891,21
321,1380bc3c592cb520da597f09,M07,0,19.83,19.3286876678,30
321,1380bc3c592cb520da597f09,M08,0,23.83,25.1045227051,30
321,1380bc3c592cb520da597f09,M09,0,22.61,24.001625061,30
321,1380bc3c592cb520da597f09,M10,0,25.24,26.3283061981,30
321,1380bc3c592cb520da597f09,M11,0,24.52,25.9460926056,30
321,1380bc3c592cb520da597f09,M12,0,35.64,36.3419952393,45
321,1380bc3c592cb520da597f09,M13,0,37.86,37.5988464355,60
321,1380bc3c592cb520da597f09,M14,0,35.35,35.6243972778,60
321,1380bc3c592cb520da597f09,M15,0,38.02,37.7333908081,60
321,1380bc3c592cb520da597f09,M16,0,67.31,66.3640594482,100
321,1380bc3c592cb520da597f09,M17,0,9.26,9.62358856201,14
321,1380bc3c592cb520da597f09,M18,0,13.32,13.358953476,21
321,1380bc3c592cb520da597f09,M19,0,12.75,12.7653989792,21
321,1380bc3c592cb520da597f09,M20,0,10.68,15.0632123947,20
321,1380bc3c592cb520da597f09,M21,0,12.01,12.2821598053,21
321,1380bc3c592cb520da597f09,M22,0,30.84,31.0509433746,45
321,1380bc3c592cb520da597f09,M23,0,27.45,28.8454284668,45
321,1380bc3c592cb520da597f09,M24,0,31.15,31.4612922668,45
321,1380bc3c592cb520da597f09,M25,0,16.49,17.1621780396,20
321,1380bc3c592cb520da597f09,M26,0,15.32,15.8856363297,20
321,1380bc3c592cb520da597f09,M27,0,21.41,21.6981639862,30
321,1380bc3c592cb520da597f09,M28,0,19.86,20.0759773254,30
321,1380bc3c592cb520da597f09,M29,0,21.19,21.8383331299,30
321,1380bc3c592cb520da597f09,M30,0,14.01,13.7834720612,21
322,14812f6f91f22e7ecc6c321a,M01,3,6.54,5.32947397232,10
322,14812f6f91f22e7ecc6c321a,M02,3,8.91,6.70861244202,15
322,14812f6f91f22e7ecc6c321a,M03,3,8.79,6.44002819061,21
322,14812f6f91f22e7ecc6c321a,M04,3,8.08,6.15561771393,21
322,14812f6f91f22e7ecc6c321a,M05,3,8.01,6.10033226013,21
322,14812f6f91f22e7ecc6c321a,M06,3,10.99,8.74672698975,21
322,14812f6f91f22e7ecc6c321a,M07,3,12.04,8.49235343933,30
322,14812f6f91f22e7ecc6c321a,M08,3,16.53,10.6187572479,30
322,14812f6f91f22e7ecc6c321a,M09,3,15.51,9.80367183685,30
322,14812f6f91f22e7ecc6c321a,M10,3,17.9,12.0334444046,30
322,14812f6f91f22e7ecc6c321a,M11,3,17.18,11.1778335571,30
322,14812f6f91f22e7ecc6c321a,M12,3,23.47,13.2422418594,45
322,14812f6f91f22e7ecc6c321a,M13,3,22.53,13.8345127106,60
322,14812f6f91f22e7ecc6c321a,M14,3,19.55,12.1695652008,60
322,14812f6f91f22e7ecc6c321a,M15,3,22.54,13.2613677979,60
322,14812f6f91f22e7ecc6c321a,M16,3,50.5,24.296087265,100
322,14812f6f91f22e7ecc6c321a,M17,3,6.37,4.51110506058,14
322,14812f6f91f22e7ecc6c321a,M18,3,8.73,6.25880432129,21
322,14812f6f91f22e7ecc6c321a,M19,3,5.38,5.26094532013,21
322,14812f6f91f22e7ecc6c321a,M20,3,7.74,6.85146999359,20
322,14812f6f91f22e7ecc6c321a,M21,3,5.28,4.98959159851,21
322,14812f6f91f22e7ecc6c321a,M22,3,11.66,10.0809259415,45
322,14812f6f91f22e7ecc6c321a,M23,3,10.39,8.46033287048,45
322,14812f6f91f22e7ecc6c321a,M24,3,11.4,9.57144260406,45
322,14812f6f91f22e7ecc6c321a,M25,3,13.07,10.2335653305,20
322,14812f6f91f22e7ecc6c321a,M26,3,11.89,9.27965068817,20
322,14812f6f91f22e7ecc6c321a,M27,3,14.66,11.0240478516,30
322,14812f6f91f22e7ecc6c321a,M28,3,12.93,9.58713245392,30
322,14812f6f91f22e7ecc6c321a,M29,3,14.42,10.4445705414,30
322,14812f6f91f22e7ecc6c321a,M30,3,8.82,6.70513057709,21
323,0875c4610309c2d8522eaa6d,M01,0,7.85,8.12558364868,10
323,0875c4610309c2d8522eaa6d,M02,0,10.48,10.9097452164,15
323,0875c4610309c2d8522eaa6d,M03,0,11.81,11.849187851,21
323,0875c4610309c2d8522eaa6d,M04,0,10.91,11.3219366074,21
323,0875c4610309c2d8522eaa6d,M05,0,11.11,11.4558897018,21
323,0875c4610309c2d8522eaa6d,M06,0,14.52,14.7570123672,21
323,0875c4610309c2d8522eaa6d,M07,0,16.49,16.9877147675,30
323,0875c4610309c2d8522eaa6d,M08,0,20.8,21.5364780426,30
323,0875c4610309c2d8522eaa6d,M09,0,19.58,20.3180408478,30
323,0875c4610309c2d8522eaa6d,M10,0,22.3,22.9001960754,30
323,0875c4610309c2d8522eaa6d,M11,0,21.59,22.362613678,30
323,0875c4610309c2d8522eaa6d,M12,0,30.35,31.4664058685,45
323,0875c4610309c2d8522eaa6d,M13,0,31.5,32.4300231934,60
323,0875c4610309c2d8522eaa6d,M14,0,28.36,29.4167366028,60
323,0875c4610309c2d8522eaa6d,M15,0,31.69,32.5723724365,60
323,0875c4610309c2d8522eaa6d,M16,0,60.44,62.7325897217,100
323,0875c4610309c2d8522eaa6d,M17,0,8.12,8.1423034668,14
323,0875c4610309c2d8522eaa6d,M18,0,11.37,11.633731842,21
323,0875c4610309c2d8522eaa6d,M19,0,9.97,10.1788578033,21
323,0875c4610309c2d8522eaa6d,M20,0,12.16,12.3418703079,20
323,0875c4610309c2d8522eaa6d,M21,0,9.38,9.78421211243,21
323,0875c4610309c2d8522eaa6d,M22,0,23.71,25.0610923767,45
323,0875c4610309c2d8522eaa6d,M23,0,20.64,21.7774486542,45
323,0875c4610309c2d8522eaa6d,M24,0,24.06,25.5355224609,45
323,0875c4610309c2d8522eaa6d,M25,0,15.15,15.5745029449,20
323,0875c4610309c2d8522eaa6d,M26,0,13.96,14.2587900162,20
323,0875c4610309c2d8522eaa6d,M27,0,18.78,19.4338245392,30
323,0875c4610309c2d8522eaa6d,M28,0,17.02,17.5952320099,30
323,0875c4610309c2d8522eaa6d,M29,0,18.66,19.4061889648,30
323,0875c4610309c2d8522eaa6d,M30,0,11.84,12.0616130829,21
325,b8393da9715f408e65c6f2e3,M01,0,8.1,8.72059726715,10
325,b8393da9715f408e65c6f2e3,M02,0,11.11,11.688659668,15
325,b8393da9715f408e65c6f2e3,M03,0,13.43,13.6470623016,21
325,b8393da9715f408e65c6f2e3,M04,0,12.79,13.2139129639,21
325,b8393da9715f408e65c6f2e3,M05,0,12.8,13.3165597916,21
325,b8393da9715f408e65c6f2e3,M06,0,15.66,16.3506813049,21
325,b8393da9715f408e65c6f2e3,M07,0,19.12,19.388879776,30
325,b8393da9715f408e65c6f2e3,M08,0,23.12,24.1012439728,30
325,b8393da9715f408e65c6f2e3,M09,0,22.28,23.1238212585,30
325,b8393da9715f408e65c6f2e3,M10,0,24.35,25.2545852661,30
325,b8393da9715f408e65c6f2e3,M11,0,23.79,24.9152107239,30
325,b8393da9715f408e65c6f2e3,M12,0,34.63,35.7566261292,45
325,b8393da9715f408e65c6f2e3,M13,0,35.64,37.6909828186,60
325,b8393da9715f408e65c6f2e3,M14,0,33.33,35.8315467834,60
325,b8393da9715f408e65c6f2e3,M15,0,36.52,38.070690155,60
325,b8393da9715f408e65c6f2e3,M16,0,64.96,66.5140838623,100
325,b8393da9715f408e65c6f2e3,M17,0,9.03,9.10317802429,14
325,b8393da9715f408e65c6f2e3,M18,0,13.12,13.4040441513,21
325,b8393da9715f408e65c6f2e3,M19,0,11.22,12.6722698212,21
325,b8393da9715f408e65c6f2e3,M20,0,17.89,14.782327652,20
325,b8393da9715f408e65c6f2e3,M21,0,12.73,12.5450868607,21
325,b8393da9715f408e65c6f2e3,M22,0,37.83,31.4354972839,45
325,b8393da9715f408e65c6f2e3,M23,0,27.5,30.8170719147,45
325,b8393da9715f408e65c6f2e3,M24,0,38.24,31.7654304504,45
325,b8393da9715f408e65c6f2e3,M25,0,15.63,16.3528194427,20
325,b8393da9715f408e65c6f2e3,M26,0,14.6,15.1386928558,20
325,b8393da9715f408e65c6f2e3,M27,0,20.08,21.1552963257,30
325,b8393da9715f408e65c6f2e3,M28,0,18.7,19.9150524139,30
325,b8393da9715f408e65c6f2e3,M29,0,20.23,21.2946243286,30
325,b8393da9715f408e65c6f2e3,M30,0,13.13,13.6346349716,21
326,9140024943d858a024a6c938,M01,4,7.75,7.82243061066,10
326,9140024943d858a024a6c938,M02,4,10.31,11.0121622086,15
326,9140024943d858a024a6c938,M03,4,11.54,11.8028516769,21
326,9140024943d858a024a6c938,M04,4,10.66,11.3969011307,21
326,9140024943d858a024a6c938,M05,4,10.84,11.440495491,21
326,9140024943d858a024a6c938,M06,4,14.32,14.7534170151,21
326,9140024943d858a024a6c938,M07,4,16.17,17.0263385773,30
326,9140024943d858a024a6c938,M08,4,20.48,22.0335617065,30
326,9140024943d858a024a6c938,M09,4,19.29,20.9511890411,30
326,9140024943d858a024a6c938,M10,4,21.89,23.3808746338,30
326,9140024943d858a024a6c938,M11,4,21.07,22.7317638397,30
326,9140024943d858a024a6c938,M12,4,29.98,32.3369750977,45
326,9140024943d858a024a6c938,M13,4,31.36,33.1184120178,60
326,9140024943d858a024a6c938,M14,4,28.46,29.6306552887,60
326,9140024943d858a024a6c938,M15,4,30.72,32.834197998,60
326,9140024943d858a024a6c938,M16,4,60.34,56.9411010742,100
326,9140024943d858a024a6c938,M17,4,7.97,7.99375009537,14
326,9140024943d858a024a6c938,M18,4,11.15,11.6734285355,21
326,9140024943d858a024a6c938,M19,4,8.72,10.4342308044,21
326,9140024943d858a024a6c938,M20,4,11.03,12.6148080826,20
326,9140024943d858a024a6c938,M21,4,8.18,10.0259218216,21
326,9140024943d858a024a6c938,M22,4,20.14,24.5989189148,45
326,9140024943d858a024a6c938,M23,4,17.5,21.8121471405,45
326,9140024943d858a024a6c938,M24,4,20.22,24.5626945496,45
326,9140024943d858a024a6c938,M25,4,14.99,15.0112943649,20
326,9140024943d858a024a6c938,M26,4,13.86,13.5762653351,20
326,9140024943d858a024a6c938,M27,4,18.57,18.083776474,30
326,9140024943d858a024a6c938,M28,4,16.9,16.2357349396,30
326,9140024943d858a024a6c938,M29,4,18.14,17.7994117737,30
326,9140024943d858a024a6c938,M30,4,11.6,11.6656112671,21
328,f23a727fbe1c6f18cb88859c,M01,1,6.54,5.82654237747,10
328,f23a727fbe1c6f18cb88859c,M02,1,8.7,7.60857391357,15
328,f23a727fbe1c6f18cb88859c,M03,1,8.42,7.26742458344,21
328,f23a727fbe1c6f18cb88859c,M04,1,7.97,6.86233329773,21
328,f23a727fbe1c6f18cb88859c,M05,1,7.96,6.87116575241,21
328,f23a727fbe1c6f18cb88859c,M06,1,10.86,9.67202281952,21
328,f23a727fbe1c6f18cb88859c,M07,1,11.42,9.68815517426,30
328,f23a727fbe1c6f18cb88859c,M08,1,15.78,14.021027565,30
328,f23a727fbe1c6f18cb88859c,M09,1,15.18,13.2473735809,30
328,f23a727fbe1c6f18cb88859c,M10,1,17.29,15.4996213913,30
328,f23a727fbe1c6f18cb88859c,M11,1,17,14.6168317795,30
328,f23a727fbe1c6f18cb88859c,M12,1,22.11,19.3933467865,45
328,f23a727fbe1c6f18cb88859c,M13,1,21.93,19.6356430054,60
328,f23a727fbe1c6f18cb88859c,M14,1,19.32,17.0460681915,60
328,f23a727fbe1c6f18cb88859c,M15,1,21.59,18.9954242706,60
328,f23a727fbe1c6f18cb88859c,M16,1,49.67,45.042766571,100
328,f23a727fbe1c6f18cb88859c,M17,1,6.34,5.27189302444,14
328,f23a727fbe1c6f18cb88859c,M18,1,8.54,7.07917451859,21
328,f23a727fbe1c6f18cb88859c,M19,1,5.51,5.11654281616,21
328,f23a727fbe1c6f18cb88859c,M20,1,7.68,6.96149396896,20
328,f23a727fbe1c6f18cb88859c,M21,1,5.35,5.09902143478,21
328,f23a727fbe1c6f18cb88859c,M22,1,11.56,11.53129673,45
328,f23a727fbe1c6f18cb88859c,M23,1,10.65,9.41630840302,45
328,f23a727fbe1c6f18cb88859c,M24,1,11.16,11.0666971207,45
328,f23a727fbe1c6f18cb88859c,M25,1,13.62,13.0789241791,20
328,f23a727fbe1c6f18cb88859c,M26,1,12.43,11.9534950256,20
328,f23a727fbe1c6f18cb88859c,M27,1,15.73,15.0041437149,30
328,f23a727fbe1c6f18cb88859c,M28,1,13.93,13.0977725983,30
328,f23a727fbe1c6f18cb88859c,M29,1,15.04,14.4826545715,30
328,f23a727fbe1c6f18cb88859c,M30,1,9.25,8.52014923096,21
330,941763538c16ab57ad9d0f47,M01,4,5.56,6.57269287109,10
330,941763538c16ab57ad9d0f47,M02,4,7.49,8.33327579498,15
330,941763538c16ab57ad9d0f47,M03,4,6.54,8.46013736725,21
330,941763538c16ab57ad9d0f47,M04,4,6.35,8.08968353271,21
330,941763538c16ab57ad9d0f47,M05,4,6.3,8.04808330536,21
330,941763538c16ab57ad9d0f47,M06,4,8.44,11.0168924332,21
330,941763538c16ab57ad9d0f47,M07,4,8.67,11.3023681641,30
330,941763538c16ab57ad9d0f47,M08,4,12.67,15.9625930786,30
330,941763538c16ab57ad9d0f47,M09,4,12.47,15.0272226334,30
330,941763538c16ab57ad9d0f47,M10,4,14.1,17.3063220978,30
330,941763538c16ab57ad9d0f47,M11,4,14.08,16.5056781769,30
330,941763538c16ab57ad9d0f47,M12,4,17.14,21.9984893799,45
330,941763538c16ab57ad9d0f47,M13,4,16.12,22.5298252106,60
330,941763538c16ab57ad9d0f47,M14,4,14.14,19.638792038,60
330,941763538c16ab57ad9d0f47,M15,4,15.83,22.0777416229,60
330,941763538c16ab57ad9d0f47,M16,4,38.91,51.4841041565,100
330,941763538c16ab57ad9d0f47,M17,4,5.13,5.80245399475,14
330,941763538c16ab57ad9d0f47,M18,4,6.89,8.03628826141,21
330,941763538c16ab57ad9d0f47,M19,4,4.91,5.983543396,21
330,941763538c16ab57ad9d0f47,M20,4,6.51,8.03087902069,20
330,941763538c16ab57ad9d0f47,M21,4,4.82,5.6480345726,21
330,941763538c16ab57ad9d0f47,M22,4,9.57,13.3947381973,45
330,941763538c16ab57ad9d0f47,M23,4,8.75,11.1364431381,45
330,941763538c16ab57ad9d0f47,M24,4,9.67,13.0216264725,45
330,941763538c16ab57ad9d0f47,M25,4,13.46,13.1512622833,20
330,941763538c16ab57ad9d0f47,M26,4,12.34,11.9668998718,20
330,941763538c16ab57ad9d0f47,M27,4,15.67,15.1881818771,30
330,941763538c16ab57ad9d0f47,M28,4,13.9,13.3860054016,30
330,941763538c16ab57ad9d0f47,M29,4,14.58,14.5935516357,30
330,941763538c16ab57ad9d0f47,M30,4,8.88,8.89350700378,21
331,acb7f133587b4d087f763ec9,M01,1,8.98,7.49272441864,10
331,acb7f133587b4d087f763ec9,M02,1,12.49,10.283449173,15
331,acb7f133587b4d087f763ec9,M03,1,15.08,11.2258024216,21
331,acb7f133587b4d087f763ec9,M04,1,13.74,10.9098386765,21
331,acb7f133587b4d087f763ec9,M05,1,14.12,10.9927940369,21
331,acb7f133587b4d087f763ec9,M06,1,18.93,14.2179794312,21
331,acb7f133587b4d087f763ec9,M07,1,21.43,16.5218067169,30
331,acb7f133587b4d087f763ec9,M08,1,25.43,19.7178630829,30
331,acb7f133587b4d087f763ec9,M09,1,23.34,19.034778595,30
331,acb7f133587b4d087f763ec9,M10,1,26.93,21.1127700806,30
331,acb7f133587b4d087f763ec9,M11,1,25.8,20.4674758911,30
331,acb7f133587b4d087f763ec9,M12,1,36.72,28.1966972351,45
331,acb7f133587b4d087f763ec9,M13,1,38.35,29.1870346069,60
331,acb7f133587b4d087f763ec9,M14,1,35.83,26.5539226532,60
331,acb7f133587b4d087f763ec9,M15,1,37.64,29.0148258209,60
331,acb7f133587b4d087f763ec9,M16,1,67.88,53.6387825012,100
331,acb7f133587b4d087f763ec9,M17,1,10.21,7.4501543045,14
331,acb7f133587b4d087f763ec9,M18,1,13.95,11.0111846924,21
331,acb7f133587b4d087f763ec9,M19,1,15.64,8.63054847717,21
331,acb7f133587b4d087f763ec9,M20,1,14.56,10.7577409744,20
331,acb7f133587b4d087f763ec9,M21,1,13.39,8.41080665588,21
331,acb7f133587b4d087f763ec9,M22,1,31.47,19.0517845154,45
331,acb7f133587b4d087f763ec9,M23,1,27.73,16.7843494415,45
331,acb7f133587b4d087f763ec9,M24,1,31.16,18.9912605286,45
331,acb7f133587b4d087f763ec9,M25,1,15.85,15.414150238,20
331,acb7f133587b4d087f763ec9,M26,1,14.72,14.3856287003,20
331,acb7f133587b4d087f763ec9,M27,1,20.27,18.9623584747,30
331,acb7f133587b4d087f763ec9,M28,1,18.72,17.2831287384,30
331,acb7f133587b4d087f763ec9,M29,1,19.94,18.6269855499,30
331,acb7f133587b4d087f763ec9,M30,1,15.28,12.0280237198,21
332,a8fee72d826a954e87bca6f7,M01,3,8.37,8.16353702545,10
332,a8fee72d826a954e87bca6f7,M02,3,11.52,11.0239534378,15
332,a8fee72d826a954e87bca6f7,M03,3,13.86,13.0998239517,21
332,a8fee72d826a954e87bca6f7,M04,3,12.83,12.6792240143,21
332,a8fee72d826a954e87bca6f7,M05,3,13.15,12.8050298691,21
332,a8fee72d826a954e87bca6f7,M06,3,16.71,15.2921457291,21
332,a8fee72d826a954e87bca6f7,M07,3,19.45,18.1756496429,30
332,a8fee72d826a954e87bca6f7,M08,3,23.63,22.3495807648,30
332,a8fee72d826a954e87bca6f7,M09,3,22.43,21.6799125671,30
332,a8fee72d826a954e87bca6f7,M10,3,25.15,23.6671543121,30
332,a8fee72d826a954e87bca6f7,M11,3,24.52,23.190864563,30
332,a8fee72d826a954e87bca6f7,M12,3,35.96,33.5053672791,45
332,a8fee72d826a954e87bca6f7,M13,3,37.38,35.1801605225,60
332,a8fee72d826a954e87bca6f7,M14,3,35.22,33.2661209106,60
332,a8fee72d826a954e87bca6f7,M15,3,38.07,35.4049530029,60
332,a8fee72d826a954e87bca6f7,M16,3,66.88,63.9947776794,100
332,a8fee72d826a954e87bca6f7,M17,3,8.92,8.94383621216,14
332,a8fee72d826a954e87bca6f7,M18,3,13.12,13.0114164352,21
332,a8fee72d826a954e87bca6f7,M19,3,12.34,12.1893215179,21
332,a8fee72d826a954e87bca6f7,M20,3,14.69,14.7937927246,20
332,a8fee72d826a954e87bca6f7,M21,3,14.25,12.1521205902,21
332,a8fee72d826a954e87bca6f7,M22,3,29.4,31.1747303009,45
332,a8fee72d826a954e87bca6f7,M23,3,33.45,28.7336349487,45
332,a8fee72d826a954e87bca6f7,M24,3,30.56,31.5066585541,45
332,a8fee72d826a954e87bca6f7,M25,3,16,16.852804184,20
332,a8fee72d826a954e87bca6f7,M26,3,14.98,15.6070356369,20
332,a8fee72d826a954e87bca6f7,M27,3,20.81,21.3318538666,30
332,a8fee72d826a954e87bca6f7,M28,3,19.48,20.0144920349,30
332,a8fee72d826a954e87bca6f7,M29,3,20.83,21.3125953674,30
332,a8fee72d826a954e87bca6f7,M30,3,13.53,13.7977304459,21
333,14b53177e66a60df70f283c4,M01,3,7.04,7.51699495316,10
333,14b53177e66a60df70f283c4,M02,3,9.76,8.64270401001,15
333,14b53177e66a60df70f283c4,M03,3,10.47,9.25735187531,21
333,14b53177e66a60df70f283c4,M04,3,9.98,8.77585506439,21
333,14b53177e66a60df70f283c4,M05,3,9.28,8.80662536621,21
333,14b53177e66a60df70f283c4,M06,3,12.62,11.7220668793,21
333,14b53177e66a60df70f283c4,M07,3,14.59,12.4590501785,30
333,14b53177e66a60df70f283c4,M08,3,19.01,17.5187282562,30
333,14b53177e66a60df70f283c4,M09,3,18.08,16.2637557983,30
333,14b53177e66a60df70f283c4,M10,3,20.34,18.6569213867,30
333,14b53177e66a60df70f283c4,M11,3,19.03,17.9316310883,30
333,14b53177e66a60df70f283c4,M12,3,27.6,23.1887683868,45
333,14b53177e66a60df70f283c4,M13,3,27,23.9125423431,60
333,14b53177e66a60df70f283c4,M14,3,24.22,21.3127117157,60
333,14b53177e66a60df70f283c4,M15,3,27.64,23.4124736786,60
333,14b53177e66a60df70f283c4,M16,3,55.63,43.1952629089,100
333,14b53177e66a60df70f283c4,M17,3,7.56,6.45666742325,14
333,14b53177e66a60df70f283c4,M18,3,10.68,8.72862434387,21
333,14b53177e66a60df70f283c4,M19,3,5.89,7.72530937195,21
333,14b53177e66a60df70f283c4,M20,3,8.99,9.08748531342,20
333,14b53177e66a60df70f283c4,M21,3,6.18,7.1668381691,21
333,14b53177e66a60df70f283c4,M22,3,14.19,17.3680706024,45
333,14b53177e66a60df70f283c4,M23,3,12.59,14.964553833,45
333,14b53177e66a60df70f283c4,M24,3,14.09,16.9697284698,45
333,14b53177e66a60df70f283c4,M25,3,12.75,12.3114032745,20
333,14b53177e66a60df70f283c4,M26,3,11.62,11.2943172455,20
333,14b53177e66a60df70f283c4,M27,3,13.97,15.0200014114,30
333,14b53177e66a60df70f283c4,M28,3,12.4,13.2390766144,30
333,14b53177e66a60df70f283c4,M29,3,13.86,14.6585197449,30
333,14b53177e66a60df70f283c4,M30,3,8.38,9.45788192749,21
336,9a7a2dc286dfaeb87974f4bc,M01,4,5.79,7.81444597244,10
336,9a7a2dc286dfaeb87974f4bc,M02,4,7.86,10.2238025665,15
336,9a7a2dc286dfaeb87974f4bc,M03,4,7.1,10.7351207733,21
336,9a7a2dc286dfaeb87974f4bc,M04,4,6.84,10.3232975006,21
336,9a7a2dc286dfaeb87974f4bc,M05,4,6.89,10.3422317505,21
336,9a7a2dc286dfaeb87974f4bc,M06,4,9.15,13.5766181946,21
336,9a7a2dc286dfaeb87974f4bc,M07,4,9.55,15.2031707764,30
336,9a7a2dc286dfaeb87974f4bc,M08,4,13.9,19.0270786285,30
336,9a7a2dc286dfaeb87974f4bc,M09,4,13.61,17.9362506866,30
336,9a7a2dc286dfaeb87974f4bc,M10,4,15.24,20.5461845398,30
336,9a7a2dc286dfaeb87974f4bc,M11,4,15.22,19.6652145386,30
336,9a7a2dc286dfaeb87974f4bc,M12,4,19.35,28.0963020325,45
336,9a7a2dc286dfaeb87974f4bc,M13,4,18.28,28.9102458954,60
336,9a7a2dc286dfaeb87974f4bc,M14,4,16.47,26.1427879333,60
336,9a7a2dc286dfaeb87974f4bc,M15,4,17.8,28.5990028381,60
336,9a7a2dc286dfaeb87974f4bc,M16,4,45,58.3156394958,100
336,9a7a2dc286dfaeb87974f4bc,M17,4,5.57,7.51753044128,14
336,9a7a2dc286dfaeb87974f4bc,M18,4,7.42,10.5003385544,21
336,9a7a2dc286dfaeb87974f4bc,M19,4,5.12,8.98236083984,21
336,9a7a2dc286dfaeb87974f4bc,M20,4,7.09,10.9891223907,20
336,9a7a2dc286dfaeb87974f4bc,M21,4,5.03,8.68416023254,21
336,9a7a2dc286dfaeb87974f4bc,M22,4,10.55,18.8065853119,45
336,9a7a2dc286dfaeb87974f4bc,M23,4,9.98,16.4099197388,45
336,9a7a2dc286dfaeb87974f4bc,M24,4,10.5,18.513917923,45
336,9a7a2dc286dfaeb87974f4bc,M25,4,13.57,14.5238265991,20
336,9a7a2dc286dfaeb87974f4bc,M26,4,12.54,13.1288843155,20
336,9a7a2dc286dfaeb87974f4bc,M27,4,15.91,16.7621307373,30
336,9a7a2dc286dfaeb87974f4bc,M28,4,14.36,14.7434940338,30
336,9a7a2dc286dfaeb87974f4bc,M29,4,15.31,16.2844333649,30
336,9a7a2dc286dfaeb87974f4bc,M30,4,9.32,10.7497768402,21
337,7774acbf550d6a1275a6d824,M01,3,8.7,8.00990390778,10
337,7774acbf550d6a1275a6d824,M02,3,11.67,10.8552389145,15
337,7774acbf550d6a1275a6d824,M03,3,14.42,13.010591507,21
337,7774acbf550d6a1275a6d824,M04,3,13.21,12.5581455231,21
337,7774acbf550d6a1275a6d824,M05,3,13.67,12.6636915207,21
337,7774acbf550d6a1275a6d824,M06,3,17.25,15.1634149551,21
337,7774acbf550d6a1275a6d824,M07,3,20.32,18.0239505768,30
337,7774acbf550d6a1275a6d824,M08,3,24.17,21.6830158234,30
337,7774acbf550d6a1275a6d824,M09,3,23.01,20.9734554291,30
337,7774acbf550d6a1275a6d824,M10,3,25.74,23.0141201019,30
337,7774acbf550d6a1275a6d824,M11,3,25.14,22.5068683624,30
337,7774acbf550d6a1275a6d824,M12,3,37.13,32.8433647156,45
337,7774acbf550d6a1275a6d824,M13,3,38.8,34.5867614746,60
337,7774acbf550d6a1275a6d824,M14,3,36.75,32.8269195557,60
337,7774acbf550d6a1275a6d824,M15,3,39.24,34.7981109619,60
337,7774acbf550d6a1275a6d824,M16,3,68.44,62.3392066956,100
337,7774acbf550d6a1275a6d824,M17,3,8.87,8.72261619568,14
337,7774acbf550d6a1275a6d824,M18,3,13.53,12.8907365799,21
337,7774acbf550d6a1275a6d824,M19,3,13.24,12.026099205,21
337,7774acbf550d6a1275a6d824,M20,3,15.19,14.5123472214,20
337,7774acbf550d6a1275a6d824,M21,3,11.78,11.9574508667,21
337,7774acbf550d6a1275a6d824,M22,3,30.57,29.8888969421,45
337,7774acbf550d6a1275a6d824,M23,3,34.81,27.623090744,45
337,7774acbf550d6a1275a6d824,M24,3,31.27,30.2278804779,45
337,7774acbf550d6a1275a6d824,M25,3,16.34,16.6909160614,20
337,7774acbf550d6a1275a6d824,M26,3,15.32,15.4037952423,20
337,7774acbf550d6a1275a6d824,M27,3,21.46,21.1037063599,30
337,7774acbf550d6a1275a6d824,M28,3,20.12,19.84882164,30
337,7774acbf550d6a1275a6d824,M29,3,21.3,21.047203064,30
337,7774acbf550d6a1275a6d824,M30,3,13.08,13.7084989548,21
338,670fa9eb64d871d2ddb202e3,M01,2,6.41,7.61616706848,10
338,670fa9eb64d871d2ddb202e3,M02,2,8.6,8.68313312531,15
338,670fa9eb64d871d2ddb202e3,M03,2,8.32,9.74354743958,21
338,670fa9eb64d871d2ddb202e3,M04,2,7.81,9.28048038483,21
338,670fa9eb64d871d2ddb202e3,M05,2,7.99,9.35646247864,21
338,670fa9eb64d871d2ddb202e3,M06,2,10.73,12.4199790955,21
338,670fa9eb64d871d2ddb202e3,M07,2,11.39,13.932841301,30
338,670fa9eb64d871d2ddb202e3,M08,2,15.85,20.2013568878,30
338,670fa9eb64d871d2ddb202e3,M09,2,15.16,19.2882232666,30
338,670fa9eb64d871d2ddb202e3,M10,2,17.21,21.4951972961,30
338,670fa9eb64d871d2ddb202e3,M11,2,16.92,20.7664356232,30
338,670fa9eb64d871d2ddb202e3,M12,2,22.28,24.8016319275,45
338,670fa9eb64d871d2ddb202e3,M13,2,22.06,25.0717811584,60
338,670fa9eb64d871d2ddb202e3,M14,2,19.62,22.7486057281,60
338,670fa9eb64d871d2ddb202e3,M15,2,21.33,24.6316509247,60
338,670fa9eb64d871d2ddb202e3,M16,2,50.1,50.1982574463,100
338,670fa9eb64d871d2ddb202e3,M17,2,6.24,7.32233810425,14
338,670fa9eb64d871d2ddb202e3,M18,2,8.37,9.61782169342,21
338,670fa9eb64d871d2ddb202e3,M19,2,5.66,7.75229120255,21
338,670fa9eb64d871d2ddb202e3,M20,2,7.96,10.2687635422,20
338,670fa9eb64d871d2ddb202e3,M21,2,5.45,7.28150844574,21
338,670fa9eb64d871d2ddb202e3,M22,2,12.06,18.7576351166,45
338,670fa9eb64d871d2ddb202e3,M23,2,11.07,17.3701686859,45
338,670fa9eb64d871d2ddb202e3,M24,2,11.47,18.6200027466,45
338,670fa9eb64d871d2ddb202e3,M25,2,14.16,15.5154333115,20
338,670fa9eb64d871d2ddb202e3,M26,2,13,14.4628000259,20
338,670fa9eb64d871d2ddb202e3,M27,2,16.95,19.176486969,30
338,670fa9eb64d871d2ddb202e3,M28,2,15.24,17.8981018066,30
338,670fa9eb64d871d2ddb202e3,M29,2,16.48,18.9188938141,30
338,670fa9eb64d871d2ddb202e3,M30,2,10.21,10.8470621109,21
339,93316b96717ed8f0b461c8fc,M01,2,9.32,7.89948892593,10
339,93316b96717ed8f0b461c8fc,M02,2,11.81,11.3618984222,15
339,93316b96717ed8f0b461c8fc,M03,2,14.34,13.0544672012,21
339,93316b96717ed8f0b461c8fc,M04,2,13.34,12.424495697,21
339,93316b96717ed8f0b461c8fc,M05,2,13.67,12.5843887329,21
339,93316b96717ed8f0b461c8fc,M06,2,17.36,15.5848560333,21
339,93316b96717ed8f0b461c8fc,M07,2,20.41,18.9337368011,30
339,93316b96717ed8f0b461c8fc,M08,2,24.37,23.0452651978,30
339,93316b96717ed8f0b461c8fc,M09,2,23.14,22.1425876617,30
339,93316b96717ed8f0b461c8fc,M10,2,25.79,24.3320522308,30
339,93316b96717ed8f0b461c8fc,M11,2,25,23.7999706268,30
339,93316b96717ed8f0b461c8fc,M12,2,36.48,36.4000282288,45
339,93316b96717ed8f0b461c8fc,M13,2,39.32,38.2742729187,60
339,93316b96717ed8f0b461c8fc,M14,2,36.79,36.8109016418,60
339,93316b96717ed8f0b461c8fc,M15,2,39.1,38.6511611938,60
339,93316b96717ed8f0b461c8fc,M16,2,68.91,63.0616340637,100
339,93316b96717ed8f0b461c8fc,M17,2,9.47,8.7384595871,14
339,93316b96717ed8f0b461c8fc,M18,2,13.57,12.7441968918,21
339,93316b96717ed8f0b461c8fc,M19,2,13.37,12.1627130508,21
339,93316b96717ed8f0b461c8fc,M20,2,14.87,14.3531751633,20
339,93316b96717ed8f0b461c8fc,M21,2,12.22,11.9823799133,21
339,93316b96717ed8f0b461c8fc,M22,2,32.95,31.7562179565,45
339,93316b96717ed8f0b461c8fc,M23,2,29.86,31.2374820709,45
339,93316b96717ed8f0b461c8fc,M24,2,33.15,32.1245346069,45
339,93316b96717ed8f0b461c8fc,M25,2,17.03,16.109210968,20
339,93316b96717ed8f0b461c8fc,M26,2,15.72,15.0436677933,20
339,93316b96717ed8f0b461c8fc,M27,2,22.11,20.8528079987,30
339,93316b96717ed8f0b461c8fc,M28,2,20.51,19.9904460907,30
339,93316b96717ed8f0b461c8fc,M29,2,21.63,20.8320922852,30
339,93316b96717ed8f0b461c8fc,M30,2,14.39,13.3384037018,21
340,252e47c2ee331e80cc378cb2,M01,1,9.64,4.77592897415,10
340,252e47c2ee331e80cc378cb2,M02,1,12.68,6.49074840546,15
340,252e47c2ee331e80cc378cb2,M03,1,15.13,6.2478094101,21
340,252e47c2ee331e80cc378cb2,M04,1,14.16,5.88023138046,21
340,252e47c2ee331e80cc378cb2,M05,1,14.35,5.8537530899,21
340,252e47c2ee331e80cc378cb2,M06,1,19.17,8.46521091461,21
340,252e47c2ee331e80cc378cb2,M07,1,21.63,9.29965591431,30
340,252e47c2ee331e80cc378cb2,M08,1,24.32,13.3502635956,30
340,252e47c2ee331e80cc378cb2,M09,1,24.13,12.7595062256,30
340,252e47c2ee331e80cc378cb2,M10,1,26.84,14.7195463181,30
340,252e47c2ee331e80cc378cb2,M11,1,25.97,13.9792852402,30
340,252e47c2ee331e80cc378cb2,M12,1,39.23,18.8744812012,45
340,252e47c2ee331e80cc378cb2,M13,1,42.86,18.6584568024,60
340,252e47c2ee331e80cc378cb2,M14,1,40.69,17.0249938965,60
340,252e47c2ee331e80cc378cb2,M15,1,40.83,18.1953468323,60
340,252e47c2ee331e80cc378cb2,M16,1,72.65,43.4673881531,100
340,252e47c2ee331e80cc378cb2,M17,1,9.88,4.46677350998,14
340,252e47c2ee331e80cc378cb2,M18,1,14.13,6.27948999405,21
340,252e47c2ee331e80cc378cb2,M19,1,14.54,4.55595684052,21
340,252e47c2ee331e80cc378cb2,M20,1,17.21,6.4622926712,20
340,252e47c2ee331e80cc378cb2,M21,1,14.38,4.48448514938,21
340,252e47c2ee331e80cc378cb2,M22,1,39.38,11.1369743347,45
340,252e47c2ee331e80cc378cb2,M23,1,34.68,9.53682327271,45
340,252e47c2ee331e80cc378cb2,M24,1,37.81,10.7950801849,45
340,252e47c2ee331e80cc378cb2,M25,1,19.07,10.8858575821,20
340,252e47c2ee331e80cc378cb2,M26,1,17.16,9.94062137604,20
340,252e47c2ee331e80cc378cb2,M27,1,24.4,12.0981864929,30
340,252e47c2ee331e80cc378cb2,M28,1,22.49,10.8209867477,30
340,252e47c2ee331e80cc378cb2,M29,1,22.39,11.8944473267,30
340,252e47c2ee331e80cc378cb2,M30,1,15.24,6.55676031113,21
341,fd86179619e5229f724d31d3,M01,2,4.2,8.96213436127,10
341,fd86179619e5229f724d31d3,M02,2,5.62,10.566901207,15
341,fd86179619e5229f724d31d3,M03,2,5.03,12.377954483,21
341,fd86179619e5229f724d31d3,M04,2,4.86,11.7602968216,21
341,fd86179619e5229f724d31d3,M05,2,4.58,11.8560771942,21
341,fd86179619e5229f724d31d3,M06,2,6.47,14.7597169876,21
341,fd86179619e5229f724d31d3,M07,2,6.11,16.8512554169,30
341,fd86179619e5229f724d31d3,M08,2,7.75,20.8204593658,30
341,fd86179619e5229f724d31d3,M09,2,6.88,20.2744998932,30
341,fd86179619e5229f724d31d3,M10,2,8.73,22.0156898499,30
341,fd86179619e5229f724d31d3,M11,2,8.42,21.5837669373,30
341,fd86179619e5229f724d31d3,M12,2,8.76,33.5835609436,45
341,fd86179619e5229f724d31d3,M13,2,9.48,33.3078384399,60
341,fd86179619e5229f724d31d3,M14,2,7.85,31.8313503265,60
341,fd86179619e5229f724d31d3,M15,2,8.95,32.6859703064,60
341,fd86179619e5229f724d31d3,M16,2,19.62,59.5250968933,100
341,fd86179619e5229f724d31d3,M17,2,2.89,8.53485393524,14
341,fd86179619e5229f724d31d3,M18,2,5.14,12.0331315994,21
341,fd86179619e5229f724d31d3,M19,2,4.27,10.0832548141,21
341,fd86179619e5229f724d31d3,M20,2,5.35,12.5287723541,20
341,fd86179619e5229f724d31d3,M21,2,4.37,9.75029659271,21
341,fd86179619e5229f724d31d3,M22,2,7.3,26.3448429108,45
341,fd86179619e5229f724d31d3,M23,2,6.29,25.6448783875,45
341,fd86179619e5229f724d31d3,M24,2,6.95,25.8745098114,45
341,fd86179619e5229f724d31d3,M25,2,8.2,17.3894100189,20
341,fd86179619e5229f724d31d3,M26,2,6.98,16.4142627716,20
341,fd86179619e5229f724d31d3,M27,2,7.86,21.0784568787,30
341,fd86179619e5229f724d31d3,M28,2,6.89,20.1726131439,30
341,fd86179619e5229f724d31d3,M29,2,7.36,20.4446239471,30
341,fd86179619e5229f724d31d3,M30,2,5.03,13.309926033,21
342,6b29c617174b313bf63cc277,M01,2,3.81,7.99476003647,10
342,6b29c617174b313bf63cc277,M02,2,4.94,8.74153232574,15
342,6b29c617174b313bf63cc277,M03,2,4.28,10.6022882462,21
342,6b29c617174b313bf63cc277,M04,2,4.21,10.0667695999,21
342,6b29c617174b313bf63cc277,M05,2,4.06,10.0748672485,21
342,6b29c617174b313bf63cc277,M06,2,5.57,12.6214132309,21
342,6b29c617174b313bf63cc277,M07,2,5.05,13.3307800293,30
342,6b29c617174b313bf63cc277,M08,2,6.39,16.5206890106,30
342,6b29c617174b313bf63cc277,M09,2,5.92,16.0695037842,30
342,6b29c617174b313bf63cc277,M10,2,7.47,17.8487300873,30
342,6b29c617174b313bf63cc277,M11,2,6.86,17.3356742859,30
342,6b29c617174b313bf63cc277,M12,2,7.5,27.3462696075,45
342,6b29c617174b313bf63cc277,M13,2,7.22,26.6317958832,60
342,6b29c617174b313bf63cc277,M14,2,5.86,25.5735912323,60
342,6b29c617174b313bf63cc277,M15,2,6.67,25.7967414856,60
342,6b29c617174b313bf63cc277,M16,2,12.97,43.9579200745,100
342,6b29c617174b313bf63cc277,M17,2,2.32,7.30331850052,14
342,6b29c617174b313bf63cc277,M18,2,4.62,10.5011262894,21
342,6b29c617174b313bf63cc277,M19,2,4.12,8.58451080322,21
342,6b29c617174b313bf63cc277,M20,2,4.76,11.0418519974,20
342,6b29c617174b313bf63cc277,M21,2,4.16,8.36535835266,21
342,6b29c617174b313bf63cc277,M22,2,6.55,21.6720714569,45
342,6b29c617174b313bf63cc277,M23,2,5.67,21.015958786,45
342,6b29c617174b313bf63cc277,M24,2,6.1,21.098449707,45
342,6b29c617174b313bf63cc277,M25,2,7.65,14.9841337204,20
342,6b29c617174b313bf63cc277,M26,2,6.62,14.1192350388,20
342,6b29c617174b313bf63cc277,M27,2,7.57,17.1122722626,30
342,6b29c617174b313bf63cc277,M28,2,6.58,16.4842720032,30
342,6b29c617174b313bf63cc277,M29,2,7.1,16.4672660828,30
342,6b29c617174b313bf63cc277,M30,2,4.94,11.3326358795,21
