compound_id,compound_group,method_id,cv_fold,rt_min,prediction_min,run_time_min
1,63590c74120e85ecd05c0c08,M01,0,1.27,1.67863059044,10
1,63590c74120e85ecd05c0c08,M02,0,0.92,2.73047566414,15
1,63590c74120e85ecd05c0c08,M03,0,1.36,2.66715216637,21
1,63590c74120e85ecd05c0c08,M04,0,1.38,2.42970395088,21
1,63590c74120e85ecd05c0c08,M05,0,1.31,2.40646862984,21
1,63590c74120e85ecd05c0c08,M06,0,1.4,3.52308058739,21
1,63590c74120e85ecd05c0c08,M07,0,1.37,3.12629175186,30
1,63590c74120e85ecd05c0c08,M08,0,0.91,3.26745653152,30
1,63590c74120e85ecd05c0c08,M09,0,0.93,2.65144562721,30
1,63590c74120e85ecd05c0c08,M10,0,1.35,4.09434366226,30
1,63590c74120e85ecd05c0c08,M11,0,1.33,3.63505458832,30
1,63590c74120e85ecd05c0c08,M12,0,0.94,3.725086689,45
1,63590c74120e85ecd05c0c08,M13,0,1.27,3.95611166954,60
1,63590c74120e85ecd05c0c08,M14,0,0.75,2.27830862999,60
1,63590c74120e85ecd05c0c08,M15,0,1.6,4.19106674194,60
1,63590c74120e85ecd05c0c08,M16,0,1.25,6.14847898483,100
1,63590c74120e85ecd05c0c08,M17,0,0.92,1.49496424198,14
1,63590c74120e85ecd05c0c08,M18,0,1.44,2.62139058113,21
1,63590c74120e85ecd05c0c08,M19,0,1.37,2.07445263863,21
1,63590c74120e85ecd05c0c08,M20,0,0.63,2.35326838493,20
1,63590c74120e85ecd05c0c08,M21,0,1.41,1.81386578083,21
1,63590c74120e85ecd05c0c08,M22,0,1.21,3.3240904808,45
1,63590c74120e85ecd05c0c08,M23,0,0.75,1.70827782154,45
1,63590c74120e85ecd05c0c08,M24,0,1.56,3.56786203384,45
1,63590c74120e85ecd05c0c08,M25,0,1.3,4.61298894882,20
1,63590c74120e85ecd05c0c08,M26,0,0.78,3.62784385681,20
1,63590c74120e85ecd05c0c08,M27,0,1.29,4.58413982391,30
1,63590c74120e85ecd05c0c08,M28,0,0.78,3.32298898697,30
1,63590c74120e85ecd05c0c08,M29,0,1.67,4.67855596542,30
1,63590c74120e85ecd05c0c08,M30,0,1.35,2.65889453888,21
2,73c4545b8949e668c76a03b2,M01,0,1.41,1.9929536581,10
2,73c4545b8949e668c76a03b2,M02,0,1.03,2.99736166,15
2,73c4545b8949e668c76a03b2,M03,0,1.57,2.93403792381,21
2,73c4545b8949e668c76a03b2,M04,0,1.44,2.69658946991,21
2,73c4545b8949e668c76a03b2,M05,0,1.32,2.67335438728,21
2,73c4545b8949e668c76a03b2,M06,0,1.66,3.78996634483,21
2,73c4545b8949e668c76a03b2,M07,0,1.58,3.39317750931,30
2,73c4545b8949e668c76a03b2,M08,0,1.05,3.53434228897,30
2,73c4545b8949e668c76a03b2,M09,0,0.98,2.91833138466,30
2,73c4545b8949e668c76a03b2,M10,0,1.55,4.3612279892,30
2,73c4545b8949e668c76a03b2,M11,0,1.6,3.90194034576,30
2,73c4545b8949e668c76a03b2,M12,0,1.13,3.99197244644,45
2,73c4545b8949e668c76a03b2,M13,0,1.45,4.22299623489,60
2,73c4545b8949e668c76a03b2,M14,0,0.82,2.54519438744,60
2,73c4545b8949e668c76a03b2,M15,0,2.01,4.45795154572,60
2,73c4545b8949e668c76a03b2,M16,0,1.43,6.41536474228,100
2,73c4545b8949e668c76a03b2,M17,0,0.96,1.80928695202,14
2,73c4545b8949e668c76a03b2,M18,0,1.63,2.88827633858,21
2,73c4545b8949e668c76a03b2,M19,0,1.55,2.34133934975,21
2,73c4545b8949e668c76a03b2,M20,0,0.87,2.62015414238,20
2,73c4545b8949e668c76a03b2,M21,0,1.63,2.0807518959,21
2,73c4545b8949e668c76a03b2,M22,0,1.62,3.59097623825,45
2,73c4545b8949e668c76a03b2,M23,0,0.85,1.9751636982,45
2,73c4545b8949e668c76a03b2,M24,0,2.13,3.83474779129,45
2,73c4545b8949e668c76a03b2,M25,0,1.44,4.87987375259,20
2,73c4545b8949e668c76a03b2,M26,0,0.85,3.89472961426,20
2,73c4545b8949e668c76a03b2,M27,0,1.46,4.85102558136,30
2,73c4545b8949e668c76a03b2,M28,0,0.83,3.58987474442,30
2,73c4545b8949e668c76a03b2,M29,0,2.17,4.94544267654,30
2,73c4545b8949e668c76a03b2,M30,0,1.34,2.92578029633,21
3,c7bcada0b8e888971aefc4c3,M01,0,1.4,1.96141111851,10
3,c7bcada0b8e888971aefc4c3,M02,0,0.9,3.1437997818,15
3,c7bcada0b8e888971aefc4c3,M03,0,1.4,3.03929400444,21
3,c7bcada0b8e888971aefc4c3,M04,0,1.43,2.75101923943,21
3,c7bcada0b8e888971aefc4c3,M05,0,1.35,2.72778439522,21
3,c7bcada0b8e888971aefc4c3,M06,0,1.48,3.62317943573,21
3,c7bcada0b8e888971aefc4c3,M07,0,1.4,3.31188869476,30
3,c7bcada0b8e888971aefc4c3,M08,0,0.95,3.64845991135,30
3,c7bcada0b8e888971aefc4c3,M09,0,0.97,2.98162269592,30
3,c7bcada0b8e888971aefc4c3,M10,0,1.4,4.47534418106,30
3,c7bcada0b8e888971aefc4c3,M11,0,1.44,3.96523237228,30
3,c7bcada0b8e888971aefc4c3,M12,0,0.93,4.98062086105,45
3,c7bcada0b8e888971aefc4c3,M13,0,1.4,5.16081762314,60
3,c7bcada0b8e888971aefc4c3,M14,0,0.83,3.54214429855,60
3,c7bcada0b8e888971aefc4c3,M15,0,1.7,5.44660186768,60
3,c7bcada0b8e888971aefc4c3,M16,0,1.43,7.41678762436,100
3,c7bcada0b8e888971aefc4c3,M17,0,0.96,1.81892585754,14
3,c7bcada0b8e888971aefc4c3,M18,0,1.43,2.94270610809,21
3,c7bcada0b8e888971aefc4c3,M19,0,1.41,2.41236424446,21
3,c7bcada0b8e888971aefc4c3,M20,0,0.69,2.475887537,20
3,c7bcada0b8e888971aefc4c3,M21,0,1.4,2.10095047951,21
3,c7bcada0b8e888971aefc4c3,M22,0,1.52,4.35152673721,45
3,c7bcada0b8e888971aefc4c3,M23,0,0.85,2.79483962059,45
3,c7bcada0b8e888971aefc4c3,M24,0,1.97,4.64612436295,45
3,c7bcada0b8e888971aefc4c3,M25,0,1.3,4.66799163818,20
3,c7bcada0b8e888971aefc4c3,M26,0,0.78,3.77426290512,20
3,c7bcada0b8e888971aefc4c3,M27,0,1.29,4.684237957,30
3,c7bcada0b8e888971aefc4c3,M28,0,0.77,3.51450157166,30
3,c7bcada0b8e888971aefc4c3,M29,0,1.66,4.82948207855,30
3,c7bcada0b8e888971aefc4c3,M30,0,1.41,3.03103637695,21
4,91876cd96b4863b74f62ede1,M01,4,5.06,1.61270201206,10
4,91876cd96b4863b74f62ede1,M02,4,6.32,2.72302937508,15
4,91876cd96b4863b74f62ede1,M03,4,5.61,2.81799149513,21
4,91876cd96b4863b74f62ede1,M04,4,5.29,2.54239845276,21
4,91876cd96b4863b74f62ede1,M05,4,5.11,2.57405304909,21
4,91876cd96b4863b74f62ede1,M06,4,7.07,3.51287412643,21
4,91876cd96b4863b74f62ede1,M07,4,7.05,3.61982417107,30
4,91876cd96b4863b74f62ede1,M08,4,8.27,3.91223573685,30
4,91876cd96b4863b74f62ede1,M09,4,7.05,3.0846247673,30
4,91876cd96b4863b74f62ede1,M10,4,10.19,4.65781784058,30
4,91876cd96b4863b74f62ede1,M11,4,9.08,4.16757249832,30
4,91876cd96b4863b74f62ede1,M12,4,9.36,4.26829814911,45
4,91876cd96b4863b74f62ede1,M13,4,10.46,4.28792476654,60
4,91876cd96b4863b74f62ede1,M14,4,7.3,2.38107562065,60
4,91876cd96b4863b74f62ede1,M15,4,10.88,4.4002790451,60
4,91876cd96b4863b74f62ede1,M16,4,15.77,7.28508090973,100
4,91876cd96b4863b74f62ede1,M17,4,3.5,1.22509980202,14
4,91876cd96b4863b74f62ede1,M18,4,5.76,2.65085363388,21
4,91876cd96b4863b74f62ede1,M19,4,4.89,2.14675593376,21
4,91876cd96b4863b74f62ede1,M20,4,5.68,2.262601614,20
4,91876cd96b4863b74f62ede1,M21,4,4.88,1.91421473026,21
4,91876cd96b4863b74f62ede1,M22,4,8.49,4.23496055603,45
4,91876cd96b4863b74f62ede1,M23,4,6.48,2.46202230453,45
4,91876cd96b4863b74f62ede1,M24,4,8.68,4.35578918457,45
4,91876cd96b4863b74f62ede1,M25,4,9.4,4.50156402588,20
4,91876cd96b4863b74f62ede1,M26,4,7.2,3.33068704605,20
4,91876cd96b4863b74f62ede1,M27,4,9.08,4.5707783699,30
4,91876cd96b4863b74f62ede1,M28,4,7.31,3.20662927628,30
4,91876cd96b4863b74f62ede1,M29,4,9.04,4.52138519287,30
4,91876cd96b4863b74f62ede1,M30,4,5.55,2.83335971832,21
5,f388de2f1532bd2d15000e9e,M01,1,1.85,1.99066114426,10
5,f388de2f1532bd2d15000e9e,M02,1,1.48,2.72841763496,15
5,f388de2f1532bd2d15000e9e,M03,1,2.03,2.86982131004,21
5,f388de2f1532bd2d15000e9e,M04,1,1.62,2.53857254982,21
5,f388de2f1532bd2d15000e9e,M05,1,1.78,2.63811898232,21
5,f388de2f1532bd2d15000e9e,M06,1,2.07,3.8228597641,21
5,f388de2f1532bd2d15000e9e,M07,1,1.99,3.9171974659,30
5,f388de2f1532bd2d15000e9e,M08,1,1.37,4.8157043457,30
5,f388de2f1532bd2d15000e9e,M09,1,1.24,3.92784500122,30
5,f388de2f1532bd2d15000e9e,M10,1,1.97,5.73703718185,30
5,f388de2f1532bd2d15000e9e,M11,1,1.76,5.12179899216,30
5,f388de2f1532bd2d15000e9e,M12,1,1.43,6.42021369934,45
5,f388de2f1532bd2d15000e9e,M13,1,2.02,6.48689031601,60
5,f388de2f1532bd2d15000e9e,M14,1,1.12,4.17877435684,60
5,f388de2f1532bd2d15000e9e,M15,1,2.59,6.57780742645,60
5,f388de2f1532bd2d15000e9e,M16,1,2.03,10.1274709702,100
5,f388de2f1532bd2d15000e9e,M17,1,1.21,1.37162840366,14
5,f388de2f1532bd2d15000e9e,M18,1,1.81,2.72785782814,21
5,f388de2f1532bd2d15000e9e,M19,1,2.13,2.32493710518,21
5,f388de2f1532bd2d15000e9e,M20,1,1.35,2.61177825928,20
5,f388de2f1532bd2d15000e9e,M21,1,2,2.04985952377,21
5,f388de2f1532bd2d15000e9e,M22,1,1.96,5.08012390137,45
5,f388de2f1532bd2d15000e9e,M23,1,1.17,2.98958468437,45
5,f388de2f1532bd2d15000e9e,M24,1,2.38,5.25808811188,45
5,f388de2f1532bd2d15000e9e,M25,1,2.11,4.79385185242,20
5,f388de2f1532bd2d15000e9e,M26,1,1.01,3.86284399033,20
5,f388de2f1532bd2d15000e9e,M27,1,2.17,5.2457485199,30
5,f388de2f1532bd2d15000e9e,M28,1,0.96,3.788210392,30
5,f388de2f1532bd2d15000e9e,M29,1,2.58,5.10581111908,30
5,f388de2f1532bd2d15000e9e,M30,1,1.78,2.86889958382,21
6,903e67b4c2f9750d37336ae2,M01,2,1.36,0.18244060874,10
6,903e67b4c2f9750d37336ae2,M02,2,0.92,1.0338871479,15
6,903e67b4c2f9750d37336ae2,M03,2,1.36,0.824598610401,21
6,903e67b4c2f9750d37336ae2,M04,2,1.38,0.674907267094,21
6,903e67b4c2f9750d37336ae2,M05,2,1.33,0.753162324429,21
6,903e67b4c2f9750d37336ae2,M06,2,1.42,1.63185143471,21
6,903e67b4c2f9750d37336ae2,M07,2,1.36,1.42711102962,30
6,903e67b4c2f9750d37336ae2,M08,2,0.93,0.93926692009,30
6,903e67b4c2f9750d37336ae2,M09,2,0.93,0.184572890401,30
6,903e67b4c2f9750d37336ae2,M10,2,1.37,1.77624046803,30
6,903e67b4c2f9750d37336ae2,M11,2,1.32,1.33977878094,30
6,903e67b4c2f9750d37336ae2,M12,2,0.92,1.09125471115,45
6,903e67b4c2f9750d37336ae2,M13,2,1.38,1.22075974941,60
6,903e67b4c2f9750d37336ae2,M14,2,0.8,0.0456172637641,60
6,903e67b4c2f9750d37336ae2,M15,2,1.78,1.2715023756,60
6,903e67b4c2f9750d37336ae2,M16,2,1.39,0.122790373862,100
6,903e67b4c2f9750d37336ae2,M17,2,0.9,-0.230197250843,14
6,903e67b4c2f9750d37336ae2,M18,2,1.48,0.7505210042,21
6,903e67b4c2f9750d37336ae2,M19,2,1.38,0.302455186844,21
6,903e67b4c2f9750d37336ae2,M20,2,0.65,0.559855520725,20
6,903e67b4c2f9750d37336ae2,M21,2,1.46,0.0676572173834,21
6,903e67b4c2f9750d37336ae2,M22,2,1.27,0.953314065933,45
6,903e67b4c2f9750d37336ae2,M23,2,0.81,-0.226388320327,45
6,903e67b4c2f9750d37336ae2,M24,2,1.58,1.04341197014,45
6,903e67b4c2f9750d37336ae2,M25,2,1.52,2.51767969131,20
6,903e67b4c2f9750d37336ae2,M26,2,0.87,1.81533682346,20
6,903e67b4c2f9750d37336ae2,M27,2,1.53,2.28963494301,30
6,903e67b4c2f9750d37336ae2,M28,2,0.84,1.70192945004,30
6,903e67b4c2f9750d37336ae2,M29,2,2.49,2.31475377083,30
6,903e67b4c2f9750d37336ae2,M30,2,1.44,0.938124716282,21
8,d8974ef08904a88379044d8b,M01,1,6.18,5.88415002823,10
8,d8974ef08904a88379044d8b,M02,1,8.18,6.96717405319,15
8,d8974ef08904a88379044d8b,M03,1,7.53,7.26648521423,21
8,d8974ef08904a88379044d8b,M04,1,6.85,6.93523645401,21
8,d8974ef08904a88379044d8b,M05,1,6.63,7.03478384018,21
8,d8974ef08904a88379044d8b,M06,1,9.24,9.01811981201,21
8,d8974ef08904a88379044d8b,M07,1,9.79,9.32204723358,30
8,d8974ef08904a88379044d8b,M08,1,13.13,12.0817508698,30
8,d8974ef08904a88379044d8b,M09,1,11.77,11.1938867569,30
8,d8974ef08904a88379044d8b,M10,1,15.1,12.9579524994,30
8,d8974ef08904a88379044d8b,M11,1,13.68,12.3427143097,30
8,d8974ef08904a88379044d8b,M12,1,16.87,17.2106704712,45
8,d8974ef08904a88379044d8b,M13,1,16,17.2300281525,60
8,d8974ef08904a88379044d8b,M14,1,12.63,14.7314186096,60
8,d8974ef08904a88379044d8b,M15,1,16.74,17.441778183,60
8,d8974ef08904a88379044d8b,M16,1,32.21,28.5142192841,100
8,d8974ef08904a88379044d8b,M17,1,5.37,5.49253940582,14
8,d8974ef08904a88379044d8b,M18,1,7.44,7.12670326233,21
8,d8974ef08904a88379044d8b,M19,1,6.26,6.72160053253,21
8,d8974ef08904a88379044d8b,M20,1,7.91,7.67782592773,20
8,d8974ef08904a88379044d8b,M21,1,6.07,6.35706043243,21
8,d8974ef08904a88379044d8b,M22,1,12.46,13.3012285233,45
8,d8974ef08904a88379044d8b,M23,1,10.15,11.0564031601,45
8,d8974ef08904a88379044d8b,M24,1,13.01,13.6000232697,45
8,d8974ef08904a88379044d8b,M25,1,11.99,10.0353441238,20
8,d8974ef08904a88379044d8b,M26,1,10.21,9.17248249054,20
8,d8974ef08904a88379044d8b,M27,1,12.15,11.0546503067,30
8,d8974ef08904a88379044d8b,M28,1,9.88,9.6392621994,30
8,d8974ef08904a88379044d8b,M29,1,12.38,11.0355424881,30
8,d8974ef08904a88379044d8b,M30,1,7.55,7.29120826721,21
12,f924f42d31e9b2b1918efd30,M01,1,3.73,3.40956544876,10
12,f924f42d31e9b2b1918efd30,M02,1,3.19,4.26751995087,15
12,f924f42d31e9b2b1918efd30,M03,1,4.13,4.40892314911,21
12,f924f42d31e9b2b1918efd30,M04,1,3.31,4.08716726303,21
12,f924f42d31e9b2b1918efd30,M05,1,3.05,4.18671274185,21
12,f924f42d31e9b2b1918efd30,M06,1,5.25,5.4278421402,21
12,f924f42d31e9b2b1918efd30,M07,1,4.34,5.48853492737,30
12,f924f42d31e9b2b1918efd30,M08,1,3.2,6.4724855423,30
12,f924f42d31e9b2b1918efd30,M09,1,2.27,5.63333749771,30
12,f924f42d31e9b2b1918efd30,M10,1,4.62,7.41039943695,30
12,f924f42d31e9b2b1918efd30,M11,1,3.4,6.82729244232,30
12,f924f42d31e9b2b1918efd30,M12,1,3.21,7.58486127853,45
12,f924f42d31e9b2b1918efd30,M13,1,4.85,7.70024967194,60
12,f924f42d31e9b2b1918efd30,M14,1,2.66,5.48006916046,60
12,f924f42d31e9b2b1918efd30,M15,1,5.46,7.76897954941,60
12,f924f42d31e9b2b1918efd30,M16,1,5.09,11.0091533661,100
12,f924f42d31e9b2b1918efd30,M17,1,1.82,2.62415337563,14
12,f924f42d31e9b2b1918efd30,M18,1,4.55,4.11658382416,21
12,f924f42d31e9b2b1918efd30,M19,1,4.18,3.69538974762,21
12,f924f42d31e9b2b1918efd30,M20,1,4.9,4.14403486252,20
12,f924f42d31e9b2b1918efd30,M21,1,4.37,3.42980289459,21
12,f924f42d31e9b2b1918efd30,M22,1,5.85,6.77194929123,45
12,f924f42d31e9b2b1918efd30,M23,1,3.2,4.76934957504,45
12,f924f42d31e9b2b1918efd30,M24,1,6.39,6.92772245407,45
12,f924f42d31e9b2b1918efd30,M25,1,5.63,6.45016431808,20
12,f924f42d31e9b2b1918efd30,M26,1,3.68,5.63761615753,20
12,f924f42d31e9b2b1918efd30,M27,1,6.23,6.93990945816,30
12,f924f42d31e9b2b1918efd30,M28,1,4.18,5.57031106949,30
12,f924f42d31e9b2b1918efd30,M29,1,6.37,6.81700277328,30
12,f924f42d31e9b2b1918efd30,M30,1,4.11,4.42820739746,21
13,cf7268b4f8767d681615d5ad,M01,1,1.27,1.38169682026,10
13,cf7268b4f8767d681615d5ad,M02,1,0.91,2.30286026001,15
13,cf7268b4f8767d681615d5ad,M03,1,1.4,2.44426417351,21
13,cf7268b4f8767d681615d5ad,M04,1,1.33,2.12250542641,21
13,cf7268b4f8767d681615d5ad,M05,1,1.44,2.22205209732,21
13,cf7268b4f8767d681615d5ad,M06,1,1.42,3.08931159973,21
13,cf7268b4f8767d681615d5ad,M07,1,1.37,2.73033452034,30
13,cf7268b4f8767d681615d5ad,M08,1,0.91,2.88472247124,30
13,cf7268b4f8767d681615d5ad,M09,1,0.9,2.0455725193,30
13,cf7268b4f8767d681615d5ad,M10,1,1.35,3.79042720795,30
13,cf7268b4f8767d681615d5ad,M11,1,1.32,3.2008163929,30
13,cf7268b4f8767d681615d5ad,M12,1,0.85,4.31354618073,45
13,cf7268b4f8767d681615d5ad,M13,1,1.27,4.50077056885,60
13,cf7268b4f8767d681615d5ad,M14,1,0.75,2.22466683388,60
13,cf7268b4f8767d681615d5ad,M15,1,1.68,4.76602363586,60
13,cf7268b4f8767d681615d5ad,M16,1,1.25,6.49525737762,100
13,cf7268b4f8767d681615d5ad,M17,1,0.9,0.779981017113,14
13,cf7268b4f8767d681615d5ad,M18,1,1.45,2.29933857918,21
13,cf7268b4f8767d681615d5ad,M19,1,1.28,1.87897670269,21
13,cf7268b4f8767d681615d5ad,M20,1,0.65,1.76383650303,20
13,cf7268b4f8767d681615d5ad,M21,1,1.43,1.55933403969,21
13,cf7268b4f8767d681615d5ad,M22,1,1.21,3.49122095108,45
13,cf7268b4f8767d681615d5ad,M23,1,0.77,1.43269479275,45
13,cf7268b4f8767d681615d5ad,M24,1,1.56,3.65918397903,45
13,cf7268b4f8767d681615d5ad,M25,1,1.3,4.31385278702,20
13,cf7268b4f8767d681615d5ad,M26,1,0.78,3.48724246025,20
13,cf7268b4f8767d681615d5ad,M27,1,1.29,4.63437843323,30
13,cf7268b4f8767d681615d5ad,M28,1,0.77,3.25071573257,30
13,cf7268b4f8767d681615d5ad,M29,1,1.64,4.52366161346,30
13,cf7268b4f8767d681615d5ad,M30,1,1.43,2.61453866959,21
14,37db2b79f652ee6c5f897d99,M01,3,4.07,3.04916024208,10
14,37db2b79f652ee6c5f897d99,M02,3,4.8,4.07743787766,15
14,37db2b79f652ee6c5f897d99,M03,3,4.55,4.21523284912,21
14,37db2b79f652ee6c5f897d99,M04,3,4.19,3.97929620743,21
14,37db2b79f652ee6c5f897d99,M05,3,3.9,3.9940905571,21
14,37db2b79f652ee6c5f897d99,M06,3,5.81,5.59042549133,21
14,37db2b79f652ee6c5f897d99,M07,3,5.21,5.52161979675,30
14,37db2b79f652ee6c5f897d99,M08,3,5.4,6.16343736649,30
14,37db2b79f652ee6c5f897d99,M09,3,3.64,5.38682842255,30
14,37db2b79f652ee6c5f897d99,M10,3,6.89,6.90597343445,30
14,37db2b79f652ee6c5f897d99,M11,3,5.14,6.42316007614,30
14,37db2b79f652ee6c5f897d99,M12,3,5.62,7.05974388123,45
14,37db2b79f652ee6c5f897d99,M13,3,6.56,7.39162015915,60
14,37db2b79f652ee6c5f897d99,M14,3,4.31,5.41958713531,60
14,37db2b79f652ee6c5f897d99,M15,3,6.68,7.61519289017,60
14,37db2b79f652ee6c5f897d99,M16,3,8.32,10.0675840378,100
14,37db2b79f652ee6c5f897d99,M17,3,2.17,2.57311725616,14
14,37db2b79f652ee6c5f897d99,M18,3,4.82,4.04465579987,21
14,37db2b79f652ee6c5f897d99,M19,3,4.44,3.51970362663,21
14,37db2b79f652ee6c5f897d99,M20,3,4.88,4.20273017883,20
14,37db2b79f652ee6c5f897d99,M21,3,4.51,3.26154637337,21
14,37db2b79f652ee6c5f897d99,M22,3,6.96,6.39029979706,45
14,37db2b79f652ee6c5f897d99,M23,3,5.03,4.49132680893,45
14,37db2b79f652ee6c5f897d99,M24,3,7.08,6.74221467972,45
14,37db2b79f652ee6c5f897d99,M25,3,6.86,6.60514593124,20
14,37db2b79f652ee6c5f897d99,M26,3,5.19,5.51486253738,20
14,37db2b79f652ee6c5f897d99,M27,3,7.14,6.86791324615,30
14,37db2b79f652ee6c5f897d99,M28,3,5.76,5.50448799133,30
14,37db2b79f652ee6c5f897d99,M29,3,6.92,6.90152597427,30
14,37db2b79f652ee6c5f897d99,M30,3,4.56,4.38263559341,21
15,dc48fc379a6c61beca713ed3,M01,3,1.9,2.39176511765,10
15,dc48fc379a6c61beca713ed3,M02,3,1.75,3.29691195488,15
15,dc48fc379a6c61beca713ed3,M03,3,2.14,3.43470430374,21
15,dc48fc379a6c61beca713ed3,M04,3,1.75,3.24280452728,21
15,dc48fc379a6c61beca713ed3,M05,3,1.85,3.25759935379,21
15,dc48fc379a6c61beca713ed3,M06,3,2.32,4.4369559288,21
15,dc48fc379a6c61beca713ed3,M07,3,2.13,4.32411575317,30
15,dc48fc379a6c61beca713ed3,M08,3,1.55,4.88383054733,30
15,dc48fc379a6c61beca713ed3,M09,3,1.22,4.15125513077,30
15,dc48fc379a6c61beca713ed3,M10,3,2.01,5.67040014267,30
15,dc48fc379a6c61beca713ed3,M11,3,1.81,5.18758678436,30
15,dc48fc379a6c61beca713ed3,M12,3,1.67,5.27348089218,45
15,dc48fc379a6c61beca713ed3,M13,3,2.26,5.58596658707,60
15,dc48fc379a6c61beca713ed3,M14,3,1.29,3.74739813805,60
15,dc48fc379a6c61beca713ed3,M15,3,2.81,5.64867067337,60
15,dc48fc379a6c61beca713ed3,M16,3,2.24,7.85910749435,100
15,dc48fc379a6c61beca713ed3,M17,3,1.34,1.91572201252,14
15,dc48fc379a6c61beca713ed3,M18,3,1.83,3.30816292763,21
15,dc48fc379a6c61beca713ed3,M19,3,2.24,2.79345369339,21
15,dc48fc379a6c61beca713ed3,M20,3,1.43,3.10353350639,20
15,dc48fc379a6c61beca713ed3,M21,3,1.54,2.57933044434,21
15,dc48fc379a6c61beca713ed3,M22,3,1.96,4.90749883652,45
15,dc48fc379a6c61beca713ed3,M23,3,0.88,3.14198851585,45
15,dc48fc379a6c61beca713ed3,M24,3,2.41,5.09854602814,45
15,dc48fc379a6c61beca713ed3,M25,3,4.22,5.45167541504,20
15,dc48fc379a6c61beca713ed3,M26,3,2.32,4.36139202118,20
15,dc48fc379a6c61beca713ed3,M27,3,4.87,5.65075063705,30
15,dc48fc379a6c61beca713ed3,M28,3,2.59,4.35101747513,30
15,dc48fc379a6c61beca713ed3,M29,3,5.42,5.56077194214,30
15,dc48fc379a6c61beca713ed3,M30,3,2.98,3.60210776329,21
16,6983229a0e0fe5fb5d401dcc,M01,4,4.92,1.75774586201,10
16,6983229a0e0fe5fb5d401dcc,M02,4,6.27,2.97853016853,15
16,6983229a0e0fe5fb5d401dcc,M03,4,5.49,3.07349228859,21
16,6983229a0e0fe5fb5d401dcc,M04,4,5.24,2.79789924622,21
16,6983229a0e0fe5fb5d401dcc,M05,4,5.12,2.82955384254,21
16,6983229a0e0fe5fb5d401dcc,M06,4,6.95,3.99198675156,21
16,6983229a0e0fe5fb5d401dcc,M07,4,6.92,4.0298948288,30
16,6983229a0e0fe5fb5d401dcc,M08,4,8.38,4.60870599747,30
16,6983229a0e0fe5fb5d401dcc,M09,4,7.44,3.78109526634,30
16,6983229a0e0fe5fb5d401dcc,M10,4,10.19,5.35428667068,30
16,6983229a0e0fe5fb5d401dcc,M11,4,9.36,4.86404132843,30
16,6983229a0e0fe5fb5d401dcc,M12,4,9.7,5.51807117462,45
16,6983229a0e0fe5fb5d401dcc,M13,4,10.44,5.53769779205,60
16,6983229a0e0fe5fb5d401dcc,M14,4,7.63,3.56368613243,60
16,6983229a0e0fe5fb5d401dcc,M15,4,10.7,5.65005254745,60
16,6983229a0e0fe5fb5d401dcc,M16,4,17.04,8.18535804749,100
16,6983229a0e0fe5fb5d401dcc,M17,4,3.58,1.37014389038,14
16,6983229a0e0fe5fb5d401dcc,M18,4,5.71,2.90635442734,21
16,6983229a0e0fe5fb5d401dcc,M19,4,5.07,2.4022564888,21
16,6983229a0e0fe5fb5d401dcc,M20,4,6.2,2.96233487129,20
16,6983229a0e0fe5fb5d401dcc,M21,4,5.07,2.16971588135,21
16,6983229a0e0fe5fb5d401dcc,M22,4,9.38,4.80184555054,45
16,6983229a0e0fe5fb5d401dcc,M23,4,7.4,2.96174192429,45
16,6983229a0e0fe5fb5d401dcc,M24,4,9.56,4.92267370224,45
16,6983229a0e0fe5fb5d401dcc,M25,4,7.16,4.96235609055,20
16,6983229a0e0fe5fb5d401dcc,M26,4,4.9,4.09186983109,20
16,6983229a0e0fe5fb5d401dcc,M27,4,7.72,5.24162483215,30
16,6983229a0e0fe5fb5d401dcc,M28,4,5.69,3.98872852325,30
16,6983229a0e0fe5fb5d401dcc,M29,4,7.79,5.19223022461,30
16,6983229a0e0fe5fb5d401dcc,M30,4,4.27,3.08886051178,21
17,e23aae84b93938a0352fa862,M01,0,4.13,1.55660796165,10
17,e23aae84b93938a0352fa862,M02,0,4.55,2.64956235886,15
17,e23aae84b93938a0352fa862,M03,0,4.59,2.86990857124,21
17,e23aae84b93938a0352fa862,M04,0,4.15,2.52085614204,21
17,e23aae84b93938a0352fa862,M05,0,3.82,2.59137320518,21
17,e23aae84b93938a0352fa862,M06,0,5.84,4.22124099731,21
17,e23aae84b93938a0352fa862,M07,0,5.18,4.12045574188,30
17,e23aae84b93938a0352fa862,M08,0,4.85,4.4773106575,30
17,e23aae84b93938a0352fa862,M09,0,3.27,3.66148877144,30
17,e23aae84b93938a0352fa862,M10,0,6.48,5.36505079269,30
17,e23aae84b93938a0352fa862,M11,0,4.59,4.82705688477,30
17,e23aae84b93938a0352fa862,M12,0,4.81,5.55531167984,45
17,e23aae84b93938a0352fa862,M13,0,6.23,5.66153383255,60
17,e23aae84b93938a0352fa862,M14,0,3.78,3.56946253777,60
17,e23aae84b93938a0352fa862,M15,0,6.68,5.80280399323,60
17,e23aae84b93938a0352fa862,M16,0,7.32,9.10909843445,100
17,e23aae84b93938a0352fa862,M17,0,2.08,1.24651777744,14
17,e23aae84b93938a0352fa862,M18,0,4.76,2.72320961952,21
17,e23aae84b93938a0352fa862,M19,0,4.45,2.18431854248,21
17,e23aae84b93938a0352fa862,M20,0,4.29,3.21391272545,20
17,e23aae84b93938a0352fa862,M21,0,4.35,1.82279467583,21
17,e23aae84b93938a0352fa862,M22,0,5.93,4.65665197372,45
17,e23aae84b93938a0352fa862,M23,0,3.36,2.62656927109,45
17,e23aae84b93938a0352fa862,M24,0,6.38,4.79607152939,45
17,e23aae84b93938a0352fa862,M25,0,6.67,5.13521146774,20
17,e23aae84b93938a0352fa862,M26,0,4.7,3.97805070877,20
17,e23aae84b93938a0352fa862,M27,0,7.09,5.60006427765,30
17,e23aae84b93938a0352fa862,M28,0,5.29,4.06646347046,30
17,e23aae84b93938a0352fa862,M29,0,7.06,5.63187170029,30
17,e23aae84b93938a0352fa862,M30,0,4.59,2.86165094376,21
18,b4fed703cda493a4827fa37b,M01,0,5.92,6.63933038712,10
18,b4fed703cda493a4827fa37b,M02,0,7.72,8.13001060486,15
18,b4fed703cda493a4827fa37b,M03,0,6.89,8.35035514832,21
18,b4fed703cda493a4827fa37b,M04,0,6.43,7.97240209579,21
18,b4fed703cda493a4827fa37b,M05,0,6.33,8.04291152954,21
18,b4fed703cda493a4827fa37b,M06,0,8.77,10.7340755463,21
18,b4fed703cda493a4827fa37b,M07,0,8.98,11.4331922531,30
18,b4fed703cda493a4827fa37b,M08,0,12.2,14.5252456665,30
18,b4fed703cda493a4827fa37b,M09,0,11.16,13.5987701416,30
18,b4fed703cda493a4827fa37b,M10,0,14.08,15.5076389313,30
18,b4fed703cda493a4827fa37b,M11,0,13.12,14.8861932755,30
18,b4fed703cda493a4827fa37b,M12,0,15.64,18.7294025421,45
18,b4fed703cda493a4827fa37b,M13,0,15.35,18.6810188293,60
18,b4fed703cda493a4827fa37b,M14,0,12.37,16.2805938721,60
18,b4fed703cda493a4827fa37b,M15,0,15.34,18.9226150513,60
18,b4fed703cda493a4827fa37b,M16,0,32.02,37.5142288208,100
18,b4fed703cda493a4827fa37b,M17,0,5.12,6.17663955688,14
18,b4fed703cda493a4827fa37b,M18,0,6.98,8.10463047028,21
18,b4fed703cda493a4827fa37b,M19,0,5.56,7.58211517334,21
18,b4fed703cda493a4827fa37b,M20,0,7.19,9.4853515625,20
18,b4fed703cda493a4827fa37b,M21,0,5.49,7.11303281784,21
18,b4fed703cda493a4827fa37b,M22,0,11.04,14.6417989731,45
18,b4fed703cda493a4827fa37b,M23,0,9.18,12.3033657074,45
18,b4fed703cda493a4827fa37b,M24,0,11.21,14.9286899567,45
18,b4fed703cda493a4827fa37b,M25,0,11.62,11.658659935,20
18,b4fed703cda493a4827fa37b,M26,0,10,10.6963825226,20
18,b4fed703cda493a4827fa37b,M27,0,11.66,13.2814264297,30
18,b4fed703cda493a4827fa37b,M28,0,9.59,11.5744915009,30
18,b4fed703cda493a4827fa37b,M29,0,11.46,13.3612070084,30
18,b4fed703cda493a4827fa37b,M30,0,6.93,8.36618041992,21
19,ac149acd23b05351f726234b,M01,1,3.36,3.20157074928,10
19,ac149acd23b05351f726234b,M02,1,2.79,4.14667272568,15
19,ac149acd23b05351f726234b,M03,1,3.88,4.27328205109,21
19,ac149acd23b05351f726234b,M04,1,3.15,3.94203400612,21
19,ac149acd23b05351f726234b,M05,1,2.97,4.04157924652,21
19,ac149acd23b05351f726234b,M06,1,4.73,5.46616077423,21
19,ac149acd23b05351f726234b,M07,1,3.95,5.61763191223,30
19,ac149acd23b05351f726234b,M08,1,2.79,6.69442272186,30
19,ac149acd23b05351f726234b,M09,1,2.17,5.80656194687,30
19,ac149acd23b05351f726234b,M10,1,4.01,7.80775594711,30
19,ac149acd23b05351f726234b,M11,1,3.18,7.00051736832,30
19,ac149acd23b05351f726234b,M12,1,2.79,8.61289978027,45
19,ac149acd23b05351f726234b,M13,1,4.47,8.7102804184,60
19,ac149acd23b05351f726234b,M14,1,2.43,6.297955513,60
19,ac149acd23b05351f726234b,M15,1,4.96,8.89211750031,60
19,ac149acd23b05351f726234b,M16,1,4.61,14.1971282959,100
19,ac149acd23b05351f726234b,M17,1,1.78,2.55886912346,14
19,ac149acd23b05351f726234b,M18,1,4.5,4.06609201431,21
19,ac149acd23b05351f726234b,M19,1,3.79,3.54586386681,21
19,ac149acd23b05351f726234b,M20,1,3.8,4.14447069168,20
19,ac149acd23b05351f726234b,M21,1,4.17,3.28557944298,21
19,ac149acd23b05351f726234b,M22,1,4.32,6.91007423401,45
19,ac149acd23b05351f726234b,M23,1,2.19,4.71532440186,45
19,ac149acd23b05351f726234b,M24,1,5.36,7.17895507812,45
19,ac149acd23b05351f726234b,M25,1,5.27,6.45735549927,20
19,ac149acd23b05351f726234b,M26,1,3.39,5.54420423508,20
19,ac149acd23b05351f726234b,M27,1,5.97,7.01697015762,30
19,ac149acd23b05351f726234b,M28,1,3.95,5.49708461761,30
19,ac149acd23b05351f726234b,M29,1,6.06,6.9679479599,30
19,ac149acd23b05351f726234b,M30,1,3.2,4.2925658226,21
20,2e969e332007bc99ca627155,M01,4,1.36,0.406411647797,10
20,2e969e332007bc99ca627155,M02,4,0.93,1.40469610691,15
20,2e969e332007bc99ca627155,M03,4,1.38,1.49965834618,21
20,2e969e332007bc99ca627155,M04,4,1.38,1.23547697067,21
20,2e969e332007bc99ca627155,M05,4,1.32,1.26713168621,21
20,2e969e332007bc99ca627155,M06,4,1.44,2.40217542648,21
20,2e969e332007bc99ca627155,M07,4,1.38,2.21970510483,30
20,2e969e332007bc99ca627155,M08,4,0.92,2.59235262871,30
20,2e969e332007bc99ca627155,M09,4,0.93,1.77615392208,30
20,2e969e332007bc99ca627155,M10,4,1.37,3.44997620583,30
20,2e969e332007bc99ca627155,M11,4,1.33,2.95973300934,30
20,2e969e332007bc99ca627155,M12,4,0.93,3.37597942352,45
20,2e969e332007bc99ca627155,M13,4,1.27,3.5076520443,60
20,2e969e332007bc99ca627155,M14,4,0.75,1.50017213821,60
20,2e969e332007bc99ca627155,M15,4,1.6,3.56669735909,60
20,2e969e332007bc99ca627155,M16,4,1.25,4.79204559326,100
20,2e969e332007bc99ca627155,M17,4,0.92,-0.0774530470371,14
20,2e969e332007bc99ca627155,M18,4,1.48,1.34830021858,21
20,2e969e332007bc99ca627155,M19,4,1.39,0.997092187405,21
20,2e969e332007bc99ca627155,M20,4,0.68,1.32155251503,20
20,2e969e332007bc99ca627155,M21,4,1.47,0.775963127613,21
20,2e969e332007bc99ca627155,M22,4,1.27,3.10111546516,45
20,2e969e332007bc99ca627155,M23,4,0.77,1.22754764557,45
20,2e969e332007bc99ca627155,M24,4,1.63,3.16863489151,45
20,2e969e332007bc99ca627155,M25,4,5.16,3.37254500389,20
20,2e969e332007bc99ca627155,M26,4,3.17,2.10103678703,20
20,2e969e332007bc99ca627155,M27,4,5.88,3.65181422234,30
20,2e969e332007bc99ca627155,M28,4,3.83,2.18703222275,30
20,2e969e332007bc99ca627155,M29,4,4.89,3.58720779419,30
20,2e969e332007bc99ca627155,M30,4,2.44,1.51502645016,21
21,f3235c534d97f6bc0f007674,M01,4,7.56,6.56229734421,10
21,f3235c534d97f6bc0f007674,M02,4,9.96,8.06287765503,15
21,f3235c534d97f6bc0f007674,M03,4,10.42,8.15783977509,21
21,f3235c534d97f6bc0f007674,M04,4,9.41,7.80718898773,21
21,f3235c534d97f6bc0f007674,M05,4,9.45,7.83884429932,21
21,f3235c534d97f6bc0f007674,M06,4,13,10.6758766174,21
21,f3235c534d97f6bc0f007674,M07,4,14.14,11.4977445602,30
21,f3235c534d97f6bc0f007674,M08,4,18.44,13.6513061523,30
21,f3235c534d97f6bc0f007674,M09,4,16.96,12.7215948105,30
21,f3235c534d97f6bc0f007674,M10,4,20.28,14.4586515427,30
21,f3235c534d97f6bc0f007674,M11,4,19.12,13.9322223663,30
21,f3235c534d97f6bc0f007674,M12,4,25.84,18.9284610748,45
21,f3235c534d97f6bc0f007674,M13,4,26.01,19.0861721039,60
21,f3235c534d97f6bc0f007674,M14,4,21.9,16.4533920288,60
21,f3235c534d97f6bc0f007674,M15,4,26.48,19.1729488373,60
21,f3235c534d97f6bc0f007674,M16,4,53.73,34.1904983521,100
21,f3235c534d97f6bc0f007674,M17,4,7.33,6.00573825836,14
21,f3235c534d97f6bc0f007674,M18,4,9.98,7.81586027145,21
21,f3235c534d97f6bc0f007674,M19,4,8.69,7.30265140533,21
21,f3235c534d97f6bc0f007674,M20,4,10.71,9.33459186554,20
21,f3235c534d97f6bc0f007674,M21,4,8,6.99505710602,21
21,f3235c534d97f6bc0f007674,M22,4,19.09,15.2236156464,45
21,f3235c534d97f6bc0f007674,M23,4,15.69,12.7247495651,45
21,f3235c534d97f6bc0f007674,M24,4,19.99,15.4008226395,45
21,f3235c534d97f6bc0f007674,M25,4,14.48,11.6462459564,20
21,f3235c534d97f6bc0f007674,M26,4,12.99,10.6416769028,20
21,f3235c534d97f6bc0f007674,M27,4,16.89,12.9946260452,30
21,f3235c534d97f6bc0f007674,M28,4,14.59,11.4290552139,30
21,f3235c534d97f6bc0f007674,M29,4,16.97,12.9196519852,30
21,f3235c534d97f6bc0f007674,M30,4,10.46,8.17320823669,21
23,8742336b8c952dfbe6485e45,M01,4,6.74,5.67686462402,10
23,8742336b8c952dfbe6485e45,M02,4,8.97,7.01522636414,15
23,8742336b8c952dfbe6485e45,M03,4,8.72,7.11018753052,21
23,8742336b8c952dfbe6485e45,M04,4,8.05,6.75953960419,21
23,8742336b8c952dfbe6485e45,M05,4,7.99,6.79119443893,21
23,8742336b8c952dfbe6485e45,M06,4,10.99,9.36089611053,21
23,8742336b8c952dfbe6485e45,M07,4,11.69,10.1981525421,30
23,8742336b8c952dfbe6485e45,M08,4,15.81,12.5343732834,30
23,8742336b8c952dfbe6485e45,M09,4,14.69,11.6046619415,30
23,8742336b8c952dfbe6485e45,M10,4,17.59,13.3417186737,30
23,8742336b8c952dfbe6485e45,M11,4,16.76,12.8152894974,30
23,8742336b8c952dfbe6485e45,M12,4,21.59,15.7044172287,45
23,8742336b8c952dfbe6485e45,M13,4,21.04,15.749625206,60
23,8742336b8c952dfbe6485e45,M14,4,17.33,13.4703273773,60
23,8742336b8c952dfbe6485e45,M15,4,21.47,15.8822050095,60
23,8742336b8c952dfbe6485e45,M16,4,46.65,31.1616458893,100
23,8742336b8c952dfbe6485e45,M17,4,6.41,5.14205932617,14
23,8742336b8c952dfbe6485e45,M18,4,8.66,6.81079339981,21
23,8742336b8c952dfbe6485e45,M19,4,7.26,6.27297544479,21
23,8742336b8c952dfbe6485e45,M20,4,9.53,8.03758335114,20
23,8742336b8c952dfbe6485e45,M21,4,7.02,5.96538114548,21
23,8742336b8c952dfbe6485e45,M22,4,15.98,12.626499176,45
23,8742336b8c952dfbe6485e45,M23,4,13.25,10.4811115265,45
23,8742336b8c952dfbe6485e45,M24,4,16.5,12.8495092392,45
23,8742336b8c952dfbe6485e45,M25,4,13.2,10.3312654495,20
23,8742336b8c952dfbe6485e45,M26,4,11.77,9.33408546448,20
23,8742336b8c952dfbe6485e45,M27,4,14.5,11.6796455383,30
23,8742336b8c952dfbe6485e45,M28,4,12.31,10.1214637756,30
23,8742336b8c952dfbe6485e45,M29,4,14.54,11.6504745483,30
23,8742336b8c952dfbe6485e45,M30,4,8.75,7.12555503845,21
24,e7732197de6d851c1ed1bd48,M25,4,12.53,10.4785404205,20
24,e7732197de6d851c1ed1bd48,M26,4,11.11,9.33348464966,20
24,e7732197de6d851c1ed1bd48,M27,4,13.27,12.2009925842,30
24,e7732197de6d851c1ed1bd48,M28,4,11.26,10.3004007339,30
24,e7732197de6d851c1ed1bd48,M29,4,13.1,12.2306270599,30
24,e7732197de6d851c1ed1bd48,M30,4,7.87,6.97038555145,21
25,a36f54566b3e72a686c53426,M01,2,1.27,1.12923812866,10
25,a36f54566b3e72a686c53426,M02,2,0.9,2.17418336868,15
25,a36f54566b3e72a686c53426,M03,2,1.35,2.11966538429,21
25,a36f54566b3e72a686c53426,M04,2,1.36,1.89704585075,21
25,a36f54566b3e72a686c53426,M05,2,1.35,1.98051261902,21
25,a36f54566b3e72a686c53426,M06,2,1.43,2.64481377602,21
25,a36f54566b3e72a686c53426,M07,2,1.35,2.64877557755,30
25,a36f54566b3e72a686c53426,M08,2,0.9,3.05245447159,30
25,a36f54566b3e72a686c53426,M09,2,0.91,2.1845703125,30
25,a36f54566b3e72a686c53426,M10,2,1.35,3.86573553085,30
25,a36f54566b3e72a686c53426,M11,2,1.32,3.36567592621,30
25,a36f54566b3e72a686c53426,M12,2,0.9,4.3441157341,45
25,a36f54566b3e72a686c53426,M13,2,1.27,4.34829378128,60
25,a36f54566b3e72a686c53426,M14,2,0.75,2.66177988052,60
25,a36f54566b3e72a686c53426,M15,2,1.6,4.39482498169,60
25,a36f54566b3e72a686c53426,M16,2,1.25,6.57861661911,100
25,a36f54566b3e72a686c53426,M17,2,0.9,0.745020925999,14
25,a36f54566b3e72a686c53426,M18,2,1.44,2.03027415276,21
25,a36f54566b3e72a686c53426,M19,2,1.36,1.72586750984,21
25,a36f54566b3e72a686c53426,M20,2,0.59,1.75419616699,20
25,a36f54566b3e72a686c53426,M21,2,1.4,1.42308676243,21
25,a36f54566b3e72a686c53426,M22,2,1.23,3.40990114212,45
25,a36f54566b3e72a686c53426,M23,2,0.75,1.75388777256,45
25,a36f54566b3e72a686c53426,M24,2,1.56,3.45570325851,45
25,a36f54566b3e72a686c53426,M25,2,3.54,3.53948664665,20
25,a36f54566b3e72a686c53426,M26,2,2.02,2.76099634171,20
25,a36f54566b3e72a686c53426,M27,2,3.76,3.7313606739,30
25,a36f54566b3e72a686c53426,M28,2,2.17,2.70703673363,30
25,a36f54566b3e72a686c53426,M29,2,4.98,3.72718191147,30
25,a36f54566b3e72a686c53426,M30,2,2.55,2.23319077492,21
26,27c58396e87680d42d13063f,M01,1,6.01,7.13389730453,10
26,27c58396e87680d42d13063f,M02,1,7.68,8.34481143951,15
26,27c58396e87680d42d13063f,M03,1,6.93,8.47142124176,21
26,27c58396e87680d42d13063f,M04,1,6.17,8.14017677307,21
26,27c58396e87680d42d13063f,M05,1,6.13,8.23972320557,21
26,27c58396e87680d42d13063f,M06,1,8.8,11.1926584244,21
26,27c58396e87680d42d13063f,M07,1,8.87,11.9710464478,30
26,27c58396e87680d42d13063f,M08,1,11.64,15.1457309723,30
26,27c58396e87680d42d13063f,M09,1,9.77,14.2578659058,30
26,27c58396e87680d42d13063f,M10,1,13.65,16.1615638733,30
26,27c58396e87680d42d13063f,M11,1,12.19,15.4798593521,30
26,27c58396e87680d42d13063f,M12,1,14.43,20.4461555481,45
26,27c58396e87680d42d13063f,M13,1,14.56,20.4499320984,60
26,27c58396e87680d42d13063f,M14,1,11.23,17.7318058014,60
26,27c58396e87680d42d13063f,M15,1,14.69,20.6354045868,60
26,27c58396e87680d42d13063f,M16,1,27.4,38.9582748413,100
26,27c58396e87680d42d13063f,M17,1,3.25,6.58638334274,14
26,27c58396e87680d42d13063f,M18,1,5.6,8.26440238953,21
26,27c58396e87680d42d13063f,M19,1,5.33,7.71200370789,21
26,27c58396e87680d42d13063f,M20,1,5.24,9.70551776886,20
26,27c58396e87680d42d13063f,M21,1,4.48,7.45172023773,21
26,27c58396e87680d42d13063f,M22,1,7.46,15.43176651,45
26,27c58396e87680d42d13063f,M23,1,6.34,12.9674291611,45
26,27c58396e87680d42d13063f,M24,1,7.26,15.5920686722,45
26,27c58396e87680d42d13063f,M25,1,12.08,12.2048864365,20
26,27c58396e87680d42d13063f,M26,1,10.36,11.0484113693,20
26,27c58396e87680d42d13063f,M27,1,12.32,13.9107522964,30
26,27c58396e87680d42d13063f,M28,1,10.07,12.1206226349,30
26,27c58396e87680d42d13063f,M29,1,12.16,13.8653659821,30
26,27c58396e87680d42d13063f,M30,1,7.37,8.51173686981,21
27,76c4529644e0b71c67b057ff,M25,0,15.65,15.4609231949,20
27,76c4529644e0b71c67b057ff,M26,0,14.42,14.4141302109,20
27,76c4529644e0b71c67b057ff,M27,0,19.69,19.5858631134,30
27,76c4529644e0b71c67b057ff,M28,0,17.86,17.7894096375,30
27,76c4529644e0b71c67b057ff,M29,0,19.79,19.659532547,30
27,76c4529644e0b71c67b057ff,M30,0,12.54,12.4514656067,21
28,8efe873c7ea952bb6b580341,M01,1,5.49,3.20363759995,10
28,8efe873c7ea952bb6b580341,M02,1,7.2,3.98066210747,15
28,8efe873c7ea952bb6b580341,M03,1,6.27,4.05696105957,21
28,8efe873c7ea952bb6b580341,M04,1,5.8,3.72571396828,21
28,8efe873c7ea952bb6b580341,M05,1,5.65,3.82526040077,21
28,8efe873c7ea952bb6b580341,M06,1,7.93,5.24456167221,21
28,8efe873c7ea952bb6b580341,M07,1,8.08,5.52211856842,30
28,8efe873c7ea952bb6b580341,M08,1,10.85,6.07750844955,30
28,8efe873c7ea952bb6b580341,M09,1,9.55,5.15804052353,30
28,8efe873c7ea952bb6b580341,M10,1,12.65,7.21887588501,30
28,8efe873c7ea952bb6b580341,M11,1,11.52,6.41163635254,30
28,8efe873c7ea952bb6b580341,M12,1,13.51,7.14339923859,45
28,8efe873c7ea952bb6b580341,M13,1,13.34,7.18103313446,60
28,8efe873c7ea952bb6b580341,M14,1,10.44,4.92861175537,60
28,8efe873c7ea952bb6b580341,M15,1,13.56,7.27774524689,60
28,8efe873c7ea952bb6b580341,M16,1,25.79,11.0921421051,100
28,8efe873c7ea952bb6b580341,M17,1,4.31,2.59696316719,14
28,8efe873c7ea952bb6b580341,M18,1,6.32,3.83515310287,21
28,8efe873c7ea952bb6b580341,M19,1,5.31,3.44755005836,21
28,8efe873c7ea952bb6b580341,M20,1,7.01,4.10755777359,20
28,8efe873c7ea952bb6b580341,M21,1,5.29,3.14086556435,21
28,8efe873c7ea952bb6b580341,M22,1,10.68,6.0894818306,45
28,8efe873c7ea952bb6b580341,M23,1,8.87,4.0546374321,45
28,8efe873c7ea952bb6b580341,M24,1,10.75,6.27324151993,45
28,8efe873c7ea952bb6b580341,M25,1,10.8,6.17482423782,20
28,8efe873c7ea952bb6b580341,M26,1,9.05,5.16561412811,20
28,8efe873c7ea952bb6b580341,M27,1,10.46,6.47987222672,30
28,8efe873c7ea952bb6b580341,M28,1,8.58,4.93721532822,30
28,8efe873c7ea952bb6b580341,M29,1,10.34,6.34572887421,30
28,8efe873c7ea952bb6b580341,M30,1,6.28,4.01531219482,21
29,e863ae07267316f831b4c0a3,M01,0,6.27,6.69282388687,10
29,e863ae07267316f831b4c0a3,M02,0,8.27,8.15755271912,15
29,e863ae07267316f831b4c0a3,M03,0,7.64,8.3778924942,21
29,e863ae07267316f831b4c0a3,M04,0,7,7.98647642136,21
29,e863ae07267316f831b4c0a3,M05,0,6.97,8.05698871613,21
29,e863ae07267316f831b4c0a3,M06,0,9.69,10.8722648621,21
29,e863ae07267316f831b4c0a3,M07,0,10.05,11.590634346,30
29,e863ae07267316f831b4c0a3,M08,0,13.78,15.0621337891,30
29,e863ae07267316f831b4c0a3,M09,0,12.58,14.1221914291,30
29,e863ae07267316f831b4c0a3,M10,0,15.62,16.0723209381,30
29,e863ae07267316f831b4c0a3,M11,0,14.68,15.4374084473,30
29,e863ae07267316f831b4c0a3,M12,0,18.26,19.7053375244,45
29,e863ae07267316f831b4c0a3,M13,0,17.68,19.6712779999,60
29,e863ae07267316f831b4c0a3,M14,0,14.34,17.1667976379,60
29,e863ae07267316f831b4c0a3,M15,0,17.83,19.8985500336,60
29,e863ae07267316f831b4c0a3,M16,0,38.9,39.1855583191,100
29,e863ae07267316f831b4c0a3,M17,0,5.63,6.08227729797,14
29,e863ae07267316f831b4c0a3,M18,0,7.61,8.01210975647,21
29,e863ae07267316f831b4c0a3,M19,0,6.5,7.48959493637,21
29,e863ae07267316f831b4c0a3,M20,0,8.66,9.50387001038,20
29,e863ae07267316f831b4c0a3,M21,0,6.35,7.0205116272,21
29,e863ae07267316f831b4c0a3,M22,0,13.9,15.2420463562,45
29,e863ae07267316f831b4c0a3,M23,0,11.55,12.7995538712,45
29,e863ae07267316f831b4c0a3,M24,0,14.28,15.5011444092,45
29,e863ae07267316f831b4c0a3,M25,0,12.36,11.7806425095,20
29,e863ae07267316f831b4c0a3,M26,0,10.8,10.7193145752,20
29,e863ae07267316f831b4c0a3,M27,0,12.88,13.4330835342,30
29,e863ae07267316f831b4c0a3,M28,0,10.71,11.6220884323,30
29,e863ae07267316f831b4c0a3,M29,0,12.75,13.4850702286,30
29,e863ae07267316f831b4c0a3,M30,0,7.66,8.39371776581,21
31,87bd4c8586b4b78f83e43895,M01,0,5.14,4.31589269638,10
31,87bd4c8586b4b78f83e43895,M02,0,6.63,5.69761180878,15
31,87bd4c8586b4b78f83e43895,M03,0,6.09,5.97146558762,21
31,87bd4c8586b4b78f83e43895,M04,0,5.48,5.58004045486,21
31,87bd4c8586b4b78f83e43895,M05,0,5.27,5.65055799484,21
31,87bd4c8586b4b78f83e43895,M06,0,7.11,7.20629358292,21
31,87bd4c8586b4b78f83e43895,M07,0,7.64,6.93504667282,30
31,87bd4c8586b4b78f83e43895,M08,0,8.38,9.45623874664,30
31,87bd4c8586b4b78f83e43895,M09,0,6.26,8.53285884857,30
31,87bd4c8586b4b78f83e43895,M10,0,10.92,10.3985242844,30
31,87bd4c8586b4b78f83e43895,M11,0,8.62,9.76361083984,30
31,87bd4c8586b4b78f83e43895,M12,0,9.09,13.2991142273,45
31,87bd4c8586b4b78f83e43895,M13,0,7.9,13.3127117157,60
31,87bd4c8586b4b78f83e43895,M14,0,7.85,10.6704902649,60
31,87bd4c8586b4b78f83e43895,M15,0,6.17,13.6078929901,60
31,87bd4c8586b4b78f83e43895,M16,0,12.51,25.6323184967,100
31,87bd4c8586b4b78f83e43895,M17,0,3.87,3.91301894188,14
31,87bd4c8586b4b78f83e43895,M18,0,6.03,5.78239631653,21
31,87bd4c8586b4b78f83e43895,M19,0,5.01,5.3172621727,21
31,87bd4c8586b4b78f83e43895,M20,0,6.06,5.88054513931,20
31,87bd4c8586b4b78f83e43895,M21,0,5.05,4.8481798172,21
31,87bd4c8586b4b78f83e43895,M22,0,9.31,9.71706867218,45
31,87bd4c8586b4b78f83e43895,M23,0,6.95,7.13684177399,45
31,87bd4c8586b4b78f83e43895,M24,0,9.92,10.0440692902,45
31,87bd4c8586b4b78f83e43895,M25,0,8.81,8.14434146881,20
31,87bd4c8586b4b78f83e43895,M26,0,6.03,7.19540834427,20
31,87bd4c8586b4b78f83e43895,M27,0,8.64,8.80714130402,30
31,87bd4c8586b4b78f83e43895,M28,0,6.37,6.9203915596,30
31,87bd4c8586b4b78f83e43895,M29,0,9.51,8.92703056335,30
31,87bd4c8586b4b78f83e43895,M30,0,5.4,5.98729085922,21
32,1db51764879da07a9a804f89,M01,3,3.62,3.9233481884,10
32,1db51764879da07a9a804f89,M02,3,3.04,4.93286418915,15
32,1db51764879da07a9a804f89,M03,3,4.02,4.99707221985,21
32,1db51764879da07a9a804f89,M04,3,3.21,4.78994274139,21
32,1db51764879da07a9a804f89,M05,3,2.76,4.83900928497,21
32,1db51764879da07a9a804f89,M06,3,5.05,6.29450130463,21
32,1db51764879da07a9a804f89,M07,3,4.19,6.08745384216,30
32,1db51764879da07a9a804f89,M08,3,3.05,7.52441072464,30
32,1db51764879da07a9a804f89,M09,3,2.21,6.77660655975,30
32,1db51764879da07a9a804f89,M10,3,4.38,8.66166305542,30
32,1db51764879da07a9a804f89,M11,3,3.12,7.84720993042,30
32,1db51764879da07a9a804f89,M12,3,3,8.61472606659,45
32,1db51764879da07a9a804f89,M13,3,4.75,8.82445812225,60
32,1db51764879da07a9a804f89,M14,3,2.61,6.82377624512,60
32,1db51764879da07a9a804f89,M15,3,5.23,8.81376457214,60
32,1db51764879da07a9a804f89,M16,3,5.02,17.0474510193,100
32,1db51764879da07a9a804f89,M17,3,1.72,3.37675380707,14
32,1db51764879da07a9a804f89,M18,3,4.5,4.78829145432,21
32,1db51764879da07a9a804f89,M19,3,4.23,4.25843238831,21
32,1db51764879da07a9a804f89,M20,3,4.49,4.91561555862,20
32,1db51764879da07a9a804f89,M21,3,4.45,4.0290760994,21
32,1db51764879da07a9a804f89,M22,3,6.56,7.66362714767,45
32,1db51764879da07a9a804f89,M23,3,3.92,5.73599720001,45
32,1db51764879da07a9a804f89,M24,3,6.98,7.7812743187,45
32,1db51764879da07a9a804f89,M25,3,1.43,7.30922317505,20
32,1db51764879da07a9a804f89,M26,3,0.84,6.34809684753,20
32,1db51764879da07a9a804f89,M27,3,1.74,8.00999641418,30
32,1db51764879da07a9a804f89,M28,3,0.85,6.54814100266,30
32,1db51764879da07a9a804f89,M29,3,2.62,7.84661436081,30
32,1db51764879da07a9a804f89,M30,3,1.46,5.16447544098,21
33,267de3c8ac980a5b10b9c703,M01,2,1.74,0.980727016926,10
33,267de3c8ac980a5b10b9c703,M02,2,1.33,2.00817251205,15
33,267de3c8ac980a5b10b9c703,M03,2,1.96,1.76790642738,21
33,267de3c8ac980a5b10b9c703,M04,2,1.46,1.57253706455,21
33,267de3c8ac980a5b10b9c703,M05,2,1.73,1.6507922411,21
33,267de3c8ac980a5b10b9c703,M06,2,2.11,2.8102414608,21
33,267de3c8ac980a5b10b9c703,M07,2,1.97,2.6277961731,30
33,267de3c8ac980a5b10b9c703,M08,2,1.34,2.91130709648,30
33,267de3c8ac980a5b10b9c703,M09,2,1.21,2.11093306541,30
33,267de3c8ac980a5b10b9c703,M10,2,1.97,3.74828076363,30
33,267de3c8ac980a5b10b9c703,M11,2,1.84,3.26613903046,30
33,267de3c8ac980a5b10b9c703,M12,2,1.33,3.63297915459,45
33,267de3c8ac980a5b10b9c703,M13,2,1.93,3.71680474281,60
33,267de3c8ac980a5b10b9c703,M14,2,0.98,2.20958614349,60
33,267de3c8ac980a5b10b9c703,M15,2,2.67,3.75434064865,60
33,267de3c8ac980a5b10b9c703,M16,2,1.91,4.67601633072,100
33,267de3c8ac980a5b10b9c703,M17,2,0.94,0.544061541557,14
33,267de3c8ac980a5b10b9c703,M18,2,1.7,1.6492112875,21
33,267de3c8ac980a5b10b9c703,M19,2,2.04,1.07078623772,21
33,267de3c8ac980a5b10b9c703,M20,2,1.24,1.49209082127,20
33,267de3c8ac980a5b10b9c703,M21,2,1.6,0.815398097038,21
33,267de3c8ac980a5b10b9c703,M22,2,1.75,2.80948519707,45
33,267de3c8ac980a5b10b9c703,M23,2,0.95,1.29771101475,45
33,267de3c8ac980a5b10b9c703,M24,2,3.22,2.86129069328,45
33,267de3c8ac980a5b10b9c703,M25,2,2.36,3.72115540504,20
33,267de3c8ac980a5b10b9c703,M26,2,1.06,2.9284453392,20
33,267de3c8ac980a5b10b9c703,M27,2,2.51,4.07523870468,30
33,267de3c8ac980a5b10b9c703,M28,2,1.03,3.15546226501,30
33,267de3c8ac980a5b10b9c703,M29,2,3.92,4.06206464767,30
33,267de3c8ac980a5b10b9c703,M30,2,1.98,1.88143253326,21
34,3577ec1a80f55e1baa422693,M01,4,6.42,4.85612630844,10
34,3577ec1a80f55e1baa422693,M02,4,8.38,6.0073428154,15
34,3577ec1a80f55e1baa422693,M03,4,7.8,6.10230398178,21
34,3577ec1a80f55e1baa422693,M04,4,7.03,5.83812189102,21
34,3577ec1a80f55e1baa422693,M05,4,6.99,5.86977672577,21
34,3577ec1a80f55e1baa422693,M06,4,9.95,7.65282964706,21
34,3577ec1a80f55e1baa422693,M07,4,10.21,7.7807059288,30
34,3577ec1a80f55e1baa422693,M08,4,13.69,9.50527000427,30
34,3577ec1a80f55e1baa422693,M09,4,12.17,8.68907356262,30
34,3577ec1a80f55e1baa422693,M10,4,15.68,10.6268692017,30
34,3577ec1a80f55e1baa422693,M11,4,14.53,9.87265205383,30
34,3577ec1a80f55e1baa422693,M12,4,17.81,11.9255008698,45
34,3577ec1a80f55e1baa422693,M13,4,17.66,12.0571737289,60
34,3577ec1a80f55e1baa422693,M14,4,14.02,9.74230575562,60
34,3577ec1a80f55e1baa422693,M15,4,17.95,11.9989204407,60
34,3577ec1a80f55e1baa422693,M16,4,37.06,22.5820579529,100
34,3577ec1a80f55e1baa422693,M17,4,5.56,4.37226200104,14
34,3577ec1a80f55e1baa422693,M18,4,7.62,5.95094537735,21
34,3577ec1a80f55e1baa422693,M19,4,6.43,5.408618927,21
34,3577ec1a80f55e1baa422693,M20,4,8.4,6.48202371597,20
34,3577ec1a80f55e1baa422693,M21,4,6.19,5.18749046326,21
34,3577ec1a80f55e1baa422693,M22,4,13.42,9.89351272583,45
34,3577ec1a80f55e1baa422693,M23,4,11.06,7.71255016327,45
34,3577ec1a80f55e1baa422693,M24,4,13.78,9.84373283386,45
34,3577ec1a80f55e1baa422693,M25,4,12.52,8.62320423126,20
34,3577ec1a80f55e1baa422693,M26,4,10.8,7.44220781326,20
34,3577ec1a80f55e1baa422693,M27,4,13.05,9.27654266357,30
34,3577ec1a80f55e1baa422693,M28,4,10.71,7.59952163696,30
34,3577ec1a80f55e1baa422693,M29,4,13.04,9.09463500977,30
34,3577ec1a80f55e1baa422693,M30,4,7.81,6.11767148972,21
35,81b5b6388a6be51a7a64d27f,M01,2,8.18,8.33933353424,10
35,81b5b6388a6be51a7a64d27f,M02,2,10.78,9.90974140167,15
35,81b5b6388a6be51a7a64d27f,M03,2,12.1,9.96957302094,21
35,81b5b6388a6be51a7a64d27f,M04,2,11.04,9.67353725433,21
35,81b5b6388a6be51a7a64d27f,M05,2,11.19,9.75700473785,21
35,81b5b6388a6be51a7a64d27f,M06,2,14.89,12.8539152145,21
35,81b5b6388a6be51a7a64d27f,M07,2,16.75,14.1484069824,30
35,81b5b6388a6be51a7a64d27f,M08,2,21.09,18.4305324554,30
35,81b5b6388a6be51a7a64d27f,M09,2,19.61,17.361618042,30
35,81b5b6388a6be51a7a64d27f,M10,2,22.78,19.2338657379,30
35,81b5b6388a6be51a7a64d27f,M11,2,21.73,18.6935901642,30
35,81b5b6388a6be51a7a64d27f,M12,2,30.42,25.9512042999,45
35,81b5b6388a6be51a7a64d27f,M13,2,31.54,25.812582016,60
35,81b5b6388a6be51a7a64d27f,M14,2,27.74,23.1801681519,60
35,81b5b6388a6be51a7a64d27f,M15,2,31.95,26.0351676941,60
35,81b5b6388a6be51a7a64d27f,M16,2,60.35,53.8493690491,100
35,81b5b6388a6be51a7a64d27f,M17,2,8.28,7.91304731369,14
35,81b5b6388a6be51a7a64d27f,M18,2,11.5,9.76088237762,21
35,81b5b6388a6be51a7a64d27f,M19,2,10.73,9.21499633789,21
35,81b5b6388a6be51a7a64d27f,M20,2,12.57,11.3466291428,20
35,81b5b6388a6be51a7a64d27f,M21,2,9.05,8.8215265274,21
35,81b5b6388a6be51a7a64d27f,M22,2,24.68,19.3247318268,45
35,81b5b6388a6be51a7a64d27f,M23,2,19.35,16.8566970825,45
35,81b5b6388a6be51a7a64d27f,M24,2,25.7,19.5465869904,45
35,81b5b6388a6be51a7a64d27f,M25,2,15.5,13.709610939,20
35,81b5b6388a6be51a7a64d27f,M26,2,14.14,12.6239128113,20
35,81b5b6388a6be51a7a64d27f,M27,2,19.16,16.7531337738,30
35,81b5b6388a6be51a7a64d27f,M28,2,17.06,14.888010025,30
35,81b5b6388a6be51a7a64d27f,M29,2,17.93,16.8865814209,30
35,81b5b6388a6be51a7a64d27f,M30,2,12.15,10.1033391953,21
37,7e22cb18273d1125b6e9f516,M01,4,3.7,1.51307427883,10
37,7e22cb18273d1125b6e9f516,M02,4,3.63,2.89193701744,15
37,7e22cb18273d1125b6e9f516,M03,4,4.22,2.98689866066,21
37,7e22cb18273d1125b6e9f516,M04,4,3.74,2.72271776199,21
37,7e22cb18273d1125b6e9f516,M05,4,3.49,2.75437259674,21
37,7e22cb18273d1125b6e9f516,M06,4,5.33,4.0864367485,21
37,7e22cb18273d1125b6e9f516,M07,4,4.42,4.12929534912,30
37,7e22cb18273d1125b6e9f516,M08,4,3.68,5.25261640549,30
37,7e22cb18273d1125b6e9f516,M09,4,2.42,4.43641710281,30
37,7e22cb18273d1125b6e9f516,M10,4,4.87,6.3742108345,30
37,7e22cb18273d1125b6e9f516,M11,4,3.6,5.61999511719,30
37,7e22cb18273d1125b6e9f516,M12,4,3.48,7.42553424835,45
37,7e22cb18273d1125b6e9f516,M13,4,5.14,7.62990665436,60
37,7e22cb18273d1125b6e9f516,M14,4,3,5.74647712708,60
37,7e22cb18273d1125b6e9f516,M15,4,5.55,7.68895244598,60
37,7e22cb18273d1125b6e9f516,M16,4,5.64,13.7643232346,100
37,7e22cb18273d1125b6e9f516,M17,4,1.83,1.05929601192,14
37,7e22cb18273d1125b6e9f516,M18,4,4.55,2.86562657356,21
37,7e22cb18273d1125b6e9f516,M19,4,4.17,2.51441860199,21
37,7e22cb18273d1125b6e9f516,M20,4,4.17,3.03589940071,20
37,7e22cb18273d1125b6e9f516,M21,4,4.22,2.29328966141,21
37,7e22cb18273d1125b6e9f516,M22,4,5.28,5.91222333908,45
37,7e22cb18273d1125b6e9f516,M23,4,2.76,4.16270828247,45
37,7e22cb18273d1125b6e9f516,M24,4,5.74,5.97974300385,45
37,7e22cb18273d1125b6e9f516,M25,4,2.69,5.05680608749,20
37,7e22cb18273d1125b6e9f516,M26,4,1.53,4.12526416779,20
37,7e22cb18273d1125b6e9f516,M27,4,2.92,5.02219057083,30
37,7e22cb18273d1125b6e9f516,M28,4,1.66,3.85988116264,30
37,7e22cb18273d1125b6e9f516,M29,4,4.44,4.95758390427,30
37,7e22cb18273d1125b6e9f516,M30,4,2.17,3.00226688385,21
38,025d82d93173ecb6ae20cb79,M25,4,16.44,15.8809919357,20
38,025d82d93173ecb6ae20cb79,M26,4,15.17,14.8802242279,20
38,025d82d93173ecb6ae20cb79,M27,4,21.16,19.9725971222,30
38,025d82d93173ecb6ae20cb79,M28,4,19.39,18.1307106018,30
38,025d82d93173ecb6ae20cb79,M29,4,20.03,19.9564342499,30
38,025d82d93173ecb6ae20cb79,M30,4,13.74,12.4166412354,21
39,32b4a6a7cbc6bc4e42d3e216,M01,2,6.22,5.82245874405,10
39,32b4a6a7cbc6bc4e42d3e216,M02,2,8.27,7.32196617126,15
39,32b4a6a7cbc6bc4e42d3e216,M03,2,7.65,7.35854244232,21
39,32b4a6a7cbc6bc4e42d3e216,M04,2,7.08,7.02600574493,21
39,32b4a6a7cbc6bc4e42d3e216,M05,2,6.96,7.10947370529,21
39,32b4a6a7cbc6bc4e42d3e216,M06,2,9.58,9.85975456238,21
39,32b4a6a7cbc6bc4e42d3e216,M07,2,10.06,10.6278476715,30
39,32b4a6a7cbc6bc4e42d3e216,M08,2,13.73,12.6060771942,30
39,32b4a6a7cbc6bc4e42d3e216,M09,2,12.64,11.4902124405,30
39,32b4a6a7cbc6bc4e42d3e216,M10,2,15.6,13.5594120026,30
39,32b4a6a7cbc6bc4e42d3e216,M11,2,14.67,12.828959465,30
39,32b4a6a7cbc6bc4e42d3e216,M12,2,18.07,16.9907932281,45
39,32b4a6a7cbc6bc4e42d3e216,M13,2,17.28,16.7419204712,60
39,32b4a6a7cbc6bc4e42d3e216,M14,2,13.98,14.2424631119,60
39,32b4a6a7cbc6bc4e42d3e216,M15,2,17.79,16.9814281464,60
39,32b4a6a7cbc6bc4e42d3e216,M16,2,37.17,36.6505317688,100
39,32b4a6a7cbc6bc4e42d3e216,M17,2,5.66,5.31194972992,14
39,32b4a6a7cbc6bc4e42d3e216,M18,2,7.69,7.11335277557,21
39,32b4a6a7cbc6bc4e42d3e216,M19,2,6.25,6.68509340286,21
39,32b4a6a7cbc6bc4e42d3e216,M20,2,8.27,8.37875843048,20
39,32b4a6a7cbc6bc4e42d3e216,M21,2,6.14,6.24056529999,21
39,32b4a6a7cbc6bc4e42d3e216,M22,2,13.09,12.7823152542,45
39,32b4a6a7cbc6bc4e42d3e216,M23,2,10.93,10.4078769684,45
39,32b4a6a7cbc6bc4e42d3e216,M24,2,13.48,13.0210971832,45
39,32b4a6a7cbc6bc4e42d3e216,M25,2,12.25,10.7161874771,20
39,32b4a6a7cbc6bc4e42d3e216,M26,2,10.71,9.62940216064,20
39,32b4a6a7cbc6bc4e42d3e216,M27,2,12.7,11.9270811081,30
39,32b4a6a7cbc6bc4e42d3e216,M28,2,10.54,10.1772174835,30
39,32b4a6a7cbc6bc4e42d3e216,M29,2,12.77,12.0292882919,30
39,32b4a6a7cbc6bc4e42d3e216,M30,2,7.67,7.44488763809,21
40,be488e74b9d5fd8fc60a7d96,M01,2,4.65,5.83755636215,10
40,be488e74b9d5fd8fc60a7d96,M02,2,6.02,7.02106571198,15
40,be488e74b9d5fd8fc60a7d96,M03,2,5.23,7.13373088837,21
40,be488e74b9d5fd8fc60a7d96,M04,2,5.01,6.86741113663,21
40,be488e74b9d5fd8fc60a7d96,M05,2,4.88,6.95087909698,21
40,be488e74b9d5fd8fc60a7d96,M06,2,6.63,8.47061252594,21
40,be488e74b9d5fd8fc60a7d96,M07,2,6.58,8.73371887207,30
40,be488e74b9d5fd8fc60a7d96,M08,2,8.1,11.0862369537,30
40,be488e74b9d5fd8fc60a7d96,M09,2,7.15,10.1523046494,30
40,be488e74b9d5fd8fc60a7d96,M10,2,9.7,12.0683755875,30
40,be488e74b9d5fd8fc60a7d96,M11,2,8.77,11.375333786,30
40,be488e74b9d5fd8fc60a7d96,M12,2,9.47,14.0198087692,45
40,be488e74b9d5fd8fc60a7d96,M13,2,9.89,14.0001459122,60
40,be488e74b9d5fd8fc60a7d96,M14,2,7.11,11.5063085556,60
40,be488e74b9d5fd8fc60a7d96,M15,2,9.8,14.0545396805,60
40,be488e74b9d5fd8fc60a7d96,M16,2,16.73,24.7498493195,100
40,be488e74b9d5fd8fc60a7d96,M17,2,3.29,5.19583511353,14
40,be488e74b9d5fd8fc60a7d96,M18,2,5.42,6.89938497543,21
40,be488e74b9d5fd8fc60a7d96,M19,2,4.65,6.2587685585,21
40,be488e74b9d5fd8fc60a7d96,M20,2,5.5,7.13969326019,20
40,be488e74b9d5fd8fc60a7d96,M21,2,4.66,5.9394698143,21
40,be488e74b9d5fd8fc60a7d96,M22,2,7.9,11.45054245,45
40,be488e74b9d5fd8fc60a7d96,M23,2,6.24,9.08171367645,45
40,be488e74b9d5fd8fc60a7d96,M24,2,7.89,11.5042057037,45
40,be488e74b9d5fd8fc60a7d96,M25,2,8.87,9.32704544067,20
40,be488e74b9d5fd8fc60a7d96,M26,2,7.02,8.2577419281,20
40,be488e74b9d5fd8fc60a7d96,M27,2,8.55,10.3728904724,30
40,be488e74b9d5fd8fc60a7d96,M28,2,7.07,8.59605503082,30
40,be488e74b9d5fd8fc60a7d96,M29,2,8.23,10.3493900299,30
40,be488e74b9d5fd8fc60a7d96,M30,2,5.24,7.22007513046,21
42,f1ade222212d6fb05f2db5bc,M01,4,5.27,5.75133991241,10
42,f1ade222212d6fb05f2db5bc,M02,4,6.89,7.30582237244,15
42,f1ade222212d6fb05f2db5bc,M03,4,5.93,7.40078353882,21
42,f1ade222212d6fb05f2db5bc,M04,4,5.58,7.13660240173,21
42,f1ade222212d6fb05f2db5bc,M05,4,5.47,7.16825723648,21
42,f1ade222212d6fb05f2db5bc,M06,4,7.51,8.92761230469,21
42,f1ade222212d6fb05f2db5bc,M07,4,7.63,8.96409511566,30
42,f1ade222212d6fb05f2db5bc,M08,4,10.16,10.5419130325,30
42,f1ade222212d6fb05f2db5bc,M09,4,9.11,9.72571659088,30
42,f1ade222212d6fb05f2db5bc,M10,4,11.87,11.6635122299,30
42,f1ade222212d6fb05f2db5bc,M11,4,10.9,10.9092950821,30
42,f1ade222212d6fb05f2db5bc,M12,4,12.56,15.0857696533,45
42,f1ade222212d6fb05f2db5bc,M13,4,12.56,15.1865949631,60
42,f1ade222212d6fb05f2db5bc,M14,4,9.87,12.6196775436,60
42,f1ade222212d6fb05f2db5bc,M15,4,12.44,15.1870937347,60
42,f1ade222212d6fb05f2db5bc,M16,4,24.3,24.3160438538,100
42,f1ade222212d6fb05f2db5bc,M17,4,4.17,5.23108625412,14
42,f1ade222212d6fb05f2db5bc,M18,4,6.06,7.17535972595,21
42,f1ade222212d6fb05f2db5bc,M19,4,5.16,6.63303232193,21
42,f1ade222212d6fb05f2db5bc,M20,4,6.55,7.70080327988,20
42,f1ade222212d6fb05f2db5bc,M21,4,5.14,6.41190385818,21
42,f1ade222212d6fb05f2db5bc,M22,4,9.89,11.2610054016,45
42,f1ade222212d6fb05f2db5bc,M23,4,8.1,8.82799816132,45
42,f1ade222212d6fb05f2db5bc,M24,4,9.94,11.2699775696,45
42,f1ade222212d6fb05f2db5bc,M25,4,10.37,9.89798164368,20
42,f1ade222212d6fb05f2db5bc,M26,4,8.62,8.92686843872,20
42,f1ade222212d6fb05f2db5bc,M27,4,9.9,10.4679470062,30
42,f1ade222212d6fb05f2db5bc,M28,4,8.2,8.8603181839,30
42,f1ade222212d6fb05f2db5bc,M29,4,9.63,10.3447914124,30
42,f1ade222212d6fb05f2db5bc,M30,4,5.95,7.41615104675,21
43,7f4d6eb0a9092987a5326f08,M01,3,7.07,6.10251045227,10
43,7f4d6eb0a9092987a5326f08,M02,3,9.37,8.04897117615,15
43,7f4d6eb0a9092987a5326f08,M03,3,9.46,8.17034435272,21
43,7f4d6eb0a9092987a5326f08,M04,3,8.74,7.82608604431,21
43,7f4d6eb0a9092987a5326f08,M05,3,8.76,7.87515115738,21
43,7f4d6eb0a9092987a5326f08,M06,3,12.02,11.2504425049,21
43,7f4d6eb0a9092987a5326f08,M07,3,12.85,12.6248970032,30
43,7f4d6eb0a9092987a5326f08,M08,3,17.14,16.3823261261,30
43,7f4d6eb0a9092987a5326f08,M09,3,16.03,15.3813009262,30
43,7f4d6eb0a9092987a5326f08,M10,3,18.89,17.3616600037,30
43,7f4d6eb0a9092987a5326f08,M11,3,18.02,16.593132019,30
43,7f4d6eb0a9092987a5326f08,M12,3,23.91,23.1190834045,45
43,7f4d6eb0a9092987a5326f08,M13,3,24.02,23.0892219543,60
43,7f4d6eb0a9092987a5326f08,M14,3,20.36,20.3283996582,60
43,7f4d6eb0a9092987a5326f08,M15,3,23.9,23.3868465424,60
43,7f4d6eb0a9092987a5326f08,M16,3,51.58,50.791519165,100
43,7f4d6eb0a9092987a5326f08,M17,3,6.94,5.74366569519,14
43,7f4d6eb0a9092987a5326f08,M18,3,9.32,7.87195158005,21
43,7f4d6eb0a9092987a5326f08,M19,3,7.2,7.47340345383,21
43,7f4d6eb0a9092987a5326f08,M20,3,9.35,9.80909824371,20
43,7f4d6eb0a9092987a5326f08,M21,3,6.9,7.03123283386,21
43,7f4d6eb0a9092987a5326f08,M22,3,15.49,16.6904735565,45
43,7f4d6eb0a9092987a5326f08,M23,3,13.01,13.9677333832,45
43,7f4d6eb0a9092987a5326f08,M24,3,15.88,17.1164417267,45
43,7f4d6eb0a9092987a5326f08,M25,3,13.81,12.1389474869,20
43,7f4d6eb0a9092987a5326f08,M26,3,12.47,11.038892746,20
43,7f4d6eb0a9092987a5326f08,M27,3,15.78,14.5608253479,30
43,7f4d6eb0a9092987a5326f08,M28,3,13.69,12.7019863129,30
43,7f4d6eb0a9092987a5326f08,M29,3,15.58,14.6684942245,30
43,7f4d6eb0a9092987a5326f08,M30,3,9.53,8.33774757385,21
47,56fa096b85beceab80fd1c4e,M01,4,7.23,6.15271663666,10
47,56fa096b85beceab80fd1c4e,M02,4,9.54,7.49893903732,15
47,56fa096b85beceab80fd1c4e,M03,4,9.71,7.5939002037,21
47,56fa096b85beceab80fd1c4e,M04,4,8.88,7.24325275421,21
47,56fa096b85beceab80fd1c4e,M05,4,8.92,7.27490758896,21
47,56fa096b85beceab80fd1c4e,M06,4,12.33,9.86876487732,21
47,56fa096b85beceab80fd1c4e,M07,4,13.14,10.0831050873,30
47,56fa096b85beceab80fd1c4e,M08,4,17.42,12.7214365005,30
47,56fa096b85beceab80fd1c4e,M09,4,16.16,11.7917251587,30
47,56fa096b85beceab80fd1c4e,M10,4,19.22,13.7927532196,30
47,56fa096b85beceab80fd1c4e,M11,4,18.29,13.0023527145,30
47,56fa096b85beceab80fd1c4e,M12,4,24.22,16.750617981,45
47,56fa096b85beceab80fd1c4e,M13,4,24.43,16.7958221436,60
47,56fa096b85beceab80fd1c4e,M14,4,20.46,14.2268590927,60
47,56fa096b85beceab80fd1c4e,M15,4,24.59,16.9872093201,60
47,56fa096b85beceab80fd1c4e,M16,4,51.76,34.4466934204,100
47,56fa096b85beceab80fd1c4e,M17,4,6.99,5.70956707001,14
47,56fa096b85beceab80fd1c4e,M18,4,9.47,7.38616228104,21
47,56fa096b85beceab80fd1c4e,M19,4,7.81,6.89874792099,21
47,56fa096b85beceab80fd1c4e,M20,4,9.99,8.68751335144,20
47,56fa096b85beceab80fd1c4e,M21,4,7.39,6.59115362167,21
47,56fa096b85beceab80fd1c4e,M22,4,17.17,13.0036764145,45
47,56fa096b85beceab80fd1c4e,M23,4,14.37,10.5686149597,45
47,56fa096b85beceab80fd1c4e,M24,4,17.82,13.2854919434,45
47,56fa096b85beceab80fd1c4e,M25,4,14.03,10.8391342163,20
47,56fa096b85beceab80fd1c4e,M26,4,12.58,9.76945400238,20
47,56fa096b85beceab80fd1c4e,M27,4,16.08,11.8472776413,30
47,56fa096b85beceab80fd1c4e,M28,4,13.84,9.99942207336,30
47,56fa096b85beceab80fd1c4e,M29,4,16.04,11.876912117,30
47,56fa096b85beceab80fd1c4e,M30,4,9.74,7.60926771164,21
48,abc7a286c25bfc8ab683f22c,M01,1,5.47,3.9723315239,10
48,abc7a286c25bfc8ab683f22c,M02,1,6.73,5.08062028885,15
48,abc7a286c25bfc8ab683f22c,M03,1,6.17,5.20722961426,21
48,abc7a286c25bfc8ab683f22c,M04,1,5.53,4.86234664917,21
48,abc7a286c25bfc8ab683f22c,M05,1,5.32,4.96189308167,21
48,abc7a286c25bfc8ab683f22c,M06,1,7.86,6.78379440308,21
48,abc7a286c25bfc8ab683f22c,M07,1,7.65,6.94932317734,30
48,abc7a286c25bfc8ab683f22c,M08,1,10.47,9.34839439392,30
48,abc7a286c25bfc8ab683f22c,M09,1,9.16,8.46052932739,30
48,abc7a286c25bfc8ab683f22c,M10,1,11.04,10.461728096,30
48,abc7a286c25bfc8ab683f22c,M11,1,10.9,9.64085388184,30
48,abc7a286c25bfc8ab683f22c,M12,1,14.13,12.8403902054,45
48,abc7a286c25bfc8ab683f22c,M13,1,12.5,12.9241361618,60
48,abc7a286c25bfc8ab683f22c,M14,1,10.64,10.4444999695,60
48,abc7a286c25bfc8ab683f22c,M15,1,14.12,13.0286922455,60
48,abc7a286c25bfc8ab683f22c,M16,1,19.18,27.0737419128,100
48,abc7a286c25bfc8ab683f22c,M17,1,4.52,3.44881725311,14
48,abc7a286c25bfc8ab683f22c,M18,1,6.65,4.98640298843,21
48,abc7a286c25bfc8ab683f22c,M19,1,5.17,4.49729537964,21
48,abc7a286c25bfc8ab683f22c,M20,1,6.66,5.29351472855,20
48,abc7a286c25bfc8ab683f22c,M21,1,5.16,4.22337579727,21
48,abc7a286c25bfc8ab683f22c,M22,1,10.33,9.43412780762,45
48,abc7a286c25bfc8ab683f22c,M23,1,8.2,7.20827627182,45
48,abc7a286c25bfc8ab683f22c,M24,1,10.93,9.62572956085,45
48,abc7a286c25bfc8ab683f22c,M25,1,10.28,7.77498960495,20
48,abc7a286c25bfc8ab683f22c,M26,1,7.9,6.83073616028,20
48,abc7a286c25bfc8ab683f22c,M27,1,9.9,8.7165851593,30
48,abc7a286c25bfc8ab683f22c,M28,1,7.8,7.16559839249,30
48,abc7a286c25bfc8ab683f22c,M29,1,10.67,8.59028434753,30
48,abc7a286c25bfc8ab683f22c,M30,1,5.78,5.22651290894,21
49,dddb83856cd5a1813573467f,M01,0,6.39,4.70343017578,10
49,dddb83856cd5a1813573467f,M02,0,8.42,5.92300748825,15
49,dddb83856cd5a1813573467f,M03,0,7.8,6.14335250854,21
49,dddb83856cd5a1813573467f,M04,0,7.05,5.79430007935,21
49,dddb83856cd5a1813573467f,M05,0,6.9,5.86481761932,21
49,dddb83856cd5a1813573467f,M06,0,9.91,7.86652183533,21
49,dddb83856cd5a1813573467f,M07,0,10.32,7.84530830383,30
49,dddb83856cd5a1813573467f,M08,0,14.27,9.93637752533,30
49,dddb83856cd5a1813573467f,M09,0,12.95,9.09777259827,30
49,dddb83856cd5a1813573467f,M10,0,16.07,10.9889383316,30
49,dddb83856cd5a1813573467f,M11,0,14.78,10.3540248871,30
49,dddb83856cd5a1813573467f,M12,0,19.15,12.3293170929,45
49,dddb83856cd5a1813573467f,M13,0,18.31,12.4344463348,60
49,dddb83856cd5a1813573467f,M14,0,15,10.0509023666,60
49,dddb83856cd5a1813573467f,M15,0,18.5,12.524846077,60
49,dddb83856cd5a1813573467f,M16,0,41.29,22.7396717072,100
49,dddb83856cd5a1813573467f,M17,0,5.62,4.12593889236,14
49,dddb83856cd5a1813573467f,M18,0,7.65,5.81993818283,21
49,dddb83856cd5a1813573467f,M19,0,6.42,5.28871440887,21
49,dddb83856cd5a1813573467f,M20,0,8.49,6.62224245071,20
49,dddb83856cd5a1813573467f,M21,0,6.14,4.90440702438,21
49,dddb83856cd5a1813573467f,M22,0,13.47,10.1735906601,45
49,dddb83856cd5a1813573467f,M23,0,11.3,7.85204744339,45
49,dddb83856cd5a1813573467f,M24,0,13.91,10.2621383667,45
49,dddb83856cd5a1813573467f,M25,0,11.93,8.77488803864,20
49,dddb83856cd5a1813573467f,M26,0,10.36,7.70002412796,20
49,dddb83856cd5a1813573467f,M27,0,12.11,9.52143764496,30
49,dddb83856cd5a1813573467f,M28,0,10.05,7.79910182953,30
49,dddb83856cd5a1813573467f,M29,0,12,9.47828960419,30
49,dddb83856cd5a1813573467f,M30,0,7.07,6.15917778015,21
51,8462267483bc8dc0c5eb0740,M01,0,6.49,7.34983778,10
51,8462267483bc8dc0c5eb0740,M02,0,8.62,9.10791492462,15
51,8462267483bc8dc0c5eb0740,M03,0,8.17,9.35121917725,21
51,8462267483bc8dc0c5eb0740,M04,0,7.47,8.99155426025,21
51,8462267483bc8dc0c5eb0740,M05,0,7.43,9.06207084656,21
51,8462267483bc8dc0c5eb0740,M06,0,10.34,11.8294124603,21
51,8462267483bc8dc0c5eb0740,M07,0,10.9,12.8938875198,30
51,8462267483bc8dc0c5eb0740,M08,0,15.02,16.7436962128,30
51,8462267483bc8dc0c5eb0740,M09,0,13.93,15.8354988098,30
51,8462267483bc8dc0c5eb0740,M10,0,16.73,17.6768321991,30
51,8462267483bc8dc0c5eb0740,M11,0,15.89,17.1736927032,30
51,8462267483bc8dc0c5eb0740,M12,0,20.5,22.5426254272,45
51,8462267483bc8dc0c5eb0740,M13,0,19.62,22.6788482666,60
51,8462267483bc8dc0c5eb0740,M14,0,16.25,20.1743679047,60
51,8462267483bc8dc0c5eb0740,M15,0,19.84,22.8743629456,60
51,8462267483bc8dc0c5eb0740,M16,0,44.74,45.2973632812,100
51,8462267483bc8dc0c5eb0740,M17,0,6.01,6.863032341,14
51,8462267483bc8dc0c5eb0740,M18,0,8.09,9.01719093323,21
51,8462267483bc8dc0c5eb0740,M19,0,6.21,8.45553874969,21
51,8462267483bc8dc0c5eb0740,M20,0,8.43,10.4001369476,20
51,8462267483bc8dc0c5eb0740,M21,0,6,8.01822090149,21
51,8462267483bc8dc0c5eb0740,M22,0,13.12,16.9709529877,45
51,8462267483bc8dc0c5eb0740,M23,0,11.27,14.5284509659,45
51,8462267483bc8dc0c5eb0740,M24,0,13.25,17.1982936859,45
51,8462267483bc8dc0c5eb0740,M25,0,12.78,12.6367616653,20
51,8462267483bc8dc0c5eb0740,M26,0,11.36,11.5431442261,20
51,8462267483bc8dc0c5eb0740,M27,0,13.72,14.480389595,30
51,8462267483bc8dc0c5eb0740,M28,0,11.6,12.6371059418,30
51,8462267483bc8dc0c5eb0740,M29,0,13.62,14.5006189346,30
51,8462267483bc8dc0c5eb0740,M30,0,8.19,9.36704444885,21
53,de76339ba27df16100871511,M01,0,3.38,3.49019408226,10
53,de76339ba27df16100871511,M02,0,3.93,4.68523216248,15
53,de76339ba27df16100871511,M03,0,4.11,4.88013410568,21
53,de76339ba27df16100871511,M04,0,3.84,4.52824497223,21
53,de76339ba27df16100871511,M05,0,3.52,4.59876251221,21
53,de76339ba27df16100871511,M06,0,5.49,6.45860004425,21
53,de76339ba27df16100871511,M07,0,4.46,6.44022321701,30
53,de76339ba27df16100871511,M08,0,3.94,8.37505149841,30
53,de76339ba27df16100871511,M09,0,2.9,7.50773096085,30
53,de76339ba27df16100871511,M10,0,5.54,9.42202281952,30
53,de76339ba27df16100871511,M11,0,4.28,8.76441860199,30
53,de76339ba27df16100871511,M12,0,3.97,10.0455036163,45
53,de76339ba27df16100871511,M13,0,5.59,10.1039714813,60
53,de76339ba27df16100871511,M14,0,3.67,7.80654716492,60
53,de76339ba27df16100871511,M15,0,5.59,10.1115083694,60
53,de76339ba27df16100871511,M16,0,6.85,19.3355007172,100
53,de76339ba27df16100871511,M17,0,1.84,2.96758127213,14
53,de76339ba27df16100871511,M18,0,4.51,4.59573936462,21
53,de76339ba27df16100871511,M19,0,4.16,4.0250916481,21
53,de76339ba27df16100871511,M20,0,4.24,5.23935842514,20
53,de76339ba27df16100871511,M21,0,4.14,3.59858989716,21
53,de76339ba27df16100871511,M22,0,5.41,8.37605285645,45
53,de76339ba27df16100871511,M23,0,3.14,6.140625,45
53,de76339ba27df16100871511,M24,0,5.54,8.39520549774,45
53,de76339ba27df16100871511,M25,0,6.3,7.38966655731,20
53,de76339ba27df16100871511,M26,0,4.76,6.48174953461,20
53,de76339ba27df16100871511,M27,0,6.72,8.0100851059,30
53,de76339ba27df16100871511,M28,0,5.26,6.42806005478,30
53,de76339ba27df16100871511,M29,0,6.49,7.88682842255,30
53,de76339ba27df16100871511,M30,0,4.69,4.89595937729,21
54,1fbd74bab3e102b26979a15d,M01,3,6.95,5.1538734436,10
54,1fbd74bab3e102b26979a15d,M02,3,9.32,6.67724370956,15
54,1fbd74bab3e102b26979a15d,M03,3,9.36,6.75863313675,21
54,1fbd74bab3e102b26979a15d,M04,3,8.58,6.41811275482,21
54,1fbd74bab3e102b26979a15d,M05,3,8.47,6.46717882156,21
54,1fbd74bab3e102b26979a15d,M06,3,11.66,8.46645355225,21
54,1fbd74bab3e102b26979a15d,M07,3,12.67,8.48514080048,30
54,1fbd74bab3e102b26979a15d,M08,3,16.97,10.5041542053,30
54,1fbd74bab3e102b26979a15d,M09,3,15.81,9.6187620163,30
54,1fbd74bab3e102b26979a15d,M10,3,18.69,11.5569581985,30
54,1fbd74bab3e102b26979a15d,M11,3,17.71,10.693561554,30
54,1fbd74bab3e102b26979a15d,M12,3,23.66,13.4676818848,45
54,1fbd74bab3e102b26979a15d,M13,3,23.09,13.4015684128,60
54,1fbd74bab3e102b26979a15d,M14,3,19.41,10.9385843277,60
54,1fbd74bab3e102b26979a15d,M15,3,23.49,13.6954593658,60
54,1fbd74bab3e102b26979a15d,M16,3,50.35,24.9399604797,100
54,1fbd74bab3e102b26979a15d,M17,3,6.73,4.60143280029,14
54,1fbd74bab3e102b26979a15d,M18,3,9.19,6.38736772537,21
54,1fbd74bab3e102b26979a15d,M19,3,5.99,5.99992752075,21
54,1fbd74bab3e102b26979a15d,M20,3,10.45,7.14977407455,20
54,1fbd74bab3e102b26979a15d,M21,3,7.65,5.5840511322,21
54,1fbd74bab3e102b26979a15d,M22,3,18.33,10.9793071747,45
54,1fbd74bab3e102b26979a15d,M23,3,15.35,8.58938217163,45
54,1fbd74bab3e102b26979a15d,M24,3,18.65,11.4015388489,45
54,1fbd74bab3e102b26979a15d,M25,3,13.62,9.48117446899,20
54,1fbd74bab3e102b26979a15d,M26,3,12.21,8.43733596802,20
54,1fbd74bab3e102b26979a15d,M27,3,15.35,10.2559213638,30
54,1fbd74bab3e102b26979a15d,M28,3,13.22,8.47851276398,30
54,1fbd74bab3e102b26979a15d,M29,3,15.38,10.3598499298,30
54,1fbd74bab3e102b26979a15d,M30,3,9.38,6.92603588104,21
55,d9401cbf16b2cebc83fd68dc,M01,2,5.39,5.67125463486,10
55,d9401cbf16b2cebc83fd68dc,M02,2,7.21,6.9131937027,15
55,d9401cbf16b2cebc83fd68dc,M03,2,6.3,6.89691257477,21
55,d9401cbf16b2cebc83fd68dc,M04,2,5.76,6.65346336365,21
55,d9401cbf16b2cebc83fd68dc,M05,2,5.45,6.73171901703,21
55,d9401cbf16b2cebc83fd68dc,M06,2,7.76,8.20666313171,21
55,d9401cbf16b2cebc83fd68dc,M07,2,8.11,7.93248224258,30
55,d9401cbf16b2cebc83fd68dc,M08,2,10.91,10.0276298523,30
55,d9401cbf16b2cebc83fd68dc,M09,2,9.45,9.16015625,30
55,d9401cbf16b2cebc83fd68dc,M10,2,12.73,11.0098400116,30
55,d9401cbf16b2cebc83fd68dc,M11,2,11.12,10.3343868256,30
55,d9401cbf16b2cebc83fd68dc,M12,2,13.56,11.6878252029,45
55,d9401cbf16b2cebc83fd68dc,M13,2,13.3,11.7607822418,60
55,d9401cbf16b2cebc83fd68dc,M14,2,10.39,9.2718296051,60
55,d9401cbf16b2cebc83fd68dc,M15,2,13.5,11.9202814102,60
55,d9401cbf16b2cebc83fd68dc,M16,2,25.91,20.7305736542,100
55,d9401cbf16b2cebc83fd68dc,M17,2,5.47,5.14772796631,14
55,d9401cbf16b2cebc83fd68dc,M18,2,7.59,6.71678304672,21
55,d9401cbf16b2cebc83fd68dc,M19,2,5.28,6.01944255829,21
55,d9401cbf16b2cebc83fd68dc,M20,2,9.12,6.82480764389,20
55,d9401cbf16b2cebc83fd68dc,M21,2,6.59,5.72413063049,21
55,d9401cbf16b2cebc83fd68dc,M22,2,14.79,10.0743370056,45
55,d9401cbf16b2cebc83fd68dc,M23,2,12.29,7.73441362381,45
55,d9401cbf16b2cebc83fd68dc,M24,2,15.29,10.2331056595,45
55,d9401cbf16b2cebc83fd68dc,M25,2,8.83,9.06309509277,20
55,d9401cbf16b2cebc83fd68dc,M26,2,6.8,7.97824811935,20
55,d9401cbf16b2cebc83fd68dc,M27,2,8.55,10.0093927383,30
55,d9401cbf16b2cebc83fd68dc,M28,2,6.99,8.26146507263,30
55,d9401cbf16b2cebc83fd68dc,M29,2,8.71,10.0909967422,30
55,d9401cbf16b2cebc83fd68dc,M30,2,5.17,6.9832572937,21
56,780c412e404e2d3c20298ba1,M25,3,13.86,12.2500171661,20
56,780c412e404e2d3c20298ba1,M26,3,12.55,11.2083387375,20
56,780c412e404e2d3c20298ba1,M27,3,15.99,15.1360149384,30
56,780c412e404e2d3c20298ba1,M28,3,13.99,13.3370723724,30
56,780c412e404e2d3c20298ba1,M29,3,15.68,15.1733675003,30
56,780c412e404e2d3c20298ba1,M30,3,9.82,9.11261081696,21
57,7b782a00d24f8ce3c9b9fbce,M01,2,7.56,7.79867744446,10
57,7b782a00d24f8ce3c9b9fbce,M02,2,10.02,10.0841007233,15
57,7b782a00d24f8ce3c9b9fbce,M03,2,10.68,10.3784446716,21
57,7b782a00d24f8ce3c9b9fbce,M04,2,9.82,10.0908918381,21
57,7b782a00d24f8ce3c9b9fbce,M05,2,9.89,10.1743593216,21
57,7b782a00d24f8ce3c9b9fbce,M06,2,13.36,12.998260498,21
57,7b782a00d24f8ce3c9b9fbce,M07,2,14.66,15.1535387039,30
57,7b782a00d24f8ce3c9b9fbce,M08,2,19.03,19.6160697937,30
57,7b782a00d24f8ce3c9b9fbce,M09,2,17.81,18.555639267,30
57,7b782a00d24f8ce3c9b9fbce,M10,2,20.72,20.4025554657,30
57,7b782a00d24f8ce3c9b9fbce,M11,2,19.83,19.8876113892,30
57,7b782a00d24f8ce3c9b9fbce,M12,2,27.09,27.9251842499,45
57,7b782a00d24f8ce3c9b9fbce,M13,2,27.6,28.1256999969,60
57,7b782a00d24f8ce3c9b9fbce,M14,2,23.89,25.6820774078,60
57,7b782a00d24f8ce3c9b9fbce,M15,2,27.74,28.339805603,60
57,7b782a00d24f8ce3c9b9fbce,M16,2,55.96,55.8894996643,100
57,7b782a00d24f8ce3c9b9fbce,M17,2,7.57,7.33882522583,14
57,7b782a00d24f8ce3c9b9fbce,M18,2,10.37,10.1638851166,21
57,7b782a00d24f8ce3c9b9fbce,M19,2,8.67,9.57070446014,21
57,7b782a00d24f8ce3c9b9fbce,M20,2,10.83,11.3751945496,20
57,7b782a00d24f8ce3c9b9fbce,M21,2,8.12,9.17136573792,21
57,7b782a00d24f8ce3c9b9fbce,M22,2,19.44,21.9761180878,45
57,7b782a00d24f8ce3c9b9fbce,M23,2,16.26,19.5977535248,45
57,7b782a00d24f8ce3c9b9fbce,M24,2,20.07,22.189491272,45
57,7b782a00d24f8ce3c9b9fbce,M25,2,14.56,13.6514177322,20
57,7b782a00d24f8ce3c9b9fbce,M26,2,13.27,12.5878076553,20
57,7b782a00d24f8ce3c9b9fbce,M27,2,17.35,17.2952613831,30
57,7b782a00d24f8ce3c9b9fbce,M28,2,15.28,15.4522342682,30
57,7b782a00d24f8ce3c9b9fbce,M29,2,17.28,17.4455528259,30
57,7b782a00d24f8ce3c9b9fbce,M30,2,10.73,10.5122108459,21
58,4b6408684e7ec1b4fb4f8f15,M01,3,4.78,5.58096313477,10
58,4b6408684e7ec1b4fb4f8f15,M02,3,6.23,6.73637676239,15
58,4b6408684e7ec1b4fb4f8f15,M03,3,5.37,6.81776571274,21
58,4b6408684e7ec1b4fb4f8f15,M04,3,5.04,6.54703807831,21
58,4b6408684e7ec1b4fb4f8f15,M05,3,5.03,6.59610462189,21
58,4b6408684e7ec1b4fb4f8f15,M06,3,7.02,8.37155628204,21
58,4b6408684e7ec1b4fb4f8f15,M07,3,6.97,8.34416294098,30
58,4b6408684e7ec1b4fb4f8f15,M08,3,8.64,10.4492740631,30
58,4b6408684e7ec1b4fb4f8f15,M09,3,7.23,9.63787078857,30
58,4b6408684e7ec1b4fb4f8f15,M10,3,10.16,11.5461091995,30
58,4b6408684e7ec1b4fb4f8f15,M11,3,8.93,10.7084722519,30
58,4b6408684e7ec1b4fb4f8f15,M12,3,9.94,12.9964313507,45
58,4b6408684e7ec1b4fb4f8f15,M13,3,10.37,13.0182418823,60
58,4b6408684e7ec1b4fb4f8f15,M14,3,7.81,10.6522722244,60
58,4b6408684e7ec1b4fb4f8f15,M15,3,10.46,13.1605911255,60
58,4b6408684e7ec1b4fb4f8f15,M16,3,17.83,23.0695171356,100
58,4b6408684e7ec1b4fb4f8f15,M17,3,3.39,5.02544927597,14
58,4b6408684e7ec1b4fb4f8f15,M18,3,5.52,6.51629304886,21
58,4b6408684e7ec1b4fb4f8f15,M19,3,4.86,6.02185583115,21
58,4b6408684e7ec1b4fb4f8f15,M20,3,6.25,7.00654554367,20
58,4b6408684e7ec1b4fb4f8f15,M21,3,4.66,5.72890424728,21
58,4b6408684e7ec1b4fb4f8f15,M22,3,8.35,10.3665571213,45
58,4b6408684e7ec1b4fb4f8f15,M23,3,6.87,8.07364654541,45
58,4b6408684e7ec1b4fb4f8f15,M24,3,8.21,10.6372470856,45
58,4b6408684e7ec1b4fb4f8f15,M25,3,5.36,9.48193740845,20
58,4b6408684e7ec1b4fb4f8f15,M26,3,3.59,8.76604747772,20
58,4b6408684e7ec1b4fb4f8f15,M27,3,6.01,10.3020763397,30
58,4b6408684e7ec1b4fb4f8f15,M28,3,4.42,8.86541557312,30
58,4b6408684e7ec1b4fb4f8f15,M29,3,5.85,10.1904630661,30
58,4b6408684e7ec1b4fb4f8f15,M30,3,3.62,6.99782991409,21
60,6a754101c77952c9f22727f1,M01,4,5.95,7.43804597855,10
60,6a754101c77952c9f22727f1,M02,4,7.92,9.10391616821,15
60,6a754101c77952c9f22727f1,M03,4,7.13,9.19888114929,21
60,6a754101c77952c9f22727f1,M04,4,6.55,8.85964584351,21
60,6a754101c77952c9f22727f1,M05,4,6.38,8.89130115509,21
60,6a754101c77952c9f22727f1,M06,4,8.95,12.1194038391,21
60,6a754101c77952c9f22727f1,M07,4,9.34,13.0366392136,30
60,6a754101c77952c9f22727f1,M08,4,12.93,16.1453361511,30
60,6a754101c77952c9f22727f1,M09,4,11.72,15.2270441055,30
60,6a754101c77952c9f22727f1,M10,4,14.69,17.2280597687,30
60,6a754101c77952c9f22727f1,M11,4,13.63,16.4376583099,30
60,6a754101c77952c9f22727f1,M12,4,16.96,20.8998851776,45
60,6a754101c77952c9f22727f1,M13,4,16,20.925655365,60
60,6a754101c77952c9f22727f1,M14,4,13.09,18.1185054779,60
60,6a754101c77952c9f22727f1,M15,4,16.22,21.0101070404,60
60,6a754101c77952c9f22727f1,M16,4,34.78,44.4578170776,100
60,6a754101c77952c9f22727f1,M17,4,5.17,6.89074420929,14
60,6a754101c77952c9f22727f1,M18,4,7.12,8.8984003067,21
60,6a754101c77952c9f22727f1,M19,4,6.09,8.34916973114,21
60,6a754101c77952c9f22727f1,M20,4,8.45,10.7835950851,20
60,6a754101c77952c9f22727f1,M21,4,5.99,8.052983284,21
60,6a754101c77952c9f22727f1,M22,4,12.87,16.6456699371,45
60,6a754101c77952c9f22727f1,M23,4,10.87,13.9724445343,45
60,6a754101c77952c9f22727f1,M24,4,12.67,16.8205528259,45
60,6a754101c77952c9f22727f1,M25,4,11.78,13.0897731781,20
60,6a754101c77952c9f22727f1,M26,4,10.26,12.0200929642,20
60,6a754101c77952c9f22727f1,M27,4,11.93,14.7481184006,30
60,6a754101c77952c9f22727f1,M28,4,9.89,12.9002628326,30
60,6a754101c77952c9f22727f1,M29,4,11.82,14.7089147568,30
60,6a754101c77952c9f22727f1,M30,4,7.13,9.2142496109,21
61,b727aabe5a35f85d668e9b3f,M01,3,5.38,4.15436077118,10
61,b727aabe5a35f85d668e9b3f,M02,3,7.08,5.19882726669,15
61,b727aabe5a35f85d668e9b3f,M03,3,6.14,5.28021621704,21
61,b727aabe5a35f85d668e9b3f,M04,3,5.58,5.04830741882,21
61,b727aabe5a35f85d668e9b3f,M05,3,5.49,5.0973739624,21
61,b727aabe5a35f85d668e9b3f,M06,3,7.77,6.89207029343,21
61,b727aabe5a35f85d668e9b3f,M07,3,7.9,6.8021478653,30
61,b727aabe5a35f85d668e9b3f,M08,3,10.6,8.9275188446,30
61,b727aabe5a35f85d668e9b3f,M09,3,8.97,8.15493488312,30
61,b727aabe5a35f85d668e9b3f,M10,3,12.37,10.0489807129,30
61,b727aabe5a35f85d668e9b3f,M11,3,11.07,9.22553730011,30
61,b727aabe5a35f85d668e9b3f,M12,3,13.23,11.0801172256,45
61,b727aabe5a35f85d668e9b3f,M13,3,12.98,10.998292923,60
61,b727aabe5a35f85d668e9b3f,M14,3,10.19,8.60597991943,60
61,b727aabe5a35f85d668e9b3f,M15,3,13.09,10.9211578369,60
61,b727aabe5a35f85d668e9b3f,M16,3,25.09,21.1906852722,100
61,b727aabe5a35f85d668e9b3f,M17,3,4.05,3.59360694885,14
61,b727aabe5a35f85d668e9b3f,M18,3,6.07,5.03246259689,21
61,b727aabe5a35f85d668e9b3f,M19,3,5.43,4.50845241547,21
61,b727aabe5a35f85d668e9b3f,M20,3,7.6,5.49724054337,20
61,b727aabe5a35f85d668e9b3f,M21,3,5.35,4.24012613297,21
61,b727aabe5a35f85d668e9b3f,M22,3,11.16,8.83350944519,45
61,b727aabe5a35f85d668e9b3f,M23,3,9.11,6.51426315308,45
61,b727aabe5a35f85d668e9b3f,M24,3,11.73,8.89891052246,45
61,b727aabe5a35f85d668e9b3f,M25,3,10.51,7.91577148438,20
61,b727aabe5a35f85d668e9b3f,M26,3,8.73,6.87678337097,20
61,b727aabe5a35f85d668e9b3f,M27,3,10.11,8.757604599,30
61,b727aabe5a35f85d668e9b3f,M28,3,8.33,6.99363136292,30
61,b727aabe5a35f85d668e9b3f,M29,3,9.93,8.57138156891,30
61,b727aabe5a35f85d668e9b3f,M30,3,5.97,5.44761943817,21
63,35a15bff1177570ab88c7499,M01,1,5.33,5.46911334991,10
63,35a15bff1177570ab88c7499,M02,1,6.62,6.59218597412,15
63,35a15bff1177570ab88c7499,M03,1,6.21,6.70636796951,21
63,35a15bff1177570ab88c7499,M04,1,5.48,6.36148500443,21
63,35a15bff1177570ab88c7499,M05,1,5.21,6.46103143692,21
63,35a15bff1177570ab88c7499,M06,1,7.66,7.91264724731,21
63,35a15bff1177570ab88c7499,M07,1,7.47,8.39499473572,30
63,35a15bff1177570ab88c7499,M08,1,10.31,10.3772211075,30
63,35a15bff1177570ab88c7499,M09,1,8.97,9.48935699463,30
63,35a15bff1177570ab88c7499,M10,1,11.75,11.4905548096,30
63,35a15bff1177570ab88c7499,M11,1,10.82,10.6696805954,30
63,35a15bff1177570ab88c7499,M12,1,13.93,14.7234954834,45
63,35a15bff1177570ab88c7499,M13,1,12.3,14.7491512299,60
63,35a15bff1177570ab88c7499,M14,1,10.31,12.2265758514,60
63,35a15bff1177570ab88c7499,M15,1,13.73,14.9294042587,60
63,35a15bff1177570ab88c7499,M16,1,19.75,25.008354187,100
63,35a15bff1177570ab88c7499,M17,1,4.43,4.84570837021,14
63,35a15bff1177570ab88c7499,M18,1,6.43,6.40569543839,21
63,35a15bff1177570ab88c7499,M19,1,5.57,5.90052461624,21
63,35a15bff1177570ab88c7499,M20,1,7.69,6.69278526306,20
63,35a15bff1177570ab88c7499,M21,1,5.68,5.62660503387,21
63,35a15bff1177570ab88c7499,M22,1,11.85,10.5292139053,45
63,35a15bff1177570ab88c7499,M23,1,9.44,8.26042461395,45
63,35a15bff1177570ab88c7499,M24,1,13.24,10.7965126038,45
63,35a15bff1177570ab88c7499,M25,1,10.13,8.95320606232,20
63,35a15bff1177570ab88c7499,M26,1,7.99,8.00895500183,20
63,35a15bff1177570ab88c7499,M27,1,9.74,9.9044342041,30
63,35a15bff1177570ab88c7499,M28,1,7.85,8.35345077515,30
63,35a15bff1177570ab88c7499,M29,1,10.36,9.85383033752,30
63,35a15bff1177570ab88c7499,M30,1,5.68,6.74652576447,21
65,d03f670f1f126e5f040b4224,M01,1,5.39,5.82367992401,10
65,d03f670f1f126e5f040b4224,M02,1,7.29,6.81765651703,15
65,d03f670f1f126e5f040b4224,M03,1,6.24,6.9442653656,21
65,d03f670f1f126e5f040b4224,M04,1,5.73,6.61301755905,21
65,d03f670f1f126e5f040b4224,M05,1,5.55,6.71256399155,21
65,d03f670f1f126e5f040b4224,M06,1,7.84,9.36756229401,21
65,d03f670f1f126e5f040b4224,M07,1,8.05,9.63032531738,30
65,d03f670f1f126e5f040b4224,M08,1,11.12,12.6257066727,30
65,d03f670f1f126e5f040b4224,M09,1,9.93,11.7378425598,30
65,d03f670f1f126e5f040b4224,M10,1,12.72,13.767074585,30
65,d03f670f1f126e5f040b4224,M11,1,11.72,12.9598350525,30
65,d03f670f1f126e5f040b4224,M12,1,14.35,17.0887374878,45
65,d03f670f1f126e5f040b4224,M13,1,13.7,17.0925140381,60
65,d03f670f1f126e5f040b4224,M14,1,11.02,14.543923378,60
65,d03f670f1f126e5f040b4224,M15,1,13.76,17.1712169647,60
65,d03f670f1f126e5f040b4224,M16,1,28.23,36.86901474,100
65,d03f670f1f126e5f040b4224,M17,1,4.47,5.22707986832,14
65,d03f670f1f126e5f040b4224,M18,1,6.44,6.73724842072,21
65,d03f670f1f126e5f040b4224,M19,1,4.93,6.26975059509,21
65,d03f670f1f126e5f040b4224,M20,1,7.15,7.96532154083,20
65,d03f670f1f126e5f040b4224,M21,1,5.11,6.00946617126,21
65,d03f670f1f126e5f040b4224,M22,1,11.26,12.6641206741,45
65,d03f670f1f126e5f040b4224,M23,1,9.45,10.3693161011,45
65,d03f670f1f126e5f040b4224,M24,1,11.29,12.8298683167,45
65,d03f670f1f126e5f040b4224,M25,1,10.73,10.3385534286,20
65,d03f670f1f126e5f040b4224,M26,1,9.1,9.16958999634,20
65,d03f670f1f126e5f040b4224,M27,1,10.32,11.5287942886,30
65,d03f670f1f126e5f040b4224,M28,1,8.58,9.7261762619,30
65,d03f670f1f126e5f040b4224,M29,1,10.08,11.3766393661,30
65,d03f670f1f126e5f040b4224,M30,1,6.16,6.94334411621,21
66,6337f9636fede46bcc35391b,M01,3,3.99,3.61993217468,10
66,6337f9636fede46bcc35391b,M02,3,4.44,4.63327503204,15
66,6337f9636fede46bcc35391b,M03,3,4.42,4.71466398239,21
66,6337f9636fede46bcc35391b,M04,3,4.1,4.49855279922,21
66,6337f9636fede46bcc35391b,M05,3,3.67,4.5476193428,21
66,6337f9636fede46bcc35391b,M06,3,5.7,6.29004096985,21
66,6337f9636fede46bcc35391b,M07,3,4.95,6.18432092667,30
66,6337f9636fede46bcc35391b,M08,3,4.7,8.24600028992,30
66,6337f9636fede46bcc35391b,M09,3,3.35,7.48921537399,30
66,6337f9636fede46bcc35391b,M10,3,6.27,9.38325977325,30
66,6337f9636fede46bcc35391b,M11,3,4.36,8.55981636047,30
66,6337f9636fede46bcc35391b,M12,3,4.64,10.3792991638,45
66,6337f9636fede46bcc35391b,M13,3,6.06,10.4557275772,60
66,6337f9636fede46bcc35391b,M14,3,3.74,8.19687747955,60
66,6337f9636fede46bcc35391b,M15,3,6.27,10.3627948761,60
66,6337f9636fede46bcc35391b,M16,3,7.3,19.1525554657,100
66,6337f9636fede46bcc35391b,M17,3,2.09,3.043851614,14
66,6337f9636fede46bcc35391b,M18,3,4.72,4.48270797729,21
66,6337f9636fede46bcc35391b,M19,3,4.5,3.9428999424,21
66,6337f9636fede46bcc35391b,M20,3,4.83,4.89521121979,20
66,6337f9636fede46bcc35391b,M21,3,4.55,3.69037127495,21
66,6337f9636fede46bcc35391b,M22,3,7.06,8.20085430145,45
66,6337f9636fede46bcc35391b,M23,3,4.76,6.01506948471,45
66,6337f9636fede46bcc35391b,M24,3,7.4,8.25045776367,45
66,6337f9636fede46bcc35391b,M25,3,4.05,7.31374263763,20
66,6337f9636fede46bcc35391b,M26,3,2.99,6.27475452423,20
66,6337f9636fede46bcc35391b,M27,3,5.63,8.09188365936,30
66,6337f9636fede46bcc35391b,M28,3,3.19,6.39160060883,30
66,6337f9636fede46bcc35391b,M29,3,6.01,7.88986635208,30
66,6337f9636fede46bcc35391b,M30,3,2.23,4.88206720352,21
67,9699e16c8071621d55aa20c2,M01,0,6.4,5.87971639633,10
67,9699e16c8071621d55aa20c2,M02,0,8.41,7.17100429535,15
67,9699e16c8071621d55aa20c2,M03,0,7.83,7.39134931564,21
67,9699e16c8071621d55aa20c2,M04,0,7.16,6.96376562119,21
67,9699e16c8071621d55aa20c2,M05,0,7.06,7.03428316116,21
67,9699e16c8071621d55aa20c2,M06,0,9.9,9.12056732178,21
67,9699e16c8071621d55aa20c2,M07,0,10.32,9.1591424942,30
67,9699e16c8071621d55aa20c2,M08,0,14.12,10.9952440262,30
67,9699e16c8071621d55aa20c2,M09,0,12.92,10.0750055313,30
67,9699e16c8071621d55aa20c2,M10,0,15.95,12.0054302216,30
67,9699e16c8071621d55aa20c2,M11,0,14.91,11.3343601227,30
67,9699e16c8071621d55aa20c2,M12,0,18.78,13.6965818405,45
67,9699e16c8071621d55aa20c2,M13,0,18.02,13.6327877045,60
67,9699e16c8071621d55aa20c2,M14,0,14.57,11.2144632339,60
67,9699e16c8071621d55aa20c2,M15,0,18.21,13.8962259293,60
67,9699e16c8071621d55aa20c2,M16,0,39.6,23.4258766174,100
67,9699e16c8071621d55aa20c2,M17,0,5.72,5.36410236359,14
67,9699e16c8071621d55aa20c2,M18,0,7.76,7.07312583923,21
67,9699e16c8071621d55aa20c2,M19,0,5.85,6.6477894783,21
67,9699e16c8071621d55aa20c2,M20,0,7.78,7.93584537506,20
67,9699e16c8071621d55aa20c2,M21,0,5.69,6.18184757233,21
67,9699e16c8071621d55aa20c2,M22,0,11.99,11.8669996262,45
67,9699e16c8071621d55aa20c2,M23,0,10.13,9.51066398621,45
67,9699e16c8071621d55aa20c2,M24,0,12.07,12.1285858154,45
67,9699e16c8071621d55aa20c2,M25,0,12.5,10.0410194397,20
67,9699e16c8071621d55aa20c2,M26,0,10.92,8.76435375214,20
67,9699e16c8071621d55aa20c2,M27,0,13.08,10.787569046,30
67,9699e16c8071621d55aa20c2,M28,0,10.83,8.97154426575,30
67,9699e16c8071621d55aa20c2,M29,0,13.01,10.8636388779,30
67,9699e16c8071621d55aa20c2,M30,0,7.84,7.38309144974,21
68,37927413d1b2c33fd4f48fe4,M01,1,4.85,4.06043863297,10
68,37927413d1b2c33fd4f48fe4,M02,1,6.36,4.93296813965,15
68,37927413d1b2c33fd4f48fe4,M03,1,5.45,4.99447631836,21
68,37927413d1b2c33fd4f48fe4,M04,1,5.22,4.66322803497,21
68,37927413d1b2c33fd4f48fe4,M05,1,5.07,4.76277494431,21
68,37927413d1b2c33fd4f48fe4,M06,1,6.89,6.48148155212,21
68,37927413d1b2c33fd4f48fe4,M07,1,6.96,6.74424552917,30
68,37927413d1b2c33fd4f48fe4,M08,1,8.9,8.40985202789,30
68,37927413d1b2c33fd4f48fe4,M09,1,7.94,7.52198505402,30
68,37927413d1b2c33fd4f48fe4,M10,1,10.53,9.55121994019,30
68,37927413d1b2c33fd4f48fe4,M11,1,9.65,8.74398040771,30
68,37927413d1b2c33fd4f48fe4,M12,1,10.62,10.6446714401,45
68,37927413d1b2c33fd4f48fe4,M13,1,10.86,10.6939544678,60
68,37927413d1b2c33fd4f48fe4,M14,1,8.24,8.29560279846,60
68,37927413d1b2c33fd4f48fe4,M15,1,10.91,10.7414941788,60
68,37927413d1b2c33fd4f48fe4,M16,1,19.24,20.5685119629,100
68,37927413d1b2c33fd4f48fe4,M17,1,3.57,3.51519227028,14
68,37927413d1b2c33fd4f48fe4,M18,1,5.64,4.78745937347,21
68,37927413d1b2c33fd4f48fe4,M19,1,5.34,4.38506317139,21
68,37927413d1b2c33fd4f48fe4,M20,1,7.1,5.34447860718,20
68,37927413d1b2c33fd4f48fe4,M21,1,5.39,4.12477874756,21
68,37927413d1b2c33fd4f48fe4,M22,1,10.94,8.44826602936,45
68,37927413d1b2c33fd4f48fe4,M23,1,8.87,6.26748609543,45
68,37927413d1b2c33fd4f48fe4,M24,1,11.07,8.58285140991,45
68,37927413d1b2c33fd4f48fe4,M25,1,6.88,7.41174268723,20
68,37927413d1b2c33fd4f48fe4,M26,1,4.45,6.24277687073,20
68,37927413d1b2c33fd4f48fe4,M27,1,7.3,8.06317043304,30
68,37927413d1b2c33fd4f48fe4,M28,1,5.78,6.37457895279,30
68,37927413d1b2c33fd4f48fe4,M29,1,7.24,7.87985181808,30
68,37927413d1b2c33fd4f48fe4,M30,1,3.62,4.95282649994,21
69,80a0d3bab064158ae690ad6a,M01,3,7.69,8.07967853546,10
69,80a0d3bab064158ae690ad6a,M02,3,10.29,10.0654382706,15
69,80a0d3bab064158ae690ad6a,M03,3,11.18,10.1868114471,21
69,80a0d3bab064158ae690ad6a,M04,3,10.17,9.86830997467,21
69,80a0d3bab064158ae690ad6a,M05,3,10.23,9.91737651825,21
69,80a0d3bab064158ae690ad6a,M06,3,13.75,13.315369606,21
69,80a0d3bab064158ae690ad6a,M07,3,15.41,14.7759084702,30
69,80a0d3bab064158ae690ad6a,M08,3,19.78,18.7198886871,30
69,80a0d3bab064158ae690ad6a,M09,3,18.36,17.695684433,30
69,80a0d3bab064158ae690ad6a,M10,3,21.45,19.6992225647,30
69,80a0d3bab064158ae690ad6a,M11,3,20.4,18.9564533234,30
69,80a0d3bab064158ae690ad6a,M12,3,28.35,26.1612148285,45
69,80a0d3bab064158ae690ad6a,M13,3,28.65,26.4552669525,60
69,80a0d3bab064158ae690ad6a,M14,3,24.95,23.8778343201,60
69,80a0d3bab064158ae690ad6a,M15,3,29.32,26.7271327972,60
69,80a0d3bab064158ae690ad6a,M16,3,57.18,54.5632591248,100
69,80a0d3bab064158ae690ad6a,M17,3,7.72,7.60421037674,14
69,80a0d3bab064158ae690ad6a,M18,3,10.7,9.86665725708,21
69,80a0d3bab064158ae690ad6a,M19,3,9.31,9.44234848022,21
69,80a0d3bab064158ae690ad6a,M20,3,11.44,11.889213562,20
69,80a0d3bab064158ae690ad6a,M21,3,8.64,9.02593517303,21
69,80a0d3bab064158ae690ad6a,M22,3,21.28,19.5738830566,45
69,80a0d3bab064158ae690ad6a,M23,3,17.99,17.1455802917,45
69,80a0d3bab064158ae690ad6a,M24,3,22.08,19.9740924835,45
69,80a0d3bab064158ae690ad6a,M25,3,14.81,14.2453231812,20
69,80a0d3bab064158ae690ad6a,M26,3,13.47,13.2196435928,20
69,80a0d3bab064158ae690ad6a,M27,3,17.82,16.8278751373,30
69,80a0d3bab064158ae690ad6a,M28,3,15.75,15.0449199677,30
69,80a0d3bab064158ae690ad6a,M29,3,17.95,16.8865966797,30
69,80a0d3bab064158ae690ad6a,M30,3,11.22,10.3542146683,21
70,6edd2232ed1ec668311aa339,M01,1,4.09,4.33041381836,10
70,6edd2232ed1ec668311aa339,M02,1,4.83,5.15894603729,15
70,6edd2232ed1ec668311aa339,M03,1,4.57,5.22045469284,21
70,6edd2232ed1ec668311aa339,M04,1,4.33,4.88920640945,21
70,6edd2232ed1ec668311aa339,M05,1,4.02,4.98875331879,21
70,6edd2232ed1ec668311aa339,M06,1,5.84,6.70746040344,21
70,6edd2232ed1ec668311aa339,M07,1,5.3,6.97022390366,30
70,6edd2232ed1ec668311aa339,M08,1,5.62,8.63582992554,30
70,6edd2232ed1ec668311aa339,M09,1,4.31,7.74796295166,30
70,6edd2232ed1ec668311aa339,M10,1,7.12,9.77719783783,30
70,6edd2232ed1ec668311aa339,M11,1,5.62,8.96995830536,30
70,6edd2232ed1ec668311aa339,M12,1,5.71,11.2373886108,45
70,6edd2232ed1ec668311aa339,M13,1,6.78,11.2866716385,60
70,6edd2232ed1ec668311aa339,M14,1,4.38,8.85210990906,60
70,6edd2232ed1ec668311aa339,M15,1,6.99,11.3342113495,60
70,6edd2232ed1ec668311aa339,M16,1,8.87,21.4238624573,100
70,6edd2232ed1ec668311aa339,M17,1,2.3,3.78516864777,14
70,6edd2232ed1ec668311aa339,M18,1,4.86,5.01343822479,21
70,6edd2232ed1ec668311aa339,M19,1,4.57,4.61104154587,21
70,6edd2232ed1ec668311aa339,M20,1,5.31,5.5704574585,20
70,6edd2232ed1ec668311aa339,M21,1,4.63,4.35075759888,21
70,6edd2232ed1ec668311aa339,M22,1,7.53,8.674243927,45
70,6edd2232ed1ec668311aa339,M23,1,5.29,6.49346494675,45
70,6edd2232ed1ec668311aa339,M24,1,7.8,8.80882930756,45
70,6edd2232ed1ec668311aa339,M25,1,6.67,7.67845010757,20
70,6edd2232ed1ec668311aa339,M26,1,4.85,6.5094833374,20
70,6edd2232ed1ec668311aa339,M27,1,7.06,8.32987689972,30
70,6edd2232ed1ec668311aa339,M28,1,5.43,6.64128541946,30
70,6edd2232ed1ec668311aa339,M29,1,6.93,8.14655971527,30
70,6edd2232ed1ec668311aa339,M30,1,4.27,5.21953344345,21
71,577bf2cb81f94acf50f2db0f,M01,0,6.07,6.29342126846,10
71,577bf2cb81f94acf50f2db0f,M02,0,7.98,7.57124090195,15
71,577bf2cb81f94acf50f2db0f,M03,0,7.21,7.79158592224,21
71,577bf2cb81f94acf50f2db0f,M04,0,6.57,7.37746953964,21
71,577bf2cb81f94acf50f2db0f,M05,0,6.48,7.44798707962,21
71,577bf2cb81f94acf50f2db0f,M06,0,9.13,9.53426837921,21
71,577bf2cb81f94acf50f2db0f,M07,0,9.45,9.55937671661,30
71,577bf2cb81f94acf50f2db0f,M08,0,12.95,11.4776735306,30
71,577bf2cb81f94acf50f2db0f,M09,0,11.84,10.5515670776,30
71,577bf2cb81f94acf50f2db0f,M10,0,14.77,12.487859726,30
71,577bf2cb81f94acf50f2db0f,M11,0,13.79,11.8302564621,30
71,577bf2cb81f94acf50f2db0f,M12,0,16.87,14.859041214,45
71,577bf2cb81f94acf50f2db0f,M13,0,16.27,14.808713913,60
71,577bf2cb81f94acf50f2db0f,M14,0,13.17,12.447555542,60
71,577bf2cb81f94acf50f2db0f,M15,0,16.47,15.0586853027,60
71,577bf2cb81f94acf50f2db0f,M16,0,34.83,28.6285629272,100
71,577bf2cb81f94acf50f2db0f,M17,0,5.22,5.75847148895,14
71,577bf2cb81f94acf50f2db0f,M18,0,7.13,7.47336244583,21
71,577bf2cb81f94acf50f2db0f,M19,0,5.87,7.00223731995,21
71,577bf2cb81f94acf50f2db0f,M20,0,8.79,8.2323846817,20
71,577bf2cb81f94acf50f2db0f,M21,0,6.4,6.53629541397,21
71,577bf2cb81f94acf50f2db0f,M22,0,14.49,12.9417657852,45
71,577bf2cb81f94acf50f2db0f,M23,0,12.01,10.6425962448,45
71,577bf2cb81f94acf50f2db0f,M24,0,14.36,13.2033519745,45
71,577bf2cb81f94acf50f2db0f,M25,0,11.91,10.4412536621,20
71,577bf2cb81f94acf50f2db0f,M26,0,10.34,9.2217540741,20
71,577bf2cb81f94acf50f2db0f,M27,0,12.12,11.2699985504,30
71,577bf2cb81f94acf50f2db0f,M28,0,10,9.51114082336,30
71,577bf2cb81f94acf50f2db0f,M29,0,12.05,11.3460693359,30
71,577bf2cb81f94acf50f2db0f,M30,0,7.21,7.78332805634,21
72,199be8c56e73e5eb81a7e6f0,M01,4,7.96,9.30085277557,10
72,199be8c56e73e5eb81a7e6f0,M02,4,10.6,11.2192001343,15
72,199be8c56e73e5eb81a7e6f0,M03,4,11.83,11.3764619827,21
72,199be8c56e73e5eb81a7e6f0,M04,4,10.85,11.0258140564,21
72,199be8c56e73e5eb81a7e6f0,M05,4,11.01,11.057469368,21
72,199be8c56e73e5eb81a7e6f0,M06,4,14.48,14.1785497665,21
72,199be8c56e73e5eb81a7e6f0,M07,4,16.41,16.8314437866,30
72,199be8c56e73e5eb81a7e6f0,M08,4,20.75,21.2882099152,30
72,199be8c56e73e5eb81a7e6f0,M09,4,19.38,20.2467956543,30
72,199be8c56e73e5eb81a7e6f0,M10,4,22.37,22.1717758179,30
72,199be8c56e73e5eb81a7e6f0,M11,4,21.47,21.5931491852,30
72,199be8c56e73e5eb81a7e6f0,M12,4,30,29.3535556793,45
72,199be8c56e73e5eb81a7e6f0,M13,4,30.76,29.6424751282,60
72,199be8c56e73e5eb81a7e6f0,M14,4,27.22,26.8786888123,60
72,199be8c56e73e5eb81a7e6f0,M15,4,31.43,29.8338603973,60
72,199be8c56e73e5eb81a7e6f0,M16,4,59.54,58.0371742249,100
72,199be8c56e73e5eb81a7e6f0,M17,4,8.15,8.78757190704,14
72,199be8c56e73e5eb81a7e6f0,M18,4,11.32,11.0411300659,21
72,199be8c56e73e5eb81a7e6f0,M19,4,10.34,10.5315513611,21
72,199be8c56e73e5eb81a7e6f0,M20,4,12.33,12.711815834,20
72,199be8c56e73e5eb81a7e6f0,M21,4,9.5,10.2203264236,21
72,199be8c56e73e5eb81a7e6f0,M22,4,24.07,23.5778274536,45
72,199be8c56e73e5eb81a7e6f0,M23,4,20.52,20.8610115051,45
72,199be8c56e73e5eb81a7e6f0,M24,4,24.93,23.8596496582,45
72,199be8c56e73e5eb81a7e6f0,M25,4,15.22,15.0295066833,20
72,199be8c56e73e5eb81a7e6f0,M26,4,13.94,14.0008678436,20
72,199be8c56e73e5eb81a7e6f0,M27,4,18.69,19.0535888672,30
72,199be8c56e73e5eb81a7e6f0,M28,4,16.73,17.213476181,30
72,199be8c56e73e5eb81a7e6f0,M29,4,18.84,19.0832290649,30
72,199be8c56e73e5eb81a7e6f0,M30,4,11.87,11.3918304443,21
73,e7d3343ab01cc92f9746bd90,M01,1,6.93,5.27124404907,10
73,e7d3343ab01cc92f9746bd90,M02,1,9.25,6.15751886368,15
73,e7d3343ab01cc92f9746bd90,M03,1,9.36,6.21902656555,21
73,e7d3343ab01cc92f9746bd90,M04,1,8.16,5.88777828217,21
73,e7d3343ab01cc92f9746bd90,M05,1,8.46,5.9873251915,21
73,e7d3343ab01cc92f9746bd90,M06,1,11.62,8.32906341553,21
73,e7d3343ab01cc92f9746bd90,M07,1,12.66,8.5918264389,30
73,e7d3343ab01cc92f9746bd90,M08,1,16.96,11.1060199738,30
73,e7d3343ab01cc92f9746bd90,M09,1,15.81,10.2181558609,30
73,e7d3343ab01cc92f9746bd90,M10,1,18.68,12.247387886,30
73,e7d3343ab01cc92f9746bd90,M11,1,17.14,11.4401483536,30
73,e7d3343ab01cc92f9746bd90,M12,1,23.51,14.6893386841,45
73,e7d3343ab01cc92f9746bd90,M13,1,22.73,14.6931247711,60
73,e7d3343ab01cc92f9746bd90,M14,1,19.02,12.2585630417,60
73,e7d3343ab01cc92f9746bd90,M15,1,22.98,14.8927469254,60
73,e7d3343ab01cc92f9746bd90,M16,1,49.87,32.6319313049,100
73,e7d3343ab01cc92f9746bd90,M17,1,6.73,4.73974561691,14
73,e7d3343ab01cc92f9746bd90,M18,1,9.21,6.0120100975,21
73,e7d3343ab01cc92f9746bd90,M19,1,7.16,5.43766880035,21
73,e7d3343ab01cc92f9746bd90,M20,1,8.78,6.81997442245,20
73,e7d3343ab01cc92f9746bd90,M21,1,6.18,5.17738485336,21
73,e7d3343ab01cc92f9746bd90,M22,1,13.98,10.8850746155,45
73,e7d3343ab01cc92f9746bd90,M23,1,11.93,8.70429992676,45
73,e7d3343ab01cc92f9746bd90,M24,1,14.14,11.0595283508,45
73,e7d3343ab01cc92f9746bd90,M25,1,13.44,9.25932598114,20
73,e7d3343ab01cc92f9746bd90,M26,1,12.02,8.06164264679,20
73,e7d3343ab01cc92f9746bd90,M27,1,14.97,10.2095689774,30
73,e7d3343ab01cc92f9746bd90,M28,1,12.78,8.49226379395,30
73,e7d3343ab01cc92f9746bd90,M29,1,14.8,10.1783342361,30
73,e7d3343ab01cc92f9746bd90,M30,1,9.39,6.17737674713,21
74,685253186b7c8d8473d65ffa,M01,2,6.8,6.68659257889,10
74,685253186b7c8d8473d65ffa,M02,2,8.99,8.23724269867,15
74,685253186b7c8d8473d65ffa,M03,2,8.76,8.22096443176,21
74,685253186b7c8d8473d65ffa,M04,2,7.92,7.90528059006,21
74,685253186b7c8d8473d65ffa,M05,2,7.87,7.98874759674,21
74,685253186b7c8d8473d65ffa,M06,2,11,10.9026918411,21
74,685253186b7c8d8473d65ffa,M07,2,11.7,11.7566747665,30
74,685253186b7c8d8473d65ffa,M08,2,15.77,14.2074842453,30
74,685253186b7c8d8473d65ffa,M09,2,14.37,13.1084671021,30
74,685253186b7c8d8473d65ffa,M10,2,17.59,15.1776666641,30
74,685253186b7c8d8473d65ffa,M11,2,16.6,14.4472141266,30
74,685253186b7c8d8473d65ffa,M12,2,21.43,18.943605423,45
74,685253186b7c8d8473d65ffa,M13,2,20.78,18.7115802765,60
74,685253186b7c8d8473d65ffa,M14,2,16.97,16.1900444031,60
74,685253186b7c8d8473d65ffa,M15,2,21.41,18.9342403412,60
74,685253186b7c8d8473d65ffa,M16,2,45.77,41.5831069946,100
74,685253186b7c8d8473d65ffa,M17,2,6.27,6.15205526352,14
74,685253186b7c8d8473d65ffa,M18,2,8.55,7.96859931946,21
74,685253186b7c8d8473d65ffa,M19,2,7.34,7.511510849,21
74,685253186b7c8d8473d65ffa,M20,2,9.58,9.4108915329,20
74,685253186b7c8d8473d65ffa,M21,2,7.04,7.0838303566,21
74,685253186b7c8d8473d65ffa,M22,2,16.08,14.107465744,45
74,685253186b7c8d8473d65ffa,M23,2,13.35,11.7349596024,45
74,685253186b7c8d8473d65ffa,M24,2,16.66,14.3294000626,45
74,685253186b7c8d8473d65ffa,M25,2,13.23,11.7591247559,20
74,685253186b7c8d8473d65ffa,M26,2,11.71,10.6742715836,20
74,685253186b7c8d8473d65ffa,M27,2,14.45,13.134147644,30
74,685253186b7c8d8473d65ffa,M28,2,12.18,11.3862161636,30
74,685253186b7c8d8473d65ffa,M29,2,14.58,13.2195072174,30
74,685253186b7c8d8473d65ffa,M30,2,8.76,8.30730819702,21
75,1fcbc4f3ec49fb735c0f7d56,M01,3,6.41,5.84215068817,10
75,1fcbc4f3ec49fb735c0f7d56,M02,3,8.39,7.16639089584,15
75,1fcbc4f3ec49fb735c0f7d56,M03,3,7.8,7.23059844971,21
75,1fcbc4f3ec49fb735c0f7d56,M04,3,7.11,6.9390130043,21
75,1fcbc4f3ec49fb735c0f7d56,M05,3,7.01,6.98807907104,21
75,1fcbc4f3ec49fb735c0f7d56,M06,3,9.91,8.79994773865,21
75,1fcbc4f3ec49fb735c0f7d56,M07,3,10.22,8.75251960754,30
75,1fcbc4f3ec49fb735c0f7d56,M08,3,13.89,10.8651924133,30
75,1fcbc4f3ec49fb735c0f7d56,M09,3,12.64,9.9798002243,30
75,1fcbc4f3ec49fb735c0f7d56,M10,3,15.8,11.9179964066,30
75,1fcbc4f3ec49fb735c0f7d56,M11,3,14.78,11.1035346985,30
75,1fcbc4f3ec49fb735c0f7d56,M12,3,18.29,13.5190181732,45
75,1fcbc4f3ec49fb735c0f7d56,M13,3,17.83,13.3775167465,60
75,1fcbc4f3ec49fb735c0f7d56,M14,3,14.3,10.9279613495,60
75,1fcbc4f3ec49fb735c0f7d56,M15,3,18.14,13.6224727631,60
75,1fcbc4f3ec49fb735c0f7d56,M16,3,38.33,25.5092525482,100
75,1fcbc4f3ec49fb735c0f7d56,M17,3,5.64,5.24077510834,14
75,1fcbc4f3ec49fb735c0f7d56,M18,3,7.71,6.90826797485,21
75,1fcbc4f3ec49fb735c0f7d56,M19,3,6.02,6.40651226044,21
75,1fcbc4f3ec49fb735c0f7d56,M20,3,8.02,7.35177755356,20
75,1fcbc4f3ec49fb735c0f7d56,M21,3,5.75,6.03957080841,21
75,1fcbc4f3ec49fb735c0f7d56,M22,3,12.48,10.9997806549,45
75,1fcbc4f3ec49fb735c0f7d56,M23,3,10.42,8.6232843399,45
75,1fcbc4f3ec49fb735c0f7d56,M24,3,12.65,11.3730773926,45
75,1fcbc4f3ec49fb735c0f7d56,M25,3,12.5,9.81467247009,20
75,1fcbc4f3ec49fb735c0f7d56,M26,3,10.86,8.80795669556,20
75,1fcbc4f3ec49fb735c0f7d56,M27,3,13.06,10.6565122604,30
75,1fcbc4f3ec49fb735c0f7d56,M28,3,10.77,8.89253234863,30
75,1fcbc4f3ec49fb735c0f7d56,M29,3,13.03,10.7115058899,30
75,1fcbc4f3ec49fb735c0f7d56,M30,3,7.8,7.39800214767,21
76,1879f3c5daf4cf8a36454c58,M01,0,5.84,4.41502475739,10
76,1879f3c5daf4cf8a36454c58,M02,0,7.74,5.60284471512,15
76,1879f3c5daf4cf8a36454c58,M03,0,6.84,5.82318973541,21
76,1879f3c5daf4cf8a36454c58,M04,0,6.18,5.50589561462,21
76,1879f3c5daf4cf8a36454c58,M05,0,5.97,5.57641220093,21
76,1879f3c5daf4cf8a36454c58,M06,0,8.63,7.57811737061,21
76,1879f3c5daf4cf8a36454c58,M07,0,8.96,7.5251455307,30
76,1879f3c5daf4cf8a36454c58,M08,0,12.5,9.36123752594,30
76,1879f3c5daf4cf8a36454c58,M09,0,11.06,8.55439090729,30
76,1879f3c5daf4cf8a36454c58,M10,0,14.2,10.4137973785,30
76,1879f3c5daf4cf8a36454c58,M11,0,12.79,9.81064224243,30
76,1879f3c5daf4cf8a36454c58,M12,0,16.31,11.5842599869,45
76,1879f3c5daf4cf8a36454c58,M13,0,15.35,11.6558389664,60
76,1879f3c5daf4cf8a36454c58,M14,0,12.58,9.27229404449,60
76,1879f3c5daf4cf8a36454c58,M15,0,15.38,11.6446180344,60
76,1879f3c5daf4cf8a36454c58,M16,0,33.62,21.8605155945,100
76,1879f3c5daf4cf8a36454c58,M17,0,4.78,3.92125725746,14
76,1879f3c5daf4cf8a36454c58,M18,0,6.72,5.61525583267,21
76,1879f3c5daf4cf8a36454c58,M19,0,5.6,5.07963085175,21
76,1879f3c5daf4cf8a36454c58,M20,0,7.54,6.44491624832,20
76,1879f3c5daf4cf8a36454c58,M21,0,5.49,4.72707986832,21
76,1879f3c5daf4cf8a36454c58,M22,0,11.6,9.49725818634,45
76,1879f3c5daf4cf8a36454c58,M23,0,9.89,7.17571306229,45
76,1879f3c5daf4cf8a36454c58,M24,0,11.61,9.48418712616,45
76,1879f3c5daf4cf8a36454c58,M25,0,11.37,8.48648643494,20
76,1879f3c5daf4cf8a36454c58,M26,0,9.85,7.45544862747,20
76,1879f3c5daf4cf8a36454c58,M27,0,11.32,9.23303508759,30
76,1879f3c5daf4cf8a36454c58,M28,0,9.37,7.55452728271,30
76,1879f3c5daf4cf8a36454c58,M29,0,11.18,9.08826637268,30
76,1879f3c5daf4cf8a36454c58,M30,0,6.62,5.83901500702,21
77,047b8df66ebc85fef8294a83,M01,3,6.49,7.5881729126,10
77,047b8df66ebc85fef8294a83,M02,3,8.61,9.27098274231,15
77,047b8df66ebc85fef8294a83,M03,3,8.12,9.33518981934,21
77,047b8df66ebc85fef8294a83,M04,3,7.32,9.07917881012,21
77,047b8df66ebc85fef8294a83,M05,3,7.17,9.1282453537,21
77,047b8df66ebc85fef8294a83,M06,3,10.23,11.9525794983,21
77,047b8df66ebc85fef8294a83,M07,3,10.8,12.9636220932,30
77,047b8df66ebc85fef8294a83,M08,3,14.84,16.6013946533,30
77,047b8df66ebc85fef8294a83,M09,3,13.48,15.7201328278,30
77,047b8df66ebc85fef8294a83,M10,3,16.58,17.6755905151,30
77,047b8df66ebc85fef8294a83,M11,3,15.42,16.8753108978,30
77,047b8df66ebc85fef8294a83,M12,3,20.06,22.0246562958,45
77,047b8df66ebc85fef8294a83,M13,3,19.03,21.8613452911,60
77,047b8df66ebc85fef8294a83,M14,3,15.62,19.2839126587,60
77,047b8df66ebc85fef8294a83,M15,3,19.52,22.0707187653,60
77,047b8df66ebc85fef8294a83,M16,3,42.92,45.5853004456,100
77,047b8df66ebc85fef8294a83,M17,3,5.79,7.21171283722,14
77,047b8df66ebc85fef8294a83,M18,3,7.94,9.04929447174,21
77,047b8df66ebc85fef8294a83,M19,3,6.51,8.49413490295,21
77,047b8df66ebc85fef8294a83,M20,3,8.72,10.4398441315,20
77,047b8df66ebc85fef8294a83,M21,3,6.25,8.14858150482,21
77,047b8df66ebc85fef8294a83,M22,3,13.86,16.9282550812,45
77,047b8df66ebc85fef8294a83,M23,3,11.68,14.5189151764,45
77,047b8df66ebc85fef8294a83,M24,3,14.22,17.203710556,45
77,047b8df66ebc85fef8294a83,M25,3,12.43,12.9531068802,20
77,047b8df66ebc85fef8294a83,M26,3,10.92,11.9166021347,20
77,047b8df66ebc85fef8294a83,M27,3,12.97,14.9176673889,30
77,047b8df66ebc85fef8294a83,M28,3,10.83,13.1536865234,30
77,047b8df66ebc85fef8294a83,M29,3,12.95,14.9512786865,30
77,047b8df66ebc85fef8294a83,M30,3,7.8,9.50259304047,21
78,cdebdfe424c1e2de4b6e80f5,M01,3,5.54,5.53536748886,10
78,cdebdfe424c1e2de4b6e80f5,M02,3,7.41,6.6604809761,15
78,cdebdfe424c1e2de4b6e80f5,M03,3,6.42,6.72468900681,21
78,cdebdfe424c1e2de4b6e80f5,M04,3,5.81,6.51595544815,21
78,cdebdfe424c1e2de4b6e80f5,M05,3,5.57,6.56502199173,21
78,cdebdfe424c1e2de4b6e80f5,M06,3,8.12,8.37689590454,21
78,cdebdfe424c1e2de4b6e80f5,M07,3,8.33,8.24661636353,30
78,cdebdfe424c1e2de4b6e80f5,M08,3,11.48,10.4834165573,30
78,cdebdfe424c1e2de4b6e80f5,M09,3,9.88,9.73400783539,30
78,cdebdfe424c1e2de4b6e80f5,M10,3,13.24,11.6048774719,30
78,cdebdfe424c1e2de4b6e80f5,M11,3,11.56,10.8046092987,30
78,cdebdfe424c1e2de4b6e80f5,M12,3,14.76,13.2291173935,45
78,cdebdfe424c1e2de4b6e80f5,M13,3,14.02,13.1130743027,60
78,cdebdfe424c1e2de4b6e80f5,M14,3,11.34,10.6257276535,60
78,cdebdfe424c1e2de4b6e80f5,M15,3,14.1,13.0849332809,60
78,cdebdfe424c1e2de4b6e80f5,M16,3,29.16,25.5037555695,100
78,cdebdfe424c1e2de4b6e80f5,M17,3,4.43,4.94525098801,14
78,cdebdfe424c1e2de4b6e80f5,M18,3,6.37,6.48607301712,21
78,cdebdfe424c1e2de4b6e80f5,M19,3,5.38,5.88363599777,21
78,cdebdfe424c1e2de4b6e80f5,M20,3,7.13,6.89559936523,20
78,cdebdfe424c1e2de4b6e80f5,M21,3,5.28,5.63848495483,21
78,cdebdfe424c1e2de4b6e80f5,M22,3,10.86,10.7038116455,45
78,cdebdfe424c1e2de4b6e80f5,M23,3,9.06,8.38456058502,45
78,cdebdfe424c1e2de4b6e80f5,M24,3,10.88,10.7417383194,45
78,cdebdfe424c1e2de4b6e80f5,M25,3,6.42,9.37741947174,20
78,cdebdfe424c1e2de4b6e80f5,M26,3,4.7,8.34091567993,20
78,cdebdfe424c1e2de4b6e80f5,M27,3,6.96,10.2192611694,30
78,cdebdfe424c1e2de4b6e80f5,M28,3,5.39,8.45528316498,30
78,cdebdfe424c1e2de4b6e80f5,M29,3,6.98,10.1052055359,30
78,cdebdfe424c1e2de4b6e80f5,M30,3,4.24,6.89209222794,21
79,c4ac567011a027981340b36b,M01,4,5.08,5.93125867844,10
79,c4ac567011a027981340b36b,M02,4,6.75,7.19393587112,15
79,c4ac567011a027981340b36b,M03,4,5.75,7.28889703751,21
79,c4ac567011a027981340b36b,M04,4,5.2,7.03725481033,21
79,c4ac567011a027981340b36b,M05,4,5.01,7.06890964508,21
79,c4ac567011a027981340b36b,M06,4,7.27,8.75992584229,21
79,c4ac567011a027981340b36b,M07,4,7.41,8.8965921402,30
79,c4ac567011a027981340b36b,M08,4,10.03,10.7315635681,30
79,c4ac567011a027981340b36b,M09,4,8.16,9.92790699005,30
79,c4ac567011a027981340b36b,M10,4,11.6,11.8657026291,30
79,c4ac567011a027981340b36b,M11,4,10.01,11.1114854813,30
79,c4ac567011a027981340b36b,M12,4,12.52,13.00431633,45
79,c4ac567011a027981340b36b,M13,4,12.01,13.1485290527,60
79,c4ac567011a027981340b36b,M14,4,9.49,10.9696455002,60
79,c4ac567011a027981340b36b,M15,4,11.84,13.1453866959,60
79,c4ac567011a027981340b36b,M16,4,23.53,25.5066070557,100
79,c4ac567011a027981340b36b,M17,4,3.54,5.40070295334,14
79,c4ac567011a027981340b36b,M18,4,5.61,7.06869840622,21
79,c4ac567011a027981340b36b,M19,4,4.73,6.48374319077,21
79,c4ac567011a027981340b36b,M20,4,5.76,7.50202322006,20
79,c4ac567011a027981340b36b,M21,4,4.63,6.27515411377,21
79,c4ac567011a027981340b36b,M22,4,8.31,10.8730230331,45
79,c4ac567011a027981340b36b,M23,4,6.85,8.7598400116,45
79,c4ac567011a027981340b36b,M24,4,8.13,10.8783540726,45
79,c4ac567011a027981340b36b,M25,4,10.04,9.73029518127,20
79,c4ac567011a027981340b36b,M26,4,8.32,8.54765415192,20
79,c4ac567011a027981340b36b,M27,4,9.52,10.5159063339,30
79,c4ac567011a027981340b36b,M28,4,7.92,8.89477157593,30
79,c4ac567011a027981340b36b,M29,4,9.15,10.3891096115,30
79,c4ac567011a027981340b36b,M30,4,5.75,7.30426454544,21
80,3f3242254ca882caa3780cd4,M01,3,5.92,6.53408813477,10
80,3f3242254ca882caa3780cd4,M02,3,8.17,8.05720901489,15
80,3f3242254ca882caa3780cd4,M03,3,7.57,8.1385974884,21
80,3f3242254ca882caa3780cd4,M04,3,6.93,7.83234977722,21
80,3f3242254ca882caa3780cd4,M05,3,6.63,7.8471455574,21
80,3f3242254ca882caa3780cd4,M06,3,8.99,10.3532981873,21
80,3f3242254ca882caa3780cd4,M07,3,9.99,11.4897470474,30
80,3f3242254ca882caa3780cd4,M08,3,13.46,15.0501260757,30
80,3f3242254ca882caa3780cd4,M09,3,11.95,14.1478376389,30
80,3f3242254ca882caa3780cd4,M10,3,15.46,16.1029319763,30
80,3f3242254ca882caa3780cd4,M11,3,13.99,15.2395324707,30
80,3f3242254ca882caa3780cd4,M12,3,17.53,19.1515541077,45
80,3f3242254ca882caa3780cd4,M13,3,15.88,19.2054195404,60
80,3f3242254ca882caa3780cd4,M14,3,12.66,16.7613735199,60
80,3f3242254ca882caa3780cd4,M15,3,17.46,19.4993038177,60
80,3f3242254ca882caa3780cd4,M16,3,31.36,38.7552108765,100
80,3f3242254ca882caa3780cd4,M17,3,5.49,6.14823913574,14
80,3f3242254ca882caa3780cd4,M18,3,7.6,7.80160522461,21
80,3f3242254ca882caa3780cd4,M19,3,5.46,7.40532684326,21
80,3f3242254ca882caa3780cd4,M20,3,7.57,9.04868793488,20
80,3f3242254ca882caa3780cd4,M21,3,5.59,7.02372169495,21
80,3f3242254ca882caa3780cd4,M22,3,11.67,14.9843101501,45
80,3f3242254ca882caa3780cd4,M23,3,9.6,12.5943565369,45
80,3f3242254ca882caa3780cd4,M24,3,12.44,15.406542778,45
80,3f3242254ca882caa3780cd4,M25,3,11.58,11.3497438431,20
80,3f3242254ca882caa3780cd4,M26,3,9.99,10.2814512253,20
80,3f3242254ca882caa3780cd4,M27,3,11.65,13.3562936783,30
80,3f3242254ca882caa3780cd4,M28,3,9.58,11.6142711639,30
80,3f3242254ca882caa3780cd4,M29,3,12.32,13.4602212906,30
80,3f3242254ca882caa3780cd4,M30,3,6.93,8.30600070953,21
81,8f5373ae3303e9a701bc0449,M01,2,4.3,3.45307993889,10
81,8f5373ae3303e9a701bc0449,M02,2,5.09,4.66060590744,15
81,8f5373ae3303e9a701bc0449,M03,2,4.8,4.67569923401,21
81,8f5373ae3303e9a701bc0449,M04,2,4.49,4.4647808075,21
81,8f5373ae3303e9a701bc0449,M05,2,4.24,4.54824876785,21
81,8f5373ae3303e9a701bc0449,M06,2,6.11,5.8926281929,21
81,8f5373ae3303e9a701bc0449,M07,2,5.71,6.03668022156,30
81,8f5373ae3303e9a701bc0449,M08,2,6.22,8.13849925995,30
81,8f5373ae3303e9a701bc0449,M09,2,4.53,7.22887945175,30
81,8f5373ae3303e9a701bc0449,M10,2,7.71,9.15845298767,30
81,8f5373ae3303e9a701bc0449,M11,2,5.84,8.48299980164,30
81,8f5373ae3303e9a701bc0449,M12,2,6.25,10.2996177673,45
81,8f5373ae3303e9a701bc0449,M13,2,7.66,10.3722810745,60
81,8f5373ae3303e9a701bc0449,M14,2,4.84,7.88332986832,60
81,8f5373ae3303e9a701bc0449,M15,2,7.92,10.3725347519,60
81,8f5373ae3303e9a701bc0449,M16,2,11.53,20.2720527649,100
81,8f5373ae3303e9a701bc0449,M17,2,2.62,2.88769435883,14
81,8f5373ae3303e9a701bc0449,M18,2,5.05,4.52810049057,21
81,8f5373ae3303e9a701bc0449,M19,2,4.77,3.92526745796,21
81,8f5373ae3303e9a701bc0449,M20,2,5.55,4.73771190643,20
81,8f5373ae3303e9a701bc0449,M21,2,4.76,3.62583661079,21
81,8f5373ae3303e9a701bc0449,M22,2,8.16,8.11640644073,45
81,8f5373ae3303e9a701bc0449,M23,2,5.9,5.7764840126,45
81,8f5373ae3303e9a701bc0449,M24,2,8.33,8.1309299469,45
81,8f5373ae3303e9a701bc0449,M25,2,6.93,6.79648256302,20
81,8f5373ae3303e9a701bc0449,M26,2,4.96,5.71163225174,20
81,8f5373ae3303e9a701bc0449,M27,2,7.32,7.69536685944,30
81,8f5373ae3303e9a701bc0449,M28,2,5.58,5.94742965698,30
81,8f5373ae3303e9a701bc0449,M29,2,7.24,7.61772584915,30
81,8f5373ae3303e9a701bc0449,M30,2,4.08,4.80946397781,21
86,db6ca16feb506f12191f9ced,M01,3,4.92,3.75632429123,10
86,db6ca16feb506f12191f9ced,M02,3,6.54,4.95178413391,15
86,db6ca16feb506f12191f9ced,M03,3,5.55,5.03317308426,21
86,db6ca16feb506f12191f9ced,M04,3,5.3,4.81706190109,21
86,db6ca16feb506f12191f9ced,M05,3,5.14,4.86612844467,21
86,db6ca16feb506f12191f9ced,M06,3,7.04,6.60854911804,21
86,db6ca16feb506f12191f9ced,M07,3,7.16,6.50282859802,30
86,db6ca16feb506f12191f9ced,M08,3,9.46,8.45799827576,30
86,db6ca16feb506f12191f9ced,M09,3,8.51,7.64807987213,30
86,db6ca16feb506f12191f9ced,M10,3,11.08,9.59525775909,30
86,db6ca16feb506f12191f9ced,M11,3,10.17,8.77181434631,30
86,db6ca16feb506f12191f9ced,M12,3,11.56,10.1902446747,45
86,db6ca16feb506f12191f9ced,M13,3,11.52,10.3909959793,60
86,db6ca16feb506f12191f9ced,M14,3,8.96,8.13214588165,60
86,db6ca16feb506f12191f9ced,M15,3,11.48,10.2980632782,60
86,db6ca16feb506f12191f9ced,M16,3,21.7,19.8560390472,100
86,db6ca16feb506f12191f9ced,M17,3,3.82,3.15455842018,14
86,db6ca16feb506f12191f9ced,M18,3,5.78,4.80121707916,21
86,db6ca16feb506f12191f9ced,M19,3,5.39,4.29861354828,21
86,db6ca16feb506f12191f9ced,M20,3,7.36,5.25092601776,20
86,db6ca16feb506f12191f9ced,M21,3,5.47,3.9929523468,21
86,db6ca16feb506f12191f9ced,M22,3,11.32,8.34721946716,45
86,db6ca16feb506f12191f9ced,M23,3,9.34,6.16143465042,45
86,db6ca16feb506f12191f9ced,M24,3,11.44,8.39682292938,45
86,db6ca16feb506f12191f9ced,M25,3,6.26,7.63224887848,20
86,db6ca16feb506f12191f9ced,M26,3,4.26,6.59326505661,20
86,db6ca16feb506f12191f9ced,M27,3,6.81,8.41039466858,30
86,db6ca16feb506f12191f9ced,M28,3,5.24,6.71011161804,30
86,db6ca16feb506f12191f9ced,M29,3,6.82,8.20837402344,30
86,db6ca16feb506f12191f9ced,M30,3,4.19,5.20057630539,21
88,7c5d2caf2182c8f80629097e,M01,1,6.15,7.3644990921,10
88,7c5d2caf2182c8f80629097e,M02,1,8.16,9.16966056824,15
88,7c5d2caf2182c8f80629097e,M03,1,7.46,9.43866348267,21
88,7c5d2caf2182c8f80629097e,M04,1,6.9,9.11686134338,21
88,7c5d2caf2182c8f80629097e,M05,1,6.84,9.21640777588,21
88,7c5d2caf2182c8f80629097e,M06,1,9.48,12.3463954926,21
88,7c5d2caf2182c8f80629097e,M07,1,9.85,13.8916254044,30
88,7c5d2caf2182c8f80629097e,M08,1,13.68,17.4976119995,30
88,7c5d2caf2182c8f80629097e,M09,1,12.67,16.5230007172,30
88,7c5d2caf2182c8f80629097e,M10,1,15.41,18.4461898804,30
88,7c5d2caf2182c8f80629097e,M11,1,14.59,17.8411846161,30
88,7c5d2caf2182c8f80629097e,M12,1,18.23,24.0156917572,45
88,7c5d2caf2182c8f80629097e,M13,1,17.43,24.2177505493,60
88,7c5d2caf2182c8f80629097e,M14,1,14.34,21.5058422089,60
88,7c5d2caf2182c8f80629097e,M15,1,17.43,24.386390686,60
88,7c5d2caf2182c8f80629097e,M16,1,39.31,52.2532920837,100
88,7c5d2caf2182c8f80629097e,M17,1,5.59,6.58201169968,14
88,7c5d2caf2182c8f80629097e,M18,1,7.5,9.09320163727,21
88,7c5d2caf2182c8f80629097e,M19,1,5.97,8.50847911835,21
88,7c5d2caf2182c8f80629097e,M20,1,8,10.6918849945,20
88,7c5d2caf2182c8f80629097e,M21,1,5.83,8.11032009125,21
88,7c5d2caf2182c8f80629097e,M22,1,12.41,17.9300022125,45
88,7c5d2caf2182c8f80629097e,M23,1,10.52,15.3720664978,45
88,7c5d2caf2182c8f80629097e,M24,1,12.53,18.2553195953,45
88,7c5d2caf2182c8f80629097e,M25,1,12.23,13.2099285126,20
88,7c5d2caf2182c8f80629097e,M26,1,10.73,12.0606374741,20
88,7c5d2caf2182c8f80629097e,M27,1,12.64,15.9230537415,30
88,7c5d2caf2182c8f80629097e,M28,1,10.61,14.0697717667,30
88,7c5d2caf2182c8f80629097e,M29,1,12.45,15.9150314331,30
88,7c5d2caf2182c8f80629097e,M30,1,7.49,9.45794773102,21
91,6d9f9870f4d44ecb43c6008e,M25,4,14.15,13.2752113342,20
91,6d9f9870f4d44ecb43c6008e,M26,4,12.9,12.2701530457,20
91,6d9f9870f4d44ecb43c6008e,M27,4,16.68,17.2056274414,30
91,6d9f9870f4d44ecb43c6008e,M28,4,14.79,15.3891048431,30
91,6d9f9870f4d44ecb43c6008e,M29,4,16.71,17.2352676392,30
91,6d9f9870f4d44ecb43c6008e,M30,4,10.23,10.0178918839,21
92,ad6b380a8fe0471ba1141477,M01,2,6.67,6.69275093079,10
92,ad6b380a8fe0471ba1141477,M02,2,8.9,8.13320064545,15
92,ad6b380a8fe0471ba1141477,M03,2,8.66,8.26912117004,21
92,ad6b380a8fe0471ba1141477,M04,2,7.92,8.01980781555,21
92,ad6b380a8fe0471ba1141477,M05,2,7.85,8.10327529907,21
92,ad6b380a8fe0471ba1141477,M06,2,10.89,11.3126792908,21
92,ad6b380a8fe0471ba1141477,M07,2,11.64,12.422088623,30
92,ad6b380a8fe0471ba1141477,M08,2,15.88,16.3792190552,30
92,ad6b380a8fe0471ba1141477,M09,2,14.72,15.3035707474,30
92,ad6b380a8fe0471ba1141477,M10,2,17.56,17.3646354675,30
92,ad6b380a8fe0471ba1141477,M11,2,16.65,16.7085762024,30
92,ad6b380a8fe0471ba1141477,M12,2,21.91,22.3467388153,45
92,ad6b380a8fe0471ba1141477,M13,2,21.18,22.4042625427,60
92,ad6b380a8fe0471ba1141477,M14,2,17.75,19.9153060913,60
92,ad6b380a8fe0471ba1141477,M15,2,21.33,22.4416484833,60
92,ad6b380a8fe0471ba1141477,M16,2,47.62,49.743221283,100
92,ad6b380a8fe0471ba1141477,M17,2,6.33,6.05781459808,14
92,ad6b380a8fe0471ba1141477,M18,2,8.55,8.08312606812,21
92,ad6b380a8fe0471ba1141477,M19,2,7.16,7.46380519867,21
92,ad6b380a8fe0471ba1141477,M20,2,9.5,9.73259925842,20
92,ad6b380a8fe0471ba1141477,M21,2,6.92,7.08152914047,21
92,ad6b380a8fe0471ba1141477,M22,2,15.84,16.6789741516,45
92,ad6b380a8fe0471ba1141477,M23,2,13.31,14.3193349838,45
92,ad6b380a8fe0471ba1141477,M24,2,16.25,16.7156295776,45
92,ad6b380a8fe0471ba1141477,M25,2,13.14,12.2165327072,20
92,ad6b380a8fe0471ba1141477,M26,2,11.77,11.1119699478,20
92,ad6b380a8fe0471ba1141477,M27,2,14.43,14.8981723785,30
92,ad6b380a8fe0471ba1141477,M28,2,12.35,13.130531311,30
92,ad6b380a8fe0471ba1141477,M29,2,14.35,14.8576669693,30
92,ad6b380a8fe0471ba1141477,M30,2,8.68,8.40288734436,21
93,90e4bc93a64c5319da7b3c19,M01,3,5.81,4.21536064148,10
93,90e4bc93a64c5319da7b3c19,M02,3,7.77,5.46168136597,15
93,90e4bc93a64c5319da7b3c19,M03,3,6.88,5.54307031631,21
93,90e4bc93a64c5319da7b3c19,M04,3,6,5.3111615181,21
93,90e4bc93a64c5319da7b3c19,M05,3,5.89,5.36022806168,21
93,90e4bc93a64c5319da7b3c19,M06,3,8.68,7.15492200851,21
93,90e4bc93a64c5319da7b3c19,M07,3,9.05,7.06499958038,30
93,90e4bc93a64c5319da7b3c19,M08,3,12.75,9.12990283966,30
93,90e4bc93a64c5319da7b3c19,M09,3,10.62,8.30418682098,30
93,90e4bc93a64c5319da7b3c19,M10,3,14.39,10.2513647079,30
93,90e4bc93a64c5319da7b3c19,M11,3,12.84,9.42792129517,30
93,90e4bc93a64c5319da7b3c19,M12,3,16.81,11.4433507919,45
93,90e4bc93a64c5319da7b3c19,M13,3,15.57,11.5537700653,60
93,90e4bc93a64c5319da7b3c19,M14,3,12.8,9.06642246246,60
93,90e4bc93a64c5319da7b3c19,M15,3,15.57,11.4766349792,60
93,90e4bc93a64c5319da7b3c19,M16,3,34.22,22.6109275818,100
93,90e4bc93a64c5319da7b3c19,M17,3,4.55,3.62891626358,14
93,90e4bc93a64c5319da7b3c19,M18,3,6.56,5.29531669617,21
93,90e4bc93a64c5319da7b3c19,M19,3,5.45,4.80851078033,21
93,90e4bc93a64c5319da7b3c19,M20,3,7.4,5.79729938507,20
93,90e4bc93a64c5319da7b3c19,M21,3,5.28,4.48705244064,21
93,90e4bc93a64c5319da7b3c19,M22,3,11.32,9.26817989349,45
93,90e4bc93a64c5319da7b3c19,M23,3,9.55,6.9489364624,45
93,90e4bc93a64c5319da7b3c19,M24,3,11.32,9.33358097076,45
93,90e4bc93a64c5319da7b3c19,M25,3,11.54,8.17861652374,20
93,90e4bc93a64c5319da7b3c19,M26,3,10.06,7.13963842392,20
93,90e4bc93a64c5319da7b3c19,M27,3,11.58,9.02045631409,30
93,90e4bc93a64c5319da7b3c19,M28,3,9.61,7.25648641586,30
93,90e4bc93a64c5319da7b3c19,M29,3,11.31,8.834233284,30
93,90e4bc93a64c5319da7b3c19,M30,3,6.86,5.71047353745,21
95,74e84ef329ad1064a1b82a83,M01,4,6.67,6.32316875458,10
95,74e84ef329ad1064a1b82a83,M02,4,8.85,8.07227325439,15
95,74e84ef329ad1064a1b82a83,M03,4,8.53,8.2494058609,21
95,74e84ef329ad1064a1b82a83,M04,4,7.84,7.88460826874,21
95,74e84ef329ad1064a1b82a83,M05,4,7.78,7.916264534,21
95,74e84ef329ad1064a1b82a83,M06,4,10.79,11.4412412643,21
95,74e84ef329ad1064a1b82a83,M07,4,11.43,12.3979587555,30
95,74e84ef329ad1064a1b82a83,M08,4,15.58,16.1607475281,30
95,74e84ef329ad1064a1b82a83,M09,4,14.47,15.1676330566,30
95,74e84ef329ad1064a1b82a83,M10,4,17.33,17.188451767,30
95,74e84ef329ad1064a1b82a83,M11,4,16.44,16.4275112152,30
95,74e84ef329ad1064a1b82a83,M12,4,21.33,22.781917572,45
95,74e84ef329ad1064a1b82a83,M13,4,20.74,22.9256839752,60
95,74e84ef329ad1064a1b82a83,M14,4,17.16,20.0200538635,60
95,74e84ef329ad1064a1b82a83,M15,4,20.84,23.0854148865,60
95,74e84ef329ad1064a1b82a83,M16,4,46.57,50.1596755981,100
95,74e84ef329ad1064a1b82a83,M17,4,6.26,5.801176548,14
95,74e84ef329ad1064a1b82a83,M18,4,8.46,7.9094414711,21
95,74e84ef329ad1064a1b82a83,M19,4,6.78,7.42430210114,21
95,74e84ef329ad1064a1b82a83,M20,4,9.02,10.0471839905,20
95,74e84ef329ad1064a1b82a83,M21,4,6.56,7.08863592148,21
95,74e84ef329ad1064a1b82a83,M22,4,14.6,17.092912674,45
95,74e84ef329ad1064a1b82a83,M23,4,12.3,14.3211994171,45
95,74e84ef329ad1064a1b82a83,M24,4,14.89,17.3430805206,45
95,74e84ef329ad1064a1b82a83,M25,4,13.07,12.4116106033,20
95,74e84ef329ad1064a1b82a83,M26,4,11.67,11.3939008713,20
95,74e84ef329ad1064a1b82a83,M27,4,14.28,14.7360858917,30
95,74e84ef329ad1064a1b82a83,M28,4,12.15,12.8650608063,30
95,74e84ef329ad1064a1b82a83,M29,4,14.17,14.7340660095,30
95,74e84ef329ad1064a1b82a83,M30,4,8.55,8.26477432251,21
96,3cf78d38643a00824f675671,M01,3,4.98,6.27880859375,10
96,3cf78d38643a00824f675671,M02,3,6.45,7.90404224396,15
96,3cf78d38643a00824f675671,M03,3,5.51,7.98542785645,21
96,3cf78d38643a00824f675671,M04,3,5.38,7.81265735626,21
96,3cf78d38643a00824f675671,M05,3,5.31,7.861723423,21
96,3cf78d38643a00824f675671,M06,3,7.14,10.7062301636,21
96,3cf78d38643a00824f675671,M07,3,7.08,12.0210409164,30
96,3cf78d38643a00824f675671,M08,3,9.29,15.3876953125,30
96,3cf78d38643a00824f675671,M09,3,8.78,14.5699481964,30
96,3cf78d38643a00824f675671,M10,3,10.91,16.4563121796,30
96,3cf78d38643a00824f675671,M11,3,10.69,15.744849205,30
96,3cf78d38643a00824f675671,M12,3,11.35,21.4251785278,45
96,3cf78d38643a00824f675671,M13,3,11.83,21.737197876,60
96,3cf78d38643a00824f675671,M14,3,10.65,19.2932281494,60
96,3cf78d38643a00824f675671,M15,3,11.78,21.8633327484,60
96,3cf78d38643a00824f675671,M16,3,22.87,46.195728302,100
96,3cf78d38643a00824f675671,M17,3,3.93,5.89665699005,14
96,3cf78d38643a00824f675671,M18,3,5.78,7.81100511551,21
96,3cf78d38643a00824f675671,M19,3,4.91,7.29543113708,21
96,3cf78d38643a00824f675671,M20,3,6.24,9.39784049988,20
96,3cf78d38643a00824f675671,M21,3,4.9,7.04730272293,21
96,3cf78d38643a00824f675671,M22,3,9.24,15.7650918961,45
96,3cf78d38643a00824f675671,M23,3,8.36,13.4702539444,45
96,3cf78d38643a00824f675671,M24,3,9.03,16.019575119,45
96,3cf78d38643a00824f675671,M25,3,10.48,11.6130084991,20
96,3cf78d38643a00824f675671,M26,3,9.65,10.5873289108,20
96,3cf78d38643a00824f675671,M27,3,9.97,13.6901283264,30
96,3cf78d38643a00824f675671,M28,3,9.03,11.9708747864,30
96,3cf78d38643a00824f675671,M29,3,9.86,13.6263084412,30
96,3cf78d38643a00824f675671,M30,3,6.41,8.15282058716,21
98,b98d74e7b8c54efd1aed9d66,M01,4,4.03,4.74167251587,10
98,b98d74e7b8c54efd1aed9d66,M02,4,4.75,6.08961963654,15
98,b98d74e7b8c54efd1aed9d66,M03,4,4.51,6.18458080292,21
98,b98d74e7b8c54efd1aed9d66,M04,4,4.23,5.920399189,21
98,b98d74e7b8c54efd1aed9d66,M05,4,3.89,5.95205402374,21
98,b98d74e7b8c54efd1aed9d66,M06,4,5.78,7.6719918251,21
98,b98d74e7b8c54efd1aed9d66,M07,4,5.16,7.82119750977,30
98,b98d74e7b8c54efd1aed9d66,M08,4,5.33,9.87870407104,30
98,b98d74e7b8c54efd1aed9d66,M09,4,3.83,9.06250762939,30
98,b98d74e7b8c54efd1aed9d66,M10,4,6.79,11.0003032684,30
98,b98d74e7b8c54efd1aed9d66,M11,4,5.02,10.2460861206,30
98,b98d74e7b8c54efd1aed9d66,M12,4,5.43,13.7804441452,45
98,b98d74e7b8c54efd1aed9d66,M13,4,6.48,13.9121170044,60
98,b98d74e7b8c54efd1aed9d66,M14,4,4.19,11.4791297913,60
98,b98d74e7b8c54efd1aed9d66,M15,4,6.56,13.8753099442,60
98,b98d74e7b8c54efd1aed9d66,M16,4,8.31,23.1197223663,100
98,b98d74e7b8c54efd1aed9d66,M17,4,2.14,4.27887916565,14
98,b98d74e7b8c54efd1aed9d66,M18,4,4.71,5.98192882538,21
98,b98d74e7b8c54efd1aed9d66,M19,4,4.37,5.40749740601,21
98,b98d74e7b8c54efd1aed9d66,M20,4,4.74,6.4421620369,20
98,b98d74e7b8c54efd1aed9d66,M21,4,4.37,5.18636894226,21
98,b98d74e7b8c54efd1aed9d66,M22,4,6.59,9.98763942719,45
98,b98d74e7b8c54efd1aed9d66,M23,4,4.76,7.62035369873,45
98,b98d74e7b8c54efd1aed9d66,M24,4,6.68,9.95930576324,45
98,b98d74e7b8c54efd1aed9d66,M25,4,6.47,8.64236354828,20
98,b98d74e7b8c54efd1aed9d66,M26,4,4.74,7.45971632004,20
98,b98d74e7b8c54efd1aed9d66,M27,4,6.91,9.65050697327,30
98,b98d74e7b8c54efd1aed9d66,M28,4,5.34,7.77526807785,30
98,b98d74e7b8c54efd1aed9d66,M29,4,6.73,9.49004554749,30
98,b98d74e7b8c54efd1aed9d66,M30,4,4.14,6.19994831085,21
99,8b9b7a85e43384ce9dc9d4e5,M01,2,6.85,7.25977516174,10
99,8b9b7a85e43384ce9dc9d4e5,M02,2,9.05,8.78864574432,15
99,8b9b7a85e43384ce9dc9d4e5,M03,2,8.88,8.90131187439,21
99,8b9b7a85e43384ce9dc9d4e5,M04,2,8.15,8.66188621521,21
99,8b9b7a85e43384ce9dc9d4e5,M05,2,8.15,8.71864032745,21
99,8b9b7a85e43384ce9dc9d4e5,M06,2,11.32,11.6527252197,21
99,8b9b7a85e43384ce9dc9d4e5,M07,2,11.94,11.95154953,30
99,8b9b7a85e43384ce9dc9d4e5,M08,2,16.21,15.6170291901,30
99,8b9b7a85e43384ce9dc9d4e5,M09,2,15.14,14.6066770554,30
99,8b9b7a85e43384ce9dc9d4e5,M10,2,17.92,16.5703620911,30
99,8b9b7a85e43384ce9dc9d4e5,M11,2,17.06,15.9063072205,30
99,8b9b7a85e43384ce9dc9d4e5,M12,2,22.43,20.844329834,45
99,8b9b7a85e43384ce9dc9d4e5,M13,2,22.17,20.8617706299,60
99,8b9b7a85e43384ce9dc9d4e5,M14,2,18.53,18.394903183,60
99,8b9b7a85e43384ce9dc9d4e5,M15,2,21.94,21.209980011,60
99,8b9b7a85e43384ce9dc9d4e5,M16,2,49.13,43.4842643738,100
99,8b9b7a85e43384ce9dc9d4e5,M17,2,6.52,6.72742557526,14
99,8b9b7a85e43384ce9dc9d4e5,M18,2,8.77,8.72520446777,21
99,8b9b7a85e43384ce9dc9d4e5,M19,2,7.05,8.09599113464,21
99,8b9b7a85e43384ce9dc9d4e5,M20,2,9.3,10.157037735,20
99,8b9b7a85e43384ce9dc9d4e5,M21,2,6.71,7.71786212921,21
99,8b9b7a85e43384ce9dc9d4e5,M22,2,15.23,16.45454216,45
99,8b9b7a85e43384ce9dc9d4e5,M23,2,12.78,14.1367034912,45
99,8b9b7a85e43384ce9dc9d4e5,M24,2,15.54,16.802022934,45
99,8b9b7a85e43384ce9dc9d4e5,M25,2,13.43,12.6427659988,20
99,8b9b7a85e43384ce9dc9d4e5,M26,2,11.98,11.5800008774,20
99,8b9b7a85e43384ce9dc9d4e5,M27,2,14.93,14.0355815887,30
99,8b9b7a85e43384ce9dc9d4e5,M28,2,12.76,12.3097381592,30
99,8b9b7a85e43384ce9dc9d4e5,M29,2,14.68,14.2464895248,30
99,8b9b7a85e43384ce9dc9d4e5,M30,2,8.93,9.03507804871,21
100,7a9ff14e405dc4decdd4dd4f,M01,0,6.08,6.19743919373,10
100,7a9ff14e405dc4decdd4dd4f,M02,0,8.45,7.68486595154,15
100,7a9ff14e405dc4decdd4dd4f,M03,0,7.74,7.90520811081,21
100,7a9ff14e405dc4decdd4dd4f,M04,0,7.34,7.49109268188,21
100,7a9ff14e405dc4decdd4dd4f,M05,0,3.49,7.56160926819,21
100,7a9ff14e405dc4decdd4dd4f,M06,0,9.48,10.5137386322,21
100,7a9ff14e405dc4decdd4dd4f,M07,0,10.37,11.2547988892,30
100,7a9ff14e405dc4decdd4dd4f,M08,0,14.27,14.4154281616,30
100,7a9ff14e405dc4decdd4dd4f,M09,0,13.16,13.4269075394,30
100,7a9ff14e405dc4decdd4dd4f,M10,0,16.04,15.4256162643,30
100,7a9ff14e405dc4decdd4dd4f,M11,0,14.84,14.7680120468,30
100,7a9ff14e405dc4decdd4dd4f,M12,0,19.15,19.0363941193,45
100,7a9ff14e405dc4decdd4dd4f,M13,0,17.27,18.9860725403,60
100,7a9ff14e405dc4decdd4dd4f,M14,0,14.07,16.1464729309,60
100,7a9ff14e405dc4decdd4dd4f,M15,0,18.83,19.2360363007,60
100,7a9ff14e405dc4decdd4dd4f,M16,0,36.61,39.5951271057,100
100,7a9ff14e405dc4decdd4dd4f,M17,0,5.6,5.64472723007,14
100,7a9ff14e405dc4decdd4dd4f,M18,0,7.78,7.58698558807,21
100,7a9ff14e405dc4decdd4dd4f,M19,0,5.57,7.10062265396,21
100,7a9ff14e405dc4decdd4dd4f,M20,0,7.95,9.16572856903,20
100,7a9ff14e405dc4decdd4dd4f,M21,0,5.87,6.56949424744,21
100,7a9ff14e405dc4decdd4dd4f,M22,0,12.25,14.6369886398,45
100,7a9ff14e405dc4decdd4dd4f,M23,0,10.17,11.859380722,45
100,7a9ff14e405dc4decdd4dd4f,M24,0,13.16,14.9322452545,45
100,7a9ff14e405dc4decdd4dd4f,M25,0,11.95,11.3437776566,20
100,7a9ff14e405dc4decdd4dd4f,M26,0,10.5,10.266289711,20
100,7a9ff14e405dc4decdd4dd4f,M27,0,12.32,12.9962186813,30
100,7a9ff14e405dc4decdd4dd4f,M28,0,10.32,10.9120903015,30
100,7a9ff14e405dc4decdd4dd4f,M29,0,12.93,13.0482063293,30
100,7a9ff14e405dc4decdd4dd4f,M30,0,7.58,7.92103338242,21
101,3a06738b335793103289ffb6,M01,3,4.49,3.89857077599,10
101,3a06738b335793103289ffb6,M02,3,5.75,4.98477220535,15
101,3a06738b335793103289ffb6,M03,3,5.06,5.0661611557,21
101,3a06738b335793103289ffb6,M04,3,4.85,4.85004997253,21
101,3a06738b335793103289ffb6,M05,3,4.64,4.89911651611,21
101,3a06738b335793103289ffb6,M06,3,6.43,6.64153814316,21
101,3a06738b335793103289ffb6,M07,3,6.28,6.53581809998,30
101,3a06738b335793103289ffb6,M08,3,7.46,8.49098300934,30
101,3a06738b335793103289ffb6,M09,3,6.55,7.73420000076,30
101,3a06738b335793103289ffb6,M10,3,9.03,9.62824249268,30
101,3a06738b335793103289ffb6,M11,3,7.96,8.8047990799,30
101,3a06738b335793103289ffb6,M12,3,8.44,10.5922050476,45
101,3a06738b335793103289ffb6,M13,3,9.05,10.860877037,60
101,3a06738b335793103289ffb6,M14,3,6.63,8.50699234009,60
101,3a06738b335793103289ffb6,M15,3,9.06,10.7679443359,60
101,3a06738b335793103289ffb6,M16,3,14.49,19.9722099304,100
101,3a06738b335793103289ffb6,M17,3,2.87,3.33781433105,14
101,3a06738b335793103289ffb6,M18,3,5.26,4.8342051506,21
101,3a06738b335793103289ffb6,M19,3,4.96,4.33160161972,21
101,3a06738b335793103289ffb6,M20,3,6.17,5.28391265869,20
101,3a06738b335793103289ffb6,M21,3,4.95,4.07907295227,21
101,3a06738b335793103289ffb6,M22,3,9.2,8.57528686523,45
101,3a06738b335793103289ffb6,M23,3,7.32,6.38950443268,45
101,3a06738b335793103289ffb6,M24,3,9.3,8.62489032745,45
101,3a06738b335793103289ffb6,M25,3,7.1,7.66523981094,20
101,3a06738b335793103289ffb6,M26,3,5.04,6.62625217438,20
101,3a06738b335793103289ffb6,M27,3,7.86,8.44337940216,30
101,3a06738b335793103289ffb6,M28,3,6.09,6.74309778214,30
101,3a06738b335793103289ffb6,M29,3,7.56,8.24135875702,30
101,3a06738b335793103289ffb6,M30,3,4.08,5.23356437683,21
102,aff25fa1ec688ab41c7f5099,M01,2,4.66,3.61961317062,10
102,aff25fa1ec688ab41c7f5099,M02,2,6.08,4.90064525604,15
102,aff25fa1ec688ab41c7f5099,M03,2,5.24,4.91573858261,21
102,aff25fa1ec688ab41c7f5099,M04,2,5.02,4.7048201561,21
102,aff25fa1ec688ab41c7f5099,M05,2,4.88,4.78828811646,21
102,aff25fa1ec688ab41c7f5099,M06,2,6.64,6.13266658783,21
102,aff25fa1ec688ab41c7f5099,M07,2,6.63,6.27671861649,30
102,aff25fa1ec688ab41c7f5099,M08,2,8.23,8.37854003906,30
102,aff25fa1ec688ab41c7f5099,M09,2,7.3,7.48794555664,30
102,aff25fa1ec688ab41c7f5099,M10,2,9.83,9.39849376678,30
102,aff25fa1ec688ab41c7f5099,M11,2,8.89,8.7230424881,30
102,aff25fa1ec688ab41c7f5099,M12,2,9.68,10.5087423325,45
102,aff25fa1ec688ab41c7f5099,M13,2,10,10.5814056396,60
102,aff25fa1ec688ab41c7f5099,M14,2,7.53,8.08312320709,60
102,aff25fa1ec688ab41c7f5099,M15,2,10,10.5177812576,60
102,aff25fa1ec688ab41c7f5099,M16,2,17.25,21.283285141,100
102,aff25fa1ec688ab41c7f5099,M17,2,3.27,3.07325410843,14
102,aff25fa1ec688ab41c7f5099,M18,2,5.39,4.76813983917,21
102,aff25fa1ec688ab41c7f5099,M19,2,4.96,4.24428749084,21
102,aff25fa1ec688ab41c7f5099,M20,2,6.21,5.05673122406,20
102,aff25fa1ec688ab41c7f5099,M21,2,5.01,3.96388411522,21
102,aff25fa1ec688ab41c7f5099,M22,2,9.2,8.43542957306,45
102,aff25fa1ec688ab41c7f5099,M23,2,7.36,6.0861749649,45
102,aff25fa1ec688ab41c7f5099,M24,2,9.46,8.38607501984,45
102,aff25fa1ec688ab41c7f5099,M25,2,7.28,7.03652095795,20
102,aff25fa1ec688ab41c7f5099,M26,2,5.14,5.94055318832,20
102,aff25fa1ec688ab41c7f5099,M27,2,7.81,7.93540477753,30
102,aff25fa1ec688ab41c7f5099,M28,2,7.05,6.17813968658,30
102,aff25fa1ec688ab41c7f5099,M29,2,8.14,7.79388380051,30
102,aff25fa1ec688ab41c7f5099,M30,2,4.21,5.04950332642,21
103,fafa20a4901e87c3d213e2c4,M01,0,4.95,4.08926296234,10
103,fafa20a4901e87c3d213e2c4,M02,0,6.51,5.20372676849,15
103,fafa20a4901e87c3d213e2c4,M03,0,5.59,5.39862966537,21
103,fafa20a4901e87c3d213e2c4,M04,0,5.3,5.05864429474,21
103,fafa20a4901e87c3d213e2c4,M05,0,5.13,5.12916088104,21
103,fafa20a4901e87c3d213e2c4,M06,0,7.06,6.98899936676,21
103,fafa20a4901e87c3d213e2c4,M07,0,7.15,6.9587187767,30
103,fafa20a4901e87c3d213e2c4,M08,0,9.24,8.63856983185,30
103,fafa20a4901e87c3d213e2c4,M09,0,8.23,7.80593824387,30
103,fafa20a4901e87c3d213e2c4,M10,0,10.92,9.66568660736,30
103,fafa20a4901e87c3d213e2c4,M11,0,9.9,9.03984165192,30
103,fafa20a4901e87c3d213e2c4,M12,0,11.12,10.3417720795,45
103,fafa20a4901e87c3d213e2c4,M13,0,11.26,10.3468351364,60
103,fafa20a4901e87c3d213e2c4,M14,0,8.56,7.96329069138,60
103,fafa20a4901e87c3d213e2c4,M15,0,11.37,10.3254356384,60
103,fafa20a4901e87c3d213e2c4,M16,0,20.25,19.0136814117,100
103,fafa20a4901e87c3d213e2c4,M17,0,3.67,3.67315554619,14
103,fafa20a4901e87c3d213e2c4,M18,0,5.73,5.20985984802,21
103,fafa20a4901e87c3d213e2c4,M19,0,5.15,4.64390230179,21
103,fafa20a4901e87c3d213e2c4,M20,0,6.58,5.87007284164,20
103,fafa20a4901e87c3d213e2c4,M21,0,5.12,4.25209140778,21
103,fafa20a4901e87c3d213e2c4,M22,0,9.95,8.76902961731,45
103,fafa20a4901e87c3d213e2c4,M23,0,8.09,6.44748353958,45
103,fafa20a4901e87c3d213e2c4,M24,0,10.05,8.7592458725,45
103,fafa20a4901e87c3d213e2c4,M25,0,8.66,7.89598464966,20
103,fafa20a4901e87c3d213e2c4,M26,0,6.74,6.62180995941,20
103,fafa20a4901e87c3d213e2c4,M27,0,8.47,8.51640129089,30
103,fafa20a4901e87c3d213e2c4,M28,0,7.05,6.70287656784,30
103,fafa20a4901e87c3d213e2c4,M29,0,8.14,8.38829040527,30
103,fafa20a4901e87c3d213e2c4,M30,0,4.95,5.39037179947,21
104,3a7529da11b98d32d37eb9b2,M01,1,7.31,8.22732448578,10
104,3a7529da11b98d32d37eb9b2,M02,1,9.78,9.6850528717,15
104,3a7529da11b98d32d37eb9b2,M03,1,10.29,9.88685417175,21
104,3a7529da11b98d32d37eb9b2,M04,1,9.5,9.56827449799,21
104,3a7529da11b98d32d37eb9b2,M05,1,9.54,9.66782093048,21
104,3a7529da11b98d32d37eb9b2,M06,1,12.86,12.5036096573,21
104,3a7529da11b98d32d37eb9b2,M07,1,14.12,12.9346075058,30
104,3a7529da11b98d32d37eb9b2,M08,1,18.5,16.4354457855,30
104,3a7529da11b98d32d37eb9b2,M09,1,17.4,15.5422782898,30
104,3a7529da11b98d32d37eb9b2,M10,1,20.13,17.5768108368,30
104,3a7529da11b98d32d37eb9b2,M11,1,19.36,16.7822380066,30
104,3a7529da11b98d32d37eb9b2,M12,1,26.34,21.9480037689,45
104,3a7529da11b98d32d37eb9b2,M13,1,26.56,21.755405426,60
104,3a7529da11b98d32d37eb9b2,M14,1,23.05,18.9773139954,60
104,3a7529da11b98d32d37eb9b2,M15,1,26.79,21.9722385406,60
104,3a7529da11b98d32d37eb9b2,M16,1,54.88,45.1967735291,100
104,3a7529da11b98d32d37eb9b2,M17,1,7.33,7.6225476265,14
104,3a7529da11b98d32d37eb9b2,M18,1,10.07,9.58618068695,21
104,3a7529da11b98d32d37eb9b2,M19,1,9.14,9.00783538818,21
104,3a7529da11b98d32d37eb9b2,M20,1,11.44,10.9539175034,20
104,3a7529da11b98d32d37eb9b2,M21,1,8.71,8.70230960846,21
104,3a7529da11b98d32d37eb9b2,M22,1,21.42,16.69099617,45
104,3a7529da11b98d32d37eb9b2,M23,1,18.23,14.1316452026,45
104,3a7529da11b98d32d37eb9b2,M24,1,21.96,17.0211791992,45
104,3a7529da11b98d32d37eb9b2,M25,1,14.27,13.4685029984,20
104,3a7529da11b98d32d37eb9b2,M26,1,12.95,12.3404150009,20
104,3a7529da11b98d32d37eb9b2,M27,1,16.77,15.3589696884,30
104,3a7529da11b98d32d37eb9b2,M28,1,14.82,13.5032014847,30
104,3a7529da11b98d32d37eb9b2,M29,1,16.71,15.3712472916,30
104,3a7529da11b98d32d37eb9b2,M30,1,10.31,9.9061384201,21
106,6a14fc3ef083f99a0815d5c0,M01,1,6.6,7.86241912842,10
106,6a14fc3ef083f99a0815d5c0,M02,1,8.76,10.2868318558,15
106,6a14fc3ef083f99a0815d5c0,M03,1,8.4,10.5558347702,21
106,6a14fc3ef083f99a0815d5c0,M04,1,7.68,10.2340326309,21
106,6a14fc3ef083f99a0815d5c0,M05,1,7.64,10.3335790634,21
106,6a14fc3ef083f99a0815d5c0,M06,1,10.65,13.42735672,21
106,6a14fc3ef083f99a0815d5c0,M07,1,11.22,15.9452486038,30
106,6a14fc3ef083f99a0815d5c0,M08,1,15.34,20.33735466,30
106,6a14fc3ef083f99a0815d5c0,M09,1,14.19,19.3627433777,30
106,6a14fc3ef083f99a0815d5c0,M10,1,17.09,21.2585773468,30
106,6a14fc3ef083f99a0815d5c0,M11,1,16.15,20.6809272766,30
106,6a14fc3ef083f99a0815d5c0,M12,1,20.97,28.0075893402,45
106,6a14fc3ef083f99a0815d5c0,M13,1,20.37,28.2096481323,60
106,6a14fc3ef083f99a0815d5c0,M14,1,16.83,25.4977397919,60
106,6a14fc3ef083f99a0815d5c0,M15,1,20.31,28.378288269,60
106,6a14fc3ef083f99a0815d5c0,M16,1,46.05,59.2191352844,100
106,6a14fc3ef083f99a0815d5c0,M17,1,6.18,7.26691389084,14
106,6a14fc3ef083f99a0815d5c0,M18,1,8.29,10.2103729248,21
106,6a14fc3ef083f99a0815d5c0,M19,1,6.85,9.60360622406,21
106,6a14fc3ef083f99a0815d5c0,M20,1,9.12,11.7508020401,20
106,6a14fc3ef083f99a0815d5c0,M21,1,6.61,9.20544719696,21
106,6a14fc3ef083f99a0815d5c0,M22,1,14.87,21.5901699066,45
106,6a14fc3ef083f99a0815d5c0,M23,1,12.44,19.0322246552,45
106,6a14fc3ef083f99a0815d5c0,M24,1,15.13,21.9154872894,45
106,6a14fc3ef083f99a0815d5c0,M25,1,12.98,14.1538715363,20
106,6a14fc3ef083f99a0815d5c0,M26,1,11.57,12.9786815643,20
106,6a14fc3ef083f99a0815d5c0,M27,1,14.11,17.6956005096,30
106,6a14fc3ef083f99a0815d5c0,M28,1,11.95,15.8423156738,30
106,6a14fc3ef083f99a0815d5c0,M29,1,13.91,17.6875743866,30
106,6a14fc3ef083f99a0815d5c0,M30,1,8.42,10.6290454865,21
107,2ca218591068dc3467fc728a,M01,1,7.64,8.65720939636,10
107,2ca218591068dc3467fc728a,M02,1,10.13,10.5730552673,15
107,2ca218591068dc3467fc728a,M03,1,10.85,10.8409967422,21
107,2ca218591068dc3467fc728a,M04,1,9.91,10.519194603,21
107,2ca218591068dc3467fc728a,M05,1,10.02,10.6187410355,21
107,2ca218591068dc3467fc728a,M06,1,13.61,13.811211586,21
107,2ca218591068dc3467fc728a,M07,1,14.88,15.2653217316,30
107,2ca218591068dc3467fc728a,M08,1,19.26,19.1985874176,30
107,2ca218591068dc3467fc728a,M09,1,17.39,18.2885665894,30
107,2ca218591068dc3467fc728a,M10,1,20.96,20.2948207855,30
107,2ca218591068dc3467fc728a,M11,1,20.01,19.4970283508,30
107,2ca218591068dc3467fc728a,M12,1,27.43,26.8450374603,45
107,2ca218591068dc3467fc728a,M13,1,28.21,26.8773078918,60
107,2ca218591068dc3467fc728a,M14,1,24.39,24.4564418793,60
107,2ca218591068dc3467fc728a,M15,1,28.15,27.1917686462,60
107,2ca218591068dc3467fc728a,M16,1,56.68,54.7355651855,100
107,2ca218591068dc3467fc728a,M17,1,7.63,8.08969974518,14
107,2ca218591068dc3467fc728a,M18,1,10.46,10.4965963364,21
107,2ca218591068dc3467fc728a,M19,1,9.18,9.94655132294,21
107,2ca218591068dc3467fc728a,M20,1,11.36,12.2543182373,20
107,2ca218591068dc3467fc728a,M21,1,8.51,9.59729576111,21
107,2ca218591068dc3467fc728a,M22,1,21.01,20.2570648193,45
107,2ca218591068dc3467fc728a,M23,1,17.63,17.9231071472,45
107,2ca218591068dc3467fc728a,M24,1,21.56,20.7282028198,45
107,2ca218591068dc3467fc728a,M25,1,14.75,14.674744606,20
107,2ca218591068dc3467fc728a,M26,1,13.4,13.627491951,20
107,2ca218591068dc3467fc728a,M27,1,17.65,17.5274848938,30
107,2ca218591068dc3467fc728a,M28,1,15.52,15.7762460709,30
107,2ca218591068dc3467fc728a,M29,1,17.49,17.6652793884,30
107,2ca218591068dc3467fc728a,M30,1,10.9,10.8602809906,21
108,87974590a2f5c545466b7087,M01,2,7.76,8.49867153168,10
108,87974590a2f5c545466b7087,M02,2,10.32,10.760222435,15
108,87974590a2f5c545466b7087,M03,2,11.29,11.0545663834,21
108,87974590a2f5c545466b7087,M04,2,10.45,10.7642116547,21
108,87974590a2f5c545466b7087,M05,2,10.53,10.8476791382,21
108,87974590a2f5c545466b7087,M06,2,13.92,13.7897319794,21
108,87974590a2f5c545466b7087,M07,2,15.59,16.0479335785,30
108,87974590a2f5c545466b7087,M08,2,19.96,20.521232605,30
108,87974590a2f5c545466b7087,M09,2,18.81,19.4045505524,30
108,87974590a2f5c545466b7087,M10,2,21.58,21.3441390991,30
108,87974590a2f5c545466b7087,M11,2,20.81,20.8095474243,30
108,87974590a2f5c545466b7087,M12,2,28.69,28.6119194031,45
108,87974590a2f5c545466b7087,M13,2,29.18,28.8292102814,60
108,87974590a2f5c545466b7087,M14,2,25.55,26.4743747711,60
108,87974590a2f5c545466b7087,M15,2,29.83,29.0265407562,60
108,87974590a2f5c545466b7087,M16,2,57.79,55.6274108887,100
108,87974590a2f5c545466b7087,M17,2,7.91,7.94176864624,14
108,87974590a2f5c545466b7087,M18,2,10.96,10.8131780624,21
108,87974590a2f5c545466b7087,M19,2,9.13,10.2492437363,21
108,87974590a2f5c545466b7087,M20,2,11.16,12.209651947,20
108,87974590a2f5c545466b7087,M21,2,8.54,9.81157302856,21
108,87974590a2f5c545466b7087,M22,2,20.4,22.8995018005,45
108,87974590a2f5c545466b7087,M23,2,17.22,20.5748710632,45
108,87974590a2f5c545466b7087,M24,2,21.2,23.0961017609,45
108,87974590a2f5c545466b7087,M25,2,14.9,14.5187721252,20
108,87974590a2f5c545466b7087,M26,2,13.6,13.3925619125,20
108,87974590a2f5c545466b7087,M27,2,18.02,18.4217910767,30
108,87974590a2f5c545466b7087,M28,2,16.01,16.6325073242,30
108,87974590a2f5c545466b7087,M29,2,18.1,18.5553092957,30
108,87974590a2f5c545466b7087,M30,2,11.3,11.1883325577,21
109,0481944a4fdf636307259eff,M01,2,4.85,3.34079766273,10
109,0481944a4fdf636307259eff,M02,2,6.29,4.65859556198,15
109,0481944a4fdf636307259eff,M03,2,5.43,4.69517183304,21
109,0481944a4fdf636307259eff,M04,2,5.15,4.52492380142,21
109,0481944a4fdf636307259eff,M05,2,5,4.60839223862,21
109,0481944a4fdf636307259eff,M06,2,6.87,6.0666975975,21
109,0481944a4fdf636307259eff,M07,2,6.91,6.06538248062,30
109,0481944a4fdf636307259eff,M08,2,8.65,8.14572238922,30
109,0481944a4fdf636307259eff,M09,2,7.58,7.25328731537,30
109,0481944a4fdf636307259eff,M10,2,10.33,9.16567611694,30
109,0481944a4fdf636307259eff,M11,2,9.31,8.53089332581,30
109,0481944a4fdf636307259eff,M12,2,10.23,10.2129430771,45
109,0481944a4fdf636307259eff,M13,2,10.62,10.3262767792,60
109,0481944a4fdf636307259eff,M14,2,7.98,7.89298057556,60
109,0481944a4fdf636307259eff,M15,2,10.65,10.2219820023,60
109,0481944a4fdf636307259eff,M16,2,18.33,20.6565570831,100
109,0481944a4fdf636307259eff,M17,2,3.46,2.84247040749,14
109,0481944a4fdf636307259eff,M18,2,5.57,4.60159873962,21
109,0481944a4fdf636307259eff,M19,2,5.23,4.02814722061,21
109,0481944a4fdf636307259eff,M20,2,6.8,4.90343666077,20
109,0481944a4fdf636307259eff,M21,2,5.24,3.7459051609,21
109,0481944a4fdf636307259eff,M22,2,10.37,8.25448417664,45
109,0481944a4fdf636307259eff,M23,2,8.35,5.97021770477,45
109,0481944a4fdf636307259eff,M24,2,10.53,8.16445922852,45
109,0481944a4fdf636307259eff,M25,2,6.82,6.97055387497,20
109,0481944a4fdf636307259eff,M26,2,4.94,5.94136285782,20
109,0481944a4fdf636307259eff,M27,2,7.28,7.76473712921,30
109,0481944a4fdf636307259eff,M28,2,5.56,6.07246112823,30
109,0481944a4fdf636307259eff,M29,2,7.32,7.58254957199,30
109,0481944a4fdf636307259eff,M30,2,4.39,4.82893753052,21
113,c135fd0963573003df9035bb,M01,3,7.67,8.71597003937,10
113,c135fd0963573003df9035bb,M02,3,10.2,11.2318058014,15
113,c135fd0963573003df9035bb,M03,3,11.09,11.4096097946,21
113,c135fd0963573003df9035bb,M04,3,10.24,11.1039085388,21
113,c135fd0963573003df9035bb,M05,3,10.34,11.1529750824,21
113,c135fd0963573003df9035bb,M06,3,13.81,14.3801860809,21
113,c135fd0963573003df9035bb,M07,3,15.34,16.6505718231,30
113,c135fd0963573003df9035bb,M08,3,19.71,21.5223655701,30
113,c135fd0963573003df9035bb,M09,3,18.51,20.4919586182,30
113,c135fd0963573003df9035bb,M10,3,21.32,22.4031352997,30
113,c135fd0963573003df9035bb,M11,3,20.47,21.771730423,30
113,c135fd0963573003df9035bb,M12,3,28.37,30.3571472168,45
113,c135fd0963573003df9035bb,M13,3,29.16,30.5886096954,60
113,c135fd0963573003df9035bb,M14,3,25.7,28.0608482361,60
113,c135fd0963573003df9035bb,M15,3,29.18,30.8476753235,60
113,c135fd0963573003df9035bb,M16,3,57.83,59.885635376,100
113,c135fd0963573003df9035bb,M17,3,7.79,8.21606636047,14
113,c135fd0963573003df9035bb,M18,3,10.75,11.0731620789,21
113,c135fd0963573003df9035bb,M19,3,8.97,10.6192350388,21
113,c135fd0963573003df9035bb,M20,3,11.18,12.9052667618,20
113,c135fd0963573003df9035bb,M21,3,8.42,10.2156219482,21
113,c135fd0963573003df9035bb,M22,3,20.57,23.8907394409,45
113,c135fd0963573003df9035bb,M23,3,17.42,21.4961090088,45
113,c135fd0963573003df9035bb,M24,3,21.04,24.2781486511,45
113,c135fd0963573003df9035bb,M25,3,14.81,14.9825248718,20
113,c135fd0963573003df9035bb,M26,3,13.53,13.9408473969,20
113,c135fd0963573003df9035bb,M27,3,17.93,19.1006145477,30
113,c135fd0963573003df9035bb,M28,3,15.96,17.3513374329,30
113,c135fd0963573003df9035bb,M29,3,17.76,19.1697158813,30
113,c135fd0963573003df9035bb,M30,3,11.15,11.5770130157,21
114,5ab6d54df37caa459c1a457e,M25,3,12.55,12.9738359451,20
114,5ab6d54df37caa459c1a457e,M26,3,10.81,12.2602348328,20
114,5ab6d54df37caa459c1a457e,M27,3,12.79,15.352722168,30
114,5ab6d54df37caa459c1a457e,M28,3,10.79,13.9183502197,30
114,5ab6d54df37caa459c1a457e,M29,3,13.25,15.1929779053,30
114,5ab6d54df37caa459c1a457e,M30,3,7.75,9.38829421997,21
115,1ab7eba89cafc88387549334,M01,3,8.27,8.83991336823,10
115,1ab7eba89cafc88387549334,M02,3,10.96,11.3603115082,15
115,1ab7eba89cafc88387549334,M03,3,12.64,11.592924118,21
115,1ab7eba89cafc88387549334,M04,3,11.59,11.2382879257,21
115,1ab7eba89cafc88387549334,M05,3,11.77,11.2873544693,21
115,1ab7eba89cafc88387549334,M06,3,15.4,14.5501775742,21
115,1ab7eba89cafc88387549334,M07,3,17.69,17.0542030334,30
115,1ab7eba89cafc88387549334,M08,3,21.96,21.9188480377,30
115,1ab7eba89cafc88387549334,M09,3,20.48,20.8884410858,30
115,1ab7eba89cafc88387549334,M10,3,23.52,22.7996177673,30
115,1ab7eba89cafc88387549334,M11,3,22.59,22.1192779541,30
115,1ab7eba89cafc88387549334,M12,3,32.12,31.926366806,45
115,1ab7eba89cafc88387549334,M13,3,33.58,32.3265800476,60
115,1ab7eba89cafc88387549334,M14,3,30.28,29.461271286,60
115,1ab7eba89cafc88387549334,M15,3,33.96,32.6345710754,60
115,1ab7eba89cafc88387549334,M16,3,62.65,62.628200531,100
115,1ab7eba89cafc88387549334,M17,3,8.54,8.26475524902,14
115,1ab7eba89cafc88387549334,M18,3,12,11.1652393341,21
115,1ab7eba89cafc88387549334,M19,3,11.5,10.6658258438,21
115,1ab7eba89cafc88387549334,M20,3,13.3,12.9169750214,20
115,1ab7eba89cafc88387549334,M21,3,10.62,10.2132778168,21
115,1ab7eba89cafc88387549334,M22,3,27.56,25.2198009491,45
115,1ab7eba89cafc88387549334,M23,3,23.99,22.4513206482,45
115,1ab7eba89cafc88387549334,M24,3,27.94,25.6561470032,45
115,1ab7eba89cafc88387549334,M25,3,15.74,15.1342411041,20
115,1ab7eba89cafc88387549334,M26,3,14.48,14.0341873169,20
115,1ab7eba89cafc88387549334,M27,3,19.83,19.323009491,30
115,1ab7eba89cafc88387549334,M28,3,17.98,17.4184112549,30
115,1ab7eba89cafc88387549334,M29,3,19.79,19.4410438538,30
115,1ab7eba89cafc88387549334,M30,3,12.69,11.7603273392,21
116,9a9b3db558991f39668b2741,M01,2,4.4,3.99571204185,10
116,9a9b3db558991f39668b2741,M02,2,5.58,5.25475502014,15
116,9a9b3db558991f39668b2741,M03,2,4.9,5.36741924286,21
116,9a9b3db558991f39668b2741,M04,2,4.78,5.15650081635,21
116,9a9b3db558991f39668b2741,M05,2,4.38,5.2399687767,21
116,9a9b3db558991f39668b2741,M06,2,6.3,6.93266534805,21
116,9a9b3db558991f39668b2741,M07,2,6.04,7.17626571655,30
116,9a9b3db558991f39668b2741,M08,2,7.49,9.39732170105,30
116,9a9b3db558991f39668b2741,M09,2,6.88,8.48470211029,30
116,9a9b3db558991f39668b2741,M10,2,8.89,10.4172754288,30
116,9a9b3db558991f39668b2741,M11,2,8.59,9.74182415009,30
116,9a9b3db558991f39668b2741,M12,2,8.51,12.1148204803,45
116,9a9b3db558991f39668b2741,M13,2,9.25,12.1874847412,60
116,9a9b3db558991f39668b2741,M14,2,7.26,9.68920230865,60
116,9a9b3db558991f39668b2741,M15,2,9.04,12.1714744568,60
116,9a9b3db558991f39668b2741,M16,2,16.16,25.4976444244,100
116,9a9b3db558991f39668b2741,M17,2,2.8,3.39318299294,14
116,9a9b3db558991f39668b2741,M18,2,5.16,5.21982049942,21
116,9a9b3db558991f39668b2741,M19,2,4.56,4.54089927673,21
116,9a9b3db558991f39668b2741,M20,2,5.48,5.63259220123,20
116,9a9b3db558991f39668b2741,M21,2,4.59,4.26049613953,21
116,9a9b3db558991f39668b2741,M22,2,7.9,9.27536964417,45
116,9a9b3db558991f39668b2741,M23,2,6.57,6.92611598969,45
116,9a9b3db558991f39668b2741,M24,2,7.67,9.27362918854,45
116,9a9b3db558991f39668b2741,M25,2,10.22,7.83652067184,20
116,9a9b3db558991f39668b2741,M26,2,8.66,6.77031707764,20
116,9a9b3db558991f39668b2741,M27,2,9.64,9.30836391449,30
116,9a9b3db558991f39668b2741,M28,2,8.09,7.55110216141,30
116,9a9b3db558991f39668b2741,M29,2,9.34,9.21445941925,30
116,9a9b3db558991f39668b2741,M30,2,5.93,5.50118398666,21
117,1012fb46ebf465147816dc29,M01,3,6.69,6.79669284821,10
117,1012fb46ebf465147816dc29,M02,3,8.94,8.66090393066,15
117,1012fb46ebf465147816dc29,M03,3,8.7,8.85353183746,21
117,1012fb46ebf465147816dc29,M04,3,7.98,8.50263595581,21
117,1012fb46ebf465147816dc29,M05,3,7.93,8.55170249939,21
117,1012fb46ebf465147816dc29,M06,3,11,12.0618047714,21
117,1012fb46ebf465147816dc29,M07,3,11.69,13.2579183578,30
117,1012fb46ebf465147816dc29,M08,3,15.9,17.4630775452,30
117,1012fb46ebf465147816dc29,M09,3,14.76,16.4779510498,30
117,1012fb46ebf465147816dc29,M10,3,17.62,18.5055103302,30
117,1012fb46ebf465147816dc29,M11,3,16.79,17.6421127319,30
117,1012fb46ebf465147816dc29,M12,3,21.88,24.2844295502,45
117,1012fb46ebf465147816dc29,M13,3,21.35,24.2079467773,60
117,1012fb46ebf465147816dc29,M14,3,17.75,21.3342781067,60
117,1012fb46ebf465147816dc29,M15,3,21.51,24.5122070312,60
117,1012fb46ebf465147816dc29,M16,3,47.77,51.5841827393,100
117,1012fb46ebf465147816dc29,M17,3,6.33,6.29766464233,14
117,1012fb46ebf465147816dc29,M18,3,8.61,8.47188949585,21
117,1012fb46ebf465147816dc29,M19,3,7.82,7.98358821869,21
117,1012fb46ebf465147816dc29,M20,3,10.33,10.5823326111,20
117,1012fb46ebf465147816dc29,M21,3,7.55,7.5573425293,21
117,1012fb46ebf465147816dc29,M22,3,17.81,17.5832862854,45
117,1012fb46ebf465147816dc29,M23,3,14.9,14.7637033463,45
117,1012fb46ebf465147816dc29,M24,3,18.31,18.0158901215,45
117,1012fb46ebf465147816dc29,M25,3,13.2,13.0582504272,20
117,1012fb46ebf465147816dc29,M26,3,11.79,11.974193573,20
117,1012fb46ebf465147816dc29,M27,3,14.51,15.8322153091,30
117,1012fb46ebf465147816dc29,M28,3,12.41,13.8765182495,30
117,1012fb46ebf465147816dc29,M29,3,14.46,15.9465045929,30
117,1012fb46ebf465147816dc29,M30,3,8.72,9.02093505859,21
118,6382e37f456a6099a172d19e,M01,2,7.31,7.89650011063,10
118,6382e37f456a6099a172d19e,M02,2,9.78,9.49740123749,15
118,6382e37f456a6099a172d19e,M03,2,10.25,9.55723285675,21
118,6382e37f456a6099a172d19e,M04,2,9.43,9.24154758453,21
118,6382e37f456a6099a172d19e,M05,2,9.45,9.32501506805,21
118,6382e37f456a6099a172d19e,M06,2,12.8,12.1861057281,21
118,6382e37f456a6099a172d19e,M07,2,14.05,13.3458023071,30
118,6382e37f456a6099a172d19e,M08,2,18.42,16.7521648407,30
118,6382e37f456a6099a172d19e,M09,2,17.25,15.6101417542,30
118,6382e37f456a6099a172d19e,M10,2,20.08,17.708776474,30
118,6382e37f456a6099a172d19e,M11,2,19.19,17.0151481628,30
118,6382e37f456a6099a172d19e,M12,2,26.19,23.2731437683,45
118,6382e37f456a6099a172d19e,M13,2,26.3,23.0643730164,60
118,6382e37f456a6099a172d19e,M14,2,22.71,20.5754184723,60
118,6382e37f456a6099a172d19e,M15,2,26.4,23.4621276855,60
118,6382e37f456a6099a172d19e,M16,2,54.54,47.9753494263,100
118,6382e37f456a6099a172d19e,M17,2,7.29,7.29571533203,14
118,6382e37f456a6099a172d19e,M18,2,10.01,9.3048658371,21
118,6382e37f456a6099a172d19e,M19,2,8.5,8.82799911499,21
118,6382e37f456a6099a172d19e,M20,2,10.77,10.6821146011,20
118,6382e37f456a6099a172d19e,M21,2,8.08,8.37934970856,21
118,6382e37f456a6099a172d19e,M22,2,19.4,17.3452854156,45
118,6382e37f456a6099a172d19e,M23,2,16.41,14.9856462479,45
118,6382e37f456a6099a172d19e,M24,2,19.86,17.742313385,45
118,6382e37f456a6099a172d19e,M25,2,14.23,13.0899591446,20
118,6382e37f456a6099a172d19e,M26,2,12.93,11.9853963852,20
118,6382e37f456a6099a172d19e,M27,2,16.7,15.1986398697,30
118,6382e37f456a6099a172d19e,M28,2,14.7,13.4309988022,30
118,6382e37f456a6099a172d19e,M29,2,16.62,15.4590940475,30
118,6382e37f456a6099a172d19e,M30,2,10.29,9.69099903107,21
119,c488d0a9a839e2a349774985,M01,0,7.43,7.49547672272,10
119,c488d0a9a839e2a349774985,M02,0,9.87,9.13445186615,15
119,c488d0a9a839e2a349774985,M03,0,10.42,9.35479640961,21
119,c488d0a9a839e2a349774985,M04,0,9.63,8.94068241119,21
119,c488d0a9a839e2a349774985,M05,0,9.69,9.0111989975,21
119,c488d0a9a839e2a349774985,M06,0,13,11.7785406113,21
119,c488d0a9a839e2a349774985,M07,0,14.3,12.8974647522,30
119,c488d0a9a839e2a349774985,M08,0,18.67,16.5152606964,30
119,c488d0a9a839e2a349774985,M09,0,17.57,15.5267210007,30
119,c488d0a9a839e2a349774985,M10,0,20.32,17.5254497528,30
119,c488d0a9a839e2a349774985,M11,0,19.62,16.8678455353,30
119,c488d0a9a839e2a349774985,M12,0,26.58,22.4216823578,45
119,c488d0a9a839e2a349774985,M13,0,26.82,22.4804954529,60
119,c488d0a9a839e2a349774985,M14,0,23.22,20.0265312195,60
119,c488d0a9a839e2a349774985,M15,0,27.27,22.7304592133,60
119,c488d0a9a839e2a349774985,M16,0,55.11,48.6908988953,100
119,c488d0a9a839e2a349774985,M17,0,7.41,6.91646623611,14
119,c488d0a9a839e2a349774985,M18,0,10.2,9.01027393341,21
119,c488d0a9a839e2a349774985,M19,0,7.81,8.50846862793,21
119,c488d0a9a839e2a349774985,M20,0,10.04,10.4215784073,20
119,c488d0a9a839e2a349774985,M21,0,7.41,7.97735500336,21
119,c488d0a9a839e2a349774985,M22,0,17.21,17.0205211639,45
119,c488d0a9a839e2a349774985,M23,0,14.51,14.5959777832,45
119,c488d0a9a839e2a349774985,M24,0,17.67,17.3157806396,45
119,c488d0a9a839e2a349774985,M25,0,14.36,12.6085805893,20
119,c488d0a9a839e2a349774985,M26,0,13.06,11.670592308,20
119,c488d0a9a839e2a349774985,M27,0,16.95,14.452208519,30
119,c488d0a9a839e2a349774985,M28,0,14.95,12.7379102707,30
119,c488d0a9a839e2a349774985,M29,0,16.97,14.504196167,30
119,c488d0a9a839e2a349774985,M30,0,10.45,9.37062168121,21
121,4ed737567275c0296b371cfd,M01,4,4.39,3.21167087555,10
121,4ed737567275c0296b371cfd,M02,4,5.3,4.52572536469,15
121,4ed737567275c0296b371cfd,M03,4,4.92,4.62068653107,21
121,4ed737567275c0296b371cfd,M04,4,4.58,4.35650491714,21
121,4ed737567275c0296b371cfd,M05,4,4.49,4.38815975189,21
121,4ed737567275c0296b371cfd,M06,4,6.27,5.7425160408,21
121,4ed737567275c0296b371cfd,M07,4,5.86,5.80670642853,30
121,4ed737567275c0296b371cfd,M08,4,6.24,6.58538007736,30
121,4ed737567275c0296b371cfd,M09,4,5.01,5.76918077469,30
121,4ed737567275c0296b371cfd,M10,4,7.9,7.70697450638,30
121,4ed737567275c0296b371cfd,M11,4,6.83,6.95275878906,30
121,4ed737567275c0296b371cfd,M12,4,6.73,8.11356544495,45
121,4ed737567275c0296b371cfd,M13,4,7.48,8.31793785095,60
121,4ed737567275c0296b371cfd,M14,4,4.62,6.53270292282,60
121,4ed737567275c0296b371cfd,M15,4,7.97,8.28113079071,60
121,4ed737567275c0296b371cfd,M16,4,9.69,15.2206115723,100
121,4ed737567275c0296b371cfd,M17,4,2.65,2.63041639328,14
121,4ed737567275c0296b371cfd,M18,4,5.08,4.33724975586,21
121,4ed737567275c0296b371cfd,M19,4,4.49,3.8545217514,21
121,4ed737567275c0296b371cfd,M20,4,5.01,4.52360248566,20
121,4ed737567275c0296b371cfd,M21,4,4.45,3.63339161873,21
121,4ed737567275c0296b371cfd,M22,4,6.88,6.79503154755,45
121,4ed737567275c0296b371cfd,M23,4,4.89,5.04007339478,45
121,4ed737567275c0296b371cfd,M24,4,6.75,6.64811944962,45
121,4ed737567275c0296b371cfd,M25,4,7.53,6.72470426559,20
121,4ed737567275c0296b371cfd,M26,4,5.34,5.85474729538,20
121,4ed737567275c0296b371cfd,M27,4,7.76,6.88646745682,30
121,4ed737567275c0296b371cfd,M28,4,5.94,5.75850152969,30
121,4ed737567275c0296b371cfd,M29,4,7.63,6.72600889206,30
121,4ed737567275c0296b371cfd,M30,4,4.91,4.6478729248,21
124,aa29578ed01a37d051f2f8b7,M01,4,6.74,5.97041082382,10
124,aa29578ed01a37d051f2f8b7,M02,4,9.34,7.20682287216,15
124,aa29578ed01a37d051f2f8b7,M03,4,9.26,7.30178403854,21
124,aa29578ed01a37d051f2f8b7,M04,4,8.53,6.98318433762,21
124,aa29578ed01a37d051f2f8b7,M05,4,8.37,7.01483917236,21
124,aa29578ed01a37d051f2f8b7,M06,4,11.77,8.89327716827,21
124,aa29578ed01a37d051f2f8b7,M07,4,12.81,9.07557010651,30
124,aa29578ed01a37d051f2f8b7,M08,4,16.93,11.5114307404,30
124,aa29578ed01a37d051f2f8b7,M09,4,16.18,10.6323461533,30
124,aa29578ed01a37d051f2f8b7,M10,4,18.71,12.5971908569,30
124,aa29578ed01a37d051f2f8b7,M11,4,17.63,11.8243942261,30
124,aa29578ed01a37d051f2f8b7,M12,4,24.05,15.9929523468,45
124,aa29578ed01a37d051f2f8b7,M13,4,22.31,16.0701980591,60
124,aa29578ed01a37d051f2f8b7,M14,4,18.86,13.3052930832,60
124,aa29578ed01a37d051f2f8b7,M15,4,23.1,16.3274021149,60
124,aa29578ed01a37d051f2f8b7,M16,4,49.03,29.9664745331,100
124,aa29578ed01a37d051f2f8b7,M17,4,6.98,5.54584121704,14
124,aa29578ed01a37d051f2f8b7,M18,4,9.46,7.12609386444,21
124,aa29578ed01a37d051f2f8b7,M19,4,7.64,6.55622768402,21
124,aa29578ed01a37d051f2f8b7,M20,4,9.15,7.68019723892,20
124,aa29578ed01a37d051f2f8b7,M21,4,7.32,6.28068113327,21
124,aa29578ed01a37d051f2f8b7,M22,4,16.84,11.6778593063,45
124,aa29578ed01a37d051f2f8b7,M23,4,14.19,9.04685783386,45
124,aa29578ed01a37d051f2f8b7,M24,4,17.4,12.0254888535,45
124,aa29578ed01a37d051f2f8b7,M25,4,12.94,9.86364650726,20
124,aa29578ed01a37d051f2f8b7,M26,4,11.56,8.74226760864,20
124,aa29578ed01a37d051f2f8b7,M27,4,14.09,10.8717899323,30
124,aa29578ed01a37d051f2f8b7,M28,4,12.07,8.85264873505,30
124,aa29578ed01a37d051f2f8b7,M29,4,14.21,10.9672384262,30
124,aa29578ed01a37d051f2f8b7,M30,4,8.65,7.31715154648,21
128,ad3b009f5c46951acff42651,M01,1,5.95,6.6494641304,10
128,ad3b009f5c46951acff42651,M02,1,8.3,7.92422628403,15
128,ad3b009f5c46951acff42651,M03,1,7.73,8.03840827942,21
128,ad3b009f5c46951acff42651,M04,1,7.15,7.69352436066,21
128,ad3b009f5c46951acff42651,M05,1,6.86,7.79307126999,21
128,ad3b009f5c46951acff42651,M06,1,9.21,10.3386259079,21
128,ad3b009f5c46951acff42651,M07,1,10.28,10.8375520706,30
128,ad3b009f5c46951acff42651,M08,1,14.16,14.0276346207,30
128,ad3b009f5c46951acff42651,M09,1,13.03,13.1397695541,30
128,ad3b009f5c46951acff42651,M10,1,15.96,15.169002533,30
128,ad3b009f5c46951acff42651,M11,1,14.8,14.3481283188,30
128,ad3b009f5c46951acff42651,M12,1,18.97,18.5973567963,45
128,ad3b009f5c46951acff42651,M13,1,16.91,18.6203994751,60
128,ad3b009f5c46951acff42651,M14,1,13.89,15.8699502945,60
128,ad3b009f5c46951acff42651,M15,1,18.36,18.8635368347,60
128,ad3b009f5c46951acff42651,M16,1,36.61,35.0988311768,100
128,ad3b009f5c46951acff42651,M17,1,5.69,6.14544963837,14
128,ad3b009f5c46951acff42651,M18,1,7.84,7.73773574829,21
128,ad3b009f5c46951acff42651,M19,1,6.19,7.11321926117,21
128,ad3b009f5c46951acff42651,M20,1,8.87,8.77124786377,20
128,ad3b009f5c46951acff42651,M21,1,6.34,6.8392996788,21
128,ad3b009f5c46951acff42651,M22,1,14.12,14.1459512711,45
128,ad3b009f5c46951acff42651,M23,1,11.47,11.6492929459,45
128,ad3b009f5c46951acff42651,M24,1,16.53,14.4761314392,45
128,ad3b009f5c46951acff42651,M25,1,11.81,11.3791875839,20
128,ad3b009f5c46951acff42651,M26,1,10.43,10.2881975174,20
128,ad3b009f5c46951acff42651,M27,1,12.1,12.5557403564,30
128,ad3b009f5c46951acff42651,M28,1,10.19,10.7768888474,30
128,ad3b009f5c46951acff42651,M29,1,12.62,12.5680179596,30
128,ad3b009f5c46951acff42651,M30,1,7.15,8.07856559753,21
129,1de3e41098dfdbdb2adf0ebb,M01,1,5.63,4.34969377518,10
129,1de3e41098dfdbdb2adf0ebb,M02,1,7.52,5.45065307617,15
129,1de3e41098dfdbdb2adf0ebb,M03,1,6.57,5.51216030121,21
129,1de3e41098dfdbdb2adf0ebb,M04,1,6.13,5.18091201782,21
129,1de3e41098dfdbdb2adf0ebb,M05,1,5.94,5.28045892715,21
129,1de3e41098dfdbdb2adf0ebb,M06,1,8.28,7.62219333649,21
129,1de3e41098dfdbdb2adf0ebb,M07,1,8.6,7.88495779037,30
129,1de3e41098dfdbdb2adf0ebb,M08,1,12.11,10.3603258133,30
129,1de3e41098dfdbdb2adf0ebb,M09,1,11.18,9.44085407257,30
129,1de3e41098dfdbdb2adf0ebb,M10,1,13.75,11.5016937256,30
129,1de3e41098dfdbdb2adf0ebb,M11,1,12.87,10.6944541931,30
129,1de3e41098dfdbdb2adf0ebb,M12,1,15.82,13.723323822,45
129,1de3e41098dfdbdb2adf0ebb,M13,1,14.8,13.7918815613,60
129,1de3e41098dfdbdb2adf0ebb,M14,1,12.18,11.4494857788,60
129,1de3e41098dfdbdb2adf0ebb,M15,1,14.87,13.8394212723,60
129,1de3e41098dfdbdb2adf0ebb,M16,1,32.4,30.9059200287,100
129,1de3e41098dfdbdb2adf0ebb,M17,1,4.81,3.84809112549,14
129,1de3e41098dfdbdb2adf0ebb,M18,1,6.7,5.32009506226,21
129,1de3e41098dfdbdb2adf0ebb,M19,1,5.72,4.80036401749,21
129,1de3e41098dfdbdb2adf0ebb,M20,1,7.85,6.18266963959,20
129,1de3e41098dfdbdb2adf0ebb,M21,1,5.66,4.52342414856,21
129,1de3e41098dfdbdb2adf0ebb,M22,1,12.12,10.2238950729,45
129,1de3e41098dfdbdb2adf0ebb,M23,1,10.25,8.06822967529,45
129,1de3e41098dfdbdb2adf0ebb,M24,1,12.23,10.2462663651,45
129,1de3e41098dfdbdb2adf0ebb,M25,1,9.73,8.61306285858,20
129,1de3e41098dfdbdb2adf0ebb,M26,1,7.86,7.55023002625,20
129,1de3e41098dfdbdb2adf0ebb,M27,1,9.38,9.5633058548,30
129,1de3e41098dfdbdb2adf0ebb,M28,1,7.84,7.94103002548,30
129,1de3e41098dfdbdb2adf0ebb,M29,1,9.01,9.37998867035,30
129,1de3e41098dfdbdb2adf0ebb,M30,1,5.27,5.51616001129,21
130,cb76c9dc3ae475d3cc15b169,M01,1,8.29,8.75477027893,10
130,cb76c9dc3ae475d3cc15b169,M02,1,10.9,11.2318973541,15
130,cb76c9dc3ae475d3cc15b169,M03,1,12.56,11.5009002686,21
130,cb76c9dc3ae475d3cc15b169,M04,1,11.64,11.1790981293,21
130,cb76c9dc3ae475d3cc15b169,M05,1,11.79,11.2786445618,21
130,cb76c9dc3ae475d3cc15b169,M06,1,15.53,14.30838871,21
130,cb76c9dc3ae475d3cc15b169,M07,1,17.57,16.69947052,30
130,cb76c9dc3ae475d3cc15b169,M08,1,21.84,20.8844470978,30
130,cb76c9dc3ae475d3cc15b169,M09,1,20.58,19.9098358154,30
130,cb76c9dc3ae475d3cc15b169,M10,1,23.37,21.8056697845,30
130,cb76c9dc3ae475d3cc15b169,M11,1,22.57,21.2280197144,30
130,cb76c9dc3ae475d3cc15b169,M12,1,31.94,29.133272171,45
130,cb76c9dc3ae475d3cc15b169,M13,1,33.54,29.3546047211,60
130,cb76c9dc3ae475d3cc15b169,M14,1,30.32,26.8750514984,60
130,cb76c9dc3ae475d3cc15b169,M15,1,33.68,29.7027282715,60
130,cb76c9dc3ae475d3cc15b169,M16,1,62.65,58.0520362854,100
130,cb76c9dc3ae475d3cc15b169,M17,1,8.55,8.34387683868,14
130,cb76c9dc3ae475d3cc15b169,M18,1,12.05,11.1703910828,21
130,cb76c9dc3ae475d3cc15b169,M19,1,11.45,10.6064548492,21
130,cb76c9dc3ae475d3cc15b169,M20,1,13.29,12.689617157,20
130,cb76c9dc3ae475d3cc15b169,M21,1,10.47,10.2232484818,21
130,cb76c9dc3ae475d3cc15b169,M22,1,27.07,22.8764190674,45
130,cb76c9dc3ae475d3cc15b169,M23,1,23.76,20.4837741852,45
130,cb76c9dc3ae475d3cc15b169,M24,1,27.59,23.3812198639,45
130,cb76c9dc3ae475d3cc15b169,M25,1,15.76,15.0008506775,20
130,cb76c9dc3ae475d3cc15b169,M26,1,14.53,13.9497861862,20
130,cb76c9dc3ae475d3cc15b169,M27,1,19.94,18.2625637054,30
130,cb76c9dc3ae475d3cc15b169,M28,1,17.94,16.5728435516,30
130,cb76c9dc3ae475d3cc15b169,M29,1,19.85,18.3697128296,30
130,cb76c9dc3ae475d3cc15b169,M30,1,12.61,11.5251054764,21
131,cb8f65e269eb26164eb899ea,M01,1,4.24,4.41453886032,10
131,cb8f65e269eb26164eb899ea,M02,1,5.72,5.61167192459,15
131,cb8f65e269eb26164eb899ea,M03,1,4.94,5.75307512283,21
131,cb8f65e269eb26164eb899ea,M04,1,4.57,5.43131828308,21
131,cb8f65e269eb26164eb899ea,M05,1,4.24,5.53086471558,21
131,cb8f65e269eb26164eb899ea,M06,1,6.28,7.49120569229,21
131,cb8f65e269eb26164eb899ea,M07,1,6.14,7.68260908127,30
131,cb8f65e269eb26164eb899ea,M08,1,7.71,9.89396095276,30
131,cb8f65e269eb26164eb899ea,M09,1,6.25,9.02320194244,30
131,cb8f65e269eb26164eb899ea,M10,1,9.15,11.0519094467,30
131,cb8f65e269eb26164eb899ea,M11,1,7.19,10.276802063,30
131,cb8f65e269eb26164eb899ea,M12,1,8.87,10.7959461212,45
131,cb8f65e269eb26164eb899ea,M13,1,9.15,10.9280099869,60
131,cb8f65e269eb26164eb899ea,M14,1,7.34,8.59573173523,60
131,cb8f65e269eb26164eb899ea,M15,1,9.42,10.9612083435,60
131,cb8f65e269eb26164eb899ea,M16,1,17.11,23.0601272583,100
131,cb8f65e269eb26164eb899ea,M17,1,2.62,3.64437127113,14
131,cb8f65e269eb26164eb899ea,M18,1,5.06,5.47568702698,21
131,cb8f65e269eb26164eb899ea,M19,1,4.43,4.88737344742,21
131,cb8f65e269eb26164eb899ea,M20,1,5.22,6.14132547379,20
131,cb8f65e269eb26164eb899ea,M21,1,4.4,4.60513162613,21
131,cb8f65e269eb26164eb899ea,M22,1,7.35,9.71744060516,45
131,cb8f65e269eb26164eb899ea,M23,1,6.31,7.53568029404,45
131,cb8f65e269eb26164eb899ea,M24,1,7.15,9.72547054291,45
131,cb8f65e269eb26164eb899ea,M25,1,6.82,8.53340530396,20
131,cb8f65e269eb26164eb899ea,M26,1,5.07,7.62124300003,20
131,cb8f65e269eb26164eb899ea,M27,1,7.13,9.50524902344,30
131,cb8f65e269eb26164eb899ea,M28,1,5.56,7.85687923431,30
131,cb8f65e269eb26164eb899ea,M29,1,6.94,9.34681224823,30
131,cb8f65e269eb26164eb899ea,M30,1,4.39,5.77727985382,21
132,76675cb970506f4cb7f9b3ef,M01,4,8.55,10.0657072067,10
132,76675cb970506f4cb7f9b3ef,M02,4,11.22,12.230424881,15
132,76675cb970506f4cb7f9b3ef,M03,4,13.08,12.4154205322,21
132,76675cb970506f4cb7f9b3ef,M04,4,12.01,12.0403461456,21
132,76675cb970506f4cb7f9b3ef,M05,4,12.27,12.0720014572,21
132,76675cb970506f4cb7f9b3ef,M06,4,15.88,15.1197376251,21
132,76675cb970506f4cb7f9b3ef,M07,4,18.32,17.8247814178,30
132,76675cb970506f4cb7f9b3ef,M08,4,22.56,22.2425460815,30
132,76675cb970506f4cb7f9b3ef,M09,4,21.08,21.1767063141,30
132,76675cb970506f4cb7f9b3ef,M10,4,24.13,23.1016864777,30
132,76675cb970506f4cb7f9b3ef,M11,4,23.24,22.523059845,30
132,76675cb970506f4cb7f9b3ef,M12,4,33.07,31.7942123413,45
132,76675cb970506f4cb7f9b3ef,M13,4,34.67,32.1125259399,60
132,76675cb970506f4cb7f9b3ef,M14,4,31.36,29.4051437378,60
132,76675cb970506f4cb7f9b3ef,M15,4,35.32,32.3803977966,60
132,76675cb970506f4cb7f9b3ef,M16,4,63.82,60.1610183716,100
132,76675cb970506f4cb7f9b3ef,M17,4,8.81,9.60120201111,14
132,76675cb970506f4cb7f9b3ef,M18,4,12.4,12.0279283524,21
132,76675cb970506f4cb7f9b3ef,M19,4,12.19,11.5705099106,21
132,76675cb970506f4cb7f9b3ef,M20,4,13.89,13.6530036926,20
132,76675cb970506f4cb7f9b3ef,M21,4,11.08,11.2071247101,21
132,76675cb970506f4cb7f9b3ef,M22,4,29.02,25.7302265167,45
132,76675cb970506f4cb7f9b3ef,M23,4,25.24,23.0343856812,45
132,76675cb970506f4cb7f9b3ef,M24,4,29.94,26.0885334015,45
132,76675cb970506f4cb7f9b3ef,M25,4,16.08,15.8794326782,20
132,76675cb970506f4cb7f9b3ef,M26,4,14.75,14.8768596649,20
132,76675cb970506f4cb7f9b3ef,M27,4,20.35,20.0351390839,30
132,76675cb970506f4cb7f9b3ef,M28,4,18.47,18.2160015106,30
132,76675cb970506f4cb7f9b3ef,M29,4,20.41,20.1412639618,30
132,76675cb970506f4cb7f9b3ef,M30,4,13.13,12.4307889938,21
133,bcd4d25e30d0907c8a1680f0,M01,4,7.95,8.15711402893,10
133,bcd4d25e30d0907c8a1680f0,M02,4,10.59,10.0992097855,15
133,bcd4d25e30d0907c8a1680f0,M03,4,11.79,10.2288160324,21
133,bcd4d25e30d0907c8a1680f0,M04,4,10.74,9.85374164581,21
133,bcd4d25e30d0907c8a1680f0,M05,4,10.93,9.8853969574,21
133,bcd4d25e30d0907c8a1680f0,M06,4,14.54,13.4766359329,21
133,bcd4d25e30d0907c8a1680f0,M07,4,16.36,14.4297103882,30
133,bcd4d25e30d0907c8a1680f0,M08,4,20.71,18.3530864716,30
133,bcd4d25e30d0907c8a1680f0,M09,4,19.28,17.3496952057,30
133,bcd4d25e30d0907c8a1680f0,M10,4,22.34,19.370513916,30
133,bcd4d25e30d0907c8a1680f0,M11,4,21.37,18.6095733643,30
133,bcd4d25e30d0907c8a1680f0,M12,4,29.95,23.9504756927,45
133,bcd4d25e30d0907c8a1680f0,M13,4,30.98,24.0439567566,60
133,bcd4d25e30d0907c8a1680f0,M14,4,27.48,21.4569149017,60
133,bcd4d25e30d0907c8a1680f0,M15,4,31.25,24.357629776,60
133,bcd4d25e30d0907c8a1680f0,M16,4,59.82,52.8393707275,100
133,bcd4d25e30d0907c8a1680f0,M17,4,8.03,7.58039283752,14
133,bcd4d25e30d0907c8a1680f0,M18,4,11.08,9.87268638611,21
133,bcd4d25e30d0907c8a1680f0,M19,4,10.69,9.3569726944,21
133,bcd4d25e30d0907c8a1680f0,M20,4,11.99,12.0694417953,20
133,bcd4d25e30d0907c8a1680f0,M21,4,9.1,9.02495002747,21
133,bcd4d25e30d0907c8a1680f0,M22,4,23.18,18.9400463104,45
133,bcd4d25e30d0907c8a1680f0,M23,4,19.42,16.3832798004,45
133,bcd4d25e30d0907c8a1680f0,M24,4,23.82,19.3441562653,45
133,bcd4d25e30d0907c8a1680f0,M25,4,15.24,14.4470052719,20
133,bcd4d25e30d0907c8a1680f0,M26,4,13.96,13.4606761932,20
133,bcd4d25e30d0907c8a1680f0,M27,4,18.77,16.7971744537,30
133,bcd4d25e30d0907c8a1680f0,M28,4,16.83,15.0658054352,30
133,bcd4d25e30d0907c8a1680f0,M29,4,18.78,16.9491043091,30
133,bcd4d25e30d0907c8a1680f0,M30,4,11.85,10.244184494,21
134,a8b1cb2553507696b13260d8,M01,4,7.77,8.98253250122,10
134,a8b1cb2553507696b13260d8,M02,4,10.39,11.4411764145,15
134,a8b1cb2553507696b13260d8,M03,4,11.57,11.6123590469,21
134,a8b1cb2553507696b13260d8,M04,4,10.75,11.2475624084,21
134,a8b1cb2553507696b13260d8,M05,4,10.84,11.27921772,21
134,a8b1cb2553507696b13260d8,M06,4,14.25,14.4282283783,21
134,a8b1cb2553507696b13260d8,M07,4,16.09,17.1091823578,30
134,a8b1cb2553507696b13260d8,M08,4,20.44,21.9340705872,30
134,a8b1cb2553507696b13260d8,M09,4,19.23,20.8785076141,30
134,a8b1cb2553507696b13260d8,M10,4,21.97,22.8034877777,30
134,a8b1cb2553507696b13260d8,M11,4,21.19,22.224861145,30
134,a8b1cb2553507696b13260d8,M12,4,29.69,30.7586460114,45
134,a8b1cb2553507696b13260d8,M13,4,30.56,30.9300670624,60
134,a8b1cb2553507696b13260d8,M14,4,27.32,28.2620410919,60
134,a8b1cb2553507696b13260d8,M15,4,30.77,31.2334632874,60
134,a8b1cb2553507696b13260d8,M16,4,59.4,59.4995193481,100
134,a8b1cb2553507696b13260d8,M17,4,8.05,8.5180273056,14
134,a8b1cb2553507696b13260d8,M18,4,11.2,11.248957634,21
134,a8b1cb2553507696b13260d8,M19,4,9.88,10.7405157089,21
134,a8b1cb2553507696b13260d8,M20,4,12.04,12.9345617294,20
134,a8b1cb2553507696b13260d8,M21,4,9.26,10.4012212753,21
134,a8b1cb2553507696b13260d8,M22,4,23.22,24.5349502563,45
134,a8b1cb2553507696b13260d8,M23,4,19.93,21.8784675598,45
134,a8b1cb2553507696b13260d8,M24,4,23.95,24.9287834167,45
134,a8b1cb2553507696b13260d8,M25,4,15.02,15.1997423172,20
134,a8b1cb2553507696b13260d8,M26,4,13.8,14.2823257446,20
134,a8b1cb2553507696b13260d8,M27,4,18.45,19.2913417816,30
134,a8b1cb2553507696b13260d8,M28,4,16.59,17.5362644196,30
134,a8b1cb2553507696b13260d8,M29,4,18.34,19.4329929352,30
134,a8b1cb2553507696b13260d8,M30,4,11.62,11.6395463943,21
135,2dbcd2c21100a96deb0fc79b,M01,0,7.74,7.7024307251,10
135,2dbcd2c21100a96deb0fc79b,M02,0,10.31,9.53771972656,15
135,2dbcd2c21100a96deb0fc79b,M03,0,11.32,9.78102397919,21
135,2dbcd2c21100a96deb0fc79b,M04,0,10.46,9.36690998077,21
135,2dbcd2c21100a96deb0fc79b,M05,0,10.57,9.43742656708,21
135,2dbcd2c21100a96deb0fc79b,M06,0,13.99,12.615073204,21
135,2dbcd2c21100a96deb0fc79b,M07,0,15.68,13.8573255539,30
135,2dbcd2c21100a96deb0fc79b,M08,0,20.04,17.5278625488,30
135,2dbcd2c21100a96deb0fc79b,M09,0,18.85,16.5393390656,30
135,2dbcd2c21100a96deb0fc79b,M10,0,21.65,18.4609985352,30
135,2dbcd2c21100a96deb0fc79b,M11,0,20.88,17.9034118652,30
135,2dbcd2c21100a96deb0fc79b,M12,0,28.91,24.0553798676,45
135,2dbcd2c21100a96deb0fc79b,M13,0,29.56,24.2061462402,60
135,2dbcd2c21100a96deb0fc79b,M14,0,26.07,21.7521820068,60
135,2dbcd2c21100a96deb0fc79b,M15,0,30.1,24.5468902588,60
135,2dbcd2c21100a96deb0fc79b,M16,0,58.24,53.2185554504,100
135,2dbcd2c21100a96deb0fc79b,M17,0,7.89,7.24715948105,14
135,2dbcd2c21100a96deb0fc79b,M18,0,10.96,9.43650150299,21
135,2dbcd2c21100a96deb0fc79b,M19,0,8.8,8.93469715118,21
135,2dbcd2c21100a96deb0fc79b,M20,0,10.92,11.2351512909,20
135,2dbcd2c21100a96deb0fc79b,M21,0,8.22,8.40357017517,21
135,2dbcd2c21100a96deb0fc79b,M22,0,19.73,17.8468360901,45
135,2dbcd2c21100a96deb0fc79b,M23,0,16.75,15.4222946167,45
135,2dbcd2c21100a96deb0fc79b,M24,0,20.34,18.2328701019,45
135,2dbcd2c21100a96deb0fc79b,M25,0,14.9,13.5382938385,20
135,2dbcd2c21100a96deb0fc79b,M26,0,13.62,12.6003065109,20
135,2dbcd2c21100a96deb0fc79b,M27,0,18.11,15.6790294647,30
135,2dbcd2c21100a96deb0fc79b,M28,0,16.16,13.9647312164,30
135,2dbcd2c21100a96deb0fc79b,M29,0,18.15,15.8217964172,30
135,2dbcd2c21100a96deb0fc79b,M30,0,11.35,9.8900308609,21
137,4d08869f6c27483a6a997511,M01,3,6.74,7.95298910141,10
137,4d08869f6c27483a6a997511,M02,3,9.04,9.96090221405,15
137,4d08869f6c27483a6a997511,M03,3,8.9,10.0987215042,21
137,4d08869f6c27483a6a997511,M04,3,8.26,9.79302024841,21
137,4d08869f6c27483a6a997511,M05,3,8.12,9.84208679199,21
137,4d08869f6c27483a6a997511,M06,3,11.15,13.3504800797,21
137,4d08869f6c27483a6a997511,M07,3,12.04,14.7982206345,30
137,4d08869f6c27483a6a997511,M08,3,16.37,19.0444507599,30
137,4d08869f6c27483a6a997511,M09,3,15.42,18.0555839539,30
137,4d08869f6c27483a6a997511,M10,3,18,20.0868835449,30
137,4d08869f6c27483a6a997511,M11,3,17.16,19.2686805725,30
137,4d08869f6c27483a6a997511,M12,3,22.81,26.4461460114,45
137,4d08869f6c27483a6a997511,M13,3,22.06,26.4827785492,60
137,4d08869f6c27483a6a997511,M14,3,18.63,23.9550170898,60
137,4d08869f6c27483a6a997511,M15,3,22.19,26.7418441772,60
137,4d08869f6c27483a6a997511,M16,3,49.2,55.367149353,100
137,4d08869f6c27483a6a997511,M17,3,6.53,7.51601457596,14
137,4d08869f6c27483a6a997511,M18,3,8.88,9.79136753082,21
137,4d08869f6c27483a6a997511,M19,3,7.15,9.30773067474,21
137,4d08869f6c27483a6a997511,M20,3,9.5,11.9029111862,20
137,4d08869f6c27483a6a997511,M21,3,6.99,8.92667388916,21
137,4d08869f6c27483a6a997511,M22,3,15.76,19.5089111328,45
137,4d08869f6c27483a6a997511,M23,3,13.35,17.130279541,45
137,4d08869f6c27483a6a997511,M24,3,16.09,19.896320343,45
137,4d08869f6c27483a6a997511,M25,3,13.26,14.2572603226,20
137,4d08869f6c27483a6a997511,M26,3,11.93,13.2315807343,20
137,4d08869f6c27483a6a997511,M27,3,14.77,17.1161994934,30
137,4d08869f6c27483a6a997511,M28,3,12.74,15.3829145432,30
137,4d08869f6c27483a6a997511,M29,3,14.68,17.185300827,30
137,4d08869f6c27483a6a997511,M30,3,8.93,10.2661247253,21
138,fbb6ef4dd8eafc9c107d4009,M01,0,8.66,8.04897594452,10
138,fbb6ef4dd8eafc9c107d4009,M02,0,11.32,10.4821777344,15
138,fbb6ef4dd8eafc9c107d4009,M03,0,13.49,10.725481987,21
138,fbb6ef4dd8eafc9c107d4009,M04,0,12.67,10.3113679886,21
138,fbb6ef4dd8eafc9c107d4009,M05,0,12.85,10.3818845749,21
138,fbb6ef4dd8eafc9c107d4009,M06,0,16.33,13.6245880127,21
138,fbb6ef4dd8eafc9c107d4009,M07,0,19.05,16.3286685944,30
138,fbb6ef4dd8eafc9c107d4009,M08,0,23.17,21.05052948,30
138,fbb6ef4dd8eafc9c107d4009,M09,0,22.06,20.0426712036,30
138,fbb6ef4dd8eafc9c107d4009,M10,0,24.61,21.9306983948,30
138,fbb6ef4dd8eafc9c107d4009,M11,0,23.94,21.4260787964,30
138,fbb6ef4dd8eafc9c107d4009,M12,0,34.37,30.151889801,45
138,fbb6ef4dd8eafc9c107d4009,M13,0,36.42,30.3026561737,60
138,fbb6ef4dd8eafc9c107d4009,M14,0,33.55,27.7774829865,60
138,fbb6ef4dd8eafc9c107d4009,M15,0,36.6,30.6434001923,60
138,fbb6ef4dd8eafc9c107d4009,M16,0,65.77,60.1556816101,100
138,fbb6ef4dd8eafc9c107d4009,M17,0,9.09,7.57437372208,14
138,fbb6ef4dd8eafc9c107d4009,M18,0,12.97,10.3809595108,21
138,fbb6ef4dd8eafc9c107d4009,M19,0,12.28,10.0124731064,21
138,fbb6ef4dd8eafc9c107d4009,M20,0,13.91,12.3573865891,20
138,fbb6ef4dd8eafc9c107d4009,M21,0,11.32,9.48134613037,21
138,fbb6ef4dd8eafc9c107d4009,M22,0,29.16,23.5741519928,45
138,fbb6ef4dd8eafc9c107d4009,M23,0,25.5,21.0557060242,45
138,fbb6ef4dd8eafc9c107d4009,M24,0,29.94,23.9601860046,45
138,fbb6ef4dd8eafc9c107d4009,M25,0,16.27,14.3200931549,20
138,fbb6ef4dd8eafc9c107d4009,M26,0,15.01,13.3034791946,20
138,fbb6ef4dd8eafc9c107d4009,M27,0,20.92,18.6599559784,30
138,fbb6ef4dd8eafc9c107d4009,M28,0,19.21,16.829864502,30
138,fbb6ef4dd8eafc9c107d4009,M29,0,20.72,18.8244056702,30
138,fbb6ef4dd8eafc9c107d4009,M30,0,13.55,10.8344888687,21
139,2cf7f8352a953b94c74c8f49,M01,1,5,5.37844467163,10
139,2cf7f8352a953b94c74c8f49,M02,1,6.54,6.22744226456,15
139,2cf7f8352a953b94c74c8f49,M03,1,5.6,6.36413860321,21
139,2cf7f8352a953b94c74c8f49,M04,1,5.31,6.09273338318,21
139,2cf7f8352a953b94c74c8f49,M05,1,5.21,6.19228029251,21
139,2cf7f8352a953b94c74c8f49,M06,1,7.1,7.91099023819,21
139,2cf7f8352a953b94c74c8f49,M07,1,7.18,8.15732002258,30
139,2cf7f8352a953b94c74c8f49,M08,1,9.39,9.83043003082,30
139,2cf7f8352a953b94c74c8f49,M09,1,8.44,8.97080039978,30
139,2cf7f8352a953b94c74c8f49,M10,1,11.02,10.9717979431,30
139,2cf7f8352a953b94c74c8f49,M11,1,10.09,10.2244005203,30
139,2cf7f8352a953b94c74c8f49,M12,1,11.43,11.7438716888,45
139,2cf7f8352a953b94c74c8f49,M13,1,11.49,11.845831871,60
139,2cf7f8352a953b94c74c8f49,M14,1,8.89,9.57469081879,60
139,2cf7f8352a953b94c74c8f49,M15,1,11.4,11.8679008484,60
139,2cf7f8352a953b94c74c8f49,M16,1,21.41,22.4792995453,100
139,2cf7f8352a953b94c74c8f49,M17,1,3.82,4.68472242355,14
139,2cf7f8352a953b94c74c8f49,M18,1,5.76,6.13907957077,21
139,2cf7f8352a953b94c74c8f49,M19,1,5.31,5.60210180283,21
139,2cf7f8352a953b94c74c8f49,M20,1,6.99,6.6647772789,20
139,2cf7f8352a953b94c74c8f49,M21,1,5.3,5.29216814041,21
139,2cf7f8352a953b94c74c8f49,M22,1,10.69,9.84473896027,45
139,2cf7f8352a953b94c74c8f49,M23,1,8.73,7.68907165527,45
139,2cf7f8352a953b94c74c8f49,M24,1,10.79,10.0136957169,45
139,2cf7f8352a953b94c74c8f49,M25,1,7.99,8.76336193085,20
139,2cf7f8352a953b94c74c8f49,M26,1,5.75,7.71754217148,20
139,2cf7f8352a953b94c74c8f49,M27,1,8.02,9.55328273773,30
139,2cf7f8352a953b94c74c8f49,M28,1,6.6,7.88980388641,30
139,2cf7f8352a953b94c74c8f49,M29,1,7.65,9.40433692932,30
139,2cf7f8352a953b94c74c8f49,M30,1,4.18,6.32248878479,21
140,4dc9a1238a5c5e15ddab6051,M01,3,5.49,3.92716264725,10
140,4dc9a1238a5c5e15ddab6051,M02,3,7.35,5.06153488159,15
140,4dc9a1238a5c5e15ddab6051,M03,3,6.36,5.14292383194,21
140,4dc9a1238a5c5e15ddab6051,M04,3,5.94,4.91643762589,21
140,4dc9a1238a5c5e15ddab6051,M05,3,5.78,4.96550416946,21
140,4dc9a1238a5c5e15ddab6051,M06,3,8.05,6.70792579651,21
140,4dc9a1238a5c5e15ddab6051,M07,3,8.32,6.61258077621,30
140,4dc9a1238a5c5e15ddab6051,M08,3,11.66,8.45068264008,30
140,4dc9a1238a5c5e15ddab6051,M09,3,10.68,7.66451597214,30
140,4dc9a1238a5c5e15ddab6051,M10,3,13.3,9.57756710052,30
140,4dc9a1238a5c5e15ddab6051,M11,3,12.41,8.75412368774,30
140,4dc9a1238a5c5e15ddab6051,M12,3,15.09,10.5519046783,45
140,4dc9a1238a5c5e15ddab6051,M13,3,14.27,10.8102016449,60
140,4dc9a1238a5c5e15ddab6051,M14,3,11.65,8.45631694794,60
140,4dc9a1238a5c5e15ddab6051,M15,3,14.24,10.7276439667,60
140,4dc9a1238a5c5e15ddab6051,M16,3,30.66,20.0124149323,100
140,4dc9a1238a5c5e15ddab6051,M17,3,4.6,3.34740257263,14
140,4dc9a1238a5c5e15ddab6051,M18,3,6.49,4.90059280396,21
140,4dc9a1238a5c5e15ddab6051,M19,3,5.72,4.40836429596,21
140,4dc9a1238a5c5e15ddab6051,M20,3,7.83,5.33129644394,20
140,4dc9a1238a5c5e15ddab6051,M21,3,5.68,4.14546060562,21
140,4dc9a1238a5c5e15ddab6051,M22,3,12.14,8.52461147308,45
140,4dc9a1238a5c5e15ddab6051,M23,3,10.22,6.33882713318,45
140,4dc9a1238a5c5e15ddab6051,M24,3,12.28,8.58458995819,45
140,4dc9a1238a5c5e15ddab6051,M25,3,9.9,7.73162746429,20
140,4dc9a1238a5c5e15ddab6051,M26,3,7.94,6.69263982773,20
140,4dc9a1238a5c5e15ddab6051,M27,3,9.63,8.50977039337,30
140,4dc9a1238a5c5e15ddab6051,M28,3,8,6.80948543549,30
140,4dc9a1238a5c5e15ddab6051,M29,3,9.11,8.31812477112,30
140,4dc9a1238a5c5e15ddab6051,M30,3,5.29,5.31032705307,21
141,0d0b0a46ce9ecd81eed45455,M01,4,7.74,9.11269569397,10
141,0d0b0a46ce9ecd81eed45455,M02,4,10.31,11.4476881027,15
141,0d0b0a46ce9ecd81eed45455,M03,4,11.3,11.7229471207,21
141,0d0b0a46ce9ecd81eed45455,M04,4,10.4,11.3722991943,21
141,0d0b0a46ce9ecd81eed45455,M05,4,10.49,11.4039545059,21
141,0d0b0a46ce9ecd81eed45455,M06,4,13.99,14.3670845032,21
141,0d0b0a46ce9ecd81eed45455,M07,4,15.65,16.886259079,30
141,0d0b0a46ce9ecd81eed45455,M08,4,20.02,21.5934333801,30
141,0d0b0a46ce9ecd81eed45455,M09,4,18.78,20.5520191193,30
141,0d0b0a46ce9ecd81eed45455,M10,4,21.61,22.4769992828,30
141,0d0b0a46ce9ecd81eed45455,M11,4,20.7,21.8983726501,30
141,0d0b0a46ce9ecd81eed45455,M12,4,28.9,30.4496631622,45
141,0d0b0a46ce9ecd81eed45455,M13,4,29.67,30.8112812042,60
141,0d0b0a46ce9ecd81eed45455,M14,4,26.17,28.1935806274,60
141,0d0b0a46ce9ecd81eed45455,M15,4,29.78,31.100528717,60
141,0d0b0a46ce9ecd81eed45455,M16,4,58.37,59.4331512451,100
141,0d0b0a46ce9ecd81eed45455,M17,4,7.87,8.59941482544,14
141,0d0b0a46ce9ecd81eed45455,M18,4,10.92,11.3876152039,21
141,0d0b0a46ce9ecd81eed45455,M19,4,9.45,10.8511037827,21
141,0d0b0a46ce9ecd81eed45455,M20,4,11.64,12.8734178543,20
141,0d0b0a46ce9ecd81eed45455,M21,4,8.78,10.5398788452,21
141,0d0b0a46ce9ecd81eed45455,M22,4,21.89,24.2950954437,45
141,0d0b0a46ce9ecd81eed45455,M23,4,18.59,21.6889381409,45
141,0d0b0a46ce9ecd81eed45455,M24,4,22.42,24.674779892,45
141,0d0b0a46ce9ecd81eed45455,M25,4,14.9,15.1385984421,20
141,0d0b0a46ce9ecd81eed45455,M26,4,13.62,14.0581645966,20
141,0d0b0a46ce9ecd81eed45455,M27,4,18.13,19.0985641479,30
141,0d0b0a46ce9ecd81eed45455,M28,4,16.2,17.2660522461,30
141,0d0b0a46ce9ecd81eed45455,M29,4,18.02,19.2260665894,30
141,0d0b0a46ce9ecd81eed45455,M30,4,11.35,11.7501344681,21
143,8911f3588631f37c7617db17,M01,2,8.41,10.3153686523,10
143,8911f3588631f37c7617db17,M02,2,11.06,12.7048110962,15
143,8911f3588631f37c7617db17,M03,2,12.93,12.9991550446,21
143,8911f3588631f37c7617db17,M04,2,11.72,12.756234169,21
143,8911f3588631f37c7617db17,M05,2,12.03,12.8129882812,21
143,8911f3588631f37c7617db17,M06,2,15.68,16.083486557,21
143,8911f3588631f37c7617db17,M07,2,18.02,18.5091133118,30
143,8911f3588631f37c7617db17,M08,2,22.34,23.5675182343,30
143,8911f3588631f37c7617db17,M09,2,20.67,22.5070877075,30
143,8911f3588631f37c7617db17,M10,2,23.76,24.3735771179,30
143,8911f3588631f37c7617db17,M11,2,22.82,23.8765525818,30
143,8911f3588631f37c7617db17,M12,2,32.46,33.3876037598,45
143,8911f3588631f37c7617db17,M13,2,34.12,33.6256141663,60
143,8911f3588631f37c7617db17,M14,2,31.03,31.3287830353,60
143,8911f3588631f37c7617db17,M15,2,34.26,33.8022270203,60
143,8911f3588631f37c7617db17,M16,2,63.34,63.3723526001,100
143,8911f3588631f37c7617db17,M17,2,8.75,9.76264858246,14
143,8911f3588631f37c7617db17,M18,2,12.58,12.7738542557,21
143,8911f3588631f37c7617db17,M19,2,11.59,12.1624860764,21
143,8911f3588631f37c7617db17,M20,2,14.21,14.4720630646,20
143,8911f3588631f37c7617db17,M21,2,10.6,11.7810659409,21
143,8911f3588631f37c7617db17,M22,2,27.74,26.5702075958,45
143,8911f3588631f37c7617db17,M23,2,24.03,24.3035507202,45
143,8911f3588631f37c7617db17,M24,2,28.2,26.746088028,45
143,8911f3588631f37c7617db17,M25,2,15.9,16.8228416443,20
143,8911f3588631f37c7617db17,M26,2,14.62,15.7545976639,20
143,8911f3588631f37c7617db17,M27,2,20.05,20.9440326691,30
143,8911f3588631f37c7617db17,M28,2,18.26,19.212720871,30
143,8911f3588631f37c7617db17,M29,2,19.94,21.0568294525,30
143,8911f3588631f37c7617db17,M30,2,13.07,13.1329212189,21
144,2c5d43f76182fb5235fb9b35,M01,3,8.18,9.32300281525,10
144,2c5d43f76182fb5235fb9b35,M02,3,10.78,11.4773244858,15
144,2c5d43f76182fb5235fb9b35,M03,3,12.23,11.7099370956,21
144,2c5d43f76182fb5235fb9b35,M04,3,11.27,11.4042358398,21
144,2c5d43f76182fb5235fb9b35,M05,3,11.45,11.4533023834,21
144,2c5d43f76182fb5235fb9b35,M06,3,15.1,14.7791604996,21
144,2c5d43f76182fb5235fb9b35,M07,3,17.04,16.7030525208,30
144,2c5d43f76182fb5235fb9b35,M08,3,21.36,21.8636360168,30
144,2c5d43f76182fb5235fb9b35,M09,3,20.04,20.8332290649,30
144,2c5d43f76182fb5235fb9b35,M10,3,22.94,22.7444057465,30
144,2c5d43f76182fb5235fb9b35,M11,3,22.07,22.1130008698,30
144,2c5d43f76182fb5235fb9b35,M12,3,31.05,31.0460472107,45
144,2c5d43f76182fb5235fb9b35,M13,3,32.57,31.3528995514,60
144,2c5d43f76182fb5235fb9b35,M14,3,29.1,28.8169555664,60
144,2c5d43f76182fb5235fb9b35,M15,3,32.58,31.6119651794,60
144,2c5d43f76182fb5235fb9b35,M16,3,61.59,62.0462379456,100
144,2c5d43f76182fb5235fb9b35,M17,3,8.39,8.78348827362,14
144,2c5d43f76182fb5235fb9b35,M18,3,11.7,11.3734893799,21
144,2c5d43f76182fb5235fb9b35,M19,3,10.8,10.8201932907,21
144,2c5d43f76182fb5235fb9b35,M20,3,12.8,13.1868362427,20
144,2c5d43f76182fb5235fb9b35,M21,3,9.9,10.4165802002,21
144,2c5d43f76182fb5235fb9b35,M22,3,25.48,23.6653881073,45
144,2c5d43f76182fb5235fb9b35,M23,3,21.78,21.2262554169,45
144,2c5d43f76182fb5235fb9b35,M24,3,26.02,24.0527973175,45
144,2c5d43f76182fb5235fb9b35,M25,3,15.57,15.6676635742,20
144,2c5d43f76182fb5235fb9b35,M26,3,14.28,14.676908493,20
144,2c5d43f76182fb5235fb9b35,M27,3,19.43,19.3923168182,30
144,2c5d43f76182fb5235fb9b35,M28,3,17.52,17.5985374451,30
144,2c5d43f76182fb5235fb9b35,M29,3,19.28,19.4614181519,30
144,2c5d43f76182fb5235fb9b35,M30,3,12.28,11.8773403168,21
145,b059278e30a9ae7d8bf4fd90,M01,2,6.2,6.3311920166,10
145,b059278e30a9ae7d8bf4fd90,M02,2,8.26,7.85999393463,15
145,b059278e30a9ae7d8bf4fd90,M03,2,7.58,7.8437128067,21
145,b059278e30a9ae7d8bf4fd90,M04,2,6.82,7.52259159088,21
145,b059278e30a9ae7d8bf4fd90,M05,2,6.71,7.60606002808,21
145,b059278e30a9ae7d8bf4fd90,M06,2,9.62,10.2537355423,21
145,b059278e30a9ae7d8bf4fd90,M07,2,10.09,10.7542295456,30
145,b059278e30a9ae7d8bf4fd90,M08,2,14.2,13.4343309402,30
145,b059278e30a9ae7d8bf4fd90,M09,2,12.9,12.3910207748,30
145,b059278e30a9ae7d8bf4fd90,M10,2,15.77,14.4333171844,30
145,b059278e30a9ae7d8bf4fd90,M11,2,14.7,13.6686306,30
145,b059278e30a9ae7d8bf4fd90,M12,2,19.29,17.839050293,45
145,b059278e30a9ae7d8bf4fd90,M13,2,18.14,17.6015949249,60
145,b059278e30a9ae7d8bf4fd90,M14,2,15.09,15.0741014481,60
145,b059278e30a9ae7d8bf4fd90,M15,2,17.93,17.7859344482,60
145,b059278e30a9ae7d8bf4fd90,M16,2,42.23,38.0840110779,100
145,b059278e30a9ae7d8bf4fd90,M17,2,5.46,5.77844905853,14
145,b059278e30a9ae7d8bf4fd90,M18,2,7.44,7.5448513031,21
145,b059278e30a9ae7d8bf4fd90,M19,2,6.16,6.88030767441,21
145,b059278e30a9ae7d8bf4fd90,M20,2,8.45,8.56912994385,20
145,b059278e30a9ae7d8bf4fd90,M21,2,5.99,6.44719552994,21
145,b059278e30a9ae7d8bf4fd90,M22,2,13.22,13.0750865936,45
145,b059278e30a9ae7d8bf4fd90,M23,2,11.27,10.6966266632,45
145,b059278e30a9ae7d8bf4fd90,M24,2,13.3,13.2586994171,45
145,b059278e30a9ae7d8bf4fd90,M25,2,12.31,11.2226524353,20
145,b059278e30a9ae7d8bf4fd90,M26,2,10.92,10.3122119904,20
145,b059278e30a9ae7d8bf4fd90,M27,2,12.89,12.4206266403,30
145,b059278e30a9ae7d8bf4fd90,M28,2,10.89,10.7634620667,30
145,b059278e30a9ae7d8bf4fd90,M29,2,12.52,12.462012291,30
145,b059278e30a9ae7d8bf4fd90,M30,2,7.62,7.97747659683,21
146,58130070690af2c368385354,M01,0,3.76,4.09388685226,10
146,58130070690af2c368385354,M02,0,3.74,5.16269397736,15
146,58130070690af2c368385354,M03,0,4.24,5.30618333817,21
146,58130070690af2c368385354,M04,0,3.64,5.05364847183,21
146,58130070690af2c368385354,M05,0,3.56,5.03041315079,21
146,58130070690af2c368385354,M06,0,5.5,6.31053209305,21
146,58130070690af2c368385354,M07,0,4.56,6.15942621231,30
146,58130070690af2c368385354,M08,0,3.74,7.3074464798,30
146,58130070690af2c368385354,M09,0,2.55,6.65045928955,30
146,58130070690af2c368385354,M10,0,5.1,8.35441589355,30
146,58130070690af2c368385354,M11,0,3.92,7.70241498947,30
146,58130070690af2c368385354,M12,0,3.77,7.94729661942,45
146,58130070690af2c368385354,M13,0,5.35,8.21238994598,60
146,58130070690af2c368385354,M14,0,2.51,6.31840896606,60
146,58130070690af2c368385354,M15,0,5.69,8.18022060394,60
146,58130070690af2c368385354,M16,0,6.07,16.1196708679,100
146,58130070690af2c368385354,M17,0,1.93,3.74132180214,14
146,58130070690af2c368385354,M18,0,4.6,5.13670825958,21
146,58130070690af2c368385354,M19,0,3.71,4.31104516983,21
146,58130070690af2c368385354,M20,0,4.7,4.80357646942,20
146,58130070690af2c368385354,M21,0,4.2,4.02015161514,21
146,58130070690af2c368385354,M22,0,5.51,7.38623285294,45
146,58130070690af2c368385354,M23,0,2.96,5.5216755867,45
146,58130070690af2c368385354,M24,0,5.64,7.36928796768,45
146,58130070690af2c368385354,M25,0,6.02,7.41759300232,20
146,58130070690af2c368385354,M26,0,4.28,6.54404735565,20
146,58130070690af2c368385354,M27,0,6.57,7.54431962967,30
146,58130070690af2c368385354,M28,0,4.96,6.20062875748,30
146,58130070690af2c368385354,M29,0,6.48,7.39197540283,30
146,58130070690af2c368385354,M30,0,4.25,5.29792547226,21
147,1d7746b0a53dab9391e34d68,M01,4,7.83,9.05881404877,10
147,1d7746b0a53dab9391e34d68,M02,4,10.45,11.281701088,15
147,1d7746b0a53dab9391e34d68,M03,4,11.66,11.4389629364,21
147,1d7746b0a53dab9391e34d68,M04,4,10.73,11.0741662979,21
147,1d7746b0a53dab9391e34d68,M05,4,10.84,11.1058216095,21
147,1d7746b0a53dab9391e34d68,M06,4,14.28,14.3143634796,21
147,1d7746b0a53dab9391e34d68,M07,4,16.23,17.0027236938,30
147,1d7746b0a53dab9391e34d68,M08,4,20.57,21.7238197327,30
147,1d7746b0a53dab9391e34d68,M09,4,19.27,20.6682567596,30
147,1d7746b0a53dab9391e34d68,M10,4,22.11,22.5932369232,30
147,1d7746b0a53dab9391e34d68,M11,4,21.24,22.0146102905,30
147,1d7746b0a53dab9391e34d68,M12,4,29.88,28.9618167877,45
147,1d7746b0a53dab9391e34d68,M13,4,30.65,29.0932292938,60
147,1d7746b0a53dab9391e34d68,M14,4,27.34,26.4252033234,60
147,1d7746b0a53dab9391e34d68,M15,4,31.03,29.3966255188,60
147,1d7746b0a53dab9391e34d68,M16,4,59.54,59.0775947571,100
147,1d7746b0a53dab9391e34d68,M17,4,8.03,8.54553318024,14
147,1d7746b0a53dab9391e34d68,M18,4,11.21,11.0894823074,21
147,1d7746b0a53dab9391e34d68,M19,4,10.53,10.5671195984,21
147,1d7746b0a53dab9391e34d68,M20,4,12.61,12.8269996643,20
147,1d7746b0a53dab9391e34d68,M21,4,9.85,10.2417459488,21
147,1d7746b0a53dab9391e34d68,M22,4,25.08,23.036277771,45
147,1d7746b0a53dab9391e34d68,M23,4,21.77,20.3797950745,45
147,1d7746b0a53dab9391e34d68,M24,4,25.64,23.4301109314,45
147,1d7746b0a53dab9391e34d68,M25,4,15.04,15.1771392822,20
147,1d7746b0a53dab9391e34d68,M26,4,13.82,14.2597227097,20
147,1d7746b0a53dab9391e34d68,M27,4,18.49,18.9967136383,30
147,1d7746b0a53dab9391e34d68,M28,4,16.64,17.2416362762,30
147,1d7746b0a53dab9391e34d68,M29,4,18.51,19.1383647919,30
147,1d7746b0a53dab9391e34d68,M30,4,11.7,11.4661502838,21
148,1b9952df1d11d663488fce0b,M01,2,7.35,8.01700019836,10
148,1b9952df1d11d663488fce0b,M02,2,9.84,9.62181282043,15
148,1b9952df1d11d663488fce0b,M03,2,10.4,9.7344789505,21
148,1b9952df1d11d663488fce0b,M04,2,9.58,9.47313785553,21
148,1b9952df1d11d663488fce0b,M05,2,9.6,9.55660533905,21
148,1b9952df1d11d663488fce0b,M06,2,12.95,12.6787939072,21
148,1b9952df1d11d663488fce0b,M07,2,14.31,13.8836956024,30
148,1b9952df1d11d663488fce0b,M08,2,18.7,18.2063922882,30
148,1b9952df1d11d663488fce0b,M09,2,17.56,17.1396961212,30
148,1b9952df1d11d663488fce0b,M10,2,20.3,19.1933479309,30
148,1b9952df1d11d663488fce0b,M11,2,19.49,18.5004653931,30
148,1b9952df1d11d663488fce0b,M12,2,26.72,25.282617569,45
148,1b9952df1d11d663488fce0b,M13,2,26.91,25.3048591614,60
148,1b9952df1d11d663488fce0b,M14,2,23.41,22.81590271,60
148,1b9952df1d11d663488fce0b,M15,2,27.11,25.6482715607,60
148,1b9952df1d11d663488fce0b,M16,2,55.33,52.5585861206,100
148,1b9952df1d11d663488fce0b,M17,2,7.35,7.4617972374,14
148,1b9952df1d11d663488fce0b,M18,2,10.15,9.53645610809,21
148,1b9952df1d11d663488fce0b,M19,2,9,8.92915630341,21
148,1b9952df1d11d663488fce0b,M20,2,11.32,11.1219682693,20
148,1b9952df1d11d663488fce0b,M21,2,8.54,8.55582427979,21
148,1b9952df1d11d663488fce0b,M22,2,21.01,18.8306026459,45
148,1b9952df1d11d663488fce0b,M23,2,17.89,16.4906806946,45
148,1b9952df1d11d663488fce0b,M24,2,21.52,19.1732826233,45
148,1b9952df1d11d663488fce0b,M25,2,14.29,13.6688346863,20
148,1b9952df1d11d663488fce0b,M26,2,13.01,12.583981514,20
148,1b9952df1d11d663488fce0b,M27,2,16.91,16.1463527679,30
148,1b9952df1d11d663488fce0b,M28,2,14.95,14.3984222412,30
148,1b9952df1d11d663488fce0b,M29,2,16.84,16.3524684906,30
148,1b9952df1d11d663488fce0b,M30,2,10.44,9.86824512482,21
149,a93b32339ed8311dd7a541ef,M01,2,7.69,7.92343997955,10
149,a93b32339ed8311dd7a541ef,M02,2,10.27,9.67038536072,15
149,a93b32339ed8311dd7a541ef,M03,2,11.22,9.80630588531,21
149,a93b32339ed8311dd7a541ef,M04,2,10.24,9.55490207672,21
149,a93b32339ed8311dd7a541ef,M05,2,10.39,9.61165618896,21
149,a93b32339ed8311dd7a541ef,M06,2,13.81,13.0917444229,21
149,a93b32339ed8311dd7a541ef,M07,2,15.5,14.5015544891,30
149,a93b32339ed8311dd7a541ef,M08,2,19.88,19.0437927246,30
149,a93b32339ed8311dd7a541ef,M09,2,18.5,17.9393482208,30
149,a93b32339ed8311dd7a541ef,M10,2,21.51,20.0004043579,30
149,a93b32339ed8311dd7a541ef,M11,2,20.56,19.3443450928,30
149,a93b32339ed8311dd7a541ef,M12,2,28.59,26.7454662323,45
149,a93b32339ed8311dd7a541ef,M13,2,29.09,26.7741851807,60
149,a93b32339ed8311dd7a541ef,M14,2,25.6,24.2852287292,60
149,a93b32339ed8311dd7a541ef,M15,2,29.51,27.1343746185,60
149,a93b32339ed8311dd7a541ef,M16,2,57.72,56.1698455811,100
149,a93b32339ed8311dd7a541ef,M17,2,7.79,7.32401227951,14
149,a93b32339ed8311dd7a541ef,M18,2,10.77,9.61822032928,21
149,a93b32339ed8311dd7a541ef,M19,2,9.6,9.00098323822,21
149,a93b32339ed8311dd7a541ef,M20,2,11.82,11.5116643906,20
149,a93b32339ed8311dd7a541ef,M21,2,9.04,8.58990192413,21
149,a93b32339ed8311dd7a541ef,M22,2,22.58,19.6744823456,45
149,a93b32339ed8311dd7a541ef,M23,2,19.38,17.3148498535,45
149,a93b32339ed8311dd7a541ef,M24,2,23.1,20.0339412689,45
149,a93b32339ed8311dd7a541ef,M25,2,14.81,14.0059022903,20
149,a93b32339ed8311dd7a541ef,M26,2,13.53,12.9013395309,20
149,a93b32339ed8311dd7a541ef,M27,2,17.89,16.9057235718,30
149,a93b32339ed8311dd7a541ef,M28,2,15.94,15.1380805969,30
149,a93b32339ed8311dd7a541ef,M29,2,17.95,17.1286125183,30
149,a93b32339ed8311dd7a541ef,M30,2,11.26,9.94007205963,21
150,47a0e982a5cc29d0694317d1,M01,1,6.41,6.47846698761,10
150,47a0e982a5cc29d0694317d1,M02,1,8.91,8.04341030121,15
150,47a0e982a5cc29d0694317d1,M03,1,8.73,8.22355270386,21
150,47a0e982a5cc29d0694317d1,M04,1,8.09,7.86180973053,21
150,47a0e982a5cc29d0694317d1,M05,1,7.8,7.96135997772,21
150,47a0e982a5cc29d0694317d1,M06,1,10.41,10.7705316544,21
150,47a0e982a5cc29d0694317d1,M07,1,11.81,12.0169439316,30
150,47a0e982a5cc29d0694317d1,M08,1,16.04,15.6171598434,30
150,47a0e982a5cc29d0694317d1,M09,1,14.96,14.7124376297,30
150,47a0e982a5cc29d0694317d1,M10,1,17.74,16.758523941,30
150,47a0e982a5cc29d0694317d1,M11,1,16.66,15.920800209,30
150,47a0e982a5cc29d0694317d1,M12,1,22.21,21.6167907715,45
150,47a0e982a5cc29d0694317d1,M13,1,20.15,21.6891021729,60
150,47a0e982a5cc29d0694317d1,M14,1,16.91,18.981595993,60
150,47a0e982a5cc29d0694317d1,M15,1,21.69,21.8487415314,60
150,47a0e982a5cc29d0694317d1,M16,1,45.47,43.2647323608,100
150,47a0e982a5cc29d0694317d1,M17,1,6.41,5.93077421188,14
150,47a0e982a5cc29d0694317d1,M18,1,8.78,7.87812948227,21
150,47a0e982a5cc29d0694317d1,M19,1,5.99,7.36855649948,21
150,47a0e982a5cc29d0694317d1,M20,1,8.64,9.22159099579,20
150,47a0e982a5cc29d0694317d1,M21,1,6.19,7.04988622665,21
150,47a0e982a5cc29d0694317d1,M22,1,13.6,15.5339460373,45
150,47a0e982a5cc29d0694317d1,M23,1,11.29,13.0154504776,45
150,47a0e982a5cc29d0694317d1,M24,1,14.92,15.8239526749,45
150,47a0e982a5cc29d0694317d1,M25,1,12.6,11.6603679657,20
150,47a0e982a5cc29d0694317d1,M26,1,11.34,10.5333156586,20
150,47a0e982a5cc29d0694317d1,M27,1,13.63,13.9224424362,30
150,47a0e982a5cc29d0694317d1,M28,1,11.7,12.1075286865,30
150,47a0e982a5cc29d0694317d1,M29,1,14.2,13.879117012,30
150,47a0e982a5cc29d0694317d1,M30,1,8.17,8.24283695221,21
151,6b4c549deadd4454deb332d3,M01,1,6.08,6.27310419083,10
151,6b4c549deadd4454deb332d3,M02,1,8.06,7.7540140152,15
151,6b4c549deadd4454deb332d3,M03,1,7.27,7.88062477112,21
151,6b4c549deadd4454deb332d3,M04,1,6.55,7.54937601089,21
151,6b4c549deadd4454deb332d3,M05,1,6.43,7.64892244339,21
151,6b4c549deadd4454deb332d3,M06,1,9.26,10.3781652451,21
151,6b4c549deadd4454deb332d3,M07,1,9.63,10.6843414307,30
151,6b4c549deadd4454deb332d3,M08,1,13.63,13.66792202,30
151,6b4c549deadd4454deb332d3,M09,1,12.33,12.7800579071,30
151,6b4c549deadd4454deb332d3,M10,1,15.19,14.8092899323,30
151,6b4c549deadd4454deb332d3,M11,1,14.1,14.0020503998,30
151,6b4c549deadd4454deb332d3,M12,1,18.37,18.3919334412,45
151,6b4c549deadd4454deb332d3,M13,1,17.19,18.3502655029,60
151,6b4c549deadd4454deb332d3,M14,1,14.24,15.9079532623,60
151,6b4c549deadd4454deb332d3,M15,1,16.91,18.5350856781,60
151,6b4c549deadd4454deb332d3,M16,1,39.71,39.2762184143,100
151,6b4c549deadd4454deb332d3,M17,1,5.24,5.62520027161,14
151,6b4c549deadd4454deb332d3,M18,1,7.15,7.55536842346,21
151,6b4c549deadd4454deb332d3,M19,1,5.92,6.96209859848,21
151,6b4c549deadd4454deb332d3,M20,1,8.12,8.7753276825,20
151,6b4c549deadd4454deb332d3,M21,1,5.75,6.71676635742,21
151,6b4c549deadd4454deb332d3,M22,1,12.55,13.6499347687,45
151,6b4c549deadd4454deb332d3,M23,1,10.67,11.3943500519,45
151,6b4c549deadd4454deb332d3,M24,1,12.51,13.699637413,45
151,6b4c549deadd4454deb332d3,M25,1,12.05,11.3892354965,20
151,6b4c549deadd4454deb332d3,M26,1,10.61,10.3312196732,20
151,6b4c549deadd4454deb332d3,M27,1,12.41,12.7260494232,30
151,6b4c549deadd4454deb332d3,M28,1,10.41,11.0038585663,30
151,6b4c549deadd4454deb332d3,M29,1,12.01,12.6800107956,30
151,6b4c549deadd4454deb332d3,M30,1,7.3,7.90482950211,21
152,bc994c242eeac5db55f81cd1,M01,0,5.29,5.2471075058,10
152,bc994c242eeac5db55f81cd1,M02,0,7.08,6.65176677704,15
152,bc994c242eeac5db55f81cd1,M03,0,6.06,6.84666776657,21
152,bc994c242eeac5db55f81cd1,M04,0,5.69,6.50668334961,21
152,bc994c242eeac5db55f81cd1,M05,0,5.53,6.57719993591,21
152,bc994c242eeac5db55f81cd1,M06,0,7.67,9.23185539246,21
152,bc994c242eeac5db55f81cd1,M07,0,7.87,9.91752624512,30
152,bc994c242eeac5db55f81cd1,M08,0,10.98,13.1612892151,30
152,bc994c242eeac5db55f81cd1,M09,0,9.95,12.2275648117,30
152,bc994c242eeac5db55f81cd1,M10,0,12.57,14.1884059906,30
152,bc994c242eeac5db55f81cd1,M11,0,11.63,13.5625600815,30
152,bc994c242eeac5db55f81cd1,M12,0,14,17.3212947845,45
152,bc994c242eeac5db55f81cd1,M13,0,13.4,17.4354972839,60
152,bc994c242eeac5db55f81cd1,M14,0,10.83,15.0002412796,60
152,bc994c242eeac5db55f81cd1,M15,0,13.26,17.4140949249,60
152,bc994c242eeac5db55f81cd1,M16,0,27.98,37.4887161255,100
152,bc994c242eeac5db55f81cd1,M17,0,4.33,4.59744596481,14
152,bc994c242eeac5db55f81cd1,M18,0,6.21,6.48077774048,21
152,bc994c242eeac5db55f81cd1,M19,0,5.77,5.9115023613,21
152,bc994c242eeac5db55f81cd1,M20,0,7.99,7.78942537308,20
152,bc994c242eeac5db55f81cd1,M21,0,5.77,5.45450496674,21
152,bc994c242eeac5db55f81cd1,M22,0,12.41,13.1537322998,45
152,bc994c242eeac5db55f81cd1,M23,0,10.42,10.7479391098,45
152,bc994c242eeac5db55f81cd1,M24,0,12.59,13.0512361526,45
152,bc994c242eeac5db55f81cd1,M25,0,9.1,10.1629228592,20
152,bc994c242eeac5db55f81cd1,M26,0,6.91,9.21138763428,20
152,bc994c242eeac5db55f81cd1,M27,0,8.99,11.689242363,30
152,bc994c242eeac5db55f81cd1,M28,0,7.45,9.96139621735,30
152,bc994c242eeac5db55f81cd1,M29,0,8.51,11.5370483398,30
152,bc994c242eeac5db55f81cd1,M30,0,4.89,6.86249303818,21
153,dd846ae5b622e8b2e6c71cac,M01,2,8.95,10.6429014206,10
153,dd846ae5b622e8b2e6c71cac,M02,2,11.53,13.0589179993,15
153,dd846ae5b622e8b2e6c71cac,M03,2,13.76,13.4956569672,21
153,dd846ae5b622e8b2e6c71cac,M04,2,12.75,13.2348175049,21
153,dd846ae5b622e8b2e6c71cac,M05,2,12.98,13.2915716171,21
153,dd846ae5b622e8b2e6c71cac,M06,2,16.68,16.2545967102,21
153,dd846ae5b622e8b2e6c71cac,M07,2,19.41,18.8295574188,30
153,dd846ae5b622e8b2e6c71cac,M08,2,23.51,24.4736251831,30
153,dd846ae5b622e8b2e6c71cac,M09,2,22.16,23.413192749,30
153,dd846ae5b622e8b2e6c71cac,M10,2,25.04,25.2601108551,30
153,dd846ae5b622e8b2e6c71cac,M11,2,24.16,24.7451648712,30
153,dd846ae5b622e8b2e6c71cac,M12,2,34.85,36.3030815125,45
153,dd846ae5b622e8b2e6c71cac,M13,2,37.07,36.5035934448,60
153,dd846ae5b622e8b2e6c71cac,M14,2,34.06,34.1754112244,60
153,dd846ae5b622e8b2e6c71cac,M15,2,37.26,36.7177047729,60
153,dd846ae5b622e8b2e6c71cac,M16,2,66.41,64.9134750366,100
153,dd846ae5b622e8b2e6c71cac,M17,2,9.14,10.2289505005,14
153,dd846ae5b622e8b2e6c71cac,M18,2,13.05,13.3078107834,21
153,dd846ae5b622e8b2e6c71cac,M19,2,12.93,12.7673625946,21
153,dd846ae5b622e8b2e6c71cac,M20,2,14.51,14.7109670639,20
153,dd846ae5b622e8b2e6c71cac,M21,2,11.65,12.3680238724,21
153,dd846ae5b622e8b2e6c71cac,M22,2,31.02,29.5609798431,45
153,dd846ae5b622e8b2e6c71cac,M23,2,27.15,27.2980728149,45
153,dd846ae5b622e8b2e6c71cac,M24,2,31.78,29.774356842,45
153,dd846ae5b622e8b2e6c71cac,M25,2,16.54,16.9939460754,20
153,dd846ae5b622e8b2e6c71cac,M26,2,15.2,15.9303245544,20
153,dd846ae5b622e8b2e6c71cac,M27,2,21.29,21.3213977814,30
153,dd846ae5b622e8b2e6c71cac,M28,2,19.49,19.5386142731,30
153,dd846ae5b622e8b2e6c71cac,M29,2,21.08,21.4716892242,30
153,dd846ae5b622e8b2e6c71cac,M30,2,13.82,13.6294231415,21
154,f3706234c543da48bc5c0106,M01,0,8.35,8.30098724365,10
154,f3706234c543da48bc5c0106,M02,0,11.09,10.6970291138,15
154,f3706234c543da48bc5c0106,M03,0,12.89,10.9403333664,21
154,f3706234c543da48bc5c0106,M04,0,11.84,10.526219368,21
154,f3706234c543da48bc5c0106,M05,0,12.05,10.5967359543,21
154,f3706234c543da48bc5c0106,M06,0,15.58,13.7509393692,21
154,f3706234c543da48bc5c0106,M07,0,18.06,16.4550018311,30
154,f3706234c543da48bc5c0106,M08,0,22.3,21.2472991943,30
154,f3706234c543da48bc5c0106,M09,0,20.84,20.239440918,30
154,f3706234c543da48bc5c0106,M10,0,23.86,22.1274681091,30
154,f3706234c543da48bc5c0106,M11,0,23.07,21.6228485107,30
154,f3706234c543da48bc5c0106,M12,0,32.72,29.6911640167,45
154,f3706234c543da48bc5c0106,M13,0,34.01,29.8501186371,60
154,f3706234c543da48bc5c0106,M14,0,30.82,27.3456401825,60
154,f3706234c543da48bc5c0106,M15,0,34.8,30.1000823975,60
154,f3706234c543da48bc5c0106,M16,0,63.16,59.9227981567,100
154,f3706234c543da48bc5c0106,M17,0,8.68,7.85268259048,14
154,f3706234c543da48bc5c0106,M18,0,12.22,10.6221103668,21
154,f3706234c543da48bc5c0106,M19,0,11.65,10.1357440948,21
154,f3706234c543da48bc5c0106,M20,0,13.36,12.3719387054,20
154,f3706234c543da48bc5c0106,M21,0,10.59,9.60461711884,21
154,f3706234c543da48bc5c0106,M22,0,27.86,23.6822986603,45
154,f3706234c543da48bc5c0106,M23,0,24.31,21.2171058655,45
154,f3706234c543da48bc5c0106,M24,0,27.94,23.9775524139,45
154,f3706234c543da48bc5c0106,M25,0,15.83,14.4464445114,20
154,f3706234c543da48bc5c0106,M26,0,14.59,13.4110002518,20
154,f3706234c543da48bc5c0106,M27,0,20,18.7862892151,30
154,f3706234c543da48bc5c0106,M28,0,18.18,16.9745407104,30
154,f3706234c543da48bc5c0106,M29,0,20.12,18.8599586487,30
154,f3706234c543da48bc5c0106,M30,0,12.93,11.0493402481,21
155,8109b130d7942e795d77baa7,M01,1,6.14,6.73589897156,10
155,8109b130d7942e795d77baa7,M02,1,8.67,8.01070022583,15
155,8109b130d7942e795d77baa7,M03,1,7.79,8.12488269806,21
155,8109b130d7942e795d77baa7,M04,1,7.65,7.77999925613,21
155,8109b130d7942e795d77baa7,M05,1,7.19,7.87954568863,21
155,8109b130d7942e795d77baa7,M06,1,9.86,10.5338878632,21
155,8109b130d7942e795d77baa7,M07,1,11.24,10.9387798309,30
155,8109b130d7942e795d77baa7,M08,1,15.24,13.9435491562,30
155,8109b130d7942e795d77baa7,M09,1,13.77,13.0556840897,30
155,8109b130d7942e795d77baa7,M10,1,16.85,15.0849170685,30
155,8109b130d7942e795d77baa7,M11,1,15.61,14.2640428543,30
155,8109b130d7942e795d77baa7,M12,1,20.33,18.2830429077,45
155,8109b130d7942e795d77baa7,M13,1,18.57,18.3060855865,60
155,8109b130d7942e795d77baa7,M14,1,15.5,15.6195478439,60
155,8109b130d7942e795d77baa7,M15,1,20,18.4164390564,60
155,8109b130d7942e795d77baa7,M16,1,42.03,37.9299468994,100
155,8109b130d7942e795d77baa7,M17,1,5.85,6.21996593475,14
155,8109b130d7942e795d77baa7,M18,1,7.91,7.82421016693,21
155,8109b130d7942e795d77baa7,M19,1,6.43,7.26925516129,21
155,8109b130d7942e795d77baa7,M20,1,9.56,9.03607177734,20
155,8109b130d7942e795d77baa7,M21,1,6.67,6.99533605576,21
155,8109b130d7942e795d77baa7,M22,1,15.22,13.7300357819,45
155,8109b130d7942e795d77baa7,M23,1,12.26,11.2972774506,45
155,8109b130d7942e795d77baa7,M24,1,18.18,13.9274311066,45
155,8109b130d7942e795d77baa7,M25,1,12.21,11.5744495392,20
155,8109b130d7942e795d77baa7,M26,1,10.93,10.406542778,20
155,8109b130d7942e795d77baa7,M27,1,12.87,12.8154020309,30
155,8109b130d7942e795d77baa7,M28,1,11.02,10.9596338272,30
155,8109b130d7942e795d77baa7,M29,1,13.37,12.6948947906,30
155,8109b130d7942e795d77baa7,M30,1,7.66,8.16504001617,21
156,3104d8d880d3cd06ac46bd0b,M01,0,7.63,7.55684375763,10
156,3104d8d880d3cd06ac46bd0b,M02,0,10.16,8.92262458801,15
156,3104d8d880d3cd06ac46bd0b,M03,0,10.98,9.14296913147,21
156,3104d8d880d3cd06ac46bd0b,M04,0,10.1,8.77122783661,21
156,3104d8d880d3cd06ac46bd0b,M05,0,10.2,8.84174442291,21
156,3104d8d880d3cd06ac46bd0b,M06,0,13.68,11.3548440933,21
156,3104d8d880d3cd06ac46bd0b,M07,0,15.16,11.4796495438,30
156,3104d8d880d3cd06ac46bd0b,M08,0,19.53,15.2249479294,30
156,3104d8d880d3cd06ac46bd0b,M09,0,18.29,14.2760276794,30
156,3104d8d880d3cd06ac46bd0b,M10,0,21.14,16.2775115967,30
156,3104d8d880d3cd06ac46bd0b,M11,0,20.3,15.6199035645,30
156,3104d8d880d3cd06ac46bd0b,M12,0,28.01,21.7609329224,45
156,3104d8d880d3cd06ac46bd0b,M13,0,28.67,21.9123706818,60
156,3104d8d880d3cd06ac46bd0b,M14,0,25.1,19.536272049,60
156,3104d8d880d3cd06ac46bd0b,M15,0,28.78,22.0084228516,60
156,3104d8d880d3cd06ac46bd0b,M16,0,57.3,42.7721710205,100
156,3104d8d880d3cd06ac46bd0b,M17,0,7.49,6.99380064011,14
156,3104d8d880d3cd06ac46bd0b,M18,0,10.16,8.84081935883,21
156,3104d8d880d3cd06ac46bd0b,M19,0,9.5,8.24319076538,21
156,3104d8d880d3cd06ac46bd0b,M20,0,9.76,9.90612602234,20
156,3104d8d880d3cd06ac46bd0b,M21,0,7.1,7.75444459915,21
156,3104d8d880d3cd06ac46bd0b,M22,0,16.62,16.1582603455,45
156,3104d8d880d3cd06ac46bd0b,M23,0,17.25,13.8115940094,45
156,3104d8d880d3cd06ac46bd0b,M24,0,17.13,16.2996120453,45
156,3104d8d880d3cd06ac46bd0b,M25,0,14.75,12.3790931702,20
156,3104d8d880d3cd06ac46bd0b,M26,0,13.47,11.5189723969,20
156,3104d8d880d3cd06ac46bd0b,M27,0,17.78,13.9617214203,30
156,3104d8d880d3cd06ac46bd0b,M28,0,15.82,12.3252887726,30
156,3104d8d880d3cd06ac46bd0b,M29,0,17.69,13.9015407562,30
156,3104d8d880d3cd06ac46bd0b,M30,0,11.07,9.25197601318,21
157,bd2b46e5d8d336def30a4873,M01,1,7.44,7.52782297134,10
157,bd2b46e5d8d336def30a4873,M02,1,9.88,9.46179485321,15
157,bd2b46e5d8d336def30a4873,M03,1,10.44,9.70753002167,21
157,bd2b46e5d8d336def30a4873,M04,1,9.54,9.35942459106,21
157,bd2b46e5d8d336def30a4873,M05,1,9.47,9.45897102356,21
157,bd2b46e5d8d336def30a4873,M06,1,13.03,12.5918388367,21
157,bd2b46e5d8d336def30a4873,M07,1,14.31,14.5808477402,30
157,bd2b46e5d8d336def30a4873,M08,1,18.7,18.9489898682,30
157,bd2b46e5d8d336def30a4873,M09,1,17.44,17.9480743408,30
157,bd2b46e5d8d336def30a4873,M10,1,20.34,19.897567749,30
157,bd2b46e5d8d336def30a4873,M11,1,19.35,19.2662582397,30
157,bd2b46e5d8d336def30a4873,M12,1,26.64,25.8881111145,45
157,bd2b46e5d8d336def30a4873,M13,1,26.81,25.9382419586,60
157,bd2b46e5d8d336def30a4873,M14,1,23.06,23.4959220886,60
157,bd2b46e5d8d336def30a4873,M15,1,27.07,26.2070808411,60
157,bd2b46e5d8d336def30a4873,M16,1,55.15,56.4185066223,100
157,bd2b46e5d8d336def30a4873,M17,1,7.28,6.99331045151,14
157,bd2b46e5d8d336def30a4873,M18,1,10.1,9.36206817627,21
157,bd2b46e5d8d336def30a4873,M19,1,8.11,8.81308460236,21
157,bd2b46e5d8d336def30a4873,M20,1,10.53,10.9599914551,20
157,bd2b46e5d8d336def30a4873,M21,1,7.59,8.41492557526,21
157,bd2b46e5d8d336def30a4873,M22,1,18.39,19.3086986542,45
157,bd2b46e5d8d336def30a4873,M23,1,15.53,16.9883327484,45
157,bd2b46e5d8d336def30a4873,M24,1,18.86,19.7079105377,45
157,bd2b46e5d8d336def30a4873,M25,1,14.35,13.481675148,20
157,bd2b46e5d8d336def30a4873,M26,1,13,12.3315944672,20
157,bd2b46e5d8d336def30a4873,M27,1,16.94,16.8577823639,30
157,bd2b46e5d8d336def30a4873,M28,1,14.83,15.0296163559,30
157,bd2b46e5d8d336def30a4873,M29,1,16.87,16.9236507416,30
157,bd2b46e5d8d336def30a4873,M30,1,10.42,9.72681427002,21
158,3fd88639055c4f90157ae592,M01,4,8.32,9.26722335815,10
158,3fd88639055c4f90157ae592,M02,4,10.99,11.4041166306,15
158,3fd88639055c4f90157ae592,M03,4,12.7,11.5751914978,21
158,3fd88639055c4f90157ae592,M04,4,11.65,11.2001171112,21
158,3fd88639055c4f90157ae592,M05,4,11.86,11.2317724228,21
158,3fd88639055c4f90157ae592,M06,4,15.67,14.6584329605,21
158,3fd88639055c4f90157ae592,M07,4,17.75,16.6141109467,30
158,3fd88639055c4f90157ae592,M08,4,22.02,21.659040451,30
158,3fd88639055c4f90157ae592,M09,4,20.58,20.5932006836,30
158,3fd88639055c4f90157ae592,M10,4,23.59,22.5181808472,30
158,3fd88639055c4f90157ae592,M11,4,22.87,21.9395542145,30
158,3fd88639055c4f90157ae592,M12,4,32.47,29.4119930267,45
158,3fd88639055c4f90157ae592,M13,4,33.88,29.5469417572,60
158,3fd88639055c4f90157ae592,M14,4,30.62,26.9598999023,60
158,3fd88639055c4f90157ae592,M15,4,34.33,29.8606147766,60
158,3fd88639055c4f90157ae592,M16,4,63,60.0163879395,100
158,3fd88639055c4f90157ae592,M17,4,8.59,8.67148399353,14
158,3fd88639055c4f90157ae592,M18,4,12.06,11.2016201019,21
158,3fd88639055c4f90157ae592,M19,4,11.55,10.7033481598,21
158,3fd88639055c4f90157ae592,M20,4,13.52,13.1647663116,20
158,3fd88639055c4f90157ae592,M21,4,10.65,10.3538837433,21
158,3fd88639055c4f90157ae592,M22,4,27.95,22.6275196075,45
158,3fd88639055c4f90157ae592,M23,4,24.2,20.0520210266,45
158,3fd88639055c4f90157ae592,M24,4,28.58,23.0316295624,45
158,3fd88639055c4f90157ae592,M25,4,15.81,15.5093898773,20
158,3fd88639055c4f90157ae592,M26,4,14.55,14.5043315887,20
158,3fd88639055c4f90157ae592,M27,4,19.79,18.8912391663,30
158,3fd88639055c4f90157ae592,M28,4,18.1,17.141122818,30
158,3fd88639055c4f90157ae592,M29,4,19.97,19.0431671143,30
158,3fd88639055c4f90157ae592,M30,4,12.74,11.5905599594,21
159,7953ee787848eada3b125164,M01,3,5.16,4.26818370819,10
159,7953ee787848eada3b125164,M02,3,6.25,5.47957420349,15
159,7953ee787848eada3b125164,M03,3,5.25,5.560962677,21
159,7953ee787848eada3b125164,M04,3,5.04,5.29963684082,21
159,7953ee787848eada3b125164,M05,3,4.89,5.34870386124,21
159,7953ee787848eada3b125164,M06,3,6.71,7.25379943848,21
159,7953ee787848eada3b125164,M07,3,6.78,7.19329357147,30
159,7953ee787848eada3b125164,M08,3,9.04,9.48854351044,30
159,7953ee787848eada3b125164,M09,3,7.99,8.66753768921,30
159,7953ee787848eada3b125164,M10,3,10.48,10.5805883408,30
159,7953ee787848eada3b125164,M11,3,9.55,9.75714492798,30
159,7953ee787848eada3b125164,M12,3,11.15,11.9188013077,45
159,7953ee787848eada3b125164,M13,3,12.88,11.9998035431,60
159,7953ee787848eada3b125164,M14,3,10.86,9.51245594025,60
159,7953ee787848eada3b125164,M15,3,12.73,11.9526672363,60
159,7953ee787848eada3b125164,M16,3,26.84,23.5495700836,100
159,7953ee787848eada3b125164,M17,3,3.28,3.68650627136,14
159,7953ee787848eada3b125164,M18,3,5.38,5.26975488663,21
159,7953ee787848eada3b125164,M19,3,4.59,4.78034305573,21
159,7953ee787848eada3b125164,M20,3,5.68,5.83111095428,20
159,7953ee787848eada3b125164,M21,3,4.56,4.48259973526,21
159,7953ee787848eada3b125164,M22,3,8.58,9.55134296417,45
159,7953ee787848eada3b125164,M23,3,7.12,7.23209571838,45
159,7953ee787848eada3b125164,M24,3,8.05,9.57027626038,45
159,7953ee787848eada3b125164,M25,3,12.43,8.27749729156,20
159,7953ee787848eada3b125164,M26,3,10.98,7.27078342438,20
159,7953ee787848eada3b125164,M27,3,12.95,9.39572525024,30
159,7953ee787848eada3b125164,M28,3,10.91,7.63174724579,30
159,7953ee787848eada3b125164,M29,3,12.93,9.23950099945,30
159,7953ee787848eada3b125164,M30,3,7.82,5.72836637497,21
160,2673245c3e0a30a5c3e96d57,M01,0,4.87,4.36874198914,10
160,2673245c3e0a30a5c3e96d57,M02,0,6.15,5.4999871254,15
160,2673245c3e0a30a5c3e96d57,M03,0,5.16,5.6948890686,21
160,2673245c3e0a30a5c3e96d57,M04,0,4.94,5.30967903137,21
160,2673245c3e0a30a5c3e96d57,M05,0,4.8,5.38019561768,21
160,2673245c3e0a30a5c3e96d57,M06,0,6.58,7.70370578766,21
160,2673245c3e0a30a5c3e96d57,M07,0,6.67,7.84197711945,30
160,2673245c3e0a30a5c3e96d57,M08,0,8.81,9.72365093231,30
160,2673245c3e0a30a5c3e96d57,M09,0,7.65,8.84578514099,30
160,2673245c3e0a30a5c3e96d57,M10,0,10.24,10.7507677078,30
160,2673245c3e0a30a5c3e96d57,M11,0,9.26,10.0796966553,30
160,2673245c3e0a30a5c3e96d57,M12,0,10.82,12.1340818405,45
160,2673245c3e0a30a5c3e96d57,M13,0,10.61,12.2720460892,60
160,2673245c3e0a30a5c3e96d57,M14,0,10.47,9.93901538849,60
160,2673245c3e0a30a5c3e96d57,M15,0,8.54,12.2958717346,60
160,2673245c3e0a30a5c3e96d57,M16,0,18.83,25.2926445007,100
160,2673245c3e0a30a5c3e96d57,M17,0,3.03,3.74559736252,14
160,2673245c3e0a30a5c3e96d57,M18,0,5.26,5.26732397079,21
160,2673245c3e0a30a5c3e96d57,M19,0,4.55,4.72844791412,21
160,2673245c3e0a30a5c3e96d57,M20,0,5.56,6.373067379,20
160,2673245c3e0a30a5c3e96d57,M21,0,4.52,4.30487966537,21
160,2673245c3e0a30a5c3e96d57,M22,0,8.71,9.72205257416,45
160,2673245c3e0a30a5c3e96d57,M23,0,7.46,7.41846466064,45
160,2673245c3e0a30a5c3e96d57,M24,0,8.52,9.61764526367,45
160,2673245c3e0a30a5c3e96d57,M25,0,9.75,8.71732330322,20
160,2673245c3e0a30a5c3e96d57,M26,0,8.16,7.52831983566,20
160,2673245c3e0a30a5c3e96d57,M27,0,8.94,9.76098060608,30
160,2673245c3e0a30a5c3e96d57,M28,0,7.63,8.03260707855,30
160,2673245c3e0a30a5c3e96d57,M29,0,8.84,9.6646270752,30
160,2673245c3e0a30a5c3e96d57,M30,0,5.68,5.77981281281,21
161,cf53cfefe4d6fe2f0d464145,M01,4,6.99,8.49491596222,10
161,cf53cfefe4d6fe2f0d464145,M02,4,9.35,10.1131162643,15
161,cf53cfefe4d6fe2f0d464145,M03,4,9.44,10.2842988968,21
161,cf53cfefe4d6fe2f0d464145,M04,4,8.57,9.92063713074,21
161,cf53cfefe4d6fe2f0d464145,M05,4,8.45,9.95229244232,21
161,cf53cfefe4d6fe2f0d464145,M06,4,11.86,13.3515119553,21
161,cf53cfefe4d6fe2f0d464145,M07,4,12.83,14.95054245,30
161,cf53cfefe4d6fe2f0d464145,M08,4,17.21,18.9284172058,30
161,cf53cfefe4d6fe2f0d464145,M09,4,15.96,17.8739910126,30
161,cf53cfefe4d6fe2f0d464145,M10,4,18.82,19.7989711761,30
161,cf53cfefe4d6fe2f0d464145,M11,4,17.84,19.2203445435,30
161,cf53cfefe4d6fe2f0d464145,M12,4,24.23,26.252204895,45
161,cf53cfefe4d6fe2f0d464145,M13,4,23.8,26.3520622253,60
161,cf53cfefe4d6fe2f0d464145,M14,4,20.18,24.0031929016,60
161,cf53cfefe4d6fe2f0d464145,M15,4,23.97,26.4147338867,60
161,cf53cfefe4d6fe2f0d464145,M16,4,51.53,55.0406455994,100
161,cf53cfefe4d6fe2f0d464145,M17,4,6.67,7.91382789612,14
161,cf53cfefe4d6fe2f0d464145,M18,4,9.19,9.9345293045,21
161,cf53cfefe4d6fe2f0d464145,M19,4,6.67,9.42495250702,21
161,cf53cfefe4d6fe2f0d464145,M20,4,9.11,11.8408784866,20
161,cf53cfefe4d6fe2f0d464145,M21,4,6.42,9.08679294586,21
161,cf53cfefe4d6fe2f0d464145,M22,4,14.55,19.4234409332,45
161,cf53cfefe4d6fe2f0d464145,M23,4,12.41,17.0861148834,45
161,cf53cfefe4d6fe2f0d464145,M24,4,14.74,19.57654953,45
161,cf53cfefe4d6fe2f0d464145,M25,4,13.66,14.3520212173,20
161,cf53cfefe4d6fe2f0d464145,M26,4,12.34,13.4346046448,20
161,cf53cfefe4d6fe2f0d464145,M27,4,15.57,17.312538147,30
161,cf53cfefe4d6fe2f0d464145,M28,4,13.51,15.5871400833,30
161,cf53cfefe4d6fe2f0d464145,M29,4,15.46,17.2515583038,30
161,cf53cfefe4d6fe2f0d464145,M30,4,9.42,10.3114862442,21
162,bbde6b2455ce1854559c6709,M01,1,7.34,6.2918138504,10
162,bbde6b2455ce1854559c6709,M02,1,9.73,7.89236450195,15
162,bbde6b2455ce1854559c6709,M03,1,10.16,8.07300186157,21
162,bbde6b2455ce1854559c6709,M04,1,9.35,7.72489023209,21
162,bbde6b2455ce1854559c6709,M05,1,9.19,7.82443761826,21
162,bbde6b2455ce1854559c6709,M06,1,12.73,10.7477197647,21
162,bbde6b2455ce1854559c6709,M07,1,13.91,12.0422382355,30
162,bbde6b2455ce1854559c6709,M08,1,18.31,15.3260583878,30
162,bbde6b2455ce1854559c6709,M09,1,17.24,14.3418874741,30
162,bbde6b2455ce1854559c6709,M10,1,19.92,16.4374217987,30
162,bbde6b2455ce1854559c6709,M11,1,18.99,15.6433296204,30
162,bbde6b2455ce1854559c6709,M12,1,26.21,21.51653862,45
162,bbde6b2455ce1854559c6709,M13,1,26.08,21.5152587891,60
162,bbde6b2455ce1854559c6709,M14,1,22.57,19.1869678497,60
162,bbde6b2455ce1854559c6709,M15,1,26.51,21.7840976715,60
162,bbde6b2455ce1854559c6709,M16,1,54.3,47.0908584595,100
162,bbde6b2455ce1854559c6709,M17,1,7.13,5.68085241318,14
162,bbde6b2455ce1854559c6709,M18,1,9.97,7.72753286362,21
162,bbde6b2455ce1854559c6709,M19,1,7.21,7.2436542511,21
162,bbde6b2455ce1854559c6709,M20,1,9.66,9.197722435,20
162,bbde6b2455ce1854559c6709,M21,1,6.9,6.84549474716,21
162,bbde6b2455ce1854559c6709,M22,1,15.93,15.2344789505,45
162,bbde6b2455ce1854559c6709,M23,1,13.56,13.0281476974,45
162,bbde6b2455ce1854559c6709,M24,1,16.19,15.6336832047,45
162,bbde6b2455ce1854559c6709,M25,1,14.26,11.637556076,20
162,bbde6b2455ce1854559c6709,M26,1,12.91,10.5133743286,20
162,bbde6b2455ce1854559c6709,M27,1,16.69,13.9473600388,30
162,bbde6b2455ce1854559c6709,M28,1,14.58,12.2332143784,30
162,bbde6b2455ce1854559c6709,M29,1,16.51,14.0132322311,30
162,bbde6b2455ce1854559c6709,M30,1,10.14,8.09228610992,21
163,bbde6b2455ce1854559c6709,M01,1,7.34,6.2918138504,10
163,bbde6b2455ce1854559c6709,M02,1,9.79,7.89236450195,15
163,bbde6b2455ce1854559c6709,M03,1,10.25,8.07300186157,21
163,bbde6b2455ce1854559c6709,M04,1,9.4,7.72489023209,21
163,bbde6b2455ce1854559c6709,M05,1,9.31,7.82443761826,21
163,bbde6b2455ce1854559c6709,M06,1,12.81,10.7477197647,21
163,bbde6b2455ce1854559c6709,M07,1,14.04,12.0422382355,30
163,bbde6b2455ce1854559c6709,M08,1,18.44,15.3260583878,30
163,bbde6b2455ce1854559c6709,M09,1,17.24,14.3418874741,30
163,bbde6b2455ce1854559c6709,M10,1,20.06,16.4374217987,30
163,bbde6b2455ce1854559c6709,M11,1,19.12,15.6433296204,30
163,bbde6b2455ce1854559c6709,M12,1,26.21,21.51653862,45
163,bbde6b2455ce1854559c6709,M13,1,26.31,21.5152587891,60
163,bbde6b2455ce1854559c6709,M14,1,22.57,19.1869678497,60
163,bbde6b2455ce1854559c6709,M15,1,26.51,21.7840976715,60
163,bbde6b2455ce1854559c6709,M16,1,54.55,47.0908584595,100
163,bbde6b2455ce1854559c6709,M17,1,7.19,5.68085241318,14
163,bbde6b2455ce1854559c6709,M18,1,9.98,7.72753286362,21
163,bbde6b2455ce1854559c6709,M19,1,8.04,7.2436542511,21
163,bbde6b2455ce1854559c6709,M20,1,10.46,9.197722435,20
163,bbde6b2455ce1854559c6709,M21,1,7.6,6.84549474716,21
163,bbde6b2455ce1854559c6709,M22,1,18.19,15.2344789505,45
163,bbde6b2455ce1854559c6709,M23,1,15.37,13.0281476974,45
163,bbde6b2455ce1854559c6709,M24,1,18.66,15.6336832047,45
163,bbde6b2455ce1854559c6709,M25,1,14.26,11.637556076,20
163,bbde6b2455ce1854559c6709,M26,1,12.91,10.5133743286,20
163,bbde6b2455ce1854559c6709,M27,1,16.69,13.9473600388,30
163,bbde6b2455ce1854559c6709,M28,1,14.58,12.2332143784,30
163,bbde6b2455ce1854559c6709,M29,1,16.66,14.0132322311,30
163,bbde6b2455ce1854559c6709,M30,1,10.25,8.09228610992,21
164,2f5f0ba7541c2228903defab,M01,1,7.08,7.83956861496,10
164,2f5f0ba7541c2228903defab,M02,1,9.44,9.85969257355,15
164,2f5f0ba7541c2228903defab,M03,1,9.6,10.1310863495,21
164,2f5f0ba7541c2228903defab,M04,1,8.77,9.7956495285,21
164,2f5f0ba7541c2228903defab,M05,1,8.8,9.895195961,21
164,2f5f0ba7541c2228903defab,M06,1,12.11,13.217461586,21
164,2f5f0ba7541c2228903defab,M07,1,13.06,14.6892442703,30
164,2f5f0ba7541c2228903defab,M08,1,17.41,18.7442016602,30
164,2f5f0ba7541c2228903defab,M09,1,16.18,17.8341808319,30
164,2f5f0ba7541c2228903defab,M10,1,19.08,19.8855667114,30
164,2f5f0ba7541c2228903defab,M11,1,18.2,19.0741386414,30
164,2f5f0ba7541c2228903defab,M12,1,24.47,26.3780593872,45
164,2f5f0ba7541c2228903defab,M13,1,24.45,26.5402145386,60
164,2f5f0ba7541c2228903defab,M14,1,20.81,23.7761363983,60
164,2f5f0ba7541c2228903defab,M15,1,24.37,26.7568626404,60
164,2f5f0ba7541c2228903defab,M16,1,52.34,54.7072143555,100
164,2f5f0ba7541c2228903defab,M17,1,6.89,7.24788999557,14
164,2f5f0ba7541c2228903defab,M18,1,9.37,9.78566265106,21
164,2f5f0ba7541c2228903defab,M19,1,8.64,9.16279411316,21
164,2f5f0ba7541c2228903defab,M20,1,11.02,11.5552253723,20
164,2f5f0ba7541c2228903defab,M21,1,8.25,8.81251525879,21
164,2f5f0ba7541c2228903defab,M22,1,20.14,19.2018718719,45
164,2f5f0ba7541c2228903defab,M23,1,17.03,16.5917568207,45
164,2f5f0ba7541c2228903defab,M24,1,20.58,19.5751972198,45
164,2f5f0ba7541c2228903defab,M25,1,13.86,14.1557950974,20
164,2f5f0ba7541c2228903defab,M26,1,12.51,12.9804372787,20
164,2f5f0ba7541c2228903defab,M27,1,15.91,17.2340717316,30
164,2f5f0ba7541c2228903defab,M28,1,13.84,15.370475769,30
164,2f5f0ba7541c2228903defab,M29,1,15.74,17.2740535736,30
164,2f5f0ba7541c2228903defab,M30,1,9.62,10.2251710892,21
165,ea2b62de5e4c4a4dd0b95da6,M01,1,8.36,8.63768005371,10
165,ea2b62de5e4c4a4dd0b95da6,M02,1,11.08,10.8708648682,15
165,ea2b62de5e4c4a4dd0b95da6,M03,1,12.92,11.1785316467,21
165,ea2b62de5e4c4a4dd0b95da6,M04,1,11.78,10.8743715286,21
165,ea2b62de5e4c4a4dd0b95da6,M05,1,12.01,10.9739179611,21
165,ea2b62de5e4c4a4dd0b95da6,M06,1,15.59,14.0210027695,21
165,ea2b62de5e4c4a4dd0b95da6,M07,1,18.11,16.4504165649,30
165,ea2b62de5e4c4a4dd0b95da6,M08,1,22.35,20.9920635223,30
165,ea2b62de5e4c4a4dd0b95da6,M09,1,20.77,20.0350952148,30
165,ea2b62de5e4c4a4dd0b95da6,M10,1,23.88,21.9132862091,30
165,ea2b62de5e4c4a4dd0b95da6,M11,1,22.89,21.3532791138,30
165,ea2b62de5e4c4a4dd0b95da6,M12,1,32.81,29.3084373474,45
165,ea2b62de5e4c4a4dd0b95da6,M13,1,34.12,29.5860767365,60
165,ea2b62de5e4c4a4dd0b95da6,M14,1,30.96,26.9951591492,60
165,ea2b62de5e4c4a4dd0b95da6,M15,1,34.84,29.916557312,60
165,ea2b62de5e4c4a4dd0b95da6,M16,1,63.27,57.8626022339,100
165,ea2b62de5e4c4a4dd0b95da6,M17,1,8.61,8.25537204742,14
165,ea2b62de5e4c4a4dd0b95da6,M18,1,12.15,10.9185581207,21
165,ea2b62de5e4c4a4dd0b95da6,M19,1,11.54,10.2223081589,21
165,ea2b62de5e4c4a4dd0b95da6,M20,1,13.31,12.2970399857,20
165,ea2b62de5e4c4a4dd0b95da6,M21,1,10.48,9.79690647125,21
165,ea2b62de5e4c4a4dd0b95da6,M22,1,27.28,22.955947876,45
165,ea2b62de5e4c4a4dd0b95da6,M23,1,23.75,20.4519386292,45
165,ea2b62de5e4c4a4dd0b95da6,M24,1,28.12,23.3621845245,45
165,ea2b62de5e4c4a4dd0b95da6,M25,1,15.83,14.6811008453,20
165,ea2b62de5e4c4a4dd0b95da6,M26,1,14.59,13.5275945663,20
165,ea2b62de5e4c4a4dd0b95da6,M27,1,20.02,18.4846382141,30
165,ea2b62de5e4c4a4dd0b95da6,M28,1,18.23,16.6835536957,30
165,ea2b62de5e4c4a4dd0b95da6,M29,1,20.15,18.5741443634,30
165,ea2b62de5e4c4a4dd0b95da6,M30,1,12.96,11.1825313568,21
166,85cf5990e92211843a2bfe23,M01,1,7.64,8.0103187561,10
166,85cf5990e92211843a2bfe23,M02,1,10.25,10.317773819,15
166,85cf5990e92211843a2bfe23,M03,1,11.25,10.6028404236,21
166,85cf5990e92211843a2bfe23,M04,1,10.33,10.2674036026,21
166,85cf5990e92211843a2bfe23,M05,1,10.44,10.3669500351,21
166,85cf5990e92211843a2bfe23,M06,1,13.91,13.5718708038,21
166,85cf5990e92211843a2bfe23,M07,1,15.59,15.6267766953,30
166,85cf5990e92211843a2bfe23,M08,1,19.95,20.0624008179,30
166,85cf5990e92211843a2bfe23,M09,1,18.67,19.0877895355,30
166,85cf5990e92211843a2bfe23,M10,1,21.54,21.0109786987,30
166,85cf5990e92211843a2bfe23,M11,1,20.68,20.3923377991,30
166,85cf5990e92211843a2bfe23,M12,1,28.8,27.7595844269,45
166,85cf5990e92211843a2bfe23,M13,1,29.56,27.9354133606,60
166,85cf5990e92211843a2bfe23,M14,1,26.23,25.1713352203,60
166,85cf5990e92211843a2bfe23,M15,1,29.69,28.0763645172,60
166,85cf5990e92211843a2bfe23,M16,1,58.33,58.3811225891,100
166,85cf5990e92211843a2bfe23,M17,1,7.82,7.54687404633,14
166,85cf5990e92211843a2bfe23,M18,1,10.85,10.2437438965,21
166,85cf5990e92211843a2bfe23,M19,1,10.24,9.63454818726,21
166,85cf5990e92211843a2bfe23,M20,1,12.43,11.7678527832,20
166,85cf5990e92211843a2bfe23,M21,1,9.69,9.22275447845,21
166,85cf5990e92211843a2bfe23,M22,1,24.53,20.831905365,45
166,85cf5990e92211843a2bfe23,M23,1,21.23,18.2217903137,45
166,85cf5990e92211843a2bfe23,M24,1,24.95,21.1295337677,45
166,85cf5990e92211843a2bfe23,M25,1,14.83,14.5102043152,20
166,85cf5990e92211843a2bfe23,M26,1,13.6,13.3089475632,20
166,85cf5990e92211843a2bfe23,M27,1,18.05,17.9283943176,30
166,85cf5990e92211843a2bfe23,M28,1,16.16,16.0647983551,30
166,85cf5990e92211843a2bfe23,M29,1,17.94,17.8926792145,30
166,85cf5990e92211843a2bfe23,M30,1,11.28,10.6969251633,21
169,38aad91045bd921bbb9277ed,M01,2,5.64,5.12235355377,10
169,38aad91045bd921bbb9277ed,M02,2,7.41,6.35552120209,15
169,38aad91045bd921bbb9277ed,M03,2,6.54,6.4681854248,21
169,38aad91045bd921bbb9277ed,M04,2,6.04,6.30985403061,21
169,38aad91045bd921bbb9277ed,M05,2,5.93,6.36660861969,21
169,38aad91045bd921bbb9277ed,M06,2,8.24,8.32999610901,21
169,38aad91045bd921bbb9277ed,M07,2,8.43,8.46425819397,30
169,38aad91045bd921bbb9277ed,M08,2,11.15,11.7590274811,30
169,38aad91045bd921bbb9277ed,M09,2,9.83,10.8722801208,30
169,38aad91045bd921bbb9277ed,M10,2,13.12,12.7789812088,30
169,38aad91045bd921bbb9277ed,M11,2,12.03,12.129401207,30
169,38aad91045bd921bbb9277ed,M12,2,13.75,15.6286621094,45
169,38aad91045bd921bbb9277ed,M13,2,13.55,15.7271976471,60
169,38aad91045bd921bbb9277ed,M14,2,10.81,13.2289152145,60
169,38aad91045bd921bbb9277ed,M15,2,13.68,15.6853179932,60
169,38aad91045bd921bbb9277ed,M16,2,26.46,30.1797237396,100
169,38aad91045bd921bbb9277ed,M17,2,4.57,4.51982355118,14
169,38aad91045bd921bbb9277ed,M18,2,6.62,6.37317371368,21
169,38aad91045bd921bbb9277ed,M19,2,5.52,5.68889570236,21
169,38aad91045bd921bbb9277ed,M20,2,7.46,7.04932451248,20
169,38aad91045bd921bbb9277ed,M21,2,5.35,5.4343662262,21
169,38aad91045bd921bbb9277ed,M22,2,10.75,11.9543848038,45
169,38aad91045bd921bbb9277ed,M23,2,8.97,9.60513114929,45
169,38aad91045bd921bbb9277ed,M24,2,10.94,11.9267711639,45
169,38aad91045bd921bbb9277ed,M25,2,11.12,9.23384952545,20
169,38aad91045bd921bbb9277ed,M26,2,9.28,8.13787746429,20
169,38aad91045bd921bbb9277ed,M27,2,10.85,10.6266641617,30
169,38aad91045bd921bbb9277ed,M28,2,8.94,8.86940383911,30
169,38aad91045bd921bbb9277ed,M29,2,10.81,10.5068864822,30
169,38aad91045bd921bbb9277ed,M30,2,6.52,6.60195016861,21
170,17c5451c41ce50a5b92f91d5,M01,0,7.17,8.4424123764,10
170,17c5451c41ce50a5b92f91d5,M02,0,9.62,10.7348213196,15
170,17c5451c41ce50a5b92f91d5,M03,0,10.03,10.9781255722,21
170,17c5451c41ce50a5b92f91d5,M04,0,9.28,10.5957698822,21
170,17c5451c41ce50a5b92f91d5,M05,0,9.32,10.6662864685,21
170,17c5451c41ce50a5b92f91d5,M06,0,12.56,13.7420568466,21
170,17c5451c41ce50a5b92f91d5,M07,0,13.77,16.4143714905,30
170,17c5451c41ce50a5b92f91d5,M08,0,18.15,20.6284923553,30
170,17c5451c41ce50a5b92f91d5,M09,0,17.08,19.6717262268,30
170,17c5451c41ce50a5b92f91d5,M10,0,19.75,21.5086612701,30
170,17c5451c41ce50a5b92f91d5,M11,0,19.04,21.0357990265,30
170,17c5451c41ce50a5b92f91d5,M12,0,25.83,28.6941719055,45
170,17c5451c41ce50a5b92f91d5,M13,0,25.95,28.8766956329,60
170,17c5451c41ce50a5b92f91d5,M14,0,22.49,26.4227313995,60
170,17c5451c41ce50a5b92f91d5,M15,0,26.09,29.1856822968,60
170,17c5451c41ce50a5b92f91d5,M16,0,54.2,58.6555595398,100
170,17c5451c41ce50a5b92f91d5,M17,0,7.19,7.98714256287,14
170,17c5451c41ce50a5b92f91d5,M18,0,9.87,10.6653614044,21
170,17c5451c41ce50a5b92f91d5,M19,0,8.92,10.1317987442,21
170,17c5451c41ce50a5b92f91d5,M20,0,11.29,12.3621349335,20
170,17c5451c41ce50a5b92f91d5,M21,0,8.57,9.6324300766,21
170,17c5451c41ce50a5b92f91d5,M22,0,21.01,22.6100788116,45
170,17c5451c41ce50a5b92f91d5,M23,0,17.99,20.1628417969,45
170,17c5451c41ce50a5b92f91d5,M24,0,21.47,22.9643554688,45
170,17c5451c41ce50a5b92f91d5,M25,0,14.07,14.4375619888,20
170,17c5451c41ce50a5b92f91d5,M26,0,12.81,13.4226951599,20
170,17c5451c41ce50a5b92f91d5,M27,0,16.45,18.4283847809,30
170,17c5451c41ce50a5b92f91d5,M28,0,14.49,16.6372127533,30
170,17c5451c41ce50a5b92f91d5,M29,0,16.35,18.5610771179,30
170,17c5451c41ce50a5b92f91d5,M30,0,10.05,11.0871324539,21
171,198e5fddcc2aa9ebc444b3a6,M01,4,7.62,4.83783817291,10
171,198e5fddcc2aa9ebc444b3a6,M02,4,10.14,6.26941633224,15
171,198e5fddcc2aa9ebc444b3a6,M03,4,10.85,6.29919052124,21
171,198e5fddcc2aa9ebc444b3a6,M04,4,9.76,5.97384929657,21
171,198e5fddcc2aa9ebc444b3a6,M05,4,9.73,6.00550460815,21
171,198e5fddcc2aa9ebc444b3a6,M06,4,13.45,9.07915019989,21
171,198e5fddcc2aa9ebc444b3a6,M07,4,14.88,10.1269245148,30
171,198e5fddcc2aa9ebc444b3a6,M08,4,19.27,13.2025470734,30
171,198e5fddcc2aa9ebc444b3a6,M09,4,17.76,12.2081003189,30
171,198e5fddcc2aa9ebc444b3a6,M10,4,20.94,14.2991695404,30
171,198e5fddcc2aa9ebc444b3a6,M11,4,19.72,13.5087690353,30
171,198e5fddcc2aa9ebc444b3a6,M12,4,27.46,18.4495258331,45
171,198e5fddcc2aa9ebc444b3a6,M13,4,27.7,18.0598373413,60
171,198e5fddcc2aa9ebc444b3a6,M14,4,23.85,15.6720123291,60
171,198e5fddcc2aa9ebc444b3a6,M15,4,28.02,18.084192276,60
171,198e5fddcc2aa9ebc444b3a6,M16,4,56.08,43.4998664856,100
171,198e5fddcc2aa9ebc444b3a6,M17,4,7.45,4.13692808151,14
171,198e5fddcc2aa9ebc444b3a6,M18,4,10.34,5.98666858673,21
171,198e5fddcc2aa9ebc444b3a6,M19,4,8.55,5.32307577133,21
171,198e5fddcc2aa9ebc444b3a6,M20,4,10.81,7.4938120842,20
171,198e5fddcc2aa9ebc444b3a6,M21,4,7.92,5.0452671051,21
171,198e5fddcc2aa9ebc444b3a6,M22,4,19.36,12.3179311752,45
171,198e5fddcc2aa9ebc444b3a6,M23,4,16.3,9.96037197113,45
171,198e5fddcc2aa9ebc444b3a6,M24,4,19.93,12.3141345978,45
171,198e5fddcc2aa9ebc444b3a6,M25,4,14.68,10.0766544342,20
171,198e5fddcc2aa9ebc444b3a6,M26,4,13.29,9.02327823639,20
171,198e5fddcc2aa9ebc444b3a6,M27,4,17.44,12.2478351593,30
171,198e5fddcc2aa9ebc444b3a6,M28,4,15.28,10.4414844513,30
171,198e5fddcc2aa9ebc444b3a6,M29,4,17.43,12.1485338211,30
171,198e5fddcc2aa9ebc444b3a6,M30,4,10.89,6.34169244766,21
172,7f5e8df8b8eb711b7b25801c,M01,2,7.72,7.77107381821,10
172,7f5e8df8b8eb711b7b25801c,M02,2,10.34,9.95308303833,15
172,7f5e8df8b8eb711b7b25801c,M03,2,11.45,10.2474269867,21
172,7f5e8df8b8eb711b7b25801c,M04,2,10.61,9.99464035034,21
172,7f5e8df8b8eb711b7b25801c,M05,2,10.7,10.0781078339,21
172,7f5e8df8b8eb711b7b25801c,M06,2,14.09,13.058921814,21
172,7f5e8df8b8eb711b7b25801c,M07,2,15.93,15.1960096359,30
172,7f5e8df8b8eb711b7b25801c,M08,2,20.29,20.0116252899,30
172,7f5e8df8b8eb711b7b25801c,M09,2,19.12,18.9325084686,30
172,7f5e8df8b8eb711b7b25801c,M10,2,21.81,20.8345317841,30
172,7f5e8df8b8eb711b7b25801c,M11,2,20.99,20.3375053406,30
172,7f5e8df8b8eb711b7b25801c,M12,2,29.44,28.0295448303,45
172,7f5e8df8b8eb711b7b25801c,M13,2,30.18,28.2143268585,60
172,7f5e8df8b8eb711b7b25801c,M14,2,26.93,25.8713092804,60
172,7f5e8df8b8eb711b7b25801c,M15,2,30.4,28.3740921021,60
172,7f5e8df8b8eb711b7b25801c,M16,2,59.01,56.2643547058,100
172,7f5e8df8b8eb711b7b25801c,M17,2,7.98,7.22752761841,14
172,7f5e8df8b8eb711b7b25801c,M18,2,11.08,10.0569620132,21
172,7f5e8df8b8eb711b7b25801c,M19,2,9.92,9.46604251862,21
172,7f5e8df8b8eb711b7b25801c,M20,2,12.09,11.5027799606,20
172,7f5e8df8b8eb711b7b25801c,M21,2,9.29,9.06593990326,21
172,7f5e8df8b8eb711b7b25801c,M22,2,23.37,22.1808166504,45
172,7f5e8df8b8eb711b7b25801c,M23,2,20.1,19.8680038452,45
172,7f5e8df8b8eb711b7b25801c,M24,2,23.9,22.3398513794,45
172,7f5e8df8b8eb711b7b25801c,M25,2,14.93,13.8741493225,20
172,7f5e8df8b8eb711b7b25801c,M26,2,13.7,12.8035974503,20
172,7f5e8df8b8eb711b7b25801c,M27,2,18.24,17.4894962311,30
172,7f5e8df8b8eb711b7b25801c,M28,2,16.41,15.755865097,30
172,7f5e8df8b8eb711b7b25801c,M29,2,18.17,17.5854473114,30
172,7f5e8df8b8eb711b7b25801c,M30,2,11.51,10.381193161,21
173,ad9f97620dab23d56e68f899,M01,2,6.29,3.00297379494,10
173,ad9f97620dab23d56e68f899,M02,2,8.33,4.23931932449,15
173,ad9f97620dab23d56e68f899,M03,2,7.69,4.22303819656,21
173,ad9f97620dab23d56e68f899,M04,2,6.95,3.97493195534,21
173,ad9f97620dab23d56e68f899,M05,2,6.89,4.05840015411,21
173,ad9f97620dab23d56e68f899,M06,2,9.78,5.2117357254,21
173,ad9f97620dab23d56e68f899,M07,2,10.19,5.34012079239,30
173,ad9f97620dab23d56e68f899,M08,2,14.2,6.46737241745,30
173,ad9f97620dab23d56e68f899,M09,2,12.95,5.52055215836,30
173,ad9f97620dab23d56e68f899,M10,2,15.89,7.48732471466,30
173,ad9f97620dab23d56e68f899,M11,2,14.93,6.77468252182,30
173,ad9f97620dab23d56e68f899,M12,2,19.16,8.81282901764,45
173,ad9f97620dab23d56e68f899,M13,2,18.21,8.81109714508,60
173,ad9f97620dab23d56e68f899,M14,2,15,7.19693040848,60
173,ad9f97620dab23d56e68f899,M15,2,18.24,8.92242622375,60
173,ad9f97620dab23d56e68f899,M16,2,41.68,14.7343969345,100
173,ad9f97620dab23d56e68f899,M17,2,5.55,2.43170976639,14
173,ad9f97620dab23d56e68f899,M18,2,7.56,3.99719214439,21
173,ad9f97620dab23d56e68f899,M19,2,5.92,3.33241152763,21
173,ad9f97620dab23d56e68f899,M20,2,8.02,3.78889942169,20
173,ad9f97620dab23d56e68f899,M21,2,5.71,2.99579668045,21
173,ad9f97620dab23d56e68f899,M22,2,12.39,6.35094165802,45
173,ad9f97620dab23d56e68f899,M23,2,10.52,4.73221254349,45
173,ad9f97620dab23d56e68f899,M24,2,12.41,6.46153831482,45
173,ad9f97620dab23d56e68f899,M25,2,12.43,6.26684379578,20
173,ad9f97620dab23d56e68f899,M26,2,10.94,5.55214738846,20
173,ad9f97620dab23d56e68f899,M27,2,13.02,6.68147420883,30
173,ad9f97620dab23d56e68f899,M28,2,10.91,5.78404283524,30
173,ad9f97620dab23d56e68f899,M29,2,12.82,6.6498465538,30
173,ad9f97620dab23d56e68f899,M30,2,7.7,4.35680389404,21
174,a0df11ab37c188b3740160a6,M01,4,7.08,7.98182153702,10
174,a0df11ab37c188b3740160a6,M02,4,9.49,10.3047742844,15
174,a0df11ab37c188b3740160a6,M03,4,9.73,10.5233755112,21
174,a0df11ab37c188b3740160a6,M04,4,9.02,10.1483011246,21
174,a0df11ab37c188b3740160a6,M05,4,9.03,10.1799564362,21
174,a0df11ab37c188b3740160a6,M06,4,12.21,13.3151540756,21
174,a0df11ab37c188b3740160a6,M07,4,13.3,15.8865013123,30
174,a0df11ab37c188b3740160a6,M08,4,17.67,20.6228370667,30
174,a0df11ab37c188b3740160a6,M09,4,16.64,19.5569972992,30
174,a0df11ab37c188b3740160a6,M10,4,19.29,21.4819774628,30
174,a0df11ab37c188b3740160a6,M11,4,18.58,20.9033508301,30
174,a0df11ab37c188b3740160a6,M12,4,24.98,29.4718170166,45
174,a0df11ab37c188b3740160a6,M13,4,24.82,29.646774292,60
174,a0df11ab37c188b3740160a6,M14,4,21.36,26.7904167175,60
174,a0df11ab37c188b3740160a6,M15,4,25.09,29.9146442413,60
174,a0df11ab37c188b3740160a6,M16,4,52.83,58.5203208923,100
174,a0df11ab37c188b3740160a6,M17,4,7.03,7.5173163414,14
174,a0df11ab37c188b3740160a6,M18,4,9.6,10.1358833313,21
174,a0df11ab37c188b3740160a6,M19,4,7.85,9.67846488953,21
174,a0df11ab37c188b3740160a6,M20,4,10.24,11.8148145676,20
174,a0df11ab37c188b3740160a6,M21,4,7.59,9.31507968903,21
174,a0df11ab37c188b3740160a6,M22,4,17.81,23.3054084778,45
174,a0df11ab37c188b3740160a6,M23,4,15.12,20.4605941772,45
174,a0df11ab37c188b3740160a6,M24,4,18.26,23.6637153625,45
174,a0df11ab37c188b3740160a6,M25,4,13.86,14.0748491287,20
174,a0df11ab37c188b3740160a6,M26,4,12.58,13.0648860931,20
174,a0df11ab37c188b3740160a6,M27,4,15.98,18.1664638519,30
174,a0df11ab37c188b3740160a6,M28,4,14.02,16.3062705994,30
174,a0df11ab37c188b3740160a6,M29,4,15.95,18.2725887299,30
174,a0df11ab37c188b3740160a6,M30,4,9.75,10.5387439728,21
175,c910d74e6c15a5b3205df411,M01,0,7.2,7.2020778656,10
175,c910d74e6c15a5b3205df411,M02,0,9.61,9.63527107239,15
175,c910d74e6c15a5b3205df411,M03,0,9.97,9.87857532501,21
175,c910d74e6c15a5b3205df411,M04,0,9.22,9.4644613266,21
175,c910d74e6c15a5b3205df411,M05,0,9.26,9.5349779129,21
175,c910d74e6c15a5b3205df411,M06,0,12.55,12.7776813507,21
175,c910d74e6c15a5b3205df411,M07,0,13.65,15.4817447662,30
175,c910d74e6c15a5b3205df411,M08,0,18.03,20.2036209106,30
175,c910d74e6c15a5b3205df411,M09,0,16.95,19.1957626343,30
175,c910d74e6c15a5b3205df411,M10,0,19.68,21.0837898254,30
175,c910d74e6c15a5b3205df411,M11,0,18.91,20.5791702271,30
175,c910d74e6c15a5b3205df411,M12,0,25.56,28.6566352844,45
175,c910d74e6c15a5b3205df411,M13,0,25.7,28.7635765076,60
175,c910d74e6c15a5b3205df411,M14,0,22.23,26.1878871918,60
175,c910d74e6c15a5b3205df411,M15,0,25.84,29.1043205261,60
175,c910d74e6c15a5b3205df411,M16,0,53.82,58.6972236633,100
175,c910d74e6c15a5b3205df411,M17,0,7.18,6.75377178192,14
175,c910d74e6c15a5b3205df411,M18,0,9.79,9.56035232544,21
175,c910d74e6c15a5b3205df411,M19,0,8.09,9.07398605347,21
175,c910d74e6c15a5b3205df411,M20,0,10.42,11.4188995361,20
175,c910d74e6c15a5b3205df411,M21,0,7.72,8.54285907745,21
175,c910d74e6c15a5b3205df411,M22,0,18.38,22.0992984772,45
175,c910d74e6c15a5b3205df411,M23,0,15.57,19.5628948212,45
175,c910d74e6c15a5b3205df411,M24,0,18.75,22.485332489,45
175,c910d74e6c15a5b3205df411,M25,0,14.07,13.4731864929,20
175,c910d74e6c15a5b3205df411,M26,0,12.79,12.4386148453,20
175,c910d74e6c15a5b3205df411,M27,0,16.39,17.8130474091,30
175,c910d74e6c15a5b3205df411,M28,0,14.43,15.9649953842,30
175,c910d74e6c15a5b3205df411,M29,0,16.29,17.9774971008,30
175,c910d74e6c15a5b3205df411,M30,0,10.01,9.98758220673,21
176,e1b34eb9479ceb03b50a90a5,M01,0,6.35,6.51917171478,10
176,e1b34eb9479ceb03b50a90a5,M02,0,8.72,8.04374790192,15
176,e1b34eb9479ceb03b50a90a5,M03,0,8.65,8.26409244537,21
176,e1b34eb9479ceb03b50a90a5,M04,0,7.93,7.84998416901,21
176,e1b34eb9479ceb03b50a90a5,M05,0,7.64,7.92049789429,21
176,e1b34eb9479ceb03b50a90a5,M06,0,10.36,10.9611301422,21
176,e1b34eb9479ceb03b50a90a5,M07,0,11.73,11.7021903992,30
176,e1b34eb9479ceb03b50a90a5,M08,0,15.88,14.8628196716,30
176,e1b34eb9479ceb03b50a90a5,M09,0,14.76,13.8742990494,30
176,e1b34eb9479ceb03b50a90a5,M10,0,17.32,15.8730068207,30
176,e1b34eb9479ceb03b50a90a5,M11,0,16.34,15.2154035568,30
176,e1b34eb9479ceb03b50a90a5,M12,0,21.63,19.8581066132,45
176,e1b34eb9479ceb03b50a90a5,M13,0,19.7,19.8730945587,60
176,e1b34eb9479ceb03b50a90a5,M14,0,16.44,16.9963245392,60
176,e1b34eb9479ceb03b50a90a5,M15,0,21.32,20.2138385773,60
176,e1b34eb9479ceb03b50a90a5,M16,0,44.53,41.2421684265,100
176,e1b34eb9479ceb03b50a90a5,M17,0,6.17,5.96645975113,14
176,e1b34eb9479ceb03b50a90a5,M18,0,8.52,7.94587612152,21
176,e1b34eb9479ceb03b50a90a5,M19,0,5.93,7.45951414108,21
176,e1b34eb9479ceb03b50a90a5,M20,0,8.11,9.61772060394,20
176,e1b34eb9479ceb03b50a90a5,M21,0,5.83,6.92838573456,21
176,e1b34eb9479ceb03b50a90a5,M22,0,12.51,14.9514551163,45
176,e1b34eb9479ceb03b50a90a5,M23,0,10.59,12.1366758347,45
176,e1b34eb9479ceb03b50a90a5,M24,0,13.63,15.3374900818,45
176,e1b34eb9479ceb03b50a90a5,M25,0,12.51,11.7911691666,20
176,e1b34eb9479ceb03b50a90a5,M26,0,11.24,10.713681221,20
176,e1b34eb9479ceb03b50a90a5,M27,0,13.43,13.4436101913,30
176,e1b34eb9479ceb03b50a90a5,M28,0,11.51,11.3223114014,30
176,e1b34eb9479ceb03b50a90a5,M29,0,14.06,13.5863771439,30
176,e1b34eb9479ceb03b50a90a5,M30,0,7.91,8.27991771698,21
177,3314004f55d768b9102a7c53,M01,0,5.82,6.2049741745,10
177,3314004f55d768b9102a7c53,M02,0,7.78,7.75822877884,15
177,3314004f55d768b9102a7c53,M03,0,6.89,7.97857189178,21
177,3314004f55d768b9102a7c53,M04,0,6.28,7.59336185455,21
177,3314004f55d768b9102a7c53,M05,0,6.16,7.66387939453,21
177,3314004f55d768b9102a7c53,M06,0,8.77,10.0532226562,21
177,3314004f55d768b9102a7c53,M07,0,9.09,10.2715091705,30
177,3314004f55d768b9102a7c53,M08,0,12.96,13.3618488312,30
177,3314004f55d768b9102a7c53,M09,0,11.77,12.418797493,30
177,3314004f55d768b9102a7c53,M10,0,14.52,14.4144096375,30
177,3314004f55d768b9102a7c53,M11,0,13.53,13.7433385849,30
177,3314004f55d768b9102a7c53,M12,0,17.32,18.1820335388,45
177,3314004f55d768b9102a7c53,M13,0,16.15,18.3200035095,60
177,3314004f55d768b9102a7c53,M14,0,13.49,15.8847703934,60
177,3314004f55d768b9102a7c53,M15,0,15.87,18.429523468,60
177,3314004f55d768b9102a7c53,M16,0,37.12,37.603603363,100
177,3314004f55d768b9102a7c53,M17,0,5.01,5.56576776505,14
177,3314004f55d768b9102a7c53,M18,0,6.87,7.58092451096,21
177,3314004f55d768b9102a7c53,M19,0,5.88,6.87128829956,21
177,3314004f55d768b9102a7c53,M20,0,8.12,8.50115585327,20
177,3314004f55d768b9102a7c53,M21,0,5.77,6.38253259659,21
177,3314004f55d768b9102a7c53,M22,0,12.58,13.4467697144,45
177,3314004f55d768b9102a7c53,M23,0,10.7,11.0409784317,45
177,3314004f55d768b9102a7c53,M24,0,12.59,13.4617319107,45
177,3314004f55d768b9102a7c53,M25,0,11.68,11.0909385681,20
177,3314004f55d768b9102a7c53,M26,0,10.28,10.2800111771,20
177,3314004f55d768b9102a7c53,M27,0,11.8,12.410610199,30
177,3314004f55d768b9102a7c53,M28,0,9.89,10.7921590805,30
177,3314004f55d768b9102a7c53,M29,0,11.41,12.3504304886,30
177,3314004f55d768b9102a7c53,M30,0,6.91,8.08757591248,21
178,0b4808d603cff090ae6e7e2c,M01,0,6.48,6.82641553879,10
178,0b4808d603cff090ae6e7e2c,M02,0,9.16,8.50255393982,15
178,0b4808d603cff090ae6e7e2c,M03,0,8.91,8.72289848328,21
178,0b4808d603cff090ae6e7e2c,M04,0,8.34,8.30878448486,21
178,0b4808d603cff090ae6e7e2c,M05,0,7.95,8.37930107117,21
178,0b4808d603cff090ae6e7e2c,M06,0,10.86,11.2351427078,21
178,0b4808d603cff090ae6e7e2c,M07,0,12.47,12.3540668488,30
178,0b4808d603cff090ae6e7e2c,M08,0,16.68,15.9718503952,30
178,0b4808d603cff090ae6e7e2c,M09,0,15.37,14.9833230972,30
178,0b4808d603cff090ae6e7e2c,M10,0,18.25,16.9820404053,30
178,0b4808d603cff090ae6e7e2c,M11,0,17.12,16.3244380951,30
178,0b4808d603cff090ae6e7e2c,M12,0,23.12,22.0835342407,45
178,0b4808d603cff090ae6e7e2c,M13,0,21.28,22.0985221863,60
178,0b4808d603cff090ae6e7e2c,M14,0,18.07,19.2589225769,60
178,0b4808d603cff090ae6e7e2c,M15,0,22.7,22.4392662048,60
178,0b4808d603cff090ae6e7e2c,M16,0,47.76,46.3507423401,100
178,0b4808d603cff090ae6e7e2c,M17,0,6.53,6.27370357513,14
178,0b4808d603cff090ae6e7e2c,M18,0,8.95,8.4046754837,21
178,0b4808d603cff090ae6e7e2c,M19,0,6.1,7.91831207275,21
178,0b4808d603cff090ae6e7e2c,M20,0,9.13,9.88713264465,20
178,0b4808d603cff090ae6e7e2c,M21,0,6.4,7.38719129562,21
178,0b4808d603cff090ae6e7e2c,M22,0,14.37,16.1233158112,45
178,0b4808d603cff090ae6e7e2c,M23,0,11.87,13.3457012177,45
178,0b4808d603cff090ae6e7e2c,M24,0,16.04,16.5093517303,45
178,0b4808d603cff090ae6e7e2c,M25,0,12.86,12.0651817322,20
178,0b4808d603cff090ae6e7e2c,M26,0,11.62,10.9876937866,20
178,0b4808d603cff090ae6e7e2c,M27,0,14.09,13.9088115692,30
178,0b4808d603cff090ae6e7e2c,M28,0,12.24,11.8246822357,30
178,0b4808d603cff090ae6e7e2c,M29,0,14.61,14.0515775681,30
178,0b4808d603cff090ae6e7e2c,M30,0,8.33,8.73872375488,21
179,c51c3841863676f35f94e5d9,M01,1,5.67,5.93660068512,10
179,c51c3841863676f35f94e5d9,M02,1,7.78,7.41751003265,15
179,c51c3841863676f35f94e5d9,M03,1,6.59,7.54412126541,21
179,c51c3841863676f35f94e5d9,M04,1,6.02,7.21287250519,21
179,c51c3841863676f35f94e5d9,M05,1,5.9,7.31241893768,21
179,c51c3841863676f35f94e5d9,M06,1,8.39,10.0416612625,21
179,c51c3841863676f35f94e5d9,M07,1,8.65,10.3478374481,30
179,c51c3841863676f35f94e5d9,M08,1,12.35,13.3314180374,30
179,c51c3841863676f35f94e5d9,M09,1,11.14,12.4119472504,30
179,c51c3841863676f35f94e5d9,M10,1,13.88,14.4727859497,30
179,c51c3841863676f35f94e5d9,M11,1,12.85,13.6655464172,30
179,c51c3841863676f35f94e5d9,M12,1,16.3,18.1726131439,45
179,c51c3841863676f35f94e5d9,M13,1,15.2,18.1309452057,60
179,c51c3841863676f35f94e5d9,M14,1,12.67,15.6886329651,60
179,c51c3841863676f35f94e5d9,M15,1,14.92,18.3157653809,60
179,c51c3841863676f35f94e5d9,M16,1,34.4,38.9648361206,100
179,c51c3841863676f35f94e5d9,M17,1,4.75,5.25708961487,14
179,c51c3841863676f35f94e5d9,M18,1,6.57,7.21886444092,21
179,c51c3841863676f35f94e5d9,M19,1,5.66,6.54014492035,21
179,c51c3841863676f35f94e5d9,M20,1,7.78,8.37165546417,20
179,c51c3841863676f35f94e5d9,M21,1,5.55,6.26320552826,21
179,c51c3841863676f35f94e5d9,M22,1,11.89,13.2279815674,45
179,c51c3841863676f35f94e5d9,M23,1,10.07,10.9723968506,45
179,c51c3841863676f35f94e5d9,M24,1,11.87,13.2776842117,45
179,c51c3841863676f35f94e5d9,M25,1,11.37,11.052731514,20
179,c51c3841863676f35f94e5d9,M26,1,9.93,10.0345344543,20
179,c51c3841863676f35f94e5d9,M27,1,11.27,12.3895454407,30
179,c51c3841863676f35f94e5d9,M28,1,9.41,10.6673545837,30
179,c51c3841863676f35f94e5d9,M29,1,10.86,12.343506813,30
179,c51c3841863676f35f94e5d9,M30,1,6.61,7.5683259964,21
180,ecfd08db10e5477f190376da,M01,0,7.49,8.19550800323,10
180,ecfd08db10e5477f190376da,M02,0,10,10.4642238617,15
180,ecfd08db10e5477f190376da,M03,0,10.66,10.7075281143,21
180,ecfd08db10e5477f190376da,M04,0,9.86,10.3117055893,21
180,ecfd08db10e5477f190376da,M05,0,9.87,10.3822221756,21
180,ecfd08db10e5477f190376da,M06,0,13.19,13.3694925308,21
180,ecfd08db10e5477f190376da,M07,0,14.67,16.0552692413,30
180,ecfd08db10e5477f190376da,M08,0,19.05,20.2693920135,30
180,ecfd08db10e5477f190376da,M09,0,17.92,19.2991580963,30
180,ecfd08db10e5477f190376da,M10,0,20.68,21.1495609283,30
180,ecfd08db10e5477f190376da,M11,0,19.86,20.663230896,30
180,ecfd08db10e5477f190376da,M12,0,27.21,27.899105072,45
180,ecfd08db10e5477f190376da,M13,0,27.29,28.0681610107,60
180,ecfd08db10e5477f190376da,M14,0,23.63,25.6141967773,60
180,ecfd08db10e5477f190376da,M15,0,27.79,28.2998352051,60
180,ecfd08db10e5477f190376da,M16,0,55.7,57.9850158691,100
180,ecfd08db10e5477f190376da,M17,0,7.53,7.74023866653,14
180,ecfd08db10e5477f190376da,M18,0,10.4,10.3947639465,21
180,ecfd08db10e5477f190376da,M19,0,8.29,9.86120128632,21
180,ecfd08db10e5477f190376da,M20,0,10.49,11.9895706177,20
180,ecfd08db10e5477f190376da,M21,0,7.83,9.36183261871,21
180,ecfd08db10e5477f190376da,M22,0,18.43,22.1738891602,45
180,ecfd08db10e5477f190376da,M23,0,15.52,19.7266521454,45
180,ecfd08db10e5477f190376da,M24,0,18.95,22.4373855591,45
180,ecfd08db10e5477f190376da,M25,0,14.48,14.0784645081,20
180,ecfd08db10e5477f190376da,M26,0,13.15,13.0635976791,20
180,ecfd08db10e5477f190376da,M27,0,17.15,18.0692844391,30
180,ecfd08db10e5477f190376da,M28,0,15.13,16.2781124115,30
180,ecfd08db10e5477f190376da,M29,0,17.21,18.1111965179,30
180,ecfd08db10e5477f190376da,M30,0,10.68,10.816534996,21
181,ae549a3bb89eeba0509b46d1,M01,0,4.96,4.56255102158,10
181,ae549a3bb89eeba0509b46d1,M02,0,6.36,5.87727928162,15
181,ae549a3bb89eeba0509b46d1,M03,0,5.31,6.07218170166,21
181,ae549a3bb89eeba0509b46d1,M04,0,5.1,5.68697118759,21
181,ae549a3bb89eeba0509b46d1,M05,0,4.95,5.75748872757,21
181,ae549a3bb89eeba0509b46d1,M06,0,6.78,8.08098316193,21
181,ae549a3bb89eeba0509b46d1,M07,0,6.91,8.21925640106,30
181,ae549a3bb89eeba0509b46d1,M08,0,9.32,11.1425142288,30
181,ae549a3bb89eeba0509b46d1,M09,0,8.26,10.2225284576,30
181,ae549a3bb89eeba0509b46d1,M10,0,10.79,12.1696310043,30
181,ae549a3bb89eeba0509b46d1,M11,0,9.81,11.4985599518,30
181,ae549a3bb89eeba0509b46d1,M12,0,11.64,15.1115703583,45
181,ae549a3bb89eeba0509b46d1,M13,0,10.81,15.249540329,60
181,ae549a3bb89eeba0509b46d1,M14,0,8.06,12.8143062592,60
181,ae549a3bb89eeba0509b46d1,M15,0,10.73,15.2205305099,60
181,ae549a3bb89eeba0509b46d1,M16,0,19.14,31.3226051331,100
181,ae549a3bb89eeba0509b46d1,M17,0,3.41,3.9718542099,14
181,ae549a3bb89eeba0509b46d1,M18,0,5.44,5.67453336716,21
181,ae549a3bb89eeba0509b46d1,M19,0,4.63,4.98862552643,21
181,ae549a3bb89eeba0509b46d1,M20,0,5.78,6.52229547501,20
181,ae549a3bb89eeba0509b46d1,M21,0,4.6,4.54227209091,21
181,ae549a3bb89eeba0509b46d1,M22,0,8.53,10.7844562531,45
181,ae549a3bb89eeba0509b46d1,M23,0,7.04,8.37866306305,45
181,ae549a3bb89eeba0509b46d1,M24,0,8.45,10.6272201538,45
181,ae549a3bb89eeba0509b46d1,M25,0,9.65,9.11870098114,20
181,ae549a3bb89eeba0509b46d1,M26,0,8.21,8.30777359009,20
181,ae549a3bb89eeba0509b46d1,M27,0,9.16,10.2701005936,30
181,ae549a3bb89eeba0509b46d1,M28,0,7.84,8.65164756775,30
181,ae549a3bb89eeba0509b46d1,M29,0,8.92,10.0968341827,30
181,ae549a3bb89eeba0509b46d1,M30,0,5.71,6.1811876297,21
182,cde92d2cbf5ae04506b2772e,M01,0,7.68,8.09016609192,10
182,cde92d2cbf5ae04506b2772e,M02,0,10.23,9.92546081543,15
182,cde92d2cbf5ae04506b2772e,M03,0,11.17,10.1687650681,21
182,cde92d2cbf5ae04506b2772e,M04,0,10.27,9.75465106964,21
182,cde92d2cbf5ae04506b2772e,M05,0,10.4,9.82516765594,21
182,cde92d2cbf5ae04506b2772e,M06,0,13.91,13.1039047241,21
182,cde92d2cbf5ae04506b2772e,M07,0,15.48,14.346157074,30
182,cde92d2cbf5ae04506b2772e,M08,0,19.85,18.594877243,30
182,cde92d2cbf5ae04506b2772e,M09,0,18.56,17.5870189667,30
182,cde92d2cbf5ae04506b2772e,M10,0,21.45,19.5035171509,30
182,cde92d2cbf5ae04506b2772e,M11,0,20.59,18.9704265594,30
182,cde92d2cbf5ae04506b2772e,M12,0,28.64,26.0480194092,45
182,cde92d2cbf5ae04506b2772e,M13,0,29.56,26.1987857819,60
182,cde92d2cbf5ae04506b2772e,M14,0,26.17,23.7448215485,60
182,cde92d2cbf5ae04506b2772e,M15,0,29.5,26.5395298004,60
182,cde92d2cbf5ae04506b2772e,M16,0,58.29,54.9672737122,100
182,cde92d2cbf5ae04506b2772e,M17,0,7.79,7.61556959152,14
182,cde92d2cbf5ae04506b2772e,M18,0,10.78,9.82424259186,21
182,cde92d2cbf5ae04506b2772e,M19,0,10.09,9.32243824005,21
182,cde92d2cbf5ae04506b2772e,M20,0,12.29,11.6831665039,20
182,cde92d2cbf5ae04506b2772e,M21,0,9.46,8.79131126404,21
182,cde92d2cbf5ae04506b2772e,M22,0,24.04,19.1975498199,45
182,cde92d2cbf5ae04506b2772e,M23,0,20.7,16.7503128052,45
182,cde92d2cbf5ae04506b2772e,M24,0,24.45,19.5835838318,45
182,cde92d2cbf5ae04506b2772e,M25,0,14.83,14.0054454803,20
182,cde92d2cbf5ae04506b2772e,M26,0,13.6,13.0228672028,20
182,cde92d2cbf5ae04506b2772e,M27,0,18.03,16.4952220917,30
182,cde92d2cbf5ae04506b2772e,M28,0,16.14,14.7363233566,30
182,cde92d2cbf5ae04506b2772e,M29,0,17.87,16.6596794128,30
182,cde92d2cbf5ae04506b2772e,M30,0,11.22,10.2777719498,21
183,fc0ff7763485986307ce7100,M01,1,8.23,6.87605810165,10
183,fc0ff7763485986307ce7100,M02,1,10.89,8.93273639679,15
183,fc0ff7763485986307ce7100,M03,1,12.35,9.13453769684,21
183,fc0ff7763485986307ce7100,M04,1,11.38,8.8295545578,21
183,fc0ff7763485986307ce7100,M05,1,11.57,8.9291009903,21
183,fc0ff7763485986307ce7100,M06,1,15.3,12.1596460342,21
183,fc0ff7763485986307ce7100,M07,1,17.25,13.3344697952,30
183,fc0ff7763485986307ce7100,M08,1,21.54,16.9021625519,30
183,fc0ff7763485986307ce7100,M09,1,20.21,16.0089473724,30
183,fc0ff7763485986307ce7100,M10,1,23.23,18.0435276031,30
183,fc0ff7763485986307ce7100,M11,1,22.28,17.2625522614,30
183,fc0ff7763485986307ce7100,M12,1,31.47,24.2629776001,45
183,fc0ff7763485986307ce7100,M13,1,32.84,24.433921814,60
183,fc0ff7763485986307ce7100,M14,1,29.53,22.0888557434,60
183,fc0ff7763485986307ce7100,M15,1,33.17,24.5190601349,60
183,fc0ff7763485986307ce7100,M16,1,61.88,50.628490448,100
183,fc0ff7763485986307ce7100,M17,1,8.4,6.38865232468,14
183,fc0ff7763485986307ce7100,M18,1,11.81,8.87655830383,21
183,fc0ff7763485986307ce7100,M19,1,11.27,8.0923166275,21
183,fc0ff7763485986307ce7100,M20,1,13.21,10.4331169128,20
183,fc0ff7763485986307ce7100,M21,1,10.29,7.7967748642,21
183,fc0ff7763485986307ce7100,M22,1,26.64,17.2600402832,45
183,fc0ff7763485986307ce7100,M23,1,23.41,15.1016979218,45
183,fc0ff7763485986307ce7100,M24,1,27.14,17.3513031006,45
183,fc0ff7763485986307ce7100,M25,1,15.64,13.1241855621,20
183,fc0ff7763485986307ce7100,M26,1,14.32,12.1637983322,20
183,fc0ff7763485986307ce7100,M27,1,19.7,15.3527984619,30
183,fc0ff7763485986307ce7100,M28,1,17.62,13.7278614044,30
183,fc0ff7763485986307ce7100,M29,1,19.65,15.2070760727,30
183,fc0ff7763485986307ce7100,M30,1,12.41,9.21266937256,21
184,378e1b4037b2208a390730ed,M01,0,1.27,3.90442037582,10
184,378e1b4037b2208a390730ed,M02,0,0.93,5.00627040863,15
184,378e1b4037b2208a390730ed,M03,0,1.39,5.14976072311,21
184,378e1b4037b2208a390730ed,M04,0,1.39,4.89722490311,21
184,378e1b4037b2208a390730ed,M05,0,1.28,4.87399053574,21
184,378e1b4037b2208a390730ed,M06,0,1.44,6.76032972336,21
184,378e1b4037b2208a390730ed,M07,0,1.39,6.73255109787,30
184,378e1b4037b2208a390730ed,M08,0,0.93,8.03817367554,30
184,378e1b4037b2208a390730ed,M09,0,0.93,7.36186027527,30
184,378e1b4037b2208a390730ed,M10,0,1.37,9.08514499664,30
184,378e1b4037b2208a390730ed,M11,0,1.31,8.43314361572,30
184,378e1b4037b2208a390730ed,M12,0,0.93,9.45828819275,45
184,378e1b4037b2208a390730ed,M13,0,1.27,9.7233839035,60
184,378e1b4037b2208a390730ed,M14,0,0.75,7.79222679138,60
184,378e1b4037b2208a390730ed,M15,0,1.6,9.69121456146,60
184,378e1b4037b2208a390730ed,M16,0,1.25,18.5291213989,100
184,378e1b4037b2208a390730ed,M17,0,0.9,3.53251838684,14
184,378e1b4037b2208a390730ed,M18,0,1.5,4.98028469086,21
184,378e1b4037b2208a390730ed,M19,0,1.39,4.30165338516,21
184,378e1b4037b2208a390730ed,M20,0,0.67,5.38204193115,20
184,378e1b4037b2208a390730ed,M21,0,1.48,4.01075935364,21
184,378e1b4037b2208a390730ed,M22,0,1.21,8.04019260406,45
184,378e1b4037b2208a390730ed,M23,0,0.75,6.13847494125,45
184,378e1b4037b2208a390730ed,M24,0,1.56,8.02324390411,45
184,378e1b4037b2208a390730ed,M25,0,6.71,7.96057128906,20
184,378e1b4037b2208a390730ed,M26,0,4.94,7.06101703644,20
184,378e1b4037b2208a390730ed,M27,0,7.12,8.51051998138,30
184,378e1b4037b2208a390730ed,M28,0,5.48,7.10365724564,30
184,378e1b4037b2208a390730ed,M29,0,6.65,8.35817241669,30
184,378e1b4037b2208a390730ed,M30,0,4.19,5.23468446732,21
185,3d1756396565a85b0e5bfd75,M01,3,8.23,8.35984897614,10
185,3d1756396565a85b0e5bfd75,M02,3,10.9,10.6239299774,15
185,3d1756396565a85b0e5bfd75,M03,3,12.56,10.8001117706,21
185,3d1756396565a85b0e5bfd75,M04,3,11.62,10.5068101883,21
185,3d1756396565a85b0e5bfd75,M05,3,11.8,10.5558767319,21
185,3d1756396565a85b0e5bfd75,M06,3,15.3,13.5905618668,21
185,3d1756396565a85b0e5bfd75,M07,3,17.6,16.0180912018,30
185,3d1756396565a85b0e5bfd75,M08,3,21.86,20.9286270142,30
185,3d1756396565a85b0e5bfd75,M09,3,20.57,19.9106197357,30
185,3d1756396565a85b0e5bfd75,M10,3,23.37,21.8307781219,30
185,3d1756396565a85b0e5bfd75,M11,3,22.55,21.1903915405,30
185,3d1756396565a85b0e5bfd75,M12,3,32.04,28.979019165,45
185,3d1756396565a85b0e5bfd75,M13,3,33.42,29.1431884766,60
185,3d1756396565a85b0e5bfd75,M14,3,30.19,26.6325912476,60
185,3d1756396565a85b0e5bfd75,M15,3,33.76,29.3898544312,60
185,3d1756396565a85b0e5bfd75,M16,3,62.47,58.9492454529,100
185,3d1756396565a85b0e5bfd75,M17,3,8.54,7.85087442398,14
185,3d1756396565a85b0e5bfd75,M18,3,12.03,10.4909639359,21
185,3d1756396565a85b0e5bfd75,M19,3,10.94,9.99589252472,21
185,3d1756396565a85b0e5bfd75,M20,3,12.86,12.0856466293,20
185,3d1756396565a85b0e5bfd75,M21,3,10.01,9.59048557281,21
185,3d1756396565a85b0e5bfd75,M22,3,25.68,23.0492267609,45
185,3d1756396565a85b0e5bfd75,M23,3,22.13,20.6354408264,45
185,3d1756396565a85b0e5bfd75,M24,3,26.41,23.4384307861,45
185,3d1756396565a85b0e5bfd75,M25,3,15.68,14.2018823624,20
185,3d1756396565a85b0e5bfd75,M26,3,14.41,13.2265081406,20
185,3d1756396565a85b0e5bfd75,M27,3,19.72,18.3764858246,30
185,3d1756396565a85b0e5bfd75,M28,3,17.87,16.5484161377,30
185,3d1756396565a85b0e5bfd75,M29,3,19.66,18.4242038727,30
185,3d1756396565a85b0e5bfd75,M30,3,12.62,10.9675149918,21
186,231bee3016cdac10154eb865,M01,2,5.38,7.06487464905,10
186,231bee3016cdac10154eb865,M02,2,6.93,8.39682579041,15
186,231bee3016cdac10154eb865,M03,2,6.03,8.50949192047,21
186,231bee3016cdac10154eb865,M04,2,5.44,8.33019733429,21
186,231bee3016cdac10154eb865,M05,2,5.65,8.38695049286,21
186,231bee3016cdac10154eb865,M06,2,7.73,10.4280414581,21
186,231bee3016cdac10154eb865,M07,2,7.7,10.6667337418,30
186,231bee3016cdac10154eb865,M08,2,10.1,13.893248558,30
186,231bee3016cdac10154eb865,M09,2,8.4,12.966506958,30
186,231bee3016cdac10154eb865,M10,2,11.91,14.8922348022,30
186,231bee3016cdac10154eb865,M11,2,10.76,14.2426548004,30
186,231bee3016cdac10154eb865,M12,2,12.46,17.7467746735,45
186,231bee3016cdac10154eb865,M13,2,12.45,17.9150657654,60
186,231bee3016cdac10154eb865,M14,2,9.77,15.4084711075,60
186,231bee3016cdac10154eb865,M15,2,12.33,17.8465328217,60
186,231bee3016cdac10154eb865,M16,2,23.53,33.7495269775,100
186,231bee3016cdac10154eb865,M17,2,2.78,6.37538194656,14
186,231bee3016cdac10154eb865,M18,2,5.17,8.35245323181,21
186,231bee3016cdac10154eb865,M19,2,5.29,7.36648511887,21
186,231bee3016cdac10154eb865,M20,2,5.67,8.78365421295,20
186,231bee3016cdac10154eb865,M21,2,4.7,7.07196378708,21
186,231bee3016cdac10154eb865,M22,2,8.28,13.7505407333,45
186,231bee3016cdac10154eb865,M23,2,6.83,11.3929853439,45
186,231bee3016cdac10154eb865,M24,2,8.13,13.6962804794,45
186,231bee3016cdac10154eb865,M25,2,11.62,11.4180822372,20
186,231bee3016cdac10154eb865,M26,2,10.16,10.4033346176,20
186,231bee3016cdac10154eb865,M27,2,11.66,12.8108968735,30
186,231bee3016cdac10154eb865,M28,2,9.71,11.0850276947,30
186,231bee3016cdac10154eb865,M29,2,11.36,12.66447258,30
186,231bee3016cdac10154eb865,M30,2,6.88,8.64325809479,21
187,ceff63dc913a8d929452b72a,M01,0,7.47,8.79883861542,10
187,ceff63dc913a8d929452b72a,M02,0,10.05,11.2002820969,15
187,ceff63dc913a8d929452b72a,M03,0,10.87,11.4435863495,21
187,ceff63dc913a8d929452b72a,M04,0,10.05,11.0612306595,21
187,ceff63dc913a8d929452b72a,M05,0,10.13,11.1317472458,21
187,ceff63dc913a8d929452b72a,M06,0,13.39,14.3744506836,21
187,ceff63dc913a8d929452b72a,M07,0,15.03,17.0467605591,30
187,ceff63dc913a8d929452b72a,M08,0,19.42,21.8390579224,30
187,ceff63dc913a8d929452b72a,M09,0,18.31,20.8629570007,30
187,ceff63dc913a8d929452b72a,M10,0,20.96,22.7192268372,30
187,ceff63dc913a8d929452b72a,M11,0,20.25,22.2463645935,30
187,ceff63dc913a8d929452b72a,M12,0,27.96,31.0045166016,45
187,ceff63dc913a8d929452b72a,M13,0,28.22,31.187040329,60
187,ceff63dc913a8d929452b72a,M14,0,24.86,28.7330760956,60
187,ceff63dc913a8d929452b72a,M15,0,28.75,31.4960269928,60
187,ceff63dc913a8d929452b72a,M16,0,56.81,60.584197998,100
187,ceff63dc913a8d929452b72a,M17,0,7.62,8.19881725311,14
187,ceff63dc913a8d929452b72a,M18,0,10.6,11.005408287,21
187,ceff63dc913a8d929452b72a,M19,0,8.9,10.5106735229,21
187,ceff63dc913a8d929452b72a,M20,0,11.13,12.8671264648,20
187,ceff63dc913a8d929452b72a,M21,0,8.42,10.0113048553,21
187,ceff63dc913a8d929452b72a,M22,0,20.4,24.3267326355,45
187,ceff63dc913a8d929452b72a,M23,0,17.45,21.8794956207,45
187,ceff63dc913a8d929452b72a,M24,0,20.96,24.5546264648,45
187,ceff63dc913a8d929452b72a,M25,0,14.53,15.0699558258,20
187,ceff63dc913a8d929452b72a,M26,0,13.29,14.0550889969,20
187,ceff63dc913a8d929452b72a,M27,0,17.44,19.4098052979,30
187,ceff63dc913a8d929452b72a,M28,0,15.54,17.6186332703,30
187,ceff63dc913a8d929452b72a,M29,0,17.48,19.5424976349,30
187,ceff63dc913a8d929452b72a,M30,0,10.89,11.5525932312,21
188,c815242a0e123343d6e3302a,M01,2,9.1,10.465341568,10
188,c815242a0e123343d6e3302a,M02,2,13.17,12.9111289978,15
188,c815242a0e123343d6e3302a,M03,2,15.7,13.459069252,21
188,c815242a0e123343d6e3302a,M04,2,14.66,13.1982297897,21
188,c815242a0e123343d6e3302a,M05,2,14.94,13.254983902,21
188,c815242a0e123343d6e3302a,M06,2,18.9,16.2871322632,21
188,c815242a0e123343d6e3302a,M07,2,22.3,18.9934120178,30
188,c815242a0e123343d6e3302a,M08,2,26.22,23.97306633,30
188,c815242a0e123343d6e3302a,M09,2,24.81,22.9126338959,30
188,c815242a0e123343d6e3302a,M10,2,27.92,24.759552002,30
188,c815242a0e123343d6e3302a,M11,2,27.01,24.2446060181,30
188,c815242a0e123343d6e3302a,M12,2,39.21,35.24741745,45
188,c815242a0e123343d6e3302a,M13,2,42.05,35.5185470581,60
188,c815242a0e123343d6e3302a,M14,2,39.43,33.2582931519,60
188,c815242a0e123343d6e3302a,M15,2,42.52,35.7326622009,60
188,c815242a0e123343d6e3302a,M16,2,71.79,64.2413635254,100
188,c815242a0e123343d6e3302a,M17,2,10.27,9.96480560303,14
188,c815242a0e123343d6e3302a,M18,2,14.84,13.2158498764,21
188,c815242a0e123343d6e3302a,M19,2,16.12,12.7443504333,21
188,c815242a0e123343d6e3302a,M20,2,17.03,14.7439985275,20
188,c815242a0e123343d6e3302a,M21,2,14.78,12.3450117111,21
188,c815242a0e123343d6e3302a,M22,2,38.48,27.6690139771,45
188,c815242a0e123343d6e3302a,M23,2,34.48,25.4740371704,45
188,c815242a0e123343d6e3302a,M24,2,39.98,27.8823890686,45
188,c815242a0e123343d6e3302a,M25,2,18.65,16.9945030212,20
188,c815242a0e123343d6e3302a,M26,2,16.78,15.9619722366,20
188,c815242a0e123343d6e3302a,M27,2,23.86,21.3913154602,30
188,c815242a0e123343d6e3302a,M28,2,21.94,19.6219882965,30
188,c815242a0e123343d6e3302a,M29,2,23.92,21.5416069031,30
188,c815242a0e123343d6e3302a,M30,2,15.8,13.5933103561,21
189,6da8b86316162ba99fec2db6,M01,2,5.5,4.42112922668,10
189,6da8b86316162ba99fec2db6,M02,2,7.16,5.6305975914,15
189,6da8b86316162ba99fec2db6,M03,2,6.24,5.61431646347,21
189,6da8b86316162ba99fec2db6,M04,2,5.72,5.39292287827,21
189,6da8b86316162ba99fec2db6,M05,2,5.67,5.44967746735,21
189,6da8b86316162ba99fec2db6,M06,2,7.96,6.96091365814,21
189,6da8b86316162ba99fec2db6,M07,2,8.03,7.27743196487,30
189,6da8b86316162ba99fec2db6,M08,2,10.79,8.88079833984,30
189,6da8b86316162ba99fec2db6,M09,2,9.46,7.98853778839,30
189,6da8b86316162ba99fec2db6,M10,2,12.56,9.90075206757,30
189,6da8b86316162ba99fec2db6,M11,2,11.44,9.18811035156,30
189,6da8b86316162ba99fec2db6,M12,2,13.47,10.8512334824,45
189,6da8b86316162ba99fec2db6,M13,2,13.51,10.8495016098,60
189,6da8b86316162ba99fec2db6,M14,2,10.65,9.20921134949,60
189,6da8b86316162ba99fec2db6,M15,2,13.31,10.8869438171,60
189,6da8b86316162ba99fec2db6,M16,2,27,18.9654026031,100
189,6da8b86316162ba99fec2db6,M17,2,4.32,3.84620118141,14
189,6da8b86316162ba99fec2db6,M18,2,6.22,5.38383722305,21
189,6da8b86316162ba99fec2db6,M19,2,5.23,4.72112512589,21
189,6da8b86316162ba99fec2db6,M20,2,6.75,5.53551054001,20
189,6da8b86316162ba99fec2db6,M21,2,5.15,4.43906497955,21
189,6da8b86316162ba99fec2db6,M22,2,10.17,9.02693939209,45
189,6da8b86316162ba99fec2db6,M23,2,8.39,7.41713476181,45
189,6da8b86316162ba99fec2db6,M24,2,10.06,9.07865142822,45
189,6da8b86316162ba99fec2db6,M25,2,10.84,8.01602077484,20
189,6da8b86316162ba99fec2db6,M26,2,9.1,7.35585975647,20
189,6da8b86316162ba99fec2db6,M27,2,10.48,8.74388217926,30
189,6da8b86316162ba99fec2db6,M28,2,8.62,7.85538053513,30
189,6da8b86316162ba99fec2db6,M29,2,10.21,8.63836765289,30
189,6da8b86316162ba99fec2db6,M30,2,6.23,5.74808120728,21
190,9f40631b794965aff4da7b4a,M01,4,8.38,9.28900623322,10
190,9f40631b794965aff4da7b4a,M02,4,11.03,11.5143671036,15
190,9f40631b794965aff4da7b4a,M03,4,12.78,11.685549736,21
190,9f40631b794965aff4da7b4a,M04,4,11.69,11.3104753494,21
190,9f40631b794965aff4da7b4a,M05,4,11.93,11.342130661,21
190,9f40631b794965aff4da7b4a,M06,4,15.62,14.8404636383,21
190,9f40631b794965aff4da7b4a,M07,4,17.89,16.7092323303,30
190,9f40631b794965aff4da7b4a,M08,4,22.15,21.8856983185,30
190,9f40631b794965aff4da7b4a,M09,4,20.65,20.819858551,30
190,9f40631b794965aff4da7b4a,M10,4,23.7,22.7448387146,30
190,9f40631b794965aff4da7b4a,M11,4,22.73,22.1662120819,30
190,9f40631b794965aff4da7b4a,M12,4,32.45,29.5642528534,45
190,9f40631b794965aff4da7b4a,M13,4,34.14,29.72539711,60
190,9f40631b794965aff4da7b4a,M14,4,30.92,27.1582889557,60
190,9f40631b794965aff4da7b4a,M15,4,34.31,30.0570964813,60
190,9f40631b794965aff4da7b4a,M16,4,63.27,60.5498580933,100
190,9f40631b794965aff4da7b4a,M17,4,8.61,8.78184223175,14
190,9f40631b794965aff4da7b4a,M18,4,12.09,11.3601388931,21
190,9f40631b794965aff4da7b4a,M19,4,11.24,10.774851799,21
190,9f40631b794965aff4da7b4a,M20,4,13.16,13.199596405,20
190,9f40631b794965aff4da7b4a,M21,4,10.22,10.4735479355,21
190,9f40631b794965aff4da7b4a,M22,4,26.76,22.3996562958,45
190,9f40631b794965aff4da7b4a,M23,4,23.13,19.8241577148,45
190,9f40631b794965aff4da7b4a,M24,4,27.32,22.8037662506,45
190,9f40631b794965aff4da7b4a,M25,4,15.88,15.7393159866,20
190,9f40631b794965aff4da7b4a,M26,4,14.59,14.7944450378,20
190,9f40631b794965aff4da7b4a,M27,4,20.06,19.1444587708,30
190,9f40631b794965aff4da7b4a,M28,4,18.23,17.3915882111,30
190,9f40631b794965aff4da7b4a,M29,4,19.96,19.3144130707,30
190,9f40631b794965aff4da7b4a,M30,4,12.83,11.700545311,21
191,133b391bd1d233ca3265cf1b,M01,3,7.96,8.45111465454,10
191,133b391bd1d233ca3265cf1b,M02,3,10.62,10.8898859024,15
191,133b391bd1d233ca3265cf1b,M03,3,12.06,11.1224985123,21
191,133b391bd1d233ca3265cf1b,M04,3,11.17,10.8291969299,21
191,133b391bd1d233ca3265cf1b,M05,3,11.3,10.8782634735,21
191,133b391bd1d233ca3265cf1b,M06,3,14.73,14.1637859344,21
191,133b391bd1d233ca3265cf1b,M07,3,16.85,16.5913085938,30
191,133b391bd1d233ca3265cf1b,M08,3,21.15,21.3394374847,30
191,133b391bd1d233ca3265cf1b,M09,3,19.94,20.3214302063,30
191,133b391bd1d233ca3265cf1b,M10,3,22.65,22.2415885925,30
191,133b391bd1d233ca3265cf1b,M11,3,21.84,21.6012020111,30
191,133b391bd1d233ca3265cf1b,M12,3,30.91,30.5063285828,45
191,133b391bd1d233ca3265cf1b,M13,3,31.99,30.5953464508,60
191,133b391bd1d233ca3265cf1b,M14,3,28.82,28.008480072,60
191,133b391bd1d233ca3265cf1b,M15,3,32.24,30.7882347107,60
191,133b391bd1d233ca3265cf1b,M16,3,60.96,60.2023849487,100
191,133b391bd1d233ca3265cf1b,M17,3,8.28,7.91145801544,14
191,133b391bd1d233ca3265cf1b,M18,3,11.6,10.7993125916,21
191,133b391bd1d233ca3265cf1b,M19,3,10.57,10.2157878876,21
191,133b391bd1d233ca3265cf1b,M20,3,12.63,12.5563793182,20
191,133b391bd1d233ca3265cf1b,M21,3,9.81,9.81038093567,21
191,133b391bd1d233ca3265cf1b,M22,3,25.08,23.7993106842,45
191,133b391bd1d233ca3265cf1b,M23,3,21.69,21.3092556,45
191,133b391bd1d233ca3265cf1b,M24,3,25.64,24.0582714081,45
191,133b391bd1d233ca3265cf1b,M25,3,15.29,14.7751064301,20
191,133b391bd1d233ca3265cf1b,M26,3,14.07,13.7011594772,20
191,133b391bd1d233ca3265cf1b,M27,3,19.02,18.9975242615,30
191,133b391bd1d233ca3265cf1b,M28,3,17.23,17.1528205872,30
191,133b391bd1d233ca3265cf1b,M29,3,18.95,18.9914646149,30
191,133b391bd1d233ca3265cf1b,M30,3,12.11,11.2899017334,21
193,2f9d6a91601860eeae150557,M01,2,8.49,9.50569152832,10
193,2f9d6a91601860eeae150557,M02,2,11.22,11.8514099121,15
193,2f9d6a91601860eeae150557,M03,2,13.23,12.1457538605,21
193,2f9d6a91601860eeae150557,M04,2,12.16,11.9196805954,21
193,2f9d6a91601860eeae150557,M05,2,12.41,11.9764347076,21
193,2f9d6a91601860eeae150557,M06,2,15.94,15.1891717911,21
193,2f9d6a91601860eeae150557,M07,2,18.6,17.5979480743,30
193,2f9d6a91601860eeae150557,M08,2,22.79,22.6563549042,30
193,2f9d6a91601860eeae150557,M09,2,21.34,21.5772380829,30
193,2f9d6a91601860eeae150557,M10,2,24.27,23.4792613983,30
193,2f9d6a91601860eeae150557,M11,2,23.44,22.9822349548,30
193,2f9d6a91601860eeae150557,M12,2,33.68,32.5076789856,45
193,2f9d6a91601860eeae150557,M13,2,35.2,32.7625350952,60
193,2f9d6a91601860eeae150557,M14,2,32.14,30.3900928497,60
193,2f9d6a91601860eeae150557,M15,2,35.08,32.9223022461,60
193,2f9d6a91601860eeae150557,M16,2,64.4,62.1883049011,100
193,2f9d6a91601860eeae150557,M17,2,8.83,8.92191123962,14
193,2f9d6a91601860eeae150557,M18,2,12.54,11.9686470032,21
193,2f9d6a91601860eeae150557,M19,2,12.33,11.3139867783,21
193,2f9d6a91601860eeae150557,M20,2,13.85,13.5826473236,20
193,2f9d6a91601860eeae150557,M21,2,11.22,10.9138841629,21
193,2f9d6a91601860eeae150557,M22,2,28.99,25.8618659973,45
193,2f9d6a91601860eeae150557,M23,2,25.58,23.5196075439,45
193,2f9d6a91601860eeae150557,M24,2,29.64,26.0209007263,45
193,2f9d6a91601860eeae150557,M25,2,16.03,15.9285163879,20
193,2f9d6a91601860eeae150557,M26,2,14.8,14.8023061752,20
193,2f9d6a91601860eeae150557,M27,2,20.44,20.0497150421,30
193,2f9d6a91601860eeae150557,M28,2,18.69,18.2428016663,30
193,2f9d6a91601860eeae150557,M29,2,20.31,20.1456661224,30
193,2f9d6a91601860eeae150557,M30,2,13.02,12.2795200348,21
194,b8c4be4f866a65acd44b7659,M01,3,7.17,8.10270881653,10
194,b8c4be4f866a65acd44b7659,M02,3,9.6,10.3465328217,15
194,b8c4be4f866a65acd44b7659,M03,3,9.95,10.4679059982,21
194,b8c4be4f866a65acd44b7659,M04,3,9.11,10.1746044159,21
194,b8c4be4f866a65acd44b7659,M05,3,9.17,10.2236709595,21
194,b8c4be4f866a65acd44b7659,M06,3,12.41,13.4639520645,21
194,b8c4be4f866a65acd44b7659,M07,3,13.62,15.8421850204,30
194,b8c4be4f866a65acd44b7659,M08,3,18,20.4832077026,30
194,b8c4be4f866a65acd44b7659,M09,3,16.78,19.4652004242,30
194,b8c4be4f866a65acd44b7659,M10,3,19.62,21.3853588104,30
194,b8c4be4f866a65acd44b7659,M11,3,18.78,20.744972229,30
194,b8c4be4f866a65acd44b7659,M12,3,25.5,28.7092285156,45
194,b8c4be4f866a65acd44b7659,M13,3,25.36,28.7982463837,60
194,b8c4be4f866a65acd44b7659,M14,3,21.76,26.2571334839,60
194,b8c4be4f866a65acd44b7659,M15,3,25.68,28.9911346436,60
194,b8c4be4f866a65acd44b7659,M16,3,53.45,57.8412437439,100
194,b8c4be4f866a65acd44b7659,M17,3,7.09,7.63450956345,14
194,b8c4be4f866a65acd44b7659,M18,3,9.7,10.1447200775,21
194,b8c4be4f866a65acd44b7659,M19,3,8.51,9.67243480682,21
194,b8c4be4f866a65acd44b7659,M20,3,10.88,11.9677829742,20
194,b8c4be4f866a65acd44b7659,M21,3,8.04,9.26702785492,21
194,b8c4be4f866a65acd44b7659,M22,3,19.57,22.6279659271,45
194,b8c4be4f866a65acd44b7659,M23,3,16.53,20.1836643219,45
194,b8c4be4f866a65acd44b7659,M24,3,20.07,22.886926651,45
194,b8c4be4f866a65acd44b7659,M25,3,13.99,14.0752725601,20
194,b8c4be4f866a65acd44b7659,M26,3,12.67,13.0013256073,20
194,b8c4be4f866a65acd44b7659,M27,3,16.27,18.0848617554,30
194,b8c4be4f866a65acd44b7659,M28,3,14.25,16.2859134674,30
194,b8c4be4f866a65acd44b7659,M29,3,16.25,18.0788040161,30
194,b8c4be4f866a65acd44b7659,M30,3,9.97,10.6353092194,21
195,2f3df9eedd2906c14ce0e5d6,M01,4,8.29,9.23359489441,10
195,2f3df9eedd2906c14ce0e5d6,M02,4,10.96,11.4254426956,15
195,2f3df9eedd2906c14ce0e5d6,M03,4,12.71,11.5480632782,21
195,2f3df9eedd2906c14ce0e5d6,M04,4,11.75,11.1729888916,21
195,2f3df9eedd2906c14ce0e5d6,M05,4,11.98,11.2046442032,21
195,2f3df9eedd2906c14ce0e5d6,M06,4,15.51,14.1777744293,21
195,2f3df9eedd2906c14ce0e5d6,M07,4,17.81,16.8764190674,30
195,2f3df9eedd2906c14ce0e5d6,M08,4,22.07,20.6173973083,30
195,2f3df9eedd2906c14ce0e5d6,M09,4,20.74,19.5515575409,30
195,2f3df9eedd2906c14ce0e5d6,M10,4,23.57,21.5059928894,30
195,2f3df9eedd2906c14ce0e5d6,M11,4,22.81,20.8979110718,30
195,2f3df9eedd2906c14ce0e5d6,M12,4,32.37,29.0406665802,45
195,2f3df9eedd2906c14ce0e5d6,M13,4,34.01,28.9855518341,60
195,2f3df9eedd2906c14ce0e5d6,M14,4,30.82,26.3471889496,60
195,2f3df9eedd2906c14ce0e5d6,M15,4,34.3,29.2992248535,60
195,2f3df9eedd2906c14ce0e5d6,M16,4,63.09,56.4124565125,100
195,2f3df9eedd2906c14ce0e5d6,M17,4,8.63,8.66993618011,14
195,2f3df9eedd2906c14ce0e5d6,M18,4,12.14,11.1883049011,21
195,2f3df9eedd2906c14ce0e5d6,M19,4,11.55,10.6762199402,21
195,2f3df9eedd2906c14ce0e5d6,M20,4,13.4,12.690410614,20
195,2f3df9eedd2906c14ce0e5d6,M21,4,10.71,10.3405685425,21
195,2f3df9eedd2906c14ce0e5d6,M22,4,27.92,23.0481243134,45
195,2f3df9eedd2906c14ce0e5d6,M23,4,24.38,20.4213047028,45
195,2f3df9eedd2906c14ce0e5d6,M24,4,28.54,23.4522342682,45
195,2f3df9eedd2906c14ce0e5d6,M25,4,15.76,14.9374694824,20
195,2f3df9eedd2906c14ce0e5d6,M26,4,14.55,13.9324111938,20
195,2f3df9eedd2906c14ce0e5d6,M27,4,19.93,18.5843868256,30
195,2f3df9eedd2906c14ce0e5d6,M28,4,18.16,16.8342704773,30
195,2f3df9eedd2906c14ce0e5d6,M29,4,19.88,18.7363147736,30
195,2f3df9eedd2906c14ce0e5d6,M30,4,12.75,11.5634317398,21
196,2c3353338941a5a1620123ce,M01,0,7.85,9.39674377441,10
196,2c3353338941a5a1620123ce,M02,0,10.46,11.7064256668,15
196,2c3353338941a5a1620123ce,M03,0,11.69,11.9497299194,21
196,2c3353338941a5a1620123ce,M04,0,10.75,11.5501012802,21
196,2c3353338941a5a1620123ce,M05,0,10.93,11.6206178665,21
196,2c3353338941a5a1620123ce,M06,0,14.46,14.7974786758,21
196,2c3353338941a5a1620123ce,M07,0,16.27,17.4870662689,30
196,2c3353338941a5a1620123ce,M08,0,20.61,22.2793636322,30
196,2c3353338941a5a1620123ce,M09,0,19.32,21.2859897614,30
196,2c3353338941a5a1620123ce,M10,0,22.17,23.159532547,30
196,2c3353338941a5a1620123ce,M11,0,21.32,22.6693973541,30
196,2c3353338941a5a1620123ce,M12,0,29.95,31.3391246796,45
196,2c3353338941a5a1620123ce,M13,0,31.18,31.5043754578,60
196,2c3353338941a5a1620123ce,M14,0,27.93,29.0504112244,60
196,2c3353338941a5a1620123ce,M15,0,31.1,31.8306350708,60
196,2c3353338941a5a1620123ce,M16,0,60.08,62.3427886963,100
196,2c3353338941a5a1620123ce,M17,0,8.07,8.92213630676,14
196,2c3353338941a5a1620123ce,M18,0,11.22,11.6052074432,21
196,2c3353338941a5a1620123ce,M19,0,10.69,11.0998239517,21
196,2c3353338941a5a1620123ce,M20,0,12.8,13.3731613159,20
196,2c3353338941a5a1620123ce,M21,0,9.97,10.5686969757,21
196,2c3353338941a5a1620123ce,M22,0,25.72,24.5385341644,45
196,2c3353338941a5a1620123ce,M23,0,22.29,22.0912971497,45
196,2c3353338941a5a1620123ce,M24,0,26.08,24.9245681763,45
196,2c3353338941a5a1620123ce,M25,0,15.15,15.4784994125,20
196,2c3353338941a5a1620123ce,M26,0,13.94,14.4959211349,20
196,2c3353338941a5a1620123ce,M27,0,18.7,19.818353653,30
196,2c3353338941a5a1620123ce,M28,0,16.87,18.0594711304,30
196,2c3353338941a5a1620123ce,M29,0,18.51,19.9828033447,30
196,2c3353338941a5a1620123ce,M30,0,11.73,12.0587368011,21
198,21c96a0876123a4a80b11e73,M01,2,4.47,4.36373901367,10
198,21c96a0876123a4a80b11e73,M02,2,6.01,5.61201190948,15
198,21c96a0876123a4a80b11e73,M03,2,5.2,5.64858818054,21
198,21c96a0876123a4a80b11e73,M04,2,5.02,5.46438360214,21
198,21c96a0876123a4a80b11e73,M05,2,4.53,5.52113866806,21
198,21c96a0876123a4a80b11e73,M06,2,6.58,7.49887418747,21
198,21c96a0876123a4a80b11e73,M07,2,6.61,7.83106422424,30
198,21c96a0876123a4a80b11e73,M08,2,8.3,9.7787027359,30
198,21c96a0876123a4a80b11e73,M09,2,7.39,8.86608314514,30
198,21c96a0876123a4a80b11e73,M10,2,9.9,10.7986564636,30
198,21c96a0876123a4a80b11e73,M11,2,9.29,10.1232051849,30
198,21c96a0876123a4a80b11e73,M12,2,9.62,13.0123224258,45
198,21c96a0876123a4a80b11e73,M13,2,9.96,13.175702095,60
198,21c96a0876123a4a80b11e73,M14,2,7.11,10.9196329117,60
198,21c96a0876123a4a80b11e73,M15,2,9.85,13.112077713,60
198,21c96a0876123a4a80b11e73,M16,2,16.84,27.3558120728,100
198,21c96a0876123a4a80b11e73,M17,2,3.67,3.76936411858,14
198,21c96a0876123a4a80b11e73,M18,2,5.64,5.4866437912,21
198,21c96a0876123a4a80b11e73,M19,2,4.4,4.72449827194,21
198,21c96a0876123a4a80b11e73,M20,2,5.64,6.07340812683,20
198,21c96a0876123a4a80b11e73,M21,2,4.59,4.44409561157,21
198,21c96a0876123a4a80b11e73,M22,2,8.01,9.45353221893,45
198,21c96a0876123a4a80b11e73,M23,2,6.73,7.34648323059,45
198,21c96a0876123a4a80b11e73,M24,2,7.85,9.40417766571,45
198,21c96a0876123a4a80b11e73,M25,2,8.51,8.48892402649,20
198,21c96a0876123a4a80b11e73,M26,2,7.23,7.43704795837,20
198,21c96a0876123a4a80b11e73,M27,2,8.35,9.93857765198,30
198,21c96a0876123a4a80b11e73,M28,2,7.21,8.46322345734,30
198,21c96a0876123a4a80b11e73,M29,2,8.31,9.79705905914,30
198,21c96a0876123a4a80b11e73,M30,2,5.4,5.78235387802,21
199,c70e593c2e631310bfe805a0,M01,3,6.4,7.21160697937,10
199,c70e593c2e631310bfe805a0,M02,3,8.98,8.92955780029,15
199,c70e593c2e631310bfe805a0,M03,3,8.83,9.09296512604,21
199,c70e593c2e631310bfe805a0,M04,3,8.22,8.75211238861,21
199,c70e593c2e631310bfe805a0,M05,3,7.93,8.78053855896,21
199,c70e593c2e631310bfe805a0,M06,3,10.73,11.7686786652,21
199,c70e593c2e631310bfe805a0,M07,3,12.34,13.3194131851,30
199,c70e593c2e631310bfe805a0,M08,3,16.56,16.8618679047,30
199,c70e593c2e631310bfe805a0,M09,3,15.35,15.9249773026,30
199,c70e593c2e631310bfe805a0,M10,3,18.19,17.8937034607,30
199,c70e593c2e631310bfe805a0,M11,3,16.99,17.0303058624,30
199,c70e593c2e631310bfe805a0,M12,3,22.72,23.1331539154,45
199,c70e593c2e631310bfe805a0,M13,3,20.65,23.0755367279,60
199,c70e593c2e631310bfe805a0,M14,3,17.56,20.1207847595,60
199,c70e593c2e631310bfe805a0,M15,3,22.1,23.3903942108,60
199,c70e593c2e631310bfe805a0,M16,3,47,49.5009765625,100
199,c70e593c2e631310bfe805a0,M17,3,6.64,6.81083631516,14
199,c70e593c2e631310bfe805a0,M18,3,8.88,8.70072555542,21
199,c70e593c2e631310bfe805a0,M19,3,6.87,8.27450275421,21
199,c70e593c2e631310bfe805a0,M20,3,10.33,10.3788785934,20
199,c70e593c2e631310bfe805a0,M21,3,7.04,7.83765888214,21
199,c70e593c2e631310bfe805a0,M22,3,16.45,16.8746051788,45
199,c70e593c2e631310bfe805a0,M23,3,13.17,13.9739456177,45
199,c70e593c2e631310bfe805a0,M24,3,20.03,17.3178062439,45
199,c70e593c2e631310bfe805a0,M25,3,12.68,12.6571817398,20
199,c70e593c2e631310bfe805a0,M26,3,11.44,11.5731258392,20
199,c70e593c2e631310bfe805a0,M27,3,13.79,14.8634729385,30
199,c70e593c2e631310bfe805a0,M28,3,11.94,12.8267002106,30
199,c70e593c2e631310bfe805a0,M29,3,14.3,14.9883728027,30
199,c70e593c2e631310bfe805a0,M30,3,8.35,9.26036834717,21
200,1157dca77a3505f7c3391cf1,M01,1,4.74,4.95928955078,10
200,1157dca77a3505f7c3391cf1,M02,1,6.47,6.34410619736,15
200,1157dca77a3505f7c3391cf1,M03,1,5.4,6.54590368271,21
200,1157dca77a3505f7c3391cf1,M04,1,5.17,6.21465587616,21
200,1157dca77a3505f7c3391cf1,M05,1,5.05,6.31420230865,21
200,1157dca77a3505f7c3391cf1,M06,1,6.93,9.04344558716,21
200,1157dca77a3505f7c3391cf1,M07,1,7.04,9.67470645905,30
200,1157dca77a3505f7c3391cf1,M08,1,9.63,12.7481775284,30
200,1157dca77a3505f7c3391cf1,M09,1,8.62,11.8287067413,30
200,1157dca77a3505f7c3391cf1,M10,1,11.14,13.8895454407,30
200,1157dca77a3505f7c3391cf1,M11,1,10.24,13.0823059082,30
200,1157dca77a3505f7c3391cf1,M12,1,12.17,17.5950775146,45
200,1157dca77a3505f7c3391cf1,M13,1,11.56,17.6636238098,60
200,1157dca77a3505f7c3391cf1,M14,1,9.23,15.3185634613,60
200,1157dca77a3505f7c3391cf1,M15,1,11.53,17.7111644745,60
200,1157dca77a3505f7c3391cf1,M16,1,22.81,40.0223884583,100
200,1157dca77a3505f7c3391cf1,M17,1,3.61,4.35251951218,14
200,1157dca77a3505f7c3391cf1,M18,1,5.52,6.25886678696,21
200,1157dca77a3505f7c3391cf1,M19,1,4.69,5.56450557709,21
200,1157dca77a3505f7c3391cf1,M20,1,5.9,7.37773180008,20
200,1157dca77a3505f7c3391cf1,M21,1,4.66,5.27261400223,21
200,1157dca77a3505f7c3391cf1,M22,1,8.57,12.5455064774,45
200,1157dca77a3505f7c3391cf1,M23,1,7.23,10.3871765137,45
200,1157dca77a3505f7c3391cf1,M24,1,8.31,12.5678777695,45
200,1157dca77a3505f7c3391cf1,M25,1,8.23,10.0346422195,20
200,1157dca77a3505f7c3391cf1,M26,1,7.63,9.03304862976,20
200,1157dca77a3505f7c3391cf1,M27,1,8.29,11.785487175,30
200,1157dca77a3505f7c3391cf1,M28,1,7.68,10.1193437576,30
200,1157dca77a3505f7c3391cf1,M29,1,8.65,11.6021699905,30
200,1157dca77a3505f7c3391cf1,M30,1,5.39,6.56518745422,21
201,a163f7a7711eeffb4a750ec3,M01,3,6.74,4.62740278244,10
201,a163f7a7711eeffb4a750ec3,M02,3,9.03,5.96325731277,15
201,a163f7a7711eeffb4a750ec3,M03,3,8.85,6.08389568329,21
201,a163f7a7711eeffb4a750ec3,M04,3,7.72,5.87267827988,21
201,a163f7a7711eeffb4a750ec3,M05,3,7.71,5.92174482346,21
201,a163f7a7711eeffb4a750ec3,M06,3,11.05,8.21510791779,21
201,a163f7a7711eeffb4a750ec3,M07,3,11.89,8.20756721497,30
201,a163f7a7711eeffb4a750ec3,M08,3,16.17,11.0108623505,30
201,a163f7a7711eeffb4a750ec3,M09,3,14.42,10.1868333817,30
201,a163f7a7711eeffb4a750ec3,M10,3,17.85,12.1377468109,30
201,a163f7a7711eeffb4a750ec3,M11,3,16.59,11.3295726776,30
201,a163f7a7711eeffb4a750ec3,M12,3,22.44,14.998169899,45
201,a163f7a7711eeffb4a750ec3,M13,3,21.46,15.2885599136,60
201,a163f7a7711eeffb4a750ec3,M14,3,17.83,12.9878311157,60
201,a163f7a7711eeffb4a750ec3,M15,3,21.83,15.173910141,60
201,a163f7a7711eeffb4a750ec3,M16,3,48.01,32.8074874878,100
201,a163f7a7711eeffb4a750ec3,M17,3,6.07,3.95148921013,14
201,a163f7a7711eeffb4a750ec3,M18,3,8.36,5.84279584885,21
201,a163f7a7711eeffb4a750ec3,M19,3,6.36,5.0352807045,21
201,a163f7a7711eeffb4a750ec3,M20,3,8.64,6.50725507736,20
201,a163f7a7711eeffb4a750ec3,M21,3,5.99,4.73451375961,21
201,a163f7a7711eeffb4a750ec3,M22,3,13.5,10.5491333008,45
201,a163f7a7711eeffb4a750ec3,M23,3,11.51,8.38017463684,45
201,a163f7a7711eeffb4a750ec3,M24,3,13.61,10.5382156372,45
201,a163f7a7711eeffb4a750ec3,M25,3,13.24,9.32957172394,20
201,a163f7a7711eeffb4a750ec3,M26,3,11.83,8.58401203156,20
201,a163f7a7711eeffb4a750ec3,M27,3,14.57,10.5416202545,30
201,a163f7a7711eeffb4a750ec3,M28,3,12.44,9.1249628067,30
201,a163f7a7711eeffb4a750ec3,M29,3,14.17,10.2566051483,30
201,a163f7a7711eeffb4a750ec3,M30,3,8.83,6.26395988464,21
202,f217da90d1070a3bbaec6996,M01,3,8.03,8.01998806,10
202,f217da90d1070a3bbaec6996,M02,3,10.63,10.620423317,15
202,f217da90d1070a3bbaec6996,M03,3,12.03,10.8802461624,21
202,f217da90d1070a3bbaec6996,M04,3,11.09,10.5639476776,21
202,f217da90d1070a3bbaec6996,M05,3,11.24,10.6130142212,21
202,f217da90d1070a3bbaec6996,M06,3,14.84,13.9315710068,21
202,f217da90d1070a3bbaec6996,M07,3,16.78,16.3800182343,30
202,f217da90d1070a3bbaec6996,M08,3,21.09,21.3978691101,30
202,f217da90d1070a3bbaec6996,M09,3,19.8,20.3568649292,30
202,f217da90d1070a3bbaec6996,M10,3,22.62,22.2680416107,30
202,f217da90d1070a3bbaec6996,M11,3,21.78,21.636636734,30
202,f217da90d1070a3bbaec6996,M12,3,30.72,30.4875106812,45
202,f217da90d1070a3bbaec6996,M13,3,32.12,30.6581459045,60
202,f217da90d1070a3bbaec6996,M14,3,28.82,27.9831447601,60
202,f217da90d1070a3bbaec6996,M15,3,32.04,30.9278087616,60
202,f217da90d1070a3bbaec6996,M16,3,61.1,61.7531852722,100
202,f217da90d1070a3bbaec6996,M17,3,8.25,7.52887868881,14
202,f217da90d1070a3bbaec6996,M18,3,11.54,10.5332012177,21
202,f217da90d1070a3bbaec6996,M19,3,10.59,10.0350627899,21
202,f217da90d1070a3bbaec6996,M20,3,12.69,12.3838100433,20
202,f217da90d1070a3bbaec6996,M21,3,9.82,9.6208524704,21
202,f217da90d1070a3bbaec6996,M22,3,25.22,23.840045929,45
202,f217da90d1070a3bbaec6996,M23,3,21.73,21.2618560791,45
202,f217da90d1070a3bbaec6996,M24,3,25.6,24.2380523682,45
202,f217da90d1070a3bbaec6996,M25,3,15.37,14.5156364441,20
202,f217da90d1070a3bbaec6996,M26,3,14.14,13.5699300766,20
202,f217da90d1070a3bbaec6996,M27,3,19.14,18.869977951,30
202,f217da90d1070a3bbaec6996,M28,3,17.29,17.0960350037,30
202,f217da90d1070a3bbaec6996,M29,3,18.94,18.9496746063,30
202,f217da90d1070a3bbaec6996,M30,3,12.07,11.0476493835,21
203,cd59d3604f71cc60f2c12594,M01,1,4.82,3.99334383011,10
203,cd59d3604f71cc60f2c12594,M02,1,6.23,5.28558778763,15
203,cd59d3604f71cc60f2c12594,M03,1,5.39,5.36188840866,21
203,cd59d3604f71cc60f2c12594,M04,1,5.09,5.07367181778,21
203,cd59d3604f71cc60f2c12594,M05,1,4.98,5.17321825027,21
203,cd59d3604f71cc60f2c12594,M06,1,6.87,6.77121639252,21
203,cd59d3604f71cc60f2c12594,M07,1,6.84,6.80447530746,30
203,cd59d3604f71cc60f2c12594,M08,1,8.53,7.92753744125,30
203,cd59d3604f71cc60f2c12594,M09,1,7.33,7.09031963348,30
203,cd59d3604f71cc60f2c12594,M10,1,10.19,8.92774200439,30
203,cd59d3604f71cc60f2c12594,M11,1,9.15,8.30520629883,30
203,cd59d3604f71cc60f2c12594,M12,1,10.07,9.37214565277,45
203,cd59d3604f71cc60f2c12594,M13,1,10.54,9.42710018158,60
203,cd59d3604f71cc60f2c12594,M14,1,7.82,7.34481096268,60
203,cd59d3604f71cc60f2c12594,M15,1,10.4,9.49663352966,60
203,cd59d3604f71cc60f2c12594,M16,1,18.47,18.234703064,100
203,cd59d3604f71cc60f2c12594,M17,1,3.41,3.38020253181,14
203,cd59d3604f71cc60f2c12594,M18,1,5.51,5.05392885208,21
203,cd59d3604f71cc60f2c12594,M19,1,4.75,4.47546815872,21
203,cd59d3604f71cc60f2c12594,M20,1,6.39,5.2444767952,20
203,cd59d3604f71cc60f2c12594,M21,1,4.88,4.17518377304,21
203,cd59d3604f71cc60f2c12594,M22,1,8.42,7.69061613083,45
203,cd59d3604f71cc60f2c12594,M23,1,6.78,5.75885057449,45
203,cd59d3604f71cc60f2c12594,M24,1,8.35,7.65857028961,45
203,cd59d3604f71cc60f2c12594,M25,1,9.29,7.84005403519,20
203,cd59d3604f71cc60f2c12594,M26,1,7.49,7.02441978455,20
203,cd59d3604f71cc60f2c12594,M27,1,8.9,8.452085495,30
203,cd59d3604f71cc60f2c12594,M28,1,7.38,7.05370569229,30
203,cd59d3604f71cc60f2c12594,M29,1,8.56,8.3635225296,30
203,cd59d3604f71cc60f2c12594,M30,1,5.39,5.44001913071,21
205,349160f21ef26f3bd10c02df,M01,4,4.74,6.15292787552,10
205,349160f21ef26f3bd10c02df,M02,4,6.42,7.5995593071,15
205,349160f21ef26f3bd10c02df,M03,4,5.35,7.62570333481,21
205,349160f21ef26f3bd10c02df,M04,4,5.11,7.31211853027,21
205,349160f21ef26f3bd10c02df,M05,4,4.95,7.34377384186,21
205,349160f21ef26f3bd10c02df,M06,4,6.78,10.2308835983,21
205,349160f21ef26f3bd10c02df,M07,4,6.97,10.3268127441,30
205,349160f21ef26f3bd10c02df,M08,4,9.62,13.3543128967,30
205,349160f21ef26f3bd10c02df,M09,4,8.56,12.4616641998,30
205,349160f21ef26f3bd10c02df,M10,4,11.03,14.4265089035,30
205,349160f21ef26f3bd10c02df,M11,4,10.08,13.6722917557,30
205,349160f21ef26f3bd10c02df,M12,4,12.16,18.5451622009,45
205,349160f21ef26f3bd10c02df,M13,4,11.54,17.9475879669,60
205,349160f21ef26f3bd10c02df,M14,4,9.65,15.5593891144,60
205,349160f21ef26f3bd10c02df,M15,4,11.38,18.0233783722,60
205,349160f21ef26f3bd10c02df,M16,4,24.02,38.9814529419,100
205,349160f21ef26f3bd10c02df,M17,4,3.49,5.55131626129,14
205,349160f21ef26f3bd10c02df,M18,4,5.44,7.34634113312,21
205,349160f21ef26f3bd10c02df,M19,4,4.67,6.53252840042,21
205,349160f21ef26f3bd10c02df,M20,4,5.93,8.59093952179,20
205,349160f21ef26f3bd10c02df,M21,4,4.63,6.2853884697,21
205,349160f21ef26f3bd10c02df,M22,4,8.56,12.92582798,45
205,349160f21ef26f3bd10c02df,M23,4,7.51,10.5802135468,45
205,349160f21ef26f3bd10c02df,M24,4,8.24,12.9734687805,45
205,349160f21ef26f3bd10c02df,M25,4,11.52,11.200758934,20
205,349160f21ef26f3bd10c02df,M26,4,10.36,10.3436956406,20
205,349160f21ef26f3bd10c02df,M27,4,11.5,12.3662433624,30
205,349160f21ef26f3bd10c02df,M28,4,10.06,10.6669950485,30
205,349160f21ef26f3bd10c02df,M29,4,11.23,12.3183794022,30
205,349160f21ef26f3bd10c02df,M30,4,7.25,7.65288972855,21
208,7e8108e8aa1d6afff73a1bc0,M01,2,8.55,9.59506607056,10
208,7e8108e8aa1d6afff73a1bc0,M02,2,11.25,12.0401983261,15
208,7e8108e8aa1d6afff73a1bc0,M03,2,13.28,12.3345422745,21
208,7e8108e8aa1d6afff73a1bc0,M04,2,12.21,12.0916213989,21
208,7e8108e8aa1d6afff73a1bc0,M05,2,12.42,12.1483755112,21
208,7e8108e8aa1d6afff73a1bc0,M06,2,15.99,15.3611125946,21
208,7e8108e8aa1d6afff73a1bc0,M07,2,18.67,17.8697872162,30
208,7e8108e8aa1d6afff73a1bc0,M08,2,22.86,22.928194046,30
208,7e8108e8aa1d6afff73a1bc0,M09,2,21.4,21.8322296143,30
208,7e8108e8aa1d6afff73a1bc0,M10,2,24.34,23.7342529297,30
208,7e8108e8aa1d6afff73a1bc0,M11,2,23.35,23.2372264862,30
208,7e8108e8aa1d6afff73a1bc0,M12,2,33.7,33.0041389465,45
208,7e8108e8aa1d6afff73a1bc0,M13,2,35.29,33.2421455383,60
208,7e8108e8aa1d6afff73a1bc0,M14,2,32.2,30.8917980194,60
208,7e8108e8aa1d6afff73a1bc0,M15,2,35.95,33.4187583923,60
208,7e8108e8aa1d6afff73a1bc0,M16,2,64.53,63.0655479431,100
208,7e8108e8aa1d6afff73a1bc0,M17,2,8.85,9.09385204315,14
208,7e8108e8aa1d6afff73a1bc0,M18,2,12.58,12.1405878067,21
208,7e8108e8aa1d6afff73a1bc0,M19,2,12.35,11.5292196274,21
208,7e8108e8aa1d6afff73a1bc0,M20,2,13.74,13.7810325623,20
208,7e8108e8aa1d6afff73a1bc0,M21,2,10.87,11.1122694016,21
208,7e8108e8aa1d6afff73a1bc0,M22,2,28.99,25.6999855042,45
208,7e8108e8aa1d6afff73a1bc0,M23,2,25.5,23.3798141479,45
208,7e8108e8aa1d6afff73a1bc0,M24,2,29.43,25.8758678436,45
208,7e8108e8aa1d6afff73a1bc0,M25,2,16.1,16.1004600525,20
208,7e8108e8aa1d6afff73a1bc0,M26,2,14.86,14.9963350296,20
208,7e8108e8aa1d6afff73a1bc0,M27,2,20.51,20.3047065735,30
208,7e8108e8aa1d6afff73a1bc0,M28,2,18.75,18.5198802948,30
208,7e8108e8aa1d6afff73a1bc0,M29,2,20.14,20.4175052643,30
208,7e8108e8aa1d6afff73a1bc0,M30,2,13.33,12.4683084488,21
209,ae21572dff8704af71227db3,M01,1,4.61,5.05731868744,10
209,ae21572dff8704af71227db3,M02,1,6.12,6.56071567535,15
209,ae21572dff8704af71227db3,M03,1,5.16,6.76251173019,21
209,ae21572dff8704af71227db3,M04,1,4.97,6.43126392365,21
209,ae21572dff8704af71227db3,M05,1,4.82,6.53081035614,21
209,ae21572dff8704af71227db3,M06,1,6.57,8.70908069611,21
209,ae21572dff8704af71227db3,M07,1,6.58,9.01525878906,30
209,ae21572dff8704af71227db3,M08,1,8.71,11.3338718414,30
209,ae21572dff8704af71227db3,M09,1,7.8,10.4144001007,30
209,ae21572dff8704af71227db3,M10,1,10.15,12.4752397537,30
209,ae21572dff8704af71227db3,M11,1,9.23,11.6680002213,30
209,ae21572dff8704af71227db3,M12,1,10.67,15.6501226425,45
209,ae21572dff8704af71227db3,M13,1,10.54,15.6731882095,60
209,ae21572dff8704af71227db3,M14,1,8.54,13.3281259537,60
209,ae21572dff8704af71227db3,M15,1,10.42,15.7518901825,60
209,ae21572dff8704af71227db3,M16,1,20.19,31.2301502228,100
209,ae21572dff8704af71227db3,M17,1,3.11,4.38406133652,14
209,ae21572dff8704af71227db3,M18,1,5.29,6.4372549057,21
209,ae21572dff8704af71227db3,M19,1,4.6,5.67084932327,21
209,ae21572dff8704af71227db3,M20,1,5.7,7.0088634491,20
209,ae21572dff8704af71227db3,M21,1,4.57,5.39390945435,21
209,ae21572dff8704af71227db3,M22,1,8.47,10.9955759048,45
209,ae21572dff8704af71227db3,M23,1,7.13,8.83724498749,45
209,ae21572dff8704af71227db3,M24,1,7.91,10.9391622543,45
209,ae21572dff8704af71227db3,M25,1,11.76,9.77407741547,20
209,ae21572dff8704af71227db3,M26,1,10.1,8.81369018555,20
209,ae21572dff8704af71227db3,M27,1,11.71,10.9408245087,30
209,ae21572dff8704af71227db3,M28,1,9.67,9.31588745117,30
209,ae21572dff8704af71227db3,M29,1,12.36,10.7886695862,30
209,ae21572dff8704af71227db3,M30,1,7.13,6.84064245224,21
210,f64cb299dc715625ad27bbf2,M01,2,8.08,8.58994293213,10
210,f64cb299dc715625ad27bbf2,M02,2,10.81,10.7515439987,15
210,f64cb299dc715625ad27bbf2,M03,2,12.48,11.0458879471,21
210,f64cb299dc715625ad27bbf2,M04,2,11.6,10.819814682,21
210,f64cb299dc715625ad27bbf2,M05,2,11.79,10.8765687943,21
210,f64cb299dc715625ad27bbf2,M06,2,15.15,14.0893058777,21
210,f64cb299dc715625ad27bbf2,M07,2,17.51,16.3099498749,30
210,f64cb299dc715625ad27bbf2,M08,2,21.76,21.3786487579,30
210,f64cb299dc715625ad27bbf2,M09,2,20.55,20.2995319366,30
210,f64cb299dc715625ad27bbf2,M10,2,23.21,22.2015552521,30
210,f64cb299dc715625ad27bbf2,M11,2,22.53,21.7045288086,30
210,f64cb299dc715625ad27bbf2,M12,2,31.96,30.0925579071,45
210,f64cb299dc715625ad27bbf2,M13,2,33.19,30.2773399353,60
210,f64cb299dc715625ad27bbf2,M14,2,30.16,27.937456131,60
210,f64cb299dc715625ad27bbf2,M15,2,33.71,30.6121997833,60
210,f64cb299dc715625ad27bbf2,M16,2,62.29,58.631061554,100
210,f64cb299dc715625ad27bbf2,M17,2,8.51,7.97065925598,14
210,f64cb299dc715625ad27bbf2,M18,2,11.99,10.8687810898,21
210,f64cb299dc715625ad27bbf2,M19,2,10.97,10.2405653,21
210,f64cb299dc715625ad27bbf2,M20,2,13.16,12.5092258453,20
210,f64cb299dc715625ad27bbf2,M21,2,10.59,9.84046268463,21
210,f64cb299dc715625ad27bbf2,M22,2,27.2,23.9365787506,45
210,f64cb299dc715625ad27bbf2,M23,2,23.96,21.6268997192,45
210,f64cb299dc715625ad27bbf2,M24,2,27.1,24.2707080841,45
210,f64cb299dc715625ad27bbf2,M25,2,15.51,14.9045333862,20
210,f64cb299dc715625ad27bbf2,M26,2,14.33,13.7783231735,20
210,f64cb299dc715625ad27bbf2,M27,2,19.51,18.7285289764,30
210,f64cb299dc715625ad27bbf2,M28,2,17.79,16.9216136932,30
210,f64cb299dc715625ad27bbf2,M29,2,19.51,18.9995746613,30
210,f64cb299dc715625ad27bbf2,M30,2,12.52,11.1796541214,21
211,777595a9cfdca90527f5358e,M01,4,6.91,8.49676513672,10
211,777595a9cfdca90527f5358e,M02,4,9.36,10.5295448303,15
211,777595a9cfdca90527f5358e,M03,4,9.52,10.7007274628,21
211,777595a9cfdca90527f5358e,M04,4,8.63,10.3370656967,21
211,777595a9cfdca90527f5358e,M05,4,8.26,10.3687210083,21
211,777595a9cfdca90527f5358e,M06,4,11.82,13.7265863419,21
211,777595a9cfdca90527f5358e,M07,4,13,15.6922998428,30
211,777595a9cfdca90527f5358e,M08,4,17.42,20.8288269043,30
211,777595a9cfdca90527f5358e,M09,4,16.12,19.7744007111,30
211,777595a9cfdca90527f5358e,M10,4,18.98,21.6993808746,30
211,777595a9cfdca90527f5358e,M11,4,17.54,21.1207542419,30
211,777595a9cfdca90527f5358e,M12,4,24.62,28.4286365509,45
211,777595a9cfdca90527f5358e,M13,4,24.03,28.6011943817,60
211,777595a9cfdca90527f5358e,M14,4,20.69,26.2400112152,60
211,777595a9cfdca90527f5358e,M15,4,24.26,28.6638660431,60
211,777595a9cfdca90527f5358e,M16,4,51.99,58.2492637634,100
211,777595a9cfdca90527f5358e,M17,4,6.98,8.03218269348,14
211,777595a9cfdca90527f5358e,M18,4,9.65,10.368730545,21
211,777595a9cfdca90527f5358e,M19,4,6.81,9.81458473206,21
211,777595a9cfdca90527f5358e,M20,4,9.78,12.2249231339,20
211,777595a9cfdca90527f5358e,M21,4,7.07,9.4641122818,21
211,777595a9cfdca90527f5358e,M22,4,16.52,21.2327957153,45
211,777595a9cfdca90527f5358e,M23,4,14.06,18.8954696655,45
211,777595a9cfdca90527f5358e,M24,4,16.82,21.3859043121,45
211,777595a9cfdca90527f5358e,M25,4,12.66,14.5770492554,20
211,777595a9cfdca90527f5358e,M26,4,11.36,13.6596326828,20
211,777595a9cfdca90527f5358e,M27,4,13.65,18.0905418396,30
211,777595a9cfdca90527f5358e,M28,4,11.75,16.3651275635,30
211,777595a9cfdca90527f5358e,M29,4,13.89,18.0295639038,30
211,777595a9cfdca90527f5358e,M30,4,8.12,10.7279148102,21
212,d69a1a66fdf392a9c7131312,M01,1,8.57,9.5325012207,10
212,d69a1a66fdf392a9c7131312,M02,1,11.27,12.1212730408,15
212,d69a1a66fdf392a9c7131312,M03,1,13.41,12.8030176163,21
212,d69a1a66fdf392a9c7131312,M04,1,12.53,12.4988574982,21
212,d69a1a66fdf392a9c7131312,M05,1,12.72,12.5984039307,21
212,d69a1a66fdf392a9c7131312,M06,1,16.23,15.513586998,21
212,d69a1a66fdf392a9c7131312,M07,1,18.94,18.7516460419,30
212,d69a1a66fdf392a9c7131312,M08,1,23.06,23.1991195679,30
212,d69a1a66fdf392a9c7131312,M09,1,21.87,22.2421512604,30
212,d69a1a66fdf392a9c7131312,M10,1,24.48,24.1203422546,30
212,d69a1a66fdf392a9c7131312,M11,1,23.77,23.5603351593,30
212,d69a1a66fdf392a9c7131312,M12,1,34.2,34.5735206604,45
212,d69a1a66fdf392a9c7131312,M13,1,36.18,34.8476409912,60
212,d69a1a66fdf392a9c7131312,M14,1,33.34,32.4398422241,60
212,d69a1a66fdf392a9c7131312,M15,1,36.34,35.1781311035,60
212,d69a1a66fdf392a9c7131312,M16,1,65.49,63.5940856934,100
212,d69a1a66fdf392a9c7131312,M17,1,9.01,9.15413951874,14
212,d69a1a66fdf392a9c7131312,M18,1,12.84,12.4787044525,21
212,d69a1a66fdf392a9c7131312,M19,1,12.49,11.8865280151,21
212,d69a1a66fdf392a9c7131312,M20,1,14.21,13.8727712631,20
212,d69a1a66fdf392a9c7131312,M21,1,11.48,11.5095176697,21
212,d69a1a66fdf392a9c7131312,M22,1,30.18,27.6566810608,45
212,d69a1a66fdf392a9c7131312,M23,1,26.59,25.2640361786,45
212,d69a1a66fdf392a9c7131312,M24,1,30.73,28.1438388824,45
212,d69a1a66fdf392a9c7131312,M25,1,16.17,16.1674480438,20
212,d69a1a66fdf392a9c7131312,M26,1,14.94,15.1163959503,20
212,d69a1a66fdf392a9c7131312,M27,1,20.79,20.6459617615,30
212,d69a1a66fdf392a9c7131312,M28,1,19.1,18.9562416077,30
212,d69a1a66fdf392a9c7131312,M29,1,20.6,20.7354679108,30
212,d69a1a66fdf392a9c7131312,M30,1,13.47,12.881149292,21
213,a9ddfab67a2904172e0f1116,M01,0,6.66,6.27707242966,10
213,a9ddfab67a2904172e0f1116,M02,0,8.83,7.57731437683,15
213,a9ddfab67a2904172e0f1116,M03,0,8.5,7.7722158432,21
213,a9ddfab67a2904172e0f1116,M04,0,7.69,7.401491642,21
213,a9ddfab67a2904172e0f1116,M05,0,7.6,7.4720082283,21
213,a9ddfab67a2904172e0f1116,M06,0,10.78,9.83682727814,21
213,a9ddfab67a2904172e0f1116,M07,0,11.41,9.96061420441,30
213,a9ddfab67a2904172e0f1116,M08,0,15.67,13.0154190063,30
213,a9ddfab67a2904172e0f1116,M09,0,14.44,12.0675172806,30
213,a9ddfab67a2904172e0f1116,M10,0,17.3,14.0425357819,30
213,a9ddfab67a2904172e0f1116,M11,0,16.33,13.3859510422,30
213,a9ddfab67a2904172e0f1116,M12,0,21.58,18.0238704681,45
213,a9ddfab67a2904172e0f1116,M13,0,20.85,18.1763248444,60
213,a9ddfab67a2904172e0f1116,M14,0,17.33,15.7250556946,60
213,a9ddfab67a2904172e0f1116,M15,0,20.83,18.1856632233,60
213,a9ddfab67a2904172e0f1116,M16,0,47.11,38.1088790894,100
213,a9ddfab67a2904172e0f1116,M17,0,6.11,5.73947143555,14
213,a9ddfab67a2904172e0f1116,M18,0,8.33,7.47006654739,21
213,a9ddfab67a2904172e0f1116,M19,0,5.78,6.71955394745,21
213,a9ddfab67a2904172e0f1116,M20,0,7.93,8.26067066193,20
213,a9ddfab67a2904172e0f1116,M21,0,5.57,6.23079919815,21
213,a9ddfab67a2904172e0f1116,M22,0,12.13,12.9384098053,45
213,a9ddfab67a2904172e0f1116,M23,0,10.45,10.5165786743,45
213,a9ddfab67a2904172e0f1116,M24,0,11.98,12.9940547943,45
213,a9ddfab67a2904172e0f1116,M25,0,13.07,10.8600587845,20
213,a9ddfab67a2904172e0f1116,M26,0,11.67,10.0330924988,20
213,a9ddfab67a2904172e0f1116,M27,0,14.29,12.0114583969,30
213,a9ddfab67a2904172e0f1116,M28,0,12.18,10.3769674301,30
213,a9ddfab67a2904172e0f1116,M29,0,16.64,11.8910226822,30
213,a9ddfab67a2904172e0f1116,M30,0,8.52,7.88122272491,21
214,c27fe310a5abf32c690a710e,M01,4,6.75,7.69829082489,10
214,c27fe310a5abf32c690a710e,M02,4,9.41,9.70744132996,15
214,c27fe310a5abf32c690a710e,M03,4,9.67,9.84387493134,21
214,c27fe310a5abf32c690a710e,M04,4,9.06,9.45022106171,21
214,c27fe310a5abf32c690a710e,M05,4,8.8,9.48187637329,21
214,c27fe310a5abf32c690a710e,M06,4,11.53,12.5073728561,21
214,c27fe310a5abf32c690a710e,M07,4,13.28,14.4816398621,30
214,c27fe310a5abf32c690a710e,M08,4,17.66,18.7118797302,30
214,c27fe310a5abf32c690a710e,M09,4,16.76,17.6952896118,30
214,c27fe310a5abf32c690a710e,M10,4,19.23,19.6004753113,30
214,c27fe310a5abf32c690a710e,M11,4,18.33,18.9738140106,30
214,c27fe310a5abf32c690a710e,M12,4,25.13,25.0422267914,45
214,c27fe310a5abf32c690a710e,M13,4,23.48,25.1585960388,60
214,c27fe310a5abf32c690a710e,M14,4,20.35,22.4883651733,60
214,c27fe310a5abf32c690a710e,M15,4,24.93,25.4908485413,60
214,c27fe310a5abf32c690a710e,M16,4,51.18,51.9618339539,100
214,c27fe310a5abf32c690a710e,M17,4,7.02,7.24780702591,14
214,c27fe310a5abf32c690a710e,M18,4,9.71,9.49430656433,21
214,c27fe310a5abf32c690a710e,M19,4,6.6,8.96022224426,21
214,c27fe310a5abf32c690a710e,M20,4,9.57,11.0697288513,20
214,c27fe310a5abf32c690a710e,M21,4,6.86,8.59217834473,21
214,c27fe310a5abf32c690a710e,M22,4,15.66,18.8903980255,45
214,c27fe310a5abf32c690a710e,M23,4,12.8,16.2671375275,45
214,c27fe310a5abf32c690a710e,M24,4,17.69,19.3130874634,45
214,c27fe310a5abf32c690a710e,M25,4,13.32,13.3583297729,20
214,c27fe310a5abf32c690a710e,M26,4,12.12,12.356004715,20
214,c27fe310a5abf32c690a710e,M27,4,15.03,16.0483551025,30
214,c27fe310a5abf32c690a710e,M28,4,13.23,14.1202354431,30
214,c27fe310a5abf32c690a710e,M29,4,15.57,16.2188625336,30
214,c27fe310a5abf32c690a710e,M30,4,9.16,9.85924339294,21
215,4a4758acbcb6cbd3b156ade0,M01,2,8.84,9.87782859802,10
215,4a4758acbcb6cbd3b156ade0,M02,2,11.51,12.2184228897,15
215,4a4758acbcb6cbd3b156ade0,M03,2,13.75,12.4366779327,21
215,4a4758acbcb6cbd3b156ade0,M04,2,12.73,12.2106046677,21
215,4a4758acbcb6cbd3b156ade0,M05,2,12.96,12.2673587799,21
215,4a4758acbcb6cbd3b156ade0,M06,2,16.59,15.3985385895,21
215,4a4758acbcb6cbd3b156ade0,M07,2,19.41,17.7908058167,30
215,4a4758acbcb6cbd3b156ade0,M08,2,23.51,22.6371269226,30
215,4a4758acbcb6cbd3b156ade0,M09,2,22.16,21.5580120087,30
215,4a4758acbcb6cbd3b156ade0,M10,2,24.99,23.4600334167,30
215,4a4758acbcb6cbd3b156ade0,M11,2,24.12,22.9630088806,30
215,4a4758acbcb6cbd3b156ade0,M12,2,34.89,32.4356231689,45
215,4a4758acbcb6cbd3b156ade0,M13,2,36.94,32.5525016785,60
215,4a4758acbcb6cbd3b156ade0,M14,2,33.95,30.2324333191,60
215,4a4758acbcb6cbd3b156ade0,M15,2,37.25,32.7122573853,60
215,4a4758acbcb6cbd3b156ade0,M16,2,66.34,60.5608558655,100
215,4a4758acbcb6cbd3b156ade0,M17,2,9.12,9.39622497559,14
215,4a4758acbcb6cbd3b156ade0,M18,2,13.05,12.2595710754,21
215,4a4758acbcb6cbd3b156ade0,M19,2,12.67,11.707444191,21
215,4a4758acbcb6cbd3b156ade0,M20,2,14.33,13.8945474625,20
215,4a4758acbcb6cbd3b156ade0,M21,2,11.5,11.3073415756,21
215,4a4758acbcb6cbd3b156ade0,M22,2,30.51,25.2609291077,45
215,4a4758acbcb6cbd3b156ade0,M23,2,26.92,22.9710521698,45
215,4a4758acbcb6cbd3b156ade0,M24,2,31.14,25.4199619293,45
215,4a4758acbcb6cbd3b156ade0,M25,2,16.47,16.2137718201,20
215,4a4758acbcb6cbd3b156ade0,M26,2,15.18,15.1399354935,20
215,4a4758acbcb6cbd3b156ade0,M27,2,21.21,20.2093925476,30
215,4a4758acbcb6cbd3b156ade0,M28,2,19.46,18.4548587799,30
215,4a4758acbcb6cbd3b156ade0,M29,2,21.07,20.3053436279,30
215,4a4758acbcb6cbd3b156ade0,M30,2,13.8,12.5704441071,21
216,1ccc85fbc14570d427fc4054,M01,1,6.22,5.09445238113,10
216,1ccc85fbc14570d427fc4054,M02,1,8.23,6.57263946533,15
216,1ccc85fbc14570d427fc4054,M03,1,7.55,6.69924926758,21
216,1ccc85fbc14570d427fc4054,M04,1,6.97,6.36800146103,21
216,1ccc85fbc14570d427fc4054,M05,1,6.95,6.46754789352,21
216,1ccc85fbc14570d427fc4054,M06,1,9.7,8.64581775665,21
216,1ccc85fbc14570d427fc4054,M07,1,10.03,8.95199489594,30
216,1ccc85fbc14570d427fc4054,M08,1,14.06,11.4037647247,30
216,1ccc85fbc14570d427fc4054,M09,1,13.1,10.484292984,30
216,1ccc85fbc14570d427fc4054,M10,1,15.71,12.545132637,30
216,1ccc85fbc14570d427fc4054,M11,1,14.94,11.7378931046,30
216,1ccc85fbc14570d427fc4054,M12,1,19.05,14.389840126,45
216,1ccc85fbc14570d427fc4054,M13,1,18.27,14.4583978653,60
216,1ccc85fbc14570d427fc4054,M14,1,15.15,12.1495466232,60
216,1ccc85fbc14570d427fc4054,M15,1,17.91,14.5403089523,60
216,1ccc85fbc14570d427fc4054,M16,1,42.44,28.6185245514,100
216,1ccc85fbc14570d427fc4054,M17,1,5.67,4.39598655701,14
216,1ccc85fbc14570d427fc4054,M18,1,7.59,6.36183547974,21
216,1ccc85fbc14570d427fc4054,M19,1,6.06,5.48120546341,21
216,1ccc85fbc14570d427fc4054,M20,1,8.23,6.81922340393,20
216,1ccc85fbc14570d427fc4054,M21,1,5.87,5.15939712524,21
216,1ccc85fbc14570d427fc4054,M22,1,12.8,10.7727022171,45
216,1ccc85fbc14570d427fc4054,M23,1,10.93,8.61437129974,45
216,1ccc85fbc14570d427fc4054,M24,1,12.85,10.7507915497,45
216,1ccc85fbc14570d427fc4054,M25,1,12.36,9.69865608215,20
216,1ccc85fbc14570d427fc4054,M26,1,10.94,8.73826789856,20
216,1ccc85fbc14570d427fc4054,M27,1,12.94,10.923371315,30
216,1ccc85fbc14570d427fc4054,M28,1,10.97,9.29843425751,30
216,1ccc85fbc14570d427fc4054,M29,1,12.59,10.7744255066,30
216,1ccc85fbc14570d427fc4054,M30,1,7.59,6.77737998962,21
217,f0be075ce70bbd3bac1c7259,M01,2,7.69,8.76480579376,10
217,f0be075ce70bbd3bac1c7259,M02,2,10.28,11.1366119385,15
217,f0be075ce70bbd3bac1c7259,M03,2,11.3,11.4309558868,21
217,f0be075ce70bbd3bac1c7259,M04,2,10.46,11.2048826218,21
217,f0be075ce70bbd3bac1c7259,M05,2,10.57,11.261636734,21
217,f0be075ce70bbd3bac1c7259,M06,2,13.99,14.4743738174,21
217,f0be075ce70bbd3bac1c7259,M07,2,15.68,16.8827381134,30
217,f0be075ce70bbd3bac1c7259,M08,2,20.04,21.9411449432,30
217,f0be075ce70bbd3bac1c7259,M09,2,18.9,20.8620281219,30
217,f0be075ce70bbd3bac1c7259,M10,2,21.6,22.7640514374,30
217,f0be075ce70bbd3bac1c7259,M11,2,20.86,22.2670249939,30
217,f0be075ce70bbd3bac1c7259,M12,2,28.99,31.4835357666,45
217,f0be075ce70bbd3bac1c7259,M13,2,29.83,31.6683177948,60
217,f0be075ce70bbd3bac1c7259,M14,2,26.45,29.2958526611,60
217,f0be075ce70bbd3bac1c7259,M15,2,29.97,31.8280830383,60
217,f0be075ce70bbd3bac1c7259,M16,2,58.56,61.3782348633,100
217,f0be075ce70bbd3bac1c7259,M17,2,7.87,8.20711326599,14
217,f0be075ce70bbd3bac1c7259,M18,2,10.96,11.2538490295,21
217,f0be075ce70bbd3bac1c7259,M19,2,9.88,10.6256332397,21
217,f0be075ce70bbd3bac1c7259,M20,2,12.07,12.8942937851,20
217,f0be075ce70bbd3bac1c7259,M21,2,9.28,10.2255306244,21
217,f0be075ce70bbd3bac1c7259,M22,2,23.3,24.3058986664,45
217,f0be075ce70bbd3bac1c7259,M23,2,20.02,21.9636383057,45
217,f0be075ce70bbd3bac1c7259,M24,2,23.82,24.4649333954,45
217,f0be075ce70bbd3bac1c7259,M25,2,14.88,15.2137184143,20
217,f0be075ce70bbd3bac1c7259,M26,2,13.62,14.0875082016,20
217,f0be075ce70bbd3bac1c7259,M27,2,18.16,19.41796875,30
217,f0be075ce70bbd3bac1c7259,M28,2,16.22,17.6110534668,30
217,f0be075ce70bbd3bac1c7259,M29,2,18.02,19.5139198303,30
217,f0be075ce70bbd3bac1c7259,M30,2,11.35,11.5647220612,21
219,0658d6d6c98ecbd57359ccef,M01,0,4.51,5.53896045685,10
219,0658d6d6c98ecbd57359ccef,M02,0,6.01,6.90475559235,15
219,0658d6d6c98ecbd57359ccef,M03,0,5.13,7.12509679794,21
219,0658d6d6c98ecbd57359ccef,M04,0,4.91,6.75335454941,21
219,0658d6d6c98ecbd57359ccef,M05,0,4.75,6.82387113571,21
219,0658d6d6c98ecbd57359ccef,M06,0,6.5,9.33696079254,21
219,0658d6d6c98ecbd57359ccef,M07,0,6.49,9.27322292328,30
219,0658d6d6c98ecbd57359ccef,M08,0,8.33,12.886973381,30
219,0658d6d6c98ecbd57359ccef,M09,0,7.35,11.9804563522,30
219,0658d6d6c98ecbd57359ccef,M10,0,9.82,13.9395332336,30
219,0658d6d6c98ecbd57359ccef,M11,0,8.82,13.2819299698,30
219,0658d6d6c98ecbd57359ccef,M12,0,10.05,17.9075603485,45
219,0658d6d6c98ecbd57359ccef,M13,0,10.04,18.0589981079,60
219,0658d6d6c98ecbd57359ccef,M14,0,8.07,15.6237764359,60
219,0658d6d6c98ecbd57359ccef,M15,0,10.05,18.2628612518,60
219,0658d6d6c98ecbd57359ccef,M16,0,18.55,34.8040390015,100
219,0658d6d6c98ecbd57359ccef,M17,0,2.84,4.92282056808,14
219,0658d6d6c98ecbd57359ccef,M18,0,5.22,6.72744894028,21
219,0658d6d6c98ecbd57359ccef,M19,0,4.62,6.24810504913,21
219,0658d6d6c98ecbd57359ccef,M20,0,5.7,7.94382095337,20
219,0658d6d6c98ecbd57359ccef,M21,0,4.6,5.80175161362,21
219,0658d6d6c98ecbd57359ccef,M22,0,8.26,12.900305748,45
219,0658d6d6c98ecbd57359ccef,M23,0,7.13,10.4945144653,45
219,0658d6d6c98ecbd57359ccef,M24,0,7.97,12.9894094467,45
219,0658d6d6c98ecbd57359ccef,M25,0,7.28,10.3612098694,20
219,0658d6d6c98ecbd57359ccef,M26,0,5.14,9.44196510315,20
219,0658d6d6c98ecbd57359ccef,M27,0,8,11.9438381195,30
219,0658d6d6c98ecbd57359ccef,M28,0,6.32,10.2482814789,30
219,0658d6d6c98ecbd57359ccef,M29,0,7.65,11.9914693832,30
219,0658d6d6c98ecbd57359ccef,M30,0,4.78,7.23410463333,21
220,d62a7d47244b4b6f5813dc91,M01,0,6.53,5.91520261765,10
220,d62a7d47244b4b6f5813dc91,M02,0,8.9,7.38006353378,15
220,d62a7d47244b4b6f5813dc91,M03,0,8.7,7.57496356964,21
220,d62a7d47244b4b6f5813dc91,M04,0,7.9,7.20322084427,21
220,d62a7d47244b4b6f5813dc91,M05,0,7.47,7.27373838425,21
220,d62a7d47244b4b6f5813dc91,M06,0,10.8,9.73964977264,21
220,d62a7d47244b4b6f5813dc91,M07,0,11.81,9.86445522308,30
220,d62a7d47244b4b6f5813dc91,M08,0,16.19,13.4967956543,30
220,d62a7d47244b4b6f5813dc91,M09,0,14.99,12.5478754044,30
220,d62a7d47244b4b6f5813dc91,M10,0,17.72,14.5239114761,30
220,d62a7d47244b4b6f5813dc91,M11,0,16.26,13.8663082123,30
220,d62a7d47244b4b6f5813dc91,M12,0,22.67,18.7236251831,45
220,d62a7d47244b4b6f5813dc91,M13,0,21.49,18.8750629425,60
220,d62a7d47244b4b6f5813dc91,M14,0,18.32,16.4398403168,60
220,d62a7d47244b4b6f5813dc91,M15,0,21.77,18.868347168,60
220,d62a7d47244b4b6f5813dc91,M16,0,48.78,38.6438484192,100
220,d62a7d47244b4b6f5813dc91,M17,0,6.64,5.28210449219,14
220,d62a7d47244b4b6f5813dc91,M18,0,9.14,7.17731523514,21
220,d62a7d47244b4b6f5813dc91,M19,0,6.3,6.66155576706,21
220,d62a7d47244b4b6f5813dc91,M20,0,9.47,8.33553409576,20
220,d62a7d47244b4b6f5813dc91,M21,0,6.77,6.17280101776,21
220,d62a7d47244b4b6f5813dc91,M22,0,15.65,13.3369464874,45
220,d62a7d47244b4b6f5813dc91,M23,0,13.35,10.9311542511,45
220,d62a7d47244b4b6f5813dc91,M24,0,15.92,13.2662096024,45
220,d62a7d47244b4b6f5813dc91,M25,0,11.99,10.7638988495,20
220,d62a7d47244b4b6f5813dc91,M26,0,10.73,9.81236362457,20
220,d62a7d47244b4b6f5813dc91,M27,0,12.49,12.3465270996,30
220,d62a7d47244b4b6f5813dc91,M28,0,10.69,10.6186800003,30
220,d62a7d47244b4b6f5813dc91,M29,0,12.63,12.2090187073,30
220,d62a7d47244b4b6f5813dc91,M30,0,7.33,7.68396854401,21
221,b2055287b28edac3e1fa6789,M01,1,8.23,10.1418743134,10
221,b2055287b28edac3e1fa6789,M02,1,12.58,12.7626285553,15
221,b2055287b28edac3e1fa6789,M03,1,15.18,13.1165599823,21
221,b2055287b28edac3e1fa6789,M04,1,14.13,12.8123998642,21
221,b2055287b28edac3e1fa6789,M05,1,14.43,12.9119462967,21
221,b2055287b28edac3e1fa6789,M06,1,18.39,16.1088466644,21
221,b2055287b28edac3e1fa6789,M07,1,21.58,18.7991828918,30
221,b2055287b28edac3e1fa6789,M08,1,25.52,23.9292259216,30
221,b2055287b28edac3e1fa6789,M09,1,24.08,22.9722576141,30
221,b2055287b28edac3e1fa6789,M10,1,27.07,24.8504486084,30
221,b2055287b28edac3e1fa6789,M11,1,26.18,24.2904415131,30
221,b2055287b28edac3e1fa6789,M12,1,38.21,34.8477935791,45
221,b2055287b28edac3e1fa6789,M13,1,41.21,35.3298339844,60
221,b2055287b28edac3e1fa6789,M14,1,38.54,33.0968017578,60
221,b2055287b28edac3e1fa6789,M15,1,41.18,35.6603240967,60
221,b2055287b28edac3e1fa6789,M16,1,70.9,66.6303787231,100
221,b2055287b28edac3e1fa6789,M17,1,9.95,9.76351261139,14
221,b2055287b28edac3e1fa6789,M18,1,14.33,12.7772941589,21
221,b2055287b28edac3e1fa6789,M19,1,15.5,12.1976451874,21
221,b2055287b28edac3e1fa6789,M20,1,16.69,14.4656066895,20
221,b2055287b28edac3e1fa6789,M21,1,14.11,11.8056821823,21
221,b2055287b28edac3e1fa6789,M22,1,37.84,27.4086723328,45
221,b2055287b28edac3e1fa6789,M23,1,34.66,25.1907920837,45
221,b2055287b28edac3e1fa6789,M24,1,37.86,27.8958301544,45
221,b2055287b28edac3e1fa6789,M25,1,18.11,16.8353557587,20
221,b2055287b28edac3e1fa6789,M26,1,16.42,15.9518117905,20
221,b2055287b28edac3e1fa6789,M27,1,23.28,21.0183906555,30
221,b2055287b28edac3e1fa6789,M28,1,21.47,19.5470294952,30
221,b2055287b28edac3e1fa6789,M29,1,22.92,21.1078968048,30
221,b2055287b28edac3e1fa6789,M30,1,15.26,13.1897706985,21
222,6031d890eca7dc3190572968,M01,2,7.96,7.7073597908,10
222,6031d890eca7dc3190572968,M02,2,10.59,9.39240264893,15
222,6031d890eca7dc3190572968,M03,2,11.86,9.50506877899,21
222,6031d890eca7dc3190572968,M04,2,10.75,9.28246879578,21
222,6031d890eca7dc3190572968,M05,2,10.87,9.33922290802,21
222,6031d890eca7dc3190572968,M06,2,14.61,12.819311142,21
222,6031d890eca7dc3190572968,M07,2,16.49,14.2833614349,30
222,6031d890eca7dc3190572968,M08,2,20.82,18.8488540649,30
222,6031d890eca7dc3190572968,M09,2,19.27,17.7941875458,30
222,6031d890eca7dc3190572968,M10,2,22.41,19.8478374481,30
222,6031d890eca7dc3190572968,M11,2,21.32,19.1549568176,30
222,6031d890eca7dc3190572968,M12,2,30.21,26.3332843781,45
222,6031d890eca7dc3190572968,M13,2,31.29,26.3675537109,60
222,6031d890eca7dc3190572968,M14,2,27.83,23.8609676361,60
222,6031d890eca7dc3190572968,M15,2,31.47,26.4049396515,60
222,6031d890eca7dc3190572968,M16,2,60.2,56.2040061951,100
222,6031d890eca7dc3190572968,M17,2,8.04,7.11586380005,14
222,6031d890eca7dc3190572968,M18,2,11.22,9.34578704834,21
222,6031d890eca7dc3190572968,M19,2,10.09,8.6997461319,21
222,6031d890eca7dc3190572968,M20,2,12.22,11.2624855042,20
222,6031d890eca7dc3190572968,M21,2,9.31,8.33844184875,21
222,6031d890eca7dc3190572968,M22,2,23.81,19.217130661,45
222,6031d890eca7dc3190572968,M23,2,20.46,16.859577179,45
222,6031d890eca7dc3190572968,M24,2,24.33,19.253786087,45
222,6031d890eca7dc3190572968,M25,2,15.24,13.7334690094,20
222,6031d890eca7dc3190572968,M26,2,14.01,12.6486158371,20
222,6031d890eca7dc3190572968,M27,2,18.85,16.716337204,30
222,6031d890eca7dc3190572968,M28,2,16.89,14.9507703781,30
222,6031d890eca7dc3190572968,M29,2,18.77,16.6758346558,30
222,6031d890eca7dc3190572968,M30,2,11.9,9.63883495331,21
223,a0b2ab35e6b6a3ad3cb8099a,M01,2,9.36,10.9009304047,10
223,a0b2ab35e6b6a3ad3cb8099a,M02,2,11.93,13.3711290359,15
223,a0b2ab35e6b6a3ad3cb8099a,M03,2,14.39,13.8078680038,21
223,a0b2ab35e6b6a3ad3cb8099a,M04,2,13.22,13.5817947388,21
223,a0b2ab35e6b6a3ad3cb8099a,M05,2,13.55,13.638548851,21
223,a0b2ab35e6b6a3ad3cb8099a,M06,2,17.28,16.6324977875,21
223,a0b2ab35e6b6a3ad3cb8099a,M07,2,20.4,19.2844429016,30
223,a0b2ab35e6b6a3ad3cb8099a,M08,2,24.41,24.3428478241,30
223,a0b2ab35e6b6a3ad3cb8099a,M09,2,22.82,23.2637329102,30
223,a0b2ab35e6b6a3ad3cb8099a,M10,2,25.94,25.1657543182,30
223,a0b2ab35e6b6a3ad3cb8099a,M11,2,24.95,24.6687297821,30
223,a0b2ab35e6b6a3ad3cb8099a,M12,2,36.41,36.1934432983,45
223,a0b2ab35e6b6a3ad3cb8099a,M13,2,38.74,36.6009521484,60
223,a0b2ab35e6b6a3ad3cb8099a,M14,2,35.97,34.3524742126,60
223,a0b2ab35e6b6a3ad3cb8099a,M15,2,39.2,36.7607269287,60
223,a0b2ab35e6b6a3ad3cb8099a,M16,2,68.24,66.0315933228,100
223,a0b2ab35e6b6a3ad3cb8099a,M17,2,9.39,10.3480815887,14
223,a0b2ab35e6b6a3ad3cb8099a,M18,2,13.48,13.5897016525,21
223,a0b2ab35e6b6a3ad3cb8099a,M19,2,13.48,12.5904216766,21
223,a0b2ab35e6b6a3ad3cb8099a,M20,2,15.05,14.640296936,20
223,a0b2ab35e6b6a3ad3cb8099a,M21,2,12.32,12.1903190613,21
223,a0b2ab35e6b6a3ad3cb8099a,M22,2,32.82,27.8090381622,45
223,a0b2ab35e6b6a3ad3cb8099a,M23,2,29.64,25.5907745361,45
223,a0b2ab35e6b6a3ad3cb8099a,M24,2,33.25,27.9680709839,45
223,a0b2ab35e6b6a3ad3cb8099a,M25,2,17.01,17.3718509674,20
223,a0b2ab35e6b6a3ad3cb8099a,M26,2,15.63,16.2980175018,20
223,a0b2ab35e6b6a3ad3cb8099a,M27,2,21.98,21.7362098694,30
223,a0b2ab35e6b6a3ad3cb8099a,M28,2,20.28,20.0419120789,30
223,a0b2ab35e6b6a3ad3cb8099a,M29,2,21.86,21.8321590424,30
223,a0b2ab35e6b6a3ad3cb8099a,M30,2,14.45,13.9416341782,21
225,493b94c3c8c4c9bf713f2445,M01,3,4.88,6.06767606735,10
225,493b94c3c8c4c9bf713f2445,M02,3,6.39,7.29042673111,15
225,493b94c3c8c4c9bf713f2445,M03,3,5.45,7.48305511475,21
225,493b94c3c8c4c9bf713f2445,M04,3,5.2,7.2193903923,21
225,493b94c3c8c4c9bf713f2445,M05,3,5.13,7.26845693588,21
225,493b94c3c8c4c9bf713f2445,M06,3,6.95,9.2648973465,21
225,493b94c3c8c4c9bf713f2445,M07,3,6.98,9.39998912811,30
225,493b94c3c8c4c9bf713f2445,M08,3,9.12,11.6289577484,30
225,493b94c3c8c4c9bf713f2445,M09,3,8.25,10.8056125641,30
225,493b94c3c8c4c9bf713f2445,M10,3,10.7,12.718662262,30
225,493b94c3c8c4c9bf713f2445,M11,3,9.9,11.8952188492,30
225,493b94c3c8c4c9bf713f2445,M12,3,11.12,15.1203155518,45
225,493b94c3c8c4c9bf713f2445,M13,3,11.22,15.1735515594,60
225,493b94c3c8c4c9bf713f2445,M14,3,8.79,12.9310083389,60
225,493b94c3c8c4c9bf713f2445,M15,3,10.95,15.1632585526,60
225,493b94c3c8c4c9bf713f2445,M16,3,21.44,28.8506679535,100
225,493b94c3c8c4c9bf713f2445,M17,3,3.72,5.33839654922,14
225,493b94c3c8c4c9bf713f2445,M18,3,5.61,7.1604142189,21
225,493b94c3c8c4c9bf713f2445,M19,3,4.87,6.43612289429,21
225,493b94c3c8c4c9bf713f2445,M20,3,6.12,7.62985897064,20
225,493b94c3c8c4c9bf713f2445,M21,3,4.86,6.13604068756,21
225,493b94c3c8c4c9bf713f2445,M22,3,9,11.6133937836,45
225,493b94c3c8c4c9bf713f2445,M23,3,7.42,9.50262355804,45
225,493b94c3c8c4c9bf713f2445,M24,3,8.92,11.7068319321,45
225,493b94c3c8c4c9bf713f2445,M25,3,9.59,10.3610858917,20
225,493b94c3c8c4c9bf713f2445,M26,3,7.89,9.73275279999,20
225,493b94c3c8c4c9bf713f2445,M27,3,9.08,11.6639862061,30
225,493b94c3c8c4c9bf713f2445,M28,3,7.64,10.2828111649,30
225,493b94c3c8c4c9bf713f2445,M29,3,8.71,11.4665031433,30
225,493b94c3c8c4c9bf713f2445,M30,3,5.45,7.6631193161,21
226,ae5a55d12ebca06a5f8ce50c,M01,0,8.24,9.94077110291,10
226,ae5a55d12ebca06a5f8ce50c,M02,0,10.87,12.3170213699,15
226,ae5a55d12ebca06a5f8ce50c,M03,0,12.59,12.5992927551,21
226,ae5a55d12ebca06a5f8ce50c,M04,0,11.57,12.2560243607,21
226,ae5a55d12ebca06a5f8ce50c,M05,0,11.76,12.326540947,21
226,ae5a55d12ebca06a5f8ce50c,M06,0,15.34,15.5750579834,21
226,ae5a55d12ebca06a5f8ce50c,M07,0,17.66,18.2024688721,30
226,ae5a55d12ebca06a5f8ce50c,M08,0,21.85,22.9947662354,30
226,ae5a55d12ebca06a5f8ce50c,M09,0,20.55,22.0437660217,30
226,ae5a55d12ebca06a5f8ce50c,M10,0,23.32,23.9418621063,30
226,ae5a55d12ebca06a5f8ce50c,M11,0,22.49,23.4657154083,30
226,ae5a55d12ebca06a5f8ce50c,M12,0,32.13,32.5518760681,45
226,ae5a55d12ebca06a5f8ce50c,M13,0,33.64,32.9786643982,60
226,ae5a55d12ebca06a5f8ce50c,M14,0,30.45,30.6885242462,60
226,ae5a55d12ebca06a5f8ce50c,M15,0,33.56,33.1656417847,60
226,ae5a55d12ebca06a5f8ce50c,M16,0,62.71,63.2295303345,100
226,ae5a55d12ebca06a5f8ce50c,M17,0,8.55,9.44636249542,14
226,ae5a55d12ebca06a5f8ce50c,M18,0,12.07,12.3111305237,21
226,ae5a55d12ebca06a5f8ce50c,M19,0,11.45,11.7083282471,21
226,ae5a55d12ebca06a5f8ce50c,M20,0,13.26,14.0898809433,20
226,ae5a55d12ebca06a5f8ce50c,M21,0,10.42,11.2335615158,21
226,ae5a55d12ebca06a5f8ce50c,M22,0,27.12,25.4904384613,45
226,ae5a55d12ebca06a5f8ce50c,M23,0,23.56,23.2070293427,45
226,ae5a55d12ebca06a5f8ce50c,M24,0,27.52,25.7371921539,45
226,ae5a55d12ebca06a5f8ce50c,M25,0,15.69,16.2560844421,20
226,ae5a55d12ebca06a5f8ce50c,M26,0,14.43,15.3574066162,20
226,ae5a55d12ebca06a5f8ce50c,M27,0,19.76,20.5959300995,30
226,ae5a55d12ebca06a5f8ce50c,M28,0,17.94,18.9662704468,30
226,ae5a55d12ebca06a5f8ce50c,M29,0,19.56,20.6628437042,30
226,ae5a55d12ebca06a5f8ce50c,M30,0,12.63,12.7082996368,21
227,d13130a6033e47d102f8fa76,M01,3,4.78,5.888651371,10
227,d13130a6033e47d102f8fa76,M02,3,6.68,7.60162305832,15
227,d13130a6033e47d102f8fa76,M03,3,5.59,7.79425287247,21
227,d13130a6033e47d102f8fa76,M04,3,5.37,7.51784944534,21
227,d13130a6033e47d102f8fa76,M05,3,5.2,7.56691646576,21
227,d13130a6033e47d102f8fa76,M06,3,7.17,10.8393993378,21
227,d13130a6033e47d102f8fa76,M07,3,7.28,12.0575609207,30
227,d13130a6033e47d102f8fa76,M08,3,10.17,16.3944759369,30
227,d13130a6033e47d102f8fa76,M09,3,9.31,15.4349155426,30
227,d13130a6033e47d102f8fa76,M10,3,11.66,17.4865264893,30
227,d13130a6033e47d102f8fa76,M11,3,10.84,16.6480064392,30
227,d13130a6033e47d102f8fa76,M12,3,12.98,22.9866714478,45
227,d13130a6033e47d102f8fa76,M13,3,10.54,23.044002533,60
227,d13130a6033e47d102f8fa76,M14,3,7.82,20.6403198242,60
227,d13130a6033e47d102f8fa76,M15,3,10.41,22.9951076508,60
227,d13130a6033e47d102f8fa76,M16,3,18.47,50.0977554321,100
227,d13130a6033e47d102f8fa76,M17,3,3.88,5.38282251358,14
227,d13130a6033e47d102f8fa76,M18,3,5.77,7.48796653748,21
227,d13130a6033e47d102f8fa76,M19,3,4.88,6.71406126022,21
227,d13130a6033e47d102f8fa76,M20,3,6.37,9.04678058624,20
227,d13130a6033e47d102f8fa76,M21,3,4.85,6.34811019897,21
227,d13130a6033e47d102f8fa76,M22,3,8.42,16.1726856232,45
227,d13130a6033e47d102f8fa76,M23,3,6.78,13.8818101883,45
227,d13130a6033e47d102f8fa76,M24,3,8.35,16.2275257111,45
227,d13130a6033e47d102f8fa76,M25,3,9.69,11.8631000519,20
227,d13130a6033e47d102f8fa76,M26,3,8.38,10.8714542389,20
227,d13130a6033e47d102f8fa76,M27,3,9.2,14.765835762,30
227,d13130a6033e47d102f8fa76,M28,3,7.38,13.0034389496,30
227,d13130a6033e47d102f8fa76,M29,3,7.54,14.6246862411,30
227,d13130a6033e47d102f8fa76,M30,3,5.8,7.96165657043,21
228,526db5d548e812e0af002e85,M01,3,7.1,5.87155103683,10
228,526db5d548e812e0af002e85,M02,3,9.32,7.60049247742,15
228,526db5d548e812e0af002e85,M03,3,9.31,7.79312038422,21
228,526db5d548e812e0af002e85,M04,3,8.59,7.55155754089,21
228,526db5d548e812e0af002e85,M05,3,8.98,7.60062408447,21
228,526db5d548e812e0af002e85,M06,3,11.87,10.5242166519,21
228,526db5d548e812e0af002e85,M07,3,12.53,11.5761680603,30
228,526db5d548e812e0af002e85,M08,3,16.79,15.4076604843,30
228,526db5d548e812e0af002e85,M09,3,15.84,14.5021076202,30
228,526db5d548e812e0af002e85,M10,3,18.56,16.5345535278,30
228,526db5d548e812e0af002e85,M11,3,18.47,15.6960334778,30
228,526db5d548e812e0af002e85,M12,3,23.29,20.5343875885,45
228,526db5d548e812e0af002e85,M13,3,23.34,21.0800361633,60
228,526db5d548e812e0af002e85,M14,3,19.7,18.8098163605,60
228,526db5d548e812e0af002e85,M15,3,23.65,20.995721817,60
228,526db5d548e812e0af002e85,M16,3,50.53,45.9243087769,100
228,526db5d548e812e0af002e85,M17,3,6.43,5.3156337738,14
228,526db5d548e812e0af002e85,M18,3,8.79,7.52167320251,21
228,526db5d548e812e0af002e85,M19,3,6.37,6.58970355988,21
228,526db5d548e812e0af002e85,M20,3,8.06,8.62755775452,20
228,526db5d548e812e0af002e85,M21,3,5.71,6.25859117508,21
228,526db5d548e812e0af002e85,M22,3,12.32,15.0277137756,45
228,526db5d548e812e0af002e85,M23,3,11.2,12.870300293,45
228,526db5d548e812e0af002e85,M24,3,11.91,15.0471391678,45
228,526db5d548e812e0af002e85,M25,3,14.29,11.6386804581,20
228,526db5d548e812e0af002e85,M26,3,12.99,10.9404602051,20
228,526db5d548e812e0af002e85,M27,3,16.84,14.035993576,30
228,526db5d548e812e0af002e85,M28,3,14.77,12.5712490082,30
228,526db5d548e812e0af002e85,M29,3,16.77,13.7813234329,30
228,526db5d548e812e0af002e85,M30,3,10.35,7.97318458557,21
229,3b65ef9d92c67daf73ca37e7,M01,4,9.03,10.3695173264,10
229,3b65ef9d92c67daf73ca37e7,M02,4,11.64,12.9940690994,15
229,3b65ef9d92c67daf73ca37e7,M03,4,14.06,13.8105506897,21
229,3b65ef9d92c67daf73ca37e7,M04,4,13.19,13.4354763031,21
229,3b65ef9d92c67daf73ca37e7,M05,4,13.41,13.4671316147,21
229,3b65ef9d92c67daf73ca37e7,M06,4,16.94,16.3419799805,21
229,3b65ef9d92c67daf73ca37e7,M07,4,19.97,19.2286128998,30
229,3b65ef9d92c67daf73ca37e7,M08,4,23.96,24.4875411987,30
229,3b65ef9d92c67daf73ca37e7,M09,4,22.78,23.4217014313,30
229,3b65ef9d92c67daf73ca37e7,M10,4,25.41,25.3466815948,30
229,3b65ef9d92c67daf73ca37e7,M11,4,24.67,24.7680549622,30
229,3b65ef9d92c67daf73ca37e7,M12,4,35.78,36.7587013245,45
229,3b65ef9d92c67daf73ca37e7,M13,4,38.13,37.1151580811,60
229,3b65ef9d92c67daf73ca37e7,M14,4,35.4,35.045501709,60
229,3b65ef9d92c67daf73ca37e7,M15,4,38.27,37.4468765259,60
229,3b65ef9d92c67daf73ca37e7,M16,4,67.58,66.0464019775,100
229,3b65ef9d92c67daf73ca37e7,M17,4,9.34,10.0756235123,14
229,3b65ef9d92c67daf73ca37e7,M18,4,13.43,13.5990686417,21
229,3b65ef9d92c67daf73ca37e7,M19,4,13.56,13.2197265625,21
229,3b65ef9d92c67daf73ca37e7,M20,4,15.03,15.1356344223,20
229,3b65ef9d92c67daf73ca37e7,M21,4,12.44,12.918422699,21
229,3b65ef9d92c67daf73ca37e7,M22,4,32.88,30.380613327,45
229,3b65ef9d92c67daf73ca37e7,M23,4,29.4,28.3025588989,45
229,3b65ef9d92c67daf73ca37e7,M24,4,33.41,30.8157806396,45
229,3b65ef9d92c67daf73ca37e7,M25,4,16.69,17.1495685577,20
229,3b65ef9d92c67daf73ca37e7,M26,4,15.39,16.2046833038,20
229,3b65ef9d92c67daf73ca37e7,M27,4,21.61,21.5725803375,30
229,3b65ef9d92c67daf73ca37e7,M28,4,19.95,20.3358707428,30
229,3b65ef9d92c67daf73ca37e7,M29,4,21.35,21.7425346375,30
229,3b65ef9d92c67daf73ca37e7,M30,4,14.14,13.8255462646,21
230,3d7bd96ca15710fb424119d8,M01,2,8.61,12.448595047,10
230,3d7bd96ca15710fb424119d8,M02,2,12.52,14.9187936783,15
230,3d7bd96ca15710fb424119d8,M03,2,15.13,15.3555326462,21
230,3d7bd96ca15710fb424119d8,M04,2,14.3,15.1294593811,21
230,3d7bd96ca15710fb424119d8,M05,2,14.62,15.1862134933,21
230,3d7bd96ca15710fb424119d8,M06,2,18.29,18.2379360199,21
230,3d7bd96ca15710fb424119d8,M07,2,21.5,20.8898715973,30
230,3d7bd96ca15710fb424119d8,M08,2,25.44,25.9482784271,30
230,3d7bd96ca15710fb424119d8,M09,2,24.31,24.9046936035,30
230,3d7bd96ca15710fb424119d8,M10,2,26.98,26.7711849213,30
230,3d7bd96ca15710fb424119d8,M11,2,26.47,26.2741584778,30
230,3d7bd96ca15710fb424119d8,M12,2,38.1,38.3619842529,45
230,3d7bd96ca15710fb424119d8,M13,2,41.59,38.6087036133,60
230,3d7bd96ca15710fb424119d8,M14,2,39,36.4112815857,60
230,3d7bd96ca15710fb424119d8,M15,2,41.74,38.7684783936,60
230,3d7bd96ca15710fb424119d8,M16,2,71.33,68.2783813477,100
230,3d7bd96ca15710fb424119d8,M17,2,10.04,11.9409894943,14
230,3d7bd96ca15710fb424119d8,M18,2,14.5,15.1470794678,21
230,3d7bd96ca15710fb424119d8,M19,2,15.77,14.565823555,21
230,3d7bd96ca15710fb424119d8,M20,2,16.63,16.6734752655,20
230,3d7bd96ca15710fb424119d8,M21,2,14.34,14.20125103,21
230,3d7bd96ca15710fb424119d8,M22,2,38.25,30.0333995819,45
230,3d7bd96ca15710fb424119d8,M23,2,35.15,27.8661880493,45
230,3d7bd96ca15710fb424119d8,M24,2,38.45,30.1924343109,45
230,3d7bd96ca15710fb424119d8,M25,2,18.32,18.9772815704,20
230,3d7bd96ca15710fb424119d8,M26,2,16.58,17.9106616974,20
230,3d7bd96ca15710fb424119d8,M27,2,23.53,23.3416385651,30
230,3d7bd96ca15710fb424119d8,M28,2,21.68,21.6545524597,30
230,3d7bd96ca15710fb424119d8,M29,2,23.32,23.4375896454,30
230,3d7bd96ca15710fb424119d8,M30,2,15.49,15.4892988205,21
231,dee02d0f4ba2425984cce9ae,M01,4,9.14,9.36947250366,10
231,dee02d0f4ba2425984cce9ae,M02,4,11.79,11.9632482529,15
231,dee02d0f4ba2425984cce9ae,M03,4,14.23,12.7797298431,21
231,dee02d0f4ba2425984cce9ae,M04,4,13.19,12.418548584,21
231,dee02d0f4ba2425984cce9ae,M05,4,13.49,12.4502038956,21
231,dee02d0f4ba2425984cce9ae,M06,4,17.07,15.3705234528,21
231,dee02d0f4ba2425984cce9ae,M07,4,20.18,18.2432537079,30
231,dee02d0f4ba2425984cce9ae,M08,4,24.19,23.5021820068,30
231,dee02d0f4ba2425984cce9ae,M09,4,22.8,22.4502353668,30
231,dee02d0f4ba2425984cce9ae,M10,4,25.68,24.3752155304,30
231,dee02d0f4ba2425984cce9ae,M11,4,24.94,23.7965888977,30
231,dee02d0f4ba2425984cce9ae,M12,4,36.1,34.7265968323,45
231,dee02d0f4ba2425984cce9ae,M13,4,38.31,34.9016265869,60
231,dee02d0f4ba2425984cce9ae,M14,4,35.62,32.4187431335,60
231,dee02d0f4ba2425984cce9ae,M15,4,38.81,35.201423645,60
231,dee02d0f4ba2425984cce9ae,M16,4,67.79,63.228012085,100
231,dee02d0f4ba2425984cce9ae,M17,4,9.36,8.89406871796,14
231,dee02d0f4ba2425984cce9ae,M18,4,13.46,12.3569326401,21
231,dee02d0f4ba2425984cce9ae,M19,4,13.35,11.6961364746,21
231,dee02d0f4ba2425984cce9ae,M25,4,16.8,16.1297149658,20
231,dee02d0f4ba2425984cce9ae,M26,4,15.5,15.1852807999,20
231,dee02d0f4ba2425984cce9ae,M27,4,21.43,20.5527248383,30
231,dee02d0f4ba2425984cce9ae,M28,4,20.07,18.9628448486,30
231,dee02d0f4ba2425984cce9ae,M29,4,21.62,20.6907596588,30
231,dee02d0f4ba2425984cce9ae,M30,4,14.28,12.8069171906,21
232,144e67efd6d586547a1449e2,M01,2,5.21,4.81637859344,10
232,144e67efd6d586547a1449e2,M02,2,7.03,6.34328174591,15
232,144e67efd6d586547a1449e2,M03,2,5.93,6.37985801697,21
232,144e67efd6d586547a1449e2,M04,2,5.58,6.14398670197,21
232,144e67efd6d586547a1449e2,M05,2,5.43,6.20074176788,21
232,144e67efd6d586547a1449e2,M06,2,7.6,9.34251785278,21
232,144e67efd6d586547a1449e2,M07,2,7.78,10.1085090637,30
232,144e67efd6d586547a1449e2,M08,2,11.23,13.141037941,30
232,144e67efd6d586547a1449e2,M09,2,10.26,12.1532688141,30
232,144e67efd6d586547a1449e2,M10,2,12.69,14.1609916687,30
232,144e67efd6d586547a1449e2,M11,2,11.83,13.4338712692,30
232,144e67efd6d586547a1449e2,M12,2,14.68,17.5570697784,45
232,144e67efd6d586547a1449e2,M13,2,13.85,17.3781490326,60
232,144e67efd6d586547a1449e2,M14,2,11.79,14.8330402374,60
232,144e67efd6d586547a1449e2,M15,2,13.47,17.3661899567,60
232,144e67efd6d586547a1449e2,M16,2,31.18,38.6486473083,100
232,144e67efd6d586547a1449e2,M17,2,4.25,4.30178976059,14
232,144e67efd6d586547a1449e2,M18,2,6.03,6.16624689102,21
232,144e67efd6d586547a1449e2,M19,2,4.89,5.44228839874,21
232,144e67efd6d586547a1449e2,M20,2,6.42,7.71458387375,20
232,144e67efd6d586547a1449e2,M21,2,4.85,5.08673810959,21
232,144e67efd6d586547a1449e2,M22,2,9.44,12.5415382385,45
232,144e67efd6d586547a1449e2,M23,2,8.38,10.145447731,45
232,144e67efd6d586547a1449e2,M24,2,9.1,12.5438508987,45
232,144e67efd6d586547a1449e2,M25,2,11.22,10.3976221085,20
232,144e67efd6d586547a1449e2,M26,2,9.89,9.48718166351,20
232,144e67efd6d586547a1449e2,M27,2,11.05,12.4652853012,30
232,144e67efd6d586547a1449e2,M28,2,9.37,10.7904901505,30
232,144e67efd6d586547a1449e2,M29,2,11.41,12.3103704453,30
232,144e67efd6d586547a1449e2,M30,2,6.64,6.51362371445,21
233,a047c7c3e85649e0405c3ba7,M01,1,6.88,7.14748907089,10
233,a047c7c3e85649e0405c3ba7,M02,1,9.18,8.59217739105,15
233,a047c7c3e85649e0405c3ba7,M03,1,9.17,8.74032306671,21
233,a047c7c3e85649e0405c3ba7,M04,1,8.34,8.40907096863,21
233,a047c7c3e85649e0405c3ba7,M05,1,8.26,8.5086183548,21
233,a047c7c3e85649e0405c3ba7,M06,1,11.58,10.985203743,21
233,a047c7c3e85649e0405c3ba7,M07,1,12.45,11.4183807373,30
233,a047c7c3e85649e0405c3ba7,M08,1,16.82,13.8937158585,30
233,a047c7c3e85649e0405c3ba7,M09,1,15.64,12.9742441177,30
233,a047c7c3e85649e0405c3ba7,M10,1,18.4,15.0350837708,30
233,a047c7c3e85649e0405c3ba7,M11,1,17.52,14.2278442383,30
233,a047c7c3e85649e0405c3ba7,M12,1,23.6,19.5130271912,45
233,a047c7c3e85649e0405c3ba7,M13,1,23.17,19.8402137756,60
233,a047c7c3e85649e0405c3ba7,M14,1,19.68,17.7933483124,60
233,a047c7c3e85649e0405c3ba7,M15,1,23.14,19.9189167023,60
233,a047c7c3e85649e0405c3ba7,M16,1,50.75,41.7974853516,100
233,a047c7c3e85649e0405c3ba7,M17,1,6.54,6.56778717041,14
233,a047c7c3e85649e0405c3ba7,M18,1,8.98,8.39145946503,21
233,a047c7c3e85649e0405c3ba7,M19,1,6.29,7.51268768311,21
233,a047c7c3e85649e0405c3ba7,M20,1,8.61,9.07326221466,20
233,a047c7c3e85649e0405c3ba7,M21,1,6.02,7.17943382263,21
233,a047c7c3e85649e0405c3ba7,M22,1,13.48,13.5846977234,45
233,a047c7c3e85649e0405c3ba7,M23,1,11.63,11.6900501251,45
233,a047c7c3e85649e0405c3ba7,M24,1,13.44,13.5595779419,45
233,a047c7c3e85649e0405c3ba7,M25,1,13.5,12.0380420685,20
233,a047c7c3e85649e0405c3ba7,M26,1,12.19,11.2273073196,20
233,a047c7c3e85649e0405c3ba7,M27,1,15.28,13.179930687,30
233,a047c7c3e85649e0405c3ba7,M28,1,13.24,11.8186759949,30
233,a047c7c3e85649e0405c3ba7,M29,1,15.04,13.0277757645,30
233,a047c7c3e85649e0405c3ba7,M30,1,9.19,8.81845378876,21
234,21eea0afa313d3769372de02,M01,4,9.97,10.5790166855,10
234,21eea0afa313d3769372de02,M02,4,14.42,13.0223999023,15
234,21eea0afa313d3769372de02,M03,4,17.03,13.8388814926,21
234,21eea0afa313d3769372de02,M04,4,15.29,13.463807106,21
234,21eea0afa313d3769372de02,M05,4,15.62,13.4954624176,21
234,21eea0afa313d3769372de02,M06,4,20.38,16.2962875366,21
234,21eea0afa313d3769372de02,M07,4,23.17,19.1829242706,30
234,21eea0afa313d3769372de02,M08,4,27.22,24.4880867004,30
234,21eea0afa313d3769372de02,M09,4,25.81,23.422246933,30
234,21eea0afa313d3769372de02,M10,4,29.31,25.3472270966,30
234,21eea0afa313d3769372de02,M11,4,27.83,24.7686004639,30
234,21eea0afa313d3769372de02,M12,4,41.17,36.6467933655,45
234,21eea0afa313d3769372de02,M13,4,44.31,37.2193069458,60
234,21eea0afa313d3769372de02,M14,4,41.45,35.3878250122,60
234,21eea0afa313d3769372de02,M15,4,44.94,37.5329971313,60
234,21eea0afa313d3769372de02,M16,4,74.09,66.3594284058,100
234,21eea0afa313d3769372de02,M17,4,10.68,9.91339588165,14
234,21eea0afa313d3769372de02,M18,4,15.23,13.1950912476,21
234,21eea0afa313d3769372de02,M19,4,16.69,12.3463010788,21
234,21eea0afa313d3769372de02,M20,4,17.68,14.1881980896,20
234,21eea0afa313d3769372de02,M21,4,15.45,11.984416008,21
234,21eea0afa313d3769372de02,M22,4,32.95,29.0519008636,45
234,21eea0afa313d3769372de02,M23,4,38.55,27.2120189667,45
234,21eea0afa313d3769372de02,M24,4,32.54,29.3684864044,45
234,21eea0afa313d3769372de02,M25,4,16.59,17.0554847717,20
234,21eea0afa313d3769372de02,M26,4,18.03,16.2067184448,20
234,21eea0afa313d3769372de02,M27,4,25.9,21.4785022736,30
234,21eea0afa313d3769372de02,M28,4,23.28,20.3037052155,30
234,21eea0afa313d3769372de02,M29,4,26.1,21.6304302216,30
234,21eea0afa313d3769372de02,M30,4,17.03,13.86606884,21
235,6ee9f7ce16b214affda797f4,M01,4,4.95,2.23976445198,10
235,6ee9f7ce16b214affda797f4,M02,4,6.39,3.8349032402,15
235,6ee9f7ce16b214affda797f4,M03,4,5.54,4.01203680038,21
235,6ee9f7ce16b214affda797f4,M04,4,5.14,3.73596811295,21
235,6ee9f7ce16b214affda797f4,M05,4,5.06,3.76762294769,21
235,6ee9f7ce16b214affda797f4,M06,4,6.99,5.6955499649,21
235,6ee9f7ce16b214affda797f4,M07,4,7.03,5.68853807449,30
235,6ee9f7ce16b214affda797f4,M08,4,8.79,7.63004398346,30
235,6ee9f7ce16b214affda797f4,M09,4,7.18,6.75270414352,30
235,6ee9f7ce16b214affda797f4,M10,4,10.56,8.71030044556,30
235,6ee9f7ce16b214affda797f4,M11,4,9.35,7.98553991318,30
235,6ee9f7ce16b214affda797f4,M12,4,10.39,11.0327234268,45
235,6ee9f7ce16b214affda797f4,M13,4,10.76,11.2652187347,60
235,6ee9f7ce16b214affda797f4,M14,4,7.99,9.50237941742,60
235,6ee9f7ce16b214affda797f4,M15,4,10.97,11.2402982712,60
235,6ee9f7ce16b214affda797f4,M16,4,18.18,19.4806308746,100
235,6ee9f7ce16b214affda797f4,M17,4,3.36,1.8123871088,14
235,6ee9f7ce16b214affda797f4,M18,4,5.57,3.79269170761,21
235,6ee9f7ce16b214affda797f4,M19,4,4.77,3.30231809616,21
235,6ee9f7ce16b214affda797f4,M20,4,5.84,4.32491540909,20
235,6ee9f7ce16b214affda797f4,M21,4,4.73,3.03568673134,21
235,6ee9f7ce16b214affda797f4,M22,4,8.55,7.84476232529,45
235,6ee9f7ce16b214affda797f4,M23,4,6.98,6.11219358444,45
235,6ee9f7ce16b214affda797f4,M24,4,8.46,7.85937261581,45
235,6ee9f7ce16b214affda797f4,M25,4,9.5,6.77541685104,20
235,6ee9f7ce16b214affda797f4,M26,4,7.6,6.01676750183,20
235,6ee9f7ce16b214affda797f4,M27,4,9.07,7.81968307495,30
235,6ee9f7ce16b214affda797f4,M28,4,7.52,6.84139633179,30
235,6ee9f7ce16b214affda797f4,M29,4,8.9,7.6711101532,30
235,6ee9f7ce16b214affda797f4,M30,4,5.55,4.12778615952,21
236,ecce04dcbcf0122880ef1bc4,M01,4,8.15,8.71527481079,10
236,ecce04dcbcf0122880ef1bc4,M02,4,10.79,11.1820478439,15
236,ecce04dcbcf0122880ef1bc4,M03,4,12.39,11.4006490707,21
236,ecce04dcbcf0122880ef1bc4,M04,4,11.54,11.0369873047,21
236,ecce04dcbcf0122880ef1bc4,M05,4,11.73,11.0686426163,21
236,ecce04dcbcf0122880ef1bc4,M06,4,15.22,14.3599767685,21
236,ecce04dcbcf0122880ef1bc4,M07,4,17.36,16.5515842438,30
236,ecce04dcbcf0122880ef1bc4,M08,4,21.62,21.1574001312,30
236,ecce04dcbcf0122880ef1bc4,M09,4,20.46,20.102973938,30
236,ecce04dcbcf0122880ef1bc4,M10,4,23.13,22.0279541016,30
236,ecce04dcbcf0122880ef1bc4,M11,4,22.41,21.4493274689,30
236,ecce04dcbcf0122880ef1bc4,M12,4,31.7,30.6667194366,45
236,ecce04dcbcf0122880ef1bc4,M13,4,33.31,31.0484085083,60
236,ecce04dcbcf0122880ef1bc4,M14,4,30.22,28.9245014191,60
236,ecce04dcbcf0122880ef1bc4,M15,4,33.32,31.2680721283,60
236,ecce04dcbcf0122880ef1bc4,M16,4,62.4,60.8439979553,100
236,ecce04dcbcf0122880ef1bc4,M17,4,8.51,8.30745220184,14
236,ecce04dcbcf0122880ef1bc4,M18,4,11.92,11.0851507187,21
236,ecce04dcbcf0122880ef1bc4,M19,4,10.66,10.7909622192,21
236,ecce04dcbcf0122880ef1bc4,M20,4,12.6,12.5714883804,20
236,ecce04dcbcf0122880ef1bc4,M21,4,9.88,10.4995708466,21
236,ecce04dcbcf0122880ef1bc4,M22,4,24.98,24.3819179535,45
236,ecce04dcbcf0122880ef1bc4,M23,4,21.53,22.3330478668,45
236,ecce04dcbcf0122880ef1bc4,M24,4,25.58,24.7050495148,45
236,ecce04dcbcf0122880ef1bc4,M25,4,15.57,15.100063324,20
236,ecce04dcbcf0122880ef1bc4,M26,4,14.34,14.1303749084,20
236,ecce04dcbcf0122880ef1bc4,M27,4,19.59,18.7177448273,30
236,ecce04dcbcf0122880ef1bc4,M28,4,17.82,17.1728019714,30
236,ecce04dcbcf0122880ef1bc4,M29,4,19.41,18.8137588501,30
236,ecce04dcbcf0122880ef1bc4,M30,4,12.45,11.4038257599,21
237,fae1b0a30d608d7f0a01c6ee,M01,0,7.34,6.79196882248,10
237,fae1b0a30d608d7f0a01c6ee,M02,0,10.1,8.51554584503,15
237,fae1b0a30d608d7f0a01c6ee,M03,0,11.19,8.73589038849,21
237,fae1b0a30d608d7f0a01c6ee,M04,0,10.32,8.32177639008,21
237,fae1b0a30d608d7f0a01c6ee,M05,0,10.26,8.39229297638,21
237,fae1b0a30d608d7f0a01c6ee,M06,0,13.89,11.248134613,21
237,fae1b0a30d608d7f0a01c6ee,M07,0,15.11,12.367058754,30
237,fae1b0a30d608d7f0a01c6ee,M08,0,19.86,15.984837532,30
237,fae1b0a30d608d7f0a01c6ee,M09,0,18.7,14.9963150024,30
237,fae1b0a30d608d7f0a01c6ee,M10,0,21.22,16.9950370789,30
237,fae1b0a30d608d7f0a01c6ee,M11,0,20.47,16.3374347687,30
237,fae1b0a30d608d7f0a01c6ee,M12,0,28.47,21.7998638153,45
237,fae1b0a30d608d7f0a01c6ee,M13,0,28.16,21.8148517609,60
237,fae1b0a30d608d7f0a01c6ee,M14,0,25.05,18.8898983002,60
237,fae1b0a30d608d7f0a01c6ee,M15,0,28.89,22.1555957794,60
237,fae1b0a30d608d7f0a01c6ee,M16,0,56.78,46.2546691895,100
237,fae1b0a30d608d7f0a01c6ee,M17,0,8.16,6.2392578125,14
237,fae1b0a30d608d7f0a01c6ee,M18,0,10.71,8.41766738892,21
237,fae1b0a30d608d7f0a01c6ee,M19,0,8.96,7.90109348297,21
237,fae1b0a30d608d7f0a01c6ee,M20,0,11.38,9.92291355133,20
237,fae1b0a30d608d7f0a01c6ee,M21,0,8.75,7.36996507645,21
237,fae1b0a30d608d7f0a01c6ee,M22,0,20.94,16.1149024963,45
237,fae1b0a30d608d7f0a01c6ee,M23,0,18.11,13.2318696976,45
237,fae1b0a30d608d7f0a01c6ee,M24,0,21.6,16.5009403229,45
237,fae1b0a30d608d7f0a01c6ee,M25,0,14.19,12.0781745911,20
237,fae1b0a30d608d7f0a01c6ee,M26,0,13.04,11.0701007843,20
237,fae1b0a30d608d7f0a01c6ee,M27,0,16.82,13.9218025208,30
237,fae1b0a30d608d7f0a01c6ee,M28,0,15.05,11.8699188232,30
237,fae1b0a30d608d7f0a01c6ee,M29,0,16.92,14.0645694733,30
237,fae1b0a30d608d7f0a01c6ee,M30,0,10.37,8.7517156601,21
238,4a69088acec0c142b3de9690,M01,3,5.06,6.0826382637,10
238,4a69088acec0c142b3de9690,M02,3,6.77,7.84963321686,15
238,4a69088acec0c142b3de9690,M03,3,5.71,8.06947135925,21
238,4a69088acec0c142b3de9690,M04,3,5.41,7.78247213364,21
238,4a69088acec0c142b3de9690,M05,3,5.34,7.83153867722,21
238,4a69088acec0c142b3de9690,M06,3,7.31,11.1040220261,21
238,4a69088acec0c142b3de9690,M07,3,7.41,12.3327817917,30
238,4a69088acec0c142b3de9690,M08,3,10.31,16.6997356415,30
238,4a69088acec0c142b3de9690,M09,3,9.36,15.7295780182,30
238,4a69088acec0c142b3de9690,M10,3,11.84,17.7811889648,30
238,4a69088acec0c142b3de9690,M11,3,10.96,16.9426689148,30
238,4a69088acec0c142b3de9690,M12,3,13.2,22.3843479156,45
238,4a69088acec0c142b3de9690,M13,3,12.72,22.5206623077,60
238,4a69088acec0c142b3de9690,M14,3,10.74,20.0434741974,60
238,4a69088acec0c142b3de9690,M15,3,12.66,22.4679870605,60
238,4a69088acec0c142b3de9690,M16,3,27.18,50.1177787781,100
238,4a69088acec0c142b3de9690,M17,3,3.77,5.62023639679,14
238,4a69088acec0c142b3de9690,M18,3,5.68,7.75258827209,21
238,4a69088acec0c142b3de9690,M19,3,4.93,6.98927879333,21
238,4a69088acec0c142b3de9690,M20,3,6.45,9.34144687653,20
238,4a69088acec0c142b3de9690,M21,3,4.89,6.61273288727,21
238,4a69088acec0c142b3de9690,M22,3,9.53,16.2473201752,45
238,4a69088acec0c142b3de9690,M23,3,8.49,13.8829450607,45
238,4a69088acec0c142b3de9690,M24,3,9.21,16.2983798981,45
238,4a69088acec0c142b3de9690,M25,3,13.35,12.1277246475,20
238,4a69088acec0c142b3de9690,M26,3,11.93,11.0948429108,20
238,4a69088acec0c142b3de9690,M27,3,14.73,15.0304584503,30
238,4a69088acec0c142b3de9690,M28,3,12.68,13.1945581436,30
238,4a69088acec0c142b3de9690,M29,3,14.54,14.8482513428,30
238,4a69088acec0c142b3de9690,M30,3,8.87,8.23687458038,21
239,f8ac8d48882ea0feea3861c4,M01,1,6.72,7.39548063278,10
239,f8ac8d48882ea0feea3861c4,M02,1,9.4,9.53828620911,15
239,f8ac8d48882ea0feea3861c4,M03,1,9.69,9.73112010956,21
239,f8ac8d48882ea0feea3861c4,M04,1,9.13,9.39568328857,21
239,f8ac8d48882ea0feea3861c4,M05,1,8.87,9.49522972107,21
239,f8ac8d48882ea0feea3861c4,M06,1,11.53,12.5101013184,21
239,f8ac8d48882ea0feea3861c4,M07,1,13.31,14.4450788498,30
239,f8ac8d48882ea0feea3861c4,M08,1,17.73,18.435005188,30
239,f8ac8d48882ea0feea3861c4,M09,1,16.92,17.4603939056,30
239,f8ac8d48882ea0feea3861c4,M10,1,19.27,19.3835830688,30
239,f8ac8d48882ea0feea3861c4,M11,1,18.44,18.7649421692,30
239,f8ac8d48882ea0feea3861c4,M12,1,25.3,25.3025054932,45
239,f8ac8d48882ea0feea3861c4,M13,1,26.39,25.4329204559,60
239,f8ac8d48882ea0feea3861c4,M14,1,20.65,22.6386432648,60
239,f8ac8d48882ea0feea3861c4,M15,1,25.07,25.7158851624,60
239,f8ac8d48882ea0feea3861c4,M16,1,51.57,53.7452354431,100
239,f8ac8d48882ea0feea3861c4,M17,1,7.06,7.02639436722,14
239,f8ac8d48882ea0feea3861c4,M18,1,9.77,9.36057758331,21
239,f8ac8d48882ea0feea3861c4,M19,1,7.55,8.86005973816,21
239,f8ac8d48882ea0feea3861c4,M20,1,10.81,11.0043115616,20
239,f8ac8d48882ea0feea3861c4,M21,1,7.9,8.43682003021,21
239,f8ac8d48882ea0feea3861c4,M22,1,18.78,19.1050415039,45
239,f8ac8d48882ea0feea3861c4,M23,1,14.97,16.3976726532,45
239,f8ac8d48882ea0feea3861c4,M24,1,23.71,19.5446834564,45
239,f8ac8d48882ea0feea3861c4,M25,1,13.27,13.422999382,20
239,f8ac8d48882ea0feea3861c4,M26,1,12.15,12.1639318466,20
239,f8ac8d48882ea0feea3861c4,M27,1,15.06,16.1859397888,30
239,f8ac8d48882ea0feea3861c4,M28,1,13.34,14.2250909805,30
239,f8ac8d48882ea0feea3861c4,M29,1,15.6,16.2922420502,30
239,f8ac8d48882ea0feea3861c4,M30,1,9.2,9.77127838135,21
240,4fc34b6859ebf93e0c16c141,M01,4,5.63,7.02646636963,10
240,4fc34b6859ebf93e0c16c141,M02,4,7.14,8.55403423309,15
240,4fc34b6859ebf93e0c16c141,M03,4,6.03,8.6148223877,21
240,4fc34b6859ebf93e0c16c141,M04,4,5.66,8.26505374908,21
240,4fc34b6859ebf93e0c16c141,M05,4,5.54,8.29670906067,21
240,4fc34b6859ebf93e0c16c141,M06,4,7.71,11.6440000534,21
240,4fc34b6859ebf93e0c16c141,M07,4,7.94,12.4904203415,30
240,4fc34b6859ebf93e0c16c141,M08,4,11.57,16.1159114838,30
240,4fc34b6859ebf93e0c16c141,M09,4,10.66,15.1378259659,30
240,4fc34b6859ebf93e0c16c141,M10,4,13,17.1586437225,30
240,4fc34b6859ebf93e0c16c141,M11,4,12.27,16.3977031708,30
240,4fc34b6859ebf93e0c16c141,M12,4,15.34,21.4017448425,45
240,4fc34b6859ebf93e0c16c141,M13,4,14.58,21.1255931854,60
240,4fc34b6859ebf93e0c16c141,M14,4,12.37,18.8022346497,60
240,4fc34b6859ebf93e0c16c141,M15,4,14.19,21.1743717194,60
240,4fc34b6859ebf93e0c16c141,M16,4,32.85,50.8882141113,100
240,4fc34b6859ebf93e0c16c141,M17,4,4.4,6.42036056519,14
240,4fc34b6859ebf93e0c16c141,M18,4,6.14,8.29927444458,21
240,4fc34b6859ebf93e0c16c141,M19,4,4.95,7.25842428207,21
240,4fc34b6859ebf93e0c16c141,M20,4,6.64,9.69157886505,20
240,4fc34b6859ebf93e0c16c141,M21,4,4.89,6.97510051727,21
240,4fc34b6859ebf93e0c16c141,M22,4,10.97,15.4920473099,45
240,4fc34b6859ebf93e0c16c141,M23,4,9.17,13.1790380478,45
240,4fc34b6859ebf93e0c16c141,M24,4,11.12,15.5437335968,45
240,4fc34b6859ebf93e0c16c141,M25,4,11.97,12.6291904449,20
240,4fc34b6859ebf93e0c16c141,M26,4,10.66,11.7721271515,20
240,4fc34b6859ebf93e0c16c141,M27,4,11.4,15.2563295364,30
240,4fc34b6859ebf93e0c16c141,M28,4,9.89,13.5570812225,30
240,4fc34b6859ebf93e0c16c141,M29,4,11.67,15.1814546585,30
240,4fc34b6859ebf93e0c16c141,M30,4,7.1,8.65732479095,21
241,18623281fc9dce7d70af43e9,M01,3,6.39,5.35226631165,10
241,18623281fc9dce7d70af43e9,M02,3,8.52,6.62423706055,15
241,18623281fc9dce7d70af43e9,M03,3,7.87,6.81686592102,21
241,18623281fc9dce7d70af43e9,M04,3,7.08,6.59090328217,21
241,18623281fc9dce7d70af43e9,M05,3,6.81,6.63996982574,21
241,18623281fc9dce7d70af43e9,M06,3,9.94,8.88627910614,21
241,18623281fc9dce7d70af43e9,M07,3,10.63,8.95995426178,30
241,18623281fc9dce7d70af43e9,M08,3,14.79,12.0792779922,30
241,18623281fc9dce7d70af43e9,M09,3,13.45,11.2213182449,30
241,18623281fc9dce7d70af43e9,M10,3,16.37,13.190363884,30
241,18623281fc9dce7d70af43e9,M11,3,15.01,12.3832416534,30
241,18623281fc9dce7d70af43e9,M12,3,20.29,16.8042469025,45
241,18623281fc9dce7d70af43e9,M13,3,18.35,16.9120159149,60
241,18623281fc9dce7d70af43e9,M14,3,15.14,14.4348096848,60
241,18623281fc9dce7d70af43e9,M15,3,19.01,16.8121032715,60
241,18623281fc9dce7d70af43e9,M16,3,41.75,37.1606407166,100
241,18623281fc9dce7d70af43e9,M17,3,6.14,4.60235977173,14
241,18623281fc9dce7d70af43e9,M18,3,8.33,6.56102085114,21
241,18623281fc9dce7d70af43e9,M19,3,6.87,5.53625488281,21
241,18623281fc9dce7d70af43e9,M20,3,9.06,6.94442033768,20
241,18623281fc9dce7d70af43e9,M21,3,6.45,5.22074270248,21
241,18623281fc9dce7d70af43e9,M22,3,14.51,11.7075128555,45
241,18623281fc9dce7d70af43e9,M23,3,12.13,9.36209964752,45
241,18623281fc9dce7d70af43e9,M24,3,14.74,11.7113399506,45
241,18623281fc9dce7d70af43e9,M25,3,11.57,10.1412067413,20
241,18623281fc9dce7d70af43e9,M26,3,10.56,9.38844680786,20
241,18623281fc9dce7d70af43e9,M27,3,11.63,11.441493988,30
241,18623281fc9dce7d70af43e9,M28,3,10.73,9.85851669312,30
241,18623281fc9dce7d70af43e9,M29,3,12.74,11.1712236404,30
241,18623281fc9dce7d70af43e9,M30,3,7.17,6.9969291687,21
242,9e0901bcee50a2c1f9527fb0,M01,2,7.3,7.76008081436,10
242,9e0901bcee50a2c1f9527fb0,M02,2,9.81,9.42406272888,15
242,9e0901bcee50a2c1f9527fb0,M03,2,10.47,9.55998325348,21
242,9e0901bcee50a2c1f9527fb0,M04,2,9.56,9.35835075378,21
242,9e0901bcee50a2c1f9527fb0,M05,2,9.58,9.41510486603,21
242,9e0901bcee50a2c1f9527fb0,M06,2,13.01,12.8174829483,21
242,9e0901bcee50a2c1f9527fb0,M07,2,14.5,14.2605657578,30
242,9e0901bcee50a2c1f9527fb0,M08,2,18.92,18.8669700623,30
242,9e0901bcee50a2c1f9527fb0,M09,2,17.66,17.8122959137,30
242,9e0901bcee50a2c1f9527fb0,M10,2,20.36,19.80311203,30
242,9e0901bcee50a2c1f9527fb0,M11,2,19.37,19.2172927856,30
242,9e0901bcee50a2c1f9527fb0,M12,2,27.27,26.3837242126,45
242,9e0901bcee50a2c1f9527fb0,M13,2,27.49,26.5241584778,60
242,9e0901bcee50a2c1f9527fb0,M14,2,24.29,24.0699558258,60
242,9e0901bcee50a2c1f9527fb0,M15,2,27.4,26.4929637909,60
242,9e0901bcee50a2c1f9527fb0,M16,2,56.08,57.2869224548,100
242,9e0901bcee50a2c1f9527fb0,M17,2,7.31,7.12435770035,14
242,9e0901bcee50a2c1f9527fb0,M18,2,10.14,9.42166900635,21
242,9e0901bcee50a2c1f9527fb0,M19,2,7.44,8.67185020447,21
242,9e0901bcee50a2c1f9527fb0,M20,2,9.81,11.154592514,20
242,9e0901bcee50a2c1f9527fb0,M21,2,6.95,8.31054019928,21
242,9e0901bcee50a2c1f9527fb0,M22,2,16.46,18.8721046448,45
242,9e0901bcee50a2c1f9527fb0,M23,2,14.08,16.5472259521,45
242,9e0901bcee50a2c1f9527fb0,M24,2,16.61,18.8401794434,45
242,9e0901bcee50a2c1f9527fb0,M25,2,14.29,13.7316408157,20
242,9e0901bcee50a2c1f9527fb0,M26,2,13.08,12.6794576645,20
242,9e0901bcee50a2c1f9527fb0,M27,2,17.02,16.7145042419,30
242,9e0901bcee50a2c1f9527fb0,M28,2,15.2,14.9816122055,30
242,9e0901bcee50a2c1f9527fb0,M29,2,16.75,16.6054210663,30
242,9e0901bcee50a2c1f9527fb0,M30,2,10.52,9.6937494278,21
243,25ddcfd00b9d06444330609f,M01,3,6.95,6.37201595306,10
243,25ddcfd00b9d06444330609f,M02,3,9.48,8.07940101624,15
243,25ddcfd00b9d06444330609f,M03,3,9.78,8.29923725128,21
243,25ddcfd00b9d06444330609f,M04,3,8.86,8.0470790863,21
243,25ddcfd00b9d06444330609f,M05,3,8.47,8.09614467621,21
243,25ddcfd00b9d06444330609f,M06,3,12.04,11.3163537979,21
243,25ddcfd00b9d06444330609f,M07,3,13.42,12.5102739334,30
243,25ddcfd00b9d06444330609f,M08,3,17.83,16.783498764,30
243,25ddcfd00b9d06444330609f,M09,3,16.53,15.8481760025,30
243,25ddcfd00b9d06444330609f,M10,3,19.37,17.8997917175,30
243,25ddcfd00b9d06444330609f,M11,3,17.85,17.0612716675,30
243,25ddcfd00b9d06444330609f,M12,3,25.37,22.9994659424,45
243,25ddcfd00b9d06444330609f,M13,3,24.76,23.4770774841,60
243,25ddcfd00b9d06444330609f,M14,3,21.46,21.1333522797,60
243,25ddcfd00b9d06444330609f,M15,3,25.1,23.4033603668,60
243,25ddcfd00b9d06444330609f,M16,3,52.9,50.1808280945,100
243,25ddcfd00b9d06444330609f,M17,3,7.24,5.88484287262,14
243,25ddcfd00b9d06444330609f,M18,3,10.05,8.01719665527,21
243,25ddcfd00b9d06444330609f,M19,3,7.09,7.33019638062,21
243,25ddcfd00b9d06444330609f,M20,3,10.39,9.63488483429,20
243,25ddcfd00b9d06444330609f,M21,3,7.6,6.98848724365,21
243,25ddcfd00b9d06444330609f,M22,3,18.28,16.62733078,45
243,25ddcfd00b9d06444330609f,M23,3,15.58,14.3964080811,45
243,25ddcfd00b9d06444330609f,M24,3,18.62,16.6196861267,45
243,25ddcfd00b9d06444330609f,M25,3,12.89,12.3400564194,20
243,25ddcfd00b9d06444330609f,M26,3,11.69,11.3071756363,20
243,25ddcfd00b9d06444330609f,M27,3,14.2,15.1790990829,30
243,25ddcfd00b9d06444330609f,M28,3,12.37,13.4068899155,30
243,25ddcfd00b9d06444330609f,M29,3,14.45,15.0131263733,30
243,25ddcfd00b9d06444330609f,M30,3,8.54,8.46664142609,21
244,670b4048ec51c7fd50fc617b,M01,2,7.83,9.00688934326,10
244,670b4048ec51c7fd50fc617b,M02,2,10.41,11.4520215988,15
244,670b4048ec51c7fd50fc617b,M03,2,11.55,11.7463655472,21
244,670b4048ec51c7fd50fc617b,M04,2,10.69,11.5034446716,21
244,670b4048ec51c7fd50fc617b,M05,2,10.85,11.5601987839,21
244,670b4048ec51c7fd50fc617b,M06,2,14.27,14.7729358673,21
244,670b4048ec51c7fd50fc617b,M07,2,16.06,17.2816104889,30
244,670b4048ec51c7fd50fc617b,M08,2,20.42,22.3400173187,30
244,670b4048ec51c7fd50fc617b,M09,2,19.2,21.244052887,30
244,670b4048ec51c7fd50fc617b,M10,2,21.97,23.1460762024,30
244,670b4048ec51c7fd50fc617b,M11,2,21.2,22.6490497589,30
244,670b4048ec51c7fd50fc617b,M12,2,29.59,32.1210517883,45
244,670b4048ec51c7fd50fc617b,M13,2,30.56,32.2889785767,60
244,670b4048ec51c7fd50fc617b,M14,2,27.22,29.9386138916,60
244,670b4048ec51c7fd50fc617b,M15,2,30.76,32.4655761719,60
244,670b4048ec51c7fd50fc617b,M16,2,59.36,61.9989128113,100
244,670b4048ec51c7fd50fc617b,M17,2,8.04,8.50567531586,14
244,670b4048ec51c7fd50fc617b,M18,2,11.17,11.5524110794,21
244,670b4048ec51c7fd50fc617b,M19,2,9.66,10.9410429001,21
244,670b4048ec51c7fd50fc617b,M20,2,11.82,13.192855835,20
244,670b4048ec51c7fd50fc617b,M21,2,9,10.5240926743,21
244,670b4048ec51c7fd50fc617b,M22,2,22.5,24.8168773651,45
244,670b4048ec51c7fd50fc617b,M23,2,19.22,22.4967041016,45
244,670b4048ec51c7fd50fc617b,M24,2,23.03,24.9927597046,45
244,670b4048ec51c7fd50fc617b,M25,2,15.04,15.5122804642,20
244,670b4048ec51c7fd50fc617b,M26,2,13.82,14.4081583023,20
244,670b4048ec51c7fd50fc617b,M27,2,18.48,19.7165298462,30
244,670b4048ec51c7fd50fc617b,M28,2,16.59,17.9317016602,30
244,670b4048ec51c7fd50fc617b,M29,2,18.38,19.829328537,30
244,670b4048ec51c7fd50fc617b,M30,2,11.61,11.8801317215,21
245,1a63c784a90e7a00bbc469c8,M01,1,7.44,10.4463453293,10
245,1a63c784a90e7a00bbc469c8,M02,1,9.96,13.0246953964,15
245,1a63c784a90e7a00bbc469c8,M03,1,10.84,13.8623218536,21
245,1a63c784a90e7a00bbc469c8,M04,1,10.48,13.5581617355,21
245,1a63c784a90e7a00bbc469c8,M05,1,10.57,13.657708168,21
245,1a63c784a90e7a00bbc469c8,M06,1,13.48,16.4074745178,21
245,1a63c784a90e7a00bbc469c8,M07,1,15.07,19.7852840424,30
245,1a63c784a90e7a00bbc469c8,M08,1,19.44,24.6578731537,30
245,1a63c784a90e7a00bbc469c8,M09,1,19.03,23.7009048462,30
245,1a63c784a90e7a00bbc469c8,M10,1,20.89,25.5339641571,30
245,1a63c784a90e7a00bbc469c8,M11,1,20.83,24.9739570618,30
245,1a63c784a90e7a00bbc469c8,M12,1,28.18,36.8828659058,45
245,1a63c784a90e7a00bbc469c8,M13,1,29.01,37.4021148682,60
245,1a63c784a90e7a00bbc469c8,M14,1,26.38,34.975566864,60
245,1a63c784a90e7a00bbc469c8,M15,1,29.61,37.7777366638,60
245,1a63c784a90e7a00bbc469c8,M16,1,57.74,66.6306991577,100
245,1a63c784a90e7a00bbc469c8,M17,1,7.76,10.1929607391,14
245,1a63c784a90e7a00bbc469c8,M18,1,10.91,13.5722751617,21
245,1a63c784a90e7a00bbc469c8,M19,1,8.29,12.7456121445,21
245,1a63c784a90e7a00bbc469c8,M20,1,10.03,14.4707212448,20
245,1a63c784a90e7a00bbc469c8,M21,1,7.75,12.2313776016,21
245,1a63c784a90e7a00bbc469c8,M22,1,17.56,29.0786495209,45
245,1a63c784a90e7a00bbc469c8,M23,1,17.05,26.6672534943,45
245,1a63c784a90e7a00bbc469c8,M24,1,17.82,29.4987239838,45
245,1a63c784a90e7a00bbc469c8,M25,1,16.26,17.0873699188,20
245,1a63c784a90e7a00bbc469c8,M26,1,15.03,16.1834774017,20
245,1a63c784a90e7a00bbc469c8,M27,1,20.99,21.7546005249,30
245,1a63c784a90e7a00bbc469c8,M28,1,19.15,20.2425670624,30
245,1a63c784a90e7a00bbc469c8,M29,1,20.01,21.8892383575,30
245,1a63c784a90e7a00bbc469c8,M30,1,13.15,13.945892334,21
246,dde8b904e95cd1e872f4f7db,M01,2,7.92,8.69545936584,10
246,dde8b904e95cd1e872f4f7db,M02,2,10.6,11.0820884705,15
246,dde8b904e95cd1e872f4f7db,M03,2,11.95,11.3764324188,21
246,dde8b904e95cd1e872f4f7db,M04,2,11.04,11.1299467087,21
246,dde8b904e95cd1e872f4f7db,M05,2,11.18,11.1867008209,21
246,dde8b904e95cd1e872f4f7db,M06,2,14.58,14.3994379044,21
246,dde8b904e95cd1e872f4f7db,M07,2,16.66,16.8134212494,30
246,dde8b904e95cd1e872f4f7db,M08,2,20.99,21.766702652,30
246,dde8b904e95cd1e872f4f7db,M09,2,19.74,20.667175293,30
246,dde8b904e95cd1e872f4f7db,M10,2,22.51,22.6063861847,30
246,dde8b904e95cd1e872f4f7db,M11,2,21.69,22.0721721649,30
246,dde8b904e95cd1e872f4f7db,M12,2,30.57,30.1205120087,45
246,dde8b904e95cd1e872f4f7db,M13,2,31.36,30.3756008148,60
246,dde8b904e95cd1e872f4f7db,M14,2,28.08,27.9533424377,60
246,dde8b904e95cd1e872f4f7db,M15,2,31.9,30.7308712006,60
246,dde8b904e95cd1e872f4f7db,M16,2,60.24,60.1055450439,100
246,dde8b904e95cd1e872f4f7db,M17,2,8.21,8.15318584442,14
246,dde8b904e95cd1e872f4f7db,M18,2,11.51,11.1378536224,21
246,dde8b904e95cd1e872f4f7db,M19,2,9.83,10.1372776031,21
246,dde8b904e95cd1e872f4f7db,M20,2,11.83,12.3855257034,20
246,dde8b904e95cd1e872f4f7db,M21,2,9.15,9.71676254272,21
246,dde8b904e95cd1e872f4f7db,M22,2,22.51,22.7411117554,45
246,dde8b904e95cd1e872f4f7db,M23,2,19.31,20.3490581512,45
246,dde8b904e95cd1e872f4f7db,M24,2,23.22,23.0956516266,45
246,dde8b904e95cd1e872f4f7db,M25,2,15.2,15.2797288895,20
246,dde8b904e95cd1e872f4f7db,M26,2,13.96,14.2578258514,20
246,dde8b904e95cd1e872f4f7db,M27,2,18.8,19.1612377167,30
246,dde8b904e95cd1e872f4f7db,M28,2,16.98,17.4053955078,30
246,dde8b904e95cd1e872f4f7db,M29,2,18.85,19.3876285553,30
246,dde8b904e95cd1e872f4f7db,M30,2,11.99,11.5101985931,21
247,b8b3ad07e5e1039df48e43e6,M01,2,4.35,4.51290082932,10
247,b8b3ad07e5e1039df48e43e6,M02,2,5.23,5.92027521133,15
247,b8b3ad07e5e1039df48e43e6,M03,2,4.82,6.03294038773,21
247,b8b3ad07e5e1039df48e43e6,M04,2,4.63,5.85669088364,21
247,b8b3ad07e5e1039df48e43e6,M05,2,4.38,5.91344547272,21
247,b8b3ad07e5e1039df48e43e6,M06,2,6.22,7.17698335648,21
247,b8b3ad07e5e1039df48e43e6,M07,2,5.83,7.70338535309,30
247,b8b3ad07e5e1039df48e43e6,M08,2,6.91,9.50408363342,30
247,b8b3ad07e5e1039df48e43e6,M09,2,6.1,8.6528673172,30
247,b8b3ad07e5e1039df48e43e6,M10,2,8.28,10.5044631958,30
247,b8b3ad07e5e1039df48e43e6,M11,2,7.02,9.83696651459,30
247,b8b3ad07e5e1039df48e43e6,M12,2,7.22,15.0879898071,45
247,b8b3ad07e5e1039df48e43e6,M13,2,8.69,15.0930128098,60
247,b8b3ad07e5e1039df48e43e6,M14,2,6.18,13.4319267273,60
247,b8b3ad07e5e1039df48e43e6,M15,2,8.8,15.0409994125,60
247,b8b3ad07e5e1039df48e43e6,M16,2,13.83,25.7479934692,100
247,b8b3ad07e5e1039df48e43e6,M17,2,2.83,3.95125985146,14
247,b8b3ad07e5e1039df48e43e6,M18,2,5.15,5.88866472244,21
247,b8b3ad07e5e1039df48e43e6,M19,2,4.4,5.17623996735,21
247,b8b3ad07e5e1039df48e43e6,M20,2,5.05,5.85639953613,20
247,b8b3ad07e5e1039df48e43e6,M21,2,4.39,4.93932390213,21
247,b8b3ad07e5e1039df48e43e6,M22,2,6.9,9.42333126068,45
247,b8b3ad07e5e1039df48e43e6,M23,2,5.29,7.7927365303,45
247,b8b3ad07e5e1039df48e43e6,M24,2,6.87,9.38559627533,45
247,b8b3ad07e5e1039df48e43e6,M25,2,12.31,8.09114837646,20
247,b8b3ad07e5e1039df48e43e6,M26,2,10.73,7.3836812973,20
247,b8b3ad07e5e1039df48e43e6,M27,2,12.71,9.23684024811,30
247,b8b3ad07e5e1039df48e43e6,M28,2,10.52,8.2379360199,30
247,b8b3ad07e5e1039df48e43e6,M29,2,13.1,9.10694122314,30
247,b8b3ad07e5e1039df48e43e6,M30,2,7.71,6.16670513153,21
248,5a933e414c446e00b391d67e,M01,4,7.89,8.48872089386,10
248,5a933e414c446e00b391d67e,M02,4,10.57,10.9449262619,15
248,5a933e414c446e00b391d67e,M03,4,12,11.1161088943,21
248,5a933e414c446e00b391d67e,M04,4,11.16,10.7663402557,21
248,5a933e414c446e00b391d67e,M05,4,11.33,10.7979955673,21
248,5a933e414c446e00b391d67e,M06,4,14.67,14.0351448059,21
248,5a933e414c446e00b391d67e,M07,4,16.8,16.72240448,30
248,5a933e414c446e00b391d67e,M08,4,21.09,21.7109375,30
248,5a933e414c446e00b391d67e,M09,4,19.93,20.6704044342,30
248,5a933e414c446e00b391d67e,M10,4,22.57,22.5953845978,30
248,5a933e414c446e00b391d67e,M11,4,21.84,22.0167579651,30
248,5a933e414c446e00b391d67e,M12,4,30.86,30.5739841461,45
248,5a933e414c446e00b391d67e,M13,4,31.99,30.7604351044,60
248,5a933e414c446e00b391d67e,M14,4,28.92,28.1272926331,60
248,5a933e414c446e00b391d67e,M15,4,32.18,30.9443359375,60
248,5a933e414c446e00b391d67e,M16,4,60.96,60.0486831665,100
248,5a933e414c446e00b391d67e,M17,4,8.28,8.03680515289,14
248,5a933e414c446e00b391d67e,M18,4,11.6,10.7677354813,21
248,5a933e414c446e00b391d67e,M19,4,10.65,10.0512094498,21
248,5a933e414c446e00b391d67e,M20,4,12.77,12.354724884,20
248,5a933e414c446e00b391d67e,M21,4,10.01,9.72694301605,21
248,5a933e414c446e00b391d67e,M22,4,25.58,23.7584476471,45
248,5a933e414c446e00b391d67e,M23,4,22.38,21.1046009064,45
248,5a933e414c446e00b391d67e,M24,4,25.99,24.0638427734,45
248,5a933e414c446e00b391d67e,M25,4,15.22,14.8066587448,20
248,5a933e414c446e00b391d67e,M26,4,14.07,13.8622150421,20
248,5a933e414c446e00b391d67e,M27,4,18.97,19.0556030273,30
248,5a933e414c446e00b391d67e,M28,4,17.23,17.3031616211,30
248,5a933e414c446e00b391d67e,M29,4,18.87,19.1158542633,30
248,5a933e414c446e00b391d67e,M30,4,12.04,11.1432962418,21
249,6f55438546f57416a8693eb4,M01,3,6.14,5.04899072647,10
249,6f55438546f57416a8693eb4,M02,3,8.19,6.3313331604,15
249,6f55438546f57416a8693eb4,M03,3,7.5,6.5511713028,21
249,6f55438546f57416a8693eb4,M04,3,6.78,6.28321504593,21
249,6f55438546f57416a8693eb4,M05,3,6.5,6.33228158951,21
249,6f55438546f57416a8693eb4,M06,3,9.46,8.59230327606,21
249,6f55438546f57416a8693eb4,M07,3,9.94,8.70797252655,30
249,6f55438546f57416a8693eb4,M08,3,13.93,11.2892074585,30
249,6f55438546f57416a8693eb4,M09,3,12.64,10.4423856735,30
249,6f55438546f57416a8693eb4,M10,3,15.58,12.3896951675,30
249,6f55438546f57416a8693eb4,M11,3,14.34,11.5511760712,30
249,6f55438546f57416a8693eb4,M12,3,18.74,15.9921255112,45
249,6f55438546f57416a8693eb4,M13,3,17.67,16.2480545044,60
249,6f55438546f57416a8693eb4,M14,3,14.66,13.8565807343,60
249,6f55438546f57416a8693eb4,M15,3,17.72,16.1901454926,60
249,6f55438546f57416a8693eb4,M16,3,40.54,31.8534374237,100
249,6f55438546f57416a8693eb4,M17,3,5.53,4.45150899887,14
249,6f55438546f57416a8693eb4,M18,3,7.56,6.267370224,21
249,6f55438546f57416a8693eb4,M19,3,5.65,5.62818384171,21
249,6f55438546f57416a8693eb4,M20,3,7.92,7.00806713104,20
249,6f55438546f57416a8693eb4,M21,3,5.62,5.32381010056,21
249,6f55438546f57416a8693eb4,M22,3,12.22,11.5184612274,45
249,6f55438546f57416a8693eb4,M23,3,10.47,9.25876045227,45
249,6f55438546f57416a8693eb4,M24,3,12.17,11.6030855179,45
249,6f55438546f57416a8693eb4,M25,3,8.84,9.61600399017,20
249,6f55438546f57416a8693eb4,M26,3,7.09,8.57758522034,20
249,6f55438546f57416a8693eb4,M27,3,8.51,11.318646431,30
249,6f55438546f57416a8693eb4,M28,3,7.2,9.55458259583,30
249,6f55438546f57416a8693eb4,M29,3,8.27,11.1684703827,30
249,6f55438546f57416a8693eb4,M30,3,4.98,6.71857452393,21
250,c757832b2167519e0ac3b967,M01,4,9.28,9.84940910339,10
250,c757832b2167519e0ac3b967,M02,4,11.82,12.460067749,15
250,c757832b2167519e0ac3b967,M03,4,14.3,13.2765493393,21
250,c757832b2167519e0ac3b967,M04,4,13.29,12.9153680801,21
250,c757832b2167519e0ac3b967,M05,4,13.55,12.9470233917,21
250,c757832b2167519e0ac3b967,M06,4,17.19,15.8218708038,21
250,c757832b2167519e0ac3b967,M07,4,20.25,18.6946029663,30
250,c757832b2167519e0ac3b967,M08,4,24.25,23.9535312653,30
250,c757832b2167519e0ac3b967,M09,4,22.92,22.8739891052,30
250,c757832b2167519e0ac3b967,M10,4,25.75,24.8265647888,30
250,c757832b2167519e0ac3b967,M11,4,24.9,24.2479381561,30
250,c757832b2167519e0ac3b967,M12,4,36.22,36.0118980408,45
250,c757832b2167519e0ac3b967,M13,4,38.6,36.3822479248,60
250,c757832b2167519e0ac3b967,M14,4,35.86,34.2978744507,60
250,c757832b2167519e0ac3b967,M15,4,38.85,36.6820449829,60
250,c757832b2167519e0ac3b967,M16,4,68.13,65.1708831787,100
250,c757832b2167519e0ac3b967,M17,4,9.41,9.36329269409,14
250,c757832b2167519e0ac3b967,M18,4,13.53,12.8660650253,21
250,c757832b2167519e0ac3b967,M19,4,13.47,12.4586658478,21
250,c757832b2167519e0ac3b967,M20,4,14.98,14.388466835,20
250,c757832b2167519e0ac3b967,M21,4,12.28,12.0953912735,21
250,c757832b2167519e0ac3b967,M22,4,32.72,29.1641540527,45
250,c757832b2167519e0ac3b967,M23,4,29.36,27.0590724945,45
250,c757832b2167519e0ac3b967,M24,4,33.22,29.4668464661,45
250,c757832b2167519e0ac3b967,M25,4,16.93,16.5933761597,20
250,c757832b2167519e0ac3b967,M26,4,15.56,15.64894104,20
250,c757832b2167519e0ac3b967,M27,4,21.9,21.0163879395,30
250,c757832b2167519e0ac3b967,M28,4,20.18,19.7801074982,30
250,c757832b2167519e0ac3b967,M29,4,21.66,21.15442276,30
250,c757832b2167519e0ac3b967,M30,4,14.35,13.3037366867,21
251,fa74b4af76ab2c2bfc0004ba,M01,2,7.71,8.05474662781,10
251,fa74b4af76ab2c2bfc0004ba,M02,2,10.34,10.4265527725,15
251,fa74b4af76ab2c2bfc0004ba,M03,2,11.55,10.7208967209,21
251,fa74b4af76ab2c2bfc0004ba,M04,2,10.73,10.4948234558,21
251,fa74b4af76ab2c2bfc0004ba,M05,2,10.9,10.5515775681,21
251,fa74b4af76ab2c2bfc0004ba,M06,2,14.21,13.7643146515,21
251,fa74b4af76ab2c2bfc0004ba,M07,2,16.12,16.1578903198,30
251,fa74b4af76ab2c2bfc0004ba,M08,2,20.43,21.1008758545,30
251,fa74b4af76ab2c2bfc0004ba,M09,2,19.32,20.0217590332,30
251,fa74b4af76ab2c2bfc0004ba,M10,2,21.92,21.9237823486,30
251,fa74b4af76ab2c2bfc0004ba,M11,2,21.21,21.4267559052,30
251,fa74b4af76ab2c2bfc0004ba,M12,2,29.78,29.6205444336,45
251,fa74b4af76ab2c2bfc0004ba,M13,2,30.82,29.8053264618,60
251,fa74b4af76ab2c2bfc0004ba,M14,2,27.77,27.4328613281,60
251,fa74b4af76ab2c2bfc0004ba,M15,2,30.84,29.9650917053,60
251,fa74b4af76ab2c2bfc0004ba,M16,2,59.72,59.2837409973,100
251,fa74b4af76ab2c2bfc0004ba,M17,2,8.06,7.45599651337,14
251,fa74b4af76ab2c2bfc0004ba,M18,2,11.2,10.5027303696,21
251,fa74b4af76ab2c2bfc0004ba,M19,2,10.48,9.70590114594,21
251,fa74b4af76ab2c2bfc0004ba,M20,2,12.69,11.9745616913,20
251,fa74b4af76ab2c2bfc0004ba,M21,2,9.91,9.30579853058,21
251,fa74b4af76ab2c2bfc0004ba,M22,2,25.29,22.0878353119,45
251,fa74b4af76ab2c2bfc0004ba,M23,2,22.16,19.7455749512,45
251,fa74b4af76ab2c2bfc0004ba,M24,2,25.6,22.2468700409,45
251,fa74b4af76ab2c2bfc0004ba,M25,2,14.95,14.5036592484,20
251,fa74b4af76ab2c2bfc0004ba,M26,2,13.8,13.3774490356,20
251,fa74b4af76ab2c2bfc0004ba,M27,2,18.43,18.4942359924,30
251,fa74b4af76ab2c2bfc0004ba,M28,2,16.71,16.6873207092,30
251,fa74b4af76ab2c2bfc0004ba,M29,2,18.28,18.5901870728,30
251,fa74b4af76ab2c2bfc0004ba,M30,2,11.57,10.8546628952,21
252,49f72a7b3ba95ce637b7c9ed,M01,4,7.04,8.31519317627,10
252,49f72a7b3ba95ce637b7c9ed,M02,4,9.79,10.5622797012,15
252,49f72a7b3ba95ce637b7c9ed,M03,4,10.47,10.6987133026,21
252,49f72a7b3ba95ce637b7c9ed,M04,4,9.87,10.305059433,21
252,49f72a7b3ba95ce637b7c9ed,M05,4,9.67,10.3367147446,21
252,49f72a7b3ba95ce637b7c9ed,M06,4,12.45,13.1010274887,21
252,49f72a7b3ba95ce637b7c9ed,M07,4,14.52,15.8107461929,30
252,49f72a7b3ba95ce637b7c9ed,M08,4,18.91,19.7708873749,30
252,49f72a7b3ba95ce637b7c9ed,M09,4,18.06,18.7542972565,30
252,49f72a7b3ba95ce637b7c9ed,M10,4,20.4,20.6594829559,30
252,49f72a7b3ba95ce637b7c9ed,M11,4,19.6,20.0328216553,30
252,49f72a7b3ba95ce637b7c9ed,M12,4,27.28,27.1998214722,45
252,49f72a7b3ba95ce637b7c9ed,M13,4,26.13,27.3161907196,60
252,49f72a7b3ba95ce637b7c9ed,M14,4,23.13,24.630065918,60
252,49f72a7b3ba95ce637b7c9ed,M15,4,27.57,27.648443222,60
252,49f72a7b3ba95ce637b7c9ed,M16,4,54.55,52.9238891602,100
252,49f72a7b3ba95ce637b7c9ed,M17,4,7.5,7.90174770355,14
252,49f72a7b3ba95ce637b7c9ed,M18,4,10.46,10.3491449356,21
252,49f72a7b3ba95ce637b7c9ed,M19,4,7.25,9.66557121277,21
252,49f72a7b3ba95ce637b7c9ed,M20,4,10.46,11.5138940811,20
252,49f72a7b3ba95ce637b7c9ed,M21,4,7.58,9.29752731323,21
252,49f72a7b3ba95ce637b7c9ed,M22,4,17.94,21.3865852356,45
252,49f72a7b3ba95ce637b7c9ed,M23,4,14.54,18.7120037079,45
252,49f72a7b3ba95ce637b7c9ed,M24,4,20.87,21.8403320312,45
252,49f72a7b3ba95ce637b7c9ed,M25,4,13.8,13.8607225418,20
252,49f72a7b3ba95ce637b7c9ed,M26,4,12.71,12.8583974838,20
252,49f72a7b3ba95ce637b7c9ed,M27,4,16.16,17.2861976624,30
252,49f72a7b3ba95ce637b7c9ed,M28,4,14.46,15.3580799103,30
252,49f72a7b3ba95ce637b7c9ed,M29,4,16.65,17.4567050934,30
252,49f72a7b3ba95ce637b7c9ed,M30,4,10,10.7140817642,21
253,2e0625b187eb16887bc48f24,M01,3,8.4,10.4186944962,10
253,2e0625b187eb16887bc48f24,M02,3,11.03,13.058599472,15
253,2e0625b187eb16887bc48f24,M03,3,12.67,13.581820488,21
253,2e0625b187eb16887bc48f24,M04,3,11.56,13.2885189056,21
253,2e0625b187eb16887bc48f24,M05,3,12.44,13.3375854492,21
253,2e0625b187eb16887bc48f24,M06,3,15.51,16.2921714783,21
253,2e0625b187eb16887bc48f24,M07,3,17.61,19.093629837,30
253,2e0625b187eb16887bc48f24,M08,3,21.91,24.3663291931,30
253,2e0625b187eb16887bc48f24,M09,3,20.39,23.3483219147,30
253,2e0625b187eb16887bc48f24,M10,3,23.59,25.2684803009,30
253,2e0625b187eb16887bc48f24,M11,3,23.46,24.6280937195,30
253,2e0625b187eb16887bc48f24,M12,3,31.8,36.8813934326,45
253,2e0625b187eb16887bc48f24,M13,3,33.41,37.2246513367,60
253,2e0625b187eb16887bc48f24,M14,3,29.76,34.901676178,60
253,2e0625b187eb16887bc48f24,M15,3,34.16,37.4175415039,60
253,2e0625b187eb16887bc48f24,M16,3,62.37,65.1457443237,100
253,2e0625b187eb16887bc48f24,M17,3,7.93,9.87903881073,14
253,2e0625b187eb16887bc48f24,M18,3,11.03,13.2586345673,21
253,2e0625b187eb16887bc48f24,M19,3,10.37,12.4720611572,21
253,2e0625b187eb16887bc48f24,M20,3,9.96,14.4817142487,20
253,2e0625b187eb16887bc48f24,M21,3,7.57,12.0666542053,21
253,2e0625b187eb16887bc48f24,M22,3,17.32,30.1876907349,45
253,2e0625b187eb16887bc48f24,M23,3,16.69,27.961523056,45
253,2e0625b187eb16887bc48f24,M24,3,17.31,30.4466514587,45
253,2e0625b187eb16887bc48f24,M25,3,16.2,16.9034938812,20
253,2e0625b187eb16887bc48f24,M26,3,14.97,15.7996177673,20
253,2e0625b187eb16887bc48f24,M27,3,20.77,21.6155700684,30
253,2e0625b187eb16887bc48f24,M28,3,19.01,19.8506584167,30
253,2e0625b187eb16887bc48f24,M29,3,20.72,21.6095104218,30
253,2e0625b187eb16887bc48f24,M30,3,13.5,13.7492237091,21
254,566ffc41d7edae3a1f739741,M01,2,8.5,10.4163389206,10
254,566ffc41d7edae3a1f739741,M02,2,11.28,12.8865375519,15
254,566ffc41d7edae3a1f739741,M03,2,13.53,13.3232765198,21
254,566ffc41d7edae3a1f739741,M04,2,12.67,13.0972032547,21
254,566ffc41d7edae3a1f739741,M05,2,12.9,13.1539573669,21
254,566ffc41d7edae3a1f739741,M06,2,16.26,16.1479148865,21
254,566ffc41d7edae3a1f739741,M07,2,19.17,18.7998485565,30
254,566ffc41d7edae3a1f739741,M08,2,23.25,23.858253479,30
254,566ffc41d7edae3a1f739741,M09,2,22.08,22.7791385651,30
254,566ffc41d7edae3a1f739741,M10,2,24.63,24.6811599731,30
254,566ffc41d7edae3a1f739741,M11,2,23.98,24.184135437,30
254,566ffc41d7edae3a1f739741,M12,2,34.6,35.163433075,45
254,566ffc41d7edae3a1f739741,M13,2,36.48,35.4101524353,60
254,566ffc41d7edae3a1f739741,M14,2,33.83,33.2055130005,60
254,566ffc41d7edae3a1f739741,M15,2,36.58,35.5699272156,60
254,566ffc41d7edae3a1f739741,M16,2,65.88,64.9011917114,100
254,566ffc41d7edae3a1f739741,M17,2,9.05,9.86349010468,14
254,566ffc41d7edae3a1f739741,M18,2,12.98,13.1051101685,21
254,566ffc41d7edae3a1f739741,M19,2,12.7,12.1542625427,21
254,566ffc41d7edae3a1f739741,M20,2,14.17,14.2041378021,20
254,566ffc41d7edae3a1f739741,M21,2,11.76,11.7541599274,21
254,566ffc41d7edae3a1f739741,M22,2,30.18,26.885137558,45
254,566ffc41d7edae3a1f739741,M23,2,26.72,24.7107143402,45
254,566ffc41d7edae3a1f739741,M24,2,30.74,27.0441703796,45
254,566ffc41d7edae3a1f739741,M25,2,16.17,16.8872528076,20
254,566ffc41d7edae3a1f739741,M26,2,14.99,15.8134231567,20
254,566ffc41d7edae3a1f739741,M27,2,20.85,21.2516155243,30
254,566ffc41d7edae3a1f739741,M28,2,19.23,19.5573177338,30
254,566ffc41d7edae3a1f739741,M29,2,20.61,21.3475646973,30
254,566ffc41d7edae3a1f739741,M30,2,13.59,13.4570426941,21
256,7ab835a888675d8492b11826,M01,4,8.6,10.4492387772,10
256,7ab835a888675d8492b11826,M02,4,11.34,12.9852495193,15
256,7ab835a888675d8492b11826,M03,4,13.62,13.8017311096,21
256,7ab835a888675d8492b11826,M04,4,12.73,13.4405498505,21
256,7ab835a888675d8492b11826,M05,4,12.98,13.472205162,21
256,7ab835a888675d8492b11826,M06,4,16.38,16.2190189362,21
256,7ab835a888675d8492b11826,M07,4,19.31,19.0917644501,30
256,7ab835a888675d8492b11826,M08,4,23.35,24.350692749,30
256,7ab835a888675d8492b11826,M09,4,22.18,23.271150589,30
256,7ab835a888675d8492b11826,M10,4,24.74,25.2237262726,30
256,7ab835a888675d8492b11826,M11,4,24.09,24.6450996399,30
256,7ab835a888675d8492b11826,M12,4,34.82,36.495475769,45
256,7ab835a888675d8492b11826,M13,4,36.91,36.8658256531,60
256,7ab835a888675d8492b11826,M14,4,34.22,34.7868614197,60
256,7ab835a888675d8492b11826,M15,4,37.1,37.1656227112,60
256,7ab835a888675d8492b11826,M16,4,66.34,65.647857666,100
256,7ab835a888675d8492b11826,M17,4,9.08,9.96312236786,14
256,7ab835a888675d8492b11826,M18,4,13.03,13.3789339066,21
256,7ab835a888675d8492b11826,M19,4,12.45,12.7664804459,21
256,7ab835a888675d8492b11826,M20,4,14.12,14.5682601929,20
256,7ab835a888675d8492b11826,M21,4,11.38,12.3908929825,21
256,7ab835a888675d8492b11826,M22,4,29.56,29.4148960114,45
256,7ab835a888675d8492b11826,M23,4,25.74,27.3275356293,45
256,7ab835a888675d8492b11826,M24,4,30.09,29.7175884247,45
256,7ab835a888675d8492b11826,M25,4,16.23,16.9782218933,20
256,7ab835a888675d8492b11826,M26,4,15.06,15.8707714081,20
256,7ab835a888675d8492b11826,M27,4,20.99,21.4012355804,30
256,7ab835a888675d8492b11826,M28,4,19.4,20.0875205994,30
256,7ab835a888675d8492b11826,M29,4,20.84,21.539270401,30
256,7ab835a888675d8492b11826,M30,4,13.66,13.828918457,21
257,6245e73d8777b85805db8d4d,M01,0,9.21,10.3060617447,10
257,6245e73d8777b85805db8d4d,M02,0,11.81,12.8037147522,15
257,6245e73d8777b85805db8d4d,M03,0,14.34,13.4307098389,21
257,6245e73d8777b85805db8d4d,M04,0,13.41,13.0450687408,21
257,6245e73d8777b85805db8d4d,M05,0,13.7,13.1155853271,21
257,6245e73d8777b85805db8d4d,M06,0,17.2,16.0350761414,21
257,6245e73d8777b85805db8d4d,M07,0,20.41,18.8641033173,30
257,6245e73d8777b85805db8d4d,M08,0,24.37,24.0898303986,30
257,6245e73d8777b85805db8d4d,M09,0,23.11,23.0964565277,30
257,6245e73d8777b85805db8d4d,M10,0,25.83,24.9945526123,30
257,6245e73d8777b85805db8d4d,M11,0,25.08,24.5184059143,30
257,6245e73d8777b85805db8d4d,M12,0,36.78,35.6922950745,45
257,6245e73d8777b85805db8d4d,M13,0,38.91,36.1474609375,60
257,6245e73d8777b85805db8d4d,M14,0,36.35,34.0157585144,60
257,6245e73d8777b85805db8d4d,M15,0,39.18,36.4351844788,60
257,6245e73d8777b85805db8d4d,M16,0,68.45,65.3677215576,100
257,6245e73d8777b85805db8d4d,M17,0,9.48,9.74810886383,14
257,6245e73d8777b85805db8d4d,M18,0,13.66,13.0046787262,21
257,6245e73d8777b85805db8d4d,M19,0,13.42,12.3189315796,21
257,6245e73d8777b85805db8d4d,M25,0,16.91,16.6211261749,20
257,6245e73d8777b85805db8d4d,M26,0,15.62,15.7539567947,20
257,6245e73d8777b85805db8d4d,M27,0,21.92,21.4997749329,30
257,6245e73d8777b85805db8d4d,M28,0,20.3,20.0285606384,30
257,6245e73d8777b85805db8d4d,M29,0,21.67,21.6256828308,30
257,6245e73d8777b85805db8d4d,M30,0,14.4,13.5397167206,21
258,42ba4eb4f3bde44694d1974c,M01,4,6.69,6.13713693619,10
258,42ba4eb4f3bde44694d1974c,M02,4,8.95,7.75236749649,15
258,42ba4eb4f3bde44694d1974c,M03,4,8.75,7.88197040558,21
258,42ba4eb4f3bde44694d1974c,M04,4,8.09,7.60590219498,21
258,42ba4eb4f3bde44694d1974c,M05,4,8.12,7.63755702972,21
258,42ba4eb4f3bde44694d1974c,M06,4,11.07,9.80475234985,21
258,42ba4eb4f3bde44694d1974c,M07,4,11.82,9.96584415436,30
258,42ba4eb4f3bde44694d1974c,M08,4,16.13,12.8735256195,30
258,42ba4eb4f3bde44694d1974c,M09,4,15.16,11.9961900711,30
258,42ba4eb4f3bde44694d1974c,M10,4,17.76,13.9537820816,30
258,42ba4eb4f3bde44694d1974c,M11,4,17.11,13.2290210724,30
258,42ba4eb4f3bde44694d1974c,M12,4,22.4,16.5673980713,45
258,42ba4eb4f3bde44694d1974c,M13,4,21.83,16.9552001953,60
258,42ba4eb4f3bde44694d1974c,M14,4,18.42,14.9507417679,60
258,42ba4eb4f3bde44694d1974c,M15,4,21.99,16.9302806854,60
258,42ba4eb4f3bde44694d1974c,M16,4,48.91,33.3449821472,100
258,42ba4eb4f3bde44694d1974c,M17,4,6.46,5.59835624695,14
258,42ba4eb4f3bde44694d1974c,M18,4,8.73,7.60441970825,21
258,42ba4eb4f3bde44694d1974c,M19,4,6.39,6.65626192093,21
258,42ba4eb4f3bde44694d1974c,M20,4,8.5,8.07704353333,20
258,42ba4eb4f3bde44694d1974c,M21,4,6.19,6.41093349457,21
258,42ba4eb4f3bde44694d1974c,M22,4,13.25,12.8103990555,45
258,42ba4eb4f3bde44694d1974c,M23,4,11.77,10.816277504,45
258,42ba4eb4f3bde44694d1974c,M24,4,13.31,12.7064285278,45
258,42ba4eb4f3bde44694d1974c,M25,4,13.26,10.7746276855,20
258,42ba4eb4f3bde44694d1974c,M26,4,11.86,9.93720149994,20
258,42ba4eb4f3bde44694d1974c,M27,4,14.67,12.0475845337,30
258,42ba4eb4f3bde44694d1974c,M28,4,12.64,10.7311124802,30
258,42ba4eb4f3bde44694d1974c,M29,4,14.58,11.8990097046,30
258,42ba4eb4f3bde44694d1974c,M30,4,8.76,7.90915679932,21
259,41a0e87121f95316c7969dd8,M01,3,8.24,8.62464523315,10
259,41a0e87121f95316c7969dd8,M02,3,11,10.9412918091,15
259,41a0e87121f95316c7969dd8,M03,3,12.83,11.1739044189,21
259,41a0e87121f95316c7969dd8,M04,3,11.96,10.9037780762,21
259,41a0e87121f95316c7969dd8,M05,3,12.19,10.9528446198,21
259,41a0e87121f95316c7969dd8,M06,3,15.5,14.0337839127,21
259,41a0e87121f95316c7969dd8,M07,3,18.03,16.4381332397,30
259,41a0e87121f95316c7969dd8,M08,3,22.24,21.4989376068,30
259,41a0e87121f95316c7969dd8,M09,3,20.89,20.5041065216,30
259,41a0e87121f95316c7969dd8,M10,3,23.73,22.4010887146,30
259,41a0e87121f95316c7969dd8,M11,3,23.28,21.7838783264,30
259,41a0e87121f95316c7969dd8,M12,3,32.71,30.3151931763,45
259,41a0e87121f95316c7969dd8,M13,3,34.12,30.3772239685,60
259,41a0e87121f95316c7969dd8,M14,3,31.03,27.842792511,60
259,41a0e87121f95316c7969dd8,M15,3,34.26,30.6007137299,60
259,41a0e87121f95316c7969dd8,M16,3,63.27,60.9257507324,100
259,41a0e87121f95316c7969dd8,M17,3,8.72,8.09902667999,14
259,41a0e87121f95316c7969dd8,M18,3,12.34,10.8879318237,21
259,41a0e87121f95316c7969dd8,M19,3,11.74,10.2360668182,21
259,41a0e87121f95316c7969dd8,M25,3,15.76,14.621931076,20
259,41a0e87121f95316c7969dd8,M26,3,14.55,13.5730514526,20
259,41a0e87121f95316c7969dd8,M27,3,19.94,18.9600696564,30
259,41a0e87121f95316c7969dd8,M28,3,18.23,17.1081676483,30
259,41a0e87121f95316c7969dd8,M29,3,20.13,19.0077896118,30
259,41a0e87121f95316c7969dd8,M30,3,12.87,11.3413076401,21
260,bc37928db07519700d608f99,M01,1,7.03,7.37677097321,10
260,bc37928db07519700d608f99,M02,1,9.88,9.7339553833,15
260,bc37928db07519700d608f99,M03,1,10.38,10.0019769669,21
260,bc37928db07519700d608f99,M04,1,9.84,9.66654014587,21
260,bc37928db07519700d608f99,M05,1,9.89,9.76608657837,21
260,bc37928db07519700d608f99,M06,1,12.58,12.7843847275,21
260,bc37928db07519700d608f99,M07,1,14.37,15.1958112717,30
260,bc37928db07519700d608f99,M08,1,19.04,19.3905334473,30
260,bc37928db07519700d608f99,M09,1,17.93,18.4159221649,30
260,bc37928db07519700d608f99,M10,1,20.02,20.311756134,30
260,bc37928db07519700d608f99,M11,1,19.45,19.7204704285,30
260,bc37928db07519700d608f99,M12,1,27.11,26.4376106262,45
260,bc37928db07519700d608f99,M13,1,25.94,26.568025589,60
260,bc37928db07519700d608f99,M14,1,22.91,23.7988567352,60
260,bc37928db07519700d608f99,M15,1,27.84,26.9297847748,60
260,bc37928db07519700d608f99,M16,1,54.28,55.4140739441,100
260,bc37928db07519700d608f99,M17,1,7.54,6.98910140991,14
260,bc37928db07519700d608f99,M18,1,10.02,9.63143444061,21
260,bc37928db07519700d608f99,M19,1,6.93,9.05572891235,21
260,bc37928db07519700d608f99,M20,1,9.85,11.1559362411,20
260,bc37928db07519700d608f99,M21,1,7.1,8.63248920441,21
260,bc37928db07519700d608f99,M22,1,16.12,20.6314964294,45
260,bc37928db07519700d608f99,M23,1,13.32,17.9492359161,45
260,bc37928db07519700d608f99,M24,1,18.86,21.1499328613,45
260,bc37928db07519700d608f99,M25,1,13.78,13.5063381195,20
260,bc37928db07519700d608f99,M26,1,12.66,12.2723798752,20
260,bc37928db07519700d608f99,M27,1,16.08,16.6721916199,30
260,bc37928db07519700d608f99,M28,1,14.37,14.7364530563,30
260,bc37928db07519700d608f99,M29,1,16.66,16.7929763794,30
260,bc37928db07519700d608f99,M30,1,9.83,10.0421352386,21
261,7baf7908c42ba7a02322fcd4,M01,3,6.77,7.73264312744,10
261,7baf7908c42ba7a02322fcd4,M02,3,9.14,9.54539394379,15
261,7baf7908c42ba7a02322fcd4,M03,3,9.19,9.76523113251,21
261,7baf7908c42ba7a02322fcd4,M04,3,8.54,9.4972743988,21
261,7baf7908c42ba7a02322fcd4,M05,3,8.46,9.54634094238,21
261,7baf7908c42ba7a02322fcd4,M06,3,11.5,12.9084634781,21
261,7baf7908c42ba7a02322fcd4,M07,3,12.56,14.4880065918,30
261,7baf7908c42ba7a02322fcd4,M08,3,16.97,18.8962402344,30
261,7baf7908c42ba7a02322fcd4,M09,3,16.05,17.9451179504,30
261,7baf7908c42ba7a02322fcd4,M10,3,18.5,19.9967346191,30
261,7baf7908c42ba7a02322fcd4,M11,3,17.82,19.1582145691,30
261,7baf7908c42ba7a02322fcd4,M12,3,24,26.0949630737,45
261,7baf7908c42ba7a02322fcd4,M13,3,23.43,26.3508968353,60
261,7baf7908c42ba7a02322fcd4,M14,3,20.22,23.873708725,60
261,7baf7908c42ba7a02322fcd4,M15,3,23.56,26.2929782867,60
261,7baf7908c42ba7a02322fcd4,M16,3,51.31,55.9378089905,100
261,7baf7908c42ba7a02322fcd4,M17,3,6.67,7.29960584641,14
261,7baf7908c42ba7a02322fcd4,M18,3,9.17,9.48142814636,21
261,7baf7908c42ba7a02322fcd4,M19,3,7.71,8.84224414825,21
261,7baf7908c42ba7a02322fcd4,M20,3,10.26,11.3288974762,20
261,7baf7908c42ba7a02322fcd4,M21,3,7.53,8.48473834991,21
261,7baf7908c42ba7a02322fcd4,M22,3,17.81,19.0180912018,45
261,7baf7908c42ba7a02322fcd4,M23,3,15.26,16.6537132263,45
261,7baf7908c42ba7a02322fcd4,M24,3,17.96,19.1027107239,45
261,7baf7908c42ba7a02322fcd4,M25,3,13.44,13.8242254257,20
261,7baf7908c42ba7a02322fcd4,M26,3,12.17,12.7913446426,20
261,7baf7908c42ba7a02322fcd4,M27,3,15.22,16.9032211304,30
261,7baf7908c42ba7a02322fcd4,M28,3,13.39,15.0673141479,30
261,7baf7908c42ba7a02322fcd4,M29,3,15.64,16.753036499,30
261,7baf7908c42ba7a02322fcd4,M30,3,9.18,9.93263530731,21
262,229504607349828a36f6f03e,M01,1,7.68,8.31330680847,10
262,229504607349828a36f6f03e,M02,1,10.26,10.8996496201,15
262,229504607349828a36f6f03e,M03,1,11.32,11.2696447372,21
262,229504607349828a36f6f03e,M04,1,10.48,10.9518499374,21
262,229504607349828a36f6f03e,M05,1,10.61,11.0513963699,21
262,229504607349828a36f6f03e,M06,1,14.01,14.2482976913,21
262,229504607349828a36f6f03e,M07,1,15.74,16.7210502625,30
262,229504607349828a36f6f03e,M08,1,20.08,21.30037117,30
262,229504607349828a36f6f03e,M09,1,18.93,20.3434028625,30
262,229504607349828a36f6f03e,M10,1,21.63,22.2215938568,30
262,229504607349828a36f6f03e,M11,1,20.92,21.6479511261,30
262,229504607349828a36f6f03e,M12,1,29.12,30.2191867828,45
262,229504607349828a36f6f03e,M13,1,30.01,30.5038394928,60
262,229504607349828a36f6f03e,M14,1,26.78,27.866443634,60
262,229504607349828a36f6f03e,M15,1,30.24,30.7722587585,60
262,229504607349828a36f6f03e,M16,1,58.8,60.6014137268,100
262,229504607349828a36f6f03e,M17,1,7.87,7.94857883453,14
262,229504607349828a36f6f03e,M18,1,10.96,10.9167442322,21
262,229504607349828a36f6f03e,M19,1,9.5,10.3013525009,21
262,229504607349828a36f6f03e,M20,1,11.76,12.4442796707,20
262,229504607349828a36f6f03e,M21,1,9.02,9.89575481415,21
262,229504607349828a36f6f03e,M22,1,22.52,23.4514045715,45
262,229504607349828a36f6f03e,M23,1,19.45,20.8663978577,45
262,229504607349828a36f6f03e,M24,1,22.76,23.8765010834,45
262,229504607349828a36f6f03e,M25,1,14.88,14.9956865311,20
262,229504607349828a36f6f03e,M26,1,13.69,13.8195390701,20
262,229504607349828a36f6f03e,M27,1,18.17,18.8167915344,30
262,229504607349828a36f6f03e,M28,1,16.36,16.9783039093,30
262,229504607349828a36f6f03e,M29,1,18.08,18.8442363739,30
262,229504607349828a36f6f03e,M30,1,11.34,11.3637294769,21
263,7738c55f945d0df2535c994a,M01,2,7.89,7.75043392181,10
263,7738c55f945d0df2535c994a,M02,2,10.52,9.41441726685,15
263,7738c55f945d0df2535c994a,M03,2,11.83,9.55033779144,21
263,7738c55f945d0df2535c994a,M04,2,10.77,9.34870529175,21
263,7738c55f945d0df2535c994a,M05,2,10.91,9.40545940399,21
263,7738c55f945d0df2535c994a,M06,2,14.56,12.8078374863,21
263,7738c55f945d0df2535c994a,M07,2,16.49,14.2509202957,30
263,7738c55f945d0df2535c994a,M08,2,20.82,18.7931518555,30
263,7738c55f945d0df2535c994a,M09,2,19.36,17.7784767151,30
263,7738c55f945d0df2535c994a,M10,2,22.33,19.799533844,30
263,7738c55f945d0df2535c994a,M11,2,21.31,19.1434745789,30
263,7738c55f945d0df2535c994a,M12,2,30.31,26.1899261475,45
263,7738c55f945d0df2535c994a,M13,2,31.47,26.3303604126,60
263,7738c55f945d0df2535c994a,M14,2,28.16,23.8761577606,60
263,7738c55f945d0df2535c994a,M15,2,31.47,26.2841663361,60
263,7738c55f945d0df2535c994a,M16,2,60.42,57.1726493835,100
263,7738c55f945d0df2535c994a,M17,2,8.04,7.11365127563,14
263,7738c55f945d0df2535c994a,M18,2,11.25,9.37096405029,21
263,7738c55f945d0df2535c994a,M19,2,10.2,8.44365406036,21
263,7738c55f945d0df2535c994a,M20,2,12.35,10.9263963699,20
263,7738c55f945d0df2535c994a,M21,2,9.41,8.12234401703,21
263,7738c55f945d0df2535c994a,M22,2,24.26,18.4240550995,45
263,7738c55f945d0df2535c994a,M23,2,20.99,16.1188850403,45
263,7738c55f945d0df2535c994a,M24,2,24.63,18.3921298981,45
263,7738c55f945d0df2535c994a,M25,2,14.9,13.7219953537,20
263,7738c55f945d0df2535c994a,M26,2,13.69,12.6895217896,20
263,7738c55f945d0df2535c994a,M27,2,18.21,16.7048587799,30
263,7738c55f945d0df2535c994a,M28,2,16.41,14.9916763306,30
263,7738c55f945d0df2535c994a,M29,2,17.95,16.5807762146,30
263,7738c55f945d0df2535c994a,M30,2,11.48,9.68410396576,21
264,ad56a84d141e631b2b1c6a48,M01,2,8.09,9.64297008514,10
264,ad56a84d141e631b2b1c6a48,M02,2,13.33,12.0802326202,15
264,ad56a84d141e631b2b1c6a48,M03,2,15.84,12.9253616333,21
264,ad56a84d141e631b2b1c6a48,M04,2,14.78,12.6469335556,21
264,ad56a84d141e631b2b1c6a48,M05,2,15.11,12.7036876678,21
264,ad56a84d141e631b2b1c6a48,M06,2,19.66,15.735827446,21
264,ad56a84d141e631b2b1c6a48,M07,2,22.51,18.3778457642,30
264,ad56a84d141e631b2b1c6a48,M08,2,26.43,23.2582321167,30
264,ad56a84d141e631b2b1c6a48,M09,2,24.93,22.1977996826,30
264,ad56a84d141e631b2b1c6a48,M10,2,28.2,24.0447177887,30
264,ad56a84d141e631b2b1c6a48,M11,2,27.17,23.5121841431,30
264,ad56a84d141e631b2b1c6a48,M12,2,39.53,35.9897994995,45
264,ad56a84d141e631b2b1c6a48,M13,2,43.12,36.5462188721,60
264,ad56a84d141e631b2b1c6a48,M14,2,40.61,35.1914672852,60
264,ad56a84d141e631b2b1c6a48,M15,2,42.69,36.8758430481,60
264,ad56a84d141e631b2b1c6a48,M16,2,72.91,64.4885101318,100
264,ad56a84d141e631b2b1c6a48,M17,2,10.4,9.36896038055,14
264,ad56a84d141e631b2b1c6a48,M18,2,14.92,12.8430681229,21
264,ad56a84d141e631b2b1c6a48,M19,2,13.21,12.473900795,21
264,ad56a84d141e631b2b1c6a48,M20,2,15.52,14.3421859741,20
264,ad56a84d141e631b2b1c6a48,M21,2,15.12,12.0569734573,21
264,ad56a84d141e631b2b1c6a48,M22,2,34.15,29.4894771576,45
264,ad56a84d141e631b2b1c6a48,M23,2,37.84,28.2431774139,45
264,ad56a84d141e631b2b1c6a48,M24,2,33.69,29.5294513702,45
264,ad56a84d141e631b2b1c6a48,M25,2,19.47,16.4198055267,20
264,ad56a84d141e631b2b1c6a48,M26,2,17.32,15.3786907196,20
264,ad56a84d141e631b2b1c6a48,M27,2,24.7,20.7581615448,30
264,ad56a84d141e631b2b1c6a48,M28,2,22.54,19.5453567505,30
264,ad56a84d141e631b2b1c6a48,M29,2,24.02,20.9260406494,30
264,ad56a84d141e631b2b1c6a48,M30,2,15.99,13.0596027374,21
265,04831b0ea0bfee04fcc4eb27,M01,4,8.11,10.0659360886,10
265,04831b0ea0bfee04fcc4eb27,M02,4,10.82,11.8951940536,15
265,04831b0ea0bfee04fcc4eb27,M03,4,12.44,11.9489965439,21
265,04831b0ea0bfee04fcc4eb27,M04,4,11.38,11.5992279053,21
265,04831b0ea0bfee04fcc4eb27,M05,4,11.56,11.6308832169,21
265,04831b0ea0bfee04fcc4eb27,M06,4,15.18,14.6836156845,21
265,04831b0ea0bfee04fcc4eb27,M07,4,17.43,17.254283905,30
265,04831b0ea0bfee04fcc4eb27,M08,4,21.7,22.241985321,30
265,04831b0ea0bfee04fcc4eb27,M09,4,20.24,21.2014522552,30
265,04831b0ea0bfee04fcc4eb27,M10,4,23.18,23.1264324188,30
265,04831b0ea0bfee04fcc4eb27,M11,4,22.35,22.5478057861,30
265,04831b0ea0bfee04fcc4eb27,M12,4,31.79,30.0913639069,45
265,04831b0ea0bfee04fcc4eb27,M13,4,33.13,29.6805782318,60
265,04831b0ea0bfee04fcc4eb27,M14,4,29.92,27.4149341583,60
265,04831b0ea0bfee04fcc4eb27,M15,4,33.57,29.7293567657,60
265,04831b0ea0bfee04fcc4eb27,M16,4,62.16,56.8312034607,100
265,04831b0ea0bfee04fcc4eb27,M17,4,8.32,9.47315788269,14
265,04831b0ea0bfee04fcc4eb27,M18,4,11.82,11.5997343063,21
265,04831b0ea0bfee04fcc4eb27,M19,4,10.24,10.599108696,21
265,04831b0ea0bfee04fcc4eb27,M20,4,12.29,12.6512327194,20
265,04831b0ea0bfee04fcc4eb27,M21,4,9.41,10.3121547699,21
265,04831b0ea0bfee04fcc4eb27,M22,4,23.94,22.5549736023,45
265,04831b0ea0bfee04fcc4eb27,M23,4,20.66,20.2809391022,45
265,04831b0ea0bfee04fcc4eb27,M24,4,24.56,22.6066646576,45
265,04831b0ea0bfee04fcc4eb27,M25,4,15.57,15.5493936539,20
265,04831b0ea0bfee04fcc4eb27,M26,4,14.34,14.6736011505,20
265,04831b0ea0bfee04fcc4eb27,M27,4,19.54,19.7012615204,30
265,04831b0ea0bfee04fcc4eb27,M28,4,17.74,18.0923118591,30
265,04831b0ea0bfee04fcc4eb27,M29,4,19.48,19.6263904572,30
265,04831b0ea0bfee04fcc4eb27,M30,4,12.47,11.9914989471,21
266,09fdfb57668810ac2e3b712f,M01,0,7.24,9.01652526855,10
266,09fdfb57668810ac2e3b712f,M02,0,9.58,10.4976186752,15
266,09fdfb57668810ac2e3b712f,M03,0,9.89,10.7569303513,21
266,09fdfb57668810ac2e3b712f,M04,0,8.99,10.4001960754,21
266,09fdfb57668810ac2e3b712f,M05,0,9,10.4707126617,21
266,09fdfb57668810ac2e3b712f,M06,0,12.51,13.9400558472,21
266,09fdfb57668810ac2e3b712f,M07,0,13.54,15.0926980972,30
266,09fdfb57668810ac2e3b712f,M08,0,17.96,18.9072208405,30
266,09fdfb57668810ac2e3b712f,M09,0,16.71,17.9427528381,30
266,09fdfb57668810ac2e3b712f,M10,0,19.52,19.9843349457,30
266,09fdfb57668810ac2e3b712f,M11,0,18.55,19.3417415619,30
266,09fdfb57668810ac2e3b712f,M12,0,25.5,26.1638622284,45
266,09fdfb57668810ac2e3b712f,M13,0,25.67,26.554227829,60
266,09fdfb57668810ac2e3b712f,M14,0,22.1,24.3232154846,60
266,09fdfb57668810ac2e3b712f,M15,0,25.31,26.6107215881,60
266,09fdfb57668810ac2e3b712f,M16,0,53.93,52.2195739746,100
266,09fdfb57668810ac2e3b712f,M17,0,6.99,8.3028793335,14
266,09fdfb57668810ac2e3b712f,M18,0,9.61,10.3732728958,21
266,09fdfb57668810ac2e3b712f,M19,0,7.04,9.52429962158,21
266,09fdfb57668810ac2e3b712f,M20,0,9.37,12.1033878326,20
266,09fdfb57668810ac2e3b712f,M21,0,6.6,9.04953384399,21
266,09fdfb57668810ac2e3b712f,M22,0,15.31,19.4432964325,45
266,09fdfb57668810ac2e3b712f,M23,0,13.01,17.2417163849,45
266,09fdfb57668810ac2e3b712f,M24,0,15.3,19.419713974,45
266,09fdfb57668810ac2e3b712f,M25,0,14.06,14.8622579575,20
266,09fdfb57668810ac2e3b712f,M26,0,12.74,14.1756210327,20
266,09fdfb57668810ac2e3b712f,M27,0,16.38,17.1608390808,30
266,09fdfb57668810ac2e3b712f,M28,0,14.36,15.7119932175,30
266,09fdfb57668810ac2e3b712f,M29,0,16.03,17.0621242523,30
266,09fdfb57668810ac2e3b712f,M30,0,9.92,10.865937233,21
267,d520bf8d91251ecd00cc4b41,M01,4,4.93,4.82875108719,10
267,d520bf8d91251ecd00cc4b41,M02,4,6.42,6.24770545959,15
267,d520bf8d91251ecd00cc4b41,M03,4,5.54,6.34160375595,21
267,d520bf8d91251ecd00cc4b41,M04,4,5.21,6.10567569733,21
267,d520bf8d91251ecd00cc4b41,M05,4,5.12,6.13733053207,21
267,d520bf8d91251ecd00cc4b41,M06,4,7,8.06030273438,21
267,d520bf8d91251ecd00cc4b41,M07,4,7.02,8.22611141205,30
267,d520bf8d91251ecd00cc4b41,M08,4,9.23,10.8931407928,30
267,d520bf8d91251ecd00cc4b41,M09,4,7.93,10.0559444427,30
267,d520bf8d91251ecd00cc4b41,M10,4,10.74,11.9872913361,30
267,d520bf8d91251ecd00cc4b41,M11,4,9.74,11.2887763977,30
267,d520bf8d91251ecd00cc4b41,M12,4,11.11,14.0262241364,45
267,d520bf8d91251ecd00cc4b41,M13,4,11.08,14.3457632065,60
267,d520bf8d91251ecd00cc4b41,M14,4,11.32,12.3978672028,60
267,d520bf8d91251ecd00cc4b41,M15,4,8.72,14.2275218964,60
267,d520bf8d91251ecd00cc4b41,M16,4,20.42,29.8453025818,100
267,d520bf8d91251ecd00cc4b41,M17,4,3.43,4.25988435745,14
267,d520bf8d91251ecd00cc4b41,M18,4,5.49,6.07618331909,21
267,d520bf8d91251ecd00cc4b41,M19,4,4.77,5.20639514923,21
267,d520bf8d91251ecd00cc4b41,M20,4,5.92,6.42309331894,20
267,d520bf8d91251ecd00cc4b41,M21,4,4.74,5.00328302383,21
267,d520bf8d91251ecd00cc4b41,M22,4,8.65,10.6037960052,45
267,d520bf8d91251ecd00cc4b41,M23,4,7.38,8.65392494202,45
267,d520bf8d91251ecd00cc4b41,M24,4,8.43,10.4859313965,45
267,d520bf8d91251ecd00cc4b41,M25,4,10.08,8.99967575073,20
267,d520bf8d91251ecd00cc4b41,M26,4,8.43,8.14261245728,20
267,d520bf8d91251ecd00cc4b41,M27,4,9.5,10.7705316544,30
267,d520bf8d91251ecd00cc4b41,M28,4,8.02,9.43442249298,30
267,d520bf8d91251ecd00cc4b41,M29,4,9.65,10.5548820496,30
267,d520bf8d91251ecd00cc4b41,M30,4,5.89,6.37191438675,21
268,d69eda8667f021413c4a9f83,M01,2,5.91,4.08952713013,10
268,d69eda8667f021413c4a9f83,M02,2,7.8,5.37247800827,15
268,d69eda8667f021413c4a9f83,M03,2,7.08,5.35619688034,21
268,d69eda8667f021413c4a9f83,M04,2,6.43,5.13480377197,21
268,d69eda8667f021413c4a9f83,M05,2,6.27,5.19155883789,21
268,d69eda8667f021413c4a9f83,M06,2,8.7,6.88233757019,21
268,d69eda8667f021413c4a9f83,M07,2,9.1,7.28189992905,30
268,d69eda8667f021413c4a9f83,M08,2,12.69,9.54480743408,30
268,d69eda8667f021413c4a9f83,M09,2,11.61,8.59499835968,30
268,d69eda8667f021413c4a9f83,M10,2,14.43,10.5647611618,30
268,d69eda8667f021413c4a9f83,M11,2,13.51,9.8521194458,30
268,d69eda8667f021413c4a9f83,M12,2,16.32,13.9561271667,45
268,d69eda8667f021413c4a9f83,M13,2,15.65,13.9355745316,60
268,d69eda8667f021413c4a9f83,M14,2,15.74,12.3468322754,60
268,d69eda8667f021413c4a9f83,M15,2,12.9,13.9091377258,60
268,d69eda8667f021413c4a9f83,M16,2,34.55,25.1792926788,100
268,d69eda8667f021413c4a9f83,M17,2,5.2,3.52123951912,14
268,d69eda8667f021413c4a9f83,M18,2,7.21,5.15706396103,21
268,d69eda8667f021413c4a9f83,M19,2,5.13,4.2731795311,21
268,d69eda8667f021413c4a9f83,M20,2,6.96,5.2450876236,20
268,d69eda8667f021413c4a9f83,M21,2,5.11,3.9555876255,21
268,d69eda8667f021413c4a9f83,M22,2,10.41,8.70408630371,45
268,d69eda8667f021413c4a9f83,M23,2,9.27,7.11077070236,45
268,d69eda8667f021413c4a9f83,M24,2,10.34,8.69192028046,45
268,d69eda8667f021413c4a9f83,M25,2,11.54,7.93744277954,20
268,d69eda8667f021413c4a9f83,M26,2,10.06,7.29377555847,20
268,d69eda8667f021413c4a9f83,M27,2,11.62,9.01764965057,30
268,d69eda8667f021413c4a9f83,M28,2,9.91,8.14563560486,30
268,d69eda8667f021413c4a9f83,M29,2,11.77,8.84825611115,30
268,d69eda8667f021413c4a9f83,M30,2,6.83,5.48996257782,21
270,b8c82d904caebcfae94507d9,M01,2,6.99,7.4948554039,10
270,b8c82d904caebcfae94507d9,M02,2,9.81,9.74319458008,15
270,b8c82d904caebcfae94507d9,M03,2,10.49,10.0375385284,21
270,b8c82d904caebcfae94507d9,M04,2,9.85,9.7215423584,21
270,b8c82d904caebcfae94507d9,M05,2,9.69,9.77829551697,21
270,b8c82d904caebcfae94507d9,M06,2,12.46,12.8320407867,21
270,b8c82d904caebcfae94507d9,M07,2,14.58,15.1798152924,30
270,b8c82d904caebcfae94507d9,M08,2,18.92,19.5778217316,30
270,b8c82d904caebcfae94507d9,M09,2,18.05,18.4798221588,30
270,b8c82d904caebcfae94507d9,M10,2,20.37,20.3466663361,30
270,b8c82d904caebcfae94507d9,M11,2,19.62,19.7765655518,30
270,b8c82d904caebcfae94507d9,M12,2,27.34,27.5059967041,45
270,b8c82d904caebcfae94507d9,M13,2,26.18,27.526720047,60
270,b8c82d904caebcfae94507d9,M14,2,23.28,24.945268631,60
270,b8c82d904caebcfae94507d9,M15,2,27.59,27.813621521,60
270,b8c82d904caebcfae94507d9,M16,2,54.65,54.3432693481,100
270,b8c82d904caebcfae94507d9,M17,2,7.41,6.94571352005,14
270,b8c82d904caebcfae94507d9,M18,2,10.19,9.73916149139,21
270,b8c82d904caebcfae94507d9,M19,2,8.25,9.1231880188,21
270,b8c82d904caebcfae94507d9,M20,2,11.78,11.3416852951,20
270,b8c82d904caebcfae94507d9,M21,2,8.63,8.66869258881,21
270,b8c82d904caebcfae94507d9,M22,2,21.16,21.4449653625,45
270,b8c82d904caebcfae94507d9,M23,2,16.86,18.9047546387,45
270,b8c82d904caebcfae94507d9,M24,2,28.22,21.731136322,45
270,b8c82d904caebcfae94507d9,M25,2,13.78,13.5610818863,20
270,b8c82d904caebcfae94507d9,M26,2,12.66,12.3977098465,20
270,b8c82d904caebcfae94507d9,M27,2,16.15,17.1157932281,30
270,b8c82d904caebcfae94507d9,M28,2,14.48,15.1109199524,30
270,b8c82d904caebcfae94507d9,M29,2,16.69,17.3388805389,30
270,b8c82d904caebcfae94507d9,M30,2,10.07,10.1713047028,21
271,648bc1f8679a9275b66f6275,M01,1,9.42,10.0213794708,10
271,648bc1f8679a9275b66f6275,M02,1,11.84,12.6784057617,15
271,648bc1f8679a9275b66f6275,M03,1,14.36,14.2115116119,21
271,648bc1f8679a9275b66f6275,M04,1,13.43,13.9073514938,21
271,648bc1f8679a9275b66f6275,M05,1,13.68,14.0068979263,21
271,648bc1f8679a9275b66f6275,M06,1,17.4,16.8822879791,21
271,648bc1f8679a9275b66f6275,M07,1,20.41,20.1843566895,30
271,648bc1f8679a9275b66f6275,M08,1,24.36,25.0978126526,30
271,648bc1f8679a9275b66f6275,M09,1,23.11,24.1408443451,30
271,648bc1f8679a9275b66f6275,M10,1,25.85,26.0190353394,30
271,648bc1f8679a9275b66f6275,M11,1,25.02,25.459028244,30
271,648bc1f8679a9275b66f6275,M12,1,36.46,38.2756118774,45
271,648bc1f8679a9275b66f6275,M13,1,39.26,39.5278205872,60
271,648bc1f8679a9275b66f6275,M14,1,36.62,38.2454452515,60
271,648bc1f8679a9275b66f6275,M15,1,38.98,39.8583106995,60
271,648bc1f8679a9275b66f6275,M16,1,68.84,68.6099319458,100
271,648bc1f8679a9275b66f6275,M17,1,9.5,10.0216188431,14
271,648bc1f8679a9275b66f6275,M18,1,13.65,14.1495265961,21
271,648bc1f8679a9275b66f6275,M19,1,14.35,13.8271522522,21
271,648bc1f8679a9275b66f6275,M20,1,15.84,15.6648845673,20
271,648bc1f8679a9275b66f6275,M21,1,13.14,13.4351739883,21
271,648bc1f8679a9275b66f6275,M22,1,35.49,32.7852745056,45
271,648bc1f8679a9275b66f6275,M23,1,32.24,31.5180721283,45
271,648bc1f8679a9275b66f6275,M24,1,35.27,32.9134063721,45
271,648bc1f8679a9275b66f6275,M25,1,17.1,17.2900485992,20
271,648bc1f8679a9275b66f6275,M26,1,15.71,16.5195579529,20
271,648bc1f8679a9275b66f6275,M27,1,22.14,22.1776504517,30
271,648bc1f8679a9275b66f6275,M28,1,20.47,21.2460651398,30
271,648bc1f8679a9275b66f6275,M29,1,21.66,22.267156601,30
271,648bc1f8679a9275b66f6275,M30,1,14.43,14.2896432877,21
272,7fb8af142894de9d555b9983,M01,3,8.17,8.30478477478,10
272,7fb8af142894de9d555b9983,M02,3,10.83,10.9463891983,15
272,7fb8af142894de9d555b9983,M03,3,12.52,11.2062120438,21
272,7fb8af142894de9d555b9983,M04,3,11.56,10.8545637131,21
272,7fb8af142894de9d555b9983,M05,3,11.72,10.9036302567,21
272,7fb8af142894de9d555b9983,M06,3,15.25,14.2221870422,21
272,7fb8af142894de9d555b9983,M07,3,17.58,16.7059783936,30
272,7fb8af142894de9d555b9983,M08,3,21.82,21.7749156952,30
272,7fb8af142894de9d555b9983,M09,3,20.51,20.6985607147,30
272,7fb8af142894de9d555b9983,M10,3,23.27,22.6450862885,30
272,7fb8af142894de9d555b9983,M11,3,22.47,21.9783325195,30
272,7fb8af142894de9d555b9983,M12,3,32.08,30.98620224,45
272,7fb8af142894de9d555b9983,M13,3,33.65,31.3926696777,60
272,7fb8af142894de9d555b9983,M14,3,30.61,28.7014045715,60
272,7fb8af142894de9d555b9983,M15,3,33.67,31.6786308289,60
272,7fb8af142894de9d555b9983,M16,3,62.76,62.9303321838,100
272,7fb8af142894de9d555b9983,M17,3,8.45,7.81367301941,14
272,7fb8af142894de9d555b9983,M18,3,11.97,10.8238172531,21
272,7fb8af142894de9d555b9983,M19,3,11.46,10.2392807007,21
272,7fb8af142894de9d555b9983,M20,3,13.4,12.5526781082,20
272,7fb8af142894de9d555b9983,M21,3,10.61,9.78972053528,21
272,7fb8af142894de9d555b9983,M22,3,27.86,24.1381378174,45
272,7fb8af142894de9d555b9983,M23,3,24.49,21.5436840057,45
272,7fb8af142894de9d555b9983,M24,3,27.95,24.5524425507,45
272,7fb8af142894de9d555b9983,M25,3,15.64,14.8062524796,20
272,7fb8af142894de9d555b9983,M26,3,14.39,13.8411884308,20
272,7fb8af142894de9d555b9983,M27,3,19.65,19.1605873108,30
272,7fb8af142894de9d555b9983,M28,3,17.94,17.3672847748,30
272,7fb8af142894de9d555b9983,M29,3,19.51,19.3091602325,30
272,7fb8af142894de9d555b9983,M30,3,12.55,11.3736152649,21
273,ca6cb56c983e5492cd15a656,M01,3,7.69,8.95160579681,10
273,ca6cb56c983e5492cd15a656,M02,3,10.28,11.3253755569,15
273,ca6cb56c983e5492cd15a656,M03,3,11.4,11.5851984024,21
273,ca6cb56c983e5492cd15a656,M04,3,10.48,11.3071947098,21
273,ca6cb56c983e5492cd15a656,M05,3,10.37,11.3562612534,21
273,ca6cb56c983e5492cd15a656,M06,3,14.07,14.4372014999,21
273,ca6cb56c983e5492cd15a656,M07,3,15.91,16.8494300842,30
273,ca6cb56c983e5492cd15a656,M08,3,20.26,21.8832321167,30
273,ca6cb56c983e5492cd15a656,M09,3,19,20.8805236816,30
273,ca6cb56c983e5492cd15a656,M10,3,21.71,22.8006820679,30
273,ca6cb56c983e5492cd15a656,M11,3,20.55,22.1602954865,30
273,ca6cb56c983e5492cd15a656,M12,3,29.5,30.5313434601,45
273,ca6cb56c983e5492cd15a656,M13,3,30.39,31.0715751648,60
273,ca6cb56c983e5492cd15a656,M14,3,27.26,28.5943870544,60
273,ca6cb56c983e5492cd15a656,M15,3,30.41,31.0825252533,60
273,ca6cb56c983e5492cd15a656,M16,3,59.23,61.8482017517,100
273,ca6cb56c983e5492cd15a656,M17,3,7.9,8.35411548615,14
273,ca6cb56c983e5492cd15a656,M18,3,11.09,11.1760501862,21
273,ca6cb56c983e5492cd15a656,M19,3,8.96,10.5000400543,21
273,ca6cb56c983e5492cd15a656,M20,3,11.38,12.6674985886,20
273,ca6cb56c983e5492cd15a656,M21,3,8.54,10.1099309921,21
273,ca6cb56c983e5492cd15a656,M22,3,21.21,23.6610450745,45
273,ca6cb56c983e5492cd15a656,M23,3,18.37,21.2806682587,45
273,ca6cb56c983e5492cd15a656,M24,3,21.66,23.738067627,45
273,ca6cb56c983e5492cd15a656,M25,3,13.93,15.1392831802,20
273,ca6cb56c983e5492cd15a656,M26,3,12.72,14.3515605927,20
273,ca6cb56c983e5492cd15a656,M27,3,16.27,19.4774265289,30
273,ca6cb56c983e5492cd15a656,M28,3,14.47,17.8594799042,30
273,ca6cb56c983e5492cd15a656,M29,3,16.5,19.3011856079,30
273,ca6cb56c983e5492cd15a656,M30,3,10.02,11.7652626038,21
274,9b385e5777f6b270736964d8,M01,4,5,4.36531925201,10
274,9b385e5777f6b270736964d8,M02,4,6.55,5.69239521027,15
274,9b385e5777f6b270736964d8,M03,4,5.62,5.78629350662,21
274,9b385e5777f6b270736964d8,M04,4,5.27,5.63779211044,21
274,9b385e5777f6b270736964d8,M05,4,5.18,5.66944694519,21
274,9b385e5777f6b270736964d8,M06,4,7.1,7.63095664978,21
274,9b385e5777f6b270736964d8,M07,4,7.18,7.54864263535,30
274,9b385e5777f6b270736964d8,M08,4,9.43,9.3566942215,30
274,9b385e5777f6b270736964d8,M09,4,8.17,8.60692501068,30
274,9b385e5777f6b270736964d8,M10,4,11.08,10.4508447647,30
274,9b385e5777f6b270736964d8,M11,4,10.07,9.83975696564,30
274,9b385e5777f6b270736964d8,M12,4,11.55,11.9241952896,45
274,9b385e5777f6b270736964d8,M13,4,11.47,12.4038619995,60
274,9b385e5777f6b270736964d8,M14,4,8.92,10.8811178207,60
274,9b385e5777f6b270736964d8,M15,4,11.8,12.1981935501,60
274,9b385e5777f6b270736964d8,M16,4,21.46,26.3671207428,100
274,9b385e5777f6b270736964d8,M17,4,3.49,3.82526159286,14
274,9b385e5777f6b270736964d8,M18,4,5.55,5.52761077881,21
274,9b385e5777f6b270736964d8,M19,4,4.7,4.69309806824,21
274,9b385e5777f6b270736964d8,M20,4,5.67,6.03576183319,20
274,9b385e5777f6b270736964d8,M21,4,4.62,4.46791267395,21
274,9b385e5777f6b270736964d8,M22,4,8.18,9.19034481049,45
274,9b385e5777f6b270736964d8,M23,4,6.95,7.68769836426,45
274,9b385e5777f6b270736964d8,M24,4,8.01,9.07248020172,45
274,9b385e5777f6b270736964d8,M25,4,9.85,8.4896402359,20
274,9b385e5777f6b270736964d8,M26,4,8.23,7.71135282516,20
274,9b385e5777f6b270736964d8,M27,4,9.35,9.6792049408,30
274,9b385e5777f6b270736964d8,M28,4,7.95,8.79031944275,30
274,9b385e5777f6b270736964d8,M29,4,9.46,9.463555336,30
274,9b385e5777f6b270736964d8,M30,4,5.59,5.81660413742,21
275,a3cc9e6104a657c18f86b132,M01,0,6.95,7.63076972961,10
275,a3cc9e6104a657c18f86b132,M02,0,9.83,9.96840190887,15
275,a3cc9e6104a657c18f86b132,M03,0,10.29,10.2117061615,21
275,a3cc9e6104a657c18f86b132,M04,0,9.75,9.78412532806,21
275,a3cc9e6104a657c18f86b132,M05,0,9.82,9.85464191437,21
275,a3cc9e6104a657c18f86b132,M06,0,12.38,12.6086072922,21
275,a3cc9e6104a657c18f86b132,M07,0,14.46,15.2028045654,30
275,a3cc9e6104a657c18f86b132,M08,0,18.76,19.3412322998,30
275,a3cc9e6104a657c18f86b132,M09,0,17.87,18.3392410278,30
275,a3cc9e6104a657c18f86b132,M10,0,20.01,20.2214012146,30
275,a3cc9e6104a657c18f86b132,M11,0,19.45,19.7033138275,30
275,a3cc9e6104a657c18f86b132,M12,0,27.14,26.9368782043,45
275,a3cc9e6104a657c18f86b132,M13,0,25.8,27.0051841736,60
275,a3cc9e6104a657c18f86b132,M14,0,22.84,24.4800109863,60
275,a3cc9e6104a657c18f86b132,M15,0,27.24,27.3593959808,60
275,a3cc9e6104a657c18f86b132,M16,0,54.19,53.4655151367,100
275,a3cc9e6104a657c18f86b132,M17,0,7.27,7.17549943924,14
275,a3cc9e6104a657c18f86b132,M18,0,9.96,9.8671836853,21
275,a3cc9e6104a657c18f86b132,M19,0,8.16,9.33516407013,21
275,a3cc9e6104a657c18f86b132,M20,0,11.73,11.2186889648,20
275,a3cc9e6104a657c18f86b132,M21,0,8.59,8.80403709412,21
275,a3cc9e6104a657c18f86b132,M22,0,21.07,21.022857666,45
275,a3cc9e6104a657c18f86b132,M23,0,16.71,18.5044116974,45
275,a3cc9e6104a657c18f86b132,M24,0,28.11,21.4088916779,45
275,a3cc9e6104a657c18f86b132,M25,0,13.72,13.224398613,20
275,a3cc9e6104a657c18f86b132,M26,0,12.59,12.207783699,20
275,a3cc9e6104a657c18f86b132,M27,0,15.97,16.9181175232,30
275,a3cc9e6104a657c18f86b132,M28,0,14.32,15.0880060196,30
275,a3cc9e6104a657c18f86b132,M29,0,16.45,17.082567215,30
275,a3cc9e6104a657c18f86b132,M30,0,9.88,10.2275314331,21
277,1d0a43c80b2575e810c29b2d,M01,0,7.03,7.57446575165,10
277,1d0a43c80b2575e810c29b2d,M02,0,9.38,8.90693092346,15
277,1d0a43c80b2575e810c29b2d,M03,0,9.55,9.16624259949,21
277,1d0a43c80b2575e810c29b2d,M04,0,8.81,8.82297420502,21
277,1d0a43c80b2575e810c29b2d,M05,0,8.87,8.89349079132,21
277,1d0a43c80b2575e810c29b2d,M06,0,12.07,11.431145668,21
277,1d0a43c80b2575e810c29b2d,M07,0,13.04,11.5029230118,30
277,1d0a43c80b2575e810c29b2d,M08,0,17.44,15.1166744232,30
277,1d0a43c80b2575e810c29b2d,M09,0,16.41,14.2246417999,30
277,1d0a43c80b2575e810c29b2d,M10,0,19.03,16.1937885284,30
277,1d0a43c80b2575e810c29b2d,M11,0,18.31,15.5646591187,30
277,1d0a43c80b2575e810c29b2d,M12,0,24.67,21.093170166,45
277,1d0a43c80b2575e810c29b2d,M13,0,24.67,21.4970054626,60
277,1d0a43c80b2575e810c29b2d,M14,0,21.24,19.2331905365,60
277,1d0a43c80b2575e810c29b2d,M15,0,24.48,21.5229606628,60
277,1d0a43c80b2575e810c29b2d,M16,0,52.79,41.4889411926,100
277,1d0a43c80b2575e810c29b2d,M17,0,6.93,6.9197845459,14
277,1d0a43c80b2575e810c29b2d,M18,0,9.43,8.78258419037,21
277,1d0a43c80b2575e810c29b2d,M19,0,7.55,7.95022010803,21
277,1d0a43c80b2575e810c29b2d,M20,0,9.93,9.62763690948,20
277,1d0a43c80b2575e810c29b2d,M21,0,7.23,7.51785373688,21
277,1d0a43c80b2575e810c29b2d,M22,0,16.88,15.1249265671,45
277,1d0a43c80b2575e810c29b2d,M23,0,14.29,12.8905439377,45
277,1d0a43c80b2575e810c29b2d,M24,0,17.19,15.0676765442,45
277,1d0a43c80b2575e810c29b2d,M25,0,13.81,12.4409093857,20
277,1d0a43c80b2575e810c29b2d,M26,0,12.51,11.7214689255,20
277,1d0a43c80b2575e810c29b2d,M27,0,15.86,14.0235376358,30
277,1d0a43c80b2575e810c29b2d,M28,0,13.91,12.5418891907,30
277,1d0a43c80b2575e810c29b2d,M29,0,15.68,13.9077425003,30
277,1d0a43c80b2575e810c29b2d,M30,0,9.58,9.2752494812,21
278,7379aff9cd07b6083d7fa843,M01,0,9.48,10.7152605057,10
278,7379aff9cd07b6083d7fa843,M02,0,12.01,13.2129135132,15
278,7379aff9cd07b6083d7fa843,M03,0,14.6,13.8399085999,21
278,7379aff9cd07b6083d7fa843,M04,0,13.58,13.4542675018,21
278,7379aff9cd07b6083d7fa843,M05,0,13.91,13.5247840881,21
278,7379aff9cd07b6083d7fa843,M06,0,17.48,16.4442768097,21
278,7379aff9cd07b6083d7fa843,M07,0,20.77,19.2732944489,30
278,7379aff9cd07b6083d7fa843,M08,0,24.71,24.4990215302,30
278,7379aff9cd07b6083d7fa843,M09,0,23.32,23.5056476593,30
278,7379aff9cd07b6083d7fa843,M10,0,26.17,25.4037437439,30
278,7379aff9cd07b6083d7fa843,M11,0,25.37,24.9275970459,30
278,7379aff9cd07b6083d7fa843,M12,0,37.02,37.3242988586,45
278,7379aff9cd07b6083d7fa843,M13,0,39.55,37.7794647217,60
278,7379aff9cd07b6083d7fa843,M14,0,37.02,36.1396713257,60
278,7379aff9cd07b6083d7fa843,M15,0,39.81,38.0671882629,60
278,7379aff9cd07b6083d7fa843,M16,0,69.16,65.9460754395,100
278,7379aff9cd07b6083d7fa843,M17,0,9.58,10.3691396713,14
278,7379aff9cd07b6083d7fa843,M18,0,13.81,13.6257095337,21
278,7379aff9cd07b6083d7fa843,M19,0,15.17,13.1875486374,21
278,7379aff9cd07b6083d7fa843,M25,0,17.16,17.0303249359,20
278,7379aff9cd07b6083d7fa843,M26,0,15.83,16.1846027374,20
278,7379aff9cd07b6083d7fa843,M27,0,22.25,21.9089660645,30
278,7379aff9cd07b6083d7fa843,M28,0,20.64,20.7187023163,30
278,7379aff9cd07b6083d7fa843,M29,0,22.01,22.0348739624,30
278,7379aff9cd07b6083d7fa843,M30,0,14.65,13.9489154816,21
280,bed4536832eee8371b3e89bd,M01,0,7.02,7.40922498703,10
280,bed4536832eee8371b3e89bd,M02,0,9.87,9.28469657898,15
280,bed4536832eee8371b3e89bd,M03,0,10.86,9.5280008316,21
280,bed4536832eee8371b3e89bd,M04,0,9.91,9.12837219238,21
280,bed4536832eee8371b3e89bd,M05,0,9.62,9.19888877869,21
280,bed4536832eee8371b3e89bd,M06,0,13.49,12.2875070572,21
280,bed4536832eee8371b3e89bd,M07,0,14.35,14.2495346069,30
280,bed4536832eee8371b3e89bd,M08,0,19.01,18.886516571,30
280,bed4536832eee8371b3e89bd,M09,0,17.88,17.8931427002,30
280,bed4536832eee8371b3e89bd,M10,0,20.96,19.7951564789,30
280,bed4536832eee8371b3e89bd,M11,0,19.7,19.276550293,30
280,bed4536832eee8371b3e89bd,M12,0,26.94,27.1220397949,45
280,bed4536832eee8371b3e89bd,M13,0,25.8,27.2872905731,60
280,bed4536832eee8371b3e89bd,M14,0,23.22,24.3948955536,60
280,bed4536832eee8371b3e89bd,M15,0,26.77,27.6135501862,60
280,bed4536832eee8371b3e89bd,M16,0,54.17,57.0655632019,100
280,bed4536832eee8371b3e89bd,M17,0,7.16,6.93461847305,14
280,bed4536832eee8371b3e89bd,M18,0,10.13,9.18347835541,21
280,bed4536832eee8371b3e89bd,M19,0,7.68,8.64787960052,21
280,bed4536832eee8371b3e89bd,M20,0,8.44,10.8531932831,20
280,bed4536832eee8371b3e89bd,M21,0,6.94,8.11675262451,21
280,bed4536832eee8371b3e89bd,M22,0,14.79,19.5205535889,45
280,bed4536832eee8371b3e89bd,M23,0,14.22,16.6148262024,45
280,bed4536832eee8371b3e89bd,M24,0,14.63,19.9065876007,45
280,bed4536832eee8371b3e89bd,M25,0,14.36,13.1745624542,20
280,bed4536832eee8371b3e89bd,M26,0,13.21,12.1218986511,20
280,bed4536832eee8371b3e89bd,M27,0,17.15,16.7868652344,30
280,bed4536832eee8371b3e89bd,M28,0,15.33,14.6903800964,30
280,bed4536832eee8371b3e89bd,M29,0,17.09,16.9513149261,30
280,bed4536832eee8371b3e89bd,M30,0,10.85,9.63700771332,21
281,bbda52a9d99ca097c7cfd477,M01,3,6.65,6.74650859833,10
281,bbda52a9d99ca097c7cfd477,M02,3,8.79,8.26077651978,15
281,bbda52a9d99ca097c7cfd477,M03,3,8.5,8.4806137085,21
281,bbda52a9d99ca097c7cfd477,M04,3,7.79,8.22267246246,21
281,bbda52a9d99ca097c7cfd477,M05,3,8.11,8.27173900604,21
281,bbda52a9d99ca097c7cfd477,M06,3,10.84,10.9551391602,21
281,bbda52a9d99ca097c7cfd477,M07,3,11.47,11.060792923,30
281,bbda52a9d99ca097c7cfd477,M08,3,15.85,14.6218481064,30
281,bbda52a9d99ca097c7cfd477,M09,3,14.89,13.7144546509,30
281,bbda52a9d99ca097c7cfd477,M10,3,17.38,15.7009563446,30
281,bbda52a9d99ca097c7cfd477,M11,3,17.09,14.8938341141,30
281,bbda52a9d99ca097c7cfd477,M12,3,22.13,20.7588005066,45
281,bbda52a9d99ca097c7cfd477,M13,3,21.52,21.1953544617,60
281,bbda52a9d99ca097c7cfd477,M14,3,18.48,18.6936626434,60
281,bbda52a9d99ca097c7cfd477,M15,3,21.34,21.169418335,60
281,bbda52a9d99ca097c7cfd477,M16,3,48.83,44.913192749,100
281,bbda52a9d99ca097c7cfd477,M17,3,5.88,6.13110160828,14
281,bbda52a9d99ca097c7cfd477,M18,3,8,8.19278812408,21
281,bbda52a9d99ca097c7cfd477,M19,3,5.52,7.32323169708,21
281,bbda52a9d99ca097c7cfd477,M20,3,6.98,9.05048942566,20
281,bbda52a9d99ca097c7cfd477,M21,3,5.01,6.97574329376,21
281,bbda52a9d99ca097c7cfd477,M22,3,10.44,14.3539495468,45
281,bbda52a9d99ca097c7cfd477,M23,3,9.6,11.9840345383,45
281,bbda52a9d99ca097c7cfd477,M24,3,10.17,14.4317531586,45
281,bbda52a9d99ca097c7cfd477,M25,3,14.32,11.978843689,20
281,bbda52a9d99ca097c7cfd477,M26,3,13.04,10.9404230118,20
281,bbda52a9d99ca097c7cfd477,M27,3,16.98,13.8613243103,30
281,bbda52a9d99ca097c7cfd477,M28,3,15.06,12.0198869705,30
281,bbda52a9d99ca097c7cfd477,M29,3,16.73,13.7431306839,30
281,bbda52a9d99ca097c7cfd477,M30,3,10.45,8.6480178833,21
282,c18e77ce74b9a2e4ab1ae59d,M01,1,8.28,8.01228046417,10
282,c18e77ce74b9a2e4ab1ae59d,M02,1,11.06,10.2459068298,15
282,c18e77ce74b9a2e4ab1ae59d,M03,1,13.15,10.892832756,21
282,c18e77ce74b9a2e4ab1ae59d,M04,1,12.3,10.5623693466,21
282,c18e77ce74b9a2e4ab1ae59d,M05,1,12.52,10.6619157791,21
282,c18e77ce74b9a2e4ab1ae59d,M06,1,15.77,13.4878892899,21
282,c18e77ce74b9a2e4ab1ae59d,M07,1,18.62,16.5148239136,30
282,c18e77ce74b9a2e4ab1ae59d,M08,1,22.73,21.4185752869,30
282,c18e77ce74b9a2e4ab1ae59d,M09,1,21.57,20.4353027344,30
282,c18e77ce74b9a2e4ab1ae59d,M10,1,24.08,22.3397979736,30
282,c18e77ce74b9a2e4ab1ae59d,M11,1,23.51,21.7534866333,30
282,c18e77ce74b9a2e4ab1ae59d,M12,1,33.77,31.708562851,45
282,c18e77ce74b9a2e4ab1ae59d,M13,1,35.36,32.1878890991,60
282,c18e77ce74b9a2e4ab1ae59d,M14,1,32.72,30.0501174927,60
282,c18e77ce74b9a2e4ab1ae59d,M15,1,35.87,32.4149742126,60
282,c18e77ce74b9a2e4ab1ae59d,M16,1,64.63,60.3817977905,100
282,c18e77ce74b9a2e4ab1ae59d,M17,1,8.81,7.66456460953,14
282,c18e77ce74b9a2e4ab1ae59d,M18,1,12.65,10.6214132309,21
282,c18e77ce74b9a2e4ab1ae59d,M19,1,11.6,9.81116676331,21
282,c18e77ce74b9a2e4ab1ae59d,M20,1,13.43,11.6384840012,20
282,c18e77ce74b9a2e4ab1ae59d,M21,1,10.79,9.37431907654,21
282,c18e77ce74b9a2e4ab1ae59d,M22,1,27.87,24.475320816,45
282,c18e77ce74b9a2e4ab1ae59d,M23,1,24.74,22.3877506256,45
282,c18e77ce74b9a2e4ab1ae59d,M24,1,28.52,24.7518558502,45
282,c18e77ce74b9a2e4ab1ae59d,M25,1,15.84,14.1666183472,20
282,c18e77ce74b9a2e4ab1ae59d,M26,1,14.73,13.220574379,20
282,c18e77ce74b9a2e4ab1ae59d,M27,1,20.3,18.6689224243,30
282,c18e77ce74b9a2e4ab1ae59d,M28,1,18.73,17.1147441864,30
282,c18e77ce74b9a2e4ab1ae59d,M29,1,20.25,18.6287269592,30
282,c18e77ce74b9a2e4ab1ae59d,M30,1,13.18,10.981675148,21
283,c2eedb24cf5e98af3c88b4c1,M01,1,7.36,8.13107585907,10
283,c2eedb24cf5e98af3c88b4c1,M02,1,9.89,10.2248353958,15
283,c2eedb24cf5e98af3c88b4c1,M03,1,10.61,10.4169139862,21
283,c2eedb24cf5e98af3c88b4c1,M04,1,9.82,10.1286506653,21
283,c2eedb24cf5e98af3c88b4c1,M05,1,9.82,10.2281970978,21
283,c2eedb24cf5e98af3c88b4c1,M06,1,13.16,13.1084089279,21
283,c2eedb24cf5e98af3c88b4c1,M07,1,14.72,15.2700586319,30
283,c2eedb24cf5e98af3c88b4c1,M08,1,19.13,19.8587989807,30
283,c2eedb24cf5e98af3c88b4c1,M09,1,18.03,18.9177265167,30
283,c2eedb24cf5e98af3c88b4c1,M10,1,20.58,20.8073768616,30
283,c2eedb24cf5e98af3c88b4c1,M11,1,19.78,20.2359104156,30
283,c2eedb24cf5e98af3c88b4c1,M12,1,27.63,28.2102985382,45
283,c2eedb24cf5e98af3c88b4c1,M13,1,27.96,28.595457077,60
283,c2eedb24cf5e98af3c88b4c1,M14,1,24.84,26.5836372375,60
283,c2eedb24cf5e98af3c88b4c1,M15,1,27.99,28.7015457153,60
283,c2eedb24cf5e98af3c88b4c1,M16,1,56.63,60.914478302,100
283,c2eedb24cf5e98af3c88b4c1,M17,1,7.46,7.76302528381,14
283,c2eedb24cf5e98af3c88b4c1,M18,1,10.4,10.044757843,21
283,c2eedb24cf5e98af3c88b4c1,M19,1,8.51,9.12958240509,21
283,c2eedb24cf5e98af3c88b4c1,M20,1,10.93,11.0836753845,20
283,c2eedb24cf5e98af3c88b4c1,M21,1,8.11,8.67201805115,21
283,c2eedb24cf5e98af3c88b4c1,M22,1,19.81,20.0584125519,45
283,c2eedb24cf5e98af3c88b4c1,M23,1,17.07,18.0989818573,45
283,c2eedb24cf5e98af3c88b4c1,M24,1,20.15,20.2737960815,45
283,c2eedb24cf5e98af3c88b4c1,M25,1,13.82,13.9820022583,20
283,c2eedb24cf5e98af3c88b4c1,M26,1,12.6,13.1388053894,20
283,c2eedb24cf5e98af3c88b4c1,M27,1,16.01,17.1570091248,30
283,c2eedb24cf5e98af3c88b4c1,M28,1,14.22,15.730969429,30
283,c2eedb24cf5e98af3c88b4c1,M29,1,16.06,17.1199703217,30
283,c2eedb24cf5e98af3c88b4c1,M30,1,9.85,10.4950456619,21
284,6c8bd1deff5bdb9e32c6446d,M01,2,8.11,9.72486495972,10
284,6c8bd1deff5bdb9e32c6446d,M02,2,12.48,12.1596012115,15
284,6c8bd1deff5bdb9e32c6446d,M03,2,15.18,12.8998651505,21
284,6c8bd1deff5bdb9e32c6446d,M04,2,14.18,12.6737918854,21
284,6c8bd1deff5bdb9e32c6446d,M05,2,14.5,12.7305459976,21
284,6c8bd1deff5bdb9e32c6446d,M06,2,18.3,15.7244977951,21
284,6c8bd1deff5bdb9e32c6446d,M07,2,21.63,18.3764343262,30
284,6c8bd1deff5bdb9e32c6446d,M08,2,25.51,23.3616847992,30
284,6c8bd1deff5bdb9e32c6446d,M09,2,24.15,22.2825698853,30
284,6c8bd1deff5bdb9e32c6446d,M10,2,26.99,24.1845912933,30
284,6c8bd1deff5bdb9e32c6446d,M11,2,26.18,23.6875667572,30
284,6c8bd1deff5bdb9e32c6446d,M12,2,38.34,36.1925468445,45
284,6c8bd1deff5bdb9e32c6446d,M13,2,41.36,36.8377609253,60
284,6c8bd1deff5bdb9e32c6446d,M14,2,38.95,35.591003418,60
284,6c8bd1deff5bdb9e32c6446d,M15,2,41.18,37.0954551697,60
284,6c8bd1deff5bdb9e32c6446d,M16,2,71.11,65.3131790161,100
284,6c8bd1deff5bdb9e32c6446d,M17,2,9.96,9.35053062439,14
284,6c8bd1deff5bdb9e32c6446d,M18,2,14.35,12.8602132797,21
284,6c8bd1deff5bdb9e32c6446d,M19,2,15.22,12.4873495102,21
284,6c8bd1deff5bdb9e32c6446d,M20,2,16.47,14.4813756943,20
284,6c8bd1deff5bdb9e32c6446d,M21,2,13.94,12.0872468948,21
284,6c8bd1deff5bdb9e32c6446d,M22,2,37.38,29.7473163605,45
284,6c8bd1deff5bdb9e32c6446d,M23,2,34.54,28.5979709625,45
284,6c8bd1deff5bdb9e32c6446d,M24,2,37.14,29.7153644562,45
284,6c8bd1deff5bdb9e32c6446d,M25,2,18.01,16.4079933167,20
284,6c8bd1deff5bdb9e32c6446d,M26,2,16.43,15.4013652802,20
284,6c8bd1deff5bdb9e32c6446d,M27,2,23.21,20.8282012939,30
284,6c8bd1deff5bdb9e32c6446d,M28,2,21.56,19.810667038,30
284,6c8bd1deff5bdb9e32c6446d,M29,2,22.75,20.9241504669,30
284,6c8bd1deff5bdb9e32c6446d,M30,2,15.27,13.0336313248,21
285,13cc0dc0c9b50911e5f7c80a,M01,1,7.29,8.40871810913,10
285,13cc0dc0c9b50911e5f7c80a,M02,1,9.7,10.2798814774,15
285,13cc0dc0c9b50911e5f7c80a,M03,1,10.2,10.4931287766,21
285,13cc0dc0c9b50911e5f7c80a,M04,1,9.13,10.2216844559,21
285,13cc0dc0c9b50911e5f7c80a,M05,1,9.3,10.3212308884,21
285,13cc0dc0c9b50911e5f7c80a,M06,1,12.86,13.6468820572,21
285,13cc0dc0c9b50911e5f7c80a,M07,1,14.05,15.1050615311,30
285,13cc0dc0c9b50911e5f7c80a,M08,1,18.47,19.677312851,30
285,13cc0dc0c9b50911e5f7c80a,M09,1,16.98,18.817647934,30
285,13cc0dc0c9b50911e5f7c80a,M10,1,19.99,20.8186779022,30
285,13cc0dc0c9b50911e5f7c80a,M11,1,18.99,20.0712413788,30
285,13cc0dc0c9b50911e5f7c80a,M12,1,26.44,27.3213768005,45
285,13cc0dc0c9b50911e5f7c80a,M13,1,26.93,27.2865352631,60
285,13cc0dc0c9b50911e5f7c80a,M14,1,23.54,25.1256408691,60
285,13cc0dc0c9b50911e5f7c80a,M15,1,26.37,27.4487266541,60
285,13cc0dc0c9b50911e5f7c80a,M16,1,55.47,58.8409309387,100
285,13cc0dc0c9b50911e5f7c80a,M17,1,7.1,7.81129026413,14
285,13cc0dc0c9b50911e5f7c80a,M18,1,9.74,10.1524906158,21
285,13cc0dc0c9b50911e5f7c80a,M19,1,7.94,9.09028434753,21
285,13cc0dc0c9b50911e5f7c80a,M20,1,10.34,11.5597267151,20
285,13cc0dc0c9b50911e5f7c80a,M21,1,7.42,8.76525020599,21
285,13cc0dc0c9b50911e5f7c80a,M22,1,17.98,19.0607566833,45
285,13cc0dc0c9b50911e5f7c80a,M23,1,15.32,17.0520744324,45
285,13cc0dc0c9b50911e5f7c80a,M24,1,18.14,19.1526641846,45
285,13cc0dc0c9b50911e5f7c80a,M25,1,14.23,14.5907564163,20
285,13cc0dc0c9b50911e5f7c80a,M26,1,12.95,13.8382368088,20
285,13cc0dc0c9b50911e5f7c80a,M27,1,16.81,17.6764202118,30
285,13cc0dc0c9b50911e5f7c80a,M28,1,14.9,16.2011375427,30
285,13cc0dc0c9b50911e5f7c80a,M29,1,16.41,17.6412830353,30
285,13cc0dc0c9b50911e5f7c80a,M30,1,10.23,10.6021766663,21
286,df47194b4bdae24605cf1a6e,M01,3,6.95,8.68360710144,10
286,df47194b4bdae24605cf1a6e,M02,3,9.95,10.7248058319,15
286,df47194b4bdae24605cf1a6e,M03,3,10.71,10.9846286774,21
286,df47194b4bdae24605cf1a6e,M04,3,9.75,10.6542291641,21
286,df47194b4bdae24605cf1a6e,M05,3,9.71,10.6826553345,21
286,df47194b4bdae24605cf1a6e,M06,3,13.13,13.8039283752,21
286,df47194b4bdae24605cf1a6e,M07,3,14.29,15.773150444,30
286,df47194b4bdae24605cf1a6e,M08,3,18.87,21.3468456268,30
286,df47194b4bdae24605cf1a6e,M09,3,17.73,20.3406772614,30
286,df47194b4bdae24605cf1a6e,M10,3,20.45,22.2170181274,30
286,df47194b4bdae24605cf1a6e,M11,3,19.62,21.5508728027,30
286,df47194b4bdae24605cf1a6e,M12,3,26.84,29.6606903076,45
286,df47194b4bdae24605cf1a6e,M13,3,25.55,29.796585083,60
286,df47194b4bdae24605cf1a6e,M14,3,22.85,26.9516029358,60
286,df47194b4bdae24605cf1a6e,M15,3,26.37,30.1009883881,60
286,df47194b4bdae24605cf1a6e,M16,3,53.86,61.9105377197,100
286,df47194b4bdae24605cf1a6e,M17,3,7.03,8.20858192444,14
286,df47194b4bdae24605cf1a6e,M18,3,9.88,10.5886487961,21
286,df47194b4bdae24605cf1a6e,M19,3,6.34,10.0176973343,21
286,df47194b4bdae24605cf1a6e,M20,3,8.54,12.1833543777,20
286,df47194b4bdae24605cf1a6e,M21,3,6.99,9.55455207825,21
286,df47194b4bdae24605cf1a6e,M22,3,14.97,22.1403064728,45
286,df47194b4bdae24605cf1a6e,M23,3,14.04,19.3921375275,45
286,df47194b4bdae24605cf1a6e,M24,3,14.7,22.5872478485,45
286,df47194b4bdae24605cf1a6e,M25,3,13.81,14.6782417297,20
286,df47194b4bdae24605cf1a6e,M26,3,12.67,13.6373662949,20
286,df47194b4bdae24605cf1a6e,M27,3,16.11,18.6782627106,30
286,df47194b4bdae24605cf1a6e,M28,3,14.38,16.7343387604,30
286,df47194b4bdae24605cf1a6e,M29,3,16.24,18.8068943024,30
286,df47194b4bdae24605cf1a6e,M30,3,10.11,11.1520318985,21
290,b4432b95902e4e88b42e2066,M01,0,7.64,8.10670185089,10
290,b4432b95902e4e88b42e2066,M02,0,10.22,9.75218963623,15
290,b4432b95902e4e88b42e2066,M03,0,11.19,9.98605823517,21
290,b4432b95902e4e88b42e2066,M04,0,10.22,9.62932300568,21
290,b4432b95902e4e88b42e2066,M05,0,10.41,9.69983959198,21
290,b4432b95902e4e88b42e2066,M06,0,13.84,12.9843902588,21
290,b4432b95902e4e88b42e2066,M07,0,15.54,14.1634502411,30
290,b4432b95902e4e88b42e2066,M08,0,19.91,18.4050140381,30
290,b4432b95902e4e88b42e2066,M09,0,18.58,17.4405460358,30
290,b4432b95902e4e88b42e2066,M10,0,21.43,19.4566879272,30
290,b4432b95902e4e88b42e2066,M11,0,20.59,18.8140926361,30
290,b4432b95902e4e88b42e2066,M12,0,28.78,25.3259162903,45
290,b4432b95902e4e88b42e2066,M13,0,29.45,25.7162837982,60
290,b4432b95902e4e88b42e2066,M14,0,26.07,23.4261474609,60
290,b4432b95902e4e88b42e2066,M15,0,29.65,25.7061519623,60
290,b4432b95902e4e88b42e2066,M16,0,58.21,52.6902656555,100
290,b4432b95902e4e88b42e2066,M17,0,7.74,7.41850614548,14
290,b4432b95902e4e88b42e2066,M18,0,10.76,9.60239982605,21
290,b4432b95902e4e88b42e2066,M19,0,8.62,8.71565341949,21
290,b4432b95902e4e88b42e2066,M20,0,10.94,11.1681756973,20
290,b4432b95902e4e88b42e2066,M21,0,8.06,8.24088668823,21
290,b4432b95902e4e88b42e2066,M22,0,19.82,18.0955734253,45
290,b4432b95902e4e88b42e2066,M23,0,16.45,15.8348617554,45
290,b4432b95902e4e88b42e2066,M24,0,20.17,18.022436142,45
290,b4432b95902e4e88b42e2066,M25,0,14.81,13.9065923691,20
290,b4432b95902e4e88b42e2066,M26,0,13.53,13.1608304977,20
290,b4432b95902e4e88b42e2066,M27,0,17.98,16.396364212,30
290,b4432b95902e4e88b42e2066,M28,0,16.07,14.8883905411,30
290,b4432b95902e4e88b42e2066,M29,0,17.87,16.2564620972,30
290,b4432b95902e4e88b42e2066,M30,0,11.24,10.0950651169,21
291,bb6c0863dd45d3f74e17df3e,M01,4,7.5,8.2425365448,10
291,bb6c0863dd45d3f74e17df3e,M02,4,10.37,10.5400009155,15
291,bb6c0863dd45d3f74e17df3e,M03,4,11.74,10.8290729523,21
291,bb6c0863dd45d3f74e17df3e,M04,4,11.16,10.4354190826,21
291,bb6c0863dd45d3f74e17df3e,M05,4,11.02,10.4670743942,21
291,bb6c0863dd45d3f74e17df3e,M06,4,13.87,13.4704017639,21
291,bb6c0863dd45d3f74e17df3e,M07,4,16.5,16.2014350891,30
291,bb6c0863dd45d3f74e17df3e,M08,4,20.79,20.779001236,30
291,bb6c0863dd45d3f74e17df3e,M09,4,19.97,19.7131614685,30
291,bb6c0863dd45d3f74e17df3e,M10,4,22.16,21.6381416321,30
291,bb6c0863dd45d3f74e17df3e,M11,4,21.47,21.0409355164,30
291,bb6c0863dd45d3f74e17df3e,M12,4,30.55,28.6899185181,45
291,bb6c0863dd45d3f74e17df3e,M13,4,30.32,28.8062877655,60
291,bb6c0863dd45d3f74e17df3e,M14,4,27.57,26.156917572,60
291,bb6c0863dd45d3f74e17df3e,M15,4,31.54,29.1385402679,60
291,bb6c0863dd45d3f74e17df3e,M16,4,59.22,57.6826286316,100
291,bb6c0863dd45d3f74e17df3e,M17,4,8.19,7.83021450043,14
291,bb6c0863dd45d3f74e17df3e,M18,4,11.64,10.4345560074,21
291,bb6c0863dd45d3f74e17df3e,M19,4,8.61,9.80675601959,21
291,bb6c0863dd45d3f74e17df3e,M20,4,12.35,11.851143837,20
291,bb6c0863dd45d3f74e17df3e,M21,4,9.14,9.39376354218,21
291,bb6c0863dd45d3f74e17df3e,M22,4,23.08,22.53814888,45
291,bb6c0863dd45d3f74e17df3e,M23,4,18.43,19.9186573029,45
291,bb6c0863dd45d3f74e17df3e,M24,4,29.56,22.9918956757,45
291,bb6c0863dd45d3f74e17df3e,M25,4,14.6,14.1851482391,20
291,bb6c0863dd45d3f74e17df3e,M26,4,13.54,13.2011604309,20
291,bb6c0863dd45d3f74e17df3e,M27,4,17.87,18.1451148987,30
291,bb6c0863dd45d3f74e17df3e,M28,4,16.32,16.2720718384,30
291,bb6c0863dd45d3f74e17df3e,M29,4,18.25,18.3156223297,30
291,bb6c0863dd45d3f74e17df3e,M30,4,11.34,10.8444414139,21
294,d5d831302cba59032cb7c4e8,M01,0,7.2,10.7550401688,10
294,d5d831302cba59032cb7c4e8,M02,0,9.69,13.143658638,15
294,d5d831302cba59032cb7c4e8,M03,0,10.41,13.7706537247,21
294,d5d831302cba59032cb7c4e8,M04,0,9.98,13.3850126266,21
294,d5d831302cba59032cb7c4e8,M05,0,10.17,13.455529213,21
294,d5d831302cba59032cb7c4e8,M06,0,13.04,16.3091812134,21
294,d5d831302cba59032cb7c4e8,M07,0,14.5,19.1381988525,30
294,d5d831302cba59032cb7c4e8,M08,0,18.9,24.3639259338,30
294,d5d831302cba59032cb7c4e8,M09,0,18.36,23.370552063,30
294,d5d831302cba59032cb7c4e8,M10,0,20.27,25.2686481476,30
294,d5d831302cba59032cb7c4e8,M11,0,20.26,24.7925014496,30
294,d5d831302cba59032cb7c4e8,M12,0,27.48,36.9346961975,45
294,d5d831302cba59032cb7c4e8,M13,0,28.16,37.3898620605,60
294,d5d831302cba59032cb7c4e8,M14,0,26.19,35.7500686646,60
294,d5d831302cba59032cb7c4e8,M15,0,28.1,37.6775856018,60
294,d5d831302cba59032cb7c4e8,M16,0,56.9,63.7104454041,100
294,d5d831302cba59032cb7c4e8,M17,0,7.45,10.4089193344,14
294,d5d831302cba59032cb7c4e8,M18,0,10.45,13.5564546585,21
294,d5d831302cba59032cb7c4e8,M19,0,8.12,12.7236757278,21
294,d5d831302cba59032cb7c4e8,M20,0,10.11,14.7463502884,20
294,d5d831302cba59032cb7c4e8,M21,0,7.8,12.206536293,21
294,d5d831302cba59032cb7c4e8,M22,0,17.94,30.2499313354,45
294,d5d831302cba59032cb7c4e8,M23,0,18.6,28.6168746948,45
294,d5d831302cba59032cb7c4e8,M24,0,17.1,30.4710407257,45
294,d5d831302cba59032cb7c4e8,M25,0,15.46,16.8952312469,20
294,d5d831302cba59032cb7c4e8,M26,0,14.33,16.1078090668,20
294,d5d831302cba59032cb7c4e8,M27,0,19.54,21.7738704681,30
294,d5d831302cba59032cb7c4e8,M28,0,17.94,20.6419048309,30
294,d5d831302cba59032cb7c4e8,M29,0,19.44,21.8997783661,30
294,d5d831302cba59032cb7c4e8,M30,0,12.36,13.8796606064,21
295,0a411c9b61631bf103bfed61,M01,3,7.81,8.39987850189,10
295,0a411c9b61631bf103bfed61,M02,3,10.51,10.9566841125,15
295,0a411c9b61631bf103bfed61,M03,3,11.94,11.216506958,21
295,0a411c9b61631bf103bfed61,M04,3,11.13,10.94480896,21
295,0a411c9b61631bf103bfed61,M05,3,11.31,10.9938755035,21
295,0a411c9b61631bf103bfed61,M06,3,14.53,14.2793970108,21
295,0a411c9b61631bf103bfed61,M07,3,16.76,16.6853199005,30
295,0a411c9b61631bf103bfed61,M08,3,21.02,21.7029685974,30
295,0a411c9b61631bf103bfed61,M09,3,19.93,20.7065658569,30
295,0a411c9b61631bf103bfed61,M10,3,22.47,22.6417999268,30
295,0a411c9b61631bf103bfed61,M11,3,21.82,21.9863376617,30
295,0a411c9b61631bf103bfed61,M12,3,30.87,30.5011119843,45
295,0a411c9b61631bf103bfed61,M13,3,31.83,30.9403114319,60
295,0a411c9b61631bf103bfed61,M14,3,28.94,28.4386196136,60
295,0a411c9b61631bf103bfed61,M15,3,32.16,30.9281311035,60
295,0a411c9b61631bf103bfed61,M16,3,60.84,61.6801757812,100
295,0a411c9b61631bf103bfed61,M17,3,8.23,7.91897153854,14
295,0a411c9b61631bf103bfed61,M18,3,11.59,10.9149246216,21
295,0a411c9b61631bf103bfed61,M19,3,10.53,9.92104530334,21
295,0a411c9b61631bf103bfed61,M20,3,12.62,12.2146816254,20
295,0a411c9b61631bf103bfed61,M21,3,9.95,9.53724193573,21
295,0a411c9b61631bf103bfed61,M22,3,25.27,23.0971775055,45
295,0a411c9b61631bf103bfed61,M23,3,22.19,20.6922969818,45
295,0a411c9b61631bf103bfed61,M24,3,25.76,23.1887321472,45
295,0a411c9b61631bf103bfed61,M25,3,15.13,14.9814805984,20
295,0a411c9b61631bf103bfed61,M26,3,13.98,14.169254303,20
295,0a411c9b61631bf103bfed61,M27,3,18.8,19.3196201324,30
295,0a411c9b61631bf103bfed61,M28,3,17.18,17.6771717072,30
295,0a411c9b61631bf103bfed61,M29,3,18.75,19.1370754242,30
295,0a411c9b61631bf103bfed61,M30,3,11.98,11.3965711594,21
296,5cc22c63bfc2c970da060ca8,M01,1,7.49,8.2657995224,10
296,5cc22c63bfc2c970da060ca8,M02,1,10.34,10.6045827866,15
296,5cc22c63bfc2c970da060ca8,M03,1,11.67,10.9247913361,21
296,5cc22c63bfc2c970da060ca8,M04,1,10.88,10.6069965363,21
296,5cc22c63bfc2c970da060ca8,M05,1,11.01,10.7065429688,21
296,5cc22c63bfc2c970da060ca8,M06,1,13.91,13.8313913345,21
296,5cc22c63bfc2c970da060ca8,M07,1,16.45,16.3157329559,30
296,5cc22c63bfc2c970da060ca8,M08,1,20.91,20.8530025482,30
296,5cc22c63bfc2c970da060ca8,M09,1,19.85,19.8960342407,30
296,5cc22c63bfc2c970da060ca8,M10,1,22.01,21.774225235,30
296,5cc22c63bfc2c970da060ca8,M11,1,21.43,21.2005825043,30
296,5cc22c63bfc2c970da060ca8,M12,1,30.47,29.3196849823,45
296,5cc22c63bfc2c970da060ca8,M13,1,30.22,29.4914398193,60
296,5cc22c63bfc2c970da060ca8,M14,1,27.4,26.819524765,60
296,5cc22c63bfc2c970da060ca8,M15,1,31.59,29.8355560303,60
296,5cc22c63bfc2c970da060ca8,M16,1,59.11,59.341129303,100
296,5cc22c63bfc2c970da060ca8,M17,1,8.51,7.90106916428,14
296,5cc22c63bfc2c970da060ca8,M18,1,11.27,10.571890831,21
296,5cc22c63bfc2c970da060ca8,M19,1,9.11,9.97854328156,21
296,5cc22c63bfc2c970da060ca8,M20,1,11.78,12.2219228745,20
296,5cc22c63bfc2c970da060ca8,M21,1,8.58,9.57294559479,21
296,5cc22c63bfc2c970da060ca8,M22,1,20.46,22.7617740631,45
296,5cc22c63bfc2c970da060ca8,M23,1,16.59,20.1767673492,45
296,5cc22c63bfc2c970da060ca8,M24,1,26.25,23.2625675201,45
296,5cc22c63bfc2c970da060ca8,M25,1,14.6,14.5248537064,20
296,5cc22c63bfc2c970da060ca8,M26,1,13.54,13.3487052917,20
296,5cc22c63bfc2c970da060ca8,M27,1,17.51,18.3402271271,30
296,5cc22c63bfc2c970da060ca8,M28,1,16.28,16.501739502,30
296,5cc22c63bfc2c970da060ca8,M29,1,18.29,18.4433689117,30
296,5cc22c63bfc2c970da060ca8,M30,1,11.3,10.9649496078,21
297,a4d13ddf9429ac6f4154b0e3,M01,3,7.36,8.82444095612,10
297,a4d13ddf9429ac6f4154b0e3,M02,3,10.27,11.2496509552,15
297,a4d13ddf9429ac6f4154b0e3,M03,3,11.44,11.453042984,21
297,a4d13ddf9429ac6f4154b0e3,M04,3,10.49,11.1226434708,21
297,a4d13ddf9429ac6f4154b0e3,M05,3,10.63,11.1510696411,21
297,a4d13ddf9429ac6f4154b0e3,M06,3,14.26,14.2650442123,21
297,a4d13ddf9429ac6f4154b0e3,M07,3,15.71,16.7482414246,30
297,a4d13ddf9429ac6f4154b0e3,M08,3,20.16,21.7557983398,30
297,a4d13ddf9429ac6f4154b0e3,M09,3,18.79,20.7496299744,30
297,a4d13ddf9429ac6f4154b0e3,M10,3,21.74,22.6259708405,30
297,a4d13ddf9429ac6f4154b0e3,M11,3,20.99,21.9598255157,30
297,a4d13ddf9429ac6f4154b0e3,M12,3,29.16,30.5565509796,45
297,a4d13ddf9429ac6f4154b0e3,M13,3,29.53,30.6172943115,60
297,a4d13ddf9429ac6f4154b0e3,M14,3,26.81,27.6702079773,60
297,a4d13ddf9429ac6f4154b0e3,M15,3,30.64,30.9216976166,60
297,a4d13ddf9429ac6f4154b0e3,M16,3,58.36,60.9553031921,100
297,a4d13ddf9429ac6f4154b0e3,M17,3,8.26,8.43869495392,14
297,a4d13ddf9429ac6f4154b0e3,M18,3,11.56,11.0570631027,21
297,a4d13ddf9429ac6f4154b0e3,M19,3,9.17,10.5425424576,21
297,a4d13ddf9429ac6f4154b0e3,M20,3,13.71,12.7008991241,20
297,a4d13ddf9429ac6f4154b0e3,M21,3,9.85,10.0793972015,21
297,a4d13ddf9429ac6f4154b0e3,M22,3,25.62,23.8838863373,45
297,a4d13ddf9429ac6f4154b0e3,M23,3,20.33,21.0336093903,45
297,a4d13ddf9429ac6f4154b0e3,M24,3,20.89,24.330827713,45
297,a4d13ddf9429ac6f4154b0e3,M25,3,14.39,14.8349161148,20
297,a4d13ddf9429ac6f4154b0e3,M26,3,13.34,13.8012418747,20
297,a4d13ddf9429ac6f4154b0e3,M27,3,17.48,19.2331809998,30
297,a4d13ddf9429ac6f4154b0e3,M28,3,16,17.2467899323,30
297,a4d13ddf9429ac6f4154b0e3,M29,3,17.82,19.3618144989,30
297,a4d13ddf9429ac6f4154b0e3,M30,3,11.14,11.6204462051,21
300,98b5399112d2ffc2aa957c86,M01,3,8.08,9.33979320526,10
300,98b5399112d2ffc2aa957c86,M02,3,10.76,11.7723579407,15
300,98b5399112d2ffc2aa957c86,M03,3,12.31,12.2783975601,21
300,98b5399112d2ffc2aa957c86,M04,3,11.51,12.0082712173,21
300,98b5399112d2ffc2aa957c86,M05,3,11.66,12.0573377609,21
300,98b5399112d2ffc2aa957c86,M06,3,15.02,14.5279016495,21
300,98b5399112d2ffc2aa957c86,M07,3,17.21,17.2890014648,30
300,98b5399112d2ffc2aa957c86,M08,3,21.5,22.180311203,30
300,98b5399112d2ffc2aa957c86,M09,3,20.41,21.1854801178,30
300,98b5399112d2ffc2aa957c86,M10,3,23.01,23.0824623108,30
300,98b5399112d2ffc2aa957c86,M11,3,22.4,22.4652519226,30
300,98b5399112d2ffc2aa957c86,M12,3,31.43,33.2461204529,45
300,98b5399112d2ffc2aa957c86,M13,3,32.63,33.5557327271,60
300,98b5399112d2ffc2aa957c86,M14,3,29.36,31.232749939,60
300,98b5399112d2ffc2aa957c86,M15,3,33.34,33.7792282104,60
300,98b5399112d2ffc2aa957c86,M16,3,61.64,60.026222229,100
300,98b5399112d2ffc2aa957c86,M17,3,8.44,8.77438545227,14
300,98b5399112d2ffc2aa957c86,M18,3,11.93,11.9924249649,21
300,98b5399112d2ffc2aa957c86,M19,3,10.45,11.3173313141,21
300,98b5399112d2ffc2aa957c86,M20,3,12.59,12.8489589691,20
300,98b5399112d2ffc2aa957c86,M21,3,9.75,10.9350996017,21
300,98b5399112d2ffc2aa957c86,M22,3,24.73,27.2809677124,45
300,98b5399112d2ffc2aa957c86,M23,3,21.47,25.0548000336,45
300,98b5399112d2ffc2aa957c86,M24,3,25.42,27.6469955444,45
300,98b5399112d2ffc2aa957c86,M25,3,15.34,15.1160488129,20
300,98b5399112d2ffc2aa957c86,M26,3,14.11,14.01217556,20
300,98b5399112d2ffc2aa957c86,M27,3,19.05,19.3863945007,30
300,98b5399112d2ffc2aa957c86,M28,3,17.19,17.6214847565,30
300,98b5399112d2ffc2aa957c86,M29,3,19.1,19.4341144562,30
300,98b5399112d2ffc2aa957c86,M30,3,12.13,12.4458007812,21
301,a7efe2a12592b5fa953c9862,M01,0,7.44,7.6776061058,10
301,a7efe2a12592b5fa953c9862,M02,0,10.31,10.0017728806,15
301,a7efe2a12592b5fa953c9862,M03,0,11.53,10.2450771332,21
301,a7efe2a12592b5fa953c9862,M04,0,10.89,9.83096313477,21
301,a7efe2a12592b5fa953c9862,M05,0,10.89,9.90147972107,21
301,a7efe2a12592b5fa953c9862,M06,0,13.78,13.0783405304,21
301,a7efe2a12592b5fa953c9862,M07,0,16.42,15.7824010849,30
301,a7efe2a12592b5fa953c9862,M08,0,20.88,20.5747070312,30
301,a7efe2a12592b5fa953c9862,M09,0,19.83,19.5668487549,30
301,a7efe2a12592b5fa953c9862,M10,0,22.04,21.454875946,30
301,a7efe2a12592b5fa953c9862,M11,0,21.4,20.9502563477,30
301,a7efe2a12592b5fa953c9862,M12,0,30.48,28.9317779541,45
301,a7efe2a12592b5fa953c9862,M13,0,30.18,29.0825443268,60
301,a7efe2a12592b5fa953c9862,M14,0,27.49,26.1901493073,60
301,a7efe2a12592b5fa953c9862,M15,0,31.45,29.4232883453,60
301,a7efe2a12592b5fa953c9862,M16,0,59.09,59.3538856506,100
301,a7efe2a12592b5fa953c9862,M17,0,8.04,7.07758903503,14
301,a7efe2a12592b5fa953c9862,M18,0,11.25,9.77514076233,21
301,a7efe2a12592b5fa953c9862,M19,0,9.11,9.22085666656,21
301,a7efe2a12592b5fa953c9862,M20,0,13.98,11.5610198975,20
301,a7efe2a12592b5fa953c9862,M21,0,10.09,8.68972969055,21
301,a7efe2a12592b5fa953c9862,M22,0,26.12,22.1776485443,45
301,a7efe2a12592b5fa953c9862,M23,0,20.66,19.2719211578,45
301,a7efe2a12592b5fa953c9862,M24,0,23.45,22.4372997284,45
301,a7efe2a12592b5fa953c9862,M25,0,14.53,13.7738456726,20
301,a7efe2a12592b5fa953c9862,M26,0,13.52,12.7211828232,20
301,a7efe2a12592b5fa953c9862,M27,0,17.8,18.113697052,30
301,a7efe2a12592b5fa953c9862,M28,0,16.28,16.0172252655,30
301,a7efe2a12592b5fa953c9862,M29,0,18.17,18.2781467438,30
301,a7efe2a12592b5fa953c9862,M30,0,11.14,10.3540840149,21
302,0cbfc205af64784e06b727c4,M01,3,6.84,9.40278911591,10
302,0cbfc205af64784e06b727c4,M02,3,9.17,11.2329921722,15
302,0cbfc205af64784e06b727c4,M03,3,9.35,11.4928150177,21
302,0cbfc205af64784e06b727c4,M04,3,8.83,11.3066520691,21
302,0cbfc205af64784e06b727c4,M05,3,8.92,11.3557186127,21
302,0cbfc205af64784e06b727c4,M06,3,11.89,14.6986026764,21
302,0cbfc205af64784e06b727c4,M07,3,12.87,16.1942749023,30
302,0cbfc205af64784e06b727c4,M08,3,17.3,20.6524925232,30
302,0cbfc205af64784e06b727c4,M09,3,16.63,19.7191047668,30
302,0cbfc205af64784e06b727c4,M10,3,18.74,21.6739292145,30
302,0cbfc205af64784e06b727c4,M11,3,18.48,21.0213985443,30
302,0cbfc205af64784e06b727c4,M12,3,24.73,27.9358825684,45
302,0cbfc205af64784e06b727c4,M13,3,24.85,28.7738361359,60
302,0cbfc205af64784e06b727c4,M14,3,22.08,27.0310916901,60
302,0cbfc205af64784e06b727c4,M15,3,24.56,28.7185287476,60
302,0cbfc205af64784e06b727c4,M16,3,53.18,58.9233436584,100
302,0cbfc205af64784e06b727c4,M17,3,6.83,8.84408092499,14
302,0cbfc205af64784e06b727c4,M18,3,9.41,11.2617120743,21
302,0cbfc205af64784e06b727c4,M19,3,5.81,10.5977602005,21
302,0cbfc205af64784e06b727c4,M20,3,8.03,13.0784463882,20
302,0cbfc205af64784e06b727c4,M21,3,5.58,10.2994918823,21
302,0cbfc205af64784e06b727c4,M22,3,12.24,21.0148143768,45
302,0cbfc205af64784e06b727c4,M23,3,11.2,19.3178977966,45
302,0cbfc205af64784e06b727c4,M24,3,11.72,21.1020450592,45
302,0cbfc205af64784e06b727c4,M25,3,13.75,15.5729141235,20
302,0cbfc205af64784e06b727c4,M26,3,12.62,14.6756181717,20
302,0cbfc205af64784e06b727c4,M27,3,16.09,18.6044158936,30
302,0cbfc205af64784e06b727c4,M28,3,14.42,17.0997924805,30
302,0cbfc205af64784e06b727c4,M29,3,15.76,18.4631938934,30
302,0cbfc205af64784e06b727c4,M30,3,9.85,11.6602182388,21
303,fa4fe83161caa77335eb59e7,M01,4,7.67,9.40784454346,10
303,fa4fe83161caa77335eb59e7,M02,4,10.6,11.8252182007,15
303,fa4fe83161caa77335eb59e7,M03,4,12.26,12.6555128098,21
303,fa4fe83161caa77335eb59e7,M04,4,11.67,12.2757520676,21
303,fa4fe83161caa77335eb59e7,M05,4,11.57,12.3074073792,21
303,fa4fe83161caa77335eb59e7,M06,4,14.43,15.1399030685,21
303,fa4fe83161caa77335eb59e7,M07,4,17.3,18.0450325012,30
303,fa4fe83161caa77335eb59e7,M08,4,21.51,23.2901477814,30
303,fa4fe83161caa77335eb59e7,M09,4,20.71,22.2382011414,30
303,fa4fe83161caa77335eb59e7,M10,4,22.85,24.1631813049,30
303,fa4fe83161caa77335eb59e7,M11,4,22.21,23.5659751892,30
303,fa4fe83161caa77335eb59e7,M12,4,31.83,34.0419120789,45
303,fa4fe83161caa77335eb59e7,M13,4,31.94,34.2121696472,60
303,fa4fe83161caa77335eb59e7,M14,4,29.36,31.7280311584,60
303,fa4fe83161caa77335eb59e7,M15,4,33.08,34.5305480957,60
303,fa4fe83161caa77335eb59e7,M16,4,60.97,61.2751464844,100
303,fa4fe83161caa77335eb59e7,M17,4,8.46,9.04430103302,14
303,fa4fe83161caa77335eb59e7,M18,4,12.1,12.2609682083,21
303,fa4fe83161caa77335eb59e7,M19,4,9.29,11.6331958771,21
303,fa4fe83161caa77335eb59e7,M20,4,13.46,13.5206451416,20
303,fa4fe83161caa77335eb59e7,M21,4,9.9,11.2201757431,21
303,fa4fe83161caa77335eb59e7,M22,4,25.92,27.5246772766,45
303,fa4fe83161caa77335eb59e7,M23,4,20.55,25.0703830719,45
303,fa4fe83161caa77335eb59e7,M24,4,26.45,27.9645309448,45
303,fa4fe83161caa77335eb59e7,M25,4,14.89,15.8546495438,20
303,fa4fe83161caa77335eb59e7,M26,4,13.89,14.8436346054,20
303,fa4fe83161caa77335eb59e7,M27,4,18.55,20.2776603699,30
303,fa4fe83161caa77335eb59e7,M28,4,17.05,18.569814682,30
303,fa4fe83161caa77335eb59e7,M29,4,18.87,20.4342746735,30
303,fa4fe83161caa77335eb59e7,M30,4,11.89,12.6708812714,21
304,18c5d30cfe53fd9b8fe0bc36,M01,0,7.71,8.71854782104,10
304,18c5d30cfe53fd9b8fe0bc36,M02,0,10.37,10.9857635498,15
304,18c5d30cfe53fd9b8fe0bc36,M03,0,11.66,11.268034935,21
304,18c5d30cfe53fd9b8fe0bc36,M04,0,10.87,10.9247665405,21
304,18c5d30cfe53fd9b8fe0bc36,M05,0,10.78,10.9952831268,21
304,18c5d30cfe53fd9b8fe0bc36,M06,0,14.31,14.1779575348,21
304,18c5d30cfe53fd9b8fe0bc36,M07,0,16.33,16.8053627014,30
304,18c5d30cfe53fd9b8fe0bc36,M08,0,20.64,21.5976600647,30
304,18c5d30cfe53fd9b8fe0bc36,M09,0,19.58,20.6466598511,30
304,18c5d30cfe53fd9b8fe0bc36,M10,0,22.03,22.5447559357,30
304,18c5d30cfe53fd9b8fe0bc36,M11,0,21.07,22.0686092377,30
304,18c5d30cfe53fd9b8fe0bc36,M12,0,30.19,31.1906471252,45
304,18c5d30cfe53fd9b8fe0bc36,M13,0,31.25,31.6174430847,60
304,18c5d30cfe53fd9b8fe0bc36,M14,0,28.26,29.3864307404,60
304,18c5d30cfe53fd9b8fe0bc36,M15,0,31.16,31.6795406342,60
304,18c5d30cfe53fd9b8fe0bc36,M16,0,60.2,61.8175697327,100
304,18c5d30cfe53fd9b8fe0bc36,M17,0,8.08,8.12864303589,14
304,18c5d30cfe53fd9b8fe0bc36,M18,0,11.4,10.8843765259,21
304,18c5d30cfe53fd9b8fe0bc36,M19,0,9.56,9.90214729309,21
304,18c5d30cfe53fd9b8fe0bc36,M20,0,11.81,12.2461643219,20
304,18c5d30cfe53fd9b8fe0bc36,M21,0,9,9.42738056183,21
304,18c5d30cfe53fd9b8fe0bc36,M22,0,22.5,23.6543006897,45
304,18c5d30cfe53fd9b8fe0bc36,M23,0,19.6,21.430015564,45
304,18c5d30cfe53fd9b8fe0bc36,M24,0,22.77,23.6668605804,45
304,18c5d30cfe53fd9b8fe0bc36,M25,0,14.07,14.8589782715,20
304,18c5d30cfe53fd9b8fe0bc36,M26,0,12.87,14.1277503967,20
304,18c5d30cfe53fd9b8fe0bc36,M27,0,16.62,19.1988239288,30
304,18c5d30cfe53fd9b8fe0bc36,M28,0,14.88,17.7053909302,30
304,18c5d30cfe53fd9b8fe0bc36,M29,0,16.65,19.1408557892,30
304,18c5d30cfe53fd9b8fe0bc36,M30,0,10.3,11.3770418167,21
306,f295586a0be60255fdd0f3df,M01,0,7.75,7.50353765488,10
306,f295586a0be60255fdd0f3df,M02,0,10.8,9.78958511353,15
306,f295586a0be60255fdd0f3df,M03,0,12.17,10.0328893661,21
306,f295586a0be60255fdd0f3df,M04,0,11.78,9.67563343048,21
306,f295586a0be60255fdd0f3df,M05,0,11.5,9.74615001678,21
306,f295586a0be60255fdd0f3df,M06,0,14.46,12.9042692184,21
306,f295586a0be60255fdd0f3df,M07,0,17.38,15.5702123642,30
306,f295586a0be60255fdd0f3df,M08,0,21.54,20.3625240326,30
306,f295586a0be60255fdd0f3df,M09,0,20.75,19.411523819,30
306,f295586a0be60255fdd0f3df,M10,0,22.85,21.2850666046,30
306,f295586a0be60255fdd0f3df,M11,0,22.18,20.7949314117,30
306,f295586a0be60255fdd0f3df,M12,0,32.21,28.5683612823,45
306,f295586a0be60255fdd0f3df,M13,0,32.11,28.7572441101,60
306,f295586a0be60255fdd0f3df,M14,0,29.38,25.8835906982,60
306,f295586a0be60255fdd0f3df,M15,0,32.96,28.8221225739,60
306,f295586a0be60255fdd0f3df,M16,0,61.15,59.4193611145,100
306,f295586a0be60255fdd0f3df,M17,0,8.35,6.95217561722,14
306,f295586a0be60255fdd0f3df,M18,0,11.73,9.63524341583,21
306,f295586a0be60255fdd0f3df,M19,0,9.96,8.9611530304,21
306,f295586a0be60255fdd0f3df,M20,0,13.77,11.358174324,20
306,f295586a0be60255fdd0f3df,M21,0,10.73,8.47239875793,21
306,f295586a0be60255fdd0f3df,M22,0,26.52,21.7859191895,45
306,f295586a0be60255fdd0f3df,M23,0,23.45,18.8989334106,45
306,f295586a0be60255fdd0f3df,M24,0,27.37,21.7841892242,45
306,f295586a0be60255fdd0f3df,M25,0,14.76,13.5852890015,20
306,f295586a0be60255fdd0f3df,M26,0,13.72,12.5513677597,20
306,f295586a0be60255fdd0f3df,M27,0,18.27,17.9251461029,30
306,f295586a0be60255fdd0f3df,M28,0,16.72,15.8474140167,30
306,f295586a0be60255fdd0f3df,M29,0,18.63,17.8699588776,30
306,f295586a0be60255fdd0f3df,M30,0,11.42,10.1418962479,21
307,e6de4d7bee014e4d0e9cdaa1,M01,1,7.15,9.06503200531,10
307,e6de4d7bee014e4d0e9cdaa1,M02,1,9.65,11.5952472687,15
307,e6de4d7bee014e4d0e9cdaa1,M03,1,10.21,11.9419746399,21
307,e6de4d7bee014e4d0e9cdaa1,M04,1,9.53,11.6241798401,21
307,e6de4d7bee014e4d0e9cdaa1,M05,1,9.57,11.7237262726,21
307,e6de4d7bee014e4d0e9cdaa1,M06,1,12.73,14.920627594,21
307,e6de4d7bee014e4d0e9cdaa1,M07,1,14.16,17.5539093018,30
307,e6de4d7bee014e4d0e9cdaa1,M08,1,18.58,22.6547679901,30
307,e6de4d7bee014e4d0e9cdaa1,M09,1,17.62,21.6977996826,30
307,e6de4d7bee014e4d0e9cdaa1,M10,1,20.03,23.5759906769,30
307,e6de4d7bee014e4d0e9cdaa1,M11,1,19.41,23.0023479462,30
307,e6de4d7bee014e4d0e9cdaa1,M12,1,26.77,32.4011001587,45
307,e6de4d7bee014e4d0e9cdaa1,M13,1,26.98,32.8704071045,60
307,e6de4d7bee014e4d0e9cdaa1,M14,1,23.95,30.7924385071,60
307,e6de4d7bee014e4d0e9cdaa1,M15,1,26.96,33.0848274231,60
307,e6de4d7bee014e4d0e9cdaa1,M16,1,55.49,64.0688552856,100
307,e6de4d7bee014e4d0e9cdaa1,M17,1,7.31,8.70941829681,14
307,e6de4d7bee014e4d0e9cdaa1,M18,1,10.08,11.5890741348,21
307,e6de4d7bee014e4d0e9cdaa1,M19,1,8.23,10.9136571884,21
307,e6de4d7bee014e4d0e9cdaa1,M20,1,10.68,13.1685428619,20
307,e6de4d7bee014e4d0e9cdaa1,M21,1,7.97,10.5080595016,21
307,e6de4d7bee014e4d0e9cdaa1,M22,1,19.2,24.8475799561,45
307,e6de4d7bee014e4d0e9cdaa1,M23,1,16.59,22.7847480774,45
307,e6de4d7bee014e4d0e9cdaa1,M24,1,19.45,25.2186717987,45
307,e6de4d7bee014e4d0e9cdaa1,M25,1,14.07,15.6272878647,20
307,e6de4d7bee014e4d0e9cdaa1,M26,1,12.93,14.8111505508,20
307,e6de4d7bee014e4d0e9cdaa1,M27,1,16.68,19.7739753723,30
307,e6de4d7bee014e4d0e9cdaa1,M28,1,14.97,18.2881298065,30
307,e6de4d7bee014e4d0e9cdaa1,M29,1,16.48,19.7474155426,30
307,e6de4d7bee014e4d0e9cdaa1,M30,1,10.24,11.9953308105,21
309,fdc350f6670042f7c9d6d8fb,M01,0,7.56,6.0448050499,10
309,fdc350f6670042f7c9d6d8fb,M02,0,9.96,7.30373954773,15
309,fdc350f6670042f7c9d6d8fb,M03,0,10.7,7.5376086235,21
309,fdc350f6670042f7c9d6d8fb,M04,0,9.74,7.19433832169,21
309,fdc350f6670042f7c9d6d8fb,M05,0,9.85,7.26485490799,21
309,fdc350f6670042f7c9d6d8fb,M06,0,13.59,9.80250263214,21
309,fdc350f6670042f7c9d6d8fb,M07,0,14.81,9.87427997589,30
309,fdc350f6670042f7c9d6d8fb,M08,0,19.22,12.3341474533,30
309,fdc350f6670042f7c9d6d8fb,M09,0,17.88,11.44211483,30
309,fdc350f6670042f7c9d6d8fb,M10,0,20.72,13.3858194351,30
309,fdc350f6670042f7c9d6d8fb,M11,0,19.67,12.7566890717,30
309,fdc350f6670042f7c9d6d8fb,M12,0,27.73,16.3416042328,45
309,fdc350f6670042f7c9d6d8fb,M13,0,29.01,16.7454338074,60
309,fdc350f6670042f7c9d6d8fb,M14,0,25.7,14.5838127136,60
309,fdc350f6670042f7c9d6d8fb,M15,0,27.63,16.6856975555,60
309,fdc350f6670042f7c9d6d8fb,M16,0,57.77,33.3948898315,100
309,fdc350f6670042f7c9d6d8fb,M17,0,7.5,5.37091588974,14
309,fdc350f6670042f7c9d6d8fb,M18,0,10.31,7.15394735336,21
309,fdc350f6670042f7c9d6d8fb,M19,0,7.91,6.24388837814,21
309,fdc350f6670042f7c9d6d8fb,M20,0,10.31,8.11870956421,20
309,fdc350f6670042f7c9d6d8fb,M21,0,7.4,5.81152200699,21
309,fdc350f6670042f7c9d6d8fb,M22,0,17.87,12.18846035,45
309,fdc350f6670042f7c9d6d8fb,M23,0,15.26,10.0562725067,45
309,fdc350f6670042f7c9d6d8fb,M24,0,17.84,12.0455102921,45
309,fdc350f6670042f7c9d6d8fb,M25,0,14.63,10.8122663498,20
309,fdc350f6670042f7c9d6d8fb,M26,0,13.4,10.06681633,20
309,fdc350f6670042f7c9d6d8fb,M27,0,17.7,12.2049531937,30
309,fdc350f6670042f7c9d6d8fb,M28,0,15.82,10.7994918823,30
309,fdc350f6670042f7c9d6d8fb,M29,0,16.97,12.0289030075,30
309,fdc350f6670042f7c9d6d8fb,M30,0,10.75,7.64661550522,21
312,f6706e821cf953202aa4b547,M01,2,7.6,6.98959684372,10
312,f6706e821cf953202aa4b547,M02,2,10.35,8.69967269897,15
312,f6706e821cf953202aa4b547,M03,2,11.7,8.83559322357,21
312,f6706e821cf953202aa4b547,M04,2,10.63,8.59677219391,21
312,f6706e821cf953202aa4b547,M05,2,10.02,8.65352630615,21
312,f6706e821cf953202aa4b547,M06,2,14.16,11.9744415283,21
312,f6706e821cf953202aa4b547,M07,2,16.46,14.187166214,30
312,f6706e821cf953202aa4b547,M08,2,20.74,19.3701629639,30
312,f6706e821cf953202aa4b547,M09,2,19.27,18.2973232269,30
312,f6706e821cf953202aa4b547,M10,2,22.1,20.2428398132,30
312,f6706e821cf953202aa4b547,M11,2,20.09,19.6832942963,30
312,f6706e821cf953202aa4b547,M12,2,30.45,26.4526844025,45
312,f6706e821cf953202aa4b547,M13,2,31.01,26.5681972504,60
312,f6706e821cf953202aa4b547,M14,2,28.3,24.0222930908,60
312,f6706e821cf953202aa4b547,M15,2,31.41,26.5591926575,60
312,f6706e821cf953202aa4b547,M16,2,59.95,57.8853683472,100
312,f6706e821cf953202aa4b547,M17,2,8.23,6.37436580658,14
312,f6706e821cf953202aa4b547,M18,2,11.75,8.61903095245,21
312,f6706e821cf953202aa4b547,M19,2,9,7.26950931549,21
312,f6706e821cf953202aa4b547,M20,2,11.65,9.63360118866,20
312,f6706e821cf953202aa4b547,M21,2,8.63,6.89003324509,21
312,f6706e821cf953202aa4b547,M22,2,21.97,18.2145080566,45
312,f6706e821cf953202aa4b547,M23,2,19.17,15.7979240417,45
312,f6706e821cf953202aa4b547,M24,2,22.37,18.2197704315,45
312,f6706e821cf953202aa4b547,M25,2,12.66,12.9055051804,20
312,f6706e821cf953202aa4b547,M26,2,11.54,11.9546298981,20
312,f6706e821cf953202aa4b547,M27,2,13.85,16.8529510498,30
312,f6706e821cf953202aa4b547,M28,2,12.27,15.1401538849,30
312,f6706e821cf953202aa4b547,M29,2,13.75,16.7491455078,30
312,f6706e821cf953202aa4b547,M30,2,8.29,8.96935939789,21
313,38f5ab75bc43f62a70b6c62f,M01,4,7.84,9.65230751038,10
313,38f5ab75bc43f62a70b6c62f,M02,4,10.8,12.0696811676,15
313,38f5ab75bc43f62a70b6c62f,M03,4,12.7,12.8999757767,21
313,38f5ab75bc43f62a70b6c62f,M04,4,12.1,12.5202150345,21
313,38f5ab75bc43f62a70b6c62f,M05,4,12.03,12.5518703461,21
313,38f5ab75bc43f62a70b6c62f,M06,4,14.9,15.3388938904,21
313,38f5ab75bc43f62a70b6c62f,M07,4,17.99,18.2440376282,30
313,38f5ab75bc43f62a70b6c62f,M08,4,22.13,23.4891529083,30
313,38f5ab75bc43f62a70b6c62f,M09,4,21.31,22.4372062683,30
313,38f5ab75bc43f62a70b6c62f,M10,4,23.42,24.3621864319,30
313,38f5ab75bc43f62a70b6c62f,M11,4,22.83,23.7649803162,30
313,38f5ab75bc43f62a70b6c62f,M12,4,32.89,35.1691246033,45
313,38f5ab75bc43f62a70b6c62f,M13,4,33.34,35.3393821716,60
313,38f5ab75bc43f62a70b6c62f,M14,4,30.81,33.1320228577,60
313,38f5ab75bc43f62a70b6c62f,M15,4,34.41,35.6757888794,60
313,38f5ab75bc43f62a70b6c62f,M16,4,62.51,63.2329216003,100
313,38f5ab75bc43f62a70b6c62f,M17,4,8.68,9.4026927948,14
313,38f5ab75bc43f62a70b6c62f,M18,4,12.49,12.6193599701,21
313,38f5ab75bc43f62a70b6c62f,M19,4,9.95,12.2901830673,21
313,38f5ab75bc43f62a70b6c62f,M20,4,15.08,14.1321601868,20
313,38f5ab75bc43f62a70b6c62f,M21,4,10.86,11.8771629333,21
313,38f5ab75bc43f62a70b6c62f,M22,4,29.15,28.9797840118,45
313,38f5ab75bc43f62a70b6c62f,M23,4,22.76,26.7700538635,45
313,38f5ab75bc43f62a70b6c62f,M24,4,26.86,29.4196376801,45
313,38f5ab75bc43f62a70b6c62f,M25,4,15.16,16.0414581299,20
313,38f5ab75bc43f62a70b6c62f,M26,4,14.15,15.0029792786,20
313,38f5ab75bc43f62a70b6c62f,M27,4,19.12,20.4644737244,30
313,38f5ab75bc43f62a70b6c62f,M28,4,17.69,18.9737358093,30
313,38f5ab75bc43f62a70b6c62f,M29,4,19.39,20.6391143799,30
313,38f5ab75bc43f62a70b6c62f,M30,4,12.35,12.9031524658,21
314,ba56fb1d6cf7f9574ee506e9,M01,1,5.02,9.76922035217,10
314,ba56fb1d6cf7f9574ee506e9,M02,1,6.99,12.5371446609,15
314,ba56fb1d6cf7f9574ee506e9,M03,1,5.88,13.3604383469,21
314,ba56fb1d6cf7f9574ee506e9,M04,1,5.53,13.0299749374,21
314,ba56fb1d6cf7f9574ee506e9,M05,1,5.52,13.1295213699,21
314,ba56fb1d6cf7f9574ee506e9,M06,1,7.32,16.0431079865,21
314,ba56fb1d6cf7f9574ee506e9,M07,1,7.73,19.220500946,30
314,ba56fb1d6cf7f9574ee506e9,M08,1,11.67,24.6921787262,30
314,ba56fb1d6cf7f9574ee506e9,M09,1,11.08,23.7089061737,30
314,ba56fb1d6cf7f9574ee506e9,M10,1,12.9,25.613401413,30
314,ba56fb1d6cf7f9574ee506e9,M11,1,12.5,25.0270900726,30
314,ba56fb1d6cf7f9574ee506e9,M12,1,15.79,37.1309738159,45
314,ba56fb1d6cf7f9574ee506e9,M13,1,14.19,37.5455932617,60
314,ba56fb1d6cf7f9574ee506e9,M14,1,12.82,35.4930419922,60
314,ba56fb1d6cf7f9574ee506e9,M15,1,13.8,37.9023857117,60
314,ba56fb1d6cf7f9574ee506e9,M16,1,35,66.7532272339,100
314,ba56fb1d6cf7f9574ee506e9,M17,1,4.34,9.60648918152,14
314,ba56fb1d6cf7f9574ee506e9,M18,1,5.92,13.0887947083,21
314,ba56fb1d6cf7f9574ee506e9,M19,1,5.02,12.0669698715,21
314,ba56fb1d6cf7f9574ee506e9,M20,1,6.62,13.8743438721,20
314,ba56fb1d6cf7f9574ee506e9,M21,1,4.83,11.6301221848,21
314,ba56fb1d6cf7f9574ee506e9,M22,1,9.74,28.3862533569,45
314,ba56fb1d6cf7f9574ee506e9,M23,1,9.14,26.3839054108,45
314,ba56fb1d6cf7f9574ee506e9,M24,1,10.5,28.5370426178,45
314,ba56fb1d6cf7f9574ee506e9,M25,1,14.91,16.7420330048,20
314,ba56fb1d6cf7f9574ee506e9,M26,1,13.6,16.0826625824,20
314,ba56fb1d6cf7f9574ee506e9,M27,1,18.2,21.4574222565,30
314,ba56fb1d6cf7f9574ee506e9,M28,1,16.15,20.1579990387,30
314,ba56fb1d6cf7f9574ee506e9,M29,1,17.43,21.5469284058,30
314,ba56fb1d6cf7f9574ee506e9,M30,1,10.88,13.4694862366,21
316,7b5da74713d6434883aea4ee,M01,4,6.96,9.48819732666,10
316,7b5da74713d6434883aea4ee,M02,4,9.32,11.6811141968,15
316,7b5da74713d6434883aea4ee,M03,4,9.61,11.9702949524,21
316,7b5da74713d6434883aea4ee,M04,4,9.14,11.7467393875,21
316,7b5da74713d6434883aea4ee,M05,4,9.44,11.7783937454,21
316,7b5da74713d6434883aea4ee,M06,4,12.12,14.8750762939,21
316,7b5da74713d6434883aea4ee,M07,4,13.26,17.106306076,30
316,7b5da74713d6434883aea4ee,M08,4,17.7,22.0317726135,30
316,7b5da74713d6434883aea4ee,M09,4,17.11,21.0898532867,30
316,7b5da74713d6434883aea4ee,M10,4,19.11,22.9287586212,30
316,7b5da74713d6434883aea4ee,M11,4,19.13,22.4638023376,30
316,7b5da74713d6434883aea4ee,M12,4,25.42,30.700712204,45
316,7b5da74713d6434883aea4ee,M13,4,25.53,31.208688736,60
316,7b5da74713d6434883aea4ee,M14,4,22.71,29.2304534912,60
316,7b5da74713d6434883aea4ee,M15,4,25.41,31.0961036682,60
316,7b5da74713d6434883aea4ee,M16,4,53.99,59.0399055481,100
316,7b5da74713d6434883aea4ee,M17,4,6.93,9.04466342926,14
316,7b5da74713d6434883aea4ee,M18,4,9.55,11.5273141861,21
316,7b5da74713d6434883aea4ee,M19,4,6.9,10.6274728775,21
316,7b5da74713d6434883aea4ee,M20,4,8.58,12.9167346954,20
316,7b5da74713d6434883aea4ee,M21,4,6.11,10.1891212463,21
316,7b5da74713d6434883aea4ee,M22,4,13.48,23.409620285,45
316,7b5da74713d6434883aea4ee,M23,4,12.44,21.5591430664,45
316,7b5da74713d6434883aea4ee,M24,4,13.51,23.4487724304,45
316,7b5da74713d6434883aea4ee,M25,4,14.61,15.4370088577,20
316,7b5da74713d6434883aea4ee,M26,4,13.42,14.5190811157,20
316,7b5da74713d6434883aea4ee,M27,4,17.7,19.6859645844,30
316,7b5da74713d6434883aea4ee,M28,4,15.97,18.0868625641,30
316,7b5da74713d6434883aea4ee,M29,4,17.63,19.5634002686,30
316,7b5da74713d6434883aea4ee,M30,4,11.07,12.0006046295,21
317,31889a52aaae5d9d746527d9,M01,1,7.84,9.22525882721,10
317,31889a52aaae5d9d746527d9,M02,1,10.75,11.7279214859,15
317,31889a52aaae5d9d746527d9,M03,1,12.71,12.4257297516,21
317,31889a52aaae5d9d746527d9,M04,1,12.01,12.1079349518,21
317,31889a52aaae5d9d746527d9,M05,1,12.13,12.2074813843,21
317,31889a52aaae5d9d746527d9,M06,1,15.02,15.1226644516,21
317,31889a52aaae5d9d746527d9,M07,1,17.96,18.352142334,30
317,31889a52aaae5d9d746527d9,M08,1,22.14,23.2541980743,30
317,31889a52aaae5d9d746527d9,M09,1,21.34,22.2972297668,30
317,31889a52aaae5d9d746527d9,M10,1,23.51,24.1754207611,30
317,31889a52aaae5d9d746527d9,M11,1,22.87,23.6017780304,30
317,31889a52aaae5d9d746527d9,M12,1,32.87,34.2550964355,45
317,31889a52aaae5d9d746527d9,M13,1,33.37,34.6715393066,60
317,31889a52aaae5d9d746527d9,M14,1,30.81,32.2210159302,60
317,31889a52aaae5d9d746527d9,M15,1,34.52,35.015663147,60
317,31889a52aaae5d9d746527d9,M16,1,62.51,64.5508499146,100
317,31889a52aaae5d9d746527d9,M17,1,8.87,8.86053180695,14
317,31889a52aaae5d9d746527d9,M18,1,12.44,12.0728292465,21
317,31889a52aaae5d9d746527d9,M19,1,9.81,11.4254550934,21
317,31889a52aaae5d9d746527d9,M20,1,13.67,13.6527242661,20
317,31889a52aaae5d9d746527d9,M21,1,10.16,11.0198574066,21
317,31889a52aaae5d9d746527d9,M22,1,25.55,27.0275936127,45
317,31889a52aaae5d9d746527d9,M23,1,20.4,24.5922393799,45
317,31889a52aaae5d9d746527d9,M24,1,21.72,27.5283870697,45
317,31889a52aaae5d9d746527d9,M25,1,15.21,15.7775382996,20
317,31889a52aaae5d9d746527d9,M26,1,14.19,14.751042366,20
317,31889a52aaae5d9d746527d9,M27,1,19.17,20.359041214,30
317,31889a52aaae5d9d746527d9,M28,1,17.7,18.6702060699,30
317,31889a52aaae5d9d746527d9,M29,1,19.48,20.4621829987,30
317,31889a52aaae5d9d746527d9,M30,1,12.28,12.5198144913,21
320,ef8a15c0d2220d2839b1ab33,M01,1,7.97,9.41529750824,10
320,ef8a15c0d2220d2839b1ab33,M02,1,10.96,11.8873682022,15
320,ef8a15c0d2220d2839b1ab33,M03,1,13.09,12.9125089645,21
320,ef8a15c0d2220d2839b1ab33,M04,1,12.48,12.5947141647,21
320,ef8a15c0d2220d2839b1ab33,M05,1,12.44,12.6942605972,21
320,ef8a15c0d2220d2839b1ab33,M06,1,15.3,15.3997926712,21
320,ef8a15c0d2220d2839b1ab33,M07,1,18.6,18.6292705536,30
320,ef8a15c0d2220d2839b1ab33,M08,1,22.66,23.5370941162,30
320,ef8a15c0d2220d2839b1ab33,M09,1,21.84,22.5801258087,30
320,ef8a15c0d2220d2839b1ab33,M10,1,23.92,24.458316803,30
320,ef8a15c0d2220d2839b1ab33,M11,1,23.34,23.8846740723,30
320,ef8a15c0d2220d2839b1ab33,M12,1,33.83,35.5474662781,45
320,ef8a15c0d2220d2839b1ab33,M13,1,34.57,35.9639091492,60
320,ef8a15c0d2220d2839b1ab33,M14,1,32.17,33.754032135,60
320,ef8a15c0d2220d2839b1ab33,M15,1,35.54,36.3080329895,60
320,ef8a15c0d2220d2839b1ab33,M16,1,63.83,64.8195953369,100
320,ef8a15c0d2220d2839b1ab33,M17,1,8.86,9.28484153748,14
320,ef8a15c0d2220d2839b1ab33,M18,1,12.83,12.692574501,21
320,ef8a15c0d2220d2839b1ab33,M19,1,10.6,12.4517831802,21
320,ef8a15c0d2220d2839b1ab33,M20,1,16.7,14.4694013596,20
320,ef8a15c0d2220d2839b1ab33,M21,1,11.78,12.0461854935,21
320,ef8a15c0d2220d2839b1ab33,M22,1,33.42,29.3878231049,45
320,ef8a15c0d2220d2839b1ab33,M23,1,25.19,27.193113327,45
320,ef8a15c0d2220d2839b1ab33,M24,1,33.65,29.7431163788,45
320,ef8a15c0d2220d2839b1ab33,M25,1,15.41,16.0007381439,20
320,ef8a15c0d2220d2839b1ab33,M26,1,14.4,15.1580648422,20
320,ef8a15c0d2220d2839b1ab33,M27,1,19.64,20.5853538513,30
320,ef8a15c0d2220d2839b1ab33,M28,1,18.24,19.1371631622,30
320,ef8a15c0d2220d2839b1ab33,M29,1,19.84,20.688495636,30
320,ef8a15c0d2220d2839b1ab33,M30,1,12.77,12.9526672363,21
321,1380bc3c592cb520da597f09,M01,0,8.85,9.95929908752,10
321,1380bc3c592cb520da597f09,M02,0,11.53,12.456952095,15
321,1380bc3c592cb520da597f09,M03,0,13.96,13.0839471817,21
321,1380bc3c592cb520da597f09,M04,0,13.05,12.6983060837,21
321,1380bc3c592cb520da597f09,M05,0,13.33,12.76882267,21
321,1380bc3c592cb520da597f09,M06,0,16.77,15.6883134842,21
321,1380bc3c592cb520da597f09,M07,0,19.83,18.5173339844,30
321,1380bc3c592cb520da597f09,M08,0,23.83,23.7430610657,30
321,1380bc3c592cb520da597f09,M09,0,22.61,22.7496871948,30
321,1380bc3c592cb520da597f09,M10,0,25.24,24.6477832794,30
321,1380bc3c592cb520da597f09,M11,0,24.52,24.1716365814,30
321,1380bc3c592cb520da597f09,M12,0,35.64,36.0884666443,45
321,1380bc3c592cb520da597f09,M13,0,37.86,36.4916191101,60
321,1380bc3c592cb520da597f09,M14,0,35.35,34.8518257141,60
321,1380bc3c592cb520da597f09,M15,0,38.02,36.7793426514,60
321,1380bc3c592cb520da597f09,M16,0,67.31,64.8872756958,100
321,1380bc3c592cb520da597f09,M17,0,9.26,9.61317825317,14
321,1380bc3c592cb520da597f09,M18,0,13.32,12.8697481155,21
321,1380bc3c592cb520da597f09,M19,0,12.75,12.3704948425,21
321,1380bc3c592cb520da597f09,M20,0,10.68,14.5201044083,20
321,1380bc3c592cb520da597f09,M21,0,12.01,11.8533554077,21
321,1380bc3c592cb520da597f09,M22,0,30.84,29.6815223694,45
321,1380bc3c592cb520da597f09,M23,0,27.45,28.0484638214,45
321,1380bc3c592cb520da597f09,M24,0,31.15,29.9026317596,45
321,1380bc3c592cb520da597f09,M25,0,16.49,16.2743587494,20
321,1380bc3c592cb520da597f09,M26,0,15.32,15.4609289169,20
321,1380bc3c592cb520da597f09,M27,0,21.41,21.1530056,30
321,1380bc3c592cb520da597f09,M28,0,19.86,19.9950313568,30
321,1380bc3c592cb520da597f09,M29,0,21.19,21.2789134979,30
321,1380bc3c592cb520da597f09,M30,0,14.01,13.1929540634,21
322,14812f6f91f22e7ecc6c321a,M01,3,6.54,5.3433508873,10
322,14812f6f91f22e7ecc6c321a,M02,3,8.91,6.60453987122,15
322,14812f6f91f22e7ecc6c321a,M03,3,8.79,6.82437801361,21
322,14812f6f91f22e7ecc6c321a,M04,3,8.08,6.6351017952,21
322,14812f6f91f22e7ecc6c321a,M05,3,8.01,6.68416833878,21
322,14812f6f91f22e7ecc6c321a,M06,3,10.99,8.8919172287,21
322,14812f6f91f22e7ecc6c321a,M07,3,12.04,8.92890644073,30
322,14812f6f91f22e7ecc6c321a,M08,3,16.53,11.5557813644,30
322,14812f6f91f22e7ecc6c321a,M09,3,15.51,10.7651176453,30
322,14812f6f91f22e7ecc6c321a,M10,3,17.9,12.6506881714,30
322,14812f6f91f22e7ecc6c321a,M11,3,17.18,11.8964338303,30
322,14812f6f91f22e7ecc6c321a,M12,3,23.47,16.0649299622,45
322,14812f6f91f22e7ecc6c321a,M13,3,22.53,16.6666908264,60
322,14812f6f91f22e7ecc6c321a,M14,3,19.55,14.7662830353,60
322,14812f6f91f22e7ecc6c321a,M15,3,22.54,16.572095871,60
322,14812f6f91f22e7ecc6c321a,M16,3,50.5,30.5225791931,100
322,14812f6f91f22e7ecc6c321a,M17,3,6.37,4.63629961014,14
322,14812f6f91f22e7ecc6c321a,M18,3,8.73,6.5330529213,21
322,14812f6f91f22e7ecc6c321a,M19,3,5.38,5.60583496094,21
322,14812f6f91f22e7ecc6c321a,M20,3,7.74,6.92104244232,20
322,14812f6f91f22e7ecc6c321a,M21,3,5.28,5.38014125824,21
322,14812f6f91f22e7ecc6c321a,M22,3,11.66,11.1015291214,45
322,14812f6f91f22e7ecc6c321a,M23,3,10.39,9.26591682434,45
322,14812f6f91f22e7ecc6c321a,M24,3,11.4,11.110666275,45
322,14812f6f91f22e7ecc6c321a,M25,3,13.07,10.0448665619,20
322,14812f6f91f22e7ecc6c321a,M26,3,11.89,9.42605781555,20
322,14812f6f91f22e7ecc6c321a,M27,3,14.66,11.6838130951,30
322,14812f6f91f22e7ecc6c321a,M28,3,12.93,10.470041275,30
322,14812f6f91f22e7ecc6c321a,M29,3,14.42,11.3803691864,30
322,14812f6f91f22e7ecc6c321a,M30,3,8.82,7.00444221497,21
323,0875c4610309c2d8522eaa6d,M01,0,7.85,8.93229007721,10
323,0875c4610309c2d8522eaa6d,M02,0,10.48,11.3321714401,15
323,0875c4610309c2d8522eaa6d,M03,0,11.81,11.6144428253,21
323,0875c4610309c2d8522eaa6d,M04,0,10.91,11.2288017273,21
323,0875c4610309c2d8522eaa6d,M05,0,11.11,11.2993183136,21
323,0875c4610309c2d8522eaa6d,M06,0,14.52,14.5665769577,21
323,0875c4610309c2d8522eaa6d,M07,0,16.49,17.2176208496,30
323,0875c4610309c2d8522eaa6d,M08,0,20.8,22.0099182129,30
323,0875c4610309c2d8522eaa6d,M09,0,19.58,21.016544342,30
323,0875c4610309c2d8522eaa6d,M10,0,22.3,22.9146404266,30
323,0875c4610309c2d8522eaa6d,M11,0,21.59,22.4384937286,30
323,0875c4610309c2d8522eaa6d,M12,0,30.35,31.4686412811,45
323,0875c4610309c2d8522eaa6d,M13,0,31.5,31.871805191,60
323,0875c4610309c2d8522eaa6d,M14,0,28.36,29.4538726807,60
323,0875c4610309c2d8522eaa6d,M15,0,31.69,32.1595497131,60
323,0875c4610309c2d8522eaa6d,M16,0,60.44,63.5364723206,100
323,0875c4610309c2d8522eaa6d,M17,0,8.12,8.41913986206,14
323,0875c4610309c2d8522eaa6d,M18,0,11.37,11.2839078903,21
323,0875c4610309c2d8522eaa6d,M19,0,9.97,10.6535215378,21
323,0875c4610309c2d8522eaa6d,M20,0,12.16,13.0740127563,20
323,0875c4610309c2d8522eaa6d,M21,0,9.38,10.136382103,21
323,0875c4610309c2d8522eaa6d,M22,0,23.71,24.3249015808,45
323,0875c4610309c2d8522eaa6d,M23,0,20.64,21.9136962891,45
323,0875c4610309c2d8522eaa6d,M24,0,24.06,24.6723937988,45
323,0875c4610309c2d8522eaa6d,M25,0,15.15,15.2475967407,20
323,0875c4610309c2d8522eaa6d,M26,0,13.96,14.3000116348,20
323,0875c4610309c2d8522eaa6d,M27,0,18.78,19.5874500275,30
323,0875c4610309c2d8522eaa6d,M28,0,17.02,17.8299942017,30
323,0875c4610309c2d8522eaa6d,M29,0,18.66,19.7133579254,30
323,0875c4610309c2d8522eaa6d,M30,0,11.84,11.723449707,21
325,b8393da9715f408e65c6f2e3,M01,0,8.1,9.80820465088,10
325,b8393da9715f408e65c6f2e3,M02,0,11.11,12.1968231201,15
325,b8393da9715f408e65c6f2e3,M03,0,13.43,13.6176891327,21
325,b8393da9715f408e65c6f2e3,M04,0,12.79,13.2320480347,21
325,b8393da9715f408e65c6f2e3,M05,0,12.8,13.302564621,21
325,b8393da9715f408e65c6f2e3,M06,0,15.66,16.2358760834,21
325,b8393da9715f408e65c6f2e3,M07,0,19.12,18.9852352142,30
325,b8393da9715f408e65c6f2e3,M08,0,23.12,24.2109622955,30
325,b8393da9715f408e65c6f2e3,M09,0,22.28,23.2635536194,30
325,b8393da9715f408e65c6f2e3,M10,0,24.35,25.1156845093,30
325,b8393da9715f408e65c6f2e3,M11,0,23.79,24.6395378113,30
325,b8393da9715f408e65c6f2e3,M12,0,34.63,36.5439453125,45
325,b8393da9715f408e65c6f2e3,M13,0,35.64,37.3420791626,60
325,b8393da9715f408e65c6f2e3,M14,0,33.33,36.4111175537,60
325,b8393da9715f408e65c6f2e3,M15,0,36.52,37.5908737183,60
325,b8393da9715f408e65c6f2e3,M16,0,64.96,66.1847000122,100
325,b8393da9715f408e65c6f2e3,M17,0,9.03,9.50804901123,14
325,b8393da9715f408e65c6f2e3,M18,0,13.12,13.4034900665,21
325,b8393da9715f408e65c6f2e3,M19,0,11.22,12.9553194046,21
325,b8393da9715f408e65c6f2e3,M20,0,17.89,14.9667806625,20
325,b8393da9715f408e65c6f2e3,M21,0,12.73,12.4841451645,21
325,b8393da9715f408e65c6f2e3,M22,0,37.83,30.7247390747,45
325,b8393da9715f408e65c6f2e3,M23,0,27.5,29.7804412842,45
325,b8393da9715f408e65c6f2e3,M24,0,38.24,30.9069213867,45
325,b8393da9715f408e65c6f2e3,M25,0,15.63,16.5862407684,20
325,b8393da9715f408e65c6f2e3,M26,0,14.6,15.8314352036,20
325,b8393da9715f408e65c6f2e3,M27,0,20.08,21.7005577087,30
325,b8393da9715f408e65c6f2e3,M28,0,18.7,20.4556083679,30
325,b8393da9715f408e65c6f2e3,M29,0,20.23,21.7875385284,30
325,b8393da9715f408e65c6f2e3,M30,0,13.13,13.7266960144,21
326,9140024943d858a024a6c938,M01,4,7.75,8.93332290649,10
326,9140024943d858a024a6c938,M02,4,10.31,11.1262397766,15
326,9140024943d858a024a6c938,M03,4,11.54,11.4154205322,21
326,9140024943d858a024a6c938,M04,4,10.66,11.1918649673,21
326,9140024943d858a024a6c938,M05,4,10.84,11.2235193253,21
326,9140024943d858a024a6c938,M06,4,14.32,14.2464332581,21
326,9140024943d858a024a6c938,M07,4,16.17,16.4776611328,30
326,9140024943d858a024a6c938,M08,4,20.48,21.4031276703,30
326,9140024943d858a024a6c938,M09,4,19.29,20.4612083435,30
326,9140024943d858a024a6c938,M10,4,21.89,22.300113678,30
326,9140024943d858a024a6c938,M11,4,21.07,21.8351573944,30
326,9140024943d858a024a6c938,M12,4,29.98,29.8852329254,45
326,9140024943d858a024a6c938,M13,4,31.36,30.3932094574,60
326,9140024943d858a024a6c938,M14,4,28.46,28.600725174,60
326,9140024943d858a024a6c938,M15,4,30.72,30.2806243896,60
326,9140024943d858a024a6c938,M16,4,60.34,57.6342964172,100
326,9140024943d858a024a6c938,M17,4,7.97,8.48978900909,14
326,9140024943d858a024a6c938,M18,4,11.15,10.9724397659,21
326,9140024943d858a024a6c938,M19,4,8.72,10.0725984573,21
326,9140024943d858a024a6c938,M20,4,11.03,12.2880916595,20
326,9140024943d858a024a6c938,M21,4,8.18,9.63424682617,21
326,9140024943d858a024a6c938,M22,4,20.14,22.5941410065,45
326,9140024943d858a024a6c938,M23,4,17.5,20.9294147491,45
326,9140024943d858a024a6c938,M24,4,20.22,22.6332931519,45
326,9140024943d858a024a6c938,M25,4,14.99,14.8083658218,20
326,9140024943d858a024a6c938,M26,4,13.86,13.9225349426,20
326,9140024943d858a024a6c938,M27,4,18.57,19.0573196411,30
326,9140024943d858a024a6c938,M28,4,16.9,17.57513237,30
326,9140024943d858a024a6c938,M29,4,18.14,18.9347553253,30
326,9140024943d858a024a6c938,M30,4,11.6,11.4457302094,21
328,f23a727fbe1c6f18cb88859c,M01,1,6.54,6.15395212173,10
328,f23a727fbe1c6f18cb88859c,M02,1,8.7,7.53783607483,15
328,f23a727fbe1c6f18cb88859c,M03,1,8.42,7.7020406723,21
328,f23a727fbe1c6f18cb88859c,M04,1,7.97,7.43292999268,21
328,f23a727fbe1c6f18cb88859c,M05,1,7.96,7.5324754715,21
328,f23a727fbe1c6f18cb88859c,M06,1,10.86,10.1156139374,21
328,f23a727fbe1c6f18cb88859c,M07,1,11.42,10.5203504562,30
328,f23a727fbe1c6f18cb88859c,M08,1,15.78,13.4164199829,30
328,f23a727fbe1c6f18cb88859c,M09,1,15.18,12.5590839386,30
328,f23a727fbe1c6f18cb88859c,M10,1,17.29,14.5784769058,30
328,f23a727fbe1c6f18cb88859c,M11,1,17,13.8126840591,30
328,f23a727fbe1c6f18cb88859c,M12,1,22.11,19.3421039581,45
328,f23a727fbe1c6f18cb88859c,M13,1,21.93,19.4353408813,60
328,f23a727fbe1c6f18cb88859c,M14,1,19.32,17.3805828094,60
328,f23a727fbe1c6f18cb88859c,M15,1,21.59,19.5001754761,60
328,f23a727fbe1c6f18cb88859c,M16,1,49.67,41.1255836487,100
328,f23a727fbe1c6f18cb88859c,M17,1,6.34,5.64481639862,14
328,f23a727fbe1c6f18cb88859c,M18,1,8.54,7.47304439545,21
328,f23a727fbe1c6f18cb88859c,M19,1,5.51,6.35749912262,21
328,f23a727fbe1c6f18cb88859c,M20,1,7.68,8.08675956726,20
328,f23a727fbe1c6f18cb88859c,M21,1,5.35,6.12365150452,21
328,f23a727fbe1c6f18cb88859c,M22,1,11.56,12.371134758,45
328,f23a727fbe1c6f18cb88859c,M23,1,10.65,10.43354702,45
328,f23a727fbe1c6f18cb88859c,M24,1,11.16,12.4522447586,45
328,f23a727fbe1c6f18cb88859c,M25,1,13.62,11.4382009506,20
328,f23a727fbe1c6f18cb88859c,M26,1,12.43,10.6856813431,20
328,f23a727fbe1c6f18cb88859c,M27,1,15.73,13.0988044739,30
328,f23a727fbe1c6f18cb88859c,M28,1,13.93,11.7375497818,30
328,f23a727fbe1c6f18cb88859c,M29,1,15.04,12.9742259979,30
328,f23a727fbe1c6f18cb88859c,M30,1,9.25,8.04536342621,21
330,941763538c16ab57ad9d0f47,M01,4,5.56,6.72249507904,10
330,941763538c16ab57ad9d0f47,M02,4,7.49,8.32300758362,15
330,941763538c16ab57ad9d0f47,M03,4,6.54,8.50014019012,21
330,941763538c16ab57ad9d0f47,M04,4,6.35,8.31276893616,21
330,941763538c16ab57ad9d0f47,M05,4,6.3,8.34442329407,21
330,941763538c16ab57ad9d0f47,M06,4,8.44,11.372964859,21
330,941763538c16ab57ad9d0f47,M07,4,8.67,11.5665216446,30
330,941763538c16ab57ad9d0f47,M08,4,12.67,15.3414144516,30
330,941763538c16ab57ad9d0f47,M09,4,12.47,14.5257301331,30
330,941763538c16ab57ad9d0f47,M10,4,14.1,16.396686554,30
330,941763538c16ab57ad9d0f47,M11,4,14.08,15.78561306,30
330,941763538c16ab57ad9d0f47,M12,4,17.14,22.2608242035,45
330,941763538c16ab57ad9d0f47,M13,4,16.12,22.7773284912,60
330,941763538c16ab57ad9d0f47,M14,4,14.14,20.5295410156,60
330,941763538c16ab57ad9d0f47,M15,4,15.83,22.610534668,60
330,941763538c16ab57ad9d0f47,M16,4,38.91,48.2876205444,100
330,941763538c16ab57ad9d0f47,M17,4,5.13,6.24311494827,14
330,941763538c16ab57ad9d0f47,M18,4,6.89,8.10928535461,21
330,941763538c16ab57ad9d0f47,M19,4,4.91,7.3910908699,21
330,941763538c16ab57ad9d0f47,M20,4,6.51,9.70125961304,20
330,941763538c16ab57ad9d0f47,M21,4,4.82,7.03245782852,21
330,941763538c16ab57ad9d0f47,M22,4,9.57,15.3179216385,45
330,941763538c16ab57ad9d0f47,M23,4,8.75,13.1085796356,45
330,941763538c16ab57ad9d0f47,M24,4,9.67,15.3208837509,45
330,941763538c16ab57ad9d0f47,M25,4,13.46,12.2464485168,20
330,941763538c16ab57ad9d0f47,M26,4,12.34,11.4919309616,20
330,941763538c16ab57ad9d0f47,M27,4,15.67,14.1211967468,30
330,941763538c16ab57ad9d0f47,M28,4,13.9,12.6335306168,30
330,941763538c16ab57ad9d0f47,M29,4,14.58,13.9444179535,30
330,941763538c16ab57ad9d0f47,M30,4,8.88,8.61901378632,21
331,acb7f133587b4d087f763ec9,M01,1,8.98,8.8195142746,10
331,acb7f133587b4d087f763ec9,M02,1,12.49,11.0283975601,15
331,acb7f133587b4d087f763ec9,M03,1,15.08,11.6511173248,21
331,acb7f133587b4d087f763ec9,M04,1,13.74,11.3827896118,21
331,acb7f133587b4d087f763ec9,M05,1,14.12,11.4823360443,21
331,acb7f133587b4d087f763ec9,M06,1,18.93,14.0635528564,21
331,acb7f133587b4d087f763ec9,M07,1,21.43,16.885766983,30
331,acb7f133587b4d087f763ec9,M08,1,25.43,21.504781723,30
331,acb7f133587b4d087f763ec9,M09,1,23.34,20.5836448669,30
331,acb7f133587b4d087f763ec9,M10,1,26.93,22.4466934204,30
331,acb7f133587b4d087f763ec9,M11,1,25.8,21.9018287659,30
331,acb7f133587b4d087f763ec9,M12,1,36.72,31.8235664368,45
331,acb7f133587b4d087f763ec9,M13,1,38.35,31.9923210144,60
331,acb7f133587b4d087f763ec9,M14,1,35.83,29.9748096466,60
331,acb7f133587b4d087f763ec9,M15,1,37.64,32.1572608948,60
331,acb7f133587b4d087f763ec9,M16,1,67.88,58.2456359863,100
331,acb7f133587b4d087f763ec9,M17,1,10.21,8.42697715759,14
331,acb7f133587b4d087f763ec9,M18,1,13.95,11.3160142899,21
331,acb7f133587b4d087f763ec9,M19,1,15.64,9.94112873077,21
331,acb7f133587b4d087f763ec9,M20,1,14.56,11.9951152802,20
331,acb7f133587b4d087f763ec9,M21,1,13.39,9.57378768921,21
331,acb7f133587b4d087f763ec9,M22,1,31.47,22.9825668335,45
331,acb7f133587b4d087f763ec9,M23,1,27.73,20.9801979065,45
331,acb7f133587b4d087f763ec9,M24,1,31.16,23.1284656525,45
331,acb7f133587b4d087f763ec9,M25,1,15.85,15.1233711243,20
331,acb7f133587b4d087f763ec9,M26,1,14.72,14.2801733017,20
331,acb7f133587b4d087f763ec9,M27,1,20.27,19.0548629761,30
331,acb7f133587b4d087f763ec9,M28,1,18.72,17.628824234,30
331,acb7f133587b4d087f763ec9,M29,1,19.94,18.9939785004,30
331,acb7f133587b4d087f763ec9,M30,1,15.28,12.1079425812,21
332,a8fee72d826a954e87bca6f7,M01,3,8.37,9.12223243713,10
332,a8fee72d826a954e87bca6f7,M02,3,11.52,11.6960773468,15
332,a8fee72d826a954e87bca6f7,M03,3,13.86,13.3553314209,21
332,a8fee72d826a954e87bca6f7,M04,3,12.83,13.0909414291,21
332,a8fee72d826a954e87bca6f7,M05,3,13.15,13.1514844894,21
332,a8fee72d826a954e87bca6f7,M06,3,16.71,16.1320705414,21
332,a8fee72d826a954e87bca6f7,M07,3,19.45,18.7965545654,30
332,a8fee72d826a954e87bca6f7,M08,3,23.63,23.5766716003,30
332,a8fee72d826a954e87bca6f7,M09,3,22.43,22.6365127563,30
332,a8fee72d826a954e87bca6f7,M10,3,25.15,24.5437374115,30
332,a8fee72d826a954e87bca6f7,M11,3,24.52,23.9224624634,30
332,a8fee72d826a954e87bca6f7,M12,3,35.96,35.3063545227,45
332,a8fee72d826a954e87bca6f7,M13,3,37.38,36.8484230042,60
332,a8fee72d826a954e87bca6f7,M14,3,35.22,35.1590538025,60
332,a8fee72d826a954e87bca6f7,M15,3,38.07,36.9404563904,60
332,a8fee72d826a954e87bca6f7,M16,3,66.88,65.5262451172,100
332,a8fee72d826a954e87bca6f7,M17,3,8.92,8.90081596375,14
332,a8fee72d826a954e87bca6f7,M18,3,13.12,13.0676937103,21
332,a8fee72d826a954e87bca6f7,M19,3,12.34,12.8592271805,21
332,a8fee72d826a954e87bca6f7,M20,3,14.69,14.7594251633,20
332,a8fee72d826a954e87bca6f7,M21,3,14.25,12.4282073975,21
332,a8fee72d826a954e87bca6f7,M22,3,29.4,30.7792129517,45
332,a8fee72d826a954e87bca6f7,M23,3,33.45,29.1866436005,45
332,a8fee72d826a954e87bca6f7,M24,3,30.56,30.8618183136,45
332,a8fee72d826a954e87bca6f7,M25,3,16,16.2932415009,20
332,a8fee72d826a954e87bca6f7,M26,3,14.98,15.4747133255,20
332,a8fee72d826a954e87bca6f7,M27,3,20.81,21.3716907501,30
332,a8fee72d826a954e87bca6f7,M28,3,19.48,20.1746139526,30
332,a8fee72d826a954e87bca6f7,M29,3,20.83,21.3333301544,30
332,a8fee72d826a954e87bca6f7,M30,3,13.53,13.5227336884,21
333,14b53177e66a60df70f283c4,M01,3,7.04,7.0637845993,10
333,14b53177e66a60df70f283c4,M02,3,9.76,8.56547641754,15
333,14b53177e66a60df70f283c4,M03,3,10.47,8.98751354218,21
333,14b53177e66a60df70f283c4,M04,3,9.98,8.79823684692,21
333,14b53177e66a60df70f283c4,M05,3,9.28,8.8473033905,21
333,14b53177e66a60df70f283c4,M06,3,12.62,11.8535337448,21
333,14b53177e66a60df70f283c4,M07,3,14.59,12.1367845535,30
333,14b53177e66a60df70f283c4,M08,3,19.01,16.1138114929,30
333,14b53177e66a60df70f283c4,M09,3,18.08,15.2525558472,30
333,14b53177e66a60df70f283c4,M10,3,20.34,17.2087268829,30
333,14b53177e66a60df70f283c4,M11,3,19.03,16.4544620514,30
333,14b53177e66a60df70f283c4,M12,3,27.6,21.7829837799,45
333,14b53177e66a60df70f283c4,M13,3,27,22.4940834045,60
333,14b53177e66a60df70f283c4,M14,3,24.22,20.3158512115,60
333,14b53177e66a60df70f283c4,M15,3,27.64,22.3432312012,60
333,14b53177e66a60df70f283c4,M16,3,55.63,40.421962738,100
333,14b53177e66a60df70f283c4,M17,3,7.56,6.28934717178,14
333,14b53177e66a60df70f283c4,M18,3,10.68,8.66709327698,21
333,14b53177e66a60df70f283c4,M19,3,5.89,7.76809453964,21
333,14b53177e66a60df70f283c4,M20,3,8.99,9.62474346161,20
333,14b53177e66a60df70f283c4,M21,3,6.18,7.48926973343,21
333,14b53177e66a60df70f283c4,M22,3,14.19,15.6464252472,45
333,14b53177e66a60df70f283c4,M23,3,12.59,13.5329866409,45
333,14b53177e66a60df70f283c4,M24,3,14.09,15.6906471252,45
333,14b53177e66a60df70f283c4,M25,3,12.75,12.59715271,20
333,14b53177e66a60df70f283c4,M26,3,11.62,12.0292682648,20
333,14b53177e66a60df70f283c4,M27,3,13.97,14.6601324081,30
333,14b53177e66a60df70f283c4,M28,3,12.4,13.4199056625,30
333,14b53177e66a60df70f283c4,M29,3,13.86,14.3917713165,30
333,14b53177e66a60df70f283c4,M30,3,8.38,9.11356925964,21
336,9a7a2dc286dfaeb87974f4bc,M01,4,5.79,8.47771930695,10
336,9a7a2dc286dfaeb87974f4bc,M02,4,7.86,10.1958637238,15
336,9a7a2dc286dfaeb87974f4bc,M03,4,7.1,10.3430194855,21
336,9a7a2dc286dfaeb87974f4bc,M04,4,6.84,10.1194639206,21
336,9a7a2dc286dfaeb87974f4bc,M05,4,6.89,10.1511182785,21
336,9a7a2dc286dfaeb87974f4bc,M06,4,9.15,13.5823516846,21
336,9a7a2dc286dfaeb87974f4bc,M07,4,9.55,14.9487352371,30
336,9a7a2dc286dfaeb87974f4bc,M08,4,13.9,19.3402996063,30
336,9a7a2dc286dfaeb87974f4bc,M09,4,13.61,18.4259757996,30
336,9a7a2dc286dfaeb87974f4bc,M10,4,15.24,20.3955726624,30
336,9a7a2dc286dfaeb87974f4bc,M11,4,15.22,19.7483024597,30
336,9a7a2dc286dfaeb87974f4bc,M12,4,19.35,27.3480072021,45
336,9a7a2dc286dfaeb87974f4bc,M13,4,18.28,27.8319568634,60
336,9a7a2dc286dfaeb87974f4bc,M14,4,16.47,25.7161941528,60
336,9a7a2dc286dfaeb87974f4bc,M15,4,17.8,27.7193717957,60
336,9a7a2dc286dfaeb87974f4bc,M16,4,45,58.8228225708,100
336,9a7a2dc286dfaeb87974f4bc,M17,4,5.57,7.95672225952,14
336,9a7a2dc286dfaeb87974f4bc,M18,4,7.42,9.90003871918,21
336,9a7a2dc286dfaeb87974f4bc,M19,4,5.12,9.00019741058,21
336,9a7a2dc286dfaeb87974f4bc,M20,4,7.09,11.5396909714,20
336,9a7a2dc286dfaeb87974f4bc,M21,4,5.03,8.58944129944,21
336,9a7a2dc286dfaeb87974f4bc,M22,4,10.55,19.2541027069,45
336,9a7a2dc286dfaeb87974f4bc,M23,4,9.98,17.1703586578,45
336,9a7a2dc286dfaeb87974f4bc,M24,4,10.5,19.2932548523,45
336,9a7a2dc286dfaeb87974f4bc,M25,4,13.57,14.3549604416,20
336,9a7a2dc286dfaeb87974f4bc,M26,4,12.54,13.5449428558,20
336,9a7a2dc286dfaeb87974f4bc,M27,4,15.91,17.1771526337,30
336,9a7a2dc286dfaeb87974f4bc,M28,4,14.36,15.7188024521,30
336,9a7a2dc286dfaeb87974f4bc,M29,4,15.31,17.0545883179,30
336,9a7a2dc286dfaeb87974f4bc,M30,4,9.32,10.3733291626,21
337,7774acbf550d6a1275a6d824,M01,3,8.7,8.91998577118,10
337,7774acbf550d6a1275a6d824,M02,3,11.67,11.4938306808,15
337,7774acbf550d6a1275a6d824,M03,3,14.42,13.1530847549,21
337,7774acbf550d6a1275a6d824,M04,3,13.21,12.8886947632,21
337,7774acbf550d6a1275a6d824,M05,3,13.67,12.9492378235,21
337,7774acbf550d6a1275a6d824,M06,3,17.25,15.9298124313,21
337,7774acbf550d6a1275a6d824,M07,3,20.32,18.5943031311,30
337,7774acbf550d6a1275a6d824,M08,3,24.17,23.374420166,30
337,7774acbf550d6a1275a6d824,M09,3,23.01,22.434261322,30
337,7774acbf550d6a1275a6d824,M10,3,25.74,24.3414897919,30
337,7774acbf550d6a1275a6d824,M11,3,25.14,23.7202110291,30
337,7774acbf550d6a1275a6d824,M12,3,37.13,35.1041069031,45
337,7774acbf550d6a1275a6d824,M13,3,38.8,36.6461753845,60
337,7774acbf550d6a1275a6d824,M14,3,36.75,34.9568061829,60
337,7774acbf550d6a1275a6d824,M15,3,39.24,36.7382087708,60
337,7774acbf550d6a1275a6d824,M16,3,68.44,65.3239974976,100
337,7774acbf550d6a1275a6d824,M17,3,8.87,8.69856929779,14
337,7774acbf550d6a1275a6d824,M18,3,13.53,12.8654470444,21
337,7774acbf550d6a1275a6d824,M19,3,13.24,12.6569805145,21
337,7774acbf550d6a1275a6d824,M20,3,15.19,14.5571784973,20
337,7774acbf550d6a1275a6d824,M21,3,11.78,12.2259607315,21
337,7774acbf550d6a1275a6d824,M22,3,30.57,30.5769615173,45
337,7774acbf550d6a1275a6d824,M23,3,34.81,28.9843959808,45
337,7774acbf550d6a1275a6d824,M24,3,31.27,30.6595668793,45
337,7774acbf550d6a1275a6d824,M25,3,16.34,16.0909919739,20
337,7774acbf550d6a1275a6d824,M26,3,15.32,15.2724666595,20
337,7774acbf550d6a1275a6d824,M27,3,21.46,21.1694431305,30
337,7774acbf550d6a1275a6d824,M28,3,20.12,19.9723625183,30
337,7774acbf550d6a1275a6d824,M29,3,21.3,21.1310825348,30
337,7774acbf550d6a1275a6d824,M30,3,13.08,13.3204870224,21
338,670fa9eb64d871d2ddb202e3,M01,2,6.41,9.3013010025,10
338,670fa9eb64d871d2ddb202e3,M02,2,8.6,10.7711544037,15
338,670fa9eb64d871d2ddb202e3,M03,2,8.32,10.9449872971,21
338,670fa9eb64d871d2ddb202e3,M04,2,7.81,10.7170734406,21
338,670fa9eb64d871d2ddb202e3,M05,2,7.99,10.7738275528,21
338,670fa9eb64d871d2ddb202e3,M06,2,10.73,13.7039690018,21
338,670fa9eb64d871d2ddb202e3,M07,2,11.39,15.9842653275,30
338,670fa9eb64d871d2ddb202e3,M08,2,15.85,20.4418430328,30
338,670fa9eb64d871d2ddb202e3,M09,2,15.16,19.5154743195,30
338,670fa9eb64d871d2ddb202e3,M10,2,17.21,21.4422187805,30
338,670fa9eb64d871d2ddb202e3,M11,2,16.92,20.7230548859,30
338,670fa9eb64d871d2ddb202e3,M12,2,22.28,29.03647995,45
338,670fa9eb64d871d2ddb202e3,M13,2,22.06,29.1344203949,60
338,670fa9eb64d871d2ddb202e3,M14,2,19.62,27.0202274323,60
338,670fa9eb64d871d2ddb202e3,M15,2,21.33,29.1140193939,60
338,670fa9eb64d871d2ddb202e3,M16,2,50.1,51.5012283325,100
338,670fa9eb64d871d2ddb202e3,M17,2,6.24,8.6242275238,14
338,670fa9eb64d871d2ddb202e3,M18,2,8.37,10.6123743057,21
338,670fa9eb64d871d2ddb202e3,M19,2,5.66,9.41320228577,21
338,670fa9eb64d871d2ddb202e3,M20,2,7.96,11.5193119049,20
338,670fa9eb64d871d2ddb202e3,M21,2,5.45,9.08678913116,21
338,670fa9eb64d871d2ddb202e3,M22,2,12.06,20.4967880249,45
338,670fa9eb64d871d2ddb202e3,M23,2,11.07,18.5666828156,45
338,670fa9eb64d871d2ddb202e3,M24,2,11.47,20.490655899,45
338,670fa9eb64d871d2ddb202e3,M25,2,14.16,14.879529953,20
338,670fa9eb64d871d2ddb202e3,M26,2,13,14.3847208023,20
338,670fa9eb64d871d2ddb202e3,M27,2,16.95,17.8340587616,30
338,670fa9eb64d871d2ddb202e3,M28,2,15.24,16.7606658936,30
338,670fa9eb64d871d2ddb202e3,M29,2,16.48,17.6195583344,30
338,670fa9eb64d871d2ddb202e3,M30,2,10.21,11.223947525,21
339,93316b96717ed8f0b461c8fc,M01,2,9.32,9.85750484467,10
339,93316b96717ed8f0b461c8fc,M02,2,11.81,12.3641700745,15
339,93316b96717ed8f0b461c8fc,M03,2,14.34,13.1044340134,21
339,93316b96717ed8f0b461c8fc,M04,2,13.34,12.8260059357,21
339,93316b96717ed8f0b461c8fc,M05,2,13.67,12.8827600479,21
339,93316b96717ed8f0b461c8fc,M06,2,17.36,15.9149017334,21
339,93316b96717ed8f0b461c8fc,M07,2,20.41,18.7178878784,30
339,93316b96717ed8f0b461c8fc,M08,2,24.37,24.09167099,30
339,93316b96717ed8f0b461c8fc,M09,2,23.14,23.0312404633,30
339,93316b96717ed8f0b461c8fc,M10,2,25.79,24.878156662,30
339,93316b96717ed8f0b461c8fc,M11,2,25,24.3456249237,30
339,93316b96717ed8f0b461c8fc,M12,2,36.48,37.352481842,45
339,93316b96717ed8f0b461c8fc,M13,2,39.32,37.8888435364,60
339,93316b96717ed8f0b461c8fc,M14,2,36.79,36.8686065674,60
339,93316b96717ed8f0b461c8fc,M15,2,39.1,38.2184677124,60
339,93316b96717ed8f0b461c8fc,M16,2,68.91,66.0193557739,100
339,93316b96717ed8f0b461c8fc,M17,2,9.47,9.58349514008,14
339,93316b96717ed8f0b461c8fc,M18,2,13.57,13.0221405029,21
339,93316b96717ed8f0b461c8fc,M19,2,13.37,12.6967258453,21
339,93316b96717ed8f0b461c8fc,M20,2,14.87,14.6671447754,20
339,93316b96717ed8f0b461c8fc,M21,2,12.22,12.2797985077,21
339,93316b96717ed8f0b461c8fc,M22,2,32.95,30.8758659363,45
339,93316b96717ed8f0b461c8fc,M23,2,29.86,29.9640750885,45
339,93316b96717ed8f0b461c8fc,M24,2,33.15,30.9158420563,45
339,93316b96717ed8f0b461c8fc,M25,2,17.03,16.649553299,20
339,93316b96717ed8f0b461c8fc,M26,2,15.72,15.8749637604,20
339,93316b96717ed8f0b461c8fc,M27,2,22.11,21.1488723755,30
339,93316b96717ed8f0b461c8fc,M28,2,20.51,20.5326766968,30
339,93316b96717ed8f0b461c8fc,M29,2,21.63,21.2656059265,30
339,93316b96717ed8f0b461c8fc,M30,2,14.39,13.2382001877,21
340,252e47c2ee331e80cc378cb2,M01,1,9.64,6.06556606293,10
340,252e47c2ee331e80cc378cb2,M02,1,12.68,7.46551179886,15
340,252e47c2ee331e80cc378cb2,M03,1,15.13,7.31104373932,21
340,252e47c2ee331e80cc378cb2,M04,1,14.16,7.04193115234,21
340,252e47c2ee331e80cc378cb2,M05,1,14.35,7.14147806168,21
340,252e47c2ee331e80cc378cb2,M06,1,19.17,10.027215004,21
340,252e47c2ee331e80cc378cb2,M07,1,21.63,10.163690567,30
340,252e47c2ee331e80cc378cb2,M08,1,24.32,13.5799570084,30
340,252e47c2ee331e80cc378cb2,M09,1,24.13,12.7226219177,30
340,252e47c2ee331e80cc378cb2,M10,1,26.84,14.7420139313,30
340,252e47c2ee331e80cc378cb2,M11,1,25.97,13.9762210846,30
340,252e47c2ee331e80cc378cb2,M12,1,39.23,19.5976219177,45
340,252e47c2ee331e80cc378cb2,M13,1,42.86,19.0249862671,60
340,252e47c2ee331e80cc378cb2,M14,1,40.69,17.0994567871,60
340,252e47c2ee331e80cc378cb2,M15,1,40.83,19.2585830688,60
340,252e47c2ee331e80cc378cb2,M16,1,72.65,41.2120704651,100
340,252e47c2ee331e80cc378cb2,M17,1,9.88,5.55642938614,14
340,252e47c2ee331e80cc378cb2,M18,1,14.13,7.01520586014,21
340,252e47c2ee331e80cc378cb2,M19,1,14.54,6.13323259354,21
340,252e47c2ee331e80cc378cb2,M20,1,17.21,7.95168972015,20
340,252e47c2ee331e80cc378cb2,M21,1,14.38,5.78917598724,21
340,252e47c2ee331e80cc378cb2,M22,1,39.38,12.1331262589,45
340,252e47c2ee331e80cc378cb2,M23,1,34.68,10.2405843735,45
340,252e47c2ee331e80cc378cb2,M24,1,37.81,12.3756256104,45
340,252e47c2ee331e80cc378cb2,M25,1,19.07,11.2811059952,20
340,252e47c2ee331e80cc378cb2,M26,1,17.16,10.5313491821,20
340,252e47c2ee331e80cc378cb2,M27,1,24.4,12.9417095184,30
340,252e47c2ee331e80cc378cb2,M28,1,22.49,11.5832176208,30
340,252e47c2ee331e80cc378cb2,M29,1,22.39,12.8663063049,30
340,252e47c2ee331e80cc378cb2,M30,1,15.24,7.65250921249,21
341,fd86179619e5229f724d31d3,M01,2,4.2,11.4639339447,10
341,fd86179619e5229f724d31d3,M02,2,5.62,12.5817623138,15
341,fd86179619e5229f724d31d3,M03,2,5.03,13.4100704193,21
341,fd86179619e5229f724d31d3,M04,2,4.86,13.0241117477,21
341,fd86179619e5229f724d31d3,M05,2,4.58,13.1572942734,21
341,fd86179619e5229f724d31d3,M06,2,6.47,16.5998649597,21
341,fd86179619e5229f724d31d3,M07,2,6.11,17.5500488281,30
341,fd86179619e5229f724d31d3,M08,2,7.75,22.7706737518,30
341,fd86179619e5229f724d31d3,M09,2,6.88,21.5862293243,30
341,fd86179619e5229f724d31d3,M10,2,8.73,23.703332901,30
341,fd86179619e5229f724d31d3,M11,2,8.42,23.0730800629,30
341,fd86179619e5229f724d31d3,M12,2,8.76,33.9339256287,45
341,fd86179619e5229f724d31d3,M13,2,9.48,34.0130844116,60
341,fd86179619e5229f724d31d3,M14,2,7.85,32.1480140686,60
341,fd86179619e5229f724d31d3,M15,2,8.95,34.1022033691,60
341,fd86179619e5229f724d31d3,M16,2,19.62,62.7040977478,100
341,fd86179619e5229f724d31d3,M17,2,2.89,10.6229095459,14
341,fd86179619e5229f724d31d3,M18,2,5.14,13.0303239822,21
341,fd86179619e5229f724d31d3,M19,2,4.27,12.3909368515,21
341,fd86179619e5229f724d31d3,M20,2,5.35,13.3868522644,20
341,fd86179619e5229f724d31d3,M21,2,4.37,11.4837656021,21
341,fd86179619e5229f724d31d3,M22,2,7.3,25.7360744476,45
341,fd86179619e5229f724d31d3,M23,2,6.29,24.0003376007,45
341,fd86179619e5229f724d31d3,M24,2,6.95,25.768743515,45
341,fd86179619e5229f724d31d3,M25,2,8.2,18.8994884491,20
341,fd86179619e5229f724d31d3,M26,2,6.98,18.3830623627,20
341,fd86179619e5229f724d31d3,M27,2,7.86,23.598279953,30
341,fd86179619e5229f724d31d3,M28,2,6.89,22.6976127625,30
341,fd86179619e5229f724d31d3,M29,2,7.36,23.3632850647,30
341,fd86179619e5229f724d31d3,M30,2,5.03,15.0097293854,21
342,6b29c617174b313bf63cc277,M01,2,3.81,9.09585762024,10
342,6b29c617174b313bf63cc277,M02,2,4.94,10.102388382,15
342,6b29c617174b313bf63cc277,M03,2,4.28,10.822634697,21
342,6b29c617174b313bf63cc277,M04,2,4.21,10.4175806046,21
342,6b29c617174b313bf63cc277,M05,2,4.06,10.5507631302,21
342,6b29c617174b313bf63cc277,M06,2,5.57,12.5052528381,21
342,6b29c617174b313bf63cc277,M07,2,5.05,12.6455059052,30
342,6b29c617174b313bf63cc277,M08,2,6.39,16.8424415588,30
342,6b29c617174b313bf63cc277,M09,2,5.92,15.7089548111,30
342,6b29c617174b313bf63cc277,M10,2,7.47,17.922372818,30
342,6b29c617174b313bf63cc277,M11,2,6.86,17.1024971008,30
342,6b29c617174b313bf63cc277,M12,2,7.5,26.6444549561,45
342,6b29c617174b313bf63cc277,M13,2,7.22,26.6004981995,60
342,6b29c617174b313bf63cc277,M14,2,5.86,24.9155483246,60
342,6b29c617174b313bf63cc277,M15,2,6.67,26.7087039948,60
342,6b29c617174b313bf63cc277,M16,2,12.97,42.1465187073,100
342,6b29c617174b313bf63cc277,M17,2,2.32,8.26402568817,14
342,6b29c617174b313bf63cc277,M18,2,4.62,10.4551391602,21
342,6b29c617174b313bf63cc277,M19,2,4.12,9.84377765656,21
342,6b29c617174b313bf63cc277,M20,2,4.76,9.77257061005,20
342,6b29c617174b313bf63cc277,M21,2,4.16,8.92643547058,21
342,6b29c617174b313bf63cc277,M22,2,6.55,19.9564571381,45
342,6b29c617174b313bf63cc277,M23,2,5.67,18.420539856,45
342,6b29c617174b313bf63cc277,M24,2,6.1,20.00822258,45
342,6b29c617174b313bf63cc277,M25,2,7.65,14.8530273438,20
342,6b29c617174b313bf63cc277,M26,2,6.62,14.2863082886,20
342,6b29c617174b313bf63cc277,M27,2,7.57,18.1880168915,30
342,6b29c617174b313bf63cc277,M28,2,6.58,17.5526542664,30
342,6b29c617174b313bf63cc277,M29,2,7.1,17.9239635468,30
342,6b29c617174b313bf63cc277,M30,2,4.94,12.422293663,21
